deployer,n_launches
0x792dd4c93cfa919e141e6a0be37360373633cdad,1752
0x96bb3da8c202cd35eb280ca191a9dcf1d316c27f,1751
0x7de5b9c86d2b47607a2962043bb165f7befeb06b,1748
0x7d22d3dd32f00848a54ebe00c00a9082a18d4e66,1747
0xa60e892ab5fbf4754e3052b7643e48a1bd6b3065,924
0x5af2f44ef5714233890efca9c350514749e2b72b,823
0x3001012f02c9bbde1a4caf41040120ee6746f194,488
0x777a1e72cb4bc15cd171eb8a5584599d71ae72ff,487
0xa219966bd6217c06d13e5788386fed7e0ac77575,481
0x1a9b2965c9c741fbddeeb944b307b2904be5ccf0,409
0x1527bbacf6ad55237dff4905c3997ce6aaec7d55,405
0x9ba8485097a6341905ff3458555ac1a3dca3079a,340
0x9361c7533216ca1d5ebe22a6b89351beb94a0357,308
0xe3c1fb149f6061605f82a2509cf1d6141af32c3b,298
0x251d3bd92a7ea899156b90ac2250b891d758255f,297
0x39296166c0dcc770f30745dd2253c9b73dc1ec4a,241
0x36cf37c0bdf51299a59c376790a360b2db66fdc0,229
0x1787d68e76ffcf39fb89e70a44daa07ecc511294,213
0x31049544eddbef8502419e232ef58b27a02487ff,205
0xcaefbb5e99d0c48a7aa49936662b174a3c2ead61,200
0x9e8477412ba258e0aff78b1a8590b1926dd92931,178
0xc14a2637f27ca988633d58154cf4b35389f86700,178
0x38f4fa33cf8292c3671f3bab1aa4d2cfff14f108,164
0xabe688d9e463887c24464a70ec399205e82612f6,150
0xecb429d40bde67bac0f3c8806e5a0f402134eb72,142
0xff39c17ec51a3c94411012314c90d572c6077312,138
0xa2db7ad227c2a3341097872388d76f8a39703ab8,125
0xfd54b63d0ea8f96a3a04af315c13c6b8488b5303,122
0x6a2953b9d68ed5921aa5873a97c9367bec3b16d6,106
0x61ec2b48f59a0192b87605ea84a2f4476bd4b40b,104
0x6c8ab6bd67d4df8d131e952edcb00b7e77183b60,98
0x821544d298d60a668e486ddf1a7c1e0e767da128,97
0xfe71ac916eba9789f0c2c130d01f83b7baaae3ec,91
0xb7371d40f06cfd8d224822ffb83ff97c1f6ab541,87
0x0c2b7db125d18cb7a47a7fcee5c6f822d8db0b6a,86
0x5956aff95112bfbd3426a91cb8c6fef7b3c2dd32,84
0x943084cd1199ed74f8431589b0198316fdb396f0,83
0xdf2237114d595e0bf4d35cbcdebcdf43c55c4669,83
0xdfe781868f58901c45c9507cc776be8c2f1c18dd,83
0xad1944ae1bd76c8ae7f86500cf35fe73f080e65f,83
0x8375a690ecf4f96252bf682b4673181347be31c1,78
0xeaee48a727cd34a3b8c639bae643122e8900c8f2,78
0xd502b167f08f055df72b0d10ee68830275b46b5c,78
0xa3a09f087bbd954b57296dbcde917972f620ca7d,77
0x1e660a9a1f1f08afef9c03c96d66260122464cf2,77
0x598a19901beae94a32cc0fde590cd188d2a5f092,77
0x06175ac032e7f432014e08a0f503d2c24d6bc2ea,76
0x7fd09f95024e764b451a3dec10b76ffa3fb6e783,73
0x0cfaa33eb4e786fca04b55e717ea9bdb291c62c6,68
0xbab4a698efca46794668f74b019aea2a30329d39,67
0xc2af01082f571c3f5eb1edb3fdc66df07d842740,67
0x8d6886a44ffd48052f70a6bd63a9f32e11608aa2,66
0xf6d85d5d248b7e4ca02941b5c5a10055aaf398d9,62
0x072e4e8a0e3463b00bf93f69a34db4874030819c,59
0x04aa91cfffb6eab19f666b3a392993a35c15333e,58
0xc30c98ee21e59832d34bf36c4a4f48587a299b06,57
0x115feb49f3945343f905a41c1b4ca579cc0d6c74,52
0xd58bfe242c88dfe06a1926e484a32364762fe8a2,52
0xb7faece3935eb274f520b54c0cf0f4fc774f2591,52
0xe1ac2d5200333b9b01602726d3172832aaaaaa8a,50
0x1ada6dd6158073f1600b045c46b9bf4ccbd43d6a,47
0x57bd22202e8449659fe5e9227ba4be37be7a2191,46
0x197190b58f31584549b8e1dccb82dc57409c01c3,46
0xd9448ddcd3e3c6a48988d291859666167e825114,46
0x7eaf232fff53499fd3ead3c93924671b149e4837,45
0xd33f85cbe18464f566077b1274443a57550d4550,44
0x54632df3db2f9203caeffe46dd9ae9360b1eb200,44
0xa66256d906453a2834f652ea5ae50309ae918cec,42
0x8638dfb6bf3d8f81f9302092a1378d9581a091a9,40
0x90bd9fb7d3078cb9cabf642798830696bfe51de5,39
0x9153153e7902335afa15ea97fa0ea90f9e4054c5,39
0xd404e0485e39d3a76e1ac4761db37d3bddc68e73,38
0x9a54ae20147f08933ec040cf2690d72521cf6106,38
0xc04ea15987abc4749996d35ed70e8d0ed3a57796,38
0xe30efce95130cadf06ba15e08be85b150a77b7da,37
0x51a5a060d31849ba4b1370cde1d781539b2a3e99,37
0x704549c285539172bd3df414d72f4a1af0991b3d,35
0x196da7b62b807e76a00496ff0a4e7e3c30dde4cb,35
0x34d8500d7e90f32907969f80a543e4aeb8779f28,35
0x83d502fe05a870c429023a3443ab6ed5fd336e20,33
0x3bd648b7b51daf370ba23952d036dc4b368967ed,33
0x808cc34f778ec3980e0ab88ba65b35dc78ca5000,33
0xcc9f449645f4e928f6082edff45552e75d2b4d42,32
0xd448be80794302566bfe6a2ee139c4b3dfc191b9,32
0xa130a8b7afabb0cf44db4a9c7b82d8cb9e4a6b53,31
0x06ff0a45a3ccb1c898520c9c2788f85456ad313e,31
0x97e5e829532374c295f21cc981ea64050d6a679e,30
0x2c8be3dc9a9de433ac042fce0fc5aedea1d0fd11,30
0x030178473555b7b65cc74cd4b6612e3e976845db,30
0x81628cf1df88ff696667c4125d6d0a9b3b3047bb,29
0x1c5f853b13ceaaa224e7595c2c74491aafefa2cf,29
0x83bbadce8d64334ad0d51cc0bfa8fc2cb96c786f,28
0xf1fb40a49e8ea8b90a45e28e8a0d7f71a4dcc129,28
0x0c2d5632f1fe7645104c8bc9ef5e553a417149ab,27
0xaceed767ee688818226c2dac83f3d7d76590e226,27
0xe0cfa6a4b899db18037cb590ecafe1dc0f6631b9,27
0xb271531534806619232b08edd38d9396eee7bdbf,27
0x3d8a81e0373da15e7603c1f825d3651119c13318,27
0xd016e4c082a3fb781a8c4be5111a91196a7b6987,26
0x10bdb7d8bc56ada8ef207590158d4ada183334f0,26
0xca54e6a963015c8e14a868c137f6156e4b06b016,26
0xcbfbba8bdea4e6d2e6e76470cc160f86aca13bfb,26
0x734c43662965cbe62c8680b0dcda933ff8a5af25,26
0xc8d92a8eed96072a086dee2903ed48119850b2c6,26
0xe6abb12c2b76128ded32c4cde7d9d639aa96672e,26
0x6d4406f26f0f95ce608386e5b452cdda46d9ef4f,25
0x930698f378445388a135670f5dce471f04394597,25
0xdd6c7f890e0a1ce98927fb60433a43a53150b9b8,25
0x89b8775c3eaeba409bf726799aa16134fd139bbe,25
0x945009d034d35523151f7a399a13eb6e054ea932,25
0x6cf9cec0d090c437887da305903c4ba3dff84d9c,24
0x6935fba4b933fce02d30f344cbd0841efa3342d6,24
0xce28324fbecb4cf6384a1e60d617f758f1f39006,24
0xf07bdf85b5c6326f3331c179743f21439ce50a2c,24
0x7f065824efc9363d88705f3817b1394636e1c411,24
0xa4f75a09ed1c7eb70e78f97fb8b2838f3d3fcc93,24
0x9bbe4bf42ba4770b231483499aec16b66399c58b,24
0x85ac9749895031afd58aaa3d9343ed8027f87acd,24
0xa5e6fc5b1d87042a99a48b205dfc1bd3da045975,24
0xf9bffa5b8732248da3e2228557444499d4d30c80,24
0x6b0edd1c0f8238f4fa372ae5179ffa02cdb05ce1,24
0x664d9aec7b2bf1c37b184f0c198a8a6e85592823,24
0xa5c646566dc3d28e785704a6e6ef769b2cbbe268,23
0x41861a607fe6553d09bd185d2322939c3d5cf9b5,23
0x68d1a4f5b0fe50072b5b887b68787cd06d25f129,23
0xc2b52aed55a39ca8c92dbb436abf8450e0a2b7a3,23
0x7fac0dedac4a8a265888fe6f9bb6dd5ed459435e,23
0x140d3776997811805b44a83a62e112107797f000,23
0xb923b8275f4ae65a280836211732dc961c414196,22
0x23ef0a53b94960c29e74f7a7197c9d8e16a74731,22
0x2da97cfa1904409aa99535ddd1ddad457e5632cc,22
0xf94ebf72c7335fae118c43387c34bc8c783d2e10,22
0x7979d4242a43124c19d3cff56c75ae70ea3b5900,22
0xdf4c6df37c37cd93001964d5827a3d234e7b3aaa,22
0xccb9d692f9ca8d6069573054e41661a57e0a3963,21
0x147fc5ee41f3c98d46fe190098b4fc28b66d3018,21
0x9f677f45629028efd6b4725dd9ddae7b06e65a20,21
0x9fea7a4bc442d76009d5295b6f6fbc0eeb76cbd5,21
0xf4feb9ba65d7920d1630ac4d222246505f46ca7f,21
0xa935f7d1bd8546e44614b057d3e40dde700bea67,21
0xfba6a744be28e3f70c228609c67e73aa2d696a2e,21
0x0d9cd5d77e029578864816e060e7ef40be62d819,21
0x6a87bbbfce0b0bd894d01b612c47025c9f31bf79,21
0x2dfd095b4ce6903ba7f7aa1bcbf347fc1d947848,20
0x15d3b6f55aa0966b18797d14b3c7dcbf1d087250,20
0x69d571af5c458837b75bf03085a5ee9e299972af,20
0x999cd84e220b1b60887a593a0364c528a60f321f,20
0xaa867269aaedafd66d3a83b9c252b1c9b0efea99,20
0xa6fcb2e03633ca44d3463d5881ab47eb4f70ccc4,20
0x44f1ce1eb58dc49cc1cfea34800c304b6e2d02da,20
0x8635e9c22a93c127d3c8d7ed5d6300b3843a23e0,20
0x675937a9fa7ecaf0e87f37d2e445e15f383dbab9,20
0x6288c4fdc6a744bf570958d473c3f6d9b0a97e15,19
0xf99bdee7e24686fe32836ab37368526170979c30,19
0xde4e2eafefae09b432b139a6e20f5e828ef57d60,19
0xcdd008d783051e3a6fd4dddae55c75ed645a180c,19
0x548abd2f7a66d90d83946a28677d576984f75370,19
0x6cb70406370013ddcbdc3b649db43ecce8cfece1,19
0x0217ad85bbb0ae461a3b27ef9091101cffd7ec66,19
0x4fabafd18839a196f225e57105124f3c31f0bc40,19
0x707cd965aa77a86d2ccb724e03cb7d0c387ad89f,19
0x93dcc2831c337293f3bf224a722eec377cdddeed,19
0xbf3d6aa3af2b638f5d094c5a17591a6995afad9e,19
0xcbd4df2a216fcc6999fe0d8d2c9ddea687beb453,19
0xe186dbb44c27a653ced6d1311a4b1c599e483025,18
0xbc3c7f7b2a495a0108db55f99776bcd5bca535fe,18
0x29b0aeb8ca4d601e21a00591e9008789e74dfe71,18
0x4636ac0e2de72981a4f443b4f891da1102a22843,18
0x6ecb3cc5f1616153d9a428af4b65a772b13edcb6,18
0x23c98294f6cb63a0a1d1b10096bfa7823ddae31b,18
0xd804d3e5a3a8db119f51a750ccf9c48ca0041c22,18
0x4008c34a3960b9a3304243063a8a5208c03e73e3,18
0xe5ef7530e8289d667e0fc3b5b23b5a6d9ea6f906,18
0x6272972ff2d18cd8847920a21d1d18257afc8a58,18
0xe553f6bccabfd91a795c9701ff86ab9bd547bdfe,18
0x2cca35bc29586d5ae79e38b81be367029e51e2df,18
0xd6a0129179e06481d37aa9a3494ff67f206ba6ab,17
0x360793e38698ca4ade68d343ad9e1e11fc9a100b,17
0xd41feaa24dede516a501862cf1f376defb811772,17
0xf3b871b934cf8d5a71695a2a376a983a4d20da15,17
0x9d6c47b7ade9b5d60fd16c9dd3798e8c753943b6,17
0xbe9c74c99c17b302b46669d3dca06c7a3c7c0a1c,17
0x7172c7157cb37aefdf041817397d8e0be1c97a01,17
0x158dec481781d4c4767ed9da073d26e556c52803,17
0x4063263c0d53283784b84380c32a084a3574e4a7,17
0xf6841687d8bc868949fe33400a80bc61ca9b588a,17
0xa31172b933bf9fbb289e48d99dc72cb4872abec6,17
0x25a09cfec19294f52867e59637e523da3bb42fd8,17
0xe4ae080fc651e3b231f543c8ed0e63b21bfde1b5,16
0xe655ff1c5bfb0af48a6cf11a0d15a76c41b4d46b,16
0xe7c63bfe2cea1d24b8264ab4e0a82636e5404376,16
0xd7bd4319ef262496cd09286dfe22b94f06b97c29,16
0x2eae392af0b6e77bf92460131f49c60b9366e0d8,16
0xa9474ecc6a855aef1768dfc85a2ac7f4602e9e8a,16
0x1914354aab4a113dafcf5b21848c05c6a5f28535,16
0x158dfe627ba07ee4f4af9e4483c036204a16aff3,16
0x37ad32bbeb7eb662a352ff01575345903828ff84,16
0xffe46108bdc1b4da90f80ce3acc2b93498979d59,16
0x0f84ddc8ce6d64b8775b1f94641b12bcc6605131,16
0x842a0ff4170dec7ee8ef1400d1919c2c832da07a,16
0x70debf171caec449f0a5bc32882dba854b942b35,16
0x855a405d4bc65fabf1eba5cd0aeec3184b8da42d,16
0x81f28e749218c228a5d84d316e9b43680404d11a,16
0xde548f465758904f3fc0733488f736d61ed861c7,16
0xcac459576552a44e7417f0cb5fc066b77b66768a,16
0x0b3c2a6aa954da9d6b5688782f6a42bf6db6ab60,15
0xa94953cb296f4f94d8ec0a100f614025846d5c4f,15
0xb3815bc19a6c999f67ae9c0ea7bfc90ec6ae65fb,15
0x57822384af1ba2cf89bd147543a0c8c54a8aed6f,15
0x4ace8b665fe8137f40b4eff371590dbab8161a50,15
0x8c2ea65ee3922a66d8efbe0afc3a7e5a75c15cc7,15
0xd318f079223c65ee2cfc4b7094cdf121a80bd91e,15
0x2b199f5ffbf3315a06abf2a3a2f947774f66ea56,15
0x681ada806a85afe234227a8da60440dbfb160e14,15
0x13f6eeaa2fc4e7fe514f69e7e362060e6a32b4ba,15
0xd033fef452e115f61e6a5b34ef4a0a1d3568beb3,15
0x065742a17fcc9bec2b64ed96bcaee60601edbebf,15
0x7cba5ed2fb56bf2e5bdca525e153391518f4f90d,15
0x492e4292567573edbed97e1eaa28552b1d32ceda,15
0x99d011fe5e1f260cbf2c433cc449041a95546639,14
0xddac83fe8bd60710354f17c14741423b652e7779,14
0xd4da56170ddaed8fb3e6526adef4886f7a23a5ac,14
0x502db63ef3f01baf465e9e7e446fb485a17ca5b8,14
0x90ddbd3be9ef247bc4187224ab18d6542519efa4,14
0x8f3eb2d7a3462884d03453b10dd046e1cb685ccd,14
0x65cfb129ba0ce54acbe93e870733d9c7f89ea799,14
0xcc2fc9ddc583f85c01e7a16e8b57b37d41811921,14
0x5f72c95b08320a6205450b4b969e7f37aa11afb6,14
0xd1fb6ba0a7aecb8c68cdf7b9eacad61398dd14e1,14
0x21612d638f85cb9b254ddea5ad1f792d8dd87f4e,14
0x94948b59a1bd68f55dd44a80d0dad3dc272a8002,14
0x916124f28921a59709ad8053128344a0c7ea9f62,14
0xbe8af7e12b536ab55fbaf92edbb512972e0504da,14
0xaa1cbf1a2bc669bbaf1c4e8f9758bba450e0ad03,14
0xdae7aa3af01d53682f60e0d5fafb49619758e5e3,14
0xb550f10a1dde3c3ce0a4c5ee0f2e58ca484ae525,14
0x13a4f16ae3fc6a6d3a83fa1b1aa0c7df206ac9f3,13
0x151efced0fca582532fc1a36ef15e7865ce03e15,13
0xf44d2fcf3cb1a24052745b6a8c7cddc0e7e74aa4,13
0x365196e39563bf58f5dde6e8f1509c3f5e8aca76,13
0x288e6e47bfcefd5c8f8b31e1c9ce30ee2d36522d,13
0x60c20c9ed20b313335026d1a5f7ec7567519752a,13
0x719d56f43f1274787508816fb29cce6e60df4f38,13
0x68634e035322376a824b69af143fb087ea214d55,13
0x2e84bc18bfcd8dfbcf9e8321fe1c8197465e3821,13
0x99f0300e80794d65b87ada48b12265c44ff3e038,13
0x1f5eaab23629d7c633c3a36df68215b07f7736c1,13
0xc4f01ee2b699aefcaaa07ee0df5d07c51828dfa8,13
0xb0d8236ab41a5602fb84bfd09521a84d96de3225,13
0xb2a4016b1795aab99027d8a79d8e0e398504f97b,13
0xb256ac626fc83d8f6b42faef10abc7ec74a0e9cc,13
0x1fa470d46cc35a97fabc49892f0135e97257642e,13
0x8ce9eea77acc5f98bf4f387eb0753fe92ebad740,13
0xa7d23f65d4f19b0ed4edc9591c54fde5a89533c9,12
0xe1096dc5b66bf84c82f721102b78395808717ea5,12
0x2abf8d7e9b95866985282eb09fd0b2f4e839b68a,12
0x340205b714575f47c4b21319da65593364833049,12
0x7bf6b004cb84b49295f81b1c13b055a7ab23cc3b,12
0x9f1a3f36ca46386e6e78d8e9d89b35f449669d57,12
0x1bfd6c764cf3bb2b9bdce7c16057572277cfcecf,12
0x609f2c912175f8cd4438c1882f291fa6a4b4c735,12
0xdfaf3827b583f01e0c9efc85759a8d5d4bbb5658,12
0x06dd5daf7033dcaf0297ee648d81d644884b0951,12
0x958b419e7f4945f999e724fcd76111948be35d6d,12
0x9ba1fc0d5620216c09672d6d924c363c9ca48b9e,12
0x17bb3f846ef1dd12d42a25475f75f2225f24039b,12
0x75310724d63bc9e0eb63e6edb46b4e1ee4929839,12
0x167773ec6a8605aa0fe00d35a6f01fb219b27584,12
0x978ba79df7d5c4d14f5206baa7b6adba3ba49399,12
0x7f39a1cc8369f54a3a012f5ba120944467f95f34,12
0x9c207bf854b38a8d947ec3cb8342c007c0e99165,12
0x52c32bd51c1e67dce15424566a8c88449be8d5a3,12
0xb2e8f052e15f1034db9d91c1e024c2ba6bafba57,12
0x4a096089e3e8164d02641a71e01a8e206c507a8d,12
0xbd4a34cde99c3d5c3b75ec4d5fbc7e9f596dafb8,12
0xfbdee45a62931bed3542e41e61de5e2658b285a9,12
0x8834ea18fc120e9f15ff751329583ffc2c70d7cb,12
0x6577d0728020520865697e065a558735df4ae897,12
0x32989fc41f5d72761bfa1c855b3a202131c2b247,11
0xc2914c9c67c13eda5fa43f8f1f620980f7314bfb,11
0x83c435ed6e5a865413d2645e7db447294785a149,11
0x8dd575a5907a10beeeccbe5bf4834e0bc4991a7c,11
0xb2cadd718711776dbf108136890569f9ad97fef7,11
0x1eb1edff927db42168ca347b4b92043a8c3b0ec2,11
0x9f4e49def1225f842525e5d0e447aa166d3b68f7,11
0xd1977214992322b0c06ee108c553799ba23f4e54,11
0xb77e6c2f2cca272b3bb72b71a8d7e52c0d9f32d1,11
0x265deb831bba2ab431ae2bb5a2432bab0e0b2001,11
0x89fc47bddcbe3a1ea3d3772272910ec4bf058d76,11
0x1ab45cf56c47169ca58fab32957792bad81bf130,11
0xcdb9d687e9ccc8a63e94a3d276e1b18af43ecbb9,11
0x44dc544611c050118c74ec5f960f43b3a04fa14c,11
0xcba7de5b35f05ac77501977df178dab764f8d6ad,11
0x6d0f45b4d690b02db454448883fb79ef770c0bd7,11
0xd2bb88dccf3835b5dc24d08e6bf40578a5889265,11
0xbc6fe55b9c3bea7101f8a422e582aade01039dd4,11
0xe1f40c6fb5cea4f5ffe3463f7549a737204ed733,11
0x29c18427fc8d11dc18c866438f0a148df6cd80c5,11
0xfb9453f16024d901464f43b978f16720f1701701,11
0x30e3e6a7bde01b8e2a11a6db633403272abec947,11
0x3aa8e2c15d19f246e123ec0fc6ccba03db0d8e28,11
0x770ed10373ea5a87e154c50b9cf7ae33e3a21f79,11
0xb323dc508eb6525667477db2a04c4bf748770379,11
0x22c25af9cb7696949421264f8020dd6027b5544e,11
0x577f1af314c98aa1df1f6da7be8e36388f0f0d1d,11
0x3b2efed41bc44bf0690946df16125f9224a2feac,10
0xa3d2dcb6b2127bb382cf514f8067ff0544292eb4,10
0x424b4c87919540e76626db189a0a4f762057211f,10
0x478805c0f32f225d185537ef54a1f9cae43e2625,10
0xd5baecd24a736e04eb970258f149cdf73e07f034,10
0x3eb2c5f62248ac1754d8d27dcc107d37a3e3e4ce,10
0x14e42be07976874df8dcbfff91087055f54d11f1,10
0xb8c6ddefe2dec84df0d5860b16c21e7ac9b7c330,10
0x325f967623cf6bbcb55bf29ed5877952ccc6d0d3,10
0x2ada6e8b2709410e4fb269d106f9a67255952b52,10
0x6318044e11d2c46f2a4009b040f6bf79d7042d90,10
0x2fd155f8f5ad8e2df0120883de7a0a8f36ec401f,10
0xa8f2fab7502037ddd431fd634e62d9121ea49bf2,10
0x290f5d17e0391af6f0c19c21ce30e66574f2b6c5,10
0x8220ba17862f19bc51fbccc48b192e031abe7342,10
0x9d09d20b9a0a2e3110f49c28baaf7cf7efe6c6ac,10
0xdbd17d9260011ea3a44bc5c41aa934ac3418124e,10
0x828ae2b73f183f780d18c0051cc4c6ecc62293b6,10
0x90fb878ef04394297754f4e8e9b3da1e6136d6c3,10
0x51b75a9336d7c8ad771b6433a6653de456b00e4c,10
0x605a2aafb1ebaa27ef80495c56c31016a626ec4f,10
0xb6831ad732e80c95cb19d62f46e3b64aefcdfec4,10
0x6c296e9fd2b3274ec2d64cd57b883e4cb7ef395e,10
0x4f37bcb7f2ffa2a6328b12d85e110e99c3666550,10
0xad214328665a14220186effee1f5e8af8b3e3938,10
0x68ea72710434afbbc12c9c517050fe77d2f1aa44,10
0x880785aa44bda2c98287f1fc027f557c69b8178c,10
0xefb9a96d74e365ba46d1d800abf7072b8ceeb9fe,10
0x508685e375609eff4bb0fb5301fc19b5aa13e3cd,9
0x63a4f385ab3c57779776590c03534977281a5a32,9
0xcd728a25ad7c1493e08a552b889bb06c69a02448,9
0xba3e75747468d5d1da3a101c88b48e309d3ab4d8,9
0x6a2df7a06e84cc6443f3207bb642d442ea78f4af,9
0xd82f1f42f6017ab0ca3079b24cb8e3a356241ca7,9
0xdd2bd917734a98332794f6a4b822b54cd86a96e1,9
0x275afa250f1f40a8f1320298b382516eef367d5c,9
0xee03361b0fff9170c51ced7f7a424ddc1a37436f,9
0x68802df3ebda6cdd00c023c52ff5d4758c0dc5c9,9
0x6811182d9a1d2a9374a65387ac50a60ecbe5fc2a,9
0xba1cb6dd7c694fe05ed529f578b752f5119ad3c4,9
0xa51e2310ca65b394887f79f973042feda7df7df3,9
0x139ba848d91ce9911163aff181afd9b450917c14,9
0x78e86c94cf456b520d2bd417219888d98e91f0fd,9
0xdabe478c538895752023e0dd938d3730bf1f3db4,9
0x3a8e5ba5aa9c2464c75621c2bffb9cf912db995d,9
0x5411c6fd8f679e0b1c8f71d1bc959a9ce62b4ba4,9
0xb83d79b2940ca4e636a65ba38b0e4c8450dcb6cb,9
0xb6415a5acfbefdf3b0023535592c426ee02eea5d,9
0xdadca49e762abb5c904223d73388eb9dcceba21c,9
0xd124f5c41210d6bb15608c8cc5acfaec30885131,9
0x1f59c12e96f5dbb8c301cc2376fe7a1e96d83dc7,9
0x1edbde2b64ab23e33fa462f4dd1d3fbdfd4dd0ed,9
0x9fd1a455d557b024538a8793f7c455909375214b,9
0x70915374a09136242c594a4d548e0fd484feb64b,9
0x9bb6c83f0813d028080cacd84568e2b956bbe7ec,9
0x7df9b1490583893e6c0a003561d323de7d119e90,9
0xe764648fddef0c0d5857a6b63812498ac57f61b2,9
0xd1fd0401d3a0a56bc8796c8ed334d297b7bb1c42,9
0x801d6c4018ccfca8fdbae560e44b91c70e0db624,9
0x34b891646d3a39228b6cf6fe6359698750075655,9
0xd266faa31eeed1245801162d70967dd9e9491784,9
0x7c91b53630b94b4a6c10d864d26af2616f1815a6,9
0x36cd88b80d4d9c92a12842767a6d9fcb958316d1,9
0x217c644a659b67331e58b72302a0ebc002d54c26,9
0x40cf06ca8b5a445258d1db7bb79584f829ff9c15,9
0x1743a4e5d86a9af9b1b780491120d6062fa4d8d7,9
0xf81ed8d9608982d556d14d56af7815c07a298fc8,8
0x9696f165932ed585b4a03b8ea6d82a4f30838a58,8
0x034630d75b5bf951fbcaddf8bdb80ea33baf30aa,8
0x1ab4c874f16bdff5c96955417a0994c0e4f4afd3,8
0xdbcc6b3c672ac57a5f4825d9b2c55f39af8b1c9f,8
0xc32e35c9c386f875b8870abc8c173cddeeb4bc90,8
0xa16c200810754348e4650b85fb034a48faf5a8c0,8
0x23b1d1d6294713b9917d8a5c6ab8dd2ad35f87ce,8
0xb91d5425e8b2a62f332b347d0042bcb829f28e1b,8
0x90af676ad4837d872d858d4d3470ecd2ab5a2773,8
0x9c71c0f7bc6f5308e2189dfe27fcfc0a13976f2a,8
0x23faeea41ebe496d0e53ec2089408b282afbeb89,8
0x9619cd319ca35644e2b5b9dcef3d99636ef97e38,8
0x9c45b365191f77172aa5a41867fabfa29f123939,8
0xeefb0bc08b47098686a37b04a0c05fd73bfb8cb5,8
0xe72fdcf2d1ec7c5891a2d32e1db822f15608175d,8
0xfde184e650c6ece7137ebef152835b3e6d535598,8
0x166cd82324f1c77f96b83cb4ab279c214bb2aafc,8
0x486f37b775be211841d36ae3adfdb7ff5a8c82d6,8
0x6e5823a9f398549158ad3769b99f1fcb541038b4,8
0x050f4fc438917585ec131f1e2cd79ca10eb72330,8
0x253e7fef9ac5d3c22ddc89ae90cf1e0c6ad95241,8
0xb997a4d28b1ecfd449a2871ec5d61f48e5acf28c,8
0x6ea87d485916f84978656c1e8beb8931684ed0f7,8
0x9a0978e747374289917e037d78af20444466fbe6,8
0x9f20e3e2fb16810b488af34ce8ce94e3de04d982,8
0x1a535a8c6370918c76a53115cf3ccbf1f427b146,8
0xa05ab8296fd99bfbf2011807c766b8c3418ef75d,8
0xe1fd319d11fd81539102e58470f47768c15f94ed,8
0x8931139e2968f8a21644b8d6048dd5df693d697d,8
0x27c2e8dba23d35764d147f15eaafba481d591c8e,8
0x48f0f0711d43d38e452a71a328c63d4a28cf5ea2,8
0x4629fd1d2e89d9e1b7a46382a9ab3549da1e9999,8
0xc4e3ccbb4178bdd7eb2a524b99a0af42b12a3e82,8
0x6aff6774990f74aaa969b5c70783e5d9ea11a649,8
0xb370bf2d572ec3337ed2de382e7a311c2e745f4c,8
0x9f1acde8b5e176d3701743c5926562ff0e74eccf,8
0x7e91b404147edbc1f77e0a62727d5d9bac82ee48,8
0x004e91d107e885d298fadc66bf2cf868789fb000,8
0x34c2f3c236c744a144d78482166b4a30296ffc88,8
0x950ec5bf0c38c4a2e66c8b54f8c1ce2c9f1a71e7,8
0x7e8a21ed17f3945848a3a60551888d83a64d7f8b,8
0x5a3166387a9363da2642194e2cbd8f6ecabc8d94,8
0x3b3dabc732403de2363091261d3e3bd312450db8,8
0xa7f8b4e24d3bc6e5a7aa1d28cc77d167cfd1d1fd,8
0x2e31182450800ae7b66933d907376225d4f825ac,8
0x5b08d38fba14938e0868e3e4dcad6e170efd7acd,8
0x3c2579389f98dea46dacff6f055cf0468b741a20,8
0xd761845f9fdd4a871f1fd49b87fa0839e33d83e0,8
0xd6fbdc9af0163bbc6ddcef8deaa551f76d3bebf8,8
0xcdb09d89bc6489f598dd441d6c33c0530f2af8db,8
0x7b444d22f099fd238210161791de26d16c3cedf2,8
0x926dfe86bfaa931b4f6666effe5433fcc0a43a6c,8
0x30d0d1627af4b85fa1626d1e1e8f352ace5d0921,8
0xaadd7a2b7a79b14dbc590b529d756f78d094c9c6,8
0x60ae9123642f9387e4c6d4ef07ebe086bcfb0aa5,8
0x8badd614a0740fc711dadbb1fb187d3babf664c9,8
0xd343ecee09f2fa3d918b0118667996544268d9cf,8
0x601f6ba6f0cfb67f4c7463cf229331cf40c6908b,8
0x4c5d7f7f5bee1e425922b9b06716fe05fa78b777,8
0x52c48f06c77c4f500c145310e0e1ef41f62d415e,8
0x6708e1077e520b92cf4eebe8c4bbc8d04e5c1e43,8
0x03acd7b2c5e13c67803c612169704526765c5f38,8
0xa67c60c7b735e8a09dae22d0b2e5be7ebafdfd76,8
0xd961626c92872ea264f71c829baec668ae468df8,8
0xa150a7ca07438791ab506c6b7f93b1096e5e1f35,7
0xa99abfebd5602b085949b6e65789eb079532d040,7
0x9cec402099f41870773a5b8d08324d18f533b5d6,7
0x16922a4d6cbfeb072c1ef12a898557d7decbf9a6,7
0x39762c344eeab43a55b39c1a66f18b4f74dfed73,7
0x069d69d6f0e597e7ea7b7b8d4656d52e6b50a780,7
0x940068294929b5c561ec6881689793ae94bdcc3a,7
0xa1f95ca26519fb68ac06011ed5352735d1df8ba1,7
0x3d1a320c2f0df80afdb516202efc6883e0d538f8,7
0x7af2102a5d9a930403bdcdd1c2e5151619dfdc1d,7
0x44bc6eca9660c6aa6f5ff3f8e723ddb1897186fe,7
0xaff7400f2d84ed284ae36e5e23b7796090989e01,7
0x76415ae8cae77505a991c089bdae9bed365aecbe,7
0xfe936340d59940523f5d68fbea20bba8bd9ee8cf,7
0x6b784a038b1db2eb0b79c1c26c18d994beaeb5c2,7
0xa6bbabaa0ed15a0988dfcf0ae484d7269be21b1f,7
0xf879eba7fe81b46aeabc4b41bb954079ab500e0f,7
0x3d2aca6d77362d8ad085d39babf1ab56f768c971,7
0x9110d187be43c1d82547a54c9543aa96fa82aa8b,7
0xd79856d8ad3f4bdb346cf21699e3f19db51c6a7f,7
0x036b3d1b485f1e1212746cb11210e0aa67d18bed,7
0x7355b5f79fb1e4420940f4da9d79425a3ddf55c7,7
0xf30666af785b2d198514c5b0efd88762ae95595b,7
0xd181bfb59427251b2f9f5c50b43b47273439d9ff,7
0xb678d33635e85a03ae0d4cb6afe1dfee37038ff8,7
0x7eb196384c5dfd9515841636fad826603f1b8e84,7
0x1facfbe165a1d21818407d5b0b49a0021dab5c7e,7
0x18aaca3636f9085fcfc6197ba3c2d318807d3466,7
0xd45f41a5af7abe899922c1d349569b75ae58562d,7
0xbd28b98b581ad5a1f831c113429b9c3ba349f722,7
0xaa5c1bbb9204d667b3bfe07a0f1a2fb2ecee0df7,7
0x510bbb0f5ce5f3b855bd1029c4c1ec926cef1cbb,7
0xf5dd0ac1b24ccc46af4161dd10fad955aec21ba8,7
0xae6b19b637fdcb9c5c05238e5279754c39de76a9,7
0x61a3168ea73a80e4738f5549a3359fc5b8020191,7
0x7bbe5b442b0336beecba0d6de538f57aede09756,7
0xb8b1a7d690822c64ce80e630ab9517d2f9e0fee0,7
0x752d77f2466f0d806491fbfcc489a3595e260c2b,7
0x8abac3640445c747050f4af7b94114cc952bec6b,7
0xe14c2909d776722b01e885bdb5449660692b94e5,7
0xa9d09efaecc655c24a064803ce5f12fa1806f079,7
0xc6e1b1d9e2dcb285ca16177d4f2d166487488b24,7
0xf6320e46a3984563bd18dd09f4e862976396918f,7
0x5274a00c0ea56f3eca93941ccb038e61cf5b6bd5,7
0x5f95ba6977d06f9aae49a962f507787d056a59c2,7
0x89ca4f0e0d2ee54e5731031be5594d5072222e40,7
0xbf95bd8f2099f3a989b0682874970a7826b35bf9,7
0x3ba1211c1b04b9ef16d62a5bfc1626a876f95674,7
0x0c8acf06e7a60c88c9ef680bd9f886ed55acac3f,7
0xed07047662a55e11a9db969b44371668035e075c,7
0xb946ebabaa3a5a7394a96a636b7a3bb86a422e2a,7
0x8dfdb3148df63e0114026e426976bea6bca46ccf,7
0x484604d93f84a64a7981bb790145fa6639acdd3c,7
0x9578e4b94c5cde2b19298799b33dcdbd476f0d11,7
0x64e073f38b82da728230c75e45822b4af3fd7411,7
0x034b5eaabd8df835193d499f39aa6dcf02cc5141,7
0x087ba8ae9a5e8765fdad7fcaa20b55f0e881e0e8,7
0xa2fa26b1a6c7e52487df671677f837a7c2322768,7
0xcac9557bc049d33eeac2fc3ea850fbc5a4f25d6e,7
0xbf6897e5360b396935d3d9abff52088edf86d285,7
0x34a8cf26a9e43974affd844e796d1377e0829f0b,7
0xf97127094cf44efd014e7e5beec49865eaa6ffe4,7
0xb1d38035c1089dfbe3ec138704607c2a4b8b4f87,7
0x0842735388dd610eae7094682b84d95e1c781c31,7
0xdda36f24e2b0dd1d5c7a67a15e9bc7e85b9a14e3,7
0xa4ea9a1f2e90a156fe5bae9f93a63af140e90fe5,7
0xc438a8fa48873393c390e757d9c8b27ba101188f,6
0x103108a0f06898b7991f67db5d8f091dae140995,6
0x84a6636755503fbfc23e22f319cfd7132c0a421f,6
0xf3c62682a36e48c2a4401ce1774719fe4b0a2264,6
0x549b369cf238c719d65144ec5334f2b10f5c1982,6
0x016eb9b24f9aa454b3a63766f53f4b8ce0dcc1ec,6
0x04da913a51cd61f8f60803ecd8297743a67b81a6,6
0x0def5eecc901bc514400c396bf00e2f0c0ba5eed,6
0x27767ece0bdc1d6ffac177a705e1e8587fee9253,6
0xcf5868359683ae54f77d4832f265c3a6a393fa8f,6
0xfce2a94a7cc8267a3c9619367b4c59c51486e8a5,6
0x51b896dc3e15a9a9d1432964583024931db7a293,6
0x660591c04dd40ac2d6604ecc2951e155fbd914b7,6
0x1e7b3be833ae57b3bae1292a4b56cf3d135cbbb7,6
0xe4e919f3235d14b82f4374298d65af5ede09c47c,6
0x8547f1466b2b02e15e9a9b4488a8e0c5a97a4c94,6
0x1dc1c663a0dd86572f6275721831fd95755da6e4,6
0x68c94b368e129dab22e0f872a44094c78c592d37,6
0xab1386acb3db246c8badf8e157fac6076e77632a,6
0x367313e039367a56f6bd1c921b4c4636fc3fbafb,6
0xd8e483d16607727b0e78b603502cf99da03590c2,6
0x5d94d1c26e59d38dc08f46845bcf5543829e5635,6
0x3c34baa3f5adfd046563675c4f8ceffaf5a6d056,6
0xcc04cd20d659b71b5ef3a04a58786607875fedf5,6
0x3c0ece1ea8afdb444dc256005abedc752906c7e7,6
0xc2ee9a32ba24adeb9551d0515a618c04226b44d0,6
0xc583fe2c11d19066afe9de373dc6b1ff0ec1d3ef,6
0x613387ddbae738cb73df0f42890b2c62f7c73f1a,6
0x9985aae9977cbaa3133ffd79cc84c3f74ae168b1,6
0x58df78c7ef798631c2fb32b0a358c63509a96519,6
0xc59a229f2a164f4adba16d3b45968fd9edec5e13,6
0x0f419277f440dddcc20b5aa581396f9d0b7d9e07,6
0x16613fec13d74e8d066bcecdcc22524a1b77c53d,6
0xf71c26cc190cce80b6cf2f40e1293f38b92e669f,6
0x3456faea5bc4759962dfbd10c52345080cbafcbb,6
0x8bff312dd6dcda00c5115d2874dc2875a5aa0a0d,6
0x644df4f9e68bea61c83361e4cca407db14432cb0,6
0x49913e32c9507f3ec0e97e5c835134220b020f32,6
0x0922f39378ee0268773fa1aa25a7fa15a781ca26,6
0x5af42d6c207f211c7ac8d5e7a09fb32040d3f0f6,6
0x96dfa3c5c1fccbe9367a8f363aefa736cd5ad765,6
0xb34aab848e8d0f04dc4110328889fec7dcf5f58b,6
0x81778b14bfdc59ce8dff6178d0e9c00a67122951,6
0xdf05a12a209f3e4ae581a5d3156169880398267e,6
0xb35e9d7a50b2bceab937b76c67fdf766c69be61c,6
0xd76ad9d7c261ba10385f15627caffdfbc4af60e0,6
0x88dc15be54516310314f3417d4f39569683b71ca,6
0x572d8cd1179143abd277b371163ab7f65994a64d,6
0xdecdbb70b039ecfae516e53407d52ae26434acd2,6
0xe70619f6c75cec21f1cee7e82f39fc77cc3cb1ce,6
0x481c085a0a1240b0fe6fc2649bb69d0a33eb5705,6
0x21c4256903837e770531f350ac0fccc497b138c0,6
0xc690973c6e250f365e09ece57fc7dc1aa6738d08,6
0x8d903e060f014f284fe086e34d8800275da97c2c,6
0xa770e52823675d35565cadb38a6b19261fb0b908,6
0x4209d7b697425583ea73841ff692faf3b9ee9429,6
0x27402300618ba2e47ead795018fd47cdddef9de5,6
0x419c2919847346417693527402a0da1fe60c4ee4,6
0xb2abdcd2627226052b23d77a7aa591243ad39634,6
0x1b94d9bd3723ed51bf78e7180f7df2e13ebc9939,6
0xf516f4cb359b96e6c778083a4adaaa5df322ebe8,6
0x98e0671dd3793e44e82ef8c25c742f75a249d5ee,6
0x232b5711e87ffaa9c8cb52a5c506d8097866fc28,6
0xb8cde38c567df5adbf9e27e0c88869a03fca9621,6
0xf4b43759ddc9a0d6dd9ad9a34dc7cc1beb2f189d,6
0xc401225693a7d8803513f2fc59ed99816ba28e82,6
0x57a01234c07902722dca5c7363c4cdde6b059f9d,6
0xd2a26196fc1908b7a5c615c3f0a82384dd55caf5,6
0x22fa73abc246de241db7bb5627fd14253f5e383b,6
0x7e0290670ec84b097e4da810f5bb957f2a25d706,5
0x92d4e59371e113874e21cc559c5b29e0c2a9a647,5
0x4925033003bfa605b080f14f96ef7c59c7d39054,5
0xef581b55bca7bf0ca3b027e0ae82dac97d468629,5
0x4922bb528ab3c2b7ee0cd3657c1c76cf7266ef01,5
0xbef66ee0f33f4d51af2670b9265df1417b3f2a04,5
0x0c6af1c7f28ae0505bd629dbf4612897bff431de,5
0x11e4534bf2edbb7966d094d5bc8a185a80838dda,5
0x48bf1f06ab54a2fe4a16ffc2be4ff3c182753ef4,5
0x978697e7c45f56f025302d8df789d28719d2743b,5
0x948655d722a40776d61b5cbd1e033bab501d606f,5
0x88cdb732a6a3de9202d5c2e8b2cd50812f76c30e,5
0x767b0b3ba643530ba2cf80f9af835954c5fb9b73,5
0x9872a60f2fc6d933d2285f9a8fb4e14aae9e4716,5
0x4a37a9242f0473b990f64abc0f6555adaeca625f,5
0x0ea3a029c8783a6563d95c90da34b1595cfd7360,5
0x172518ced1e946eb2fdfab9cf790a1a554b1f717,5
0x75776c39672e1468898f37208a37bd449eebb6cb,5
0x4b40c63e9c0fa15ecf81dce64e7a0870a95e8b51,5
0x50d48294c441ff122b89f60c54a996cbd80d2336,5
0x99e32a54dc3514c6588ccad6878891b831013bf2,5
0x749f6458db9910c980d500ce3dd8e0dffd683ec9,5
0x938a8d596647985c2103fc51766e48f1232cee6b,5
0xbb67f23407aeef2626c47c16c68a99e1a326574a,5
0x7c28510fd97a8a47f4e92351f8acfe6084b237cc,5
0x00285394b365dbed94a789940e0045fd62f6dafb,5
0x4c2e150347f59f80c2afb96ad6492386d411c7e5,5
0xbc7644f499c4698221df4114f99eb202a2a04a53,5
0x73259fb735177155d9fe28bd61c0e1db3336285d,5
0x7b28e47a042c0519c307ca56e6d48b03f42cdc94,5
0xd54b88a743593f6e10d63a435b4d80cf7f4cf2a0,5
0xd5e562125eb649988e88bdf98b340f363d266fcc,5
0xe1b9ae041139d969ce9a40dacef0db9171671d00,5
0x55074afb32b3402491761b1b50aeed073e64016e,5
0x6d0317f3294d0c132f60eb3ff36db1c6f982487b,5
0x303b00c430d1d6a717f4adf8a3938653940b990e,5
0x4199e2dbf2250f29072d5426823def25a8a4e0b0,5
0x6bf706b8807ce27036e129db0aa8cec306cbe804,5
0x6bb568759a5e79dbe938273458887c3637b4cdc7,5
0x2422fe8a1ccb19189d9536583452cda95acbc7b6,5
0x092e720e1ba45d254e04bbb19a544cefe1c0fa3b,5
0x248860ccbd09ef85cd71a40bdefadfdd836dbcc9,5
0x401c9fcc773028ad8efa4c1eade8ab02817df439,5
0xcd31985cb55460553891fa6ef447f8a88901d80f,5
0x3f39b03c695a928781b29d3c605fa041c32be75e,5
0x6e72b84e9735c343fe790d7cbafabde3ae7d7398,5
0xa5a715cb75281e6e6dc07c3de37f4f8f867f6fbb,5
0xdbbfb9a4d4d83e0264c6fa7c8bca923a16c5ad26,5
0x3ccc8715e13bb2adccad6ca24d74546fa5550b9a,5
0x8abb4b2400d709581cda97a98f94fb823d578372,5
0xa487826a1c0fc9bbb2a44101bb7741a330eef649,5
0x2bd72b0301608a8a522293ec9218b9e0a0f60916,5
0x68eee5c2fe8883a63cd9e5f0e71a3116fb728b3a,5
0xa7c5432fd1260047e3c4ddcf4ee07f0c02f8c2bb,5
0xac93f07bac60ba09a561fb8d4b4289950ddfcc70,5
0xa71aa248ed2dd07f9ee0fec6b7addf5478fb867f,5
0x2ceee06843481b9157960e798d0c09a09a0c2883,5
0xd88221cd23c54cd0cf9906628fd077f0448c2c96,5
0x69d79ab482406bed884b8bfea30ec1e4284406f3,5
0x266547505e636c115ffab3a9ef93182a37bbe0df,5
0x260ef7803b4534155253006708c8368c36fc0ca7,5
0xde1ed485022549d87aec85fe08107682322f1dab,5
0x57f0a94fc1e45692a40576cb444a4c25e266a9a3,5
0xac6c8a7f32d07598a3f98bea3062238858ae6c05,5
0xe69556c6ab4fd07da1d53a075c1bb84f4f18a35d,5
0x8bd28c37fcfa165eb5fc895bca9740d2bb7f1089,5
0xac9c1538bafd0c50dd27f11a3aece97b9fe4a656,5
0x347ffc6db9acc54ac2019795173b9599e8b82bd9,5
0x5f867d24cc7fe2e6840f0af92233bb1872a39550,5
0xabea31b24a6100d168f826935d19e9545f1ed4d8,5
0x341973812fe273c26b0fdfb01ed815a9488c60e8,5
0xc454c9cc31331b42540eff8c0816e975c61590af,5
0xe56548a38fc209263b6c78b8e352ddf1066cea47,5
0x33bb361442c6dd48f3cf28396ddd31654198b3a4,5
0x32fdb0a8559b4dc8d1a9aff59cc6191aa1441560,5
0xc4e921c2fae4554716190988ed0ed13051d93d95,5
0x8f52b57c26c33becb2c183343cfc8f061ff994b8,5
0xb5f1c6d1e5b97a263684fcbf46ef296837981df8,5
0xc4f2900aba9565e9236a5dbcf91daf11b1a5dcfe,5
0x55d2fbb5c82443c6d3ce11c0cefdf85cb7a60797,5
0x92e1c4daf020ad349533e379dbb347e7b271eead,4
0xbbcfce3ecfdd2e70175eb618e88888d9b2f4d485,4
0x2d492eb6aef630df79c1e8e4fb28e5835c2ec051,4
0xefe5d070408142a30408bfefbfe5838731a64f8c,4
0xad9f398e2954f34d544aab5e55f00598775a1ea8,4
0x5c29417793007eec77323cf072660bef333da2a0,4
0xcf22b96ef98c88dd846149ad61515f57291fbea9,4
0x3ba66cc0e7ff9b3f48edcb664c08d50fc4cfbfe0,4
0x5ed0fe6e4049217533fdc146e815eb18dd6b1052,4
0x3573049069c67d1d15a7c5b82824f3ad8ce2cda5,4
0xa6fe8d17c2a649f1df63a4d293f6defef84858e7,4
0x92c307b7d158ae4ee1c2f292121aa3018b00215a,4
0xd2d210769e87c429ea230363e45caace6be51739,4
0xcf3ceb09bb42d5f3c8a9a0e90aa1b4016397bdbf,4
0x376d633018680caa4ec3f3e735a2797abf7f9cb2,4
0x662e7fd95c3f7c662119983a3310627c9a577605,4
0xba0008a8f00c32f7437ceb5ff5db0d476676dc7d,4
0x3797908a1d0d7a3553f6c257854facc93dd9c2b3,4
0x792cb8b50829fe5a8625d17c0e95406d630304ff,4
0x599569be692f18f270413fc6c1e57cf14b89f635,4
0xf38ce55fe4e517e77e1056a54e64f22d43d88c3a,4
0x3cad8fb78af51e512944b7a21a4050c41d0e8609,4
0xd955e9ad2bbf3fb9e108db626814fd2927b6f55c,4
0xce4c0ce26b1bca4df2498a01caf5155a81d4a325,4
0x7b23a6b199c8f593a6f4c707284622b47b317f12,4
0x3cf7763a303866eeced13a53fcc305bcb88f70a6,4
0x62b3ec63a06031c362aed9eaa43eea61bce2fae9,4
0xd68a1fec1bebdb56fae73032777d8d574ac67610,4
0xcdac392a6c3121382089eac52ba402fbf76c99c7,4
0x5da441739614ea06af94b48afb9a7af906d4132d,4
0xbe7e5213e78fffa46772f75be191ca4b974a6c81,4
0x3a971a1b2fd1a0d6be874ca651280c14a8c5e445,4
0xf29eebb4abaf072b5f61437dcd8f2c7327a7064b,4
0xbec8ebf16d0b717d2a0f5582768a6a4419f9c80b,4
0xd47868c44330e8866ecd4b86d32600e43dcd5619,4
0xd7984a56298371c6141e9194cb1227d97cdf5be7,4
0x32b10d768bc033aff845c06bc595375bf758e111,4
0xf05b8dc36372291da5b657ae7b80291c7c42f2a6,4
0xbb9ce1e44168fd5c76d3102af065845658e8953f,4
0xa83901ad686d80d256440aa4eb89c551355b5404,4
0x4dc901d6d3f2ddf144b73b28011bea39a950591d,4
0x3b27f50b93563cf4e3a7cbab42ebf2ef72b2e040,4
0xba34b58aafa65f4e132f87596f9edbef7f93fe81,4
0xf03cf112df4bce24138e6680d9b0ca361e79ada5,4
0x1188e10c166ab1bbf9f19b6e627f14c69889c100,4
0x35f715352e703713d1ee84657d95d7c0639f1588,4
0xd1b87591320bf00388a5b04d94abc7cf4b6c5885,4
0x0fa60d0238cea83ba667f63823cc647d5f6b0455,4
0xb68f96557106ac440ac2b1a7bd1492946cc29339,4
0x9dd4b4075bd68aab09625c4285c231a49ecc6fdf,4
0xb689d04595b98a79edc4198acfc03860f41db90e,4
0x538f820ed84ba15ca20cf214f8eeb0c2e0f473ab,4
0x45c1a46a96ff70bfc9ce90ab87c2ae56248393ec,4
0xe3db7c6d18dc6129de6d8542ed5d454b395315f1,4
0x51363072bc3f703ef699522fcaf68587bbf666f8,4
0x4f433c5803c25ac5a2d227f5bb78d89e7088ccf7,4
0x6e9460119690955856c2288232ff78e80dc88ecb,4
0xc61ecf977ac1062bceb551d6d3aee8061abdf4df,4
0x99ce839b681fe5c8f5849f338e6498c878e0b121,4
0xea3193fcab3bff5c06106aeb050e137dc98552b2,4
0xc19922a5bd32165c539080047eecaa7c1bc26250,4
0xe2302d28dafb1610434302f6b22fe4e87f07f1aa,4
0x6d7cb6eadc6e9adc5e84e964d8949b71a6453227,4
0x50ab7e12b6335e27c5e143f893d670e7e176142e,4
0x20056422191eb2d6a6ffab6a936912824a20b8ac,4
0x9c2ca2c9bf9a69ffe496145e6fd0d49de4001015,4
0x4488a84e3b0557dfa284319c2bac92ee25c7d69c,4
0x9bfa955ce95159b074d2e62b459d67d77c7901ed,4
0xb709806c56c6f66f3ad52e26d9bf8fe343e47a1f,4
0x9bcf67bdfad83721f9f5be8c029558a1e12a8226,4
0x44a32c1b5b4fcedd7498e7cf02cc17d921070ef7,4
0x53285d33a7ccb496e1ca03c4c2b3dd1cf95b8087,4
0xb69f2c8c4e3b9141fa4efd614091a616ed9d8526,4
0xe614ef634a8925ac16efda497c25683d298bf0aa,4
0x9ba7b402805c0e8b828f658191376517c4d65812,4
0x1d0e439a1f53d1547f378587a0a55c2083af54c7,4
0x7156135e57ae7471ed703b5b82f54cf5a34636c5,4
0xb6af4fbb18836eac5d1a40b3e0f95de087b8a49b,4
0xe811f72900d1aa1bf5cb3097d1c20322e135a75a,4
0x1d8dfe27f886c17191af8a3594d8f9e8a60bc56c,4
0x70c23fdcd4605417996ff99e649bc642f7369433,4
0x532b5f5966b1f654c8cf2a316e955c051f400356,4
0xa3cee33cce8ac75ee965e988f01da9b688888888,4
0x97552fcb9ed96e94e6bf1e2323db6a3ef100a6cf,4
0xa3ec1a27045d0d6932c41dd6b7342bc7e7208010,4
0xa40292ed0e7f042b5638577ebadfd239e7042c2f,4
0x2743ced104c1369b1c6b053344ce765f41d9da66,4
0xedc4a892cb6a235abfcd0be2258975b69345b356,4
0x1483ccf95d27b21cdc0b8323d8c6710512c16b9a,4
0x993e02ec61715b97e3af799fd74b864a23cfb6ea,4
0xede7d8f8e56691042b0e62875baeaffd83e2f396,4
0x3e6bd54ae8ba295540e4ad5f4cfca0e37581c128,4
0x3df7e9f026c218341cb92fdcff056ce7f1bf6031,4
0x77f52c9f41ec2bae121e7acf82d30b7b96d40da7,4
0x3d82f53fc13d9c8d231c8f20ab3c06ef97d72304,4
0x28c631278087634ea7be7b60b445630d6796ce72,4
0x491822b9c505fd30c569c7b8aff0a9c1788e24c5,4
0x6762227095a620930b008aede5770ab03fc00614,4
0xa46643005a59dc148c017d890cd23f788809d2b9,4
0x172cf03697b8b18c1c4479dfd917033c9ff76d7a,4
0x419592678426119a26fb98bccaf4a2c16b2a653e,4
0xe078d19f1d3dc5a80ab29b49bd6e0b88b9e1995d,4
0x6c52510a6679f7a92b089e180fbaac5a947d0cda,4
0xe03195f76357bc753033a32d2b2d1eedb64d4197,4
0x23b9e1967914350761b51742ea3b119ec79cccf9,4
0x56017dc6b212599168476b10174a9c148d5236a0,4
0xb3dbfe21814a70e4739675540fbae09a4e713a84,4
0xddc9d092991ed8c62d2972820569af7b108c6c12,4
0x246fbee2e146a1a4e325fec6a195479879a0b7a8,4
0xc0e6050620124dc3f6dc57a6a25a821ba63f4444,4
0x3f8e8d9c4b92eaca10bac74c8f8246a49c35234e,4
0xc06422c04313a476f5f43fa444ad51aab18ddfff,4
0xdee12b40bf478d0f01bac7a130de279827067088,4
0xc9176d45bc6e711051134d142aced1cb906150b8,4
0x6a900ee716a579a6ea984015697de9fbf98989fc,4
0xb2f15976c18bd44e91c39020138c43f767bf6dc7,4
0x985326a655bba34d9d4122d68a338566b6a0b8fc,4
0x91c75381ed01d0e28ca4eec803084539a0df1969,4
0x8439c6c8b5e71f0b54de758e9b4c7c53c7fd9c87,4
0x8dee20c0c15b2f028e7e8119bd51bdde3bfbbfb5,4
0x87284da2b480ebc27be75983e556c371f7c6527d,4
0xffcb2e42086c9807e53f33fcd3b32d221b489c8f,4
0xf5b166198737a885d803cd2815c726c8bd74b500,4
0x82ea35644b8ad3ebec4e12bd5c3dd3a01e00081a,4
0xfd3db19754e2434a012e39f1b05723753032130c,4
0x81037628ce35a3ea3c3dec78859b0f576ccf1ddf,4
0xfcbb8fbc589a497eac0615ea5955fba1a78ce813,4
0xf7eb7ca320c51cc3bfd739a9238691a865761804,4
0xf9b901c1b364cd8f12814e5087b481f18513a66b,4
0x8eff004fb6c6e9b0eefc8fa9973674e7dfbe89c8,4
0xf9631c2e2b19b7795bf3e145580e54b1c65e2e98,4
0xf9d42379927ebaac5417baf180b5db2dbc6a5214,4
0x05df8207ffdb46a753f2b492f3dff7983c163d6a,4
0x7f647c0a59151561651ebd2683d471927b815017,4
0xff7fe63267a76a992571eae7e10da53b002c8073,4
0x86c0684f6d8a0bdff00265b382ebce76478cc3ec,4
0x083beecb511f70c073f4d8302753244e99dec6c3,4
0x8da7ba060b06e7c8cf98724ccbcf50fd6f89fe2c,4
0x86d16c227da14845d74d248e7737599d3eafe29a,4
0xfa19779853907a468a672794926c2f6e01434a02,4
0x8e73f5483752e033420de6f497b4dcff3087b4e4,4
0xf93c5d54615daa6d12fc4ad88bb2baf3b76decf1,4
0x0000054e49a1fab074302447accfe722315cd3ad,4
0x074cc52ee01b22911de8584e0599f82f8a936f89,3
0xdb65064253fa819e9140eeb41aaf1be39f638ad2,3
0x7ad3bfe926f0999fb5ac590e63cae44a64a01383,3
0x51591f99058bd28a4197ca31c88c1d365b901e86,3
0x7b35d1ffdc66abe88448189172285375456ad4eb,3
0xc48d29c2e5783f8aa794405e0dc7107a89369342,3
0xa276e98bc95fd0c943b3c7199a0936a8494b5cb5,3
0x8ac92b4cbc18047756586a7c14987179627d2728,3
0xc816fba55f44992546da0c9f06339815c7246b10,3
0x82843673925e6570586ce48f944f0c9ad32566cb,3
0x514d47cfd03f964a462453e9a5d1a01ec99813fa,3
0x6bcba215f0fb601d832e5e63b4b888ef4fdc19a7,3
0xba482891e6fda547287b3c4201f8492f98a12ed1,3
0x1dc841d2f0407ea500cbc919337389bf47065031,3
0x33f4f6dba0f7b2c31c29316590310395dfb89fc8,3
0x425885a6f758063a29eaab305d9f2acf5f775add,3
0x7adf6a3ce7ba4729548c024554dc6b84052148b7,3
0x49d63bfa7908e26b81ab9ee165494b838e896a1c,3
0x67bc019f7f7f2a8253f65d25803127e53087ee46,3
0x49d34ec2c56e4a0ab17debdc8e86d9d5cefdd49b,3
0x4e84c1a523201aa696c805e6df372eaa407ca83e,3
0xe26cad83df0facf212c17590e5f71ca452826a6f,3
0x0261b39c50df88d4bf7677eebafbb6f3c896d26f,3
0xebd945f01311df5823f112cb561997bdb415f77c,3
0x408097d088a834ea1558f6e25c94e652a5d5087b,3
0x065b3b833bcda78379dcac45006777f9afcd6444,3
0x4083aa969b05d8c37498ba452f615e6aa5b4bc3f,3
0xdf5263cd48223251ca296db55fb68b7c3181e7be,3
0x906e5626001994368ef9f7c8cb30172470b0d920,3
0xd9cd77909830ee717f0262c93f1ae8383d03a439,3
0x5178875b09e1441cc7073dd5d3cfd9381e7f6773,3
0x073f870c9eb4e1b8db0fde62f1eb0bdf8c244dc6,3
0xcadc6a46a9da47702f8c4895341007c6a26f9423,3
0xba86577101c8238374ab6f63dc8891b290110e9e,3
0x8ca95d58e57e8eab9e6247e0e61641f4bc52429b,3
0xd1d33cca3b29838e454136b52c1887ad4aa5623d,3
0x2700cc7db20f05f577962f7b942750161a466acc,3
0xd2009e116b6369ca532e3acc3aa97456627471bf,3
0xc84d89b4d50e98b7c8680206961c2f11ef440b7c,3
0x6a60f9f43ed4051b75c27f75090c08b74d846618,3
0xde36972ce96a51c6be609a8f6d91ddab4b739b81,3
0x13097bbfd16ec25bfbc34a7f371cc1fc6dc84bd0,3
0x9dd997b50b23569681e817cd25bd9e657bc4edaf,3
0x9a470bf396f9d51028f56223f499c28bf7022c11,3
0x4a42f589f514a2a127b0ee82f973e5c864031aed,3
0xfd749f02193b4bcf24cd228b758561180be3657e,3
0x6342c692cd0917e50a9540ccfec4ea8910350107,3
0xa8a5bed51addf43e6599fe5ded02fcf2db507075,3
0xe711bf9b9392daa1c623725e7ec752e3b4e935f3,3
0x5fec4ad90da963addd2d2916a554da86bdc64da7,3
0x271c9b41bd00dcb197c0a8f8536aba17b28c3648,3
0x6c62c615a278ddedde59c4ec37ac0cf3b4c065fb,3
0xc03f321271b9f5a4846aca7f7d8fa1e73b65f727,3
0xd1dba0b43c2984e9ad69896c00527648dce844b1,3
0x6274d3d6db3c52f64b4b3db0b50865bfc1a3e752,3
0x1d04511c7cf097bb461c8f5d0028e2237294bd1d,3
0x29de8e04b1bfd96aef33d08b9db5b82c1ba7399b,3
0xc56e5b54fea933ac07e991d6014d67500d797b8c,3
0x2bca69fe72b191086a2bb3ee405e4dc66c4812e6,3
0x5f96b450eea9cccf049b964173aaba0c8daa7829,3
0xf734808b6d5b0f93894b5d5a65c544260e6a93ac,3
0x349a3e46c19e89c3c24978a868119f2bd643e099,3
0xa9378abe33b9aebd36e4e227d49bc17833460f3a,3
0x555f2cbdc13021bc024e58073bf3c848b531608c,3
0x37a9caa906a07f9836dafab2a650b0a0e5e4e0c0,3
0xff2f417625b2222e4e2d2e9bc484c8d092b29906,3
0x94e4d8f5dd248201158200c6790f20c46096695a,3
0xd64e64f81f950933462e3e927da068c0f308a4f8,3
0xb53e4aed42192c38e36a316b65f4874f32eb5a62,3
0xb21d3f3ac615e7e2e98c8789b2f06cb8b868c846,3
0x1ca1cfe5e6a964873c54088fdda8369e80a4cb58,3
0xae22b4407dde4c867c880ac74ef3b15ed2ac9cda,3
0xca30b95bf2339083a9cf972aae6282e681af561a,3
0x8252c72a46d77eb16ecbc3a8968d46bbf55ad385,3
0x2183378befc1db0640047f94159df3a527acc168,3
0x62ba0b8c3c6efce37c5a3a51c58d20cbf5f9430c,3
0x77810be1a28584822c52b4cbe62793a6d275a936,3
0x37ec2120f0946618df36d7f0d051c7bb7032469b,3
0xb9a8d2676c81b8ab31ee89c04b706b0a9ddf5f80,3
0xdac6310540fe5e77ca8df35313fbf369c1d8e117,3
0xed7f3c9901c444b0bad81d16aeb3a0b1a76f771b,3
0xefa1ea683825accf2ff0289242b02b084f957bb7,3
0x37379033390ae074a3689356eb394c7bda35c3e8,3
0x3aff4205184c8bd7768b6775cc4afc696065a29a,3
0xe19d9783dbde4e424170ec5b37d08a8df8f24ed6,3
0x5aee42425fde2bcade81259b20a657bec2c9298e,3
0x41235bd7f72355f6c2765c4e7fbf32af3c2d85f2,3
0x73e5e901574efc7c8bb2d25ce9df412156765505,3
0xb280e65d500b4644737bf1c60d406b49c07d857f,3
0x89c030914b562628618e68bcda49f8ed617dae08,3
0xe93714fdc169afc9ffd803f20a09bf03b0959696,3
0xb0f73d27a844867593d2a5acfa9b0bfd74c57ccf,3
0x4157ca2c3f01cce43af82c028351b4816cbefdbb,3
0xb6844da714e62872cb546110d396fd5282470d8f,3
0x43a68370e388f997c52c7a0bf6388fdafe64ca4f,3
0x43a1cdcba66e0537d8a35f95356bb5c2e90a4039,3
0x498fc166b361e562f9d377bb25d44349ec4429ef,3
0xff37fdf322f9923905437c406cec9e37592a6099,3
0x41764e9356a798ef2de2a9434df9c63da30d63f7,3
0x2bddb6cde829fb800a20009fb843be6a3b04de19,3
0xe6f584a1bdc878797f87d58bede4abfd8f734128,3
0xa3633fc6e1f0c673dba7df8f809b43dd2ae2146d,3
0xb85ce48d10404874a913842eec1629d435aeeda2,3
0x8cc43a9810def2c066b24fc1625fb5e1bda2565e,3
0x382d998eb6a47ed6624db0f6bf1ad72c6e6b244c,3
0x73ab2187fab4bb5b7e11eb6cf91e22ec4c7ca113,3
0xd3160bebe82b70662ab4744b9e48fc7132f3095c,3
0xabcdd5209d0a053ac546d19a12fd0d1d10e09bf6,3
0xdfb47dc6391786310fb199e07f88ef45f4282f5f,3
0x384e8498bf6973645e9ef25ed526565771427cab,3
0x7f155075b8a0249e30dedcefffabbc67b240cbca,3
0xabc36177b324d2033155df210a6bdc6ee52f8a50,3
0x5fbefe60ed1061d1aff288a599bb93ff8177e1c9,3
0xd2db866127b68f7788e259b0ec73c1c17603c9a1,3
0x9d27df0d23d7944e33d09e09ce56015fdb1a5175,3
0x90e21f6f6552779e22839b386710018a6e59cbcb,3
0x7a7c414b8d9d9ab091791c48eea5ff5d469de270,3
0x4ecb631d4be61be494078abb4748ced2fac0cbff,3
0x1d1d09ec8d8e85fd3847f904973c12e66d51f5e1,3
0x138d2aff7cfda74fb7c2ca2213aefd15de695f07,3
0xc30e8cfd1d4e3962697af67b4eb74e9e41bba527,3
0xe79bd84796c452387e1a86a39ece32de830ee4d4,3
0xee9160d22522be1ef56892ba1496242f3bd6fd02,3
0x75ba8b3fb9d0a2651ddce16bfdcc54f39025631d,3
0x8d703a2a0bf8842eb6fc38ede6ddb995d9562523,3
0x928dafa5be7f7f5dc8747d82f87e7fb42c8c3b6c,3
0x09ebe2fd82949cd995b759c03b6f9bda4645d93b,3
0x99c6dd7a13a331c9cd3a0654911c63168886dca4,3
0xa49a9de072a8a0ae700b0259692a51d42169e4ea,3
0x1fc7b88473e7c9707c0caf76ccdaae34b272968f,3
0x3bac95202f5bbbe0c2198daac1ee4b95e69dcadb,3
0xe831fea5d1e3cd21f246dfe11c5ecc402d8b6932,3
0xdeec77cb9e5890508d4b618e2330e1c6df985e0e,3
0x51d903f5be1337a882e06383a1385f8caa21fd83,3
0x258bc0c071df441622620e0519d5aee070a974c7,3
0xeb519c724f06721ec34cb0828ac1209d04815f8b,3
0x180979f43230a4629c17c0acffaaffbdb56a3979,3
0xea0a77f1e50082f8726a7ca93da9f57cf0bced48,3
0x24fa652a56befb2456757850324082f9b94e0050,3
0x02bc7d6565e7395ec2dbd949564e11ca2b031d8a,3
0xe3e4cc721be310c3dadb332032e0a41985f41e70,3
0xdc36a187dab58f98b687ecab34694a4aacabc496,3
0x5db1c0d238c491c6134f78737006b86b3f59953c,3
0x98ad6e2bfc1aaf610b854556be29abc2ddeaace7,3
0x7e18db852e0168883b6ef6518d949a1157a089d5,3
0xd4ee40b34c57ae194ed602cf3267a1f4ea8bdfa4,3
0x07327e6c0794a80b8aa25dec66101bc10fd64534,3
0xeeca9f0a35bb6e915260746c92d29e334538f06c,3
0x17ff5f58237522b6028cc9a6b2b959bcf30f6438,3
0x60d0235b02a1fa6b84a40e7eb8638639e6222a04,3
0xa761dcc96036b4f259b7ed99fa9e5f47ee2bfd80,3
0xd7460251f0f008ca7a97d888aaf408c227d8c224,3
0x7f81e8bb3baf1b09355c1157b239102e4207b245,3
0x3984657a235fda0d1d486bed7649c7f62c2143d3,3
0xa66dd8422ed244b78e2a064c764f0a14c1b89cf6,3
0xf7c0d5e897666ce6590a749ff1bd9edaf7eab2a5,3
0x57ad830c46a8457ddce3c772e9a511cb5ed01def,3
0xd1338e7e0fbda95602d40cde5292a4acdbe7d23e,3
0xd8aa69e339cf9c891cd32ce6cb0edece5c208be3,3
0xcdd5cecbdeb581d21efa726a8dad70e51946fc1e,3
0xa8c9dbc6d6cc7032b4d9c8c722479378e186306e,3
0x071cd6db646671fbbc3500fc7d2d5c5774166e95,3
0x17963a3a15857a09c30a378063374c308da1df48,3
0x80a5257b4de51ec7933160ddb801e99b73563311,3
0x96594ad9da5d562759da8117cec0db0ade2d9163,3
0x0e564cb427369763ba8cd9ed86723bbef272de51,3
0x0ba7d36b88fae928eb71c8e026efdb660f2823ca,3
0x25281c1e7c998c1765b872a887c47d26498f5860,3
0x7597663b5c523df6382e4c760c1c73e20d92ae8d,3
0xdce5d0f913c8194328ea09efbea12a81765519d2,3
0x5865bdfd82f7e3cd12fcf50e747af512e1686083,3
0xee33f9d394a9c57249bf18cc6c16845daa4ef799,3
0xe82528c34e4ded6c42d2c1f4f05f5443122b47fa,3
0x8e89f8ec53350b783f30fce12c75eb08f6fd3804,3
0x2011950d75834bcdb0e8b0c9067224cf7e17e9f9,3
0x99051e8aac702c1f2d8b08bfe5a9341ced330faf,3
0x7d2c2ce3f5c24897b085d74d516468bc240d3729,3
0x9bbf458b3f484c1c328dc5cc92c13cb647f0aa64,3
0x32bfdafa49b4ef0bd34db7fcd405d30dc2b48b2b,3
0xe81de301ed8e10748fdfacae17072d7b9e82db90,3
0x2af60e94d72ad4d5cc6f339f8aefa7cfe5a8f032,3
0x336f246bf74497bc99c5efe6e26507e02035c2b8,3
0xbd798d5544d9689be2c630d922c327f13179bb23,3
0x9fe7fa6332d265ff0d584fefdca89b8798287ca4,3
0xdfffe3144577c0d610a10058827ad2a82c8fde7d,3
0x3d487517a7e6200eec6733d984a01b4055ed3780,3
0x84ef92aa3fe0f35487cb1f63556b33286b9fc5ab,3
0xa50579fd8799429a483968a2ee36c3f48a2d1b23,3
0xe475066a76b47924ae1a06fcfa8bfca5c446fb82,3
0xa4f3d8233aa6dacacd4ef3e1d319da09d7d75bf9,3
0x09d172fddab7b7b07c61d72961e08eb0b2513aa7,3
0x4dbd729e5329c57421076a67ff4edf6e68b980d6,3
0x64bb69f3cd628072c0640ca4c109b7f2cf3b4e78,3
0x33b58aabc4142d7705a3c784a71affddf2cfadcb,3
0xb92cc224da70cade41dc84063ba18084b98ac7ed,3
0xda62c0351ec0d52cd07dc2ee0f85a9992d930e05,3
0x0a812f4936411a9a0d5bfeeedb192ad724732ab8,3
0x014e93d6da95d6a424346e5e26243107c4d9e8ef,3
0x7f574f6e4ec3a48d52daade4465c06fa6b3bdf8b,3
0x681440e341d6b0667cf47e42b02d9e127a484689,3
0xd82ac7542f6fa558ba29f92590dc9ce9175d5f10,3
0x6351e85aa7d50c214d6887d645dc5b913ee8b784,3
0x61b5f597b27679cf57459f0c4a03315e650c5526,3
0x6a3ce67611af2e23b8f58151e57c200f87ca897b,3
0xa10629d026a7fcc540d64792a76a4dfd7676fda9,3
0x0644933bb8a1d38a56c3207981950ffd12de0fb2,3
0xa16d2b3c962a9db9dd10be040d007c22d84ecab5,3
0xfabe8d272e75707ba34c57564967baf693468cd9,3
0x20ea84094d39d87357a48acdff8e00b9a7e5ab5b,3
0x1e7dd1c1c2c704be63f36f91514934bc61eec20d,3
0x9feb31aa6c755ece48e531333fadc3ddfd8a1d82,3
0xd3c38abe6879c52c7ce729766f74a5d9880fa1f4,3
0xa4c50c90040e50793a8dd27ce66accb54fbc4a03,3
0xe439bdebc404aefadbae897927d9aef58b229545,3
0x336d1583c126dbbb6add92fba7db75a670b7f9a0,3
0x3351a8c1d9f5f3c9b82f4992338b34b4dd225e25,3
0x9e095e3a12ca1a09a175e7c702b51da93024fb18,3
0x24c0bebab95c0581c41f652a6f215176b1490853,3
0x3cab19863ee3695b9b712d8e80ac4298e8c989cb,3
0x4a9d94c6de3fbc320d6ff7f4c9f97cfe3d2dbe54,3
0x1f280bef147d9dbc8deaf776811e2d6475741a87,3
0x45b13295067e8c33fe3d196fb9cdbc303e4c9641,3
0xccebfd0bd7c732f28fab5cb66123dabc339985c3,3
0x86f87ab89dd29ecf01727732bedfe27799be9421,3
0x0a1cb9f9c95c8e9cb6ab1d0a33fc6a714e89efad,3
0xafc83d9d9636019a4975ee54f1727eadcdd680ca,3
0x36121231272c84bbfc66e78cb1a70ad29eaec7c4,3
0x1e85dd18c69ce78ea8e613e2b3941b41ea0f0ddf,3
0x99ef7ded01f8738a962f7a07a06cbba91e9e84f7,3
0xbd6b8d8fa94f7307840252548549b56a33c98054,3
0x7376214aa64ff922cb1e2192801a3bed0a836260,2
0xa0bbf4e4ed587b76469f41c9aa6f8aec080b902e,2
0x19d2e9dbfb37b454d1644e30ece89f66842169b1,2
0x7fd5dbf8e8a68f9e427c07249f062ba895517274,2
0x668b172d99fcdcd9f21561a219bb6cf769a93571,2
0x66532c50e4544e5500102740e84c9ff4a7aee5a9,2
0xa6c1c38c5f8720b71afa9236d7effd6aa38d1ebd,2
0xa6bca85e6cbe9d829e2f01bc85e2063c3d1a6dfd,2
0xd03fef803bb16e37fbc6a2300d874fe5d2aa4a62,2
0x72dca0d7a7e7515af7dee896bfb2448c3d90a97b,2
0x8662efcf3b97a2d8ce14b1533038e16d389eada8,2
0x0b58ccab572604580b56f62337a9ad6c7be45b6a,2
0xe84cedca85fec3117e77477a9bf2ab6df5cfed47,2
0x73126199c9bd01424fad3a6501454bdc298f5076,2
0x66779f28d1be40ff255d72b54a121ac90abb7f49,2
0xc5a7da92b55ce398f5f43751346aafd9bb5bfa9d,2
0x2b60dcf07a4a080a1ddb2172f46c7d43d4799ca1,2
0x9b4d376187f2e3e6b3fa320a70338d47f56300fb,2
0xfc7a682fc5ddd6a12f3e4cd1628a00cac7db6541,2
0xe843576762f39c05d42df4c97df52259c0510b3f,2
0xb5dadd1eedfc9844fb8c53638232fabae5017539,2
0xb5ddf7e8dc20b2d58aa6b49f089b4f2ee27e56f6,2
0x9b71dd66e7e8be4de110fc8ad324092bf71ae103,2
0xc5d94f150d6e38eb71206393243c4297e4148c39,2
0x7354ea840de615e8a45d7b162fe81e7b7fc64335,2
0x374d006c52650c386335bbaf315f4803aeb7c54e,2
0xc5bea88a1d864aa9135e0e8acb62d9909e272388,2
0x21d596b2e2d4a52f366d7ecca597bd7574649853,2
0x9b5678535f5658bae6ca67dd05c8730bc3424953,2
0x37470449d2a7420053f91e9f0f150befdd097f63,2
0xf6a3e06386ad79d8a528f55df17be6e452b58839,2
0xa69002fce81ec39cea10b843ed1ec4269ea98a9a,2
0x5d44184eb545821c0888d622ec4a73c6a4e85f64,2
0x666155c6bcf71d104486ffa26f385ef03016d22f,2
0x732b6edefbae1474ae461aeb2ef0b1b7a74d2b63,2
0xadd0687fcfb1fc9e349f3b16c4bb350d52f16055,2
0x2b67d7b3a74723030e6e62f5334aa556512122c9,2
0xfd6d4f17388b501fb9395f9fc0ffee1f839f0528,2
0xea157dd118d0a555fd5487b57db34d1018533456,2
0x74d1c40e7ec800b513a1e7b7f807b2da8d344417,2
0x52ed8e451b86e7d6c6d61c564e4f38c5230938e4,2
0xa113f7f9426530f1393b84fce652a80d68149fbd,2
0xb6f0807a33d5501807212f0a5d6272f95f188340,2
0x1830a09e6324287c31a23f62793726c166928392,2
0x2c7a963aa4fdea29968cdb55293b0788a52b7ff3,2
0x99e33ec713590c3085aba1f73642c7a2ceb4d9a5,2
0x69a8a7164309d58e6a1510d1d393f93256edad3d,2
0x66bc7b2c9ed933cf0055ceb676677526e5ba71ed,2
0x18529bd14f2874ea022e2d3cb8bb708d0399cd7c,2
0x531f680db5b4d00880843718615790a633aa5582,2
0xb206ecf1dd16c076c59970d1615066aa06b31c5a,2
0x444ef3c1315ed4531436a82f78be3a225ff0a414,2
0xd8f52664d137e1a91275eec47aa287538a2b3f10,2
0x36bcfcf8cdd3f4efa95a2dbeb084db2949e9ac6f,2
0xb6cf3d71da01e93c0ee1ab96a1094d5a64a90a61,2
0xe9c99d5fc1d4837afa290d4e48be180de84b780a,2
0x80ec4300f5db2ed8e7f7eb276a1f30af5626dc79,2
0x0b899040be2d5b27dc391883ecff37d6812d843a,2
0xf65f6dfe6953eea5898eafd10262286a3279b601,2
0x99596b751389075729ea161708c004cf7a46c9b6,2
0x528153e235465ebe91224919ad07af133546e5b5,2
0x5289d8b347ed1de978224f08f36050fdddc49ab3,2
0xea8b379925539fd4237cba4a6a870ee10507693c,2
0x65612489cb5a06d7b2b02c45209a34ede1bcf66e,2
0xb71a8d195b7fb2fb3be0202570674dadcc64d550,2
0x26db64af7aec6e9c31664065027c72d300ea87a4,2
0xcaf769f00ea65ea67babd04eec922bda8cfd5d11,2
0xea6a145bcfdbc761da37059c9405233f55c41670,2
0x17b72a00a23ef38cafec82c9239253cc149eef20,2
0xa73f4a6f594a4c59a14a035990ee3a0322164804,2
0x86c9bee1802d11493af98b1243b07eb56822422c,2
0x52c7dd1feb11f601d310966bc1fbee3a471c3208,2
0x52cd415f4f9cc1e4cfc7fefb733ed58a860d1dc6,2
0x750724e8057cceb09020522b7e0792139bb3f73c,2
0x99a5e34ac15fe947ed4c685fbd18ad6ebf14f6c1,2
0xa74d87b08769be79e49e7410ed5295b0cca4d033,2
0x072e92eae5f6bfffebd18cb18911fd57caa9d783,2
0xcaf474f01979392afcbe8f900c0c243b9a2afcdc,2
0xad362d73ae43a98cae322ccb0189d41c3229c9f4,2
0x26e8134ecc3af5cce32f34b03e7bd2f318b25158,2
0x6ccf41e95118cf9485fb2c6835e446aa8549aed0,2
0x9ac2762c0c47d0dbc9ec734383857cf65a222211,2
0x8695e6f3a926a25e02309cb484125c9a9aaa6d77,2
0xafbe1fedad01392a6f2c13a0db75ad32ec608d3c,2
0x9ac67ab55b09e386e2aa0710f5cf3831108e72ad,2
0x21f5b02b1e8a042cb268dfa30df5987cc45a8ab9,2
0x827bf68678de4a6dc54c47c3d37f7bcf6dbcb44a,2
0x5d6d4284c00ff067b659b2a7c0f051e0ce90bd90,2
0xa6e91c807e4e91e89d18ca8d97e76a95b71d0cec,2
0x02114c4c2d7f1edcbd9562f95571f77d5a5d5a6f,2
0x739ee826c0902b772517c739536e71aa8450bbec,2
0xc43738f185ec9e746c519493672877d79e9a3a13,2
0x739d2fec1f8c5c57387dcb8f5ed1a8e651eeee8d,2
0x37288ebbd0adc1cee47f67da33f293587ac32a45,2
0xe8e6dceeaa1f2925fe8910d454327804addf1438,2
0xe8d7abc6c9eff9a508e03b08dc9b769b391452eb,2
0x662b67efa3e2d8c882fb1b58233886881ede880b,2
0x21e6cee253b38abb01c1d1f5e1b7b3a538d35fea,2
0x3735653c904265c75e48fe3eb223d7837bed569f,2
0x6642c71bdd7fc8beb1b73d43a8a1254ab73e32ae,2
0xd06e777fc5a556c0cc37faedbb1f05a249fa0695,2
0x078db24acd9b4c214524b1620974155096f605ef,2
0xe8f76803adc0693b0b7870510821bf73ccd56f73,2
0x2c34bcf05c1593812dc3cb74bd404e5c7b05bef0,2
0x8d4d1213c20e034ef1fb157481b46e091c73541c,2
0x18a54efdbb22239d96373a83ea63ebe88bca6658,2
0x5335a2f636ec0024c46d6d30f118f1fd6aa03e71,2
0x440af2fe32c31fbd204dc61c79d53dd694304801,2
0x84a020810e7173817e310562d2124bc3b86c6a91,2
0xb21356511d3b9560292dab6675ec90f0453edc7d,2
0x535eacfe75162cddac843b2b02be0b659426b81b,2
0x0b7ae4a3ce1615b13134926a9c4910bf6f7a1354,2
0x9a56681e103a23fdbf2c75ad92d0c6a453d18b72,2
0xc4d8cd4658a39762ba3c718b02e891b7974b710f,2
0x9a5bfc533242f83a4a8a2e8de91f024fc5eb8526,2
0x18edc31e2b7105f7e7ea0b3f892c1a90c6193b55,2
0xa0d4789302f83c2940040b52abaee5d2b675a735,2
0x661524664cf510a200d92a5b6c77d2891992548e,2
0xfd84d712675aa954c7c453b2f1ccb65f8252668f,2
0xa6f61028ece8079aa1594fde332b07337674d10b,2
0x86a46c798842958b04c91baaaabeefb49a685d77,2
0x1925462cc2e1c20d1d2b2d2c9ea3705d16b904a6,2
0xd08e9ba338674d8161a530a4957527ae174eb68d,2
0x73d5d84d4d6a2e848d4135fce040ab2dc6d63cbf,2
0x43f30a7a5f5ac5ee3f2749040a1431f498fc73d8,2
0x08085707de44abe0ad8b8f76b97fef4a7e570f15,2
0x9e332693968d93ab44b61a49ec1b8008427b2e24,2
0xb3caa7ecb46c48febb8976703544fec126f3b5f1,2
0x5695a38b46d365685012dc9ce064478e6f20afc9,2
0x20f680aa1a7428acabee3b89af5d5e97c749e805,2
0xb3c9c7e35a909166bfe919c7ca347f361a35f09e,2
0xa45111cdd1443e9f47e749ab714ace08915d3b45,2
0x9e6c1b11ee5fdc1661a1b531b41c6f8f3755bcf7,2
0x1eea1c30e85563566ee21196d7f2161710776139,2
0x9e6de8900820cb600a541c3dd02712f8a94c9c53,2
0x1ef832120aa68c650e84df4769c5d9616d914014,2
0x1f06d8adfd64427f7fb1a366082f21c6a666cc7f,2
0x67348c021acd451ff14a59e692282a101c51e9c7,2
0x57eb566dd25f36e88847cb0f65ddcac2f86ec897,2
0x6e22a115f0588930680353a2a3ac14181cfcfc43,2
0xa4e32748a13bc39d73ec16ca135a91d47c67f6e5,2
0xc9ed14a171f9fdb65c34d57b94f7f85654be0102,2
0xc8bfc5c0d7a61cc90f966caccc97edad876871ea,2
0xa4d61dd42dd8d6ca59d2fed511f5dfe8fbba3729,2
0x20db3582a56d5353e0a07174c55894e6115e0a35,2
0x38efd90bc279dc2081ca8f75ffac91db3916d105,2
0x84be54000879ac0b1906558626f7cc248f2e9c29,2
0x3fc443f38a988525d548818564adcdf960446062,2
0x56e019166d7344f4f86f5bbdc2aae51deae705e2,2
0xa4bee9f4318712c2ae6c83d6ca45cb6a15ab82ed,2
0x279477baf1a9113d5bd2347bb9821914fb7fffcf,2
0x20e9be8b1b0419c9298feb775a97b90d92980560,2
0x388addababb9a64faf9c519c12677f596d09105c,2
0xc825f07e9074f3387c8994aa68b99f5cb248ed67,2
0x213fd59581aa23eaf61e8387f6719ca084bb097b,2
0x56141bca986aeb8b18bcba303670697bcc0591dc,2
0x8065fcde907cc0cc56d4dcaa7c78237432a94b68,2
0xcf5a1c8fd7306e9e7c33efc3d9fb86bf2deb90bf,2
0x8b424bcb5cc4ab79ec55146fd33153c0d0261ddb,2
0x89feb12da9eb43b43609b9d21727698780581738,2
0x1e341e48d3bc2a6e0c3d0b63a0d1b983ca484aeb,2
0x294b33cb791ba1f3c0b1054cc1e133d02db5678a,2
0x40a45f17097479043cdb285ddbcbd8b4fb08e9a7,2
0x563217b0fe8d2adb764733d2bb27777a8f7e976d,2
0x0a825d1f12588a75bfa2942a1504d29f653c3f9d,2
0xb4085eccece95e272be93f115ab9e5a7aa66ccb6,2
0x563cd40e92d66eb885837b7c3fe20919a76ea368,2
0x67f62889be0c0ce7a51fa10da236e7cae8811196,2
0x39baf320370ba1cf76fc6b492f973602756398f9,2
0x9fed23b4dfdcc186fdc5d7e6611b6f41ce18ee16,2
0xa528c6bff07dc865f41a39c1971cd44e49070c5d,2
0x4078d2a003cb3a006799a5cdc8edc053ec773e59,2
0xa52502123f0a35cc15c373ebb1dd11f0b95015af,2
0x8da2f91a2bf6377a0cbe4e7aeae0cc7085a56f62,2
0x8b3ebe33e24ec4529f9f0bc8df0aabc82ee92554,2
0x4049fbfc8c15b8b85fb349f3522f45458d189d03,2
0x080681ddb72184ff93f6e14ae6f0607729c99f5d,2
0x6816662d1a44f8dc79903cc753dc18a6c8095582,2
0xe27beeb507be91e0dd068fc60b1b11b955306c67,2
0xe37dbb7341d9401d715b5edbb2c18e2857d3855d,2
0x3ebfc934fc90d0e68e07fac974ab0f6a626d5747,2
0x6ecd44062672b289701f48553ea7a4a801b741c4,2
0x27cbee02d20909e0afc77c1bd488d1c36e541469,2
0xf9471bc3ff2ddfa0f7f4bfdd95321514d6cc101f,2
0x6eb8479e79f3242851a53a41c0b218ed8d77b6e9,2
0xf93f8b5ec1b09fe5e742095dc32de39e2058fe87,2
0x9f533eec49dc2dbbf495f1cd687c2536d424be07,2
0xe345e6d087eae5f04cbfa45a125aacfb0cc66794,2
0x396f0084d2c829fbf38cc7b29a05cd3a416c0115,2
0xdcae073a3e9d365a029e6aa02a0e7f5c90b2d1b5,2
0x204eabc0b49efe4049d9008731bbc7b283d5d260,2
0x20d35ea8013db73196c1356caa1f8e329a9b5494,2
0x3f0f0f0018423aef1aaf4a3f2dde92a5b49a55a3,2
0x80b7992d061847ee598cd161b600f017f892e9c3,2
0xe3224d1cbba1f4d55c6e10ea1d4f4332e5fe466d,2
0x2061502439836e842c9e5daba56f605247d8b160,2
0x57b8134bb09f960f94406897c3ed803d2de6eb59,2
0x206dd2a7de620e9944fc459e5edc0b1b47afb7b7,2
0xaf4adfd83e64f2968976df9aa6a92c1eb905782a,2
0x02fea34e14b79b58835ee4cdc0f224cc3e006ff0,2
0x207940523e15f78472423098ede0d20c584770e3,2
0xe30a826ccc6e43816c2c1c75f32568aea7daf625,2
0x207bd34cd67eaf1dfeeaf434e21004e673aa6ec6,2
0xfc7539b82b4c436e3a8a99513eee3ca67550c497,2
0x68f9d9e0f91e25de203781c9c6ccd848ac8b678f,2
0xdcc913cd65383ad9fc918058c927cc1207ea63cd,2
0x6f5e2cdf1ac0169859b7832cb0761aa079482395,2
0x6e2f9371532a9fd06b7bac7f118ee5b4352e11bd,2
0x1f732a20d6f2d6c2a51292aa4050c6d4e027adb6,2
0x20d1aa4cba20ec4678b8cb61518857167e5d3ece,2
0x1f8206e93c334fe730da123787056b9cbc8b7f05,2
0xfdc1a8f0062dd3554b796efb1260cbac3bc4d929,2
0x02c89cb00da8aec602587b2f1bb5be7e278a1801,2
0xfc60dfb6e1e91dee9ce6a31301d4e2b4ffd0995f,2
0xa4ae50aaaab9b457176b0847a1298e8c3f218a26,2
0x690e24b8bed33a18175808f3b1a395e79ba5fac5,2
0xe2c8ef3c558340103e65d1e43781334738b3c2dc,2
0x0a5f5479760bb7b97987cb23e14634ad71b60292,2
0x3935f508a712fff2d9e1959b34c10c0ad37dd2f0,2
0x0a48455c0912ddd6237d9dd62fe2e48a070bb276,2
0xc92b390bb4c4422856183486401b2c8c25d8e72e,2
0xdc74cdf1ef1799c15aadd65b763f70c3bac9eaf2,2
0x326eada6e7fc62c4b7c5880fe12f4d924d5eb24b,2
0x394bb3e3f8199bf56501fbd64ab0df3db8e1c4f7,2
0x1fd03cefc1c3a51893dcfce0f703d9f53745db26,2
0x3f4dfb7e0a513a6608a303859ba7cf35f00cb96f,2
0x3eb94b8a7e8474fbdae6bdd092bed50cec004d3c,2
0x1fd82b1bf21405d3f55d82e8e07992274b6730ca,2
0xe3aea499e607bf70e09aa6fc2e4fa9264d58d275,2
0x3ebd2f512094aee51de7ae53f0833f50c4d7737b,2
0x9f1122ded684da3df64fe24062cd507dced6ec44,2
0x083b2f03ccdac7d746e17b36367d07ce9171e2f2,2
0x02f0573a0fd9351caa676d5dc83717c94a3b25cd,2
0x9ee130b9f17f19d70d519803b40146069a85025a,2
0xb55f332dc0928dda6e700bd9dae1cadd1d864ead,2
0xda77dbe043963939043de4dd0c2d0de9e40627d1,2
0x033a680b391f7bd6e19b701c47fc83f418a4c8cf,2
0x66f15a92b106796ee1d34f18e2e741115c84d4ed,2
0x9c295573da6ab91d96477f75acad6ab70c5c9b87,2
0x8fe738cb2b7de7168fea760abc7756e8e0c4ea7c,2
0x8a7d30731cd2531e650e98aea2f86b36af747ed9,2
0x09f80f196a7fa18ae0308dc45882a914b90ff681,2
0x5cd84dfdbdb806a92edd6057dbfe8323d84df4e9,2
0xcfe63ab3291e0478da562b260ee4a13baca5db03,2
0x37a672a909c75898a5df3a87505872961ea9b529,2
0x800c32a75186054911dcb2a12d86dace20396f9c,2
0xa55902d0c59cb3afaecfaedf0e96c2fc401db29d,2
0x1c0e222ec5be6964709217939bbf78594b5b15a1,2
0x9c573209045b1115fe5fb384691a5a81a9ff582d,2
0x1c0ff5b28606d7dfa3567891197099070f1bf322,2
0x2a7ec5e14f42b67776a004083a56aec8be48ba2d,2
0x5518bdd9d3a0972927fba16c3bd2257901160a7a,2
0x42207074923bd83e8d0d548f006580d395d88e71,2
0x175f835362df778c6989ff907b75d4577ac21f4b,2
0x3a02070b56896ae0f40f80396dd956d384a8cd7a,2
0x71f72353c65f72bfc04242193030844138548b78,2
0xf925d6cb38ab047764cd08238b0d67ebffaac0be,2
0x71ed7fbcd645f20798fee7b4be3485e229293010,2
0xe6aca19df41f7231313655c1e25466c58f24bfaf,2
0x2a5c1144a585804dd0c18b3c88705864bd68cafa,2
0xc6be03412b4d64f90209e3b7a240a2c2e70c1d1d,2
0xa07d094fa711c63ee3ddd5137ff8612eab7581f8,2
0x5463072b57645f0050ac34de1e9c791de1ba63ae,2
0xfe4a17a8918e51a75b4cc36bcc6b87bb470fb4e4,2
0x2b34e20163bee7e65be8c37ab8bce522fc54b3ea,2
0x7fe1e720a00ab6b744482159607d249701f31356,2
0x66d06f2890550d36225a27d4df619110df16aa29,2
0xe1c378c8caf7c3193b3fb81678886b14b00c75c2,2
0x0b1f38c5447515f2e8986e89be6234520da49019,2
0x2b28ee5c6b789b079b4a4fb45f767b3fd1d826cc,2
0x04858769d54711c664e5b54187423ece8d4ea213,2
0x66db247fa220452d8a9c1f80f436dd53b69fd755,2
0xe7a54a402b88a892740326e33a202170d99cb0a8,2
0xdd45d467032a34ebb20aa57328caf8e68d6f931d,2
0x9bd57d977db6cb0079a13f99117770d3b249f482,2
0xda46c77f176694ecbdea602d9fb21c38a5b58a83,2
0x5495b887c154a8e4be7ddd95af4fc766bbcf7b79,2
0x1b43ab4b98d3f9d351e33fa780f03098f0ece904,2
0x9bdb2a3d2447074f832bb88ee2ed31365e1114a5,2
0x827565437514cdbbbae5de7359b52730970a9d8f,2
0x3772a67e24a65f412633484082dbafd05872ce4b,2
0xa07ad487e178e89f99f2ee864c1cc8cebdf926a1,2
0xe7536117347ff0c08942ef15a55808d36b3e9b02,2
0xda55e193f871edfb680e8576b11cb2792d150c8c,2
0x5857745e6ba23567f651b49188b46757af32213b,2
0x1b9f40ec19d16474a92fcccfe2d42d34c9c41a8a,2
0x8ff3895e991b43c70521f6e6d635cb32ca29116c,2
0x729fb7ba7b58a808c8bfebb38b2bfd905ce91834,2
0xe603aa4065e1f1f7bf52620a56f9da7a606650fe,2
0xca13bceadf69f1bdbdd4966b4375879bef955c93,2
0xb4a7a7e8ff9eedf276f917e0aee5d667fa8d4931,2
0xca0984983c71f4537e9e22eeac20b5f8cc5062a8,2
0x29b22ac92dd3868b319e0f9db6b3ec14dcd3fd23,2
0xcf89b94457e4e4fe7939d03b5811c89c03beda4f,2
0x55c14376c47efdf1bfa11d2dd3eafa6f95e2ceb0,2
0x41589b86ef68d60bf4f941f8e3c8daf079444cc9,2
0xa59fcf47701d5c613c34b99d2527f8f66ca4faa7,2
0x29a4f65e72a1f62f1695da7ce04834d74202d54a,2
0x80c62a75f5b04bbc2f4b065ee1943642de5494a4,2
0x1d9ad8aa28a9afc8753591222114daab878b7f16,2
0x37bcb76b55fd214b337c727e07661ab4603ff36a,2
0x38736dbb51a7ec0711bea0845d4eb972b2d693de,2
0xe5b4dc9b22441599b7d5370eba073cf9a71195ef,2
0xa5757779e3bbef0e470d7a2689921f36f65a06c7,2
0x70b885963c26e712e8ed01932f0c6cd09f8dfea3,2
0x2774a87cf4c97238f1aa58766ddb56d662388697,2
0xc800e8c5d976f7bcca6fca3b4bd1c94eac3e25a0,2
0xe5a13f81b037556f010ce204f66b330cc8fd196b,2
0x214bcdfa86cb062dce54c78e55b9ab7bf1dcd6a7,2
0x580348c023bca9fda12d9ee50780acc30de81c71,2
0x5607663547d87c89f09e6ee5424002a51a9b1cfb,2
0xdb7ed20a284d13060a9d0c6dc1b2ce15c921d8e9,2
0x8faa94f1fce8a106be1afcbe66991217be19aa28,2
0x560a9c8c40cd19f8596e164f40e63f61ffa4d2df,2
0xdd087f821cbda6beea0ba5d98f5ec7db2cd65f90,2
0xc6ea085a4d276896408cc67c2a8144eeb83ec1c9,2
0x5cc8222cd5f0e179e372ba04fddf4548bb3cc129,2
0xf72a17b385b0fc7cc1335a0f2783583e73aa208b,2
0x37d67a5da381c7af52948030c181d1f9f4dadbc1,2
0xe6933a49df5ffc066b4cb69e3d64aa485bea3085,2
0x5b6c0f43add19c37023313b0513ae05be1bed492,2
0x67477b2c15474afe9f62357335d2b6ca6d136f56,2
0x71a4ec27b08e7d577ce58c31d623b2b997eb1fdd,2
0xaf899e351129d539e51be333bd014b5f9fe6bbbb,2
0xdb185c27e9920830edd3facc44e55009042f239d,2
0x802760c2d27b587a8b9353d788f68bf321fcc817,2
0xdb1c565f786590ab785740998c64be585ec6a80b,2
0xe64cade4bedb5304c4101c64f3a87592b8a57693,2
0x1d28b8be6aba311183a0ec97d6ff7163bc1dc2d3,2
0xb4b8a90f027ae53f062a75351d6f29622ba0ec20,2
0xe23c4efbd2cd154d7ae5d5ee441538b1312bc0fb,2
0x1ce2173d3e62ee33f5ee8e76b68edd1ab89df2db,2
0x1ce67d3751388628cd15a030b11cb11b39f39820,2
0x1ce69b211bc11ac775c81ff87a2910ccde62cf8c,2
0x2176221d3a05d37267c028e5b934d552d580a919,2
0x3e3657ac343daf56ed63099ae5ecb0a3fb5b173b,2
0x0ad9ae32b2b20e61e9209760606caba8c80f3bfb,2
0x89f68d70d0f75358e527951e2ce444e3280de281,2
0x7163272b16f24031a6634182f54080ea8b2a87d2,2
0x3832542370874df87906aa9621f1850decca9654,2
0x5c861f2cc222c3fc837cc93530927ab56ceb0615,2
0x9d2275bc1d6d38c90b33cf7fa96e6de31b197ccc,2
0xe23989f8371b525854088bf8946e041e2736eec1,2
0xd5bc90bc3f20412474676030cc3cf85b63c16656,2
0xa9b6d20e6d535836090cd77a83f05418df6c812e,2
0x887e9ee255c4c45b6e779dfa43ed6e1545178e39,2
0x4e92ac53097a81832222865bdbc43a1323102200,2
0x9443e0bcd4945a3fad43fda86de5a9b1a43a145d,2
0x49ae48538e857bf820b66cdd1acbb770cd4e62eb,2
0x3065b7c648a8c8dedc8ba85e99289cc7f8968833,2
0xbede3e778c4792ca633c71b15b0857171e8ae5b3,2
0x7ab651e31e632444b9b57181a473079715988f17,2
0x4ea93376eb88c08b42a2dc72be462febee3e5350,2
0x945a36cfc2efa077561e8842f828e7e3854d066a,2
0xf07f8e634fd41503e5356a35bd7a858c7543113d,2
0x87c25752d043da3ea6e081c7057d9d0f829d34aa,2
0xa2086911be310f0f8ea6b903ad438c1fea1f6607,2
0x4eb2841629ed74c9cdf0f09b921fece88f7ec134,2
0x7a8b7d74b21b9ffd6aa4188f8034698338957537,2
0xd5d031ddb5e1468d31bfc4444c8e3c53aafacb67,2
0xbeeb9f739ee1f6b1b9628db0fd653e1564a6066e,2
0xf05f22ddccad360ab13eb51223983275cf0b0a66,2
0xd336e0ecaa04ad743dcee8ba63cc2bad37769c92,2
0x4ed004d07a690d77f03687a89126bbdc133315c2,2
0xd32ff112f68cd80538b0ba609079a9b2b6a45ccd,2
0xde2a8db2b6a205430828600bd57cd4393f51447a,2
0xf0496ebaac0f4257fc6edcafff29615505be87c7,2
0x6a57ff28da82f0460e488cfa544a23521c8e94dc,2
0x2447c28d5433ca63f16b12f38f50e16691de7437,2
0xba154eb03dfbfb15a0f46799bb8e70c81c4fb3cd,2
0x7aa307254b9309fe3682506944ab7f561df6e142,2
0x7b9cc408f92d9fa3d72ed384ed082dbebf19dd11,2
0xa9e81bbb0c776a66724d6465b1fcf91d530e101e,2
0x106ef9691a9b492dab52a080935a61aa225cb5f7,2
0x61fc3a79a6a49848cf8ff9b763f22f6150323fe3,2
0x7e5564abf6452754a68f517a66745a11520ee0e0,2
0x8531ab43b7cdd9e4668b1b1b270d878f20cb0798,2
0xba545fbc19b5d141a0166836b47d8432d844a7ae,2
0x93e872a24e004af046b3ca87117aa91b01a6fdfa,2
0x10986d0245773b416df2148fccad3db252ee27e2,2
0x308b4879041481155b5d6662d483b294e6a94a46,2
0x10a1a8ed9c4c0b105e1b39595590683747c73d2a,2
0x93fa509788ce2aebcacaeb3468f474340a151db8,2
0x30862de0a7516cb61e946a547e28ef0f9324c12e,2
0xde31b42d7de96659100757ab4212de4a3b447254,2
0xf1447ef061487c0d42f2b54798c8e8135de4048e,2
0x4a36f75dacbc1c70dbd962fd70d16439c5f5be8c,2
0x065fb9a00ab74c1d60a79ed11f96a96340f58a3d,2
0x30827c631e232789b77895a3c3bb8949bf697273,2
0xd5ade671a698e1ae2cd90da1529b8946f37e970c,2
0x915e0aa50bf445ff4a89d50e4ddb24895c69e4c8,2
0x307eec02ac4519aba494ecb2cf762fa81b472065,2
0xff4964c66b547fb57d702f24c8cd8f56360effbc,2
0xa274feb83941b256a35dcbfecc4f5f76dbd6f9f2,2
0x058f77571a96f72e0ac453ca98e523a4a0f72e2b,2
0x7b13e8423f55d2db5d9487f14e0a335651117aae,2
0x9423edb8db3c23a1b98e101ae535f852351161ea,2
0xd33fa0f31a7ef852dff7f02d4d9bc136367c6dec,2
0x4e7956003c1cb2fd847d619d90f93122a516654c,2
0x91606793602e352a188113008f215cf27196a449,2
0x346f98904de119ce15dc0c454a26149ce9d7a24d,2
0xef94ff07d5f29005c1e48f25ffa7d2f818b8a652,2
0x59734d0c2382b29a46984f5f70a953bd490b0c3d,2
0x2faec4e3c83971cd9ccc7b08355acda58741395b,2
0xfd358a3c85d104919b684e065e8a62e2f83a15bc,2
0x12527587c4bbfa0d6ef446187bd47ff8fb8b844b,2
0xef853f103414964a9d48c681e88be32a2a5a831a,2
0xd2df749692f41ffac6cbd46db2387f21d4231468,2
0x00a5a022360d8bcff21bc9638abf17dc4488b040,2
0x2fa40948dbef1067ac991e1b8a843775b51f28d5,2
0x348ba5baea6408055197abb706b6152f8683e6d0,2
0x348cc51fa76999c3894859e50ba666586d00353e,2
0x4fc27026f4ee5ba1e35b7c74a9a38a576550fbe4,2
0xa245b2a0419b1613bb0b372f85ee5428b148efd1,2
0x262c6e5f7688c5c955aaacc6e0f22086f30fe8fd,2
0x129401312fa4d842ce8dcbcda8d7ab8a0536bd6e,2
0xa930dcb0e2ba3a9b581485c5ad9dfb3e3943099d,2
0x8bf3c9a0bb5ef909c903b38ff7e5906d022662ab,2
0x793891e1d89bfe9bea5273694a095f5fb92c91a1,2
0x4867455f49e9795e247619cec868a396ad7a8cbb,2
0x48663732d589e8da24000b2bb7a09742b751d3cc,2
0x91171a4b7e5b6452ba674ec79ead8b8cad44218f,2
0xac0ece441f819a01cafa106088c095f1c089a690,2
0x12d060f97e9b3f0f4034a1a4b154cf99613bb36f,2
0xa20f4611f9cb110d6c45e64b8485b025b72307db,2
0x0098fe0cfd4c59239d2492965284944837de044b,2
0xa9096ca2f21c460ea2b52b86ee2310dbeff965dd,2
0x12e622fd2e01394f43c4e91387b6d425cd2d3c60,2
0x04177a96ede3614fdd376b0e69c0286009aaeedf,2
0x8889ed3eb96ece336f178bf025bc87fc3e92cd49,2
0x118815522e88c76b082f3f7be1d7e0909abcd685,2
0xcd104f97e19927f5f2c6e426b9aaae38077f94d5,2
0x0397b8099ef6e392454c5e1c7e645dd94b43e9ae,2
0xd30dca87492fef4f28c2652727ca66f80b447a71,2
0x5f9e0b7de5ae2b7779e966265fb449e10dbdca09,2
0xabe8d9d1f7af4ebcdda5ce8d756412d58fe4736c,2
0x300ed4665d6d1c353ba62735f133cb763b976449,2
0xb12936a8814e5346bbed02ee2b76b25b74a093ff,2
0xb9e57dd792033465badcdda02e161970571426bd,2
0xa960b214825033467cb6e2bf9e76f98741edb210,2
0x11bb4ac7e1910b3eb24368f0cc554042a3d70f3b,2
0x241bd67772e5ea00544a44be92eb09821096f910,2
0xde140eb7bf5a7bc677e05bca3d3be1bf15a36e38,2
0xde190098a503c13081813633b57dfdbd52d7db14,2
0xffe5001a45bd8ee1bb1d1d0c2156a86151fc90de,2
0xcc0954ee86dc12b6ce12d72bc7191e9dded05cd5,2
0x840cd8d34ec16d70a36df46886ec0d304a39e8bb,2
0x7e8c8fa4a12648aa6b7e40d1b596073c87ccb2e2,2
0x5f840a1d71ae8d4cf83ce712f8b7bc0ef46bb4ef,2
0x8ea87839a7001f05a9958b6585fabca5cee97701,2
0xb9beb060f91b1ed204ef6488ea70674793a6e88c,2
0xefc4cae4eb3f00050a9b98284af2fb198e5b4a61,2
0xd67851b0fe02265a306b8944a134672eed044cfa,2
0xabeb5dd4b3a8366c16ce82cdf6b329418410f929,2
0x3464a47c6a10f4bf2fb7641ed287114089e5d787,2
0x48c9c75a874ddc11e296deca571cd98a84740313,2
0x798982510af24ec0322d31713bbe9637c8ec1aff,2
0xa95fd88086254902e976d9a20dece4254822df7f,2
0x31f77f253f6b4fd7dc1d32671e327274bd52c429,2
0x0e965ed95bbe7cf1abf3888ef343c10c8fb04d7a,2
0xaad6919e1e1b33a5feda3b70ae101544516af624,2
0x612b34d02b64ec620092837339fe909a9b2a9e19,2
0x60aaeb5a558d225deddd5ad3b04d32de4e272e4c,2
0xf394a7b34260dd52c00a5b576fbc157a63851916,2
0x4ceb5ad57be33db97a0d41dda72b7eb5eff649cf,2
0x5a2450a281a45c51d764e5fad853ed4682abc54b,2
0x4cf623c9f93765319c31f8e4b161edb5bf9c1551,2
0xbb9f34af2dbe5b995bb0df232b9aaeeb9055c339,2
0x002c1444248554d0b080f109a13f917d192070f4,2
0xbb9bf96e5168c2ddd33f6b98af7dc4acaf8e330f,2
0x852e41f8a2d7d5960c733e50b4973cdfa6822452,2
0xf1aa54bdeba1da761e9b9c4a7c47dad61d453cad,2
0x8162e3db86454757e334b3f6ba65acef018dbe65,2
0x92ad36f2d4d60f6a9d07cb0752cf9be3fbd08943,2
0x5a443ffafe4c2a7d16f242eebcbabb1f46ca7baa,2
0xbccd155dd9e296c85437cce004497c127c4f4458,2
0xf35ea7e13295b121b973481c736fca279d720623,2
0xf35af1956083d9536c29fb69e2b12a4d7db34ee4,2
0x7ccce5f3f2f0ee456aabcf2412f1f28feccfac2a,2
0xf3548d5386a6fd6c0da950625b0b5fb20d009dc9,2
0xf445a7cee04f3b928dca0f77765a17fd420b7a53,2
0x4d3a02c61122a896754362526fdcf4a8c49546ad,2
0xbd03a30c3d9bdae95bea8ad398db30f3c457db1b,2
0x6a8bee066098ca348e8e42277a8e37171f675923,2
0xf32f3d1e2252bf3d83e5586961cb98df3011707a,2
0xcce4ca157df4adbde74da4c4eda1c2c417b993d9,2
0xbb94267722e124574193e0c29f291e3b7bd27012,2
0x60c98f09f0360abab4e4319ea3979711499d6c19,2
0x83b4475bca412961548a5d02b255b198dd97d3c0,2
0x7da96a9932ff2c77062e0dbc3343f296dbd39180,2
0xbbe2e6800521b65d69a26eec34989591f7614f81,2
0xbbda8d25a8ae6c8906106ace9ea08047c363b49b,2
0x3b6af6df1f98fbbcd2b4120203454486beb0789b,2
0xbc24146740a4ce05139aef986e790e47344132b7,2
0x4c5a2bcc83034eed1c34ecdcbcd8d9b46b5f62ae,2
0x6ad43978a97ede2163016bfbfbcfc6dd60359c40,2
0xf3f9a1d237c7c25a11b69091606f4605511e99e7,2
0xf3f38e19c0bde0343fc1b8463d8cccc6cd61771e,2
0x0e36f475c50ada7b49abc1f4e39c26fab69c7a7b,2
0x08e01f1b3156a5d8fe42ed47f09df5156e7c74fa,2
0x7d3310156505c90775afc9ad06047d473ad638a0,2
0xde98a3cc686c8f51e80bef18005963f433b05d17,2
0xf3ea57a10bfd731693a4db3986b7884709b53fc1,2
0x4ca599d72b3d6e9addcb7b08dc863f5b1780cbe2,2
0x2533058442aab21541381ac672e8272bda3035f4,2
0xccd788dcfa0d310876d3a39e355b3c642b0242dc,2
0x852da2be5d75e3878a7ad0676d4618fa916c6259,2
0x882ff38fdc2ffdcba8299b6c83c8a0b0d0db8115,2
0xfaeea761ce48a6911f2f0a2e712e86f8a3ad60ce,2
0x0e0e02106931f0412fd59b8ec0b1c1a2948705be,2
0x925898cc52f9650aeacf5822405036bcd420474d,2
0x9260abc24753d98f0de86ead13c5508cb3c9a7af,2
0x7d392a2a2737992ba909548db72fc0f0dd802599,2
0xfb211fe064fc7520a689222c9c9610de0bd51739,2
0xd47f95b346cef54684055dceec6be0b239609752,2
0x6ab70539e834088533c72c5ab1ef78326962203e,2
0x93660f01733242fc91c98923e7c88eb1a7c594e8,2
0xbdc2fe50a50fba5abd278e4d9e13e092a0f5d9a2,2
0x4dd55ef06dc4b8c50fa42e42ba54383e8460b9ca,2
0xf22d99042dad3e770e020f0f60ff94b3ac5b95c7,2
0x7c02bf269ee1f74041c0a6110e393510992ac724,2
0xdf4cd45a1302764581acd58482bafaaafe926faa,2
0x815495dab8b217531671bd489faed851db9b77e7,2
0x93795ee5322c69c86446f6cb2234d86f496c8f71,2
0x4df03be4c6d73028713511866890af630703c7f5,2
0x7be5703e3ac234d8c954aa906d8f9d4933fe2015,2
0x100957401b767253a2ff2b47a1bc583e77a0b5e5,2
0x7be1624d1f99255783af7f315bd947670ab4fbcc,2
0xbacf37252226065374a837755ff63bc93007d920,2
0xd4e2481c63227b1dce419aeeb58023e2bcea627a,2
0x83eeae9dd7797033be24cbdeb9dcc7ac2da821ea,2
0x4a88c0dffd652370816267f87eb90a21c24bc55c,2
0xf1ecae0876842d8e76801ef1fa165135d6d35299,2
0xd5712c7bc609b15313db192844d47af9e0ae3999,2
0x4a839eb1206b3d98e172a638bb997cdba8cc45ef,2
0x7e49c4e434f1fc056cda959733c6650d7720b2b5,2
0xbe1acaee7ea12129b6b441ec5e108bc90c024aeb,2
0x7bbb51d9f59361e00417f3883fa5b4c7d60cd106,2
0xd368830af0ce9ac0d0c067dc0d1686b91d269335,2
0x103f43c154f14571f3d5be1cb319e202179264b8,2
0x61e697835cb1bc6f0d3e7fccb83e6b819c066f1e,2
0xccfea31d69ce981a6006eb656f3ed95254158116,2
0xb056c14f3490a0cf41e2d320820d486efc16739a,2
0xaba0dd06f619b3564b9f434f5e7c197b25e88bd4,2
0xbabfcefc26a732d982b954a53e84dd3429b2e429,2
0x3b361f9cd19cc5c92b340d064e64b33d1d7a07f2,2
0x4d64464f79072916457387016794008c6e499c66,2
0x31733971f367952cbcf27a7581599cf5c5c19399,2
0x7c951c8f4337f495fc7b99f6d4457f88b58edf36,2
0xbd450987232af5bcf7515688e0f198aedd9c322c,2
0x91ae456efabfb044f5338b12870878b4a498c8b6,2
0xf47b4c5bc84af8e4df52e75f789d23815f6141ca,2
0x0038a67dd2b9707d6bd1ba8e9011a0f5290d0598,2
0x0f765e7cb2bc4fc4f3021ca93f985d8c7ec71283,2
0xde613b2499838e669b08396531afed543f456583,2
0x0f7b1ba3cee4ccb96a8c380b999e4f1acb2abc6d,2
0x6b32ded0c13412823801414a3f77429b0036ffec,2
0x850f79fa8cb4a0e36278c80867276b55cca53193,2
0x059ae3cd996c5a0db82783224cb19ae5dc598c5e,2
0x0f93496909e0f93424a9db8cfa141b1094c9abb3,2
0x313a6f97163cbb53e51e3cdd79d44415f0259fc5,2
0x933045f792ef89c52700fcea64240737d910a97f,2
0xb0c81a9e34a991fcc32426231c40c4ab8f67e025,2
0x815986216adff57911c0962b767bf3dfe99f8f72,2
0x6031e85c1d95c172fc65930e058bb117f82754cc,2
0x310a6befd5e4c4834a63836530dcd7bc3331f89c,2
0xf299c0251d25582604f5261a3367eec049416bd6,2
0xcc47dae6103334c38f61d3485669496dc38b829f,2
0x6a6ab9026629f7eafcb2a7162f348b22563cb3d7,2
0x7c2aa341fc78da9dd63a6144d6b4862851412677,2
0x4dca85ddc9e08e129fc41bb52bf8f464597210f4,2
0xab65dd3708411bb21c12895d33a3a073a1a82efd,2
0x339845998c60e1df622cf27ba3dbfb4d7fdac944,2
0x4d87f05abb7ab6dc36a1cd956e15f28dfa2f381e,2
0x466ab7c52c31f3f421aae63abe8d1a64a1e0710f,2
0x233c3d0eba2a4d9a06763c6c730b2e087403a402,2
0xd7ceb5f94cd0dfa4f98e0c37674d20ec3a3efe65,2
0x90beb4b998535a1468169e1860aa0b2eb1c99b3d,2
0xcd4af079fa78077a82db5b6c6420b98328a35d96,2
0x2336671a558ead29de999169467ed2893d7c5b1d,2
0x35c1c2976fbc5a3daf13ca07b98e139d36db53b2,2
0xc22895ddeabf9fd6f563f82649a8ab96a706f5f2,2
0xb0032c4775144e633ab66351abcb1a7ab9ddbc68,2
0x0053f48975310973c36eed3503443cf88ed79898,2
0xcd5825ad37582d7ca124e85321c4f0e846c59f89,2
0xf5f18d71bace06dca74514fda32fab199a24168e,2
0xa805096e65135e38fc4ad3da5eb94b149c56e37e,2
0xb898a169718c1fa5a2ec7e8a53de7cc0b4e0950a,2
0x35d12b804f18e517ee20fca90bbfa1174e9437af,2
0xa7e04f6ad987f340d4d501dcb46ad8f66d36440b,2
0x76beac52d450e865fab6f293b4b8bbb0b6e63082,2
0xacea7cf3d0ab6c37351e1c3465965c98b19a57cf,2
0x231e78595b6d23809f9c6eea057a818bdbf0c671,2
0xb7c8b7a3c661bf06a02bb370ba24ce9b655c3ae7,2
0xc27c80f8840cea152bbf4b1b34a97b07c724efd2,2
0xec2c09e20f325bd8609e584902ecf5399fba31de,2
0x7680267f0ebbe6d189e7a6b64a6fdb69dbb108a4,2
0xf5fdd4f9312278a6ab92ef79f65580404ca4b33a,2
0x6c6e2cb4d542d60e435364b86db732c9fd92e91b,2
0x45fac1a4215b224d02f4eaeb7a8a8adca8f2e382,2
0xc28e308b8c75bba65add9223234197917c309c3e,2
0xc246548188b76f6858849d47c84245eddf5f06ac,2
0x970a22c38ed4d67d4603ac5d429fd84331f99b7a,2
0x971ff8a00e11dfbd003f73fb8e6fd1cc833fbc6a,2
0xac940b00eef465a2d78cbbc8e80cdae7e04221a8,2
0x5e86f921f91c5e508bb9306c231d0cf40ded9260,2
0x2e2ca7b17294afacefb0b406da3611767401c5b4,2
0x14e8348a768f43dda3729bcf983e9616e0909aa7,2
0x23642537bfa4c2a2c9f41f5dd0dd004878b9048d,2
0xa3a32c6d57423020fb448229ecfe0fd89e443854,2
0x973934ce88e749da7f1fed30862a1ca5d9619bf0,2
0x592f56bda405ad41746339596c6fa5ab2e959a6f,2
0xc1d56252c29ffd31ba8d24d212acf82d9026fffd,2
0x14f7e0c114f9fe9292ba3e9d6c3ba4cfd92effa1,2
0xa18f2caabdcfed2600589f74fd13ece06e085d46,2
0x35b21c2dbc6925d33840002c5d82272fbe0df7d2,2
0x975c9f866b97764cc863a037d93309608697092e,2
0x469aeceea59df470cb3cdc0832ff9651dd0b7123,2
0xb858d83a1d8371d2f610220032e95f8f07ceb1b6,2
0xd22150475bf52a5866155869f19cfa2802f25d48,2
0xb843b1823a38217eabac0ffcb428bfa6bf589add,2
0x2e09c4f141d7a19b5e96ca6f4aaf29cbf799a335,2
0x3d03ffe21a002f6e59a81d91c9d73b3392a02c8a,2
0x23446a770b359ca6a97530b01e7f42d646626544,2
0xb185eef2af0e11ad3f72a6928e3e94425f95e39d,2
0xf5c7a686c8c070b7bc63c4bbac75fc86b47d7967,2
0x90c74ba5135d5fa73d275510866e4096edd7a4ca,2
0x8a9b062c3fec915f6fb764ddf886a8f29339b0f7,2
0x7708bab9ac15085764f35087a2318a721d80062f,2
0x511abacd5ea5ec09274f1026261940bc759a508b,2
0xc30a7eaf926d11bd9887038b9f8b0dd788bb93ca,2
0x98f6550ae9b321b37029e842a5b11078c3f3d89b,2
0xeb0704b9e6395c339f8c5de3ac23e6712f676634,2
0xeb04a465858b81df2b3fc8ef8d8c5657d6c4a36b,2
0xb762f96bea2389c1f72b488e59a17b3dbcd700bd,2
0x451bf74b9abb8bf12f4e43b31f2dc58d328094e9,2
0xafeb435bff036baa3f3f7a95deefd8f043afbf8f,2
0x4511ae32d71d71db6705dd2d58047eb5ad9621b9,2
0x450a2d1ae98f02744b970ec4195d576fde4b6697,2
0x16f6b48bf9b7ad474ad992c7d1c9cd2fb1c56a7c,2
0xeae23f5660b4e8107fea8c5cda47483d8f2672a3,2
0x81af8af2e98e4311cd8294b1b9f397bd6486a7b5,2
0x1702968642ab898197b900261f0f39f8a6b7b9f3,2
0xfbba75832b405269c8e4387393359e74beaa9a95,2
0xa139c3826be0f1965155f4e704be288ba6f75de2,2
0xcd926e6653188a4de6628fe69e2656ac43e61c14,2
0xd15622de2632e64ef0fa314d4d86c5dc5e5ea185,2
0x016ed90efe67cb571d0d267b1c044ab57eb18d48,2
0x365f6bc10224ab1dd38fde4a8ef15c0ac66070ea,2
0x8b7f96cc335d2fc806578e706b7a7dbf20567ca1,2
0xf62ea319f54c33b478a0866624e96c3dbec6fbe9,2
0x22bd9a11053a73fe895baeec42b7ed0b06714dcf,2
0xf6322ab296a2d0ede6a6811835d4db3301dfdb4d,2
0x3661a1d5b82e7bdbec5709c02f2970fd7f41dea8,2
0x09b8c73e427ca8d020ca621bffc5b98f242a5590,2
0x754d24d17d71604de09a61a58c07b8c3ac45246c,2
0xb72ecbf32a18af312f0b37d26cf89214b35fe162,2
0x86de7c98b8b6ff25920f4b4679ee79a0cb9b5353,2
0x26aece85df8b33f179d486ea52198e5fa56ecd1c,2
0xc2afe13af2f25eecdd086d97ef4afaf2faffde39,2
0x893f2c977fde00f351c0ee83c25e27bf00ed78a6,2
0x163523f238a6172c274534f0a0d36aceba92f336,2
0xa7b56694735846ba0de3331d88f205f16405c530,2
0x1643d0bc059edb2d6cf466ec546c84b05aad7d64,2
0x51a844c366b2f64ac3f9bd1000d3ea22b9a7c419,2
0x16460ad54216ff6e3db5b9df2b7393f56807de7a,2
0xb1cc013a3a3eb0b410d1145f2c490702d137bb04,2
0x2d601f93787f825b625183a9905ece64fd1bfbc1,2
0xb78d57fd33671118c902c9420767bd3351df97e5,2
0x1650dd9afe6191e6ab0b3742cde391c9365a572b,2
0x989f142a1debcf2c34e5a349055a283d4e2c156e,2
0x453e7f7a70c87b64f305c9127f8b917831998abe,2
0xeb72dd18f7744fdb46352a40dbd516c33ff3f911,2
0xe0adea7263069738d09dd05af54fb225e8b54721,2
0xd847f063f8b89183a64ac4936017aff00b81195c,2
0x167ff2b5ab7a34c3fbf87a37a754408beeea9c9d,2
0xe0bd41aa030d5d7e1d6f268a10a80aee6b4ba474,2
0xe2fcfa2a7c95f893cce685c54cac239778f3aaf7,2
0x51f9e2482c0b0824c2efefd7b6005f4eff04422f,2
0x22e756173eb061142796d2a6f7162b1b36a87db1,2
0x6c92ae906419147deaec10c3817f3c02e2171656,2
0x362f86357a75da6cc17f87550a6b7b67d4db1598,2
0x522d54e83d6a7d8add58eead4d888a23dde15aa2,2
0xb770c5a0abf7cee3b74b5078f7e0d23407322b0e,2
0x2d42036fa03438c5335061252c7a4c8104a08eb9,2
0xd872edad3b01f737a38fdc4ba78232a9eaf92933,2
0xddae9c5e20a60a0043b12231e3b7cfb39608ff00,2
0x23af125f1f475f2622ab0e284cedca3b96791f6a,2
0x965632e47719497cf40521c0ab87dc22e34cd137,2
0x96564c9f5348eba1aaf07d80fb0fcd027c1ac50b,2
0x505ce3255370a228ce00472b006d5213d105fcdb,2
0x139febbdcaa8e183d378fc99ac6fb5220b1c9ff9,2
0x0cbd6ab0ce6c208136a310d01fba7277c9211a84,2
0x5061700ca437fbacaf33c775664a56f332fd28f9,2
0x096b83f30869ec187ab13627e93ece81d1ea97ac,2
0xc0e7abf7b49d12995d472b4b764f54c875a97084,2
0x783df87f2deef5b792a1f53bedea4e036136589a,2
0xee5a6ab9d309191db61642cbbfe7f04db4f46860,2
0xb01f7a3cd6f74982d89de450e622e0ddc13e008f,2
0x969e45c771aa69886c74fa5e01c12e09971a7853,2
0x9674a357abc77d156035a253673c0146492c2f61,2
0xac3b57993d939d113cd780d609e08d65e6f20f58,2
0xb170f9028f3840c2206c51da5a9a934a82d935f3,2
0xee3fb5a78048d5ef0a4a4c7b518c79caf8426fc4,2
0x477b369e8e1c0d7da564e9ec18679ff83c9a28a5,2
0x90fea1991593c01a58ddb323611f321271406689,2
0xa1e8dd9cda8c2d45f8d323462bf5d1e268bf6f31,2
0x968b99f51a7fa0fd89e746d11cb10e6f2fcf5705,2
0x2397c951aec05cd19c6698acf04ef37f97bae9cb,2
0xf57289c3356e086fec6a17cf493a72e7fed9fbab,2
0x508bb426b47ba37075eee5433ea76f82be6c9cf6,2
0x508fe9fd8eef85421d3fd92f878d7f01b3e055f8,2
0xc0f92ea6d34da0d7574c2a38b8d029be512ca813,2
0x8eb553c361ee94ebf168a1c8436c83276dbf9113,2
0x0094a2e4a01079648f308a6e246e022acbc22cc2,2
0xb93c2a33bf4f62ec98b32773ceeacc5c300eb337,2
0x34bc592400543ce6d0f6ba771b02d2763143f3b5,2
0xc0723a3f58c08e603bc66c70cf09298fe0cf5ec3,2
0xa8ff5af5b1b6058384e9c752f447e4f6e091de6f,2
0xf5579ad422417e17d8803af0763cbcddfcd651aa,2
0x9608c8740cefe7b0c133bf529e77267ed14b5194,2
0xf55b018d09aa11b71516acf619ab817f6a73414b,2
0xb02c258b161003cdbb4be34ce760196a9e2a4252,2
0x8bdfc98729cebf4a8be57896ac0182ef77921e72,2
0xc0941044c458ce79fd5fb8d4711c6573db412716,2
0x638e4a77b0e38b83377afa6b1ce589858749085c,2
0x47ee58ada48b94b064d66cfec968d28a7bb12713,2
0x134a5de2775c47a4531466ae2d414a5adeede78c,2
0x2f268190f9c97b14f3c81842c5daf10e694dee69,2
0x8ab3c6fb5c23dd13cc44bb37684fff6ebec53ec9,2
0x7877014f82b52ac72ff1e7df475ef481674e0ac2,2
0x78695ddb2b896c65b11c8a32eff5dc24ae96b703,2
0x638877fc3ab5d664e38c859f17a9ba66a3c7f7d1,2
0x136edc0a4bbe38734fafaeb443657789d5b14928,2
0x2f048f1c429f883b7b946e7c3e0d34db8dfb891a,2
0x595d9cf1fca97b2c51c21c0a03ace3f25caff10b,2
0xcd2175c71d221ab5c13a8be7911eb680a625303f,2
0x138546e279956a1c63a7b6f11ad3730e77bf7fe2,2
0xd704dca4c8e58bbf643299337b564032b6f1c673,2
0x2394fea55613630434bd11e4b2a3c42bcca00d44,2
0xede9660c6520058f45813742a8bc0dc59ec5bbaa,2
0x1446f957f3e3048155c9b9e65e4558c942dc70dc,2
0x6c202d3c68ba4835666d800f5d82646478fee259,2
0xf58334270328535ff9deafb81b6b6c9a6cf79a67,2
0x354fa3271ef674f660273001ac5653973f030ffb,2
0xe02350ba31729866a0e23db3783a8ec314329644,2
0xfd4f11200197387c90dfd967a7bb208179437cf8,2
0x96f4dd25871f3082e84b861863abaab52b042bba,2
0xb8c7743d1406a52b1c970b7cbcc1d92a2bde8f28,2
0xd24e8181f3255867a17e34f101c75f45fed947a8,2
0x3ce22e37728bd6ca407a6307d7a26c28fdb6ecfb,2
0xa38d88a0fe566ddab5a4b7a1662c2e252843f8cf,2
0x8d184e1887bad7cbc503bf316d0c5d932107813e,2
0xf8de392f97ede26b473cafd9d0fdae7ea6f1b0a7,2
0xac6851e13604f700cb0d3531447ebdb3313deaa0,2
0x50b8c7f40db27e67ff1adbd64b043a60cebcfaf1,2
0xedc318cb3e6b37ef1d5016a934e8c0f262d6ab15,2
0x8e55a8e8b4a773ba262f2bf366067dbba707b26f,2
0x50ba30adf1c6bbd39751795bac7cbb196a9688ec,2
0xc18bc1a4e7c978053a42feb1b792f3a725c73a28,2
0x78fee442e0022477e69f6b9ad7c5f989c8115a5a,2
0xc128f166bc8fc21e33d82dc2410187a59241df7e,2
0xf5789e94d31e82a75370c078a8fb6291a85571c4,2
0xed94842028edfca582f86b0fdb2552c3524faa3c,2
0x77f3b0879cf57d7c6ed82134ebeeaa701449bcbd,2
0x50deff23be5e3cd540914d72b4253fc66ca88ce2,2
0x2e63742516f6bd5f7eb4e065f534ba87333d9141,2
0x3ceb7a515846c125d666dfdce21450acf1eaa2fb,2
0xedfb120a4a98fa5f6e190dc75d84c529cc6c8ce8,2
0x5ee4e6d646cce63e99fb8d75e4341f72a0981ed4,2
0x051a53d095d277e22e3d905b10d3bbe75f0ac508,2
0x0c784e46eaa2b1905993abc6acd56ee899255b21,2
0xaff627751d15affd0e94e838864e79cb5c214c60,1
0xafe2fb3874bf490047bfeb7b55b4aa2a723f82da,1
0xb068e5317ca576421555bae425052ff1d3390a09,1
0xafe6f16539846259cc5497886a72d4f4fe79fc65,1
0xaf9bf7d3603345d4ba894969cdab05d47acf6b17,1
0xb06f4ee27726c19a08851d936cfa17b95d8753a1,1
0xaf50716c1b0e8aa81be0dd28f96fabadff5db452,1
0xb04f84710a358f18ae114b18532e00bec10656ca,1
0x8b04747804402b807cfd802f66681beafaf7d3e5,1
0xafa741f31e07bf7d30e13d0c3fbee209f936a65e,1
0xb022de7750b93d03e93562bd9b952c9ac27d26cb,1
0xaf929af1997f765df5eb7fd50cbc0c2b42812d81,1
0xb012c0f0100fdf12cefdc10611a0ae70226f4d9c,1
0xaf5dd87407347cd5868ecbd00c7db4158fe54418,1
0xb02d6cab716ad290b28fd51f834ef90850bc238f,1
0xaf8e8e975d51b53f71a19fbb59e75245a5dd3bc5,1
0x8af12dcfa2c85cbfe51cd01903c050bb1e2586f6,1
0xaf733ca11673cb33ca291d31c5ae7f07dab50104,1
0xafe0ac2115ac8fc3087185370f1f9a6213f4ee7a,1
0xafdadd60b3b8a9e7bcf2104eb3fef5bf29138808,1
0xb03016db542947b4e66fcc1745e29a16954f3db9,1
0x8b306e717f57d5af20b3e3fb8b46f4335dc8b5af,1
0xafbd63b0b23df8d1e7016b536fc101386a60f264,1
0xb00d5137ac97a904739a1406bc07eca0164ba930,1
0xaf5ceffdb0dfff711cf06875af3e73c285e668e0,1
0xaf96937d57622f468eb3f0ecd96b6e6bfcf1b3e9,1
0xaf9a792730b8f93101a9eaf213de7988bb10ef03,1
0xafa2d27a98b20581b0a057e53372bed34a027414,1
0xaf6f4f1a4da5d508d76f28549a4c6efa248c4913,1
0x8afec1fd927de85c5f5100c29354bb9a98bad374,1
0xb0578fa293e9719ed156e6968c9bedaba170e3d3,1
0x8af69e02312c8485e25f9a1d4cf2fa719e8716f7,1
0xaf754e7e3664e47c20b7908a3ed04ae71be55dad,1
0xafac18c1187b3013c0b83485b989817eebc92732,1
0xaffd73656c79ddcaca84826761202831620cedaa,1
0xaf76fd47774677359aa982f0c4b6d4e9d2c48e3d,1
0x8aed6b6e12f9f535e9056ab265b57376a381345c,1
0xaf61b898b9d334f4fc418b2a1c22317323c43a38,1
0x8b1745a46cbf71c78a89e641b2c2dec0265921df,1
0xb05e4c16d33d711d5129a4707e95d340642b70ab,1
0xafc121270c2c23363dcb2c4ca482a96f4304152c,1
0xb01e687ba69209bab50edb7aaa0f5018719b9779,1
0xb000597b70d59e171dbebd64acf3484a0deade0c,1
0xb05ca2843a31b5e6ee733142a23c41c078a3cab6,1
0xb036318b252be4f1228f21c40222dbe3cbee2f76,1
0xafb311067494773bfb8c6613b891ccab49ffa2c5,1
0xb0019dad377736d315c69fe95a0cfe023ba07d66,1
0xb05ae6e89a93baa83ef02a5c1024702b4eb42eb4,1
0x8b2d903ac912d1617fcc3a4be37db493beed0f12,1
0xaf71bc40386e9bd91cdd48eb0555b036fd3ce5ec,1
0x8b03ef61ea9305c986042812d1a2896195d247a5,1
0xaf8c6ecf0105becc6565da14701c4483f5185cdf,1
0xb0685597097480370159d6189626d5e5523040fe,1
0xb0360589c68c58cb6e4cb2c2c519496e2d4f2c97,1
0xb0397f2df8a1b6d292bdf54eb86f8d80f183d206,1
0x8af2086bec8876acabcc4549dda20264787d3012,1
0xaf74ef13c8ded5fa788c96776f927e275f614e1f,1
0xb066ec71f0389d208f9c0f7bb631ae0e2045fbc2,1
0xb038436ade01107f6ed0d33bf9dd2871f905d081,1
0xaf7a8adeda5fe91bcff33c36209c3058b34cba1e,1
0xb0138beb937f90b062d0fd5cf6e8ce13af25876b,1
0xb060bfa36b490e84aac85b0d5054d8eb035bacd0,1
0x8b3958923760097a30ecdfd81665e9b67b3bc637,1
0xb014cbaa9820fffa5134db2a25f3edf0385c0933,1
0x8ae51cb4d0b4b6012bbf18ed60d627cba9222438,1
0xaf839a24e6929e0b62a4890876c9070cc0b9aada,1
0xaf8015e2c9320515135da4df0f1770b72376e3f9,1
0xafc48ca6468aa666e9fefebb1316a7f573d0e188,1
0xaf6a530c1a3c10a1e0e6dbe10c8288d9609d4d60,1
0xb0222e17d53c46417a640632e026b27ca5598fb9,1
0xb0643856d3756ed49828b4fc86b294b7aa25ea7f,1
0xac2c9445ed9aab5d9660dc97b910488d3c15d0df,1
0xac2fc41e19b3b76001d2e73beb9c4bb10f5a374b,1
0xac30fc26c08d2653a326ef40352e9e3242733287,1
0xac3245bf3cec3f862e1643cf7300d47ee5737f23,1
0x8bd99f43af9fe91724ee063175cc9b6f2a584549,1
0xac372b5fb8922255eeddb1d50fd65646f3c27ec5,1
0xac41c8e27d3bb68102fb1f6d0f8a57ecbe3321bb,1
0xac45859a8c083789308ff22a721a85908cb3e95c,1
0xb0696ca3265df90232fdb2cbedab5186623968e2,1
0xac490073d702df429196d8a66f638dd4419e0c43,1
0xac4ced0c7a059b4313af996932d97e5758c830ac,1
0xac4d3df803340612ffe5913371750434e2967e48,1
0xac50fe630cb15474de8ee42a12e0d7096455c82a,1
0xac5165925bd826ca46e134730f7c7e969f407fa4,1
0x8bcf6d03ebe18bc04b2a201561901b565b00d238,1
0xac5fd983d52d7573a2cb4d1379bbcea05ed67dea,1
0xac6336427702af6f7f4c5f910892513053d1ddda,1
0xac4883e5cf17b0bed33d7d2d765744cc4a66dbb9,1
0xabecb4132767aa47d0b7c7129b6de95fa0e14784,1
0x8bfecf4438a64ba797cec0664190e69aec154947,1
0xabecba7c4dd0e5745c66682616d3ba543b75e930,1
0x8bf9d0b7c1d46dd92bc09e238a3105a069286951,1
0xabee8de01fb8627c0ef4209d684a781ee4cfebe8,1
0xabf2fcbad277674aaed18c90053899c4b2ef369a,1
0xabf52d407a76b2fc7bd1798a0f5bd41034ac7b10,1
0xac0c287b24a5f0e4e18a2a46d538fa3dc858a794,1
0x8bdc600137dd77cc84077fb82ea299da48c468f1,1
0xac135c172e1da494d8673bb44e14d167a3a9a6f6,1
0xac164d965b6bc44c601f39714d0d9f344a04251d,1
0xac1d8b53022a2cb363d11042282babd3c11a1b88,1
0x8be31418ee386a19ed6520aa951f942ea37b91e3,1
0xac1def8411895f8348fec02915eef2c005048bc5,1
0xac2063627e5d974aa4c623c03013f7b4c0b84f0f,1
0xac21f7eb22b0ba648b64b2cfaef4921429da5784,1
0xac2b62f239e5ce9da2fa01dbb6e6a11cc85eaf30,1
0x8be4d6969bb23c41df219525ce652e352ca06ae3,1
0xacd751ff9664683432fbb0a0dcae28aa34634444,1
0xacd96db11abd35aaed2fbb1e66b4b85ba7d94848,1
0xacde77b8487f296311bb8aa90051b2ff1c0febb8,1
0x8bc0505b16bf625ec527af31e9c2b599f8889fe3,1
0x8bbf3438ba525d3a661baf29bac8b67a914c5b31,1
0xace2c2936f7e4d11b6732efbfe26942d201db897,1
0xace32a1bdac1d7f6dd346950d756aea14d6c6d2c,1
0xace71a10498874257180516805906a3f356cf161,1
0x8bcc4c625b7e8cbef9c7ad1ba4833ec40dee68d2,1
0xacedb82c48588d2d28aefc51bb5fc911c88d186b,1
0x8badfca3867ba35e51454b4823a7bcc8ccde7d20,1
0xacef31ac07ecc163fff0b955e0ba1cc0760a876d,1
0xacf5e66ca880adafd389880628b555ab85a84657,1
0xacf6e912c766b36d17ad417547e3100ce3047391,1
0x8ba55ab2b2cd556b00b407c58eea0d906b7a2cf9,1
0xacf8b13bd0e9b60a7a5045d341c49992d6863bde,1
0x8ba02c0767efc0a74720af723140cda92438c70f,1
0xaceb0c5da6ca8ecd1b7c393513e73c7ae85b3d90,1
0xac77c635f1f5184504436ed3330f3907a2ce4d2e,1
0xac7a769a6c1021577c355586b1bdd683a93c4ea3,1
0xac7c30c8839f776000966fc9ff3f54314db820f3,1
0xac8f35dc85dd90779527ed9e15a7f9284913af8d,1
0x8bcb9f66923c0a951d506ed4c109a2a420cd2923,1
0xac956277badba14712f84f51a8185a8139c1cf95,1
0xac99bbaa3c1b5661de04651b89f36c46407c0730,1
0xac9a548cdd1d51319c19da61405fc46d93bcb7eb,1
0xaccdbfeefa7fb7d99f8e730b9e5c7697406f4cfe,1
0x8bc0509b64a896333571ad82c849efc15892ee34,1
0xaca41b93ebca7009ffbd6fc8fbd63e908e9f865d,1
0xacb88b32e117e3995609cecf20ae5b061ade8776,1
0xacbd93f5b8692e4039d0a5ddd9497b9744001ea6,1
0xacbf833363aad62ad4449823f1c2458ce8af92b0,1
0xacc08f4f6a320255405858cb71ab948121eb1049,1
0xacc54a7bf70c1446cd4aacaa7e7f9fb9e5a135f0,1
0xacc84fea5e38a8fb7071772313d6f6e62052ce2d,1
0x8bc92eb5b53663cf78b1fb357e22418cf971ce3b,1
0xab3b6bf8fe312479368c8ee924edde0bedb28cdf,1
0xab3bab014a85c9800e4863ce4f00bfd0592385ef,1
0xab3ca2a160ee69916919686a409899a0799f04e2,1
0xab3cd674141e4d2ca5210f923a5f366814ea75de,1
0x8c379cf0f14135304161b1793b7d355551d47a98,1
0xab3fd92b3b4be6d6d5028c487ad73c0fe4cae64b,1
0xab449c931873ed5a266697731c28793205aa088a,1
0xab47b5cd55875cc95815b325fa829a910af2763b,1
0xabeaf6317673a8c51c1221cc6796f32e1398b05e,1
0xab4848b2c4588695c71b0a8a33585af4de4507d5,1
0xab4a1ef731961954d3dd4ed6ae560951f83f9aad,1
0x8c33055e55ec10e26b4d78bfcf35fd9ec01e62f9,1
0xab5235991c63fb90db0fcff866b0ee88ef4ac89a,1
0xab54cc5c84e9a5d4cc58250d47c20803a27ef4f4,1
0xab55f95fb73717ad4b117d4845469c6623107595,1
0xab584fd8a251882357ff89459fb30b2b7c981c80,1
0xab5addc333375fb4176c65c876b88d02db6dc050,1
0xab482fe6fab237b783bd25e20e4e531e7e6505f7,1
0xab0a5587575eb8ebbdf9b007c0161bd1ae132672,1
0x8c6a7e5d7ff2c610f65e214b6fb93e42fd7725e4,1
0xab106b50f3dbd0e4269ef722edfd2364dfd353f8,1
0x8c662ab172dc3c2df00d148297b98bc695bfb1fd,1
0xab14a0e9162f4df40e7a26fac1e61887863e84bd,1
0xab1fe5f182769d0ef2d80bddcea044db61e142e8,1
0xab218ac53fe2142dc9b6895fac2a2f7816738da2,1
0x8c63763ce8d8599833a766b3ecbcfc6b0744161c,1
0xab3a8ea05eabd8250ec2cbfbfec034d1ad54426b,1
0xab2b2e7b5b7e78703134f9ef1625e668e3a26d3b,1
0x8c60f1c0a96d67233d620f096dac55ea48248776,1
0xab2b489608fccb1b988297e3923b531c0ae28070,1
0xab31c782bd9619acce96390c867819a43e6145a7,1
0xab324b517d268bd539bdd42729791815f716f57d,1
0xab32f2d72152dce1c070b770cadff79f7bccf5a4,1
0xab3632f22a5361b40b7812594c9d7d648f5f9c4c,1
0x8c5578be3758577ca8ba6d3298da1c722925588e,1
0xab278af651412ba3cd285aa50a524cebe29f7b27,1
0x8c2a721f7d27728d277527a2c1dc6a3079b11d57,1
0xabb5834c1a3fecacd2d3a1239c81753482b7cde3,1
0xabbe2063ae68981f87008df045760fc211f761b5,1
0xabc068694b3dbd692cead7dc3b1482877499857c,1
0x8c228bf36f72dfca2e88068d2d02cb22dc3c2270,1
0xabc65f7e1c9b59676d6b8081d8cd859c6ca4625c,1
0xabca67ef5eec46b68e13ba456859b78374f20694,1
0x8c1c8100c9e0ce576d95c1547c1c49eed2917672,1
0xab5ec61efd1c63b8a43362712fdb7b5a8a327f32,1
0x8c1935e6ccee7ede60703176999aa047f197e3d8,1
0xabd7573b393012abbc700430b2701eb61d2eee86,1
0xabe15983f1b1d8182d3c9a4f3ec4ddb0f965a58f,1
0x8c17151ff74b97321d9afd55b2832d56bf0c383e,1
0x8c1399bc7e5b4be1178539e4989404037663ae57,1
0xabe9fbe3567220be74b1e5fe3e5b2f21d5928c03,1
0x8c0eb3063e9c5429df9cfaa0f000dc8391c70d6e,1
0x8c023d36c2bda1574fbb3f8f707bc541485e7dad,1
0xabd51aee7a28ad863566ef81664ec7e1d472d816,1
0xab5f0e0341354fee4f10a7420eddda18dd150060,1
0xab5f4409a0ab4296a17237854e53674550c4870d,1
0xab611d805626262547bb570ac1feffc891aad4b2,1
0xab6275b36e01f590cc988c2b01e5d0722b76140c,1
0xab6589f87c5d6eba575d57e88b7e3747467bc0d6,1
0xab75cf21f17bde8e4b4d976273d079ee4a33ee9a,1
0xab808479b26d6f4426b3b245eb36e2fe3fbce15e,1
0xab8ccad8cc3a95e9bb0018467332929be4f0c356,1
0xabb327ab39174f5099e376e1c0599fe4552669b9,1
0xab92aa7360babf8b197d5126d9342190e707f689,1
0xab92d9be08fec8749b094cebca8d42bee5508f73,1
0xab936d17f4858261b5e3cbcabf3fb3164564858d,1
0xab93779132853810b92d23f8872c715533ab6f91,1
0xababc5845c09390577b34b81b98bfdf6c15a5016,1
0xabac2b79c8375753f264e7c0b9af40759a9ac8ef,1
0xabb278548f352f376f3aadaa7bc606d84d21edd4,1
0xabb31c8c369dd7357b0c3fddc338274138615772,1
0xab8d966cbae5703dbbda6d1fed0235a526aa456c,1
0xae40dc78c8c4ef1b2e5ffec3a2b822dbda5e0d13,1
0xae436ad8119d305f64dc190adfc821b883597342,1
0xae5267163c400ed3af29c360cc26ae79a0466a08,1
0xae52f3eb6d8ad248d7432af190110c160532d325,1
0xae577adeff93d078b8416948e0312c1a1a6b6ed9,1
0xae646606da5e34861237baf8bfe9bfbcfd5dd3c1,1
0xae690eff28c42a3118dc192bfacafe43db1b957c,1
0x8b4b5dd64ada6fca41c68a80c5b603f2e81b95fb,1
0xacf8ee3959a9a02100be895daff4f540b6c6a4ee,1
0xae710c527c25f2772b18ea4c7b7c5ed42ee03d38,1
0xae7985d3a5c5be800025637729520291a723d2d1,1
0xae7f18c0d1a66aad8bfec77b0bbf779e03571b06,1
0xae7f90d75d4c0f114f6517f5df36ef440de7c7c7,1
0xae800ea75def9abd73283fe1ec8eb43adb24e332,1
0xae8040bd64d9402e0ad8d50dc8bdf0fc54156446,1
0xae83c7591201099ba17dad553285293c1489d882,1
0xae89a7c6b2bf73c29afe2952d98e0a1eb3f171b3,1
0xae6c203494576a1bc6f8566d6679d89c5f0d44a9,1
0x8b56aed2a8cfc007bfb82d0fd6531c7c7b9220e5,1
0xae036a7c08718d13aec6a8346fd48ac045e68a3f,1
0xae03a71a7488e0d0370489ef86ebd5443d39b4a5,1
0xae0575e6267fadc63cf70d4a14bdd64ba8f1d037,1
0x8b4ef436d7bdc79fc12c610a236001eccf8e4781,1
0xae057e38c4a8017f762be0dfb46e71ce71d4d8e5,1
0xae081b984979ebc04a616d437e441a3cd239bed3,1
0xae08885e3051807d8d056f9d85c5efd760b456ef,1
0xae3bf484ce2a36d8797f031b50d2add0aa86014d,1
0xae10dd2e85ad047f61f6cb5e4ee8d84df061ff6d,1
0xae1edee5d474ccce7c75fa4ef1db02a8f33a9a4e,1
0xae209d5f0794828b218e38767d3bc14dab39b539,1
0xae25e35099a9affe75719e93cd5dd3eddd351e99,1
0xae2a4a565a496720e5e4a92015e1bb5338ae3f53,1
0xae2f630486ec435d6534848296c6dd28cc5e27a9,1
0xae34541f2b65c7395205732454d6648babfc6bc7,1
0xae3721daf7dcfe0787a90b91a07c7ae0e252b979,1
0xae0fa6182ea1a6e2590af739528a09f4300b803d,1
0xaefa27bf38ce16e01ca396651522b4fb6f73e460,1
0xaefb438018bd35e64b42c4300738bd49c5e7cf8b,1
0xaf03f782797a8cb87b6ff6b80544cbbc7e48cfe1,1
0xaf08f222962f8ae48851befcf64152f0a2bceebd,1
0xaf08fabc20f1b0812e6d2d956c3b5850e9558abc,1
0xaf0ad73c17a1d1ce1403aae0ea9f8818b40a9a3a,1
0xaf0de01bac61db6c3940d70117c3135f59cbc4da,1
0xaf1633e4ca54161e0b3bceb565a902040a93754e,1
0x8b4222627d2da1ce8a0ea2fcec7fc2cae1203775,1
0xaf290c138d4745b002ab0a6e75d081828bfcd352,1
0xaf2c995ffbe5b8196f408a08497f4353fc3aa879,1
0xaf2f0663b0ebf528468131017c9305666329bc03,1
0xaf3667834d35afcd6e52720448d9a448cf68c2d9,1
0xaf3b1d09a312836a5bc32f77cef398a04edc6c44,1
0xaf3c6d8ba220b81374e87bc1d46148cf054a915e,1
0x8b39dc573666c088b8703612bb3ee66e5b47802e,1
0xaf4004a10f09282d1cbc762a91d23613ed732249,1
0xaf1ef5ed78a0833897b743fba973b7e9ee4960aa,1
0xae8e4a4a6ae18711d8b6f1ed114ee31d8a628544,1
0xae95904e6d20b098c4b4a9b74e4e2aceee54e104,1
0xae9956fe1d8dbe5f2a5f35a2518dc7e4abd2db98,1
0xaea34a6d7576881b7cd68750dff97b9568c42292,1
0xaeb8187ea587999dcccc2b760714ce0b216ce17d,1
0x8b3ecdc4e48940658b51cbc3f20f7746ba51fa4b,1
0xaeb86d25297c40c4f9f86c7839b238e317e43916,1
0xaebf78da4df2eb05ed0dde4403f26671c328c916,1
0xaef9ee712e7e7863b9914c8352213da04bd9a9d7,1
0xaecff52df3ba3ef77b63a474677c841c3ab3e43a,1
0xaed1da42aca9b71170d01035ff3950bb88c09b48,1
0xaed34abc6b13b30e431d630ed4f97cbb125d6ab2,1
0xaed4a4a5610c2c8029802053ba32d9d9adec37a9,1
0xaed96ad2f13e5c9a4bb52f8649224aec5f2cac01,1
0xaee2343bf98f32a40fd7613942ccf52c5ca59e87,1
0xaee33f63055040bcfedd5d636a65541b40c25c31,1
0xaef8e6d9f99c2339229e545e0424486eae2ab99c,1
0xaecd6e4045aa8f2a6fc0b6267d971ad6bbda24af,1
0xad218f14a7d457540c92b64b9d29895730c9e369,1
0xad2681880ca7d04d9bf1c6729e874bb12e37dcce,1
0x8b783e1e06b9e05a44241fe98665e52c8ed306d0,1
0xad26b126cbce65f5887974cdb1ff415de65e39b5,1
0xad291881a6a189456dcc5f7d46b9059e2d7bde01,1
0xad2a66b7250dcccf437b6047046a017121da3883,1
0xad2b4c2f2bf7c08dcca730ccf7c8cc6ef6661ba6,1
0xad2d94c43c3c4b343a462430d1b290a08938c602,1
0xae035ed8e7289a390a42e76e8b085aea5c768ecb,1
0xad56057730985b898a130ebabe87f4173fdd8015,1
0xad57b1291f9c60cd11dc6079ec50be3ef97414e6,1
0xad57b95d4458619bdcba2b9c958d5102caba865f,1
0xad5cc2848563b1409a4759121cc467acd1334c89,1
0x8b6ef4cd32952269dd43d8eebc9eb814a5c65182,1
0xad5e202531e8469c10fe356a39ff5202792d24bd,1
0xad5ee2e7fadeed29e0a51a6ec738f1165ac75d2f,1
0x8b6da77beb9304661cb3deae75d10c9d6b719ae7,1
0xad4048530fc00e45aa96d3cc469718e835ee960f,1
0xacf9ff9af35316f07ec51b7e940b849e45c76c20,1
0xacfc90fd943317b066b2056eb3ce54fe7757b0a8,1
0x8b9d33ed5334ccf83f2d135fd809fa0364052722,1
0xacffd6da8dcc39ee742ae8cf1ae0b2082afc0cdf,1
0x8b9ab25a5490b089aa352503fdce0408a9b42cc2,1
0xad09b59bd38d63edb6de016e1dbf0ecd47202d14,1
0xad0e11105d03adae2396f59ca53274522a95bfac,1
0xad1153a4e7cf0d72dbb9542f1d736b75989653f9,1
0x8b7ce166fcc45177953db3e51d5aad1e911ea6e5,1
0xad13ea0a7dc177af25acdef3ce82cf58f8bcaac3,1
0xad16f4c918bd5d54eb3462c3f6d6b184e8458da6,1
0x8b92d15743d39117395d23d3c50452f5651b2c7f,1
0xad1e219137ec46a24cf2b21983e54c41f03e7fb0,1
0xad1ef0b62942f2e51698c4529939af7f2249f8ef,1
0xad211231373dd9e3bef874bb79593fd83d5d0800,1
0x8b926bd1102f361b2183bf7eb2700719831e100a,1
0xad217b9c5df422e7b2abbcc6bb8d9cc458b97d7b,1
0xad12d50457271c6139fcc26ec9506015944c303e,1
0xadb448d0c424abd41919890c32dc7f177178a1b6,1
0xadc308bc665346b78e51957eba297d0ae465c530,1
0xadc7ea60495f4e70ee6c1f06054cfe32c5bba54b,1
0xadcb7efc27ee85c8e9a3f929bad7b5f890b85eb1,1
0xadcc7250cc4826f666eebda55d150592d1ea9716,1
0xaddf842449e3968518f6986e540a91164c112ba9,1
0xade3453171ee652baa941ad5101a5e9e69decfec,1
0xade89a033ef9c99db729d10c177e187d4d44fc58,1
0x8b6bf8653d81cc87b37e41d4ed6d5fe8b004aa03,1
0x8b5bc99d0ca8ccd110cfdccf9bfc046b65ca7d4f,1
0xadf0e3c6c98d776141639b8a65a803216c20b49e,1
0xadf2ab1cfff463d5fa2c4c318c1495d8da5e5138,1
0xadf4c006a30a06c4c62bacd33cfd8ca5709a3482,1
0xadf5545faf2406edf9e3dfa617adc5f6d60be3dc,1
0x8b59194f3d19bff250f364d99f2df4c4961f7e1f,1
0xadffc831d204c0bf7838ad39206c98a0e66545e1,1
0xae016372d2d6d22bf16c37cbadb48601b35c5bed,1
0xadeba49fc04ef4ada02fd37b526fee9e51595903,1
0xad5f7955ac319dc351bb5e5d5f6f1d3266b0d59a,1
0xad630212c4a8e29d8baf1b7f4e0bbf5515b9c8d8,1
0xad6874b647977af1c6f29f0f4b75398e225a4d45,1
0xad6a14a31ba532d53c09e0413bf6daa465198caf,1
0xad76d9d8af4dc720712fcbf859e89e924dd413a2,1
0xad7a074c836b4e3b3c63176552c993b1ad3433f4,1
0xad812d5bb1270477a16b34315dcf9535316354a3,1
0xad82c56226b16278df2432629a2e2c50d8efa2c5,1
0xadacd68c4b2215f85a9fd3dc07ba381311a33ca4,1
0xad91c2e46e315d7e77b61cc13f0f16167bb3bdaf,1
0xad966191e8d3ab9d6d21f32618f321970b8b5fa1,1
0xad97c58636c8e8ba20ca1eb17d35dfeaea37cc12,1
0xad9b2af233c3d86bb3b8c9ebc59fd4b8b80dc99a,1
0x8b65ea368239f8fa944cb75cf24c50bce38f55c5,1
0xada245f2cf60b3d0b24d0adf8a2d5b296abd7f52,1
0xada5037816549b9b3e599628bc0e589e8fcd277a,1
0xada76babe821834dcbcf1d4efe2d309f24e87765,1
0xad8a8cec63f34bc34db6bb8bf8cd92556fc66ea0,1
0x892c854ca48b63e54fd98df7759568038559bd93,1
0xb80ff1d854c426c8b57f5e033ca009c248e91496,1
0xb81563d5a973f7e2271f6cb3a3226c412a565ba6,1
0xb8159938410100bbb642c27cba90d0e315a17b9d,1
0xb816844821023fa2d90016a74ccd9ebaa3957c83,1
0xb819df3e7e501f5b7a00cc1f8627b3f438ce9e2e,1
0xb8246cbbdf2d72fe89f561bc20587928945d9a03,1
0xb82f289dccf289ca3301d9e802f13c437b885f05,1
0x89290b243ae859eb8bb22a5fff67dc925fa2bcfb,1
0xb85327fbf8d0fc57f35d5595422cb6d7f4501564,1
0xb32e3490a932f1b4262356a4a367d84880f8d060,1
0xb863affac039ff4f933989fe4ac14b4f87ed1929,1
0x89223fb24b27a848698b389807f43f2130e449e4,1
0xb867d8aa2dbacaca1f4702dad18d0c8db143e19c,1
0xb86db18fd57e8842f2deb5db9e622db33e994caf,1
0xb86e6fc45a1bfe4159fbdb16aa4211c4c8de30fc,1
0xb86fffdad42b07b101ebcf0263c93f8396a0f2be,1
0xb8793935197bd122ad2e0a96087e43386a9d0bd7,1
0xb88506b87b537cbfa16cf2691c0c3e6b02d8e607,1
0xb89358b7aa5ef01e5544f779caa4614ce8ecde01,1
0xb8982aea0e0691bccab7fcc7a17ad550c4e3c535,1
0xb8603642c906efb4e78a349b540108052968a1c0,1
0x8935252925af3a2dad175aa3e049aa2eba283776,1
0xb7b5c2793e3582b7c20935a97e45daf91e4ad16c,1
0xb7b758996a40d7e6aef0e4c0e5a7e578bcb8213a,1
0xb7b9e991bdd3ec6337d62c2658dfc1913e0c327e,1
0xb7c5c34f0cffe483555b71c7d9788ab7a4f7d488,1
0xb7c6c8632954c561fa93b48b68843489e5eb81e1,1
0xb7c7e96388c2ec8086411b246f0bcacd1bf69aba,1
0xb7cb6bf8eca314b37003f622452ea9cb6a924cde,1
0xb7cea90a678cd96ed657373e627f655f89119926,1
0xb7d0769a792a12997ec1ee41ac69c31392822389,1
0xb80edc29637ea173cfc67bc6ffcf57a742f94ef5,1
0x8933141a37dd3550ec21768823841c7b968b3bbc,1
0xb7f4576f71d9cfb1f8b4582672b9a237f85df9e0,1
0xb7f54ca15e46f8917d57f84854c7a2997fb3e058,1
0xb7f87c3dce9b3c894f5592c2fadec703367dc49d,1
0x89319f205df77d99d59060f7f8b0d6dc027f325a,1
0xb7fb086f7bc09b5f837f5cec8ed838cc6666ee83,1
0xb7fb78e09ce07adac4d54f24dc35231dad99c5f4,1
0xb80405ed7df62f79d814ad4944e3a73c311e9130,1
0xb80962bd7e0189d13b34f12c111738d2233a823a,1
0xb80a0c1e08c36b4f44c29e834ef0aa1364c9733a,1
0xb7e243b7fa003d17f9ea179454c087ed39bb1454,1
0x88f9a10feb32e8923e6cdb9901ac3367e7fe023e,1
0xb8d6f486a127641ef27466309393dcd8969ec0f2,1
0x88f7d81154ce086ed8d20757e2a7042cc4bffa15,1
0xb8d914e3810bd41cd2b688ccb229cf4d41c0e9e7,1
0xb8f21911ddea6d8545527a3482d57b3b1ab3b6e4,1
0xb8f5b586d96588294f4d99279f794db51f38bc1b,1
0x88f668a8abe50105684a68a0cd208316e0654f10,1
0xb8f7d6a74ecacf66f4445d06822faa9d9379715c,1
0xb8f9a262df4e93377445a1409523bd2467b45c83,1
0xb907ea5723ae098ea4ba853fed8f8b7c7dbf2ebe,1
0xb89c173a1f78da6362a3409f0769ee172075748a,1
0xb90b819afe4fc01b814a5a18cc086b0aab7f5d5f,1
0xb90db220526edbf119aeb67b4a77ec415a97ac34,1
0xb910a8bd0c703c46322dad68aba1dcc30fb0a9bf,1
0xb912c6e77237b7cc0e194233fdeec17f78dea99d,1
0xb916c75aa3bbce037f64e6f981570474f8e0bfd3,1
0xb918a0f62ee701cccec7e3ae5622ba13b4127e74,1
0x88f48948cbcf6a212b1af84879130eca97b31b1f,1
0x88df64ee394072f0b7aa0041026d0b626f911a06,1
0xb91d8b403fdf259beb851dba6128f97813172548,1
0xb9216a4a01e4a40f157ee5e91754bd316d3b6549,1
0xb90832c5d7f54dbe2890d777bc9c64bb861cc6bf,1
0xb89c3e32b04836eb358118fdfe50598fbe51df68,1
0x8915c7da8c1c82d1384166994d125e3a8296a822,1
0xb89e54e2558cacd23ee2b45c8f6d32c1ff3d12a2,1
0xb8a41082b94990f5f15e08be303805f5da06c62e,1
0xb8abffc1de8facdd7ad77135f8b39b349171300b,1
0xb8ad7155942657b3ee610c3c3d3dc2279854fea1,1
0xb8af791fca8eba150b4ca4f63db2290047c37919,1
0x8915a9c0084b63b6aaf5bd8307167e3b51a87511,1
0xb8b207d23a3571e1021578b3f4895e843363156d,1
0xb8b5d4ae7302cff534792d4ae99f8daf44edf33f,1
0xb8d6224fba48325b44ba8a428638c039452c5baa,1
0xb8c328cfccb2fac1a8249517761472c7cb1f83f8,1
0xb8c34b58569cf859050056ceb4de391406e464c7,1
0x890ecdf0491612acd75d4ed4c9c97ecf3344a7eb,1
0x8909d09a3fbde8ffea10a5752d41ba517b3cdc3b,1
0xb8c6d4a14d77078f0af02696080c0dbd780a8dc5,1
0x88ff7ba523a446fc902b110c02e1d351b47631d4,1
0xb8c70554e6583779c29aeb6a582c02b439cbceaa,1
0xb8c9c9ed16608a61f184b2412a6fdf49f200857a,1
0xb8cd11567289916475b3058ca3355ab69e47eb9c,1
0x88fbb81be1034ee3650d395b0ce656dc168c8ab9,1
0xb8cec4bc278b109f3dbd620f0e56790aac3ebc43,1
0xb8b8a92190d9fb9efe0cc30affd2ec2fbb85dee2,1
0xb6c9b485abfd65fd47e0b91dfa0ef03a34ae3b0f,1
0x8985b41d2bc844b2955cf9d37c98cd2b47bc56c5,1
0xb6cf7b538ca3ec416e81fdc3ce1c475e61f28026,1
0xb6cf8bfaabeea221975a9ff81f210e153bdc0d41,1
0xb6d67d8a59435a98ae576f17e7fb9b3c19bf5acf,1
0xb6db5053ae9d0932683eeec7bb6b74f9cbe09c89,1
0xb6de61873a0d7feaf330c9f995d052c8bf414d6d,1
0xb6e017ca309b9bf37314ebb9304ea384a5a7099b,1
0xb6e1e78cc384d1a2e74112e8dbacfbf31854296b,1
0xb6e856dba1aca22ae52eca8cc0af214a4d32dc08,1
0xb7b25ac63f0b5a8d34dbb7371dca5e5e22a8b6f7,1
0xb6fb31cbf574eb8840767be0d5bdf573ea613a99,1
0xb708018ca2a02c977b537012a67a5cac4bbe4216,1
0x8981fdb091ad6d252c3c8d79cc01f742cbd5528c,1
0xb709bbe324702dda06fdea68223b0a70f574d98d,1
0xb70aa1b83c7ef6ee1a174e9ff362e7553bedc324,1
0x8977e55d8fa5e87aca86c3c6422e1dcb55df96aa,1
0xb70c8a3613c1ad926a5341c90effa2dba8c43f3d,1
0xb7127d900fdbb15b6606a9dd073d31581f2fc5fd,1
0xb714844e5f51848b6d5b3d92ddeddd7e504e7b71,1
0x89753618cc7e45f53650f5b6a47c4aea6ca4d054,1
0xb6ea002c6777f439c80718ff7a01cfea0870c5a2,1
0x89a84bf091048bed0cd630b91dd0efdc5408a36f,1
0xb685b5ce86a539ab793a941aedd5af5710776c4a,1
0xb686993cc6f48770b5b20970767440750670b4ab,1
0xb6872fcea80379c668096eac7e9fd0ef8cdcfdca,1
0x89a7e7fd7c08b066e8ed0debe95540e0715bc11d,1
0x89a66b214d1bc1fb93eb01b9ea4afd44568be9e2,1
0xb691ca8b1dd59fd758d9a5a588e890bacbbb41e1,1
0xb699d23ef071562d51969d8441380b09ef2307c1,1
0xb69a31a37d46bc657840ba565b69cba6c9da2e85,1
0x899e5c5b396c494dadc5e1d45e44cc22ac8c6904,1
0x898bba693573ce819fdb9786a7c4b1a911a91582,1
0xb6a65a70a4ee94c1fe3508e986718060559f4b44,1
0xb6a9189927136156edaeae2f483836cbaf738027,1
0xb6aa0753bd32abda707692f02d74b1d66402de05,1
0xb6acb35700c577a75a662e5356299817edf64875,1
0x899ba820df8f17bbb82f50a6e2eef8566996b322,1
0x899a68db85b81d7c7fc639ffa5a95405a53818eb,1
0xb6b8241c76f1debab9da86b3e4aebf9285e446fa,1
0xb6b88f9c683541be3b6431dc846526d42a53c019,1
0xb6bf44934c1910a35dbbaa94edb572f951ce1c98,1
0x8997549f761a204faabebc0a934c2a478e9a84a2,1
0xb6a60f903bd724d00bcfca48cda732798f3f3c59,1
0xb7703358f6534ea93f903cf50ab400b758ac3e15,1
0xb7754660e2239338941dfe685ee267e2d155bf85,1
0xb775f1c976c8f79ad52f5b66b00ce2bd33fca5ab,1
0xb776c6c51049a7c6bc537818285bdcc45c4bc42b,1
0x8956a38ad1c3153ebd5b0d47f5298e2e582173dc,1
0xb77ae9eef0f21cdac375d57758ee5c3c3e9365f5,1
0x89551c14805d71511a37050fab60ba7c3c9d9617,1
0xb782baa243ea8f5894c3eb65ed47a9011679462f,1
0xb78464d84a17a259ec69337b257d74d34a2b6590,1
0xb7851e984cc5a408f896a6edba2673a75af360a6,1
0x896ea683eeb657b776f09dfb6873f9fc8a1284fb,1
0xb78e708fd16d7331868d3642ea9bde76fe2cba04,1
0xb7902cc159e02f4638feeba0762e65cf1b1b2bd6,1
0x894ea18df555f561a9656d2cef4d95de33f545ba,1
0x89462ba44c40931435ee27e0d74cde96415659c4,1
0x8944f2130c7366946a2ff251cb59fa4c5637b8be,1
0xb79c790cc7e26f472c679e37b8f8c578ecd2fa57,1
0xb7a859a88f3e5fa61048d834f78a1446810682f1,1
0xb7aada4c80912305bc9b32ed49466d0ba7cf391d,1
0xb7ab4da2cf116f3b9fed9838785fd16af3ccfbb6,1
0xb7b1dd9446bcb3797599d3bced3162e3c90e9c3e,1
0xb78746e06ee8aa1d962aaf8a7225a87448aeda02,1
0xb7188fac27c71700ce3725f869e229d505c03730,1
0xb71fa30bf2482ace88776b7b62ff65d49a6bee42,1
0xb72363abe01345ccfa00cd94866be53cfeb6f859,1
0xb725b13b7e9f39a90a77180877341347f23b4267,1
0xb727c6a279b05d77932ae393789c05093d65b149,1
0xb72a0aecdebb7de191b1c4f6c320cd31f3d0984e,1
0xb72a90efc8651f83f17b812f71d96e68e1486dfb,1
0xb733bfd12b5510dd286894aa291eb4f83f1e63ab,1
0x8961c77f9308e072e7b1095688f4004c45df97a7,1
0x89618bb1bb3f4381a0167ab035694ffa02f040b2,1
0xb76d3527c7f7300992ec7df3cfd172a4f9a5c6b9,1
0xb73a54e7bf521b2ee508f84b7f15d024a20a2a1a,1
0xb73d2507eb1d0a794ccd040f7d6b5e44c529bd8b,1
0xb73d927c4197edaead9e1ea22820b6595d0e8a9b,1
0xb75ace4d9ef63b18fd2f5e4fd77445dbe91f3bdb,1
0xb75bfef9c1114293318a8acb3f8b0abd40486b2e,1
0xb75c63be9386a8bc55a629bad9b9945623f86888,1
0xb76019dfcf1c58faf64c8d0fd93199adab325fa9,1
0xb761df13c8cd9373de6ef7015266923d852995cb,1
0xb7626ccf18390998ff152b82dacce6b401c975c1,1
0x8958f0f304cc476329074dc4913c0d24790b6c6e,1
0xb7664014782496b3338a707416da780eee202feb,1
0x895d996c531266a4caa08c01b2febea78966911d,1
0xbb04f60b79ad8633d1008cac6f9b81778f77d9ae,1
0xbb0cf69a59ce0c0a94fc805736b8d2c5b577e095,1
0x88461a0487e58d2a515ff65e4333653410689e42,1
0x8843ebf6c55e66cc03a764afd56e826a25dee5f1,1
0xbb1804a99e5d09f38bb2ab6c5b532c6781d9c93f,1
0xbb1849326b694b6659c0ad7a26b135754304ee41,1
0xbb1fb76ad551b21d659a01163df4c55e3b0f0240,1
0xbb20d632b4f6a6430fd7215ce6858a18a3da549c,1
0xbb210dec50223e7c12df6d270b3f39852ba08c33,1
0xbb22fcaba955771e3d04714d231e81390b79aa9c,1
0x88dbae039b2b12fd40283355148cc15b12191725,1
0xbb376e3b7ebc0597184682a6b6192479d0868958,1
0xbb39a1570184d7d97798dad3d41f9d554afe37d3,1
0xbb3d1a1b3ba54bae34d3a5aba810d8e4eedb48b9,1
0xbb426387fecbb6de2e07837c1c9e6320732e45de,1
0xbb4365226ef88b42b027e27087c2a680818480fa,1
0xbb437a713bd532b8fa92a82cdd2cb11641fd74cb,1
0xbb44f98b9de4efb6a5a2a5dd528fc0b8861efc5e,1
0xbb49c1d2eb15c804bf6cde9133668146c4532f65,1
0x8841c4d9252d7eb986352d363b02418a5e2ea48d,1
0xbb4b090cef7f407165288e0744ca6ad5a7338538,1
0xbb2b39e95efec9ac59e3ded7a757c6509b107528,1
0xba6314220af1542b669e1a657d118989597070c5,1
0xba696eccb0b84e59f8e9f530aab91ec96072bde7,1
0xba69ca72cd2b87113471c4c38f08928761edb5ce,1
0xba751b3193e1c47d33f11a5a7eb9ba7d6e30245b,1
0xba8118a2de89fcf1ead897ed47f2437a024be0e7,1
0xba9484a2863e8f5c29989e38e01b4bd35001b1c0,1
0xba98f22e876bffc57f7f55d636c296977b73bc2a,1
0xbaa1e4f62514b66115f2b0b9d7c0d13be1ad64db,1
0xbaa61773f22914e7082878dd0f736bf76b915ce3,1
0xbaa62aaa868dc6ff2c2f040d32642fcb0956bef1,1
0xbb01cc1e3d51b756d6240028d2751c42e466740e,1
0xbaacd6b0725754fb45887b1098772d909f79fa81,1
0x885e0fb44bfa06ccf20ee236fcf9eefcc95cfac7,1
0xbabd1d26569e4f3f20e6b3a23fdcb46af8827461,1
0xbacff8552767a0f14535efa9bbbd1e4b0b71fb9e,1
0xbad7926dea33b7655d4c2c615fa30ca2009d6250,1
0xbae3766ab03c9e71a1482e896a61001121e36622,1
0xbae6ff466da0c85b2b7955281c4ce11c98959e43,1
0xbaea3f8697ae32ea37985e2b6689f0d67f4c441a,1
0xbaebb7e06bdeff6ca90312ee201288866ba3cd54,1
0xbafd28dcdebad34639487d85218107a308772d2e,1
0xbaab676521b2ada5af1bd3f740259e7269be2514,1
0xbbbcfbd9e2448d497268afd2b8f3f24ec2bfef1b,1
0xbbbd7d36cfb00861d29415908a1b356fe64b4825,1
0xbbc004b079789837f99fe397acfca323a8d3e2c1,1
0xbbc044b6cedd3e884d680870a1c74391837280e9,1
0x88356ef318a5660dc629b12e849c9aec36019c2a,1
0xbbc20458401652b50fe93b0e7cc97a24ecfa5f1c,1
0xbbc3ee57c87a9b1d141444eb4d1267fb81c2c68a,1
0xbbc785d0df63ec062c788e43b29685086a640baa,1
0xbbc89c03a4e09fda36f02ed15a0b21da3d79d7d2,1
0xbbca2f25c3ea4da0396c64f32626df5dc0204e26,1
0xbb4e7b567756c66a421bfaf4f670219af7752ab3,1
0xbbcecce16764c1dd1530d380c0c96eff8087a106,1
0xbbcf93c0b12aac8a044b4f741ac9ab58565724ad,1
0x882f5af7dd378944d36b9ee1328b7289e41e55f7,1
0x8824b54d00d21547153f89a0915a0a6b6f3c639a,1
0xbbd655090cf609b4c77455167dfdebfccb701a91,1
0xbbff749a99ab510df2c7af18b8a5fe0385677f2d,1
0xbbe02e07af0940670c528c0b0b3aac6a2868279b,1
0xbbe694f21e4edc69c847df71b882bb399ccdb6d9,1
0xbbef862ad645d0dadc19c61cd85c914a9ad0e8ed,1
0xbbf3e3543238e09018eeec4668c2c01335e5f526,1
0xbbcdd1873b96cf42bb8adedf33ee54f164b512ad,1
0xbb51e9e4292cbfefa3d1c1fb255349c588fd4419,1
0xbb5452be430b15b3714a2232c7b0d04a8b3dbe75,1
0x883dd999a837f4bc00fe00ff64f5a29635d21587,1
0xbb587998c9fdfb789a74a88f6bb45781799fe4b2,1
0xbb5cd1e1dcf5108687719f92f2226d787e1a6f02,1
0xbb649135cf8b9e46d61b881ccabb318a90d3bfe4,1
0xbb64fb37b1ab412bb5bca2da71f4894a39d9de3f,1
0x883a69a4b8e255148c3fee605a3be2ca5a1e1aca,1
0xbb6b1cd541c296265650edd31cde3b8eb632d906,1
0xbb6cec94ecc9335231a96613e9511bb85257fbd4,1
0xbbb59800990f3607e971ede66ce98ca6e3dde4a3,1
0xbb71bc8d0cb49bb3376a1f18369335be49513dfa,1
0xbb739e3038947ce42061aa8279d5f1a4bbd6224e,1
0xbb7cc54172f87244e4c374c255a3eb5be71ff3d3,1
0xbb83303b1e507e746244012c2a30d540a018421f,1
0xbb8cde8cfea06d509aa59cb5c7b8c17683d0ef09,1
0xbb932b82513b12654bcb351ef288b438356f793f,1
0xbb9502222e357be2177dcebe9f75ddf3c3611a02,1
0xbb99ae1d46bcb625c45d77fd1e5fefe4fb4a6cb0,1
0xbba120cde99d16b125879afadee0f4d65bdf198d,1
0xbba12794541e223a125d4123179ca3d73cc50d52,1
0xbba4948cca48515bebf11e4891e58cb7e1f5e2aa,1
0xbb6f397d9d8bf128dda607005397f539b43cd710,1
0xb9927c1f8bae65312670434ec691e40e6203edc1,1
0xb994d10b45a98947e01a6dd958363ddcee30e132,1
0x88c76c06dc0afd7191de8bd01d6cd3e1d580c887,1
0xb998c09f7b0fff6766c3512481a4d09a3d0b0d27,1
0xb9992f5fa84a447ec3b7e8508d8eca83819257cb,1
0xb99adeebaf30843b4bd21d74028a1b351aafe4de,1
0xb9a02b384faa5155d51f9c90e5a1b524097e17f4,1
0x88c2522724cc549acd89de0557e2c13fd826f754,1
0xb9a83416044f49f50b0177d2985561d0fcc344fd,1
0xb9af53cc32e067c24a853c87393452a956f840e4,1
0xba6069bb96b6123ebb29214a63c8da6a55555ebf,1
0xb9b4f6646bfdc2a8e73bc2f8a20fd5aaf90d4d30,1
0x88c1a2fb6ad0e0b4e8db9c1e222e24dab19f1e8c,1
0xb9bf8be87e3042a79b0c24a1da8e9f4864a0ffbe,1
0xb9c0c281953f137ac493d793c19372170205e537,1
0xb9c876668813c9f660c1b6a77f180eb9d1858ffd,1
0xb9c9c377f8e4f34d4765f842c85fbe29024c0058,1
0xb9dec3213751bfeaa0df98b0d48bd9ba6a7f469e,1
0x88b7a6dc405535480cd5e380f36190f3d1be76a9,1
0xb9df8f79f42e5d0a085f543ca7ea06a5b5583b41,1
0x88b174335764fd3449e8c2010ec6ed4f2ee949f7,1
0xb9b244ff5755db4c8017356aa2faa56d33354c1b,1
0xb93004f2c4ffdd4e784d5906996050b169febeb0,1
0xb931f459baffc1981a05f34f893904fa446b83c4,1
0xb934669adc156f88c817c56c89cec39142f5c8a5,1
0x88d7e589fb915d6eadb1680d2ee733aeb6089072,1
0x88d117241694e01c39668f4a80dc645690c71b25,1
0xb940bc540043a1a7e4059eddce1072386f796897,1
0xb943dee227b640bec44584e4c774dc96b888d59a,1
0x88cf91b529f9f55ec5f1e8e3c765aeb32874b664,1
0xb9518020da0dc74956b2083d67d9aa059ab2716c,1
0xb956e2e723571248ae5ce156f7d7e51d3177f8f5,1
0xb988b5b6094640704c2599df893beeb339eef416,1
0xb96601e6034930e7b7865f6ea30cdff71a2b4e5b,1
0xb9662ade8f3a4604646ad9524c3276728190f2f4,1
0x88ce1ab40baed2c45294d26026db30c51d8601c0,1
0xb969b8c2898ea56d58b6d3bc32711a240126f65f,1
0xb96d445c141900bd8902dfbaad7508bc0957ff75,1
0xb96ee77cf49acbe8f50bb3da681345eda9b6ec55,1
0xb97640d466f125a1cb3d6b14468b3b430111d975,1
0xb97fb978667f46ad32196fa9d5ef6e085ae25676,1
0xb9804119b747dc83ae5861784aae8fefbb3e0394,1
0xb981707ce14255228493f3285c9e062783bdcb4b,1
0xb95a0f6a0f3dcbe838ead0ce87f05b49130b3653,1
0xba35827ee6ea7597a643977141bfaa3111660393,1
0xba38495bfaa948e37d21e68104f900c873a1a98e,1
0xba3add353d140756d1d3f9ca1afc6f5d84758725,1
0xba3ead7cb8e6cd00af11d432a05643bc7165db0e,1
0x88743c1d66e839ecc17316cb6e7b954f1d2a5cd5,1
0xba3ed6850465ecdbdc7c6ef767c5eca68a36c743,1
0xba4096ae721788395cfb60ec5accd1c5c74c4a50,1
0xba419951d2fa527f9cb938ab77dd9fead6c5b0d9,1
0xba41f4d9f5ff46942dd1505d1a3b0af53e7cc702,1
0x887172e43640d6e5f31c40b192b05d8af3acc6c6,1
0xb9e2c1b2c0395897b12e122f287e7ef61217dbf9,1
0x8867f3a62b261e8cc726cb4e63b340bbdddacdff,1
0xba4c023f299144fc1524b4daacd29584ed625238,1
0xba4c920d5f5999e3d537039e4501d6adce8de351,1
0xba4f26fa1478f0bd104cd6b1fe309690749f70cc,1
0x885f2c05f55a0439a86a6d7422ffd4338492946f,1
0xba50aae49e9494228d9e1968dd2302d119faf54f,1
0x885e477afd23e6f915a9cabe6e6dba076464de5a,1
0xba5133db1ffce476c32bea9a642e3632979c5fac,1
0xba52638297d10b65651d9d69b8677275f3a304c3,1
0xba58dfdf4eb7653ee60543a1af30634a49466fc3,1
0xba49c4b63af6647330719684eb8543d84522906e,1
0xb9e72875ef803bf4ae73c3a28ce225a2930a8f78,1
0xb9e776155c3757126e65f4f0d5bf1bcf84152d12,1
0xb9e7f7ed95cedca1595c8bec1c7b57927306e1ed,1
0xb9eef3416d7caaca3202d2efb30951555f46ea98,1
0xb9f613aca2e05db9f0e617d134dee9e40c4cf82f,1
0x88a9010eab90f35631ccc08960d8fc7ab133a9b9,1
0xb9f7f962d7307bcaec903e78e9055c0132733f22,1
0xb9ffadd5d90d7458b8307994c17455f149ba23c0,1
0x88a079f690a209d4a584d96eb4450a6aaed12f1c,1
0x889d446c87e87c4a94cf7cb4d769e37cda3507fa,1
0xba34b1f4ac82d44c868db154e99bb10b022c578f,1
0xba085e4717f678f558f87db40d5695c3267e94e6,1
0xba149133d286cc0488c7176955e69ae6f10ce460,1
0xba1adce08840fa8191fdc349ff1e739c903f1af8,1
0xba1c738cbcdc66065cf250bd46e96c973a5a9424,1
0x88888336903174659dcd9e81c25e38a8b505e028,1
0xba1f9d831c47c3d1dac50a57d17f87b4dddd8948,1
0xba1fa62985466c8d209101ae1788f47dac6eb8ce,1
0x88805da7e08e0735499152b3a370a95050cade3f,1
0xba1fecd5ff039ed89eec5c3ca901e1d3b9af65ec,1
0xba2a5c63e5f81269a0c66b0da49f4a4a0ee3df67,1
0xba31fea2227e6573c9dcde6d1e324cd0cea0d8b7,1
0x889b52c97cac62c7adce84832a404220ba500ed5,1
0xb25402f3b4174a64f57d426d4139b39d499aa0ce,1
0x8a698c66ececf44ec91dd9c1500be9b711de04a1,1
0xb25b7a2f9f03ed6115f3665bafb7310020804b46,1
0xb25c48e867633c6d033b0a3d528d522fdb5ff0a2,1
0xb26129fe22b45302d73a7b58f48d246c14a6ff30,1
0xb26b06f7f8c2dfe62e70b8f381cd24c4b746b52f,1
0xb26c4e99fc6cc471fe8176d6e607fdfc33de6b24,1
0xb26c8a277c475f0bed6df174c7547859af6b7180,1
0xb26e833748e86cf40894d223674ffdc975df2930,1
0xb26ffae9815cf25b95c75f3bce58771743ad4cd0,1
0xb67091342510c27e9468d36a893b9138622934f0,1
0xb2712d79dd4d91291e204d20f2c2157a3843448d,1
0x8a603fb0814f2a63d24fd95d64338f5c5806023b,1
0xb2835cc59926edd483cabd5c5dba4a0763aeafbf,1
0xb289abf0b4e14dd1b151f360f03dfd0e340a714b,1
0xb289b588b0c87d541272e3ae1a3feeaad03ab5a3,1
0x8a5e57cfa024d4e93fa1f1509b6fd871b7269321,1
0xb28c9c043eb88868715031a5c875fb77ddaeea4e,1
0x8a5ad0456addcd67165837c7481ca837c217a509,1
0xb294c45902716edba5a9031ae0fafe1176db9fbb,1
0xb295eb209eae6aa76ede84db48589543cbe0123d,1
0xb271235ea0c34a841e81e042d2e263064a885f5e,1
0xb1fd99cb8814f1955811b8d6a0898a93909a4dc1,1
0xb1fde7021bfea907fc67abdcd5d4dc6ea9021202,1
0x8a86323a026c94a68147d291d8ba4d3eb049991b,1
0x8a7e78450f7210ed06780d786305e8a0d8c42a8b,1
0xb20bac11eafcbbd0fc5d78c3945eb73edbd1d39c,1
0xb21191703286311567a5e0dd961878d575c52184,1
0xb21244fc1005f1e08d009a6ae588d20951e1ba26,1
0xb215088bf72f522dbd6da843970262017e416eb0,1
0xb21daf4ca9350d3e39f4edbbc8c95181269ed0d0,1
0xb225431edbded0850eff2ec83507ad41c04c5b7c,1
0xb24a53338c875c9a1dd7a9abda531fe61fdb449c,1
0xb23197045c62193d9a86c4363359b7df677f9344,1
0xb235bb3f9b2df76c544935754439c2c62dd6a4e7,1
0xb2380808cff5ca5d077a1e90ea2e852fee2c7ff8,1
0xb23a366ab42e02dc34d6f07488271899ae43cbb4,1
0xb23c43887bbd550e29e99f1019da65bb5f35dc37,1
0xb23ce19adc64d1961f2bb65c1d8a1b3dfb0d8e5d,1
0xb23e5ce1c4b278c882b0e719abe6be087d3e92f2,1
0xb24290583971bb4cf191ca4f31adaf1dff3cbb09,1
0xb245b6eac54dcc2dbc8213a6d5d6ffa98c34bce2,1
0xb24633be4a11a74cc812b5b081937190e6262df4,1
0xb22ceac4c6a275e2e62e8c8a8c43a7833e5ab468,1
0xb2ee1cbce5df552b93e7bd572d6367a083f0e4d9,1
0xb2ef2a97b69c11f65e50e1fac6a3968811c75b71,1
0x8a2bf95ab355df50cb55d4ec32e4e59b4f63e8bd,1
0xb2f5e7859f769d95012ce5f26297265fe7365d1b,1
0xb2f911dd5f252fada1cd08713c87247707082e52,1
0xb30abe16d0a122aabdc06c64bf6b66573676c601,1
0xb31bf2a7c134376c998e379323d69d26eabc5aae,1
0xb31e67fb741f6fed14dd4a583cd71732a57ce4df,1
0xb32114e20bc591f37b9762f42ca10f2fa8c263cc,1
0x8a284fa11fb42f21a66ef3391c21219f4ee45fa2,1
0xb298ad31a362ec4a8c0e69e53382fdc069355209,1
0xb33137176e3bb47572ebb5f3cb673e09a34fc200,1
0x8a273cd73992fde84db9a627931ce5e8f1e138ac,1
0xb34c45cd8bd2aac2c05c834c42c6573207ce0aca,1
0xb3516c6130ba9d4902158cb18572cee993e276cc,1
0xb354c17a4fb58f84b1ee54baa65a92ef08ac0720,1
0xb357d3d8907d15e1420bfddc9c137d8e0c84a6f6,1
0x8a25587eb91333c38401c8e627ba2f224949e147,1
0xb35dc1158df6a05a607f47e76012ede341fc87b6,1
0xb35e500de0325d92263b761b9ae774a92dbf98b6,1
0xb361851a24e0de4121e075ee68ce4f1738ac8a49,1
0xb325f59627f84a17e0d64bb439191ee6dee33344,1
0xb2a3990df5e2959c5a509acbcfac49bcaa477387,1
0x8a517d4b44e08e3f4b72e4596c5a904d1d869b5b,1
0xb2aac7d127d8d3a9a958cde2b31fbcb9e4a5bc12,1
0x8a48d9eeaf7b61fcf27c40624fe502783d6d7c14,1
0x8a447eca29b9492154045a0cdaddfa8cfe122242,1
0xb2b0f98904098cc52b575479c07689e5a698c5c6,1
0xb2b252c209537d7ad087612a00f089e39e59f663,1
0xb2b80f7d54d65317b8b98e44278b117afc8ab0f5,1
0xb2c759220b2d14a63cbd53e6185ca5f232485b97,1
0x8a3e60d26e3007a867b97de1e39cf254041f097d,1
0xb2eaf51a1c436d3e5b76b01f00f7a9d817975dcb,1
0xb2cb4389d4ddad1654cb432ee5d63ced41175acc,1
0xb2ce32ce08453883aedc031ed50d16a913bd5417,1
0xb2d5581b81dd78fc492d9e245d5204bb3728b6f0,1
0xb2dc6d790c6748354aac6590b964660e140e8a50,1
0xb2dca0f4d1bc8d644eab5c524f065c42f8bf7f2d,1
0xb2e8ccacbc6f141f94781679cfaf47a9c54c36b1,1
0x8a3a53ba523e0054126004dde1a7e42c4b4c107d,1
0xb2ea6ad5be2f8427c677f4cb6a1b767938874398,1
0xb2eada17d8942639b0c1472c796f6c246ebb9722,1
0x8a341215c3cc32a182685caef0bc0bcf6a847630,1
0x8a3336b80637e925d31016aa34da0cea1b476658,1
0x8a3d862e62dbb9b7fcd5490277303fbc5ad3a1f2,1
0x8adc9d0f296a7a978abab44295cceb6df467bb6b,1
0xb0e15bd6c3140bad9483c641c7a6574f12bf5660,1
0xb0e56b0350f4dd9ae410c20dbef27ef14c2ca6bb,1
0xb0e645c1c752d34e31ecbe8a58a43bcac550e3c4,1
0xb0f01c364466cb59947cf4e2947f27d3c8d534a1,1
0xb0fa758ae0571629250cc9d2507fbb33de76b2de,1
0xb1133e36e1d1dc2fcefc850d8511964bcff2367f,1
0xb1149d80197e9d97cb8d6340f1e0c77c75c6db20,1
0x8ad6cdebadeead9a425cae4197c40ab337425b20,1
0xb11c302c035d655275d175462de4e4682ec28401,1
0xb1fd963f15a0d67e52fc14bc70ce193341337571,1
0xb120131d8a7c02f87889535fbb5889b07f8873a0,1
0xb1202ad1061b8d2cac09392a3f36c9be5cbcbe81,1
0xb121b1511f7273b42619b85983c04c69fb977ef7,1
0xb12313c1469df2a9aa940c769d42edd05c6ddec8,1
0x8ac8bbae27fca049314bc315c16832dd1dcad732,1
0xb12772a776fb9221e8f6dea7478edd65a94a87e7,1
0xb12801d5bb15021ac964ce87c6f286282e96fb5a,1
0xb12c3d4d61f4352dcd7c39d5bcd5800e1911418c,1
0x8aba2bcb11a688a4822c5d5fccaa12c2c98f502b,1
0xb1362af8b38709a0b62dd7282a5842227fcfc2bc,1
0x8ad11433b9e12818ed25419bbbe32cc3ca9d3ab1,1
0xb06fbe2a98d130eee2981bee384cacf341c290ac,1
0x8ae414144f91318752698da1511b635cb3109b39,1
0xb07391823afa820152fe772f0485de8f52d81b38,1
0x8ade64d8781bb8cc81074ee6ad93b01e459f2104,1
0xb07e6608d4cbde8785fb921109c8a75bc108dc3a,1
0xb0859448452ddae2f6e370e9253496194b930398,1
0x8adce330b3fcdaaaaf369781e3eb6622696288af,1
0xb08b7684ecaed5bd3b7f6d885d366d8be8458949,1
0xb08c9f4e37c6086a7c186a4b65a3eddab0388d9d,1
0xb09745da21c7eccbbc1385374de071fd21b4ce07,1
0xb0bd82ece35df1145fa0615e491b527b3a3abc22,1
0xb099dd4597206efeaaed1bba09e794d5dd399bb7,1
0x8adc9dd49374333530b35b588df96706a391c9f4,1
0xb09c00ae27625ffa5911688bb7c5c15e7bbababe,1
0xb09dc18c4b08dbd632082c97ca6b757b06be4921,1
0xb09f6fdba01a161352810970dd70367961f9a279,1
0xb0a237378b0e7fafee17c0d11a3537a2f9c0b1ae,1
0xb0a3cbfa1f7cb6e9d804b7217834609fc45f84ad,1
0xb0af4dd6af3d2bec5ef7dda0963f72fae2b2a577,1
0xb0ba0d6fdaa22074ccde3f59a8ab28fb1959c1ca,1
0xb0bc69517bfde49507d21f1849da61b89f8eec7a,1
0xb098e0a81bc9e53c65cbd79af2e43179decd5e44,1
0xb1a4db52c4e010b99ad175f5c36677e3ca2a97b8,1
0xb1a7c6ba8dd3338a9a2e3a02064852b521c72eb6,1
0xb1a8a12219f4b29f824c3db539a0add3bd45e52a,1
0x8a99e9315a4ea07c93b6e240c1dd852351ae699a,1
0xb1ac9424f575057ca5b09080b007d820fa227a9b,1
0xb1acded6a228b1d808a1a7b84f2b9f573db529cd,1
0xb1ad9eec8f36231f3db2a4a150168dabd0925224,1
0xb1c37b2cfc047e99c8cfdb197d33248156fe71fd,1
0xb1ca4ea373db1de5e853b23c0e8b7d1551a7414e,1
0xb1cfd1dd7beaaa3f9fde82e96dec4cf8418e1200,1
0xb13877051be33db99622edf1d96bec7341b0d9c1,1
0xb1d172ec083d63dd5a9f3043ad866d1626118b7a,1
0x8a93fa2e3a3011163dc8cc2429b919ff0214a4f5,1
0xb1d7196b74a182f6075e7b73ded43e3f4835f78e,1
0xb1d7c7cc8b2207cc56340da2e6c521d5d0f4dd46,1
0xb1e128ab872ef0cb29f72093c93f455de4ae6820,1
0xb1e634a01fbe4834f4d71a3453d13a662fbe12eb,1
0xb1ec34614c1848b00724af81995d1e20e1e08da8,1
0xb1eda28ae98baaebaaf3f4aa0c6b68f07a84c91c,1
0xb1f455faa3fc007d363d8a561bb8877c9237b115,1
0xb1f6857927e2a93addb91ec5dce76e743d78f693,1
0x8a95106a037474a2982ede3d9a4a91eba75fe86f,1
0xb14290fd8d4ab2aaa354707d00ca6bb04cdaca84,1
0xb144bb8203be52c4b6ce93cfee2856fc588bae46,1
0xb1463733cf73c98359db7a6a75c067ae8e887373,1
0xb149a15c2ae8cad10882a5af4cc67d8577a621a1,1
0xb1596be825eca9084649fc0087e644d91c0ce2b9,1
0x8aba2476dff4b0b7417efe8ec36d16b370e29f48,1
0xb15af96a8f05cd2b77722e9de77f6677fecc0460,1
0xb16214fc9221d29de0c098ed14c48c390bf60fe5,1
0xb16578982015ec9a41abdb8888a19788b1cb0e08,1
0xb171c842d72ddb88b37e29c873b1a163df0acc3e,1
0xb1a2be5187fec24492777917fba4bd2706ceed12,1
0xb173ee6eea29c1aa2846e197a630b0a8aeac5e0e,1
0xb177cca5e6d075d411ec366035594ec4bebfd2e0,1
0xb1781a836e230b1b2421094a9ea2a7cb766677c9,1
0xb17a6ad431295b4f91f29494a4ad9e9291bd2cc3,1
0xb17af07bdf6572c7a3557efd3146abb59d7fb164,1
0xb17c8d33bc4f94f9575321009862d6db429c71d2,1
0xb17dfcc4e3379b3cfca6557f477c62eff5a770e7,1
0xb17f8af12c3bfba051ea99336db506ba14cec23c,1
0x8a9b62e8963df13bd8c377e54fbdd6007470f49a,1
0xb17ff07a689a5f903f85606b214a5ddaa6ad3f7c,1
0xb19b5fdfd3d7b43183942762f02848c581b57b27,1
0x8aa8abf3f76ae782d4ccfc257210339b7a07de99,1
0xb56ded40fcfe1167b15a083268f737965f5dddf9,1
0xb56df30b31129d6214ac85b060d529faa629ff80,1
0xb578cfbd42280e758ce991ef881cf2816337eec4,1
0xb578fdd18b4262239bb9b93a89ab0fef26cb04c5,1
0xb5795215927b35113700b92c836d47f1727c2fae,1
0xb57aaa15e8ac3ad9dbc646316f6a1a153a60571c,1
0xb57dc18e5aeb2a8fb3731f1124dbaa9c21d8b20f,1
0xb57eff6f299cb2482f5c018d1e95dbcfedd02e17,1
0xb58102c1a1de451a16b0650885606093b6a29640,1
0xb5849c0890bf9bd66120cb1e85737bef60f41327,1
0xb3674e43f4a7eb6c2d0dbb95894dbf6e76531622,1
0xb585a0e23282530ab6f4a68bd28a5a66fc6224fa,1
0xb589ae17a08663458d5aa824718bad24ae1d299d,1
0x89cd7d74c757207828bd68214da6833b167b8389,1
0xb5901d8c48b64c9c3f226ecf116b595d652182d8,1
0xb597a78d8ebe1bdf161557f746fd8ca18148e510,1
0x89c68690d964f76743d9b1b8f803b992c73bc3c5,1
0xb59f18f251492db26feee99d7936b0e112a6b70f,1
0xb5a3587feeae351c777c4be3501c4483a021076c,1
0xb5b0f19bfc41ef0636789f1196c96ed8af81e0fa,1
0xb5b50dbac3990156dc41bcc48f4d594033d30642,1
0xb58538ae017644348a9cd389635fa869d595223c,1
0xb50c27bf5faf3b34d21461278c51245801f91f1b,1
0xb5188b45f3f0a31f0bd84ab8b6e0f564ae96ce72,1
0xb51b608648615ee30098c3e9d9ddd837e7096f8d,1
0xb529d839fe9aa4bf987ceb7b2245afc2660da243,1
0x89de23aff41189d0018a1a321c9b6d398bf6de47,1
0xb532235e6b23d7918e1756123804d523c1ae14c0,1
0xb535644fc7efb06c019b466f9c4b581ae9c0fcc1,1
0x89d790f591d02e6557d2120dd12763d2d421b1f3,1
0xb53a578808cc26f3409b1a972ea05d1d1400480c,1
0xb540a0e2ed1a2669ff47edaa4d38bf579014d3d2,1
0x89ce9ac57195a93db989d0bc4d07643992b29211,1
0xb54f4db98fbf1f1c07afb85c85bbd769f2bc2f4e,1
0x89d4a6a149a856f8993fc397d6535376e69133ee,1
0xb5521d019e01b0ce8d0e37e631f2f9b986d6c1cb,1
0xb55225b6d8b8e13f479d4988f20cf4b08f77c2cd,1
0xb55358b770733af55ece204152ccb2ad1d68fc92,1
0xb558046badd3e573792ae1631bf8659298b713c7,1
0x89d228e0359242d504f7c340d5a81046af702613,1
0xb5586c90c071aba4b7104d597dc9d91f53198248,1
0xb55bf1df805842b2c7d417d33056a3b805ed2edd,1
0xb55c1d059bce414bf18d7fa6816992a6d36b1783,1
0xb5430c6dcf335f1ead7ea027e9324336360f1fab,1
0xb615519ad7ea44ccc2ab48e2b3e6443216787147,1
0xb6271f0779b623115755c8d249723c3c08f96f15,1
0xb62abf34823531a63e2e322c991855dea1c2b937,1
0xb62d97493dd05f5c37a4539a9f56df596bc4a2e3,1
0xb62f845457cacf366a1512dbfda450a3f61f7ce6,1
0xb631ca194c13ad1110e577722775b0e38cad995b,1
0xb6345e45042c2f4e83238b826cfa5c3fdabe4fad,1
0xb634a04ec30a239864ca1deebde26f561b7ac4a2,1
0xb6367a5bb078b86dc3105af432a5d09364205296,1
0xb63725373f2e15175742eddced4f418ca73db917,1
0xb5b529b8b2ca6be81420289a7cf6fb2e439baad9,1
0x89bf8760e8a15c51f6f61b3b67f85cd0d6169c12,1
0xb643b3e6e80b42b742dd37066d35a7f5ca50120b,1
0xb643e148dab05d0eee3fa6c24228ade310884c5c,1
0xb64485f6e3ceb35297bf332b57e413fc64e73d15,1
0xb65cba6231ba3c4db96e8194e08ab2eeaaecf936,1
0x89beb7a9eaf9635b5de9d9e87df4e13931060835,1
0x89b7f49da28436d8905b482c13ce328b11c754ce,1
0x89b68f426687e554befddb0083818247e6125e25,1
0xb65febe69d2c584b8059f1a84d3d63961a467100,1
0xb6632a709872f2b5ac6f478a27570b6cdedb5b7f,1
0xb63d86c7db41a170f04b34cc83c9fbbaa75e027d,1
0x89c6852e423e4fe5cebb7f2d9961cf6861d4af11,1
0xb5bd619adfcb4371ddbb0f7ab01852c3406847ec,1
0xb5be81619101b8a1dd76fb23f67084eff3846702,1
0xb5beadca3e3aad782692a7030642c5104b171a3f,1
0xb5c02df52ee31ab870ddac0ebb53241f5f10dcb2,1
0xb5c55e21ccc9ffcfb2fa3275ab7a906cb6d811f7,1
0xb5c5e352161e7973028d75b3e8a8865e8f46d180,1
0xb5c70a641a941b40e78a63ae415d69bfcd9778c9,1
0xb5ca615e02fbac1dc56db19a4510ac64056dc97d,1
0xb5cf4ff1952661c2cc774217ab863c1c97f6acd9,1
0xb60e074309067d5aafcf056d1074f3379bd7e6b2,1
0xb5dcc0a53ab070c1a451db41c816f55b3b01dafb,1
0x89c183da60fd46fae43f53874334c2888b8c3ea5,1
0xb5df83dfa2f09ad69bc5e55094ee249a94316ba3,1
0xb5e39cf7a5ccf69dfc99b943c528158b55c0c763,1
0x89c0992dcdc7bb13ef2f96d94a899c7a154211b0,1
0xb5eb8254e070dc34ab2b5876137a962482dd6b54,1
0xb5f017d239ccd7f4fbd0808adb0ddb0351e71740,1
0xb5f10f631d1023b8f9e5660fda59e064d8498419,1
0xb5ff36209deb5785b378cfd724258c21031ed4e3,1
0xb6068fabe9970e90d11a513bc61fee8ade5e646d,1
0xb608f507fa14b829de936cec5a1f1a59a7e8a3d6,1
0xb5d2b0a9e271a925604d18a406d626ee345a85f7,1
0xb3d72690fb401b9f8169a99a51c01f016d9c5138,1
0xb3d8de388a91c080a2c6c13d5aa0cf18fb130478,1
0xb3dac54388b0af84779b262b840a3d2ccb75a630,1
0xb3dbcaeeda1c836505fd5f5f524de71f642da83d,1
0x8a0b3f9e84eeff695632d851fd2dc20203fb5506,1
0x8a01427a902d3b45c101d9be049a191c5e0dffd9,1
0xb3de65e040bc0854bf612dd5e8708c4ad0efd591,1
0xb3deadd97f4ee38e43a86827e07773b4037d5867,1
0xb3e38935c7e4657ca2cc82f218e857a9ba624454,1
0xb3e522c5ca95be91d6630592d146c696e3f717f4,1
0xb508e5a9447c4dc6cb60a0400959a0a33e8d5ccd,1
0xb3f8db2e3952d6ca77b21cccba157b598d4122ab,1
0xb401c607f591acd2c5506264488cb780249ae936,1
0xb4027fa014baa0e0c5b4de47e0e95e8c1c0f3e45,1
0xb4071f3c5e87ac3b70057a9c6a6f05b478fa77d7,1
0xb40dc06d2e8d4f93582c6939b928985032ed0923,1
0xb40de3b2ee956bfc42c9003baab5638969fe3364,1
0xb413e08f7ebf272c2b618920633795788ec53093,1
0xb424289364056895c5b0df601e0f46bba504beec,1
0xb42824caa13eac49b52fcf130da00d75aaf2c502,1
0xb428806e05e76eeea7c8ce019c138a9bd97d282e,1
0xb3eac3bde1b00c38d66ff94a1a047b8b646cc128,1
0x8a1ded8058b89065934b439836adec9ad8763003,1
0xb3745f53b8a137bf108d33c828b6ba116096a25a,1
0xb374da79bfb4d8e34a82bd22dd9cd2b79e69cad4,1
0xb378700f28d947f29dd63063fdb362cf75a49ad5,1
0xb37f862a8e6d127570bb00abf20275fb02c5e91f,1
0x8a1c72b60800bebc5d457d953566547ff2829cb8,1
0x8a115cbab7ffd370166af8c09f8d8150239bfb06,1
0xb38556bef4c78591a45df33805f5ff14ef60e118,1
0xb388d3b598741de3fb4559849fdbb4ba08791304,1
0xb38d3f4267deb07d63aafd4d724164d7ec1c22c2,1
0xb3cf33aab717c29ff4e6430800272580793ce7f9,1
0xb3b0a80e546cd6694fd6f6977ffb1759d824cad7,1
0xb3b1bd2aa17c772137b5b54f743388ad497f4388,1
0xb3b46a0bd8296c84d0e0d61d879f5b52b74e0035,1
0xb3b792f648ecde48117530696c29fa7326f621d6,1
0x8a110418824b5dc8a5300486541273076df410c0,1
0xb3be5a909dbb05436f0a0440b23827104ed94932,1
0xb3c431d93c6a8ad948bc493d8b24c4ff202c1acb,1
0x8a0bbf487f90b692e2a695c221d9b4031f5837f9,1
0xb3ca8427e2ce67773bffaf4aa034a7bdc155cffc,1
0xb3ccfb168ab48252a034698e8e941c40fc9fc467,1
0xb3cd40a35375b188cbab207aca29992beca9fc53,1
0xb3a8fd580e1d6600a2ca0ce311995ca76493def6,1
0xb4a8aa9a427fb37e0a48b87547d4dc2ae2e2e939,1
0xb4a961b0f96178b3eb583925266223036bb2386f,1
0x89e68543117b620768329c49bce8e3cc0e07c5f4,1
0x89e45f56d986c0469f0cf906721af69441b62428,1
0xb4a97f1caed5ff47b66d21bf03534fca608f2daa,1
0xb4ac10b289af032bd98550ebbb9b13f4fbc85add,1
0xb4b284ad5461695787ed5771a190f4a7a901e090,1
0xb4b42da2e4fc1c3e0c62168428e6860ca4da7792,1
0xb4c90132de493ad2a68d88027b08724e4359f58c,1
0xb4ce24b28a7b143ce3776302fee047de13267b68,1
0xb42a05951451c4d863673155a5deb822d2d601b9,1
0xb4d38bc1d9a55fa0f3f9fa63dfb4557420397061,1
0xb4d699f946a820d927c01ed811e391ed5367d389,1
0xb4db28084854800bb8d2d03dc9ad826cb2a7a3e9,1
0xb4ea0817d80e1c91e70b3bf4d9b94a3b096eb926,1
0xb4ef8b1da9fac08349dec16dc2bfe3c8242ba25b,1
0xb4f00d54df5b4de3ebf1958a8d35a2b404b49fc3,1
0xb4f5eba9c4f095c5284ef400660c53d7a1be4a08,1
0xb4fdcd301173a66f513eca68802580fc629ad970,1
0xb501bac7c439fc560cdcefc3a2594334e36018a5,1
0xb508249e0a9d1f91f8b78eccea58b97820f3bb7f,1
0xb4d14cfd44dd4231adb38614facc27a427904f36,1
0xb42d4b8864de9d3e354bb8091514987084569373,1
0xb4346b5e0359d6a554a44585ce240454eba738ff,1
0xb4384bbda533c85f10064992fb5c764cd8f88e78,1
0xb4463c558a77a3e99de4473dc8a6179fabd73b5e,1
0x89fe954387706992db55d52c316aa310667bc658,1
0xb446d36baba6224a0737c1caa8a4d1ee0e65ca53,1
0xb448b10e990384a40450c9d5305d41c0ae13ac92,1
0xb4552762ea8dc6bdc11cfdbbda42a2a5a0c47540,1
0xb45843b8ce871fef86154b675f86d1123865c306,1
0xb45ae0fbf55e8a386d11fd501fb01527e5575771,1
0xb4a8a22ec7417ce56f54109e61e9ca2f1b7d5bb6,1
0xb46b4fc6b0b4a2e6f000bad7c5a18e8b25f2cdef,1
0xb47baa486ab23dbb346e10d188dca468d33bd226,1
0x89fb05c1fbe414419c90c692d5cc1b0966691f2a,1
0xb47bdf9a9fe6fa2653f883bf6f420ad2af5181c0,1
0xb4841b965fdadb92b8043d022da48a5cd6707ce2,1
0xb4855e869b8dfd82b05c5cd4e4b8b9c6ce87b81a,1
0xb496961df2014b54e298e6ec2d774cbd52c6ad54,1
0xb49897a1e99f5fa4482613aa6786f0b92f72de78,1
0xb49c9271cd84575ecf92350f116ac1248fc05da7,1
0x89f84cfd9e7441c6dcebc38c65793e9222a190d1,1
0xb4a30400deec5ef9899853fe7b182e49010f27d1,1
0xb45f780436db3748eb384d2bce951cbe0884ee03,1
0x9a49d16d241b2c867a6b546a216c82c82dfb8491,1
0x9a4adf4eb89d0bbe207d27933793d5ed39eaac75,1
0x9a518807e98360838aac5324afb46d8ed5d545dd,1
0x9a575e193ad3dbe703a8b17c00308e278a56148c,1
0x9a5df367e554f9ef394f5b7b36f0ba95a822badf,1
0x9a65a159de5457fa0a5e1581a99067edae77a463,1
0x9a67e83d2850c0f63902bcf62e678aaaa070d0cb,1
0x9a6f0db6d147b4594ebe5fb912400e999b37833c,1
0x9a6f6522f99cad61a5f46f5867142fb35da89688,1
0x9a73733030201c2874615a26cb7749d808b84ecb,1
0xa75eedcb2406229b246a7b7e97bb45bdf5ab1c3d,1
0x906d8fea60d3922a502f30a4163d71f33c4bfb54,1
0x9a7c77c4b814e2be4ea9c37b6b207509a5705e9c,1
0x9a7dd27a45fb2256db966ba6bec0ffdfc740517d,1
0x9a80f5cd7f9999c124bf7012d40c647226c76628,1
0x9a8683c80e82d21cd452862c02ae469f7387d088,1
0x9a8a30a78f56c791c07a85e1023d0c8263b345ef,1
0x9a8fa7f09f897984ac09086629f1eeecf898f565,1
0x9aa46ebc16112cae9541a5d857c25b850f29cf4f,1
0x9ab7e789b47916d82903c08a5e8ce8c9eea2348f,1
0x9ac34e86bde0f8fbf34834cb4efaebe854707fdf,1
0x906c90dae03991fd37f236b8643bc042779c21bd,1
0x9a75c5dc1e03906823e4ef8ca98d2df8c21fe29a,1
0x907248399b7d22c0cf751b429add38306551483b,1
0x99efa56d7f884a1ce8b74bd722bd336af6b76f18,1
0x99f14f18fab2dbdb51e704f7c572cb5e3bcfb420,1
0x99f41ad7d7e14d4a72f9154b4275a1051c419596,1
0x99f46e5238d139e9f6ac1b653208394c585c24b8,1
0x99fac926b66ac5a0c648b16fa4d89ba1d1e0dd81,1
0x99fad8690cbf09d36b0a98050ea81c9a381c3198,1
0x99fdf4ba058f416720456cef36c94bb41da33e5f,1
0x9a0338076fd2d7e997077ecedfa2408ef9a3bb8b,1
0x9a08358e9fd2b44cae0036251ddd94bb983c8bf6,1
0x9a42f4e9e04a2e7ece260f77a7f5b5dd0251b4c6,1
0x9a0b9250b2e29f4fe604160156ed922f27da2757,1
0x9a12e943668032be7942311e7e390d2163e622ba,1
0x9a130114d6f979e6a1695539d2c71b8292b876da,1
0x9a16692b0d0806f124abe6eec3eb9e8820f20d7d,1
0x9a17e1b8774f84a7d12805bf745ca72cc82e9110,1
0x9a1c02f78051aa4009a96133bc5a32d087afb391,1
0x9a1f1326d1555e2286cc70f4f468f736333f1ce0,1
0x9a2a5fa09c77a5a2545959da59e9e2401cf2b222,1
0x9a37ab5219878dfd863814161dafef6de347ccec,1
0x9a3ab78bf988d6c86512034573e4fd2946741222,1
0x9a3f077e272fb68f9df43f196982ab66a878454a,1
0x9a09b27812b012f50a201e572bb7ed739a318b12,1
0x9b36b3d0d63c24ac534dc1f97e302fcd8350e279,1
0x906111d11a9d39379906e4c0c74c988993c6e14d,1
0x9b4935c2a68b73cf18a16d30f92b89cc585be995,1
0x9b49407bf097e99ce75147ba7d7dfdbd578d61fd,1
0x9b51118568a32a773559019fd0633b7b582a3254,1
0x9b5171c9be2e045b3d893c1d6e1570b752e55a36,1
0x9b54b4d04550eaa126aea70389f050daa8583a13,1
0x9b56b0bcf96c858f74c27a08688d7df212e22392,1
0x9b588ce786ea7bf9583d3fa5ecba700a11538241,1
0x90519852e3e4f6b3ca7321093ac88999e04c316d,1
0x9ac7933668d2ae3fa63e7c05bc297454da19528e,1
0x904afff43902fe8fa13c5067c88c8b6625e69317,1
0x9b64d1b6ba321db115dbe9d352db2dd9de456ac4,1
0x9b674cc410c5669b70c0d4926f7df2bed59e8407,1
0x9b6bb9b60720a6ce5fdd7ace9b13d52b2e2846f5,1
0x9b770a6667f1d202868f7e5421f6e0284b080c0e,1
0x9b77b2cf9368c0b09fa1df5589a914f7417ce811,1
0x9b78927ca59dd5946e847a7b108b472092be53f3,1
0x9b8d96331669c6f38a4f43e149a1004fd8c4f60f,1
0x904684a6c6ab429d2e9e2749cc9a3c75b2d67163,1
0x903996301c889ccb4352abf5363c553f9cf5fc68,1
0x9b9369ecee3821944be66f6b6f6ce5b2269b434f,1
0x9b5c97567b9c442e30907c5e46905c3d5fdd4767,1
0x90629febde6fc85c4964f00d3cd51fc0cfe428e9,1
0x9ac820aa45934dce95933f5f0dcca19adb3ba59f,1
0x9ac8d5f6ba0d8dabbba7e2090f009c04433add09,1
0x9aca2adb33df376cadaa668b3e9a3bb611b2c32e,1
0x9ad5863eaf20a8f8f4fc2239688709a3ae12e6c9,1
0x9ad72204badc20645adcdaab430068f7f4d41138,1
0x9ad9b853dd11c989337dd743b702bff699fce974,1
0x9adbce76830f2186c11ea7008f26aa424d135ba7,1
0x9adce91b2c05202fa7d4ff93a211f0a4427f9e9a,1
0x9ade5041f66d88f31afbabd798df79f9f54c7e8e,1
0x9adf17b7d91731ed74c2502695794ec95b8f2a26,1
0x9b360fffc83155f81673f2684979daa866568c25,1
0x9af366754efdcab6790d719cd939b7c9c30cbc59,1
0x9afc0e3d5e96cb55ecb41859508db954fb0c13f8,1
0x9afc6ae355e38948725b157314feba9656465b36,1
0x9afd8bd1f1e1d5a80d34ab9ca2a6eef99164ddbc,1
0x9b04017b7d5783d0fe944c4868998adb99f9d259,1
0x9b0adba1e285944c7eb4b90631be2b20abfaf07c,1
0x9b11538fe12e6dcbe6b4d3562744e414419d89c4,1
0x9b136f50cf40d0fa03336f11efea44b398131e45,1
0x9b25e20b5e6525e5d3b6f8d676db9fa465f58dfe,1
0x9b263f985b67424353d6a11559b889d433e231e1,1
0x9b354e95eb4ab15d18560e5eb332b9e25381c2bc,1
0x9aefe488878909c6a00c4907972a44d78951abd9,1
0x909eb0c5b83e9e0032ac43dabffa649410ee1294,1
0x98b82a04f97d5427b3fa60ebb7bfe6dcfa9d91ea,1
0x98bf733597fd5d875d316b3e2b1828003e33f114,1
0x98c26dc055158dfedb27fd4dd1e92925b815cf90,1
0x9097867757d18d7486597a6ca3d522f9729af4c4,1
0x98c34b1528b2c96a30fc89b9c6eb8f1023fa457f,1
0x98c4294df243df80707f37f1c2dd5f4eaff3d42e,1
0x98c58dc75d03bfae519931825f88376e04137f3c,1
0x98c8751ce47e23a4bf50ea797ad55542ba36394a,1
0x98cc841e3a3c1a45b919c38a4b16929258d9e9fa,1
0x99e87385d6df95290d552db867e629cd4761e47b,1
0x9096647d9250efdcfeb126da18d522493b5d0745,1
0x98e25d12419b845e8d55273b3a07afcbb19487c3,1
0x98e8491e05f21f27f3ce9bf5c3ea1ac8b8595bfe,1
0x98f3e984470300363e7c89d00d3626ec16fe6375,1
0x98f59aa0d58a437ccceacd0e00c34063cbf0154a,1
0x98fccadd09faef74f2f34577bcf5c182afacec31,1
0x98fcd57c12764ba2e004e33a9334ff4432a03eda,1
0x9904957de20f5f07428177665957fee511c77849,1
0x9904dea16d7c60d817fdb2173f12aa4d48c1bc52,1
0x99057919ba7633d08427c72fdf6354f492ceb9bf,1
0x908a45834be8a15e3469ce616fb2e89bfe8fac3d,1
0x98d210fb1e72ea28df8f73b0f5c1f475faad3a9b,1
0x983f3b4c8cd7ba1fed05249f624d89bb1d5e2649,1
0x98408804e78c6057b3be70662b685ce06b5f2cd5,1
0x9846349b6e43d9f5dd500a9a0becd65096345da1,1
0x98476cb36dc132a288629b22760d7ea12f52c846,1
0x984b4a9d642121f9131e56c9db54140c76c71437,1
0x9850464709b045e336d2686daaf1fd855a9e33f3,1
0x90afaa440cff176fcad405b742c94f5f27549621,1
0x985399537da6eea947e6245a7ebe2d9d2d6cfb58,1
0x9856fdb25d905dfa18e536e72da81f9072ef01c8,1
0x985886c209ea3891e2d7a663126f1347d6a64b40,1
0x90aac9b41261b20008648ecfdea38bb7b234e593,1
0x985d408a14e56dafaaa5b0be7cffdef618b219cc,1
0x985fe021f246566063423455105d3fad8d241d00,1
0x9862d0088ae75ba18aa27e9eb804e03030fe3510,1
0x90af98d08631ddfbdd1c0c4779047cb8f282249c,1
0x987593d0c807239eb6676064db3248e81f006ed7,1
0x9893339f0fe66429370e90e13fbafe2954c95fb8,1
0x98962a5060827fba7513b9ae7a5bcdb30669da05,1
0x98981376676e145302ded4d17440bcb50459fe63,1
0x989d331da3b6d209707d4c10d41859ba33b3fe8c,1
0x98a76c8a620ecd18b2258876bb93b8d8c9f9a1ba,1
0x98ab70b2e8eae9328ad0ff671c1cde8a3a92f40a,1
0x985b3d7cc9afee136d07df7fc194e9ba57f26fc5,1
0x907e03f931a85cddf4d7ad1c0092aee608667db4,1
0x9988a4703c37d45c46ff95308e3e08b7b3c7a95e,1
0x999785d7a5169b1a387d258e5b3990f27d00b736,1
0x907d4e5e598cd2b2edb460fd7336e52ec30f29b2,1
0x999ff3e54ee4c04caca1317dd123a017438da7ee,1
0x99a0de16b0da55495ef0df5c05a9e3863e5bb547,1
0x99a10b181454e92c3d21a0d5e9f88a5f306f343d,1
0x99a20e8fcd13e0b0bbfa2679c637974f2ec0ca46,1
0x99ab66a17fb70763415dc90827cf394ae5aa1757,1
0x99b8c6678a1917b59d3f51d4de709190e62b190f,1
0x9914bc32b2925f4437bf8fe89f4e05a1b0891a63,1
0x99b98ddb7753594db37a0ea7611fa76604df5877,1
0x99bdd3fd180317128854e15fbbf2e1c40accf321,1
0x99c254f1dc03a420ff7bf1be742c49cb965b1494,1
0x99c4cffe1cd4c6fc45cd29855432a4ed1198a095,1
0x907aabe19c38b43c3296275f02b2bfa5a346a7b0,1
0x907a053458b1e6679c286b0833f8a1421afa02f5,1
0x99d239865058c2ac184b822dfe05deb75b9d7b40,1
0x99d7b8d0bd5b87b794251b55469025cc5926bd32,1
0x99db39175d66f3ee4b41f5a8a3190c22c998dd2e,1
0x99de01ff2b880cc8d47e67c46b01b539efa87b3e,1
0x9074c6442fa780ce054235e2778791e3fa0fe5da,1
0x907b8b2be389905f93a73e558a2e164496ef0cd1,1
0x99157ab7f223fee1aa86f28d638107ab7fa95ca9,1
0x9919bcaa5e0b5bf1aedc5ae67fb80d16de5f8bef,1
0x991e9349226f753a269cf21e1d3e590f8bb52854,1
0x992618432f35057bcedf65bbdb1c00c71765f6bd,1
0x9088eff2286fe9a859f91b503fd329577dc47b21,1
0x992d4275428b6f5eeb3fa823ee9830caceed246b,1
0x9087b972b5751c5278603c3d60e25e4ec6328b42,1
0x99314df59b8c39db9157bbb94138f0bb90a4ef09,1
0x993336aad5e03959339f1c77ce85a1d52c2b58fa,1
0x993d0fe3305b59d455e7f627f76c43999ab469ba,1
0x99473479141bbf0aa2a97e7044d6d2e0fedf1ebb,1
0x907e58ce6ab23f1dce4e7553439678a1d1a3bae4,1
0x994870e543c305c4c75b9a477c177c028310cc9b,1
0x99506707ff4e210c36abf7936aace4d60c1ab105,1
0x9958b5931f0548f3fe898a6fd42892dbe01de50c,1
0x908289e536a56f7fa9a4b12e3656afe922f53517,1
0x9971cf1ede88abb36430880b485fa198d4887f26,1
0x9081d90ae0c3c1f2c776244e69f4df90fa1b494e,1
0x9976fab9593a95b50c59ad9548af90b47e25453a,1
0x997973c8c88471aae867f4291a59f7a4ef5a3af4,1
0x998022238a9a54206449e1f9df69a8187b47aaf8,1
0x99837b3d4deccbecd4b263f33af61a792cdf61ff,1
0x9984e56c9f9742476d70395dbc828920bf635e82,1
0x9947763779d0154b0940f13e88f7f289ca29b51c,1
0x9dbb3aa9d0f50881203a0bb234b7fc80b86f1c94,1
0x9dbd0b785ee42f5d486e3e4e189894608d29d00f,1
0x8fa960c67c7833ce03662148d06fb65bea78e616,1
0x9dc0adbd4085e6a56281e9664f21600a4ee5ff5f,1
0x9dc86e37dba30331148df1a0236a0010e8d25f8a,1
0x8fa834cb9ecc0362d26224138741ed0dda2eb612,1
0x9dca34d3e774544dd2e1b0ba4cb11a0e38e193e4,1
0x9dd1251fca10118bc2e3b9a85c8a6b4c231cf1d7,1
0x9dd2ea3ab64821a2c455b8fe4c9cd8969166b8d6,1
0x8fa79f01099058adb60ef247f123084881d50638,1
0x9b9dada802179888e0ee39040f888354e805e8ff,1
0x9de0dd93cfa70c94698d891c020aedb808960668,1
0x9de3ae5bebd9797de921224fe5ab1c20f25b2395,1
0x9de8050d7b398019752b4c4aabb7108b985c0e28,1
0x9deb547b9163204252a4ab571d412f16e8b05cfe,1
0x8fa10188b117266e66aff40129e58886548c32ab,1
0x9dec43a9a7907da7fdb201fce6703463f6875481,1
0x9def441ff944fff38dfe2f52ca8b1dfa1bc1bfc0,1
0x9df1dc96a963e001d508953980e4bc210742fec8,1
0x8f98050f3ce30f28be83374085f65e781ecc9d77,1
0x9df8d000ef0948b0b110b576f2e947e6e75ca12c,1
0x9df8ecc16a9f312adf74aed27550cbd45310146c,1
0x9dde1a07aa07f0dd85cc8719cacb4015c43b5c59,1
0x9d6b3e1e75b76558e84576c765ec4d69350d10da,1
0x8fc134da940dacf5f6b45558ced3925d2dd54384,1
0x9d6c48dafb743b6d6c15a8af3022456ebb61a29e,1
0x9d6c87c9e43acf569f6fff759f545fbe61bc7add,1
0x8fbdc479dfd81cc585ad43dfe270a0a7cc791ce6,1
0x9d6ec1607e56b2cec0b213d6ff9f5b8432fa8c74,1
0x8fbd5433cc7ee64fe9d7049ce4b02d1bcf9c93bf,1
0x9d70c644eaab73a223c88c3b763752160dbc11a4,1
0x9d745b093ba73bf8d6371c30dda4d553b98cf324,1
0x9d7f67834ab3510d78812383affd79d9838b51af,1
0x9daeeed7c71a0ecf9d1aae6868b5f6e6cad55369,1
0x8fb5f5e479aa0be9671c59ac08686ecdb299172b,1
0x9d80853c88dcac9323965ca784e2370a13267d48,1
0x8fb4e43b6495331663dce4bfd64c6bba01cbb3f9,1
0x9d8fd913c02774595750dae298706d67edcb0502,1
0x9d91793e8d058f3a0be4e97891575e0586decfef,1
0x9d9486c2214b0e45377cd3489356ac7051a4813b,1
0x9d988705c8e5297ac2209b7f018e9ab09bc9b41f,1
0x9d9a7a10e813e3dd47a424ed82ed79778e95da7b,1
0x9da04aa57909dbac4bf32a76c2c314787a5d67e9,1
0x9da4aa6c994779dd8d5db234b53bd0bf616aa105,1
0x9da687cf13da8f63d40a5292836604cf902fa9cd,1
0x9d7f877d261bd29ad3dbfbdb01c1925a76d4b722,1
0x8f83204da56edad13b03470a70125ba600eba802,1
0x9e96c9d196632625dca5228a842a669a3a684e44,1
0x9e9f7ecb717cc5c83cd7207ffa448ceb4c6425ef,1
0x9e9f91e2b7b3bbeb54790e9568579c48007177d5,1
0x9ea45aa952db68298abe636c89615e8b7a7185d7,1
0x9ea7d91a65c654b4a85d120f534b77eebd998a41,1
0x9eaa5c62fa22fa69092b3abf60eb6d2ebcaef1d5,1
0x9eac7389ff379cc8ab02ea6927980623d01520ab,1
0x9eae59293a893015d66e4a7f24bfe21c833fc7d0,1
0x9eb04e45748e1dd5a374b4e68cd43b08ff0cc969,1
0x9df916fedad8465ef6ed9ef5812a4016115d9ed5,1
0x9eb115b4e6bda556d0de25eaeffdcf059bdb4921,1
0x9eb1a44a42a165ecbc31f550b8feceb02c745acf,1
0x9ebb1d3fcaa923095d431fd2c0ba87452db92920,1
0x9ebbc0b7a2ac2541357e289a28ca766417351313,1
0x8f8100e7693056bfe7d381afec14654f99e77371,1
0x8f7fdbcfa820be8323c2669a40d998beab74db23,1
0x9ebc68156e0fcf3829bac2b713a9ce8f92c7c92d,1
0x9ebd18497467e10925b9b165113d6ba518d86da3,1
0x9ec1970804e8be5e4517f20af43f03e563fb7c19,1
0x9ec5216d43d223758da2c9d98e739731df43d355,1
0x9ec98c56545f09edbe9ed464e259bf4a25a54ca6,1
0x9eb0da5f5c1d453d2727473b8026386631e02ced,1
0x9dfc11462782a55978041c4d04ae47fe61e6d1af,1
0x9dfd89cb954310667d3413c63c3f8b3b64d2f389,1
0x9e04966806658e5c10d32f189bf0927d359d670f,1
0x9e06c971a3e8172ed6c349807a39eec7ebb1dd3b,1
0x8f97c6a254a32105171ee3b5fd8e1152c2173207,1
0x8f9635d749924971a272db57c1c8345a68323dcd,1
0x9e0db77018a7e7a601a526f287d36a80385043c9,1
0x9e14ff7c29ee7bca413ce0d742cd246be3fb67c7,1
0x9e1790d34a4f78f5263941e8ce2d0e7f16d53542,1
0x9e195b251e2b505009e253a6ae58e7508f1ee053,1
0x9e2282b27810ca1d4373084898abad2044db38ab,1
0x9e7e2d63b3668a05b6306d0615dc58d5fee01b2b,1
0x9e2832764624e0d45e23da09144f7868e1cb67e1,1
0x9e2a58718e5457c2d969a8cd8df604714fbd4993,1
0x8f8d4eae28b146d61c21b949c8afabfa386e56a8,1
0x9e2e4968a0c4f5a06fdc363135afa53edb358b35,1
0x9e36b19f246714d64fc43288f7190268aa891829,1
0x9e50a7977611951d3185c5a7b24796a91f635ef2,1
0x9e51face2d15c3747a6c3b88bcfa226f316c8654,1
0x9e5f745a62b7126677f66e61e22175c8d0ea8d47,1
0x9e63a370c3602578afedc026da5e7eac84af5b39,1
0x9e771251c71670f445b3f44f13fa4c4a31fbe472,1
0x9e7ac64995e418127d67cf45409f2cc638c1c3b3,1
0x9e2608c490a884c27ea0b68d4d384f32440de8f2,1
0x9bfa650ffc7c75b7846ef1a8500acb7f49048451,1
0x9bff9d7b773283ab7da4494c9f1c817218345440,1
0x9c03a30b3b6c3dbb2c6ef674278e0a65558f37ed,1
0x9c044c25471b54db23e7eb9e505296a00ea2d140,1
0x9c13d5338a7cd9148ab32ac735f733cb1245422a,1
0x8fef598c565c5bf2dcebd98641628cbf09f4037b,1
0x8fedc02b830bac968457a6668bc4546d344fd750,1
0x9c208bd12549e8a24c9a09c444d07ddedd031b68,1
0x9c20c666d81b8045835cefafc53ede9522b6efad,1
0x9c2217e12ae53f207222c6cd63f2bb3248d329cb,1
0x9d66ac0cea16fc4ea04901a213d6b5e2c892cbcf,1
0x9c2d2ff378debbd78f38d390b5f19c7887adceda,1
0x9c349d6fbc88c39c4cf83acb95e52f50d12ce6b3,1
0x8fe534e574a8949fa5299ad445261f628534da61,1
0x9c374b322d75333791bf42a6421e90dedf2d5bde,1
0x9c3b3c0c508bf32dfb813215a5d4f228435bb9c9,1
0x8fe459657bc81a0ce44cab1fbb673980c8eabbe3,1
0x9c3ffe3e7360101b7fb14d480b05cab128e8fc10,1
0x9c41d40895664a408a0ed03e35f088d6e4e1ad5e,1
0x9c4b0b2dea0be918060ec333dc6445f179e66ae6,1
0x9c58f1f694e9283969743bc3e6915334d0cd5a16,1
0x9c5e0a2cbe84960825a3aca2ded5d75c342e49f8,1
0x9c2383b01173587de4609f7e4f0bf73e2bd04ee6,1
0x90361ced225d66cbe8801a629741fe7b534f31ff,1
0x9030a637883ffb6842b3e337bc6ed6c74409329e,1
0x9ba2887f69f45d7ac4722de60c7702ce3a84d217,1
0x9ba5ade380e6bf743510b755214c64665e195c86,1
0x9ba5b466e60abe80ead2a0b2e636aa5db9dae4c6,1
0x9ba702115885097a32aac6f17c78edd6060f07ef,1
0x902b8b8ba9fb58ea12070486fb04242ceffee69e,1
0x9badeb055f27938b803748abc78226fec96f5ffa,1
0x9bb5980886f528be971e333a578ae91611445bb5,1
0x901eb3d29b53cf2614bb608f2d343505ffbc1944,1
0x8ff6b44ac7e577c529debb09817df6fddec1a0a2,1
0x9bbf0efbdd0d710bda1e4bc7104cab6a64dfc83a,1
0x9bbf9a21afe329b9e95c33366609734619188715,1
0x900031e94cf99e9d08d555fdf086dac2cd4cbaa0,1
0x9bd8f641814115a4be79a36870c660d1aca1e5d5,1
0x9bda283b88a5840e2ef1e2301f8b6953697a129f,1
0x9bdee2b0708cc6b88a45f4b151f46d97a6a45ab5,1
0x9be7ad767a74a0bd0f015ea76372d9f1d3a310de,1
0x8ffcf18eb1101cefc5a3aebd230ee00c41274493,1
0x9be9ee2c7901f00887c9e47e9c60c5a34fadd6d7,1
0x9bef6d45914701cc59db906d0b43559cb6d48087,1
0x9bf7d87ad4655d86e3eefa8d1078a42038c5bf4e,1
0x90176927ad8d06a85f30bd46d73f2050468c7afa,1
0x9ccae50e71e24cfba0e83df17ce790cbf6bffb3b,1
0x9ccd27b3197330df296cfe771f0e8e7403c221d0,1
0x9cd0c1fa3894811181e620ce5ae83a29ad2eea94,1
0x9cd2d441524a86e2b709113aed179fc02db59218,1
0x9cd395e89cdca3b480f8020e6cfb83a861e44ce6,1
0x9ce6bef54f1be903a49221a9392b25cb6c79f438,1
0x8fcf9640936862d7acbdae01a9ab40de0550210f,1
0x9cf63d4f583ef3a262e658e7aba22d63a37d7d49,1
0x9cf80621ee573338202e1e7f1c2e5275c7bcd78a,1
0x8fcf91d7ee02182ec3bc6a37f7367c694d58b310,1
0x8fe06dd682c2c38b89bcb286a87f4fe25c68d7c5,1
0x8fceb0951acdfa05f597fcbf60b84d9cfa68675c,1
0x9d0e2f4f7afef8cda6fcbb5b0e34757881f3b87b,1
0x9d12ba5ea3db14fb28b4c35dd473d973da937904,1
0x8fc2600053fff6a5cf27473ade9f2d11bb127fd0,1
0x9d29e055ab8b9d82e8856a889436582a9d9f1fc2,1
0x9d2d62e41eb26eb546229f2fc505a22cee37e4d8,1
0x8fc22a28e29674dec8ef4d20f1d0aa3c474c934a,1
0x9d38f9ba07b681b3dbf8ab8d53d68c08b53290ce,1
0x9d3a682880e2593824873c34815da0e311d80bde,1
0x9d411798cf082ce33ff7aa5d3bfd34893d498cf3,1
0x9d43816f951a5511c71773ebe2857eae772cfa48,1
0x9d0ba270b3e17055fcee771ab0350f686abe839c,1
0x9c736ba356459f8b8b54762e099feea27a25964c,1
0x9c78f217c8a97c8238ec706079719ddeba6d82a1,1
0x9c7a9299f73527df999cdce95e84acd611615036,1
0x9c7f9253ccc2460d58800f125b19259c7cc13faf,1
0x9c82500c0e87ca8da6f507506ebd1ab6edd67eb0,1
0x9c82b6a98f20a173ae935464a396e16438d195e5,1
0x9c8646ae78d86ff228424f860316dfad30b7e4f2,1
0x9c874c0de67423ba53bfd88846a780baea633189,1
0x8fd8aa73a0151f57349d184ce5d6ec9e0564549c,1
0x9c891f53528dff745eefbcf0a39335eebe888cc3,1
0x8fd47ea01dfa7511aeaca2328b1a0b1e46d9a01c,1
0x9cc4e4fec2f19a516b3598437d3a1cf832d8590b,1
0x9c91f52ab93552f3ec281d90f28d2303f1a770ea,1
0x9c953c111604a7998b163a09b4687f95220acb0e,1
0x9c954f328546e42cfa5661367695a7e634f9a7dd,1
0x9c9613e656cebfb43aa00bc30fa84faaee3437cc,1
0x9cac2d3645f90390f751a1d26c6f447e68a8eb29,1
0x9caed0b88a102d6f843622d97d7288586b4917ea,1
0x8fd3ec010b0044f5cd1972e98cc5cbf050f8d995,1
0x9cb6a08e636c4950bfac73233769f629d5f1b9b0,1
0x9cb7fea906fe1c24da3e8d9ccc428e80259591e5,1
0x9cbcb423140500b64abe40f7c7498f2d5715f79c,1
0x9cc061bdf37a71885ac1bfcd94b72cc6039b222c,1
0x9c89af45e2ba89b49ed9e4ca223afa04baeff6cf,1
0x93ad20daa568bbeca252f737500229bb6c038a73,1
0x93b0eb3e527fcd5e1cdbf47a381a7900ee61b4e4,1
0x93b691f839b6321e6ab05ba741429d305480cdda,1
0x93c9376a26fe7173678e7a1471d2e7513e2cf72f,1
0x93cb1e916af8cb614a362bd57121c66cdae42b70,1
0x93cdac1358f0d71387c031c119f51f8fa3669224,1
0x93d0d53a9a8216364180104860b8be27c7d8db0f,1
0x93dcf090b31a83a91cd180866c5e5fe0d626dcc2,1
0x93e4e2c6d4aee09b55cde79c95e90a958f7db679,1
0x93e5e4978156d8145f73722738cc9ae57dece713,1
0x983e163341fa7a02619868a4d956d70af53fb391,1
0x93f7b1b6db57f0c1b3f5b2f9427f1bf03ff85b47,1
0x93fbeaec087329134b9e9e5b34f2f1bb847e0dc7,1
0x93fd8e42c42c9f81d220a33b86c30d25edaa456e,1
0x93fe37a9fc3478004a50e8366da80b2b5b3fcd61,1
0x93ff1bf682617a6f62ed5564fc61e180f8530113,1
0x915fb4ee862b068b0de5097fd1ba9360fb35d638,1
0x915ddfadd0db1ef69e624061a87428b510fea9b6,1
0x93fffeac8f720683c713aed28ef30be26d9de8e7,1
0x915d855c944a292152fa2336155cdfe5af64a066,1
0x9409b5f0f0158fb79e35cd6ff1ca0cbd47a1c6aa,1
0x941cacb7c2b97cce884bf674c035696e5340911b,1
0x93edfffad0a369fca0c1bb3ae70e9013c6529fbf,1
0x936ea73097b23999846bf8e79133b7cda60006d7,1
0x9370fa73114b55fa8280e63b361a2de669c87e8b,1
0x93734e1da7126f0ed35b59a2a02d05cb06342db0,1
0x937721189f998dc3c58422f58c552a8846cf210b,1
0x91740daf0d7c25f63ba95baa3382453b5ac81457,1
0x9379ce55a4650ec246e330484f4fe5815c7b8f42,1
0x916e1cc4edba900784bee998da727349531ba757,1
0x937edd73f0700e6fb9c18044d3d1e8ffb1cfdcd8,1
0x937f482a80346abe718203538af081ed006a6fd8,1
0x93836bfee0916ed46ba5cf48e8e9d3e4dd6d34c6,1
0x93ac5dbfcea65a085cdc8bd2b94f436070c91f89,1
0x938b910ed7f77bcf631c159975d639cd06c6ab4e,1
0x938eee92dd00829026bbb0d59ed8b50478f10ca1,1
0x939823ad01e0fb0a4a1765675b4ed28433828425,1
0x916826f2b5c03c448797d931ae9de4aee1347e69,1
0x9398c2eee5513e28b395ba860e1f4d9fb7d7ecf2,1
0x939e62ea806f57caea41410dad48930328420799,1
0x93a230afb71cd060475751a4146eedd8d1807191,1
0x93a346556c4a1b357e26356da1403751913abd1d,1
0x93a7b03eb0eb95db7cf24babbdd87a43dfb8e74b,1
0x93a7c9c1fd0f912380822168fc73238ce25195e1,1
0x93aac394a3daf876099bbe98c4d7b2dcbd7491cf,1
0x91687452deddc757550d32080dd868e7585900b5,1
0x947cfe14aee56d08088f17d7ff8ce542bb139f12,1
0x947f296e9ab1c204ccbe43f01f1fb4a5ae4ce6e4,1
0x9480c4ac02b75a3ea869de5fbf6aa39d2d64bbce,1
0x914efcd6d144c2623f5c45486fdd3be77e0450d2,1
0x914c2fc5d4dbad6dc43ded43ac92063da5dbf78f,1
0x914ad141943a2de45fd3ce4c12053e467cc39e9e,1
0x9487082fe18b68e00fe85469b4d1a97155159cb1,1
0x94896da94e383b43717017958816b2cdf9a9b49f,1
0x948a53f94e952d8592f71d76a8bbf3d5dafbfedd,1
0x94915db7f2d14ce3685be43bbda1759acf15a068,1
0x942903558c3a334b8ebdc3993bf677707cbfc3dd,1
0x914a3efdeb34bf214253269d4576110409211e45,1
0x91465f82c441575ad9fa8d1681819890611bc57d,1
0x94963b39a47bf974d6706932aaeac860381c234b,1
0x94965b426e369e295ba88f24283298dfa4719fa5,1
0x949b170a92eefaa8ca1de72c93f8fb6602f22914,1
0x912f5904b09f83a43481ae93e91912afc26a6d4a,1
0x949da94aecf949ea5a468aee1bdcadf60ec6b41d,1
0x94a1bb6e09098f21629882f97aac32466395a152,1
0x94a95e8beae4d6ec502f8d3d8509c9d745fe2177,1
0x94afaafed8c4950274d8a5cdc2a5dbfbdd4786af,1
0x94b1feb22a15b1ca40d2b5bf7eca181f8b6a9671,1
0x94931c2a7cf78493e9bb981532e953689cd46d51,1
0x942a168b3a80328f45b863b8607be705affc4bcf,1
0x942c76e2714570afff6459758dae3f467f28ba8a,1
0x942d23c72127d1244bc08eca34a532a29a3d6df7,1
0x915393ef5da13fdf37767704fa5bb513a764ac2c,1
0x942d2e0125fa021be7d483865b8f5dbb33816079,1
0x942d7b7343280abcd631c225e3aad681b89b4251,1
0x943029381c1f69781fef63250529bca94a5a66c9,1
0x915352def6921bd2eddb4e65519dc36d570d763a,1
0x94323643a4342a760724ea47c871aa9c359c1173,1
0x94330ef531201e360e41f9c4b9020bb20bd06b50,1
0x943484e7b819015e995582160c1fed0a50181d53,1
0x9467fbac3cbc15e32381e4008118ac9014173c75,1
0x9441858187cb196e8361bf01d5fd9ffa5bae8c24,1
0x944691b116c2848dd033c562f3a9b757f5c6916c,1
0x944808c3ddd3a5b15325f2d82ac8bdb8b52228a6,1
0x944a377364b5d6165bdd06bec11b27b2b8c577d4,1
0x944e19ef45a98065b4da05b0433e3a1949b92412,1
0x91510b124664ccf5c890a80c17095d0dfe2040d7,1
0x94560b0ec5842c419a0c93bc652d532544f08d29,1
0x945e4d083abbc32b23501493f4b580666a9918e6,1
0x91501074859b0681846d6e0fb0384d9cad91a4ea,1
0x946100d455ba56fa97e9b5c5352a394ec6030df9,1
0x9462a8a156fcc721dfdd688650006057a3b53241,1
0x943db583cb78b4a3f4892d334f8d722ac9c5ece0,1
0x91d13a8ed9f6f02972597ff61048ec3ffdfba7b0,1
0x92616f4692e842a1235e1283108765a6d31adb99,1
0x9261f64002e448a63875b07a8f59c41f57031e45,1
0x92632d947e9c5242d6fabc14728b66b78386fed9,1
0x926594c8b9d8ba787df2ea3d652e300645343ec1,1
0x9266f1700d459628d9c041b3794d2595e57bc160,1
0x92682e32bfdece6a2526c0dc33ad0f30e8c32973,1
0x926dad2a72d197c9c0327e72c3619df46eb8ec1e,1
0x91caa57fa054b82e2df0e7e558d9c36a55a3f227,1
0x91c8fdcd99daca8f0d60b903bb4b6e3111ec5967,1
0x936abdacdf7fbdd1c8c26875d5be6690a50ffba6,1
0x92768dedda9f7fa0400c2c2b250470d7e47fa78c,1
0x927d17fec846ed66986e825a320bc7457376e69d,1
0x928e970641520d5a12598f286d298fd12d925bda,1
0x928f89e80578021b589b7c60d6baf9bcece8da6e,1
0x929219eab33f5ccb01113b6ca5fb7c6edce901f5,1
0x9294e2c2be63d921f3571011cf9a203d7d638f8a,1
0x92a25448c4a82334bd23667b8b3457c03f58abe1,1
0x92ab61d5fcce8abcf71dc3afd8b0e0ff225d40e7,1
0x92b00f9e328ea6fba9f4e3357b5c44bf35a7a783,1
0x92b168b5c620711537d92b56b49cc9be889ddf43,1
0x92b43a478017dbcd37d7993beb6504e30468ec78,1
0x91c3388c6301ebab3cbb9eafe5ec3bfe4d3ed04b,1
0x91d6e77d2d684a83e71e7e3ff9847e7a17a7ebac,1
0x91d905c0ebdb36d126264aa7b951fe21fddfeeeb,1
0x91ee0a61f94ada66bab68591474bafbe8e5069fa,1
0x91f5c4c6365f6a88e1b6fa4ea46dfbea32b216d2,1
0x91f5f951598fac2bd41c3ae5ccb27f7fb86e6a2c,1
0x91f6b65a6c304d89d982765b888f04293dce36f0,1
0x91fa35a2b24ed9de882112f9021a4aa373fe979e,1
0x91fe4e5f9313734dd83a6752c17c10e1cd9f25a1,1
0x9203194b8efe58ab7e3afdecd7e710a3b3e28b78,1
0x9203b2d0100a2909a6d7d8142672f979d6229248,1
0x924dcf7d5af4652b58abc4580fcc7bb31524a077,1
0x9204ad4e691639682fc792b8f4ffe862b03074ec,1
0x920ac1638e769a2a428fd18dafdbe941be6eb22e,1
0x920aedcd9fd913905e5bb09a93e59629ea928920,1
0x921b27aec3db1fc249bbda8c58181b17362f2db6,1
0x921ff377b04467802937a084463152e1f9942f7b,1
0x922e0d42efab4ff12dba18d57dc6a808c5e2403a,1
0x92317ca1f36ebae1cdaa864a596f6b4c51ea4e6d,1
0x92340dfe4083a2ee6510123c421d0e62eb496145,1
0x92402dd3d4d833874abb36d198033622379dc35a,1
0x924a6c6d3c338de7717af3ab22bf19ab53f5c7e8,1
0x924a7434c05f6739b68bf53778afc04644eeb349,1
0x92042fe3c3a48a9946ad4bbd3981572b59944390,1
0x931e4cbaee2fd83ebacdd3c36be8a9fcbaa3d2f4,1
0x9320cbd95b6fe625eaec4a421df50c32c79821c8,1
0x932214da459f4cd2ad3584c96930b629c6518e68,1
0x9329bc8e7375ddfea332eee4bdc2fe35eb481233,1
0x932fb045d63921c4266092e9c635abdc137ba70a,1
0x933238a0e0377fd5de5dd4bb485013776541416b,1
0x933b47a2562fd7fa82ae41763359b4e3d963356f,1
0x9192edffc963214ad65aec65f8c51652cc0ea232,1
0x933b5319ed40dc54ce2b508236c45c7af47c5302,1
0x933bab6fd68847bddf7cf56f552ee64d4955bbaa,1
0x92b5f2a039564f513f781f17bab8e53d9c315a72,1
0x9351238ec31190ff5b9b0d985bb4871f7b9f38b4,1
0x918bb82b98e8c2c932c86e7d9c35d8d93dd49137,1
0x9353819760ce1fd88a6dde373c522c0eb7f5aefd,1
0x9354be8987a5ef875ed2dd1d14edf1b73a593a26,1
0x9356caab50c195dfc87b888df847d38c76c61408,1
0x93574b72d5d77fd56f212047350c025efd119927,1
0x935b9ba48227031610f2cc93860db34109087bb8,1
0x917e9eb20505400fd5c2167e38ec599d8bdc8034,1
0x935f1efbbf5231a819655eec78ac648dfc4fbb55,1
0x91751cdae20d3de524c27e58cc5049d7065eec75,1
0x93695317947fa4761a7eb6efdd6600c5ad9cff2a,1
0x934f8242e03509e50050a049393d31ac9c6f913d,1
0x92b75a9b1697c914a16f8f0f2ae86a0f4d9ab78e,1
0x92b8baf5da9b2a3544ef664e426372ff22e53411,1
0x92bb11437605d4ca541ccf3e853e0c57ccaef2cf,1
0x92bf991ca7ba8c65df386af181eb7b6625e6c7b6,1
0x92c1a245624b657893dab5af05b26e9e3c11b755,1
0x91c10136d626fa4c6643443eaa4a47833a633abe,1
0x92c51d3cb4708fea71a3a06d46ec25f75a0d0c5e,1
0x91bc623acefed4b2445af167d9aeae25c37190a9,1
0x92d78cbf25577c0bd5e71367b984d2828e5093d4,1
0x92d9316434f87a3d064cf4e0ff435c653c2a7ba3,1
0x91b820c8ca4f611a1b286409ed2d4fc13031459e,1
0x9315faed28eecbb31be50eeb34648b1124a3031a,1
0x92e7ab77f0f548a8bce8ed61008676ff539e3aa7,1
0x92ef1c7437915d89658fd5bb2bba325c74be3263,1
0x9303b45719f6054aa58176bfb20ecbbc640fb224,1
0x9303f2fb9e84741ab4d090d0a6727b86bf862a2e,1
0x9305c86e7f8ed6c24e890cfde3b0b2dd831ec61a,1
0x930656677d9ed3c71472fd538ed930165a0e149a,1
0x91a97c6bf0582a2df6beead8fa9d3457a88a0a7f,1
0x930b8ea0e6d717c3bb0ab66f84d1f5220340fab3,1
0x931211a8aef73a02cb8c97122739676a7b06c59e,1
0x9315712d583604df8ee67abd7bb5ac9add3e79cf,1
0x91a90b02c03d1f33d6269228e7c940da9327805f,1
0x92e5f6521b8d9987595921028c89029588a4f6c1,1
0x90eac08cb8a24dd175cf5a9cdb18e23de562440c,1
0x90e8cf9ab0bf2b1b85b05de2043010284abd3b8c,1
0x96eaa06c1aa63f621296ec7d9786a1c93bca6ff7,1
0x96ede638feebd62d24a041df2ea94ad0f55b3567,1
0x96f10699323cd789a035afbfc39c78ce2584146e,1
0x96f6c820e163116a8d40cfa57054b86263770925,1
0x96ff6389b3246ba57c6d413201c1543c9c228459,1
0x9700c096ff11ae8ef8e1609b010e46b296e54c48,1
0x9704d1b8baca2cbc4288fa22b9b78abd8fbc72c8,1
0x9704dde015253995eb915a69cc7efc912c33926a,1
0x94b87d34b7442950569a4ed6a0b1dca1f9a7906c,1
0x97082e3e3968bb761a58f763eb13128ececa3dc0,1
0x9721cf98d1a7d50d5a916533f7ea420244b09278,1
0x97226c85f4eb08fdc4a95a8abbaf1b8dfd85912f,1
0x972c4057cf244590b1ad476a3c77f9b4e6dd6149,1
0x972cdf48dd96fbe5dd5a1cbeca07975f4ffd8381,1
0x90e80137e08f12b11eb8c6ffcbcd8795be74db70,1
0x90e234f2101e054a9ca4050e16ae37fc401e219b,1
0x972e26284716007cf86b9a171db799e5f2f9cf49,1
0x972fe3ebbad0bae7c2fe1c7c6dd55ded67afbec1,1
0x973316cccac1d5ea30d3b25d35f27eae6532b337,1
0x973d2a22acf2b18d9ba38096d3abdad3f2414d09,1
0x9707b8fd0c4c1f5584f9fc31099a9118984cc21b,1
0x968700ef90d65b707deba11416125be8b35aa0a2,1
0x969380750072784be4497304c419390554702f36,1
0x90fd2bc272a0ca3808d25674a0aafdcb8b583cbc,1
0x969c3ff025b784f149adf42da212432b985f7fb5,1
0x969c4effc4fb3041d13e0fe58b21f97b92af11a9,1
0x96a0a6ebc4fd987ea166810bd7947b056426a73a,1
0x90f9c51f374cab7a71f0888f49cdac125ea8682d,1
0x96a301bfac10b16a6c90177a1739b840a20483c7,1
0x96a4b3a6d6cbf1535d26a9e34b403bb2ed5d1539,1
0x96a5204b5eb1fc7d737a2d6a02260fee75709043,1
0x96dafb2854284835be1bb1ca3dcaf24b1c3527ae,1
0x96b3d3611d23ec1a498f7f7cbd8250e3ab61b1ce,1
0x96bb20d8162defbfa8864ca3eb17dc7c570d9d62,1
0x96bc3c2c0950060124f494c52ea8a3bbe7f16173,1
0x96bc9acaf60c0f71e790bff99773024a7008acb6,1
0x96bdfdb3bf00c5450b1273c313d1f40d86eb47e4,1
0x96bff2bb1e08c1b216a92e8a826394a6488f21ab,1
0x90f9c1641599be0eba5d9543f6c8835efaac9535,1
0x96c7b979178d51aeeab4dcf8fc05e5cc05a53c87,1
0x90f21223a9dbabd64a6fe49ab46279ae070482e4,1
0x96cdad8c2bd5f78b7ff8179a7ed6fd3d50b4cf0d,1
0x96d2b82b301dc409f82ffd08af7793a4bddab0f9,1
0x96a9e957acf608303f0204afd3ae87ff952fa281,1
0x97c83764653b5a98dd3e080f3decd0011e93b949,1
0x97c9000bc0da5561a301a983ff5609d9b4a87e96,1
0x97cd0d5f51b88de651268af32fbe91d241b55dd1,1
0x90bd6289f2aac6bfb083bbb7ee1863fd5c2589a9,1
0x97d5f720c34c424c7eb0e92118e6392b4f8b63c4,1
0x97d991e5069877cc65bc7f6319e4590e06c8c46f,1
0x97dda10766c05c327eac829f60fc20e259d99fc4,1
0x90bc8a06f98fa1e531e797a5578ef16de3438335,1
0x97e6e6afccc5996c44f18aae0d70da77e59b7c00,1
0x980940913efe3fdc3ecf1dd86c1987b4c3bb1973,1
0x974430596cfc6b974105a0e412b15a0404908dd3,1
0x981cc21d4561bc889fbcf147bcf519b1cf4d5413,1
0x981d6efbb072e139376c10696a41ccdeaa1e7c05,1
0x981da3050cb6bb239e4f675fcadd72dd2acde0b5,1
0x9822dc9bc725414d22bd408242c729f7344a4339,1
0x90b3655246ff33e102c103478b6fe29907e94506,1
0x9823d63d836841f9ea52c8a2822281bbcb5d3142,1
0x982642d7cc27010502bbe9644f84254649f348af,1
0x982e03834aa837b36a6f8ea757f76e81dc189da2,1
0x9835f96a0311b098b9751c545690c1d91063b6f1,1
0x9836c42280598df1677c9b8382d0de80b500c682,1
0x983c26f156b31f4ae1860c7e8db135f80613cb03,1
0x980e9515351680a276fb7a6a9a8524076fc006ed,1
0x974f444e19a63f15bf260890f20702900886f60e,1
0x9756287059fc2fc8b30edbcec39f0e27c95cc535,1
0x975c19d7114e6b7b873370a63780695573419f02,1
0x975e76ea458bc2673050e057b6c9f75fcfcdeed7,1
0x97624aafd622a536affa9d0bcc454001b52b2e90,1
0x9764a88913f6180e504db6750660ec6eea63442a,1
0x976c4c05a1ed0680b1b751296f2eb4169b3a7ffd,1
0x977d946d36ee6a665fbab0a0841e3b7a24371500,1
0x977f6101c1439b05d44bb3a3e429c55211abfa56,1
0x97811cfee027b4a8464a21f5bd8862fd451e41ae,1
0x9782dbf7ad23bc136a6da8f68b3c87d7413fec2d,1
0x97bee6adf2c12b769ba1da29a7e21312b461b2e1,1
0x90c4f626ee1289c41845bfd801a09d9349bde6b4,1
0x978c681551a3124a1f9fc3d2092d0f9ba862d5dc,1
0x978fdca69f123f51e10b3f8b7a9ca39f479c4a67,1
0x9794c02b80daa437b4de373ed1e2d397ab5aa7f0,1
0x97966fb4be9af4ff9b906fd8c325d52fec4be571,1
0x979bf3f655938df11d35142bf3d885781714c12a,1
0x97a5820fe79f1f719d4b060de3b47d73900d4a3c,1
0x97adace62d7473645a793ad5972593279a3c5821,1
0x97b104ceeed655279186497cfd8c442ce66e4322,1
0x97b191d8f1238ea1d2d630b89be4e87912ca2084,1
0x97bd9094cc1ce47cb73792175c6bf97bd28f8a0d,1
0x90e019da7c2eac9513d7d4046852e5f577cd7a01,1
0x954589fba12d2eeb89743432d2a4cce75fe02007,1
0x954d0859458c8adf4f9bc405a692ce4f03a2617a,1
0x95529bc427c75af7cd8446ff47451b0d62dc7aaf,1
0x9125ffd9e7fc8ae60d06831b75bade21b9f25832,1
0x9562da5e5e46d2fe9e16828dbc938c9aa51c34dd,1
0x956a57c005419d3fb9adc74acbd2e6a3a507a8bd,1
0x956e2c5adc1547e64071a86ae043e8b9ed2bbeff,1
0x956e7e0803823ed9124f34ce6bde813df10c30aa,1
0x912259dca064814e8a0bdc471922f4e52af2c832,1
0x957a618776777240c287e94238ec15af8da6c0a9,1
0x96819afc300f67f84121f5de3541048b3c769020,1
0x9585fbacf4c5062de05ee9f870669be80188e2b8,1
0x9587ad852a86266079d5631785f9fa91772d8f14,1
0x91204edafcd3186a356d8fa8bdc825270dcf6903,1
0x9592660789172a3691dc359727c352bef49fb9d0,1
0x95945166f4993172714babbdb77772ed173bd430,1
0x9594ff6553dbfdd3b6d0747d8a72ba41789323fd,1
0x95977899e6beb0fe6eb6e9bea212511a8747d779,1
0x959cc5b2bfea97c50798bc91b2491bcba2a284f3,1
0x95b2b0cb4df7d8a086860c6452cba2382399bd5a,1
0x95bbdd54c92fcebcec880c23837361fe6b50a20b,1
0x91192fba2487985064fd8b72f2d0577b640ad900,1
0x957b74ba8022b0f0f2105c5c106d4346089c18e8,1
0x94bbfb6be2a7b100ff5da9bc3982d4fc0df7541d,1
0x94c0e9982c09c5de164173e097284be730c8833b,1
0x94ceeb42ae1d757599cc1d7a89e083f25e141de8,1
0x94cf33b944a8aed1d5661a15f3b925ebf14bca10,1
0x94d8e762673f974c7588a089bfdb28af0b93a26b,1
0x94d966fc9cb4c18fa52fb7a80601a6ca8fc07da0,1
0x94d97f6ea2c61707d429c0ea2bdff92b476d4703,1
0x94dae3fd2a57a5d26d8b419a8a8c7ee9989cc07b,1
0x94dc1b6b40ea8700894b8218e18b025cfe7ee6a5,1
0x94de3b4ec11867db7363296a29957997d8a3eb45,1
0x953c43ae3d59f465ffc1447acbec4940e4a9cc69,1
0x94e8137c6a41bd0728bec7be5b8d6d82a85732a9,1
0x94ed61d1c4cbdaa079bb55f5c66738caae85430a,1
0x912db1c241453bd75569effa2169a36f556cad53,1
0x94f52cddb673fa8c3ccc942b3c7778c0fd2c0e01,1
0x95045068f2c58d4dc4b6dabd105ee2ea30e42828,1
0x95079f05bdb501a637715d70fc615a23a01ec232,1
0x912c5df6206d9da1254292fbed9272a75e9a54da,1
0x9532a6bb04331415d52b5b79da5b6b38380205d9,1
0x95345b567917a9763d8f328388ce9c40ddac981c,1
0x9129fab7e40f2b085c40985acdcf5d99ef9cc6ac,1
0x9537681ef449395056cb1fcb09d3d677ce4d3d03,1
0x94e01c77fce81fd15c0b2bf6d55205a8caa43ae9,1
0x9637cdd6cca53233d10e56e6eb89d8f942e8b3d6,1
0x963992cd35669038702055d2b637241340bbd068,1
0x963b4d4a0778a0e0d76bd9e8237a26deba56b707,1
0x963ff6b78e0bf4312a61ee15f348abd43899734f,1
0x96429fde8c4003f03cb816e17160d6911f0ae16d,1
0x9643bfe6d9c3d8fe638a4a41d36c229c5485f4bb,1
0x964977f192d0d8998f3256aa779bea4969bf43d6,1
0x964a101e1adac2f7e6cafdcfc16fe4346b7a8d18,1
0x96521c02025bd2fc1d28f513f93ba1ab69a6f98b,1
0x9652f14c457c0437b8e1e6cd004fab22d5616a2d,1
0x95c2a2e7590199bd0350be17b385a59b6931dc66,1
0x90ffe7d013aa5aa807adcdf5294b46aa18e48718,1
0x965666005d4ad0e1b653e3e69658f8277375b01d,1
0x96589c437d42669d0cc96be03b32c43b2025b912,1
0x9659d2086474a55f87d075160815b5d7f609713b,1
0x96638d25b4f0746a907c020db6837a900fcc64c9,1
0x966667fc8114b8191e09d9031869e0be40313850,1
0x966c2f237b3c6e2e29d8be0e2d50ddb036b8ca79,1
0x96707e46215d230dfde55ee66642250d80980460,1
0x96712df1721baa9a096ba5eafa083e10e6e6f77b,1
0x9677726cfa26dbd48d17b9243fdb909034a8489e,1
0x968074297503e2d256546e6a3cedd54143d1f0f9,1
0x9655c0351ea44e1cfcc9a04ef927dea88fda4c72,1
0x95c49265d5e01504fffffe53e2cc9dff45c502e7,1
0x9111f0896559e770eb7de2a81d09ccd1a3b072e9,1
0x95c9bc31132838355c439b6f83bb042ccf052b8a,1
0x95cf60a83ba70a7d788775ff0fe05caf2d2d9159,1
0x95d22f7e731be0221b62bedba9c6c273021cae65,1
0x95d47f98b3f2380d9d18ea5a9cd83376a703b25d,1
0x95d6307da112504717cdc8a332337cadc3af926b,1
0x95d68b1cb7fa4294860f890ff30783e01458ed17,1
0x95df4755c67c86f34b6554f804c375ea5936763e,1
0x95e75d8eb49df2949ac684ca77b4e974b335f0b0,1
0x95ea19c62ba2826c0ac20034aeb0f244ec38ccaa,1
0x962ca57bc37184ad581a37becf871398e3582b92,1
0x95fcc011f3557610a72708658f82bde47dd485ca,1
0x91029e995c80897c77a94785de48c4fd0f697c3e,1
0x9603c817b325aaef8afc8e99f84b2a0aa0e7d464,1
0x96055efdd1a5d5909bd5b3d60f81e79e14c5bdb7,1
0x960cb15d8d3b82815637cedc070457e806b6f4de,1
0x9619c3308b87deab4f85d39d56894a765be405ac,1
0x961a932881e3a24784bb8935988e84f94743e574,1
0x961d10c21fff3f50fc5f4c1149f4ffeb3fd87e2d,1
0x961e9ae68583517e87eedda73f70dd15e250954a,1
0x9625b30d420b3c9fec05923844a6955d36a9401d,1
0x962aa196671eab47449b0a8fcfcb415b22c4f9f1,1
0x95ee1c515e74bfaffab81028e8c880683c4e870a,1
0xa71d980d42c3ed5f73ee992a126c615b12f73dfe,1
0xa720c7fac07cc899843ed40527f23f664c68050e,1
0xa72451196dd16a65d6ee83247b882576ed52c777,1
0xa726569c99b3dc9f790f63321aea5c914e26cc8e,1
0xa72e67e197d23e007ca95ca3da34bc93d3380435,1
0xa72f79b6ee7bd2ec6f98918e08e729d7ca023613,1
0xa732e3820b274e5afe2994b16de458327c72cc87,1
0xa735ba6f376c66e92ed1324f5cd9231c04967926,1
0xa736507d974611018555129108ff41887a210d06,1
0xa73822b23eb4eff8c20ab8907fb5fa3ecc7e7361,1
0x9ec9edbdb854fb7a89a3f42f5e10c3baaa62c8e2,1
0xa7400acf56fcb9cecf212c754515d2a6741a762a,1
0xa742a1d084394269deeaf46e12a2e93abb12863a,1
0xa7469d7f922122b27ab1e34f44303ef7dd329bd0,1
0xa74eb8721c4848c528390bce4fed799d84a02f27,1
0xa75324e56355dcca735966c66aea8d1edc95fa05,1
0xa75aa174d9533187bad92733620627672b4821f9,1
0x8d49fdd9ecb524f30f364ebc77864beaf7b6e450,1
0xa75e3c3b48be59920428a3a7b50db41072fac405,1
0xa75e63b8aced4719869615524853cd8af23004ee,1
0xa7638654f9c19ad7bbe5baa47a6ddaa0492ddb15,1
0xa767c6a0293d76cff820f7926bfcf445bf683083,1
0xa73d4f1f5d95ee1b89346fcb23c432eaceec1f00,1
0xa6cb32f0cb2d94fbc7f7ccace32862ecefa34238,1
0xa6cea8edf93d5463ea0042abf22bcf7aac7dc11e,1
0xa6d50125c31bee66610de9ceb1b1b50558fa79f4,1
0xa6d6ca8f27b52bbd3b472f26129113a5f36c6c31,1
0x8d6c280f7b1b96ce106c0532559a0348a638bfd2,1
0xa6dda7a0f69e4146ccbfa4ac5dc43df50a7cc974,1
0xa6df7c632c58d2cf6a5627f3f6bca3ac8b7c79e3,1
0xa6df842e01fc72633382fb522377e16f00d5ac97,1
0x8d698118bc125c56fcffee62f9ece6fa6182ba11,1
0xa6eac33308ed66f20974322bd269a908ec34f1e1,1
0xa71666c69d6d8bb604a55645c7921007771a32a8,1
0x8d5ea930abd4f69ef5cfda3932c1a0b8377bfe79,1
0xa6ee0df74f1dc75a68dc22857a633d3a9e8462d1,1
0xa6fa646b7f75e8dc3ed5bed332292694138b16ac,1
0xa6fe211733007a8945cf783d630934f2d1331b53,1
0x8d59401f0242ca10dd628356d24fdc0317305b1a,1
0x8d4e916cd9c7ddae7b40c9c56059f0325d04734c,1
0xa703115d166b032c4d6d9145d1ee934f79f67342,1
0xa7050e6cfa1f69ca5341fc2e9beedddce36d996f,1
0xa70cf9b1faa0e54b28dbec9efb4077a9de573276,1
0xa710394590e1c04486002ea3e20747cb51c1d971,1
0xa7109bdd8d8b311ebafac58b91eaedb6669d6ce4,1
0xa6ec9713e4f8acb87d8dd261def7f6aa1f75f0a0,1
0xa7b7ee1e4d756ec704cef2096ea2f7eb2ef0b889,1
0xa7be43ff8b20201559a43789aebda5752355c82c,1
0xa7c0dad598bbdb3163c081926afc5cbb11f4e619,1
0xa7c38a4c8bf86cae62f9840a592de120d8dca3c8,1
0x8d304d43880f7133faaec765d4239c65d9fba94e,1
0xa7c5f6c6acd6b17823582935916d47730702e7b4,1
0xa7c73e1e4d89056410c2d49a2fdb663ca7f4a266,1
0xa7c972ca1429b3fbb5046d6712b0d1e3aa872539,1
0x8d2f988fe87d90bfd764510dd1b7b9b357cafaaf,1
0x8d2bd8670636eb3c6fdfd65af828f7fee05aea94,1
0xa76c98bfd6948a414b82090142500da9d02b0401,1
0x8d2b44c15cadaf7551ec1b5c8f26e8ef0dac636f,1
0xa7de269bf094750b6860c45c0e1a607561b55473,1
0xa7eacf8c8af0f1cd302417d08d4c54ca413f8927,1
0xa7f897b868c1ca53ecaf71b139595110d32cd69f,1
0x8d278d5184c28c7da941b45c2f0711398bbb800a,1
0xa80caff184ef1b41c6f67f1cfdb8d51a94177dec,1
0xa80eff12b6041e2785a4cbc705134a231d494c99,1
0xa80fc3e6704747988c5c1ade903275d617f119aa,1
0xa81192a66f933e8afa0b6214594d5b2e3be9e3cf,1
0xa8133f21a02935cfdae2a7674220fa06eac42b2b,1
0xa81425b3901241f8469836223cc35e9e3c208d6d,1
0xa7cda631f1a991f8e6e9b206aecf85f8c2aeb39b,1
0x8d419129d4ee9eb675db16591982333992e7de04,1
0x8d408aabec30e1093329d5be011fb52291f7d390,1
0xa772d7c4a6b6a9faa8fccd6ff77048d03a9d2e81,1
0xa77b74452aa6353d5f823ff24a6ccc780c057034,1
0xa781e16801e97587fc50904f3aa437c24354ad75,1
0xa7864fd3d7441e74f7fba4da4a2393e7166b53b7,1
0xa78c3887ac832b2533dd5347372418ab8c080bef,1
0xa78c39f1f19f35661ab91cd43f6bb8d0645e2fd6,1
0xa79708b14773890ffdd39b076493e4f903877829,1
0xa797dcf0fd8cfcc6c3110b3b9a830f9c0d103df6,1
0xa79a53219d560f0b4c758c5500d8f5c7aa256a21,1
0x8d3618b0ec5ade88bb10d77aa293cc7c6793c970,1
0xa79c06481739f0c1d6f42a6f327ab54f2136d638,1
0x8d3a3375991a3873f5e3146b6aef0baefe7393a8,1
0xa79d95720abe93b46f2f14b4e834dbc7d38abe79,1
0xa7a1a00ae1453223a717c2769a20a0e3c8d1fe22,1
0xa7a2535ab3a8f66f38551ebc4c766f9a69852e71,1
0xa7a4193997147109864b9d4ade47411926329335,1
0xa7a817767fd9c27611f2985b8f63d47dcf0fc42e,1
0xa7ae62ba1a1397ae64c1f7ddfefe6e8787df2aaf,1
0xa7aef9d7b0f6a87dc261bc4126619609440e8c62,1
0xa7b3940717bcef1d27cc4886ff5c3a36ca0303c2,1
0x8d37ba376d1e80cdaea9505d74042a5f7a666a34,1
0xa79b7261f9dc14861cf1e3bc419282f96c9aa0b9,1
0xa578ad9125720d0085e32f32df5d551472649aa0,1
0xa580dd90bee20ddb2b6680022dbdf1faecf6c141,1
0xa58610f148bcb5ac2cc4eddbf6056df9e93eecd7,1
0xa587bdfbfc0fe837e506a043421d5f2ea7ca1b5a,1
0xa58c69d849f75771f66658967f0048425455a445,1
0xa59118710261d1166af562d701574332f9d3d056,1
0x8d9e5ab08620fdd5adcc19173d19eb3376366306,1
0xa59fd881dad6551db878734d45f353142ac4af04,1
0xa5a5f2dc3e718875dca9afcc926f675cbb248982,1
0x8d9dbb9f1f155fab9028ec62f27cee38db856673,1
0xa6c9d533c6a8a627aff3fe011a5192f5d35fba3f,1
0xa5ab762aee588cb38d00ff162bba990451de71f3,1
0xa5c07438f9062f21edabdc4c647ff3005c726742,1
0xa5c0bb289002c7f22bf7b9f2bf9e8b35881234b1,1
0x8d96800c4c9ebd9b75031a5ab246cebcd32eb39d,1
0xa5c80351f751ccdd236c6a981d3bc8de435cb9b9,1
0xa5cd7d80b12193299d924da7d564d1e31e9a652e,1
0xa5cfbbf367bbe3d68b138a6691654121415adb5d,1
0xa5d11ff843f83add4723e5fd2b943d74e73fc7a1,1
0xa5d476675bcbc61c8d5964c99ebd4d1959291fa2,1
0xa5dadb869af37773e2ab1f7946510a78a17e7dae,1
0xa5e23b0f0aaaff3118697d338730880d8b16c76c,1
0x8d9880f0e2a93e31fa070e291c4ad39795190159,1
0x8dc0f716039df995086ff24a2d324826d9b6ba36,1
0xa4f3b8c5fd247c299d3513e5fc9d987f8dffe64d,1
0xa4f4e392e22f5489464401d0abf8663cdfadcfb9,1
0xa4f69b3f9ddfe2319cf78eb7f88a31c4a3e6ebab,1
0x8dbd8d517629f24af8c02939af78b23dbbf4012d,1
0x8dad8e8556f188d4bc88f72a6a2138cd17c90528,1
0x8dad54a6ffd5da2149c5348463ff0a801339887a,1
0x8da37be754a9d7692fc6bc11b6bf9ad45dde0715,1
0xa5173b32c5aacf314144ee01adef6d96a5c2a644,1
0xa526e60fca801f26c98dd761f7ac19390370163b,1
0xa5712fd358ab862b001a2c4345b4d1bc139ec8d6,1
0xa53ca412b782ec57135a8a37950aa17df0b0c151,1
0xa5413ddf8eb0d74f6f752c31efe20ee7a93311ad,1
0xa542b9c4f0647e8c3be6d749eb3a1154a9884926,1
0xa5436476f054b91ae3ca929f14b332539d0bd834,1
0xa547f55c25abf29a6b709b9075896971362208b1,1
0xa54ac68fc52b4af43b904cce7ceabd3c8acc18eb,1
0xa54e4cb46bc52d014722210069e3913d089e1b6a,1
0xa55344f6f21e846d6b438cedf791d8c31ec6d984,1
0xa55624410ab79441fb6012ab0ca57ff9e6845d4d,1
0xa567fd479e95dc0a8dcd3a966a6c26a43be98119,1
0xa56f87b24a5e1e3308965e5b2a1e1b803b64f8c2,1
0xa53766ab7881480c48c5b7f55680eb0d88851881,1
0xa63f101fe63e001b063cd3c17968b11d036bfda8,1
0xa63f252c7218acc3b0cd6f4b4e4396ec8ff03993,1
0xa64ee1ac0aa2b251c9c6a93cb0e09f0e186cf9bb,1
0xa65277da77cef81d32854cccf231df236159df2d,1
0xa657a4af56b7eb3a85eb8ef849c53e59a095607f,1
0xa65e85994527bb8fdb182fb55415cc8d4f5a2933,1
0xa668c2a76f61d7c8047a8df8423b93954d7b96e1,1
0xa66b19eea30f3e3f3567d9aab020793857c56012,1
0xa6716090fcfc01a5613f1bf057bcce848951003f,1
0x8d6e3f8e62215274d8db5da3727b7caf2eb7010b,1
0x8d9362a7ad4b086d4136a2fb2a93238d5a9c0615,1
0xa68b49874fb3324fa5070874a14ec88b286d470d,1
0xa68b687e16351202e9d45badac40852892c10574,1
0xa68d270f851cb4dcc46d37b77270f5c8251bd77f,1
0xa68e8d831764fda6e4ec1ec313c9c1a793916d21,1
0xa68fe81931fa23668c4407dab8e25c5a76554ae6,1
0xa6a2b397a493aa4b4008dbbe6cd41a24a0e10afb,1
0xa6a3db2f45c7ad69abc408cf297aeea5f2a8a0dc,1
0xa6a9973e9ed962645951d4a9ff116f8ff0a16ffb,1
0xa6abc18b948732a91cbf962a166e7d841eb027da,1
0x8d6da155ee299f40b59fea02b26d52fda5e8b654,1
0xa6c78da7be45607153995213f9ecb1a43903da96,1
0xa682fb0a363cb82c19163ab180cf7cebd2839d2a,1
0xa5e2ec173ec79cc5fa3cd89a5cc79bc9f353bf48,1
0x8d8c54855148022a1b9667df74f2f4fd573ce9f0,1
0xa5e9a0283623d5a500a96331d58155666cc1976d,1
0xa5e9c4e8fb007de2f41cd8616cf8109f51dc1a71,1
0x8d8c07ec485eaf9a6753736649aaf12a62c17700,1
0x8d7c5a9fa2af35d0c94c90978cfd9507e52103f0,1
0xa5ef7331c657d199a8ef39ee828ac9a29f5ab4dd,1
0xa5f57959dffa003fc7714ddd40617f5206c73236,1
0xa5f648a99937b9ce01b3ff6b5c5c21545975f70a,1
0xa5f825e9a2d567e61b7ab43379738800d4e178f5,1
0xa5fa11dfea99b53343bfc623ef06e455b7ebfbdf,1
0xa63ed1c9ee14b29fcb8ed506990c3c898f27ab16,1
0xa60292ff7b31ba09dba42e30f22c133aee31c06c,1
0xa605918e09353565f17231acddf4e3ac98ecb937,1
0xa607bb3f71e4930e908bf03bf62181a2e13b1bc4,1
0xa60a591b537257281e4308e85c444a94b96d218e,1
0xa60a6d182f3af71b092d7e0c85006640faf65610,1
0x8d7bfa2efaa66facbc4e1db1791dd206a9c7e67f,1
0x8d781df933448dd0be590d5323c1e8ab514d6f48,1
0xa613feb2183fdb956a608ffd49cc4f5afd0c7e2a,1
0xa61472256bef57090bf7571158182d3e94c1a623,1
0xa62862baf4608c07b96e21f34326c4aa64edaa76,1
0x8d74bd85eb582a1feb6d1d7d8f61962f7d6dfae6,1
0xa5fec6e252767da7a4490fe78f71f81b672bcf32,1
0xa9e53408e54f0506d74b42af58463d9e8eda39e3,1
0xa9e8b38d30b8f2e993996560af5c0790d33df129,1
0x8ca4d784af12b6176336070084e3a46c63179498,1
0xa9e927d112b6790888369213d5212706a1ff92ad,1
0xa9ea5a38d1ae42c5ed381cbf2aa90bf45b4676f5,1
0xa9f13ad3faa163b7fc3ce73f2ca3e3121ec02ea0,1
0xa9f1b0809d417e6f792f156f53fac7f958b04cbe,1
0xaa0199ae7cffb21857debb4a8b705d356b2dd235,1
0xaa053da9abfd19b9dc2ee7d587a3341504c8f8b1,1
0xaa07a216fcd1ef6b94eef61a0f83dced48622c6a,1
0xa815ba4d9ff31542979134bf4c03f1c783182cf4,1
0xaa10390372a2fc4264dcfce8ef55d180a3d0ef53,1
0xaa109d1b915711f992129823ed73da1c73638219,1
0xaa10a6ac68e9e8715a666ae3ab61d4c57dc0810b,1
0xaa1106840e935775c27343e1590ab882c8a347ba,1
0x8c9d21700b64da5e91388ba7396b086112218fc2,1
0x8c9c29276dbfd8bd3236480fd60b8af147ecc75e,1
0xaa11a5a4872ae14d8edfdfc8b9eb923248a14b8f,1
0x8c9aa24b8ba3675c1940087d72a1f5ca6fc6465b,1
0xaa1f97526836b9972cab4cbaf21e573176628a9a,1
0xaa253d48c37d844d0c161de1c88ea33019cd6bd0,1
0xaa2d3b0c461f12a8466d1ca2355f7dffdfe56ab7,1
0xaa0ae36c017243d50135f70085f37347b253f178,1
0xa98a0be043ba5898afc362cceb8525523a89b885,1
0xa98a27349b5783439e674d02cf0a17a9f07465c5,1
0xa98dc8c624146b44aca4043a123ff910740c58ec,1
0xa99380a8a316ced5c6c63bae5d178e9a8cfc16ac,1
0xa99956b32260d6cb777fd115927b18a061d2c7d3,1
0x8cbd30bb9f4f8858ae6dc4e32d8071b2270ce7f1,1
0x8cba5fe1d772d125482c0e7a1abdd25a6cfc2ea4,1
0xa99ef99f356afff5682f453c088f518fc00aaff9,1
0xa9a13b84ee026b8a54eccc19ee57d256112ec2c6,1
0xa9a1fe43fecd8068f53a37fd25cf3c943b4a95ac,1
0xa9e204878fae0ccd4e7b68f190659e7c31a8c0b5,1
0xa9b214bf09a0d583115e51abe22a4185d67d73d5,1
0xa9b26bf400aed69f4617789b7975bc5467b447cc,1
0xa9b9836ed68046019a8dfe77b4a4ef5977df8c4b,1
0x8cb439b467c79f12fc80cb27b34604157f7b3670,1
0xa9bb4565e80e2ba7ce58968b32af57526ea44795,1
0xa9bce8eede4031bf61085028e28689fd713f90e4,1
0xa9c2cb988a8aca56e71ad5ff4fb1747ffda77949,1
0xa9ce433d128b9c12a53b3e0edc701b87903a9f65,1
0xa9ce84eb084a9a4bb6ba8b783f2f3bd881573272,1
0xa9d3b12b56f308c59b0c8f6063bac1ef94424a42,1
0xa9d7eaddbcea896af1ee9b82076e3cf814b1640d,1
0xa9b1dfa06b3d7b67461a8bb95039f9f637e6af40,1
0xaaa2bac88a313062404c023b3b3c3e960024066f,1
0xaaa34d8b1c83df9a8eef51c5fa447644f382e503,1
0xaaa66df368126752bdfd005a859f4830b02d4c2a,1
0xaaade3c2e2acf5f229b8115cdb9a3074e8031cdc,1
0xaac56cd84100135fe6ddb4e8e7dc31822ec83b4c,1
0xaad7921842f2e12d02b150ec0b00877eb91743ce,1
0x8c6fdb5e21c270cf1c3b185b737ebab936970974,1
0xaad93b6d846046249be8330f6765111835e8d9b0,1
0x8c6ddbbbc0d3f12f42c5e85652067da82f22f762,1
0xaadffaab17060c6d26c97d8ce85a9875941e9507,1
0xaa2fec9a21f3a5c2dc0a3a2c8eaee32313492d91,1
0xaae640031dd95316ab8f7aab48f90f60847ef30d,1
0xaaea3580b3f3165c51f8d02830ca66142f8c4a3f,1
0xaaeb768a9aea3a8f627d5fd5866c2bcf0ed56a60,1
0xaaf344b1f875a81ea60140eb8b4f1d2a21839632,1
0xaafb36787ff7793dac9cf6e9058a14e51ad13075,1
0xaafbdf3c17224e521efa6a381a0e8ca8a2a54304,1
0xab008db91136d9af3d1ec4d9de70ebff63a94bb7,1
0xab0582aeca202c606a0319774c9d5e4b9a958634,1
0x8c6ae0105e6606dc13c0c464675f7857682c560b,1
0xab093d3b9bd91212519f5d8d4fe6f128e572dfce,1
0x8c6aa286bbee9a179231841bceafb789fce4f587,1
0xaae1e92b41073982d80a0da66fb2b4e44e4cd511,1
0xaa33e000611a09b2a9547d6ba5d75f530599feaf,1
0xaa350f24c64df041a5c5f50433a81060cf8f0434,1
0xaa3c03f942ce55e19bee89261dcfc2da50c2af4d,1
0xaa48f597bde67a65ee2e97224626cb23f227c033,1
0xaa4b841c601b7ec5db12849e8cad92f53807d97f,1
0x8c90ba84b5984322c3f637ade92fc095e8f69c42,1
0xaa4f58e9aafd36b4b6446f6dc417c02908641a7c,1
0xaa50c3cebee52965bdc03e19917716a84feb6c53,1
0x8c876ce0b5fbcfc7f379188e0620cc9d076aa656,1
0xaa5eefba2ed7d6f8d9d257e456537bd41dc60bcd,1
0xaa6256ac546df4b05d1067ae5aeab5a6ebfd33a5,1
0xaaa1538bf04f85e7cb98e560e08d1bec5941f84c,1
0xaa677f064b0161a6f2455693dee301daf4acaa41,1
0xaa8433911c16aa7a0de58d5c3705a2ab6f07adb8,1
0x8c807c82d30d91eb3ed3c924806296a67520fa8b,1
0x8c727f2f1fb6aa3189154ba925011a94482bbf69,1
0xaa8d46fd753aa75665951e97fed1c098d0d7f72b,1
0xaa8d89e733e1e6905dd4ff25d1247bf6f0591e8b,1
0xaa922f0eed24a093e95b4140cca1f0575c77928a,1
0xaa9782c8433ef5b00aa8519e321bd799c036f818,1
0xaa9943729cc8d22306729932ccdec91691ee3f46,1
0xaa9bd1c973c39fa3e53f7efa8b0f7e42424caad3,1
0x8c708d96c1e78c422fe201a67eda715a240d146d,1
0xaa62a4143f1cb403db9046559a350786b0066db6,1
0x8d0eb1055b9465cf9c33fbf2dd3e99bb7060a7ef,1
0xa87cefc177b61498d5029995866ed6ffd6da8017,1
0xa895b7823d7b3edde037816742dc20c7d6c7d69f,1
0xa89880ee10e0dad82caa1562fd3d9c2c8d6d583b,1
0xa89aee2887fcc18a6a0e9084c528edf6916ad2be,1
0xa89e71e15468be1bfc2407d81807a6b5440e5376,1
0xa89f207136eb9b2c4702b14042344addbba26c5f,1
0x8d0c75c474fc09754ad504f6caba2412fe17f0d1,1
0x8d092519629cea7fab6a0c0b147d633e4ba5028e,1
0xa8a68944c189c474ae668f90b0f42f024c479284,1
0xa98852a12cf535ea4981e89dfec253a51d5bc498,1
0xa8b0dca8c47a11085798135d052e6dd25bf1169d,1
0xa8b60531a55d85e09ecccefa0282886edff4473a,1
0xa8b8766c9c5442f11512523c7761ca150c598d9e,1
0xa8b9808e4aae1d456353eea56ebfad6aeac500a6,1
0xa8bb252c534346358a5c43bac16c4d24d17fb195,1
0xa8c402e3ad2f0349d868b6b781cc00d4a5f945bb,1
0xa8c72bf5313d8280fd09e161d80239b4b1d95c29,1
0x8cff72b8cbb7704de7b9ee4defe305ae11b82b82,1
0xa8cec6ba413a8ef6ac9b2460fc96ef93b3e25818,1
0xa8cff5eb8baf59eb437ebf50149467efc8819981,1
0xa8d017c4e44265479b84a0c8defab1d08b66837f,1
0xa8afa69cfbc7d96333adc8676241bbb9fcdedd01,1
0x8d2653f68e56230ebbe002e75b5609d515904e53,1
0xa82266163996143a10a6c27c80dfe9234ab67d56,1
0xa825a73851bcb9a6840bae3241baa09024596648,1
0x8d21b4be88dcfc20f382818d3d3e56f1f1cce85f,1
0xa82fb033baf70a2aa7d645b87afe89984c5692f9,1
0xa834675f8fbe78a48acc463cb8beccc9f975d845,1
0xa834ec4c038ee540d14de0621bd8d9b5a462ae8f,1
0x8d1eb76c00e661cc4261a490c4c263a56439a9b0,1
0xa83db2aeba31450301094a58d5923d2b04919135,1
0xa83e45eeab274f85d1c2c7fd136ce3bbaae38934,1
0x8d157d6a29974b650a5eaed45173cf102bcdefc2,1
0xa83ea94236dbadb22d829c7d03a0f9a53eeda516,1
0x8d191e317f6b02b013440a78a751cbb84a2eaab8,1
0xa83ed59eb3e2875053d98f1a736c9a372e409084,1
0xa842c26c2dea6222a2110335c15f968002e29d1e,1
0xa85262d14758d9e1ba3355a83efdb23c8065608e,1
0xa85339e81d464c50433b4004d2b59beaa3a0e1cf,1
0xa85d07439b7da07a03ce7b574c5c59c2cc4fa6df,1
0xa86e38fef2ef762165d24149c189374354836fce,1
0xa871cd2c330bc27e8acf084248f9974f1e42ed7d,1
0xa871de6035286d9fae5403f22cc6220d29e3b2f2,1
0xa873b709aa594a2c8dd57e91c26b045b4cebc55a,1
0x8d1e6d7b98d4e9b099a44508c46a1f7f6509dede,1
0xa9453aea9d69f15bad1646feb60f8f20968a66f1,1
0xa945cb071395b37e11e47c03df73590f8f3d5b5c,1
0x8ce2392c1885a2a15b1fcaa0caa8a7ee0c37c3d6,1
0x8ce133d20a275972f84d28c7fd8f06e532ddcffb,1
0x8cdb0389e62c6559af5bb9a40368415e96927466,1
0xa94b7e35cbbf9340ad92331a00898c7e5824e2d4,1
0xa94e1d73f9a6c65c86e6f3660067ddddff018f4d,1
0x8cd016bfee624db20c0195c67ef816fd4fa3251e,1
0x8cce08e69026563418fafeac5475fc767a39b254,1
0xa951cda7517b88148d12989bdb4b9b8cb3febc9a,1
0xa8d534f0a45ce1600b756d71369488e90604e4a2,1
0x8cccdc21238aa84445db48b77af42eb5fd760f51,1
0xa95f1b105c5afffda12ffedf81aaf6139aab24a4,1
0xa960af89cca58fb511eb7abbedb24004d1a143ad,1
0xa962564ffedf5a6b279639dbbf5f6c0a054caedf,1
0xa967ab8a7b08a639a5af7f4380d32cd74684d4ac,1
0xa9766bb54ecaf9dae0829e8cc9530823bfd3113b,1
0xa980757b5ce76fabf753845d69a09aa98577f999,1
0x8cc85ce84543cd07faf36df38ac49de47bfeffb8,1
0xa987d20a265447f2cd06f3f187a3c9a800d10f3b,1
0x8cc822dc03726ff50fdd2a729e93d6cbaa405427,1
0xa988067436ba3b239bcae15d504894b26d0440ec,1
0xa95bbdd4e7b39f9145f5fc55f42020b60106e6f8,1
0xa8e57aff6a6ffc94a4b08b475df291403e656b60,1
0xa8e6b8500a95b5d53d71c96df57b483e8c3f417a,1
0xa8eb3467d3232e51d23c03b75f926b56a6a7a1c1,1
0xa8f03e32ea7c6760086d309d214a396ec5c31afb,1
0x8cf8075f9ab9bfdbce894aec7e14ef5474e4fdc9,1
0x8cf441f146268b411dd26a0023154879b051235e,1
0xa8f5a426d4f9d13ca01a2135ebdf912329f580dc,1
0xa8f85d2297783ec56c400e5ea59144c2aaebc8d7,1
0xa9012a6d0d0f11bc25e6b4ad404c40f6e323c899,1
0xa9030cc4b107f2667b34d4134c52f1ce2d1f59f1,1
0xa91c17599cba520330781be06ab36a81f655f030,1
0x8ceee98b87ae447e56e42e74c68ea127db4d0af3,1
0xa92829e8032c4fc2fbabd873691a3313e121ed21,1
0x8cf18347cdb9535819303e7d098f941b70627515,1
0xa928beff5552dc80b95cba3d624b92e0606e0008,1
0xa928bf8b3bf4dc8b96fa7517794b7b49ea987d30,1
0xa92b9b5c6d181c0cc0187935202a6e4436a6dca4,1
0xa9305516ff418f37a1cbc2da8b319ed7f18e2cd5,1
0x8cf0c7f59610d884f743abea29abed22eea2a241,1
0xa93628840136bee6d7e7d81f39fd28646983e188,1
0xa93cfe2d4570e95738b32908f37c0ab257c72e18,1
0xa93dbc0b5c10ce15d5a0d879000e80addf6452fb,1
0xa942f55a1cc7ce510b377496461319e55f1f4e50,1
0xa922099818ed68604de7d21ad980e62b9d33f0b5,1
0xa11cd1d84394589d2279c35aa290a6e047c18f51,1
0xa121fbb78f6e3edd3861662f980fd3730a168ecd,1
0xa12331a57c9aa10ec30ec34a3304c598cbdfc0e6,1
0x8f03582d4348f72d7e4a1b6a07214c0499bb3659,1
0xa1242184168d3b9ff411aca79bf6f3e8549835ba,1
0xa12c87e76b4aa56a0ac392848806c78ee3870d12,1
0xa12e05d5f2f898aefc7a5c5dd70531058ea1fdb4,1
0x8f0202f97071608b57f6abe430d0d05825fec480,1
0xa138b91bb5523dc3ab0d7efe5870a16f9dfc1e0c,1
0x8f0065cae45feb30f92ae61586780d43fd665ae2,1
0xa4e437fe509992aa61bd40c06ca3c206fbfd26d9,1
0xa144cf42dcfb2fb84563dc5dadd19cc9d0ee8b88,1
0xa146fba92eb73514f0794d20a935376e4c132244,1
0xa14f832fdc184fe44dc40df697e8c3551d454ad2,1
0xa1507eee43e9c143d7d9ec8d10b83b33aae7f41c,1
0x8efcc2c154e3c5700d69c58248b57670821c19da,1
0x8eeddb4e3638dd1d0292346ce61f5ff7e35c4f27,1
0xa153f5226061f5876525a86821f38749441611c1,1
0xa15da5498b0ca40f3e0e569e08d977a2a9db91af,1
0xa168fc380cd4715a30eb2a35fa3e86dd68001ed8,1
0x8eeb9d666da9cf83dea490c2adb64dcea17a1b6b,1
0xa16fda7befc68996c6de625c821e62f4b4dbf577,1
0xa13ba8b70c544186873a780fff76c934bd520490,1
0xa07e1c7c6e493b3ce0acc1bcf6ed9a79462e66b2,1
0x8f22ed051a01ca94e108c83b294e45284fa899c5,1
0xa089218d8fcbe839899bbbf39c84adef936f168b,1
0xa099cb44ed21788e01a29c53738d2c7c9d62676f,1
0x8f185acfe8d406cfb3c1507a3e2e615b4a7339c4,1
0xa0a68a6623d9ed0436ebad57889f2f10cc3c1a66,1
0xa0a81005c4b433ad4815d3e57b96037dcd406911,1
0xa0c3885558acbf1edfa621b8c4d200d8841304fc,1
0xa0c60ce7d4fe052ddd56530df4d1ccf446907ee4,1
0xa0c937736146f95c853730b41d9f7d85fc9d26c2,1
0xa119a8d9f4821dc6d51ba8dcaf1e70457ec45a92,1
0xa0d1464b85a504c14356c5d145f2ff7611392681,1
0xa0da1fcf376b4e630deb9a9766622b408662c887,1
0xa0eced739f57faaa530d85de2f83900fb0b13c88,1
0xa0efbec95df6cbc174615f7998f3d048747f07fe,1
0x8f0bfe1f9c74b7b1066045cddf47173b6cb544a4,1
0xa0fa66b1d63408aac43a32ab54993a9512e17824,1
0xa10400d148fa50676dc9639545916e9467da3cb5,1
0xa109b8b52b94cfbbbe1f1b63ae4b8e142f2da695,1
0x8f0a1d1c7d59ea17409987218960b66c947ff862,1
0xa10b1d7c8b7a52f19a02e6269db00487d5e8486f,1
0xa1122e11e4b1786f2f68e9e9b05b2e8416de95eb,1
0x8f0e22ff397782b618cbf3c8c956541836927cf6,1
0xa1e866c7f9e95196cec7d694adfcc8297c8d6d52,1
0x8ec25152094639c5c93f2e1210e57c37e57f374f,1
0xa1e90bf85df5d6d8e18f91aec69a552465fe5d65,1
0xa1ea73281c9bd5642607eb923bf94f5609688f27,1
0xa1ecc3df88b807a616db594da05dcfa6937e6a9a,1
0xa1f39b17d5ce13077a34af3127f79378dff981a6,1
0xa1f7e57ff6b57c83b001aecbf821167713a0e46c,1
0x8ec00abd06fc74d9f3e88fb6ca06321f62f4971f,1
0x8ebf6d0ddd2ed80e745316f0ab32313d8cf395e8,1
0x8ebd932404a474f1fd9034662ce7f7a51145b1db,1
0xa17394fc43f98a7b918c3ee144cfb3fdb7a66b56,1
0xa2061d62cd892baa9e8bf6373143012bad89ffa4,1
0x8eb868603c836b467e665b19b158c29f3c49f6a4,1
0xa2149beb6735f621e714c4e797b439e1d755fec8,1
0xa215b45a87db92f68384996bdce9f1de68894240,1
0x8eaf9cc1818885985f76e332bd218b15959dbed5,1
0x8eac4f776581c8f30c5b54570ccfa6b4fe1313e9,1
0xa21ca94202bfa032d9cb4a3107137ae573e278f0,1
0x8eab4daaa3f015c0a27ce98f78b832406307e143,1
0xa21f93774eb909d37525d921d869ff15192e8b35,1
0xa22573a62d1fa785eb5c4962208ad54cf5ba1e6c,1
0xa22af86d46f0e97300e870d3ca368f0453f61807,1
0xa1fd189a79ac9fc02f1e09f4caf038b29610bab2,1
0x8ee9ad5ab211722020566f4b5a0bbad510e24488,1
0xa1753af3245a6df6edb7445ba5ae469d78a4248f,1
0xa177be9465d3511eec859b319be29c450bad8ccc,1
0x8ee0d1dbc5b2ca570827b2bb385f00886dc014fb,1
0x8ede01e939996268516b4ac13031d44d55d3340a,1
0xa17be578335cf4af97c8b0fc6272a9fa4c7c4bf7,1
0xa17c5e0672723610bc288d954cca2376e2da9541,1
0xa17fd82019f2d69862a3c6e12fea0f383f7e3ef1,1
0xa183799e297221672452b939ddb9805edfaface9,1
0xa188eddf69b34a553071dfedcb1627dd972c4de7,1
0xa19b9a2ee1626ce562aad3c96d568abda6da0db6,1
0xa1d118e557832385dca219b239933001e5d24f35,1
0xa1af353c9ebb7da9c3f29557f84f9c9e118cdc68,1
0xa1b2bbf5536b62883e2d496f9fbc105bf8ff9665,1
0x8eda2fa387383f821e34ccf71b54bef094988e07,1
0xa1bae260ad317b3adb2f521a3e3a1e3607933816,1
0x8ecd568b9f6c323878f22bee77d5e3fa4a48549c,1
0xa1bba65a92fd0bcc6b9f36622dd4dc73dbb68795,1
0xa1c121d7cf263cc53d34c03b2b34322c5c457727,1
0xa1c22107c5e380eb4795a8755a54a9ed20f8e2b3,1
0xa1c3264e96515d8c36acce3a2fda39d744156234,1
0xa1c96dac2d7a1d4ee1ea62b349502286b0d262d9,1
0xa1cc13b01f639d99febcaa9c26c786191f6856dc,1
0xa1aa37206b41c45f389686283b34ad51bd89e442,1
0x9f503e5f951b50152ce15ae61e094d02e2256381,1
0x9f538fcedfeae01142a4a52ac291a3e655234d77,1
0x8f627ae12d5d45352f66fcb0ed0bb77520afaa34,1
0x9f568428451fa997eb8d4be34008d0590770ef1c,1
0x9f5e7f03f54dd1372c43193dc1bc10827a66ac10,1
0x9f5efbb5a1309db3c6837845dd43abc10f9db60c,1
0x9f5f01aa1d8e6940985bd0f1f380b7da58b0f8c0,1
0x8f5fe9a95fb5231524532e0cd80ad02345efea3d,1
0x9f7129c0cebacd8c75327c7549a66c50dbe83e37,1
0x9f7164f52b73a5f12b29243bae63b9a89f35c3e5,1
0xa07b2e90d1993451eb6fefc45b1c6c8ff5cd5b7c,1
0x9f89b7d6bf9818530552d494f77aab365d9076e9,1
0x8f4b335047400d197cec4e3144a1e90a38b54e61,1
0x9f8ca7517b54f3faad0675fe3b0f06c2a27e9d90,1
0x9f8cc21ff2e37c488818ef5eed8f69aa08440c06,1
0x9f9284250852b2de8b5ab36db9a6854c26f61603,1
0x9f97a73e648e2ef5f496593b390406818a2d28f6,1
0x9f9e4a82d2f6b0ab0661b91ba2237034718ae133,1
0x9f9f46dde74414ed20475a4f165d2edaed7d797a,1
0x9fa192ceaea4b288ca7e889a8b3c7d5283f82901,1
0x8f4a7c7cad145bd745961c6d9a975edd04926cf7,1
0x9fad8b8a904e8fce4f6c5d11957d768538e26f68,1
0x9f721eb186ab7bbac27217779f6a288d1913b470,1
0x9ed7e9d9c2f169eb11a9b159b15b46904008c662,1
0x8f7d5261782207ed94020cabaa449deeb108f1a2,1
0x8f7cef89697b60bfd8215be71edade16968be44c,1
0x9ed8bced122fe37c3dde1b85cad7dca8f1ef97db,1
0x9edc64c6bd2f945ad95c49874fa65e07fb4dfd7e,1
0x9edcbf62387782397221bd4ab945ca1aa8348216,1
0x9edfaea5db5a7f4158b34f5f28a0048000fac517,1
0x9ee55a5fca55a741bc3aeffefafdd4781b797706,1
0x9ee855959075cd821d18c99cd43ce3ebb11e4faa,1
0x9eefe6e17249cf394db87c7cf3ff66f12f74dbb4,1
0x8f63fb922788b0597d44e022f5db13a80407a5fe,1
0x9ef16e9c56fbce12de7ffb85ceac74ee48c9b438,1
0x9ef285f5b225e061a13e16359e2d1e8463722f28,1
0x9efafb86f6a9af171529387173696a928d1f6eb3,1
0x9f06766e08037ca392637e6900e2bece077a0f0c,1
0x9f0974bd13031cf0d7f96ff2f7ff61538d7d2bc9,1
0x8f71297f5e89704219bd3b1b154915f0a1f89cf7,1
0x8f6eecec93b7e509eec3c7591bce94465311fff6,1
0x9f26c80413c4705aecfd76f89e8bcb55748e1460,1
0x8f6ae9ad2b56773b87ed8b5bc2cd1b90db4c9de7,1
0x9f2830a3b52667c524eee722b9db482aa4e293ec,1
0x9f2a37124db1a679a6c429859105ed4220e9d783,1
0x8f79a4fe388fd6c6f1ab104200f0608e05c25645,1
0xa01f8b86505a7933fafaeded1232f2dc9f7e6777,1
0xa02677f142c5d553d846a4869b8bc3a1b252d319,1
0xa028ee7e2df324209a0391fec7f55a71eac16112,1
0x8f3c52152291160b23061c8b73853a3cef018cf0,1
0xa029f456582b6dd119e3f681c9fafbdecd50946b,1
0x8f3c29960ddb7de60596db55a478b17872b8f1f3,1
0xa02c0814f930514aa7babb103e77a0470ac4fc8f,1
0xa02e3e4486013b159dfbb5e3d467bd871bc29bd7,1
0xa03cd73583b312014177838c91f8fcbac56fa476,1
0xa047f377c667d06b989aae13c54d9dd873e0c88f,1
0x9fb239241479f02233eaf8d62953d5047c595ce4,1
0xa04c6aaf849640248f48e5005f94b9b3f271d649,1
0x8f3235b8c4cde412ff51a1a679e872435e6f5990,1
0xa05eaa17e312b458a030d68a5cda5c9067cb13d5,1
0xa0619d9174cd6017ffe39310f38b9b97deb20f8c,1
0x8f265b97e802ec7b8548ba059bc44d0d735f0d3c,1
0xa063bb4f339c2cc8f3fc2a4bba3b1f2e157a5e7c,1
0xa0669f37f7b9dd221a539d1ebc574ee95bedf0d5,1
0x8f259527f91be89179a1bf806feec1dbd3b7f9fa,1
0xa0673bcc575de5dbbd1be4691057d5bb95039fff,1
0xa0724f4afcf9f969c6aa7c2d03ed7d945e2e2377,1
0xa076422a3731930180576286c896574117df0451,1
0xa04b15533f3ba4da7860f985abc928fe004c1073,1
0x9fcc1eafcad48744bdfef1af792d484d634ec274,1
0x8f4568ece357c4290a8c91a218cc9af9b1b5ba2c,1
0x9fd1d943cd4da68d46477256c35ec4df96135694,1
0x9fd35480f5a3a0498de956b51e879ea404fc2664,1
0x9fd7247ac74e6ae86cec3cbf2efc236b8829009e,1
0x9fd996ee84d1ed2696c6baaa72b98059fda1f508,1
0x9fdad30c1295677c8062155b33305e77d86bfd38,1
0x9fdc4c259424e0387e46e0894f35ccd854a757af,1
0x9fe3cd37b2bef9b22d6b8a30515a8586172f2df6,1
0x9fe475f465bd4dab9d042e082b556b7956c3612f,1
0x9fe63b52025d8bb4852f00f730cb2dc3d811a634,1
0xa01e7ac9044188ddb182a985f4492629356807cc,1
0x9fecc1bebae88ad374338ebbeef435c2e39f7171,1
0x9ff78ca1c1e373da6b4200f64babb6e64b1da1ae,1
0x9ffb878284641d35a6bea6df6474c7a5b3c88b7a,1
0x9ffbd74cd16f6b48529b6d00bf3c0b31b3a8c4b5,1
0xa000817d6ebb60a3d5fa34dfe41d122ac27209cb,1
0xa0079cc5d7779167455b926512608c4dcaf68623,1
0xa00c6eee2ae621636327b1d146617a645274de42,1
0xa00f7f72a34756627a15303cc808d99d91b867df,1
0xa01259960557f8b0cac4aba4bb85035bf9773945,1
0xa0159d7a952269bff8c73cca5abfe408060ee1c5,1
0xa01c60f37001dfe51fffdeca9e1b85737750814e,1
0x9fe79f89ee094a198b9e97cafe187e81e7073a08,1
0x8e1a7a0e48ef38d4b755652d4c9ca2baa84e4ec4,1
0x8e17674885e9c2297b13f4f5534a4c1dfc15ede9,1
0xa40294befa25290a3ae179df3970f7c7b482e696,1
0xa40c2857558a5ba58ed260e0fa2d32f4e9b759c2,1
0xa40d23b4a19d2fd124179af846faf5471e2f3724,1
0xa40d6666d6eefed836e8a5f272f77a88c277a777,1
0xa40ebfca62e6e050d88ab90c952313922d8d883e,1
0xa410be20d882356cb1021a355a14185665458ae7,1
0xa412edbac444f1cb487d0785f205fcc8d875549c,1
0xa413dcb7db18ee5b51958fe8013dcbaf2dc77860,1
0x8ea5e517e34562855c551a407df2fa559baa05ee,1
0xa414d68b6503226f53f30a26751904ca71f6c85d,1
0xa41a20e523ac2c3a03bbf7d5f885e664e49e091c,1
0xa41b3f696d3b6c99603f037575b5e969fd6673c0,1
0x8e0274a017bddc217c75f3452cfa2c1146c8fadd,1
0xa41d70967002c03b6af252a70892cb28b15bbfc2,1
0xa41e9b0fa1330756369789c4972e98e244609a08,1
0x8dfcf79592e93c7949f259b933dbab11a9cb5503,1
0xa41f44d987337e1b3fbb86a6bd625673d906ace7,1
0xa421bb7a673510973f3da74edd5e106d05e5c9ab,1
0xa4291ffb2e52a4f29d6d057059905f7e56fdde1f,1
0xa42ab675e51ae59c28d029b1ed75c57ee927941d,1
0xa414689d99d8a26e293bf4f714b49cef16bb2e71,1
0xa3a722457920e65040d28a5ec1272301c102246c,1
0xa3ab71a622220835a34562b6a29002822ca6464f,1
0x8e3cbcf9b836bbad19161e24a8ee4de001f5eb76,1
0xa3b2eb3eef3474a259def9c1a3ec555fed4645e0,1
0xa3b8d86bccc7b704077128e752add4cf523b93eb,1
0xa3bab013b98bdd0a95ef0ad15211349cdd4da23a,1
0xa3c5c003fb04babd1af3ab9e003d66206d263239,1
0xa3ce94e5f34698ff6b1eced9347d5a8351be8d1e,1
0x8e2b0840af1c95ee86415b469e99bf6ae49a654b,1
0x8e24d69cac234cf7cd1b6b4f7474976e07e757ce,1
0xa4017b724c4e2a979f6a31942db898eb103b3d61,1
0x8e1eab5961a36482ed7f9fe26d2a1a5273304590,1
0xa3d66fa0a784a4ddffac6e8023bc7d6a005a24c4,1
0x8e1d10edc78973bdfce9d1b895039b63fbff5715,1
0x8e1c97227128ec11993741496f420778a2f028b3,1
0xa3e32a33224115acf7fd7b4ab4c54e7ab1e6349f,1
0x8e1b465a74109d4f69a41f03c962945d3abc1270,1
0xa3f0d524287972f28954cc5eef8fc3626e29e66d,1
0xa3f0eed89e79024e39b58c1b884632a1982b77c2,1
0xa3f2c705950a88c6c9475736d5e2ddbb330bed95,1
0xa3f31966330f367ea19ab90aeb43dcedff627b5e,1
0xa3f5eac47000a536f470e0ec6a641cbcbeb11334,1
0xa3d311924d74c29dbf2b19c06478bd29bbce3612,1
0xa487bb289fab61f6e26729fe0285cce30c300077,1
0xa493214c3052c8952c84407ff5f89bff3d75f422,1
0xa4952ab11745e2ec591f7e1faae5067db93e6e7c,1
0xa4988e89adb2a116fc6aaf257476e3e337efcfcb,1
0xa4998180a091892bec3ba1d4a2d95d329ffc1fd4,1
0xa49a7d4c8585037d965616dbe4e5c1e147d906d3,1
0xa4a0b40f4db32bd096bbec7bf804211188b73322,1
0xa4a24ae1ce3a14b2a8c3623c22d1687557625359,1
0xa4a59695a30996a0b54505d3c8e7399e85ef6b5e,1
0xa4aced707490dbb840be0655f237384331e26d44,1
0x8df06c11847924d0a5a9f4d6e774b864f753e410,1
0x8dc345b1ee3cfe692e3b2e44121d2efb9715fd31,1
0xa4b19666156641363d00accf3f7c71c8d22206ec,1
0xa4b4ec848ca960d15e067f5b4bc6a3f371e769f1,1
0xa4b765f5737654c9a68b31f659fee1105b95d3ae,1
0xa4b81c7755e990d6972944e5783060e5bbf5b61e,1
0xa4b96d7f6694cbfeaee20485b3e775b8af17fde5,1
0xa4ba5bcb50b205ee0dde7b13faa269d004a72ce0,1
0x8dc19186435060a63752a1c4d4cc9ca3aa3e41f8,1
0xa4bf87a5c577c686a0a771e07d3aa58e9966a46e,1
0xa4cf624f3145adef2fa43197689909e155b6d0e3,1
0xa4d9f75285a99446b6b96daece0fdd4c94665747,1
0x8dcbdd97073fc3e403cedf922ba9831b91166ade,1
0xa431b129ad09415ca7a242e8555a94d0e27ced84,1
0xa433756d3b82c8676d62bdcae427c9641bb50d21,1
0xa43ee19d82ba40d5e5583aa092e6929777d7b7c8,1
0xa444fe3c1257c10bb566c996db096241a859799f,1
0xa44bd3817f2b233d192bf1f9d4f07f618435f4e0,1
0xa44db311bf4401469d27f251b35928ddda047bf3,1
0xa44fbac6786fe7bab8d742cd9229aaff84a2200e,1
0xa451a724f5207931d2104c67569698ffaf393e14,1
0xa457aa0fd0c6e465ff8b37f41d55ec9648e15e30,1
0xa457b468c35ecf21ce032c6571b7cc6a83cdc324,1
0xa45a7dcd8c024b91848edb9b5ad46c185d4a8789,1
0x8dcd0a72c9c4940446b50ea8ada9889a29da9861,1
0xa45f15241d12c7dbb7ec5d6746940a00ba5d70ff,1
0xa46276c1e955ba5d2a25427c1d6d5c79e534ba2b,1
0xa464c4a2f9a6621a0e01b7606da63880161d5eaa,1
0xa465cecde823793b0026fe1a8b0c07c1f74adce2,1
0x8ddff0cdcc18579f6187d79bde2e4b9ed04f53d7,1
0x8dd7468cb74dc2a2be8bee86bd6a89b4367d3273,1
0xa47468f19934b12cc472f65ea4c11d387f6b4e48,1
0xa478210201f826be7e52ebe0e4be4f442305870e,1
0xa4792eb6a10f639ef78d5ee6261b8ed65b3dcadf,1
0xa47da912fc868b86fd4ea6fb2660d85de39f52f9,1
0xa483dc3b46f2e0001f7647ecb5c296d5f8931d98,1
0xa45c5370ae84d735381c636e74cb8ea6c7f6b5a9,1
0xa29912365b17291eb61f2669d22b413362a3df61,1
0xa29c4da67798dceb6c4f739e16c644ea3a092299,1
0xa29c77e41a210f7f9fc3e45462e48d6f632ef006,1
0xa2a0b5978829c5377173f38702e2e1985d464385,1
0xa2a327a0e00cd3ac59549e9c5b46ae7d8e08c7f5,1
0xa2a66dde9164464a6392aeac81d5b3511238c7a1,1
0x8e96a9398b2ce02b7b2514b2a086ddc06cb642b3,1
0xa2a739a8d17e46a52ffdef22a872acf1c36b118c,1
0x8e8c7806ba281411c21f86a8fcb3f5f0637e82e3,1
0xa2a85ea4db18e55129eb0079ed260828137eb98b,1
0x8e3f8813234f349f33c558cce728e51c0ddad4ba,1
0xa2bbb6982e794c5a40810f7cb22d724d4fe5071f,1
0xa2bcb75bbd673e5e17539a28cb3ee16b21bb91dc,1
0xa2c8370fc112b257270ab99129561bdcc7b5dc93,1
0xa2cd647d5533e91968f0b749abb0bb8e30b94dc7,1
0xa2cec7ee8f35f5f581015514f23cd9cd4a561b4f,1
0xa2d0d5240800e65a4006d2dba0f84aaade6641f3,1
0xa2d255fb5aeb216f05cc592bc312546bbfb09ec8,1
0xa2d27dcd32de4d0be63cab90af4f1623e9c34c99,1
0x8e89aa2f0b7c3d9bc9bcf081e374eaa63e53d847,1
0xa2dbc333b350c7eb5237c4899977dd4fe5f46d29,1
0xa2e0df391686512d5a94b611364c97ac1c101c5f,1
0x8e8c21fe6e3bc6b1d1895e63780089f8a8619ea1,1
0xa23734f190a8ef09f2682bf9d9e2b2e27c516c1f,1
0xa23a005b98fb8dce2c3df0a16a2153dc8247f424,1
0xa23cbaa65caba962eae313da89f3b394910079b3,1
0xa23f365a5c583a74b5f0edbb44229481bfea1b70,1
0xa24d9d4a7490ebad92d149efbf33ab0bc6dc6ec0,1
0xa2551b259ac92f5319bf4c05128502b7fb76c40d,1
0xa26044f00e42e2035dd5def9ad1e2efdfca63e8d,1
0xa262434aeac8346f98057cb883432aeef83e367d,1
0xa26cc6f91080e77bc5e7dce6bacc26c4be783d55,1
0xa27007fa1364158eb05b0832a3fa7fb5886346cc,1
0xa29737d8cec5d48a2069b6109fd16fefc2227438,1
0xa2781e30d98e4d2a8a2b8c39b8fa179634008591,1
0xa28049e088fefecabebe3140f8f2cbaf164ee7b4,1
0xa2835ebdaeff3b1ad281400e60975da06bf120c6,1
0x8e999eebb4f8555e180eb74b499f7f018113941a,1
0xa28536b8be4dace482d7530c7b1f7f08f34a14a0,1
0xa28a7e7f5506ccbcfd8575f5ab32dffe4b55a367,1
0xa28e053bf476165628c68cc02267e6bcd5bb9030,1
0x8e989e24f78457016db029e9c84ef2fa7429e1cd,1
0xa28e167f81b05b13a676e2ae161a1a5fdc5b79e9,1
0xa28ffccfac08a5bef456bff3ac5c37d65fa1b7c7,1
0xa2933f605ee682ea16a7b06cab08db8d77f216f9,1
0x8ea0bc8269e78b6ac53e99de9c1737e943704def,1
0xa34a3ab6a1a14601028929e3d3863fb0c85b9539,1
0xa34abe1f26993c9fea24108330711e99b57113e7,1
0xa351162035656e777e05292f066289cbaab662ad,1
0xa353654659e0deecc5e19db04d739dea83ae16b7,1
0xa362917f65322a7ff672b53ba320120bed754ac5,1
0x8e5768081b26e51328f6fdf86d897d86a1d7b7d2,1
0x8e5618eef1e323b35f8c07d8d82faeff16d3be2b,1
0xa365055198c46e905400d227ee2c0204e96ad630,1
0xa36d5321971c7633a8c17bc6d4a573275c7e3495,1
0xa371bab328d19b844314f07cb9d10ff40f12840c,1
0xa2e5edb2ec7271ec424cd2debfc6e82ae9dfaad1,1
0xa37eb614e927d8f62e7dd7307777303f068867c1,1
0xa37ebd5bc16117d0d962c7013acd6fb701f7c938,1
0xa381c31586a39510c0ff7aa3b0d2dedd74971482,1
0xa387fa02c9e103984664e5c85a98b98a40a7fdbe,1
0x8e55dc487367e46ce75a0bb2675b1c635c6390c1,1
0xa38b23ff3be3884ba8cb3e62decc206a21a75bd4,1
0xa38cb148e42bf90a83626a8bf1f972ec333c2416,1
0xa38d3ef13046c3c3124f1eb1b0b96f04f2d2f8f9,1
0xa39b1309d5b98e8f060be14ff07106b088fd0f32,1
0x8e4dfd5c3bd12fe0a2c26b1126d6564aea78841c,1
0xa39fbeb658830a718917482c2b7b7d41fb18c81a,1
0xa37845f9efb21e9dbf67b01e09123687f0b739ae,1
0x8e833ab1b71378e6bbaac986388861ae58706345,1
0xa2e7083ded12cfbcf92fa92fc493f06e9fa48c89,1
0xa2f1f6f4637d3ccde5d124efd56a87d0823f1280,1
0xa2f77aaeaf47586c701ca95a3b256e3bda55135f,1
0xa2f80f15fc3714b1ad32816b52ebbee5a5677de7,1
0x8e8266d2258a53841dfcd4a5ec1481e8e0779049,1
0xa2ff18072cf35a4f95dde81d9bcd594ca5512ac3,1
0xa2ff3682001e46e8713fe495e692b23889b0b4d0,1
0xa2ffafc6777025e4f1a65851d2339e67e56fff86,1
0xa3021c86284dd00a0fd3576fc986eaa8382d4ac4,1
0xa30acaa404ba65613c75201b24e806a8ff75c827,1
0xa336cc3ebb1f0ba7270e1fd3c22e8d52e1c8551a,1
0x8e77503ccf64fb739e801dc2637132cd7f427b83,1
0x8e76c246ddbef9d036cd26c085324b9869847741,1
0xa3120904d794963e400702d662377a6b456389d1,1
0x8e7692908ec6c762ecda00dc865749b4d1613371,1
0xa3135245c58c5dd5202b2f63c24c3161746235f6,1
0xa31d42aebc46645ee5535dc46739b17434d24108,1
0xa3279aac855c7e4ced0e3bdb34b8cb6095bc79d0,1
0xa32a2391dc69b02eca582b1350f78091f019c6fa,1
0x8e66e32f0c6d05cf1614f8668ee4383fd77fade6,1
0xa3348966ddfb7285536680af8855314a54357147,1
0x8e629dd21fd9bf76f93b0c48195045bd2451e40c,1
0xa30b6b2587642deeafaa187d5557e3ab58c38de5,1
0xe9cde39b3924c23f894634947003f66f04acb62b,1
0xe9cdf7a482ec7f0df17f533562c1ec2f80f3538d,1
0xe9d0f6c7d47e4de8a734b17cebac0cf4965e01bb,1
0xe9d83981f7a3d94c49b114075a23606bc1e2d5d6,1
0xe9d88ce8babdcd57c55b931b9e019dc50eb42bee,1
0xe9dc50771750ff21565b9b7d745004a6070c969a,1
0xe9e03c5282c5449d028a40767870a2077715efe1,1
0xe9e6beda27a9e2d286b42f3ed1300af4f8eb677d,1
0xe9f2281e348292841e4a61556968b23356108be4,1
0xe9f3c7d7b037e15459a3761523772dbd8aa25207,1
0xe9f9d0f2bcc89591a263847ddbd842a0ab723c38,1
0xe9fbdcd1d7ddc500a80017a12211fb40c9d535c3,1
0x8825ccb202e30fb30da2e138b1f1c732a9b0ccf5,1
0xea0048edebb1b54e3c748921123b272f23818fbd,1
0xea0411cd01abbe1a0ce13abbcb236efce5f6af62,1
0xea0d8b189ed2a1e60cc6bea4a4a5b9242ac7a256,1
0xea107c3292acb9c9e15c3ff7de7cfacc49413768,1
0xea131789c3e792bb37d8e32a3883654a825b5551,1
0xea157772b4fb4c3c2d1e052986af00b1fb6d2615,1
0xea1d6067e71672ce1529416fc8326245b686c842,1
0xea1eb76f44bfd9a2ffe4fd685836bd0e1e4d9a21,1
0xea292bd6392e8719593894950a4b040fbb0c4abc,1
0xea2da07e2aad96eadfad965fe19ffe3cd6595fb9,1
0xea316562fec47d135f2aa852c0c54072e488bf53,1
0xea376011af61bdb6722dbef3eb234195c677c37b,1
0xe9fef358d849ede92fd37eef7feaa9f2e61412a5,1
0xe9738aaa6ee2d0c93b2c9b5cebbcbf101b9790aa,1
0xe97740018e3adf1db84b4c4b63d5569670250a48,1
0xe97eaa1ae1c26745bab5ee05bbc5928528950457,1
0xe984337d283d4339f363ca212919f8e6d3809fb7,1
0xe98ff28928ddd6c50cc55804cb0784e1a7c82f6f,1
0xe990d2db5290d8eed3ad06fbd97dba65e22e4d62,1
0xe99298f3ed972c7bf29872122204db83e0e12633,1
0xe9949dc36429375bdb5d5c6693d01752b70c0578,1
0xe9953ce5f7bf2b88a63eef57a2a0f944396b3931,1
0xe9962d0ef1c72e4e2d0851184cc762e03e13199b,1
0xe996e1bd0a7ea681abaea368923092272d2dc4c9,1
0xe99c4d4b560cb13f0871aee3cadd15fec1a8deae,1
0xe9cd3256bf183c92cb7ead39cc78c2af18d68a43,1
0xe9a21ef17b47dc208a5d2e10077b55b4c6acbaa2,1
0xe9a392cfc5c2998bac3ebe8b5baed8a8dcd0f324,1
0xe9a67ca6564dd9ee2e1352ec047508470cd9629b,1
0xe9a9cf9a7afdfcd16fa2a8882a34d00dd2d748e4,1
0xe9b4f6026fe4f1476e384614d0123973116eccf7,1
0xe9b7eb5e128af381c9b0c0564dde8e86aebb813f,1
0xe9b8180054daad2b17e0d4e6e24048ffeae3db7a,1
0xe9b94de0637335c026e261f0f2497b91ef38a33a,1
0xe9bdef5ed170a9766d33ec1c676594d047d4e7e1,1
0xe9c47aa19fbca456089f59d4945ea112e20da8a6,1
0xe9c655ebf6e98a1c04922aa635adaebc0d427ce1,1
0xe9cb6c02318c6d86ac775b1ad743f8cd3988f2cf,1
0xe99d92d16a6a041d58d2eb9e08f57b283942a189,1
0xeacb7436c762bbc4190e79cc214897b4f0fb3c80,1
0xead0a6ddff82374d03d12477393132b6e7f05822,1
0xead61ea8b9b2cd70eab7652793909556efc25144,1
0xead83165c1a1908ad55806b2e4b7dfdb16d208d0,1
0xead9e222586cd91e47809ff3cbd9f7085e53b938,1
0xeadb3dbd5ed5fe78ca347d171a790c4c0c882885,1
0xeadcbd01ec66d0fa7e7d48a4a6eddc64f6ec1ff1,1
0xeade917bbc829cac09952109ab2eec0f7de77c12,1
0xeae5a7f95b9cfe82183b8a9d2ea08cb7e605d2ff,1
0xeaedd3d6c9b8d1ba9be50b9fee54808ef9e74c50,1
0xeaf01f65b6d39dd9d5c19e1444ccc73b631607a2,1
0xeaf52ca802f9ccdf75a92ba14d0567b83c31b108,1
0xea44146baf744bdc710469fba82c3580839a2532,1
0xeb018fec4c9a798aa71811926ea38f80a135cca2,1
0xeb08f089d8f0a100286d12fba35c6612a2eaf3a4,1
0xeb0fd26b381fd4532ec8ba6746661e01d23351c7,1
0xeb10b52db1e9d75dbb47c74f595977ba8eef68fe,1
0xeb10fd05aca0dc655a9f05b02df937fdccd3245f,1
0xeb14558afc2d2dd7db54465037291eec0ad1150d,1
0xeb21102bcd862a379b7b35cc569be51fc9ef32b7,1
0xeb22dc176a31dc848d9d870c41999c9a9d75ddc8,1
0xeb2e7f0698a0be3c5c806130d81cb5630229c92d,1
0xeb344e58c74a8c78adb3d15fa39b0200919cf378,1
0xeb34827c80006b1a43911fb032f381dfaad4cdb3,1
0xeb373e914dfc786c895d954ded4caace861af956,1
0xeaf709a8b2eb583656e87236638f55c544eaac59,1
0xea4556b2e05169d8e98b936a69b1f0f8c85e3d7f,1
0xea48d97ba4373445f6f13723e7b08b65d2501f17,1
0xea4e7c3a0068e497ce37a26da73752d8f7816a0d,1
0xea58934df42284811ab6ca7e91f68b39793e95ff,1
0xea610e4ae67363b9e63cf745c252221e60b2c211,1
0xea612b1e4fba4898fd24cc10d3432696ea9cdb8b,1
0xea669b8086e8aa0ac1fbd3ba62677d5de68d2449,1
0xea705e72c1dc9f57fc1df91928dd20a9330becbd,1
0xea70679ab8c9ec8270c31f3cc82361776532a250,1
0xea7070b6750750dd2c1b7a6a20cc6e3facbbbbfb,1
0xea72722234e638ae6e363f778872f4b7693cea21,1
0xea84d6cb9ad8eb84dbf210fb804e78efdec47c35,1
0xeac0291e3a036b81a014ff0fa56b6e71e5699b5d,1
0xea8b59b415665ced70ce139ab960f6cc3b9b2100,1
0xea911cdcd37a67a60673e17a31249ea931cc103e,1
0xea91f416b185bd714947c4fc41eceda9767237b0,1
0xea97bfd1b12ff5ab3fbf499d4acbe5e3b1e710b9,1
0xeaab16983e1a466861c915ffdd43799159e134be,1
0xeaab61a1e7a3e2102dc0b6e5ac98dc558b7e16f6,1
0xeaaeb18723edb904076edf638020f9f5f947dbc7,1
0xeaaebe5999d07d71fbd37c70ba55f45180dd828d,1
0xeab1100e40a6e4ef3bdbfe57f72e0db51bb29c44,1
0xeab477be60b1f56edac88b0b4fb51a908e4cbb5e,1
0xeab6576707551e8a4737e1204939f800b1fe9836,1
0xeab90ac2fdf1de88a57bb155401ba9da689a2bbf,1
0xeabf7e141fcda94c7df8b76f6253d3e66a0f76ac,1
0xea88f7bc438ecaada6a7334a8e062e849b0681d7,1
0xe7e98aea9e2f7acc78f463b531fa99fcc1311473,1
0xe7ebf77a242b931165029202dbf59967eda20f31,1
0xe7ebfcc44c01e1c7ea62fcbd1954b44a3d39fdd7,1
0xe7f5bedb4b4c8c2bdf5fa5fda7b5ac33a5f8feca,1
0xe7f823935a709e1dc23cd1f91223aa700ac5cb4e,1
0xe7fe0341e8836b163def051fbcae4bd6d1148c3f,1
0xe81f5c18e29181b3c2d85aa51c5c29045f002853,1
0xe81ffc4732b6a5af8d1115378b9e9c662142e113,1
0xe823d2d3cabd7116d35f2267530d736c7c290246,1
0xe82d98a95e0407c7dd6d85ea545dd5ceaaa1f78e,1
0xe82f8d1c933b5075d7a99d1131777a7ba42978fa,1
0xe83d1e5d3f76ade7770e6a86dadb2182b28d33af,1
0xe9669da05b061e480c2d729c223661f42b851e65,1
0xe845b950ed8c5af334ac69d046667418c8747751,1
0xe84ceb68ded38a0ed0efbcef628d1722a523f439,1
0xe85327a6d1fa13c6b5e9f835316da4eea9f34d7a,1
0xe8539b251e2584086f4c53978c3cd91bab314f66,1
0xe85bb0ac386e6b2662c324eb2a7124dfe9132eb7,1
0xe8629c1c0eb79a0367562c52b0bc504adea32134,1
0xe8767d38fddc6df37a2a7097e59590f42a3c68d6,1
0xe87bd185fdf6bfb68e0b23693c2845d659ef410e,1
0xe87ed1aa17f2be86ba166b5e06a412f00147817e,1
0xe87f307f3d7571379176dc7c2b4d98103d5b38d6,1
0xe8806f291a036898b11baa83b323a711d97bc4b5,1
0xe883989ecac7c89a66675adc4e98a67aff3ee1a0,1
0xe83f7a765e1b160fb87883632531e3d4c41859fe,1
0xe730cd059daf102d56f36e40dfe0266ae7ec5165,1
0xe738ca9056011c521766c80435a39bfc575920d4,1
0xe7395fe60d1683de1d4fe7f922aa371391d7290a,1
0xe73f188bc0a94ceb0768ff46b8bc570b7ef16f4c,1
0xe749f0976f4baa1e70d5b9306f4f138139d7cf70,1
0xe7503479768e7d75afa5ae2bbea25142d7f3b4be,1
0xe75141aa12e392c42428286f460d343f23383cda,1
0xe7538473a1ff0c920e85a87e92a19290b1f33660,1
0xe76064739ec48409b81b60eb3dcc4fbf68b2a0ea,1
0xe773a1f3ad908b0dc74d46a21a86ec614b9f2446,1
0xe7795a462c582e6b9c8c01f5a37a0a0cba5b932b,1
0xe7798ee87537ab76c881d4d00416a805a5032d74,1
0xe7e8302b44072a840554aa36a513fb2ff2896ac3,1
0xe77fc55a35f6ef3b509d228d40b04057222c5702,1
0xe781fa17bf7ec8660cc83f8c9200bad063ae5443,1
0xe7854e34e3aba65c06db6e2c1c555387bf4c0bff,1
0xe791d3ffd38f131e72d0b3e83c309cacf1530727,1
0xe79d0f1b9547c5960bf340dc8cfc02a92181fde8,1
0xe7a16e0cd756d7cde3156fd6a35519697b1ead56,1
0xe7bea50d91cdc5e59bf8121c665a9180ba3a1bf0,1
0xe7c014f4f978b7a0c91c484d02956aa47805e47d,1
0xe7c71ccac2a03f528cfaaa48dce5e79159b706ed,1
0xe7c781ca17674801cde2363fbf844e2aeedce719,1
0xe7d48e01a5f095d458becedee7ec05555f50fb74,1
0xe7d5d55b0b2e2f3c3b8f65ad169ba670c10f8ba6,1
0xe7d9e69d3aa3f1b3cc20dd00a6bb3fc1fd9cf484,1
0xe77c7f6d45705d5c01c7323b8771b0d4c054b4ae,1
0xe8f9fb77b1666d27a5f4ace8ae646cd0d3be348e,1
0xe8feab85378a615e3bbd4f61417f74f86442c3b3,1
0xe9055808db20ffb6a43bb56aae83021fc7f50cd7,1
0xe90ad05adab854bccb425b9b0c5e773f61e3901d,1
0xe90c8b9d34a48d16ead39c109ecf01230e620701,1
0xe90fbc14aa230097768493467b7a528239177e4e,1
0xe9138eefadca815dd94845cf6470221cd8b77d5d,1
0xe9171321400541b38322bd919d5045b58d341886,1
0xe9192a778fb1375988727a7ae148bcf75e6d4ab9,1
0xe91dbd1409c0604386116c8a137f783aea7cd14b,1
0xe91de01ce2cc8471c48555771dc4250b444d1a65,1
0xe91defcf2a2723f5f0046b059330d1f8f997aa94,1
0xe88450b33638a069db3e4a813b97952cf0838a9b,1
0xe9230f5c361c6178b5c47baf661c31e9a6d49523,1
0xe92c0f8a9d355ce4f4fc87eecbac7c9398abc4cf,1
0xe92c4eb6bb57d899e5881f48ea8da1515d9638a1,1
0xe9393b710240f986c06bae24b4736fd75735feb5,1
0xe9398ad5ca251a0bbd28f3b49f13b0ffed78c00f,1
0xe93ae3607913fb6c05bba9f687c8f63a1e9346b7,1
0xe93e4cef7a94e730044f886e429e5a48f64d878c,1
0xe941e7cd9eeeeacf222b42548b5af372f0324819,1
0xe9444f56c22f73ae0b8dd5486886f0099b8f5b21,1
0xe94f1859a9dcc109ae1a5096583ec470c26d9fb4,1
0xe9508f1555ad6f09a932dae830d2c5f82b524128,1
0xe956471d3b9ec1966ed0c7c3d72a954e40d3d9b7,1
0xe91f9a39be7ec496866a85dea0f786eefa53e344,1
0xe885f8749339178f8ea18d9f98d79e391dc7f84a,1
0xe88780348c56efeb65cd51fe96d3165ed3f61fee,1
0xe887a4d1a51b61408feeb1badd164a6f8a94b0d5,1
0xe8885192b167f1fd95be9b75d5a0449c9b2139d8,1
0xe8886379c75b5d7b3e622c8199fec7367090ecd6,1
0xe88deda162c0e120349a9aedf8de3176b7ca8bd7,1
0xe896bcf0d78c48a7cca5e5a5336cff90fe578f5b,1
0xe898dfd0b758bbc614a3541e76ceea2c758049ca,1
0xe89be95e483dc3bb4c2d89932cd311688a85005f,1
0xe89def50b9d73d1584ad5e38d8bf940370ebece5,1
0xe8a347a690475140e7c31895dab598a329cd7872,1
0xe8a956ae3d1bddb2267f34a68ba2b0860d04d4de,1
0xe8edd6fe84afcb578d7ec7da812701d208f9845f,1
0xe8abb6d33216cd8932bd4328de53f9bbdc52049c,1
0xe8acf3e693bc923afdbe7c719ff2c9531587559d,1
0xe8bece8f8afe41b5031c43c99ac2ed6077dc9061,1
0xe8c1b6fa46a331dede24bb2217aab0a53295c731,1
0xe8c1bdc8f96728ab53a5dd463a1c6b4a597ecbaa,1
0xe8d1644aaf6f73688ac8806982731bde2a6a86fa,1
0xe8d2fb0981fc78ccb6f5286e5f34ec64f2ea199c,1
0xe8d36455ed193dd5b6b6561a1475cfe0d1c31c8c,1
0xe8d5b7bc069b70264fda95dee542f412f57f03bf,1
0xe8d5fc887c03f689a9f8140ecbe013b3487ff5bf,1
0xe8e7372555b81e4a0b27fa1c8ec462ba7c6f8a40,1
0xe8e8ddc95c1525803468c7a5fa1ea8827f4aae69,1
0xe8ebf8923e13cf8a8204c66ec0027d2dd55b1654,1
0xe8aac07e150a31a72cee0b67ecb2e069c18bbb40,1
0xee3af333691bed57e539bd34b7c9022ec61e3f3e,1
0xee3d511aa67361639c6d8e3dc0b48e09496a16e0,1
0xee3e3c9c86adde800fd3c76a72e7ff26288956b1,1
0xee44528f786585ce786cf14d79bcd3e1dcfa9545,1
0xee4458aba45f50565c0687f0b64987bc3baa384a,1
0xee49c29f8f4eab504a4a1f714b344c0b84085b4e,1
0xee510b68835593437590177aea2e961ddf69fbb1,1
0xee56b1e5379a9b079f1a72cb0b2aaf8a4b98bade,1
0xee5890e5fc15332507b4270d7e0b1962305a187f,1
0xee5ce04b23627b649190eeb327cfb68296e16144,1
0xee5fdc03fb27f23e4315214313518bda25635def,1
0xee672350938ec4c167de87944e0772219e2a4df4,1
0xeb4a2ce687ccf980e0e4839fbeee751afc33a1f7,1
0xee6e2637df887da15f7fdc9bda8030144102ff4c,1
0xee7147440a63dede9e142b56252906ed9fadc397,1
0xee7b047a38a50e924eaecf0be775eab2d8ebc98a,1
0xee806a266f31ff2750a20c28f49f46d572b626bd,1
0xee807130371325dfc961f55190ff6cfe1df60ba7,1
0xee84c4fe307c25347efa9c0b1e4ebea075defb10,1
0xee8927e8b2f7f946fd5150bf4f2aa781d076a5f8,1
0xee9de0cf778fdf2f5b80020a02e711decfc15e69,1
0xee9f1ef3a9854f094e5c775ed1020177da2b6891,1
0xeea382a878198d75b2b1a7a46f64328662d8ef1b,1
0xeea5879da3fb98faa3808c2c949ea94029242962,1
0xeeb88de8b69a0d322fefa1a982a2106087cf8f2d,1
0xee69a5850478bf2c788d9b09ec8c12e2b8816f60,1
0xedb5aa642eb0a247bbc5cf7fa0111ae5fad8263f,1
0xedb871c88f9053788ba27956b86b2dd36e39ec9c,1
0xedc182ca8bb43bff1c033258a7324ac6cbfccfc8,1
0xedcab1fb10fc35f7b95d7b33e3cf18f1a8cd14be,1
0xedcb06a019d16d99ad67fe92a188efa19c8d1fd1,1
0xedd3f81e10b8f851f8ed25d2777b17c208b4b4a6,1
0xedd8388d27fd906c4a5108585c66111e1b4183fd,1
0xedd85dd8401821053a8081cd2dfa0a40a6e5916f,1
0xeddca4ddb821a7e53780c51a68a6ec6ba9986c32,1
0xede3a3e214ea6ceda996362cf52cbeb6724ad31d,1
0xede67773fe1010032c365a0e6691b0cfe5141c86,1
0xede76ed52310bc8278fbffa3c6b8019875023534,1
0xee361eb64040b1a63a8251ededcbafecb018e0ec,1
0xedee6901df4ddaf5a05c8094a829ac4439ac07d4,1
0xedf5e0010abddbf1f5a423589a92e3751b63da1f,1
0xedf8066033ee7a6ac79701404af9ef92641400fb,1
0xedfc09bb71ffb52ccb40c95d1aeb47cb2110a8ca,1
0xedffe04e8d9a549d6d85912b552c882e9e45e8b2,1
0xee0a637f31f4b9cd8f8b824eef4d3bbe7c5eddc2,1
0xee0b7a985b43aeda44d25dba9a2a98c9c8c3c8d0,1
0xee0dbff7c18d2f02c2fccb2b0f1dfd632d6bcda7,1
0xee1b5e75001b79b46d90a849f676f1c08d13739a,1
0xee201d7063049bccd19132d80700eb2175ec14a5,1
0xee29c5745d86134214fe680539aa7e51769c3e57,1
0xee313d04da84e09f624282f4690c439006f1e89d,1
0xede89fc78dcecca0f7e6b6ed25e3d922fd6e783c,1
0xef44529c4c2a4ce63757065dda55ee05ea83fa44,1
0xef4454dc27f7ba071a8aa36d8fcff114e3ca7429,1
0xef4874c2494a76514c8f08182194b4a2293833a6,1
0xef48e7917584acd8b2037e806f0cd27707cb7952,1
0xef4dd09fc5e8fc4f01b9b2608906e0a0ed9d952d,1
0xef50582ee67ed154f4179fa16cf211ba6a928e16,1
0xef57c8a184720e7cd1487af4ce866aa11cb4ecc4,1
0xef585ad0c3082a38dd066b619b8cecb4e0fe36ff,1
0xef5b00a077bad4eece2d4d06891015cac821362f,1
0xef5c4afedc026f6ae6774a7afe31d10c3ac2d04f,1
0xef601405bf5b9d258e9e8bfce3062460ac6fc95a,1
0xef63c6cb30b35c43741df9e1066b407d2ceaca70,1
0xeebdb2be147fcb4544e10a190f98d89e8dd96c47,1
0xef693e49f54a62c39e0ff9376c2f4657f0ce6527,1
0xef6b6c27a9061282c69446acfc5627c458cb3741,1
0xef6d57a7e1fe93f583738c105e3a1c534f9f1f5d,1
0xef742392be144ce1f1025694ec5453cf5c9b0b01,1
0xef79df9af2e4cce66864e5ea67fc69f193953eca,1
0xef7c7c3f837f42060e85f71b2e32a7ac02350b3c,1
0xef7d4b46130b16cddc02146551880de9806ec8f9,1
0xef81aa299880607750001b34525853df48632cd0,1
0xef8795da48471ccacc68b8e510856bf9ec67fc56,1
0xef8c5ef138a89d94345c69003ae527e3caa3e8a1,1
0xef8e7b0e7626b9b079d8c4f7c01ca43663f95d23,1
0xef9b5b37ac996d66dc76c81a343fc21f7b4e041d,1
0xef68435f238b0e9bc387f09d369740f939ba3e28,1
0xeec247dfacffbca614f3337b7889608262e23744,1
0xeec32741b49fc0874e2e5bea0ba486a823a5cca3,1
0xeec9cf5e4bc9ad4dc2bc26b2f18c8cd549e4a052,1
0xeeccffdbc7352f6035355b66571e92b3469a5a45,1
0xeecd58af5672444488b421b6a9ac3fa6f0c5fdd7,1
0xeecde44cfe8f283824fe2bdf237456ea61930709,1
0xeed0ad29292b7eac0fa2d31f8f931ac92b280cb5,1
0xeed5a20d0615a59483310a6b39d953f89be580bb,1
0xeee4a949be8a8e829780393e3405ff04364f8380,1
0xeeef254cea774ba08d0d97b9cf4c27b73f5c0019,1
0xeef03af22bf5493e2d053ea2c406a295ef8a103b,1
0xeef19fdabd19f9a63429369084d6ac402f8adce3,1
0xef41e0e98ba4583562c6c7006f5dd43cf0e4273f,1
0xeef50b5a8d6036daa44f75c08cb5ea9e7f4ec936,1
0xeefa633c8b77d49ad166a46da477cd66e8a4c0d8,1
0xef06042fa287a0801c262698a5c72239a2910c13,1
0xef0bc8760bd3e7fbfed225ca728ab76a835ffae0,1
0xef1f41b7abe9d006e0952807cc3124d421c55f44,1
0xef1fa787de0a0888f15eee50354f3810f61a46ac,1
0xef2432c729e81dc8bcc888e497c6caa9364a0e96,1
0xef25c9b5a353f7779bc7ee073eef63cc15b2c501,1
0xef26fba7b580b06b3aca142d54f95bb8c4028642,1
0xef2bc229940b41ea1ce3b968a6b3c900cb5bd05a,1
0xef319ed39c792a2cf5c7cbe5b037feedda4d8d89,1
0xef3a58a19fec9be7a2dfd408078a9fdd765e3a02,1
0xef40dc6b7cc86647c8dbeac5b7386b15d07f5e27,1
0xeef31b561f447f24b69d49c1473d054c299c1b2e,1
0xebbd11c6125e4bb83d952f94ff4bd87b967f8c39,1
0xebc41c66b87800fbf2fc38f9db9a594fbd8c3603,1
0xebc628fa9175c43f94a8ae3ab17a4fe16a8ac612,1
0xebcd1c313ff2b3fa9d9500b63667affd0453ab12,1
0xebcfbbe5486b6e9a88b7cab6565a0c5e992510b8,1
0xebd1342cc795724434ffb6751d3f08d56ce34654,1
0xebf5d6f4bbdccef94238501f778d14f6749a7fb1,1
0xec0b6e9ae7cdc2b5a16269d85cfc6771c7a122c4,1
0xec11d5b015b6f422bbe8d1a10f5de0d9348a3c54,1
0xec18a915a66da9c98068c56534b1e8fb3b2d6222,1
0xec19869b1337316fdc9be2c9fc2edcbe27e7276b,1
0xec1c047858af64e7ff9a5fbab7048905e8c8bc71,1
0xedb30812f564a4f8f63bf0007a621b2a52b569d0,1
0xec33c24cafc5b083a07b5307f8c43790baaa4e97,1
0xec3ac577c1b4a1b44cb30c5808a0890141bd14f2,1
0xec3bdd5e759040b124bfa34d9bd54aa21abab204,1
0xec3d458bd229a67aa6abe51a1ad6bd00dfc99119,1
0xec415d15110eb5073e3392632028640264b8971d,1
0xec4e221b59725a848c152bf9628e9d7255d4a73a,1
0xec5df1e13ef58082324c8cd3284d480a0582b231,1
0xec60e7c1dfa792e289503d6455288655cc528719,1
0xec626fec9459b6dddd053c6d2022d8ad49eb099d,1
0xec6907b049fb908e24aef1cffd69212f448f86fb,1
0xec6fb74fe89179b4430e1721a932df456df56fad,1
0xec7bf36726cefc493ede4919eb83f47a1238dd8e,1
0xec2d6cbdf9aa98a95f997b845492fe3740b64c21,1
0xeb530bfb4896864b803ed54bb295f5f9ee58571a,1
0xeb572c8c4bd3816fbc0fd29b049a8500808f7bee,1
0xeb659db5e851e9c06bb80c91683839e0d3a2fa6b,1
0xeb68bb63daa910ea83ba276b485c1d864a663ebd,1
0xeb6b6b72cffa3badc3bfeb2fd872eea54ca7ff14,1
0xeb6ce4f824e34ef004fd3f4cd4c2695cbdceca99,1
0xeb6fb52c77b9c5e76def4cc13e642a483d05355e,1
0xeb79a84984ad3010cd5b2da1aa355e6d0dbc05cb,1
0xeb7e1d330a8d26ba6db463ec1db3b79e11eee5f4,1
0xeb8191e1eb5b17e4cced5f05ccb9ab6355eb413f,1
0xeb8270c93152f17e0784e4ea8ee4450c010babb2,1
0xeb82770266ccfc18daa547216666d4b8c1a70e08,1
0xebbcb5fcd6963247f5a179b0ffcd4d072155c52c,1
0xeb89fe30b3940254c23c15b7d13a21d0bfe95aa8,1
0xeb8c51384d0eb571eada2c5630056123654b81c8,1
0xeb8e3d04ed64bdc5ab8da83e7d83e6cd9e93d10b,1
0xeb900057ff3eebe58da77d3ef67d9d13ba4ecc2a,1
0xeb94e5a6bc17d3e1220c148a720b75f44040a041,1
0xeb9881f17f60f30c93981f43b9575c90e1f143b4,1
0xeb99bb38c5eafd0a8a11739b4da9a8fe968bdbbe,1
0xeb9ef31cc17864e420827fbeaec3f9ecb384dc75,1
0xeba298d07f6170f70b5230b2b083c71fd3120679,1
0xeba9b11f0e126f14c19ada2e6b629af827f2c906,1
0xebab903f44ad313b8ec04ec924773e756481507d,1
0xebb18a200c7a3de0d94098a7f8b5a7807db7dc2b,1
0xebb8d377ec56b5de626ec1410befab8f7ffc7c1f,1
0xeb8506a13cf2999af312e23b397e417e9ed55e5f,1
0xed273d26e8545c7a580259e9498753d9e8090b74,1
0xed2b2b33ca340ff68d40842f5fc2203fd45d3ed8,1
0xed34b653d1f033f9a7269a198dba44c55b34522b,1
0xed3c9c89908609bc222e4700dbc1e8d8c9188e39,1
0xed50d002fecae027782f761d7503e31dafb0080c,1
0xed531209c60fcce7e0c94e6ab21634f1b53ab884,1
0xed53f93a6fe73ad8ceb3d719348a352ca6b0b116,1
0xed58b9747122b06320df0d5ca4429e13473dfbac,1
0xed6789287bb4ed56ea215cb7ac1b7f4c84b2079f,1
0xed6a366b26a1e23b881e86fbaead60d4470757de,1
0xed6b060f675cac606e912f5344a3eebd9ad591a1,1
0xed6fc0ce35dcd8f73cec5024e52a18a13b706730,1
0xec7cc9912966425fcca5d02c0dc4578628e79153,1
0xed72e79be92374b2f1eb6b46aece8faee6d9479a,1
0xed8154d76ddbfb27576e9f60e6541c155ad8467c,1
0xed822a8047c24e0a1ed640421ef1320897ff41fe,1
0xed830dcf0a3ceea9639cd1507ff2c5006e4c9955,1
0xed867dc9f8bb33d7ed01c9a8f9c580bfe9865d07,1
0xed8b6b2fb12cde68cac6fd1f75c6291770fa5ce0,1
0xed97ba49e039e80ae8cfd9d5c7fad8ca1a836f27,1
0xed9e412e1d37b27471af7a987496c94efd827538,1
0xeda067955f3ebcd4276356801b311ab1ddaceec2,1
0xeda5b45fb98db9c3ba1fd59e528d98c1f58e4f79,1
0xedaa0261638c1196f530c3cd00472e81f27ec886,1
0xedb22dbda5e674f3a73223e693485cea18459cd3,1
0xed70f29a26c73f4139f82dc389d6f3916dd9503d,1
0xec7e6bb93e7f7b77c8709260617154974f72712c,1
0xec82d2aba3eed3343aa8683995a8db9a94b8cc02,1
0xec8a9c96242ebe7e576084f0585d41e1943ac798,1
0xec8d7cae77ac7b3db225479e7d079cfe31c02e0f,1
0xec99e4d6c60725e4d1fcbd33271d625005953dfb,1
0xec9b46a89b7782f1094e6c351122c7b3d930a0fb,1
0xecab5799e3c7c31136b542382eb125de719f4bf4,1
0xecaf106ba46939744285c9af8aad751449d7b33b,1
0xecbf0e500e5604321d9f9e9949e7a531ea19d2cc,1
0xecc739ac035e579393d17244553a7cbf24caa3dc,1
0xecc84009b89cf7c08142d3d348e696e0f3bd26a6,1
0xecc8de063205b8785810e4150b7f81a1be513dfe,1
0xed22253c38145513391d3bae4401fc0d0ade7b64,1
0xeccad5c1f9239a9490d801f6d135b67730014675,1
0xecdb3adb9171aff1c30fbd93fa61df9af3389365,1
0xecdd1acf1015aa67400b99a13f10192106256aa1,1
0xece71a6e37c21a0c9cc7b7008c33a3625cc9753d,1
0xecebdd9fe1134ef9ad85cb43a037d6fe0ecc59f8,1
0xecf633bb1ea9ea6529058f784cc630249aa331b8,1
0xecfa7575f913825decfaa3e2735f6723833e0203,1
0xecfd88616512d0e58b995d4f436b1771dba42979,1
0xed0392dfe8c1976a5218623f400a6058f9f8dead,1
0xed0fbf6ad0c44397dddd3b6de77b9af144633486,1
0xed1502d6c0b76dec33fa3622e33866cf628580ae,1
0xed2005dddb1f3a69e3fea48fb32e3fcef5e6db4a,1
0xed202d5bd89972433bb692d4c3f139c739de3f08,1
0xecc9c1e884e2b2af853b24001bb2d6fae72003e4,1
0xe10fa85a87e49e93359095fdecebbc34db9376c1,1
0xe119719a41879d7de0992b531debcb85007e756f,1
0xe125cd8a7f38e40be44dcf96474bf9e277e63d27,1
0xe12bcc40321b9caf8a8f891878b614fabd4d6d0d,1
0xe132a8fab097a537cb131443ea13a1770344af50,1
0xe1442c0c5aff06d160bf19f5e670cf0467d3d147,1
0xe14a1687d762d0eee4609f06e2384f62ca560995,1
0xe14a6169be1732c47953a9e93ea4f148d7a6d3b1,1
0xe14b30c8e947c8eadec1ebf58597d6714a361e93,1
0xe14f46b93c7720949778bdc3873e03b8f919ce43,1
0xe14fe2dafa01bce5705497363f7266f7e20f21c8,1
0xe1509e49d70c9235d7533e34ffa35d73711ac9e7,1
0xe72cd6ceae4416074017ac042a8ce3461735ffb3,1
0xe15585bb1a36782ca5995eef84716710f845b142,1
0xe1578e9692da717d17abee36f2e4a37bae536e6f,1
0xe15abc30abe98e1188f9f370232514dda6999969,1
0xe15cd22327aec59705aabace3c83ad6f3149d70a,1
0xe16208a567c5d19306bb82ba30a7c509bba5641b,1
0xe16fd6143875a5164b935f198c89dfb136478cd8,1
0xe1710463ec6ac75231808d67c4b149a08fd28d5f,1
0xe19d66446bed16458a3c2ccf0141bfaa82fca042,1
0xe19f17cc4d5b702597f84ac62a41379bbe4a480c,1
0xe1a0bc7312b82b5136d4527894f0ccb0b96c8bb5,1
0xe1aa7141d70f915ac68332e84b74682ec1a4da6a,1
0xe1b4a539d7ac0d5b02890df8fa5e94ef26beb1ee,1
0xe1516926aaaadf2248538e95dcd82829d97ed7f9,1
0xe07bb1ac6b22291eaa84784079693678b2596c93,1
0xe07dfdcc28bc5ccc8c409d6cd666a2e073495eef,1
0xe085c1cabe724c1d138bfca3b87c9452d8666dad,1
0xe089617a785d5ae33d54bcffb128267da1757e61,1
0xe08d21a0b2f0a91f19429e60e91b6a59b60b4bc7,1
0xe08d9f7df74a205caf0f70e47881b76fa681be34,1
0xe08f2955c28df87adf7f290f87a9df4e82c43877,1
0xe08f2ef50058127074e05090b61df433596cc13b,1
0xe090be18ecf839c003fa44ec310ad25adaa75143,1
0xe093f814764f898b6a4f9d04ee1683a5b97b4e6a,1
0xe0bf012a99b926eada40577c708d6bcf207dd845,1
0xe0c4a2baee6dce2f0dc3fa35340497561d21d143,1
0xe10d6c9c2d31dde61f93c3538ce86e74885b36c8,1
0xe0d30e701ae030b7513838a92ce91679d282aa92,1
0xe0d53b1886e35c7e156b1560e9dcd562d75d6e4b,1
0xe0d8c437daacf1ae5820039f17081a7dad4702b8,1
0xe0d8f9df53b3fd763dde2c3a5d37d4ada42157f2,1
0xe0dc6db1cc9e6ed8396bfd0e44bc128dc5f1003a,1
0xe0e499cb08c1426e1c4f3ab05c4ba96a9ff87ff6,1
0xe0eff4db477d8388fd715f0f8f2f1c3b43d9f282,1
0xe0f3f61fa8aeb95c8f2c90588b9e360e7bd68094,1
0xe0fc965ef72a9445447ccb061b85a4157021156d,1
0xe1071f450ca0f461f9fe51ae6753d7bc158f6b69,1
0xe10b591432a782ffed07171626455e2ad1a6d393,1
0xe10b7309a5a64d24d13184832e25ec842d96d21f,1
0xe0c55cf17aba6b912b71eaaa805ab509133e5a27,1
0xe26ab04f94ae8ff934b9748cb3021fb40f066cde,1
0xe2715e1c05f02ec96cfc521c3b190ad580237e4c,1
0xe271bf70b978ee2071fd37aaf591fc44852190aa,1
0xe273a167374e5ce045f21124a05e27647e0fd2ac,1
0xe27467310fb102b1d8cfc057f12a03758aa4e432,1
0xe27f492c2c1cc318129e2f9413eccc70243904c6,1
0xe288002f0ea497892813e6914cd780cb03c3b227,1
0xe2930326dfdca21ce21ce96d053d05cc73020a91,1
0xe2945cae98a3a604288dd3076c45efac305e7e4a,1
0xe299910c4372caee7efcbdb0c267b7698dc88bad,1
0xe29dc64f9717dfb2036f8208080901bbd1718847,1
0xe29f8d8d36b109e50aead7df08ed18f87bd3abdf,1
0xe1b678112d2addb36ee3ac52961faa8b413dfdeb,1
0xe2a6a383fc8bfbf03401b2dd4395a2a1b9c8ef9c,1
0xe2aa5980d7a52618e85f39a05fb45becfd27d4fe,1
0xe2ada14d6b4559212ce5bf35202a6d6db4d08539,1
0xe2bb06920de4710f6df72b77780dc355dfb6bf4e,1
0xe2bec011de7f97b097e329eafb6b640a8297e224,1
0xe2bfd9eaae191c62b0155030ac964bfcea992f20,1
0xe2c400ed817b6fcde7e7c82104fa103a973b39d9,1
0xe2c4135c41e4f6226247fa533884fb3f48e36da8,1
0xe2c8c1782e82501fb94bc3fba25efd8bc6261a70,1
0xe2c94425643bf7158d01cfd13a524959450777d2,1
0xe2ccef4d67136b22f7b459eca95331ba3305f8af,1
0xe2cddf05feb35b71ef8d6ed954cca19fdfbaa4ff,1
0xe2a1b18c5b4795a725c9d2c2cdc23b46aded1520,1
0xe1bb2493adf0f56ed81c6a322075efdd47d789e5,1
0xe1c209bf3f81c2be3cd5c874089969237b364ed2,1
0xe1cd0eb2796284aaec0d00b9b845cdea03bc4134,1
0xe1d33e928abb996189d27dc30fc2a9cc284c3fab,1
0xe1d7e7fef89b7c9291502489d9f354b86902b733,1
0xe1e0bf04591b2cf6d609fa73ff6afca84015a917,1
0xe1e44c2395f16ccc767770a7707a2c030aa3400d,1
0xe1e507f549511596d550958c3a6fd4d0e3692137,1
0xe1eb214e292c386e2ebbe8fa5eb1fdacec3b8ae4,1
0xe1efd5331041d4e23b58c7c8892191b3b13cca3d,1
0xe1f658529f474f938b7d991c4e3bb5ec99239355,1
0xe1f7b460ad539a6e3a17002d427bb3ddb1f044fd,1
0xe26539c99292368f370750d5de2eb612394f4b5f,1
0xe204fe71ff6171a13f9bbfeb11e4dfe2b2f40cd6,1
0xe20f29c21e44a93661a8000650e733a7f81f6512,1
0xe21961f9d80a6f9d7354cec4eadda43918188c58,1
0xe21cff34ac7babd65c7d518642b1e8f2878226b2,1
0xe225e1efba6428b0fdec3bee5d14a7800fbfd039,1
0xe225e2c7622a181c2821f02082ec655f7574049d,1
0xe2378770e4477c36e80189d69489a6ab00f8eadf,1
0xe23cfe0fa44eb11e48d495f5072e590f82d809d1,1
0xe23f8372a958aa14f33ec2371622eb92651a0fc5,1
0xe250898cd9ff91fccb1efbe8d313a0c8bab65253,1
0xe25a7fcf62c7dff12074853381693a3606a4cf6b,1
0xe25c7c895c1dae5dcc37719de78e9c2ba710ce1f,1
0xe25d914c38c2ec853fdf0e7bb774fdb3ac951ea2,1
0xe1ffa5bf0a2d0702c70f7ceb5382489d37d63f54,1
0xdef95d8914eda39dbcb3f5f2cb730fa5cb333418,1
0xdefe95f59ff24e60bcfbd51e0878c567540fb198,1
0xdf0d7309009aa56c9f44247a0da1c39a8c4881aa,1
0xdf105f02c8caa4ca21a481e21b92cc48236c614b,1
0xdf140de283690ab3c38d4210c535b6a1309f3685,1
0xdf177ea928be91c91ca3bab9d5076c6a019c24a8,1
0xdf19238490f8cfd8b626b3dbcb584c3528209ab4,1
0xdf1b13794b31a1d6a1460565573189f8a9743781,1
0xdf1b691ad5bb58bb1ef51d528da92ca2854c5670,1
0xdf1e14ad6434604b51bbe0ecc9b5cf4ca18f2493,1
0xdf2595c22822af00c7ec1048070232a424fc9f5b,1
0xdf47f4562cd74629a0f72a33ff30a7fb7b021321,1
0xe074df1a00d4c7dff285174d17c832ca8fb4085b,1
0xdf4d59afeb59ba9bc546714456b31ac588828f79,1
0xdf4fda36c019a3cda136ad96b3d405496e9e1343,1
0xdf53155b3358323f8566a9448fdf40704c4e1543,1
0xdf5329ce4615e006aaf7fea221ab38621ce6895e,1
0xdf58c2a035a93a5cb68825ffe3a4deda5e200fc6,1
0xdf5aa7eb5f031b0cb459d5a9a0dc8ac63f231426,1
0xdf5b0d03c95782170a8038daf0046374b16b9fb4,1
0xdf5f581e64c5b48181e1ede3c98bbe3052ec5ddc,1
0xdf5fad858c4752a7e765d836459626c0bba986a9,1
0xdf64cd7bb31b38ccbb6549eba2ddb2432e5092a4,1
0xdf651625a9c9fd3c5d8145737e1039d2a262c23e,1
0xdf67bf06a6bac0926802249a230e441f71a434d2,1
0xdf49b2781fc13b25f7451bdb30e634e12c38cd48,1
0xde80bccee864ee7a96d076cd85592a221b9a83b8,1
0xde8732996309824b13a522201ca5afc053e969dd,1
0xde902d000fa15972ad143666f71bc73e10aa1061,1
0xde90e33883c264d64ed4391ec06467702e0b7e68,1
0xde91cf1a8f204b562262778087d07e2e8a750cb6,1
0xdea33f67b9acdad743ebaf43cb58f7b2545563ea,1
0xdea61c95a7fdc2470ee56697a1df477e0c77bdee,1
0xdea7360ffdf9ca31140313fd0104effafeffd1c6,1
0xdead6a24a7769dac6334af989e36c29bafe33272,1
0xdeb31f13636aff6b39c5a661ad87337491921cda,1
0xdeb48a6bd539a09188a019a7d266a07ebeda452e,1
0xdeb839234103634a6724c4bdd5a808c9437ce591,1
0xdef795e8a84a99a92e75f0c45d6d0f9fc7b93dc9,1
0xdecfebcd0ddb0735fb98b354f90a2ffc24d3263f,1
0xded0521a8ab866a2236d2533939d1d0a7aff2346,1
0xded4db7a912422704c1609229ef16b639802c7f5,1
0xded7d204f7a257c354fa4253c2168803f4140031,1
0xdee3d42947aaed0ac1e245e70083d79d4025d08c,1
0xdee66a54c6eee042f9511c3f290ccddaf4f039e8,1
0xdee6fe5b51d2be9c4a898863a3245bd071b6765d,1
0xdee9cdf5b1286faa8d83d32ce640a77b4cdf4014,1
0xdeeb93f606f3b613b80d1552c45c757c67a114d2,1
0xdeee6b6007a5681e162b675291132030bb5d4b0c,1
0xdef16f9ee9088374a4e8904fecfb0fd299bed4ad,1
0xdef3654abdc700038909c29615282dfe167a1a0b,1
0xdef4ce6c34b086c2c8a711b859ebfd2a21267571,1
0xdec06bbe3ccc9597e5fb5cd522a73cb64472f4c9,1
0xdffab3fed527ae41c822299fc8b299150c1613f6,1
0xe001049fc5b72e577b45f6e397b59525f9afa7c2,1
0xe0028f09c84056210dc189a6512ed2660dc477e4,1
0xe006488ef821d155331c052df39db517e35074b6,1
0xe00a2fc1d0ee9de81727f00238aa24a327aa581c,1
0xe00ebf376ff3dab4db788f04b84f5cac61a77ed0,1
0xe011ecc2456378d10b28bc6d40927d81bf4dd5a2,1
0xe01a4b9b065f292b2dcc78f220b1d2c96ca2273a,1
0xe01cb1362df475180c18a189b4e5cb2e89aad10f,1
0xe02b37792982ae4fc66ec7ba2ab04e8c4202d8df,1
0xe02ea884f7c9948fc853d501a37a797f808383a8,1
0xe030180796f9aeb1b84671cd33d3bde6b15d751d,1
0xdf6ff5e0d294640087d6b3c88daf03f6d2b0cc9c,1
0xe0479cd0dd180e42b004be1faaebccd474f56336,1
0xe047ebfa3d32e6f77f74e1d00979b99e736983d4,1
0xe04ae9f151ba80620b4755d01e1fd1cfead076c5,1
0xe04d585a59c691e162aa7e4103a78cb60ee2873c,1
0xe0598930235a4cde0ce9ebd1a938e114fbe34837,1
0xe05a76f2305b10917d7a2472f64aadeb75dbd8a8,1
0xe05c06fb3edb195174910b52291088a296f4accf,1
0xe05ec6b361c35e5c1500199566ade10be63d55ff,1
0xe06264f8d73534ddfbdf2fe42b587ad04aad4834,1
0xe0653e2df08e26a5e3a0b6b0b05a757ad6553929,1
0xe06ad8a2a53ce44ec6150efb44259f794ae7ebb0,1
0xe0704d375414e5d5439f19268c10c91c8b469dc4,1
0xe03cdfe52732879e707fc713905bb26773a4422c,1
0xdf726f004a784a4575aafe9293d05046ed0b65cc,1
0xdf75af2c35263f79e188cf0259ee7847301fb809,1
0xdf87d77ea2a7d2000fce514b73bdad584751988b,1
0xdf880d313b3c73d89444ee8e716e9664b78c22c5,1
0xdf900f9c8fc3de18c403b032dea57fb094186293,1
0xdf931cb16922cd573ef0d1bb0be46a12d2ce9e90,1
0xdf96ea7b485e8fd0a2fac57073b9bc2225b3ae1c,1
0xdf9b526e5f91aefa1cbccb466bef978a29f20b6c,1
0xdf9f33a564b7580fb6c8b62f1bd69970267d150a,1
0xdfa01aaaebd849fcfc89354e5d04d5a69423aaa6,1
0xdfa7e0596f252c9224c33e9dbd296835453106cf,1
0xdfb1253a41b68bd15ee9bd872b09c3b72a0e6423,1
0xdff995ddca74f79434ca4fed7f2e49ac5e5a54cf,1
0xdfb36d58582e55d3b4b8062caa8a1ed947d2d4df,1
0xdfb5b9a05103287663031c7c6c513a516f0ccc29,1
0xdfb7010f2cf0699d7f5d052d1cc22728656c6bca,1
0xdfb8b2b462f4b90429ed38073b6ef1111ee90c35,1
0xdfbf126c6d2f727f9cbbe2b5fc30ef1481084b34,1
0xdfc7f539498d76c993ebab11e22bd6936556a3ef,1
0xdfd18cc74472e839fc8b8ce68d1f6ed70512ea20,1
0xdfd5958274d6139585e479bfe2cba29577ba84fc,1
0xdfd8192ecc71f8e828b94ffa057fc31d1041cbc2,1
0xdfde4eb18962314044e9e2177c3a2711d55ebc2c,1
0xdfea7ca27b2a8bdd192be518887526fc6eba3266,1
0xdff292567b1a37a481e1148cd0c0067e8cbb2edd,1
0xdff3716d511516f5d586cd831f573e80e1d3cafb,1
0xdfb2464d51726b1f6871a987e3490a9a1f346230,1
0xe5b83db447dc2dd585f4399d6a5aced707b9725d,1
0xe5b8e86eb7b4340a9e4119a465a6b1a3b39dcbfe,1
0xe5bbec3f0a1271dad1696a20a5cc5c08d7aa556e,1
0xe5be43b61d9bf0f3ce869441eaaf8e4c8462a391,1
0xe5c5e4b53f4976145e73a655c2c2a45e3d9867e1,1
0xe5c63cb661631e916a95c347f46715ca3a24e4d1,1
0xe5cabbce778939d141ecde124ed2efcd33e2f9db,1
0xe5cc3149aad31d3c8ceac30e92ee01f945bb6f28,1
0xe5cd243cf95b067cfda8a8b5d867c4ca7acdc16e,1
0xe5d3874ca8d175a5125eff6b4ae162a3d56a3d79,1
0xe5d868af4f049881eecfffb75d1ed6ea285fb21f,1
0xe5da0f707d18265be6a9135862a84206162f6866,1
0xe2d355dc872f6ecf8fecf5084094ed6b1ff52896,1
0xe5e45aad483e3dba313dbed70ea89273145254d4,1
0xe5e4ab8371aa55efc85c26077f2b28803e070155,1
0xe5f026493fe47595558030c04ed3563ced610f2b,1
0xe5f2aa273e841cc096fa188bafbaa0a470617f68,1
0xe5fbfc23d7139d94f9cc663e8481c71d21ebe3ee,1
0xe6077574ec9788f9c562c64a6d46ac0ddb426716,1
0xe60dc9af330183a998db034e8178d7ece9d27b0d,1
0xe60e2d9a85f3f6554a0076dd452ff3933853ad79,1
0xe6101667068a0671fa88d2589727cd5333ff3421,1
0xe612b112c1c284d23bcf665a1f6c291bcc001e8c,1
0xe62afa333d66469f50110e485391fffe82167202,1
0xe62c71f785c099180aecdf108af6ef3891da0f07,1
0xe5db872af0ee04218297e9ce372c8b1c09d3155d,1
0xe53495650394de1e055f09dd29f8e0d01e5fbdc0,1
0xe534cd25671a9770fec5a427f7513d0a73843d8f,1
0xe5388e128a113775603dfb6098e90ff6e949b7ac,1
0xe53c5b439d8f8987df8ce6ec1449f41a19edbd7a,1
0xe53e02788b0b9e7229e32d19442b10d24230bd7a,1
0xe53ebea6828da665679af9f0e2315f75ed25aa9d,1
0xe53f1743e3158e7117f9f38991fc47d8fbada6bf,1
0xe5419c69d3c5c306ce5e0016bbafeea89acc893e,1
0xe54efd47c973fe44babe19837a757549506c2957,1
0xe55757cdf9f4cd985ab3919bfd28164ba51661a5,1
0xe56440f47c83c9087bebc778e3c717475802bcae,1
0xe579d1a557600a39b9671344fde6b99b25ff6f9a,1
0xe5b5de2222b1c79771101c0bf1c1e3c2c6def1c8,1
0xe588549f070fbf72441968a527ffa90b133fcd93,1
0xe59164ac1f5c7629f6b9eea4dca70f903c378cfc,1
0xe593c4d326a37b31881ab624f52c648de51c428b,1
0xe593e94bd7a707415f79e5640e3e542206f3b5f4,1
0xe595e0043e28474c19e7aae39c24966f47e06e6c,1
0xe59d2b57aeff90a69cec3ea844c6e1ce94ef6243,1
0xe5a0d25e3d5eafbfa20a12fbef5e65ee225ff565,1
0xe5a93e6d8934dc12530ee710b7e6f2779ddcf2d8,1
0xe5aa8ea91ec14295a71fdf582497766b73c8777d,1
0xe5b194269ecd2f8c76443e06e30283e955914613,1
0xe5b454f2106aa0a25bc37aa8231caa97c7cd43ab,1
0xe5b4752708d0e2e5f9d1a29e279a9cfdb4659ce3,1
0xe57e92db9e931938081e0344606a8852141245b7,1
0xe6b54b6eafab124ef13096dc464825e4807c8feb,1
0xe6b5a660753cfee0556a7e6c949d11e5457a9778,1
0xe6bf2204a9b11450edc284d1f71dad47570f3d7e,1
0xe6c21480b305891e0fe3009e8918faa010e44418,1
0xe6c423ea2c842cd78e10170eb3c1f10e5042d2ec,1
0xe6c47584cafec20c7f26ab7358c6f990c9f99717,1
0xe6d6ff32dab4a9d0841e8d27cc86a9d348e09844,1
0xe6d8474617a9946cc88b09abde31fdcb4b9e93a1,1
0xe6dd859bbaa138271f6134fa20cde493bd58f782,1
0xe6e1f228bd9838428dd4ca290746a25999c80614,1
0xe6e3d548c9da459e4cf1278399b315970043a8c9,1
0xe6e863bd0137def524e271caeacf70eb4e744baf,1
0xe62f7071653fcf7de5318adf6a4608766bf06e02,1
0xe6fbb99c5d15e277cea7bac7dc463fdd6f5eefe9,1
0xe6fbd8fbab925eef15c53962b20e23cc07457172,1
0xe70152beec1edb9d22955a0e87d24b1e0e8eb50a,1
0xe705aad03c4826350d641708b46d115afbeb5b5a,1
0xe7080dd8745db283d49a3caac168f7f103a10be1,1
0xe70b4cbcf4c832fce4daaa8d30a49689fca6e192,1
0xe70c189d95f5aee685de42816233590e943aea12,1
0xe70f95237dd9c168bb0ccb11ae6c018860d993b8,1
0xe711d6b3d6782a7cc5d54590305b79fa6f8135f9,1
0xe712cfe50da2761dada6628479f1aa7afbc62059,1
0xe71605dbda6b8a639670b112e0ee15d99d9255fa,1
0xe720534b1e0ad81e4d9163950c777b6f7c2c9dbd,1
0xe6fb54fc25e1eaa6e27639e7a14a945c4d7970e4,1
0xe62fad9b2875c8d25b067e1feb0c375f0615935d,1
0xe631152c9007b9a3fbb25a207327efdaf1181647,1
0xe634f98e4e832ebf0409a2162e5ec5e13a44fa76,1
0xe63c32af8df9d6a6f04fb32bdc1db1cc0b1911e1,1
0xe64189ba82caee6567a0c64e6cbb624f906798c8,1
0xe641e414afabc8ebae787e075e392d0ef9927dcc,1
0xe654810d1a2fbf502acbecb815c6f42e93760216,1
0xe664a6cd202fdcec6fea85729405ecd9e464b802,1
0xe665768e15163969716f8d9fe646198377cb6cb8,1
0xe665b0d33aa9296a8e76269756e0266389941185,1
0xe66e1cbe8f2ab471864d56dc33b58350de15628e,1
0xe66eedaf683d68467164b2d9931541ca0a414ea1,1
0xe6b148eb7a745df576e074ba75847a70f6e49f55,1
0xe6760da37c9aeb5b6b84aabc10c01e7056ea2eb5,1
0xe67ffe39e6c305a8be03a7c7a921b55645f77126,1
0xe682bb07fa0614afea7942503054b3c351db174d,1
0xe6837df3d7e9aa5fa31845a95de00b50638fbed1,1
0xe685d5c1ca4ecb1a8e27dffecf0da93d982771f3,1
0xe691e36d41c664fc048aeda3db93bbd054b34dd2,1
0xe6927d0d57efb45a9dacf9ae6f5aeca57d286d72,1
0xe69543c8d7f5a3bf95298c0499fcab5b19b00f4e,1
0xe69c79cdb4bde974ccff620dc59300754dd11223,1
0xe6a0b9801ff05b47eb24c43c6e471e5d85899cc9,1
0xe6a88703b9b667f34b1a6b5f43216281b53c82d4,1
0xe6ae1571e0f983e102552f54729818cbec4768fc,1
0xe6b09e5a2f73e84312cde9f9db1dcf2899825731,1
0xe673b78f9f086e2c1a2e450ed564d84931784e29,1
0xe35e9564d86bea894f8bda2884284bf80a4f6ec8,1
0xe361272c1208b1fbe7bb1081840ddcdaad8e15f1,1
0xe36d38447f5c46ab41cb127a3881d8c906c07451,1
0xe37062541aecda37777057cfaedbf74679dd59f8,1
0xe37332e4ed0a2402d8817e6758e34c6d4f04d8dd,1
0xe381397b26daf28742473ef4cb27d431d7138b0f,1
0xe3882273c5ce7ef58aa7d47ea001066e98784319,1
0xe389f482687f5b81076f4b916a6d714ca27589e5,1
0xe38ea782f6dbf2f6165188a448935bdec992e89c,1
0xe3a6304bf71f77659ea4ab8b788454a3a561b323,1
0xe3b3f9c0758f62c2ff73811a5a84a93c00f10f3b,1
0xe3b5322145af2cdf7966250ea303eb3b85301ff2,1
0xe52839fbdd8173f45a3cbaaeffb74ef0049f208b,1
0xe3bfdc7188c4c3fd7f300daca0fad692bc298c51,1
0xe3c37cff1b6d79f6e259877e8c26e1678c902d35,1
0xe3c41c96f8f84053bba4458a9591368e38dbe621,1
0xe3c508f678d10c73f6f6990ddb99e82446c03b1a,1
0xe3c8532fc5e355a19efdd7fb99bd6bc8d0d4ee29,1
0xe3d0630a0aba76967407bda553a49fc3d519637d,1
0xe3d137045a9b4e0fb890af3cfa7611d1b2bab9fd,1
0xe3d97208bd40a2ed1a8423224613db49f847761e,1
0xe3da6eb8dfbb421bfb89bed4f7bbe8e47782a569,1
0xe3dbb25fddb2872a4962d1e5c2628a4d6c0f55c2,1
0xe3dfefc2585d396a9182fcb28e37688260935c5f,1
0xe3f3f8f0f736f427edcf2616bee46fdf4f79464c,1
0xe3baeda96c0d2aad4497563632ddee53e8afe903,1
0xe2df92fe7507be3421bde869e7a3f7b36c305ffb,1
0xe2e327ec972b29c0bd2424f8927629f581ed6de1,1
0xe2e4bab4e91a22df3add8918d33b9fcef0934287,1
0xe2e609a8ffa3a0c7596072830f0753f1b082b060,1
0xe2e62294d53f430d559dfe8fffe92526def7d3c9,1
0xe2eb629155301970113c5a304d526fbcf9311092,1
0xe2f34c1d05dd0b18fb0079f3ca0decf4f60c7acd,1
0xe2f4251946c58947700a69269917a5ad9223fa31,1
0xe30096aedd7c937da771cae367b16ee168d89ede,1
0xe30a4f340501030d6981122f737b4998955b6d27,1
0xe30e5b3fb8cc2420c8c3631b82e450477277607d,1
0xe3130720ea95aecd813e27b596a220683d969a9a,1
0xe358f0b6f2b0f0da07e34445c7be44e5daf67598,1
0xe316dc7fa3648ccea823a3e287e43682475e3aa1,1
0xe31f9719217e9906a637c8936dac8a33e6da4da9,1
0xe321e1ae2ccd4621d316d9bb6e9eea127492cc72,1
0xe32292df6a140465a64831984d931f38d9a7125b,1
0xe323bc96efb7d1b1c2edab2d4653572f976bb464,1
0xe325f73ff6d060c0a0791e5d5a2f586e91c409b5,1
0xe332c23feaac303923c8fbd3175f9e9e621e808d,1
0xe333050869240c54520dede980cd0189d7f5e480,1
0xe3417ba64ba9bfedb876271afae6da7c58fdefbc,1
0xe3446ce985ab8888fbaec67f200de963c3c1db5e,1
0xe3515abe3b3493d73644c2f108d60207d654dd43,1
0xe354b55ef277f005168007be3d9929836b516261,1
0xe355a8bae28970c507885dc6d1bccd674ade0464,1
0xe31488ad2cbaef70019e9efe274c703a18e60196,1
0xe49392be13c5f50cd88c7fc6b7c56302cd87d307,1
0xe498071eecb3782d330005fc8a0b7eeacaa4fd8b,1
0xe49c413f3701c3e7d8290a54ac9a5a576ddc4511,1
0xe4a2dfb3e5c0d3130a01f68ea2a952fda57ee3ef,1
0xe4b2188e90fda52a27818b51c215032e39f0d3e5,1
0xe4b6178f81e1e2e004e2baf513d2c9cd96d7ff77,1
0xe4beba3a5c1cf9639fd82438b6eb60711b1ab1f8,1
0xe4cc0d6b6945b9ee4597c1f8ba66da5b32f7f4a3,1
0xe4ce7df01e078d87b6d8fd75e12791608e6dddb0,1
0xe4d1814dba9b7ca2ba07ad789953d51b4a980f73,1
0xe4d73292369ae33cb8c43b54d3b24cb46c0eb01c,1
0xe4dc90d1e6c047e73f10262d9c95db833d4bf4a1,1
0xe3f609c3be281bf3fec67a54a5a66fd1fbe57783,1
0xe4eace803882f72529293d2cf1aaf3d9fd6304c8,1
0xe4ed1086b8a384f99142e4596156b19073c7b1c8,1
0xe4f57261587f22be1cebab90e5ae2c8f45bb6650,1
0xe4f9a8a9bfa86e7c57b0234516a23ecb81a4faa2,1
0xe4f9df951e0eb4d04fd9091b5bef9bcbdcf45ebe,1
0xe5027de0a2285a8509264fcdd1e0045120a55873,1
0xe506b2d333549dc88be76e0964f2ebceb2c3fec4,1
0xe5075499289f19a164de4047377d7eee816c5ae0,1
0xe508e02a1282289c6603bbd18bef48780878b2ec,1
0xe50fd1d3259913f3d00d2a7e37bfd4cf26872181,1
0xe512f7d0397e314377724b822b2b0d4a41cbce0c,1
0xe527e744a0ed7e2a699d5ca3309b93104d67ae28,1
0xe4e4496f7e68d1735dcce0a0a876fab3dcbc62cc,1
0xe3fc92fda0be3e9290df87e50a5f54b658ad91fb,1
0xe4011aa81c0cf46e45033310eb95c0ab2e85d64d,1
0xe403051f3a13c48559967ee85fb11e264814c947,1
0xe410862a7446058666a389c2af231eb6fa70dd77,1
0xe410b736c55c5ffd4c1be31451db3d7209927987,1
0xe41102c7ce5ad0af118359bc94913f8a00e02f5d,1
0xe416663416e4d28e28af8677eed4ba5ff683e5af,1
0xe4166f9b1cc4e9d1cdda2571d70abf0eb2e02d69,1
0xe4194a941e9feb3f0117a120978c1b02cc3673e2,1
0xe42302865ff2540884b8426c4314e029375e00c7,1
0xe4245a1f3ccbae3ddbc75c2f3c4cb990affb632c,1
0xe4292f4ed04409542f76daf4c60fd0588b7d8a70,1
0xe491c58fca51b93b45ac678fcb59619a9ad163aa,1
0xe44c20c573fc006a74bb02260b034d4eddec80a5,1
0xe455b87df3d3b0ecb982ea5f824fb2d414efa2b8,1
0xe45629f36129e27ac7a6eadec44b41829170d3c8,1
0xe45cc982c639aee76121120f923fc69df6db9eb6,1
0xe464672c0c1b15eb766577a5294f4ae155203494,1
0xe46f3392fe0cb7d9c844529184fc3992c83d6cfe,1
0xe474ab78d08ff8be6feda5556aab92a0e5c9d9e2,1
0xe4778b981071690874f5477d5964efacc1f3c497,1
0xe47c0654b1591463b8f8d7fee90f6c3c5f95104c,1
0xe48180204fdfe14e6c51ee02c37c3732626d4ee8,1
0xe48364a6b6d9d7a50f58ae76f05a1b57d4e9cb4f,1
0xe48c99518e2ab6d0c943bff0a278dd3a92788605,1
0xe490a3f01e2e799aaa0754dffb037415ec7e1c7f,1
0xe44261015c2f0b7078accdbb2f3571b0ef518070,1
0xfa48e66bcb80a452e0e69fd7893874f2a21b1553,1
0xfa4fde38189a55f52087d30898383694d90a8e9b,1
0xfa56e418042ff3b452571130f866b04601f8ee66,1
0xfa5897c2a0f4e821a2f66187b9c2e0ffbaf822c9,1
0xfa59b7364a8a2ccfea36f26239e4dd8a2e1cbb50,1
0xfa5d97f99f8be77e1da90b113df54376dee6ff8c,1
0xfa6142277e16db9187922ba534048f9548aded94,1
0xfa62bd2eabfadf71a59130bbb2e6cc7e4375ffb2,1
0xfa63e71eac22ad15897f2ec563115af1a9ce2000,1
0xfa643be50f6ab0c4d684eceace7b7c146f4c1ecf,1
0xfa6d538432e1b30eebd7796c851eff4e3fdc6b7d,1
0xfa7564d95a900ca31fa13d6c7b8bd2febc844fa3,1
0xef9ca80939771524b3c7896c72503b3de4496821,1
0xfa8580420caa2d328f7d15531bf8296eb1c39d29,1
0xfa87cac715707bf67545a5f6daf0dcf2ac6c79bd,1
0xfa901289ac20dd7f6051a124522ab6b22e6120ed,1
0xfa94a8e03a436c44538a87c11ad90709ab6f682e,1
0xfa9d9450739b1707ba67618812aa7bf5456bd66a,1
0xfa9eb9cfb217a1ea1cc8ed9a36ddab1f5b0f2395,1
0xfaa75120d7506bf91f4f383bb07d8165c7ce0668,1
0xfaa75b8e0d7236e9943aa85076d828afd55ddaa7,1
0xfaa75d967c61a6e0693c84294df02240d9840392,1
0xfaa7eb17c944b5a6b759a09f1f4d2da31d0d8417,1
0xfab0a455fd60c27611a998493efb989ab193b9d1,1
0xfab5474e3f815c0ad8c0c30b16319ec0e19a4d6b,1
0xfa833baa2a91f0ba23f9e4f18d6a312d0655f954,1
0xf9f31b94c4d09bd8fd435becdd99af2f047fdb97,1
0xf9f85889d9dfbe72618df6472d7fdb73b240c6f0,1
0xf9f9a5fa964c5ba04f9158920032381e4d2b8850,1
0xfa005cd6a6ac0665ba4ebae77b6b9a712981b43f,1
0xfa06288fff08126fda2e7fdf6bf654a1b65ac9c3,1
0xfa0b5866a0f4a2fdc82444f4f7f3715c5c747707,1
0xfa10da696bda0996f96835adf94c9ddb1e81c746,1
0xfa16d0e948f27286b71375a93a6c2a902e79fe69,1
0xfa18258a72dcd23c987bccabe668772e65e93d1b,1
0xfa19c6d2831cf4d5011254fc4c1b0059b9644765,1
0xfa1eb454ba32ed76e3d21799d06a7524c40411e2,1
0xfa1f0d68bd5447459c60b48588be92883074c0bb,1
0xfa48a50dc6a0f17c6cf8fa48699f23933417463a,1
0xfa24b8750a94f0f2fa7005d6ed87acdc0b4676d0,1
0xfa26859026974fc924872e389b9b7eb6b50db44d,1
0xfa2b20d92c2d031ea448298547b1316a604e447f,1
0xfa3446c55bf46f65901370d1ba27822d5775e91b,1
0xfa34d3f958a23d380e46722e2f6bc114735d72a8,1
0xfa35df0c87fb87d7bc1fbc9e4e71ee5f2e437525,1
0xfa3d3df24cb1342c4b1b0ea37850f90d713b2418,1
0xfa420b47f52e1508271d40255ab808741d7d1c58,1
0xfa45d728034847c63b96ac16a620ec31eebc6253,1
0xfa45dcc3a8e804d7bf44cff84dc15758401b0eb7,1
0xfa4617d9af6d1570b9d8a6c5925961ac6bc4d814,1
0xfa47a5a8a44aa72d4d753d967d76f4f854e605f6,1
0xfa22ff802ba95da4a1a6cd85a88855795ce8841f,1
0xfb54d7fca5ae4cd2277035cb03527a2f26edac38,1
0xfb59fbe492fff3d0f452046e6ed100fb4454943b,1
0xfb5e3fe1fd5f062223994a6cb145eb5c26c015c6,1
0xfb63523fef6a3370d5ad423b9f8f4a9d7e98c439,1
0xfb64f13b2cce6f1eae99caee58731bfd9f1e7580,1
0xfb695cfb5d438bc72792daf819ed2a0b594c9706,1
0xfb6c1f183202ee97a398129f8f16a83f8a9eb11a,1
0xfb6ce603fc2759e61cc043d658df5ddf6e6018fa,1
0xfb6d3f3733f47881631f48c2bc0f9d1df66aee20,1
0xfb6d6af43fcc6ede54ee6b5aa75ae31ea5cd8f42,1
0xfb6dc93ae738c64679a9408eb092031c887d5c84,1
0xfb6e856a838b91272cd1f892b404a7553a7361ee,1
0xfabba177b0e730699a07de689b80dc1a646df764,1
0xfb7377ac10393700f30602ee9b2dde3f8a90fae7,1
0xfb781666e2f2ea1f4c747a53260ab82628ddb377,1
0xfb891c9e875eda6a16a1c9e98676fe68f4b98096,1
0xfb8bf47b49bcc38c54f95cefb21e2440366571a3,1
0xfb90e9d2a2ffa486a3ebbac8f09afd0cfc5b24a3,1
0xfb92c9688e33febdcb0866fdce8a3f93ab923fc4,1
0xfb956ccc439f2eb015ec0b68746d784f3e1f98f1,1
0xfb99a6b4a5afb1b44fa9ca5ca0bfb603552a90d7,1
0xfba1a722fb4f994d2ce258c33bfddb2d03eab577,1
0xfba2865b52d206e8bdbef4a05b2d7e2161bee51c,1
0xfba3f8ad31d7a33afa1e04baed0da1c94ab3c7fb,1
0xfba476f44e2a0f70dc7f68a71d388f61764bc0a0,1
0xfb72003849df22e9ab92ff16dfac76ef60293465,1
0xfabc811e11667b9896bd405187a7f63590028064,1
0xfac357bd36f52bde6ef3be109940f59660c8a041,1
0xfac508b550a582e99161ea3ba399ee3185134371,1
0xfacba8e37fbb0e5d21a6ea67bcadb47a2037dc1d,1
0xfad3727601fe27650e69a223723fb252e2989d10,1
0xfad37792d55fc6fe6037637a08f610eb66536e8f,1
0xfad70364eb6a005bb30d9b16bc204b214404e684,1
0xfad81519441fb0ed941ea53f06f10297fe4d1bef,1
0xfadb63d1b80942ff59eaf38ed6561058594aa269,1
0xfae65a875921a168f75416fd342d83eb79a0385d,1
0xfaefb6fb5cd91312e13983a8b2dc8f3fbfde943c,1
0xfaefed3b004f389d82a61427c60bb2dd0fa9944b,1
0xfb531a9d8c264d9432b431e1bdc3796b3fdf642a,1
0xfaf873eb83b07bb8d7f48ce2ac156a565a5bdfc5,1
0xfaf96e9120ce021a11465918fb9c97b1992980b7,1
0xfaf9bea6a8134700d57ee9fa2d0d3e3bf229acb1,1
0xfb0d6d090870387d0cd9eb53d974799569e9638e,1
0xfb14dd24a5a8b4c69bc7911fa097010cd71209fd,1
0xfb1c078f1cb7cdf022333aef6dd4bea3a44a1bdc,1
0xfb1c41948df753f1ad791862fff11e89bf38f033,1
0xfb2332aa910d2247b9ab25b0848430eb7e7e793d,1
0xfb23dd5b12a339d6421195af9638e5a779471fbc,1
0xfb2aff192ce05a3d477cb39616e4ef02812806f5,1
0xfb3cd4bcce90c6f71ced014804a880f9ea074e84,1
0xfb3e40c6816dc4407d993565a6ed886811a94ffa,1
0xfb4580b3a94b5c51ca5a8dd20366cd8daab792b8,1
0xfaf2e0120e9774c2a05b0e54375ba2dc7d4a26c4,1
0xf86663b30b9cb2d12a481d1d09099c549d333b5f,1
0xf8675958e42f20f3a841d6a0b70ce3b698b8211f,1
0xf86a582d6f6df524ac5b494870c65d11a2141d5b,1
0xf8714c5c98921e5f05fde33e63b6fd7db2fc0d12,1
0xf8734f6c1e83b6009eac2b3aa4502e74847c9e29,1
0xf87b0f1e14f08de5255ed149693668e71621dda9,1
0xf87e00fe91916935ac320160e6304ee2acb7e621,1
0xf8872a20ffb4e3fb5f99872cf93375791aeecd7a,1
0xf88a46f6d18e087cd14754f814df774cb49e3c8a,1
0xf893d56e443886de205d5ac4bd81acb77634cc7a,1
0xf8950492416faad06a7d7447a6881c3d6c9e515e,1
0xf89738382623e443f62d62c659bbfcdb2bbb4d73,1
0xf9f2cda68e293dda3cfec78d27b5f5c230f06477,1
0xf89827662deed6a89735fa7e6aca64ce525b669c,1
0xf89da607d4dda8ae95d9bbd72c112b3a9e911c13,1
0xf8a2a4cb65fc7ddae04440a9f91ccb86b1dc9447,1
0xf8a3ccf56728a5628a7781dcce28b806b91b6a57,1
0xf8a59fcb1895a47e3e7fb6cc1a2eaa989cbe91fa,1
0xf8b5b0d45bc0fec78a9acccceaf7bf8283140e61,1
0xf8b8ba2fbe890c6c9f50b60f2726d167c280d779,1
0xf8bd3d30ed9d0fb97ff9ddfaae4159396a310330,1
0xf8c072bb861828140db3bda26a51d042597c3796,1
0xf8c1ae8b758e00c280765ac79b30ab36c7bde541,1
0xf8c6fde4ee1418d5c060c9021652dcb1c6194398,1
0xf8d5aa204929e7b5a0eaf0206ac368f1da24407e,1
0xf897f2803d2cb947f1e80defd8e75bdaee380b5d,1
0xf7eb5b0b26d609e064750ba3dfc67da140bd9e39,1
0xf7ec23171360e6fbc8aa47500433b8fbf64d5a3d,1
0xf7efca66de00290dccf98533ba60589ca32f3010,1
0xf7f48cfb52d9153b1803ba35a8186f3a712eb722,1
0xf7f7339b4a69ebee31715b2c39503f604de89a9a,1
0xf7fa20572774d10160c9f15b1dc4b2bd5cb2fdd0,1
0xf7fdc857a85c484a29adaa43ecd6fa1db6496022,1
0xf8041f6ebb5608c1d2f4266c2c7ca7d77c583d30,1
0xf816f94da071c41fb7cdb9e5d007bf5e064901e6,1
0xf81a68a3e117241430e3614e39183adc5d5bf976,1
0xf81c917b44c5bb443a555978c3739c661eb0e6be,1
0xf81f4e546e5d42e5039abcea6380606e1c942234,1
0xf862e3648edb38c0c4b940a0a89f94c779b2a799,1
0xf82dca5ae55ce1c7d73283234de82fd417450c24,1
0xf82dcd95fad63c68ed1b344172ecb60197e787bd,1
0xf832f45a0a2dee2a3760156ecdbc72dd5b35f100,1
0xf8368b3eb1f42aa2ae8ca1e89a09a939c3c1ba44,1
0xf8376c564ac7d4ada4a8c9b531b5823852052680,1
0xf83ac16c85abe257bcec19cdb80f618fb406e523,1
0xf83c39a902de90f5d8e3e3598e530b9e9b78558b,1
0xf83de92d98890051e9ff2d3ba32e21f4021c4d0e,1
0xf83f03b95c60c0b4e8dbcf0110bbf50ede6e12ee,1
0xf84374540958fbc5d3de31d53236fa4dbbfda560,1
0xf850e91088b0532a7f69240a29627057245721eb,1
0xf855e8e5a8abe94c9e86997fed656282bc95e614,1
0xf862e057905757c330fc8f5374f53222ba01320f,1
0xf823efebc4782b6fa48258215e81047f2f6b7cee,1
0xf96554c68cdead43fd10670a5ba466c19f41b065,1
0xf96960a086aeb397623fa47006006f0dc5559215,1
0xf96d24f9ef360c3f54631ac959b5502438d4f4dd,1
0xf9712ffaaf07972ca00f71cabf28c9b3ef0b30de,1
0xf972048aa792d36f34c6dbbc1c9e3198b3c23b2c,1
0xf972b583dbda8b23e3d6758951e484238db54396,1
0xf9739e36d50b0989dedd38e0da4b4b9e0c635419,1
0xf97608450d6dfec91de56277a24d6bd2a1fbdab3,1
0xf977827095510184f0ac9627140edbc8ab482538,1
0xf987fbbc356e345993d53b882cb9f95d1acd67d5,1
0xf998338a05f8d348fa660600c55744cc6e94272f,1
0xf99bed7f4556ed5596314c0670c46e4e0c480777,1
0xf8d83bd74ec75589b50b038801f73e0e164e74b3,1
0xf9a7215dcbf79e628d14ae88e0f2bc6ed8c1b0b1,1
0xf9a7a2f25d546295ac5cbc2176dc9eef7a9574a6,1
0xf9b20cef1e1ec44b6ee309c7d62e49ed608c03dc,1
0xf9b6f1ba03eef6674e395aed9833138c685b1fa2,1
0xf9b853563e0ccdd41235695ebf8a783d373eb645,1
0xf9c44e91a357040a336bbe4fff0cfde094de4b22,1
0xf9d085945a78d9ace1a05ef48ee92f6708734ba4,1
0xf9d0b37037e17fbd9778ac75211995858c798320,1
0xf9d96ef36b02fae7d2b27283b4edd8273bd5ef1e,1
0xf9e148b7c69af031d5064e7d439d90b0da21a7fa,1
0xf9e4a09c081dca1a19ed0f8b688a99732704176a,1
0xf9e659ec2d134f511324aaa6871461d131593813,1
0xf99db2800458b31b2deb3d1b9bcf31938852b516,1
0xf8dacc0881f7db895e2c41330f5f8e2430bc2788,1
0xf8e638749a8e3a5d4316d0955b336b12d034f649,1
0xf8e9a5d0c4652ac7176edc1d243cbf84040a8e08,1
0xf8ed281ea6e3d58b5556764a397929cd9a697a74,1
0xf8f1cbd97bf9fd705f01b259a780dcc5c1f621e2,1
0xf8f3528d21085a46a4a20efa4aeec6543d32aef8,1
0xf8f391cf8dd58df7bc8769ca0565e55c81d50aae,1
0xf8f4ac7547290576e2d0719c8d238382720f6d36,1
0xf8fe25ebb6af105d0ddb9ebabe3e7fa127f7b788,1
0xf90743f2e9bdbb2adbdfb35e66280cb24c7c1cf2,1
0xf90c14328417f52bfdbc3cfdd0c42e04bcebf7e4,1
0xf911c0f859fd3227a9ec94741b819d0262643eda,1
0xf964057e3cd619daa27c428c1ea8fc92a407cdd8,1
0xf91b0335523d726b63392b9dd5cfb0b8eb359863,1
0xf91dab99c61151e43516f8498e5410d7885cff9f,1
0xf9228b42849d17de574776155fb1a1f454c2f3cb,1
0xf93498a547c6910b473ce12a668e59a60be9312c,1
0xf93499d8502be8d396519db7e150a5efa7f20676,1
0xf9385288d3954334210853f97468610d4b30fce9,1
0xf93a238ee0d7c855ab3f46a52d07112834041d56,1
0xf93f3cda1ef5435054299fec2d3f3e658da698f2,1
0xf94fc4da85249c7bbe3741a6de4eb9bc1a2ce6cb,1
0xf951dd4905f5eb46bbb77c1dff52ddd27646cacc,1
0xf95873b266345062d61c3eb13348eb90bf2cace2,1
0xf958a71673c0dc050710766d665fa97759798e1a,1
0xf95aa6318de8785a322e9a121306d20a5bbe8a9e,1
0xf91aace4e3348834ef22579a1670b4ec5e5932cc,1
0xfe9086b5f9923b1e2f0debc0cf187a822ae1a017,1
0xfe91ea9b2ab79e0dad620c8d274d4451f68270d0,1
0xfe936a503b5719910721db559f4002901f3fddaa,1
0xfe9d25e174b19833fd478095147883255a5f8df2,1
0xfe9eec59b585f93fd82564db28408f3dba93a00e,1
0xfea3f45c69f2f729258ff74bb34e93dd93d36ba1,1
0xfea4a1993c496b6a16f079aadef06b137e69527a,1
0xfeaafdb43d5fdd13ce3c8ea0497f1436c809b3d8,1
0xfeadcf7548f83ab2c755ae8c9b39ef08ce25b6c6,1
0xfeb41bf96f4983c5d26ddc0bb39fc32a8a646d33,1
0xfeb614ef1f7063972a7a50eca289e18c48a06e5c,1
0xfec22d71f520ff993ea681a611d8542ce13dbb55,1
0xfba7dfc694ab6748f7a547a83dd4dd5c4966f9cd,1
0xfec565ec6ac275e1f9e72725b75bf14ed1049f07,1
0xfec5c5dc439c238d1270450cbf8c2a92b05f49a6,1
0xfec72ec9cb5106bf56a79b3a1072fdf17bd50880,1
0xfec9c52449449ebb972221b7e019aa4e10bb9435,1
0xfed7a8f33d0426820eb5f28e5e7c748155389966,1
0xfed98d1d5269c874425f149041d6d18eeafea475,1
0xfeded4c5701be39765ae31605108ab2cb549f149,1
0xfee4f8eeb7434d1b6f98a08186a6a6d691e958bf,1
0xfef1137c2778f106342d6b2d572bd1b4cdee3f68,1
0xfef2066b6fc1d1cd10d6f3ad6a68a68f4017a812,1
0xfef2d44c1629fdf15d78cb6559070a16c0d25b4e,1
0x0053bc8f80e2014e38d240b91127115d7d70cff9,1
0xfec2eb6f9303848fe973f01e8700298343083b79,1
0xfe14e037582d32435f12ffbedc63c5d37642b361,1
0xfe2237ca01fb6b4e505c7c9544d94e8ef0480d70,1
0xfe23639d1e5ec02e9058cd5e1da2d09fc4808082,1
0xfe25938917aada70a85e57d48ed53003eb206b1c,1
0xfe2984ea2ac4dfe6f44c1148b75042a65a6bad7e,1
0xfe2a39e19e9a0705e7338ddc612b787e538e1813,1
0xfe2c0d8527222cc88f5352adb92f0aa00f3dea0d,1
0xfe406d39387a593f30d872caf0d60d4b17182ccb,1
0xfe4ac751428d503f61a637526d3c6bd372da2d8a,1
0xfe51c07df0d7a060b9b704038ece5a9364463d4f,1
0xfe607d86251937484cdac83dbff5951fcb0e6284,1
0xfe6b9d7c023d77cdff564d44f12aba94801f7503,1
0xfe8c3ccc87117be07fe78ec4a33f163904a0b95d,1
0xfe6cea8b21a569f8bb743389dd4715f344ac76b5,1
0xfe6d17cc292b8ead0a3b4d81fa374b6e798ac274,1
0xfe71d21d3956b50f638c0eda91f2a90f9168d0f0,1
0xfe74d0b1c9b3aac34433af1f6f9e194d27539cf7,1
0xfe75a7d2e516e828aa12b01c0ddcc8e80c2f4b1e,1
0xfe77ba42aa1dd2271d62351626f265217ee242c1,1
0xfe7aab7b1b7cd06acb071b98501eb62c830831fe,1
0xfe7c1776fc771baf7f84337fd4223b51bfaa11e0,1
0xfe7f143e92bb2a1dfa79f0177d36c2d36b9febf0,1
0xfe7ff9ad162cdad2ff93c6f98056739883c1c510,1
0xfe84906ce491c39851b57b31fc391a56c39566c2,1
0xfe86624c79a5fdb62f962ba7b1344e91a21d4ebf,1
0xfe6c890317cf4cd1f9aaecaeab59783154e57619,1
0xff0bff05a5a57e7bca7ab8b9f1c1725818c1b141,1
0xff10ae2363bef739c89db79d774ecb06121692cb,1
0xff219b47c5aebfbe59d2c295c5da8f8d7f4f1666,1
0xff2499929bd6a020f288882a2686e17db30a645e,1
0xff2d47805068b5546b0f915314a5f078c42c2680,1
0xff37593a3f43cd123ac3f7e5211b10e921849c12,1
0xff3c6a3e7f510075c622df63fb9ad14b9c6e6bd1,1
0xff3eea60c906c1c5c551786c113ff2d3be985532,1
0xff4281255a35516639647721cc9644d1201c891d,1
0xff4413f1de3e019c733096c0e97bf6d498352eeb,1
0xff45ff542855440bdbde780b5c29168e0a8c1283,1
0xff4c6fe19cd28507b6812e8c78292f93c4a8ceb1,1
0x005501c1cb25779d482f1f3ccd9c6fc31967b672,1
0xff533ac65f34135bb6148e5b13db92c572b48a76,1
0xff554defb103708f920d84f86b09abd319c3ce80,1
0xff57261dd7ba60bf4fab0f31e93f484391453bd7,1
0xff5791be6a9614de263032b1461a9defca2bfa9f,1
0xff661f8e48b7f50887a181469ea64093e9d78a79,1
0xff6707d843f2b46de992af3fbafae051a6906ac2,1
0xff6d32878ff33ca1c2bd375b22c5079a11f2fe6f,1
0xff6dc2238cd5d14488c24de7c52bf30b5c6c86b9,1
0xff6ff1d129b1ac1af53365059bdcaea636de7f89,1
0xff791a4a143417c44ea3604ce8854fcfd7a4c8f0,1
0xff7d099352b7f5ccb46a792867560c5d6cc36540,1
0xff9a041cfbe14e8fc84a98aa4d3068a40ed25cd0,1
0xff507d2d8c7feb14043aeec8e3bfaba88fbe37f7,1
0x0055a30e881e63bc0886d03dfd6b3cbc071445f5,1
0x00595f73e32e42b9a05b7b525561cb08ca06d9a9,1
0x005eddd56cd0d78260b74e34676b7977badeb39c,1
0x006290c8d4fc6c8aa5af1b6ef4f2e6abc84a3fd3,1
0x0048d5a182c5292742ffabc9a8ffdf70d9e540b1,1
0x00745a614108a71abcaf9afac73dd6041e2a711a,1
0x0077a5fa5c155cc0e73fa99454219118ef44636b,1
0x007868f04db457cfec339d0f4e90e8bf27c2096d,1
0x00820f3e3fe808658e1545657c1cc81c72c2bb18,1
0x0082815540c558032d48c90704618dab26b01221,1
0x0089aa0b24f76e3e3e851e02c27817036d8b0a47,1
0x0089b42893f84ea2a69ab1764bff0fadf16b514b,1
0xff098e4dd2d88532b80cf00d6a930f9a31bee619,1
0x008b2d2c2faf4f6664ea697e6cd3933d1f8d4deb,1
0x008cd0bf7b02bf7befecfa6a2a10072cab58f0ca,1
0x008ed5d0a0f71a39828db0af22bf9becfe33ee07,1
0x00910b6381aa91237451532f4ea0dea6e15ce0ff,1
0x009349ea651eed376af0596ec66adff03f6f8a09,1
0x00958bedfc86b89e25a5c1c9bf551c319825ea11,1
0x00a1c05a3b5a5be70c5e0fb9086a0e09dfd7e900,1
0x00a4659e3d32fac942eeb527a552d46d52e3ee5a,1
0x00a6018bcecbb9c4277895a867855f786764c410,1
0x00c1ede1915688dfa82d9fbcf93b971a2566cf09,1
0x00cc4fd17164b803c85915f979912662428816bb,1
0x00d602d43d45166ba545be8a7c16a3f67172f6f7,1
0xff006055b162d561b8338b2bebeec0b70538f13d,1
0x008ade00ce49b5839d0caf0806901a3e78146bc3,1
0xfc503c2df2adcfad19bfcd5b054893d7283dd93d,1
0xfc6f9e19f7c707d58a31d2c425a9535edaea9638,1
0xfc7671c41b52d7eae8faef81cc588d332b796cb7,1
0xfc8eeeeacde52ff8b79702512eed233bfd77ae79,1
0xfc973b283f467bf01b1685b076b610cbac9c674d,1
0xfc98d870d246778da78d4f97862239c1386a6169,1
0xfca719b2f234fce1760895b2ecb5fb2284bcb227,1
0xfca9e606b0ad05ea5693cefbe64cb7fc9ec09f23,1
0xfcaae0b17996b940f6110dc79baac1e81c907797,1
0xfcac9c4a399b5e673c3a010bbdc033661bcea03f,1
0xfcb80ad563a8cc3110120bc21d7e79424af444e0,1
0xfcc06e076e039cafadc1d2f6aa1dbfd0c0bf4d7d,1
0xfe102d7ac49a3b0af63277c380965b3138f83fa2,1
0xfcc429c17ae26a5dcc4114072bac8c6382f08214,1
0xfccc6b1c78f6beebde7c2185a524e91305a840ee,1
0xfccc7ceaa9dcb91f4a2303033fd161fc0855f00b,1
0xfcd5b4fccb2d24f9db2db7d02b6eed0aee7d6765,1
0xfce023809625a487f81e07ae304a4731a6105364,1
0xfce73df059c5b659796585431ef04c25b31bb2a6,1
0xfce910f379cdbcb9b86d08bbb990f16986034783,1
0xfce962d3b0f2bf2e6bc879be286b24b4b05e2b84,1
0xfcf30e9d016b0ac1308fff2d25678df642f05c67,1
0xfcfb9c2db5f564ff8254f15f7db5ad077687545d,1
0xfcfc7a375d57412c0d3afc8cf36f6671fcfef4ff,1
0xfd05579249c454f1dae5c6e8767f247e247eccb9,1
0xfcc1c089c9526ba02f8371b0934ff764518dff1e,1
0xfba949ea4c709eaee8089060c057c94251aa4cc6,1
0xfbae27b309a09414b918ef97199b8dba285b0844,1
0xfbc36be9fa8bf9b035dbdd047a8cd7d5e2c72904,1
0xfbc4923bf3fb03b20c4549241f45e7426fd618e7,1
0xfbc6a5aadf863a28909cc9a99d48853950e487da,1
0xfbd218d7e3960fc306f332df8c48bacb420eeb37,1
0xfbdd855b649ece7678d51f0ddae3477995bdc688,1
0xfbe1e9327ad86425e99a81874852a32d149f485a,1
0xfbe43bb8cc5d0e8b14a8581f0eae991c5d6c2eeb,1
0xfbed71ea45e99c97bbdd62a9f31e14c882f2c20d,1
0xfbf62b37a6540f972f0d774f9eb5c8ce806b2f85,1
0xfbf94933f4891762ba2e0461b4ce984a5d4c65ae,1
0xfc4bb51cc240abb0d064acbf3330be36b04d8bce,1
0xfbfafb333e201ce72fad823bd705b7a7b7ea5203,1
0xfc012cdf09aae71d812abf8e671dad89dfcfa7b0,1
0xfc0509c6da8aa86e18eea8aa6ef45f6675677472,1
0xfc0b7c2e1230e29bc5aed0fbb4568e767291ff37,1
0xfc0f7bb7abf1880facfaf57fd39f25fc8920d93e,1
0xfc1a16740d2cc8ef307cae70f649bdbd112001ff,1
0xfc21d3fceb49d8b63abb3244ece6cb52c6bc08a0,1
0xfc2232262d73df72a83c03d50474f8528ff538a5,1
0xfc28320a90cbcedec901790b4289ff9edb97bec6,1
0xfc283d4db5fcbc9c1f121e6f7ae98279d2dce7dd,1
0xfc2a9bf4f068126cc2d6e8d387b68e045630e7c7,1
0xfc2d9450ee35fc00ccc290e785d9e24bbacf7d86,1
0xfc4750fcbe1e5b931bea6d9c6eab72e6de10fe83,1
0xfbfa32dd30ff960ce7341359be3677c49864ef87,1
0xfdae6eb16538bb41408c949f985e53afe0e1a899,1
0xfdae93b9523610783b76008c0c981f54ff710a0e,1
0xfdaf417ddbdb72cbe3c13fa0ffd495568845fe56,1
0xfdb2c679f05847bc0230bc264dd7e12ecdd1451f,1
0xfdb35897db949e0ce7a81a4cb5fe485a74e6b24d,1
0xfdb4f3cc399cea44eef81f9d1f66e7702bf789f9,1
0xfdb76e455f789692e1aa66e9d1208b4333c1187f,1
0xfdb7d5eb3f0279c568f92ff50cc9ae60c499a62b,1
0xfdc4fe93fa55f27872379e3c8aa9a00702e68e5e,1
0xfdc815c59036735e71b1cc4593cc351b1f1716c5,1
0xfdcec206941937ccc2f301a4817bd290ca0e85e6,1
0xfdcf0727d80aebbe7118556288f26bd33dc735b6,1
0xfd09d9e30ce2cf946990fa326518614f22008277,1
0xfddeb233d01bc49a5484ef367e8fd13b0bc52029,1
0xfdded710a787f5074cb926008cc7288bfc0059df,1
0xfdeb7143ce645d855cdc456c99a2625970293057,1
0xfdedafa39a23fc00ae0d3faa3ee23f553a909794,1
0xfdf233c8ba74f6fa7c2e05ae31abe22082830538,1
0xfdf5523d34c5a43038af2331782854c92534291a,1
0xfdf7be041f42bba67373e2104cdb921aabc1e529,1
0xfdfbe4c43dd99a0825b673e565f1e7ad076d5a76,1
0xfdfd06678a035ba75222b06d5995ccc54142fb08,1
0xfe020c36e4fb6f994b2f8eabd04c2c9ff334453c,1
0xfe09ddb0ad5a438d19ede7f3ad35c0ff698a944d,1
0xfe0d3fbb02c7eefbc1d7283089d56227d57d755b,1
0xfdda40b6b271261abf6154dd252edc3a030b74c2,1
0xfd19fb70b3aa13e02fbfd2d22dcc3156ef7d10fb,1
0xfd23853f0ec50be9e1b78b3e8832dc4dac855e3d,1
0xfd24a1ee01ed8f528ff8ce6284312dc1db372ff2,1
0xfd292e382067e437e4fb39f5c5b7695dbda9be96,1
0xfd2c6d20a3477aef84d84e22d5e62c73a3e5e5cf,1
0xfd2d09b709ed6fcb721f43acdec323fdc034dc9d,1
0xfd390adabdd6555438a358e8279be0c4ddb14e3a,1
0xfd3d12891a49983fafa0b1dfab64e944ae731d98,1
0xfd4f1500d572554021a84a79248d7282e2076d89,1
0xfd519f930f02d16610588aefa5a941f57d915c6b,1
0xfd575e7f2216168b759db34fa178d642bb38f1bb,1
0xfd581059ee204520457003af11266875a37337f1,1
0xfdaa5bc4f4fedf457916e7361b36b278ef2fc28c,1
0xfd65949cee72fe69dbc0cb84a5a26a417cf0cb9f,1
0xfd671c0ff8503f0572eb555d3c6b545f7a52dc97,1
0xfd6e17ead60a57ebbdbbcb3c8059bf6315f78364,1
0xfd72cbf27bc218b95381d3abb085821e9fef790f,1
0xfd898f53c4cb0ecfe4a96f8d44acfac09f2b6b9f,1
0xfd8ded325c2778b46dae2643ff8efe215acb0c64,1
0xfd91eb5f1bdb016d0290ae2f477ced6dd2fb36d3,1
0xfd95f011d857eae51def228db581aa7f30e440d1,1
0xfd966603e978c3f9d8070974923f788480698ee6,1
0xfd97919a138073f3231683bd39b6138613834bbb,1
0xfd9a7244e4be942995bb2488d3c1ede6a1ff8143,1
0xfd9d9e71815d254ed70bf5230e7294354eefdb6e,1
0xfda63b164e852a23c84609cb105585e80e95061e,1
0xfd60f821fed15160de1c2066171becbe8ee22955,1
0xf22662f63550dc50581bd064881a75ab3a7df4de,1
0xf230ce0fc7c62d880445c958d313deb5a6d9ec63,1
0xf236cd87c38dd5f429e31a1f7b242a58199a9de7,1
0xf23e415208d8513664a1810974e3157a1c70b6d1,1
0xf24a13911a9a02d7873e7920387c2afc711c51a1,1
0xf2532acd6915d87656daba1fae20530053558802,1
0xf259262490b4746d3ebe06f13d059242a66764ac,1
0xf25bd626e34199e3fd431fc48e4debdde4e9cfdf,1
0xf25c9171ac797bf0c36acb31aeb1afeb176ad0b1,1
0xf25fc2f88a945c5656904124b5ee6f192d082330,1
0xf26b098dcd625feb0b9045a70ead0b9501c935a7,1
0xf27c6015213f54f4095af74674cd69fe86b9749f,1
0xf7ea65232c848ebbe1b571e00929386bc6141bff,1
0xf2963cd0823252949c16d5543af1427d991495ab,1
0xf29fb099019e75db4dadc216a943cf81f1417845,1
0xf2a34e1e92101ae0a9461aead22afbfb22a1b775,1
0xf2a7b0098dd9e01e7a1d80b5d611023a03865e36,1
0xf2a810af8fa5692be0a2609a439faf103a20c0fe,1
0xf2a88270329e95bca3e9f051bfa8ae963d5cc352,1
0xf2b02cd71805612046f0d1560a420c61f9b5442f,1
0xf2b0f5e96ac47914f327b7cfa020f7b6b7ed295a,1
0xf2b4f8e35d90af3e1bedfc14a178075d9f9edb5b,1
0xf2c365e8929f9020a5d6d225e98cf21d6103fede,1
0xf2c485002dbf0f9c121d04c7537a77df0e88aa7c,1
0xf2cc56ca2f6d62e274f234589dcc86d6684e940d,1
0xf28f3ef87189d418d1f382a01ced93f1b67bd2da,1
0xf1c3fa461d416a45bb6618650468f5a409ad0cb3,1
0xf1c796626abd69f0d742a3ad69c76bfe5df3f583,1
0xf1cd16e93990174aca097ea54611776b64066ec5,1
0xf1cf2b8ec9869d444a9459244fb5c966ea4cd075,1
0xf1d57f7a32d277834ca991aef295fa8d12e8a936,1
0xf1da949ec950cd72f37165a8879b2418eace691d,1
0xf1db82bfc63112132bd7f3c44c26dca3d4153bc8,1
0xf1dd0de5cba1094f78abafa333b16400451e1724,1
0xf1e1d7fbcdc65d3dbc9debf68e3a490443d1c84c,1
0xf1ea7ca19e191b8b8d04e0db40de0120251f549a,1
0xf1eb3c405e1ae08f9cd993449c8a406cda27fe68,1
0xf1edee9ea8a3acfd11247071f99235cd17475229,1
0xf2238354f7d4b9e58b5cb9285b1d14a16a8c58e6,1
0xf1ee52393336d8b77a575a8d855c0ba766d08c37,1
0xf1ef8673f9a6133ef1ef5512243754e5ff083757,1
0xf1f506c1cae0d922bac55befee0cdabb2a4d816c,1
0xf1fa066a8479cb675986d04ef3909cdd86bc50eb,1
0xf1fa1dd2615ec181b3a2c7dcc6bc41cd2c5f2540,1
0xf1fa28ff01e625e5414433f0f2f7720368938d8b,1
0xf20516aae1720935a21f5237bc736d6bdcfe93c5,1
0xf20e05f2f6e35ea8324d19618dc786f1557646fa,1
0xf2163e8aecf210fb90cdc2496207cf023a9aa359,1
0xf21c955692078d1d2b4d9947cf937775f1b0a231,1
0xf21d2294c6e6c3e348fa6e8b9888e4b53c33ab30,1
0xf2219efbaad313a818e7751e7de68bd330e475f1,1
0xf1ee46348a9a126c51029d1845c3809bc341bb93,1
0xf363ceb409d769934c5f6b6487fa8c1d0f143398,1
0xf36803a545dab359a93bd9cd1f5e23de847e1123,1
0xf36a5b09e2078b66949c768350cafbb41e876128,1
0xf36a71bee30c9b8092d7a519f8303a54ac609ee9,1
0xf36dfdde98a49ad471790937077f98f195e12039,1
0xf36f2a5be7c232a42c1798406a6ecfd2d4954309,1
0xf36f8ffcb31269eb5d3d988c59255d4f92997758,1
0xf37059e5c648b8f3f65d2454b12c4fd2a6b9f037,1
0xf37eae606ec2c2f90d927c11dbc1ff43a57cd784,1
0xf38098ae578483b7f659cbf64adba551c392bd50,1
0xf3853ceda78f0a1754433f8558205dfae2559e23,1
0xf386f7e2c3842ace421c85ab2302a2d77279868b,1
0xf2d23d33d48418ff81c37768a224c825b2b1f968,1
0xf38b91b4cedf86a1c35be71b22d0b5e9318cb05c,1
0xf39020b14622900883e7739b381c5b56246db42a,1
0xf39375de464fa871c791396ce6ef76a2f9b98dec,1
0xf39988bd8d19b9040f49c27719f03e20ad10b2a1,1
0xf39acc33b97c0612e9beee15161b7126a606fed8,1
0xf39ed8716332d128898fcb090e889e5206287710,1
0xf3ae53915ee704911dc42f5332ea142bf417ac59,1
0xf3b086468e2db68a4568a399c6ad8d773cf49be8,1
0xf3b4ede6b1211ea68a9d93274bb3002f2e7f3ae4,1
0xf3b6ca0fb1ee40bb0f5fe452a7b29a36e65f6819,1
0xf3b825f65422f92bd9b4bc000d5b5534041c5b99,1
0xf3b82b3c3c83e2aa49b00deccb0b8d87ea0ef702,1
0xf389584345c2dd55ad9b4aaaa6e16488d04088db,1
0xf2d294d049af29acf709be45d85dc7c6b3962ee6,1
0xf2dd59bab40a5f5122271eb31e435a8436ac78cd,1
0xf2e56ed7bf2778cca02b8fb077d77685696be8d0,1
0xf2ee12c5b0a177995c4290e6dcb0763c74bf8eb4,1
0xf30029412c43db46c5b31bef9067c6a1014e5256,1
0xf300982fd0ad0ee74303f0337c3ad414e0b361b9,1
0xf302c313399933b2fa832719eca2ac047e97349f,1
0xf30ec8b693b8cdf2ee718f6f4fb04258569421ca,1
0xf30ffe686bc746a82c210e359393eed2f3e18218,1
0xf310ff61070d5385b826a7f5d7f70d61421ddaa1,1
0xf319fccbc4ff0dd644776080110d47944b2859af,1
0xf31d7c22da870360729962bf69c067bd6a55350e,1
0xf362d28bac3454850be5dbf5b2517fe2a7548249,1
0xf31ef4fca28946ca2c47a0ef902177ed739d6975,1
0xf3209bdf7d8bac6840eed47b758bb150cc4eaf31,1
0xf321f9f86c42b40b3bd2a734c37f4a8fa5dc4e4c,1
0xf325ce2a40f878a7669fa4e45cd8adf8e6bf89b2,1
0xf32f769e9eda2275688b0c81023a6c224f2ebc63,1
0xf3313727e36760285150fa0cea9519393986b07f,1
0xf33138fe18c07237082e04e0f030f435f7cc8eb4,1
0xf33320499c3de2d7fc81ecda93923c53fbf3384e,1
0xf33f58c1c129fd46970e6fba17532bfe8ceac899,1
0xf340a4fb018e6a8f9a269169cdde29de4e7920b7,1
0xf353363cc5738fc1045c88bf1a2d2898481bf162,1
0xf35803f65ef750906080e05064034722204cc320,1
0xf3592f86df42bf8bcc41ca7d2a5a412eb244159a,1
0xf31e562a2d95a8ab7f89a7353822a8227e1dbe49,1
0xf0185f9478c456ddf253ee8d3e42a8b88067ef52,1
0xf018a6441d551581cb85b4f5b3f64e47c5f64825,1
0xf01bae8909ef41efff4a71db3dd442d8474d6e7a,1
0xf02534801ff9e0f84cc03ecc1e2ac360e615c710,1
0xf028bd56905590790889a3aef3269e729d4ef4f9,1
0xf038bffedc9dfe448f74582e49be6d52cbb57f0a,1
0xf038d26e5b7eb054f814264cc503f9c6cf7552dd,1
0xf03a56aec3314dd79c09876a66f41434690ce2fd,1
0xf040dabb1c35431d89ce34a45a4982ae00142226,1
0xf042148ab65450501d4dc1718e3cdfa15cd885f3,1
0xf0476a46dd65961b54fb8ceeae10a4a9cca0c71e,1
0xf04850d8841472dbc884059abbaefb64c1d302f1,1
0xf1c0684ed3ee7c563804a2d0a95262dc5de2fae0,1
0xf0562e04f1da99453569d1edb82dbf885a6d9123,1
0xf05640caf479501775d78142e969570d3b27e85e,1
0xf05ec63b28f07cc88c73c8b6893412778decbe97,1
0xf0628ecb4ce9a10a3869f0b1c184e7b62d0c5b7a,1
0xf063ad3e18210e275704b33de2e7ae91af64bd61,1
0xf06a14e82342227898da66857fd08e8adafa0f04,1
0xf06afb26cb93eccc9c7b2ea49cb7334493ffa446,1
0xf06c5d8c3654f4f0a2e70028b3c1840e70a18065,1
0xf07272f09a6e0b749fdcccb9cf1dbad09bb169ba,1
0xf07751069874dbab9f4ccaca7faf0227d52b4f7f,1
0xf07acc3a4dc892153672f378eddd476961c886af,1
0xf07e5d82537f7be1f4ae32860b9a570648036cc6,1
0xf049d457c3742e3351c01016c3a935a0c9dbbc5e,1
0xef9eb56e4ee839c638bce08ac8491c984031a23d,1
0xefa9b65580129c63ef560349003f6ce19b0b180c,1
0xefabd03b520b77f1104d6c4b0cec699685db07c7,1
0xefb0b186165f8d22384a548f1d78efa3c5d2a240,1
0xefb1fa7e52b0dcbc396a1a0f9613a35304b30845,1
0xefb2fb42b5babf126f426311f15898abae7203b9,1
0xefbc3a2aa8767773c84b3e82e12ab13609b7aaa4,1
0xefda52abe1bab6d948ac03a3269a32e9ad3886c2,1
0xefdd488436d67a1716bd59928d2eb8f149ef5b71,1
0xefdfe0bd0a333e6295bf6ec8de043a45c9f19bee,1
0xefe2c5a4e0a7c7e6adceaae329eac43b6a47585d,1
0xefe5fc0240ae35d9774a9ec59a58c515c38a7f36,1
0xf010ff17bc4c09a832d1bf53d73ee9aa1c0fdead,1
0xefeb2d21dc3544d7dea064c1e4f64a92590687a2,1
0xeff263ad419d1cf8288e99bbc997fedbda4316f8,1
0xeff30b3e53c808e769908cfadb65981d853e0e4e,1
0xeff375dafbd2f35b4ab0a1401db083f4ff80daa1,1
0xeff7c94b11e99d85ec6267ff225c7b53033cee4e,1
0xeff890d5eb57eaf8a8c2e1a20fd57d02dd6d16de,1
0xeffe67db7351a209ba0eb3e08ae12e2e40d0c1af,1
0xf00387367725f4845e0f9a01995a5ab9838a4386,1
0xf003f0e4383ebdd4de1065746eae2fe9b35eec63,1
0xf00542e41f6096a6fb24491d8770d2c251f4f7b2,1
0xf00803bf23d6e1f11ad7811dd883e3dea9af524f,1
0xf00993e2be55c5ba603879093c31514cfc33d9ed,1
0xf01081519acfd50237d1c56dec84b9729cc7f39e,1
0xefe849ff3dc04c77cb16f3db536839592e92d0f8,1
0xf117eddadf11cf26de792e2ae62cbca52f4f4234,1
0xf11f3546b7d07d6399afcba18466d5f6503c4a10,1
0xf122b1c0515237c44f0634530347998f34940325,1
0xf12cc71954d4010bb2d9b97d1585c2487c4013a8,1
0xf132d4cbc84c2a31606380b2737f6237df594848,1
0xf13a9054034c19ce41a1a8ef5d946ac185542d8d,1
0xf13cdd76a28ee2d9443a6a4e1d5e64cb2c9db8c4,1
0xf13edb9fe4837b954b9263de71d0f19ac7815d19,1
0xf1417c856d26a6ed4f10057556023398b747da03,1
0xf1557282db63bc7cb9ec77d59fb11864cf1fa89b,1
0xf15870124f5c2696fa726963407b81a5438d505d,1
0xf1604008aea5d39d4d89e9dec3c8ae040303976d,1
0xf08056910a1469f72dd3101c5c0e833a30fdeb22,1
0xf1790886bd56a6736e64345304392bc6b545f1dd,1
0xf17d4e639cc196854d3925bbd55de6a0128929f1,1
0xf17e672fe287ff73f123342cd01de4b1e446365d,1
0xf184f11fbaeb06f667381432e822d7bed3448fb8,1
0xf1975b4116ac010fae3819e1f8ac2ad38fa8f0a5,1
0xf19fe4d4c413ecbaa500ee30c95f41d2774eae0f,1
0xf1a40edb3b73d0411721fcf811642e3fdd11e726,1
0xf1a526d6572b9db045eee36263a3a6d95705c9e3,1
0xf1a56aefe915e9ab7b9e7126e0f3dbb1ba25bef9,1
0xf1a75d9b1d7c28d06fc9a1942c897fc54f9cbed4,1
0xf1a84c09cfda56a7b87fb1468d2a2e84a11ff3d7,1
0xf1ab98564000b906c000af5cf422ab559edf98b9,1
0xf16f413e5b424327bb784294502b77bf48b52ffe,1
0xf0856a9a7abffea1ea95377a39359d915d8eb009,1
0xf0868bda112a41ef95ff49ebeabc4c44a3a8f521,1
0xf086b052e179639e8c2ccee94fc2828dc556effa,1
0xf087f7b74ebccd290ed70166b4558d8bd2e522f4,1
0xf08867afe7022306847002bcd1901f55c3e8f70f,1
0xf08b70e272c7c633780c0f4f996891852dbd2ee6,1
0xf09900dd52bf58315a4ffd64a71a49cfb9411604,1
0xf09b2b774d5da4a2d76fbb71d791ec22964fb076,1
0xf09d6f40d34349fe41d2cc23c49ab097bb5f0fc4,1
0xf09d8231513bc868a5f138f9b89135c8824d2d62,1
0xf0a68c0ef45e8dc59a2143eb22d2df00f6b5b239,1
0xf0a6d1bd25787d914ccce9518c2dd71ea0ec0d37,1
0xf10c85aa3880e16112a32e6756edf273d5b2e9c4,1
0xf0bb25c066a1dc182388b48eb1ef7e8b98d70972,1
0xf0c006db9084c4dddc7714ec6c628d5d30495ea5,1
0xf0c1737a8ab9a59fe947d950d6162c424909e5b7,1
0xf0c60c00acc759688c0ef016021d4a321f82ba91,1
0xf0d6ba59fc81ed6412d4468bc59f6ab3a2b32934,1
0xf0d75d52ecee8f6eac3bb41fce7039c08b2dcdc7,1
0xf0e913ed03141dd65070dd8be5bcd08717d5a19f,1
0xf0f17e3cbafa4856c668cc692f191d5ed71b4b99,1
0xf0f816878055ac209b21b6fc7af029cdcabf2998,1
0xf0f8cde031fc697d61e577867b0a0c9ed695674a,1
0xf0fc320aa2e0d2b6db1df319cedfe7d000ecdbd8,1
0xf0ffdc5f1237aa82f02bfbd58ac1b0d786e013a5,1
0xf10741fe55fb5b2af5971a6f16c132e55017d75e,1
0xf0b599fbdedc30c730b233f792ce2f2e60080e2f,1
0xf67fef060cd2fcf9ce7add317915fb3fef683fde,1
0xf685c7099cb90983d190d3212ca87140f9774845,1
0xf68d77f3289733e9d5e0d27a8a5d5821b56dd1be,1
0xf68f0433486a1e7316b849aa3253360d0c7073d8,1
0xf6a1d1f8eb62d9168462e1e351c41bdc55ff0c61,1
0xf6a31f42016109933af1d35dba0fb338de4e39e0,1
0xf6a4a076a397bcc0c43e6ad4f138cf8e9846199d,1
0xf6a9f8e9327a30cc380724b0628160e86d193dfa,1
0xf6abf52e8441a9a2a037fba0e5a6a08fbda0edcb,1
0xf6af21df8c6313429e9f37100407258987907c53,1
0xf6b368f08a43629279131894b5b634a489cf26aa,1
0xf6b395325c1eb4337e8329e8e69a0244a3f2aa96,1
0xf3c0b9ec8ef1b125c1e36a854d2fc4f3a8dbae9d,1
0xf6b85528dfce01f705dacee8447d00547bf8e7e5,1
0xf6c14c0f360bec42b3b9fe70750f6e5c3d57ca24,1
0xf6cb88ec2c28b2ab44468713a72f35fdbd477eb9,1
0xf6cdff35a11ab8448938e07bb92d45a1988aa6fd,1
0xf6ce86367cfa36b405d68dff6fe185a8113c9a44,1
0xf6cfba669014fc4b85ce0c12ee1b1f7930e5c224,1
0xf6d25883e62156c0e724a36266d60217c29ebdbe,1
0xf6d785bd71f7cd896fc6cf9ee86316d52877dfe4,1
0xf6e9539275bb7214081b3bd8a6facef2afd4cbe2,1
0xf6fdd19407b1c048955985f8dde20db7ac28c235,1
0xf708edfb055c95e351a67b05740f5747fa969331,1
0xf70c2de9e864185e95650f6b47572ef3f97a0dfd,1
0xf6b69c2139646d2e52e96ac4ca4a79cdd0b943be,1
0xf5fb62f63ee41d6897fa29bc7165f7e5a42bd84e,1
0xf5fb998cf3a6462d41738518c90a3065e19c3374,1
0xf6014378bbfee60308d7df003fdbefe4b4a3162d,1
0xf605af903421d4a1f5808c1316e15d2981a520e8,1
0xf60b6c0c1a19c49afbaadd0b2a0979e7cf187307,1
0xf60b86ac37fdb9d3adcbfa0a4e6bc1f634472b14,1
0xf60dd1585a4f54a1f89458ae336537f1902728a4,1
0xf613b1733869b3f18c9a81a6612b95f71110ed30,1
0xf616f3d966a1e436ec581ce16b63ef286d023fcc,1
0xf6224f8e635392cd8068851dae8290fc650cf2cc,1
0xf6263f709918a5dce47452471b5051d5832f3278,1
0xf62beab02a5335a151899e43ca57e619c33a87c0,1
0xf672c8b3a775fe4cd85d6a21ca44c49c59b5dab6,1
0xf62e2f987647e92c933de38c8f9800153cbb414b,1
0xf63f50fc40fb62f71c85381127b390d650de9d0e,1
0xf64aefc5d2e1494c84cf7cc628f0cf6bc4f36a87,1
0xf64beaba60c5e67908454a5fec9a7d27c9911bdb,1
0xf64ca2d3b801549d8a0e99cde2e02972bc955580,1
0xf64cb322cf703a077f81e7ecdfa3401e2466acdb,1
0xf64e0f1b1c366932edfea8ce8307febc7d18052d,1
0xf64ee74e7772d37691769d2758b9a1dfcfcf29f1,1
0xf650b267b12087ad46dfdc2029818bb92cd3937f,1
0xf65909f042a3d0b7eb78736827a30d1813beebd6,1
0xf65cb58862249b39d97c1e1417911cf67dd99aa4,1
0xf65cd12061658caaef5349424534231632b36a69,1
0xf661b85788d2e8104465931516a0c9c045574135,1
0xf62c03499e73f1344cab2f251a9fccacc65683ed,1
0xf7888dfb7d9076ba68f8463aae71c95ef459a4ba,1
0xf7894d7299b2a8732d0693db7a63fb2db3676733,1
0xf78b0a9515aa9c27e9dd0b734dcadf9a97ae61e7,1
0xf79195949b6fac9bbd7813c8c923839497a35acb,1
0xf79aa9b3149d0e3f5b3da291fe489faad6da399c,1
0xf7a42044c92a3ffdf4c93e12f66b387e28fc163a,1
0xf7a49acabe54bea3d3d284f585eecd978f99c80c,1
0xf7a57f2028628472689301fff10827a1aa80077b,1
0xf7abe6073d5a781a878642c26bd1dd750ae1db6e,1
0xf7b1cc0060e9a9c958a21b27c53b6bb6ce1e25ba,1
0xf7b27f0390f0b61b7e621dd93f24d51e88f2ff34,1
0xf7b84be370bf8fb1aecf360f6a3769360593d2a1,1
0xf70c3b7dd80bd358062bd861b838e2eb40115ccf,1
0xf7bc639f9a8429979b50a627d471cb3aaff58917,1
0xf7c17736df4ee190f8025e88a2962655472fb9e6,1
0xf7c192fc8cadb0c7700ad7355d1e6c2aeb6b08f5,1
0xf7c2e3da2c24cebe059c20d3b09cd3084d868843,1
0xf7d6b2e7dc5ee5c7ecb51cac8ceda68130ed8328,1
0xf7d7e7b4a2bbc87a810c6e6b0036d148d6a22f54,1
0xf7dbfcfc8addfa87dc71a79f16327d032529def7,1
0xf7dcbf2317c43bdb65721d72c47fd05fceb1f99d,1
0xf7df0abf711e78d10f843e58fb16aee4a47263a9,1
0xf7dfb6f669de842eb295a586d60516f803b33e1d,1
0xf7e360aa61464972e9423210a488c638806f8699,1
0xf7ea446865130a8f4905bc2cef2248b95981f8c9,1
0xf7b955dfe2b4a65cfdfdc0b2be3bdd805a15734a,1
0xf7135e6ab5259e1804424e988f98205aba2b380e,1
0xf713eda23998fa4ad7d5c63b44d205b3ce45f656,1
0xf714e55afdb38a18263204f46d83a936b49279b0,1
0xf7162607e61d931517fe1c544375aaf5184d9708,1
0xf72a267dae9d33c3acf956e2ea7e74024e5ba3f8,1
0xf72e0f2419c0d861e32511a51087fd424a2a5edd,1
0xf72fbef7ee7a21b6a8f761f653a8c2f2cc963ac7,1
0xf7366492f59143e35fe49bed4e63900a8eb03758,1
0xf7367e14f29df94677cbd244e11569f742a6b694,1
0xf7373deaad4564ba7956fbfe7bdd0ac32d172c34,1
0xf73c28e89c413ded9c53e2c9e14ef563fc3714c8,1
0xf73dfac113bb015d447d57a40f2105a33f332cbe,1
0xf788158dc20f2578645091286540c0afd51b5b3d,1
0xf747b4a0e5d7ddc44c1751ba37b1a2f83034ca67,1
0xf74993edc414b77470e10f567fd59653676d22ab,1
0xf74f473a75501fd9e73524f1969bf466d7cff5e3,1
0xf75116c6bc3cb1d47d29de4ce204c57b4121a481,1
0xf75296d101845154ec7a7cfa20f1ea8b4f928faa,1
0xf75654310ddda7fa86a3d793dd9b1ecd9942603e,1
0xf761b11f47810e13efe3164521539ce102124346,1
0xf7655aae179e6efbb02cb4ff6d507ca94039df58,1
0xf768d6f2d9148a86f548b4ec48977dfc6b4f42c2,1
0xf76db3d912dd02bafe768d7c10a42270aff14b24,1
0xf7742a5b40aa6cfd30d6df0b0cd08d7e5ba955fe,1
0xf77f308f02c291bfb5b89b58e64385f947f46b09,1
0xf7807008925ff07de73fec861d30134bc8da56ec,1
0xf73fb1f36d95ff3496aa0d5faf11a7e3158be748,1
0xf420298b6c14718f914f53d8db8dd0d6fc82e92f,1
0xf427b424dfc38b8148e8b44b39072799e9121ec0,1
0xf429305415bc9320d3ff1c21d1bb399357f3dfb7,1
0xf42b06e60fb62d1063e3bb3380096e1c2f6fa876,1
0xf431fcabeb4944442baf62285b6b31134c6b782c,1
0xf445ffa454a24a2c06253508f8743bc1708b152a,1
0xf4522412cdb326fc2a64ef63f15cf865c8d7ce4f,1
0xf452bfc65e52fac72fc76ab316feef73ab5f5fda,1
0xf45f8f76d821486d4d8641824884c8c4a974226c,1
0xf46427081ba9bcabff0c6c7854437546368becc4,1
0xf47a214cb88cfc3f13f602535e1037a7c4f72638,1
0xf47b43155c6cd983bbb7538b67d31f65fce72b37,1
0xf5ee505616b672b9b7f647de28f9616c4a22c6da,1
0xf480cf802c498ae0ef0ae6faba9726199f352dce,1
0xf480e529c4a3506f0a6d8b37e0ac69dde0d0ce75,1
0xf48948ac403e8ba861ecbd1bc5831484848296d1,1
0xf491d0ef05ee78a1fe327c7294d8471c2e031a49,1
0xf4921367ca8e12daba4e66f7cb3ee7695fccaf58,1
0xf493c6462ad07038fb6313a94a85553778a21e24,1
0xf49486b9d27ede2a5540507885ba533a87633585,1
0xf4983733c9019d1567023ff1f6ed756889a7c398,1
0xf49a51ed40f6026c08664441402cd851b3a66d4c,1
0xf49ac1a610e8817fa5acfe2075babb034cef23e0,1
0xf4a2db5fe944eae668d9d6b8e05f7643f6023e4e,1
0xf4acad19b0d69603915ab8aa631a6a62fd59f81d,1
0xf47d14fdd8919d46c2e461952c130bc9cc4ef375,1
0xf3c2200920af46315bb882625f5e39bc5b23cfa8,1
0xf3c227c2e1669042b994e302dea95298b20ebd43,1
0xf3c885815b7d6feea352c0c5b81d7e57e72c7377,1
0xf3cc386f973c3451310bac61e3e7db8ba75231ad,1
0xf3ce93825219781439a422941d4d0dcdf58ccbd4,1
0xf3da30c0b264477841759e0b81fd99ee6c662681,1
0xf3da36fe4d5c35bed0d83578a4eef2b67df22224,1
0xf3dc50a46d9142f952522a329e26e609daed0ef1,1
0xf3e2dd94ee0a377a86b202ce57c34fa8b7b542e8,1
0xf3e930e0daf27338c90c740243d02ea8a3548fbd,1
0xf3eb063dccf0b99a3bc9c3c9af2709e0160dac9f,1
0xf3ef24f59cbc33be7c7dd8671db47383837574f3,1
0xf41cc881d08291ded1efa7dd49d1690d65d0898f,1
0xf3f1d41ac869f5c07a06a006cda392cbcc3c374b,1
0xf3f1ddf11c7421552cb973b2fe32c9f33cc29f42,1
0xf3fb003bba869bb5b694e2b052d9011309b4b6e8,1
0xf4025cf8d3293e93b255271f5c3076287150175b,1
0xf405719c3631968dc355bf39e2befcdc16eedaf5,1
0xf406418b9f07759a407470b588785de71c2fb8eb,1
0xf406d648dc8042d0ada965e237ab8c222975b954,1
0xf408b3ae7ecb0d093c951050459405f2a46fef39,1
0xf40d6802bc13c4ddeb4dcfa883099d6cdd5b087c,1
0xf41238058bd6536313da60c68b5e8d8b8bdd4a56,1
0xf412e34b0ecb83ef68f913683822d935422b89f3,1
0xf4172d6417aabf3fa1a96620b25f06955071240a,1
0xf41815e52c7a96eb566ef86282e13ec20fe3d4e1,1
0xf3f068cc028f8b6722531c97e0dab072517de679,1
0xf5508178ec60bf4871e76efcdeaf15ca4a56b33d,1
0xf550cad434ea09e643efaecfd4e9b4f9994748e9,1
0xf5541c0957006cf1e23b44ccbbd8dce0bd96d419,1
0xf5575c36b91abe6571a0f5dc62b1a45cc377cb7b,1
0xf56e8c5850679967b9616557597dc7f78d785fe2,1
0xf571f656b9b77bd3b886b4e09590227bc6479482,1
0xf5735dac7338107fed47dbb3bcf4842bdfe3f3ab,1
0xf57920705358b322f389740428c9ac6c7ea6084b,1
0xf57984462154c377e9646fe5fd83cc0eb53365b1,1
0xf58aa26f9981ed2b46d6c2428c8a8e6970d16f68,1
0xf59169dcb9fad6299a409c5c2aacb8d9bbe506e6,1
0xf59705049d4dea9123cdb535b4f11fe2484defb2,1
0xf4ad81e13b973557f6a28430e31e6655a8795da4,1
0xf5a46b677e8a4ebedadc46e58ae98be461d31440,1
0xf5a904398b9fbb99b41265fc252c4ae5583d1ab8,1
0xf5acc58d915df030b47e792ebc799d2140d5be0f,1
0xf5b31717383f59359b42a3ea1decf7ca7ce4367a,1
0xf5bfec372c150c2759e3ae87d68e727d1de8870c,1
0xf5c1f5b8fa909a24001decc5995f06937dbc69fd,1
0xf5d070818ded090168751ce2050ec284855dfeb9,1
0xf5d1f1c434fa14b481ee4ddaad45a189e05fe937,1
0xf5d5576dde4a3d4e243e68447ba025dd8fbd4f5c,1
0xf5d9e0d053fcb8c76eb028d7c5c9d90025d9c40e,1
0xf5ddb0acdd792dccd1a9f37a1ec18c5e931f1774,1
0xf5e29312722839a4e762a5b0eb881cb2ff11636f,1
0xf5a2fba4f3c87e46e9f4b39d74e0ec4037f712c6,1
0xf4ad9bf793ff7701ecd74646d13828a578be43aa,1
0xf4b1e415b4268a929493547a6297d60f3ef90686,1
0xf4c3db2a5480e1edf53d69bee69d8c5d10bb51c7,1
0xf4c448757e4cfc44d3df58d3ee770c78f2079a3f,1
0xf4d407be8ae39595e08f5b2c10439cc8f4f4f881,1
0xf4d634527d011b9d283296d03b2f2eb118c8cbbe,1
0xf4d9318e5c16e5373ac70056402c0e669e3d9998,1
0xf4dc1bb83cfbed13245b6c3132dfbdbb3f7fd75b,1
0xf4de79338e0dd868fbe505f016fc92dc3283ad27,1
0xf50eb5ca98482591b658ba6f39b32f7aaacd6b0c,1
0xf50ecc06f5af8de84bf51824b1a5e220321eff2e,1
0xf51475cb1ca2408acadf6ed677efab461c3b3ead,1
0xf54fc86011e30f7079a7e5b64ade55132365db33,1
0xf51ed9ee2a3c59c938d26c3def04b64ae354c714,1
0xf52d6b167c178db102dfba66957bb4647e85c51f,1
0xf52eb40512be95240a83c7c98999eff778549a2f,1
0xf532f6d64bf2c27dfa06a2ebfaf139ab9319da93,1
0xf53595ddf03cf3de742cb086875062a5b1c4270c,1
0xf535f73473e128ef35c3a957ae7c4e1b20ce9122,1
0xf53810ebc72b30b20cffacc164a4b9476ed1ed14,1
0xf53a2f07ad7c18e62fecb5a3e124fab684c8b523,1
0xf53d19813ed236e427360a9f41fb5d931f1f2447,1
0xf53f718ecda564e6c703552e7565e4c1b9920099,1
0xf54182248050e42f8992dfb533172572789f686c,1
0xf54183a5df122560fc8967ea8ffb32d0f6ef4b43,1
0xf542c7af16162fb245b659cbf735d9213bae2e7f,1
0xf519417a05e30a3bcb6e1e2c7fc71f60fc63e92e,1
0xc86cd9ba3d280388e4bcf8be16897910ad9d79e0,1
0xc86ced805a0a17f1d8f4f2f74153aeb6a8cb8b14,1
0xc8712761b267a0bdaf9c271c8b55d747bf9ec878,1
0xc872a66d11db3209b6bbda3d0db86d30b2416231,1
0xc87c03bf65b67df2346c6d8b6c41d5c7ccc100a8,1
0xc87ddf59cfee5aa2337a7b7d634b6fdd11b1a44e,1
0xc88043a19a8af4007cc37ad15165f5a574de071d,1
0xc881075ee7ab37cd6716c0ccbebe59902630eff3,1
0xc8844e2bddf3049c47e1da9fb6084f87d99fba77,1
0xc88ea9577e007952d4eefddfbc9040b50536dd37,1
0xc892b2ba092ec345ea9dadc149a508d4a092f8b1,1
0xc894a2f8ff878603bddfb6ad023506a9a9960950,1
0xde7e13fc949be314b53c7c89da20f876765b924a,1
0xc89df908bfc326dc5a5d3b9c65c443dcc7592939,1
0xc8a6504fe5fa033fe99807255ee2768f3ca60dbf,1
0xc8aded418247ec49af60b8126df3b2b6a4d90e10,1
0xc8afc72a98ddbaff1740fa80129bcba042c2b70b,1
0xc8b383d331979abe9583af66bb7506dc3c48523f,1
0xc8b4d3bd9c8ebb8fcd2da5bab79a97bfec20eba4,1
0xc8b4f668baac27432df88400c037d302918b372b,1
0xc8bc776d65f7f0179fe1026058383424186855b7,1
0xc8bf9f983fa74438a304f9d16ecfd39365b9a9ba,1
0xc8c7030768cc25101ce8a312edeaf8ab6237befe,1
0xc8c77e0350db2be036b74e96d054918bf3a15bff,1
0xc8c8a9cbca5e5252969b0cfa83824c1bba33b04b,1
0xc8968370b63e601d19f1d7b1cfa5503891afd123,1
0xc7efad0288863f13fb730da473ed1bcf636c9c05,1
0xc7f70af2273a6ae50472537e4bc3a552814428c6,1
0xc7fdae3d12feb05aae47cc09e57fabb03e945326,1
0xc802e8da07e3b66982ccc9231caedd1c9808ae28,1
0xc80dc6d92223c0a661e75c12e9b774f5fb42af88,1
0xc8173c6ce5960b981a5807396465d5d24b345880,1
0xc81b77fe53a77d5b8218a80f3ebaf470ab187e68,1
0xc81fa0d1bf24596d561f69bf5c64fe01dc8bf46c,1
0xc8235c91d548ca3d1493a15b4e65a950560bd3dd,1
0xc824cbc0405de1450ed2d130e7c0f7625978bc16,1
0xc826fc58516686683eb4d73c741801d42f89e3eb,1
0xc82899df28cb786996df9e931f2b7d8b1b48776b,1
0xc8645d9e3e18c3e2935c84e8aa19368465550e66,1
0xc82ae7c80e21fbda80868eb1160114bfe66efba7,1
0xc834fa6dda238992161f347b7359a3780e4456cf,1
0xc83661142a136c9cf4da1765d6b229502e97cd84,1
0xc8491cedea3e50603248a31a3ad7170e61d09217,1
0xc84e40107901857f420b033fbe61b9f0b4b27df4,1
0xc853065f2f2e09b714ccc20b3d6e5ac9bc669991,1
0xc8551489cbd4d4126e73b06a522781870cf5793a,1
0xc856aab9d44b4933eef8d79fa661711313950cee,1
0xc857bb84c5b85df5f25334f825f5a4cde32dc49e,1
0xc858f1ded8d8d58d57dea4b1cba94c6018505a0d,1
0xc85ddef2e9056d9bbf3b9bae6a01921a6ad361a3,1
0xc85f06c34cd9acfd42f4cc6aff652c9e883e1f50,1
0xc829f14938e80436ba2b9814f74666e9ce9dc4c4,1
0xc95cccf312a2142fa29bfadb4ab41465132bd712,1
0xc968506a5baf0863dbe45f59ad16190d6a1b0003,1
0xc9690e5b39b8f8f8afb52be65e342b977a51de02,1
0xc9695193ad010867eb9cca146823e87af310751d,1
0xc9718827c501073bb611f87b54db5035e11e1430,1
0xc972918619f80864db4c2e6ae4861a8f4c202c73,1
0xc973d4fe4c49867abceed9c3d2934d0522d67020,1
0xc9798f428688559c4aec4b444d2c8344bd20f7e4,1
0xc98dc0bdd01109bf66397a53715ff4d6357f6660,1
0xc99161c1a359df4b60efd0bbc1feaec7460995cf,1
0xc996078c9202a2082d665adcf401ee4aa9089339,1
0xc996c70737a8afe1c1461c9f5934429c951f9c9f,1
0xc8d10b3b8073c4127b03073b6fe0559b95d8ac5b,1
0xc9a36a2899b5789a50ccea720b738c35fc20f976,1
0xc9a81f58f0a225c23cb95f4cf7663c672c436fb2,1
0xc9a9665c4bab8b0896f1f7b7403441c2c6720d5c,1
0xc9ac4f4b1b381cd6bccd67ac84d236553272768a,1
0xc9b3412135fae1134d15e1e1ad22d9181f722c57,1
0xc9bd9b21f1280115e768d0a77767895ef6e17b36,1
0xc9c1c86245281f0f55b9617e24fc38d9d783d9b9,1
0xc9c33c2171f0bc5b2a1fbebdcf3c4afde28c8195,1
0xc9c387a761faa3d0d3408659c108865ff4ba2e4e,1
0xc9cbabacf15fefdf1aa78bb73a209e38b1a6745e,1
0xc9cd347029c5efe5cd4b3e6b5c5f94eaed69bebf,1
0xc9d089f5ca3f2d1980acdc72ea50bde0cc8af9d5,1
0xc9997a1c2d93a831feb11cf2ffeb9ab795f900d9,1
0xc8d23a9be73b3fa33490b0363f9e7811e7074f89,1
0xc8df6c81b266cd967184277ff88cd28bd2bbefd3,1
0xc8e4e438dca39dade225d6efb773eb04d52113bd,1
0xc8e685e359074f415f9e8bae60567357e10f4133,1
0xc8e7c243ae7c5a4087f2232bb4bcb6d5b97cacdd,1
0xc8ee04d9b344b35d6b6a517c4552361c6d7cdf60,1
0xc8fee39e2bda7efe857237d46940dd99498803b8,1
0xc901c435606c4bd884ae30eb26478426fe22c1d2,1
0xc90633d99c3466cd66003301c3d4916eb2fd6905,1
0xc90ee4313de1c91151ba43c301257d0a90aafe2c,1
0xc913a599630b0428666e1933f87dfb9be1e19513,1
0xc915f7d3f82318d315b97e1e43414affe8c7a384,1
0xc95a78d8e8e4561c8f749c31693bd7d92afdd466,1
0xc917abbf1a8083d94aa95823152650d4173b15e9,1
0xc917eda61a83e2890e07e5a6d4c6f21015b93401,1
0xc9227db290b01d974fafb8a83a3e91adc9365c1c,1
0xc927edd55e5c0b958686be74a90100f565dbd194,1
0xc92e192edb79e6b32adb8da99ea995a4448121d3,1
0xc936ea30b524dd283eed43e6c37b95705d3ff821,1
0xc93d26eb00ca2afcd22395e54b4ceffb5aaf4e2a,1
0xc94078c214134c6ff19440924b4bb179df9b19f4,1
0xc940be13a0397c218e7bb0793cb877b0e99b3079,1
0xc9448fb6c391a02abab6a31e01c1dc17702ddc8b,1
0xc945030d0d828232245d09e1a18e4c24209caef9,1
0xc9506053b840a74e46b5042c1797944171f72e93,1
0xc9588d3a7571239c10042a7d0866f9b80c70fa89,1
0xc9160537c09c021ebfd3113d72b2430357245f32,1
0xc63ace426029cac28ca458418bf2a9ab38592392,1
0xc63ad65cbf4f9ea4dfa7ec6f211f998495fcbe2a,1
0xc646bdc3a0aaa02c5a50abdf6986037e7ac47f61,1
0xc64bd0bf60c72d1db216d4c5b9082e71a0f37a66,1
0xc65501985d97319ac1e8f1b6e9dfa296c42a7088,1
0xc6553b06913d4ea74f9cdc20910a7ef4fd3a75d1,1
0xc65a14ba2ea5bc8d980682453232a3dc737c7ef6,1
0xc65df916fcd4561b0d9fd2778783cf76a1f10ab8,1
0xc65f42af48f877a7a82e1a3b7f9d4c4dcda3d604,1
0xc66333025702bac5bb927e80d84664f23fcd0556,1
0xc6654d9655d1d46984bdb65ac92a37c5a45ae59e,1
0xc66a39021178b1926d54d9441bd44017a13224e7,1
0xc7e432c96361076be5b863d6adaa0ad145696f21,1
0xc67412b0c760eb9acf50a88a307aa41cfd05aac3,1
0xc67515d1e31d4600704ffffeb24abb1e66868d86,1
0xc67d1fc5294314498235f40abe48bc746cfd62ea,1
0xc68482f30bec83d217be7d20d9554632b6a975c5,1
0xc689c6651825b9012b1e025df18fa7c52bc8df79,1
0xc68eb022a9cbd3da6636765313fde795f52af082,1
0xc68f637d041fec3669bf2434d608970bb73ad0d2,1
0xc692c8583b25d24ef9359c19eeab0e6e5eeb6a1d,1
0xc69dd7329abed3dddf8e74ec53937c1d511c964e,1
0xc6a074829fe1cf5ab7d55b0c71abefd160d6dd45,1
0xc6a9f72dccd2092265c87822a6c6470a2797aebc,1
0xc6ae4550df965d93277b97bac79feedb6913802a,1
0xc67260d077d0cac2728f658070e9720dfd5fa931,1
0xc57adfe462ad32d5efff8cfb3f30ee50aab1f959,1
0xc57cb7170b1fd7d8e9b39f728e1e04f69f2a9370,1
0xc57e27c9d6221bd6ed7375b0c26dd23222c6d1f3,1
0xc57ee78c599105fa2f1348c1a4c4f4ff162f8a86,1
0xc5837b240e47ba6d607fc535d20dcf905f12e210,1
0xc588e244875cccf863c6972a5839a14058ade356,1
0xc5905d76262c8bd9dbbc5a3bce7b1a44e7e6ebbe,1
0xc591580c08b1ffd5cb811bdbf2185393f4a94601,1
0xc59f7a7e8d1ba7974a5ab8f18ae157d505da1ce1,1
0xc5a8d6bb7229ad76d88c1051789c7f992442d160,1
0xc5ba54af319191d55a75ea9225a03cc8f63ea142,1
0xc5beba387c3147eadabc76fd65e0c7e50f133e59,1
0xc63a181d5c7d06e7933cbc21e98fc1be49b1673a,1
0xc5c792835ceb7a58c8b068aff190b0e7198a7272,1
0xc5cae17dc2b720c562c0e6dbfeec59abcdcafff0,1
0xc5cb3fc34254ad784c3237c37d904f5dfe317bd3,1
0xc5d5e6d2429afdc6417b5d89171a82664c263b33,1
0xc5d6875f9862ba22e9638fd8defdf53332728a4b,1
0xc5d7a86930bc2cf932cd5e9b42a826b0315a7e72,1
0xc5f2552bffcdfad6d1b4f3b2eca2320fa56b5dce,1
0xc5f7bffb5cccc8c87ce9a377ea488993279c0e18,1
0xc60381042f5655fd82478099dc1bd6a0eebab7df,1
0xc6201ba14b80518e15551e0486b97c7588b1e4de,1
0xc627933de09558704fdfa9a5270e5b1a1ae5108d,1
0xc62bd168fc3e2c59f32c95e5ec902aafbfc4218b,1
0xc62c14cf7ed0e7b20a029562c0d21be84df28765,1
0xc5c720227823e8b87f89c53d7ef7d31bcc36884c,1
0xc754ace4dbbab0d53cacc12c158e185604dd680c,1
0xc754cda9200c2e9ace4c91abf62d1c8bd215516c,1
0xc75505eae1596c6b01850acafe52fbaf9f2888d8,1
0xc7637346e1fd168383d84340b5ff5c8b945b7e15,1
0xc766164ee89b9f2c3eca274d8cbdcea738a3887c,1
0xc7706fa684ca2e5c810960926b5be6f670e8370b,1
0xc77339c715a0c15eb35180154ab8bdfd27bb94a2,1
0xc774be8593fccd492e283e241313bd14ad349a0d,1
0xc77ed38e1951205884ec79ed979b238059cc1b6d,1
0xc78fcac7abc35e126cf4c54b19057b411adee0dc,1
0xc7aa050f59f22109a2a4f1f522819d5813a28a0c,1
0xc7b5126c21cff618a8309db0cb5b64c74c473a83,1
0xc6b423fc424251754e20c8e5a7bdf41a06c0f5d4,1
0xc7b7fa9554591bde3755e3138e5f3e73e5331371,1
0xc7b8afa7c74378cd16190069d97f1a0100d4d8d0,1
0xc7b9404b2bc4c3d7db169d2b4df7bb338b5338e3,1
0xc7be1879c1905f23f35d9afaa304a1048167d90a,1
0xc7c42f7d84f5642bf160d3fa27774b10ba1dbf80,1
0xc7c5842f43632f945df59ae1edd63c0f60f7d329,1
0xc7ca98848edffdfb18ee638c1eb671b413b2454e,1
0xc7cbabfb0bdce3e621c60038b90441c937b9dee4,1
0xc7cc356465c8cb44a2ee6a8bd1ecac503adc073c,1
0xc7cd496a2f5b4654fd96ac6075bdb75c7dd7da71,1
0xc7ddad5eb768059f2311df16ac898638b7141e92,1
0xc7e1599da17eb5037c6f6cc9e644782b9f5abad2,1
0xc7b75393b3b33f9d214832ce976036a9dbf45ec5,1
0xc6b51343aa1ac2ca5738197e10c0a5960d6fb392,1
0xc6b97adccac9b054a4b6c9de03048efbacd6c914,1
0xc6bf491f0b3895677198523c258bd947b11af65f,1
0xc6c9f73a7c4ed430f03137c1596e10e92725586e,1
0xc6cf8b04eeb3a2459eb02396eaa29e4cae6a5280,1
0xc6d070b78b652b6d7b62ab05f9b95e69c79120ab,1
0xc6d2f883d8f8876358561e6dd56d5c732192e617,1
0xc6d9ac3701a2a6152171f27ba49fbf2307ba923a,1
0xc6dca5ce6d65970aeff07e152920459055b37e57,1
0xc6df28c9a4a8dee447e44f17247835ca6846695e,1
0xc6e0b3aadad538932eb70b270f4651080cac6f6f,1
0xc6e5a1f4f5005206436cd2c4fd5de6bb0c06285b,1
0xc7456932c7e195f40daf8b22d0b073cfdd2b4a39,1
0xc6fc40778ab76d66586d38806d8b5166caa63f58,1
0xc6fd51a748457b00f25d452ba4eba59fd0993926,1
0xc70246fcabbee3d40fb4864c6372a25e212c24f9,1
0xc703629d963b94152e6530f6596af616779e46cd,1
0xc70af5fc7843e92dfe0d2a9df5832e6bd9545fd8,1
0xc70b293a691c844aa89d5bd4caae7827826f934e,1
0xc70bd927f1b29dac9ceea79f167d85daf42475f5,1
0xc7183cff58061f234a3a769d2f41fc6cce991e27,1
0xc71b734b8e1f9ab7e7e2127e8f35503a62876a6e,1
0xc71bdb50a434ac0245d101d65f93f8ae19e4257b,1
0xc7354b3c717815c2f18fa86e4a9b8f70131c85cb,1
0xc73c881bce4f986a93d259e654a5279b886c5094,1
0xc73d3ccc0ef3fac5878f806bed2c87f4b7616481,1
0xc6eeef3701823933aaaa1b3f578a5f72440ecab3,1
0xcc75f244c2d40ca25facfd67f2ad371a6166a3cb,1
0xcc7b6deacd39edbfda0d8e255f68fc992fce9d08,1
0xcc854a6970d8e00585deefa4ac38858aacf89f38,1
0xcc87f548f8071364253f96efc584eb28347697a1,1
0xcc8b6e38f6bd34df55832107ae8832d8ce668c2f,1
0xcc9420a7fcf093d3ec5458242b2717247de62929,1
0xccb1d8570cbb92434e45e9603548326bf050ad79,1
0xccb6d0dcfd93a2706ce03562abc1e23a44018433,1
0xccc078aaf8888c73d2bb5e37d9b5df0eaa0f8f18,1
0xccc8f00e501bea2125ee1495169100655e790f48,1
0xccc9961ef48947429b92bdfd36d418e64a955c6c,1
0xcccc7fa0e1ad2cba2deb2c6c91606c09cdae3d9a,1
0xc9d5f4d5d855cc46439402a0c4d1bf98a3dee499,1
0xccd657b1889adca65c320d2dbedccea8fb77dcb3,1
0xccd7d374748ef20539f4ccd105b4d2a13cdfbcce,1
0xccd8839f66e4f9e86b2784a05e614eecdb9ac6a4,1
0xccdab2deda02d6e38b5f7cf3f871954c7915196a,1
0xccde59a66330b0ff29144edd5c4ed4f149cbc5b7,1
0xccded5da99f5eb84cc58b86fb553e1c21c47c26a,1
0xccf127128f452b7d5519a4f8aedaf3106fbefa21,1
0xccf749f83dc26a1d59bb55aeaa463d7555e01e97,1
0xccfd5ed243397b69f1a00c18855c576a09473cb8,1
0xccfd74d6a7e43fc0327de77206e82ea87ca92a6d,1
0xcd0856ec936250a300356f88da25a4c72e70877d,1
0xcd0a8c62d4cf4509989b74496796f2609522540d,1
0xccd417469c2db183c24c9b276b4d0686e5d3dda2,1
0xcc19197586910d871e0b8cb6448fb4bcb2039826,1
0xcc193e6112c34d4f6e6357d7c2cbff917f6e120f,1
0xcc2470ab71722990b61b3a44cb15ddc1ef91210d,1
0xcc248c87d7b84e80abdb790ab84748112848d781,1
0xcc2b4f8732457887ddb2c889e304ca9a5f56c7e2,1
0xcc2dff13d7023ce70017f50bd6d988729d65cf48,1
0xcc2f77a932c432cd11325f92c0ce0eb1a7e59891,1
0xcc370f0c958e0c5b34b4e78f1c1a5a8db708a3fa,1
0xcc3a7085d37987bf6e3ec664b55098523e9b3de6,1
0xcc3cb0b994a3bc5c12b43229c73c4469b7b14a3f,1
0xcc3db632d03b7fe74f8102e68e8ac23f78b05a0b,1
0xcc3dd792e3012f92e7e8e42084ee670bc79de9c9,1
0xcc73bd330a763623d340e14c8886a7548d676406,1
0xcc3f6f58d8200b2c3073a59d8631566188055d70,1
0xcc4bc071feb135f559b7e4ec631081b565354d01,1
0xcc50b0344adeeab45a60d70d839bf09ba1b74dfc,1
0xcc595ed5fb400531866ecd6fc3023e417edb8e9a,1
0xcc5cfa55d9da154b3e86dd2594cabc253314238b,1
0xcc5ecdfc4f4b81e3363e6417031a4e3e3186a2f5,1
0xcc628b9e985159a3cbf0be43090c72c61ac456cd,1
0xcc650e6ffbbf5b8d3fbef5d6738cc3d38232cec4,1
0xcc68730102b3222b399147fedc7e8f0e18011702,1
0xcc68c7158827a0a1cb6dc670997a79cb98778b4e,1
0xcc6a1684f3326ec8960cc91fa11a9c48c6c82a69,1
0xcc6b837419ab05602beaea76a8080e5d62323913,1
0xcc3eeec73c94b092ad8f8da49c3fe76e6243b07b,1
0xcd9c3ae2276de9dc5304077ef89c7896da7cbd95,1
0xcda20a49856d921015ec4eb315d9a5fdee340153,1
0xcda7607734e8375004c185388224fc161c02f7c1,1
0xcda93f26c933837c8ebcbd49eb5050e14df32f1e,1
0xcdadbfb3711f6eb61e2e5add69eff79bc9f29709,1
0xcdb8a2e34568750f0905b3a11604c67628a33409,1
0xcdc7cbfc27c949589f388e41467ecf4172d6c53b,1
0xcdd0b51b01cc290b5051761b41e64c49d940c40f,1
0xcdd42402eb137f7117a95514ce93c400f4db9533,1
0xcdd5fe925349d62b26f842cc9c98ea1317f34b61,1
0xcde3e737645cdd9bd4a0ed0f8c9ef37ce7e57e55,1
0xcdec9973ac14c56ca473aa3da86b3d61785cbed6,1
0xcd0ac50120a227fbf5b3a709519475f61c3e65f7,1
0xcdf48a58ed7af9917d7104f13d6e7680a930d1d4,1
0xcdf56a6f642283db2b02a22a58843e75eabac4c1,1
0xcdf62ca0944c04bcc277b90bbe944d821eef37d2,1
0xcdfb459ed29ef1b4850e7f014631d64868ef7c8e,1
0xce0bbaf18c301675633239d8c24fa2c3d53c6b4e,1
0xce0fc39ee4d42d76ef4271710d5972bcd4d36d8c,1
0xce14faaaf56c233fc24480d0252b95600dfc1c9e,1
0xce16fa5c5621b07d8428ff7611ecc6c28f84e035,1
0xce19106e0236751dc6f23e57e12285744391da9b,1
0xce1932c258cbca8ee4c01d80ad7702b7d6dc53a6,1
0xce19667cf5cefae770999039f70900ca254df204,1
0xce1ced98087719981954cd06e6d43119c15cdec6,1
0xcdefd5f7c5516f3cc5a64b7c3d7231f13bb2a759,1
0xcd0bb59a99149bbd369d554c1a299b9133332ca0,1
0xcd0daa5393463b476925554efc3a7d466acf746a,1
0xcd166d6e0c4993226a56bd8b00b7c4e03c88ab08,1
0xcd19694f00b0aaa124f4325d3f1a23785d8a3693,1
0xcd1b69f8a2fd0d37b8bdcd2ebcf2608f62d5b331,1
0xcd1f9bdde21f14d44afb021532f535a69dfc7cf2,1
0xcd20615415e752e9ea1e52409b898decbb536998,1
0xcd272e810823fba829cc5842704912d8105f3036,1
0xcd28e649bb47307f19041b694870a11ce4194a93,1
0xcd29517dba30bfed6bc663e80b784f11327fecad,1
0xcd2bbc436904093f9c1e58d3d9c394294c8a053d,1
0xcd3159a049bf0237287b1f8c57074b01da7eefc6,1
0xcd9bb93598dea55666862192c396f1bc4a8fddfa,1
0xcd3b294c851c293af3fdffee332842241f4e3f9e,1
0xcd46e6c376d19dddc3b8e01ecce2aa97a6f88ae7,1
0xcd48ad5c70b717998fc62bddaed1bdfbabbdd916,1
0xcd4c3ba2ea11e2d9f0c7f8114d92fdf8b7305f7e,1
0xcd4d03659a768961083605dc9a15029c29aa6335,1
0xcd61ebab4fe1ac4931c64c052ccaa0a199d2e657,1
0xcd6a7654f87d787ee38dc3a3e48061978b964abf,1
0xcd6aeb47573355cc5c61c7b61c51e9414100c05f,1
0xcd6c14a8189c931077ad1e41e3744b400ec2085b,1
0xcd6fb2a48f3696f0e6c587b6279d59c1c3b8dd04,1
0xcd717268e2804742f1ccc311e75bdc1a51b84bd5,1
0xcd80a9fe988fbb70bc578d444baa9c60c994489e,1
0xcd939b776792351f172b81bfaa49c4fa7d2b860b,1
0xcd335ffafc103c80e4a4179faf96b9adfac868ff,1
0xca6576b95002e034916c3c5008f12426ded305e6,1
0xca6a6db36b566d87673c25a6cf1680d0ef9c5d01,1
0xca6f2af6c0f01874426cb38a3324a91f4654121b,1
0xca711d4a2610a868539ec1c801f416e3290e8060,1
0xca734c57a843f46ee8c403ae56961cecb4b26713,1
0xca73b8f5b995f63fe27ffa131d12ecd0126464a3,1
0xca7ac49e7e8ab4d6d88e2dc1721f5c71dc2359be,1
0xca7c4a6148bbd194c40c6a2cc799090f7c081754,1
0xca7d4b49adca2cfca313ea380d6dfc1542706f80,1
0xca7dc60f0be826a0b5c62aaebce89832c9e0cbf3,1
0xca862668898d5742a66ed9345831d2b8bde15827,1
0xca8bd445b02ab24850da7cfdb1df852a4ac838c3,1
0xcc16b16fead9fcbd6fade81370b14f428fbc3514,1
0xca95f43dffa7c154174f6135094a1fb157238a6d,1
0xcaa14cae99e51c090dc27eb74c81e07414314623,1
0xcaac4c01241c0eb26827c5c24408e7bd046db7eb,1
0xcab7443ca3d0df493d7fd341c5cd4ace200dbdc3,1
0xcac5cc119429c02f39dea3902d60225d741e8fcb,1
0xcac5f95f528d5593fc3d625ec50f64e2fc0e7d8d,1
0xcad0db5d051ccd9bc8af2dcf51a941d39dc1be68,1
0xcad5d352b7503d3ac58ad4d0d7345872498c0dcb,1
0xcad83c97ec837938c5994a6d9f9787465d119b9b,1
0xcae71d2829da8a4ecf49486aaf774776c3056d2d,1
0xcae8ee5c45b6d0de8b10347ee4a4faf69d1c198b,1
0xcaf200269f0b71702d80c973a8db71f1d5abd364,1
0xca930ed701e72cb83df9ff59c8f64be08ee15e3f,1
0xc9d7fefeb3d82023f282f58bc7b05baa3ba52fb8,1
0xc9e2bd10942d259e59fed7fe8d3492f5a091ebf0,1
0xc9e2d37c0af62c8b3959612c57ca6f4d28fcef2e,1
0xc9eba8829fb0079db23772a6f499b105b291fd92,1
0xc9ef16cca7b0cd10fd7b7cd4b2b9ad1f8f7c3cb2,1
0xc9f2bd9ea2d8de7a9ff9c75f2760eb3c25cbd4e6,1
0xc9f490a35c6b0bb09e44843a1266b5a53b0c102a,1
0xc9f85edecd606a7f714fca49b9a88424f1a26e81,1
0xc9fb738c3201c2ecbec71bb23fea0703c62ab25a,1
0xca040e279f70613db4ec45414effe0be4b6c22d7,1
0xca05c4ada58d32c328c191a1f3b5f19f048fdaae,1
0xca0729f2644a64214781f92c6d9ac6503b843ad7,1
0xca4f6ce180b2ace89b6ff51501987ab652b5a4cb,1
0xca087ccb5ec99c9423780c83be714997efba2460,1
0xca0901e916b0f9ccbde2d7f93cbb20c80016b522,1
0xca0e6c921c6a24de3086da30b113f979c84da4e2,1
0xca17fe5d0b3884be7596262fbafd31591c9806cb,1
0xca1a6251425fa662bc167d590194ed21bf4cfa39,1
0xca1fd6018fc5be001c6224baf0517fd761150dc8,1
0xca2cad5c9d6962b48f5ec8f52dc01cc180b32d1c,1
0xca35a237193e6e67559814e632d92556291d3fdb,1
0xca39266b2daaa2bd3dd03006f3a0370b290a6ac8,1
0xca4063941eff8d0dd5ac7e9f30eeca4ec144fe12,1
0xca4796ddf571927927c3d761a49e26876e920ce3,1
0xca4a2eeba589c051c61587b76fc71f5e43fdabf4,1
0xca4ae78ff17c9266f5f31968876b1c13d9486451,1
0xca08725f32cf2d5df448ea2e9f5a2a51904b24a1,1
0xcb88de7843b5f51f3a6a74e3ba814540b9cbb31e,1
0xcb8b9882a84ef6f3a3a98987347cd27ff415526c,1
0xcb93ce388887956d74248974b87a03554e14d0a3,1
0xcb954b78f336656140df8ebece3193e1af8576f7,1
0xcb99b763aa45f14d70c18178a4ba88d30f533c70,1
0xcba5f4aaaa821ba74f6d9dd9ad485f22c52df156,1
0xcba6908270eefc94d4a6bf756c914a6eafc1060d,1
0xcbac16d5825b637634c9c29d62ef80084181eb59,1
0xcbb70d2017c9dc8f8c8347e2001148faff1eda5a,1
0xcbb734e8cc70b7fd8e8ab4677703b5697ca1677d,1
0xcbbb265b187b76b79be438d53aab1073d686edc2,1
0xcbbe0495eeae6eee34d75d013a2e1cf040a5e9ed,1
0xcaf4aa0249726c56c3ec4014941398623a148356,1
0xcbcdc3e953b5ad9b065892aafb5757e64406fb46,1
0xcbe4d46a9f853af7215f50c7dfd1ff8e900d36e7,1
0xcbe77cd93f98a0e728613099ada3caf85f3b1ab4,1
0xcbe9b816eadafba6b4ba73e07a4d8c563539d65d,1
0xcbef0feb38a824ed2c5d3efe038d9440a68a6a11,1
0xcbf98504dd27035adc80c99eea8d880c852617f0,1
0xcbfed396cc9d310362779b5d06925d4e9d071889,1
0xcc0102384e686cfe6f4bfdae81d69d4fa1ea37ce,1
0xcc02fcab775118865d3415e24a903d2a737d5e01,1
0xcc0ad145eeef58b3e1be38db4799a79b1eb44056,1
0xcc0b59b93f309c4bc25a5f38508eeaa9bc28cc2e,1
0xcc0f2216b53fd130086da7ddbb0a54346a240061,1
0xcbc88c6b5b5fc07f16d72f2402c83b431f9843f3,1
0xcb017e97fccbced6ffeb0902f42190f684b57df6,1
0xcb0338ec82944a082857ec9713ea58a4b0f0a152,1
0xcb0859638fab9f3ca0ce55b9bcc104abf51194e0,1
0xcb13a3738322333d9a90fa709820ec30b396ef99,1
0xcb19b12bd8a0cff1bf524ca858f1b0b31b49b172,1
0xcb2a3c2668a9b290ac83672679ae7ad3c77b8d6b,1
0xcb2b91cab115d37cce3032bddaf9e1c1322c5d6f,1
0xcb31df16279f12174c5e2dbd2a9506705c45e6cb,1
0xcb3fcbcbeffbe19f69e22445be943b0b5af5d3bf,1
0xcb408ffa1fabd75612f0f408eca4ed47b0f0f90b,1
0xcb44dde7ff1b543f4ae0b91aa343d3077a55c478,1
0xcb49b66eb9938e5a49c89a3c3d91024b3dca4dfa,1
0xcb87efca9a32e8b47b5576ae62d4f08db047b1ea,1
0xcb5339cb290f8e75a3ea0907440c40aa264bae66,1
0xcb57f3c205ef661b4590c45dbe2a6ebc7e8a5ade,1
0xcb5e56059fc4ba948d8b70f3cd113554f0926413,1
0xcb6175ed54717539ca40b6c2da877dc3c9aecdd7,1
0xcb64ccd6309c41366476e1bc8da0a28379a581d6,1
0xcb6542ff2ffb8ae390f7322aab4e840a8c51061d,1
0xcb69101b349a9a4f49ef356f1f9506c1088fd9bc,1
0xcb6da0740a624a9f2abfe811773ac0c82043d7ac,1
0xcb70bbc252312beecd17120c0803d8b0ef19e682,1
0xcb7360707c06438f03e8018cab406a7f29135138,1
0xcb7806543adb9da12d49f31f9a174751e1f3bbd2,1
0xcb7a80621f4b8ba179c3451f6dfbfbecc34ce084,1
0xcb8100c374f71b7c41aa3d43dca88a8a614168a2,1
0xcb4d9656cc2360a643b9be48b4b5c4a5b2426909,1
0xbef3aeb181b7b005208cf8296a175069b9221a7c,1
0xbefdefc3297543359f03eabaac963807191803c2,1
0xbf006768a91d86bc63306bb0ce042cd1fb6c144d,1
0xbf08df3365d792c8f166a4836a8a106270e6ccc4,1
0xbf09065a4863ce17047c414396218303a662d6b3,1
0xbf10e3466fd8bdd1b160e4a6e7ca6139bc376ffb,1
0xbf135e1c4460159587d8df7a9b9f1a3b89e81e79,1
0xbf15479316185207a3c012935701d556fe34bdd7,1
0xbf15e0eb72747a2f0e9c7dca3a31540aeec715fe,1
0xbf2fecb7206defcf6831cdf6e072983cda9d3534,1
0xbf3e27abeed7517056383340bd13212b78d3e12a,1
0xbf40cc6af83f8d64d53e551b4e627bb0e91f77ea,1
0xc57a2973e1b4357ba6026b760e989dbeebf646be,1
0xbf481423d14668757e16f6c631be495341e49704,1
0xbf4ce62f9bff8e8863c7df9ece120e7c788c6798,1
0xbf50c6e83d530913191af3a64509141db4fd0686,1
0xbf55efc2b27a3aa559af958d43f5afeef341551e,1
0xbf59e50ba8e7070894f34b1590fc4b205e6887fe,1
0xbf618315a5a976345f09748f284e1bdd8e5e0a3d,1
0xbf733b63ff9c30480b5416be7d4f8bd24e9c8bb4,1
0xbf789f1617b9e208467001ab90503ba22147b0f6,1
0xbf79f2bb34ae74369c04474e14f49eb16587ecd0,1
0xbf7f040287d186211314bcf9891dceeab3e8f4eb,1
0xbf81c95d2cac5e3f52501d423f987dd70642428b,1
0xbf87c14c8fd7a1046538f5d7989961bd85782a56,1
0xbf475b18165e1d941a5334285ac2c9bff28734a3,1
0xbe7decf81f337b9e986e1a5a66a5ad0a8104cdc9,1
0xbe7f832b79a6d15fb950309dc8a81ca8d9c7747b,1
0xbe80b3a885ac56cbc221a3204db7306560b9d430,1
0xbe871c8fedecce02e4c730c703c3c111d5f1da21,1
0xbe8ec0f9dbd9a4034bdfd3ddede79d56ecd17f88,1
0xbe99929a3af7b8f6ce64a545af968cc2a3145d51,1
0xbeaa2aab00b063db98403567ceeca8416b739834,1
0xbeb0a14baa0b8e460465642b5e7387ac987a45a7,1
0xbeb5183e9a4d44bcce9843a3c49af134ee50d814,1
0xbebd139c0644a8d8d396f7189beee5377456b5fd,1
0xbec78831638590e6d9b6935443d7e5d1b380309a,1
0xbec8c7edf83e0c836e5984a8e73a93d75f0f4659,1
0xbef200c5b5145bbaff68fe2a99c4d266958581c2,1
0xbecd424c490a2586d3035c2793bb13b73cda1cac,1
0xbecfd820cb4f52df354777f0c3e579aa96f35037,1
0xbed1180dcc4f386a1f70bbf93ce54cb2111e2ce3,1
0xbed52ed0adda2a7a6d61dfd0c90bf4986afe708b,1
0xbed56c5fd5abaabc04770f6fdc32b5b1887d6976,1
0xbee0b562c5c91ceeedcd69189f4989c5bab84deb,1
0xbee1cbcf27e161c1dbb3374fd2ce6227bc70c894,1
0xbee228c94ca41c60899c4ef0eb694f0586f7e652,1
0xbee5b2e976c3fbf77c894d9058396f426833c635,1
0xbee98b99d8762d8528c37d1294f708d3f61fb3fa,1
0xbeef3d644dfd44a2f9dbecab635853ddfab93543,1
0xbeef9b803a6853582cca8861f63e0263bc30e771,1
0xbecbca16df1c75d55612590ac90c2899d542427a,1
0xc02df33c4e939e265319265b4dcecf257f6300b6,1
0xc02f753c3b57d014518acbc9990a833d1e10e7ad,1
0xc037ac83197adc508f8bce5d91c773a0b4b237a3,1
0xc03ae40e524035f3c9b6703877e2956f3b35e2d1,1
0xc044810a7df28789a202547cf91144dd80c1f1ae,1
0xc0572852e512b78afbd3afe80f78cafc183067aa,1
0xc07695e54b0ac3efc73e41d965d3eb41f0d8a89e,1
0xc078aea779ce4ab5a8d59bb2f7a7a47d17a958c7,1
0xc0793324b4cf706daefdee3967c9cccca69c6ecc,1
0xc0867b3bbf240de8239357fc3921ef2cdd5dc5b4,1
0xc090798208cce31c0505a657466a9b89df0d6cad,1
0xc09087505ea7c2cda1750c12bcaf3a4ecfacbfd1,1
0xbf8e6fd1eb2f0ae26aeef84d57d12d7eb53e154b,1
0xc09468d9101acfbc61c19bd2f497269632d38bb7,1
0xc0950527135f70e45e8773f96d0b711430da9958,1
0xc09dc39ceddda5477eac4c2e02a561ea4e74c2c1,1
0xc09e636a8515148d79314014ec06388fb492eefe,1
0xc0a204b34f66e0a4a0394354557e00a3d611445f,1
0xc0a880d18a07a6eec078666e81e10eda8720a3b3,1
0xc0abccaaa48b84215cd8a65b0eb031f2a4deabc1,1
0xc0be27ca02d5911168b3e0513159f1d3a02d031b,1
0xc0bf393f57284e2e3e5595b49fae535554f5bb04,1
0xc0c77a37396e04511fb20ba53330fb987a9e0132,1
0xc0c84a92f01383030fbccf38f4121d5e1efa2586,1
0xc0cbd63d3006d9842148a933be5a2bc72a07d4c5,1
0xc09208119fff79b55187123b70cfcd650ddf9936,1
0xbf8f1a1401513f4c5a0dd9bdc561f926f6d20147,1
0xbf943f54c1f8a72235c342bbad2238c091745701,1
0xbfa3f527e833379b7b1d04f8b9c634cab4d7ce36,1
0xbfa613bbb018409a92aceb85f821fe953de62d28,1
0xbfa8d5d001488ff352899f09ff543051dc8171be,1
0xbfac3edd47d5ac05520b2b5344d142f85c6459a7,1
0xbfb4cf3439db31a2ebcab4705a48d51073e2d856,1
0xbfb810cd3274d4f75fdf26f2644cdc379ac1a843,1
0xbfb8f0077bab8130668ec00c43fdacffdf28f455,1
0xbfb99f9a8238e63896048dae4b3ac89e51327981,1
0xbfbbf5ba9f4739e80c16e3031a9a4b0b7561ea37,1
0xbfd263538ed782d7722183819ce2183cd0ce9b4d,1
0xc02335786858a6ea66eceb0caa35b6a45f4552ef,1
0xbfd917b0d4559893bfaf81e3c219a574d5bec309,1
0xbfda6f14a88f6e2d96298c08c120624a95d0da9e,1
0xbfde4b6005592651e0e2c96555209ad5f1d73f2d,1
0xbfe6cb7e6c206afa414c8620e5ce90fed8b1a059,1
0xbfef73882bb9d542633ff75b5c5a5c2cbeea77aa,1
0xbffde9e6386eb5caad3ac07f707a855265ae30a4,1
0xc006dd557c598b6519ed1d5ffc630d2c5c9dcb0c,1
0xc0078ba00bbb1416f403e46b62160493fd62ad13,1
0xc00951f1a61a2195a8722417379e30d4344c51cc,1
0xc00a461ee20be389472e06d021d1451839ab759f,1
0xc00c0ee643b986bbc2adab15bc5cb616ca1466b1,1
0xc00f1a0fcd75a95a98c5432261c41273a0f11257,1
0xc020a1d9351b14ecf54b4e28bf8626c4d390264a,1
0xbfd29ecc09632b880f2c9318bf7c7c0b5965da56,1
0xbca49273d25e1ba14389bd1b926ea4c507e5ac65,1
0xbca89b29c2a67001c7cf4e746b342ded0c414213,1
0xbcaadbc7fce91b0d33079bff79730a6d4239b157,1
0xbcb4e530819ba7b4e82be5a2d3644aed1f2afae9,1
0xbcb5e8704df361bc6d62506c2d6fc3597dbff428,1
0xbcb6f123a1c6c643b1b565934fed6af223a89782,1
0xbcbc9ff17f5df9543a299fc110bca472b4f7f928,1
0xbcbf1f9aad534406245af91b7020a7ad9c9241df,1
0xbcc41825bc815e9adb85e8cbc18862c063fef078,1
0xbcc5f9f0cb9b084a63d6d10061463cf4a10cd324,1
0xbccf1e3296b8da449f4e277d1fa34ed5c47f82b0,1
0xbcd8e3e241acb90f7001f97d56ae56f7f2b4c117,1
0xbe5b2c2616128fa34fc4b9bf77aad3b4236e2b68,1
0xbce163c131141af37ff5e1244b1b8a273b113be8,1
0xbcec293ffe84a8a8523641c1c1058d2c2f687de7,1
0xbcf54ae47af49022e455b36a007c685bae3f3b90,1
0xbd0315bf5b333e23f602c83cabedcf426ea0dd1f,1
0xbd0e5981718781b4291b01f5bd9a10744d5b0650,1
0xbd1e29e44829fc6a3ecac66358438766ac00ce93,1
0xbd2561ccf16a0dfdec08bcfcd73d2e32e3cd05e1,1
0xbd263d9d812913c59879b18417416dc07ea439d5,1
0xbd2a10c41ebd4fc43ad6e99a8200c4b27d6dfa9e,1
0xbd2cff59cebfbe5ee6fe2f4b08ba6b668615e33e,1
0xbd3d48bcd0433ee7ff9237256a43f2ab1a62a0c5,1
0xbd46977001c4db5d83e0897c419513e9542c29c3,1
0xbcdd877ad215f53828dca280f84d9691a9467b3b,1
0xbc0039d6fc630ef19378720d3df584590a194de9,1
0xbc028b62bd199f39c9b4a2a88ad74a16fa82bfb8,1
0xbc1322282fe517fdf05f9fe36dc8941c9a144a6e,1
0xbc1dcfb1970060249a3432ed9fa69ed763245ffb,1
0xbc2126df7f3fde71a1c4a19ed4eb186eb9b1b02c,1
0xbc21e848435cd915fcade4cb042ded06231b0e6a,1
0xbc2e7e1b200d74b3464b8f2cadb45f8cdf4ae10b,1
0xbc4fd2aaab0c9fa0771b336d32986f3742ea4729,1
0xbc54ca8329628a22c76f2c68a9938817e1c2abef,1
0xbc5b53304e00c2d19a2dab43a251aee7bd1346d2,1
0xbc5b741063ed988bf98d2d9a4b990ca4bdb95fe8,1
0xbc5de90ac4123fb9daa4d051dd0d4848878b681b,1
0xbc9c6e9da9eb4bd79f3d64b47587aaea60efdcd7,1
0xbc6bdad6814be68582740b22ae0c5371d39e8b77,1
0xbc6f12d39c0bd1fa4ae80d06739c3d4d6bd9c80a,1
0xbc7277e9081cd43540a9cfa718e025f186322a89,1
0xbc741ba122cfd757296f9fdc5453cfa5b29b7c1e,1
0xbc78dd572a5958ce8ebfcdfe656587f99ffc37c9,1
0xbc7a07ccfc6f7f928361cb6fa229ae68b4e9a1ad,1
0xbc7df73ea9e7244aef5181cd7bbadb75474e0f74,1
0xbc7dfd4d3aab44ce5f59e23d081874b84e428c78,1
0xbc8739e33f0fd19406d659ea9e831aa64e3a5237,1
0xbc8ae105a900c43b8f9a0dfd7153d52de2b40c4d,1
0xbc8dff0ecfc90bf9407fda11a8e44b5d7c421b52,1
0xbc8f36f13f726e92098e5b86ee97b3c0653e07c0,1
0xbc94a62b68ee072ef65ca13dd9000f00e71bb0d3,1
0xbc661e7780f9b3589cd2851a5b478f552de981fc,1
0xbdd861f2db7e5c191a59fb9320bdf70c79dae701,1
0xbdd9268f3345266000046707b8d3404e157d0441,1
0xbddf404208c45177b303a01a9e87963ce8793bad,1
0xbdeb533748ed11fa93c071ddc3905850924a9ef5,1
0xbdee7e9de5eac2bcbbc1bc2a6d1753089e75befe,1
0xbdf68180852ba4ca60f64c86fb93aa1290d438c3,1
0xbe057191c03ab1c0d55a2f9d6812839d778bb486,1
0xbe05dc6cf4d2a7a7898fc91a4daec3776b334d9d,1
0xbe0aa28cde5575c4c31a049b38604dc42e54034e,1
0xbe181489b134c35bcbf0e7ea86e6ba1d6642557d,1
0xbe23c1745df9cbc6a25cd00293e0a23d8d58963b,1
0xbe24cb0be512b4fb23514c6b3707f571d691b1e1,1
0xbd498634ca6c9bef7525ffa4746d0c9a1d85e9a9,1
0xbe2af72750774d20a03a6b9ae9bc430d2d4d4234,1
0xbe2e9f1ca38c0093252f2557dede202fafdca981,1
0xbe32502aaa018600519571c3764cbb62e81486b9,1
0xbe3522113662dfa8c7c2cffa4eedb5857b4d0719,1
0xbe3657c040126abb779bca992358c58a6c141ed0,1
0xbe3b0ef2d34099b65287119fd2a56970be319f66,1
0xbe3b6b1fe07cbeffd5a71c7a7b0a40452fd81f75,1
0xbe44dfd644a9c0838b42dabe37d906ebd4da73a0,1
0xbe47a21626f7ee6b7f4411474be44324c47b5366,1
0xbe4a5ae4df2aef03e2c50ff0f3c541925beaaaa9,1
0xbe4a7964bda42bc9019bb9199515a4a73a458dde,1
0xbe578061fe522d03f723a012522664464a9f11b0,1
0xbe2963efdbd957395b6de240bf96f88ddefcc333,1
0xbd4a88903afbb5ef83b2c3fd2ac88b6008039544,1
0xbd5e12ee168e9686bf8f844772f6e7ed56900036,1
0xbd6b9faabcc1695a109acd2c8187efa7e8bc2849,1
0xbd6dad05344df47f3d624d3b2e3b9c9acc6e09ec,1
0xbd6f42157163786d6a73ad11bafa6bddfe0f0028,1
0xbd6fc161b2e13f715109e41b2b6fc3e56bb036f0,1
0xbd722e5cc6aa6604788c8bbe3671daa4de677aeb,1
0xbd730a93f1c36224588d3df9c0add134a6e46827,1
0xbd76881d0cfb2317cda1d135c27483fc2450884a,1
0xbd7ba78767735f3de42bb54eb5a5ce1cc425a77e,1
0xbd7c4023624fd0fd1c97b4bc2baccf87f975c1f2,1
0xbd8610edf66fedea28fd60d3604670704a3d3ce1,1
0xbdd3bde68536066775ca8e9d37fdd0fba124d5d0,1
0xbd8c10f60620a20cb63635e5a7402c088d5cbdda,1
0xbd97837efeb9ec5f3640cc387ee34565f0e5048a,1
0xbd9b7b949d57ea182f98274e293864970140b4f5,1
0xbd9eca7c5eec6997cb4882578b4590616f32852f,1
0xbd9ef9ce7efb3e0aa6d1fb031e9c9aae54c78a23,1
0xbd9ffc31fe246c47288f4ef8850d15146d466fc0,1
0xbda23280c804eeed550445a2c6c6a301a64ab044,1
0xbdba662654ebbb84d139406d1dff8cb5c37e2514,1
0xbdc16a9fcee01266ccb9b173157868a67a35bcfb,1
0xbdc8d9a21ef8f5889023f6e246f7cc89c6b698bf,1
0xbdcc3d4efe78e50abc08ee60e1ae34d4f2ce81b0,1
0xbdce8322f9c71e455c36b6526acdc196bd236ae2,1
0xbdd282754a417b785ead0484ae3c977d13caee6f,1
0xbd87e271fac7b8d342e844d179816fa76a518350,1
0xc38264a531bc096701f0192a74fbd2e81690a6dc,1
0xc382b7b87555372920f9e31aa48c8600260daa09,1
0xc386b025899a8e808106f4595bf2d5174733a6a2,1
0xc3951af363a583736df4df820385aaece3cbbef5,1
0xc39c04625c0d6b6a3b6741d650b2bd810e3a04cd,1
0xc3aacae01d60982fdeb9d3dff1014150b7ed9095,1
0xc3af0cbe83f9b08ee4905215c297922325bb1e8e,1
0xc3b873f0533f6428700266e26c33f3706e70396e,1
0xc3bd2e8f3ec0d21d9c2cb186d526d33ec34fa1cd,1
0xc3bf570d2654fec7822d2ee967c16424def26cd8,1
0xc3c051ed5ed1295c01b9070812f444be3b680228,1
0xc3c4d992ac7fe93c761a959198f093b6711d91e2,1
0xc0ce6913acea1abac7214ab21575e9ddd107ffd7,1
0xc3cdf5fa69c4ac1cb2e6ea0527bbd3bdbfb0f07d,1
0xc3ce5ba9500c36b10effdc6906dfba719b88e2ef,1
0xc3dad85e215a589e2b954f318566cd927af53d9e,1
0xc3eae610e55c430d74ab84ea132ea11e82142348,1
0xc3f19aa9af188484b9a627d6511dec5a7c335d4a,1
0xc3f7b979392286622664a9eae4095f9eddca370b,1
0xc400d4494bcd1973fa8824f52ef6d34c63d5565b,1
0xc4069c66e6d06296821f7b90576a060929893861,1
0xc40cce7f716ed2db818ad143e3cd065a5ecb6bab,1
0xc414b760db9eb9e74fab64033c7bc2428584822c,1
0xc41818e886e1731d9242d12507be3fbdc2027d1a,1
0xc418ebf51a3c6b4158dcefb50e8c5e124d6311d8,1
0xc3cd95233655d2bbb756c9500a656b1aa2041c4d,1
0xc2f1794f0b4ed0222d4412bfe898a0fe900aa45f,1
0xc2f3a76d56518d2e89056c5471e397058610e204,1
0xc2f3dc8f71c7c98b4e33cca86218628dddf4b422,1
0xc2f4b5c16de7cc46d07c63d9c60596258c03a501,1
0xc2fced82042b3a28f8819d15c72a56af37fa931f,1
0xc2fe349343e4e4244d128f4d36c1332a2b36a968,1
0xc30149333bfd01a59cfb7fa15a1e0c894ec8a796,1
0xc30975a15a3de7a33a2b27c6c5e49f259c29740f,1
0xc3112b550cf5b765b9d0ce870cf8992df1bec89f,1
0xc3162c12bd968c4a02980145c80b2f0cd3542d6d,1
0xc31ba5f09b6ef082cc76f9c21bb98a6f9db7bfa9,1
0xc31d80f08d9a917c94e89f552c7b1bd6056b07c7,1
0xc373736c7800e25339a148ec26158552cc25b76b,1
0xc3233da8a5047de4c096aab7bc439bb01e0dd15b,1
0xc32538a32d76e3df9d09ca532ccbe7458cc44d4a,1
0xc33033a9e147755115ef9dde192a060dfbc3cb3f,1
0xc3381f0986c1343a4b4fee1ff468479df810349b,1
0xc33cf0eeaa03b49c78fca55a3e687bf27ca222ad,1
0xc3416758da934f7cb2eddbbc89f0af93d39e4937,1
0xc3464f90c848db0d6a9fc4cf5a7c71a81c1c62c1,1
0xc34cf96414ee3b13e5a6aef3913112ae3ac4120e,1
0xc3564e6bec5d3d5440b8feed57f2cddf8b934331,1
0xc356a02a4bb0ac0f0ffdf110163f1dba9436cf9b,1
0xc35c1a381c85005d6c3d0bec971ed46ed0afde31,1
0xc35c2aa749fb89651bcb20a9304628bcce31c717,1
0xc3655217f8977ff91f5a4579f71159df42251767,1
0xc3227de199dfad55bf5221751826a141ff0b09cb,1
0xc4d0ff0b0a42c6432300c5f7439311e73b35b1fd,1
0xc4d2535d59c536dc5dfdb4bbff52ad0ca43b0c0b,1
0xc4d5cb33a973ff623f32ca74c86dc59fe4804fc8,1
0xc4dc1f357a4a384cf92b9a8730cfd41d23d05d82,1
0xc4dc655855775e5dc4510bee06d839b970a4392c,1
0xc4dc89433a10f1a898e0f1a9aa2af61c3e575cb4,1
0xc4e2aacfa1202778d9f0d96f154c1b49fc882718,1
0xc4f37722b2119146665ee17d08183be5f4d930c5,1
0xc4fd07595b408ceb791923391ebb7e6f911db243,1
0xc4febdc6933c2f17628c6f31cfe74579c6262560,1
0xc5039f541bee63fb8ff15f2ce7e22d5ca68031de,1
0xc503a18d3342166acb484edd108f8f2f9ec6b8c1,1
0xc41aaf291755fe0ad49e02121f0ec770ad4a7467,1
0xc50524c6eca87a62ee0c555fe409f5c84efefea8,1
0xc50eb6691d4ff085071bcec5153c06be6258697b,1
0xc512685511e6745f1995157b797c5c7c1caec171,1
0xc515676d03a76871af80b229d96408506031029e,1
0xc51808fe41c0df30001aa330ddd24d09191d62e0,1
0xc5311b61bb17eba46e054692d6648b8cd608e6da,1
0xc539d281c34bbe0ae958769dc3e02aa168b522f0,1
0xc53cb30923f406267569aa66410933fc5053bbe0,1
0xc5474db46324e9254fe7a33a984fcc569a059686,1
0xc54a1b9bbfdc85299e5172a356b5cb1bd5b0d3eb,1
0xc5568678b563e5b03a29a58d18920578f4811919,1
0xc5761462875d2195cc11fe0449a437a5d6ac1dac,1
0xc50484a02ca2a64333c2fd2107ad129fc1e34a33,1
0xc41cfc6a2b3840fda47ff662ad44cefacabad783,1
0xc42b6a72ad7ae6ed9d837b28215b883b223f7f86,1
0xc42e1b26ec3703dd0458ee85e934139b7b57c751,1
0xc42fff073be48fe36f0c88e7a3d5aa17b25c9be5,1
0xc43427499ab8e27256bc02b24dc20a09a57d87b2,1
0xc435ab27da2eb07eda07eb8e1ffe538fb02506a1,1
0xc4377c3e114d908a94ffce13bbf8d4b1490a552d,1
0xc43b592ade3d5a5a75eb2f4c00cee9e11bfc71d4,1
0xc44264d7515a9626fa4b51d6ff44ed68b7a1142c,1
0xc442a07f5970bb681dfb316e911311a629a84414,1
0xc44acec485ebd7f3b404b258cf38870ccbc2cc2e,1
0xc4520c167cbede1be19bd95377ab4bed820d7b53,1
0xc4cea782c4ee722afd316fd9d5615dcfb8232e6b,1
0xc457813a39183dcdf1abda7e0d00fbeb44f48e19,1
0xc45953c95b43b170c7394f2550fc338ef0320f80,1
0xc45b156211e3b7efbbd4132ae7ebc08af019bed4,1
0xc46d70772d1580a58a126f57c39ef09505f9cb6d,1
0xc47f149d2a882942acbfbddef0e42ce998295420,1
0xc48abc2a8956bb3bb9c8ff5bb81182d62e77a397,1
0xc48c5b7f5c59c524c91d48dd54fec3d363ca06fc,1
0xc4931afc894473116742b4020bd7809ac98ec6ec,1
0xc4a51272ba8e5f96137f635ad4c4ae9ec7e9e87a,1
0xc4a5fb9f212644e250dd1f779e514d66f61df06a,1
0xc4a745518a64f9b2845fd4ab9e97acf1a99c7e73,1
0xc4b3edc48ed52d7b0dde200bac97f003d3a1f8d7,1
0xc4bc0a868081c2f7f82ce00ba2751de2cd32257c,1
0xc45767e3919755a027cb7080b56c00dc77f6f5db,1
0xc17d26952b6a1884300d3f5a76dcece3d46c387e,1
0xc17df7c04bca0c131944bddd095e1dc9669b8755,1
0xc18ad415ba6952c5c8ec1c51fc85a000619ccf45,1
0xc18cc9d542783cf3e4bdad5df7a3177d714945a7,1
0xc192b8b7683225cfd7efa799eb9403c3f5c1e053,1
0xc19d8fe17a17c1fe927899edcfe7ceb65fa9f46c,1
0xc19fa9510257fef52c09ee8635b406f236c5cb39,1
0xc1a271cec8c10b4d49239d5b9845500c346f8c3c,1
0xc1a5ea4dd19dc56817ac47aae264384a3c804891,1
0xc1a670c42a0061dbc9536a28729dee18b2db6a9c,1
0xc1a8b6b1e245ce70c73841d05b14750be56d9956,1
0xc1a8bbb303baf25f0d986735e3a033aa16fc437a,1
0xc2e44f97346715cd503060968b73a657f7b4bd92,1
0xc1b086741bce136e56858678aa14cf0c9a575eeb,1
0xc1b6165ad4232ec91755f0c73ebc20996d85215d,1
0xc1bf07ab7ba360df1f71270aba32577eb7d8e80a,1
0xc1c0e2cff723a2353d07e7d9146fd5065862b8d9,1
0xc1d04fdbbbcaa3cd52aa13e51f0de94c2d098b40,1
0xc1d0862390892eedaeefe51d5d8f8c8c7759597c,1
0xc1db834f0dd331a83a503f938277b431bfb489b6,1
0xc1e3834aa7b804bc20602030fb4e4b8c600dc628,1
0xc1e5d611ba18cfd8b03975e7a4f2738c3dc05ae5,1
0xc1e7ded22f1a3fdc24e17ebce4b98659636475a6,1
0xc1ebf085d3a983ba012f448ff2b642650868777a,1
0xc1ee6727a99acc949a19c0e8abac6cf5bdf3c14d,1
0xc1a92be10a6d9764408aae172cca87b03f5df82d,1
0xc0df111d5f458776284bc9e9499ca88399ba4144,1
0xc0ea29ffb1fdca0b3198b6e87ff91495c8623a62,1
0xc0eba7314ab48354a6d30548caa665a44abc44ed,1
0xc0ec64231ee2225e3d3f1fff99adfde87da5e382,1
0xc1171c6d2dd3b10c1b8d769ce919cba699b4ce84,1
0xc11f4bd630c6c97f4e0ea4a6c940f839de8b58f1,1
0xc12194dbd105356f1a579644c3080922bd55d818,1
0xc12396d194c9f92093188f71544affa1e089e106,1
0xc1251a8afc1c50a76dfafd9cd333fc8338c527b5,1
0xc126e5abca53e5765b1a70a498741e73915e3850,1
0xc12ac7734b79a0fabe2803abd8b5f43a1ae9f862,1
0xc12b3ab5bbd9627d7df58aea67c7216f46706410,1
0xc17ce6bbab3321375a3ff7597a28eb3513fcf1b9,1
0xc135b7f789d04c7a51a468c412accad6452b2d3b,1
0xc141ce118fb8e64dd8ab2b43fc7718935e42e535,1
0xc147fab128d49b6c09febae5f0c73e392ad17f91,1
0xc148b2786835193cd692ce5c7748d6213ab5777c,1
0xc1504a7fc58eabbfb82653621c3f084890fa5eee,1
0xc15d02ff615865690895091196e5c9c983048822,1
0xc1621eab4c3117d7c783085741dff6035ed0375c,1
0xc16816e90094bcba73727bdadf5db07e625e3d70,1
0xc1692322b82aacc8f34895857fac110237b57c44,1
0xc16997ff6b4db90dad7d972200833671fdeef87a,1
0xc17419a703ccd14761cd739be321b01cf4a29cb1,1
0xc1754f617076a2caa19235c4b70a3c2a173bc6d0,1
0xc17b104fc1d6bc208749a129fc2bb6d25f737d69,1
0xc12efb30b56b2a4214e686abe1c2bae2604d48c9,1
0xc2820b37097cab5b31405e98b51c2fdf0f189103,1
0xc284e5fd0e32dfeba34bfdcf367fb01581a73066,1
0xc2855b633db8f7ace1558d6b88e397170ec507b6,1
0xc2868424f3f456b5525a277aa75162ae96c09752,1
0xc28e901ef0f896a9d041438e7171ab4e9e471ba6,1
0xc292187de1a01d92d8a7986ca6d220b033a04fb8,1
0xc2929be6da508f2e1d00a2da948bab6d1b846d99,1
0xc29ff0ee1619a8c0bae5c366edc146bdf778c471,1
0xc2aa46db4e92f7888c3fb1688f898bc28a45c402,1
0xc2abdd4b88181cc3eb73ee794fd718d8e4aa19a0,1
0xc2b3d620120f94475ca425feb4b471e9af83c6f4,1
0xc2bd2fdb9ebf3ab0d14683910c287abff53da0f3,1
0xc1ef812187734538051fb91fb8671c26114ca8b6,1
0xc2c8853e0fdbef38ad5ada68a146cf627eccf7bf,1
0xc2ca5a4be558d47af9a3d2f680e54d9acf99e1f6,1
0xc2caa5148fe9bac277f1307a9221334be06087ff,1
0xc2cb54b2cacbbcfef1f98339ebddfa06d743f127,1
0xc2cce6b0de9f7a5fe5c148f5e653c0408688b3d0,1
0xc2cec5cb071adcd466250930a66521c44dd14beb,1
0xc2cf041ee2c40a7b622b760ee506a418f4de4336,1
0xc2cf846aa59a21219fa9e67aafbb6664e403f8ca,1
0xc2d129268f8dac3ea3b05eddb99997a480351159,1
0xc2d25402d219bf89bde3acbcfed7ebd717deec37,1
0xc2d65266c09012dab8a509b817a15125795ada66,1
0xc2e1ffa2a33e6c49d2d7de5df543fe7b67a1419c,1
0xc2c4ba002d9c955559d672cf15c053e59cdf6dcb,1
0xc1f3fd21b8a0c486d50c75e574aa802384c869b2,1
0xc1f8fc758aa60be54441109a173f583cb5e3dac8,1
0xc1f9a80ef3dbabce3ec38af6ae1f28c0aa1ff840,1
0xc1fd2af019358840bc96449955712c3b2e7b6fac,1
0xc1fdd38388221bf4d2fd5583fc887fd6a6c13f5c,1
0xc200ed764306f45912a89c87036196735bf46886,1
0xc201f1f379b477009c77642dff38dbaa1257fcad,1
0xc2025bfc518e881ad94596d354fb24f93298d8f4,1
0xc2075dd309ff036e31eb3ec4699a990760735d29,1
0xc20a1d75fc66cc0c670975ca8b9e20027ad1a526,1
0xc20ec390545974ff924abaf05efda5d7a275966a,1
0xc21766afe3b18c05455c91579092f0fbd5ad1890,1
0xc281c0c7217b516e43197d0ca8fb3095d374a47e,1
0xc21c0d0dd24ecfbef5835c722e91d1c2723c37e6,1
0xc22a0cb67fd09bb4444dc773d0970ceede6c6f8c,1
0xc2337448ffad883bcc87a3420ad639e6fed9784d,1
0xc23438b5bf965ce428e519f84b2949768f77c79b,1
0xc235acd0cec394580c18a5a11f5a9929946715a7,1
0xc2371ae82dd19638bfd0cea2160ec2259ad311e7,1
0xc250406831eaa67f952dac07e848549f56d73489,1
0xc255ff228d1c4e3474a3d6fb53392daeb2b70d83,1
0xc25a3f6c241c9ce8b05809f624ab7e9d980f3334,1
0xc25c6b5a989806ce9339fefd3c8e3d48ba5f3c5b,1
0xc2758302e240e87f643c8b0eaaa87e628d105752,1
0xc27b702928bbfd46e67bfdc2b58856bdf186ed26,1
0xc27b729aa458bcaeac3e5a977f90e96a90021219,1
0xc21796f93fd29a647f1f106240768dc1ce8f0343,1
0xd8e82e0f9ee87575ccd0f3a0d8c810f84e179a89,1
0xd8ed97f50ddb330a48ddfa2d5fc2731b930b802f,1
0xd8ffcc676ccff727944ab48ff9871fe1065430c0,1
0xd9032c3b67bc4582b3d9d7bcfbc22f77927b4c3a,1
0xd9035e296b272ca6e282b33376d02ca1ffc74777,1
0xd905a6c7de697509d696b42a8e0becc893129f8b,1
0xd905d595d82ea0262b345fa3620830e989341e2c,1
0xd90631c5b48928bcd0ae4a2afefcdd718d89d1c5,1
0xd9101b4880ca968e6d7b95b8261d40a0f71eccb7,1
0xd910b7f72ede4bd3fb6451e97fd0b0595d688c7b,1
0xd915e07a6873607ae2d297b00f2c0a45db4578a8,1
0xd91f676ee8622911afd360a1679f885578838573,1
0xce1ea16385653b9520438de8274efef573171fad,1
0xd930a3455a38924522b95981866adc577f96a89a,1
0xd941328c479e8c8cc3997709e7c723b4077e20ea,1
0xd94405ee09b7dd9b9066468ba02e99d6b8b82426,1
0xd948a04bd8aa9fa70bae48e86d36f6fb53e22c68,1
0xd94a0157d0714cf9379bc6487b222f5b04b04e37,1
0xd94bc98973d0a3578b839b8399e296f182a25360,1
0xd94e292f04385cdd7b05ede6ce8f3464969c23cf,1
0xd9525078f45f921247b887303b77b2eacb19409e,1
0xd95405cd237fe8cd940bade90800ca0b99af5b7f,1
0xd95be7b7fd350d84f86d0a5940296cd276eb206e,1
0xd960e6ee7e92c076ffc92b433a56003c6256008a,1
0xd966b69ac4ada98a5b10999e034ce18f73634853,1
0xd92f0b0ca91466906a9fa17f2c9563bc8ca88dfb,1
0xd87f87d69a78e21fb1d24326ca0023c70caddb7a,1
0xd88b7742a782aeed2af7c26624db6e0cbb057ab1,1
0xd8929277284f2161fca0cb8afb3bfecc035dacdb,1
0xd892d3a261c32560f66b7050e0a159acc94e573b,1
0xd897386821101a0c593747138aeccc929543f802,1
0xd898428dafc7d0630fa02660224f5293d1f81211,1
0xd89cc3364e3c67fad956ca8e23f23fbf04de9705,1
0xd8a13a18d1a95a624e85f8856741f230332f8324,1
0xd8a553c511ff054ca6617f908cd19d6b69c6faee,1
0xd8a65ae85b6579132710890d47687593af5f4f31,1
0xd8a917293812588d21baa65d6bb6ddb160ee2900,1
0xd8b773ea5731a204a894cb70f9860aee083d04cd,1
0xd8e71bb9264ffb68778396ca4d4fd741bcaba7be,1
0xd8bdb31b72b1cc765a80df34eaf85c576f2a33a4,1
0xd8c08e4417415020994cd648cc8c36397aa24900,1
0xd8c2eecc7801ac8d564ae90a1ccbeee50f9b346e,1
0xd8c781e4ab56dd52c300bd12a69372b4698b27bc,1
0xd8d3e67b733b7dfc63307b268413d6fdbaf6d1d7,1
0xd8d6c5184d7f76693b85d8c361af05f1caa0d09a,1
0xd8d7395cea158facd79b6e3fb1cade3794b5c15b,1
0xd8d7e058e86d58850e28b8195c8ab98c1de43c5b,1
0xd8daaf5efa07f8645afabdd35fd0c0f858d49c51,1
0xd8e32e30c8f7303aead98b989c1ec20e40811936,1
0xd8e439aa5bc463e88cdcca8f64a9f9ca4a3521ec,1
0xd8e4893c8a1a848bac8efb61c8b80a2327459fc8,1
0xd8b8923414c4d2c087004cf4315a61d1f384812e,1
0xd9fc65906a19fc25ea672255a808a836656eff86,1
0xd9fc79928503cc1cbda1251f8b8803ac3e6c840b,1
0xd9fe2d6bb7a1fe22e22d085bfde257423c5b3c05,1
0xda01316fb36ad634d3a0d4b7189861c7381e6300,1
0xda0b8f731154c2624248bf06828b1c3c1f3de355,1
0xda0ff369d4cd021e33746e10e0343ea70217fba5,1
0xda11e8f7addee6441811632a4590971e3aff7653,1
0xda20951eb8ce4d4ed983ac90071e397287062d79,1
0xda29d3834ebfa6a33870e23e335e836bfa639f30,1
0xda3035aad779c568a442aeb11558d8d85855ecaf,1
0xda3505c00ba0e712e243b4e8b722ac18bbbc69bf,1
0xda3790ff85704b8ea4fd9f0e36176aed576cf7ea,1
0xd96819ec08712d23d8da761ee81d2d1845a8025b,1
0xda482fc6d87c143cb04837e88e1bc52f29f862ba,1
0xda491208686546a15e5226c57b0933712bfcb6e1,1
0xda5018fea704335f86ebcde76107b39d7fddf853,1
0xda54d7ad7907da942d9ffaa63d447fddea70b9d2,1
0xda5ddeeab338b39f31a60b882852d746b6a8ac95,1
0xda64dcd69d4cfaa64da1fb06597bc6bd328918c1,1
0xda68d634d51db8ed8f53f46e202bc88e30828553,1
0xda6b1178c4f2cd1fcccce18aab06a924cd9b9602,1
0xda7c4a480044173e20db404d89a7c76568b4e2f9,1
0xda7d7b05843e621b0ef7be486f1650721261927a,1
0xda88dff84c115c539264bcbfb091ec52dc82dcc1,1
0xda8e5035d06e10e53fdb57b129ff1b44bc9ad864,1
0xda40db014c121b9e9b875a6aec15d420afd15b6e,1
0xd969e3339f75c16fda88c049f2ffd9f48bb82e21,1
0xd972e1427036dfe35e91d6dbe86af9808995f569,1
0xd972e45c66032e5a396c4d75cb997189b0587d29,1
0xd975cd7231d069fe00346a457dda8b9326b8136f,1
0xd981ac624391c0187c5b9367a5ddc9d98a7e7c85,1
0xd98993ae8c687b316598d6fe4839c05e78de67f9,1
0xd98ba887ea1d94d6e06241e9d079efac784c830a,1
0xd98ea32f66cbbf8aaef2c9195215836f49b447c5,1
0xd99337dfc5c04bd2f6e8570ef83196a98e5f0217,1
0xd993d083920661382a8a1933bdebd010a87c7c87,1
0xd993d80953d5364b348202f3d75671ba6360e704,1
0xd9a08109df4623fc0a6199278dfd6bbf89d8d9e5,1
0xd9f9e56233e1aecc0331d9fcde644c2af7d7c1f0,1
0xd9a9c964fac6643fd26ac6ae426bebaebf99cd87,1
0xd9aefbf74b88732f7d7be9c31ad207e5e52ba8aa,1
0xd9b7919f75a4ab106f4e19d046d7c8bb4393f55a,1
0xd9ba1fb7c5c78d43803a333b130b7e0fc69e53b6,1
0xd9bd15c02b17eb7f0a271a5f0958923e9e398e68,1
0xd9bebb1182f4e2ec8f8b07dec3b6fd7bf0a9d6b4,1
0xd9bf84b2eb9c9793dbcda6975364ac62afcf85c7,1
0xd9c9dd16d243001eea7bdf027977deb799d7759d,1
0xd9cb9f0f41dfffb9730b68c717f39531a6ecbe92,1
0xd9d168dac953aface50b6bbc8de6c9ded2f1e7d7,1
0xd9d1f4812def7cc99912fd3562ef083b8f16015a,1
0xd9d205f815be54466b11c2fd1b42eb1821774274,1
0xd9eea6c276b01e518bd1da15b45dde1469f7dbb3,1
0xd9a44b8e7b03c75e12f5962335ef5481bda867c0,1
0xd7321bca540c1f45fc989f98a66bebeb8b140513,1
0xd7423727caa275c9b02a48c46297ae6921b663fc,1
0xd747090d7305be44e6385410f6d47c6275b97479,1
0xd74cd34e57ea56f0fec3f35d3a1ee48ee0465f34,1
0xd74d0883da394e8c10636c1723c42aa813de1938,1
0xd75403f9b6f193407c7ab68c73875b490858dd3e,1
0xd763e380c78fc939703e7d5761f680aeee28a4e9,1
0xd764219a013b88006105e076a972f92dbe07d2d0,1
0xd766d138912d2b6c75cb890c6e5c1533ca994709,1
0xd767af6b7747bbbf545ebe9318a1191f441d99e4,1
0xd76a6d2fd8efe21d18d953ab1aec21827ced7098,1
0xd770537f2aadfff6806ec380976e82ec4a7f8e77,1
0xd87c330d843c4780f09da46de17c38f3c5703fed,1
0xd788218554a5d6b5df2d23038253a21e9a9ce44c,1
0xd7890328229214096269dd47b2774a541bcf4a3e,1
0xd78aa5fd18f9df77f0b3f129e55bc28f6da5320c,1
0xd791128803862e023d919c8978fb934be1723e9b,1
0xd7918a3722d12600a235c652e014fac83a9feb84,1
0xd798c49e015a24d7562023f3672bd4b66c418942,1
0xd79ac946c3c3362d860e4c8555ef08cb26f40433,1
0xd79d134642b133adc8d75eb5fb74332bccec8f56,1
0xd7a0f753e62c4a48bc6c6a222037ce47bd09b28a,1
0xd7a8ef10165840b07782199159ad587552cd9fad,1
0xd7ad806b73de529100bbbe73132fd32acbdc0191,1
0xd7ae23a4af777252805d2cbd2569b0f0c045e8bd,1
0xd786deb95c0ee27a0e458e6492257643f215a008,1
0xd6bd4757e226d02a06991b3e8d96f3aacdf122af,1
0xd6bf28e3101ec890360bd043c1719e47421cfc8f,1
0xd6c5586b3330d9a5e0ec165584a436f89c90c901,1
0xd6cec68324595a8bcf2b7baebc3c49753ea06e22,1
0xd6cf38d40f3a89c0d9ff604056c571b07be40c2a,1
0xd6d1082778036ff9dd5360834667273a3711be86,1
0xd6d3a15b52a98d720773334437597c3f6567f7fd,1
0xd6d7df0caa80fb46443b0ff68c9cf7d95487019f,1
0xd6df35cd202b63a83b17f4b61a899c276be6b642,1
0xd6dff6d15ca20769e9b6a51e620dc10798e69085,1
0xd6e2fed1bb9fe7ac836e8423f7c9ae2cb653c80f,1
0xd6e528b359e9697bb497b41090eca85307736621,1
0xd72c99f852301a80132672c9dfd72c4cf426de5d,1
0xd6ec17460cff1138dc53ca41f1141a8bfd655fff,1
0xd6f1b76e00dcb18d2c230dde92ce0c1bb9e34430,1
0xd6f68e8f484a6d9585f8c9e8a3df9fbdd4ae1625,1
0xd6fa745e276139fae9c74d8c442e8fb620966bc4,1
0xd70658246120d3f450a60f67ceeb5af4c67e3871,1
0xd7089ba4f9042f7f225723cfe7154e7b8306671d,1
0xd717e399489af79797cf8b754053a014bef2bd2e,1
0xd7190e9556f73fffaebf7e783c1271ddf9e31307,1
0xd71917cacb8a9539492ab4702df0b1be47526e80,1
0xd719697e6c75549a985d4eb8a7c8a202043d2ce7,1
0xd71d53aa06dcbdd645965093de6c916a20ddbad2,1
0xd7235c255c9fb28cb11488912dee553549612e2f,1
0xd7287712033bd4d8c5de6ca7ac8cb0e645768c67,1
0xd6e8aa20fa1fc953f5f83d41ff1b5293e45aee6f,1
0xd80895d72ffc8e42862a5c08ad19eaf38cdc54af,1
0xd809c8f6498f469b02d5c9bf0ef25d5558eb220d,1
0xd80b736040bafa4cfe1eb5e4436b4ddf21bf1a93,1
0xd80f2df25e1a9a1a245bcd2288991c2dcde4477f,1
0xd80ffc5e3f0aff1512762ee9e9d7b14b9a93e635,1
0xd812dcf1ea9d92ed369f13e710e3fac35383c433,1
0xd8163df9fb30fee28989edf3c7cb7805114132ab,1
0xd8267b9a924fc1ad10ceb3d9d312741cac831b09,1
0xd83736f5b03804df5466cce5aa51c994e281211a,1
0xd837ce842f777b6ba5c1824c255558d219c3a383,1
0xd837d9ff5e7625da70d81cb063747ef66f13065d,1
0xd83ad18796884c90a1f10c796865e8b28bc957fb,1
0xd7af9ac23c41f09606ea018403a98d7cabbb01a1,1
0xd841790dc31c86ab4280a566107f6434fd1641ee,1
0xd84dbc3c617b6b0d5df7e1ee8b93c7318aa50fd7,1
0xd84ea7b48ea369f6db8c3c1ef9e93a0665d5eef6,1
0xd851284df1c07a4c830c5d8fb10e1aee5248bd76,1
0xd8563d56de197d7aba278206d316e2795e63d348,1
0xd8608e385424d63ee39bb21213687634b350cfbf,1
0xd86882064a10226e4c0400c023beb78c79d43a7f,1
0xd86bd54135820ddf72c31f8a92a5c213abc88ed7,1
0xd87583b142d9569b182a927f426ef90bc9facd53,1
0xd875d0d2f7b53753a2f49fb7e8acf3b880ab2a11,1
0xd8786eb12c16220ed25ac3c487f6802ea8867d63,1
0xd87a4132938f980c114942e2a246c639d12f3b7c,1
0xd83ec4fe77cd56755d43faba7d32f170708012bc,1
0xd7b26192e122e84dcc00b4b50aa2ba65ca1905e1,1
0xd7bd1a24997e5e3cd4b2f194e6ebe04c2d95e69e,1
0xd7bd74d5729f6bf8fe4586d583382c123067d9cf,1
0xd7c0ff2970398f6f56ea07b329f262da7504c30c,1
0xd7c43b94a379d26aec71a358fbb5d5e95467f593,1
0xd7c79e1d104cb7aa0d914e8c806c0e262df963e6,1
0xd7c7bd0d0972514f3b9910ebb73a18101da2199f,1
0xd7ca6ce9b09081daf41826a89a6db46bed57212f,1
0xd7cbd853dc002b33583046d1a3d5e663d0a289af,1
0xd7cd0a1bbcc7f08bcceccd1ca7d5e56a8ceaf99a,1
0xd7cd4e118c25bfaff2cf241d804d31dfc8e79f7e,1
0xd7cd8a36ce925bceed05fad7fb68241f7df56f2a,1
0xd808299c32faf51c1a3a4bb57ad005a3d45ce202,1
0xd7d5360e1dc2346f79c093cf0605c2f4ea271125,1
0xd7d61112981f783d2654d9f0a379ebb02227535c,1
0xd7d95b2793dcab7cf6d06cf8fd4fd6414b3b51bb,1
0xd7db360a83af56fa88db0ed18df4a8a79b4f1117,1
0xd7e136c1697d80474dd029911639f57690309d72,1
0xd7e2faf29a450d3a5824a2b6224c19a55b99fc8b,1
0xd7ec54dbbad38accbad28cbbb8a29c2b4945772b,1
0xd7eebfc81bbb697d952b8529d6f53430555e21b1,1
0xd7efb43329d71dd47fa3a4c8d5dc46d2f0fbf7ef,1
0xd7f1105d78b2f9ff87a2563df6be6da3283d3439,1
0xd7f53722b9f27bc5b486d67cb2ef897e53e4b092,1
0xd7fabe1e7fd3f5d1ff238482084f2a276ec1b70b,1
0xd7fb35af028630dd98564467e1a9cab30357de0e,1
0xd7d196a1d40e7d01c9ef2ec87d4f0333b357a94e,1
0xdd24f388df6264688d6a92cfa12536bd71290201,1
0xdd2b41be11ded4f8c7d56dfa35bb4eea83d88762,1
0xdd2b5d05e8b7064e4dac990773f5fb725085a74d,1
0xdd2f5bbba7b3be2cf432f27bdc7bde0d75066f70,1
0xdd32345249e030ce149c6738df776bda0e943da4,1
0xdd3a9fab1ff094a03674673fb287eafb98936c1f,1
0xdd4c5e04a25a0ed3906726bb6cfac28571796fe2,1
0xdd4d4d33849fc9ee71626c6f02ef42c12eb09b31,1
0xdd4f2fc806c94234c86459c5bd25b400fb3fac02,1
0xdd4f701916c9a7077d635c94236fcbf55a2e668a,1
0xdd51024bafbeca80685bcbedb5fdddc7155fbb2c,1
0xdd5248c5bc4b00cff7b0025e1b5f6b63e5f9737c,1
0xda938f16f27eeef219c318b51ceb26a4a1163ff5,1
0xdd5d2892da35515ba063ffaa2198d08fd85d2975,1
0xdd6703d21c98adb15bab7fbaba4274bbbb86ba02,1
0xdd6a577f2bc4be5a093b28d326460f8addd62b18,1
0xdd6bc4a712eb0f1199949db35c488c9836a3e821,1
0xdd74ae273d0a8495dfb7b7c94efd26b5b5544194,1
0xdd75be1358c59bab96ecacb624db99ec3b637d0b,1
0xdd7b8d29b0051a130bbbd6d6be3591c037c6331d,1
0xdd7d7b39f36f7df65b3826526af4a939128a9132,1
0xdd84ee3383bc54c63a075237c84d3fe9c3955a8a,1
0xdd89639e7b913dae7060b7ee6531591bca6bd205,1
0xdd93ab4d3a3ed69030c6066a7785350b906018f0,1
0xdd94f30620fdd25191e3e4bd543ce95edb5d9e9c,1
0xdd5916bdcd78ac57587a79f4cf9bedaddf56e55a,1
0xdcb5944c3c2143940ccf744c90af8c8e09143935,1
0xdcb6249aaf18e29edee9010a4f8151ac57c1706d,1
0xdcb812a090365eaedf95a40d0802625cb3fadaf5,1
0xdcba1125c8bd237a4f2a2c6bc184b96efbf0bbc7,1
0xdcc1363c3933ed7538b9a0ae325a2190ed07f5d7,1
0xdcc2fd3e3a57c3334319797b221cd6f137de68a9,1
0xdcc4b0ff7369131240a188d8eb105514ab1f5010,1
0xdcc8e8285ca6909f4d73e613ea2ba5664a916f42,1
0xdccc3dd02f0006333fcdffa233186d0919da5b2b,1
0xdccd71f072aded6d93139258d51891167a3ad8d0,1
0xdcede6b9d6030b384d7507327e853612d75f9915,1
0xdcee4bca1c8e1ce59e34ef0325c90f05cd90a8df,1
0xdd1c4a1533fe6c9a760a2c86f46853c96a8bdeac,1
0xdcf5daa255c18b16b0d307586c86d90a7daf7f42,1
0xdcf7f37e015e55123e234c46e1970366ae5e510c,1
0xdcfd95ac42ac304262941b2be33f285d42d8864d,1
0xdcff9b9742febc700ea79c54eaaf7e89840aaf9e,1
0xdd01d6817f33dd7926825140043403e3ffb9841a,1
0xdd04af780261eb5ed0593836668680e48f17c7f3,1
0xdd059c9746af9ce529daa9c04e9836dc25dca980,1
0xdd07de398523ecfdabad9e742b2e73123717189d,1
0xdd088042191a1c736c19e42d38811073d6a5dca8,1
0xdd08bbbad7690ec321354e7e8e8791a456235dcc,1
0xdd0c0ae351332e315235a18b191d4fd05b8cb1fb,1
0xdd1987ea2be75c5a04bcb81b2350c0c378160ca1,1
0xdcf392b6a96a9196df440eebe4952968a1eb6694,1
0xde04f7312785823f44913c9b4f74fb3df6954b64,1
0xde0d5aea396d5b937149e36ddbfd6b49f26f19bc,1
0xde0f1218bb2b9e59b3ff6a1e948df53f79a3b373,1
0xde13841f81b250007c99c65dad62a94ae4eb2be9,1
0xde140a42cb0ae44146e479c4d4755a2df4607843,1
0xde183233b4d1f2dbf4ad9a0368196425c68ffed6,1
0xde1fed61e412b476c56e0202efd48bfef19ae64c,1
0xde29347f96e3507be0c25de547c7dad6029dc15b,1
0xde2e4f74fd304d52f5b1377802532f68fd9975e1,1
0xde2ec5ebc789ada3466029e03c84568a5b43c656,1
0xde34493723dd526d0b1a6bb5fcd965f00a9a81ad,1
0xde38f47d9e5e57b5e6c505a0668f756d33d2ecef,1
0xdd96e7051a6be43916edbc8d0813da3fb67950fd,1
0xde46c9ec2e1b528ce16751c3385ffac1981f7b09,1
0xde46fd9682684baf4d09527ee9ba89fed82d305c,1
0xde50984aa53625e7fff897745261ac43aa1ce17b,1
0xde53029269a151ebc2151a1e08445f9941dc3374,1
0xde5c7704d1a191d29764f8aa85edfa417662eefb,1
0xde5e51232b9415129fb322160550adb263b5095f,1
0xde67c9460ead3d3f0b0131056c839aed66f0e164,1
0xde69ad5d1c362001262f5fc10ca70684f7736921,1
0xde749d73215a0df925e2f3ad0e93a2aef6bc3171,1
0xde75b9fa0d8ba0e12c37042cf996d80f2fad5fd6,1
0xde7cd95780cb4c8c66b992ef17397e85b4ddd930,1
0xde7dd6eb3b636b453d7b0f1b4026117a26fee260,1
0xde3a9e6f6aac9b78ea21fc498632bda0dca2563a,1
0xdda0c9c22477795bc20d8f78576f2c84bc91ee19,1
0xdda15c786c0d4dc16bec90c2c1bb936ca17ba980,1
0xdda21bb098c8b1e3457d2b4fa6149bd14b15dabe,1
0xdda634f28d2bc79438203b9818cf7d20df743fec,1
0xddb0bfa0b0b7e4a0aa7925886cca143a1eb8f806,1
0xddb29c6783b26a2bb95475344e95ed0033138613,1
0xddb357dd9193f8c4a3e4ba2241dcc9e114c79672,1
0xddb9cebb361ceb6fd3ee866aa795d7dc45e7430f,1
0xddba9e3b6d0e3f4e8a2bca1df85b93884b2a49a1,1
0xddbcb8c4fdccc2a136fbdbbd60fe7a28fc9222cc,1
0xddc06e369b70b58a009f784a1942ae35287f06e8,1
0xddc9c45e5fa88f7379d8330b895427bfd14320da,1
0xddfa885a1988e8a5240401537f5ce8f21eea6857,1
0xddcc8fd49f0a08ec4eb6d5f29be38fa1d7fd3cd4,1
0xddce4200b7ae48f0bee815592854ad110aa60e05,1
0xddd1ec59ae96069726ce1ee3e8c310a16b3bb263,1
0xddd393b633c15cfdc985ffe5d775d7b8a5007cf1,1
0xddd5f221ceab846fc7358f3e8282b1ba2cfe2a2f,1
0xddd9c5b644b49e08d76f9abe1f0de98ea1ba2b45,1
0xdddfeb14db767e38b582581fad87d997a23f4798,1
0xddebc0efb9e021a7c09f4330d9970366991e1baa,1
0xddecb44764dbed83f24c232027504d80f62fe736,1
0xddf0e53fef1350e75fcb0593b277e620e9e5dee3,1
0xddf35a2c621933bfad3597fc19e4c58a8562913a,1
0xddf8314c517e95c51122d34fd1cc4d4bb734cabd,1
0xddf837680d633f8996d97ac495cf76d017934843,1
0xddca996948f92266398709804ae131c697bd17ef,1
0xdb36e5b29d5758526950a323de20d17189b6038d,1
0xdb37b340c07ccb7f88f52adc9e534dd4f5fb2677,1
0xdb39f1ac4d066c7cfa33daa53b422295a6b604fb,1
0xdb3e6e96a9bff6aa01c244f3aed7b63c456329ae,1
0xdb42845d0ff733b3128030f6216164ad6ad9f8d3,1
0xdb446276c9ac82ed3e7024c0f32a36461eda5efd,1
0xdb46a0b27b2c98c01feea8139a9aa5ed6c0b9864,1
0xdb490f2a9d37c409122ce7221b440be2ce489300,1
0xdb4c95bac3b9f5cba8fdee6225cffdd9a9837c54,1
0xdb4ce1c6f650959755d0652525a2e31c5d3a746e,1
0xdb5aa4042b244af133896482af0444382cf20408,1
0xdb65126ae2f63d0476c18fe0a1c665a0fd628783,1
0xdcb30ee1eaf032be597d8849989f058df7262f8e,1
0xdb6f6b69f51452e58ed85d418633fb7262ad9269,1
0xdb754e57443f9951361bc559f7659a9a4e4b01d4,1
0xdb75a36e543ac0da5a29a12e03571353da537bc0,1
0xdb7b36949dbf2e2e0695f7d19fa118f229e53d2c,1
0xdb7fec862ba98080179f7f55e0a4fefd70f80cfa,1
0xdb81946795e6faa89c52394388fbca81cebe850d,1
0xdb882529f4c57ccad05d6d3464c6ff30feb85f2b,1
0xdb8828b80ed4a65d4a69ab59296d60aac8be1c7e,1
0xdb8856684fc9e8f0430f3c8730e3b978ee2f964c,1
0xdb889b6b3a05e1576361bf4e8b85c30b597e0fe7,1
0xdb8e4d39190defd1e52dee6c9723cac6fa405109,1
0xdb927521d1a1991d332676f2a006d8ce50cac84a,1
0xdb67bb972f249a04d5cad608e8d9866fe103df82,1
0xdaa8aa46203b0ec404ae185208d6d612ea98fd9d,1
0xdab41c8eb5d62a6e61c4190e83c1257647c7b527,1
0xdab90cfd35b1c208dff56f799e3142650544a845,1
0xdabd6734a0147bb35f9d81dbb2ceb004ae497c5b,1
0xdabe32ab5e49c5d4b867d933e81528254b9e70a2,1
0xdac0e2b776922e7a0acab00d3ef3eba0bc122bd3,1
0xdac2d6ad4773ea04d9a8f39847ad693ac6828d94,1
0xdacae57572907cb4d055e70edcbb0b0297ad6c8d,1
0xdacfa73e22d14dccec4d8ddd5edf6ee9ecf4b068,1
0xdad5fa4f3a3758ba9436794681b246684338318b,1
0xdad808694509ed127ddde82eee7decc707810e30,1
0xdaf5de98735e8ab853498d6e9b71a2f3d4ca99ef,1
0xdb3567d2c5b5f417afe7749600f8c19a256e99f9,1
0xdafa237fd0850be3d34e0299f2684ab6a8db3ae7,1
0xdaff332d3fa96986eecd51af1cb580af7907a644,1
0xdb027b73be7495a6096eb8a46e333a8474ad4aed,1
0xdb0630b06d55d8a078f52cae1d9a52c6444cccfa,1
0xdb0a13eba2a64ac1b6219c332f4016696ae05be0,1
0xdb143904c89f432aa385dad74f2a4e3e9b1835cb,1
0xdb16f6be504a5d3b6391265353029519e3ebf3fa,1
0xdb1bc10e613fb46d5e6dcbb5523fcc1f0e2c1891,1
0xdb222c1ba88b9f8c216dc883cecc27ba678341bc,1
0xdb226fa6acb401bffeb104b9f3f8039bc2b4cdb6,1
0xdb22801145db3c32cbb010e1909a4ec556044b58,1
0xdb2e8f09c23fbccda28b8add6842500dadaeb11e,1
0xdb30990e05a3e8fb8002bd42f237e2598b7a3557,1
0xdaf618fa88aa8200aaca6f1282fbb96a1ada0993,1
0xdc132948ca47133709c1a9c715606c10828836fe,1
0xdc1c260cadc60ddb1f7560ec15b8b6462c76d016,1
0xdc209a5ccbc0cce4f14cc839e454e13f9b1969de,1
0xdc21c43f98391a43959555484be9839207a2ee74,1
0xdc2568f755c8d478e2053b45f089c179d06f69c8,1
0xdc3184196b8aea64ddfdc39a0e4e9e49619600cb,1
0xdc322e0e0ca48278ea8026b1631b4972c0b4f8a2,1
0xdc4aceab321f84254857a2cec1a3f871c7973410,1
0xdc4f402a6076a12c74794ea808ef05838df169ea,1
0xdc4f414d9aebfa26c3936d9316a73f46f5914e21,1
0xdc57013b6a8a3f857609d66131c49231239d4aeb,1
0xdc581fb6db4b68f49b5a7cacc9f20f026a5eff2a,1
0xdb9551da09851326689c22e1ca5d0ad636c8266e,1
0xdc77c59b7b0b134592b3d261bc7bfefae27aed98,1
0xdc7a94a163b8a6e862c1dea2665aa58d0ad975c0,1
0xdc7cdd09c96f9775614d9b8e9906f27ed81c99eb,1
0xdc7e0fe64d33118cb68a6a782610f90010652ffb,1
0xdc8ab77f6eab0f30c51779cd14623b4cae2e5c77,1
0xdc8c3589ff9174a63cf14ac527c4e1fc4f6f77c3,1
0xdc8d38b35fd6aafc6058988c7530701ac55f0461,1
0xdc9b5132df4d8b229b70f122efae0435449a5367,1
0xdc9e7eaa2371ede5632e300cb0e0873be80e4a98,1
0xdc9eeb33cc7c438871ebb59847a5a43a820cd6b7,1
0xdca02552a4555392acc902be05c22d15907a6d5c,1
0xdca4573fcd1e4428827f91f9304c4b152609f860,1
0xdc6dadd7d337b0f51cc764f2ee5ddb5b8e56a9e6,1
0xdb97de8ffe3018fb9b489f4eac8eef9d6a7470f1,1
0xdb9884e44e59448f2d4ba9a1cc0e35357f11238d,1
0xdb9cb0a99aac89feaf74f39fa97ec999fdaa6ed0,1
0xdb9e8ed1161b6a3b31861345260a958816f74c2a,1
0xdba23dec65a5632fe2ffa7e8b1910ba087401380,1
0xdba39ffd5f012c30292886925e8869621f7ac95a,1
0xdbafc620e5a94e626d3a9b290cdd6385cfe79f4d,1
0xdbbf5e8dcad3880cb2e007dec89b710ba4602b69,1
0xdbc94847c966c1a914528f79514c86a28a9117b9,1
0xdbcff46fb143eef285f6b34944a40ca7fcd171cd,1
0xdbd7372cd44eb6dad19a0faf398fd73b3b2caaff,1
0xdbdccc6e2f8f44eac550b9860a7bde6d49d60791,1
0xdc0bd51127e6550ffb00441a795d6ac79ecdc95b,1
0xdbe599c521ea5b3d1e5250977b03deae7820367a,1
0xdbe9ff32ea4a9dd8f1fd0d94c1ca7751b63aef10,1
0xdbeacf1d983f5f95ec2f76a18d8d954fb49a6d60,1
0xdbef326121949d015caf98469c30b4fcf1a18e2a,1
0xdbef4f460be276c3c0d4be6519fcbbdc6059857b,1
0xdbefd72fa93dc9d9a530e6da76436835c31c9cdb,1
0xdbf03c122ffa30ef72b4d1ad52472913cf926e75,1
0xdbf6ff0563925f51ac020dd174936ed6306fccc8,1
0xdbf7544320c9f4f8831f3b600a40261eadc35971,1
0xdbfe1f7540653f5f3dc998c04b23a63c759fdd24,1
0xdc099e3f069024b9d34cabe34c47bf56719a5364,1
0xdc0a3abf0810f8e3642d7bc955c8f14bd00a9fdc,1
0xdc0af2f2e386e4f677e6b94159d80bf1662996fa,1
0xdbde17a74fe7d55f8c01da2c3cfef602ac4a8ba7,1
0xd1387e8fdcf8d0d37063ecc15e7844923a5b083f,1
0xd14c0b8b708f1fed4a5f16ddef10312562048ac2,1
0xd153db227ef4779f41054134a5a3170096c442c6,1
0xd155c08b55b7670c1116ddfe7164edd49f89e005,1
0xd157da77e563a23eebbf666f8a3decb213be4e66,1
0xd15ae9624f89d01d0144975e3e90c34f2be3d10c,1
0xd15f17c59b9cec4eb982409eaf35672c31015bd3,1
0xd161599efb2a8a13bec80f9f61000286c764b7cc,1
0xd163546df2b8debc7c4cb9bb2f9ed325b8c0225b,1
0xd16d41af0ebb4a2eb51e2c698b61e8c1a4117473,1
0xd1729ccb68270bbfbaec63976b609c97703ed123,1
0xd1793def1a837ed623db876881d2cb460bc6a67b,1
0xd6baf9b1297578bf520c0eeb8b42eb4e67756103,1
0xd180f2147699e2e9776a9fb349806be0df14adb1,1
0xd18febf636858aff5ee6351a16778e5620ce08a7,1
0xd199c6fa6887bc8a1d8014dad3c185ff9ce4031f,1
0xd19cb8976d09a4e8bd4207e1c8b8829dea28853c,1
0xd1a0bc1879b2f4376a59a3d6a1ed96da0ec90179,1
0xd1b50bda6f9c4903625466ac0fadf60ace923755,1
0xd1c1e10aafac81194c0dca637489db302b52bd8d,1
0xd1c843926afba5cdd8eb8e33d46c1e4676b4203f,1
0xd1caf9a0f272834d8d759e61c62e8a4bae620174,1
0xd1cd82eaf4a7f9e706a7a0dc3a66445709f71d27,1
0xd1dd2e3977f89403e01d95ec947b6ef055aa0e32,1
0xd1e474f4f671008c7eb5733e5a17769600d8d0d9,1
0xd17b8225f5902aecd2db4f733e13e1a1e6d7ba93,1
0xd08df67d0ea3a664ce3d87127728695c30fbf10f,1
0xd09231f50601369bcd2e943b17e8a314d5f4d1d1,1
0xd0979b09edfe7d5dbdb339e21f5b1cf2cddd900d,1
0xd09b17e082a31855c728eb1bab78252eaee5c85d,1
0xd0b518dde2e3e5b77b7ea8db38c9ab585dffdb33,1
0xd0b769cc30e5d776bf8216f9b1ae4309257d4fc2,1
0xd0b9c5edbdaf8ffe9f3fc340d86ff8838f34ebd3,1
0xd0bbaa674df2d5713182dc5583c18217ddd57e10,1
0xd0bbf2341d6806be9540aeabf8f0606027b810e5,1
0xd0cb48cbae56b710f131a78739a6691a13f660dd,1
0xd0d3fe1156b4ab78e7c69bf809dc9c4d2bfbba7b,1
0xd0df7053e925582910bf3d6f8ec11cb956ee098c,1
0xd121380b758889554813f0ce46954b93d87edd3d,1
0xd0e9f637da3e2fb1eff8fea527399437ec90ab28,1
0xd0f1b9a17e4e299173846a7b3179ddbb0efe0d1f,1
0xd0f2267d5f376f6a63e8c2b8930d4ffc9f5ace1a,1
0xd0f699a058f4dfd82beafc1fd95857bf2a29291d,1
0xd0f738d3888ebeea2e191d552ddd3c4e76f1e726,1
0xd0fc73df1d3af1a0f6a9c41e3c690f9ae5818f1e,1
0xd0fe2e7e02551861c672dd1ae769c192ff40a1b7,1
0xd0fff252611c63b74aa4b7c0884bed3349996a0b,1
0xd107008d05b80a733a1876afa733a9e39ac5310f,1
0xd1073e269f34ad7e525d807860d1eb9f1695c3d3,1
0xd10d1de5880e21d44bc6c641b135bc61e35732c8,1
0xd1157f868f79990389a12edbb5491dec7da4c8d9,1
0xd0e302b001fcdc110761e9ea3cc7079f68cc1bc6,1
0xd2485fc19b1a69995637caabdfc1a5b63b80220b,1
0xd250cc5b46d237147d28bd1bdaca989beb8d0cdd,1
0xd2553a858c0fb172afe0d428b2edfb90451fa11f,1
0xd2568d89257591886e2e826e7ee99b95d342dd62,1
0xd25bf19d5f3bc574dd76df1655944866a2106950,1
0xd26442658a132db1f3d7548163e80a199e56cb22,1
0xd264597e0fc66f2276b0a96af3fcbd7e7b67532b,1
0xd26ba81fe894b4ad82890d869778d19c23b0c507,1
0xd26c886cea21255f90fe0a4c31317bb027758d8f,1
0xd26e29a6c8d794f0d58938126768641f25a9e5a9,1
0xd271a8df59adaa97e67211e7b0001ad6dbe9a97b,1
0xd27543c55d0a9a4cac9de41f569cc54919ae85d7,1
0xd1e63f5fad770aed1b7dc7d01bd64fcbc7e4c58f,1
0xd290e8cf2c0ef74df9b97b31a9499b1609d8dd9d,1
0xd294ba6ef088152a8cd1909711ca308490700b88,1
0xd29c4a81fd3491b6dc1f43f73a736d288e705b18,1
0xd29fc496f3497bd070f559ccb0c53fde9cdfbd1a,1
0xd2a0260e0c37e65f0c7426cb0d015a2445ebb14d,1
0xd2a8cb41a01d149145bd0b3648aa10f929c53be0,1
0xd2ab2c952a1437fc3353feff0b14a8cbe077383d,1
0xd2c2f9532605a2c4b84dc93344e75e04ab4d8476,1
0xd2c6c0ff1e712d1eb76ff9bea88d85c297a6b6c7,1
0xd2c6efd5f8c687e68852152fef270a4ed8964fb7,1
0xd2ca2edc9148be48325f75947ec88b8715e98900,1
0xd2cbb9c5f817a796ce3d85eb4cd1bc48bc356f4c,1
0xd28239f6bea23c572fe9d985b30f68501b44e72f,1
0xd1e75ea8eb3240ecff6f591af666236aa5e0a86b,1
0xd1e80dca59a797a58d97f168d8b10ffee4f1d49c,1
0xd1e9efed384136c0e9727a15115caddf74a79b32,1
0xd1fee8efed7fe78bf918d04c5e6e70ad0e2a0bf5,1
0xd1ff30bffabf2c5d2bd6fe9fff4e516b416b3cc1,1
0xd202fec3e0924f3f3bea9626283994cc1d154227,1
0xd214567f0679a65223192d86200becf1154d7939,1
0xd2157b47d1309d525363f3cc60b8666a8264cb8c,1
0xd21a296a3885bfbc9085c77ca70027994bb8b03a,1
0xd21b1effc9385e543b95482052ec8907eac423ea,1
0xd21bcec548c3f35c4b4213e0506d135bb535f1ae,1
0xd223a86997f91b3f49b89b6de8ba23deefa1761d,1
0xd245ca8c9ecb1070668c2ca1561ede6d3d5209e2,1
0xd224b46ff64e88c06d9b0fed8051585da2d5e4c1,1
0xd2276a872e0dae3c5f40725c289d4f357ab4e59d,1
0xd2279b05c7a47d85e6b67d15d624332057f38fa2,1
0xd22b31adcfad0b2cdff596c30ce99f4d931aecfe,1
0xd22c75f7d4b87765d8a33744a167be1fb56ee282,1
0xd22d52201654f3d0f14b07501289cb95c3cad745,1
0xd22fa7a09ca62b73a065a4046d84a85af69df69f,1
0xd231ca1fbe38663236b38e1fef84ab54833fb76e,1
0xd23acbe0c6e14f9ba351a5b6d38fb6c0e32a069c,1
0xd23df879508e4716ac73d444e70a1125bba76ecd,1
0xd23ff50e76bfd724ce9a92506be534845cb62736,1
0xd242fa24ce15d28393a1870cc30d3b9830e0ca71,1
0xd2448030f8698d1e71d889b2a93a94c86aa92d73,1
0xd2244956e5da18990f39dd86ca3a62e59a3b3fe5,1
0xcef0a7c8ff8359ef7eb2edf82d0311952c64c63a,1
0xcef19c36f7217922aa48b7df9558bbf30b2574a0,1
0xcef5bd89cc6acb32f8e316222183813437a28f5e,1
0xcf0185d82ba3cd82bb452fde4ea7ca654750e295,1
0xcf04bd38f2122dcae7dd54693156efe35b113bfa,1
0xcf085ce4f64caac45c952ad283d1c8ed4c09b5e0,1
0xcf1600e2aa8ef5662b2b6316cf575aabfead55b2,1
0xcf18c7bb864105fb1d3944ca5550f4eda3cca592,1
0xcf1c7437c74e7fde2d06f929fe115c34d9a5f416,1
0xcf1f63e5df40f48743ddebfc35e9fecc643aefd9,1
0xcf23ccdef258b31636c79c63122dd6737e9ebede,1
0xcf2535ddb1404d0154df12f80ca403b08451d393,1
0xd086b77413a39a3099664ff389b0511efc26c272,1
0xcf387e663628dd9b4f89ceffb91c133cb7196e8f,1
0xcf3abc755269e11a6c4da3f860a78fa3ced7d7a6,1
0xcf3fceb285333d0c50123e13a8a9c9964ca172ae,1
0xcf45d0d7396be834b0abcc4107af894eba12968c,1
0xcf6a41b192d513f59d94e0e271348f1cd4b242d7,1
0xcf6c0b4d968c5feca39b32eaed99e0b3becc96c4,1
0xcf6de8d18246832c529bb9179276037c3c34497c,1
0xcf7012e6124e6282446bd4ae06f4a96d514c890a,1
0xcf72aba1bbde4a25dca230453afed0165ed03fbf,1
0xcf74b6db590bee7b139a13509e238bc08bd0a270,1
0xcf7bc73e1ba0f38b0b747b74c3747b301e087a27,1
0xcf806776f41fe39802a41dabb07fac7da4a7f13f,1
0xcf29671d788dfd40571045638163f6c1ed3107df,1
0xce1fff3fd0a25309f343b978be20a2f63a4e945a,1
0xce21eaa19ceb7d0512fdee097e3de6b88de4b24c,1
0xce24ae79f169a49ec2a8c95f40aa31aa8051c8bb,1
0xce29367c85b5db0374d2b0fd3655e4ffe5b3c88f,1
0xce2c5b0d87b96dc29a21c6598dd4dd5e39b7052f,1
0xce377146f9ac4ea9da0eb337b2a7d512ecee58e5,1
0xce47161c275244c5bd2e89fb014344179da8372b,1
0xce5a09e3b188ffcc43d568617424e9533bc8599c,1
0xce6a9fa47e5f31474200ebc7aa24e76b61b4a105,1
0xce8142d3e94dd86749ab375bf052914350f88aa5,1
0xce83e8ef3ae95f6cb598c0f46dab97b0423df290,1
0xce9481f4e9869add24eb3b53fae5c7db3aa71556,1
0xceea097959b67b540fd64a8edfb1f8c727049f03,1
0xce981be06ba286dfca7dd343b850c5d6a1376f47,1
0xcea1867712729b537a8e156b9434664e718c9158,1
0xcea3a41889db91a082dd7afb145a3c31990e192d,1
0xcea4519a726e51f85298e8a754bf5224aecea6d8,1
0xcea7764c607b0ecf0bb801cc5d055abcf8c70a64,1
0xcea9867fb9e36541dcbfa7b9fdc19c232c2990bb,1
0xceb04a67ba4610afe70dab576883d74c86eb6aa4,1
0xceb174db0245a30370667cd6669ec86bfa739097,1
0xceb237cb0c243882c027ccf3afa6e462ccbbc505,1
0xcec184a84bd0a792f2a76573d1727d6be48fc5f0,1
0xcec48c7b46ea03e61bfd7aa53f1c12bf48f1b36d,1
0xced6bdc186c8170f9c568e70bd109a34a5ca256f,1
0xcee00fa5ec5ca7f6bef1cc6b1d934c4955e7fc06,1
0xce97272ea61536bc490a56c31c7c96eae78f4e96,1
0xd0011b886bea96cd0bd22caa6f33c77fbb03670a,1
0xd007ef790f0bfb3e4ddc606d504630ae9e34f460,1
0xd017efaf84a892f7af82c7e4e30411996f5c2a7f,1
0xd01c94d636efc5b646fdbd706af9da91c0b477a2,1
0xd027ea02109eb5e8879e38cfeb695e15151924b6,1
0xd031dcdac5a55ed63117d542d7a8fcf8ab0b0a30,1
0xd0379b38ca29b46beca609b8deff1f5d3e3b307f,1
0xd03acdfb24e39a754df6196cae6dd4b6c358e472,1
0xd03cc00c96a24cfec401fb42c1dffcea9517afe0,1
0xd03cf14dbbc534ca338a017b8503f8cf435d8f4c,1
0xd040349a87d34722e4b75e85854b665849d88118,1
0xd04202e65ca7fc933e8fbe2b9930daa5401ee0dd,1
0xcf871ed9c461c495c285606c7728dca5fc774c32,1
0xd047aa58c94abc4516029913c959b55b5c29ee7b,1
0xd04ab701e8f714e08365070654420e175ef386dd,1
0xd05fe8d3e016a20db1fa7ad36c5c329b34f4242e,1
0xd06001fe45d192ffad8b29e06bd15c3081e589ea,1
0xd0672b7f4c9c0f1bdae1b03cef482d81d02ab555,1
0xd06a20d90955192a1a8c72bd81bae1bb1c2ad84f,1
0xd06de023ad48a0edc362e303ad00ae06466a35e7,1
0xd06ecfae844ac226832ed7ce18fc14f4748d0b91,1
0xd0748843d96ef24d2df973d51d61028c0824b6d0,1
0xd080224265ea6e451337a6cf2969e1614fc8a094,1
0xd083a6c135667287e56302d9ef2af49d39333360,1
0xd086600f536d5a7e6411d74d14ad2b8ea8f074c6,1
0xd04353d4fb8517d87c42fb11547c6fe251915bdc,1
0xcf87e8459227a77ee81a1e547350a2dd7ee9a409,1
0xcf927ce1e61f5bb76a26ecc40b53665a8638954c,1
0xcf9461322a808dd548c9c27c9556b835971161bf,1
0xcf9542cf68d110bc2a8704e8eb64c4b15c35a7a6,1
0xcf977ba71d6d6ff5b2fdbc76a8bd5e7a7a7b8b3a,1
0xcf99dd3a63a6a0fff2dcaf562c1e4dbe6c051f61,1
0xcf9af6e81ae8173b638f958e3beae9ac369fa1ad,1
0xcf9d49c5a973322f3eff6720222b4207b8503336,1
0xcf9db5e786201a10385e64336e661b8c77c5b6c7,1
0xcfa59691efce5f9ede0d586b1ca4d06e98453db9,1
0xcfab0d6b63d063855b11c79a3aa0fb745ccbfadf,1
0xcfab87e89851c2f6ce73e15b4e8c5055dabab649,1
0xcffcf2111208cba7b650e4132758f6f5fde09729,1
0xcfb5563f0fd007fb1be834e15f75dc527ab11f0a,1
0xcfb8a332703f3f927dd244b74cb0f20505c6802e,1
0xcfc06a8bad30d030df7f2744abb8ab627df00068,1
0xcfc5790a7af13ef1e0e713024d470c0d45f91f4d,1
0xcfc6c2ab5a1d645c7774ef9a9212b4b232e0cc46,1
0xcfcbc352e5b8bbbc5e7e27ea36cc3c8520deb47b,1
0xcfd6a439227d77aab02a4996c35fd215b71eafb6,1
0xcfda49efacf55c3be880e02808e240cba026d5e2,1
0xcfdf0099cdefef740832f28020b7c16e358663e2,1
0xcfe84aac293daea5912140142dc4ceaccee20d77,1
0xcfe88b1b06b3746fa99fe7a4cd33f884b40e0271,1
0xcff5d366ca355728279232974166f8b34a5cc40d,1
0xcff717ed3ad4b9e0bf6c552aa77c20d495ff14b2,1
0xcfad0ab47677a66d58f188e28b8d4a06c2ad6cdf,1
0xd52bcc628536ab72c6ee9e29e52b40cb74122690,1
0xd52c57b42ff6cc85d474cd01678727f30f3758d1,1
0xd52ecafe51ac8469f40c57a36c9faf8c7b3b793c,1
0xd52fbbf31ad4c14bbc0b6c316a4749672d92cb40,1
0xd52fe9ed2c2b7fb29a4f3f9fe5a89c9097e8defa,1
0xd53989b22bc4eafbaf71b8bba0d8ac1ff4b6b380,1
0xd540135eeee9f306ead818d6c02a46ef348aa9b8,1
0xd5405263e1472de94a6a69d4379413f87240391e,1
0xd5430f4d7cd15ffc8a889b4cca9a32944be572b7,1
0xd54c4dcaab1fce1a866d4dd26b5603ebb821e8e6,1
0xd554032f0fd43910e989afdc3c902a2480d6a0ab,1
0xd55807db381a044ce2481d1a37f21d539c287642,1
0xd2d943f8af837a58cdb882079702dca158f41804,1
0xd55d7492846a35c98528a4c3197ce6e511110765,1
0xd566437ff0317d6a5382c6745217b27e37873246,1
0xd570977d22a4cdac415808e84f1c1aeba355c32f,1
0xd571a578063a3f85065b9ec5fcfbe02189822bb6,1
0xd5730e5ed27a45cb7ce11f28f79d2dad3720a619,1
0xd5787d20bc227dbe6e6a9b0c4d34c278819641fb,1
0xd57c3fcaa37b63e7d7d00bba70804d481f2ed3c0,1
0xd589cf06c304e91bec4432278e9e852914631733,1
0xd598526e4899b61b98da03c7272b102a9b2ded02,1
0xd599dd17f22f5189e51f0aae6df5911969651479,1
0xd59bc1c7cd9dfb3bb8aae88eb48cddde5a8868ea,1
0xd59f7ffb7bfa49f82b86cf7fbf725a7d7342a34f,1
0xd55bf59df6e186baf00c06538f3dc2036f658a34,1
0xd499d8e0bd4393923097d0d54e870072271dc00b,1
0xd49f43863371f024337bfe26793128329e73e40a,1
0xd4a74ae0c944ff600e14ddee26fb0d69d20fca19,1
0xd4ad6da55f008158f8b0b34e5b9e277aaeb7439f,1
0xd4c2aebdca73eda828fdff86b1bfdb7a7753f648,1
0xd4c502613b41c14facf63c1e86976aaf4476b8a8,1
0xd4c713c7b2ae498f629065805a71706a2565bd2f,1
0xd4ca83027dde6637eecf0416c7028b8fdae9e0dd,1
0xd4cd2faba4e59871720d176f44d5c30225b374c8,1
0xd4cd3470913a1d7480e33676fa3170672258faaa,1
0xd4d1d7d5546ad4e28e848b107c2ea376b54c68e5,1
0xd4d7671df43d34cfb5bd5dbf4e8694269dee13ab,1
0xd522a18b3a13563d73ff02817bd7b11f0b881005,1
0xd4de0a64efe4ac48a44a97aee45b1b39b7374105,1
0xd4e1afc045935001249c2ca56eff1753f26f09c6,1
0xd4ea242ada3c751cea934b9501d43129e9ac9dc4,1
0xd4ea2a140c37837262eb0b0fb09a6a85dc0d041e,1
0xd4f30e0d53b54824ae74ca7f24e4b585974a1c37,1
0xd4f446db0d84e0e86ba9581639000192218e7ce8,1
0xd4fe123852814401549f3f8c19490933e407677f,1
0xd5013a71254ada34dce66cd362b8caba5f608112,1
0xd506489206ac170c00015a0a4266b531a0c1795c,1
0xd50d98ce452942900b23231b716eca901aad2dc1,1
0xd50edfca7d69a59ad12434e748079bb875082403,1
0xd510dccccc637024c504d4b1cdfd6c70bfbb41e3,1
0xd5200f4f851a1ec1e393df16b364816ad4fd935a,1
0xd4d8332de41878cb2ca79fd0204440e4c881bc1f,1
0xd618fda5f61ed67a4ec084a3ae5384af54364def,1
0xd61ed5cff76bb9fb94e747819b66b7b771af5fea,1
0xd6220e7c29ee58aed4a6ba4276d66998c22296ab,1
0xd62feb094a6ef6ae7ed9636ab6d793dff1b4d61e,1
0xd6336aedcf44699a1e48ce777fcf08c60a66f611,1
0xd63c38bd15d0a1cc2e6af488103d3180c9878c82,1
0xd63f6fd0d1531808d856364ae12f4feb7599c5af,1
0xd645eda532619331fa05b753e937f26881705a8a,1
0xd64762c117034390a09700a7a2d4da7ed2b0ef28,1
0xd65ce1ad0c1591547d3f91f576d1ccbe4f0829d0,1
0xd65ff9852117438076d0339a1749dc686f752a01,1
0xd66a4c0fa4c49a60cb54ec737f57d82667eabd5c,1
0xd5a343bb89e06bd6cf8684e2011776b7b5d1ca4c,1
0xd67c5b78d1dbfa480c207a4c20c9afa60a50415d,1
0xd6844d073826a83cc437f08b025a231600aafcd6,1
0xd6881cf7d15b37a41cc0cfc092b1696c8df1d8d4,1
0xd691923b7a24227d7da8a279be6dc3dca1f94514,1
0xd6931ec5d6f1e275495c86158aa38b6ec84eb431,1
0xd6937dd86b871c1caa420760a9ad846a1f7cfe48,1
0xd6a5220d7166e092fabeb8c2fe15cc7338da6042,1
0xd6a7e38689fcb0c5997e6e9bf320a2585f2bd8ea,1
0xd6a9d126b803befe4188143e587896529801360e,1
0xd6b3b3c49ce9d41e4ede7bf78f0e54d318b10588,1
0xd6b6758f338ad78a57ad5aeaebce0132bbf223cc,1
0xd6b938bddd37c4cb4fc8ab7ae0a0236fe43a99fb,1
0xd6732763779fbd4ff403fd87119228528f0af3d6,1
0xd5a88768d84ee50cb56e28e117fab2c296cf768f,1
0xd5ac02c6664cdd329425cfefcdff7687158b74d5,1
0xd5ad59ba1d8a7a72c75334074751b34783146adb,1
0xd5adf7fd6113fba18fac91925d67c5cf4af50caf,1
0xd5b777bb1ea30f7ac37643309e41d0add28efd35,1
0xd5b84a29beb6e75ed4ee13101fac7fe5d71baa83,1
0xd5b8b1af8b2cacf5340f5164963169b9ce172a4a,1
0xd5b9f55e31f1f32e0da09e8fb9605669d3f6b642,1
0xd5bb9a990b64f0ad6f0d34abb944ee6c3e3813bf,1
0xd5c018bd5047f85a3001d2e2b66545657af4a5ca,1
0xd5c236cdfe2ceff09eb029ebae0688f24a2b0682,1
0xd5c65bdc10ca59acfbfa9e6907b357736f14d4ba,1
0xd610f0d4e71360318c86413d936dfdccd889388b,1
0xd5d1f7db8c5537737dfe72dd78db0ce5ed30e4c9,1
0xd5d6ff470454a41d1496f919329499adaf1af6db,1
0xd5dcdfa04c526e8eeb8296e95302cc480d68661f,1
0xd5e5c2ee5dda47e11c476d7f968ab3759a685aca,1
0xd5f2dc2891df17998d3279f5673da76776e19df7,1
0xd5f6bdacd2b22856017f441aa70292176ffbdc3e,1
0xd5fd84a112fa376e28552d9f0afb72b4d6953a36,1
0xd5fe46b3fbd58de42ecdc8f3b310e4010d1e6361,1
0xd60499ba66a5d694e52a8544e773e8be82e38fd1,1
0xd60ae7ebac68934a26106dfc66e45b95e7c9136c,1
0xd60ccb2fafcbcf578bd53ff3991057566fb1eddb,1
0xd60dcdfa85728185ab30046377e26f394cff8c58,1
0xd610ea8859f075eaf07c4f881de0f3c293e868e3,1
0xd5cacedb79dec3e54eec57f900508a5820799c09,1
0xd33ae52569e8f62252bf7308f0d50ea165d9caae,1
0xd33d889803ed904fd5897f141ac6a221fbc80c1f,1
0xd34429e49f624e8b0c96d7b5b2a679adc60a0a16,1
0xd3483bbe4fb65efd992413612ea84ef4929261e4,1
0xd349a75d408da45b2a694a654cb0d2c0376444b3,1
0xd349de5931f37722b3e9096f9ee28718fad6f5f9,1
0xd34aaaec9a7a5dc392f16f91e448cdab46617817,1
0xd355bcb664fdff617dcbdd448a6b1cb07d528482,1
0xd35b426cabb3af002f362b1604e27da61c5265f4,1
0xd35dee55ee1a86f3742915329437e39b53a2b1be,1
0xd3664aa0885a97fa89e7e8d2608e6fcde57855a1,1
0xd36b51db4d313a25a3a8efc8e7289b49a669064e,1
0xd4926a733c17e6cec9d225a1de01ede1d807c13c,1
0xd3725704006c8d761c54d7e4d04022214eb4ec9b,1
0xd3768f0f2ebbe09a5820ba1ffcbd7e7dc7591b29,1
0xd37811482481596389d2c5c9dd405e85d643194b,1
0xd37d47e0fe14f5b681052360613afa3ada475df5,1
0xd3804ec085cce54f502ca0a5c1b7060c8533237b,1
0xd38882dbd0a0f294866e6970f169afc592fd3083,1
0xd3892eb01bd06195ac3b053ac787499e298b1183,1
0xd39e341e9cd4ac43744d5fedcd0cc2a1eadb5c58,1
0xd39fbcabc0ea28e23e7f9e42d32e4d573e531820,1
0xd3a09d7357f785d569134400a6c0d700af4af040,1
0xd3ad9a5e555e3994aaf469d496e7dad2dc4ecb31,1
0xd3b0860002aa88118fb2ef8f42a390f5ca33c8c7,1
0xd37182de56af20e96e9d910840cc5305900a2a98,1
0xd2dc94ae5caf13c039468479ebb3bf34af8a012c,1
0xd2dda73b2d2e621de1c0c1e979a8be9804a6eb99,1
0xd2df004e03e69cd41212165b753e6f88d3b47ccc,1
0xd2e3fcf9cd7fece959fff55f23c0397b981b46ae,1
0xd2e5a3ebde3e0377559a06beea4d09cde73cf7e1,1
0xd2e947c6c87729058b0cdb5eab5580e3e72c42f2,1
0xd2eca676e784c54fe6967a1095a468bc27132bee,1
0xd2edf24ef6099637e7f3720fc3769e349495efba,1
0xd2ee54d2d65f9e315cee5f2f9362b93b3ab71dc3,1
0xd2ef923ff0f91ec4167bb9b2c37e9482fadd7e3c,1
0xd2f5d2099ce1c94c364ee76809608acfaaa62f94,1
0xd2fa6ec3fdda7a4526a35fd20511eb91f2e90f89,1
0xd339288a3dbebb53e5aa9a43131af5e880a8c95c,1
0xd2fd9b67af02791333238f53782a364f8ee9786e,1
0xd304b435cb54e8905547d791d186ea8b6d91ecb5,1
0xd3054e5c07cdc31bb97ee9200738e589e7f8c0d7,1
0xd3057d417e268b135ee3e5d4f840928cb137b538,1
0xd30f90fd71503b1de9a1b354ce852140b7a0b21b,1
0xd311368dedb212de7d53ad4a977954cf05590a8d,1
0xd31252958a5bc0157d66ddcfb2aad4e48558a7f4,1
0xd315ed66b8c86b25ca25bc1bf285d565497b9803,1
0xd31855ea6c9857afdb6204cb4a9933456c7e68e1,1
0xd31e1ea3c6503aa74a79d17acc3362e28de2d7fd,1
0xd3270bf62ce047274d35920f2b1205097ba2a06e,1
0xd327add91a351e1258a4a9f35590926183c12aa3,1
0xd329414e5f3d684e079fa97d35e197c3abfa7d86,1
0xd2fbf0c3a3ee5a50e71a52f348187cc28ff5850d,1
0xd406305b0692beb287a99131ed298f836053aea5,1
0xd406325e64dbbc1353c419fb35361b6195f85bf2,1
0xd407f03dff71537b57958236399d9cf7ded16c51,1
0xd412925711a34bd7c047542c82870f518c4dc41c,1
0xd4132ac5a98aeacd0a4b9f74a97f56cc3f210c19,1
0xd415f681c2e0fd42884f94ef210171aee149ccff,1
0xd417d8eb331432f44f82b60e5a3f2ff61ca338d3,1
0xd42d225b9fe736a591cd3f7ccc20d2c820cc66f4,1
0xd433a27767ebdaed3246fa4c08a3a0c5a239f5d0,1
0xd43aa3070b2a80e4956ed5e17ef51b764d6b189a,1
0xd449548a488a32831e85179ff4c0fdd5c06d1910,1
0xd44b371bd921fe15300522f1743cb25c39d6bdd9,1
0xd3b094629755a9d987a8a039b4ebcd7650890a19,1
0xd44da0714a411e41310267b7fec5bfcde026d114,1
0xd44e38c5eab723bbbb114a3d8a2ada8b3c9ab84f,1
0xd44f44c679ebd92ea779cf4bf667d1b6ca4f994b,1
0xd45375edcef67acd7e9bd32c1213b25d6554ed1e,1
0xd45a853c7290f79bf6307e5cd7c6e839ce3860cd,1
0xd45a98dd901b4639c774a273479814a78a87906f,1
0xd45c9107f8378c704f8a3b4129bda5b5a3d43dba,1
0xd45dd60b34670dabc330f5a718f46599e8b29f94,1
0xd47357f95101e2d97a301ec267e59df44e56b284,1
0xd4855fde11d5f14e01ef52837dfe0ac5d18c1d00,1
0xd485aa94da27ec25a70807b1044fccf3adc85fc7,1
0xd48e6f45db46e7b3ec2f8e592475ea8a09b409c6,1
0xd44b92f0b2b458401f95d3a270a5f421622a1ddc,1
0xd3b9352e3b4a64bbea1f8bb8e50ec7b3296cf553,1
0xd3b98973399eeeca5b9e57f1c3cb930365e9b5ee,1
0xd3baf69cccd276dcc5c22f9e81b9d87fc85d218f,1
0xd3c3464e19d75b2549e5be37c72f7e1912e81c53,1
0xd3c9de55f4a66d3e57ddc84f12777e5e7f5acbcf,1
0xd3d1dbc8ba1c4d8cafaeb90f84b36f9034917aee,1
0xd3d376cf34fdaed7b2036ec0fb1733082255103b,1
0xd3d9a334a221f445d9fd7459b407988e18902490,1
0xd3db863810fd6299bcea9d95f1d3d84d450863d3,1
0xd3dc6a1cd19c3da95f93bdf2b9013ed3cf9a506e,1
0xd3dd7a41b38afddf98f91e24502cd9d0d6df8631,1
0xd3e0008dd6a613deb555d4ee3fadd6f6750b182d,1
0xd401578d84abf6a38dfe983016d05ac73b669448,1
0xd3e581bbda5f76d8cb5049e260e152871d724f15,1
0xd3e59fb3b109f8422ea8c55eead466d12d16e451,1
0xd3e86c804ac8a3a013d3f226eed466d2dbf5cd94,1
0xd3ed4a9c18fb348bb82829259817f436ba7d4c79,1
0xd3efd074289e313f6224bde24fe75149ae61493f,1
0xd3f0ea4b1d6944231902742f92e26a0ae66bedea,1
0xd3f4dc6314dcf208314e73cd19b08cc372f90284,1
0xd3f500774d52e183dd4fcbb4f4fd1e23e19b1230,1
0xd3f6debd26a293f76400e587221921387256736c,1
0xd3f96d824ce3117dba4ed0ea0603950dce9c07d3,1
0xd3fd760fa407c3d96333a34f9dbd8b0fd6e0f2dc,1
0xd3fe3209e501d1be778d1fcc31bad3dcea08ca4c,1
0xd3ffcb4c81c3dcbcbf324c818d856cca1911438a,1
0xd3e4f412cd9fe40a40495b06b31c4c37368244b7,1
0x2cf01138eed7b8417c95df15a8b5c43d416d25ea,1
0x2cf31407a5eab53a786971760373e2969ac951df,1
0x2cf6d3f21e1559d983e1a86d8232625702adf7cc,1
0x2d01a11b9625db79d31717b3c3a7099db509e8ea,1
0x2d0afa89dab96d16eb904e4bf032c75329416d78,1
0x2d0e9f9d84c4af22cd547600fdb0bcf54dd73513,1
0x2d1a03e8e18347a7e28c409c8b3ce75ac53b5511,1
0x2d248c724d03fcaea3f6ff6f9ddef5e9185cc010,1
0x2d24bf0961f3b91861c5dcee10f8cb626681c4aa,1
0x2d313d7f63c8a46d2d9cedcda454c1661e393f61,1
0x2d3b5a693b2312f8beb770b54eb8822520d1dd03,1
0x2d3e7040e85d53496ee3a3c29e64923e054e7787,1
0xff7db87ab12a4408e0e753778463182c7df8190a,1
0x2d45d160821d881b12cd159b18555a4c4eee1139,1
0x2d4d387b795b50ee77bb1ab06d21ba72a913c43b,1
0x2d4da339e71856f9d58da39ecb1e2488368f5518,1
0x2d4df95a4b169bed5ac7bae703507dbe18c9cd0e,1
0x2d53b5f3b0e35162c1e12fd503f95eb122421ffe,1
0x2d58cb22da08e8e0dc093fe89fbbe693edaee67f,1
0x2d5dfd966b2532b906614833faf39c55c7dc0095,1
0x2d5f6ad998a159adad37b56275f601b0b603fc5d,1
0x2d651ab03baa342dc965563c58d8fd77fbee6d5e,1
0x2d6634e7d013019dba1b6a2e56fa20c9c8cb96db,1
0x2d738364b2b3968629d23bf442db3b3ee52a5849,1
0x2d7738e466358d30da5482e98a02b5bfbd22fed9,1
0x2d4592c221fb6e9fddcd8983ba358b9071a36bdd,1
0x2c521f73937dfef23692102fca7207a162639676,1
0x2c66f311ecd9f5fe57b1e2ec615cb850c3f302cc,1
0x2c6d4cb68977dbe3c425bb1942168a5af9292365,1
0x2c72094b3c6668cadc32a449836c6667563749ae,1
0x2c722b569c53851f4cc3ed3ed4e794af3f726bd9,1
0x2c7560b56b5b0c5904630ee8c6a832764b4ea91c,1
0x2c812ac0b71eeb1c837ac6185da8dd7f75303368,1
0x2c8eee4a1a487fe15151ec23f373f995dfaad2ee,1
0x2c92e3eafcb889150cc4c27c811ab0c942efa0b5,1
0x2c96df03e95a7d137ed602f92a7137e8a63995cd,1
0x2c9aae05471082f0cdde6379d6d41f35092d7072,1
0x2c9af7c634ad1d39e0a3be2b25cad297a7ede172,1
0x2ce7274f9a4a904511f91701ef18b3c344a3b2e6,1
0x2cac8cc6ea54c4bd9113f7a3664f9d81ae315309,1
0x2cb1c84f84572ef832edf87a2ff470b361c917d2,1
0x2cb914d8d88802b7fc4dfe90652823164dd919ea,1
0x2cc4eace1ccce985832dc6b3a2acd56fe331c3f4,1
0x2cc7a8e609a61ffbc9f6375555a69c38e37114f0,1
0x2ccc22abb351abd947a5e2a84beb04a25f403799,1
0x2ccc7a0844ee84ce1d56a5c8f2ba7d2039e1e913,1
0x2cced06b07a9878f4fe7f600f4e95d7619bf56f9,1
0x2cd2854ded6d498bf44befb3513b03105c08fc99,1
0x2cd9a04c98330bb414a8d3ef720382b0d8341c25,1
0x2cddc730ae3cd1c7abd6ec464576caeb0ceb107b,1
0x2ce0cb17b68fb4085015b8b0dcc4547809fc423f,1
0x2ce652db8a1121038f4686ce78a6bccba2cd8b43,1
0x2c9c51bee1a4e4cf746ffa07f77327c3e477ab6e,1
0x2dffa770850653607c5330bdc3101e84dc9b487e,1
0x2e02e310f44ed98a4f9a6684b960f726e2d2b87f,1
0x2e032cd8c9728ff8ce52ae0adf80ae6ed7ad11a1,1
0x2e06848568dd87b7931018fdc2ce4c84ea1bf714,1
0x2e08df2d046690ef450622ca8a6c18f94dc657c4,1
0x2e11174ca8fa1304633ea042fbea8f9cfdef2a85,1
0x2e14335daf5cb6bdd57eeae5d543a2a96e70529e,1
0x2e184a635c0cd1ba7dc60517e981ec52bdb950e5,1
0x2e1e30e2beca8546cab7a7db25b2baf03dc761df,1
0x2e273196363836c1d403a41715662907307090d3,1
0x2e284ba78a3cc8d4bad5a0910e4ed057cfb86506,1
0x2e4595e7451c6f44f132abf630833f5fabdc6b9e,1
0x2d77fdf6ebe0e7673f6e310d95e9e9ce5bbfa04f,1
0x2e5780b06aa25506e45a681a0ccd6cb516954c8b,1
0x2e57fac45337f42cd182988b5f87b75fa40969ed,1
0x2e5c7876a67012b68ce06bbb3d402765b3627f61,1
0x2e624d02e574f076cf17ce8124edeaa73f8af947,1
0x2e7437676adf75f533c877fb6820f187c001d49a,1
0x2e7676062f6359cbd7970ee3e05567d74a9ad4a0,1
0x2e7dde227480571189420cd59d9d8d63ad290b4a,1
0x2e7f25758f179de626fe34dd07eb264dd79c4038,1
0x2e84f802d1514e0cef26d55b6d81be15842f47f3,1
0x2e8a05abba56d3e763d44412264574538b8075ba,1
0x2e902083790c52d7c2a1a23806537fdaf704ca23,1
0x2e95ac6b9ee3c71b1d001d6cf728374f1329d0a8,1
0x2e5533e00fbf63e92a3c2ad9e59e1ac7c40a62f2,1
0x2d7915e4979f4b6ad3587bc332adc70a5f70a4d6,1
0x2d7ba25384b804bd961dc5c36a9697f76c3bf1fc,1
0x2d7ecf5284f9491f1c306eb7f22b8d8b2dc1eac7,1
0x2d82721dd2f327a6af7f8818dea37cf82ea26718,1
0x2d82f1d86d8650999957b678bc4f9c808483809b,1
0x2d86834a006c4ed102f53e341ee7afa757a07425,1
0x2d95b3092b66dff884f3cd769bda7043dd085675,1
0x2d98274b4e713d46b75d3ab58b656a22d158b6f9,1
0x2d9d1cb07eb7057cf1dce907d23504ca05b892cf,1
0x2d9e7bef634b35ca3eaca79c2563c5544fc6a96e,1
0x2da6fa0b4cf38e1980ead130f0c948db34095171,1
0x2dab622e143c2968096110940a280fb2f98fe5c7,1
0x2dfc3881bf9b27c704cca4c864661b2c953ffd8a,1
0x2db3f89278a917e9e341bb8e8fc9041b028f7e4a,1
0x2db7f15adf0c51c48391546f212bb6370ebc8f47,1
0x2dbc296ddbb929a9143cd04ad43d64a5198a7123,1
0x2dbf79df7d54f3991d34f5247bd04918989b15e7,1
0x2dc2bdd435d73ed1cba79578a74609c3b52f4f5a,1
0x2dccfaa93536e9c7fa074160b70bad6393daf5b7,1
0x2ddb1f80432b7d3b6eeaf840e5afe70761bd6f96,1
0x2de02a5c4f5bcb0eaff44d5a0903f78273e2bbc9,1
0x2de2f049665feb8c796de65d37bf96ec402eff46,1
0x2dee3da11b7f53ae84cda665095a9c4147eebef9,1
0x2dee75e0c5b12470285074c51e07a6d98210f659,1
0x2df025540ab0b9203926d8edabb77d4ed3a9cea1,1
0x2df08f08c80b4706629acb67d1d0dfbb71da581a,1
0x2dad42aa5084b2354b570509a7de643985b28eb9,1
0x2abca02bc75bdf7f7d2f45290404b3364d11d8bf,1
0x2abf1da02479fb0a42cb857265f6fadc29a3e0d7,1
0x2acf9356851a1c790d6c23d97da993ba626c08d3,1
0x2adf55f1e8da60d1dfbbb2ede83377f07ed82a0d,1
0x2aef8e4293d23ac96d5111a81f78d43a62cf734c,1
0x2afbc3f5ce24e3714a1afd0efef5def0885ca420,1
0x2afee2afb322e83fc6abdb597d6c006073053f9c,1
0x2b002bc59568b33f017e0227f25146fde6d88803,1
0x2b0675aca565978e2171d4089f54a6c4606006f3,1
0x2b0b1fc82426894971e81483ae5dc90fa273f010,1
0x2b1a404fee631fa4d7caf501cf6e7387a6e863a2,1
0x2b21631570774d1d57d1f0780f384180ca4164c8,1
0x2c4487319e7d356a9f9f172b067095327a048fcf,1
0x2b250df37ed94d6c86897352ccc848ab3ed16262,1
0x2b27313d8bfa79647559e9aba4feb7487b91d7a1,1
0x2b2cf2d413ba201cfc1a34a9f47a1147be70eeb9,1
0x2b3087477ea7b0da10fcfe5d9b90efdca0f212b8,1
0x2b36e8b7622e97654aa71a7ae4cab9bba4036b7f,1
0x2b39131ab5c39bbbb6069762714d7d39d216a0f9,1
0x2b3b82f47345b909989485544b6fd1056ad1d2d3,1
0x2b46721e04f589ea786c7a9010b8976189c04f84,1
0x2b481cf02614053dc7b05f48d384d37c8cbead35,1
0x2b48860802711bff252a45fdcc8331c2f478dfec,1
0x2b5196c8529f5dec9154f8e499ae191a63e0d64f,1
0x2b5550f7a0f8b2a42289576a58a83e6a62837e47,1
0x2b22ef047ff799e0b4668f7372327112ccbfb8d9,1
0x2a2317acf1a3b608d7650fdd4dd67d23968998eb,1
0x2a23623b83af9edaf5f6dfd16fadd9f798e98d4d,1
0x2a29be581eb191b0d5501af90765c29502ce8423,1
0x2a2f3efed6f5c6ed950f3df8c621b9ed60cc0d7c,1
0x2a37e22422014017e86ed1ab74e934eafa629b82,1
0x2a41de011329d3c2e98f975acd930d9095b485e4,1
0x2a43f00564fa42d1efddea8bb2e5a92aeee91703,1
0x2a48446e1097be7d635ec8c3bdca865874458b83,1
0x2a4fc2713c71ad0a332a022c96f59ae33e8681af,1
0x2a53ac03697b6264ef5dab567a1399813b7b389f,1
0x2a588ea1163cd16275802a679be446e486561d93,1
0x2a6196f9467fceb5370a48485de128bdceef89df,1
0x2abae3313ac087a7f6556c580d1c0f9c5b7c54c1,1
0x2a726aca030197fe1b2be95cd2ea1687dc843d0d,1
0x2a7ab4517994b84294eea1ac5dc481720023bab1,1
0x2a7cefc58cf95fe6e5479af7c01ba809a6004401,1
0x2a7e5e71c070075e0bdc714ba6caaa9fc1ee1810,1
0x2a7e6557da22ec64bc382ff1c4127c34070c7070,1
0x2a89c5c4c4b0f587158b348a8fc390bdf29f278a,1
0x2a8bdb3415af21a58ec3348ba5bcb4f0ed59c452,1
0x2a961398a8707cfea31a966373a3a16d55eeee1e,1
0x2a967f12322f3b38173303b7ddeab65e9c94dfb7,1
0x2aa2dc73c5d146a570b374149e9c216aab22eb3d,1
0x2aa496e7bcd21e2f22e71532db875a69a8c638fc,1
0x2aa72d1959bc9dc0b8adbc8d03ab5324b797780a,1
0x2ab23073d3b5e2865bfab244d961862fb5c5ccaa,1
0x2a645477c2a934fafc4c8af31332516c5966023f,1
0x2bcc63386a2460afef44481d7b8abb45b36b1136,1
0x2bd48b9650ef565f4762b82eececd325a56c49f1,1
0x2bd7910af8a91f77b8bec52b210ccf396e0d1718,1
0x2bdc05767797195667eb7b2b661b73afff53cee6,1
0x2be3ca8b661410857aa884e01541c4710a56ea09,1
0x2be5eab188378df638d6af0df36b0a1e11d9a928,1
0x2be9c1d0cb5ae6814656b1c635a6a0c411666e42,1
0x2bea6d66d23852218768283dec0f41240ed755c6,1
0x2bed2f6caa14adead192affd47fba73c2a41295b,1
0x2bf4aadf1501a9916a3a4c20f1509f99ca7f50eb,1
0x2bf73b90f9ef46ff33627a0b615c6b2d25c8863d,1
0x2bfc79f9afbad76d3e36eef02121b3431ad38bf5,1
0x2b58965802b585d7fa443c3446f00429d8dc59ba,1
0x2c03d2eee24fe54f7bbe3eb9412984c3553f9dc2,1
0x2c085bb8b394275e7ded4d9a4011795c7bc46592,1
0x2c1542194f98b47c3f8ee3c576597e299614630d,1
0x2c176dd46b1f9955c9b52fcdfe6470fca4707f2c,1
0x2c1e2719120fa55817a5ede09a3126183122ed5b,1
0x2c22b907dd8422292ba40c1a12704b6f990aea2d,1
0x2c2701a793438f955a8de5d3a9bfe0a9037a5e9b,1
0x2c283fa0c9a97faafc208d4502ed5c4ea11b23f5,1
0x2c31cf1f3cf485f6457b5705996b8d9f77a21647,1
0x2c33ad84273f9ab1fa44953a484414083681581b,1
0x2c3a53eb423cd1cc2de8feebf0c044bd2e2ae467,1
0x2c3c4093804b92f283855693b060bb22f6e71c5b,1
0x2bfdfa0a416d3e12376ed85ca45fc487a268d688,1
0x2b58dd61b335841792c0ce13afc88d5a2f2f107d,1
0x2b627a5c02cb3e96fdf96a79de6dddc32e249cec,1
0x2b63847c1e89c5956a04d06903096b8c8de817ae,1
0x2b6448f669f9b599902d47ceb13e6b781c8de26b,1
0x2b662a3e6c27beb7a3830c7f63a50a86c4d52e1e,1
0x2b6eba95e42d76ea67a2f25accda764f94dc3602,1
0x2b70ec759115eb79647069d577b49c2ccd0fd7b8,1
0x2b764e8b945f85cf70d7e828e354cd0efa15e5fd,1
0x2b83b3cea29e790d5888bce2dccdba043fa716fa,1
0x2b87f0805ff62ad412ee3aac63adf1847e25796e,1
0x2b8e598949ed6ef746fea0e7103d629c73aee0a0,1
0x2b8eb009c2501c2f6518e9717835edf1f3ced142,1
0x2bc97d4be43547b18c81bef54b49ec1334018a6a,1
0x2b90ecf59054568eda394ed27ca7fb1752919c3b,1
0x2b9139201844345ef6236e6db4de208114fce542,1
0x2b94e4188da990ecf84d13a5abe69bc9523015a7,1
0x2b979402c4cd5b994ccc43fc774bf3641a9a2f96,1
0x2b98d86ca91a39c4d1daadf476c1bfe42e9a3792,1
0x2b9ca2355ed727d103ddc257c33d31b6156eaccc,1
0x2b9cd27a98239dd4d150c05bbfd211ca95a6af63,1
0x2b9db9e2fecc6b77c4dbf701f641a34dfb676a0d,1
0x2babaedabac187884e11a7b96197eeb5491e70bd,1
0x2bac9e711b62bd80676af459c90649e6c10cb606,1
0x2bb1f8ba184ce02e5d37ef0806acc1aaf60e90c8,1
0x2bb554d528886b4e35f3a3e87a271af7e24bba36,1
0x2bbaba9b708eaa88317200edbec6617068ba2ec7,1
0x2b90befbc297c83309b0a9c55161203caacfdde8,1
0x31100c717b6123e8c3ca18150a80f34e350b6863,1
0x3111928f21f37f6883b9145bb64633b594b0c874,1
0x31134d361cc7433210a0090d914e7e66460137d7,1
0x311a7cc42eb1b33ec1ae492acf5c9a6a82ca9bbe,1
0x3121a8fe715f24b6dde0daeeac0b912d60c5d0ef,1
0x312838f1e529aef968e59c9744afed047344bc5d,1
0x3129902e4760ca47154fd8531425f8bc9a7a0a9a,1
0x313aa94c8343998c2ac0072fe9f6188720d3aa21,1
0x313b4e86d0c165fe8102d88137dfe8cf452f2926,1
0x313dafb9fcbef7b1142002c839c36388ef327b69,1
0x3162e5a899435470434e509edb2448966950a252,1
0x31634db852947219e765be22fe04b39ba26c0ff1,1
0x2e9b75452463c3dd0b1ed06cd8f05f9949b7bd75,1
0x316e0385a51770df4cb07bbc12929eefe621299f,1
0x31743d20e1ab3c9ff59c804c068feb7ed3fcb144,1
0x317beb690810bc362b2828f1fa1ecce5babe90c0,1
0x317f680d6b02c4f48e22e3b991e05e20e8fcd743,1
0x317f82b7bf922d968b1606707cdc2185f4af4d7c,1
0x31979a9904b1f7957767de550fc1ab11e4949123,1
0x319a508fbc6a527aed0927c4ab5d6859e52a9586,1
0x319a9e276a21cc80c9e73a9a4d061a2da6ba3495,1
0x31a04a0d19e63946638d0f589fbae9d971b9e2e0,1
0x31a7083d9dcce66f8c74c87f5f01bd7b446a0285,1
0x31aac8987f380af28682fe66a0ed7affe12d877b,1
0x31b45e9b5e46f210bfa223f39b9bbddfd92e5726,1
0x316b8079690ce334c198d1251b0e7af398273df8,1
0x308c078bfa89063b27bc06afef12d15b81a1a922,1
0x3090c4411526b13b2667bf1ae6ac1883c8951ecc,1
0x309421a9c61d4c30826cfda6adf8583158597a1c,1
0x30984e221ddb19d645a8bc2d1a128999719a42ab,1
0x30a5c4180fc67a499a351af1a3cb17fa25eab709,1
0x30b1b2eaf0aeaaf7457e7cc71049423c94a6f709,1
0x30bae267f9ac21250abc52fd84966eb709503b80,1
0x30c2857cc5945e767c6024c421e9fed3eddc83a9,1
0x30c2b655e1627e77b214ee01878e2d6d7965d6d1,1
0x30c7aca5a319c349cdf88eff80bdc3293befefae,1
0x30caac441e879ab281c9ce393decc29642986876,1
0x30cc5026fbbbaffa57c52b0bef6e5d0fb2cd3cb3,1
0x31067dfe35a3bdb171d9bd3c47d112b5f13022f9,1
0x30d856b345761e9f44edec6742968b6cb0a3dfcf,1
0x30d9b3aaaf9a535b276b1fc4206c31bd4cc928a7,1
0x30da0813e16788e801acfcb0617a3822e2506b23,1
0x30db37690b925bbd516bd0c88867005fffbf902c,1
0x30df00a9d7cf1bd9f801abb0de2254d1a31a3667,1
0x30df5ed9a01de148d815020dcf0e88d219c3b3bc,1
0x30e29ef5822204b13b1d3f2af27c6ddff847a91c,1
0x30e4ee250948b2c639557ed822ab2f69fde97033,1
0x30f606be2f60d3fc73534c865b6acdaa447eb3bb,1
0x30f95123e44b62000a4f1709322ee7dd50144b89,1
0x30fa365bfa8859032aee39ea9ab357b6136a7c65,1
0x3102c856e5876d9a4de0abfcf6e42686d18b5e1c,1
0x31054bae234a8010db64de80673e683a52c0477e,1
0x30d26050b5ac73e577bee960062cf698e0289019,1
0x3252dc113b5b1b15557b08c372f65a40396536f4,1
0x325a6854236de87b86dbb727073685726d3844fc,1
0x325acdbb88692883c42daae3eda3f30165be3325,1
0x32748bf20235796ec6bc43975610f40c9a139316,1
0x327d245d5763359dc6e969aa57b31cedf17d0b8b,1
0x328021a1f15c5d48e4639225b119144958b707f4,1
0x3280d7ae10ccc89e0a77f155f59e8eab1418a60a,1
0x3295a5997c4a4068720d610151ab6f7fc1a51dc0,1
0x329e7ca608bdc0285dc0447ba5ee9e4288fc4376,1
0x329e88d5fab4ec9766f52632dbf41730535e3079,1
0x32a1eecacd3e98b8cd6873140c6c8d00b3e01f28,1
0x32a26de39ade3d0784129cf37c32e72cabddc60c,1
0x31b7082d413d4b1709e7280f2860e5fc35b5ec05,1
0x32a5cb430f1daffba8738f715e63808788f5312f,1
0x32ad70941e5d864e096fce312f72f6dc8f200d40,1
0x32ae2853d375d8a7da6584c1c70acbf429900d29,1
0x32b88ffd06826067890e83d168a36da43f5d5df6,1
0x32c3c802c0dea19bf4291bb972442c5a957ca7e6,1
0x32caf7efad565fe53f7a50d885d711cecd2cb77e,1
0x32d1d6f5c66362724ae60469678fadd7b811deb4,1
0x32d821afc5c5ae13174f0cb29d44b0e9bcb22c5c,1
0x32da8dcf5b00cd5549e72f1687c3ea15d27fc08d,1
0x32e358b2d0ed9b010b2748340c449c0b8bc5ad74,1
0x32e44fef4ed3efc32207506ce3942f637065c2cd,1
0x32e72cb8e678052600839b80d5b290e6cabe744a,1
0x32a4fbba774bfec3b4e945f85f69f0067d7be26c,1
0x31c18cc92750ff48e3ee633e320c653e86f9bcdc,1
0x31c783012866360ddc9485de664ad6d9ecb55af3,1
0x31c969ecc5f90e23b955438c013123295fa09248,1
0x31cb53410dfaf0c7ffb30391ab70ba1db447b4d0,1
0x31d0e511ff7c0c502099a5035d17b31bb18893d6,1
0x31d6a696ef3a58e283865c95cb16573493d5fdfe,1
0x31e930ee46874546175bf8241d23a36c3111ab04,1
0x31ec01bbe40d378c4494b1c959d41780aab00c5d,1
0x31f0c8c35b45b97f625716f0d4a81549f2136f31,1
0x31f16d325ca3177549c3d8013c090c3874a8f78f,1
0x31f52aae439a0624a1bd9d8ccbda84d1e2404c52,1
0x31ffd182006226542d8eb34ea4249771b4e09970,1
0x32510c570bdd405e626e83ecc1e55c35310d1589,1
0x3208c8bef5ccd491c6f60022513da071c441ba8b,1
0x3209bec02c7b43dabb1797785acda672a9bbb6c2,1
0x321ce21c4b5bd603aeeb52f654d376604e34fac9,1
0x321fd558bcb4f274b4173131ee52d8c635195ac7,1
0x322b13526df6dd1697021f3e7dc819c481984ed0,1
0x322c1cc5aa54fbc85e40e6aae912bc0a0f2f9ea3,1
0x322ccdd8e67ff4b3f38a96fc1aa9730b727aac8b,1
0x322ed6ad875847511eb9e9982db72791d1c5a997,1
0x32328afaa0ee2b1678ed31dde2a4f2bc6d72732d,1
0x323a0e28b70259fd4446b5b08e52ee8fcf419ba1,1
0x3242f5a33ff52537330a757e03fe51f8c5b362cf,1
0x32469be24c2c5a0e0546c95f02a6a754699f1b35,1
0x3248572b4e5ec404882c85e72a8e6dc109b29d67,1
0x3200eff1dd0bbb01fc34224e649f68c23683d810,1
0x2f2d7615f20a58931b6f1024edc9c3dae958d906,1
0x2f2ea35f34977c8f7a02123d60527b7b7799fb6a,1
0x2f2f3da70d420b6a68d3dca5b1d71ad0c108c185,1
0x2f2f7aaecba4758d401c313b821cb26c4920cc67,1
0x2f32f3d3a0d1a663ea6d81477cdcad5c39d7980c,1
0x2f3477652a16325fb353e637d19fb48bcef54f71,1
0x2f390016f0e8c300d0eef03afee192202f6d45bd,1
0x2f45845e7ea29255714244d37723b9369ac408e4,1
0x2f46589589c02cfe1f903d7a16f564b74341a89e,1
0x2f50ee9592c000160d24e2c4db65a54f2b42f7e0,1
0x2f517b985aecd5bcefa73b2e3a84b65a50c3db62,1
0x2f596f7243553910f9e6b3e5f26f4c32231aec50,1
0x3088eada5e4fb381e89d3f81c5a0f60f36f1589a,1
0x2f5e8dac863affde369ffb828aaf3a09110d4bc7,1
0x2f5ebc87d25200c40fda1c6cd16a4402c10b82f9,1
0x2f5f9a17033e445f82843310df4c410975d1fc08,1
0x2f62f1ec4c5af2404f617667152e7f1564fda0c8,1
0x2f66b6dbf367480301f46fd02fc5a1c850d1632e,1
0x2f691ed0a9c82fa720f0a302778762ba7b09a41e,1
0x2f7721811a766bed13d2816449f0a8b35155fd52,1
0x2f7f842a10fb3969434bd761c49144b903cac404,1
0x2f86fcc1060a35b0073769601f0eeda497169b50,1
0x2f8b7bd0c43753836af576127a1d36cdd4bfc34d,1
0x2f8c4b4bdc24f0c056a978ebb3402882253d7c27,1
0x2f8c9abdf825e633c260db80d1f352ee87dac79a,1
0x2f5dc21e578151b50ee61d727dbea4cc46f0e39b,1
0x2e9b8a5346a2dbc19bd4fa7446a0b2836f2688f1,1
0x2ea04ef4c6f385e70bece3dad84ae83112df96f9,1
0x2ea22b7548a098ab7a2fa3628b59ef2fc4d2772b,1
0x2ea67ff1f0b4958b1ebee0ddf57b358cdfdab4c7,1
0x2eb055047d8f181db7cfb7a42c4db36b980477f5,1
0x2eb285667303b24ccfbebed497574d083bd8bcfe,1
0x2eb74d083d2d2b2d1baca3b083173c6d93e32f6c,1
0x2ec13b628dd389cea7c5b24f2ee289313605a857,1
0x2ec9e3b48b5efd6a6a767889b1bc95ade9b70d8c,1
0x2eca0a48a5e9e596a3056fc0911228cf56054ccc,1
0x2ecefffceeb2401f7905102fd007224e6f642012,1
0x2ecf0adfc55b0dcd653dfe756ce2cc856097f36b,1
0x2f29b591ecd93ec6af9755456fd0f0ffb7b224c4,1
0x2ed7ad1e24dd576e5e6f8c52f484e048d8e1866e,1
0x2ee4e7d8e3e6fab5b6963a33f9efb32c8a1cd171,1
0x2ee9122b8b0e2ed6c1f896e1698bda0e16b15134,1
0x2ee917bd89acb5b54aa1448213051d76d442e814,1
0x2ee963d4bea0c707930574a2e26fa4d4428fcc1c,1
0x2eed02ec902adfb38fb185870c0df20f66a6f110,1
0x2eed0e33dfe1e290b9bf768d9db3087831235021,1
0x2eeeba66f63cd4108ce641d5daedc620e58838f4,1
0x2ef69bf22030489642a2ed1d28482cf9242f5d70,1
0x2eff67c89341c570032d4fd13e7f90846f48c932,1
0x2f05ec5ffedf1751b33b1300452ce6dfcc92f83e,1
0x2f0d1e32215b36cdcde9fa2b5ac547a9c4db934e,1
0x2f28ad1083a1d708e291dbc29c283d22c529a17f,1
0x2ed2ac9411db9055340e3b0fd6a9edd8f9340300,1
0x301d858c7c949d60ac5738dc9d1ff02223fc8e11,1
0x303e82c82341c4a9b654e8d92027258e7b18a6fa,1
0x3042dfe918b1ec3f22291c87b5aafac1a2cef57d,1
0x304e8c6dd10fbddd1efcf7ffb0d0303b95e14668,1
0x3050e77aacc5fc2526dd37ab034796bcb890c7b5,1
0x30516dbd8a242e27d46f889d4e4e4bfaeac73473,1
0x3052b15d76a6e16266f48b89e252e93c2a039bbb,1
0x30537f6979eb354aa9ea32faf00153203adfe74b,1
0x3053f7b606c759833dc0f9069c52f245d16ac7b3,1
0x305c0ceec02a061d35bcc1886c93765c7de9c2d8,1
0x306112675571191e7e4a40f9dc58fd141f74e260,1
0x3061d00af335917df2d1fef59c219541a54d2fed,1
0x2f9a70aade40adea9f9ba5e3c416c544fe4425d7,1
0x306477c0b1566de5e0d7db5d273ff92d844e330c,1
0x306629f4c5f6c798ab717eca4cfbec96613509bb,1
0x3066a2de036e421588db222117983c85cb6f4f7e,1
0x3067b309a0acf5eec77f9b820b38f39f7e0e3211,1
0x30681cce99eeda31e0524117ffe9cf130a5675b8,1
0x306962150ebe214d424d387a5511e5fef89e0dd7,1
0x30770da3761781e8954e2d22b1e426dad3dfb889,1
0x3077e2b0952a77a874e4b743cd0e7fc26ab4c7b4,1
0x307c374b27c74020f8dc543fe095a43cfdf79bab,1
0x307e8f9b43b8cc00f38713e3d82eb2ea0f1960bd,1
0x307f579cdf30ca4f24bdc9b293d390241e9bfb65,1
0x30810debe7bed29997e27a5fc8c71fda1ee19bfe,1
0x308309b3851f2770388d0fd8b7d4bb2ff20bd486,1
0x30637220c3c5faf89f1134b1c13f8e4778878eec,1
0x2fa5ef12ac5572af9297e0bfafb8679f96e913dd,1
0x2fa661a91a2ca6bbd3a281785ba9c423377bdd83,1
0x2fb40c2916db0b0b4ddc61ac74d4ea746c65c45c,1
0x2fbb9b84113dc61ae6d535dde42394b90ea60b5c,1
0x2fc1ed147e883c80609baa8b111867dd81b87bac,1
0x2fcb03bd3e367744bda400b0f75857f40fdbda52,1
0x2fcba3736166492903cffe0a7a85101fa096f843,1
0x2fd026dba1183f20e97ac06b53d6c2332886f6ec,1
0x2fd8c9104bf659d024678a49c2baffbd55d7b166,1
0x2fe90c7ab1830462804fd301c698df10d84cc635,1
0x2ff1cbb769d401eeacc3290694f84e8750e3f037,1
0x2ff96a8a562de309a034248149ab517cd4d8e97b,1
0x301a37de69ca235d1d03a113bfacfcec88646c39,1
0x30015f9c53648f34dbea3b5fc7f0955f516cb699,1
0x300316177d9b305b21fda778076e843c8e9cdb50,1
0x3005cd619c02fbc5f7f4088e6e9ad993cbdf7f3f,1
0x30093bc18422241f6dbc106896363e899563e92f,1
0x3009416c0cd34609e2220a35d6a52f1d6cd3c100,1
0x3009a6cdf0bd181ac54c231d7138159be02b480b,1
0x300ce1a88e720589a98d27c8cb5a94dbdec76c36,1
0x3012022318a6ac59b31c156cb85a0370b82c9c13,1
0x30180bccfaec6877a63624fcb3705bd034703a3a,1
0x30186960430f2b6b05f14cb6413cf7ed1e6abc73,1
0x301886adefb3eeb240fe2bedc54283f632ace2de,1
0x3019100433bd715346986fc8c4fc72fee0edbd1c,1
0x3019cbb075e743fd2e773fa53e55a1969c9ce7dd,1
0x2ffd02960dfd21d3e247a438a7df47832b5aa0b8,1
0x24288cf453684277e0dccfc2b2e420ec8d5cf7dd,1
0x242b8edc9257de9be5cc450e9fa0558c5f0b3d26,1
0x242cea2684bece0f372883f7296017801af241c5,1
0x242ffcb5e1b6468b8ed5614bc65454d1672537ac,1
0x2434b6944715de499fa46efdab320e6093e604ce,1
0x244a95a7a5a5fd4a85e0971884cea0c3d38c69d2,1
0x244a9aefffa0b2e95dd357f1f645ffa34d3c218b,1
0x244ab98ab5971e7badc31b355a58faa85a482dac,1
0x244bc4789fd04699f58cc485360a5060007aabbf,1
0x2453d2362f25da3151517e7d7c49d9b8940e235a,1
0x2456d829353e9a3b75c9e0a61da78b3da965cf15,1
0x2457153a31bf204478df6f6cd39004c09ec7be17,1
0x2a1e3513419a11c8ff0b8ec8d6e4349da3ebc0c0,1
0x2462150f7119be660f1e9c4e1b80ae60c8c694fa,1
0x246a79ae9da0922717ea5d9c24b33cc4005319aa,1
0x246bfce59657236b30cce0580b780e6884a516f2,1
0x246c441a110cb51ef7e723d193612efa196d5d18,1
0x24709a435e702316a1ec84d652c0b9f7a9f091a4,1
0x24723728befd715a4817616bd331b3d597640b77,1
0x2478515f7ade3c6444f6d0493bfb22735aabdd33,1
0x248437ae291fc92d028a686af333b92ee549b533,1
0x248aa6fa0c6e9fc8160486519160742ef7c7d0d7,1
0x248d80e9e71445e10efe86da8180cdcd3739ffb9,1
0x2491335781f78adf5018fd83801240509d4a265b,1
0x24958b34b6440d773bd519ee0a7fa0accf53b388,1
0x245f111a50f82e1834f8bd49835a4141b99feed5,1
0x2381d31cbc1ae183ce8982405f53cd16fd13d02c,1
0x2388a72eefccac7321ab2c849dc3729341e190e5,1
0x238f64ba43f60a7b7ad9051e2457161a3c960e1b,1
0x23967cef7b5b72cb42d774642d80849a39ef6937,1
0x23991a510ee90aa4d63e7c8433623f73b10f6a1d,1
0x239a9c5b6e5760180341ce77ada4645fabf78d8a,1
0x239b7f3daa9ee0c6c43b3199c96401fc444a40d8,1
0x23a5d7d74fe050c5412dd6b43a2404beca8d4093,1
0x23a80f9028cd91721845c6aeae7f7490a971feb3,1
0x23afff1a5e6c9714707800a39cd8eea4e1aa1061,1
0x23b0162a26adf5a699c110a1d098aa37d3c9d965,1
0x23be94b7f203bdd540f5225fe0600e2ea38976be,1
0x2418c55f76420a2d1f2310ab3031639e2d589062,1
0x23c40cd55495e95e5a445d11ebc4c5c34a2d7250,1
0x23c60d30d03df78272b26c5b91dde37c15fc489e,1
0x23c881ca8e735c72b0d103ec4f2ba3408bd09410,1
0x23d0a99d68220a5ff7960ffaa46e26c77f4a89d6,1
0x23d1ffe3e394077bab7401dcf01a040bc8acbcdf,1
0x23d367f815fbe97bfc3c5f3458ed067409160b3b,1
0x23d56b2e8a0159672f2bc8a9e82830c401b870d5,1
0x23e14bbfc1d4a2314fa74104dcf63e4e421f62f2,1
0x23e2570084421b20eb1df7f5fbe96d0f1fdf7d06,1
0x23e6918896a18796a4dabde76b87bf08b34762ad,1
0x23ee474113f799f75b1d9f44f286c3e17f968e7f,1
0x23f6b3e9e158a67ce389b100613abf347d21552f,1
0x240e49f4cdffeb8cc9779b94e7c5167dcc511826,1
0x23c3d961d3b108183fc5c03c75805e2342ed5b82,1
0x253a0ecaea261f60488df4e62dde462df0eec467,1
0x25422357d73e3aca8ba097fb100a03a0008ccc0c,1
0x254bdb2169815a191fdfb475e2a7b33ad5d92cb2,1
0x254d01bd5ed57df5e04cd7e5008c64b37a933ff7,1
0x254faa487123eedc9a0466bdf6df68c5936398f9,1
0x255c3ab97deda086e1030a45ad38e88664dbb491,1
0x25651e07569a0d87e84bdea514589fd40a228664,1
0x2568a17d9ecfb8bb34c20f2318d45d4e21f3848b,1
0x256a71597eebf86a8d4c9c8fc6778dde0198d890,1
0x2571784ab4d7cd836b7db9626772fc44c4adcc27,1
0x25739d3da05a3471868b57975d9aa3588e2f60c7,1
0x2574bcbdf69223c16a7250239034cae9e11c684d,1
0x2495a7e267a2dc1762f73cdc350a78a8b406ab71,1
0x257fd55b974c8c8785a33b0cb8933da3645b06da,1
0x2581184cf987621c1c440604525f24a4449de2bd,1
0x258ca3c48118f88d5d00869833b71c56f537fdff,1
0x2599d267319a0b4fcb90e8501268af5c391a5f4d,1
0x259bad0166059194f20de399fdce79c4678ba2ac,1
0x259c0a3456c795eff7b5b55b57b8695ae7a86f68,1
0x259ee85ea957f781f3baba54fcc46b631d38836e,1
0x25a2f4dca8aa9529c0db18d8750b43ad0109c01d,1
0x25ad333c31bab628bece08213d646c49539b906d,1
0x25bf4d13d8094f6af7689d875d33b87fd07c89b1,1
0x25cb7dc301aa6596836a51e513a4b6fca1c35211,1
0x25cdc0a259802f4d5c23c031942ef04e7ca1404e,1
0x257712dda6466c9f2952df25d8ba73a2f5ea36d2,1
0x24a21d7d491af18198c831201ac054671e794abe,1
0x24a6afeb60b01241f390595fdce9ee170fce7ae9,1
0x24aa7ac231d6e35e50f993626ab86fd5bfc045af,1
0x24ad8f12ad2069138cebbce0620808ee4158a8b6,1
0x24ae21f57752809d8ea02aba3312a0741fa8a054,1
0x24b5ad008f0ea93bdd9864ae8c3f680899b95999,1
0x24b6f84c3740ad1a3f0ef47ab558716cfa34eaa0,1
0x24c6b318e0bd9c40aec34fdf78fa3f072962eaa5,1
0x24c80cde987e8e8bedaa6e5a4c7a066a7f545913,1
0x24cc84115526a5abaadf43d9f4ec0c81d8384b6a,1
0x24d5fd95556701731c26eefabcbf4e0e8321265d,1
0x24e0a2681a566a2daccc44eeda275ba431da700a,1
0x253764ca955d28d62f8bbbcf62922fce8651addf,1
0x24fa1868c0968d40cbb9da4e65ade29c56a8309b,1
0x24fc55e414c0a9e36bd8ef9a06c0e2d3ec681327,1
0x24ff92e56c45d5800b79f2c68564ee2689c78340,1
0x250b3f5c72651520b8e830e424c3de11cfa4470b,1
0x250ede459884843eb413a2cadb3763984016065a,1
0x251186483ee63acb599b0ceca1044a03a514b87b,1
0x251866700797df6e2315edb9161b5bb9890872c3,1
0x251ea83847e0beaefab40fe1699708fa29d5e2a3,1
0x251fd5580710a2414358bd0282d5558c4485fa37,1
0x252184e159e54fe3ad9b8e786c5a8f1a12bea879,1
0x25218b18e47632af314d0827f8e709444dc47118,1
0x252fdfb7f50ad3a8c56428250a7ecd02fb1d8893,1
0x2532e78e25815ede760308314c8f7f4a39dbcf48,1
0x24ec7f976db989cf72a1b4b4f54dd376a1ebc8e3,1
0x21e2ba3670b51878c20304a46dbfbcf5f58a93cd,1
0x21e8a91615486a9e660ed7c6d41c77a14a28ae8d,1
0x21e98dfd295182b62bc9464b9c55ce01a7756d9b,1
0x21f82b6dc3f54d1f76b6e33591c4897ce8264e16,1
0x21f9259c0a448a01fc435229df9566cc94b1f598,1
0x2201dcf490b4ee6ed13be11e0277436aee3a8f36,1
0x2205387e827d896fb8d193665664d451ff7a7f59,1
0x22054dff26e1da123b769c9da69b5c75079c5e28,1
0x2212cc7b9f0795a9152b75cd176964a3f379deb1,1
0x2217e22fc4a4e7336d48509a99b15d40a6cbfbc6,1
0x221d4a3ceaa07a7239a1069e5e4126e517584d34,1
0x222d20c420c160f62723f633ab60df369b1c69bb,1
0x23816c2d03da8818f00f68f316cf67afb7aaba7e,1
0x2234a6befeba4ae5f61c4e021e9a048541226a64,1
0x2238cb45a847cbd8d14a76655a3c786b9d7ad6e5,1
0x223a0b92d7b4699703b7e43fdbe637b5beec829a,1
0x224fbf2d743570d88ec6b931e9c58497a5996fd1,1
0x22580de6898f572fcacd5daa01e9f79ccecd79fd,1
0x225a3fb37b393a7401a4461b2365c9b7eb411e1b,1
0x22634eab14bbaac5e46fff5158f936eafd594e5b,1
0x226813d8669c90bdea8c8f4ec8ffca2925e2ad3b,1
0x226c91603778d02c01900a13f7c316319a1258bf,1
0x2271e6a536b518e40e9c9d49ebf575c28ffb8eae,1
0x2276e5a02c51f800c96b5cb7b81ba0cfc83b4277,1
0x227d113691a3fe96789dcf1433dd18a237aca82d,1
0x223478dcf0bc6c187dad59112210842079397e75,1
0x21852532f520efe91c76f2c2472fec6d88c0990e,1
0x218ca93238b64b84ae29cff30f901dca7a8a646d,1
0x21976d7b59d66ad5ac13f1bf30ca09a232c50c39,1
0x2199aeb56842b7feb07b298f65a7b1baca1d8dc5,1
0x21a090ca15def763e3338bdd402acfa23bccc970,1
0x21a0ee0ef3a8f754fc904d0412255bb90bc3e137,1
0x21a3257d8886004826a603d023a6b8a6baec69bc,1
0x21a5e322c97bbbe7e89c8c54623dd1af353ec86f,1
0x21a7dd8970f8bd142124f93559dd8fe24c749c0a,1
0x21acecb36f55a9c59c2fc85ef0ba89054557c548,1
0x21acfd97ac6e78827d6d63dab23e925039597232,1
0x21b0367bd425e673ed36f89736ba126815e7e6d1,1
0x21dc55407185e5e8ca292167ae1fad53d7db1255,1
0x21b60e2abfbb57870e0b37cc330d15ea56d6d3b8,1
0x21bca50c4f63e8975b68b7ac415a70041c7b03a3,1
0x21c0139e1cf87558c82f929286091189fffbd0de,1
0x21c3b74832a8263ac72c497d9c7a8dbe819013c4,1
0x21cb7c6babbb227e977509d368e4696ae80562fc,1
0x21ccfb27423482bfaac7568f63ae74dea1f780f3,1
0x21cd57ba9abb21c1fea3323664e73fb7523302d8,1
0x21ce285d518f765de85bc1d0981c076c50dc6c50,1
0x21d3937a6e4eaeaf6ca95478528f1faf89b715e4,1
0x21d3b5df60733e32ab6d294dcb1464b9f68595d0,1
0x21d41d38859a5f4663656f98ee9a83f902c0cd26,1
0x21d4e8b21482b950ddd16c25b23720a166e4c7d0,1
0x21d950214cfb80e6ba63624e357eba78a2069b08,1
0x21b1c35792ba31a9197eb8ebec4e7d4f0082a6a6,1
0x231c45b25ed69d7adacc80780c8d8b2880ebb090,1
0x231cc41552f5968a55519af3e6a3b46a253f1d5a,1
0x23267cd52e9fa904c5be4cac5a39f98eb1ffe481,1
0x2326abc914a9a6755f0a35ab7c5ae56f6e8ccce1,1
0x232939105426cec0f03c6e6db8a323730301b1c1,1
0x2329e827349012391e01f025707c6086d2f4db09,1
0x2336967825f173ffa4d8c2607499b396aae52a71,1
0x233d25ab610a5f9037c20b5c5e25e63107e5ecfb,1
0x2342b8c001cfd05eb7897e0aff7ee49874959d28,1
0x23482badb21323cb762cc708707a140ebb05c59c,1
0x2359eec67642f33f5c162c6d7f8538c770469032,1
0x235ae33d47062c6533339259eb47514a4b35be31,1
0x228833f654c84e2031027d7dbaba1701a8eb55e5,1
0x2360ef7996ae2aac0c65844597586d419cb098d8,1
0x236664cc5a9136d9f14eb133aa7974281e6ff4b6,1
0x2366ef19bf9a62a69471343c65cad8ae7a231c7e,1
0x2367f4ab89f7c78b32c58a5086f37c8544dffc68,1
0x2368458bc4d3e04f0b0a9381dbaf80f541bdedbb,1
0x23686493a468921c1b31be52d116091a8ca992f0,1
0x236a385065a26c18ccbd84f544dbde316608d76e,1
0x237224701856475f45b62d8369ff00010ca4eb88,1
0x23735857bab0afbe5e9aacce3dacf4f577568bc9,1
0x2377aee12e24e0be46407a1f57b53698b05247b5,1
0x237b5e766a133f942243bc69dcd5f5c7a2b97de8,1
0x237c4069a55eb4872c1fc8b05e71ba0d5e53b0c7,1
0x23805c96b6a53073c28528f2bd41f9668a22cafe,1
0x235c3dd717bdfc40d4acbb8900cf03e23cdf870e,1
0x22a37bd38205c849d1df23d67a441f4ab3a8f207,1
0x22a71645c9b70c58bbba7fd25894b2b5ea5e8abb,1
0x22b0aea4b534cad0c05a55c9398e759e3e01c8cd,1
0x22b35ee10a2ba2448246bec0893059e2c0e736c4,1
0x22b8b63644f90f1df4d97b9d781e2123145541de,1
0x22b9a34834a7283367195d1574bddbe44165fe39,1
0x22b9f9f8d30cdac3deaaeb19390a80e4884f43a0,1
0x22bdcb20cff31f93b5169a0886d201fa363e4c8b,1
0x22c1202189f8708634d404499560a2f9d499a162,1
0x22c399ff3c0866fa1724db3f21095df9ffaa413e,1
0x22c5727728eebcf8dcb5d11493af1317005a9281,1
0x22c60d97ea37095c5eaa3c01c79389e70b6d214d,1
0x231ba5eeaa31eceb6de9697de23a9f932841a769,1
0x22df57a7d0754b8a40e645f23c068e4f97d91d05,1
0x22e1000bc3ff7040552c5fcfb5fc2269d4d352fa,1
0x22ee4b2d6bddf2b73020f32287a686095d5d986f,1
0x22f2ee4f442d8870dd9cbd1fdd8f2eecf0dabe8b,1
0x22f7a79b5a6f1de6943a70499312476f08272914,1
0x22f8a27d449292762d36aa5e289e21d585b72bd5,1
0x22faff669d0feff6bdf32dc8d835768abb6b8873,1
0x22fb64fa5bd8b14fd7f3792eb834b4cd3831f505,1
0x23106e36d83a83dcc8293412c3ee5ae638b24aed,1
0x2311a22710a28f8bd2df5edd826e51575a177d5f,1
0x23133dde702663d339540e520cc729a5d6ed09d9,1
0x2313ee04112270de5270bb0517a5e4297a8f69fb,1
0x2319f436230146b793ef602be1145a54b7eef5fa,1
0x22c9446f6c16f3cfddeb31e7e3a44648c353bc9c,1
0x2881de3548d0be53969499f2a21ab23abd506a57,1
0x288f357ca40c76631566342aceb4795f36275781,1
0x28908c2349a931a53b675dcb15ede8aa018f72f0,1
0x28920d201b566d6c376568a19a5be6ca0512ec11,1
0x2892e5c4d791f9f28d4888826d4bc895e9dd7e65,1
0x28b5cdde5693986b7ac24cde54227e049658c2a3,1
0x28b5dbfb600dc0b9d4820334db38634e72208d8b,1
0x28bf6c828f616c9d1ae8bb762d7dca5ddcc4b951,1
0x28c26026e67ad7bc6430e244bfb807a6dd137835,1
0x28c6098a1eaf843a9fc66a31339ca1e16ebc5c6d,1
0x28c88f1fd8fb47fff514d956b3ed3e19c6ffc6a2,1
0x28d40c3c66f42958688f54ff88fb7e274a095390,1
0x25ce3fe5c595141995c5bd36ede928eecd8e1d84,1
0x28d89008f6558f7423745be721e1a4c2171fb3c6,1
0x28d9a0b7e58be18a90890a52f1d5a34c097e0857,1
0x28d9a369130a4146b14cd915a694320a968bf4a2,1
0x28dad2f84dbea3ad3763780e2fa6c0be6e61f0a4,1
0x28dae4c202a7588130db6dfb88be4c09b9a5efb5,1
0x28ddb00b200b0e28c309a20c4b2f3188eb5922ce,1
0x28e0cbf27d221b3bb423d50897a0dcf0f8f1358e,1
0x28e0fb882021acd25f4040b13391eeed21e69b77,1
0x28ef9965123f609e7da81d9476455947b216b9ed,1
0x28f1a74735dde48ad8051ecf201c91f02e6378ea,1
0x28f5ef7b0965541e384e82bb7ab5a0f7ca03aa8a,1
0x28f60298fb265502c8cd3e67cc70f76b6f44650b,1
0x28d4a28c566009f8249af518cace585fe97e37cf,1
0x27f707cd047f0573e554af39308aea4f3cfa527f,1
0x27fc46ba38a2f5f2f4110bb1762f579760392d7a,1
0x28069c6fb8246cdf61e083289af56e908c30fc3d,1
0x2809cb1c99fd9013471fa4214d2671f0a99b9391,1
0x28146508c7deb9a607c8b54144aa64d6c87f1161,1
0x28194404239207258869f14952c0a0af5752d4ec,1
0x281cbd225e3ab00dfd39fd7c184d40bbef9f6b8f,1
0x281d8ec0edb015af07aad9cb1e4665891991520e,1
0x281e04f25857354ebfc25ddb354ccba909ac4469,1
0x28229475c5e903a2dba486efdd1cb5e7c1face30,1
0x2831a3b301961e6405cb032d9262105956071730,1
0x283b6626649e1cf8e0dbdc83544c4217fc91bfae,1
0x287ca0af9f6fb8ed4e9b58306cee98e91838cf0d,1
0x284a9e0f4f7869b3294d1931b9845740a8607586,1
0x284c31aad4ac071ba17005b217f4e44184b09583,1
0x284c602f7591d42004bc1843d620e6a2b34e4641,1
0x284ca17b0e90cce24de15173e26f319c1956920c,1
0x284d6fb4b93be3ec19c596bea0935927d826bd32,1
0x285017a1f90446fae0f7bb1c17df8d3ad03521ef,1
0x28535db5dde78455bb48b1738c3c2cb36d90b63e,1
0x285526ec6f00096afc19282a3c15c983406f91ec,1
0x285696c889cc34aaaa80ba806b244f3ed5399113,1
0x285f228f30e7e09d36abb77143d89bb2e1d275c9,1
0x285f9161dedcddf40175c68f62db9ca5c4d8da4b,1
0x286255b76e214a367256890abff8243f1a37eed2,1
0x286d78e3de0285a2ac37b4f5ff4ea9046b81e8b2,1
0x283bafc892715b63a7a4afea8c96c4674d77c9ce,1
0x298c1a850e210eea8f6004d2baa1672a6ac349f7,1
0x298e1419019b5927df5a5f145e58f5dc7a504a57,1
0x299515a06a4c637e8393884fc32e8948caf8d416,1
0x2996270c59d5e536b6f71d63642e1d768cd0722c,1
0x2999f19ec805f11e976489f6b0b3e713d9054a34,1
0x299b48e60577040cd3d4a86adfd80edd25ee43de,1
0x29a0da8ce687642292163753b8efd7a908731536,1
0x29a49c8fd54774990246b9846b3d79dfc9cefdbf,1
0x29a5aee4bb69bf17eaccbf22018875db68e6db69,1
0x29bc3d70c135e9c9311402456cd39524e95271a7,1
0x29bd0af2980d51232bfb7dc5085983916741a615,1
0x29c4c0f9f71bc71c538556653c1b3266c0af2c2b,1
0x28f95b6ad9705e73d40b3e5b1fa2510625d982ff,1
0x29d28653ec9e380bbd7206b0bf4aecfee0e33453,1
0x29d75c3137e850446cee854e253fc17e54335c41,1
0x29dc1d13e40128391f6423ab322561ad93f5ffbb,1
0x29dd416bc2023658337645f2018d278f2c6bff03,1
0x29ede8b8e577bd4fd2baeda04c4ac5255188171c,1
0x2a0911f4defa225f7dbce72253723639f6ce68b1,1
0x2a09345230a933b0fb4d40a0b7b5745a6e55e5aa,1
0x2a09d1fc4548bd170f8e03c493ecac7d59f70a67,1
0x2a0e027dd70bebc5bc863e4fc5c54e8ef66a70b4,1
0x2a0e08fc551730f804ef742ac1f07937bdf9b0b6,1
0x2a1448a5a01b1901eb891e0ddcd63d64b80de918,1
0x2a1b979e3df2bdbf3eb509e2c3390018765cbf18,1
0x29d0b6ab05a6a5bf2d155300952014b028ffbb53,1
0x28fcf69b88c589a22a9996bc02d64af1df9a54e6,1
0x290179b57767f2a32864b6c87144d84222af2fd0,1
0x2901dfd6f83b7e008daf2638ca709609ae62566d,1
0x2907801df033b48c61fbec2b446b437d0a3a6b50,1
0x290de789486d0f19460808f41083727025828497,1
0x29159c5dd1dd1df59c21f8517373378485ec44fc,1
0x29178ff9a5ff9aa92bedb16b593d0ffd04982c6c,1
0x291cfa2f30b32931e2417752d13cc11779394785,1
0x291dd56ed268ae5bb2cd805bf044f7b8464bb7ca,1
0x293383e45679d96b2b1fd36149b843d8a2ffc928,1
0x293d1dd222281fc6b1f48062f9e47cd6eff2ccdf,1
0x293ea6fe6fa480901fe4cfbfad875b0cb5d9549c,1
0x298a52e0176ec09eeb7ecdca5e888c0767d8decf,1
0x2947c0bc393af28791931a78bb56d70510f1e5d6,1
0x2949b4c893fa626a36cbd9e8c8db9ec98ab66ea0,1
0x294f23d1f71c6edd16cd2a7844630046e3ec4347,1
0x29510a237c32d407a8af8011eaeb743b85cd6a01,1
0x295459438ef264e64d52df4b79e98e1bc3a9bc15,1
0x295783f7208c0d84efa8c33ad32fa07190a15a9b,1
0x295870696a4aae696938484a6c358538b3e6ee5a,1
0x2959854ba843f20657968f37041ad01427cb283a,1
0x297361c4060d523938193948e516ead1b8eb8f7b,1
0x29789e4905ca497f89b1c3030da437bf0c2982d1,1
0x2979c4df937a5ee0b8584b6d9049b8def768d667,1
0x297ad30f5ff6ee4144f854ffdcb2660802c23dd5,1
0x297e6738f9c23b6b26f15e139b46bd625855ddc5,1
0x2947233312c7d0c0c80cc0fc459c62eb6846c007,1
0x2643f9c2a0ed7b8f67d491fcdc2e28e0de8a5893,1
0x26445edf02a722992b150d8a106d18aa9203166c,1
0x264aa00f5bdb7c129156a27dab710a6299725eb4,1
0x26501e502ab6754652bae2ebcc684bd0a32dbbcb,1
0x265cc1611f230bda7ddb7664f41705a050209875,1
0x266033c1cf1efb4a8b9919ab257a2733da4f580d,1
0x266302f32003a89e1a5940e6f8f290957b8cae6a,1
0x2664f2f1fd7a55e4a1a35e789d45f2b876826b5d,1
0x266753e769ac03ef0629e24173f03a60957a90ef,1
0x266a06e83b1766c4b7e1bb908030c8f02ac01480,1
0x267710c30fe89c7a28ee6c2f5fa7b67c45525060,1
0x26786228441ab4aaf81cdf04582697a62091e476,1
0x27f5252c3710e053f21bf74eb3c5005c6ca41a84,1
0x26834fb60b4fcb8c79bb5a9437b23003fa8bbc6d,1
0x26852e13301c24ad4457211252ad0bae583dc463,1
0x268ac474fddbf938e0afde94d0caa8a6914df888,1
0x26922058ef2d55418c32706316e18b25836576d8,1
0x2693955e59892e09779430dc1401a5366934379d,1
0x26952263ab8fd4d4984af7607843beb0bc7f3eb0,1
0x269a72af698d9f5bef2c6f1ba68134515d35d78e,1
0x26ac59f1dc893326ff7e393bc12f8fbeb0b7cbd5,1
0x26b6106c1a7c7fcfa838f3abe65286a7705a59d4,1
0x26b6c6020608ffcd3afc67d1b41159bd702ac4b1,1
0x26b75388fa0d4162d0d3739731c137244596ea19,1
0x26b776a1a3b8e625723f61a9ddc39ebdeffc237e,1
0x267c98f3d1bbd427ee1f922e17d4d6560a8d6b94,1
0x25d86dcf6741083cfd52e9d62050214b3babfb6f,1
0x25d8c052d7940ec59083de5b390cd62b14197f34,1
0x25d903a577a0424fe4b9480f3c34c37494356c94,1
0x25da2a946c4b3bc0ddf5c5a4968ea9635dbdba0a,1
0x25dc5475a829337b2c2a87e6e5893ec8d1169374,1
0x25dfbe3eef218db2ab4aa969a9cf798d724cfec2,1
0x25e229cb3ea54dd50a054f82d47ced3f16ec8291,1
0x25e338f775fac8ff0bc97c68c49febaa3a4bc991,1
0x25e3a75255d5c56234118a448a11a6431cc69987,1
0x25e40f63eba32a8a2514a6d929a787d279d03db6,1
0x25e9b4cf70e9f4f0be63e87f20d163261a9e358f,1
0x25ea4eff4701b4847e055fb8399a6e39d211106f,1
0x263ead58ea198ce126bf61b9de089fe57f32054a,1
0x25f56e527977454e9507b5e7425f63fae9135745,1
0x25f6bbf4f79664d1d3380b80e531c806b0ff2614,1
0x25fae18fcb5b56d9ac4245038d46df8bed4e6293,1
0x26003b246aef88c615d2157df6d7602b4ddef5d7,1
0x261540a913dfa0c28aeca7e157d2df2a3dcac3c2,1
0x261c55d6ee18c61a8788e59d04bc8af1f22a5954,1
0x261fb82fa956849069d2db631aad590801030e04,1
0x2628eb9ff671b5e5a6aa49960d9f23ed6f307799,1
0x262d1ba84a4d0e464dfade36b97f6ca5c32c3bce,1
0x262d2ed9d6af26d750f7e77a90fd143297464e4a,1
0x2630e43189352ee0a317b885261e83a5925cda4d,1
0x2631ed8e49260b6031d94334557c47e5c85029b0,1
0x26352e60744b588c415e29f047ff623637cda143,1
0x25f4c47f5304bb8159c7068547d9fca2e5ebb469,1
0x274210935eb75b067f6b07f99d068765c77aa537,1
0x274306f3d352c9805ef42a523c1c8329f168a459,1
0x2745b01c1c29a01cbe51f5dd6f853eacd781a667,1
0x274a75c9b3579c1f222ea97fb731b0f756b2f464,1
0x27528fe15a94aa1b406df97455441fad52a80ddf,1
0x2754204db1ce59de5cb061fcaf318aa3dcf600b9,1
0x2760509169d701dec3474b1873e2a253d7c11a19,1
0x27609f1afbabac0bad5378dbdfb46a0d60176ef2,1
0x276a07fe8cd6fb2176bf95668b28baaa748ee105,1
0x276c2bc91aae510a429ee9bb96254fc3cbd6024c,1
0x27740b395f7b395231418fa1db3e2252ab985e11,1
0x2777e17cecf75db824c5f865767ae5c0d341acee,1
0x26be2f5844095d54c701e006bf909f5c0a1a206f,1
0x2780208b5541f9654d8b70095d4a6f7afb7daab7,1
0x27882a3a5bc8170051db47a9b137c5231fd5fce7,1
0x27885194828338acdacb17e0dc2bc6f0438c1560,1
0x2791c9e798bba0bf99f9c287ed3ead7d95b07d57,1
0x27a8fb3c2d786d41389fad5bba8c26a47384778d,1
0x27af79cc75d498c0e2440d5c42e14d3b4dff8dca,1
0x27b79f4b13872195f359a89366ad4b00a98e2d15,1
0x27be47e615235b09a45c82663dfad41e3e408617,1
0x27e0f5bf02517d26b2cb07753a07acb4619ea744,1
0x27e18f0dceb229cd09c18a277ad8c5c8c3a6fc0d,1
0x27e28ead99b2ad7185ae89a63e4262abc807d359,1
0x27e4e00832c6c93a1f6318de9aebe0202349dd19,1
0x27e8d9620ce2cc4bf460a74100701b9446c1ea85,1
0x277dbb973a4d1d19e8413dfac448e88b122a76c1,1
0x26ca7bd1adc921bf90ef8e0c4cd98ce3694e41b0,1
0x26cb3579fbbadd4ae7c74ac22e8a1dd14f566152,1
0x26ccf7fffc059f899e798e1d9b14cafc7453c456,1
0x26d3bea93d364389a8b75b786f2a07592943c83b,1
0x26d7b0ec9ce638558d1c937c8c748732634b3d68,1
0x26d7d675d2a87766bc5fa47f15a5b6f5a3b39da1,1
0x26da1e056656e41d49d2ddb693d52263bbdb5101,1
0x26dc6931a3f9a9700fa45a9a8c263f48e937b374,1
0x26ec3c3c3b2d05f930807fe57a13314463842e22,1
0x26fd3ddee725b801faae7793983f4f29af09799c,1
0x27006ed9016c52c86078f3cc2438e9de63dde5d8,1
0x270653d590f32a5d968274a477755e1ef349b79e,1
0x27405746d6b641d75700ea2be7ce87e7f4e9b595,1
0x270925e5242365f76dbae1684b90dc1c0b37a2cb,1
0x270cb8ac70e964d4fa94bb5f9c898808bbb7736d,1
0x271c01063f1c978dbacc45b54ba4403c97b0d675,1
0x271c0c9d0aa16b004fc82d994456697d06e25fb4,1
0x271c7cf1e0df811424c22f851fa2129ed619d8b2,1
0x2720319b571c8d6a182e00b5dfdef90e4a5b51b4,1
0x27214ec7761bbb1ea203016a32c63c69bb87cba9,1
0x2726ea083bc46f7d1889aa5afcfc3e4db2da8404,1
0x27302bbce8b21a41ddca88f08bcf794edc2e30d6,1
0x2731b35a00405fd7f6c2c2abf7fe73753bb4afa4,1
0x2739ca59f24c916022f95397a013c5678e4d304d,1
0x273abfdd002fe1c3071916ca15dafad6dd123bc2,1
0x273f58dbd0095cbf3b420d090797ed8df1d3cd34,1
0x2708963993153ba14f82e79582bac545be250e4a,1
0x3e8056bd480886fe1fdb0780dccf4a1c1958d37d,1
0x3e8197d89047ba37f3b07fda976fcde03cddc1cc,1
0x3e89199ee8cb7fd72d65ffba78665b3386064782,1
0x3e8d55f641906a5ef55248e2680d6f492be0aab6,1
0x3e8e0b81e61bd4c77c0e2d17e578d3fe9ee67640,1
0x3e8ed58832c97c64beac0f733b955d4dcd867b5d,1
0x3e9352bbf7bbcd0aec7375204e240607164add3e,1
0x3e945cff0adac145f8ba55e71ba91368dfaae0b6,1
0x3eab68f5f4b77bfe47772b11753e685de2e62b84,1
0x3ebf2aba8408771ee0ee613e5dda64ef2dde92e9,1
0x3ec364b69696449821d32bcaf584c55b6df081b1,1
0x3ec88423f3ba343d0528fd5f4fcc625ca42c105f,1
0x32e878811189abf2e83e85a6882b4745c54920a1,1
0x3eca489e5312e8726bd1bb4b92f8419e887aec4e,1
0x3ecc740ec5afd1856116817c6a72b4f45a28e241,1
0x3ed6f0193369507fb518e1334085a32e16058cbd,1
0x3ee0bf5affe92a1a9428d0f0465824fa347e28e0,1
0x3ee1ee6695695f58d9eb473dd2200da08df4a294,1
0x3ee4e06de02b2540def5474eaf592ac79be6b2dc,1
0x3ee84a76ecf34345ef3906cb89ac5de32df85282,1
0x3ee93bd02f040115bb31f0a5d1b25e5a68333692,1
0x3ef91a52b2bb97b7c909476976d0b71e880526af,1
0x3f0329442d121624874db7c0738027c783770d60,1
0x3f0425c25e650bbda021f1f762b88bd2c60dab0b,1
0x3f09362887ebe9b591e2db201618a3952487ba9b,1
0x3ec9026ba8dcfbac7142888d8c0418fba64867d7,1
0x3dce073bf80904d8711e9e1d7d21d6156af565be,1
0x3dd0e07c9a8fe5f8c5dd7842497443d1e5b299e6,1
0x3dd216e6c92b3d6cf60cc8d334d4c6fd8fe5e22e,1
0x3ddb3571e81e123dbc74c1f790c33576cd66403d,1
0x3ddd4077a1b0ea464711e666c7a315f05123062a,1
0x3df1849df86d63aff23c670ff93472e7accee24c,1
0x3e018afeb66a5be7d3d30406be61e7ffc3947ef9,1
0x3e068c800d596fef28385044491cb92203633c44,1
0x3e095f9e5c0e2ab1fc36753c96f9cec7f77ef838,1
0x3e0f3106cb355a1ac4637181b3afad1569a6cd3f,1
0x3e1413a79ba5bcecca11aeef3f7073bc98c524e7,1
0x3e15596c495ee6025ef0aaf5eafeedd4fdcb6d86,1
0x3e7c6282767f367689afa27d40a422846eda08ba,1
0x3e33338fa51f5dafa5a460218b8ce6d7dc49b0df,1
0x3e34e814639be5529114fe717d2e20e5446236bc,1
0x3e362f039e90252ac27cc625c6ba8da201af9252,1
0x3e3bf9edfb614ac63f74635b4910196abd158192,1
0x3e520ac9b6a1dad808afd45b30891f4c6fc47de0,1
0x3e54b6b08b94641f17c23097a69323131414c60e,1
0x3e5cbedfc09ead8e055cef1eb4249fed24fb8332,1
0x3e601231ebeec9c2038904e0d35c968cd211e771,1
0x3e60288a9f31659685b7b350dd812d8c1cc67c30,1
0x3e62a38265b476610c0c627c4cca1a78b248207d,1
0x3e6b251e8e21af132fefa3c20204f73074b2478a,1
0x3e6b6af56b764510e6fc76e4dae2f69c226d7d1e,1
0x3e6eda6a2c727b551785e9cef91603c01fd5e073,1
0x3e1e608d8a4cc89e84c0c55e8a26d1a02d190833,1
0x3fa034522f576bae4b97091acc55084c83dd1132,1
0x3fa74db84e95e75c0fac886e81523f3cdfeff5af,1
0x3fa79f366f07666ae38694cea007487e253592da,1
0x3fb043f63b3384cfcd540fa6c37328e03cbd87ab,1
0x3fb7ab0c3acd1ada270c96d740452676132d5cce,1
0x3fb88366f149adc646965bd3d131389113c89630,1
0x3fba1268282b107066044657fac0f357466f397c,1
0x3fbe7e5481c75af2f51ec8758cf94078575e0f1f,1
0x3fc18e2cca3d6565c7c9c594b564b96c04eff651,1
0x3fc48e0436b6821a22853543d4f1f60f2ea3e8c9,1
0x3fc68bbd7a405c130045b4e75eee6f0cbe00d2be,1
0x3fcacece2e067f4154e666b1f2b52585c600a7c3,1
0x3f16ac90201290803b46e062423adb544ab54089,1
0x3feae5f32e37382397c81390bb96031485ef6194,1
0x3fed3e09a8884147ecd8239485d710b5096f13b6,1
0x3fedf6aba7154630037fa872cb581505ec074742,1
0x3ff0fffb35f03bd29a319a33766a8496d4f1b2d1,1
0x3ff9af181ca1e86f28669867926a0b0a1fbbce03,1
0x40002237aa8425d3a8694d00be1e5db0ff44d32e,1
0x40076003f9f90a6b60dd4f24211d9ad33427d052,1
0x401818cf6ca8e207c38ef8a970088989207882fa,1
0x40183ce102901fc6c283af08009834891723505c,1
0x401de6f236906e346fdf676ec6de63d371339e15,1
0x401fe0e4414393860709c56b819df100160ebbfd,1
0x40356f3de0e4def5725aeff1faf4d0b1ee787a74,1
0x3fe1c16f919ef05807e8b73c39b6ac64ba9b10a2,1
0x3f1726510800a98c6bd7e4b609ace13e62a6d9dd,1
0x3f18cfe716636407058ee3fff8fc4e34211fed2a,1
0x3f1f76403441a580f239afd6dbb6319de12830ae,1
0x3f2441b309b3f9ead32e4b6085f3b104c2acf60f,1
0x3f24b724cfda9e21c725f6480162bd7a187b538c,1
0x3f253ff7ec860fbbe7ffff0e25ed293ab20df081,1
0x3f27127093b83f8e7f74a8d54c8930fba6b1e09f,1
0x3f2860e44b98867d54f115622bd826e52b618dc2,1
0x3f2abdfb8b44362f3619216286a4831e0a5bad96,1
0x3f32c905c2269e9fbe9c6f01bf7acddb36b22dcc,1
0x3f4138fe410789ae214a7b8a2381fe5c8711d729,1
0x3f4195ac111c4266abd72e79a64b6f3215d85f9f,1
0x3f9855d2288d9f8d13a78862de01c04b1e7e4789,1
0x3f4ea89f6506dee5349ecd7650c5a71632627403,1
0x3f598df05702c85488959ecac5ad2e71e98bf96a,1
0x3f5ba07bffc2b37620ce0f2ca4afd32a7186629c,1
0x3f5daeb4c3297dae7d325a95e5e9635e81327ff0,1
0x3f5e51e9885b54cfce8f073c036ed554d94a01de,1
0x3f60a9bbd96697fcfc0778bd8fe83ead7f1779fb,1
0x3f61b07366cd0193abb77426874bed23ec872c18,1
0x3f661f80bbaa03d08712b51b91a7f319c5d4bb47,1
0x3f71f725092275307c07f45308b55e60157cd731,1
0x3f726c441d426111d13a875ca642163290b98f28,1
0x3f797eb7bc8b7e129d8b466217c52728281d090a,1
0x3f7f534d4ee357f1d613ecc53199efdd612d23e3,1
0x3f8dc318cb17dde477ec529f9f42aba7d58a584e,1
0x3f437579b51e9327532cffcd53a26329858debb9,1
0x3c91c7738bc51f77524f76dc9893e03d64e0735e,1
0x3c924ea88697003e827e80464406ab43cd30bb4d,1
0x3c92e799c88921f0faaa142c4b777c1b7c5c9aba,1
0x3c971ad5ff5376e9ce2509983022c13a11b437e5,1
0x3ca0a37225eafdf68645426f7a2ba41852404540,1
0x3ca569bbcb4cfcb09311530e66d1e4f7909cbb34,1
0x3ca588dbfec85d5afa64a40e0382c1becd91319e,1
0x3cae5dcba89ed32cde7aeee59e16675ea047917c,1
0x3cb08b04516e6720ef7950d866550943010cd6c1,1
0x3cb1ea3c6894770b248536365f578afc7d2a5007,1
0x3cb2a85b5cfce479b7d79af2648d37cc2d195848,1
0x3cb868812c131509af72b3a2b01fc71a0cc6c89b,1
0x3dcc24841928901738a7459cf4ae577a1738f37d,1
0x3cc1dc049581d2a75340c8f1c9097287ff0c49d5,1
0x3cc46df21aca519bc1fd75c9ce709053939618f4,1
0x3ccb94a9959da9828daea21d0da2a0341fa35a52,1
0x3ccc89a3428d6de93555701aca1585450e15fe26,1
0x3ce49d7e187d3b811ef0e83b08918b4b65a5fa40,1
0x3ce81293e461bcc9c28ec0a68062d9b827f44642,1
0x3cebcc6b4274cb891412f7650a661e4869eb0863,1
0x3cede57bf53f5fa8a36f5676ec0ff1824e162877,1
0x3cedef0ca333ef9dbce7d6d39ac0816591987ee9,1
0x3ceea1d7ca128efa4e8cf756d3320a81c5000c13,1
0x3cf69f94a80e192ca4080577779bfd20a97685e9,1
0x3cf7805d1c627a107203e1faf48ed5c7f8c1b908,1
0x3cbf4860792ce8b86b674a4f9f8cc754033fdb79,1
0x3beded006620738e38f9a2017f44827d1b1f6a73,1
0x3bf43be6b3fafea53cd8269055808dfa0e474cf7,1
0x3bf573db16bd9f9b5c183c5a3a0eb1df4f8f42aa,1
0x3bf628accd10a1415596fd2a2701d9488b696c0f,1
0x3bf79bf838aa06aa92f5d828a803936eef229355,1
0x3bf7e80e2d8571b53a749a5ac5da1ff627297a6f,1
0x3c0010ff8aad64d2ca79200b4216a860b9a8566a,1
0x3c03bdfb39b6e15119f9f4c5395ed87102661160,1
0x3c0465d6b5e1981bdc9a39feef63451fe7eef4ca,1
0x3c0945f61ba53633279525eed1505ad235e0ff8e,1
0x3c0b09f2473db03352ecf6d8844a2d066e0ac77e,1
0x3c0e079d2d622a5baf823fe2e652bf3c0606ca2d,1
0x3c829f33e4df008514a4dac77884dd0da2ef943e,1
0x3c35b86b0455e6573a2ba40e11837b9ea4174460,1
0x3c3b84b82af81da521c4df19a096c2511f43ac51,1
0x3c43b5aa337b40d66267f40aa69fdf9f6a27e98d,1
0x3c44a437b5b7001e99a4b96f5c6b4c2ff8b2db2a,1
0x3c48bd9b29ee96caf70ace8455bc1879807ecb3b,1
0x3c5587f8246129919cb2204d674f0201bd35afed,1
0x3c5e96205388fc03882dafd63e7384d7ba36ac8d,1
0x3c62b3b2fa937b7eb4fa3c1cbb204b456255acef,1
0x3c6627e9c57fc473de3ce622b1af7b77e7191631,1
0x3c67c585afd81f1edcd5da323c235b28529927bc,1
0x3c6eeb4fb30f94422d8dae4b4f4d89d4136a2e4a,1
0x3c7b716ec65a076bb259764946bdaa97df361eab,1
0x3c7cddcbc04f20c41055a0a255fac06add4e4e75,1
0x3c1684e36e169f21389a21faab63985bb1668f92,1
0x3d7bbdc006090589ccf43b1246645bc1118a6003,1
0x3d7c6d50be35440a58351e3387f45dcbdc1dd59d,1
0x3d7e13f9851d55e479a230e944786bb43db2f5f7,1
0x3d8b84f078f35c92a321bcdfa36030cc03cd0da4,1
0x3d90b7790d18d62760e032fa84245aa4a070524e,1
0x3d95eda2179e20327259b8f40286d7ddf9679d6b,1
0x3d969474d4499c2c0150b1ec003ef95a1dd56e99,1
0x3d9b118dd4bdcfb278d36e6e8c300c26b72b9c4c,1
0x3d9b3efaf2a89146da7ec7fb194dcd4aa1c81897,1
0x3d9bb67b2ca88b4569ce50f6e2c365770460ce85,1
0x3da17243ca3b757fedbd59f7f05930e96aef276a,1
0x3da38cc030f276660eb48d27bdf4691d4019acf7,1
0x3cf8d7cec0a946ee9e3737e8f07fdcf78b4b2993,1
0x3da6b57c61377b08fbaf8e8bfd5ab2943714cf14,1
0x3da9281fed42561fcf5ab61c618f6b7f96e8204e,1
0x3da9844294ba321c399c9990a8227ba18286762b,1
0x3db2775b57672c09630cfb2422dd33faf21521c7,1
0x3db4c576c91458890f7f6ed81f0a11521249e9ee,1
0x3db607460175783c11c39ea23d732a7f3b6aaed0,1
0x3db831e272a745f84fafcef77d300b6dd1316897,1
0x3db946cddbc50e0af24f4738349e725d7d85ae36,1
0x3dbbd72802de408d65c69fbf58d5cfcd570450a6,1
0x3dbd6582f14633c51514d1faabcac44a2ceeaf9e,1
0x3dc09f3156d953b49320b7ea3d689dd1b300d13f,1
0x3dc288da741efc26fc1fd5b46016afccf597f238,1
0x3da4ddc2f717b271a46fa3ecfe60102f724613bd,1
0x3d0a0f1c279a7fd6cb1634db37dfde5510b35476,1
0x3d1c99815bfbbbaa48a1f92308005a9466a4c288,1
0x3d20154670c3261e4d7c0fb3295e96d524fd2862,1
0x3d206c922ce9859d83c0384c2718a6d326f24030,1
0x3d2919780e7fcaa278215a3148b57e47e4fc1fd7,1
0x3d29d1adaa6dce2b8b7997032f631d5a1488eef7,1
0x3d2b87f6f2497092f1745919e7ab9741887645de,1
0x3d32663f3d75efa41fa25d8ac3ce07b5661cc823,1
0x3d3c2556c84fb40c6ad70e4b87d42ceffea99977,1
0x3d42b9a01422179dbfd379da42a00b126ffc55fb,1
0x3d4381e7db38b687a5f9a9dcfb9f250bfd38caab,1
0x3d54cdd64befec6c340d36359cbe10a9b6d5593e,1
0x3d7516b83400893a8719ad5ce7e15aa3c231b694,1
0x3d576450e8410a3df74fac4fae467898f2b0c6be,1
0x3d5b3e4cb8298945e4d52fec28cbe04b4298204e,1
0x3d5f93966cf3983b5638328ff1b6ff722a1cc4d4,1
0x3d6082ce63a418a028c7d43648188fe7fb775cbf,1
0x3d64b2d5307a61bf28b732c9477073ef7ec62ddb,1
0x3d68a189ded2a204ed6c6bce35f2c6db62fafeb7,1
0x3d69b4d455a34a830d536c5f8c2627c0a9bb8300,1
0x3d6a1d1e19778d3991fdca059355bb3565ef9570,1
0x3d6be2ff1a92de8b96960c11a331af2712763f21,1
0x3d6c2191a0337ea74baaa1adc4aa9b5c094f6bbf,1
0x3d71f32137e9c707d327c7a197deb84931e3bec0,1
0x3d73c955948f0ba445f8514e519f77e4f1996167,1
0x3d7459b09669923948efef4d1fbd9dbfd2b67e71,1
0x3d565ffad4458abf5084692f2b8cbd58cb0de564,1
0x42ce3db4e700c5573943ce9343a98eae5eb23bb0,1
0x42cfec7509df5b79646dd19f7390198db7a88526,1
0x42db436044542fd9c9141621ecae02aca258dd66,1
0x42dcadd2161d38631d8a26e49fc94eff907613ed,1
0x42df385546a9de5b6f8a4c2c9de40a67bf024eba,1
0x42e35216ccec985f21948650af793c7cdfe1db90,1
0x42e87b34435377c2f567e1fc2b275310363eb7fb,1
0x42e910e8d8b386d59a8f8f7dee409066a7d40409,1
0x42ea092151d7d12ca529d3935b7f42b1046c54a7,1
0x42eccf107c81028f650bf3c1850aa48d7cb7627a,1
0x42f16fd18fd8cf8f523ad68a6de259dc1e14639f,1
0x42f315cd2eae2c3f1dd9ec5569fdf2db5320d135,1
0x4037191587587fbaeacd43675866df571ea1db01,1
0x430551fa60fd78c96e2a254669831fcc24e1a5ce,1
0x430c3deadc6045981c0fddf558c8ddb8597715a3,1
0x430d01a6d220f9e576bc57a96ab07d19e600a267,1
0x431023f205bdbaaf66990ab9dbaecfe1398f8060,1
0x43107da1e31a412d1a8b3c0f086b8a30d0a6d1fb,1
0x431144d1482241bc97b65cbb73ab6503b365fe61,1
0x4311ea7e69729172b604b91e15dbf2cef938687f,1
0x431e6b19f83f39a6a52aefe737e6378c5a4d5512,1
0x4322687b672fa098bc203c8510aa8a9ccbbc9797,1
0x432517d80358266c462f3bba16f48e738e34a91a,1
0x43283b66a7befe535a8636dea301a685f04d832c,1
0x432aa9470a5afa2828b289b3b039b2cf318435c5,1
0x42f4c60c68ac2320db95430be873433a92d8cb3b,1
0x42720d9e683385394660c23a6c3d3edce7926751,1
0x427348f84f6de497e1c5bac8f63595f450b9446d,1
0x42749ed6b4050be78c07145fe45700ec02b16f4e,1
0x4274c35f50c8b90a679544cdeb352cfc2f8da687,1
0x42758de7ec8ab6e1ff0022b9cc6b1c397f422258,1
0x42759d49bfd00d37f7474843cf75826959716bfd,1
0x42765096603743883eee401b62c9fd775dca2a40,1
0x427ea8d05ae5f551b7b3f9e0ea2a5c507a8076cb,1
0x42876f7acad35413a2fd7c6d06d9fdb9ec7cd31c,1
0x4287941fcbd24422e764816b3cf2736580cd0ff2,1
0x428e5d82525a1895ea876f5eca4154b307cef78b,1
0x42976ab859246abbf22b025c42bf95dd807eeefb,1
0x42c5c00bce3f6148d20cc7b2c2f6056e45112acb,1
0x42a1d4748ab362b263052e48d715f52a0b28a6c3,1
0x42a5d86e853edc9a515e6e21d02f34b3d8d5ca0a,1
0x42a6ef6f0af0814dee4279221d2e6d8f40f2f46f,1
0x42a7d51acaed71b9478d0157c27579557c7bec86,1
0x42aa5c4cf836f10ec5d9fbd8a6044ce446b917e0,1
0x42ae23d812a4a216052303ff7d51564dacad2109,1
0x42b133199b8f8057628c24699c481de4a692ba03,1
0x42b21b5e7f67352ca74713d8aa987f986fc0c3ac,1
0x42b9f420770fa74069fb4d8886788696db387143,1
0x42ba2337c1d558d1e008bc72d66d5283eef5e0a6,1
0x42bca0d43e7e74fcd0b24ae1d6c5c56449e9feec,1
0x42bec8f4aefbeed8f276d8a8e5988e8fff0600d7,1
0x42c417177f5fb9c89721a1f47d05a643851b25be,1
0x429bcefdc9df29bef3941b359a62dd016aa438e9,1
0x43a048e427136e03bd2d8d2401505077360c372c,1
0x43a7d62f6160b768c7b18820c9c60b24d579b602,1
0x43ab03d0d63ecbcd4e76fbcfbc5bab44df773b30,1
0x43af9f5c56a862a786924baa2e7441b3ea7e2d7f,1
0x43b1a30b5428dcc8f0b0681b300cd82d337067e7,1
0x43c8646f79848eed016f72254ac3ecbdab72265e,1
0x43d59c3f71420249be86adae9de505569196a5cf,1
0x43e08254c0355944972cf0a76ab2bf3d2c7651bc,1
0x43e243701b4ecc86c22a838122cac3df44216eb1,1
0x43e289e1bc2efe6e5a88923ec634858999a1a473,1
0x43e6cfc047e8cb3a4800daea082301160a38eb26,1
0x43eec89d1bec2e6febbc2bef54a9253b4171a909,1
0x4336eba251fb6592ae8d517b40dbb170bf4a1051,1
0x43f42c976f3b738e9ff94ee781dbc298ac7dc092,1
0x43f72aa681ce2fa4012f39f83b26333434d77690,1
0x43f9850c8dd8b4783bc29fa3eba018035924d8ef,1
0x43ffd64a3f315ddf38ecc4dedd957dbc6fa67892,1
0x440d8ee4a4fb4fbc1e7d71dc9019b40eed88a6e6,1
0x4412e4fddf23673544e420168508a0bf69daf49e,1
0x4420eb7f50c867614dc94579287e3394a30c6bf2,1
0x44211c7ee748ffb66ea891ef656a6e007c6d85ae,1
0x44265602ac058e2be1c4831f63b8a59c3b60d8a2,1
0x442767c71d7042ac470d39d6ba29472afda8c494,1
0x4428fda7b0279745486804a1927acf6f832d35ca,1
0x4434a990f07e39c8efad84386c2034317208fa98,1
0x43f0364d6a169010e73e97d4fd55a28f5df3afac,1
0x433c52886bb413facd666da68ad54bf3b98031ce,1
0x433eff4f104acaf4c16b507a93cf46e2af2d0766,1
0x4340cdd386c2396766c538c62bef51cd0bf3c0c5,1
0x4341bfc9d11903dc199d9b7dde716084f5e370ad,1
0x434365bdc34a75d3363877dad9bc7c3e49c5bea8,1
0x434414cd566467efcabc9238fddc209aeebee553,1
0x434acbed01fc6aaa42ca567dc6b81b49b5ef7776,1
0x434eb101cddf69c13575f959ce1cbf20c5ef2cb3,1
0x4356a9867c723341499a9160587addcbcfffdfff,1
0x43578bfe6bf45164821439749794fd39d293c508,1
0x435cc392f7c6b8c345875d0142d07959b5c7d43f,1
0x435ee0897dba5211a3e9fd1ad477878d7e020e43,1
0x439951f63548f9636f42d9e5bf9ac3b54d84fff7,1
0x43632b92c13534d1703bd72eb68c536e493c8757,1
0x43702c5f2e66ceec31d93b41409185bf32a11186,1
0x43792d2f3273b1a7ee56402158beb1f885ae96ce,1
0x437e47651f94985b80142550202c3e7c39bda3b3,1
0x437f517f4a57ed1a259187be4846cc361d3d9068,1
0x4380359165c3670500a81c77d8e17bc7f8415552,1
0x43812049499f687c6cfcd6e6fe0baa710695d5f1,1
0x4383915b693de426b7dda108668c975f643dc634,1
0x43843655c9fbb4a568a8c7377cb25e5af78f7c01,1
0x438739424dcf92fb59cd4cb3b169cfee67c0a3f4,1
0x4389d21bdb8dc4752f97d0a3d2edf703629c5c30,1
0x438f6d62c9364e9bc760e2eaf02fb0e958bc6c59,1
0x439385aea6856114bed08ea8ac2a28933651bdfb,1
0x43619047ef5267e7a3cb25ceb6b6ae1b572df052,1
0x40e2ae360af9d5d06a83b8f855e8f08cb0c9bc8c,1
0x40ea89a0a1d9c6f915ebff7bd12393bc109a3b60,1
0x40eb45490e651632f30784c20c3b8ad8061f4d81,1
0x40f07e2fc0c8cec87489b35f297883ad2fb913b1,1
0x40f164a79475fa0147d9efc7a9f106be7425a2aa,1
0x40f8bcc3708c1d3b56be4467bf674ec5e1b57802,1
0x40fee1873b79c100d2abeff3baf3f38d01be8375,1
0x41035b4a393479bdc9349d88b1da07d1efd6d036,1
0x4108c40d14f9a48072a09f6ad908b1d45561fd51,1
0x41095adcd1c79915fb08ebc6469ebf987c010023,1
0x4109e17b488bfaa65eddfef5d826ba130ae84aee,1
0x410c5c4958530763ac23bf37e39f7ec3586afc34,1
0x426f90631aa72ed318d13b68fb801d161829cad1,1
0x411269a58ad1d57f08f77151162f7d4963d864ee,1
0x4118c0c0081de1b7729650a11f1118b31b14eab9,1
0x411b2bac496788b8a40901370201f52412687b6c,1
0x411d7601c6035b6d0a5da5158b9a1c15748daa15,1
0x411daf804c5820dfdaedf51f0dc3922e513d1313,1
0x411e9123d618109d42b2b1326ef9333f55779021,1
0x413bdcd924767c0701f2349759ae5f003ee27be3,1
0x414b4842d06bd9ad9e7a8efbd3b1f856912baee5,1
0x414e180ba078e03c08afd0a30ecc437c47e120db,1
0x4154a7014ce1491cbba0add55b6fbba2591a56e9,1
0x4157a0545f48c13fcb8fa3cc2e5e4eed5ebac86c,1
0x416135f856c8f94f12e43c5b7afd0fc2a30e4db0,1
0x4112616a7b61428ef108ae3b1521aba1275880e9,1
0x403a3fac6fcbd062bca1cbb9912fc6951e9499c8,1
0x403bf9c404a5d595aa5ce9059acb8c2ff1a6cb82,1
0x4041174825a546af3e3b5e305d975d152b05fe69,1
0x40465e24d37699cc11878d928f998dd13265997d,1
0x404aec830210f15a9bab39d5730d049fc70553ea,1
0x40523f7be02a627136db99eade58adb09646ae09,1
0x405986fcfebb624425a5a82a0b97ee1f246c8769,1
0x406560db4eb0e6630dc09ce2aaf4b1b491531e3b,1
0x406ddf1dc4241c4f61a920fd742e9444eb71e2b8,1
0x406f6a651f26a63bddbed80fbee8c566d4872934,1
0x406fe29cf9ed3605f2000b283026f08188fe8d1d,1
0x40855decd364e54897595674ff4f566d84a5de91,1
0x40e13f742390fcdb795f7a96699b5ca458cc2748,1
0x409054d1ff2365db43bb3988a9a20a006c06c7fd,1
0x4093699a7495d436804ba42483232f685c86cd76,1
0x40938b3d6274b25619ea2be378c7e8ff31feb1a2,1
0x4095341f8391fb33bc700f4aa14e29d9122b9095,1
0x4099fbd35e5dfe1c09b5d38bb72a0f33d411e4e4,1
0x409ae2ec453db865ca7256fdb3514b2e0767095d,1
0x409e245c470148f1c1a7423896d571a6302f8353,1
0x40a10e65522ec176a8e2db3bc492a52a377ef0fc,1
0x40a1f16038f3981afd99d8900fbb302d545708f9,1
0x40bfe55ec9b29e1feabdbcb29d4d1ab935e45d2e,1
0x40c8499a424ef1d7e90f25ca00dc86823d9b4534,1
0x40debe5304258fddda58eabce7a542c1aca1213b,1
0x40deca423c1a25f845cc6c93c8d008ca3bed0c1d,1
0x4088a135e1f281ac353705638476ff78949713b8,1
0x41e71f076e0daad5f982039fa5781f5c257036dc,1
0x41eeb9c6f6a1a45fdddc27a483e499e03ae2c5a7,1
0x41ef96b8e1a603034e1dc961b7c362357301f3ad,1
0x41efcaaa2b6f4dba00dd5c317c979b9db8b3edcb,1
0x41f455bab1cb19ef47d42de499912d578020c612,1
0x41f4a4af95ca0e5a41dcdbeb918109f32ea58dab,1
0x41f5a019e96cf9c31ff184272fd17e3ba807bb2c,1
0x420944b441715e34dd672ae0eb4526a7ad7d1eef,1
0x420ab333174e3772a013994b0398f7a43fc6835a,1
0x420be8765d6f14ae3eb527ae4cbf11e54b49a56a,1
0x420e894008d7e000faa6244b6104c778c059259a,1
0x420ecc690f57d43c720b9c3e4301e49c5b86b9e8,1
0x4173ae262c407a3f4d79d0f0fc582fadce9bcb9b,1
0x4225e764b93496ff887948079cff59e3a33b0c07,1
0x4227dcee8cb8cade5c8b23ac0e0b50f8651b12bc,1
0x422a09ac3dc3ad6e88452d849fc485ac9e166712,1
0x422c42b33bf3080f2cdbf092b88b6ab302248c8c,1
0x4237e2066ed1147d90b8a291fa8807e1dc4e2b19,1
0x423db3ba8d3b54f191ee2b896f638a4b423ccf86,1
0x4240affbdb41baa41a0fb2fee9293258fd7d5204,1
0x42490702e32c41c29e3cdd8e2206d2a65897bc8c,1
0x4251ba9ef225808d2a9c1562e9fa7c23f690b14c,1
0x425d60b729e3745d883e9586b3fded1370e8c0cf,1
0x42610c6ce49dc06710f6bcd2119de36a1403480c,1
0x426cbeeddd1df1b7725540c1820445b8da4e99fb,1
0x426e2ffd904fc8d8a1b2b445666df4eadb260419,1
0x421093bd404e54e476aa3685e0eb96c5e5d8ea1b,1
0x417a06339385bdf34279d2a562552755420da06a,1
0x41800ec1f3490b2a1248457fa6fd5d84f69f8764,1
0x4188aa64b006b84e1372f9b70eef2d8c0f116fc8,1
0x418b7b2491cf3c7560ab01de53f14cea4b41b120,1
0x418cf6869c1a356401ba3431a891ddc54d3c3563,1
0x418f280374e044017f1a2ee2d4f4a67974cbb893,1
0x41923f01803f789baf804ca21b841bf44e07a9bb,1
0x419e4b128888be11b5d45556169f2c436b24917e,1
0x41a62be3c319adac7264a039e75060454aadf22b,1
0x41a7d4f18b759696221b6e751c43692d4635cc04,1
0x41aa5a64a3f21448ff53d640d7b26cb8b10660a5,1
0x41aba039ad6425117f5128374b17115eeb4e2569,1
0x41e61ae3f0abaa13104a5ac375c56c255130fd8c,1
0x41b3521a873b1636de19010cb3c5cd3826a648a6,1
0x41b3bc1837adf10b53854300c5617dc0ea63883a,1
0x41b3d139fd0647340fbd19334af59c3266f5fd97,1
0x41b4dbdbbb69bd1a87c755c0e07d8530e935091e,1
0x41b6dfcbfddad54c29211253efbee7aa915fd41b,1
0x41b95f8dc81ab4d1f870e8dfd5284fd41bb50151,1
0x41bc11816d976e54c3066c4c2994d8c589b24139,1
0x41bc8e8cf14f20fb7135e339e594597ee68f8fba,1
0x41c7913551b81dcc08faf0c9fc8b97fa7ea304c0,1
0x41cbdba527a6430a39470aa63482853c230ca58b,1
0x41ce3728969e0d1ef171a8d8212137ae8ec2461f,1
0x41cf98ca2b47cedf24f9ae1bc7d64d9e52ba28b2,1
0x41de298575464bcbc73c458b664873cbbe7ccbc3,1
0x41b3343574fdb5906744b4da13d1beef9d6c7cd9,1
0x35b83d7d2995014abc76e921fb868d6965492533,1
0x35bec338d03ac6acc08f6cb2d3b41570f6eba04a,1
0x35c11bd9b33ea7ba19af1dc6b9c7997f0fbb9876,1
0x35c5c749661e26d2aa011a66f7f842daaaa3cbff,1
0x35caa0ff4dcab9c38022fb675befdc5133d05029,1
0x35ce4c969012b374fe9f82db12609dfcadbd74a5,1
0x35d2c98e88f251da6ca2b44351bef5d1c54c0290,1
0x35d464ce0dc31a31226f5f63ffab764ade7e25a1,1
0x35d6dd00c24a4e9433f8588246b8de1497ce76dd,1
0x35d98c21ce559c5bb617cd05f330eb5be92f4185,1
0x35df2adde76db93023d54f3997c3a5554af4e57a,1
0x35e5d03c9ceb2dd48b5a45a58c00f0512d05f1c6,1
0x3bec97cdafdb0a68d0b3af078f2e31fa7402f9c6,1
0x35ec8e9fdd798b3a2161a195fdfa78174333e975,1
0x35ee6ad1ef2d7c308b52decdd43722b791256aeb,1
0x35ef5756402b92a43e0af34c7de06b48ea30c3b2,1
0x35f25e7c250021919152121a2de4d43d8004a9d2,1
0x3601602b38cb229ab8bfebedec61bc5d5b99eda6,1
0x360d6771bd24d55994c0fb736136d45cd4cb06ce,1
0x3611ced0e60969924151a0bfc56be7b31e033b85,1
0x3614fe2cbe1fb27d0d241976adb1a3c81f306fc1,1
0x361d923d3fa57df51aba3b70cf4a5c46ac6a7323,1
0x361e50989e8658a64ec880508ac46187b7d2fdc2,1
0x361f8821eeab40d89c1700a3a1d57f42a25efb31,1
0x3621a90f67937ad1a5c9aa1eee774e3f0017f8b5,1
0x35ea333717c56eab59ef7216c37d3f5c96e4e7e5,1
0x352e50f64a4ca8383d3c3b05e6b18f45fbf15d2b,1
0x352ee11399d65c676a3093239d765c17986f0b4c,1
0x352f57ee08c40fd02d07da2648f1bf7fc436c240,1
0x3536b460fd4f1e64604e753f3bd3968aff2b3f7e,1
0x353976848d64db1ea4fe4ec3fd82e71bdd65204f,1
0x354092210879341d1b55d3967c0a489366ce1143,1
0x354247b1335ae4b56645ccc9789ceee181e5adba,1
0x354d0e499841a26b72bc4364b51fcb666a8c0765,1
0x3552376f31ac504723a9760f4f5546efa6c8a1ac,1
0x35534f03ef135f24a846c010100005be56e5aa46,1
0x355b0f551d59e3b7cb5835ef652fcee0f89d3abb,1
0x35640f62c1189781e348615a8e607727efcb6e6d,1
0x35b54d8a3e825b3b3634c50dd0af6519c8822990,1
0x35675ebaed3a27a3a0cf0e39cc836719c65a570e,1
0x3569200d3fd3c7dd3151605af5b29a68f2132629,1
0x356f0c22d606580d943beb5355b184023d17965f,1
0x35751390b70ee7c3c39a2b97db84d7b5f6057c42,1
0x357606c8e2b273fb4c51728013a19d66e9dc923b,1
0x357bb77a34b3e9b0d2789c184ea82c788d866790,1
0x3588797e7760ef1cb226a5d9a4048571b0820081,1
0x358f6517a9314889bf5647efb8d8b8c7e0a0baad,1
0x35971e8fb7b85887284dd91756464897437c59f0,1
0x35a739adcfa0410d0d8a0c4bd72f9df9ae3c3a56,1
0x35a7cc6fbf83d1dcefe48d64bd5078575b314f49,1
0x35ae4353929151069541044848ac26d483baf6d3,1
0x35b309849a5d804b68a71386b90cfe369add025d,1
0x3564549bff2c8cf10e15bf2817361cd6d44fcd54,1
0x36b2e23ae4365f5aaa1de9302c2a596fb48dd3b8,1
0x36b66baa30fd8df40df646c61baf5c63b5d14d67,1
0x36c7995d46805de24a55f916a7d7d1086c20078f,1
0x36dbfae457aca46d02938fca9163906a69213303,1
0x36dfc98ceb81a5b10ed1d358ac1c84a82f24c355,1
0x36e4430a5713865f4162d04243450934b8c9834a,1
0x36e536f946ae03ae69b10736da3f2b6d4700b918,1
0x36e86466f5670254ae586fcc093591d9dad98b36,1
0x36ea19586fdb9f23b6c7e756d6876eb518456d9c,1
0x36ee6904e389f7ef2c9466e114701ac2ab367462,1
0x36f01f0ed34082b5ecc2c994c886e8086c474e1b,1
0x36fad84fee2c6d6ffcb87fb6c45482958dfee335,1
0x3628aa88f5a7f95a0abebecc62927a219507ca0d,1
0x36fe890553a8f27288c0812570bf22d9ed41be0c,1
0x3703f6ac09b2b578097e41f264de3d3066a77120,1
0x370e58f1827a5063211bd13c7dcb490608544db6,1
0x371173416b0352861679c2c4d6578089bc1578ea,1
0x3714124196a679cb5bdd6ab16b5d792a04e29a4a,1
0x3718475b0feb999820c5de3a3dd0a147dfaace4b,1
0x372d769e15d2a311967d5f9779185a7049e0d351,1
0x3735479aa08ce2ea7a8045380b0fb4336e71ad4f,1
0x373ac9da3f1783eb98e727e519ca5cbe67c2429d,1
0x373c255c6259de2b84849491651f862bdc9e9748,1
0x373cf28455034f9e7dedf5336838be8dfb0cd5e4,1
0x373d2062b2c5f2eb4251c92338b0c2f98e923889,1
0x36fe19fa8c8e1ed123c77e40c4b768f483bd5fe5,1
0x362dab0d18e9001a7e07ef7580ff2c85ccbda225,1
0x362f370074c4274aaa2db6b69535e14b6c0ad9c9,1
0x3631e8bc63c87077089bffe775fa8df4d258204a,1
0x3638868d768a1aef5e2bf0e80a962a04c5dae4c6,1
0x3639c06fec5337a20e6db9c988892dc1bf3d9207,1
0x364694c32e8e2d2bf5e238707966b8987a523983,1
0x364fc78b9795a123a7c54ca4469ede658ec01366,1
0x3650cba3d3d6cd531b491e56fb8bc2e554ccbaf2,1
0x36521dd56643d4760a1a5986b8a95931cde1a3d5,1
0x365f98782541fdca23e93f611bdf7d5c36da3529,1
0x36602cfd86292164d4d25d36a5ff4f4d74619660,1
0x3673d2c8072b1e9c8fd22423d47824ad828cc9ea,1
0x36b216e003c7299b92b893a00b04d300e06d581e,1
0x367fae31d5a1aa53fbcc74f88eec36878d0a9a04,1
0x36814ab23d549c298b129b2efe0b3f3ce162b8ac,1
0x3688a470263ff0305102cd4c90eda4645c9e5290,1
0x368a2bcd5613b73720656a9c69e658f0aab5bdfd,1
0x368f02ffcb80a0303c18c632308f777158bda436,1
0x369b742fa7f4f8868c04c6868f59b065dfcec182,1
0x369ffc52d37b461dc1ff0df37351d23a7064cefb,1
0x36a347000529fa17d669f89566ec3650ae29fffb,1
0x36a4bcfe6332a3e0db4ee6ae4014ee4597a1b586,1
0x36a5ed54f482a94cf3825fc6943b1d70a96b567c,1
0x36a7e654fb7fd83e5ae08f5d412a3ad6ed35dc55,1
0x36a804e7d8850bce77c73c358bbcba52f8c3db80,1
0x36a911e923768c9475a518af33b4cb4867bdfa79,1
0x367948c510aa3716cd48e6113bf72217e156faa1,1
0x33b50107779da935cc9f2c82e9d9f22cb30b622e,1
0x33bdb8157d783e53a4eb1e53f48e3a5c5f06a0bb,1
0x33bf66ed3b9ed8443c65a62df101f147f34a9599,1
0x33c13b99862fe513a8a3c866579df25bd1739e32,1
0x33c46d729f07c560d570e049f62aa85eee9f94ec,1
0x33c7ba01b00435baae815ed39ed21c52cf80f6e6,1
0x33c94540ebde040e677146fb66874770403eca62,1
0x33c9d6ebc51af1d45b2ab2ae7e43c30f4468e6fc,1
0x33d6a7da6f8133cf509760915b41627eb24f555a,1
0x33d74011a8b90a4d5fe9bc836fc6ca529194a866,1
0x33db89dff41da538bedd8524ecd5303e0987d4ef,1
0x33e1cae5baa70eba4a7585e424ad681b23917ae9,1
0x352b23ddbbcd4432be8c9e89a07d14bcc6259669,1
0x33e7379a801626e3c02587e878803d49bae2758c,1
0x33f3dfd205175b64a8813b7dc068787a400c307a,1
0x33f6e6d03718dd56039dd55627d5ea8ab59e1aa7,1
0x33f6e6fee8f6b79ec28d414b097f3e7e28ef40cf,1
0x3400a6e796969fdcdff38e71aa645fa8737cb01b,1
0x3401ecb8acedcfdd25ec7b873769fb720e571ef6,1
0x34032e6a7a31880adaeea6da36971d798244f1c2,1
0x34047bbf0eed9bd936c251c67d194a1cffd5e415,1
0x3405a5ba324470eb045b70b4312a7ce7e00e2494,1
0x3406d4b51d614b2e7947f9f37b20e39e26bbf109,1
0x340975fcadd176137c43d5f02e3339f9e16f3bfe,1
0x340f6c71db15e69feda1abc9d955b5f3267338c6,1
0x33e468c66f1873011cde60f1eb62f1819a8ebfa7,1
0x32ef74f8b2cf70d4b31c62dfac3e42177b8301c5,1
0x32f5718575fa6d4c3d36ccc3c0f79b5d9bef394b,1
0x33094aa91c563b7cd1bbeb45a645c37755ccdbb4,1
0x330b2cc01e33c20afc8bd0e32bd47ee831edb1a6,1
0x33127d9d25bc59c777dcc3254bddb620cb9b969a,1
0x331532acb37b480495ab0f0788a62d05dc9ceb25,1
0x331c22163307665b0103c16ac180879f7742bc56,1
0x331f97c650e12cc579d639832b137fb6906845fa,1
0x33221082cf54232399e80c5c834ce42e2c0457f1,1
0x3324c74e2f1ceae6e0ed38050dc7000e2a1ff3d8,1
0x3326e22150455f22b12e62a87321377b0e970102,1
0x3344d976f9e743d07d3f014f5a766d3a2f442c0f,1
0x33aad3fd318351d3929a22dd6e5d2e969f0a013b,1
0x33631f9fca0c4ee392338c37308642bab2c1c18e,1
0x3366076a07cee662b9af6f97eb7fd407f9b78fa1,1
0x3375e457b9ca56f07e63a4ee6e0eb97479d96ba0,1
0x33841a3c69513e35838fa3cf755e075c053830dd,1
0x3386778858c9cf3d0260e20eb673cd27ef05db03,1
0x3389f01a3d7818c764dc294c1d073f2b750fa699,1
0x338d59cb182566c1d5d8464c29d3be243a8ad7c7,1
0x338dd5ea7f7c59ed29bc777103f6795b5e8e3dd7,1
0x3390a928da8831f7c7d91dd31bf0b4e16cedb352,1
0x3397a160e7ac0daff643cbef44db4b00330ec1b1,1
0x33a0e55c0eff341a9a60629e08d3640c6ec3d777,1
0x33a2058510fbdb0830fc954b465ee307ef6d307b,1
0x33a2417b12e83661face2fb676e54ce6dc80ec31,1
0x335bf4955e738cca0336529100e6a9996cfe8447,1
0x34b1f651bde28a284d57d6e6bd47b2f98f32f7dd,1
0x34b2d08d8ec26a976a4625da14c34c6ad7b29446,1
0x34b64f844e7fab88ca0ad0710266410d0ddf40d1,1
0x34b80ecb48154be38d346cbb17eaa3f2ce18110a,1
0x34bdc01af1f39bbf9c94c4027447bedfbb737059,1
0x34c004ce28ef5a9f3c69c2b170970961d1ebbe2a,1
0x34c044bdc462ad4f3c834049c67ca095c100f41b,1
0x34c738cf03fa569f37e3b2e342e4d6a384d75dc0,1
0x34c9acf181eed52c0eccb722bb888ff143d71982,1
0x34ceb07a554a4320c64d6d6ea274fb8332c6790e,1
0x34d25ae9de294421715f2ec54b18d4a80ceece8e,1
0x34d31fe3c7f715041204346fde0ae20f5f291ad2,1
0x340fb57342d654cc2eabfe58673d7c809457e63e,1
0x34d7751859e770f428aaafe0409992d02ec85363,1
0x34d87b28d2f7fac090bba0c5c8461eb0d7283c4f,1
0x34dca30e07d443537d0fa1b87531734970106786,1
0x34ed49759592a4b0b05542bd558b120add67f05c,1
0x34f11c0ed3884efc9f45d068a9b325bdbd22e841,1
0x34f730a4b3c5eb15ed91b17bdd56e91437c8d432,1
0x35005ff3190075cb66efdd0f20125d30b7ef1dff,1
0x35032aa39b64a70a0219628228512623575c0c44,1
0x350d9603c3b91f3929640cea5ca19376ac495009,1
0x35100e7cfc37a5f02c005c3343267f5918f813f0,1
0x3522834afe369602f995e2badc7f4fd4548b1bfa,1
0x35257a7552ded27aad834ca5de445bc488acd857,1
0x3529386a3eefa0939945eb3fd5b1ff0dfc427639,1
0x34d6eedc2cf4d944d163ccc87734525a1e0ecde5,1
0x3410530d8740c4e2f2f653caef587e07577ba68d,1
0x341199320034e77fe1bc87816b04cebb6c9c72ea,1
0x34176a5985b7d6910ac07534393dfa4d71577b8f,1
0x341e7d0713adc8105038ba6b8ce99cc9817b9273,1
0x34260f0225fa2f081902ff98dc2f9b09abea0dfd,1
0x3431b33baf6928f1383f8d91b2b643f3e3b90813,1
0x343b4b0260f52477cdb0f8b8478dd0e6558312f6,1
0x3445b63edafa2954455fa6d1b449c7d8ef0e0365,1
0x3449ae9c368b2c77a33214d82027db653c46738d,1
0x344a84c6de0378869921201ec19f8b66ded33249,1
0x344f187d61e0bb6cf317ec10d1508a58b1b1d1bb,1
0x3451715840acf70141b07e0c98df3ef872b48066,1
0x34ae8da7577372e44310b694b72da6237c1e6a78,1
0x345b37173208422dd8f3ef7fb2304cbf1a7eb58e,1
0x345c5f54677df02607e1deacea997ca704000b3a,1
0x34614fa2e227252edf369b9ccd177df0292859ab,1
0x34632e545845fb6fa205c37e2fd1fbb491fa96d1,1
0x3466ae07f264ccf208c68953ae3b57d7c1db874f,1
0x3467d40910b15478ab300f8e4476562800486308,1
0x347f2d649ca2b900c9130e43a794b0f7005e4c80,1
0x3482f51458e984fe8677982593b2f8608174c26d,1
0x348ac46d78b7cfa6e58d08bdfbe108a48a36c8b6,1
0x3494fd534f82ef2b3eadc290c430d972386247e1,1
0x349dc5be7f0d18fcecf95e67a916a05c1065f4f4,1
0x34ac713f47e3859852405da0a6e7d65a4935d8fd,1
0x34adb5e2723da1073e4f8680c6daccb07b0f82b5,1
0x345500449254eeaec6a2b9ef95e057bf65bd8aad,1
0x3a6a86d3fc6241378a04138ffcbb895a39f4346e,1
0x3a6e917d98768500379bbcaa29bb2c69bb4d3aae,1
0x3a72515ba0c9858613682315640cc7846dde7e4a,1
0x3a72b4ac412a398213f98bb8314254b84bdce8f0,1
0x3a74c28bd8c010bcbbc53fcd933c9272b3bc7ffc,1
0x3a765e403343e57d95524478515c0b194a5de41b,1
0x3a7fd075fd342b1abbb1a018323c7841f0a0af96,1
0x3a84101c9488df2eb1217eb86d798e29e8ea4df8,1
0x3a87316f1c3ebd14b9135b578f05c4b05bb5e86a,1
0x3a8852b470bb2419922394f850821074b7d28d4c,1
0x3a8e2d6ae0aa642df87d7abc041a1fb802322725,1
0x3a97735253163e656b48688ff2f1c2ea68021420,1
0x3749f8dd8b3c6e859597674991aba10488ffe5bd,1
0x3ab21c8cc0aec7c2ef6532461a72b8a15bee1be4,1
0x3ab5672f011f67a594f63c29859e0038fe60b8d4,1
0x3ab8d1e5d690aa3c0ab0fddccd4f374182beebe9,1
0x3abe2848ea76668533677ac4be197b2b345e5d20,1
0x3ac4ffc512a9a0908da0a3aa3535e7c380739397,1
0x3ac77e2134c8ffa7a3a51c5078995d6d578917b9,1
0x3ac785d31926091b5e5d9b1f95a0106ab6551649,1
0x3ac9191f79ec4983e8efa79b0c77d40cb133fcef,1
0x3ace84cfc01a41a3585c2ea1b709d0e957cc5209,1
0x3acff16c019a39458f9769f43425e183ad30444b,1
0x3ad42745bfefcd2c7642a0e4583aecf4bdeca099,1
0x3ad8c040740b0de7e722730cf569fb1eb453f461,1
0x3ab0a58c9d872f0e82c860d03db117c6e40878f8,1
0x39c4c4e42cf3ebe8035804aca188f63c69b388d0,1
0x39c9125b4b8cbff49f0a5d7a305915d8611a9edc,1
0x39ccdda05e2bcf49ada428633607973d9f559acf,1
0x39cd9cbe5e078272401c5d49b8bff80cb4d5c072,1
0x39d0d67bb5bad04842c2f00675aeaab4d43f5405,1
0x39d9ffa983b7021abe99875ab3efe16a1938e43a,1
0x39db51f828823dab09ef3c4597f1fa7fa29709f3,1
0x39ec0d7cd4ea9bf8cae9f1eeab1549078ddb4ad0,1
0x39ee51220fd46f80809a7f70b48359acb912eb94,1
0x39f8d320c1c1ca0235fb143640d166b664ff130a,1
0x3a109cec73722f374e90ee9578e5bd6cf3b4bd14,1
0x3a22db2fbabc5d1f95ba975cedf5f8e600225580,1
0x3a69bc1f360223b50db42e0c1887659292f07613,1
0x3a2d0e667490117fcc8329f019ee2e555298ca30,1
0x3a2f9eeb42abb0e5dbc00a7518de7657c32ccec8,1
0x3a32036119e50b18f9b2758fd4d3bdfaed9c8ad4,1
0x3a3395e328e143fd6f0610a8b011987e19a75863,1
0x3a3851a1c8e5f8414d184e13509b9c00f1646115,1
0x3a3bb8c94c7394fe7e1e6f76ca46794fb2d18eb5,1
0x3a43c40e33b9d664f00f5b89990a49fe83e834e2,1
0x3a4b8feb3c31229712a7d6075fd02e2cbb91ab29,1
0x3a4e9dfa10f2803a3b70a22fb29a534b4f464e58,1
0x3a55a87e7e38f3276ce7e59639d0b559a6450c13,1
0x3a5e41a8b7a29dfd8695c477c1547a1dcf08e32b,1
0x3a66444b97b8143c21cef2d35176fc56a70d8d83,1
0x3a67dddb8afe4926cd233033d5666331ace75629,1
0x3a2492919259d337fa4f9ecbfc8f91289f6dd9fd,1
0x3b689e35bbbbab5990de709048a15e414a34af3c,1
0x3b69b5e0c8e619917a6f905d2e7a2aea8b61d230,1
0x3b701ac35fc2dd552c633200f28f7f393295262b,1
0x3b71168cb6e79990bc327147cc46972f51cd797f,1
0x3b7faa6ecb13a87873e546820144ea1e0be2c844,1
0x3b844fae04e8614ef9c210ee5dc30b1630fbfa0a,1
0x3b8d740d25d1ca4c8b4a6289c8181f079f6e13df,1
0x3b8f8233f4790888ef5457e16ad6ba5e2291a769,1
0x3b8fca96e8325386c874c6469e97be8f786a996d,1
0x3b9a4ca6c041d21acedef9485d53519544be6532,1
0x3ba1cc554799424d2c63ec925299b4800762b579,1
0x3ba3e85063c88d35e376c4f8a2ec5eecbb30f80f,1
0x3ad9ff036f0cb19445c0b6fcada366e9790eec76,1
0x3bb49c149fbc8bdbe70d721ff486bf40440ec739,1
0x3bc03e3cd892c2dd849feb1f278b679d05d95313,1
0x3bc64ac0f30d2c3ba0f168db001464910b8fcb73,1
0x3bd031cd50f585a7aa558e5321c821c2cd3ffe90,1
0x3bda4c26f1ea331a5169b71bdd8063aab1da5a9b,1
0x3bda5d449dce01122b2be339acc07a9e3c675407,1
0x3bdef44f6d37c54857d59fd3c543852e87a01e7c,1
0x3bdfa46f848da708da67487c81682b7cbc1e3813,1
0x3be1aae9bcbbc9b73b5d8e01a05a6644dccb63e4,1
0x3be28b5c6aa5d429d6e7afd7ab2a244a91e4c19e,1
0x3be5c8006b19b47ee6dbbac9cd8b8b19c5b680e1,1
0x3beb55f2c85a9618d02f2aa80cfe7ba8bf434f09,1
0x3ba4165aecc6551a6194acc0618c0eec528783bf,1
0x3addb454c1fb2f5a8641ebcfe40b11ac22d9a36b,1
0x3ae311d9dadc7462bf72be1bea40794b489aad73,1
0x3ae51ac266983dfeac4716c4ef021ec8e73ed137,1
0x3aeab597a0408da7d9370faf966eff84af8f81b2,1
0x3aeb51039b308bb2227f6813f1eda4f37c47f120,1
0x3aee8ce337229b4d2c516576c9e2e5c72ca71db2,1
0x3af619ef9f44e3db45eb647a4fc81ece5ffe966d,1
0x3afe8ce3c925db70804c838bad8d716043eab1d7,1
0x3b02867f205fe937b74dede8f2cca81d5aeb2364,1
0x3b0371444f3f5e2eb93eda500399d5ea43b08748,1
0x3b097500a85e31f6f7a75a0e5b55cfc65c33450d,1
0x3b09f626789acde9d48ad7bbf5427fe98a861d1c,1
0x3b651c95a99614c626611bb0d2a305e6d1292cea,1
0x3b158d54092a0609a5c4bd1b39cf5efbeece679a,1
0x3b16c65effd9fa38eba19562e18a50a9da4a83ea,1
0x3b1c2a553402e9ebf99084738fe17219d93f4c72,1
0x3b1d2c36b2733a4eddc379187aa6c3ebcdedefcb,1
0x3b1dd2745a0d48a0a6ac734f0d175f90601b0403,1
0x3b20d1f3da98d9e7033c30d2882deaa062f49582,1
0x3b255823551227cf3bd19ecfbc1acf1710792429,1
0x3b316bd63ea29b4ad4687d86c8f18282541c1e4b,1
0x3b39a81e97348f2daa17c09cf4f89662b11ca0ed,1
0x3b460619c6f3365554ce6747114a8923c32f40bd,1
0x3b47037a8dd64352ef55f89b382129583ec2dec2,1
0x3b4a48196dcf80818a1cbc8d685e6eec124be173,1
0x3b559fd5fb097fb616c4ab88ec0edec0dab33863,1
0x3b0c414e5ac42d5e2372a74722ebd7ccd652dce6,1
0x37bf91b5aa85fa58a8d92d01770b8e64f7253ac8,1
0x37d1e052ccb332c6788acfc2beacb9201c8153f9,1
0x37e45b9706938dae061399694a27f910824fbab3,1
0x38007261679b8b5a5ac89be67a50a70bca346fc1,1
0x3801444cd62ddd2a8c372a9f4e478f66193f2c4e,1
0x3802c3c98afb1db261f8ae644b10c87ead46ac32,1
0x38053fa8ed40f57860411678bd542d1fcb31955e,1
0x38089ab3de4d114e6a30271af1fe58da9d8b32f7,1
0x3810759f740fa16a4391b3f8bb7b50ff8dfaed33,1
0x38119fe11a4a1764a0d15fedcb0341ed4287e903,1
0x38141f3048409d0c9f2f0ae03d1844e0703e09ed,1
0x38149d17b1e3bb8ff4cac9472d749dff1ca453a6,1
0x39be4693c6d8563ee3c503a9c344c7b23d21f4d6,1
0x3822f40c41a1db498305b3e93eb4ba065c4cdf56,1
0x38287b6faa752d72866fb6f32fe16a8a47e7863a,1
0x383e3c4a457d49c1785c1fd7939729bc2cdd5cc5,1
0x383fd93baaa2a6d9dc2d5be527483e265b0c853a,1
0x38454c549e145c9f64fc6836c2e29f3185c0b242,1
0x38589721c784a389beb49b920fe8b9298acf6ee8,1
0x385be5b8113dbdad0cef9faf14cae1bad9d80e84,1
0x385e2ac44551bccbbbff92ba6ca7733f781ed4f5,1
0x3861389da133432a14fa88d27f8f42468b22f581,1
0x386f2071fc3d5f27c6c59abbabbbd1ac0892ddd3,1
0x387176572c4f28b16065a69b152bd03c4d7877b5,1
0x387d42859b32ab043637b28678690ad66d930b21,1
0x381f27e2752af9227c4ee4a5745f08df1e4f0244,1
0x374df18c5654eb74b55de0dcef557cec63c9e65a,1
0x3751a5e733114c8765d8bb043c2119b33499a473,1
0x3756f6bc8db1f6f8b49c005b6725ebcfd5889674,1
0x375afde28c0eba62305e95d7ed044a7e87b8699a,1
0x375da29efd96871b10b79e7fa60b06e030821bd5,1
0x375df661671570e31f45d40d0d8e20e1b87a11e4,1
0x375e977480bbde41c29088c8d5446ffecc709f51,1
0x3761c87fdd1d795d8f68b766bc6a9c597b96a73c,1
0x37629784c52f39c69ecddae169beca9169e3bf88,1
0x3762d8aa898ed7d2d160cbb7cc94db776cc6beef,1
0x37654e458eb7f7c6783b66abb0aaa295e54f9d3b,1
0x3769ecb3790a4fd6d64a6325dfc96c1ccf0c3ca2,1
0x37b7361a048154508ea8c8a479a268898929ba62,1
0x37792077377e8247e119b0a7bfb1d911047ddb52,1
0x377c24dd9eab41a26ea86c4ceb9bdf7827d9627e,1
0x377e127ef6b601aa55e97d44b40cdc8c90e7cf68,1
0x377f580d36f6b2d0e2f699571e4251f8e8aa44b7,1
0x3784567359a35c2abf2f304198864ab33be5f95f,1
0x3789957271759cdf7a220f7ee65002cdec867753,1
0x379222bcc003fcac97005b92c527b6541b3ea181,1
0x379ad683d24b3a7b2a81f3b7c095f3ed9c27f732,1
0x379d5250953690293a70e996f5408821121441d1,1
0x379d7725f950ff499b1361e6a27e15485e238acc,1
0x379da2459c46dedcd5168d77093e8866b2e1287d,1
0x379f0a880bb218ed2deeba1492c8129bf629817b,1
0x37b2dff8c70fe8f99acbd1d19dbdb04539a49e95,1
0x3776204fdc85fa04f6ff92a1553d74275e8c7d8c,1
0x3910ed8285a8589172b794a2c6695bf4c65d0716,1
0x3918be19ff750c6e18e96c3b4b2b1bb8dfa65324,1
0x3922d8785d9af71db41e02f30409118856ce48fc,1
0x3926eabd58f3b8fc99f798e1a9b64997a2977ae9,1
0x3930361155a6b2d566ff51d81de2f15f1f7add35,1
0x39345a0259bc9daae8ab56bf5e94e7578f138e4d,1
0x393c9cbb7d0159ba11ae983815e506daa56c9d2a,1
0x394dd6befd066d415ba080a86de14559f5821f66,1
0x394f245e077499dd3b6119abc41c526e6894329c,1
0x3953e89cfbee3fb3463edd9e27c28f0ba5c974b4,1
0x3959f65044d4d39f42287ea93999c94b31be6f73,1
0x3961a691e6fced9342b1ebeb35ce7f15ec62e7ea,1
0x387e9e18b08171eaa2d39455e023a370b4492454,1
0x3966b9d4ec23dded17a8e6204511d67c33276349,1
0x39745e35158b916447e0cca02bdb03334a555fd9,1
0x397523f33bd762d7fc30bcc99292f3d8b89a5304,1
0x397c11097f1e47e9148b5ce65d3f24a585f7c6e2,1
0x397de5fd317e0d8cb3a053f86383db4825c6672e,1
0x3987bc61fc30f51612cb2fe72a05b18529cd1c61,1
0x398918fafb628fd151ac77be5186f2a6fb9a6851,1
0x3989cf87014ba435fe0b0cbec6f66675a1e3dde9,1
0x398fc926c0d74fbf7076e8d47b2e7fa0aba22ed0,1
0x399387850ca41c95db4c67836613bccf94b8bb7d,1
0x399bf36299ae6e54b477bcabd3790d96f33f478b,1
0x39a08e62d0c4d1227b49e3764d6ba1b15976d2f6,1
0x39a237db7478e0daab9839b5f85b8824b9bfdbc8,1
0x3964aa2cc827a4cde6fb0b4095fea7829ef92deb,1
0x38818836cbc0b75a91fee586d26512b6501fd820,1
0x3888ef77ebbbdda4adcc09731da48d501b781ecd,1
0x388b299a227a8681e79091ae58cd8bd77e1435f1,1
0x38957bc3f48e790fd5a51044f5d17971ba39979e,1
0x38a44e6911fc13d29008dd09b79f356c135bdc8a,1
0x38a85bbb4d889a7df45c90fb9fcdb24a050b776a,1
0x38ac289978489be32e661e1c2a76bf4af5c3d2ce,1
0x38acf506db44901ed3ca70aba4a2a3ae960069a1,1
0x38b081c342ddfb5d4bd4df4f04702e963e4b8c71,1
0x38b0fb388be2e177eb24066ecf80238f9c327e19,1
0x38b417e2140b312a683e148e29b01d3e9c7be12a,1
0x38bb52f20ce2c30273199e71bf16a3016f51958c,1
0x3902a7ec74c7085cac4d113cc3834f57f3c8afea,1
0x38c24dd9ca004cdfee7311e4a9927f644a104bbb,1
0x38caa5503603501303b1c235537bab9584236ef8,1
0x38d39c3c0810850fd216ff80f2ea2f01dab3d988,1
0x38d79d3d3b513692f286e9c9baff2d75a6720aae,1
0x38ddb920b0b94e981082d7e6c524278d78981c3a,1
0x38de501e9a02b3247f954ef6ecce2a8125afd107,1
0x38e0435948bd8292c814b415f839da1cb9df6ac3,1
0x38e52faf37a16f94dc6352e688841df8def05ae7,1
0x38eaf537cd02ee6825d10c681b95337694f4bda9,1
0x38eb24c620a7b7c80e7ccbf3a2484f43aa64e724,1
0x38ec91e16d478b6c932a72fa98a80462518611ba,1
0x38f73f76d6d2dfaec6371a31aab7a35a3486b797,1
0x38feac232d5f306595a7590c4364b09c41e61a64,1
0x38c24a95a7abaece25b924cbf049e1da832be225,1
0x0b9597605c37ba113a11ff1ec11152960ab4303a,1
0x0b95bdf456f79e6ef1bf3046b8beab88affee603,1
0x0b9622e515b43cd969ac2f6421f846670d56cb4c,1
0x0b9dd2a5afee73fd275ebd8e8ef15eec3d655259,1
0x0ba6969e7dc1f59bedda15973b8ef3959f3812e6,1
0x0baa5db886cceaa10222112f615e8f8dbc943a1d,1
0x0bacb7f510c255cb655890d06bd46ec4d7222c64,1
0x0bafdf5a0c36b411f4985f4e63e341091e9c9231,1
0x0bb7a40fc909e57a332b57b5e6789abebaa39b77,1
0x0bb861b5924aac3bfa6862ca5498392b67d7f174,1
0x0bba9b967ce44d0fc3b947d8c1173dac73b6be7e,1
0x0bc0b2e9d477bb1e53e145d8e9b44e4d296fd3d0,1
0x2183f65ee38bbc31f60481db4b82fde3bce5263f,1
0x0bd05d50c07920ec8bd27d28fcdcce91488310d8,1
0x0bd4442b95bfdfb52b2d9cd89cc448ea38b71c16,1
0x0bd5355ca8aa5ea3de87496bd31dd41e4b779564,1
0x0bd6de188951d225736341ca0d324853785b95b1,1
0x0bdd33b1dd66750f5bfc3f4b26a21269aa168a04,1
0x0be1b5e260e0757c38d153a206dd2db99c88964e,1
0x0be70cfb7e0e875d558729a3d5357088498ad322,1
0x0be7e73e70ff91e196ed0a7343a968f8dcdedb53,1
0x0be86d93c4eb7688b8366051d9f682981a5cdeff,1
0x0bee5d0ea8ad95c75fa5f7a5e06c160874868469,1
0x0bee97b93819d2740f91fb708cf3d60ac7ca33df,1
0x0bf4be9f9c237ddfdd2f5646f580bf187636bb4b,1
0x0bce7ea84bee46fac59f07ab4febbfa1ad95dbea,1
0x0b05a407e4290809f5ff1abc598a53cc1161868d,1
0x0b0a724c8938a722eee68e54d3682c06cad95ecc,1
0x0b0b7fe691fe6c759beec2e3761c992194f90f48,1
0x0b134ec77ae553a5f7c61f51a898f9881bad4560,1
0x0b142f6eabfac6b6de6eb8168cfe85a5ea48f5d1,1
0x0b15086397fc2cfb352aeb528de38ec587c7de06,1
0x0b16dc7aaaaa79ca0298e9c2ec5113fe63dd0cfd,1
0x0b188c26cfa9be9b6a04376ae69c147a71eb1311,1
0x0b299d8591826bb4af499b702b0aa4bc86e217e4,1
0x0b2ad93e4cfc548ae8714b3aaa093cca970387ca,1
0x0b2d7d8df16a35b5d44b259ffa8b5019ebe414fb,1
0x0b3fac67c239eb9c86413cc1abbcd146478a37df,1
0x0b9437cdba410827f3b25202f43d13167aee5168,1
0x0b424f483ad024fe97b4c4f327db6f4c21aa1f1e,1
0x0b46aa65dada84507b44f2482a376ca658a83107,1
0x0b4924795c128ee03f5df32832e1464e0c9db362,1
0x0b4c496e96f560a84ae90745b77a31e54c6fddb6,1
0x0b543d75b2681628c1554e291f8adb25db39daf1,1
0x0b57cd0d7375169d39bd6e654528c9a7a95503ce,1
0x0b5cdc752367d4f6eff392e184e03ca17f502ede,1
0x0b60b9fddc339286dd807e3296b80b909c082149,1
0x0b6280b0395fa5b0e45e54e073590d1e0c72255b,1
0x0b62a3a83fa523bebac6a730ee36dc3e509188e9,1
0x0b6f7c1abbb62b007f2c59f359a62c949bf6c7f0,1
0x0b7a835eed7fca041d89425ecd21a7775ee6e73f,1
0x0b846f63c47224ba75712addfb11db42f014f183,1
0x0b414f9a5820a11a84952401aa1b55fbe8442912,1
0x0c8e5df898156d51b8cfc69f761d6612bc4b907d,1
0x0c9fa579171afeeb37c4292bf0853416f4c4c425,1
0x0cab76b2c58240ec1b1898d426145a8336a2587d,1
0x0cb7dc61529e91be0b35ba98582d9b3d0ac0b8bf,1
0x0cc2388ae024debf61eca39618cc75c66ae30318,1
0x0ccafda27ab042976012f4afe358b9316200e83d,1
0x0cd4f7ce0002289fa6c53b3f170e160ae46061bb,1
0x0cdc951bfbb05169610935835c1bb203012074fd,1
0x0ce3f9516bf064399c36475b327a1cb87ff044e4,1
0x0ce538a11f29a9a7602ecdd4ead5bed377b907c6,1
0x0ce5c7695e402ca171104408790a53fb5fa6357d,1
0x0ceafa40155f919fe8dbdf887085b1ed57b764a2,1
0x0bf59fdd937ebf0868a220283037267f3ebe5cce,1
0x0cefc45346cd2a39d3a5e4d6ad5ca72c850f5076,1
0x0cf2a9ee1d0c1b305b92ecefb2c1dda147b27b16,1
0x0cf3b767c1a811f498be0b6563a1d45bdfe3eb4f,1
0x0cf9a780aa066e8075bd44286d62d4331086c127,1
0x0cfb325105c434719c41088d30d31202518223c8,1
0x0cfd1a3911b40da18ed13ebeed60b7ec82ffd294,1
0x0d01f0c449202f6dc1ac0d4e4751c62d618681d4,1
0x0d02351403dcd9d6a06c8348e86e9c0d6e108591,1
0x0d04f80779484cbadbf1ae30a6cd1116cde08cc8,1
0x0d052cca09e9a14e8ba82f4d0e9df4aa613c2263,1
0x0d07d256cff4d8857ee3c820b52f7abf122d2da2,1
0x0d15737846e5e84c258465781d598347ecdf0cd7,1
0x0ceed1482a05e79b5ed77a0c0eb830812519044f,1
0x0bf6f9d7781edf6b3cec97c5f841ed35928d4338,1
0x0bfa34d57f73d27c3ec08d438bef4edf8c4f018e,1
0x0bfae6119bf0903a984b31f942b306fb8ba48cf7,1
0x0bfbf9cb5426026be3dad3a347eb5353a973a02b,1
0x0bfd37b58307a121e37ab4c888300706e1259d0f,1
0x0bff2dd0f74f921a28c56d00071da2672c852757,1
0x0c14986fb374bd94696b10f54c501ba6d085d40e,1
0x0c1b858a312aa3fc1d7b38ae013559cc09533de6,1
0x0c1eb5fffa90f8ecb85894870d01b873d9cc04b0,1
0x0c1fb5491e0ac0f837df81aa941d21ef68cf845d,1
0x0c2c87150245591056a4ca4c5045b9e875b8a763,1
0x0c30c52f5e54c19c79aebd6b129a53f84bb5e5b8,1
0x0c846989bb99fddadda07160dfb81e3e22b7776c,1
0x0c3a0b1b0c014bab07c3b97f6483051787c7d606,1
0x0c3eef0034916b45b05d2808eddf9347fd8de6b5,1
0x0c47504d54062994cac59995d9c2db7950c6895d,1
0x0c4d0b7a694ff80e1278d3bb467ac2ed863edabc,1
0x0c5a21eba5c10ae5e39a7f7e61953b64c46581b1,1
0x0c5bb529635f7183afa0d684998c78559bfd6083,1
0x0c5c106449dba65df97b318e16bd450b77b5e3e1,1
0x0c615bfc1a3f9c8bd8c54d3eb66207df10e59848,1
0x0c642a521794458ff0e8144006409d8decd34aef,1
0x0c694e0bbcd8c27c18b989b3ed4f58cc9d0e2065,1
0x0c7656dbf34ea6794b0c263b1b3e10dd69c7e380,1
0x0c765754b86bb3670934a3f1e35c9469882fab24,1
0x0c78e6a0e927e80de8a2711f21ecb2b631bd77aa,1
0x0c35d794de1e6bed4eb80c1df67c0ddd5488bef7,1
0x098c81cdc255833757025fba9ed3de938033f6a7,1
0x098d8e9c4660c0e0bcf14ccf0832d50fe6a3d47b,1
0x0992bf04e2a27a88fea0678e332d9b9fac4c21bd,1
0x09936d518e77b92e58a48196e7ad555ffca87b1c,1
0x0994e3bbe2225e53f8016769d1b676731780df96,1
0x09978596475f08c26e364f13245bd086af74c216,1
0x099b27af9ace48ecec428014b280f735f6f736eb,1
0x09a27ab158cd01a6c980e5b9f844ab510ab77833,1
0x09b2e1a07b1151205dd981e7bd36daaa1686bc26,1
0x09ba258868662984099d54a5fb59c43f0cfaec69,1
0x09bdc0b1292cb7dc244fd6db6a11422e2650cbea,1
0x09c85afe91e8583bc6508233bdad5cc4cc6517ec,1
0x0b047e4bed0a0780363474a4689f328a85bbb531,1
0x09d4658044a769100b4190cbb8eb6778e0f8264a,1
0x09d7b79440a0502ee41d7571e8061eba1e41b500,1
0x09dcb051590c448056f43048d78ff1f428f8a4da,1
0x09e30133ea93fcd38a99386d0493fb2712cb60a3,1
0x09e83ad536b66ded0749681ae0781ee79e1131ac,1
0x09f1c2c28c4ef06e559098229e1a8e5dca504712,1
0x09f212b04070317e7383e40bb5737a16f2690833,1
0x09fab0b2bbcc427fb01609f89e0b8fd3ebf589bb,1
0x09fbe8696b74ed5ea444d55a61b76a545c564c61,1
0x0a0e2732b34051e3a1463b5e6fc712824c630d42,1
0x0a143940da0f5e7d5075dbb882db569be98f051a,1
0x0a19113e39a4bbcc1dd788f0e513d2acd890574a,1
0x09c86c331dbe908c810694799034a6f4207ddf81,1
0x08ec7e0b96380dffc3cd7a80f721057c9872487c,1
0x08ed2887521b4ffe4ce7277983fd7d58c6dc890a,1
0x08f538fead2fec5e72d7fe6a251354969c7a531e,1
0x08f9bd739b0ea5fd358b3f624254b8fbd4b70c9e,1
0x09033d2a718bdba3cce5afc90a7375930e515715,1
0x090444274c30852f992a35e4106b73a81d4b5a8f,1
0x0906e929a99f276403b8ead02a6cd487ea553634,1
0x090721011e607e389f6da797deb5907d7c920da4,1
0x090819fcd3abd2da85b3613bec63904ad7f190a8,1
0x090ea9e3e798d6bb2e50ef9a259682ecf25cc330,1
0x0915886efc23db4aef4efa81766648c9ac8566a9,1
0x0920a1090f733484ad337a48cf206d5eac1c6a5c,1
0x097fc6348813ba3359a9f6e9127575f38b062493,1
0x09306794a24127c8e567309eb9ec78b4964ebbc9,1
0x0938524c8a0c6f5131b05fdb56c2dd8bf7291284,1
0x0938df4a4f4d912161eb7eeb6bca1c4026dc068b,1
0x094bfad425bb6a66bc1d8ae04f06fe56c2fdea61,1
0x0952f9b7d5b2c9ddd0e6df056b825418a683e540,1
0x0952fd2184887548fc12daa2946ed07929cb8c40,1
0x0956f067f0c85d5b913205436507d7c1796fd204,1
0x09593f8eaf160c7d85e194707906162f294011fa,1
0x095c1a33720449665ac991dea46d56260c89ed8a,1
0x095d0837589cea06fb20834ed81e951b6c2255c0,1
0x096e7bf3526122cf7faadae6a7ad79b6cfa275e5,1
0x097301cfa92f4c0aac1917a4def02955928dc8eb,1
0x097b668ba79cbb843e69524c345128e8831ab4aa,1
0x09214a0f87aa6f7bc2b47ba4dd348ecadb8e9728,1
0x0aa9dac46a5e0d860b56877a6dfa32091ad52859,1
0x0aaf6f35e5628d871626de112405dba305489893,1
0x0abacb09492d057e09d4915e84990eedd304de70,1
0x0abacb54528c091e997a68b2644789fc1fb8ce9c,1
0x0abe1209e2c9872bb91f1268e41d4c32d4221194,1
0x0abef4f70ed8e8806a37f466fe68f13e94a0039d,1
0x0ac603ef40ce7bc202025d98120eca9490a079bc,1
0x0accd496fd41efcebdc214112e39c6dd4e62ec39,1
0x0ad66843bf50d0a31c680d12851a2167bf93ba42,1
0x0ad871a2a5a9e7278b257a68a579b4f5bb44909b,1
0x0adbfc43c77243f2061d04efbf3609ef15db15d9,1
0x0ade37e0f6cfdeeec97b4dd2d831189e7b5529df,1
0x0a1d50d2f07db33fda395e6d177fffe99e6d408d,1
0x0ae5353f5d539841ce0fb66e9a0dc62984478639,1
0x0ae57703e205fb420fbf99744f0779503f425118,1
0x0ae75e1e4df0addc6818be9d76e6caeb2771f28e,1
0x0ae7e7a8bd41458daeacca55cd4e0cc6e877ca37,1
0x0aeb34bca314bafb7d33fefd2346bae71f5f2f55,1
0x0aed2eac46d4c5deeb5c74f7e6e61c976b26ce9a,1
0x0af185f55c7bbd27e17ca11cd85307cbc6f893e2,1
0x0af193e5fbbfe71cdba5c964882a309cbc33b861,1
0x0af3cfb7e0e1de2b8eeae501ed45040cfb071b2d,1
0x0af9527b66ba258e9d156e68a757b4b12a78c4b5,1
0x0b00ae8a4658187f6d6c6041c4003d9a6b4aad23,1
0x0b01b8f717213c50dba76bcdb6e1b0ef15bf7bec,1
0x0ae3b714445dcaf112cfbfecd6b677be566fce33,1
0x0a1de358f64bde20287ba7b11f41ce8b58089cd9,1
0x0a22d5f994d8cfe2b9e9bab8426da4fe3a627c53,1
0x0a30661c9dc2ec5ae27decbfe59e72ce5af0c046,1
0x0a315a36d187a74abff4ba84ed154f7b2755d7cb,1
0x0a3227f46bf220fbb2a2c76d844973819da8014d,1
0x0a33ad0000b046b336d839eee3b8e776e10372a6,1
0x0a36cdd528afbbba7115d136973a9634ef1fb82b,1
0x0a36f2a987b3af187e4e1c200f6eefe863841433,1
0x0a4069f425b98d2d6925492b649dfe3654d0dd32,1
0x0a50d2e6704d578bca2de400f0915dfd2ae64c0b,1
0x0a55531e448d0e189821f8af0975c7e76d9e615d,1
0x0a5a9699fba26c820e0dc0e9dbd8bada3a83431b,1
0x0aa90a6518b2b6e5fb770694e52dee994d33a1d8,1
0x0a66ac8295baaff1987d59be8b1cce34e2bd522b,1
0x0a6ff0a90fee934743f17ae4b80a9727a3b7fc08,1
0x0a70535934b3aeddcfbea940efb6609d4b750a87,1
0x0a77b94d7cf6e83c40e213dde5cf78ed511b0697,1
0x0a785a009534d9c3e4500782c94f5fe9d54f8477,1
0x0a7f7a5ce2555934d06e7dbd79e486f7f344642c,1
0x0a83c0902eef97a4ea857635d5992d9f5b805002,1
0x0a84f11fd62bc7a148c496294f57c89abbf84ec5,1
0x0a8c044a38a80097cfbcdc7b2c251546f24d66d1,1
0x0a9fbe27660cc5a9e9352fe29f5600215cdb0353,1
0x0aa08634f981ed81a5a757c1e2a6699b37183f36,1
0x0aa4311c6bb8772f02c40859ec49a478ec0e0545,1
0x0aa8311ec4e33ac2ec56dde0ef2af28ce0d20efb,1
0x0a5cb08dde5c2bcf2912cee7d47d9da34c95381a,1
0x0f82208aabf6354a9b6d1bf1fd0684a8751a089d,1
0x0f8fbc330c3777d9266e01de4128b301b0235d56,1
0x0f9041ca43717b59ddd30d8da47d3414625b1070,1
0x0f9101bdd4e25def9ab1b260cd881a0fc650a077,1
0x0f94c433df873272e51b4805ee8097492d410f57,1
0x0fa0fc057c52f383ed2dbda748490b91390bb338,1
0x0fa17fe726f47b71049fff172f5ea285c6866550,1
0x0fa237fbd2f64f602465eee17867338e37185960,1
0x0fa36f25b9fa8e6de21ce84a009a1fb637ea1e30,1
0x0fa3eb4c50147f66ca8d457740b145c4a701a862,1
0x0fa6cbb230933e7416aa893882e125dc4c4940c6,1
0x0fa716360e836828611f85eac069807cc1c98c98,1
0x0d1587dd9f2b3394a978c73920d4decb06acc59f,1
0x0fa89d45fc5550ee19ac86918db494ec6463d210,1
0x0fab135bbb1222ffb9b736f3ee901a7c1a3b7eca,1
0x0fade52d30c232b1d8684a32c07a6832bdd6cf2e,1
0x0fb5dcdb9c1a89485ce0e2eada71f85335a6e651,1
0x0fbc73809ffaf4ed909a5654bb3f499b55b3e884,1
0x0fc4bee34d1e89913f2df4a49d3a625bc0c1e9dd,1
0x0fc8b3b24acf3830b4404fc78b2945bccbec3dd1,1
0x0fcc5f28932e65d14fd18b67f98c9bc4b0855f26,1
0x0fced511ece510b03e7d34a4a553ca28df95f531,1
0x0fd05c9a2839a6851431dd2bbc21f9d6e1494a1a,1
0x0fd2505450cf5189f9ec70120fb9996301137746,1
0x0fd2fd20387869569b9bedc9dcdaf4cfd6d31072,1
0x0fa833c155ae94666170718b5cc7aff9bdab8fb3,1
0x0ef840d2e5dedd0941f0e4b2e59908eb7dc98bbe,1
0x0ef8e97cf19f4477c273dc03fceb7c4327b65aa1,1
0x0efd6c6f42d761d47c67d2d4f697449c5562a6c5,1
0x0f0402f06931953bb9b5f16efe18ee5339ca7ff8,1
0x0f04a741971b1993366b544bafb39abad21f62a6,1
0x0f05e7c99047a37b0c53cc2c8fe16a74d06d8f3e,1
0x0f125b0433e1766f036afb9c9a4da0235db47e3a,1
0x0f159ade176bcde7a8a200a82e72302ff84ad6f7,1
0x0f1dfa867cd10ba52a3eb6eae732b3e423c67ebf,1
0x0f32b2133e9957f57e6f89fcc9935913a2063377,1
0x0f39dbb1410e51665c79a73e7b21b3096d31301e,1
0x0f3a3e791553dab3a44f314cd9fb91dc3718cadc,1
0x0f79708f13f763202cd5825332150b1b5c2a452d,1
0x0f3e7302ef60d061fc59f8d3292a8bc912f202ea,1
0x0f43ffa547463be338c66bf6f530bdaa9e3bc9c0,1
0x0f4459ef13897f9bdacc7107f7b7196e7f04a9de,1
0x0f456dfa38c14b245c3ef9d52f0ccf587e150ed2,1
0x0f4f6277a46f5ac76a6c3888996aed800c37476a,1
0x0f530e98abdb02b9f715cd317572166e742b9452,1
0x0f570c93b4b41492a4307419c906cf4afbea9236,1
0x0f6089717fc77ac104aa6f9295baa2708ad3dc76,1
0x0f613a51baf9ce1c8f7d4e06baa10a59b84f500e,1
0x0f68ce3fcfa9f0ae88690a1ba80dbef4d2c35eaf,1
0x0f6f49f399461c5c7ca8f340677df8eca173d51a,1
0x0f73b6750e73d4a0e8f8507bff28db4b640c3c20,1
0x0f76e39e914b17b26c2d0406c2f60ce516ca036f,1
0x0f3cbf1a9dab7b099667b874e0d0bfee8f5dd257,1
0x103946d58bfb0f2a926d9ecaff2f323f6cb88cd8,1
0x103e4730829a4ee2b31be8a4373edcf28bcf08e5,1
0x1040f698900a321b975d33b87501c3356aed8b62,1
0x104a0928bd467489fb5f51feadc4c8505b7e3431,1
0x104df91c01039236fac8602b6bdc51396738b7fc,1
0x105da7ca58726598a1b2da2f8dfa895789d7ed10,1
0x105ebe678efb247353210167636d0e38a99ce790,1
0x105fec895717b9291cec0d411699031983d3c6d4,1
0x1062d0659c3eed7fc6dd49a7cc16ecef20c45ab8,1
0x1063003fff40be4a208288c0e2bd95abfe7c10bb,1
0x1065a99904ce3f70a98fa6b2b8cfa4608546f66d,1
0x1078e1969fac4709cfd405efd114864d20a19391,1
0x0fd8878506b5b3ff136afa7f9eecea2afc5823d0,1
0x1087f16a0fb75511dbdddce6fdb88a3d16db9163,1
0x108a29c28ad2854d885c9bbf577744f8917120a8,1
0x1093b9ec5f9f3c29279fecb9c14748a6ad658d80,1
0x10947e284a69f7c9a104516fe835ef3b50876ad4,1
0x1096497e8f6f092bee1cd3aea029ccb59c1d4423,1
0x10969aeacccaf46c3bdfefa9a6aa7443d931e715,1
0x10a0b7d8a3f34f4a665f1f9468684346a403a66e,1
0x10a1239277a9d7451c7fdac8828ebfd64a8eacb6,1
0x10a67631ffbdbfa034084265fbe2207bb5fdf834,1
0x10af3a85ed971c5c575db0fbfd66d360fbfada04,1
0x10b345b9a1063868811b6929b0d8558313e1a3a8,1
0x10b4b52e1c10ef3d2b1254f4482072b87cfc38b2,1
0x107b63fb43ee3c2e1e2ac2f372c955a7d0b159db,1
0x0fd9d15fc7f2e92ff9080e8dbde5024f29e39c9c,1
0x0fdd2f547dc61560b5b58f80502c699bf642d581,1
0x0fe1d24bf3602be5f5f579e01bd9a38f43be6e2a,1
0x0fe26d9bc45af15a8141529ab2f689abcea43f79,1
0x0fe6a8692cf49250601519b6769bc0446bc1dfb2,1
0x0fea8ca1780a8294852ebca6c0e0ac060728d702,1
0x0ff1cecf1fa359811234d3d9adb46cb8c633a7d3,1
0x0ff5496f8f296bd584870b4754b7b532232cd804,1
0x0ff7ecb8e60a58671ebbe4e5cbf6e0eff3543549,1
0x0ff8cb2f879d2091aa87649112af85a68d03ebae,1
0x0ff926d24d45dcf991fa0e99c499fc0b7f3811b2,1
0x0fff92fda2b70bd51e72068b075f4793e2491d61,1
0x1039052c2f665f0e8a8ff28eac5be5a5bd74e3a7,1
0x10042707f2510a58effbcce341111545f6534573,1
0x100a0924f70f930d85b0c8b964faa61e7bfb3f06,1
0x100a93758be405bf822ce9e5b47e82cb83bd8bf9,1
0x10129e4c2331cc57165cfdb9a30c7349e0db5f2f,1
0x101464ff32700ff11e2aeb6fffae50c98f27e6c4,1
0x101d1c063c4667291ec979c74e5b7f686bfb9b3e,1
0x102034f86c893dcecd34be492c093a0380c1405d,1
0x102ad33d8bd26f75d7aee8bc18f99651d6177a8f,1
0x102f30b718ffe6a6a2e034562964d6bd7cf1ecd7,1
0x1031aebb2c8e0d7564f58788cd63179ae3eb059c,1
0x10351585702ebcb7f002cf3c00e3d2988e4ab45f,1
0x10386eba0ed7d20d53c99c625b24e701030c935c,1
0x1038cf4ab8d7ce568162519bc33e7a25b7ce8399,1
0x1000f161aaf2249d4312c287ffe5873dba72a03d,1
0x0dbde5d5ab80ef9d6c10fcefc57e27114f9e7d56,1
0x0dcb7e5853845e691a554440ec90f8fea50eca36,1
0x0dcf05ca06269d33353db0296f995e212bbef19e,1
0x0dcf16cb6e731b9671618069358da3d74f585212,1
0x0dcf8f4c71d69744c973b449896108d4ad975971,1
0x0dd9ed28ff9dfcdcdec3380e9dd032b5163e5b3b,1
0x0de4c2ee7a2e2b1a8be802624dadbf877565d013,1
0x0de643a45b06bc4d9f7a59e7c02eee0682a7ee52,1
0x0de7564fbdd361679a7ff2c574576624ec4ee5c4,1
0x0de951a23de8d096c0e34d781fed26c71ac56a03,1
0x0df26048fed878d501448437216c541ca96942c0,1
0x0df4da951cc595ed1dc9f7d7842a4460d360777c,1
0x0ef838844ebc8ae596b5f1ab186ff759b479ca7a,1
0x0e028492fa6b2fec05c7ad808138eedf2f11318d,1
0x0e04b6155353f49986e7a2b460f95a9bb89f8ef6,1
0x0e050c293b8e0b4871419e194c0a714a391665d9,1
0x0e085449f74adf245a8bae37a9c48a1250c8145f,1
0x0e08b68253693bd120a656e8c541f572a67cf877,1
0x0e0e6438f5de23c398d797b45f067479a73164cd,1
0x0e1021d7efa6b3f680631f1b81c8e7221b6bc291,1
0x0e1909722d09fe6dc0be9eff777c5f827eec1da8,1
0x0e1ab4aab2726530d739f34b56c8fb715762f5fa,1
0x0e1b9b1ed060b2e4548db587628e000019cc57fe,1
0x0e1c9ae364ff58f80336f39e48f8dd0400765eb7,1
0x0e2477e92eab5b7abf178b45b8c15d3496d7d651,1
0x0dfe6f06928bf093c95cd5eccbe386f458db9250,1
0x0d1b340e32226c5064ea4388c3e4e36bec95219a,1
0x0d310434e3571d9553d2a1c8905736acae44f36b,1
0x0d3ce247aef6fa77c6489af1c4f4393ec5bdebde,1
0x0d4294050f72626ff09c62b021b9876448f913cd,1
0x0d459f23f801c1833b393877d3835f4992d310ac,1
0x0d4a7e3faffa6165ae066ffdfc9aafe47a2d6b6a,1
0x0d4b9b738edad0b0c7451fe11f3eedf436c7db34,1
0x0d4c9cdfe31ba23bc7966bf2cf9bbecaa4ded588,1
0x0d55585a0119fc3bdb8767931cbc3daeb987d560,1
0x0d61e463fb1ecfd84f86acd657314c6dd483d7f2,1
0x0d64a935a5692478878d6d8e8caed4ad5c1fc847,1
0x0d66808e71b052185fa8ce83764245e93e340716,1
0x0db9f37688e220acfda35a5d448c3c5a02d0d3da,1
0x0d6dc6c2645ad1b1edd8b27ee98247a7a258ba6d,1
0x0d71abfb0e36529311ed22f94ca84bab28c25f44,1
0x0d7ece62174794d1f65965b15a21cf92e92d4b8a,1
0x0d931dcd9eed96fc6c151323231f262946ba790b,1
0x0d9fc44b3d1904a63990380d910efbfd6a668d02,1
0x0da087bd24feaaa41ea4ac04219e33eeb6d0a0a0,1
0x0da19cdbb523c31a7f55344b1b30efa35000174a,1
0x0da26055befb7216b136cfdf3e9bd48a28a2ff7e,1
0x0da2b97b441311a0f2c9a3c6b8c1f90ef40b6d08,1
0x0da4c7cc04eb91375449db07dd32d77309e43d40,1
0x0dae23cd48f765dc04544b5379265f2d98057bee,1
0x0db0be01d0f4ea131204852d19f1f19bf0be0777,1
0x0db6871b0d33925c3083ca289740c6e0e3622042,1
0x0d67b90f78165e2c69ed5e318e4191c76fca0f5b,1
0x0e91f3a183ec1675f3780613a007517d28506bbe,1
0x0e97cb6e01a3bde3ccecb3d4ed1da9d6bb46a8e3,1
0x0e980c0aaa714a2cf7878d390eaa4f03cd019c1d,1
0x0e98b1a1a1e2087e93e7d5f8c17606c8167dc238,1
0x0e9af88f4ee69ce507a77de292439ab530936c60,1
0x0e9e3498e012776aa6801ee088a6f140f6eafddc,1
0x0e9f33111812464e68b84f034b1cb877cb71a460,1
0x0ea16dad809aefc9701d5e198296b84dc8c4e26a,1
0x0ea1935d53b88794c1094583d576440b20456208,1
0x0ea2009d2c5f7afacb23697041bf82bf45afc478,1
0x0ea5032eb3d49606fd93a530f489c37c724c3941,1
0x0ea697e26e4271fe45ef93d0f71b38e3c10043f3,1
0x0e25c919c8ebee24b435e980f929ad0b14703ce2,1
0x0eafad1359c1ca8c673d72cc75cc97dc0b6f9f19,1
0x0eb081185b5e26e52332a1e42ecc612b00ee4f70,1
0x0eb311be5ef1322142f719311c306bdb9fb63b01,1
0x0eb4e00fd352f6060df5028be7422e7588d808e5,1
0x0ec3d8a39f2ddc1deb51cc688decb8a1d0a553fc,1
0x0ec69faaa97dbbc89a3ff5bbf38a2694ff6e8bcb,1
0x0eca1b90f135e9d3508f2c347d6379b98f0ea9e9,1
0x0ed17698448c069edb7655c7612756bc3448bcb9,1
0x0ed5554aca6e35a0293aea169c56ba205ca6e4a1,1
0x0ed701b9d12266e4a12ea8c5c7dd40be6e71143d,1
0x0ee56412d65e65e8958f7709a95ebedc84ca704e,1
0x0ef5b80de059487e495acd071c5818297bf677a4,1
0x0ef656692d18f660bed6c819230186bc5973c5e1,1
0x0eabb863f45b3911275039ef4392f3c95424d24f,1
0x0e26ca5bcfe8a4c6f6c2d9cec12302f648914e67,1
0x0e27115b8becf1aeb6f4d09be50e32bb63ffbabe,1
0x0e2ca58b6f892b017783a92a216579f2e316ebd5,1
0x0e2e95151c3dc4fa3f93a20d98b1ff54d01ce669,1
0x0e32fb5b42d67d446756c45b6bbe34105d37e062,1
0x0e386c4ce46755736389cb7ff907c6f6f7eaf1bb,1
0x0e3c8984b563063d7a134d6ec21423d6c0dd864c,1
0x0e3d2f676e23ab8988fe596ae22629598debeb0c,1
0x0e4910e315f303483de188945839e68ba0cce3cc,1
0x0e4b32e33d7ca8cb0a81eb2383cbb55ffd8d15bc,1
0x0e4e9c1075b15bc5f40b8436d535d5bba8dcc755,1
0x0e50b734366f276e591c8dd877ada3889a947964,1
0x0e910cff5f0808f38226c127881ecbbf12702c1a,1
0x0e546525b1dfbf6136af442088aeec35a0f73e18,1
0x0e59564645dab80b5fc1ddd6a1aa06c0fd68b02b,1
0x0e5e95f58097975fa41d75f09813641edda3c8a9,1
0x0e5f5aa4784e035af9fae726647b4ad9b60da40f,1
0x0e5fd55877e60729bed5dbb23fe0eecfba16155b,1
0x0e62d09a77ea8424f193b919ea0200d6b0e98e34,1
0x0e657555e84d6bcd165c5943fbeeba35fa464042,1
0x0e6873a28429961cb188fb03fd2e9fd1390c5b60,1
0x0e787f0355e7d4d247058e508ca172851e092e31,1
0x0e78ee01fb70090f2cb6c84e5d255db12d4c6606,1
0x0e84f4c472cd578ac74f6b5bf7a5eaa3fc837abb,1
0x0e87081a4f5c7135b0f0991afd66729b9503f08e,1
0x0e8cddef042bcd9959d4a28cf9af8fe0a3e2de9a,1
0x0e52976bed8b135ff71962669a36dee276b3ee19,1
0x02aab45ebf18d730f0814e6108ac039ce791b048,1
0x02b92c499cb0c5bca54c7a02ab02152262bc9d35,1
0x02d0c93820565ef136ef24a4d52083fb13c5948d,1
0x02e4b1915f57a961d9ade734b5f7f40ae7b13482,1
0x02e8f3996ead5ffdebb63d3995969eb97c318aa3,1
0x02f258ecb04777cc761dc676555d6929f50fc5f4,1
0x02f3d89758ef163bdf786f777740a419060b1577,1
0x02f67946959d019c5c0dd23846549701a0cf29c3,1
0x02f6d43965cd61114a8fe3b487798a9cf4f9e18d,1
0x02f89bdcc8dd53187b26f54a5bf59679676fbdfb,1
0x0306964867aa0ef59d9efd63081a32904b61edcc,1
0x030e45cfa654c7b860fef1753a350e0202704518,1
0x08e3997e502cf3a5bc9690060d2aafbbfcc78841,1
0x0318555f943a044d31303cce5e739000c4a9b660,1
0x0319837f467b77f279c0e039ad5301ffeb830664,1
0x031f0edba266b175bb6a42813f19009941dee4dc,1
0x03298d61cf38de928f88e9199f306dd0971ff8e0,1
0x032a7e9de61cfbc2ec52544f08e8d4aa44f2f8e3,1
0x0330ef29aca52f5480f43bc8d1392643932e427d,1
0x0331507cfcf164956dff15668b9f5c85095958e1,1
0x033b648a745d53e5e8f24d67c452a38de042d5d1,1
0x033de2e1de57b6c924c960434a630be2132c209a,1
0x033f2867a9b06a10614160f4e7fe35a16527aa0f,1
0x03427c4f755620fb765c1ab73dddc969282e4957,1
0x0343c3d805be2517d7357d1c140267feea5cad81,1
0x031786f046530b9338e156afc8a90eda432d32d7,1
0x02362257d1ac360f7e4751d6d8ea8972e95f8a24,1
0x023b8fb9f0d4fa3d348a634117fb65d0be2715a2,1
0x024096ebe7cdf920d86c089bd555fc29c8215ddc,1
0x0247b6983fc60f9a148611903af10978a5e4ba14,1
0x02488642757da38b3181edc66edd70bcc3bca1b0,1
0x024d10bef94d9264342fa979c48423124c715b5f,1
0x025f44d9e5c58b104d689698cb4dd67d2239887c,1
0x02635e68c46d9c6fd11b2b7a22e65f92b740e81b,1
0x026425df44ae8ee0b2a8058176e688d2685f544f,1
0x026855893056a83359c02ca32a07231b5757f1af,1
0x026c04836305ad6f9ec69fe66261b4374506b87b,1
0x027192bbc324f82887dd20e637c10e2ea04999bc,1
0x02a8bffd272a055e5ea2ee923774bb00ff40986d,1
0x02752bed037ea7d6b0fd318dfe186bb868c6067f,1
0x0275e8ac621ddf979eeea57deae215a501209f17,1
0x02764495ebca43d6ef0e7bf33689a4ec587f714e,1
0x02822f58c47178a1a739a6afc79982fc51188ff8,1
0x0284ac071b4bfad42c254430fb2c30f46b24d674,1
0x0286e6e9f7428618b83455877b8a8f6535a70e96,1
0x028dde96cc9e8e23f0b8beedf07ac96c510ada81,1
0x029189f5f05362a7900b8b1352af19c4717fcb7e,1
0x02976b03d0e1b52ec60ceb1d4ae9483b8ef9242a,1
0x02987e468f3794279ef8536a8950ffd95d8ba0ab,1
0x029d63e769aed5a91f49248a74c0949efa913b34,1
0x02a155a5039c3975302ba804d66b4e89c1a9fa1a,1
0x02a21954968eccbd099f4f9ea2198d20f58ef113,1
0x02722885f12df2443e66328279b98bd13c90a817,1
0x03d506e127af9563f7ae5837c121a202f044b6d6,1
0x03d79f34213761ef3b3180db1b2d95c62aba7b61,1
0x03d95a8974b0bd3cab8a15442b9c397c3110264e,1
0x03e5717d99ad3c2a293e5347da89fdefe49286fe,1
0x03e9254acf79302b7707f4407641cb31f502b22a,1
0x03f7021c28db495d28b4f6ae61003d42b5b4a110,1
0x0402920332f9d6bb837b4dbc501b6a341b719818,1
0x0404759374f7a21ba1d1afba6bc297fa2a331d60,1
0x040feca66dc17c846623a80e11d7b7dcc27088c6,1
0x041095ce97230b4549d45a2d190cdc2b4a2b5b27,1
0x041195c9e6b294ee3482c4a2221b2e22abb7a6cb,1
0x0417f9a9470925f0f8d556d9e2a54160a87c706f,1
0x03450681e5e2afdd53ed2352b90c1fc5d95ca86f,1
0x04222bbd64da72e87f5b7f1c9254a4f6a6cdb8fd,1
0x0433dcb8d76f0eb5e62e244beba7ae573acce675,1
0x043fa24c9bc9c8b5696c8a98ad05bb509bcb8d9a,1
0x044020325838f8d828f1b68c5f8cee5f9a09da98,1
0x0443f70a7c57907d79e643e12443adceb1400314,1
0x044a722030054f4bf940f227339b05b7ae5dc5c6,1
0x044d7dea7b4e4a5614d33b9d150c481161556904,1
0x0450221bb3d1a80162358d3bb4da7cd216b15c46,1
0x04582a674d66892a1f42231ffaa8a925e78dc254,1
0x045af08b8019001c00787646a6b2c8ead55c54e7,1
0x045ceb519b0e9df5529d1919bb140dee10b32a0a,1
0x04674c062f86e1b307a7669b0b91cbb4e1097dee,1
0x041ec55f6eb97e6e886f744c0bf5ac32625406a6,1
0x034bdb8db51e0d9d9057842adbe8aff88ddb25e9,1
0x035a236d8592f7ac53aa7b5029a3bb4e37a9d698,1
0x0364f736e4aeea6ac3f21cfb6a46ef0f0dc64699,1
0x036adcd99b1432cf264e830fd5227c48c4b760f0,1
0x036cee67a7558f60bf18a92677f2c606b2e8081f,1
0x036dd3b68cfa384304dd582ff8e1e5ccf436c2d0,1
0x0375746388bfb5186fa0c64676325b36b8283a7e,1
0x0375ccbb79e7241a9c3355aca1a815154cc8ed94,1
0x037763852a370378ed5b1b55acd24e0d9dd17cfa,1
0x03782c4ae5988e29f16228c3da4691d766212b18,1
0x037a449ab60b427d71816b5c35db1ad864673adf,1
0x03801597e5f1e263365792b1470c09681a8e6f32,1
0x03cff044a536df4f6ca1322873bc6f23cf47e57e,1
0x038b3ccef1565fd657d17792a863b8516812583e,1
0x038dac2d71452983dd17178f5c37c5912f644692,1
0x039317207fec25eea334caddb9728e5ebc52de33,1
0x03a9e890725773faa2e36d1ddee7f254aee644e2,1
0x03b34b0198d3b92bc26446b86096f366109d5e7b,1
0x03b4c175802fa7570a8d9a3d2503bbf813dc4cf0,1
0x03bb41acdb7c170ef56014c2fe63952b00785dd3,1
0x03bf9bb65d72653f538c639945514fba1d7b8c8b,1
0x03c6a31b04cb901741654a5026a0ec57633f2ae4,1
0x03c6ebc5d9b5dad052607d3833d1c8a6723c94e6,1
0x03ca1a4c8311224153e077744fe061bd4fe68786,1
0x03cccc66a7a8a4dd494170433d51bdd30e57cc3b,1
0x03cf8aeaf2e6bd694605a3f915bb32b354a0726e,1
0x0382f509c76ddb61b2e433ba28a947116fcc22d2,1
0xffc9cc2e4712497155af0d51238c0ba468e26f94,1
0xffcd208babe524524bd149b06189d4259703ee08,1
0xffcd52aa0ddcc23277bc4b0bfd90aad98e60e1a1,1
0xffd4aa06c236b3ce19f523ed3d32f2947ce12e34,1
0xffd7030b9a2005ac13a72549c760246fe7cc5a02,1
0xffe418cf41cb1c409da858c374c9a6a2e2ccbefa,1
0xffe55d878f234a89755fc0fcb6a9651b1d814c27,1
0xffe9421414ae4efc020dc7a66ceb72d0923f8db6,1
0xffecf56359e926e433041d54f8c33e27be4fff0f,1
0xffeda5e88bb965d6344fb6c708947c8a462a806e,1
0xfff19b50c351e08821f0fec646afd2aff7a3ccb5,1
0xfff90538fd6c9700b9b243e49808095713a5e991,1
0x022b36d0dbe0da5359ee1feac2273d0c715f4f4d,1
0x004d9d53ec72c45af9144f44cab1d7fbf9af5337,1
0x00efc51814f25947a490a12c308c65b41ed841a7,1
0x00f48eee5469e2c6dec1ccbdc5b3df7a0bb6ecdf,1
0x00f6fcfe9086fd1bb1a6de93867fa35f18700ad9,1
0x00f78d8613a56ae1e1c5ce6476a45bff2350d7c6,1
0x00f84183afde24ddb547e5a021d53dd6f9a8f166,1
0x00fc39a99d325d234b13fdd46ba135794c9df5f1,1
0x00fe85c0cff755d41ef9dece2a0686f535bf5ab8,1
0x0104948b08f22eeefde36366f8dee7565dbac6a2,1
0x010f193bcb3b70bd3793717f75219f4aaa58df9b,1
0x0114497ba7f92fbd963f110bfc8a76db59110b90,1
0x01154ae8ac13654839c3ae92705da914b624a3b7,1
0xfffd0e6e5587db551c79f007a84792977e0e8ac1,1
0x0072bca56d21aab566539e3c7d1e2ad2a8a3444e,1
0xfffd23ba48219c9e7b9c3c05d670f79fa3ae8b45,1
0x0005942f86bb2ed7aecad8f7dffa48d00e5c63dc,1
0x00100c4e03464bc96e1ec44e4279baaec89dfbc0,1
0x001ab317cb25345c21d7dabdf33a97152f503592,1
0x00368f206ed2b7293dc7965d759a09fc7c9439be,1
0x0036d3c53290f18d548b2f0f78716bb092031578,1
0x003b3694a6f536303db7dbc8ab7dbda7e761cf95,1
0x003f6a7a652778af2ca1b575b7007c162e17ecd8,1
0x0041859345e7672ca4d745708fbe2efc873cfabd,1
0x0041924026b6415b1310db90d791cd51515544ce,1
0x0042a6379395af13f15a8e720baa6c9ccf51a0c2,1
0xffc4ff49cc8351f25660f2254cb93cfb3b235130,1
0xff80bd32aac6396fb3285dab0d842cf15a84fbc4,1
0xff8574a77062f20b6dff92722071e91eced0d5a4,1
0xff85b51c12d2c017684e455428f9a7741209d86a,1
0xff89dc4d9c3d52232005d5f66910fe97e5a5541e,1
0xff928b145770fd3c56cb212fb88fe612427db318,1
0xff98dfa4c8fc5cc6b220fea3d3b9639a3faab3e6,1
0x00df5d2933108d088725357b0fcdc2abf5a3e17b,1
0xffae7f6df662f5667f5fdf370101c136fa50c4c8,1
0xffb610a3bab762294c8765538deddbee112021b0,1
0xffbeeeb59d8f42900b7701c86eedfdca0746a75b,1
0xffc0c992306a71025bfa8d26d5f1908f15dbdc9d,1
0xffc0e5eaf0d86b9ea77348d6221a46d9931d67b7,1
0xffc4a5b4409e39ff3172b2cadd34bf38b8bb64b0,1
0xff809c69554ef502142733babe1de9f61ac397da,1
0x01b1b8d7c5037d0157c61f84d5b17220a353808e,1
0x01b2276c7def05adf46671c92f1bb6a9e91f5c92,1
0x01b4b085b7270c4b7ceeddcd4b441c2fe5337825,1
0x01bdb5a870fc8a572f2cb5416506d1361bdd67ce,1
0x01bf27a12c1bf57cf773afe996de20bb9d6115a1,1
0x01c1e45556dbfc40b5c143d0503412899caa98d8,1
0x01c21f70a28bb5e2dcd092b33f80e07394452dc7,1
0x01c6370b51e75979ad355dce05f8b68e90fe05e8,1
0x01c7960b5e2a2acf38cc9f131877a82e781b2ab5,1
0x01cc9d06cc6c728e9d0b6bcb36b9aa3f5eb21b9c,1
0x01d5dc158b49007a1bf7cc4fd4ea8eb038315991,1
0x01d884f76ada01b4c7a6ecc7737f4fd34fae8ee0,1
0x01174ac92443233bf5a864b02fbb544b71c6a065,1
0x01dea255c27e8c8c2f7fb33e01972d856edcd770,1
0x01e53908d41a78414bc4bfc34b4f7b2c4b9971d6,1
0x01f0524be74d0a31b625fd855d1557436a4922e7,1
0x0204645d7597961d1c31d14d7a6b487c8fb6aca5,1
0x02084e60d5effbebacdf38f994aef0ecdb4822dc,1
0x020c39e23da3dfeb6f37789b63312d7fc966839e,1
0x02150a4a6596c284c2c040e042e087ab76da98eb,1
0x021a3322d10b178ec2891e956018d993c687c375,1
0x021cbd6cdd20ab98cbfc79a220bb7a31d3303b2e,1
0x021d26333bb951752e19778f3786e64636c4af6f,1
0x0220a3ca2d3ca34dd4ea6c83aa08d334214ee18a,1
0x0222e5d63525f9b195a74b392648b74cb0462523,1
0x022621c61facb4d7ed7475234fdf2bd8e00791de,1
0x01dd91458a93f48b1aad5d141c45c0dd971540b3,1
0x011c075db22fc9ee57a8086cb97054333b829bb6,1
0x0129094dd83221ea6a58ca03ae1d87ed7f33fa1f,1
0x012e3be56caee01ddd993dcd9f06a6a63dd87c51,1
0x0130b0886e4edf7f070390fa0a192a1329ff988f,1
0x0130f1e82f6567645ebee845ed3a15b73c2c952b,1
0x0131352dccd0ccc1101663b2c44ee217c9b99d68,1
0x013717417427e27e1ddd4d2039b277290f68a96f,1
0x0137791b49d8406107d07a62d1ea1cf98a779b2e,1
0x013a485e72efc7f4884d199a9e98a863631f8a1c,1
0x013b6710d50a1d3eb5ff110d00daa1ca905b781b,1
0x014336afd57cb3169aa351551eff3b613db9a3e2,1
0x014aa08efab4e82136a80d97ed8cf1a8f05c147d,1
0x0198f79074c20511bbbbfc5bb7700cbae937e61c,1
0x0155c94a0ea32e0ed89935a22f2e4a55cd6521f0,1
0x01597bb59e307165c7f3970c3e42ac1184bb4dd2,1
0x015c6944402e7b3f6720425a456c3388e05604b8,1
0x015d0849e0f79db6de204b00151b03b69e0e9ad3,1
0x015d99ca289598006d46d0f165f3e9ed7abf7301,1
0x0165e3152ee16ab7209a85355bf87d95ec0e104f,1
0x0168ec6c7c3146146e79247524841d8e7a3543dd,1
0x016a5b08564862219beec6b913ae4201463675dc,1
0x016b467b25e735fd934e7e5f54b926cfcd833a64,1
0x016ef81544d17ffe223a9e76f5d5b8568ce3d3ed,1
0x017f2ad6eab942f1d2399a47d6e2d1ab622be4c8,1
0x018dbdf031d65e0355f77156d909127a578d266d,1
0x018fbd1f6ed146661cc097fc26bb8883573ac126,1
0x014adbe38ba14bf96279cc78cdddc02be4acba34,1
0x077d1b451b33ee804e6912123a8b91fa0fd0ce03,1
0x078299a92ff6757cb90520449b07e5694196ef3b,1
0x0789191e01a402d478bae2790169edfe4abf1273,1
0x07906e4eb2114bfd4b9f201cb74f7dd785f2427c,1
0x07940c68b8b56fb672b7289cfba6d46f7345820e,1
0x0798bb42c5fa4ba5374ab93e796cc2348165216a,1
0x0798e7e3caf965b76a18e966ff2a403fe3ae4f6b,1
0x079b6cc66f24aa292a93d3e3968cf844d1ab9a2b,1
0x07a07da6495f9a65198ed6aff83441a93a199419,1
0x07b0ed5b4958cc7e19ae323dc0bce3ba80dcc9fc,1
0x07b2cfb7674876fb34eeed3248e99bc63d238f91,1
0x07b665eee139a3016602012520c1fdbe1fadec32,1
0x0468440d1879749e41ad1afbff122f013f459f41,1
0x07b6bdb211936a5d311ddc20a2bf3cdaf88a8f71,1
0x07b8fdc07773dfa6dfe915df20b9ac7adc655d07,1
0x07b9244430bd062b152c6265cd554ceac3962dab,1
0x07bc709472e4a4d0968f23e8f2dfbf7b812587d3,1
0x07c0521f79a7222bcb07ffc7ec433f791c999974,1
0x07cd637bf6e073d18454462d1527a57314b61ea6,1
0x07da0458e743f85a214a298cceac85eb484b36e1,1
0x07dd5a26196353259875fabef96c35c2d0d7fbfb,1
0x07de13f00dfd7304e5cd8453d60617493d0e77a5,1
0x07e00c4c6a6d2ac5ac69fc26b5ba0b0696281b11,1
0x07e527296d2e7f64f091f46a5b09a4cee7ab1f5c,1
0x07e80931f9a851ceb8114354c8226e67d0964c72,1
0x07b6b65306235a6f9f55efe491066ac04eb8b1e6,1
0x06df61daae8ce85fc28c370bed69a3e20f8695f1,1
0x06e3e3c906b5bd0fc2ce94faf6073e62ce366c70,1
0x06e608bfc9ab861a3dc00f67d2ed639d5d08e956,1
0x06e7e8593fd3bc37919fda3fe07a591a422846db,1
0x06e81f9cd4803b873e1410f523bab09c96a64011,1
0x06ee7d849edabbfff5985933782c69e3f4560a55,1
0x06f116602a0e90eb6f614549f6240b44a311797a,1
0x06f2e2274b29f4a87916eaec6a838a968d34f14f,1
0x06f6562a520a04a6af12d6392b7de829bd61bcd5,1
0x06fff58ad5977a8314612fb441ea5ba634c76c5a,1
0x07000622b4a29218ed8c99dfd3387331369f1314,1
0x0705832e1cec2198094bc0e61dd634151c7fa299,1
0x07753688c5e2c2bed3b67a7547bc587dde6da8af,1
0x070e4948fd3aa13e9dbb78e001ab6ab2e5ef6634,1
0x07100a75a426253e28830c6af395305585f0ad8b,1
0x0715fe11bfec9c3fe3cbaf1a57c12cc754375088,1
0x071e3af1609fac6283a1f85a012329b820377376,1
0x072098b97eb138453fa6414e7dce2a3d74306f06,1
0x0722c47af341ce80ff927aa5e5b254e401697f60,1
0x07304a6106fba787a140a67857dbf109feb6ac50,1
0x0733e31b4cca15115b2749301c015b0a48bd4b1d,1
0x0743e1b607472aba2bb343d124b4dd6a14f6a115,1
0x074ac63d3eb88c45f0592d706c05979220af0214,1
0x076ab799be9d31d3b34ac69a8a0d001c2fbd142c,1
0x076ad94811a2f1e1203dfc47008153bc78196490,1
0x076d9bc2d3b4ffd6aba792b7ef9ea157e98dcce9,1
0x0706cdc8ac567be9cad9aff2791bad133b70b45f,1
0x0872865d1a6219f3d7ec13cff37a892808a4cf88,1
0x0872db66463066e632846d0bb80ee7da5cbdb970,1
0x0875c18e45785a7c3802beb904160248f15153ab,1
0x0876bbbfd53407755916ed935ebd9203286f4350,1
0x087a89c5c8d2bfb4ab38b75d752617f0596f5aba,1
0x0886079176f238aa6e51f5dd9e7d760d2eb2733f,1
0x0886ad33ac26e86e2b7532583a5c1366acacb3c7,1
0x088c4e6b1cf53171184b35e7f3a4a39053286d57,1
0x088c8e87267f45e3b2ecd83fd9edc0b6580ab160,1
0x088e8a81480fbbb7cd2e99fceda804b560d2ae84,1
0x089a7b49cecc4ea6813b76817b1b08b30ef913e6,1
0x089ecbcf434844483a948b2209eb20a83a7cc62a,1
0x07ebcd49caedb20642a81ec05a10d07032a148ba,1
0x08a3ed190f6f91ef7b5c587d1f42731fb319b836,1
0x08a9226a7d7722ed872ef1ca8ebc473eb89fb0ce,1
0x08c27ac82649479555801d835996def9f5aa75f0,1
0x08c285ee7ada7dda331c652cd634ded916400ceb,1
0x08c4446060add903e17c1211e55ccd4fc63ebd8f,1
0x08c464c94c9d019749213226e8f630d19cba65eb,1
0x08c8d7f39d203c1fc49ba13662064476b11afba2,1
0x08c8f43b1931d157d06ec4a77361017efe51314b,1
0x08cfc2227d88c1ff7dcd68f4b92d13827096ad0a,1
0x08d0b67113f35a59c401388189b697cf995c402f,1
0x08d61dfa27485ac135e7be4924ea6b24636c83cf,1
0x08de8b02bdb3288804555b5ef18d8f6bcbf67d51,1
0x089ef5a08f29ecaac9cbaecc152040fb9f464eeb,1
0x07f339a714c2ff226d1f362be0d90140fb22598d,1
0x07f360a39a47bae372489313420c7eb507c209f8,1
0x07f4186aa4e5b008403da5f5adda364c8db6e6ee,1
0x07f65ad03fd2c55ffbf6ca04240777a66127cb7e,1
0x07ff837d1dc677091f665d7eb24fe94ad1f8ebb0,1
0x0804a0847213db5fddc5203e839dfbeca22a8e43,1
0x080b38d3b5b4269d3c1449d27766cde7e09d5072,1
0x080c423756c5222982825bafba3e4e3969cc327a,1
0x08115e1ce5b192732c79fc915853ae92852e1a17,1
0x0812f54fe96c3b941e3fc12abfc12fc4d8ce372b,1
0x081a04c08ba6c684bc7fc5a578489fdfd3f4147a,1
0x081a52563daf8ac83dc1e77f7572019b51e773e9,1
0x086e35a95cec6a88fcceff13e887575f90362833,1
0x0823a3456ddf29e709c72b42bd51c841ad333b99,1
0x0824f0ea3c2ea9aa473b9ae68a16d1978244670b,1
0x082835788a0825188870541efe871fecbd4d3783,1
0x082b85cb2c71497edd1a3fb8a4c5e34b305c8485,1
0x082d0a44988e23ce15a11da305655dca47b54fc9,1
0x082db49182e620d3da0756a06d1b81403b814bc4,1
0x0836d6cf875bbfdd4f55cd1d6b22b87be1cb7589,1
0x0839dc2177bbbafe780a7979ae4705c5327322a9,1
0x083e14b302bdcace9c3282e3cc78cde4f888213e,1
0x085cb5792331795aaba78d65da05e654e23a378b,1
0x0864eaaaafe6f911f285d46bee46df81425302af,1
0x08657b395fced79a0aadebadbfe9107c7d03dca4,1
0x0869578d18a7bd3b41c5aab3c34b3e3e6be8eabd,1
0x081b96410254ee70339dfc8be76c65d2ed2c39af,1
0x04f47196addf8842c865a1a95b8deb481ebd7536,1
0x04f859b62b22da4b0936c627ec8cabe86d34926e,1
0x05084cbafbd1ae5f1daa9cadd9e4cc93088da17b,1
0x051411b5c6a57a35bae131eed5e43d7d037edd95,1
0x0514d1a82056094468d67865f890cc4aa796c672,1
0x051763c3c9a16909ebaff698ba51571d7af4b812,1
0x05187f3a3605dd3c5bdf5b6a808f323289c31ee5,1
0x051c560654c9e53a1ee75c7d92e4d304c0614faf,1
0x053aa23c9cfa713ab876e94171c41109ebbea4c4,1
0x0542580514edb507e08e75d3b9dd26020ba68d5f,1
0x0549d791dd214beb831eb731a1cab65481e71f51,1
0x054cac1fb3f032b5e69f03f8d0feb4f1992e6b25,1
0x06dedcbe0d494bde4b54d054569f031f80ecbba5,1
0x055608713760370ec1638bc3521f08ad27d59af8,1
0x0557ae2ce86d9395fa5b9e07ccfb18387ccfb693,1
0x05587f1e8322c59e2c7a7a5e4922611dfc9cacad,1
0x055b7300dd41182b0c4ff50278a7e77ddd8656bf,1
0x055e752c47631caedbfaa958d2bedbf5534e9be4,1
0x05603fb63d7b2a4b361a6717d2647df45b75cc5a,1
0x0560881173f153a752da528103fb58bf635ad227,1
0x0565a3ab4ba4fe95431f22ea2bd60a803f1c8a11,1
0x05707f4c0883f3edddbe03c3938067496b31df47,1
0x05713e3f104360e9274f1b47e4d60da48b0fbbbe,1
0x05734aadffd33438e28452de1b6392c485e340c0,1
0x0574a9a2716b92f85bced7f6d1e8a11cebe24ef9,1
0x055472491ac9ce22f86fe925d861bcb52eb691af,1
0x046aeeba4642dbfb40e9262d56e66292b952bf93,1
0x0471907217617efeed04c8ad8789771c7c76d1b3,1
0x047286dac4160d40232cb640bfbeb83f1afcf86a,1
0x0476156aa94537d1cdb7b16b234f55770b33675a,1
0x0479497dec5a34edb6bbc1620b1aeba188dd76f6,1
0x047b8d5e9cdf044e14d00ce861af1edbab99a596,1
0x048911ff794f7392c185f8ce519e2a0cec1af658,1
0x048d5557486da4bc8fb9154834f06c84da2431a0,1
0x048e4701f33117337fc0da861e640d6d65ae3641,1
0x049001af34b1a09bf3c65012594087e2fdc2e798,1
0x04964914d142b2a4fa6198653f0348be2f445d7a,1
0x04a4d9c6e278cc92792b43a95c6bc4f387e4f577,1
0x04f1a5bd605d6e6b8462e34efc20cb05c657743c,1
0x04aa9c77586697e1cc8028a374d8b67fd3bdd2e0,1
0x04ac1c00571293b40e2ebfe61cc0d2a786538011,1
0x04bc3d9d82b42d55f17dbf6c6c97f277078a2b91,1
0x04bd4d5d3a27e7c79dc8f7e8ff0ae3ce5bd284df,1
0x04c20bb303a76b9ed293294029da0644f6a8bdc8,1
0x04ce6f1cbcd7853dc3640831fe73119573dd624d,1
0x04d529fe59a384f67d7691bf2c3dfcf8d1e60ac9,1
0x04d5fc4df6322dc0539573b4ef64662dcff335ea,1
0x04d7916bc21c184e06348ec75303f2188d6c79ae,1
0x04d7cae549872ab4d8a1c32714283a3bb76c07d1,1
0x04dbba7d1f0b41752ad9d78d47e8dc29f51067dd,1
0x04ea1d13c9723b83a203d932a9aeca8dea009be0,1
0x04efcd4171102d6b9bef573f2e7557f9e23c0a6f,1
0x04a536afa427ddcdcb5d931f3bc394653b110343,1
0x063eebebfb6228d2e21f17dc42dcad8309dd793c,1
0x0649e34694f602c17df1163c8d03fb9edeb7c51c,1
0x065d280b59b2c7d83a2614b760417a1f0c171887,1
0x065e3e43a9b8872d4d0015aa8f4be3daa5bd0a9c,1
0x0665e0193d81657af3541d255480293bac54193b,1
0x066753780a12bc27baf6245a846d57ca161d2e8a,1
0x0671745eaf11f301bb92ae2b5abfcc721a3c32c8,1
0x067db4d08586a1f8d789a001c67ceb3f4226b4b6,1
0x06833f2dc8756b5fcc5e300ab424d743105c7e34,1
0x068376c188d27d1e336b2f8abf152e1eeec638f1,1
0x068459303216e9a2aa03b1a6e1e03d9e97b7ac7c,1
0x06936913b1261adac117915224f52f9bf4e1ad88,1
0x057de99f06151850c75aa5880515f90efe2cc427,1
0x06ad1a9e2ee8909f945d9a737b463ec6f3a06593,1
0x06b1cafc2f905e1b689b49857f2860554760a616,1
0x06b6f5616346a0f4eaac7555e8819cca28e4a236,1
0x06b7bb14e1cdf12d45453c13633fba2257e3a01a,1
0x06bba4f04e7de073959de84ed59f50e171c3ae1b,1
0x06c4ed1386fde2f4bae49da27a729b4189c9ab7e,1
0x06c7789dc0ebecde6aeaf0cb18f14facaaa51f41,1
0x06ceea118b718c634a64f9c9525b51cb1fd501d0,1
0x06d0dc22e04cfb52c0d961dbba71525ce03efdde,1
0x06d1f460eedd5ea22f03cb932a71f98cdfbba599,1
0x06d53cb40a06697fe2fa346df98eb4e667883999,1
0x06da835696929434aaf59a567510fa40be8c4184,1
0x06dbe517607bdeb45e9e0109df5d9b60bacee971,1
0x06a9681bbc39626d7ddc84600681cc22c310f336,1
0x058a9cf011ba67d2fbf31e739a2dbe5f6f6cdc14,1
0x058f96fac4fb0b6ea4f49618a08234a953a1456f,1
0x0592ce110b5b997db1b79a79d73e2099fe6d532f,1
0x05a2adbe6eef46aba2edd5442be6c748ca458f3e,1
0x05a97b05b78aa2e03b0bd82dc82edde458fadc56,1
0x05adc038200b6fe14b3197733fd47effae96fa54,1
0x05b11375b7ce84e1236bc716eb7ad6c714eca955,1
0x05b1a1daa50b91bc07e2e5cfe09f0d0e86236c11,1
0x05b57919771464bab37e9360cc5be57c6568ff6c,1
0x05cc289ae04c8d792550b297d351bd790fc040ce,1
0x05cdc383104282b0508cc53c6fa5fa238aaaf50d,1
0x05ee7c2cd9abb14f9b397b1f9b979a4ed9b4d761,1
0x063cacf2e29c6fbaec68948ef1d60337aea4efb4,1
0x060a0e631884ff0c7495c3925cabace03761b2d2,1
0x060a3513622a3e5d76c6f6b5a72ddce12d054bd0,1
0x060dffca7328c2ad4beb70b9737f2540626bda99,1
0x0612f62d803570a6b1349a8e44502b42beb66df4,1
0x0619ac2b0d73c548a1fddcb8760ad94336aeef20,1
0x061a49191db51ba284c656674f1fcab37dd0d9ef,1
0x061d0e411b6a337cd40200089f803f278ccc2163,1
0x06255177411b5d4cb8720d7c0fdec040e6b6405c,1
0x062a3decb8ac4dc6ecc31d136773a948959e6846,1
0x062e9b5af02e81860a8fd5011607d45c407ed213,1
0x0634475f81c9d8358f1e914724311a27b01418e0,1
0x0637866297f4ddb32d1ef7b817140baadc3f0056,1
0x0638d5f042be6d798ce3df4a243c5c09934d90f9,1
0x05fbf2bf64ed4e0ea852e377623689337291d635,1
0x1b87381b2bd8e863b765358c49deefdbd252a70c,1
0x1b9482d112ef65013aad759ae1c44d35fa86bec8,1
0x1b9eecbe637092efae10b2ab8482b16db94ea621,1
0x1bae97c34b302e81ecfc32e322d63f05bae0ac2a,1
0x1bb6c8bdd01439ef69bbe67b45939e74ee8afcb0,1
0x1bbed1e898e91c25ba4a2af60d26ee22b9cfb57a,1
0x1bc2a632ecff70cae1e0f3bc79c5765a478949f6,1
0x1bc4197c158e7d4bea8880a8edd59c0a6f734344,1
0x1bce2f75f08d4d04f42c97993fefc69c7f83d876,1
0x1bd098a5417e3893edba0c00b3e5e57f0e23657e,1
0x1bd225842d20900440d6e709acfd8fe05354cf7d,1
0x1bd2e43f8d69609d9365e86156d5bbd29e2cf9c8,1
0x10b5176e9d45bf1de721c4520faaaef7e6a4d113,1
0x1bd3e475ff49f374db5e9da9a8885c3bb0d0711a,1
0x1bddf7a406bf05518060531075e29fbe02b7e6a5,1
0x1be2fdf26b7e8b7c43ded69d70964a98d9d0f3fe,1
0x1be98f212d181d1adb5dcd20f7489e68ed1ca191,1
0x1beab7524acf8b0b5114f00c92c2f8b96565594d,1
0x1bf153f2b569787f70cc01f652b66bba2efc2540,1
0x1bf23afdc624b64ca821baa9bc62baee0f7caef8,1
0x1bf733e2cf9a1c90287872e76f5dbc79820ff7ae,1
0x1bfa065387127067d5e528015b27c83d0abba15e,1
0x1c0203c8626d8052eeba9f819b86f700c5f8ae96,1
0x1c04a5c4b2df5d59fb372f8bb5dce81f3d22a3f9,1
0x1c067c17ea56298ff39d65a7902de5a9dbb55e3d,1
0x1bd3dec3ee2e3fddf6c4c052d0a6baaab37fb6db,1
0x1ae119fb6a8b6b326e1a04ceca6992040ec3e44b,1
0x1ae12eb1d3728cf14e9064e4f43d5f60507a1f63,1
0x1ae508020d0878d4f5a8883ab6e042f6f6f9cc0b,1
0x1aee987601c3c40a2ace914115d0a9d3af50d582,1
0x1af20e1671ab1f3e2b3223400472c5a6daf3b132,1
0x1afd1edf543ba57896ecc53df4561f2d64f4db2e,1
0x1afea04d85636877c31ca9e58b6ea6d4fa51624e,1
0x1b002b0f9ecb31a150d683ae08c32700d866188e,1
0x1b006210db6bb0f9c0da84b59b2db33638eb07ea,1
0x1b0583415c5e2806b72e911351db152dc0a1fc84,1
0x1b0b3c180ecaa6929815a4c40af6f976aec17b35,1
0x1b0d4863b0260f35ac8819ad84e0506f699bad5c,1
0x1b7672096396df55606ca5b292e5e238b50b3169,1
0x1b1af8af0881125340506f70c0a3fb7b2b9cb8c6,1
0x1b2bcb9752b02b2d088ec27321b78356ed63c343,1
0x1b2f8790bb2863f9e8f21cae3f062eaa10ba7fa4,1
0x1b328d8bffda90421c7f0fd02f9ab169e186c72c,1
0x1b36c56db2bb1ad1ffe942501bf204c4ab6847ee,1
0x1b3bef10a314ee8b9ebbfb64c0ab081eec0ef2d4,1
0x1b421150f286cc41a64d601339ca58b1149e4783,1
0x1b4308c3471d35bc8d12effa5c20b3610e6ed65d,1
0x1b4aee487974de82f1796ba3a79183639dc2f747,1
0x1b4d83ab438cc3fed9bc8ebd0e43a3bad0bd3cc9,1
0x1b6e04b42a53fc954aad921ff730fa4712efd43b,1
0x1b720018545dbac145024912c583731c3bf969ea,1
0x1b7218889b5ab03f7845d776f4809041a8e6d3de,1
0x1b19fb17f7478aea7340168795d9f5dc8e15669c,1
0x1c88e8490c0e9322fa9c4b0fd2454ca14533709a,1
0x1c8ae7552e72f64def196f236df4f89be7551cc6,1
0x1c98dda385d85aa6d14c953d10a06e8e5f73566a,1
0x1c990f08214561628a04fb8592147dc18dd82d00,1
0x1c9d5092d1882404007b33996fb5e3e4b278ef7c,1
0x1ca0d80f67013cd24e9454d3adf0c1266eb7beef,1
0x1ca108627b6b32b3011e0e589afa10d87b336043,1
0x1ca3542032a2832eb56dae2e18a00f2ebc0379ba,1
0x1cad054731f4fdc7ba31f7c2432fa25c4e37af6c,1
0x1caf279e0c10a9fa672fa2aedc9ddc4971c885da,1
0x1caf9904768a2c911575a9ba51e9871c67430139,1
0x1cb2893f322a7008bd13ab9a1e263067ad753e3e,1
0x1c07dcb03d5eb606e6b2d6c3eb1b6f23b3e1a418,1
0x1cc115c0f8138281afcb786609f70e3f260beffa,1
0x1cc6b3ff2b7d9388f7c5b64b4f3596e571848ede,1
0x1cd64dc166a25be8f0b3385e3c316c1f082d375a,1
0x1ce0b33bdcdc3afae6c2d40149f51151a06f4f84,1
0x1ce9e801ee5eb98999e09e606f640f94ac9b588c,1
0x1cf3bd9e949c363bebaf933affb944597525baf6,1
0x1d08fa0fc61675879c81e8c3e247898a574b2bd1,1
0x1d092c2cc5424b3c94f5195f14c94372f9c13100,1
0x1d09c9f65555a2106a03cc3c3c348cc27e5f3fc9,1
0x1d0fb073edcadb685247d6605875de4a8233e6bc,1
0x1d1455359cd62231b12dee1f0ffb234a591a9bff,1
0x1d15d076c0bfa32a50ff02067e2c98f06e49c99e,1
0x1cb918d4226984b5a142ff968fee2f252ab70bc7,1
0x1c0853c89ec50f98ee6a8129e74de972e6fc05ff,1
0x1c0ea19d67ed03ab5af5e4d570715db6744dd1d9,1
0x1c1a34dcd75c4485a5ff77de89ee3a15caea0c9f,1
0x1c203d29f5dc421c2f9af864bbaa34d639d6d244,1
0x1c25f9cfae7881f7282ed58e4ecdd75a80401833,1
0x1c2c7b15a2c1ba6d3a375378142cd6e4292f2d59,1
0x1c2d95f35cb46c5ac2d57b4034b7c6c925660376,1
0x1c2e1d8d52d89a6493fd0a31b0d4f6bfb770477f,1
0x1c31216dcbdaa7c3a18cfa291c18d82378d7274a,1
0x1c379a1e7a5d6c5563427492097ec5d99a8001c3,1
0x1c3e2d37786372fcc92bb32ec139ea2c2137ef51,1
0x1c3e6dd7b68bb44b790fb0025f7a2aa2883a0609,1
0x1c8782959294ae2eccd2f6548400da9045f49f16,1
0x1c40ba20b58acd83ffb2f174f1927cbb4a75a0c4,1
0x1c52a558584909d545d454b702242174c2352d07,1
0x1c570099aa4a94bb2cc47f36eaca3a83f60a1b25,1
0x1c5b51d1e1055a8c172b623345eb5735fa161409,1
0x1c5ba8b9e87d489abe3afaee24c92cc9872fccef,1
0x1c61b5e33d9879d6e80bd9325bce9ff22733b249,1
0x1c62d71222a40b5f1103b30fbe16872e19fd1d99,1
0x1c652042c18b4447e12d19d642a4323184b5ba4d,1
0x1c72ded6184e5ed8a39e1a8087a2585362fe008a,1
0x1c76b5b1bb26e59d071ed6c7f55217a6a636680b,1
0x1c7b8a72ac7f30c44608aec68997e5626c65fb23,1
0x1c7bab4bc0795bdd1b6da9551be75411c22bc8cf,1
0x1c86ad1b516f80f974bbe5d6d4e17d5becd40c5d,1
0x1c40a15d81c576289c4b60683ba440e4898a41d8,1
0x191ee8e02911047cbc5cf7c0e026eddb526df9f0,1
0x19344afe39ea81c8faa61aa66ec4a692011e42b7,1
0x19393e9baa1f21c965e29228b3f039205cfdc8a7,1
0x193f2847b4681e0c1ddcc18c93e6dd61f7b3ab20,1
0x19445c2cd57d42aff593798d7f665bdc9313e269,1
0x194555d2b3b50318d2388106ad3164f4fffccfc5,1
0x1946a2adeb9206387b72caa9e1bb609bf904779e,1
0x194a58e78b2910362fefbf09e4046f7c287db604,1
0x19567696b3f7aaf478d145e6f224b1d7848da6d2,1
0x19569e7ad2e4f5a46747dde745339c1fe2980ecf,1
0x1956e847891d60cab167f9e34fbf354dc65e6b28,1
0x1957150972bd349e3965da83f91020b3ed4b3c23,1
0x1ad094f6d3bba0c1efc73b76f177dae019139ad5,1
0x196f8222ee3a47611f434be8203148ef78f00926,1
0x19707085e350bac63ef164ea46da1a0349983c9a,1
0x197286f5e959c657b14347fe7eccd22d7adeeda5,1
0x1973980c9ec7dd868e514af45e5c7b15080eaf92,1
0x1977f851febc2a1be769df4b33032cf50a14c467,1
0x1977fb6df364ef6a4c36e9fe46d24de8cef662a6,1
0x197878b7993e1f45e35c4572d07bba020afcc3f3,1
0x1978948ae183604bcd240dd1e4238e8163609e8b,1
0x1979373237034b171667155f8639c05496ca8465,1
0x197b0a31b43087498e111020243299eadb056a09,1
0x197f89055ae2d8e99c7d6f3a257bf23e79149796,1
0x19817048d0833e50014d8dc5f5646ec5cb6ffd1e,1
0x19571859c57b4267e46ede3b1fbca8ed949f0f30,1
0x18973a10a80aea6e0c9616f9753fbfa724b47435,1
0x189d4047e8cf39aad3ae9027f1aef7dd72ecee4d,1
0x189e00c10e99b0d1ed1d3d654f0b1e81eecb5c95,1
0x18a39a0a765a210150fb2886432c8a1f7bc86580,1
0x18abd9a08f05deb7238ace5fbbd3eaf68f86c77b,1
0x18b1cc1322c059184d17ca51baab5a294c66a5b5,1
0x18b3bdac3ba37493982b72f9713230b8564149e3,1
0x18b4155705b534f4353206d802bd7b958dd9a98b,1
0x18ba0b3f31874584a522ef6f67b22ef52f38c79f,1
0x18bf4fa808d9fb122b332ff63a206dabf6396acd,1
0x18c5c83093114ebd217075d2f81fb5c27fbfffd3,1
0x18d35415539dbf75bf8c27c9f734987ab89e78cd,1
0x19113e06cc04d2c0638b22305b06a0d34f962131,1
0x18d83dee8ab8e1484994284ada3a4f0d99c91d6e,1
0x18def7e0b674f098a5b9738525987938e71efa61,1
0x18dfb75f8fa8486ede1a618214a866a9595ee37a,1
0x18e580678332411ee9b2d68f3643edaa33e557a7,1
0x18e5b588e160ee28d647f9fe74b71b8b65868c4c,1
0x18e7d5186224cc996a57d5fcb1247b3be8310c17,1
0x18e9ecd0cb758931fc6459a97734e0239db65c18,1
0x18f7bf3375f4059901db647b417312dfb6a70b5d,1
0x18fa46891c770e459a4b0a8c91239b5051e2eca6,1
0x18fe7f0438771e0b0b3b38c8e02e38b504ffb8b5,1
0x190ad7a1d5e949341599c72c3a94b8e64883658e,1
0x190cfc6b1d2a28b98c1c6f871def9fcc50a83761,1
0x19100d72ace18f937ef5806ea26776878b0c38a6,1
0x18d4c29682224eb80abe10086043ac9d3e14054a,1
0x1a203a5ef6dfbd00ac02c2b08f2de2f91472d6d8,1
0x1a22f19a77af73ee75a0bb1bf94ee324f2e69f1d,1
0x1a24a743dabebe4115220a2ffa133a75030661a3,1
0x1a358990c1ebc84101ae113d90e543ca10955a04,1
0x1a3bc94a2794673a70022461e523f93fbc772204,1
0x1a4bb892e18b48b199a8430b4f77878d62ff96b7,1
0x1a4d9ade8a1da25c087dedeb47734af76b0cc8fc,1
0x1a5185a5ca46e9d300b87c31188276bb74103640,1
0x1a6a6af6c442fd9da92446cc298ee8efc8181cd5,1
0x1a6c0f754215502d53a8190b13431484e8ccaec4,1
0x1a7c07bbf7f2fb355daeea536e1746d827268e43,1
0x1a7c5b8465840a9b934be6777793a9e720227bdb,1
0x1986fc9ffbbc3580ac6a1b1f3688f946f3daf485,1
0x1a84a8dd4f686ed5dae1f3d0643f9a79c4491262,1
0x1a8a83d1c3255876157e48501767ae0e333ae365,1
0x1a8e2bd5d3e870693ce4a090184b940fe6baae83,1
0x1a94dfe4e77a4e0b0118c916706ca4d9c2f128fe,1
0x1a9c8e0b86c97d6c3b77b08430f32c836ec76fee,1
0x1a9cf395ec31858481048a2410f45def388022ff,1
0x1aab823a30dc7cb12a436e42017ad34b609f57a0,1
0x1aae484d9aa5b4fb880599e1ee7cdb8ec495a713,1
0x1ab9cbcc683292455ec764dfc3e812eb44ed1c3e,1
0x1ac1abac524e62c8fc4afbc2a7b05c17d069a81a,1
0x1ac318d92080e8415765b355f098e70036b1b548,1
0x1ac52eb1016e0072622c7e6ee3715dff276648de,1
0x1acc73dcdad67f590c44b86c0dfed51953b75f1b,1
0x1a8353074f0d62ebd228243b7299ecf1d0609fef,1
0x1987391ab05b704db8190c9b4e5d705697103350,1
0x19985ae501bb082d9ec1024deee6b23c184fa5a3,1
0x19a066180866aa05ee29e6c4153e41ec5544d198,1
0x19a2ac468a559b732cf6ed858c60809127d69abd,1
0x19a423825c2641128f6019676ca7bb71beb2d0d8,1
0x19a550f4bd6513949b06357a4450f77437c93a8c,1
0x19a6b859ef1e2b15d36a6467641f7be92a70a01c,1
0x19abad37d0a03d3e430195511973780a6452cd62,1
0x19bf532cb7803d7ef59dec4eb95a52a21af388d0,1
0x19c58acc9965d2b461d55512256041922e524e85,1
0x19d0c12790000437d45194eb303c17b8303cf2c7,1
0x19d1a8b51bc051fe17eb95db8fdaf573565295d3,1
0x1a1bae4089e060b93d8cf60ca75fd62726038353,1
0x19def355a1db29d4caa6ed3ff9fa0bd1f4137431,1
0x19e402a6ecc7a2bb8f0c9adbec941647094af399,1
0x19ea38f05a09d99d66dcb06c7ae3d3df87cabcc9,1
0x19f7e3b576ddd020f94d4bc6468400ef838380d9,1
0x19f7f2869ab405d0fdb55be5f4700d60e09c3726,1
0x19fc50900c4c265ee5f867c7c62ad05768c22f02,1
0x19fddd5f539a47b6a91f0c09a14ab03e98c62cf8,1
0x1a00ab1601ffd636951fd790cd45ecbe176dfc81,1
0x1a0791d0abb697576d01010b25af86d605049da4,1
0x1a079fae3077e6593a82100989a05928cf87fb2c,1
0x1a13b2b9f4e6aa35086e785bf2e936ea73e4d415,1
0x1a1a8d0ec62d974d62ab626ac586f84ee3ff2175,1
0x1a1aaf0981ec3256fe81618147b139878ddf292c,1
0x19d7a3ebb19aa669ca8664e863fc7a3c09af9617,1
0x2017a23885ce13ad7ddfaa9af97b600e309f3131,1
0x201fd3cf5d94c75f4ece8aa4efa78c2b05d25263,1
0x20240438978e8704eaae13c9b11dd7f663165236,1
0x20272141475a3908cbe644382f644a36b82780b1,1
0x2027541d702ceed42e70cb398c180e6b71ce94df,1
0x2027c80c901ebdb0dfaa1b082008a114b37c06d7,1
0x2031df57f156dffa42496c35ae5289fa5922ad35,1
0x20372f69cdbacffbcb500f72c3c75d405b8664ff,1
0x204242339f042da3009845be7ac00c5f5ebc1678,1
0x204a41d6e9a666fdc0da57dd8eb4a261efdc83a2,1
0x204a94afb82de0a06847de34728ef7d0562fa568,1
0x204ae3eaf43f96d1bb0d466b9624f4142836e8f9,1
0x1d189e3b56dbf0c95d60b22432b3c40372ec83ee,1
0x205178ce4c0bb423e1c5e2093c433694fc7eabc5,1
0x205447797e2d518d284cf016b8534b6ce07f3b3a,1
0x205c77c93fcc5e32eb7b09c5794321cf2ed605e2,1
0x205d72dc94071506b922d1d70bb2ef8d76a14f1d,1
0x2060122e334806ea109cdd050466aff57ca92d6f,1
0x2060bfbd8149aa2316d38cba19fad32421da4401,1
0x206470bbf48e3a855a3bbce20ce7c3b958438da6,1
0x206e9cfb768a247fb89288eabed6d9144d05c5ad,1
0x206f296fe29c424675cc6701eda22a565e209a32,1
0x2070be46ef06dbe2556bbfda021deb56f7ef5a4f,1
0x2073db693a00dee867d1887899baffa4f1635963,1
0x207a6861fef5d050d8dfa935a11db61747fcacb0,1
0x204d13d8817ab43d3884c08444db9bd624bf1c26,1
0x1f7f80e884b8bbe2f2d7c094eaabeabe22ee6060,1
0x1f83810ffe70ae952b8ab8627a9eeea5b160f8e4,1
0x1f8501bbda135fd9a7d180fb700ab6b64c074aee,1
0x1f85cac4e4393f8481d69be6c99addccbf172ae7,1
0x1f8f5b2699475b7d6aa13d2d3b4fda8a6d42954a,1
0x1f957720e09f07eec3b9de7afdd3f15da69cd06f,1
0x1f9642a88b78f1451ef6b13a959c5848ca4b1cc9,1
0x1fa5307f0a75a0ef62631006a3e2049fb4c583a5,1
0x1fa8afbd91ec18bb4582814b4764945ad7231f98,1
0x1fab6acca235e69fd49ae3946bf103bd33bf51e0,1
0x1fb0caae6172b0bdbed8f9770c27402341e3eae2,1
0x1fb2159e32b7b8f25611cf9021a3630c63c7b45b,1
0x2005db66eebd0504fcf0ecfc0cfa57c38e37fb84,1
0x1fbd64ccf34186957347144b547a8105843a7a28,1
0x1fc01a4eb42f8cfa4d484e0e85ae0eed85b1fb29,1
0x1fc91cfba0d9dcc6dc923f89a0505a5364ff7ff1,1
0x1fc94bc15383f2884d4ac37717905afc92325a29,1
0x1fcfeccf0c5a4179a069909e34328e5d06960c01,1
0x1fd6146e722a542507a365e173b74555de9c811a,1
0x1fd79fd174e858257270c59229b3ee1de637d223,1
0x1fd8fd3c31804e930c9fcf788a78108014a7c029,1
0x1fd99870f02cb014f8553099bcacea3e68d2a929,1
0x1fd9f93fc4d20b319143791314a5e9a51849aaac,1
0x1fe9d1286509a11ccdfa4d8457d5ba0c74d35921,1
0x1ff8f9cf44516126d72c4defb58b7a4113cdcfb4,1
0x1ff8fc5b67ca384c72239e8f48aa768ace948711,1
0x1fb5b7bbc1a93134e75961e284ecbc889a4f2630,1
0x20f9e6b214bf010635d612662a3ac9279a503c92,1
0x20fdb69d143b7db9015ba5476d6834a0f7755033,1
0x21019d925c6ac723d0904bc6a0a2a19799b227d8,1
0x21027a6877a007bfba015e1c6b83add7fda5e28c,1
0x21131f424fc36347da15acfd27576d0608f1334d,1
0x2113226e8f2b9f24b8722adfa8ad7704102c845e,1
0x21205c0415efd8c6ee877d5fd3b7d127d95754e0,1
0x212ca04683b9ddabfc5f800133af19c2c456e41a,1
0x2134f8fb281e47227a52eb511abc6012c5ffc489,1
0x21432a1da4c493c4dd3d1a34d4f9f1cc9b71807f,1
0x214debfdf505e635e15d81d302a9a32e0a483a3b,1
0x2152f7370e5beaed7ca653e91b0ec0f0f368812a,1
0x207b509bfde324e0a551ff75dc2525661d910aba,1
0x21585a73f25a5703a82959e28529376a4430549e,1
0x215fa06a179f52431bc4cc2e51de1a0cc2201932,1
0x21623ce8bb628b2a4ac35c3318a627f67fc4f608,1
0x216b647594817ac2575610fed7af830224ccca7a,1
0x216f41536b66bac9e2e0902e344723b3b495261e,1
0x21747c6b97e1a9737444d10ee6982492517aaa14,1
0x2178f4bf0e699926d1dd4895f76e2b07b9ca66e3,1
0x217a1e983a7d4f198cbc15c864f7b4d35130ffb8,1
0x217b3e6a4c72d8327fe6247e9ca39d5302c1db4e,1
0x217f4fbba3938d5e790af89ad12edc8730515449,1
0x2180011feb0118b5bdffa9b77418bdca7b9fd3a8,1
0x2181c9a3c302c6fb5bfbdd745eb698c5f8b16c3e,1
0x2157ef8fa8b7d92c3525485d4afc6f5bac8f5ab0,1
0x207f389c6515bfbe078ec6af97a5505d53c2f723,1
0x2088414afe99663c2095154a0bfa6e93e13655d7,1
0x208a4ed2bac2f0c6c1491bf701be0ef8e2d9f96b,1
0x208c720b1ef413d9dad8f9265403e23366a3773c,1
0x208d6cdc4c6ac2eb513b84b54491936ccce8d745,1
0x208e96e0a37a208d4540dc487c8614aec04dc000,1
0x2092ef5239adf50deca647340752a3326d5b62f3,1
0x2097fd4fe1aacc60d90b5d403578d28db770f394,1
0x209c1edf250dd144e9dd5ada0ec75782bdb5ce6e,1
0x20a1495055b17e239022853ba6029a898e8ba8a1,1
0x20a4eb03961f63af958c6f8bad45b727ec7213b4,1
0x20a8f20344f91651f2bde2730982675bc4a68f52,1
0x20f7f073f1ef45efdbc574a92d2b91c95c86f19c,1
0x20b1350bcfd65a2df37ed39002ef1d94e7512156,1
0x20b6e5dc7d638fcf0db402436af341eb1a446c36,1
0x20c41e9f8c3d59e951bd5059f2608fa67be761a6,1
0x20c9ce44e2ffc600b6c22864bfb98c658e51ea4f,1
0x20cb9ad63e5ab971c321591ecc616402596aa0e1,1
0x20d1b71bfed4fcc930e2e2f80b62c0103dd96805,1
0x20d297fee4dd89010793c30c266a9bfe04a173da,1
0x20d821c71e8251b244716d8561c21aa5b9e7f52e,1
0x20da116c9f3bbdb73e831b36400108201a53edc9,1
0x20dbc9e8cf4bc636cd4e0e745428616a3538fafb,1
0x20dc2e2c89c64ab8785b70cb81dd1a92e95f961a,1
0x20e4a3a1b56b89b7e192dbf4038708ccb157efff,1
0x20edd03943d3503dbaf55cba1f9080693d032c11,1
0x20a9ad454820bf6e0d676127f40df504bff056c6,1
0x1dd36dc463d46fc78781c9c781734cb12d75aef9,1
0x1dd84f0acfe1198120c62913c47267370ba88809,1
0x1ddb5b34d722ebfda5ca7357cb9a9af5e9f7801e,1
0x1ddb8a4786f2e396c3e51e4335b28cf2d0c74966,1
0x1de53de58a9fa904c3799f0ffccf6279457996d1,1
0x1df1dec1d9d02dfd0db1878c2e56a2b4ec17dd78,1
0x1df333ddf02b29114266c4e8e6e5a9915c299d97,1
0x1dfe39887154f4f94a7c633766f5eae0b81338ac,1
0x1e003ebbc0dbe1da0fe4cd1406980c811df09465,1
0x1e00764b0ec6adae7414960a7602547b8d9e73e6,1
0x1e024fbde9eddd0d6e5e096be04372e4bdf4141c,1
0x1e076d3b8c00bb267f049f162ec52c085eb1c645,1
0x1f77a7619a861de984c6fcc137a4c532e7e56b98,1
0x1e0b62e2516a1cdf043f356cc7acc2614544ac3b,1
0x1e0b970eb1620cfddfa83ad280f8dd55af9b4282,1
0x1e0e8e762feec786c1bc023ee832bde005e65e1b,1
0x1e2786dcb4e38a5f262262a729e6c203a4f42497,1
0x1e2a9b2654ec1ca0a3e2313529ec08935d785022,1
0x1e2d8087ce12e15d5f4fa02ef8a50281ffae1055,1
0x1e2dc4a4eb7e571907e42eb8d242c3f3cf952df4,1
0x1e39a0207696e7d8599937ab8cfb67427f0db3f7,1
0x1e3c926832d16af4d8be490506e11f31b0e452a9,1
0x1e4338780a4ee61d47ad740c3e0fdb54250a0659,1
0x1e48d49fd7380627b52a51c57c765e7ad2ace6c1,1
0x1e49f38fbc030a24bb7eda2822626647b7181970,1
0x1e0a111a7b94b531ed9a330377abee64d95e3210,1
0x1d1fcdf5769eca677292b93d4a29e92ed55b5964,1
0x1d2dcb6c3329cbd286670f392c473fc41fddda30,1
0x1d2ec0a49c99d0ecb1f76ff5e1bf927c792213a9,1
0x1d303008e49766f628128e3c1f1a38cbba37e60f,1
0x1d3312c227eda580d6627fcbcc49b46101ec30cb,1
0x1d3f8ff37a4037bd146af1c63653f2585c58fa7c,1
0x1d44978946103f10bca223308c6700cab5727f44,1
0x1d4ac7da52c72a943fe98a8ecfd7a86ca58b7326,1
0x1d4fbad0500c12e90f20da93ada829f75ad0db74,1
0x1d55b0e8046517ad1ba5a2a5685f9522be0a473a,1
0x1d5edf029cd7723670cee1a24326cf833814cd0d,1
0x1d642c8a96210b797fd1c077c4484686c5b5e126,1
0x1dd10d48f8db84ada90cfcdba49da9f48d973ef7,1
0x1d7884b4edd089f6cb797d88071398f351ec817d,1
0x1d898a2014d3e0516cd0f571837aed618f0f6761,1
0x1d8c2b667993ed98e9ef82fb0aef4c098b72b25e,1
0x1d8d023acccdec7e1b5d6e18ac7969fae9894a0a,1
0x1d9767ef1995d22e8d53b79ebe9d699bf2e7e71a,1
0x1d9c1f5f8350d52464dd72dbf799536977d72f60,1
0x1da431c257e73103b5a66f1f04a09a9f8e55e22c,1
0x1daaa168eee38bab5c3fa6c11a4803494da1bb9d,1
0x1dab9871430ab36be61c4b682a8faf33f8ecd1b5,1
0x1db2409c71a382daf8086b8ba4d1f32892516ffb,1
0x1db64ca8fe922bb16bf340895b1a553aa92221c0,1
0x1dc49761b3c2336dcc815be721dfed4d7c1c9cce,1
0x1dc66b9f9c920b9b4ef7fdee9ff38a7e64536a80,1
0x1d73a58a55d58c1af6333d484638adabe438697c,1
0x1ed10659797fbc362349152e26bb4cd8da34605a,1
0x1edfb84cb29a954a8c3424bb0ed3e54a0fa1d375,1
0x1ee1f6d8b15adcc8684f6dc6723f461ab12953f9,1
0x1eeee93019ae0d8569b95a0e752f5704604419b4,1
0x1eef6bdc5a869045412f678c7d8320da59f87953,1
0x1efcbbabe561b2d22d6303f611902d96205327a5,1
0x1f05501b2f038eb838dd2f205d313008c95b6513,1
0x1f1002b6bcc21abcec36fda30097ce390672f6e9,1
0x1f19c9f0e13c9d485009539fc168f2cd40615555,1
0x1f1a303f52195f9720faa34e6f3cab4cb92e581f,1
0x1f207c48d024cdd362e7abc9e032b700a68facd1,1
0x1f22c290d13ae70bb6f871c738c752507f11c83d,1
0x1e4f320852122d550f51226ffd95dc1b3dbb9489,1
0x1f296f271aeeb9c37f58623246c739b16245e3cc,1
0x1f2b09bb2df0b810d4d2f7cc9ca4d8bedc303719,1
0x1f31e432f356bd757cf832d01a5584a4e04f3033,1
0x1f3aed7f9721feea86d673e51283990d651bd795,1
0x1f3ccbe171911b715b55e4c35cc00228ef7af5c6,1
0x1f44e240d30693e88c0f2c84e4cfddd1604d3723,1
0x1f4e4187c6ce5e5860f32ff8ae895219e8339119,1
0x1f4fbd426cab74a71ea5b27ff0c5d4f080170e31,1
0x1f50a9391b8526d7cf23efde96d1e91a0b2f4bf9,1
0x1f55e3a1fa3afd7ec2026cc3b3ff4d7ac5a2b8c0,1
0x1f56f37588f6bc3dc05a30a0f5fd38789a3fb199,1
0x1f61e15f2a1c0b6dde004945d0d8eac45abdef5f,1
0x1f6240bfcd3b755341b5757a8ac17080aa020559,1
0x1f234d01afb8da977c4a39f42c3d7596f066e05e,1
0x1e528306fae39ca82e36dba3ee2f4ad009637bb8,1
0x1e5639b27b1843f737f9b7720264b8439d6af4e6,1
0x1e5a3c8b0120e28ca3fc554e6a7b7957975ad492,1
0x1e5b71dd2777f480b29f29ba228e4b9b0d27f839,1
0x1e670adab7e3edea7aff420061b9167df3417183,1
0x1e67c60592c7b6b224cf4bf0324fa909c7c1edf8,1
0x1e68e71f58858c0c8b2bc26f0e2ebbe4469fb0a2,1
0x1e71909d58e08e2dce30180d751c715918254d2b,1
0x1e754d1c4f92e4da35c2fbb66df1c8d5c8c172aa,1
0x1e760e9883db22de3094af1d596000421e188a50,1
0x1e7a5ed08a51f9d3d7a3d974990933a25866af8e,1
0x1e865bb143208fd83aa3be7dfeb472bf5dc40bbd,1
0x1eca8889c399673608c65ba0474bfd194b4117a2,1
0x1e87cc447d4ee2933786f99ecdfa1a2140785887,1
0x1e884a18b9dd3654aa643c16dbfddedcb3fdfcdb,1
0x1e935381aa53a1fe8780c710fa0b6a5ee2eb60ca,1
0x1e94c2766237c5dbdcaac0f171fa8a8303a7bdf2,1
0x1e9b3798140ae0750663b46e2925f3532684426b,1
0x1ea0287fdcfa7e49605cef8a641d1b7225af8f99,1
0x1ea9d472aeab537a99ce6236848833a46a510b62,1
0x1eafe319d12cd2cb9843ad4491acc253ffdf9a7a,1
0x1eb6f129ed52f0cd7d422a128a23b15a453be319,1
0x1eb7d9148366b99a5c903896e2cecb793e8b6e01,1
0x1ebdeb8cadd48d5711eae976904509cfeea41623,1
0x1ebffa4b38d25dcb53f040c029cdeca345fe1ff0,1
0x1ec2452768efd45190625c714dd2fe2e5578b3dd,1
0x1e8697ecbd05f0cfd666d2f36753684ba7a7c86a,1
0x12fcd6a6ffcdb6f317436ddf7b22c2b4a0ffb1ac,1
0x12fe43f80deed669cd40fa124599cb5e0afbe3b6,1
0x130fcc32578884ec7bb727c6b963265225e75d32,1
0x1314ba6b8f1d0da80fdea02c660a8086c8a575cd,1
0x1315ac83c54e060035c55fca17daaebf468f6090,1
0x131662f0023dfce2f306e76cb574a9eaa54e7b5f,1
0x131cc5c17d4740987b573309e58347ef11866379,1
0x1320d278f6929f7545c678b85cec7eedfbf4f1aa,1
0x1322a91cb59f341998c7264316190309df3db391,1
0x132616232407d8e7970632bd65b0c8e4f001b9c9,1
0x132a31d34a3e691a6e07faa1d234303a95b885e0,1
0x132a96b33928735077bf925dbf40402fa616ea47,1
0x1884b5d3699d4602fd223db32d3e76f881454285,1
0x1333559dd8be396703800a0805dfd0d0d605ae38,1
0x133c83f2fd21f6aaea63b45e94bb48bd778fcda9,1
0x133fe67a2d86abf4c16903759b191c774fc9a4ef,1
0x13480f61fad69595cd4b55a258524e9073ccff95,1
0x13493a1ea3f8e38cd02831fb1d3df4bed824d974,1
0x134af61e5ce7376d51a086b3a59081cb26cf68d9,1
0x135c6d16ad8ce0b1bcf4a486afc067c2ba93c3c2,1
0x135f561d1c68b96463e50c682bb40def4fa9d59b,1
0x1361eadc512126386380f7b35df798a96aa4d0aa,1
0x1362fec94bbe0794d00b05fa8b2c679a9bcce022,1
0x13649adb43613a9c7b43f8fdccbed9ed7bbc9842,1
0x13687a54f354789d55ee0c16d0ad8fe35e3d9c0c,1
0x132d47573b6734106e9ec142fb3dae1aa12507bb,1
0x125cd35a24fb1bc736c630207a1e026dd1b6c565,1
0x126176f74be86cf8ed47ad9e8426a7203425ba95,1
0x12804f807859d569b89557c19ba5a3c7c628130d,1
0x128293bafe59f75c53d59e2f75851314152ae146,1
0x1282f2d6c259c0f1bd2d21f7148e92fa6541b442,1
0x1286b153d1bf3024a82be347cbe6928d53ef15a8,1
0x128c520356f2d73ac15a765d91fb9ec0181c0c27,1
0x128de219a71e52dd9d61fb228ce128d088a428b3,1
0x12953831d25f7f3022134103ca71459435809c99,1
0x129697e79dc43fd4c909c9afeaae2e6c71ea6d30,1
0x129e4388d0b1cc19b08f2bce5a0a8e77f38c7139,1
0x12a811b6afb8057b1b56294e083edb8e10e912ef,1
0x12f6e81d688d34970a2f5831212def39484f74ed,1
0x12b087eb4c61cc6d06cf4c340afe7a6ce1c674b4,1
0x12b465f92374512afcbe053f11ee48d155e88891,1
0x12bc5fff6d68c7b7e9edd5d694226e27274cce48,1
0x12bca2fbb11b334c5c0760e8d8833324a331d947,1
0x12d0ef843a0177c40e1451e6451e21f11d5cc913,1
0x12d6976859bedfef3353fa27eebd4fcd351fa561,1
0x12db6db11b4f8f1b0a0b48d8a76cc6a7b3d6dd8d,1
0x12dbae98e79c01960433170d35999f3f165a3ef6,1
0x12e17d032188f014ea9b2f194358d165cd9b5080,1
0x12e2001d7214fba7965a9c1ea2f1d9c1e53009fa,1
0x12ef796c8c23ad5a6afc63148afeb94557c7abc6,1
0x12efafebf79231ecfdcc6ff403b1a6e841833409,1
0x12f3d4b28faf0bf3b5d8d5a4301e2f58c64e0235,1
0x12aed429ad63b72e9e1621d21442939afbcf9def,1
0x140c22aa9271eb64234e130be480e19034cd8fa9,1
0x14150c4ff16e61cb91e58f2df90dd7815f7e529a,1
0x1415e0fb5da5069469ea3525417cc9a5816cd729,1
0x141c09f0483d8eca246f28c3ba31b9c5a31f2074,1
0x141ccfd56bc685e3d0e10e99a1d3e11dbcdaa659,1
0x141e08294d45fb707feb6b055ab09492fe5be89a,1
0x1424143b3004692749646998da68edc464a255d8,1
0x142f5811b98f537a998fafe0e2481d6b785fd3f8,1
0x143375800b7e6b5f13fc033df0d01be35cb67057,1
0x1433b3afd7e046eef5aac260ea5298a9e0c12226,1
0x14370451b51716a980f2b9fe7f897f7f3e2d422d,1
0x143898d25f3d5c645e0f3cfc5bbb7347f8acd40b,1
0x13760cb882e83261a60eb184a55ea1f98b59e7e1,1
0x1440f54e4c0a5addb98e5cc1a2d5c89776e481f7,1
0x1444d665f33cc99f6abe1fca074bc8c8870fe78b,1
0x14457e7655cfe53eff7f16f71ed5d65d93e4ef5c,1
0x144781cc45203cb6e12d8dc37ab394560fb150c2,1
0x1456c2f0bad86b1d7f09e6a1f55c82356ffc6d3a,1
0x1457e098aee99e02f988705a44c3f3ab71dd182f,1
0x146172e3d69a1e4eabb34fd08880603a78819c91,1
0x146bf9c84eb71f2fff8852e31fc47111feb4d7f1,1
0x146f41bab13f2f01cf5d967b6d271cc4848436bd,1
0x14822cac85c2f3c8008968a8040b8b6957edb317,1
0x1484acc83b4ab646a5cb86afe7bbc60d829757e7,1
0x148573e5b34990c178798b52b1dc83cee9072da8,1
0x143d03085aa116d36d8cd034d97c54ad8805ff42,1
0x1376471bff5d74545087d4ab984cb5bd1981687d,1
0x137b8a8e5564016c59be7295aeac289c97e8bc69,1
0x137ff43777875fb4e89128acc3b6d911fbc3f5be,1
0x138cc09fbfd8991c4dbf06fe3fe858d6eaa660da,1
0x13954cb368d0b6a2bd2b149ad73390e2c649fb8a,1
0x139568224998540e941dbf28699631c9ddcb13bc,1
0x139b7cd778b5622682df436dfa5aeae8fb140bc7,1
0x13ae7acdd27c4d36294f3a97acb62a820388dd16,1
0x13b44ccd3200d21522f5279abd74bc853cf3aae4,1
0x13ba1b498c4966635467453fd2f14201a0482679,1
0x13ba37cb15a258733f2ac55433e57ae20a1eee13,1
0x13be856bbed65800b666cc8e08d481d16ee0eee4,1
0x1408a916aed35a0d3d830c3fe75b51e1deead273,1
0x13c2c92a728ebd183439267021cbafb3a0d7c731,1
0x13c3878df5ed5d55e921092a26e24211f71575b6,1
0x13c560714ee0a39dba777ac782940e9ffa9197ab,1
0x13d0354cdf705d30c5ddf98e0a0eaaebb03303ff,1
0x13d84e03e9c872e5814b35fdb9ade183aeb07697,1
0x13da2688c9b72696157ceb2beae7acb00ac28f59,1
0x13e0e739b6367306ce0e5efc5ee65cfebe63f387,1
0x13e130db316e5c1576a13fbc2a53fc87d47bdd53,1
0x13e7c12022e8fc7386daee2754825f5575f92f7b,1
0x13ea1e2e96eb45459f9068dd2206fc56e20ee630,1
0x140253b59677d77ade8d4c78855308914b1f989a,1
0x1402ee0320db95fa3ae4a9c3583b12e6e34bffd2,1
0x1403b1d35a831cff72c69d24a8951672d40ade9b,1
0x13bf00becdb3eb86dfd2bea14994cbbba4767b56,1
0x11261ae5f92ec27df72fb91f577c25acb06cce6c,1
0x1126ff0b604c20d9bc62d707eab6b6a806a7085e,1
0x11291dfdaabe1cceb45a144653d1a4bcdbcdc6ab,1
0x112b088b5a110f73d671f2588ea2c92d468a6d32,1
0x112b6ce245489926232555ab6d40d0876a37954d,1
0x112dc463ae2439b5403a42fbfb2f5c95788bf800,1
0x1130213f6336f1cc3afd3a3e8d5923bd1b73bbe4,1
0x113169dae96f8dde156be9e17e4d6f1d6a5c4b9a,1
0x11339ee3173d071bac85411c9aae97057eaf825e,1
0x1133bbf3b889647c0bc86fc97cbc3961121cbb47,1
0x1139f67230ae444afb18b6997a8d42e29ebcfa1f,1
0x113cd7d850753c7e15588eda7bbba336033e7f9e,1
0x125c198c8a2e0e5e81ac6244ed162db20bffa29a,1
0x113fab9a3e8aa96085983e24974dfbc9030a9965,1
0x1140241e33b1d38603b32e217c086a1c4bdcc717,1
0x114171e176f97369e3f9dc29c1a33565848cb65c,1
0x114631d9f0b21d0120186c1c5e8b715a17675153,1
0x1149ff0eef057a233a2b3a689cffc5861d50a446,1
0x114e0663a0de461ff6b50e61b0767b8b014b61c3,1
0x1150f721c51b5fd145b46fb3bd554b855002c181,1
0x1152372f69fd921c1fa14b118b1cb0f4f4cc2f32,1
0x115637050b80d33338cd79364422187ff46385b7,1
0x115f53ae0e0d836522b7950cdbf5409893b476c4,1
0x11602b919044621007e6603c36c82392dc5cd6be,1
0x116adea1b13cbbdee526e64427ea01e9effd8077,1
0x113eea310a89786f5d20f0e63c942a75b1d3e120,1
0x10b9323700f256227de26b57ad79ee2e12cd4ed6,1
0x10b9a085d12313e85da05789ce65f31869ef5318,1
0x10bb6b568e86afe44a5a482edf5dd73c82728cf4,1
0x10be5ef16c27ae7e3da72bce04a93cbb3cd74c54,1
0x10bf384ed2e3c6108e09a8dcbb9f0ccd0b361bd6,1
0x10c046cecd5b49aab5bd8f321bccf2739398cbe6,1
0x10c31ae06b1e9cff2dc1bdbbd9103458c0e4dd90,1
0x10c55e14853411dab7b171fa3795748d6f660bb4,1
0x10c994bbb2009b2345fbe86acf71d3ed3bda78f3,1
0x10cc2db5e1e3919bf610b60a27df4e66de093aa6,1
0x10d42cb6835ff0aef667045f66a848e2204f5246,1
0x10de60dfbc76f9942f7280c8650dd3cf2710f784,1
0x1125f48c685e6844b513f4577985960bff4039f0,1
0x10e127e32a645bb67a9b3cc36134e18845ae2fc9,1
0x10e73857f6f72fb253986c44680c60ba208737a9,1
0x10efa9cecc517c33c2bbb04eec2ba63a61e104a4,1
0x10f2b37dca934e25fd33574ec31181746a112c11,1
0x10facb32fe0446024bae798445b33e2b5b44f9bc,1
0x1103dd744ab06c098ea92b79e99ad8bbcf0e7873,1
0x11058dbdb61b7fca71258f501752d09619a66b01,1
0x110e9073667acdf0aa79319d6a05a223350872bc,1
0x111371d9c95916a7419c028dfddf91a1552754b4,1
0x11147d8ecc1fa110d5b4561d5727908781bbae54,1
0x111820956e7ff13f4952418a07f6e4ace369d4e7,1
0x111d93f2414316b766da6f87ab862312822935c9,1
0x111de86ba4c7b69d5ee75941bf5652b57da42771,1
0x10dfb2425368c02c76dd8ca0069d3c6f138a39e3,1
0x11d000594125357de1616387a00ee111c11d76fd,1
0x11de71db865e5e2add79395edf3720a5462bfd95,1
0x11e9eb0d51efdc50f8ace315b83a7fbd265036ba,1
0x11f2125e8d9d252459bd7ea9eef7325683ac5d5a,1
0x11f3e89696488b1823014d32e131458c4ec40c42,1
0x11f9c0f3405a8f08c014154f3f7bb60e19b3bdab,1
0x120253a04448a724c7527515d4b908a4e9aabfd0,1
0x1207a694000ae44b5cce4d76f3bf42e906fffde0,1
0x1209af90f782677638faf34e3a5e81aec8931463,1
0x120e65223cb1ed2d2f4ca5d255203f51de8da35a,1
0x12196bb528a62c66824749cfff4787f1b5dc66bc,1
0x121e5f47e986f47b2d140fd6101f3755b1c4e311,1
0x116f7bb10c2ef405d11cb8ac957242539208af35,1
0x1221316e99029ec79b1acb6746aef185f045aad5,1
0x1221a9b96fc6acabfc7d3b06de3c4b44d8551f03,1
0x12277a722a37b8a620c8324ace6b940f50fd050b,1
0x12286ff4f781b52a8b40f99e377b5acbd9dab6fa,1
0x1230d0e895821eee94b16b720fa5e43621f15e11,1
0x1236beabe6128217e08546751d590ffec2f58e00,1
0x1237f5a98faf0bf37dd9703dfe7ad4e8153a01c5,1
0x123833e4dd45a56d7771883ec61f941e12d617ab,1
0x123bfd186bf58fcc3d397ffa917d92d67df180e5,1
0x1244f3f8660912d20f82ace5cccce0ef269dc224,1
0x124f1c3c5b32be4d779e67d111d7131c579f4bb4,1
0x1258d41a6d2c9924690a132379f8ac24355d42bf,1
0x12598b64efcc266df53ec9bd9b2f439ec590813e,1
0x121ea5999b13b9023bcd4fd9cdb9f4362be14da1,1
0x1170b142f312dc057c63c0c3e3dd6df46c2c8802,1
0x1173bc176ff91ac0a9d7cdadeed0d8ccf350bbf8,1
0x1174159c0f7bddb46beeece9d9ce12b1ab950bfe,1
0x117b5ca36097f384d8b9ce117024c6be19a6ceeb,1
0x117b722c9197040ea0c8747a463588934be0343e,1
0x117b95d478a500b99c6bd47a1743196bcf860fca,1
0x117ba7416d81f7b1dbdb79ae59bb81ccdf81d6fb,1
0x118005433238757c60bf3038d0f85b04f25c72db,1
0x118047f4442393339d90483b27e76d76ee1e1990,1
0x1189672b5d159439fbaa4ebd96431ee7e943011e,1
0x118ffabd53f27a657e6b4f20b13c6606113f5893,1
0x119222cc48cbb49a362dc78d32c166fec22f64b7,1
0x11c9abbc08b409994961f9af6769c4c1436414eb,1
0x11987cf39ebbde51ab1b81f303ceb1c86d540bc9,1
0x119a85c2862700f7bf98ef53ec3b6ee2f19d333d,1
0x119b261e27e02880f42c7d4f0c3e559013bcbadc,1
0x119b625286cc4d3e04255aa0c5423160bd9a11f2,1
0x119da73292c3058510dcaf4868e3bb768da86af6,1
0x11a709736ab11e8c33fa08911d0161b17b8fbd9e,1
0x11a738972d4d3cb9ffcfb586c583d016a57677e4,1
0x11b46a0c3a04a8d290e22a22da27126e61f485ae,1
0x11b897bed4de88c049270f45d4b237550492bd31,1
0x11bbcf6bf1f1835f53cb3d7c2c08aa5a73c7ad9a,1
0x11bf3453bb94cad1a302c011bd2c9eafa39494b5,1
0x11c210c1fdae60169bad4ec6b706f1f4a3e61b47,1
0x11c6eec0563d214e538b01ff9ed2fecb7ba0d713,1
0x11954bd58d12c86129ea8b788d74bf99853f0129,1
0x16e86f4f7b7eb16f14de45cac99636296a6f93dd,1
0x16e9fa73d01cb301542e0703d9e366e1372e8daa,1
0x16f503c34ac28664baf25c98b483f33276122c12,1
0x16f52312c779afd9108c578e072696954539b2c4,1
0x16f5c1e812162fd0013b6d97e2fc7f3a70485aad,1
0x16f76f29235c51789f3e04d8d59ef5d05a590364,1
0x16fa9ccd29baaa69491f13423ed3d677e76c9d00,1
0x16fd2d6d5cc2bdb8721dae7237b28674d96f4cbb,1
0x170f1cea91f49a9a9c84aac4e9401a91090f4ffd,1
0x171bb8d7c2d5b2220789d9f44dad81391d5f03f3,1
0x17244348f7c7e930aafbba782ef80729be4fa85c,1
0x172829d85dee5dff15f150e4d09d2a233590151d,1
0x14884144e35802981dfc176929b59377b8ff1074,1
0x1729b6d6cf206112df8454e5bdb177e7cc3ee8f7,1
0x172ae512d660a3dfb0fa3d7306aaeac24017cfba,1
0x172f2dfdd92bf4ab70ac5516f6d046f7bfd1c041,1
0x17389f8a40a61375c424f1327594abf028e587a8,1
0x1738e8fb8cdcbb68d7ed2b6d562abfcb0163566f,1
0x173a2d85a4f54d43c67e49eddf141ef8f07ad306,1
0x1743a59c4c7731f4d35004de986cae1457d24474,1
0x1745b043de19c18843afe3fa3aeb2d3f47146edb,1
0x175c29730a9ba6e4c20ebd7022a83938865ca624,1
0x175edb83e7fbe53d738da52111412f00cefff2a1,1
0x17630b023990c304014601b10b5ac76c0d01fdcf,1
0x176952ca41e3df9840a374bad1a7a888fc85a77e,1
0x1729659e91fd83d68ff32f6944e24c144a4bdcbb,1
0x16521c9c2d35ebc4f0bad13069fbb4a56329c027,1
0x16585be360f9d7ba4ef6afcc5c3a34b8a1c5d55b,1
0x166a828ef8b1df66c882c0392a36d82a4159ad42,1
0x166bb1aa8fa5f84f0222fdb75b7ade49b4314c46,1
0x16765e4e1293a8267410bde56d2e81cb71d92c33,1
0x1688dc3c0612efef601a18e8fb7175e6adc2464b,1
0x1689889e129221c04e1979a4c8daa30e90597287,1
0x168db212708aeb318ff4de8ff813c15f33327f19,1
0x169301b312f0cdb94666c9df54ba7ad7f8aec4d6,1
0x16994c9461b4c3c2fa37cea5188b35b32433e7a5,1
0x1699e70466c4316d80170751a39649e1d914c3f5,1
0x169dd1d733807cd0e53e0b30fdc36dd2c0644b07,1
0x16e757b0ff0fccb06b280f45ab2534e0d1a6136a,1
0x16a17602c1c7d5fc86cacfd369ec08e32685aa45,1
0x16a714242cfe0252aac602813c26e6b232299c0e,1
0x16b0368f8e6802d57a7fe6957779a03c222508f6,1
0x16b1652d35a423ee37c2a805d901691000bf3baa,1
0x16b3afdbae3759b1eabc7b7994c1faa8e87c7675,1
0x16bbc6dd9af59539c1ef5170fce59c1031e4303b,1
0x16bd419ddc58a3e320f0cfd5d3724c12b67f487d,1
0x16be646129fee4b40ee48740078b9d2ae3958e77,1
0x16c1bbfbd10a930d10460ac3fda1fb16a85d299c,1
0x16c6f1090c7d0eb1d74968e33e08d6763cb4d219,1
0x16ddea1faeadd944aa599a16fd5e8901c7dbe876,1
0x16dff5af26f5892c323363205049fa712c37bae8,1
0x16e38e835129e446e96f14b3446d67dd51309198,1
0x16a113c092ad7394df1b4e0b01776e3db9036931,1
0x17f848a14d495be3f0304baa5a1a73464fb1c2b2,1
0x17fb3570734c843c9cec7ee6493f87ea11b9b3b3,1
0x180be8aa743686ee1f930db358189ea7319fab11,1
0x1814b3d4dc044050c975e6d838459f6d98f7120b,1
0x182105032769f35fae44fed2ae06804d07a930fa,1
0x18274501bbb6f07d8030e91255ea6c748ff188da,1
0x18292ca8062c9d59b60a49e0fdbc31cf3fbdbad3,1
0x182eb8b470c04b03d3e25c866773314f31c11137,1
0x18311278048e7a4bc95c125b04e750107eea9a29,1
0x18383e0f49ec52ba1d9fd8482583f8e7e4e2684d,1
0x183c0feaf28d5d4fc14a288554a000bf93413ace,1
0x183cda40c13b9ea75f37cf6ea2de8cae76d0e32a,1
0x176ef4aedcf5d0895add9d9715cec0200fe33181,1
0x184e94ea238254499f49a0bf10f01c81ae3b7e58,1
0x184eaa619549ea2329563c420f5381e21bc7dc7d,1
0x1857f7ad09dcd2df83663dd0dd1c2ba870cbbea3,1
0x185a9b459652cd1bcea2a469dee4bdbd325d9cb6,1
0x185dd9c9edaf78c72fc367b0ca14ff361701d506,1
0x186665b8590dc96a85168dd63578d10139487efd,1
0x18683695c86515440edc412d3135a0461774e689,1
0x1871df44914dc0f4bd4f01534a741136e990269e,1
0x187336c042e8dd32f138291a63039a594385bbdd,1
0x1875394e70eacebc36cc27e1ce173aeb3c9ea5f3,1
0x187879174167f2e0a98ce0e40d96a29bf7cd9ad4,1
0x187c5f81c2591bb8eb6a09a6ef9107e71cbf1f2c,1
0x18460553440bde77e3b6d5c92f9a231c18af05e7,1
0x177136849223ec16ef3f396051596e84d415c02f,1
0x1774ca5a0b3a129a2645b6e866f981afb1fa2a41,1
0x1774dc0aff4557f3c5f7ce042462e33e730cb1c1,1
0x177ef7e8e4579c5711f31566ee4c1d1c2284eeae,1
0x177f175ef5c995f22ef11e770433f3cd34115bb6,1
0x177fc5044dba3a3bbe8b482fe69b097c37e78d45,1
0x1786c832f2da940fb72a01c6d6f12c1fc4865d65,1
0x1787ea9a3c51bee3f986c4d97497ad96a5815bf9,1
0x179e298ae063d70013e11cbb86d8a5dab43b1622,1
0x17a361886598bf79b3849f46712770dca4292678,1
0x17ada9cc36f88731de0ebcbf08117acc39ead022,1
0x17bc80f2e7f463aa05fdbc7f344fd50a1496af5e,1
0x17f5f01f79f5f248617927aa6dcf63faa1aa0856,1
0x17c9c51475ae8dc53fd568fa3703eb44e314ff40,1
0x17ce5d0cd8b805ab1825ecc8ab1ff4423013aabc,1
0x17ceb9b4c638a6685df339f53f2201c5beab2ed2,1
0x17ced3065ff50f3b8356f07f2dbb6edcdcca93a0,1
0x17d4680578078ded0d8e7b4398290b3747647f42,1
0x17d661962ee93814ce0f6095e4a647e0d1c49edc,1
0x17d7a35ef59767cd5d2122bb100dab4085336204,1
0x17d9b294309ff54894880c3e77912ad66d40bd06,1
0x17e2e6938b883062463c9664198554f5f7930418,1
0x17ef775194d7a29716cd64655668c0d4183bc002,1
0x17f0232063cb886e1f31840191c5c1d8d3784ff5,1
0x17f222e1f264939c8612aa857392331d153519a8,1
0x17f5b19015583b2d9a86fbfeaac0c160e3dde9d5,1
0x17bcc02d23970dc0e30f66d8dd4cb3c1eaffb245,1
0x14f129a5857c5442451724ded1e3e56d0ea43901,1
0x14f1ef1822e24168caa191c398e22a0c91b34166,1
0x14f2c91a2fb664482c5a539e60a07543ee2d2236,1
0x14f8da3f7cd07bb762daece7c778aa82ae173d34,1
0x14fcbff7e2259ed3ce06cd3223b32b1a5af37ffc,1
0x15024c5e1a32e41c6f6894684ed43b96648c6032,1
0x15029255f95ad69154ea76d5b41b51fd7b5cbe47,1
0x1502b8828b2f80d5c8c60d48f073d595fdff5591,1
0x1503751a8458ad2349a4f113c97709807d04cc5e,1
0x1504f177908cd60116149f1eb46ee4434f826ce1,1
0x15069897f1545e1387a2bb5101699b8712c6a95d,1
0x15132bfee8ea9df569e60ed9f9d95c20aabe011e,1
0x16502879bd9441566ae898bb4935da5a26459085,1
0x15138da0bf8b3fcdf58c246cfac7e4ecce928a2f,1
0x1513fbd2bae7aa9f05cd7b0297b4bb0a27e18b98,1
0x1522dfec54cfde9a7d1d9eef7d7718a25c508254,1
0x15253098f93cabf8c8d8793a6edb3ddda73bddf3,1
0x1527a96c81f604191242be232211614982a3023d,1
0x15346cb5643c4c59d6ea7aa81ab371d9eff7a794,1
0x1534f4d3cdc7cfd030661901ce33bdaa76e74e7c,1
0x153cc08ff7f694652d8d1b530a1c583e861c199c,1
0x154110094108768fb0f94bd294dfecaa580e9ee6,1
0x1542991d675fb7f11335b07202e781d2d014e71c,1
0x15446956c7c5883c5516d50548bdbcb93ed7ee7e,1
0x155295d35d5871b7384a8683a4e86d5dd2cb0614,1
0x1513879514f13928188c9b7afc768a30a68e2401,1
0x148bdd2cd070bbb0ed442bc1701bdc11d23b5757,1
0x149260dcd85f3e6ce16e62350edf0f57df31e28b,1
0x1494706cd8991b2773997794229bdc5d0ee818ff,1
0x1494d7244ec42041f244e2bb5895e13d8923ca3e,1
0x1497ff60886d39a6c47f90d7a5265d97a8cd3a0f,1
0x1498c53b55834dcd3342b1e83ffdb00b6c54981d,1
0x1498d60422a3aa5a0a2f1345fd22262e4982773e,1
0x14a0cf0f367d9f89d06a9dde653c94fd692066e7,1
0x14a454ad44f54f1fb8feb0f2bf06c686501f69be,1
0x14ae266fdd1a08515bf160ef3a32968520b97946,1
0x14be06d18f82db16307cd8c9d67ac21818f056f6,1
0x14bffe42b352800680de7c7d14dd7127a9149f18,1
0x14f0c320d613aa2dab9d2cd6d8c0533bc24143b8,1
0x14c1523008b3bd5570047db620e8ea676703ee62,1
0x14c30973c6af6c205ae608c6d5474c7f692d8c8f,1
0x14cd46fa5117432e8cdc7e409071785807f52dd6,1
0x14ce51d4a599a52466bff743580d7fb5710e5f34,1
0x14d2127bf61e4ddc0abdb1d7614cfe338dd95509,1
0x14d2e124b9ec2792cc22d16fe1073cf3a0be5aa9,1
0x14d44c03224cde72a39b6676099b909168d374b0,1
0x14d84f1ac448c08610bff75cb168efccae53b91c,1
0x14d9ed0ae77a0a21f2a16499868466a01e3cf0ef,1
0x14e25cab5b1036e7276dcf287e1a660ed83e936c,1
0x14e487b0ade4b1805ddf918702f6d7514543df6a,1
0x14e56e0df7a8a0e6e5d6e82a2237ec3184d889e9,1
0x14f085049282633682810d9ce8402c6d368c5226,1
0x14c1071e485788b487095b62e26ef5ab304e221d,1
0x15ebbe0fa3183b9a59ec2f2145ce869af0bcef01,1
0x15ed56c7eb1383ff50b7b0eb5aea716cba6b235c,1
0x15edd9ef98431bdc9b85f1dfe9e7ad90e13388e2,1
0x15f03cdc19d61e190184f20ea273ddb42ca002b1,1
0x15f0ea45e020de49661998164ee0d0932ad47d52,1
0x15f208519e8180dd777eb0d1cc436c4bc0d2fff5,1
0x15f4baf95f3056036414e7d09eb6ed802e2bae4d,1
0x15f4d1a74f0c94407019613653efbb4f27abcfb5,1
0x15f6659f7f18164b5c8eae4bec389203b0f04915,1
0x15f84c791bbc42f014eab50aca41083f97e6d66a,1
0x15fcb8a47574ee49998858eedcc4d53b9e689f05,1
0x1600b81b5f15f2fa5c511b7e9010ad4ccabab8c1,1
0x1558d813285933b606fa18140a255c0f9825249b,1
0x162155cf082ecc2d281643e791d13bd2bdfe59a8,1
0x1628f0bdd8452eb25192cb916c6cbc7a0e2f981b,1
0x162e19bb5f0b8b5a2ebb663a732526e86d86e0c9,1
0x162e3b7af3061eb6c5c1c5a509d772a744ead358,1
0x16310f3d67d1d28f84bc4813cbd352884a5a7cf8,1
0x1640665192175eb4000c7ac636938a55e896bbc2,1
0x16443cf0ae4df7ef9acc626b620926349e4b1738,1
0x16456d812dfaf20e25a39909f131fd2bb55ccf90,1
0x16464979ff07beffb69f1216b28e0aaab5cf34b9,1
0x164903f2eed44d51427dcb3982bbc9164e07fb56,1
0x164ae8ab969b44ec83b18f45d5c6bc02c4e78a2d,1
0x164b87bed6b9d492829e812ea08f22e86c016c76,1
0x164cf5de221265c8e7cbb1b0bffd4c71cd60b09e,1
0x160eeb8c1ddb1997d8686bc9bc5b6c4408606739,1
0x1558f944cb5ae63c529e39eff4fba872dd634787,1
0x155eb64ccca7025100edb51bdb615f9bd37675e6,1
0x1564b995b65ca0f2f922e4abf01147c80c80de9f,1
0x157cec084dfb2e5ca93a0290e174ff8978b7c989,1
0x157d039ee7c350cb2336ec8352b09374178220f8,1
0x157e1d32b2ab67131adca21fba4ec926523da841,1
0x15812e57810ff4458ceadccedd0dfa2e3168004b,1
0x1584c6f0a88b50aaae5151c969c802e2bc9b5f5d,1
0x158654cb33eaf869b18f975969aaca77d8178711,1
0x1589604c19fe5246d06e891aa43bceabd53f1adb,1
0x158ea6bd3a50cae6ef90b41fb51e1893020487be,1
0x1592f25efb63371996a7a53cca750d956076031a,1
0x15eacce102b0277aac52e0014f32d0854ddf6658,1
0x15a38610c6199db39bf63f82417dd3c7947bf480,1
0x15b33fb67e775b5e6ed11f9aaf657c19242d7d1b,1
0x15b496fcb3e2ff3af9b8d78e359ffed84ed1b71b,1
0x15b8ceec9120d30c7284d9d5eee9efb3659211ef,1
0x15bc8ac467b479219be120f899aa7ae44b69a2ac,1
0x15c19494270a897966358e1c39f68ecc28428478,1
0x15c46e5abd8caa34d7650d5136ea0ea034afb96a,1
0x15ca89f823e4b3f674d2dc1da52f893aba1bf1d1,1
0x15ccb8c1a337236aced2138f87f986234a7062f2,1
0x15d8976a97f70fbd230725d6bf52d559a9a5d505,1
0x15df518d2e2f3b60d5d91d9f1747f778eab6368b,1
0x15e00373cfd6fffae353dd9543d6373fefa9b033,1
0x15e9bacff363d70307c286fd1be9567a27504271,1
0x15964ddb08441845b327b5ab630604f4420d95d5,1
0x71ed262c3be76c109a234e3db1696e1be5eefe98,1
0x71f39912a2ce9127de4ba89fd0233e3c224d9a52,1
0x71f5ef09f6ffb881eeeba7a9827aebdd35b4dee2,1
0x71f8eb1a726f51ab56e31f7067ed5b298e457214,1
0x720f098ae49ecd5fbb1da1af9b94b7193865a368,1
0x720fba014e4225343e8436487bd990ae61ef5132,1
0x7211331875135029863836233d3caecbb4d98743,1
0x721269ec5497be7bbbb3158bfcb871fe81a483db,1
0x7215194439f18d7c08e6ea07a2f7321d56e3edc1,1
0x7217f9a7ba3dcdf47ae84e9e6e4d43c58368bbbf,1
0x721e0576db348e39ab3db35a068115fd02661fba,1
0x721f9559b789afcf90b840e36992aeeed2543dc1,1
0x443603648e5f4f88ecd80d6f74d78f030d250a10,1
0x722122f8798c9c05d570bc73f384d014b14675e7,1
0x7223c0ac14b55c118f29315eaf1c9ecc11fed37d,1
0x7224a2758ebfa5dec060f18a3b0ae4738e781eac,1
0x7228201f62929d573ce7b0dd6f01f57879421395,1
0x72331d905b6eba2f0717a979c71a519dfee70b8e,1
0x7234d66047e8cac14a3ac5370fb0196f2619a88b,1
0x723d93df6881fba4a8ebeb1368132c4b210d6723,1
0x723ec4c0314415d8d61ef4543e2b857257541ed3,1
0x72427e2b756a077e769a8e0ad38fb024f4c87028,1
0x7242a5341e542dc5e926951afa0eb32ab0a3cc89,1
0x7242f4065039bc02a75cc79a38f3ea52d1eafbd9,1
0x72497746bc6138a17bf8f7451f017d1df30b17fd,1
0x72204c1aff50cf68f40964c3ce04e10a5de2e9ff,1
0x71548a58bd7dbcf5d8340a0ad9c204028cda05ad,1
0x7154945198ec7a30ad9c727d42ba46cc7e06ff0e,1
0x7162dc12a833e6026d1d9c6102e6ef5b816e904e,1
0x71680565548edf08d5ed95f6529246f33a1aece3,1
0x716c8ab947cafca2fdcaa81e470065471ec379c1,1
0x716d04d25af10801ffab916832e5f750a901b924,1
0x716d60e58906ff03a3738da1fda7368af110fa10,1
0x716dff38f92d578ed293168a75ad6163438ba50b,1
0x716f5dcd6fc35887959069e278ebc71c3cb1ec3f,1
0x7173e5ae8af6b6dca45ab6262fe044bcc3616e18,1
0x71780777f3102f22f47bd0eadfad2339fa5e5487,1
0x717ca1ebfea02726bb45bade1894c7bcac0af794,1
0x71d4961e359a396418575f092aff986180afdc3c,1
0x717fa612d84c5746a6ef7d5a070a4b50e570a293,1
0x718384a5cdc2cec644c9fe01c70811f427f126a3,1
0x718b1f777646b145710169064023809a355bee2f,1
0x718d14b9fe595187d2c1bdd481e780c5caf39f30,1
0x71903c929837b7d28596b573212935caad5f2bc2,1
0x7196ef1a290e6b3d0d6811ba2ae55de7514f6438,1
0x7199caf9162dc30fbebadf49e5f5d90656222d78,1
0x71a15b8f3e8c5fef18534433f878722dd678733b,1
0x71ad5371134546a45fcd3cb6a28673211f752ebf,1
0x71b5ca1f3338c48bf8231d18620060ae04e7a837,1
0x71c8fdaa740aa17abd314477c0a22bf6773d3418,1
0x71ce90495ff705521c71e6e0e3ff127ed1e779df,1
0x71d3c8073e3788ca3d6166d868089da183c309dc,1
0x717f7448381d7f290d05350d54575b8e37bc3edd,1
0x72ca96f977fac06116be529d24927cf1de98b12e,1
0x72cf5d32a3a5688085f4a70bf26ee998e93959a0,1
0x72d22386c9b3255015518a3639e6c405186aa485,1
0x72d5d8f2fb99cc404d1060bd36f5fb7216e8fda9,1
0x72d84d2bb61ec3d791d1fc35b50414430867e3af,1
0x72e15eef47267b3d6cc11482abb8797b5f41ceae,1
0x72e48282bd0857769a6ab3c18363b064ca19e042,1
0x72ef20b565cfe0afd65da25f92935bf7e35131dd,1
0x72f8a050f769dd41f0f67249777fb650442e7866,1
0x72fa8327e6a762de4ee2be9d51bae745bfdd7d74,1
0x72fc2ea9672d570d9aeee4262315785f4f88a7f8,1
0x730051a719214d912ad951ab88f9266c6661e7d2,1
0x724a3e8c80f885472a43dd20d21f24243a6d6f75,1
0x730a406f5c4afa599cd8e7a5f530d1dc5c9731e7,1
0x730f1f05c8f8189e278ba53441c4d59c02e1ef3c,1
0x7312dc1d4001b1ee65e80556b98874bac03e0d26,1
0x73262aadf17f95620f40b5e2ec0b4073656a7fe4,1
0x7326c6c436f302f517c1fd8bae881d85dbdff03a,1
0x732e47069becbae8b2b4055093c6a1a2924728ac,1
0x73342d6545b5a50a2345b954800e57375b64a337,1
0x7337dba351c5be29f88840fddebac155201b614c,1
0x733d2a2ee97567be56b03fd6314256aab915ec91,1
0x7340c32347446166483f2a6d572b6a59f591c824,1
0x73482aff096109c40cf2246cf260a1ebddf05dc5,1
0x734c7b4ff897cff61975be8d6e04f6423393eb53,1
0x7303d59c22740627c5b39aeb675e79f950bd7e11,1
0x724a89d59fedaaf5955b38f225f42250507fd62a,1
0x724cdc7b87bdd94ec2ce7ae648c53e096288bcfb,1
0x724f7fb2ec3b6d6cc5888c1a6198d6049431cff1,1
0x72523a5c33b131be2c3fa35f6ede5efeb1bdd295,1
0x725e256bd0922310b7330baf375d7922e0b6e66c,1
0x725e7e72e789eddb47b94e63243b83dea373a665,1
0x7266a17ac19251ccd5346e9ef20fa1ec3eec2540,1
0x726bc2d309ea0356c828be21fee8fcb52a90184b,1
0x726f03962ea6d17567d93a50964b9d23cab160e5,1
0x7274f0bd4f8b2064f1cb89abd7be098bc1affc3c,1
0x727a2add73fdf2d07be6daebe8911ccc2b897b3b,1
0x7283074a2d540adf3bd1a53744a4e056c57b0137,1
0x72c97a9e4bd459ad0cfd5eb4936dabbb27a8b0f4,1
0x72938982333959037625e0ef858e170cd4b82f4f,1
0x7293d0741b4e1506f76bd737985e94f687e35ef8,1
0x72961ca3f665d60e8f487e89e36d34cc0377b5f8,1
0x72962aff4d7c9bf3a689d5243a85c4e1984491f6,1
0x729646e20f4c969198f50a9ae50b50a4423688f9,1
0x7296d0aab0febb9d6ab386597715a1a76a900f0a,1
0x72a08d7b29a3792e867aa770acb1e5303e4d7f0d,1
0x72a2c809e21081b9da22087595f7baa1a38b7ff6,1
0x72a5d761f9f8a1a33ef7a0c31825067ac58ace1a,1
0x72aae0f6e859d0ae6f2ccb675c9278364745bd4e,1
0x72b0e9302d5bd9eecc020672c8d88dd7b91ea1b1,1
0x72bae53f8837333748266fabeb300befc8f9fd6a,1
0x72c2edeb144d78fa21ab36dc7a5db8a00978b849,1
0x7287ce3b70d4d8154b1c33104c38d099e335efa5,1
0x6f8307152b66f6188a27d82245924191cf717867,1
0x6f846c56fc33ac0d0059aaa24bf54b00cfbf1468,1
0x6f8539c14a0a005b84c6008c1a785497f3ed4f27,1
0x6f86f2f815a9306b2d87377dc0d1af6a3d6dc604,1
0x6f888d11baaae2fa5bcc092bfd4377dce974e239,1
0x6f891eb20fca46d2d4482dd10cad7bdf74dc0bb5,1
0x6f8d04000f9b1aeb1281e15876d3072c874fab2f,1
0x6f8da5e4599995079ec690296f2252490547acd1,1
0x6f8f371628ea3c0c9317861ecb289314f9d7c4d4,1
0x6f9059bae7d443cf74e134e121e969f156e31722,1
0x6f960ea3331acfcd6a26b68919f6ec4f302ca97c,1
0x6f97c59e21eee8b2a7a3290bee324c595173c284,1
0x71508d53d39baf83c0d74d56a9f169e6eec8f987,1
0x6fac65068be0dd78b0564cc497d59d1bd6845230,1
0x6faeddfe34edefaa5801193e77e7270f0ce272a4,1
0x6fbf6988075781134387efb256622bc973b36b27,1
0x6fc075b73964e7a8c5e0d05d232a201287945d79,1
0x6fc326654aa9d2011c0cfc68fb99eee31dc79225,1
0x6fd2e5871b489eb1d081fe26a229ea90b1026466,1
0x6fd8cc2f170d5952a1a0d105db6f3ce759bf74a3,1
0x6fe28a24c1d908bceab62f6c537653143ae78a52,1
0x6fee29eeef7aceb6c099acc62e1aad408317df4d,1
0x6ff151115bcf19731c9ed865ce1c57b76dcf095d,1
0x6ff2b595dde0d7857cfccbb160ef355c7deb97f5,1
0x6ff7d3db390c90b2c1c8cd6bbf5c0ff6023130e8,1
0x6fa43dfa2a91a2748642ddeb86ecfa7a1a1d9a13,1
0x6eebab781b47e9bab71b9847eda67813aecbd3a3,1
0x6ef20cf863b942754c7ec3f00ab0da97d7d68ad0,1
0x6ef45ae1f799393384058c1fea7126992043bccc,1
0x6f01d0365917ea7906d766504a36ac297d7cce9e,1
0x6f06214acfd440e616c5ad38f917b68a282a9d1c,1
0x6f0d9fd139d993ec02047ea570b7d77c4c14a92a,1
0x6f13684669c21391ca9a43fc79f4f55e6fe21682,1
0x6f143ff74f8076a4f35422847b8138443a4f6201,1
0x6f15a8b7f531640c5b981af44758de23c09cd3a3,1
0x6f1e4af7976723b41d664c0c0a5199dde9d3c7a4,1
0x6f23c0c1df1d3f7b4ee35dfc4d9fcbbe02f585c7,1
0x6f243e593434ffce51f963f8c5d7bd8760b2c4cb,1
0x6f7fa85aff48c3d38a2f41154d30e2b6044ae639,1
0x6f35f280928931897564c5db9c068d635c4ba507,1
0x6f44a1b1ed2559a26e6d12deef0a8b84d9c33c03,1
0x6f45142564d0d569bdc943149de1f3f831196618,1
0x6f4e2b03242b12cc1d44246570ec7c274ef41af4,1
0x6f56acc24498c3e9f0db7d6ce0f0a2dc5810502f,1
0x6f5a33d7e2ccc5181690184f365ccb1432a75b07,1
0x6f5d98ad8386ea0e577152edf812535c496861f7,1
0x6f6041556e6fb25f515abda67b7d8df57663f265,1
0x6f652bfb7af145660c1123902744266d8fa51974,1
0x6f73c2f0640528bd56d3b5f5744794b271b9eff9,1
0x6f7472cc79fe6c0c5780d9917454c0faab8ede85,1
0x6f7480e806017c0c57f6fe7920ac1ced060fde75,1
0x6f78e1854dfef90fcd33a029be81951958970fc4,1
0x6f2da856f448c2a8008431aa3d16d227f2c2db4d,1
0x7090c2181f79d4023ccf67910e3a27edb9b4fcd6,1
0x7094b7e7e728b5fcb819aca15b51ee5250e339dc,1
0x70ab92f4dbff5270830e61bf8358a64614a01817,1
0x70ad457de45693efa679718839bedbd9322a3586,1
0x70af0f3f1e2991acfa5028a14eeeb16c6af792f9,1
0x70b11f710d95fc3b3ee42dfc4fcea40124bd6df0,1
0x70b2719098caa1ddf74d2c8160f8193aecbe867b,1
0x70b791ce7514e982f18503a39c6ee8f5ce91182f,1
0x70bb4d6fe83d9d2242d2748f4af824b6f938030f,1
0x70bde14a67f6ccace6d27f07b58c96c6c6bf9dc3,1
0x70cb60e3873b2acc5340a997e8dd990d9c55e792,1
0x70cefcc88a3cec654731ae99f449f7c193d36daf,1
0x6ffbff3176d205967d36a75be9e2389f965a8094,1
0x70d8a86882c4a87174263d7f1ac00243c1967253,1
0x70daac01ddc094534f616c3656de49bc607c3870,1
0x70e4b530eba73c00fb72639483620fe97ac2e304,1
0x70ef835a73926c472bf1a570e4d907be86d7515e,1
0x70fa374032a72d4e57447e972b23f1ff1d85aab2,1
0x70fcdac8822f59574d4a4d36fe54f1775d5b982a,1
0x710508687bcdd306db4b1d42f843fd54477ca068,1
0x71082942f879c44e17b3e9d4095f79f519e61094,1
0x711b77b7f7df4fd5b0a0066aedaa2d6d9eba6cbd,1
0x713460bffb4eb8ece6a409a145db8f7869de7c89,1
0x714027dc2a28eddcc9e44a7b69e018888705850a,1
0x714657aa85a7ca61097e5d63845e4cfa46b00fde,1
0x70d64f01e0d74c15b28433c5e4ba6419f9616f03,1
0x6fff495aec2458def655d00a85c1012ede74a863,1
0x700003dc8494be6884c18738a6d62c82c6545ca4,1
0x70136255711db044c5b6aac52966a75a6f6b4b7e,1
0x7019204d51dbacd2f858b20c1aa83809cdfc1fec,1
0x701da24a87371fafdf37ffaec53ea6d29787eb10,1
0x7022c40b4e4f3e029906caf49d52a1a0face6b9d,1
0x702af0d6f60e1805db546a98de678a918a9c03db,1
0x702e23d61e6e270e9142b212dd7eb3543b4e3033,1
0x70349e7a66929c89647ccf84e92f6da582ec5aef,1
0x703a6aa14e5de7a736a6d27ac70ebd2162c2f255,1
0x703f303de9275a9cdc0a0faaa305f1e5dda849c9,1
0x703fc306369350c209e40fd8a577c973ebfbb64b,1
0x708fe10b7433242caee350e85481885bb33c8b97,1
0x704882707f0af0cb771e05c9cb7d73c8f22f9a1c,1
0x704a0ca4dcede6c500e3933f30b194da786f228a,1
0x7052ddf8ae97d4f273daaeeb6c31bb3e5e83904f,1
0x7059530f837ed05bf39a8575f4a818fff969d1ce,1
0x705d690bb5a756921f0b7985fff5d700d00962e6,1
0x705e445fd716a7c3c7d54463fe2fe5e73c6bfa52,1
0x7061373fb6ceb02301878631982a9335e7b514cd,1
0x706ec653ef1bc87d2e627f5a73540f4f9d0cb0e9,1
0x7076964ea1d6cab9653480c389bfa77f8c8c4f24,1
0x707746244873802173c171866bd8022cace2aa81,1
0x7086fd24cb82094ae01335572b32d3181bc6b9de,1
0x708e0af6774fe3a8849bf8cbb15816797ba40bd7,1
0x708fba3b0e88e6ebb64c62bca26af9cd878d4a4d,1
0x7042505e189db3994fe00952cf2534e515d6025f,1
0x75c2a7fa54460a43cb656e5d0ebc078b450e5b4e,1
0x75c3c2e1f9c38db808b9b09b4d94b170757e53ab,1
0x75c4a8ff28393b1ca18e265bf32fab1f330ac794,1
0x75c92a071ffebbf530aa85437fc599f7582b61ee,1
0x75c9aeb2d9536dde25739dd3f1e085914cd9938d,1
0x75caba194406bd6136bb41dd2a6bb4e666edcddf,1
0x75cf1c9397b736848caeb7866aa3738f73153870,1
0x75cf515d051ef4c01f95b8710175ae76349b6218,1
0x75d45e91b4f8003733ec35065fc1abdd8f510b3c,1
0x75d88fb3ded95b803915d16323c0c00f6aca6c27,1
0x75da0d6b3c7e33ddb3b55bd5751afd05813a5c2c,1
0x75dc9f3c68fd0b6c17c5f685c3b3489fb4b3576b,1
0x7359637d541aa57e539aa541fd47c0bbca8385bb,1
0x75f77243947611ae86d34eb896b1b5a0a003f86b,1
0x75fe33c89dd57ac085590126b29bd2ccc1f24177,1
0x7600c6a776d5f62ab8f90f37f629cd0f4f7e9907,1
0x7610d6cbbd11fbb214b6255c45920565eed4d226,1
0x7613044879990288cf7aaa7663a803b554da3974,1
0x7614c3eb771b9c8b1815832d9dd47519fb92f516,1
0x7621ea6d395007cae116115b5341d159cde86cae,1
0x7621f5c7eb169940eb4d33fba904d15b404ca4da,1
0x7622dbba2a2e296632de0c161bc12cfb2cea51a8,1
0x762dcc99eb099d6d2e32cd675f855382193ec1e1,1
0x7633c9b514bf2c8885d3993b439fd634f8f4e213,1
0x763917cc5f2fb56c0fed498b8b378dd761c78f3d,1
0x75e48ea7442b7a0e7df2baa3ea7e67ba25e13410,1
0x7535c6d5aa9af44293bc17a85f5b36a6c167cb04,1
0x754118852398f43ce1e7c0a01954545a216b8266,1
0x75492d940446d2d3a55e64b08aeaf1c4e4875400,1
0x754e2f108031a44410ba956147af19d74ad4d590,1
0x754f32fb8213a5e54cd76c90c7dba33ee45ca070,1
0x755466f75545e4e2ed2fe5814b1c488ed275a142,1
0x7564c46b94f3e129b796872d646967d45a0cdf7d,1
0x75668213d71a82ba130afc9e78ffbb5689a02daa,1
0x756e8f08e9f0f8543bd559ad66916d6fde5040e0,1
0x757a842518def4745f16e968f8d8eec802257bf9,1
0x757e4f450f33bb7b62e4395e39ce5172b9877339,1
0x7582cb4a0197c9d43ca720775582a2fab1c5f51f,1
0x75c29b8b090bfd1efc8be1d03fe5055fd0fe75bd,1
0x758d0ced34595f25c6b88e65c18811538d8bedee,1
0x75986a422ade1ca01d91d2068092ce57badc8bbf,1
0x759b55ff35ffa8faba60b16db83cc7e5743c63e9,1
0x759e1c6da194e61be3d22e2498b516b34a197b9b,1
0x75a982ff0c238d872f3bc0b7d9789a27f7f1add0,1
0x75a9982d581194d8e6ab54af44a6f22f141f5ccd,1
0x75ad08a4819d0ba5329c5421046e148ed47595ca,1
0x75b1b62443e9335c9234a4e8316c4370349b08af,1
0x75b879ffe6fe163fe982f6fb81d141555b2d0f0d,1
0x75bb4eec6ac9d1e788e4e7c6c9f5d540e1e2df0f,1
0x75bbdec5bd22ba232ab8918709273394da8cb3b8,1
0x75bd38d472e3708610b5c0ba0e76504e5ec5274c,1
0x75c1e083e92c5399ef253cb3a6a99290821574b4,1
0x7588c3675324e5635d59129330988898714c53cf,1
0x76d7cd04c6686e18a2e4a8889ea817283b5e7af7,1
0x76da253d35f1a009b98a050891211f032780f1f8,1
0x76dd1d1cf2df54c17983b44ff6572577dd2cb509,1
0x76e24f5d7a2247162e5597225c2d1d878ff75140,1
0x76e43059821a7711ba0e4ee447ee2055d043d2f4,1
0x76e5e5295745fe2327a992e945cc7e56b31ae87f,1
0x76e6be3eef3022316628ed4209e0841cd3ae5244,1
0x76e800e87e08d6af96ff72d41784865a300be053,1
0x76ef1e34256e0b6c5bd890bd996cfc385919372e,1
0x76f5b605f34b8003cf378599c30a832599242db1,1
0x7703e8995ea566e6586b6a377c300715d7fa0aee,1
0x7703ea0c21ca62ca20ee9030feefd57d09d18a0a,1
0x763cedf4f92a6edea0a9d591817e495c6531e083,1
0x77286f1b692e7d886ef461d2c587337219b2ce50,1
0x7728d8339a28abf49fa7653f57f0099e21818b8c,1
0x77310693118328bacaf83375604864b4eac6519a,1
0x77311fc6ca238dd6dc04feb39b215b9e527ec2b1,1
0x7738ffaeb364cba18acfb4abb6eff9b807596ec6,1
0x77397cf2a0497096723f49daadf0de33f0f9348b,1
0x77457249473e7f4fa60e85de8e97ecfb9774b1ad,1
0x77459f19db8be378d33edad1dba1ab4a5b16ecf5,1
0x77490f38f4f719d51a23f0f68ad098dd3f84380b,1
0x774a2a2d6a78035eb29253a8dfd57eb7f1e2699b,1
0x774c5bd024339b129c63437d175d0833926d088b,1
0x774fd6a6631f9b1585216c0e72903bc249202168,1
0x7712d4479af0642f881ded9c7c936955e761cef1,1
0x76427b74fb1a4da6e0ea7a1ddf8190af8ef685a2,1
0x76431c2b5187c1e010c9b992755342d66467fb15,1
0x7643a23829c7c31e6f248d2e5203c3aec6d532b2,1
0x7647316806c6198e561578c9620658c0776b1456,1
0x7648ba073e223c7c2f52166d5c6bf038f245cbee,1
0x764a517ab501e2dfc951128f37c799ede5223692,1
0x7657c72c41cbcda7de5ba9f0f2e8122591a907df,1
0x766002c11d3c18f8799eba0d36e14a65bac4e8ea,1
0x7668462373fbfa9b5ad4b3ff6b1382d2363a0850,1
0x7670c97ebbd5588cce4cf3583770beb60dd0db3d,1
0x767924ee3cc18a8ac44da4bb12d3ff08d891e1d0,1
0x7688984ba0edc2a90479bdb76b9a4ccd6c350d9d,1
0x76d69bb97f5560494053dc4e084be0d05611946d,1
0x7696b48dc3a18bcbc5f083476842361dc708812b,1
0x769d71840eade53e013a9c6a7ae49b662abac4d9,1
0x76a80eebf97d76d21c7c291d77eb465b6ab47c27,1
0x76ab160a76974b155e65ac0c1f304c8dba15c28f,1
0x76b4511867ba636d0b482f0df64129fc22d352d4,1
0x76bbdd2d9caf3cf26071e4d7e9f2117a8c7695c8,1
0x76bf01775723e78638e9e41eb22af084310d2e55,1
0x76c8a4ba39434167e7bcabd57c1a0e807fdbd4f0,1
0x76cc0108251f2e17ff4e436452dd3f3f92d44d9a,1
0x76cca7fde71d00a80fe8fe1168cbdbefde35fa05,1
0x76ccc0d8ab4431fd0b36edfe9e465a26cd22db87,1
0x76d30746a6e44ec4f26760ed122bb3f400dc6e36,1
0x76d4f2805de05a83a22cb9cd7ffd5f004acc182c,1
0x76967af1e2da55a2d32017ace7176a6076be59aa,1
0x73ba769ab32d670a9f676e34d10fa0268bab1763,1
0x73c115d9a63669236ba69b8398f1d4a3eea3ba4c,1
0x73c3bdff283d7980dd7c240a469c3d57bfcbe755,1
0x73c5d77bad023015cfdbc20fe82b9d46ffad6a07,1
0x73cf1717f47acd958fa78fab30f5886e9b2870d4,1
0x73d318d1e94e639eeae24dc23a99f10470cd67ae,1
0x73e952e55df6132db11043ab2192850abaa2990f,1
0x73f4c36f950da71d546dace1bcbf49c3c894ea29,1
0x73fafb5643c9929ea3324cc0d32f1b9b21e6c90f,1
0x7400379eb434ebc29a563911eaa4790a61d884cc,1
0x7401326d0fb059c53f932082134059653153135e,1
0x740f66be3601652dbeb6f491b33e92f7dafe1cfa,1
0x75332a74279c8bd1fdc348319ecd779427c306b8,1
0x741136c6156db5dc2b7b94228ed16c18d508acb3,1
0x741a854045597b2ea7bf02f5b632235fc8cdc970,1
0x741e6559738896d44ebb850dffaa7b7f0c00c409,1
0x741f422f46e930b42b538752e32bcc961dfa2be4,1
0x7420a1fa6ac47be02c59041b872125e72cb590ae,1
0x74222d42121670f59b5e15aee2b6b3dc52dbb61b,1
0x7429901ab7d6f690c1b4ad9900d462490bcb744f,1
0x7437e0a1f4ccfd635a1087595a7bd9904d6191d1,1
0x7439da5b78d363f1280306267433dde2e13092c2,1
0x743c5e11700c5d5ab1001f013374a18bc97180a0,1
0x743ceec4057a862fc28ca82f249c00f66680fdfa,1
0x74474146ab3a1f949f4b68904e40a9a921ab0c77,1
0x741084848c18a4c1d16c852c4a49bcf33a6fba99,1
0x7359d0b168c6518c7ddb60217c30a7f627332bb8,1
0x7363e2a54e54e6e9909792949f81825063b56cb2,1
0x7367b2266bd9b6168479532b21d9d864e9ea7e14,1
0x736d99f521235fe11117c8b8909a98bf82cca076,1
0x736ebe63941896735a4ddccff63b2806920cb571,1
0x736f5de84e46b370dc8dc937e31d8c08ff57c8b5,1
0x737272cb6a7bcf5f5d400237fa973c32682568e4,1
0x73747bfff6eadac5b30b2cf848e221c1dd07d382,1
0x73797d279409f33d14134a34a3b920b2446968fa,1
0x737c71b3c75932c4592e684bcfc2afb14d542565,1
0x737cbde3ed791d0c21bad28ea6194727b48ee415,1
0x737f68afa8141fc0ec6b416eed45872d03d64255,1
0x73b9972a830b46a924d1b2628ebd202c6c9eba06,1
0x738952f9814558a045ae54cc9fd3f4b0e78e2057,1
0x738dcc1f9d72f8f0124235324589872cceabecb7,1
0x738e281ded7eba83ae5fa14b707b458e3f7bb91b,1
0x738e7dc0783d4d172ae24f75a62bd888ca38c521,1
0x7390522fb34cb966cbeff130dbee8eee4e137ac9,1
0x73976a95bc1746cd5b3c1fadd0ea35860693bedd,1
0x73a19bfd07e191a79227e97cf8aedee06c49497e,1
0x73a1d5cff8d71ac1620a8b7fc1dffa946072589a,1
0x73a1d92187d52b27713cc2d307eaad1283f4e3d3,1
0x73a48034ee6d05381ad3b72785d68cb1b5b9be58,1
0x73b11f3c866de89058ceb3d2f14bf328a7d53453,1
0x73b4002c6d7d2bc5f25cf37ddb289bd88bd82e07,1
0x73b435710f7cbf87fcf1e2687d5bf7d49d0e85e0,1
0x7380bc7253fd9eb9442dae427f9e438bceb45d2e,1
0x74c8dee6a61d65053dbe24be985e9f2b801f2193,1
0x74cc91158da2444c73bf2ab7372351844d7b4b63,1
0x74ce7633aef407e26228e214f251786ff39cb9a2,1
0x74d0d0f7bf6508006212eccf95bc4ff97c1715fb,1
0x74d1cf2e51e413343e5d459ff9915336c0745c3d,1
0x74e028f8daa0993f078949cce119a336ee936ce8,1
0x74e36c6952e5041773170469366c644757f3e845,1
0x74e9200313bb80bb0ab2ff754752f3943c891b8c,1
0x74eb52ac063c52e3ebb8d938cd68dbe8a1485baf,1
0x74ec69f2dc9b9e545ef1f2c10da6aba34153f426,1
0x74ede0e08b4e7702266aacb6cb5d1291f6ebb0ea,1
0x74fb461c144530ef26ef9788f0b0073df65e7ad9,1
0x74495e15be24f4f5623266bcefbe45dd29f47e68,1
0x75151c55ad97f642d4e9a19166d8862c1fb1ad09,1
0x75159b69cc5fbcd64890ab69babc4d022659639d,1
0x7515fcd9576890ebe80dc409c9bf94a0ed36067f,1
0x75169fa187c0728f0e31e802f2526c3c73a06d3b,1
0x751fab022e118c62675c16abdc0dfd67bf23cc6a,1
0x752263a1a4b80d0d73135f05c2908ddd22b08d0c,1
0x752264df7b28c2a346a1522c8d234cedee2e38c4,1
0x75235483a3e5f61e49dd335f1207231dcf176756,1
0x752489d4b396d6eb68de81c14e9bfc7239221946,1
0x7525ae27d0a144d5434104b84fa920a7f8114e63,1
0x752a021b6e4cec9ee82b7ac8d2a8af823fe2bb1f,1
0x752b67f8fa6690491799bc07c5fffdfdf77dbe4f,1
0x752d9281474592de18374c311cf1d1e3075e7fae,1
0x750ccd241459407bdef9d835bca7a90e6e8eebc9,1
0x74522631dbdbb6cca45f825271bfc54d962536a8,1
0x74528fdbabdb6228d2df60989ebcbd3aa64f9ced,1
0x74535a16844b5b457fe5217f698117b2d2b6ce67,1
0x74589eaf3fc721f8bfed8e103b1808fcda59a91c,1
0x7460bb54157965b54f13117f52ad3a4b292331bf,1
0x7463671a28e154dd29597658f707dda1aee06946,1
0x7465b21227d196a775f6f3513c1546098288a7d2,1
0x74673c9b51a62774d9e2bc0e239a560fe1247fbd,1
0x746ae1e6f35fc2444e5f16d11185aa26f4f2f4f6,1
0x746b4102bd1a1d21c8b91475edaf58126563e022,1
0x7475c64fef1c39efe564f62a70ccb684d8d1219e,1
0x74789deb6e2c4d86ae8e65249c4422bb96ea8328,1
0x74b91065cbbe09d215460066c8bb6b65be40ca9a,1
0x748685f6e325e6f878f15572175afb7ebcc06b48,1
0x7486b0a0a5a8438ca193c36e0b2b2f821c4ce5d9,1
0x748ea3c969b2992cc1f1be3d0baefd1b4339830e,1
0x749081587b16dc92d895a068e47765cf2a3cf8ca,1
0x7490c6b8a2a732502c83f99aea93cd3c9de1b02e,1
0x7492cd49067d60532dacfa3fdcaa319a2d1276fc,1
0x74959c5faabedbc707c01fc91de0cef2bb089393,1
0x749a04b10e9f5fe119577287e3e99129218d004c,1
0x749d9a76f723c0511bedf2192fd6a884fbd481ab,1
0x74a0affe4c76400303eb90cca1ff2c18bc4c665a,1
0x74ab0298a3206c3e704966471e791498fbdc0bdb,1
0x74abaa45017f25aa8de1c3aceeb5c1d30d5b9fac,1
0x74aec2156eba5dd4bd93201c157492dc54906b3e,1
0x7482c4d87655890b4df6c0aa72d60881f41a9f08,1
0x692219d2e1e8c67a836cf5c9f0322310e0d35535,1
0x6924800e57c832934effec52adb153f177f0b544,1
0x693956cf454f33a6090feed37406c1c877e74285,1
0x693c2ba21e2681bcad0893a823488c6c19ac75dc,1
0x693d6295334d0d11ea5ff83e624b4194a3a3f82e,1
0x69440d9c4eeb01452b190aa084fa6f3b0280d730,1
0x694b5a0af8c0a810d4a09a833fd4c4b3c893067a,1
0x6955d2d36a154f7b5846147cae61bbdf4b2269a3,1
0x695b9c73a31b9acfcf9ccf1d6bb365f55ae6420a,1
0x695d4a61923ec373d66206a074be24386f4d3110,1
0x695fd6e17bff32bb3b9bdfb810a0ef73648f1fa4,1
0x696bc2f7240e4796d79c25cad78ed90592c7ae6c,1
0x6eeaa62f4ce108f874cce50982e1d9a131805491,1
0x6971517a020e8e8fb36e997164406d3c80cbdae6,1
0x697cca1ffea2426c879347f0c5fb6e7111d2f245,1
0x6984faef62793e32fae4afc72e5ae2366bba5619,1
0x6985fd267b06a2f04e408aad6758a81538bfd0cf,1
0x698b643c4f165d161f18452dcf6f240ff92ad956,1
0x698b858cc96d9c6757d036d30ab55139d26490c4,1
0x699082a8e7e41d09df8ba16c881d5bf0ab3e5d82,1
0x699191e2aef5e4e3772aae6031c3e5c2fe0d43cb,1
0x69924cb425add03b81c983470d113d663eb9a075,1
0x699587afa4a4ff6c9374c36d0699d2d8c2bf434b,1
0x6995ed6ff11265d079ae658b90b12a7e63f4a902,1
0x699d033a272fa9254856be19be61f4b64735a803,1
0x696ffc9d6883cc9a7211a7a1fb94702a82eba410,1
0x6883419ab15064dd220b58d925f14471c4ce7190,1
0x68870d941eac0ab4a6e6410ff1d51a4b2a00d24d,1
0x6888753663645c0bf1742f2ecfe2715cd699ed35,1
0x688a989b7af49c15d398b376ee97124b10a2d4e0,1
0x68957115447af93ef4025104e37715952f5c8153,1
0x689b2f44e6040bd1f52ac75398788438173b52ff,1
0x68a44e4062e0b347aebf1c699c1d58bf251c7a1b,1
0x68ad1ac3adadd4e555c397e41f86fd09c6bf5628,1
0x68b8150a2c9e48d0a98afbbe5a767cf47c92cc14,1
0x68b8dd3d7d5cedb72b40c4cf3152a175990d4599,1
0x68bf94ce725d08c1a5d72a73637c8fbb0d61fdf8,1
0x68c122d186806f43fa9fd9770656ff8bc66b0cce,1
0x691bfcfa798ddc8ccca3f8086375e3439c956129,1
0x68cc7bdddf658362057032c7a69ff86fc93dccf8,1
0x68d1b37d23508e56c4d2b472d67578a4d7eb36ce,1
0x68d7ab8e6e831f8998ab49e8f58fc6f30410b77a,1
0x68dba1364f4356c078dc5593651588e8263915a1,1
0x68e20e2a784466a38932cda3d89a0fbec9a1f0e8,1
0x68e8bcca16789e3fca0ea299c2edacd5e8678568,1
0x68f135c78bbf9bea0b3c8295cc5342fb2e4601a5,1
0x68f1c3a21d47412c5b55416437b8c8c62fd97eb4,1
0x68fa6bc8c46d4c4ccfa45fba0e0dc7f17aed5da8,1
0x690634a1ba2a31379da97d31dcf6def43e16452b,1
0x6908cc7a695bd21f11315b4ff93e07dc6bb9bd6f,1
0x6908dbce5bcad6a34a139719ae1a38620422442e,1
0x6918ad79bf1041b964bd622a1825d4273cc77d09,1
0x68cbda7bb7cad1a6b6ae684cc8d080b999a55f35,1
0x6a2c61a325a7d69a26899f794e8d1db1535eede7,1
0x6a2c920f96b2ad8a63532b11cb8007b5c4f6415d,1
0x6a2eb6eaa6c9a826bfe9a87926c08348851a1cb6,1
0x6a2ee10feab9241a53bea7f5482bddd952993313,1
0x6a33c36c233b6e33dcdf42e61a08e4f9d75f8b67,1
0x6a3823a830cdb73dc2fc1babada8c2fb602ca7bc,1
0x6a3d2d7bfbe9f747b6d22757fcad04485069f489,1
0x6a3e9d2d47f96c987612e5029a0b97bd64ab6039,1
0x6a492e69470eb2403a1420e2a110c94f88ca9682,1
0x6a536d8e343c265a338267bd88cd0b263d1ffd36,1
0x6a55c6e2848aa97655ade6fe25143da8f1d3c1bb,1
0x6a5c17fcd9691ff71d536dfb264b297d78ce6d68,1
0x699f892150205a5143b1941725232ffab69f2e77,1
0x6a5fd92054d0a4a2d8d25e650c1a3455c7504dcc,1
0x6a656a8adfc299d0baaeefe34011640b695194d4,1
0x6a665f068da6d1c210cbf276ad53556ec85e7d78,1
0x6a68c9d6e6c55a643890928865be07b985eb436b,1
0x6a72c8622f9599fc446d4d25a0026aa36622d391,1
0x6a7935ce2310e50f41f82b83570d94a1a878b4f8,1
0x6a837cdfcbf503b88593d23f9b165daf4c552216,1
0x6a84f86743826ac7ebb03959d9ccc820a84d8515,1
0x6a8892e6c53c284774b01eb09a5c75d503ce0f45,1
0x6a8ed19c28d3403c9f734c17f4f3b3851c960790,1
0x6a91cd8376022d6345f64b284f959b42b9d8e9da,1
0x6a94d849e423b5ac43f1993c71c0e861ab72a582,1
0x6a5f8de4ffec7d68bdaace66511051ea7dcf6287,1
0x69a1076865dcfc0445eea13bcd8212d8cf08eda9,1
0x69a167b3068de7b08c7a0f17637a09ba4764bd0c,1
0x69a3654abe5f55edac6a8995622b424b91386e4e,1
0x69a561835cde8d4200c6617b809a00318bce6aee,1
0x69abdf84312d9c9f045706a85e56e62f484e70a5,1
0x69b2b6d430060ca53c215eba84b807b5040ba476,1
0x69b7f683fd94f1a94a2a6669af5080e673e064ee,1
0x69c1b7f6891d52fe7f13aad349017f7bf07674de,1
0x69d581b2542b7804be2b22481d71b83a3c6e6415,1
0x69d6984843df427154961d0848c6dd798f2ba9b2,1
0x69e0eb94c234f2545412ba735951e3c8d0b479a6,1
0x69e9e86ca2891fec867255840f42e97df92561cd,1
0x6a2b42dd396f72fc2b2e5d3cdca0ed659a9aa1ac,1
0x69f27adae6919fefc0784ef9c4a7dcd41e3ea586,1
0x69f5fb28e96b78c6c7e034bd9ce9691dc837a09d,1
0x69f67792e5fae224691cbf0764d8aa07b195033d,1
0x69fb517b348bd0360bc2847064ef116ae7b64a35,1
0x69ff6ac42130552c3cd3dc07935cb439d6ed50e6,1
0x6a00bc107bcbfa199ed72defa0aa434d31de6ead,1
0x6a073d9148841bbc5667c25b65ac5e44ad613775,1
0x6a08e30020144fb2ee881a2c2d6a85e21b3ee7ca,1
0x6a0f68eb9c42a7d6def13a309950f4feb85ee28a,1
0x6a1ad310099189c0494509e80c7aad141028f998,1
0x6a1d5349cb953618424fd772ef36a368f5d88699,1
0x6a27abceb6ba2769e64e8f73814d7886b9c7db11,1
0x6a28552e4fbe1bdb4cdd515bd5369ba5d2595071,1
0x69f13824d07700062570408d67e490291f73d918,1
0x66ede5368bf0592a8d43a2ec86d6e084779edb0f,1
0x66ee672ed1e7d8618a312a7141daa7aaa962880a,1
0x66faa4a915c7abc8616f2913adbe5f1fc20603f6,1
0x670b5d59023ee428b21a2dad73ab297d80067b73,1
0x670fd09e450f4ba34f796ad03d1119f9437c0ded,1
0x6717613bc49a0fdb28ba7c68b3687cb9ae4317cb,1
0x671e60c9ca4171805a2d06534aee468a76b7f2f4,1
0x671e90797d91a151a4c08c24fcd74a89ba101b47,1
0x67260bcf7021364d14de17c9452177b9c65a54c5,1
0x67360802e2d6af9c2086fb6faaeab9d55d75842b,1
0x673633fbe7c1f114d0c2a736899e8b32720208ea,1
0x67385f4e6c73ae2994e0ee3092729a4f6c719fe9,1
0x6879ceec9ed418c51f6f5386ca91287d9dc8842a,1
0x673eb93dbf6c42ce8cdf062b543c395abad89ba9,1
0x6745d397128f8554674ba20bcc45cc3a7337dfc5,1
0x674d7785c44e689911bff78f8ba1a84f258bc805,1
0x675c06acfb596abf4b1673a9e44682fba6c80d46,1
0x675d9b3f59931e30fe95058b15aa73b1170ea539,1
0x67675a0a375a149807bcebdfbf92e4bad107e1fb,1
0x6769c285b8e2c7c549e4f99f97167c2e567262e0,1
0x676aa7337a7d9a1ed51b62261d3f6e9477202979,1
0x676cb1fe0f07ebb2acfd6b87231eea3c86405a35,1
0x677127df97279ea6010180b2409389f3985228d5,1
0x678695e2072235448e4994c774a0f663bf2c359a,1
0x67874263f46fee8adbcba560d8c6a70b7adffedc,1
0x67386d0093934cabce3e931b74c0112962d3b905,1
0x665e276cba4532e0023fead153b76361766b5d3d,1
0x66652830506205b6f262a6d5c6bbca505640cd58,1
0x6668ab692371da4c4ce756631a572decb2aefa96,1
0x6673817ee9102f3f890da9807cb0f64471d0721b,1
0x6681a2b74f5b5b65d3ce37ea4a0f4a174ecf7ec4,1
0x66875cc2e1d66c6801c1815e40b493a4eeecf211,1
0x669224941a83ee74759b6b9bceb1e1d2fd5583bb,1
0x669795ee8dfa9744ca06ebf8ae4a7ed0975f41a5,1
0x669905bdbbf42a55a5be7073f5893de36f53cf21,1
0x669dbfd0ba707d1e30ea404cc70887f405376965,1
0x66a04a943de8d4a9cd73343cfe97d898010faa38,1
0x66ad59873577e61dcdc818f10f4884a6072931f2,1
0x66ebd76c7c34072be8bc0e360d194f2e84daf86b,1
0x66b1985971e072fca7b68b018ee488c16a7b8eb9,1
0x66c0efda431bb205d9d7460ba3b5e40cd310924f,1
0x66c82e6e3e06fa5823de624b0e7512bb2b1cbdb2,1
0x66d0e7435e482b6eaf8fb8118fa590ca8103533f,1
0x66d8ee9ecb183dcd6b65fb894916efd90113c363,1
0x66dbd80191025d9c2d2b37681d31f79640c7c7d2,1
0x66e389038e795033407e2750e127c3d76c84f4ce,1
0x66e3fb3d9754163f62762689e5c972845ec8eb64,1
0x66e48d3dcd786a33a7cff4177854df607c477f75,1
0x66e58194471cf6d546cc60354d259b70de794235,1
0x66e67f7cd8f159a21c0e8dce4fb47865ba29022e,1
0x66e9e212200ac62631ed9e73bb3f8119ed2cb08d,1
0x66eb568a9772d1140daa4afeaee17c5137474088,1
0x66afce8cb8521b4801ede717df7d403bab04e747,1
0x67f928ba36d77f57c4f19e344b30d7da60ef1acd,1
0x67fbf08eace128e3c903e7254d7bbf083e6d37e1,1
0x67fe99f474ea4e357a3d81bab9b36c1c57596619,1
0x680169e2c1b514bea5139da9f9a493ab69165220,1
0x68041c77269b347866a5155ad7185c0c37683205,1
0x680fede99d1543d578052a8f83f1c741dd96e356,1
0x68125189574ef1fcc1a4d6849621d0a8ec8b8bf9,1
0x681e501276927d3961ffacee0f1143a85255f007,1
0x6820c6dd0651df3494c81657eca4e10040ad274a,1
0x6830757950b720c20a63d75d9e7a97665e875e61,1
0x6834d2a0ff630ca541566b44d9fee73d8308f6d4,1
0x6835669af95415f5eed6a045088dcd2ba432c219,1
0x67891e8574297d0e4b82207fe272474a8a6f7c15,1
0x683b0c8b504cf45d892686fc472f0a7f337543c8,1
0x684416d2c434d6ec542eeb6e688681ffaeb45da0,1
0x68447efd4cda243b7f486a29aa7aa8d3f5393f0f,1
0x68463994633119adb6df3fe60e38871eb6d07a5b,1
0x684fc9e162c03c262d694d5a57a778e79c96b72f,1
0x685cb5e26938570bdeef8a3cb1cd739812e367c2,1
0x6862fc7152d6f1c033efd1323983c94220abd1e0,1
0x686aa6f00b06e6acba4abf37d4a019ae6203ff6c,1
0x686d3ad0cb2bd8f2db5053b7bc1743da79bf9b98,1
0x686f39d75e3c18f979abf923cc68ff40d9db0345,1
0x6873f2312b45f3b41aa19ded776a3a55d1053842,1
0x6875e1cb2f1aa7dde9598d1c11f447f3a9ca9af8,1
0x6877afbce5c75fd55d7ea6fb0493df4cf6c84d36,1
0x683773b9b101ae6179eb439d53a000bf005b147e,1
0x67974081d3df1db2cc84926bfb085a467388c74b,1
0x6798dcbd3db8e9b541345e931a25d356bc0e889b,1
0x679b8ddd4f11dde22a642e9b640786a67d23ba02,1
0x67a3412141e6bef9868f8f9bc19107df828ffcfc,1
0x67a64db37ce26cd0118cf2f6969770c9f90838ef,1
0x67b0460b1a302037250cc8f9b4b9201aea7d59ec,1
0x67b242c90cebc2ae5e632e9e3b428e8ede827a26,1
0x67b38314b6bdea72e7060cef97863f327867c975,1
0x67b474d3521c677cac6a13fe31d354d5d920dc70,1
0x67b48c263e6929d4e51317ef913e707301118797,1
0x67b96ee76910845de18dcc8e015f9162f0c2389f,1
0x67ba2307edfc5f122ff78b1e16d88a5b81832bd6,1
0x67f896ec9047addb91cd87a8db679edf82d18b8a,1
0x67c3fbc0feb557597886f0ac8213f293d797ac0f,1
0x67c84c37cb7833be542485a6888ea96f1631e3d1,1
0x67c966407ba4c9b7e0be8ac4732ba6d502ac919e,1
0x67ca70ecf7143a9f38675d185399e7f1dbc18829,1
0x67ccc16c079c0d12116044e489c58d711fd7a23b,1
0x67ce3315bd54a15fc1375f782e49dd3cb8706075,1
0x67d72e8285f3709b4adff4ed9c9f156575223f67,1
0x67dccf6837decce75f856cb4542baab060da9e13,1
0x67dd777e652d62a8bf6963cff35dc2982afe5acd,1
0x67ddde745576cad2b299ea8974022bdd91ad92e5,1
0x67e152e78d28b592fdfa9eb5942798b2f4c6552c,1
0x67e2cab0f7a827453922a32efdac889add76009b,1
0x67edbe8415a6581aaa23bd8aa8177fdc2abc6dcf,1
0x67c386fefd44bd86f8255f111aeb108267a2b579,1
0x6d5aa5ed07bc36d12fcd6d8dfcf4d7817fb89d74,1
0x6d6b1e6f22edfc41a1a5f0c62e5dea5414e33cbd,1
0x6d6b350f9a1e1b0a36bf84b4539920b7e3bd2ff7,1
0x6d721c81336df1baeeede4c3363879654f28777b,1
0x6d733456e8e95e31d1ee685fa8d0922468c0df67,1
0x6d7396acaf295d0200f0b4f63bbaf47993071017,1
0x6d7485422de3c1241b3ffa047e7ecd8aeb05f350,1
0x6d80f24a5fed2c438a6cd8165663322b99d1d74b,1
0x6d825ccaebb8a91cfb31d37f700cbef13bade57f,1
0x6d83a6fc5d817b8f153c23aea6d54efeaf3a76fc,1
0x6d8fb6170953f7675219ee1720fd7d5b35f00e35,1
0x6d91fdba080640628c7d502b716fdc8637dbcdb1,1
0x6aa2ac21f2b0c8ce0073c9075dd8d64eca2aefe3,1
0x6d98300f14377aca02c4d58d768bda8d5827a778,1
0x6d9b4c84bc5dd18b8574520563373f60bed16c46,1
0x6d9b940a0adc1ae6afac55e5e11707b06fa6fce5,1
0x6d9ed50d7444a9dfe0a02153012e3c94804c3666,1
0x6d9f552bc3b9db6d91a5898e77355415a3d27d07,1
0x6da09221755281c71e3f539fb2035214ccb2d840,1
0x6daad3c9ac422d02292946e33fe98406000ed6ee,1
0x6dac6efcb28d94a87d4b269f6f9fa16292bde33a,1
0x6dae8c787fe9221bd40215c58acded3dea8c23a9,1
0x6db48f648a56e8d078c5087262e03cddfdd5444b,1
0x6dc064a12df4171f330bc5748485324f9735173e,1
0x6dc2dc8f515ddca0027f31c930fa412995a2abda,1
0x6d95be8f9cb116f13ad1b87964af35f84314b110,1
0x6cb8a069995071e6da3a0232816a3d37be5b2fb2,1
0x6cbf681f64c08eebd18ee103039e21e78527d8ab,1
0x6cc7b67905e9a76761a17707d17b6cd4ab1f1515,1
0x6cd39343691c8947a6304d28b086364f2872f779,1
0x6cdc9bddf47980b72e1d5313c14368b42b6c5e00,1
0x6ce33796e9be20d11360bf90f5e4ceb0490b0d11,1
0x6ce58d1fa9c7b1d8ea29245bf9cb19dd1250f408,1
0x6cedfffd2e4619e40c57cd1e035a65d1822f8ee6,1
0x6cf0b007326dbbadbe6fe35b05a533118b0b88a9,1
0x6cf991ad0471a45a369d1572579b27ae9bec6101,1
0x6cfbc2f1310691c25a4e38ebbd4b55d5b5aa24f9,1
0x6d0757885617bf963b78f87726a5aa15258cbc0b,1
0x6d5622592d9012ccdfa5f1b4557ff9f7aecae75a,1
0x6d0dbeea3f08179c45e4a3218eb547a052e78c4b,1
0x6d17403ed3601f2c265578291a948b56e3b4b577,1
0x6d256f2b390f2daa62c2b9ea8d391e9b0653984c,1
0x6d36a54dba0242b7ce44776ccac31a321dad1bfd,1
0x6d382ecec829117ed112a3e00287399dc9f9c369,1
0x6d3ceeabe42b90bd60a699292273f6e9e5ee7d2a,1
0x6d463ebd6ccc975a6f2d9864ee5e0c14e123904a,1
0x6d4d1e2b569cf33de20e274d2417321d047276a6,1
0x6d4f6d4c7e7917c903647d60b220ff5233010493,1
0x6d502ec5cac968c89659b00b1beb0bc364f8a3d8,1
0x6d5258f6c8e3fa2516a7e4e6a73f113c9f18cbc7,1
0x6d5405dc6cd315fe9d6495eb9b885ed09ed56ec3,1
0x6d55f23303e2908ddaf4bce326cb18e7a202d552,1
0x6d07d452b975413976c2752d53805c04b9e30eac,1
0x6e5a7eef54bd25855857cfa88cd8c0b83f88cab8,1
0x6e64e72828ba6789798aae0e6c85915ceb78dabb,1
0x6e677f680ef1c83be1787f87581b00290f55a18c,1
0x6e68ec62266454b65d8b36b5562faa5c6e44e0e0,1
0x6e69f277876978b3a01af216a035efe0e5233ec3,1
0x6e6ec1d88b97714a2e173ff0a5373a15860ab72a,1
0x6e7c43177bc67e12bd55195b0ff8ecdc6a27307f,1
0x6e7f8b42ae93045c8c2357c729f65e75beef4abf,1
0x6e8af411bc2692bda68e882107f241668bf7e1f9,1
0x6e93df7e5b01fb50865f4c356544815720fe73b2,1
0x6e93f064b8a8cfcdac517c867f0f80adf4984a30,1
0x6e9826d9dde1283857587adaff8b19644e7679d3,1
0x6dde3dfe958b8b247ef3774c777ec1bad72d7b77,1
0x6ea29961ce3d42cf1af8c572d5da6b436b584396,1
0x6ea4fa9d0d2f79fb1fe75095b491345a43e5a1d5,1
0x6eb42736b55ecf3a6f46d8ae96d908f59c3183d8,1
0x6eb5190d99704d71abcc3ec7046638a0e3af176b,1
0x6eb63a5bdf80b36dea86286763ea8f83f4a3d536,1
0x6ebb42ca44ffcfc3082dc3d2461a42084db7a7b3,1
0x6eca2304912a7dec6e0a5556626125da69666b65,1
0x6eca88965fa8686e7de97124d18562adcd2a6ab0,1
0x6ed2d633c8e4a383e77f80b3e849cf9cd91251e0,1
0x6ed8700e0eb35df87bbfed645b45734a6ae73ee6,1
0x6edbeef739233c7c3f63113f455dcc63b2c0e476,1
0x6edcb3ab77728b9ee1daf2b8ebe736f40ca81ee9,1
0x6e9dfbd344ba8cf719c263ab7d480de869ea6cd1,1
0x6de19d5f65f8a192b4ff84f1608b3941c7aac509,1
0x6de2285775f19a6839ef761c7ca630e060fe72eb,1
0x6deb01e259b9185fe4c0ba70772aec2b7e92ce0d,1
0x6dece881694a33f2dfb3fcda533b53b8a72c75ec,1
0x6deea044eaec622fcd50a3742cb9b1c66b75b0a5,1
0x6defe313fe0e8de029ce546cda406899c832b677,1
0x6df2323fbd0e66947297d840ce0c1e408d5b8570,1
0x6dfa9d741c7742366feea624ab1a6d95ff604c6c,1
0x6dffb97a16c809ee182436590d4b161a24cd1805,1
0x6e046bd3265b3bde093b90b423ba066b46373c2c,1
0x6e0b7685daff26c587ef547dd32208df9036fe22,1
0x6e1015c74055d64236dbc7a92849dd771e5eb5be,1
0x6e5a2ae8678dc6e8e0d8323c616ab4618bd1c442,1
0x6e161c3e10e3a5f954afeeb88e4549daced5e02f,1
0x6e250f4106ac70df05feacf7365622e2e98e5bf5,1
0x6e2558cfcadd113ca4277088e1b3bb04cf7520eb,1
0x6e27b7ea296ae9b75cd353f0f910f9d8818f7c44,1
0x6e305a8029a325eaeb9debbf4b4acf71ed74bd61,1
0x6e30db57a5009f35c1dc990baf0923b3b1ea0390,1
0x6e36a567173373477b60698ebba0bcee24ee922c,1
0x6e4a37639aba408aca1d88f1a0736a3a5981f672,1
0x6e4b2cee1d2fc836ebb82d77106f7af59153e38d,1
0x6e4f78f6b7f5825d40a40c611e0189917772f4f6,1
0x6e516978d569a05db753b1647a4f7ab7c6817f7a,1
0x6e55b8747a203225433c0846bf726991605bfd0e,1
0x6e56c427949f4fbd28e0b1d14b0d181a798d01a5,1
0x6e12b45c83c1961308cfb449bbb01b93de1670b1,1
0x6b39b6184391584bdf44f71bc8f7598703820d3e,1
0x6b3a0d79d5a6138f38c09f6c9628826e16434b90,1
0x6b3f7c6027ad5761141cb2f547f91e9923dc3f90,1
0x6b40a9949d8319590cece349aa0cb1b100f28d9c,1
0x6b40f99e2a925c1e710108e5cc1901469568855c,1
0x6b43f511ff72e86b56caf55cd76ea6009ad574b6,1
0x6b4674b48079c471fa895dc0aac76ac099dd5025,1
0x6b6377aec0d19eae291452de0830436f09f0acc7,1
0x6b6699a74a657828b4da8d635caa1fd8042a9016,1
0x6b6940c75fd199a0226e580db3ea7e9f6117994c,1
0x6b6d1384494afbe21645ca30c17691219af1a421,1
0x6b6eaf4f33d4537732a8aeb93335d1d38eec4a6d,1
0x6cb1af2e04558c223cd8a2fcc3bd1347236578b6,1
0x6b738649451a41de399b1efbd271fd358dc002a9,1
0x6b7d30dea5166a7b53d44788a9c8a2526f343f06,1
0x6b8a2f4fc1af71cc9f56b9fcc62bbc1295d63b0a,1
0x6b9342e010782c4c6e51846e6de896667579ba4e,1
0x6b93b0fd96d8016602a851f21d231211f1c9f4f4,1
0x6b94af6aa48a7f70d54e7b4f59ade6d9c9ff520c,1
0x6b9b4088792042b29c80f014b26f1141c4fb9d43,1
0x6b9d75a06238ec3788dcd79151da8a0efeae9972,1
0x6b9da2ec7802105c6e04e3e690f77a8bfc0c5243,1
0x6ba9d9994699a80d79f4b17faf960f46d79f5536,1
0x6ba9def04d672994a931669bcf94f742b4592fbe,1
0x6baad9a5e67f124e102146680d2f2ef6a131f7ad,1
0x6b725dc7f58c6474d8c7517bca0e6ad720432e4d,1
0x6aab0f4b96e57cf2566a619e4371616283cfe294,1
0x6ab3ab2391f5de2899ebe0e2a94178653b5a6da0,1
0x6ab67986e470d81a82e5627de7dfb79cd70a700d,1
0x6ab71347ae5b080a3bc8e465d49e1c4b12e04ece,1
0x6ab89b441278ce1e46f42b0e8181068348e10cab,1
0x6ac37237a278db7c35aa3aace5bf258d8110d933,1
0x6ad039ab7b1fbc335467e849e484dfd195c764d6,1
0x6ad39b577f1dd91be80bf5efc12f5ea528407199,1
0x6ad414dc7d2508d5ce87026c14386166694e3a32,1
0x6adea362e247164bf71b33690c0099d920b629b1,1
0x6adf3f65e6d5149b6c301ef322070c9f9cae8b41,1
0x6adf766299a21016e7f46ec74b33e8a16d48369a,1
0x6b367fd8d0dafd1d2c2c7dd099ef14dcdeba2c3a,1
0x6aec16a2e5f0ffabb2fe2f4bc225c1a8f4ad9ac7,1
0x6aec8678625d3de1c8cd4145c9d5f4307f7a8fb1,1
0x6aef9bb0dd450374776eda2abb7c4527a9aa7832,1
0x6aefbe5c919d2374e1fb35e51a3d5725cd87a40d,1
0x6af597368f88e5f3ee8042f8a942548f5641572b,1
0x6af97657694adf93d437e7e569e7b2fd52c729b0,1
0x6afbdf25a969d7b05dc0a022e918a97ccdaf101a,1
0x6afee0d7db49681bcb7fe9c1e80f40fbb1b6ad41,1
0x6b0444d0277f3e5b685abdb5fc7304b2ed415af9,1
0x6b11d638878c9af8a6df6dcf29541bac2fadbce8,1
0x6b17d263ceb63aba4a576559038c4b1e07c5acbb,1
0x6b23a369ecc30e145df021b28693e059533e81c9,1
0x6b2af5926be3c06751871484a116f18a14bc5ff5,1
0x6ae9af9f06a69616b83069c65f175c8524dbaba4,1
0x6c3119a94732e588cb7120904100ca48e8c5644d,1
0x6c3378133cf4c97fff2948cbf322a84051150b3e,1
0x6c37d53ccc3ccdb34309ea5ef71a09b17b20e50e,1
0x6c3e0cac12f2bec6c1cf22c753f2d8c4bf2014f6,1
0x6c3ee1517413edd012771fa858b021d63062ab85,1
0x6c4505c8a98811bdc21cd0128a05f1acbcfb194b,1
0x6c478d5c159c203fcebf520c95580a6189e6565e,1
0x6c50b82800d959fdea02ad0e1eb66bd41fc03a90,1
0x6c5218e1b37ed07822e6254e2398d254c233c65c,1
0x6c5aed02896c9c79717e9d10c62c4c8e97a71156,1
0x6c67e1aedb005ce721cf462d8ec0f41df45789c6,1
0x6c6ba4b6fb4a6f81757986dceebdc4a6efa7e696,1
0x6bac4b44c3ce8a171791d6127cc4386250167e91,1
0x6c74df27b38a4b631c9a07f75d21140d1ac819fe,1
0x6c7d5fb225174953288e2d2d92c08f827c699cf1,1
0x6c7f0b033f8d26a8963a1762b9c4f9e4021b25b1,1
0x6c89269aeb93654c397d684b9f0265d5185ce9bc,1
0x6c8c6960acde0c0bcf6b9cce05b60eacad19e726,1
0x6c8e7da972a441a550403e91ddf2bf885475bf38,1
0x6c8ef1513bf54aaa90a8040da57142d5126d3c13,1
0x6c932ccf895de0521b3c24042cd914506e5e04ec,1
0x6c95d39db99e9560743c63d51d8e8dffcfbfc7f9,1
0x6ca3e64f30cc451b7c620b7d24e44c8c31f96cd5,1
0x6ca706b85f712e25c703bd7e25dbc885af0ae6ef,1
0x6cab5782cfeb1bbaec70c8b1f4ba2b77ee1bfddc,1
0x6cae7174214efaee0d46bb2ecbe8d57ef2e4b931,1
0x6c72802e7ae3f6dbab7fee024e5d0086795652f1,1
0x6bac5cd8e5efdbc37a7afff7f2042a58751b9423,1
0x6bb1297c5a4e8f0663417b1d18c0966c6cf1e6e1,1
0x6bb1bd73c8fe2265018b1ecda1f03d3da39d93d8,1
0x6bb36bf7e648d61266a67a317c2d7bfa524f0676,1
0x6bb5b53d7b0c09a872cc77bb079c612e6d1641d4,1
0x6bb8791d5d0b93768aa1d686cb331ab15a65bc39,1
0x6bc237274e952f740d7545bf5147eae7a0db00d6,1
0x6bd321a0bba6a7cb2495cc570cb0654eff368920,1
0x6bd40fa434e9f14ab95fcdb0643e5f77efef6b5c,1
0x6bd76fb8e38be7f3fc2ab08088dfbfc8b9df637d,1
0x6bda0ceaa8a1fd168bd55c7c522766e6d1159e61,1
0x6bdf41409cfca109def2118ffaa310b4906c5afb,1
0x6c305eb3e1a75bd2002792891d3d0b4558538638,1
0x6be5faa33be7684b13b619577812997167dda5bc,1
0x6be79d26e2656d588730b305d777da57fc77421e,1
0x6bec1adffcaacd9a719b2a4a9f657914007b1053,1
0x6bf4e2c7dea8f4b4a8971d58694a36effa2d8429,1
0x6bfcaa124d0a94cf13e78e8847521662d6f9748b,1
0x6c080ba424c104a0fb78b549719abeb21c7bcab2,1
0x6c0f9e57796ce6a19f8ed1e44f05070654b516b2,1
0x6c167ada1ed68d614afc3a3e2ec99ad5b7e0761e,1
0x6c1c4aff332af164d4510ff8e4312f73064dfb7b,1
0x6c27a5ba0527a9db61be3f16b7c1430e6b98f0e7,1
0x6c293034c69b2d96d10a3579b8597e9225696612,1
0x6c29444a8ea77fe0c590d522125b6b5e2350ee16,1
0x6c2fd9bab629c88bd4bf7e5b9d33399fb9dc9100,1
0x6be53367e862ffdf45b4daf67b7ffe3934debbf6,1
0x823f1385db4c3f6c35f9d7a2350272127a57e1e5,1
0x824c6a6c8ca4974bd9be658d3fbac3ec3b89876c,1
0x824cce8a8c4499abc43f60047fd0f575282ed8c5,1
0x825480b9144029e5df5356b6a8605e55300052f2,1
0x82625dfee83905ff62e2184e4444d3489631e4ba,1
0x8262c0f846a12ae7607ac2f5393bd31d3a2fc387,1
0x8264281a8e4d000cfab6a84638b6498965983bf9,1
0x826a484cdcca504ae99484a465fd4bd3d8423e01,1
0x82740931f24860e47c8c53acad3f7cbf48236a15,1
0x82763df3eb7ef8070158b96d314fbabe5b27d667,1
0x82782a7c1fa29f25d76cbac647a5a246e710d9ed,1
0x8278deaed6151483d3e946f67378d22219621c30,1
0x7751c76aa7ad20d83ba6bb2ecac6226b22ff8cee,1
0x827abd19f6240375d1d2f990ae661b8f30499fd0,1
0x827c2ad05faf1cfea1ca6ce59fad293c0fe1cbb6,1
0x82830d59c779fe1b887ab2c455d3ff770271ab21,1
0x828476d0a3c4a5c164470ee15ff0b60edd2a911f,1
0x8284d6ae9caf127e136018fa40dbf86d8504ea92,1
0x828af0ba168b012bd2f44102f78bbb8dcee5c00e,1
0x828c52be1ec881d878aefd5121b49dceacf9f491,1
0x828f392392cd15de726e9dcff09f9436a6e25ec4,1
0x8298c2d716fe8f63bc9e8742bab71ad88df7c7a2,1
0x82a2b58d88cee82d8fc612a3f0f75eb40d4d0e9f,1
0x82a335c36dd0d504c9d042a7ac7d97e52bf537fd,1
0x82a517062aba96273729322c04e393f132389d3d,1
0x827aa9d2a7ef464886728d1bd34e8a9d02f6a7f3,1
0x81ab9622e2450681bb850c73b54b71ac28719e3b,1
0x81ac5ed9fc5ef962774770cb825e9397d21f6849,1
0x81b983efe5b8eb6422fac652dc3538792b019b34,1
0x81bcc6f23f41dcd7dffd10fce1973d291da14ace,1
0x81c079c099aa3ba102eae1973073836a2fd5fcc4,1
0x81c17b2a133fd035eb596bcf35452b033b425d83,1
0x81c1914adfbc5dae05ae200b6c586d97ef637850,1
0x81c23bba9e12e3f01401af5b23969eb2d5eb5733,1
0x81c8daf24447bc93f1cd56f771d1b9335a3116d6,1
0x81ccc23e0c9987ee3bba52115b4466f8893bf33a,1
0x81d0198d2a2d5b49c2ef225ca45f6ec944ccfb5d,1
0x81d3dad3c829d2c09f4c8e4b5cba58f3d00d1a7d,1
0x823d7cbbdfdf81b6ce0629ce0ab570811930ff6a,1
0x81d7a862cd6fa9bd4e2380236e6f87760fb8bf26,1
0x81d7b527de00d56f14d7caf30e40b6c0a1b73890,1
0x81d8d9b1613454a36ff24ebefe0b9924d9b432b3,1
0x81e63eadaf16e6aaa1c0940ac29623074d7f0ffc,1
0x82038de36d89883f865180b048f6c56acf89cb44,1
0x8206d9f1f2ab77e83a71c42d1c74473e555106a1,1
0x821775ce096e52fc42bbeada626419c67471a389,1
0x821d22de6b5cfa539e02954edfe181dc81d22c18,1
0x821e65681e0e21057e9b31c6bdbae5ccfbf0aa12,1
0x82299cf70a3c8b20fc1d763d5d6c3949885edc02,1
0x82326b2f82951205f1b6396460b889c98fe8264f,1
0x823a4e730871a903bee6f7c57a3ab2ca3393e748,1
0x823ca7bf101abbb8ed3723f800125659940ab8df,1
0x81d7675f653e4d595e0bb8b3c61c41776edc1de5,1
0x8343d808f100b1cc761353a1d7ded0afb93f1869,1
0x8344e8c3d2ee3581e7f7f5be90885779785f6b4e,1
0x834c83413c55030713fe678e0e0ba78fbbbcb890,1
0x8353cd2ce7e51c054d095be51aa0a466494d0e82,1
0x836385fe8330193c5aed5ac46ddbf0bf05e9ec35,1
0x836ab2fa17e1e609af63a4718fbccb8297b72093,1
0x837894f50e1e4e1f08195019e23044ba95cf24c8,1
0x837dc9b0f423eaf9480c9239219db9d256f84803,1
0x8388826581a41ee1367862735633fe2b198ac3a8,1
0x838b63d76b9d923e66ed0410db6e889f10d3a880,1
0x839256a6675016f49dccc1ac9206c1ce7e84793d,1
0x83940d4d6f4a02770ece30efd51f1376467f5d77,1
0x82a980d411d2dd945b3d99a7a2535b172156862e,1
0x839c5a6d3dc10a6f45a3b71508e992ead28ec320,1
0x83a125714271beb64bb43d4ac740e34ffd77353e,1
0x83a76b53ce29b994482b2ffaacf3d2e783a86e4a,1
0x83a9c411b083672ba28ba18f3d23cdb2b4034adc,1
0x83abb927bf4e92c01a95c5f23b5f81d2c7835d98,1
0x83afa1d6527cec84c906e2461a02f6bde00ce612,1
0x83b3e4dcd3e0226b98f6fe905343991093a8a2c0,1
0x83b9cbf8627575387794048b6d5e939a767f338a,1
0x83be5f621c31bbd76dc45efe5aeb8e035f331416,1
0x83cbd3118fe7c560d0a58cef993ab00d7d30a1bd,1
0x83cc20923cd53584131771ec38d4915772bdd340,1
0x83cc27d7ea9b691d5dcf8d39fa847772f530975c,1
0x839930f470367efa2b65a393e5b4fed9d55822ad,1
0x82af36290300b4a1530c9d1cd8acc4747190798d,1
0x82af7c20ecea9f2955aa137f48c907852a1d9ee6,1
0x82afe88a1ae800f0a4b7762adbcd316e83478374,1
0x82bb95304dcdc069518073d753ff2a379b20883d,1
0x82be46b5c82b907486ca9f8096200480ed6b5cf7,1
0x82c23dd759b2c0cb5d28d4fd93e4b6d21b0260b9,1
0x82c30756ac45564f22c5ab4c43dc6f5616d0ea55,1
0x82c4a943cc9bb15f758f18965b7ed70b88818eaa,1
0x82d0eeab7e369cddcdc3eeeb9a22145db0eaa256,1
0x82d0f41ddff6ea7d89ddbc686911d42ed4ea9119,1
0x82d6f2f755afea55d636e77f3ad543f81f709c22,1
0x82d8c0fbefffd0b84ca3a32209a7d3c91a7837ff,1
0x83401b6018cbe9718d6ef1545f76fb3aaaaea3ca,1
0x82e8832752fffb52e2b86785d93de57235bd085a,1
0x82ee4e5df163c2aeac73f0061a15be62f9f3d502,1
0x82f3561ae4f585a3fc7cc30da0e13d17582cb894,1
0x82f577ae55fb3751f112373520945ca70b689e98,1
0x82f75b3418378d6e45ae24c6296df54c5f6b1d9c,1
0x83034d83cad8c7462dffeb89dea0f92c2cc3ec3b,1
0x8307ebe2351f37c13219193c3993829ac327da8b,1
0x830cf384a8ba94854aaca9bc4aa5c9179d75e19a,1
0x8310581356683d7ad04ac363be37b9a0a6fbee39,1
0x831894f17ae9fd11c4a41c1a85ca898cc2cf76d4,1
0x832470802ae1ef5b8d0d306e8443a468e33da1f7,1
0x8330b389edd6dffe787bdd94b7fd3bdc244d4091,1
0x833f209f1497894c873b861963e090cd98aad5e3,1
0x82e0934b496455c1b37102ca15e6172bf7adc363,1
0x807220923f5d431a92380931428e7d092c96a983,1
0x8077890cc36130697818a97c41b82b2d7193fd0b,1
0x807f84266f247bb3d76c85a0d68c401e90b158b3,1
0x80822fb2c8da2e61fc410fc8a8b5449a6c566e7e,1
0x80888a1a42066b93c643031402c1cf4158aa5850,1
0x808e64ed53d802fecd4bd562aa1400dccc93ff3f,1
0x80959c396b4e092817382eb960c21fe4dc0cb04a,1
0x80971715c1c2ce030b28ee663d78e3f455d5a4f6,1
0x8099208f457e10af71cbb15b57af7fabe6a9caef,1
0x80a1a63c0a964de87357f87a36026e5f2873c9ec,1
0x80a55da5000476c597ae5c15ed1c0423fe278c21,1
0x80a935610dedc387397a15344e5c45eb3afa02ff,1
0x81a78c94e138350529689afe42c2650c164579cd,1
0x80b6cf86ca8c9d4ab9004690d74daa2d09d91d28,1
0x80bc4ec6b6a6ada95a255546885c0030c9e5e4bc,1
0x80bf4d0475570b04ab71c6ce3782ec0c95c8589d,1
0x80c00b17686bfe3b38dc6d93d32487a76824486e,1
0x80c09e3fc0f6e37f9b5686053b6be37c6f2dfe7e,1
0x80c1d01985eeabf2c26a4560fb8977478a5f2efb,1
0x80c2e6602babc894fad1d1453ef87d1c34f8e8b7,1
0x80c9761acf7f404d51c33b457969fcf91f267e0f,1
0x80cf3b58835dc073919852ab44333c2bed70a505,1
0x80d14a34acc01fb7107db4e238394476381b2775,1
0x80db4b113c95df50dc227d1ebfce02dfe02c20e7,1
0x80e57385b270320f8fdac8732314454f7481ef42,1
0x80b4d61d058ee9a6e720596dbf02536912720a47,1
0x7ffccdca4e95e702d39170c8b7a0739e8b04517b,1
0x7fff695da7647dc23ff5b79eebfe279926133ed2,1
0x800107ce48b6ad907504e35ef2b56121d6fd580e,1
0x800249aa8c56f95f5a30d58ef5335bcb6e8c450e,1
0x8004c618b9c28e4dbd81940d64dd08dc39c057a1,1
0x8004d9f02357f117b32b547146290e769f664bcf,1
0x800b1379145dc428039da80cf2d927105869f961,1
0x80181e4c135a2938d403d17b7f9cb2322c868ba7,1
0x801ba586c928d79d9bb2f84ac28769826b80f1bc,1
0x8023d1beb3f2be56f2b3811cd16bb619f889e329,1
0x8025927fd4272059ea73c7c9c54a0d1397e12ba0,1
0x80288b5d55c24f20f8401990106b500d3a0c8cb2,1
0x806ec293cb01fa273c695361e7e3c23c272abd84,1
0x803c7d9e66aa6c9ccfed8d25494a093734442984,1
0x8045f1821e6b3d1aeeaa270789b2fce4871f68c2,1
0x8046a710a1937951aac486a50db0b781620e550a,1
0x8046de3eb406c4957b95cbaa8a11c0f7e9792df8,1
0x804d6bc9bac04b774d256bd571055fbe8fae832e,1
0x804f3393e669ee5b91a41d6931e82595ef4dfdf9,1
0x805391b4d54845dd8c6a633686341410da86253a,1
0x80546ebe4c761c334f907d7b031b34c0846650ec,1
0x805a4dfd61a73f9d6c884022dd62f00dd60b6103,1
0x805c8f645a39e9327e502423d731e001f11fba39,1
0x805f0296bc0e3122d1dbb08a99549308ea97e4a4,1
0x8066cda9b2039954a9a66e4d886cf97340999671,1
0x806bd86a5dd9a33130768fd11d4cb4652c3147c4,1
0x8038ed89438273264cfeaa0d42045f257746a418,1
0x8146be4741353f69a2c6f8dffbcc664bc97dc5a9,1
0x814af63e2810a18ce3b660590e256052eda35f1b,1
0x815546c5dfa5b27cbfa336cd61375a6605e15b62,1
0x815e1eb2236179c3aa6b5b2ad7ab24053d1240f1,1
0x815f0083eac38d66d155b1b30fd2fb908eabb606,1
0x815f173371323a3f8ea9bf15059e91c9577ef7a7,1
0x816a9b2e1ab16f58486cf14c66d05615a67b20ff,1
0x816e2d508e70dd5a9bdfe5d9214bfa0eda577786,1
0x816f9c6e27b9bc71a41f13aa751bc7a02b98fcdc,1
0x81752d7971b1ad2a2e87015a34cd400c2a6c67b9,1
0x81803ded99966b29bb2e8b665778fd1718e2d8cd,1
0x8180b693000dede6a7e816893e5c72e2c4d24ea6,1
0x80e98ded2ff27927a5ba2eea02ca3ae57d0511a6,1
0x818844e00edb15eb306dee8d0f3a6013666f5155,1
0x818a8b89a86441b48828ae5c6b63361b9f7e2d17,1
0x818f41d2a9b04d38b7e9a8e1045da362a398e2bb,1
0x819274dc4d07e4426047d119d098f88f71ff20a2,1
0x8193183ab6fe341be4669658ed83df0f91f9f21b,1
0x8195a01745fc0a1a5dcf0041e2f4de0f707b7568,1
0x8198da8ccb814677d41b761011c98caea03b0e27,1
0x819aee2fb8b49814291a8eff4c6586b93c5f5ec4,1
0x819e8989523d4a0413f939fdf43f65e2ddcb47ef,1
0x81a0efcf1b093d8b9012ce65f592b30d46403dc6,1
0x81a269268fe03a108dcd4f5a740ab7db4e18d3f9,1
0x81a6d27755df47e5941b3816551e0a7905d4b568,1
0x8184fe0ba9190b453d0483c525ef06ea5ec57971,1
0x80e9f2763a1acdae94c5318ad42082aa4a11af34,1
0x80ea921b598aada835c45be42c6eed25206636bb,1
0x80ec287155368f774e91d4a3ec72cd9b1955fa27,1
0x80ec7e9221ed15347710934f0f91ea459ccdae6a,1
0x80ed82445697d74ffc5dbc39a8464f64d24e9623,1
0x80f0e8906d822fa06c0ff5e6574f1526da371f26,1
0x80f14501b7233cb56a0728acf5752b3aff010449,1
0x80f9876ed78ea0eb0b88f327bdba8c73ba34c0e2,1
0x80fe19358b3e4adb34629bab18de74c653b33050,1
0x8102af140abe5d603a1176c9b6cfc1bfa10ecbcb,1
0x8104016a60ba62c731f0bfe87acd20475bc9f0b9,1
0x8108702c7d5dfaf9959c0e6c42932c43d0719fe8,1
0x814688366db31d687f3742eae59c53af0b67dc9f,1
0x810b95f26d88bf6fe9ac0775787da0cb77b00b01,1
0x8110b58057dce5486159460e60ed3be00380624e,1
0x8111dd0f9a7038446afdcac1ee0d6e5e2fb0e11e,1
0x81160b21d57d77130cdb9b5e51dd175244625bab,1
0x8116f72d5e158bc338a633dd395f019b1dbb3c45,1
0x81269433f86c704927b885aaa6c4b9a3061c2f46,1
0x812b4a804b35fc16d1fd7f667e8c795fb0555ab2,1
0x813773b2ce3c4787837583ba9a6a65a2adc5c65a,1
0x8139259651a4ab5096065a597a1f6e95e87d27e2,1
0x813c670ff2a81f157a7777a2238c338b8a3a1dbc,1
0x813fcf61b636290b078583f8d3daf7dde6c174da,1
0x81446fad314dca1af59c7f0973594c5e45ad4ea5,1
0x81456481ec2dd61dd12ebc8177de83947dae3017,1
0x81095d2f161045ccebc5a43bd46010402d910b9b,1
0x86902af0e847aa5f5b986306b7b5bf5935b7ca1d,1
0x869ab3d99f98719273a4f2e17c8adfb3e6251dda,1
0x86a77e29e8cf976fbebd11bfcc2bd9db04d7eab6,1
0x86a93a1b696a1cdfda3711465d37bc22647da424,1
0x86ac8c263d8472c70650888111746bc614479036,1
0x86b04546d7e1deef192369da39152f4c06dd359d,1
0x86b0c6fe12c5db25e299a7f11e9a14d33aa8b565,1
0x86b47b745fdb14a28c33fa6b6440cec0d8980f03,1
0x86b84068eb28a8c4a2033a8c93c23032981926f1,1
0x86b8f20297662e332f99d6d8ad71330e1b4a0e3c,1
0x86c6f3c0593716362a000c3105f722431b73a6d0,1
0x86c79dfe45c2f2130727a3084ac5fe888dce1a64,1
0x83d046f3566d52b2aab399c40fa24d08e09aaa91,1
0x86d160660e7a45f97567fd65245fbf598f168708,1
0x86da81c7b90bc6b016de183606fa399b74b10f07,1
0x86dafaac9392d0b71a71e1ae7a8af235744609fa,1
0x86dcba68053874f7808bb9324c4239302a201f35,1
0x86e38c92aafa83975dbcb7f0f06ea2600389c02f,1
0x86f3f591d7ad59fcc61c5ed67d596a81fff02d9f,1
0x86f46be55941961ad013813ea33292638b3281b3,1
0x86f9b15b662582ab6f8f51a93dfad22c3dcc900f,1
0x86faea100a233f497a450192024ac8e7e33edbcd,1
0x86fd1bde70b5b917ff85c59f2b6e2f3017582e13,1
0x86fd4820287bef853826d91dc6739d7d700d2902,1
0x87018a3f5416c5b0d8cbaecc6cfdb863182683e5,1
0x86cde960a239988be01b2e4257a26facbd784203,1
0x85ea20c6bcd6c92786af4571dfed72f0cd8aac17,1
0x85ebdd8531dcf22e168eedac3272fd5df42996a8,1
0x85ed1336dec975909c7b4e2827314794ed3eb60d,1
0x85ef5132375de2132af03c62c873d7e1091267a3,1
0x85f572fd8318662b64a2cb2ad4e5bfce8fd9e635,1
0x85fc9272b4394497b5303ffdec0e7877eabf8125,1
0x860332bd069d4a69f5256f51c657765a55615869,1
0x860632aaf65b7d043fcf78c1e640744816a3d118,1
0x860905dca6b9546763ea1dbc7daf3df3f394a289,1
0x860cf69fe1ff6ed16c45ff3a20c515852bd51237,1
0x86124e7de26f0fc5e7ea8ecacee8c576ca841035,1
0x862f3b2d602882b0b7fc6eb31286eae40e54447f,1
0x867cad2748a594492f6044d640c4d3e20fbe03ec,1
0x863fc4521ae5cb3c30ebc86cc59dfe7198ff701b,1
0x86404b66f2477662a7b3eb8518a107dccc98c983,1
0x86405f37a8addced41c79291d236d622ef3a2214,1
0x865180f17a662c44a1d760c3017402bb5e6708fc,1
0x865437e574a35b88998503b4b4f38aefa69d84fd,1
0x8655d36b9fb4737e4dc9c25e1c7e719ac688b45e,1
0x865823e5ac8c4080b12521b0f04eafe9c328455c,1
0x865994a66272e4d2952bc4b650090c5f2202ddd8,1
0x866aa3700dabe116c00924b74ffd7b823df32da2,1
0x867328badae0b9c74b6958034efe41b62cc3dd93,1
0x86741c87265f3228a1dedc198b94fbb1f0d1d65e,1
0x8675210b00c9a6773c47a2b1feef1648fd9cf7ca,1
0x8676ad09427f3dedf3bf71cc1e931c1e1ae6014a,1
0x863f92d6e8f687f8835efce836da17afe81fc028,1
0x879bab6706bb2caffcd721bc9a5e37bf4cddabf0,1
0x87a47802ee96978d686e55b67c55687d3f5f920d,1
0x87a612a80bfed9094d199c05c2424b4ef7ac03a5,1
0x87b11bc2dac04e4a5be0ea543d5c68b469993ce6,1
0x87b20554ae65db50ab31e81334ba31abad50158f,1
0x87b734aef941732f8842699b973aa4114ba1ba8c,1
0x87ba34b0b68c1edeb6b6b01ff3fed44cff974c16,1
0x87bf30be4ced9d32a2ec5306129b772e73f62460,1
0x87c3d61638c438813e0231714410b7ed0049a356,1
0x87c55bc2fdacb1ba8ef095df29767e6460fb0e5a,1
0x87db6539014e25e96549506d8c28544dab266c0f,1
0x87ec5a43891b20a1598e042227405a0d008cb206,1
0x8703440e63ecd3bb4a8311f6eba9301b66747ef3,1
0x87fb2c42d09dc7fc3f05dd0e36bc7388e763383c,1
0x87fc27230cb30841b072ec66d5eac984410369b6,1
0x87fe76faacad169df04fcfcd21d7d248db2ded70,1
0x88008f4b8fd79109a620966614a5850e44ed424b,1
0x8805bf6e2dc9b203a597bc2d86157781841d6abd,1
0x8809903d55e8197cd2ff374de640be3f6a25e6d5,1
0x880e3cc736a044cb6f606ba7f76429c3e1beb381,1
0x88106d3ea5efcb463ac5d49695fd1e8092b7a619,1
0x8811baec0777af26084232d9a12a477f6ddd893a,1
0x8811c0c994f072884bacd80aed360cd2b51a3776,1
0x88143433c9322844f6dad39abe25650fa7af4948,1
0x881804fbae2160a000dd343e4d0b29cd35ddb8b0,1
0x87ed21757f427e257fc3dfe7df595d629b13f906,1
0x8709ac7d8b27bf5b26e91578d1df1085ff8a1a83,1
0x870f90001d122fe5082357a6ebdf0c56ce56f9cc,1
0x8711a5e5ad0d798d478bd0cde972db4306861063,1
0x8712e9643e635354e6674d17caa88013fe35497f,1
0x871326468c29a5b285944605dd825bc0d45d2a87,1
0x87282ced224ab100fc2c725f7f7848caa179ef12,1
0x872a7f23762d9ad090a6a28c568df415684f20cc,1
0x872b0a43387623ad8cd64076c4800385e86dd66e,1
0x8730fbb2667d0245a8210855f69fd8b2e10f9a33,1
0x87355e8365f7563fa237a6377d322be01c721358,1
0x873df003166b4ec4de602995540a451b17714a88,1
0x874779733aeb4d61928bb981dc57f91701524a04,1
0x8798e64df5418ad3fdc3fc9379822c28ada08f17,1
0x874cbc49e5899db68110b01f4224d9d5eff75862,1
0x87541189550ef10c9066e0a731fd1f6bf3ac73e4,1
0x8757eb874ec7a99887782475424692cfb68fa161,1
0x875afa963076f0419919d13237eebf9de0974ad6,1
0x87661cb739a91b7c60befed3f1368a3dc61ee0ac,1
0x876780ff81e53662d8eebeef2f5986e34364f784,1
0x877e0747429f21a52814171724d899998dc9b814,1
0x87850813a90e3e927611b26823a2faa0e79ce3b5,1
0x8785579e1ec3a678b7e544aa3aa5cf6257a7b830,1
0x87878ced17b67a3aa317bc349b0b7a79e8cd0199,1
0x87931931ee4a2d00645eb30ef7c6eb9d5cd3af3d,1
0x879398440cd2477b518c0137d06868dec68d933f,1
0x8798a780330b2fea18c56e8e00b3840b11152996,1
0x87497d8044afab166a1e9f6e9ce44e1cebeeebd8,1
0x8456bc04390e11dec443d15698983068a3274576,1
0x84582abb9ada63e3b258973500f0cb713c592b0b,1
0x8458fe72fa6419daea72f8aecbddf48ea462126a,1
0x8460f06c21daf412938c364ccd1fe86aef670e61,1
0x846895c712783b285db406c62d161ab547fea370,1
0x8468d2216ee3ece1442fc4f0fdf7dad92d713185,1
0x846fe29dd039c11f8f03c262eb19f26ca93b7011,1
0x8472bbcd7b7309a22ce90211d094cb9e1fed2e64,1
0x8474abb252a347a68871b84743b7c9da6b94c005,1
0x847fe224b8da1f085530f0df4346a517bc8ef0fe,1
0x84888e84f1f1f8ed1aa695389be27a7b20956a15,1
0x8491b54f7347887045c559a7d3a5bdc43482e84e,1
0x85e946ac622a15ef428ea37fa21d3163670060a1,1
0x8496ab0531e3a92a75c89d2e6d06808595058574,1
0x84a13b4884e8746324cdee375f3f9cb78e73452c,1
0x84a31c71de3dfbbe0c41cfabf1f83ad174fd4253,1
0x84a49091da8255961c6335ee472f083099391c20,1
0x84a60c6ac5258a9c9ade95840bc3d765eabfe7a5,1
0x84a9c032e4f7db45e05f7a60e784591bef7df283,1
0x84aad532646f55aeb360fefe7267be525849dd7d,1
0x84aeb8dd743cc26b2efa4930fac201647a9c3723,1
0x84b88d33138c7fc354da60288d2e398ef35c05bf,1
0x84b8d81d9d94dbb4618b8cd1876a14cd08844fba,1
0x84bad4da3a279f98a6f0cbd8a5a60d960d143130,1
0x84d1e792d92929b9e013a5fad49d0a5227b8eef8,1
0x84928ed61faf52cc7fd8855b10e2bb7a79ef722b,1
0x83dc0479240ba6582f92000ff7c75ff1d65deec4,1
0x83e1230817cf3b64593d45d1dd9a202d73b81c6a,1
0x83f466fac9eba3c1141ec9dd887a79613602f17c,1
0x83f74f9626c05e14c4c114d0340ea470f3da768d,1
0x83fb84e98ce7bc542709fd2d254483a379f6103b,1
0x83fc71fa94f6643d0490a1b5f8ab21bbc6ebcdf1,1
0x8402681bd1c0d6d55a28ff9c053450ce3cb26c61,1
0x8403982ffe87cc6c0aee8aae57d20b4ee509394b,1
0x840563f0054d13de0706e85662de284d2c4de5c5,1
0x8409c2225aa1f12c88b103487256088927c4834e,1
0x8415fcc5a25e53ec8a9a9bb58a664b1f3fb55b32,1
0x841689d4ff8558fe5da6ce8ba15100864e670111,1
0x8454273ef3ba89e5f0ae2ef675b4afc95bcba6f1,1
0x8427616746db866624fd8d4fa8ee8657f63415c9,1
0x842f4d2a20be17a6d59cc851a177a18265314a19,1
0x84357d995dd454a1ce8ea5b8848f7417dfc0abe5,1
0x8438ae1cb4a1b4103679115a735bb621a4b49886,1
0x843a9e1ad5e87839126e513735c7a3c96c04f8cf,1
0x843b4dc7300e416b01662749ce15ba0daaa2ff59,1
0x8440e179c850a73365e2fa18dc5996448a21bc90,1
0x84418137d9ff368addbd408c35a3ad99dfbde60f,1
0x844255d9bf33912ccdb4372e074f0748d0ea5c61,1
0x844265e987af40821f52a078bac7448c9569fabc,1
0x8442d4fb1c0850607755c59e5a7adc4dee6a9082,1
0x844c25d74ff54026397fe245134c5aeccb1b0518,1
0x844f416e5d619d69700ef51a49914014ce62e9ca,1
0x841b3dc3cb778bcb7f1bc7786309a6c24d0b8bd7,1
0x85599faab75500b51fed6da496113496515bfb75,1
0x8560af12554a00ac18056174bca135a68c7b8cee,1
0x8568fb5d8069bdd416b3eef9d66dc9a1250683aa,1
0x85699f30d11793d7777a56ba7663fbf289c446f6,1
0x856c1a92c879fe90e16a72c3d49fbf4b7402bb8a,1
0x856ff7b01795994b35c2f472fc539a85ae3bba71,1
0x8575162f71bc880619ddc3694047a02e25d03ba1,1
0x857c11f4209ba457a29f90c1d9c2f0bdd1e7db6c,1
0x8582d6529199f69b49eeea8429902b523d10a2bd,1
0x85875bc06fdad44103d5fbb05ac8fe301ff5ab1d,1
0x8588c3cd99f5d648d67d9c10305909ca6dda5a0a,1
0x858975fe2d00ef21da573662f8f9bfade109566f,1
0x84d3b8ff842f2352a08031533c9325bbcfaf79e3,1
0x85909c2da528656df7a3799fed9a42b42cb6b4c3,1
0x85957dbaa02b5e3ddaa1ff1184afa3b3d25c5a72,1
0x85a46dc1c89aade4fd5d7071bfa1af897efa8553,1
0x85af99083298873ad307e57a23e6acc68296c0ec,1
0x85b0e71c916f0b84a782fb693429e3428d4ae57d,1
0x85d1c8b9750fa0545bb2f568d767c9b950270025,1
0x85d3371eb7ffd476c3694e750e8314ee36be0922,1
0x85daf6062bcd5d13769a7c6ca3a487e6c6c22487,1
0x85dc8387158d87e77e43170a56d4ff6cbb9061df,1
0x85dd0502e8008a909bd00c470345529a3224bc01,1
0x85de1a41c3ab5ad81d7d8c05f9401d989d155f20,1
0x85e14c93d3dd1a42430df12f1d952b302f66fd8f,1
0x85e37dd7d15b6aeb1c40635b18848b77415b232a,1
0x858e5a9612cb67e7ef742bf2f50c5c1136385af3,1
0x84d764a3052db17c5c2fd8a045b85050ff4eeb0e,1
0x84de3ffea2de47135266dbf01a2b41ddbfa03097,1
0x84e2f083ecabfa66e2bdcab0295317077d54fd6f,1
0x84eb223931eb6951b409360dc671fa68232fd07f,1
0x84ee069932826141f951995c8f4a0643f19a804d,1
0x84ee5ac094b0c8a67dcec13cfdd8fb3b519ea372,1
0x84ef4690865d759d817ec5e3d54b0fc777f03769,1
0x84f8e5a324466deb7447048c014cf0245ce04afa,1
0x84fab6eade398d5bdff8053ad8184285e4643600,1
0x850c851a960d619a883964a7c7411e02019e3a2c,1
0x8510d0d82efd7fe8015f195a5f3dd94759b71e9a,1
0x8517e4da74fd24e55930c78c65db502c3668c3e7,1
0x8559681f59843be3c10a25302bb62d1d7424f8c7,1
0x85250697f2a8b7f08feccb6a961a81a8de7447a4,1
0x852fb943f450c927397bf0561b90cf6e417063de,1
0x8530db0987d4250fe40121d16ce9289af5df0573,1
0x85316abfa4ce7cbbbe558675ab6cc3aae555009a,1
0x8534408c2a31e5072b758b86f7169b65113efae2,1
0x85351cbc321910bceb776bb5752cc1eacba1d340,1
0x85364608b64efc8f9fad542c3132b4862959c364,1
0x853a2836b1f962b892db3c76dff3da54959fbe42,1
0x853fa3ce0a8742836ed02c1a571b36d126ae4fb3,1
0x854364d94046c9dff93257cf996b3aa4436f2831,1
0x85508b5629c6805980922c34d5338e401be6ed19,1
0x85530f125f2ee643b41c10d44ba561a64483151e,1
0x8557346784c796d7454887f48d9ca074c3f2cca1,1
0x851a4f1262a93c81905593aa305de450510105ed,1
0x79d6f2782ab54f4df396e9f8ee983df97d44201a,1
0x79d8edf8d08420c55b77916d3221f90a32463235,1
0x79e13b16a8f14fa611f72d0ebd27e88b4d495e28,1
0x79ec68d2d6b64e99ddba72e7861e492b5eabf1bf,1
0x79f05599398ba62166e20841105fc8f597ed4b9f,1
0x79f7d9a059ca363a9a9d7c459cccb406943efff8,1
0x79f7fec133c8a18503732a72d4907b8a97f4e11e,1
0x7a1b8055a98debb1bc2cf142caf1610ba7f4fb7f,1
0x7a1da505050b9636718735f038cde862ca7290fd,1
0x7a2e6d62428e357004ab46cd61a05e999766ccf7,1
0x7a2e8c75f39c53b2cf2ec77d3302d8036477f5c8,1
0x7a3590686a49d01738eeea470f9ec1d24980b9ea,1
0x7ffca4721a0ee8e3de7251f9099208e0ca1b612e,1
0x7a490634439f81f138ee2d5de5774c3a27d48dbe,1
0x7a4c728784f88114d04e0699faf88e886e779c53,1
0x7a57cefde16599bdb77860a06a649d6c3834741b,1
0x7a58cae0e8d7ac4c7e3a0f3f5819d272efd6454d,1
0x7a5aa6b2e81b194b5ee2e3a2ae40ec2adb00bc84,1
0x7a5abe19bc28e84cdcb48f71bfebea39fc867d74,1
0x7a5cd97ee5a0757b6b66413181308f85b31180fa,1
0x7a61854ac58d21f10d12b395653b44b274d33b10,1
0x7a6b582656c3b310c75307650d862cd3f61cd115,1
0x7a6f65c669ff49585d2d91aa9682e11f72c2a28c,1
0x7a78d038f5c099c965d82c14763156d02db58310,1
0x7a7c3a0d89d2d788f90a507b3a668675920e0d55,1
0x7a36ad1978410f1dce24afe89048ceb685c8f073,1
0x795b297770e3b6e84b9bf546db36b8fb096b4224,1
0x795de7f995d5ee195afa376b4a0441652bd51a14,1
0x795ec992d27d1ee6737323e2ed795ea096fd1115,1
0x7960e288549e0f91190d098e2308c5635d90db02,1
0x796b779d88f2a25338b39f6fd5de99d459d6384e,1
0x796b8ecc408c332c86508022f65aba07ba205346,1
0x796e94effebd63fc93e0680f1bcc005259540f5f,1
0x79700d84fb70332aeede5ea02e4aea32ee72ef71,1
0x797995546ea3838018dd9a09b2afcab333e1abc5,1
0x79866c8a2d01549a3c027e72b2142f785b5b0f7a,1
0x798ac741ff9ef0da8eaf3d2b9ef74c9c74049f23,1
0x798ccf91e44e6d3499aede707decef7e11a83358,1
0x79d4890675be3a6de19781ba6e77a6274fc8800c,1
0x7996b6b5534b5ad28df440f8c24a6b3cd479b4a5,1
0x799f425945707bac0cb7cec3d366e139baecd26a,1
0x79a3a1039ad4ee43973469ccc0cd1ab0c4fd7a46,1
0x79a42271e0aa0cec7fb66e5f2d228ee6d8d81ba8,1
0x79a84741e732c979229c307c2cf81aa238958ea6,1
0x79af18372546d01beb972beae97144caebf4869a,1
0x79b809c3427039b40fc433350642629f98c337c1,1
0x79c1230cab12d53d040f5fe1f5279e1a481ccea2,1
0x79c194b8b9ef77e1f50a53612c1bba25b4fa876f,1
0x79c98f9d4e24c5e899e353894377ff944719920a,1
0x79cac519a097578f1d28bf39e3a6859b6d579d90,1
0x79ccc2f6adb58f938593b358f0f347d4c3aa0e55,1
0x79cd0caa53b773b2faa08abfcb3685625808730e,1
0x7990afee83bb11fd36f3bec1dad71804305ee5b4,1
0x7b1d6694064d54ae27f199138bd7ab2d223d761b,1
0x7b1e1ee81687addeea626744ead46392a77dcec4,1
0x7b2368a404b4968b5b89a4c116a3d27d1dbc4152,1
0x7b2efcc0a67aa3ff8a9d9a2fce071821242b77a9,1
0x7b352496f3932f7719234c9909cf3156286074c2,1
0x7b387e2c57b0b8b7dbf552089ba99290aebfa481,1
0x7b4f4231634731d032f5a9dba69e4f34a0b922a3,1
0x7b515666c36ed5a8af273a8c66a8ca1cdec59ff2,1
0x7b5b8819dfc2541f4699ce31ca4071952c01228f,1
0x7b5ba1cb27293d251d57ffe29d63098fe1798d89,1
0x7b6af5d4a4e03d65a8370aafc1a11a056e70abae,1
0x7b786f5b166907fab325662325664b9174edd7ab,1
0x7a7e856a3c37ba9f088048f7240c6f3ff9f9d697,1
0x7b7d4869df8a979601fe28d415b81963ca60310e,1
0x7b8d905ed8a61a544c19e46fa128d940e65e2bfa,1
0x7b8f943d24b83ac69bd7984d9e43162db0bcf386,1
0x7b90a1d30bc97533b14dd3fe65963a3c6ff851a3,1
0x7b94bcbd8b50fa2dd9e3e5c7f4b256e7f0d5a5e6,1
0x7b9bb97dc81bc8b8f6974d405b06d04d928df0d5,1
0x7b9d553a3cbcadc720f4010689013be569dc7a3a,1
0x7ba44bfff8a58e0d3d307dd2f7bf9faae28dabcb,1
0x7baba2ccd3712aa4e3f5387e4a99424feb4e2a14,1
0x7bacbc5b4ec12ddffcc64b0adb0c466a20b66015,1
0x7baf473304c179cbdb59b05c2b90167db92ed9dd,1
0x7bb0cfd9874265c6fc488fc4daeaa2b65f7adaba,1
0x7b7973a6cb81d059ce2583f0e7c24a76c060dfb5,1
0x7a7eac24b4479ec2d89e301b7cbe7ad4d733575e,1
0x7a97e0940e10c7ec14b869a1d0cdffe162ba6ead,1
0x7aa7a2b8925059e36cf67263cd971ed91872e438,1
0x7aa869000ae33f68440d382e27f08e22224c431d,1
0x7aa9687cb97e9ca9a519c9dde19684e67eed130d,1
0x7aab644138a1b20c2a7b5e937550d6a4fb1eb6fa,1
0x7ab873081685bbb81a85be88780740387c05a53c,1
0x7ab9f8f086535d3cb405022d72b26b5725473ef6,1
0x7abb7b0b3142c44eea043a9e5485b623d076b41e,1
0x7ac243c0599544336e6a63d7dfff091fe409f338,1
0x7ac3303633cc748f7c02281e99b2f631984135e1,1
0x7ac714b94d6fc23124a65e0aac086ee53fc52aac,1
0x7b149758b099dc1ea85c2eeb5eb483a276ce4562,1
0x7ad5a91e73943672c6de5bd90d9a9f83d2eda09d,1
0x7ad7228e31faf43c3832396befb897049338304b,1
0x7ada9b5359615e57f4760890acf3251755427e67,1
0x7ae368928ef28b32cd959dcd6b0bf3b44755f02b,1
0x7ae39c0103440e7d75a5e8bddc9585c2a3b042aa,1
0x7ae9a20d000640aa43acb03a21906b324f420f72,1
0x7aea5c83f1bf2a417770de4f4bd0891637cef9d4,1
0x7aea76bc9ca041b6354863f17bbeb1b724eb3740,1
0x7af3ad55ab2c5d8281ea5c7d46adcbab4c39e1ad,1
0x7af3c90d711bef77898c45989899f879aeb4bf9f,1
0x7af710b29f65df20171677b4870a04735f6a5896,1
0x7afd97738033c232dba3187f1b0042aefbaa2a3b,1
0x7b0eca54eeef005eea657fcc886f45fcc6d9ac6c,1
0x7acd691be964162a8a74eb3a4620befbc1e7b773,1
0x77cfadec38bcf9b56c6fe202bf542a255e9998fa,1
0x77d29f4992358096607817902dc3b6c11262d3c4,1
0x77d5beeb8133b2f755c7fd4c4e545cf2d084aaf4,1
0x77ddc028ca4dc9e908892f1ab48530c858f945f9,1
0x77de59a571fa665428d4fe55ab480cc53c08415c,1
0x77df6f408f37c8d1a23f5d0a3dcba241cb2c63bc,1
0x77dfda0d85d39698cb0a640d2f93c50a7054f900,1
0x77e281307fbdda550c88ea34f8d6ac720f3902d7,1
0x77e31cd91bd02131d538f4f2f6286b024d37da71,1
0x77e8938035d68133f7b0815631ce0f7c51c08884,1
0x77e8992b64b568d1e75fc4a642bba1fde8b70e2e,1
0x77ebe66d50b3b2717659c736d6e7b6099045c1f5,1
0x795a28ffec51e5167d74263472ec9f6a223b3afd,1
0x77f81b38f768b2f36586dbea5e10441b1798a38d,1
0x77f821453302022164b1fd960cd3f2541ba724a1,1
0x77ff5f2195ad8e03d1b358d7d8efc7eb218576f6,1
0x77ff8a9638e104eeb56d6b9afbe9e36b815b4e3a,1
0x780694d29b3142e2616c36d2eef0355e1737ade6,1
0x780a794d03afb40de58b36c7f5000bd4eceabde8,1
0x780ada316116aee09b25755d13910eabe734e38a,1
0x780cbd62a5c56037f298265f9901a2568cb30289,1
0x781257a7e44c3d74e2816ad7052a40bd7c6c5ddd,1
0x78169c87ab1794bd591c9e17fc584c2c93fbe9ec,1
0x78186fcfe06be17f6d43bec9e3e9e8969c8800dc,1
0x781fb777f3a57295b1c57e5a7f1673cb027d8514,1
0x77ee780a281ff030257dec01f05268e7b3525b8e,1
0x7757357e50a021719500ee64d1290e80baf02638,1
0x77582cef383eac94316adc38b00ae6a9057d42bf,1
0x775979d88cfa0486236363561d318f0160fcb1fb,1
0x775b2559460377b4f002bcf1fb469de9bb809a1e,1
0x775f0fb9a07c348b50826d97988c0f3bf81350d2,1
0x777789b8d9fb06945529acbcafa88d83e2c9eb97,1
0x777915054527cd0cb2036bf555e244fcda71f62e,1
0x7782c5e22d70852f6958f432f76bf2921267936d,1
0x7785080b576fe546bc9c0abc46660e3f3e21cb4b,1
0x778d59c41a699fb49a3399d9ac000dfb6fce25f5,1
0x778e6b8726e0877092a6a11cc4538e069a9d6438,1
0x7791cfc94939c5f3e6598f950597dc1284398939,1
0x77ced77c6a02bc3a4f39f17491c20d70c267948f,1
0x7798ba9512b5a684c12e31518923ea4221a41fb9,1
0x779a0e262a4f80e4d63594fac5fd9e7af499d7ea,1
0x779a2c9a3aa24cc9e4fef19658f110d60650a550,1
0x77a0f2a3389ac0e6ae571317912ccf628aee3eb5,1
0x77a6f981007c56dec45fa8402f2942518ddac843,1
0x77ab763a4460d11ef0167727051bb6dcee6e668d,1
0x77abf674429cb4b9afceda16f081022f6e14e2ed,1
0x77b2935bef1f78d7c9379c258aa862c732da2e04,1
0x77b53778d8e058f2e7cbea374dd819b0e6ed9b79,1
0x77beb016b1b441c394430c1b0c5857e244fed242,1
0x77c41c1a3de738720ae9562c21cb2b0ff365204d,1
0x77cb717768e5c0ce928a33a7c0e72eb1c500b493,1
0x77ccebf2a9989cab5e1ef2fbadcbec5580468290,1
0x779209e1f00931d490294ed866a9214662840a25,1
0x78b168cc64dcd468c1d7cbfd10537791b635cd81,1
0x78bec94ac17cac689a2436a7882de85ff1fcb0eb,1
0x78d0483ab41f821349dff10090bc2b8da7e7b8bf,1
0x78e44a6a57296ece8733d74d715d1110cad65315,1
0x78e5239950ecc250e7b61a125ec81840bc8cdcf2,1
0x78e5cec8e1ad944eeb4e8500a52e6becdd4abb9c,1
0x78f618699631caf54c7d56dda1c8680ec7d9b5e0,1
0x78f72bc11831d47403927834a86316a774b3f152,1
0x78f8fc97323162c35051df475d8afec047fd52ae,1
0x7905396414f26612fd77162cfaebf26c689f614e,1
0x79088f8a92ac9edcf047cc0e0135e52bd74f0a39,1
0x790b4158340f32aa82b218cca94f166f572c3382,1
0x78204485204e14da9e3bda871a2f2fcf5268c21c,1
0x7916dcba7de16ca0406e23d827fe981981ef3090,1
0x79206d6f4d2387fdf5d21a05d07ecf9b9ab4d691,1
0x7925e60f03388ab7e93a66e10671a63624a94d1d,1
0x7926ce826d3959443f25293d8887c7d89012d832,1
0x792e7978efedf68bb737aadf4bcec6833bcc9687,1
0x7936f4dfa84b4fa3739bbbe4138c6f8acb52e612,1
0x793e6884adcc233782c310cafd0f5ee657f1a475,1
0x7945782c5f15fc3c1c0607b2c75b5353a959282b,1
0x79457888ac2fc775f47e809a61d273e3277cc4a1,1
0x794775b18f3b008c4e3c82e8c65db7a5a049e1dd,1
0x794984949ab5d9c7b725badc122687d260743673,1
0x794a2ad789faff3f1505940d26f9d41186af648a,1
0x794a33679b06e456264afbf34cd4f646e894bbae,1
0x7916bea8d005af01a9f8dfcd89a8e74073e800f7,1
0x78277f5f3917e0160eb669456ceb87de6d066723,1
0x7837936ee93a986c4599da72bdda253ed046e4d9,1
0x783f7cebe5916906e18a6b09db6b1b455a8f6861,1
0x78474273624645cba0985e507ffc66bdf1e53232,1
0x784d4a7874aa729d9dba7cb3232fbe47f35780fc,1
0x7851450f778f8e643ee075cff3bf8a06b2c8186b,1
0x7858418a03b8db2c0bc8b440b1790cde46e5e0fe,1
0x7859c46478bb42bdfcb92cad9cd8f974a3cf8bb4,1
0x785a0e0d77008170f98a2603fc5130cb51424d76,1
0x785a63ea9a71b670ae112c994529baa8dcfe5e97,1
0x785b30bada6646d7964392f5077110ed9365df14,1
0x785c1c0e26fcf78fee5d8ab9916261b10d10a466,1
0x78b0ba2c7fe1dc0f9f4a21174371607c344a2b3f,1
0x785d51d376a82cc0390bf9b3c93aff0fa137a79d,1
0x7861787ea1a5b7ddcdbf544f2e468cb783c9fc57,1
0x7864ccf6a98de23743c5774b888798f838b25260,1
0x787b2b4c81e7ee8d36f7b949c338a42506be6435,1
0x787ea7c45efecd4252b87e2b79216c330149fffa,1
0x7884ad06b73e6c49dfd9d4d57011beb7b0dfd499,1
0x788960975382c2bee4b1cc3e52c6c7f8344ad7d6,1
0x788ad392fa3e9a612ff4692a6f60d81ce1cbca11,1
0x78927174aad6800e8e34a38c209ad87886177db8,1
0x789282e322016ba487b1784af7e536cdcfce405d,1
0x78934261e66a11215b336e691f9eb4f28492e643,1
0x789bb19f2eeb59eaa478c6ae5beb0d5295c60876,1
0x789e625cf12fa97003fc8aa31073c2cc14aefd0f,1
0x785cba402d80d34c548b257b8c16022459e50efa,1
0x7e6ab7b818bcfa2612feaeb62c7586770d3f45ac,1
0x7e6bca6f3fcf853c7320b116d6d9f537322bf908,1
0x7e6ef61c6d9fef95a92e61f03ec107cb26390bdc,1
0x7e71feec740c63fd32f7e1eb6cc2ad46750d70a0,1
0x7e73f212a20e0c5c5c41866abe0126f64d21b7bf,1
0x7e749a18f6cd7711958802b52bd1b3c07175bcdb,1
0x7e780c3cac07ee921186917ba38ac98a88fe6714,1
0x7e79aade02672662288bfb33ba74720cf37949dc,1
0x7e7b419bdb667bf8fb5cef450b7f6b69fbe7e8b5,1
0x7e862b3eaefc313d2db169901b4ffadd87b49e21,1
0x7e89709e7c1e85dcc73e5c5d3be17ebe3b3ea454,1
0x7e8b39d055866a8aa6a3011fc212903e0f79a990,1
0x7bb6ab9ac5f479b557a616bd7e4a4d792a1142e9,1
0x7e8dac2cd4e10be29858e6020ac418ad52ae4769,1
0x7e91374a911324722dbdcf2485a57a67d7f8cea6,1
0x7e9c76cd2e02b0832cc0c3b9a2c5c4dfc9c42e83,1
0x7e9c9cba22393833d10276c6cfd276fac4092293,1
0x7ea2d458626f05d14ede43c78f8e12e0a8a50668,1
0x7ea398c6fd60252396719dc504b8ced6502672fe,1
0x7ea404822bcc5188040ab5a2cc77ca8e0041789e,1
0x7ea88c05e61bea9788be53d4e9245ba589b0013a,1
0x7ead453f2e48978a6979ba7d6dca0e0cf3b6afe2,1
0x7edb33eff85c1dd7979f14b7d4b7e72e9d7281c7,1
0x7eeedbf68f33f2937f147319d1c06cff1f514b2f,1
0x7ef497b88125a4bae9be5254a38fdc058a82d9b4,1
0x7e8d9c258bf7c0b8a9b0eb93e277f70ba6f67e1e,1
0x7db610c9d5cad2224b0f43b50c69f6daffb38bcf,1
0x7dc699390b1e8c5d397c766c16ed6bbf0ccd0637,1
0x7dc867ddd70dca951d6483d7be8099fb78442755,1
0x7dcfb8bbe15f905f3f93b67670d042a57c074b10,1
0x7dd8e53438340549de8fa69d9f3b7185a69d6bab,1
0x7de0d10c013880fbaaa3a3c4c7aadf08de4ae03a,1
0x7deb14a7d9ea46382bc2aac1cc99ed969afbc62d,1
0x7df97226041d122aa3871a975591d5d2f3e229aa,1
0x7e148f6c85ca70ad36e620b496981c212aff00be,1
0x7e1d89194cfa13a8b99f7726ba7e1f5a44f70448,1
0x7e231b4a80c1a1525076042ce2ff5d75f9930699,1
0x7e238de41b3a357ef94632a4227c533e366c6f53,1
0x7e699884e33ed93e1a1622207b7b094b65beb235,1
0x7e26fede5ae84a6a7074a5a4699074d07a47bce5,1
0x7e2dbc59cef10b3a0d2e50425467ff3ecc889c3d,1
0x7e3754153ba41c3e9cab6faaf8bc3acd25edcae5,1
0x7e3d48f53a872f4755f4fc362d98323fa86cd9f6,1
0x7e3ec0547e6dcd1cf290142a606622c9c7c5d0e6,1
0x7e41edfa3b907cd494814ffc7ac251ca2e248264,1
0x7e47e82ab91aedce81184cecf7e29b64d996dda6,1
0x7e47e8c48a3ce9ecec7451c237aedcbe373f2b91,1
0x7e56d7c3570cd79ecab0a85b383fe6eb957c57b0,1
0x7e56fbab8eb6ff8c967f8e030fb492c2c797611d,1
0x7e5dc35d55339defd6edd49f48794d8d27c688fe,1
0x7e609206ce50d10f98005a519441a6f3891ee4c9,1
0x7e6535bb08768135e8c6f745dfe028207148645d,1
0x7e25b6a0d5cec9ab67b4080a9419b5500932f92c,1
0x7f87a81f06d8d662e2c25b3590b253e883fa08ae,1
0x7f8c853a6c4bab7e1fa527e24ab3064dc7a01511,1
0x7f8ccbd2ad7e0e3ba6d9bbd704909eaed2605f0c,1
0x7f8f2c2c75339e06862b8e6c1fb12a2a49a3eb85,1
0x7f91bca4082ad9af5542099eebc15ad7c3870178,1
0x7f9293d954ce0854fd3f355f5813d15a15a87c40,1
0x7f94e9d162ac387375c39bbacf0b5a967f6bb397,1
0x7f95b465d65728d876caf24e8a7e6f6ed683271b,1
0x7f9933154c93b7b43b61e90f34ca7af62802400c,1
0x7f99b029fa9eb04add747a9ba287360158db70bc,1
0x7f9c99fbbdccf168b7a463ab1bda4e6acb236af3,1
0x7fa5285e335d6d016973c13e7bcfafcd4e538f26,1
0x7ef63e61bbee006eadcdfa36a0d5aa44b071eb9f,1
0x7fbb4fc762e972b9484099fbf44aeadcbf84c2fa,1
0x7fbc5a0c7123f2928349263b263ee7481e7ae537,1
0x7fbe5090dc869a9bcacb66dd2566c875132415c2,1
0x7fc8c2d68c96903b439649a3a318647a1ce27046,1
0x7fcb9efb717a67783c2f9050d94fb0c50ae42eb8,1
0x7fd56dd6ba12a3bcf5a772ca5791b474781bcff9,1
0x7fd625f1df197befbc94b0e05cbe6c3351f43110,1
0x7fd90f6db7826d61bd03fa1cbbe89a4a10a9f6d1,1
0x7fe1553f40b8bf8022955e32d63869eebd0dbf57,1
0x7fe582cd9ecc3af70b856b3c349dd200c23be9ae,1
0x7feb19b7fc9975a29100c698d97ce1f127382db0,1
0x7ff484f59539118d17989daf53f34dd0e6143d73,1
0x7faf0e43b2439fa550e75c27d583c61debcde6b4,1
0x7ef8cb05a4c6501586744622fd891bffe06372bd,1
0x7f046766e955cb3391bc6725e7822abfb5a96037,1
0x7f07f3527e8de662d7d6ce8731aa17d163669e69,1
0x7f0d2db0301ac95caa750bb012e4fadd5d095874,1
0x7f10ac23f486f038470cd10dc25dc0bbff5db588,1
0x7f1421d12e30b06151c0c3c160ddee1d2110ac15,1
0x7f145ec2eab8247f1c09f0dfff64130a52b78ebc,1
0x7f1d62363c99cd3a7b0b6865960863daa19a2bea,1
0x7f2566d6669439ccbbdd9158bda2a0419a6b5d39,1
0x7f336d68e782229ee7bba6494f9d452d227b466e,1
0x7f465e02cdc1fb44f5e304a67ab98a8cfb835993,1
0x7f47c38ae21b876e0fcaa2eaaeca99c33dcb73a2,1
0x7f81ae4f3d8ec83848d5419307d96990b623a5c8,1
0x7f4b43d59e5edbecb1f79ba5dc365b440e231703,1
0x7f4bb222243d7be9a3fa6cfe224ccdbb4a1e8aed,1
0x7f4ffe8a584a8ce66070384c5167a752d9cae8b7,1
0x7f5194286547625708725d8c50d6769b117e2af5,1
0x7f53613d977699db02990c8438dba50b2334c748,1
0x7f5badfbd77975735d25eb89e59f693de9b0a575,1
0x7f6767f14e7737d6d03aad9a51063dcaadfffa72,1
0x7f6aceb4fd4f6e330baf56e91458b0a953e11c34,1
0x7f6c473915f93c1c6210a417181946d274338609,1
0x7f7301d752d428509e710e3c541604be45da1eac,1
0x7f77f1fa835e8c163efe34d320e82e30310b3c45,1
0x7f79989338b07316ea6a4ee3086b01733ec1b7b6,1
0x7f802b81c6b197a5d1b0b1451c7b8811cc1d905c,1
0x7f4afef6758f7543c199fdeb30b81cd5df4c1c26,1
0x7c3ca46f505f1779c26233de4929f913cbef64d0,1
0x7c3ff42ae33fa79b7a8583ebadfe77f89d9836cc,1
0x7c423e744cb236ff179b87152ac573ce1b8dd91c,1
0x7c4f6e3bb83ebb100ab8fb4581cd706f794f4daf,1
0x7c500a90ec1322781f9caae31b4fbf3c939121d1,1
0x7c500c1a266b7d2440c74b6a24c37f72f02cd429,1
0x7c58f4174cc60de76ee071be59cb656f934263a1,1
0x7c59bcbca091234ef7954e1671e6c82a7faf8e40,1
0x7c5b12ff0466e0aac8663c1e13ae9cb4b173d335,1
0x7c5e5e1e93885713c1c8686e55846958e8766250,1
0x7c63cb419912ea2523130eac02cf3cc9db23faf6,1
0x7c653fe5ba38a17436e229f9a1206c35999b3438,1
0x7daf19aea6966e6465be1c1c5a3812b1053384e0,1
0x7c78fefc60a0f00534414195cd8bd32185cae1aa,1
0x7c791dafc688451b9227b7f8ef47b8741c19a872,1
0x7c7c1e4d0ef5aff334711cb4280d502ac15022c9,1
0x7c7f863acac1b092f6dfe481355c45a191f05348,1
0x7c83b1d76a97cd75a0525350784eb27bb0e37721,1
0x7c8fcaec2637eae74c15435d5c5d55141686330d,1
0x7c93ccd793b5cb91fddd7e96e7d6c66065b1b36a,1
0x7c97338413baa8c8229748e93d4cf254f7ed2289,1
0x7c97bf654c7a49441cd73216453312f4325027e1,1
0x7ca0c91f74735567d51dfbe8adaf5b80fb8ec48a,1
0x7ca4d2d6d9c1e276c48faf3e1b2f7198feaf21a7,1
0x7caa2648b16dffd0d18e5063b5267796b697467f,1
0x7c69f8a9b38f14ade1393cb32b263862658d0a44,1
0x7bb7577967c7e5d34a4ac181150eda047041490c,1
0x7bbc657751363054bb900b8324384ecbdc856be2,1
0x7bbcb89b676154f6a0e01476a431019114d3371d,1
0x7bd2d98a90c19e0bcbde2775859acdfa7ed36f8e,1
0x7bd5507da306e3d42c2205e0d9214aa5ba7e7d20,1
0x7bd56f84d661532d5b5a5e85f0d6d63127251750,1
0x7bd61b7d1b0194e495ddb31d0138b917c4933442,1
0x7bd7ba2d9fd5bcea23bce3df6e63b8da68e3073e,1
0x7bddec9ad3e99e33f716fe2f1462564b12c23192,1
0x7bdfe68b539bdab741df18b1e8bc63c8505883ca,1
0x7be202a1714cdef7e5061ab2e5247f5aa22a0fe5,1
0x7be74fd95d4b254b78c1397d097a9ba2e1a08a3c,1
0x7c3b4db4a7bc81ba711bfcc8defd70b138e0d54b,1
0x7bf83e7df08b34c5321532903e74daf93ad43eaf,1
0x7bfad0d244b1cb9f8c7e243e31f759d4a158a350,1
0x7bfc7cbe14a85d7fe2330c666d447dd7c0640545,1
0x7c113ddba62a8b16c099798ced9ec6d0d16cb86a,1
0x7c13eab1b99b97a532ec801b110b278cf7e6b16a,1
0x7c1b2bd231a666d170b2badfc916c3d923eae52f,1
0x7c1b4f3e845bef86aaf1f113906e402527ad4245,1
0x7c24613b353a0ffa0e74cbcee25685bee715b208,1
0x7c2641564c3902b44780478f085a0ca82af691d1,1
0x7c2a0259a4e612755b573cf597baf4b4c1a392eb,1
0x7c2a68565f73fbd8a49bff81aad3160bd2920f42,1
0x7c2b25c68aa39f4daf8ce542773eb003f4b24379,1
0x7c34bbdbd2dd036f0bb668352fe054ee2c6604b5,1
0x7bf1703ce442d2090bad89a4905ba0d407072cac,1
0x7d2958dab62175f1524b7050e3a1d4fe354d4c33,1
0x7d322c881a80bf31c8d37e00759701e2347cde62,1
0x7d35d9b456a960c7b08d7d1fce9ad1ba62d8fa28,1
0x7d3696e39218dff7def3e497480ea6a8287b8c6a,1
0x7d39dc2882ba93ea45687f59331c99949c2d3e30,1
0x7d3a05d919d3554d644ccb74d0dbb9a06a08931e,1
0x7d3f586dd174949efb7cfcaef82ae7d1aa3a2c1b,1
0x7d4552020f6c314bb77dd937022db2bb2552d505,1
0x7d55bf877dadf35d4f7aed3d5d1dc85764526031,1
0x7d59ed9a96c72b7d36e344e60f9493c9881499e7,1
0x7d5bc47792043dbb012e6322c1c072541f39103f,1
0x7d6220cd390607b54a31d17d3478761cca610804,1
0x7cade5c22b86669a49240347d586d9d508963abf,1
0x7d66cc61b565abd8714231129fbc7d7f592e0f1f,1
0x7d6cf509d6d78794d924397ab59782ec9d4b867b,1
0x7d6d37eab86892c55c6ee4d9aeacd96aa2d0cc8c,1
0x7d70cb4f65c7da06d91a72dd501bb2ca27f50356,1
0x7d70d6fe709dec6542fb3aea5a21157579ee02bf,1
0x7d7bb6a3a9ad7394fa0bb3584eb839273c7fbedd,1
0x7d7d458b5418da5da1667e92e9edea9c9e2b1df1,1
0x7d7ef94f0ae6d3f2e781f1363dbe3cad0856e926,1
0x7d89ec705de6a07144376c70bebbd5be044fdcd7,1
0x7d96f2fc139020fa68bf4fab0bb91cd79524fece,1
0x7d9ca86bc6e8c1a07519e42f8b8ac04d08bb52bb,1
0x7d9cf87d7193dc6612c75a63d9257f0fe0a8b558,1
0x7d9e2b517d46d4ca0dff4d577a49570e3cdca050,1
0x7d66c18f62c098eb0bbf30fb4c4d0bf8b67d5c36,1
0x7cafb5bbc57dfe58f1ae749d14778018e7704586,1
0x7cb06ef8d39a550c27dd9dbb591364dac92aad6b,1
0x7cb72955c8b351d2999c4aabee467831b6377347,1
0x7cb81236b15d222fc172b9748db3f808ae5619dc,1
0x7cb87b7895c2548ba5f43ae0ae4e55c2faf6f5bc,1
0x7cbcb426689ba03f1146a5169f712960340f7c7a,1
0x7cc6c5cc48ee29fb1004a665428653c9c4973cce,1
0x7ccc3452626bf4ad7e7bf45033f49ef8015a4fc3,1
0x7cd2834b363905ba251dc47f40e4c7b898f1d89c,1
0x7cd5c42f1cc68cd3fb5e769a0b98a788faf9e3be,1
0x7cd5e7538ac53bf737aefe9b694de4b945292e45,1
0x7cd8f08fffab3b4828f02c58030784efa0821c61,1
0x7d28647dc786fdf830c177f949966f0742d0cb3e,1
0x7ce1d9ab0a580d7b6afd34b220aae74d1f34cde1,1
0x7ce2af35e06f0a45fe350f1f0abb9fad857e1edf,1
0x7ce94f5d48a886029ba30d158abbca6fb1da5446,1
0x7cf1c0a874dbc297269cab00dd7ae30f488c0c6a,1
0x7cf264514ea25b1f252b50c2e6cee80d2e91499a,1
0x7d01951e4f9ee2cdf500b7a2dac9a5b3eb751fc5,1
0x7d01b5a214a0398c554b7b277bb79a61c88ea1e8,1
0x7d047f7cff76a27dde205bc6cdbc55259b4b09f2,1
0x7d0e7a8096a5283f95a8a4a6b93ddaf6ad4ea42f,1
0x7d11399c112b473d55f916f36d66465192f4f44a,1
0x7d1ac367aa9834caa7bcb5f06608fe488f8ec7e0,1
0x7d26cd80820f029556e17d0c7c472523e072477a,1
0x7d27d9bc5a9815528a2d72fe96c91865abc4833e,1
0x7ce1abf650b11f989cb5d628e4055c237688319c,1
0x4f342cfca52ad29d042a44e22313521a88d764c1,1
0x4f359e985e718a5d9675b1f83aaf6c540b21d3e4,1
0x4f379c087bf6f2c67dad7b06afb587a13781f0d7,1
0x4f3e2b95019470994cf37b1971c20ddbda33ae49,1
0x4f4205bebc271f6e9c71565295e615d13b90b087,1
0x4f549b3c37cb4a07b5d54b0e4f72bb196879a1fc,1
0x4f57082366784dfe0c6ad6e1746f9c9ed31f9e85,1
0x4f7a0ced1b8bca8975015a8639f8508a1f10d699,1
0x4f7ce0554dd0b28cb8bcdaf6dbd97cc22217cc96,1
0x4f8361cfd7f7e10687fd1bf4ea8cd2b89d75b215,1
0x4f8af480609a3a22870274ef47654c114323321b,1
0x4f8bb6056a48c83f698866cb7bb0d69072c68774,1
0x665d5798b75bea1f0b4260637c9897f99e9485ac,1
0x4f8f247cfa4baade66e3e2052e0e038e2b3c5a54,1
0x4f9883c7331ba59a56360ffa3c332e0bc09029fc,1
0x4f9b447bbb1866f759d813bf3559e3e926afc7ac,1
0x4f9b4ad61e116a9d0b060a9be742289dd36a2ac4,1
0x4f9c1e3f6c57bb386a5919502227e5cd3b1adcc5,1
0x4fa11a9d8eee1f3bd1a3f36f19a7ba0ef1755da8,1
0x4fa9252d9a8a664f98a57fb87384f7bce6506352,1
0x4fa9361e45b7417518adb97730ac7d89023c12f3,1
0x4fac5b538f4108734a57e24e221bc309ca664ed4,1
0x4fad95f5e9073f4a00500bbcf6eb2a68bfc98f90,1
0x4fbf4657675f17f5b943559ad975894acd1bda9c,1
0x4fc46bcd5fcedcd09f0be2b7c7edbcd251ab129d,1
0x4f8e07f9009a4c6e89589e0a7dc65863096a86fc,1
0x4e86394b1108fa60bff1766a490556f14eae3f47,1
0x4e88026e81b8a5745a66dfa5bbd22f31e165629d,1
0x4e8bc8a53029f26d818a81724618b55e40c831a5,1
0x4e920ca2d40dc5e62bb9f4684a12baa9e56309bd,1
0x4e95edf56067501d285478bd36f91b5858695544,1
0x4e9888d23352edac24377a875e9791c214431fc1,1
0x4ea8cd0539eb8c62fc52900db96dac8b3079f5de,1
0x4eaa691637b6a7a22517f26d57cc9d2cfbacbbbe,1
0x4eca4b481ade8e17040ad5893ff718cef382b361,1
0x4eceaf67d640f0c0cd2a2a219355128467e6cbad,1
0x4ed56758622cddb31549d970a1389ed353ef7a3a,1
0x4ed5f75a39c58eab18561030d7ee1ce9714250ee,1
0x4f30c1954745ac90a2f9e57454c6d6ebd29e4d01,1
0x4eeaae6b41495c2be74f9b33d054c8bd9feac6cc,1
0x4eeaaf3de8144aa3b0e3a5760565aac772c6f233,1
0x4ef3022b1f0b4a18a20b996fe0065c0f8a097da8,1
0x4efd0b5f50a512df01d83a64e047e9e603d8ce5a,1
0x4f07c04c6c8c60343ad0a882348e75eb055aa8f0,1
0x4f0819ac6393df0463176c8a79499e22a3d7b8d9,1
0x4f0d54f48651011c1fba32865ab508e497373bd3,1
0x4f16bf9386b8d3acba36d0d66badcb55b80f004a,1
0x4f17b9cc5b54329122fb21bcbd052a9abe295559,1
0x4f18b8b89323af988a44b3d477a51a392027de61,1
0x4f1fc9bee8cbddf933f6478f891ccb958a3d3694,1
0x4f26f1fa106245b6395706dacb07d31304ed17d5,1
0x4f2bdb0a37207f2449de8cffc4d2cd5d29649ed3,1
0x4ed8fbe65d82e7d6906bbc75f253857d5b390560,1
0x50516de7df6e6bea7b5d8c8f2dd4ae5583df831d,1
0x505281e6f6c9062121f7ec5a6643bf10e2c8f301,1
0x50564ae7218d8431d19a503e39a5949113614f41,1
0x506359b1fcd297c1d4bde7b7e9c8b5dcdd3ab971,1
0x5063e6a5187d0065e6e8e3d8c2d6316ac228cab9,1
0x506bdf9f4753174f67824a8ee26c65cc0b0ea435,1
0x5081e0e41daf6e4d24625a16eaff1df830e4da50,1
0x50838f1bc9b69e14378c8189b98cf80526c5a854,1
0x5089f69dbeb7757a42a7c9436b250664a467d0fe,1
0x508bb8edf2285f476cde11c20d39f8bcc3ad1cf5,1
0x509173cd15bc99416cc2567b62b46430d59a9580,1
0x5094c4c07f5b6ee72ec6ad8c526d5149d9acc75c,1
0x4fc62e7db82e14ffc3fb972f825ffb0c8205570b,1
0x50a0d5a9178408a79c20a14d77b0a8e80f0e3185,1
0x50a431957360cadd1445a99083abd02ab7497e60,1
0x50a9e29cb4a32385ba394ad62aada232b4ced9f1,1
0x50ab100770e70415470aa425f8f551fa0b7cc95c,1
0x50abfa92bcdd1cf93db4a80d8778099b93793742,1
0x50afbafb2308e885a08dd5c534bf886dc9870b57,1
0x50b03868bb5b5be064678d6e2b5848d057efc660,1
0x50b0f312eee5eb91c6a7aff6136fc91a6c4a836c,1
0x50b39f9c6a253ff7ad7c2635c61b7f028c1d626f,1
0x50bef101a63cbacac0acff98a1419ec6c0e53984,1
0x50c286a47a738e9fc04998dd2aa1506be72bfae6,1
0x50c49a359cee806e4d923e36ab4e1ddb92714495,1
0x5094f050839bc00b15ce8f848549d6ab150d354c,1
0x4fc89a3a567f3af76d62eeba9afdf80c0789836c,1
0x4fcc694941d65a87efef398176cd3de4f0b661bb,1
0x4fce8267c0727bb6562f4c88fb9e0ca8b18110ac,1
0x4fd366531870929d1c59f395089d78155886ab9a,1
0x4fd6202e9290ddde3008f29b584e87895faefe3f,1
0x4fdb8f887cbb45e32987bc1bcc3501fbfcce1df9,1
0x4fddd0ca8d777146e29543dd5f775d36bdc0a408,1
0x4fe1e083cf79445300f82ccdb664f98772766f14,1
0x4fe52bf194aa2ced112b13776ad0fdde53b2c4cf,1
0x4fe8461cb2ee593087b979bdb6fc6e93cc65feb6,1
0x4fe9bc140bbd7c2227adf229e6822f2b74777b8a,1
0x4ffeecc37179dc1274038df324561936bb27f5df,1
0x5051255bbf0d5b16cef1d1deef34cb45fd9e19a7,1
0x500970732d05340f5ab546c5b3c1f918c0158874,1
0x501474ff385dad65ec542b0d4a2d261462f94b72,1
0x501b6a21b1b58193beeed8a06f3bfae63e74d5c8,1
0x501ec8d8e728743c99967e61610a398132489359,1
0x5023888bce089aea5fc6e64ed8238eb0d1dbc875,1
0x50261f858e6abb13ff2166279bd9ee0957193c82,1
0x502d5d53b95a2c26c0c21721ee232d98c159314d,1
0x503278106f74225d792b2e6b2b25fedccae70aff,1
0x50365df0dfb69aa482cb63e7e5b1bef0cd44e784,1
0x5036a9785e6cbb486acce3b580ab3ccba210c232,1
0x5037b33728d7cbcb19cc19cfacaa268a31b5e643,1
0x504102f2a6ebec1f925e10a4331ff89d6a1084c8,1
0x5047bea55933a67c7567f70481225da31d558a8d,1
0x5001d6e957a24e30027e004def1ba4091796c200,1
0x4d04b5d616ea6856af42c7254f4aa616c35c717f,1
0x4d0d74df04acd01ddaa9238e1fdff9c5d712e0bb,1
0x4d0eedd3984d8400e10642f0f9d66bf1f0e3f122,1
0x4d15d4e71997111035788634dffe88ebca856c63,1
0x4d18de980b660f9d9abe27baf50f90d0b94b96dc,1
0x4d19a67b7a9c2beec66b7d08a991b409f6082a20,1
0x4d1d33aef8c0070713fcaa4e157271d296afb132,1
0x4d1fee80ad17edfc3462cb7f226b7749787638de,1
0x4d20871188fbbdb88f3d51b6b97fb4a39e3ea3d8,1
0x4d215967da65bdeffbde5057a189819ede3ee469,1
0x4d22eb80cb9d9b853ccbac8704c92991c50f3a4f,1
0x4d2845212c8347300a92cd1dc2906869fdf934bc,1
0x4e828cdfcd9acbf977af9c769f94be63617495e2,1
0x4d2d169b68ceb7baaec0e893ce09510befd32443,1
0x4d3006a268d9af4161cee15315b1f0726e985672,1
0x4d3db0784ca30a6e8907ed159354005ace6a8752,1
0x4d42e67be988f59b2c666181d79de7408fae4869,1
0x4d46bbf2ae0a7b92404a651ac3037a1a578dbde8,1
0x4d503c799696286202466c3e895217736a9b3d40,1
0x4d5a9d3a7a7172440530e75dff4ccd43fb8bc1e8,1
0x4d5e76d731d2c24c1d8238f4e720d0c06cb0db0d,1
0x4d694d4ab5bffe58403f98d2658e8206107a8739,1
0x4d6f9a72c7e796b5e2ff6f8dd67919bbeef948fc,1
0x4d70fb06a639708025eb73f9ca3eea90e112fd49,1
0x4d7aa5ac18294170c6c0c106723b08e59e801f52,1
0x4d295ccfdb20df58b1db68a098b302807cbe1dfd,1
0x4c632669880f59b58b8453262374847312589ef3,1
0x4c6ffe9ffac3b0f76c25a7dc928f8dbea99c032a,1
0x4c71655580fb36ae428b7045fc8ed45b97111f70,1
0x4c75638be37931d80e7ae565b230096530774480,1
0x4c773ff7a8004592550bc95c757854bc48dde18c,1
0x4c8269119a69f2dc25b4c8f7843f95a779f207d4,1
0x4c8409c43f8d6ab0c4788c2f2479accc92a069eb,1
0x4c87702c253b67590c3f52c8836152b11ab58f04,1
0x4c897ed2e543a85748626b01847a3460e87e6e91,1
0x4c92c8efd9652fdcbdaf15bbdb24b65fb79b6139,1
0x4c9eb2b5ce4c2ed1ca1e3fdd2160d37d99fa36a3,1
0x4c9f194fbfae5d964893067b01fbf6229aa92cfc,1
0x4ceccf3937c12f76243161ea720865021d16e7fc,1
0x4ca4900ff2d4310618efa7d79513ef507881e0dd,1
0x4ca5a65716d1aa410c439597c963d46382a8a0d0,1
0x4cab9968bdfe09e21c7f6be8893d78bb105628ca,1
0x4cb2d0b0f9c9ce9f5a6b9aad5975a927d7d937da,1
0x4cb4fc75625d1051f72ea19192695c1b7909d067,1
0x4cb6845f5098c56264f9a5401bfb8f0e2cca086a,1
0x4cb8dd1e1e7a5b44a2530e560b1b1b452cda8eb0,1
0x4cc9aaea75f1712253d2083bca0c8d0a2c57301e,1
0x4cce6bcf91d27589d8142e45b6ad77ee2d758cfe,1
0x4cd5daab0530b3e5698f03c9aaf0318c8be59030,1
0x4cdc2e1d974da534ec97b605a202035dc7f7cbd3,1
0x4cde8657836b7b70852d2f25d612524a41d3c635,1
0x4ce9f8e4c6766d2d70ea997caac681b22bbd36dd,1
0x4ca01ae8fd6eb22f44556b6b7ecaf20dbbbba3d4,1
0x4e08f1103e8ce2fcbfefbf48c1ddc5e402353281,1
0x4e119744f53f92149649c8d5ff3d6cc5449d73f9,1
0x4e12798543f5548430f4adecd7c2ba3eede0f713,1
0x4e1753a776a1898b652177d1bea2801771b422d0,1
0x4e195c35deadbe3a8a290e26123ebf45adc0a0df,1
0x4e1b5fe3f7f592afc0dd2a501252ce55f8de3429,1
0x4e31e07ef3c760d37e69bb850223416e0bbf2b8a,1
0x4e32e3ea8077ec7c219138779a4fa5630ca1be5c,1
0x4e34477b63476eb825268c9f93d9165a48805406,1
0x4e3818bfac60df21c001acdc19b432baf3af87f5,1
0x4e38bdd1c27d55388f550e5271a2d7900aabb3de,1
0x4e39db9069ddc19b4c31ceebef810000df7d689d,1
0x4d7b1021741c847becced4b646ac9be73b609070,1
0x4e3fed34a88c1d0436a93ff6a16a495e439e905b,1
0x4e457cb22a32dd387b5a9c2850ca39b5225062bb,1
0x4e461691f6fe27ed340402a1f0ec66ca84d5e882,1
0x4e4995365e95312c6943c7c8d328ac9ba793e104,1
0x4e4b443c68ad2b63dc6cb718776bdfdab876eee4,1
0x4e53fdea11042a1023952bdb7ebf3903f87dfb16,1
0x4e5d6325174f09b169dfc293fb58278a986dee05,1
0x4e5fc9d9aa5cd4762237428951de04512d9f9713,1
0x4e62bd502a5d6b3c6d1a09f0ab86ad8332110f07,1
0x4e76edf918eb1220891a2d605990e2ce41960d8a,1
0x4e771afe28adc6260ae109311a94444c4476d386,1
0x4e80ae3912990147d3a0951014d2e3ea8dbf2dbb,1
0x4e3c57b6d6f19a831f57398309257a8d4a03c461,1
0x4d7c7fc6bb767fe06298f96ef787a4f32169917d,1
0x4d7e827e64492532990a380ed5e1fc398c939db6,1
0x4d886f06475a23f2cb9d63f1aa7a87cac1b3bbe0,1
0x4d8ebfc1f04f57f0349d3bcecf550a9f00a1257a,1
0x4d9af60b727f23e5c8617d40ee5b12236691c695,1
0x4da09d89f341fe360dd54a2f5cf4dbb68adbef6d,1
0x4da363e8363a3bee3275bcd3424caf3674381d0d,1
0x4da544c22d6d07afeec94bbc296502ccf7972a26,1
0x4da6f8741d84b297689e21c1ad741eabdbf8550f,1
0x4db35f7776fe20090e00f30805064049f93ac05a,1
0x4db4185be87c8cace21487dc65bf231ef4da1436,1
0x4dbe204e4b427bf95fda719237e0b2473347b073,1
0x4e0833385daa92e251ba2a6433084ef3c98609ee,1
0x4dcd91c0188eac3ec5e63086e7a969279003b9a4,1
0x4dcffdf05333756c9a02f3713234e2db41074744,1
0x4dd213cd34836223f46a27705ea1edf912a59f03,1
0x4dd8ca20c4714fa6b4a77af1a8ae7aafa78dacd5,1
0x4ddfcbefe815e351be8b03a9e675201119042b9e,1
0x4de2b9dc7f4a0618a6959791325959afca8fe9ee,1
0x4de8856b96ad4189d0bce48fb8020edb8d4b1063,1
0x4ded65d9bb5cf3d6996d07bdb1e3b155de9815a6,1
0x4df8a7a6a02b977f769901db11c428b9b7684fab,1
0x4dfa14b7228d7f5e75812162db88d6e65320c414,1
0x4dfaf5f93e4d3edc0acc5adbd6daa5956dfb678e,1
0x4dfc4c58a1dce48f7ff5542c9f8ff819e9ec691a,1
0x4dfdded2cf26a1f0cd5880d0cd861a077a70eddf,1
0x4dc6a823cb245ec1a72fba55fb1012e17156cc6e,1
0x53be779c3176769f556cc4f925e9a4e5c2bfb2f5,1
0x53bf4d9f3a31fda9821e811f3bee06a9412d2493,1
0x53c111712daf905722f4512a4c227ca815eb71f3,1
0x53c445646ab4e924d59ecde375540569872de465,1
0x53c47a9895f410c6bb4f18187b221e734776a989,1
0x53c9a735708712eb0f25376a78f3a803b840c652,1
0x53d2d921b2658d4e655dbc2fc975146e570be80d,1
0x53d33d8bc12a439100ba7a2c1d63f56353b2727e,1
0x53d7a5aba897f7aaf50f00c82e284d45c6813225,1
0x53d9e97fbf93a64eb7d9840a9f44a0645bd981a0,1
0x53dc34441cfb188e459b36d5eeb608f4658c7d6e,1
0x53df54d52b1603d04ecbc329e38a6751f080f27e,1
0x50d0daaada561ec8fa1e77f59ede5f3398fc7914,1
0x53e1e1c3ba0b5ab59a4727ec962bd9207335f2cd,1
0x53e20e472716ec1f25c6652a1fa96b37c43fc243,1
0x53e718badeccab43b770efb29bcbad9ff3457aff,1
0x53e7604c7dbfbef20d24533468d146bc355664a0,1
0x53e7ee21045cf6580952ab1ca3d3ef81b435a462,1
0x53eda9b23fdf2a3be7c5c0cc6a0c5e6abb711288,1
0x53ef6efa49d20d8816afee38de5de8996ffbb4f5,1
0x53f2cff4fb35f5d3db59d11d814f91d4d34e1797,1
0x53f2fd7c71c5746502fecf2dac45107e1ebbd277,1
0x53fa301881db81b3cb9134e62c1630c27051bd5c,1
0x53fb8f09c875063f8ea201e1e8cfbba497d84e51,1
0x540271e16924a3fcbc19cc9ee6947b4401f307a6,1
0x53e0cb3b7bc4cddb53910ff8c6fc768dbc826905,1
0x5321319b84a6b1011c88808ef35676c4ab4a7700,1
0x53279cf9ab2339224b346070adccf3d98e85f37d,1
0x532a7b3e22a12d6aff3b817ef983de784e365541,1
0x532ac6fa94797eb90745f4b140d05be1a9efee15,1
0x532d994b87490b5bd34c190733495be492d0271b,1
0x5335846a10252ecd5db54173c99ec42404cb385b,1
0x533bb96aa9228d4964abb5c230c17c4d6fc56c4f,1
0x5345601434301b6b556e862b84a035f6792edeef,1
0x534c3ac92e2d994fe87f35f7c29761b61b9d1525,1
0x534df265c607014cafe79798844f7a621d87789d,1
0x5357e907a15c800a59a80c9f39f94b92f7777328,1
0x535cb9e4e5a6fac980ffaf356308558ac8e7802b,1
0x53bdb02042a8ec05f15bc9f6b8fb1c3b3d85760d,1
0x535ed13b5429a2c03d261768a7825a61ab5a64aa,1
0x53634d6dd68c98cad3f235bd538a41d41ecc7a00,1
0x536fbcee43019b733f8f703ef65020850d6aec53,1
0x537587a872661b2fcc3d5f6ab26c28ec7b4f9118,1
0x5380eb68343c689f888928cd7fd9a054a48176b0,1
0x5389394a5730d20ab8247f5631e3dbb720ed1fce,1
0x538c44d55614d792f445dad731b42e62a6b7cc34,1
0x53946363c102f180e63fdfa11295bbc3051801ce,1
0x539493a8e8354cae346f5389d807d9cc2edf6c40,1
0x53a7da42af93fd07ccb91ba5ea4e6e45c8ee0d7e,1
0x53aa1e6c1948ad0be23a14a6356ff31a437dba48,1
0x53abf5347d43dcdf6e1647c8a16581caba7cdd4e,1
0x53b80484a853a6c8ec4abcbe5db8156cdaeb4b2a,1
0x535dc38c95514da027d1de6bee0d8aa9d7e4ce44,1
0x54b49f10b5b232c69660107fdf99582d166527c9,1
0x54c15f1d1dacc2febe98c98739b7b2fe3787902e,1
0x54c4808338f4627b7d942345616425250d3331c1,1
0x54c6b15cb6dd8ac4169402788e51ac1187cf9248,1
0x54c7867da577ea61f691499e41dfd8d55a21d2cd,1
0x54ddebac3b928454383ae0688332f5f60bb7dbd2,1
0x54df86dd2763cde7bf537390a6b8a43703a4739b,1
0x54e0a25eab42249be7efe63d58e002e1ce633367,1
0x54e9cec3f3b6ae32b71abc8017f64d60224a8f60,1
0x54ecf7be3cf0ecb519f852a823656d785e7952fb,1
0x54effaf999b40004924a44d458a736940a04abe7,1
0x54f4032ef1c2dce189897c1776f7a1767af64422,1
0x540ef2956c09b4ab4eff81de3da11a614476c1a6,1
0x54f8c004ff9c96b523a50e3d5969482306352160,1
0x550540fc2a7c8a9a90ce2aa9ae64b6321e54ab28,1
0x55162685dd0f9c44a972f3a5542ef76ddf3d34ab,1
0x551bc0a4cae489383368538e38e5158f89e59763,1
0x551be003fd285ef5384f444415dbe26f2bbec59b,1
0x551d788e731c486c37e87851c1b36f1572a0f362,1
0x55298e832a79324ab8303d18b362d859f48cf1f9,1
0x552a86242dd4dbae23b924a40fea03578b9a191a,1
0x552d5ffc197a48bae4fef2550f0146d155794734,1
0x552de8c7fbdf2253a87b9489977d46a1eeeeab03,1
0x5530736ffd6220ecdb333d62a2c0e9342f9fbf8b,1
0x553481eafcee0e46aabc789303a44abd803839f1,1
0x54f7d2492195a95c4237cff1f21f21d891499a99,1
0x541f8a473485edf6eb6b36fa30ec1211d90e63b1,1
0x5423a87c686fd6a905f45b60a5309bcba782d162,1
0x542d846164f4c92f59d7c3f4755d9fc92dcbe63c,1
0x54311d31ee74e890e850fdaeb80a097390c55ffa,1
0x543a0c711519c5016c2ebad550415bfd65ca7adf,1
0x543f36e54c2ff0e8cc66c6cc57125ca8018e66d3,1
0x5440f178e6f5a284dd45223b37fa76376c60eab0,1
0x544417a876d8ed82b4ed451c201edbfc6d8dca3a,1
0x5448a65e27eee8bef55aee4acf0dc1111877026e,1
0x544928b67c4963b76bb1f21010842638f913b94f,1
0x54524d7be2c4e1f2e1e7f9090428953d4c2aa18c,1
0x545c5c1e03446c0a5bac203637013b7e43c8307b,1
0x54b44fc51d652a695a520708ce26ffcbe69b738d,1
0x5462e9bf031b38b370b1b7818f8459e061ac71c4,1
0x546423671b5057c6856918cb26da8224d1c4cb40,1
0x5470bd3197f4adb0a98ef608449fcbccd12fdcaa,1
0x54758d9cb2ae63abe3ad7288e7ae0a741d70f76c,1
0x548407bef936f55d774ff84558e3d158da007e0c,1
0x5486d1cddd91aaa64785c3487a6f7db987ff4828,1
0x548c9c9c84e56c3fbe7dc0afed589bebebcfca37,1
0x5493fd323eb7d113ff830b48d19567c445c0172a,1
0x549fc4930ad9652634d708c9c7d68f759becea3a,1
0x54a153dee109b03a2317fa43ec64f0ec6672c74c,1
0x54a63ee147f03ec9ac8c5998a60df67800bda036,1
0x54af2de879d03e322004f66143ba62b10e9c439c,1
0x54b2338cb477f312e2afc98b827c76e8e5e3fa4e,1
0x545ce8251ee398f09c019779a403590679cda7c3,1
0x5136af6419978c548f8c3421b1f6efce4f4a3cfd,1
0x51401b6659af8d50c77caddd58ed52b3245b4745,1
0x51432d487f98c027beb20f0f52afbcea63477ee9,1
0x5143ef98790920ffa288377622f661eda74a26b1,1
0x514d3eecd51f303fb4074ee62faf2940eeb25a46,1
0x5151f70e0747127a5d00be10d6be0d2436a3755b,1
0x515835a447758f7d0b33b0b528e2aedd61ca94cb,1
0x515c07c99324c089cff4c18cdb4a2e0b82a864e7,1
0x515c9eb2647c6f213a66efa6232824931e5bfc3e,1
0x515e5d1a8b279f6cd816a19045beaf09f243022e,1
0x51624861487b28ccfad921adbbe0ab5c02b5110c,1
0x516868cd86941469dbfcca6f8d9dfacf5b686a29,1
0x5320fd8bb75964a9bc3c62c91fb2705cc7e22927,1
0x5169acbdff39cde7b5228981a950cce0ab169a65,1
0x516abb1448a0ea79d5d360feed00e88a828b65f7,1
0x516df6561e16d04257fa1816cd659010142e5960,1
0x5173854d8b78a00a7fb925f7c2a01605374b4ea7,1
0x517494564b9f012fd0767e7cfbb5917583cb5abe,1
0x517c4ec9c45171516b30eacf364bf29b2d2743f9,1
0x51835aac0e967c8a32deaecfa0be814173faadef,1
0x5184bbd89ccab107d4cd61b9d93d36e947d08069,1
0x51855fb2ad705e29aa2cfe667f38e3b90018605f,1
0x5190bf0f8078eb5bc1eaf7b3aa2adfa0bedeb253,1
0x519222927d4f4dd23bc6c71092ce8c274e9bedfa,1
0x5197f23114d43c5026dcbd4c5143050211c2ecda,1
0x5168a08e9ec89f75a223661347418ab554665d15,1
0x50d68b489ea3c02dda36f357ed58770bec77f7ad,1
0x50d8ee52ec51b9ec5fdbf9ebee9cf2110c0edc9f,1
0x50daced649bbd2c8c378fb2862d0e99b75ea23af,1
0x50e037ecc7c2d79b912950102a53377841a67d1d,1
0x50e60067af6798d875e000e958b780c7af61c4d5,1
0x50e717c9ae223d9a1655a198f80c1ff522b7fcc9,1
0x50e72e4a555b0f6a8be6e8e73b9cdf527e35ce11,1
0x50e84350c170b95dbf0168e316f344a0fe8f5843,1
0x50ed895506eab1c6b5cee89060386b7b9b533044,1
0x50f4ba154d9017efa94de37dad87b91e03f43116,1
0x50f4ef2bc34c06e32160ff48dd3f9b5f9d1890f8,1
0x50f6a821050b4c6bb3fc157d216700c82b37c5a1,1
0x51354697662f2d078253b862f6850784f3d15476,1
0x510e28a9b4d9e4a783341859770953ac17a505fd,1
0x5113c3b33ba898a31d571e9f62df8a5f0c20e223,1
0x511cc4d9e38eae9ffa2488d8646cf15486ffb973,1
0x511ec945180dba84dec3d952580bf3678964abd2,1
0x511fc4d0c838c00f0f310e0de891a4a272831f1d,1
0x51233ebe9b58df222b6739a2288d49079ddd02f4,1
0x51266a20b7b47fd3ee848a9672ba40a98912492a,1
0x5129f4f43d5c6f24c199360078c896b04d8a0799,1
0x512b6cb3cdf530f2845990519a199c0f759dde7d,1
0x512d40a2cd7c8828b34136169d7ed522026a338a,1
0x512e13ea622a3ce2513e4bb450d96b593a9dd245,1
0x5132051b2fca7906eedcbeea248f2587faca0774,1
0x5132e58aeb50d361214419a8f917ddc208a6265c,1
0x50ff274ec81474c56430d77068681606b3ffa4b5,1
0x5275b165c1ce44d7b5de2a4469585a1c976cdea2,1
0x5279bcb592b6c9aaf279c0140d5926fc04c31f86,1
0x527c561f90ecd1857d9740c37a471202101675e1,1
0x527d27eb88173a4c49f5d63a12d393061022bfc3,1
0x529970a79427db944fdca391e78b439048146100,1
0x52a5f36b1ea4a2fd33635cb8617e440295528f77,1
0x52a7aebe1090f02c8bb280a47706524aa8ff6091,1
0x52a9b2f45d0334f4a6e7527f5490f67ffcc3758b,1
0x52ae33138f58449d59f6ae43a3f6f2e0db3fc2a0,1
0x52b846a8bbca8f5a83fad70941f26bc55988633f,1
0x52b9aeef0c23f4db7cac9e7a3b6783d70296e2cc,1
0x52c4464c8a10df92e090731b645c0ce1fd399dbf,1
0x519ed785ebfa86e548a8ddb4abf4657e01acf058,1
0x52d1fb8b54ac2da24568a07325dbe017df53a505,1
0x52d427bb29f0ef203e4d82143f499ee07ec10365,1
0x52dbc3595965203410f96a4c73205d8e0113e63c,1
0x52e380951df7692aaabc5303dff20fbf89742591,1
0x52ed2dd479486cda415638cf2ce2ad71a4871b8b,1
0x52f583773bb348cf36de332825e6fbb12854ee8f,1
0x52f5b82cc887d96823127c237487151719c357ee,1
0x52ffe0944c9736a1a59281bed438f64004ce4037,1
0x53087e2d45ce817c09b1911d4de026a65ea04bf1,1
0x530985bc032e4d35718a85056943abe3c092bb53,1
0x530a4d260d77680f046b234e2d5307df728504eb,1
0x530c9336b75309fcc6eaed3a7a2ac83427171574,1
0x531443719c53ceeb462bef3c723ae986f8e33333,1
0x52d0f3131929b3e4498ba71bfc36ffda18f71eba,1
0x51a0d80fdcb7b6ced7081a491a6ba3bb34edd2ed,1
0x51c088c9a49c5556d0c80681dc62b42207399cc3,1
0x51cfe94befe30858a2f2c31eac83d2d182760920,1
0x51d6bf91f6bc1bcf0a19b2c47b3fb300646ffb74,1
0x51ee8cf5038f5076550cd52922e17137e155b0a7,1
0x51ee966b7318a705bf90f23ff474bb15468a176d,1
0x51f2b9b07539a2663e23a4862e84facb5f43a1b9,1
0x51f3d4f684b0f75940781098302ac5ed4c0ea2df,1
0x51f525237511343e8fb047d5dc06ede1063540f1,1
0x51fa991bfa6f0d4894a1e78c83d6ff709133d7e3,1
0x5206ff755e17943c9c2dbff0f32fe4ec756c67a0,1
0x5215112dbb7adafca37d172a8674b862f570e4f9,1
0x5270c00ee96747e16b5f82137edddabd42b4c2aa,1
0x522fe627c6b047c0eb52317e2c1a7dfe057a1a25,1
0x5235e66641a7f11c53a691dcffd80d41e16739b3,1
0x523727b695ef0d1f00c929203f23d958c77a829e,1
0x523ba8288c55703fb7270dfccee482c027e98bbb,1
0x523e6540b4cd6eb096090a7630168329176bc204,1
0x523f54ecc3f7688e2f59718836f4eef5f0f12a5b,1
0x524c234baf15a04fa32e43f28fbbe3b073d13959,1
0x524d7cb284cae90b34ad90675ed7440b510ac010,1
0x52517cd99262690bbd3cb0ef269933a6eb7b971a,1
0x5253a16267d845b1e6f7745bc745da964a6926d7,1
0x5257cf11e249a29b4d6f2ae7982b8cfa43cd838f,1
0x5265bdace4e4cbf3fb88bd8f047488a63dc6e514,1
0x5269b9eea5c4f0552bbbb2f9de2c643c716f3712,1
0x521e23f8e34a0bd025f366a49a905481ec54d2bb,1
0x46a5f3473dc9e5aae4cbbba2b7dfecbfdb0dfcc3,1
0x46a81d2c1a7f0a19cb0988537539c94c75d6c356,1
0x46b2b070c03e347ae99280f51557672ac338be9f,1
0x46b31ef062b97f85cf62e9da4743a288e7d74eda,1
0x46ba5881703c2400fdc8e82a5a2bfb09fdb24e08,1
0x46be7aeac3a3f7965cb6115d697296adbf94ef52,1
0x46c55a4d6c371dc6e92699913032ecc71a9602a0,1
0x46cd6a358bcea8e4e361c43876c3dbfbdfd86ca8,1
0x46cf8e65ddd57e7d822bd4dedbafb3279cebecaf,1
0x46d87157e77c91fe7adb3ad8363de995c4bd7bf9,1
0x46e0464982564a06b71e730e101a49e3a1ac4c95,1
0x46e6ccb165a97484b7d22f9b7a389e899c87162e,1
0x4c61510ac13e98c5c51dd0de61ffbc7f55d2fac8,1
0x46e9646e0c0692700fdf084f78fbe6327e9e7989,1
0x46ed93f8b127fbcda5d6ce9faea3b65c19a7c0bc,1
0x46f61840d9345f60927fccfb71a31874c5fc0d56,1
0x46fe592879014afefaf9e0ca8241a18f01cca8c0,1
0x46fff6f95f2999bc367d6478e7b2d91d5c2ddf3a,1
0x4704e4be214527a6f68229bc2ea36fa900f84f40,1
0x470ef3e996ba9791db2ff20b33b6efe85d5a167f,1
0x4715afef2dbedb15150425102dba3d91eb61adcd,1
0x4722341695521a3b7803259c477e8af3924e955c,1
0x472404ed35fd7d930c7b66081c8e040ed1927d9e,1
0x47265d8b07015fb65a5d994e9fe3a4abc4b5530f,1
0x47268322bb2c1c2a8141f8e0407535f5efebf6e4,1
0x46e7983bd2646e424a7232f12f00ce2447dc9810,1
0x462c3a248ec8d85ffb14899008cf690617d42585,1
0x4631645fb39060b83016a24535fc960d40a1e7ac,1
0x46322c4a12d001b5101486d1ae82f91a5f6c2940,1
0x46325a6936cb1f0f73922bd3ed0bf7f233250a29,1
0x46354d432f2c1089a582355a99e7c96cb6ad3a39,1
0x463904c861fb16cd443e83939d6c68182d55f89e,1
0x463b56bd4c01cb186c19d59478e005855c28d9f1,1
0x463e9c5d9b45471ef74004f7daf52a1bf3da2e6d,1
0x463f81cfcf60fcfb99ac19c4cfbfcff3811fca5c,1
0x46405d7298f376a72623a491cab16413df75a52e,1
0x4643e63db16c7d2dac6dc0eda9926bcef2247ef2,1
0x4647891154ef55b9992fbe41e0a638f7d27a7bf1,1
0x46a372e7225bfdd3fb9753f3ff4e3ff2139f910d,1
0x4653ad7c4dd4225eb308705e0d6bfb81b2066045,1
0x46571bbd57042f12273f37cbe36c0d5cb37b3a25,1
0x46713ee4460249e9e49f023b12570a4e23ad26c9,1
0x467c28cfcb85847745b93f3d0b541b91354f505c,1
0x468024abfd50d12aeda5f3d93cac2782fe7be15b,1
0x4681efe5f61abaa0399ede64e9e6499e71b85bed,1
0x4687dd073c2c05faf05e5fe7b3dc2e82009b15bc,1
0x46884a49a9cb2c4e74efc817f14259f60b9c74d1,1
0x46914bbe5121f2210c40bd78be9451d8c64a08df,1
0x46948ee5d0e8e11c05efb0e5b5c702452ced511d,1
0x4695d95d59019db653b61da4da4efe3f2542421e,1
0x469a9af6eb83b20d3dbeb91cc39b533bcc2c737c,1
0x469bc1d934c795431c18826551cbbb198646be48,1
0x464fc22a11f169317053b81a01a6fc99d67fb64b,1
0x47af62d5e28eccce9752646843b1e10a227802d2,1
0x47b64fb26c685d35ba313b9c6c8182c8461158d5,1
0x47b65a29e7d7722e97abfeb424514645515757e2,1
0x47b82d5db8a79667f5babb8fcc26d6996eb63cbc,1
0x47bfd81fca362923391861654151b07e7545f216,1
0x47c2337d87386c2cc868ddde567cfbdebea20122,1
0x47c5e7c322b3ae1821cf715d9d14be698f0e60f2,1
0x47c668cbb3f30e119b2260bc571fbe5e8f37f74d,1
0x47c85c3d7c494886f8e017e2cb38061c7dacc282,1
0x47d1acca9442e53684391b1e89ed76c394e14080,1
0x47d79f6a679bebb085ab3451eb4bfe7cbf969e32,1
0x47dc461f7e7cac2ad3c3a30adac04f72d74a8b47,1
0x472768939e362c2a8233050843dadb35a2dcfd06,1
0x47e995ddb361241432615ba27c99e4aa7a96e1b1,1
0x47f41bb3043040835b8197a624013fe2c6c8c606,1
0x47f5f45bc374b1b91f684e68bd3c2c033507c454,1
0x4801448708b226d386e96ebe2adf6d84cc26487c,1
0x4802f21fc709530a39a4300c94a9b4a28e3d6df1,1
0x480594ce304de2457db588842ee76a12539c42d9,1
0x4809f23c1425762bc6c956d1d37792993c29de30,1
0x480e73e403a88f2666c3fd192e7c069de943371b,1
0x4810849334f21a45a6b205fb148b27e5fa72dcc6,1
0x481290d4e5fa4ae1142ffdfc06e64df55947f401,1
0x48146eb6d6469905ee6689eef7f72ce11322db6c,1
0x4817ad29bf60d67e73e72712cfdddcc25ce8455b,1
0x47e6ec35ebdda528c9c5595fb36096322d0326d2,1
0x4727c4c42c1ac5fae35c157b28d58c7b30cdbf3c,1
0x4729cfc5c42f6fad266c0e7d013249520d93db64,1
0x472b6af159ac18583efbff6cc417d2670defa540,1
0x472bc2a78ce43daeb1776c1e0e56d95c0523d66d,1
0x472ce4134c551d9d6abdd19ab6d63d6228fbba44,1
0x472ef189410275cd472f07c176768cd9295b102b,1
0x472fbd2b5bcf392429bdee2ac8b73c478abb00b0,1
0x4736ec62354cee39aebe60195f2b59b51797a59f,1
0x4737c36796a555f7dbaf1848a21d596a1e4a6995,1
0x473bb9dfbef35548528077b8a4913e27a0e60ad0,1
0x473d06bdddef443ebe7253efd0dcfc2387843301,1
0x473f1479fd77df8f7ed57f9a14b949abebae6450,1
0x47abb506fd551ecb8b478d7e0117bbba3879c97d,1
0x4745c9fd7dee9217de94cba5cba82d172021b9d2,1
0x4748533787ee512ca369c2f1aba90cef7391ab1e,1
0x4749a37b1823d341acd13dd92e4747e48d3510c3,1
0x4756fcebb72d84171a7a01662824e048e19408b4,1
0x476501f0471d088597ee981b4c9fd6c181e93c43,1
0x476901614dc5e1bf7b75ef0d2e3ab4aa15c1e182,1
0x4769e84ff85e478a0391281e5696ff8a5ee80887,1
0x476b46b722356b4b541e20ffa7bd66091e321fb3,1
0x4787c529b58a36afbef16eda27251745721e55f3,1
0x478a6c19682958e952c3de116fca4f443263856b,1
0x478ad4a4c4d1c17dfa3ac3ae5ffa0c69e66b163d,1
0x479012b60e0de99dc65cf8deeddfb362a217b78e,1
0x47aaeeee8dd8ae1bedfc94a5a7334482ec0c6e3d,1
0x474184459487a2d206e4ab48a454009ad39c5e12,1
0x4497161526cc11244c6aeb1704bc1b8adcba43e1,1
0x449b12e9e9431bd77c174d611ace2c6f518ee84c,1
0x449e3932a82d26d56a186f8d61900dfbcec1664a,1
0x44a38a7ce70f27d637744e39cbbfefa10ea103fd,1
0x44a82c7a191e7ddf0d523c6da3e76ce77f132758,1
0x44acbbee4047236cbc1b609b0d170e352c1e939f,1
0x44b020eede2ed5b7070dbf973faac6b9443a176d,1
0x44b57e5790b62138dabe80f25ebf70e6f127e3db,1
0x44ba60f4e42a9c5c66ec52f12882b2843e74617a,1
0x44c3edd84f0904b5c55b5f3e3ef586a9032248d6,1
0x44c4faf1d775f3ea22a678a87199dafdb9555848,1
0x44d01e8051840ae9f9d2dcdd88d4602dd59f7703,1
0x462ba3e639d79b04ae6f658790410a18f58e6c67,1
0x44d7057be0535b52a48a7ef51d383bd1671b12ee,1
0x44d8bffada7c72c95719f01d73432d8d2e5ef748,1
0x44dcfbddd9fc868944e63bbea445007fbf315ac0,1
0x44de1c7fd174d3bc94b6f16aa97ebde192a26092,1
0x44e13b5fda7f9c47757b97a1ed8b67e595341dc9,1
0x44e23d5a86c54a8681d08a16d87aa5d042eb9c55,1
0x44e6dafa30f59408fc5af6def20553b299cbe42a,1
0x44e8a62b581b87bcb22240f98a97e45752d559b7,1
0x44e9d2889f2f49b2d7f47f095bb033e911c51767,1
0x44e9f1ec4310f80e9b9c8640b46fa33341fd4b0f,1
0x44ebd25d83dd1173cded13e3d824bba84c0d8720,1
0x44ec4a2e3cd43b77a27bb9865aab9d68abdcdca1,1
0x44d675c5587ad4b1fb795efb1889dc5d623b9d7b,1
0x443708e35fed385449a7ad7fa1826abf1f1afc41,1
0x443737aa5ec8a3bee17fc97c155a9a7d3a5fe9cd,1
0x4442e239142a3d605a6843c8d70784b538455528,1
0x4446456e0e2ca9dc7d3bed5ee42b8d9fa2b3a2b0,1
0x444bf29506a30427bd9b42f6c316b4614d47bbba,1
0x444ca45918560a9f6d4832e3f47a386fc2820ba9,1
0x44508d565a705ffffceb668c902eaf26d9bacd26,1
0x4451371c9837e48346fd61cf62db9bd531595abf,1
0x4451ff6e8e79bdb9a3c4ec7eb099f09ddc56a9e9,1
0x4457e9133b5f8bfa5c917bec9a4db97a44a0d396,1
0x44598b22f102e59c7999a75f5296bb879b7f46d6,1
0x445b629c882df2ab1990394fa0cee0f25af819e6,1
0x448f4336098e45b9865227b3cc33029599cd1856,1
0x445b82e2ed4c9988eab527c1ceff561d0d23abbe,1
0x4469e9c003a916faad1eb65c48f1a3fcf1efaf84,1
0x446b5fef83c63b66c96e24027838e8686f9e2a12,1
0x446c83db0fc3cdb3a59bc9b23c6bc04bc6d76ce9,1
0x446f2eec677e087e8bea2b2966e1bec122ab10cf,1
0x447267a984d6b380c6996a63055995b34a1b30d9,1
0x44756efa28a9b9ddc0cb6b7aa3a441d44b015ecf,1
0x4479629a705a5a4296dce841636637f6e801283d,1
0x44804ca4203dc419b9244e417544a387833ab3ac,1
0x44874f3dfeeb9259c02f314cd5247a61c8104618,1
0x448ac25ce4f3e84c1bd826d0737e0b3a6ba635b5,1
0x448b4954d1e21fad11713e9a20ff3d9866f8a5db,1
0x448e0aafbdd498629ba68ee4d14225f3ad14a0e0,1
0x445b7c2e05e41ea55a448ad269b08e7ea8de6fec,1
0x45c17624c832361dba78fda45d424f10463798f2,1
0x45c413ce55e6047c68aafbf0b4b179a9a3075b97,1
0x45c60512c610f54328f33a14c9e81df15e6cd603,1
0x45c67d19ac97a7109b701f5295269682544ca6da,1
0x45c838109833ca659c4d7ca3e7e428ca352ee498,1
0x45c95c6557121bc97b6275ce30589f223495501e,1
0x45ceebefd083f7a5b3ffcff41e4287fd35de6a60,1
0x45d428391472f03145f5266a945b6bf850298fc0,1
0x45e090a82f6b1ed54cbdb22f958211151bbf293b,1
0x45e65cbf4b418579f0ad8703624885f814837f83,1
0x45ec4e81f3a32e3c74bffe0fd26f28c5d66872d9,1
0x45f61beab01d433ccd7c5ae88d27e801bac56b27,1
0x44fa818e0a907f28a20829b88cc484604a5630eb,1
0x45f89b4bb7517851c94be34387b78ca41094014e,1
0x45faa13d4ec6f12a8afaf659667e52bb45abc3a6,1
0x46009c767ddcc05c95402c1616de49810fc46445,1
0x4609582f42851a98cf91389594141beb5aa410df,1
0x4609cc9359219f323a71438f713c43d30202a119,1
0x460cb02c09e1ddcbfb1e1eb34078a0a435be1785,1
0x460e8f19a87f0f8fff326669598e354822a7ecd8,1
0x46144ab32ea08b9fbdafaba56c7b92adec67e8d9,1
0x461cbf9e68aaf0b194e2dacdebfb8340c171e202,1
0x461ef6ecfed07d82c8a875f35ad10306e3ce434b,1
0x4623af65e0e8399c33ae4735237e5e78f789205e,1
0x4626b31687f19b8cbbdc2e50053cf898b4c2da28,1
0x4629a155f01b4b19b1cb876e795b4f65a2710afa,1
0x45f6de064d40daa545edd52e0ded89e7998e930a,1
0x45191fd54d4d7bb7c8a49e5193bae5c05628f056,1
0x4530e7220eb6c8bf953d361d356a7ef2fe0d043b,1
0x45310c4cd402bdb94ad6266d68e7ae4fa6225182,1
0x453115fc2e4f63dd20c85f8ce9f7c564fc7b70df,1
0x453af248de66c66de294a01640b6a8e83b119d86,1
0x45431a37944bfc40cbcb9e081d620b9b8f7415db,1
0x454a063833d4510e40decbae6c5cab0814608d92,1
0x454b35d2935342b96d6eef3440a00ca0308cf982,1
0x45549c988b883591241cdd73310cfdc1a010071f,1
0x45637b187fcbcec2c4309dedfdb88eeb0961f281,1
0x457663c5568b96256d793f0a8b39d6b01b24682c,1
0x457668a9ab6dd9678c28a0c98430ba64650d0e2f,1
0x45be35f744c8642a492361f24648ac48d2762282,1
0x457f681d8b80017025a9d4ab3d4a4ad21b56f08f,1
0x4584149fee1cba977ed86964334e069207d48ff5,1
0x458f472ee9bf82cb097bf5698b805abe3ca02baa,1
0x4596cd534c75e73d17d5397bd3420a8f7a1a8217,1
0x4598ada01ee3e73b14277e5c7faf7026cdcf8a6c,1
0x459bbfea0d6fc1093cefd74e70e89b15df7b0c48,1
0x459bcb300a5898c6e8154bb8c5a88e28cc5db7bf,1
0x459ff0317c72ac5c53fcba643d23b2573c133b76,1
0x45a97f30112b0c0563b67c10b2569e3e08fd6e02,1
0x45ad5bddf8003a622f088d23febee4169baa6b9c,1
0x45aee1ec42d6379da58e04dcc41ee52d480568c7,1
0x45b06cc6ae303b35d49691072715401896ebe745,1
0x45b4d1f66d5e577b01d4628483d9001fcc8e5aef,1
0x457c3ed4d1f83d53188d9938fcb2b64388d7c057,1
0x4adf5bdce0a59252e3e5d130b1ab71141b1ecab0,1
0x4ae1320fede9b662d8f3525dfa8c7a278b14ee26,1
0x4aea30601f85241b6ac68bc9358c8f231e281fff,1
0x4afdcec414bc9089191968d3d24ceec8572fdbec,1
0x4b01da593ec9fc97f22473f1d99d0f559b1afcab,1
0x4b01fcd3d8e23be3abaa782497e435956be9b2cd,1
0x4b032a12f83a74e88dd6655029c220651dab6d55,1
0x4b046e421403d46b19b6022e4f438169ad84ad1d,1
0x4b1229fdc44c677ab2f205670de41040bdd59624,1
0x4b183ea3b37793f481c2452bca2dd264e5ae5f5c,1
0x4b1f850380cddd41e12628d7c3bc6f3b9e08519b,1
0x4b21ac398b553428e2f342453a1e48edf9035103,1
0x482773821391cc23d6c5f3abd976ca2948005ee2,1
0x4b2744f2fc41706d9414f7f71a923eb7a8aee7ad,1
0x4b297442cc4775801172e9208ad3ceaf9f2d7dce,1
0x4b34a74f23b6978032fef044af76cb8ba7d39ae8,1
0x4b34c70270d9696e6c99889ea3a4d21c274871dc,1
0x4b3533ce366c4ae63c75db207f28a391d8b3e39a,1
0x4b40293ff689279b573ac3d78497d5b70ba65fed,1
0x4b4185dd03c13f9dd5329adbba27eff735b78b1f,1
0x4b42137cde56d41fec41e95b5e32aaba5121488e,1
0x4b4add69bc852b89c3bcb115eaa9e886da81017a,1
0x4b50fa06ffb140a6b635b45dc8843593a2234594,1
0x4b52c2258f4c6cc8e151a8f5243aa604eead5a38,1
0x4b5cc57782903d44f7941a57417a0c7dd5c43e06,1
0x4b2327055499526598c24622afdc1f7b211cd404,1
0x4a69f1b3d3bd74606a37e86c3bddbd09fc1c2332,1
0x4a6a56f0daf608818fc51ff56396fee25eaac028,1
0x4a6e50b2dc7c3dadf767fe2f15bb5a1dadad6c95,1
0x4a71dd0bfb1f6037b8a5c4ce3283ba2d2558c039,1
0x4a76c4039c3a3cfbd41b04307f2fdec83a1840de,1
0x4a7815ab78e1b09e14c96ed7d3efff6fc1a8a77e,1
0x4a7c74e74c42c72468ef21a81d675fe262912e35,1
0x4a84e29aa9e40ef4f9109a8132f14556035f640a,1
0x4a8e61a2767bf45b6523c3aa7751235b6b9d642b,1
0x4a90ecc3c7b48ead347edab3d5769c50d3b830ad,1
0x4a941b5dd944c33097286a58c9f679f4594bde28,1
0x4a95a9cae35fe6e29c0633950c5427584ee83bf5,1
0x4ad5893f09d1acf7841148e89d8525176d3479e4,1
0x4aa443f57ebfa91f303416800330467ff27f2749,1
0x4aa645521f390e8396f54a2c4c165089c7ce377f,1
0x4aa741ec28150c3a2d23a5e8c400c749c0c115b2,1
0x4aba76cb75e8db5249282105f4a44d6b2a08a03f,1
0x4abd693e45e809944a0247d880247a6e111659eb,1
0x4abfc538474db929dd79235dbc6bd736c4bb0599,1
0x4ac22cdd160684be4be465190bd056301d89a07e,1
0x4ac44d48731351b97218e824d33bcea32cbb127c,1
0x4ac6de2c0399d8fe3376bfabc1b504db802e2e8d,1
0x4aca0fa458c847c0378d34c453e55ef9d346de41,1
0x4aca5fadc4350f64449e2ba574f6207cc0c029c1,1
0x4ace6815d8e6d8baea949cc53f7dfdb487e5f86a,1
0x4acf6fbb183a471ac3c42588077b6557db7ed3a5,1
0x4a9f0a9c193a4605d5c2f6b89b509c74b8137d43,1
0x4be7498c60ae42f4cd1c3a92ace220e3c0f1bf02,1
0x4bf25d6998f0d823fe161c5c57b204691b099bf2,1
0x4bf61671e4dcb3212b8753e523c327660c37c194,1
0x4bfbce77636a06406bf49b18d1fd08a4c43160db,1
0x4bfcf1fd02232c2fdf26f0b31fc9173854fdc9e2,1
0x4c01e8e5c0d370958bf9cf8a52e70938d70a266c,1
0x4c0660b75871609b88a024ad0d84170359f8883e,1
0x4c0b040c708a730e8ee76a5aee41bebbc729acca,1
0x4c0d1c0100b6e8baffe9c8b755b9083bd5219f9e,1
0x4c10548331a3d977c08020fd0e134f982f11a742,1
0x4c1d7d7bc14ee6498e48897522392b2c037b618d,1
0x4c24ef3d4d5b5d312cf8f079c83fccd00bf7761e,1
0x4b5daa573ba6af7df410e571e6b9308c3d4929b2,1
0x4c37259f8c7ef01541fab28bd84f9d5cb4c6fa1b,1
0x4c3a8a93fe9ad24d4ecb9888e58c3af06b9db42a,1
0x4c40baaf971db81426a6afe99bd6355d0e826377,1
0x4c42d70c075bb46973d49020d2fb17a23b78fdee,1
0x4c4ff8fc0cff4beeccb0bcd45bedde5dcbac270c,1
0x4c53dea221e65dfdf027a9da629624bd5c4334b1,1
0x4c55ff4db118b4879c4b45af9adf229a052c8837,1
0x4c589b9f7d7b901a187a2b2d954af269ee8e3ee8,1
0x4c5ba7ca9ecdf369dc7d5df59216c7e2f01cb4c0,1
0x4c5d85696420fa5d5ee791d9529509391b1a23a7,1
0x4c5ef1e7dc5e17a136c320e4a4512c85aaff9725,1
0x4c5f6ce8070189d8a3432ca3f3a557a0de4eea89,1
0x4c341480c4a3d9246be1f38262e6486c5d51528a,1
0x4b5ea58c9b10727037ebfc3f81b5f8f0c6879f1b,1
0x4b6766637f0cd0efb0c61eccb32b0e02d7461bda,1
0x4b791b1452ecce3f6dda79e89d58bb2ef5028a1d,1
0x4b8611263d519e4ee1c48f31d24cee92e84dc684,1
0x4b8a92e57a1caa8c937700ec8a2ae3434f95ced9,1
0x4b8dce9257e408e66b7979b4f5019ebac5a42498,1
0x4b922325e19dad8010f67f2dccdc72746d9b46cc,1
0x4b996c62e69ad762d19174da7f940adc62e2260f,1
0x4b9a12a14435421eeee70f2ade90040c93924cd8,1
0x4b9a20b21471d7080d3e6f5b79962f35e91ec6f3,1
0x4b9da964160224a5ce85855e169247251298ef42,1
0x4b9e4f4e49c32e24674a1cdad59cd8b4a4ab2097,1
0x4be017b3cd300881753dffcd1aeb2d1d7b8ef4a6,1
0x4ba04830e5f615dc0e7d80a7dc4352c241ccbdc2,1
0x4ba1302e42e43181f9a7d8222285dbff58a2e94e,1
0x4bad36ba2be1c5b8d007710686276a0fed4ab619,1
0x4badf79eeda457ba0b40515bd3b00b04dbf7d744,1
0x4bb47b2bf87aeaa3380130bb64b72a182192fbde,1
0x4bb8b53532a3d19e36c282401a6faa1e31527e6b,1
0x4bbae1abbbdcb23ca6f8dc91d58c8a6b6a22345b,1
0x4bc36b7bf1ff219227db07c6d09f6e7a8e6a1f50,1
0x4bc3a824df8f7b0acff65f4ba9d92729d57f7048,1
0x4bc6019cd0c9ffff1e3f2d70a6be233d46483216,1
0x4bc8c0bb09000f05d540a1e42c6a315f0cc9b1f3,1
0x4bd1525a49f9522572c62498b2576f52e48fa641,1
0x4bd2369c1933b5dfc3670940667357063d1f4c2f,1
0x4b9fd391b87f8cbf547faa1533115d0bab8da20d,1
0x48c34d2314cdc87527513dc869e16a336c67ab86,1
0x48c3f349ade3dd6b1b43f65e9d4f10c247d5ee2f,1
0x48cbadc33618c3e7eb34c752f22b76aa6704e53e,1
0x48cde5b36bfd62a91df333aa2def6d46496414c0,1
0x48cdf0c54198ff647b703c8706f9e96c846e7db7,1
0x48d509283e03aaaf16a6dadd3ce9cd7b1d8aef24,1
0x48d5f0f56101a018e50adff60dd5aa3f0736bc3c,1
0x48de47946fc0e4ab21e9a4cf65a2789e79f3bf5e,1
0x48e46bb737b12054d7318f84f2b5f595ad4b5e34,1
0x48e4d161c4882218a9d5a0056882cfc37bf45813,1
0x48e873332b337362aecd59c9f807ab09072393b1,1
0x48eb0692254ec9374261cc5947a10ce2a604edaf,1
0x4a6928dc80b735d2de93075cde6b1e2e6a3ff87f,1
0x48f2395f06597f1e7025ba07cd338c5d12aa7f8f,1
0x48f55b6240278f0f756284e1e7fcada7baa7d6ab,1
0x48f8098a86fad2005f77e64688781b6d4d7389f8,1
0x48f83cd6d03cf7819222ce18ab6bd2501bb7675d,1
0x48fb60dd63088a056d13901db5650ce77279192d,1
0x48fdcf88821132559530ec684a2fa615f93e9f7f,1
0x4900993f5c8b1c34a6be192f524c17e06cdddf8a,1
0x4908137b26b4df177915158dafab9b2a7af28999,1
0x490a6e1036f1aafa2ffbb9143ac172263b1e2acb,1
0x4916d18b3d93c1eecead2789ba7f3370d1b03d34,1
0x491a14012d4feea038bd8aa7248966cb60bf89d9,1
0x491fa75c83883c6abe6b5e26ca9b818f55366b00,1
0x48ec03b9cb92e5ee3bf7a7d5b977302cba716c8f,1
0x4839c50e2c08ca68eb658d64cb87ed63a8d610fb,1
0x483c444be30c816ad40bb4ad01e36328202883cb,1
0x483e1ea7d73976d2d6f7c03fe88331499474f0c4,1
0x4843d2dbccca5d46fa00b4f4c569caedd5addddb,1
0x4847a160eccef2b5bd2aa0b00ff3f6f201c3826b,1
0x4848d9e40f2f9d6fe558f1d488a86ca42bf3cd78,1
0x484fca3a5578b54bcccff9da40d033a4de3bd337,1
0x485cd5b50953297b27e2536394d68caa863cdfad,1
0x48624a8d5316cd5871e3d1f1827b43304eb18d0a,1
0x486f34c44c35ca4d155c1a07386f568724981598,1
0x487079d63e6418a8f5e7c2523f2e9127f6c144b5,1
0x48737b3a2ebfe7e35c5de5912430494611fb4c97,1
0x48bc1215efdf6688685428675453fefa3364e1bd,1
0x48809e50ec43ac6079ad0745049eae305a27ad0d,1
0x488a57b9995c30a0ca3f00e3e96b45ff2f6f7d37,1
0x488b08f115400fcb4d67bb0aa16c3de4ae706538,1
0x488fcb3a3d0b626963a8db7f8f8546f2021b5bde,1
0x48961a4bf30c71f92ea70f30c552d4bf05b819e3,1
0x48961c8c14c836692d749639862704115d6a82dc,1
0x48973b864c02d5303c71b53794eb40fe834ea8a4,1
0x489c1e37348c56af0238a62fe5fb04bde822f17a,1
0x48a74cf2a865c0bc9a9927e2b8b5883c76e9b3cd,1
0x48a90a34c1c4d53c25157d1c95d40af8053ed3b5,1
0x48ab8a3360d27ac16c1e9e55f93fe96d9c9416c6,1
0x48ae49caa79ae0bd89528939ea970949375d4529,1
0x48bb0b1613bfd6c2c066e3baa6ae540c254a3869,1
0x487fbbc57249b517340ca8185ff6af9f0abb9cd8,1
0x49bfc57f55fb4a67b7369569da93e5ff551d174e,1
0x49c178b4802acefaf57eb08306b0c8975e0529a7,1
0x49c2b040144a310e1babd6ed3881f5030760a8c0,1
0x49ca31d14b3ef1b5ad2e0395506ea6b62417cc64,1
0x49dbe84db2e3d1ee016d66fc80fc9861350f3561,1
0x49dc69cf43e5e727ec5fd675a5b195ceb6306e2c,1
0x49e03a7971a463968e62ea78551ab24b9a086949,1
0x49f1811cde8b984e8b1b1c61e3f69eb5f00cfbca,1
0x49f58103f5c894d613fad640a98a5cb63673f2e4,1
0x49f7b76217c1246224468b279878680d7d443099,1
0x49fbeaf9c4311b04967e880113dfd7de4ac89044,1
0x4a0cd78067b8e4049b96676806f0f51aedcb5648,1
0x492b4de5a2250040445d7fb15578d896aea0c682,1
0x4a287b62be83cdc1458f0ff4258de9ab93259a90,1
0x4a2b1cc5552918fb40f5a4b4d4ea9470202ae870,1
0x4a2e96ebfada9d30f63f64ad34a1fb9777fddd94,1
0x4a3bfdf49ee000a358dc1b813a4709f30cc80a6b,1
0x4a3d46cbb82e324895167a7c0a2c273875f6ba7e,1
0x4a418e4a299f41c95740e19822adc5bec5acb450,1
0x4a48949e57248d1273b0c93f817785e84f1d0aec,1
0x4a50c6a786621a248d847480dac7a6e545386adf,1
0x4a54c280d22d88560e9d2645b0195c37d3a6e1ce,1
0x4a58f945bffa89c2dc56ebd697feb7e36f95f1c5,1
0x4a590b4d38d2c28f2bc7aa74ece78ed500cffec3,1
0x4a5bfe51b97ea75633afbc43e81a78b59dbdd1e1,1
0x4a5ea7553075bb2da9d0a44ede39d617f9482f84,1
0x4a212e9721f710aeb178d85d049bb2e8566986fc,1
0x492b732d4f144f11f8b294d8e44f635f0bc55964,1
0x492cba689a5560e98008c4d032a139f5c0d1ff6e,1
0x492f2339f4685478de1d86820a7a5bf569c5a093,1
0x492f39a46697168dbad155f990285d17b1de3f6e,1
0x4933287e4ef9a7d0276e98922f61d850ef567302,1
0x493d07920ae85a004b0230a92fe4d77a7edd61cc,1
0x493eafd13247ff541f69f88d50e9fc6f3dfee851,1
0x493f749cefb8beeeb4cbf159ae0fd60b89ccf685,1
0x49431a3834d3ac0094b7ecfebeaf7808bb31a823,1
0x49534ba1587e4db8c9224d099484423f5f2709d7,1
0x49598416ef75cda8779970e04c42012935f3af8f,1
0x4959a845e8b55b7eb65073749ad4309320b59aed,1
0x49b7f23baad27d7ed0cae9cab577ac079195e171,1
0x496981b988144e82ff00abf4b174f120915266f3,1
0x496a1f6cfbffd214fe9191c91b01408913019e56,1
0x4973826e09df599c7d0fd4f4262fb509946af140,1
0x4974e57dcd7f74deff48f65ed2503163daafb32c,1
0x498723583b535c3a6991b40cc081452b12935fa8,1
0x4988f8bb5f3a5252808eccec71f0b7092594eaef,1
0x499755ecffefb367adbc90dab030e74d5e457cb8,1
0x49a2621a4c53e12b8e8e69b833c3d19d5cafe295,1
0x49a4b28236014b7bd18150ef3210ebbd7c62fd0e,1
0x49aa8ece6cb4534645cae954f48daeb165d1c9f2,1
0x49ace1a657bc228676228f27fa5f56162b820ba9,1
0x49b389d3356e07f3a0a30d922445e005e1372b42,1
0x49b7c8c183fa68f673396bc7e9b109ce0eac2df2,1
0x4965f289be30577aea37cbf8e1ff64525a1c2405,1
0x604d5257aff37cd4577b19a308a78999cde538b9,1
0x604fb8c65b249221694796bcfc7612074f35888c,1
0x60501671121362ff3e86eadb988897df95c1b0ec,1
0x60565925ec7288c3aa950c4147ae166d612bf1d8,1
0x605b3904788798fbc7f647b759ffc77f24b19fd2,1
0x605f061b2c330a8bf73f3f88474c6f2d5907311e,1
0x60687d07e9a73c9b0adf8508291e456783f13ee1,1
0x6069f1183d19fcc54e1e38c18810929b8eed31b3,1
0x606ffc0786f21a73f0d4eccdfcc7fa0480c6a2c7,1
0x6081e3d2f0a8ad1612898ad966380e41d8edc455,1
0x608952f7c23735ba226ce95c875d1049bed9d34d,1
0x608c475a98293f2dba2bca7eca86ae49776861da,1
0x5537abb54940b30cbcb0ccedd3750d98bdf13bff,1
0x6093a8dce7978ebfd76fe03061ef5db0766f1406,1
0x6098b594d6d93263881ec7502e3dbd5396d6f5ce,1
0x60a1ed45aa2ca79c5ff843fdf71d5188ffc233d8,1
0x60a3bf984b714a132e8b3886a353aa65ddfd2a96,1
0x60a4d43bf0537cd001f251557cb125f6d0d65c01,1
0x60a844d0f5c54242ef7307384d92847997225b83,1
0x60ac213e6028a3930f26b1429b71b65710c7edc5,1
0x60b40eff2b43ab052ff284acd1f9f4b07fa8f8e6,1
0x60b78415de607c390297f328978b8167c2a3a7b2,1
0x60b7a35937f901128b78df06a968989e24a59f8c,1
0x60bb2a80b39fd91ff0ac1576e296bb404c5f6314,1
0x60bda607e24cd1c4076691f30af4ec0b15e2df35,1
0x608ebe7da0d1179886fed882677b1d134dd93298,1
0x5faed82076150ebe75574e83e254b4dc745bd19e,1
0x5fb42f408132320a7c5148a1a7bec58163b1a3cd,1
0x5fc47d483324ad1b1e527358253d9b4ebe4cb1c3,1
0x5fd05171b467c22b606bfc0fffda8f58585380ab,1
0x5fd41c4bcf3e5610c71135f73bc1fc6ed18f7837,1
0x5fd63917a5405645507a1d0f8ab31d93d18d25d6,1
0x5fe3b26850fdfa6c7a9f4db8b112abd2c2fa0876,1
0x5fed7a7dc19898ac7acfb0979cd1a9a1a2410bf1,1
0x5ff4959b1e9cde255fcfa6f038627d6c63bba00c,1
0x5ffcf91417d2ff426e41c192c0d1b6e244c062a0,1
0x5ffe9cdc97538385403bea887b4953bb27fc8d0d,1
0x60034b3ba27c35b4bbb0cd2c906f16917c3d5d79,1
0x604aa1de41422c6414c8f0204becd249a5a44b79,1
0x6004426af5aeef78205fa7f6c3a56e957f762f03,1
0x600cb849ff2fc1b65dea4752507b5cbf2379a18b,1
0x600d705dc76a15709bfe54fd6f411661424c0847,1
0x600e51efdb9530d6ee43dec25faa50d1407cbdaf,1
0x60111bcc0803e846e77c4ec319f7fea4286f4d32,1
0x6015e6e3bcbc0fe0a079c34cc41d202b16d7fe3b,1
0x60228843dff121b658fd45cc4aeb699bb858fcdc,1
0x6027940e3ad03c50c833dd796fe36fd7daa57294,1
0x60292420d173e45d4c6154d779ae83c70c4c0ce9,1
0x602c2b1e38cf17954b2f7cfd7e2974741de7f633,1
0x603d6149b5c176161482051fe79b261d7e08b000,1
0x603daf4451d7e7609579faff083a6b17ffe3261f,1
0x6047e23f4ede25d90fc0e2130f85d04b02229163,1
0x60039038911dd87c082dfa00c4def14adc186f6f,1
0x6144f4d578871d67b23856251a5ab8a697e26bd9,1
0x6147cf2574dc9e688bce2c35d6a42e81f77e5e77,1
0x614c14a61908b8e80f566d4ae934657cff9db325,1
0x614eb2364db60c5c1fae488c61138b275bd06a00,1
0x614fb6473793eb14d97b2d6e4432c200028b73df,1
0x61539135b4fcab1234e1904843842c4d39e04d5f,1
0x6153bd5750673b5ed62178e33319fdf0d509fb82,1
0x61558d1de223fa4c4f0778cbd8edd854eedd273f,1
0x615ae6b851750da59c86d2f15e37e4c5532fc0f5,1
0x61653aecb66651c72e3d20f42fbbd6a07620f5e9,1
0x6170d8b259ab7b5caaec783b395bc3cb6f704fe3,1
0x6172bbf45867dfa9a04ca05eac9adec283df8120,1
0x60bed7912a739e639badcdfcbc4ca3840b27f36f,1
0x61775f8389452274f9dc7515c465c7ce50be8a0c,1
0x617e705856ac63c13db9d5a9bb9a62ca1b2b3ae2,1
0x618402b9c4a35bebaf99355e0d0bb823bae97363,1
0x61855b0bb5f658180defea6d7ed63055354e6e35,1
0x618c82c8d2ebfbf1c3be77582daafdd31c2d1b19,1
0x618d2fe253718f5a7e90fa5aafb8f315242fa15d,1
0x6190577ab3960ccc345e26f23d3765292b7dae0e,1
0x61a11f88543a8214874e392f09b3f59f7ac2bd44,1
0x61a19a58c98b87e904ed40d040dd215741c05609,1
0x61a43db0fcec42bb700d6e669bbf11e007ab8ae5,1
0x61a51105b6326e80f12c1b5a75f83da0dd526b01,1
0x61b125ff093d6819ac9303618c59a620b723ef70,1
0x61773f00859fb0330e7c681207260d945d74e431,1
0x60c06425ab6b1371a51f6c6ccf24decb1b2d6c13,1
0x60c5ff0c793256c73083792cf02c878895c2385d,1
0x60ca03af5eba99392d1b2d5c2f6444d9de99261d,1
0x60d6e87de792e9ee62bc5a4f60646858d1125a07,1
0x60d75ca8e58cd2cbfb53e01a7867c8f9b7fbe835,1
0x60d7629b6b146ad07376fc1de18e4100477a9305,1
0x60e9d74540d3dc2fc10add1078b24978a1764536,1
0x60eda9814f55ab08ad7e510ccaf5a6fdb186fa72,1
0x60f71a3fd5c23aefdb62f72824cc17182fdbe5c7,1
0x60f9367ad1ca69460b906033417283e61fac3599,1
0x60f987f72316563aceebea5e912c32b74fa3300e,1
0x60fd56f69665eef5e3ea6ed6203ff1138f650071,1
0x6141097613aea84b77766254b48abe879f82a4b7,1
0x611535b8bc11313d8dcbe5b7624c332306c634e0,1
0x611941354dbabc2a805cbd2671a4e6ed9d891024,1
0x611c558c734a69cb1962a728c9be0cbb8954ea25,1
0x611ef4e5c13f7414b3f1ba4d92976dbd971d862f,1
0x61289dc1674d33619b82210f2b0340eef9d74e92,1
0x612d74b5340f02f16a04863f7ae453f2f4719062,1
0x612eb5f6a888d1c29a748c160254e116c1c4c8eb,1
0x612fff66f009ca56458072cdc4b68650a88f185a,1
0x61305e5d58acb873a1714bf47a1ddd86385bec7f,1
0x6133720a8b27e1a187151393f92a8f23f8161147,1
0x6136469e65b6ed8fc9cddfbcb27d260d2c6e36df,1
0x613834859f76c83b3dc504ea194f70a8f35b24ce,1
0x613a826bd1cde693247530373eb7b291fc3ce37d,1
0x6110d360e90339f1df1f84216ec81ca73e58f1f5,1
0x5e2471c94009d7a51eead9729e719d0b2cddb500,1
0x5e24d8bccd102c2d69a120e74047373994442f1a,1
0x5e2af149e2ea618a6d29795be1b7545675a6629c,1
0x5e2ba0bdc471b635cf458a60a4089de987f38078,1
0x5e2c42ef289935333805455620980187e0ab260d,1
0x5e309b009ea3fcc8672735d2dc0cab902554fd1b,1
0x5e34dbf8b52b98fb2b4fabf77fda23e2fff0a915,1
0x5e3c10d2178aa9018dd610fefeebbcaec0d4b492,1
0x5e3d6b0deb7d97bdc81fbbbd128216b90ebd5220,1
0x5e3e918f1ae1d3eb0ed6c9674c94197acca8cb58,1
0x5e44a804e54d5a9f20b0318d673111ecefc94d59,1
0x5e498aafbc4a3e12f24774d65901905f7fd7f419,1
0x5fa8606d9b87c5eb2a0eff3a4b32076b3d216dd8,1
0x5e4ef48f29f1c03d72e07ff77a962e072af0a03b,1
0x5e4f5226853db29d2ec6407702449c281aa609e7,1
0x5e5235881e002c83301f4fcd3d0a23e75f8535ad,1
0x5e5517ec893708c4ba82e50a332e878bc9ae7825,1
0x5e5796c8258d5aadc1b58ba590706855240830a5,1
0x5e58afafd38ecb0753d5bb69b1c4d76064ade2c4,1
0x5e5bdf236ad9e51fab97c700cb439364b50f3bf0,1
0x5e5c6c1786863865b348087c10d4f0a6c2423938,1
0x5e60c66a940cc4a5a91e8ce8a34b50a6b7c642dc,1
0x5e694505169c4280863e6978f0e1d1c5b8417ef5,1
0x5e6a89510060e199459851ecc22bfa22b8af3aa4,1
0x5e6e6224c16d0f191be0ee4b30e7fae002795ccf,1
0x5e4c36217e620a56066449fec789d6e12668d0ff,1
0x5d9c2c431eef439c0ef262b32915419cdc85a9ec,1
0x5da15edd34d54659cc9a0d0f91261d0e61447d9c,1
0x5da38497187c52ac73bd64161632113234f7b538,1
0x5da74c58b9b0e4ebaeb5ffb07e666275768c4dcc,1
0x5dab03b78bd36613db072bf57091a2fb53d91b48,1
0x5db2bae5e30812612b292f88d2f597763c62feaf,1
0x5db5443f30f0a16f5c14a0c075a0bf5e61cc535e,1
0x5db9d725b322bdde1673fbb47f702d5676ae8319,1
0x5dc7e858687f430b21eabd8f7a31df879479d6fa,1
0x5dd561a4e3778466793710111f25db83995c2713,1
0x5ddf43235b485d7339328146c20a00b5b3cc2a3c,1
0x5ddfea1eff23e69ede264a5bed8de883e7b19a45,1
0x5e23db8964b99b264a1d8ef1ab23f2eb2ae67fc7,1
0x5de30d6bc33e751a2561361d24eaf866ddf053e3,1
0x5de6b1f93136571437f9683cee11df798994854b,1
0x5de894f6f56fd71d964a46ca9143d8767c0ad559,1
0x5de973f11a916e14830e3374e8e628aa9be96c92,1
0x5dfa62a55408198a6eaff1efd0e6185c4232f1d8,1
0x5dffeeef213392454819c63cde03104df9883c91,1
0x5e04afacc53324bc6a07664d3b0f35871942826c,1
0x5e062e3bcbd30fcc7748b15a1bbaecdfcf5dd198,1
0x5e0a67fd92929046516478d4ca8560a427ce400b,1
0x5e1030e9bd480eb13ad727754574752bb1cf295e,1
0x5e1481c46e6f269aeff993c154ef8c8f2dabf01b,1
0x5e156fd122cf7eb4d50363fe636e85ea0597d3cb,1
0x5e21891e8fa8f3b48825c5620cc6552168e221f7,1
0x5de08750ebd70038a747cebe754af57e52abffb2,1
0x5f15dc6ce9916d44af1b759d298c29a45c2a75e0,1
0x5f15e2b01a2812f70c3392754ae790751fd42518,1
0x5f1e3dd50e54c66c64faf271ea646ef84159d593,1
0x5f2390521bbdf4b67848366bd485ced54a7ada1c,1
0x5f26b425cfd95e8fbd28d0cccfd1f7f4d36858fd,1
0x5f38d791d3b7491360ce46c5066ed0f5d0dbb0a8,1
0x5f3da7a125f63e1da05961c75dede18be8a7563f,1
0x5f47ad04e4190f6bd467e590327c5303cebf5698,1
0x5f480f44fc8cd6e730010b4fd9147db9ce409886,1
0x5f50dd74b391f8bc46b8641ccd1a239a9fc85ce5,1
0x5f56050b89e57680b39d68c3ca21ba82cf3d40a5,1
0x5f5bb1e604bf9a12f3156bcd57f6e052103d533b,1
0x5e70a8327906e0e3799ae34001d6d8a63b853fa4,1
0x5f5db65e12a3b0524b5bfb2c8773687acdb8298d,1
0x5f6d6007eb55dad5b8ae9b634402e0c7a0e46da8,1
0x5f76751d15d39352ee354402aa4fc5e71d7c3821,1
0x5f78b33ea585bd0f44b26de7198c4efb66028a6e,1
0x5f7e59214b2596a75f3834a3a74655ae319c6bd0,1
0x5f8d81f3eceaee0bb2fa66c1675d0597241770c3,1
0x5f8ee5982d134236fdd716ec89a2d677bb69b190,1
0x5f988314805ff2fecd05eb8a301b4020d9fcf944,1
0x5f9e9f8c4c693ac42a19ce3f35f737c2922aefe0,1
0x5f9f05b2267afc842311c9c6bdad8ce370a80aac,1
0x5f9fdb192863a8387e5e18d3d18507a3efd9adb6,1
0x5fa358219154e7c7c8ac527844e098cdc9a79ae6,1
0x5fa44b31b70c535c8c1cbbbea5018bc696525b16,1
0x5f5c70b3f13dcb0ccb1acc068a5f33d107d7e88e,1
0x5e74e668b885f9d16516e10a75775a7f34b47f81,1
0x5e75188809b0dbb45757b6401a91f3d3590a0f4c,1
0x5e7ad06043221a32925ee6b78ba64ccb52528258,1
0x5e7bd1e9a3b15208be60e6adbde70af6a221054f,1
0x5e89438c16f8f1528a8798b0c1e8349795efcefb,1
0x5e8f400be9843f79e2020a5b97e3689f7f90ca37,1
0x5e911fd927ce1af2086fc0b15354662156645a3f,1
0x5e91c146bc6d3305d7a5dd449bc86c9551ec020c,1
0x5e94b85a6e714ef19adf959a01c82b6e9d445ea0,1
0x5eaefec30a62ef40ff553bcc9a4a260393e5e76f,1
0x5eb145eff22b5c053bd6defbbcd2478a56c04251,1
0x5eb8ade68473b00afc8c97c8f9b22b40f1654869,1
0x5f126085cd439ea39aba2aff0080aa577bfe0d74,1
0x5ec25d2c637e63a8f7145d97154424a48a6c5836,1
0x5eca08f47477e666fb911c9e26c9374c7521791b,1
0x5ed460f3b7cf4364b026f59247c56ad3d4601e7d,1
0x5ed71574f734bc3b25921bcaf2224ad4db6d57b3,1
0x5eddd440fc3f611296961e2568513ae2ca883d31,1
0x5ee45caecf3bb21a5f83d71df0776616233f54fc,1
0x5ee608b6f1781ecb0d2a3795f40d0700691fa0d9,1
0x5eeec2f375e8925a4a62d054b0d4c7235d8e8ef5,1
0x5eff16d145dd4f56c768b2f0cd108616e314cb5e,1
0x5f03eae26fd98e18df84c9032c229dd878e1e4c9,1
0x5f04fcdcabeea49ea43ca2b626632dc1001e264f,1
0x5f05d4f6d2b5cb7a1aaea7981f387b7ae9a9579d,1
0x5f0b3656214e2476d3a161db60a26642967c21b4,1
0x5ebc0425e2193d7348bf1deb4baee6a6c24250b5,1
0x64b6e548450bd2587c1b88f57050839bc2449e95,1
0x64c012b7152c083c2621ae52aeabf49f81d1fed7,1
0x64c4de2668bdbed03c6b14c6698441932a11b4cc,1
0x64caf0e33a04adeac7f8d65165aa32a77c9ea90b,1
0x64cbf2a1e90a4fd170beaf9544452bde13d4891e,1
0x64ceb16bf7aae42698fd958935ffacb7abe731e9,1
0x64d0b4bb1e5abf399d128527000e68f1d50f0bbb,1
0x64ea8343daf2e0e34688c6a840cab1d77cd1ef92,1
0x64eb1152ffa327bb2516f118a61cc31c28c6e370,1
0x64f3f1691101cd41b9908fc10a6c7a292d5defd3,1
0x64f54ba1993bd65b9d82daba5eb2fe6481d43e39,1
0x64f75c181642b4aa24f6a1834022ee176bbdf561,1
0x61b931c76733c36301cb704634c71a084c63bf0d,1
0x650e1fea088c7e85ad0911be255018b5b83a2ac9,1
0x650ea8d190a39112e958eccbda82cb8dcfd75609,1
0x650ffe6e8ec4cc3377a3df4d0a5e0bc1369b8f93,1
0x65126a42ab64f37fc20983f32d69d327f21327aa,1
0x651d0f2e7dc3a81490bdc52fccd0edd68e10f70b,1
0x651d82c1ec3a3a5975702330658267d22a0b22e2,1
0x6520aab152b4431bd905688c813f71d3d3b158c8,1
0x65225c3b9bc52da67dc9b9170f225fa74e14bac9,1
0x6523f2658b62ba5a38d6cd3b1f97e8e781bcac8d,1
0x6526c3a8c3940b0a23452a791ad621d88b6e4508,1
0x652787ed5782b5852db07e1ee776e3cd9034aa71,1
0x652f05bb44c1ea81c879166309f3d0405560c8f5,1
0x6502798d21b68aac9d0294ff15e3c6c8f4839e49,1
0x6424f0d82507c0da955f67c1016d9952258239d0,1
0x643628ad6b6b4add717954ab4c42fb65c52f481b,1
0x643f36581e8c81c0890d613c77c1e761658e0174,1
0x6440d5cdfd037fa0bab597d1829aa785c14ad376,1
0x644110ddb5681fa6c4ea23475794da22ff746174,1
0x6445cbea615cf01825b1cc9e8efa000a1e2d6157,1
0x644877129a9af96d99a2da2b01d734d24d6e7ac0,1
0x644c67f40a9d97be2111c0411d14358fc0a6aa29,1
0x6455b969ed5e31c02bc32e47396886cd3161847a,1
0x645bd077614927ab015dc3fd4aa57d677a879009,1
0x6468fc6645402884531fb5bd0a6c8d2bb4ba0c3f,1
0x646cf30b5af7e602919fbb4403cbbadc0ef0a8d0,1
0x64af8e85f8cde3d20262256f1015e1128a107bb7,1
0x647361c86a31f13063dc5e9d2f1b8d4a144ce9e6,1
0x64750c0dc05f78f7a5bbdfcfc9c03d4ed11124a7,1
0x64752daeb1cc673d4b4904cb1c98e0951084f5fb,1
0x6476d4aceb5dea4d8d185808602d36c816942847,1
0x647ab4756b4d6e7911393d905ad2fa53b8442a7f,1
0x647e27ce93d34d9b21c6902eb9bc949450107126,1
0x647f21b34cfa74d8fa7119b8908dda31c4fa5d99,1
0x647f5f4fae207414db6491bbcdceec59a94a553c,1
0x648a967121672ca7668988535bed829e799a4668,1
0x649e89d20e4732d6f3b936be8206c2631bd9ae26,1
0x64a2f5268250dac1e1477f6a9ca1e3ca07a95485,1
0x64a771a31e3ec4b62f51d9e59efc09258a2f4480,1
0x64acfb365ac7438f40d8906e880a3afb0e011cd8,1
0x646d11b46df0061babe5946d1a540d2d37cf97fb,1
0x65d11c20dd06803a927f913e1c29dff58f3ed415,1
0x65d51e2567252702b7cfe776bd2140a524a6f097,1
0x65d5bba6e4c6f94a85a43abb5df4da4a6b9b61f2,1
0x65d91f71e682879c68a9a4e877ead2127d02cacb,1
0x65de3a86c2ab319a76e216f9fe83a3d0de975025,1
0x65e0272d93f758372ecbf4bae9dbb319ca631ac4,1
0x65f41d33d36e4efd448bf350e84333abcd9228b6,1
0x65fe03d6f7a50d479302b710d947bfe2e424b1fc,1
0x660aef4d6e60f3d6e3618341a1a691bd69fa62e6,1
0x66146540d23031bc140c0eec796adbb58fc6536d,1
0x661544f29f4f22dca344a22c23b5f8d0b9a260a5,1
0x66159466e1ba64a7b5409958a56f292f4bccaf3c,1
0x6533cf833b16043d53cb4f5d40030bd95a8f0364,1
0x661b3f16bd8af0c63e586a42e6d2dbf5cddaa431,1
0x661d4b2eb166d7ff94e6f5d739ba28f5336e9c0a,1
0x66204587c288e9fa11768108e17b399a98208180,1
0x66273c1fad588e053e543e6a087a1aeb14f62232,1
0x6628ffed898ee21d96ef56f9f23a7f125528b14c,1
0x662956fc52ec79e902f468a9485d85b39abc8932,1
0x663e644ef2706096026fce24f9f8d0a43142be0b,1
0x66485060ba421cb534c9c8529d4343e5680acdd5,1
0x664a2890e18e7947dcd2aaff14cdef3a19364991,1
0x664d71b55e9512326085bfb93adee78fb88e3459,1
0x66501f6ba5e34686e8a41728e1906cdf442267fd,1
0x665544e253f46838e289a69c567f60094fb2f794,1
0x661aa253ba41128c75ca02eb00f3ca11b1036efb,1
0x6535ecb40e0ee3169e69149750e6d25b294698b5,1
0x653973d7bef46e6b6bd395409e7810a862f78cd5,1
0x654628a12ab7451bb561f43d8a48b2c7084b291c,1
0x65470fb1be9ce7fc0ed3d26cb3e9e255c560d039,1
0x654e099caca3e9780501c0d95ea676c78dc93dab,1
0x6551be902902d499d07b6d374fb41dd6520988a4,1
0x655235128212a783c09d4de750183caa053772ad,1
0x6555a1442d972552f14ddc085d4e59df5b49f9ea,1
0x656573f1396ab27d25a7149b9cc37ce4f04cccb6,1
0x656ff5d2bc9b466d9f41c04acdfe0f5dfb33f610,1
0x657401f54306186fbab79c865f333affffc936f8,1
0x65745425bbab0c95a8bcb3a2241f690bdac2bc64,1
0x65cd867b637efa964250ce7bf083391db54e3d98,1
0x657d85982da878bcb716f0543816944b201f6ebf,1
0x658a6ec594bc3894bb0bc93221312b4e635947e2,1
0x658d2e841342a0d1377dc4be74297c7d89adaf66,1
0x658e0ca94ce907285730178dc670228ef2a77442,1
0x6597bb71d3696b8727a77873e70a3e6e58ab6443,1
0x659bd7070fce6e83a668d842fe42c95430ba27ed,1
0x65ae376025f2d028c50a17482d15c5d388d418b4,1
0x65b88250df065539b7c324b4da0c8b27bd1c4be7,1
0x65bac14bd008a0d5bc296843048e3fe3cd8b4d67,1
0x65c1f1dd2f3478d3989bbc41df78652dfbd5818b,1
0x65c4d7f7799774bbbeec0062fb4874217cfb6be7,1
0x65cb376757b3e7793a7df36a7428e94bc6db64b4,1
0x65cb550b71d40c6af5b2bba1b768637a5e729192,1
0x6577e2515c3a4f19034120e812f885e5c56617cb,1
0x6250a0ed90663de8591a53f5f7919d3942145783,1
0x6256133639a2ccb1941983cd2dae6e548c1f9580,1
0x6256de36d679ae465b1df765d0614ad14cdce28a,1
0x625b77591d99e775b90f1f5978d777486bc2a0db,1
0x62678ea6b41ef592134abff0098e1a22a4453468,1
0x62688420111842a8350add56a4c584c83554188f,1
0x6268a052dce0ddf9124cc027113213e0cb8880c1,1
0x626ba7900759b143cc08d08807e6e80060ffe6da,1
0x62705ef66f7c455c99fd63eb08cbc61d0b811f32,1
0x6285b640edbcf040be4b7897878d95d141d06a91,1
0x628bfff5fd2d49cdc39627d79af7a551b5e549dc,1
0x62912009c910945aa822dfb50a15d7decbfee5f4,1
0x6419484075d90dc33bd63fbcab912c1662294d98,1
0x62970df19455332f3a09acce7ea7252b2c87a51f,1
0x6298054e5953ef54b88ebf7aacf5191980ce1a39,1
0x629a2f2719192cc926096e7fa51fc4b36820ef3a,1
0x629a51360685b7a6ac71e45b26688ee10f402724,1
0x62a7a19f157a1e013c7da477e90b6382eca57f0c,1
0x62ac1ae3868593989fd8eea8ae582288e505fd71,1
0x62ac6925525cb62595ecf2f7e631fc80a16d935f,1
0x62bef28320351dff5f388462a93b619c601747b9,1
0x62c4899cbfa2e81211122a794349ee5a116ce84a,1
0x62cbd6b56796b7fe2dcaa55fe2625069fa8dd463,1
0x62d1e33ad8306045040d6e27308f24134bae7bef,1
0x62de55b1f8ed6977ee8cf33b312c08be4e5074d7,1
0x629525b8c74a996eaff597a0b25b30543f24cc37,1
0x61be58937dc8b1870eba0802d76b315f24565c47,1
0x61ce345b0e78180e0a5dc0a2176c2da0534b76d7,1
0x61cfc9615c8618d6e143417f440af23a96cf5402,1
0x61db8d4a1481aa39337ade3214eb083f3ae55945,1
0x61dfd2bf8f944f1c7edec5c9fcc353a4ecf024ec,1
0x61e17391f084ad083fa5c199d4f0d350a4cf4282,1
0x61e1fba8b229df903a94a9adfff52ecf1e16f72e,1
0x61e7181f21badd0fdb80a42a766fef53a51c5ed7,1
0x61ec958365159d8915fc6b03726f2c9303907350,1
0x61ee9b00c136f488173c64b9c93980a967aff0e5,1
0x61f46dc471bd1c498ef83190d40c5ba1424207d8,1
0x61f93b150195f1bdc16d03f2039fbb927e78c39e,1
0x6247e172ca67d10f7e2dd0c330badb4f9f59c46b,1
0x620d6c1933c59adfd277c1702d2e36569d9cf74a,1
0x6212af1205c4c0d85453e1634b3f01ef0437025c,1
0x6212be92009c02e54b0936bcdf1ec011e0b3f44f,1
0x6212f583fdd6ce509a0dc43a991de721c4099c33,1
0x621c3498cad0649b7677fc3277d99a907e2df316,1
0x62273e0fd09d40a711bb9483b2506bd41b3aafcc,1
0x622aa4e31a8f3221dbb6fd8260c6eabf1603270c,1
0x622f3b28041a59c605a3b423f8b95d96d3b4c5b8,1
0x6233aefece3c7b8ee3548cec08c20b2a956552db,1
0x6237f6651aa70dd7f0ee2d65761c478d79a3cfd8,1
0x623a8c49234bda186a9e1d8a560605f6be406171,1
0x623f9ac6917320c98a6db4000cdb2eafeade7b4d,1
0x62471641ac56968114b3736aecdcc5b83e47bac6,1
0x6202605b33db5c35dfe821f40af52a6d40895605,1
0x639788d518455a748e0d6a3d9cd3ab78b08ada9f,1
0x639f74d7d6e8c1ea35da6d012802a7430492a144,1
0x63a105f0cb944ee0942289d815deda9a1e8b215a,1
0x63a54e6bcc0cd936bdac29e2bca59de1a3483654,1
0x63b10fc2c1262ab0648abc1986cfc1f84e1c4f5d,1
0x63bbb51d59a8e3c6f5399efe3363b407a210af51,1
0x63bc55a1330fcc8f4774378f15133ed8bb1db404,1
0x63c69ff58f3d5cadd3ae61bba11cd96cfaf42477,1
0x63c893aec3ef1b2df44b1b32b2bd59b421b3206c,1
0x63c8aab86eec4d7f98c426dc20de6279a56fb645,1
0x63d7813812b84678b6eec6da58a64ab341b3356a,1
0x63d9e1171e56402bc8dc0562b14fbfb34b8def79,1
0x62e3711aff936db568a0f30e488bae44c33c822e,1
0x63debe06dad0103184281c0eb095c84818687407,1
0x63e178a8dc955fcb84ad84f1567be7f0c8d95a73,1
0x63e4f0eecf4bf9e6138393992c635d1235500e77,1
0x63e9a7167b0c4cd10f2c8b86708ad08063569374,1
0x63eb7ccbc57a0f14814348307b65705510dd644a,1
0x63f90035dffd24e5642df5b88e0c4f04d453aa99,1
0x6404347ed9a5b7f8c82a488700664104c6879cde,1
0x6406cdbaf848cf4fce8815f6ab63cda980ed7193,1
0x640c9beb591186834ae03a831f8526245378db48,1
0x6411e89d85079d79e8bdb0fc5b0e26197dfdac58,1
0x6412b6b16e7bba2974841ac495cbc50698433c65,1
0x6414144164129da408c8cb0dd38fe55b7519c3d3,1
0x6416b72c260013b69ae17e13fb5872b0b6f253ed,1
0x63de3c040caa4b8f22f62278ffdad6b96b42339b,1
0x62e6ddb406a2e7867333289dd3bdad7c628a50dd,1
0x62ea95ceb5ef2c1fbb7e9f481edbbc9f7267a32d,1
0x62f2823807d226f92d6b4df3fa43299a726fd949,1
0x62f7c6b4e4c7f0b4e15d5f006479f5b4185027b0,1
0x62fc6c0d89368f07dc576c17f280a3dc5c213207,1
0x63079199852175240f148b374b7898f99c16241a,1
0x63083b688fff7e8a63e4bf54612715dea599d268,1
0x6309822990c1f2efa6662d9177a1907cc6d7e61b,1
0x630bdf8eff1d7c973c5b571c30f5a952379c888f,1
0x630c908b46fc1c734685e64d19cf7cc51ff7d690,1
0x63158ece89e846f265584f45deb27766dd9a9e74,1
0x6326d5e81d9ac2957c71a9e34bdd6e2cf4b42c0c,1
0x6392ddc524c7c359820522eb8daa72a79347e988,1
0x633ba59bbb6dbc7f64a98fbd16292d94d1c1e652,1
0x63411714b7c68aaebf98f891f9aa16c335f01abf,1
0x63428e70a8016d10e8e2f7da440c898063afa299,1
0x63434d03fbca903306ecf2950e0d7b8cd1b1d98e,1
0x634a80cdea82d5290277deee0f904e62bf44179a,1
0x634b39a473e98f637d862489e3e8e749388d0151,1
0x636ae09832eb163105e694b3804ca4f94af99719,1
0x636ea9ef87bc10d2aab9eab12995b08a675cd867,1
0x637744ff940bf24f60b6d5cae3bb7c8a560a246b,1
0x6381dc9a0b3b328dbc6a3c7bab01abefbb9542ae,1
0x638718ee605184196d44a58ca21758baf1bd983f,1
0x638882cd678eab793150db87e678f400e540d071,1
0x638a6cb7621b78e79c4f81a9d6157d7c757f9599,1
0x633a73f554d55de5986438141ee5b0becf8b660b,1
0x5803b672a21e72f327571e9a0b56f3a67c0dbcc1,1
0x580d59c75d6bd41f89a6931cbc65e9bf1af36f43,1
0x58147a87eb8c969b59653104ae4c56146be34a82,1
0x581ac241cc6427707bd486412218b1b048dfb9c8,1
0x582c2f39290054e9f3cc803d23ef18c82c9de674,1
0x582c412eff4c159e10bed5cfbf872f9109aa48d9,1
0x5831935b8ec505f9f76ae6ec72308ef2dd9d6fa4,1
0x58369d8d85e2c6087ec621107782af1e25496c25,1
0x583cf444766d489d65d2b184975d1910f18d7960,1
0x583de27b2d4fa5643700dbcfe4293cbf3bffc7ab,1
0x5841499bace070bf23e97e952664a47eecb235bc,1
0x5842f02cd287b3edd265084437006f9e2131274e,1
0x5d979f8eda6838397533c22677e11901c77654fb,1
0x5845c2592e411b2f1c6e023c84a5c5aa30039dc2,1
0x58478310e9fef6611a712b65440aac5c811b44df,1
0x5847c27353fb52a08a1da5bae37ca6dd5abe95f4,1
0x5849a87fee554e8fdc8a230896155aba5296b756,1
0x58505d6cc1d0a40b96a60ae310efb674344c3937,1
0x5850b0d636adf30eb889139a3e9bbba4ccde08ce,1
0x58532e2c57ff7613d6736056be985a93a1f11ba8,1
0x58597c584b9371c4b6d9eee2af769e1a447c9267,1
0x585a82a525267f72376ec4c8fe18a426037fb737,1
0x585fa5f85e7b8d6c9c82df9172435e95abbea8ea,1
0x586109bc40287cc77532b460614efc75e0f51238,1
0x586d01c1dea8fbce6bb75ba30e7f7d88be767253,1
0x5844cdb874ed51bda0614cf7cc7aa0076a026de6,1
0x5779521b803df66c137b9e8e74f96e4d7270ba1e,1
0x577a6b03d24e16fbd267d965521b3be7a45a7257,1
0x577b140104234dd086bdbe7773e1986e9d1387e6,1
0x577e4c37341ed4c7f3a1bca586ce92dcdd085d62,1
0x57846c5285c36a76962c655d62fc07737e78c1e9,1
0x578f339b50e5988429aa62f49d695bf377c6aeb8,1
0x57998b1661caf477c9059f212047cdf2e95a8bda,1
0x579a372e3460cfca36e2706b2f90e99c6aed0349,1
0x579b202ec6f2a8e19a89bd7b93700afd22746b00,1
0x57b386c9d38d04a75c3ca133a4c9d3d077eb5dc1,1
0x57b44b5acbeb32e358214217568a46c5c234b199,1
0x57b7dd9796e45e2e7259c7f3e5ee8fbd8d2345c5,1
0x57f933179a22a7761a54ce6b1e36a04d7aeab946,1
0x57bd9d356189094b177bba5dd4dc86b342a69cbe,1
0x57be3836779a6ae86aa154de1c23c472bde57bea,1
0x57bf295e36d5acc4a909229e619205f6fa46fdbe,1
0x57c0a7f54fc60ce072a63a0469630df6c9eea8ba,1
0x57d159056177d19d1741cdec8ed4d133e2f0541a,1
0x57d177d2bfd09177d6cb6c48778b109c60e642ea,1
0x57d72d431d9b42658585b9b614980e58d9aa4692,1
0x57dda70ff14379d7f9ec1c9541fd433150aa5822,1
0x57e254c863cb4c6dd74af99206d3f900fc68ec25,1
0x57eb513c19a2e02a31571d9929c98a5da95997d8,1
0x57ecdb39dc46642e049944e81a70499bbc4e7f42,1
0x57edf9a31c6ac919d3d05633329ebd23b48bd02e,1
0x57f8eca17e498194f7013498f438927087a0690a,1
0x57bab60dac098c6bb700a7262598745475b674f4,1
0x5907858973076a7c9d33d7f0edbbd611e8c0e014,1
0x590b8f31fd083863ea6039e83c16a3e8d3894389,1
0x59107282137e2bf8f506a08acd150d0f1a76a295,1
0x591267e36c7d7a1fe79efd1af2d3f6a694c630e0,1
0x591717b4d930a3bad0c30b3a1a3568e01b2cdb00,1
0x59194dc1427bfe7e90329a8161b483b7780a8b6f,1
0x591bb1d114ded89d53d951536fd627b35e94e0d4,1
0x591cbbd086899cd44365249258db4eca18358683,1
0x592083f6609185c2aa8d30ad950f8b0b1526e002,1
0x5924977dea5e3e9c41b207a2de3eb2e655a2bedb,1
0x592bc3b277e777245ab769b8b0eac2c932b70d66,1
0x5935b890158042a1c515fd17ab7b0ed7fee188fa,1
0x586eb101cac108b28ae9b5020f62a43f35591001,1
0x59392424a5c34146df861cdc30710986d07328c2,1
0x59407e16c89404596c347631d9be514c641ba9db,1
0x5948a3acf21d0ce76a7df723a11449df2713b6ea,1
0x5952148f4be2a8e74f28c54193a1d8057765bf1d,1
0x595278897e0f2a72aa43a41cd87d3997a81aca8f,1
0x5956a72704c0b6c8898444a9f84f125ffdd3f82f,1
0x595a3d0ae7c952d4e1b109f9f55d157a727cf2b2,1
0x595ac04394b166eb5366d3d86583384a87e7e589,1
0x595bb06e9f8b7fc8e75366d2e1e479fbb5ea7378,1
0x595bd92350691e12f73707b8e016a2ad8eba3413,1
0x595d0516d0d3cd388bc7d1fb7cd44ad2581d9ad9,1
0x595f1d53f9ce61bb6487957dd1e3175de7f88981,1
0x5936c0f104f45774c50b13d47f492a58ecd42b15,1
0x5874a6c3ff8d9bef08748e4f6f5cd2107204076f,1
0x587609fa516d225db7c17edae81098adcac4db07,1
0x5879f7d4710dc15c5e5fe49f08f9237199b52cec,1
0x5882dd136a649c8a0f75b72bba20e78960e47db8,1
0x5885324b55cdc3f22890048aebeeb617b5d54304,1
0x588a5a9618fe7ca358c70248a2627b5412163cea,1
0x58964598bce4c3fb667b7ddd6b0d07053fc22003,1
0x5897020b09de925ba2df0639e4f6963521ed3cfc,1
0x589a0f7b6a8043e9fce809d497be328f74854d7e,1
0x589fd67e8d74674931f4754b6b5f408feee877c8,1
0x58a535f8d68b8d8f44c356fc999ddb0c56e7d808,1
0x58aa3c5c524fc365a73d5b855016c50f6fafda35,1
0x59036c3cef78c36b70a0ad9dd76f5da60b785617,1
0x58b3757a47b80c919750eb3d9f9b2c2af5c8d8df,1
0x58bd0f8659fc1fca5654d8c44ce7344b8e88bdc6,1
0x58be1b0c91e29613ad451d561cc3bf7cd47053d4,1
0x58c3031dcb772207ca3390b011b0e67545603bc5,1
0x58c4c08b2678d3c08d349efdc8d7c11d7a8837e3,1
0x58ca3a2ed42105e03f82d18e1600b11cf45fedf2,1
0x58d414b83c8b1d5d6ab7cc100c08c13ff8481977,1
0x58d47fbb6e30c02a5f963bb4d10655dbc051d09e,1
0x58d749f012fcd3c1cf39c68a2909efcbab807a7b,1
0x58d8147fe274f46030b08adabf653d80bcdadc22,1
0x58d93b3657210f207de6b3960726578c193d5a9a,1
0x58e1895f37276be355a10d3c3f3b037cd02b7390,1
0x58ffee6ce62389599a305a6414816dba7f91a5aa,1
0x58b1aa50ad584bd351a7f687090a38c4c4ac5159,1
0x55bded6fc5b130215552b44ecdb03d071bb5c258,1
0x55cc71495ea3248d5d3987db89b00c7089277406,1
0x55ccb6b786b1bc4e4c42a892c407ef1859d27cb8,1
0x55d24d8c1bbaf3d03cd862a26640a47928b23af2,1
0x55d4439308c4ce7544a690ffa20857d15f45e531,1
0x55d5ba3538e034dc59b4411f11de9b1673b8b770,1
0x55e04c6729983c0d369f2118b052b7f043b8ccae,1
0x55ef360ab88d94ec725f871cbd68d0c08e787711,1
0x55f129d9cf7694fc9f1556711f8fca47963b64cb,1
0x55f587396a49833b24304ff2c7bfbd38c153f5d1,1
0x55f759b0c3f456d203b31a22d082c653c050fd75,1
0x55fd542ef0d663c758498ecc23cf43c196038e2d,1
0x5772ce4f18a5969ed5f16a93da14e763c1c73134,1
0x5608b1b28c33f91242bb3aed1293aa89993df60b,1
0x5610889d90ae11d57ab5c7bbffe0ed3d7198bc78,1
0x5610db05bd621b55535880b2be872af1954c6e19,1
0x5613c4de5bca9265f003de0b373f158eaa8e5a42,1
0x561c367e7bae795be4d076ddbce11f6bc5b63a09,1
0x561c574a6c4352fac0338ca52bfa641094f8bf99,1
0x562cb75664ea02eed576bd2a475623da90d5ec47,1
0x562d69209525145a1352d3c42ad707330105b518,1
0x562ebd64f2adbeb2e53fdddb5be339fb2d51f89f,1
0x5639be93f1f3ef4fdc54183c6bfbc7a8c78f72ad,1
0x563acb1c54a28ef5747a7a5ad9e74c0e482d2299,1
0x563c872f0a6a68cbc14085f4a62bb8bf1bfa8edf,1
0x560746ba51562bfc53367f81051be25a6de66c36,1
0x5538ed4706b4576709b500a5e41c5b2158e84731,1
0x5539d6a22a5e19ca8f90f803186b78dfd671c8b9,1
0x553a1dacc8bfeec9e26c3cd1de1865af3f24df76,1
0x55417e6cbae652a345bb729303790518eeaf39dd,1
0x554438acba79b3f0e4a70c7c3e9ccc6353776068,1
0x5546a62a91a20de9b8d5938a8be8f83222314e40,1
0x554c7dcc9c599924cd22ab38ef4a78a9b0c08cfd,1
0x554ce12184fa2777d1777e4e7f6d75a9d39139ee,1
0x555164fa4057d20b90d020c5a29febcd11470802,1
0x5552b2669c9043cf7fa81c0900d5feec77eaa0a6,1
0x5553fad9f0932e5fdbf38aace0c6717af6f50ed8,1
0x555550d4cdc6f675549fa119a6ea491207bed41a,1
0x55bcc9b5147744941084cd776c4c7fb3ecbb25c8,1
0x555b7375fdbce70f327adc845f6b73b07ffc5e3e,1
0x555bc355341edbb61b03985a73dd0f07dd53cf71,1
0x55671c899b77b86fab03952ffc355d10bdc2270e,1
0x55679de2f8c591858f1fc087c61d5feadfa99f02,1
0x556cd23212f95449dd95ec2460dc2fc762bdbd1f,1
0x5573534f704b481a8ccfc9f684c542178cb8d78e,1
0x5574efdf5fd74cfe5bfd8ac3d4a5f3ca2bf3f015,1
0x557d217c9d92e38677b191c3717e18e825a90a52,1
0x559d1f53a8ef78d9dbcbc1987806db3c3cd21243,1
0x559e5bc048de3671d0195128b37fb60b1477ad80,1
0x55a6902dc75837c38c62c457a72335fd9364e653,1
0x55aaf1c5c255bcfc0c554e80c20af0f2c24e78e8,1
0x55af9c9532f49fe07b25f4315e030ff8ca04518d,1
0x5557becbcc96e5c621817477da6f5f0d545f6e99,1
0x56daa8fa9fbf927bef08f533f84f6a0df2d904c5,1
0x56db22846c249777f2bea8563b95ac728bb19b80,1
0x56e274f894013646218668d0d74c89f2e1b1fd2c,1
0x56e962184bffb0a1442c9061f12cb86658198990,1
0x56edecd2ce02b142283de80ea7684bd0b50940e7,1
0x570642353572c743d2a0d791478f037cdaf52ac4,1
0x57075b82a650821c97a8fdfe38349291f21fb38c,1
0x570d93001c0a05352d2bc2821738e57a5d8f583f,1
0x570e0970a8a52c3c5e4daa66b96daf98ec4b8e73,1
0x57138428bb9b557571b577f611f61aae952290b1,1
0x571c7f7edc118f0f21b6e303a22d2ff0548e6440,1
0x572334821d338b11e6b1b1ced37790de48c06b2b,1
0x564a4198b0ce38822dc79672d3a900563952ee68,1
0x5747ebc9479b87b4ea4430f2083601772b98945f,1
0x575613c20b0cc6e3e86d69cc66f645c7e5c6df54,1
0x57581ad599b4fd8eda8efc27dcd93b2ad8fce9cc,1
0x5759b59b91ca9a080600fcdee0d242d695edfaaf,1
0x575d7a21cb24aa36ae939e97861fbeedc05d47e2,1
0x57634bc074f9104c82605085fcc79cb7571aaebe,1
0x576461ab40cbd1a73c2ac21b898ef5176a9412f2,1
0x5764864fabd0749869c333fb9fc2b0997b1ca2c3,1
0x576c1a09019dd328b13c3852da98780fdd16cc6f,1
0x576c9cbb863153c5252fef8164311a302f8db035,1
0x576ccf019a9a04cad87ab5beb17755ba18e67078,1
0x576db2bfc7cfcf645660ad32629583b9bd9a66db,1
0x5771c2f9fa13dea628302f1c4acb3424f0d8d4ac,1
0x573973e990e5a38c6bb774a649ecd08099dc58d1,1
0x564c8de320161d5bf699992c2ad7765fa6f24157,1
0x564cd88af603d3d537897a975390516a14d5c589,1
0x5654813897864e2e98f2e4ef73f3d90d6f87dc1f,1
0x5659162da22be85bd678dfb5d921a8d6d385d587,1
0x5660c36e093ae3e2d826e554ac6487c31c0a9faf,1
0x5669e1f72b27737b9aec5e56967c426ba9b75740,1
0x566b143afa747cca2c0826b93c53b8092d16c019,1
0x566ba4f56be775a9810f854e2c3539261c3fa29d,1
0x566bc984c039e57ed36cb39476b1d35f9ab60c60,1
0x566f4fe26ce9d9edc1d82bf443198fc21f1fcaf3,1
0x566fb365302333a2b6df4ea17fa096ca586dc230,1
0x5670094d6c6a692105e5e2693bc55fd4ae667b1d,1
0x56d4f0480533b9abb51b9a6db64f8857efffba68,1
0x568677fcaae1af94044cdcd30024a1511b909979,1
0x56876be0ddc4e5b379cec2ca367149a92ddd72de,1
0x5693d80cbae2962962fd008ee617a5978682620e,1
0x5697c3696e231f66c2bd9e691d3ecac5b9e65dab,1
0x569a6ef95dceba4c30a3489869fb345041a2a60d,1
0x569b0f1faba294c60de0619b913c82bc037ea91d,1
0x56a04a5ac6b40b511f645e6def1b92cf3b332431,1
0x56a408c8df7a7949b9696d386276b67bf075d485,1
0x56a5e655edc2c36e517685f94f4980f4257af3b5,1
0x56adc1579708e216285975a66bb439cb06731c4a,1
0x56b3f16871bfbb9543e7bc3a8de7384c0a26e6e8,1
0x56c056e4b9f22d3339d2d1b92aec4037bef7a66b,1
0x56c2a07e011a6df18e6524e96254807c45f1a85d,1
0x567cda0f21c940daf7e0c54b9582c8467e436d08,1
0x5c0875a78bfeae17bc73bb02c8b3a9e7b99c2470,1
0x5c16b6d0d41452ffb9e3bc4e0fca00eb607e0393,1
0x5c1c4d9a24d2620fcca9317b39d99bcbf75cca58,1
0x5c1dd7bb262236e35925b380e27a1038c3b19d68,1
0x5c1e8ce9b8ecc70abafed573d21098967c5540d2,1
0x5c218a1f35690cb8019c09d402bf11e5a8af374c,1
0x5c2b921fb8e31dc4489bfc42e279532a28188aac,1
0x5c2e0fe947a001d09003f5d2eec48724d9aeaaee,1
0x5c2efcedcfaafdd470f9219f514660edb25a7cd1,1
0x5c2fde7cda8add0adfa27afd7cc5db9850f140b7,1
0x5c301ee2bbc04bca7a6f57cc85dc65f0f4143222,1
0x5c34b9fbaab78ac41d57dea2802855bbdaeba2f6,1
0x595ff30fe322324a2f1161c30e24f16fe5b8d861,1
0x5c43c70dd6daacc0aa731e1412dcb985a743d1dd,1
0x5c4582930266048ac29c1727855ec25a0b66ecf4,1
0x5c4588655d2aace3e89a54673c477f288bd35a9b,1
0x5c45e16e6caae20a43318be64f2814be6c211ba6,1
0x5c4879b4412b722adceebcbb5962c286ae720a9a,1
0x5c4d1aee3953d8dac9ce90630ebe991d22c58041,1
0x5c51544f6e455a51074a2a27f7ae1073666ea8d3,1
0x5c558766e15cbbab40749e89408db81dcf3cdcdb,1
0x5c59652717c3c711be9934ad8c9092ceffce1bd7,1
0x5c6335f2690822f51eb8ecbdb28fe1419a5829bb,1
0x5c68f82fe2016fbe12819b0771f06eb63452d6c7,1
0x5c7a85239ae812b4d277b2cc2aa82d78749903b5,1
0x5c380b97bbae9c45df79527307b198532a7c2e30,1
0x5b9466400f7b481690ac0a576f27e60ff5df883c,1
0x5b9b333936df713dfe0104af769455d19b02c46a,1
0x5ba2e6070e387e3f8ca34db4ff52c96b333e86ab,1
0x5ba337bd832327a760c0c440b75746f1b9ae8f74,1
0x5ba6333ac8caacdf0caea9b3972ef39afc0e35b6,1
0x5ba740b41d97392d3b66abe0c263d7c58c824291,1
0x5ba945fef63c27c7e4144a69dd0377ccb975273d,1
0x5bab0e7508905fa3d23faf4ec219128452fa6bde,1
0x5bb55b35a5414b9df2337e039bd6137f370c1111,1
0x5bb636e2bc4eee5e0d242acb8755c75a7905aa8d,1
0x5bb96c9c564e70a2ac66f6b34b8ce0064c5814b3,1
0x5bc1ee049a7a8219de462613fb79d12fa2839e31,1
0x5c07f35401b57d10d4f9c14c08f6472f1f0174c7,1
0x5bc6a3706843268b313ecdf2ce21fc1ff900e62a,1
0x5bcb6552f5b9482a39d224c1148dee1a48d1c5be,1
0x5bcbc4ee1108b25bd78628dc5505885d985c1b76,1
0x5bd2ec35670dd35c8130d6a502d23141880a7e0b,1
0x5bd7eb72c37eef619c405badc0f1a191d9fce67b,1
0x5bd7f76c0f0d43f5a66f585887719a549eb685e3,1
0x5bd88aa1b51be4b9142c9b10ecd0db0ef92bafcf,1
0x5bdde3de2f280f0a93e14c0201b1c5395c240dad,1
0x5be1f73bad78bf8facfb0edb36a433fb45093a8f,1
0x5bf6751c1c8e5a7e4235a8c8d97e4cbb515973cc,1
0x5bf9424b88e3377614515ef331fb90a78b746edf,1
0x5c0333e7db2a2a21490838bcd5af7c4176f7b76d,1
0x5c049770ddb59115a3a20504cec9283db529a92a,1
0x5bc4c886397a2caaa6b47950ba0595652d696895,1
0x5d24057e02c6572dec019a47b73f24bb0ccb6e58,1
0x5d24e95b78880739be60ecf14a935af774d67eb5,1
0x5d26073f68596da33264498309a51149bae1ca3a,1
0x5d28d52a12589e60a5d7c0eafc73c6d43393bec6,1
0x5d35758b38571de4900a2b5a3b268f0e06ddf27d,1
0x5d43489d800e3148e22e53e92ba956343ee3195e,1
0x5d47477fe5561a4dd95d109931d2804659105934,1
0x5d51e1aeed573168bc9c164f087864ffffdcbec9,1
0x5d52219d0404bad7d8656a4c8dc3d6a5402993dd,1
0x5d597b4ca134630417285d3aba4c561948b36f6b,1
0x5d59d23fc1140276251a16237ef866f2bed21fcc,1
0x5d5c366236391154a67d0d65b2bc8d6b30f88c04,1
0x5c7f4dda659000953f729d1043472064af96375d,1
0x5d64c1311537064fc8d6bb3c31972e7307af1db0,1
0x5d68f5a14fd28b7adfd579a0e369085159b63951,1
0x5d6d63324d021334bd57b0ef107a6526899ed105,1
0x5d77ef12f7cbb849314d2897375288d39b529d06,1
0x5d796b61a59980a8eaf8aca92c793cdde4a62aeb,1
0x5d7fccb26e2dfaa80169d35a4782374599cba5cc,1
0x5d8b2de154d71a5dfaeac7a7d4760bf9737aced4,1
0x5d8dc8b0b88fe260ba80c3efc6dbf643903cef04,1
0x5d8ebbd27ddd9031cc68fe48d71b0bc48474adbb,1
0x5d8fef8306a2abd5e95ca8fd8c58e8ec6e95dad0,1
0x5d95d86804a541a3b9d92735942305fe35bd6758,1
0x5d9696d8e4e3ecd6a07039df47db112bfb92f019,1
0x5d617de2c53bccc329d30ac7b3e1e9bdf964d905,1
0x5c878661d6045d9c797da5c3cd9b376a04a7b03b,1
0x5c8c7e79d7c1dc60882e0fa325690f019c414e3e,1
0x5c93c07652b76a3b85a50d526eeba2c49408cda0,1
0x5c94d4f15427d738ff5437883537f012752ed8b1,1
0x5c97f3e6d323283419020f35ff5766e70fd374ee,1
0x5c9855e3e68d17eabec9df2d6bde34f1caf3bf30,1
0x5c9988f2c225fb599c21b5441b1a73b68dcaecc7,1
0x5c9cecc6d02333f69612013fe7bf042a0247a09f,1
0x5ca51bfbaeae26bdd12efb26f7fc661044ccf736,1
0x5cabc23f5006ad20d9a313b32ffefa4715dbd109,1
0x5cb0bf3bcee99c6ffbcc8b8451c7de16b8b3d409,1
0x5cbb77db038677df105d1c14547b9d254a45418e,1
0x5d1ea9f2685e19a72e38b223ccad56eb93c8ba25,1
0x5cc5880e9d209d2e6f3c163fa097c7eb42e5cd14,1
0x5ccd8f7f37cfadffcc1a1e9f4b90de812584d8ba,1
0x5cce800220529bc9457e83d12cc6225b47572336,1
0x5cd8e987ad5a268275fb6a9e23d9eafc728df0f5,1
0x5cdfd0a7cde9db62b462c438600ec77cb6e075fe,1
0x5ce99a9226d8fe14b988540fc68445ad48d16fee,1
0x5cfaf64e4d57d8064e74f2f022c2dab15243052c,1
0x5cfbd94d1d5b747a939c3a65c82beb964e790bc3,1
0x5cff2493f13aee91c996af04f2d2265d3bcf70d8,1
0x5d0176adf862dfbdff5a51f2aafc54d89991c354,1
0x5d120af8c458ab1674e258588bc49dded37d128a,1
0x5d12916055eba45fcba363c6760d9bf918e5bd58,1
0x5d19d69aa079bc48733d2cc07f5f557051f7305c,1
0x5cc396a6bb3a5c17723658d68f2ea5cb2d663e93,1
0x59e0d89089e8e4ad8eb59cec2cc03deb57c0a1ac,1
0x59e0d9e617851d12002cabb2abe6d2335e2ab283,1
0x59e5a9b6d56805e9388302715deb3dfcef39ec6f,1
0x59f2f6d0b272fcac1db5e087ee8dc189b0921ddf,1
0x59fd2358754090ccb4cddd6dcfeb42826bdc5060,1
0x5a043c4cca8faef2bb24f540e9a4360646b01cc5,1
0x5a0d060d34199e51fd0dbbfd5ab5991f0d0082d6,1
0x5a19c0a37aeb7a82dbf3d49d613bed79bd418d10,1
0x5a1a34eff01f590760ad688b159e630fa5d44d80,1
0x5a1e416aa0d3044abe2e9caee85cd2b2a18553eb,1
0x5a210ba9756bcc5985d7ed1da19dd26afbe1bfd3,1
0x5a2cee8d1fd10c025820e3bc9482a6897433efd9,1
0x5b9126f9f86ad2a4a2b2acfc9ffc82d22fd0e8ae,1
0x5a310ffe3a6abfbf8c98b649f42d0f1fd9654321,1
0x5a3b60ce12b70cc3e9ee1f8241876da95b93ca20,1
0x5a3d51d9f3be1fb1fcbadfa9e7a6ef8ca32ce960,1
0x5a3e1e97d34c665f8fb994ffdfd078f8619a374c,1
0x5a40ea34cc959fd956670ba218483930e92b9297,1
0x5a41768f26b4e3823776b335846d6a2a13997505,1
0x5a47871a9f6505a15dcf668c98f0f9a647f43ddd,1
0x5a52d4b820ae7f02880d270562950918acb14aa2,1
0x5a5c66ef9723fd2e64c2977170ae95c41e9ad8f4,1
0x5a5fff1b26b6b4a03299a5a83e090ef70a67146b,1
0x5a601417ffa28b82b3a6c987cedec996920d7133,1
0x5a617f4f552687a2342735b41efa29cbacabbcb0,1
0x5a2d2b2f897dd34eecf9854e3ce59330160cd6a3,1
0x5963a643536ded58ecf1f87243cb7d3e8dcfe981,1
0x596420a95aa7a61c3d5b38471935453f9f669720,1
0x596a69bc04787b4425ca6305ab00b952bd45f9ff,1
0x59781565e448f624cb4dc2d4a7a230c067bff424,1
0x597f63af38c8e7f44a2d49a83ecd0253251871d7,1
0x5985839b3ca397ab8d6ae4f236b49a89155f6c24,1
0x59879b99febdcb0a0c168b9b3fbb9ebe349ee19a,1
0x598fa2daae9f196d76f9c45a49c6db490928a0ee,1
0x598ff5f912a97fcb7852cbdb9d587ca23ee24498,1
0x5996a92faebf913cfdad7044c81ee69e7a7b6d6c,1
0x59978b1d2f73bb55944259fb2dc8ce93b4c7c3c0,1
0x599d0f556401976feab3cab7dc41b3e313f89746,1
0x59da17d89a6648c3ffef5c4ed7b3d61108aad7cc,1
0x59a76a5edf2002a1311997f7ff29278f87e456f0,1
0x59af75edabc6dbc772469279f512359e363e95a3,1
0x59b06a3703edfb7c36dc54e6960bfcf038d1beae,1
0x59b953a372dd311b305bb12380ee963ffae78989,1
0x59bb7b9d963f30ae8a44266850906ead5cd8f4bf,1
0x59bd05e126d644574f9c055d5f593fc97b222de0,1
0x59be71d6424f704699473d3965e6307c57103c49,1
0x59c22f96d753c8fd04a84ed7f03e548accd80ea0,1
0x59c803019faeb3f009a6f9a276685d03147e4a79,1
0x59cbae940b7b7c1862e3c67be3578ea1649515c1,1
0x59cd68b9a642009f7754548ba3b9dd8784a5575b,1
0x59cf3023b314ef40b98af435c2a91963fbb591df,1
0x59d787bddda20babc762d5bdaf22639103b82435,1
0x599eae1dd61cf9ac5bed61091ef89180fe19e108,1
0x5b27bccdeb92bc2261e36db2a9f28fdd698433f4,1
0x5b2942f82ec4006b8ca7a5172f56ea6e118b5d07,1
0x5b29e7039bc7997bd9a8062b97b8c8e0c841a284,1
0x5b2a624fe31947a3a1f6b65c4921fdddc951db95,1
0x5b2e5df091eba7df51a2b7c5da251be22eb86da2,1
0x5b3177259a30a955fef151dbd81ab8f81ce50c63,1
0x5b3f46b96faf2c08cda59204d7fc17da5d0857c3,1
0x5b4a7fe49bf3eaada34d8c8f58663870e2757f9b,1
0x5b4aebdf7242da6865a0bbc231a79207a1012662,1
0x5b4c7df1818de334d49d9d6bfde37de60da39135,1
0x5b4d1b19f1de5a6e3e056652d180bca9938d0722,1
0x5b57071f2e727ee43d3383bc790426156fbe3943,1
0x5a63b1d1d11675209e4d0d6fcdda0744243535a4,1
0x5b5c24a56e6d9d25d811c563e149ccbcbc4efe1f,1
0x5b5cb01eefd595c29437d0e1a9ef9e02d65ca20a,1
0x5b666da8b3630dfb29f60fa9971086a2721731ac,1
0x5b6dca9d5beaf27b8a538fce2c7875fa2d10e232,1
0x5b6f3bbf7045b070e7c7a66c7f222df77e72bcc9,1
0x5b7295b8ca7d3b0658c483056ae58b27a86a4a96,1
0x5b790946e6be91cb2372c099444aad58c148ea1e,1
0x5b7a41181f6c051c402126be90f4935b6a8635c6,1
0x5b7b4a62fd27e5d7fb90ae55b83c04f2cd9935e2,1
0x5b7eb29abbb1ae32749d2b244b22d9dcd5629bce,1
0x5b846eff4404c6d91c079ea1be353690021a51fb,1
0x5b8de33a9e22c5627c8bde0bd9e5fab014e264fa,1
0x5b8dfb63ebe1691be321427ee4cf303c0239608e,1
0x5b5c0d3d5bd93dceaf5a9284a6576a476769fe3d,1
0x5a651709b8e4e02eacf7bf14f8f57575d5a2bbf6,1
0x5a6f80ea3f8c724c3ff9e98eb0c02eb85ff0825d,1
0x5a78746e67e2e23c95c82e70f0aca58d7c978715,1
0x5a84a889b76cdf58f05ca164df37dec6000e2ead,1
0x5a904f511c3a1dc737d58fd3a870e8e3dfdf6100,1
0x5a94f3c74767d410b96079a834d6213f72553e8f,1
0x5a97fbaa45758c6eeeb7466b5981de97974526a0,1
0x5a99a6ef3ef1d6ec22742e3846db1ad85c72441e,1
0x5aa33efb04b1180b8b116b2b2b355b3a66a96aa0,1
0x5aa3dca45f7fbc6d1e39ba064cc22bf13af91d8e,1
0x5aa49cbc2bff52726f93480337020ee5956f3636,1
0x5aa5233cff0d9a034803cecf70b5a41e8b65edc1,1
0x5b275643814dd0b8347f6b9d04a53aac11ced5f4,1
0x5adaa2d3144234a62a22dc5e7c66c8bbdf0357fd,1
0x5ae76dc1e233c3956b5c1b9aa88557d2b4a97609,1
0x5aeaa5ec6c4709f1a67027bd85e2b8a3db01f71e,1
0x5aebd00155b658a59bfd76d092c82dcbe62db9d6,1
0x5afc21c6258492536053d0579b4b8adacdcefa63,1
0x5afd080efdb24bbf936ac7f056279b3f25d6ed7d,1
0x5afdf245715362125ea589395e099d53eeb0727b,1
0x5b014448f7df57bd6db4cc32b8ae8f150bddf396,1
0x5b10e27577b58cc6de72a2105d8645bb3842b96e,1
0x5b1a4e343a1baa7d84c93040c932bd7bb1462ea3,1
0x5b1afc80d386658927fc52e1f85dfcdb86f9fb84,1
0x5b1ce85170fc3afa9a4e500e64f1f4c71052ad47,1
0x5b21a8fdee42377530c3bab8466938d72af6cc58,1
0x5ad1641edcadaa99c69eecd4064a6f6ad4a94d6a,1
