entry_n,entry_qty,entry_vol,exit12h_n,exit12h_qty,exit12h_vol,exit4h_n,exit4h_qty,exit4h_vol,p_n,p_qty,p_vol,t_checkpoint,token_address
0,,,0,,,0,,,0,,,2026-07-01 00:00:00,0x117cc2133c37b721f49de2a7a74833232b3b4c0c
0,,,0,,,0,,,0,,,2026-07-01 01:00:00,0x117cc2133c37b721f49de2a7a74833232b3b4c0c
0,,,0,,,0,,,0,,,2026-07-01 02:00:00,0x117cc2133c37b721f49de2a7a74833232b3b4c0c
0,,,0,,,0,,,0,,,2026-07-01 03:00:00,0x117cc2133c37b721f49de2a7a74833232b3b4c0c
0,,,0,,,0,,,0,,,2026-07-01 04:00:00,0x117cc2133c37b721f49de2a7a74833232b3b4c0c
0,,,1,0.000131496092988639,0.09999059999999999,0,,,0,,,2026-07-01 05:00:00,0x117cc2133c37b721f49de2a7a74833232b3b4c0c
0,,,0,,,0,,,0,,,2026-07-01 06:00:00,0x117cc2133c37b721f49de2a7a74833232b3b4c0c
0,,,0,,,0,,,0,,,2026-07-01 07:00:00,0x117cc2133c37b721f49de2a7a74833232b3b4c0c
0,,,0,,,0,,,0,,,2026-07-01 08:00:00,0x117cc2133c37b721f49de2a7a74833232b3b4c0c
0,,,0,,,0,,,0,,,2026-07-01 09:00:00,0x117cc2133c37b721f49de2a7a74833232b3b4c0c
0,,,0,,,0,,,0,,,2026-07-01 10:00:00,0x117cc2133c37b721f49de2a7a74833232b3b4c0c
0,,,0,,,0,,,0,,,2026-07-01 11:00:00,0x117cc2133c37b721f49de2a7a74833232b3b4c0c
0,,,0,,,0,,,0,,,2026-07-01 12:00:00,0x117cc2133c37b721f49de2a7a74833232b3b4c0c
0,,,0,,,1,0.000131496092988639,0.09999059999999999,0,,,2026-07-01 13:00:00,0x117cc2133c37b721f49de2a7a74833232b3b4c0c
0,,,0,,,0,,,0,,,2026-07-01 14:00:00,0x117cc2133c37b721f49de2a7a74833232b3b4c0c
1,0.000131901091868982,0.09998069999999999,0,,,0,,,0,,,2026-07-01 15:00:00,0x117cc2133c37b721f49de2a7a74833232b3b4c0c
0,,,0,,,0,,,0,,,2026-07-01 16:00:00,0x117cc2133c37b721f49de2a7a74833232b3b4c0c
1,0.000131766990455231,0.0999868,0,,,0,,,1,0.000131496092988639,0.09999059999999999,2026-07-01 17:00:00,0x117cc2133c37b721f49de2a7a74833232b3b4c0c
0,,,0,,,0,,,0,,,2026-07-01 18:00:00,0x117cc2133c37b721f49de2a7a74833232b3b4c0c
0,,,0,,,0,,,0,,,2026-07-01 19:00:00,0x117cc2133c37b721f49de2a7a74833232b3b4c0c
0,,,0,,,0,,,0,,,2026-07-01 20:00:00,0x117cc2133c37b721f49de2a7a74833232b3b4c0c
0,,,0,,,0,,,0,,,2026-07-01 21:00:00,0x117cc2133c37b721f49de2a7a74833232b3b4c0c
0,,,0,,,0,,,0,,,2026-07-01 22:00:00,0x117cc2133c37b721f49de2a7a74833232b3b4c0c
0,,,0,,,0,,,0,,,2026-07-01 23:00:00,0x117cc2133c37b721f49de2a7a74833232b3b4c0c
0,,,0,,,0,,,0,,,2026-07-02 00:00:00,0x117cc2133c37b721f49de2a7a74833232b3b4c0c
0,,,0,,,0,,,0,,,2026-07-02 01:00:00,0x117cc2133c37b721f49de2a7a74833232b3b4c0c
0,,,0,,,0,,,0,,,2026-07-02 02:00:00,0x117cc2133c37b721f49de2a7a74833232b3b4c0c
0,,,0,,,0,,,0,,,2026-07-02 03:00:00,0x117cc2133c37b721f49de2a7a74833232b3b4c0c
0,,,0,,,0,,,0,,,2026-07-02 04:00:00,0x117cc2133c37b721f49de2a7a74833232b3b4c0c
0,,,0,,,0,,,0,,,2026-07-02 05:00:00,0x117cc2133c37b721f49de2a7a74833232b3b4c0c
0,,,0,,,0,,,0,,,2026-07-02 06:00:00,0x117cc2133c37b721f49de2a7a74833232b3b4c0c
0,,,0,,,0,,,0,,,2026-07-02 07:00:00,0x117cc2133c37b721f49de2a7a74833232b3b4c0c
0,,,0,,,0,,,0,,,2026-07-02 08:00:00,0x117cc2133c37b721f49de2a7a74833232b3b4c0c
0,,,0,,,0,,,0,,,2026-07-02 09:00:00,0x117cc2133c37b721f49de2a7a74833232b3b4c0c
0,,,0,,,0,,,0,,,2026-07-02 10:00:00,0x117cc2133c37b721f49de2a7a74833232b3b4c0c
0,,,0,,,0,,,0,,,2026-07-02 11:00:00,0x117cc2133c37b721f49de2a7a74833232b3b4c0c
0,,,0,,,0,,,0,,,2026-07-02 12:00:00,0x117cc2133c37b721f49de2a7a74833232b3b4c0c
0,,,0,,,0,,,0,,,2026-07-02 13:00:00,0x117cc2133c37b721f49de2a7a74833232b3b4c0c
0,,,0,,,0,,,0,,,2026-07-02 14:00:00,0x117cc2133c37b721f49de2a7a74833232b3b4c0c
0,,,0,,,0,,,0,,,2026-07-02 15:00:00,0x117cc2133c37b721f49de2a7a74833232b3b4c0c
0,,,0,,,0,,,0,,,2026-07-02 16:00:00,0x117cc2133c37b721f49de2a7a74833232b3b4c0c
0,,,0,,,0,,,0,,,2026-07-02 17:00:00,0x117cc2133c37b721f49de2a7a74833232b3b4c0c
0,,,0,,,0,,,0,,,2026-07-02 18:00:00,0x117cc2133c37b721f49de2a7a74833232b3b4c0c
0,,,0,,,0,,,0,,,2026-07-02 19:00:00,0x117cc2133c37b721f49de2a7a74833232b3b4c0c
0,,,0,,,0,,,0,,,2026-07-02 20:00:00,0x117cc2133c37b721f49de2a7a74833232b3b4c0c
0,,,0,,,0,,,0,,,2026-07-02 21:00:00,0x117cc2133c37b721f49de2a7a74833232b3b4c0c
0,,,0,,,0,,,0,,,2026-07-02 22:00:00,0x117cc2133c37b721f49de2a7a74833232b3b4c0c
0,,,0,,,0,,,0,,,2026-07-02 23:00:00,0x117cc2133c37b721f49de2a7a74833232b3b4c0c
0,,,0,,,0,,,0,,,2026-07-03 00:00:00,0x117cc2133c37b721f49de2a7a74833232b3b4c0c
0,,,0,,,0,,,0,,,2026-07-03 01:00:00,0x117cc2133c37b721f49de2a7a74833232b3b4c0c
0,,,0,,,0,,,0,,,2026-07-03 02:00:00,0x117cc2133c37b721f49de2a7a74833232b3b4c0c
0,,,0,,,0,,,0,,,2026-07-03 03:00:00,0x117cc2133c37b721f49de2a7a74833232b3b4c0c
0,,,0,,,0,,,0,,,2026-07-03 04:00:00,0x117cc2133c37b721f49de2a7a74833232b3b4c0c
0,,,0,,,0,,,0,,,2026-07-03 05:00:00,0x117cc2133c37b721f49de2a7a74833232b3b4c0c
0,,,0,,,0,,,0,,,2026-07-03 06:00:00,0x117cc2133c37b721f49de2a7a74833232b3b4c0c
0,,,0,,,0,,,0,,,2026-07-03 07:00:00,0x117cc2133c37b721f49de2a7a74833232b3b4c0c
0,,,0,,,0,,,0,,,2026-07-03 08:00:00,0x117cc2133c37b721f49de2a7a74833232b3b4c0c
0,,,0,,,0,,,0,,,2026-07-03 09:00:00,0x117cc2133c37b721f49de2a7a74833232b3b4c0c
0,,,0,,,0,,,0,,,2026-07-03 10:00:00,0x117cc2133c37b721f49de2a7a74833232b3b4c0c
0,,,0,,,0,,,0,,,2026-07-03 11:00:00,0x117cc2133c37b721f49de2a7a74833232b3b4c0c
0,,,0,,,0,,,0,,,2026-07-03 12:00:00,0x117cc2133c37b721f49de2a7a74833232b3b4c0c
0,,,0,,,0,,,0,,,2026-07-03 13:00:00,0x117cc2133c37b721f49de2a7a74833232b3b4c0c
0,,,0,,,0,,,0,,,2026-07-03 14:00:00,0x117cc2133c37b721f49de2a7a74833232b3b4c0c
0,,,0,,,0,,,0,,,2026-07-03 15:00:00,0x117cc2133c37b721f49de2a7a74833232b3b4c0c
0,,,0,,,0,,,0,,,2026-07-03 16:00:00,0x117cc2133c37b721f49de2a7a74833232b3b4c0c
0,,,0,,,0,,,0,,,2026-07-03 17:00:00,0x117cc2133c37b721f49de2a7a74833232b3b4c0c
0,,,0,,,0,,,0,,,2026-07-03 18:00:00,0x117cc2133c37b721f49de2a7a74833232b3b4c0c
0,,,0,,,0,,,0,,,2026-07-03 19:00:00,0x117cc2133c37b721f49de2a7a74833232b3b4c0c
0,,,0,,,0,,,0,,,2026-07-03 20:00:00,0x117cc2133c37b721f49de2a7a74833232b3b4c0c
0,,,0,,,0,,,0,,,2026-07-03 21:00:00,0x117cc2133c37b721f49de2a7a74833232b3b4c0c
0,,,0,,,0,,,0,,,2026-07-03 22:00:00,0x117cc2133c37b721f49de2a7a74833232b3b4c0c
0,,,0,,,0,,,0,,,2026-07-03 23:00:00,0x117cc2133c37b721f49de2a7a74833232b3b4c0c
0,,,0,,,0,,,0,,,2026-07-04 00:00:00,0x117cc2133c37b721f49de2a7a74833232b3b4c0c
0,,,0,,,0,,,0,,,2026-07-04 01:00:00,0x117cc2133c37b721f49de2a7a74833232b3b4c0c
0,,,0,,,0,,,0,,,2026-07-04 02:00:00,0x117cc2133c37b721f49de2a7a74833232b3b4c0c
0,,,0,,,0,,,0,,,2026-07-04 03:00:00,0x117cc2133c37b721f49de2a7a74833232b3b4c0c
0,,,0,,,0,,,0,,,2026-07-04 04:00:00,0x117cc2133c37b721f49de2a7a74833232b3b4c0c
0,,,0,,,0,,,0,,,2026-07-04 05:00:00,0x117cc2133c37b721f49de2a7a74833232b3b4c0c
0,,,0,,,0,,,0,,,2026-07-04 06:00:00,0x117cc2133c37b721f49de2a7a74833232b3b4c0c
0,,,0,,,0,,,0,,,2026-07-04 07:00:00,0x117cc2133c37b721f49de2a7a74833232b3b4c0c
0,,,0,,,0,,,0,,,2026-07-04 08:00:00,0x117cc2133c37b721f49de2a7a74833232b3b4c0c
0,,,0,,,0,,,0,,,2026-07-04 09:00:00,0x117cc2133c37b721f49de2a7a74833232b3b4c0c
0,,,0,,,0,,,0,,,2026-07-04 10:00:00,0x117cc2133c37b721f49de2a7a74833232b3b4c0c
0,,,0,,,0,,,0,,,2026-07-04 11:00:00,0x117cc2133c37b721f49de2a7a74833232b3b4c0c
0,,,0,,,0,,,0,,,2026-07-04 12:00:00,0x117cc2133c37b721f49de2a7a74833232b3b4c0c
0,,,0,,,0,,,0,,,2026-07-04 13:00:00,0x117cc2133c37b721f49de2a7a74833232b3b4c0c
0,,,0,,,0,,,0,,,2026-07-04 14:00:00,0x117cc2133c37b721f49de2a7a74833232b3b4c0c
0,,,0,,,0,,,0,,,2026-07-04 15:00:00,0x117cc2133c37b721f49de2a7a74833232b3b4c0c
0,,,0,,,0,,,0,,,2026-07-04 16:00:00,0x117cc2133c37b721f49de2a7a74833232b3b4c0c
0,,,0,,,0,,,0,,,2026-07-04 17:00:00,0x117cc2133c37b721f49de2a7a74833232b3b4c0c
0,,,0,,,0,,,0,,,2026-07-04 18:00:00,0x117cc2133c37b721f49de2a7a74833232b3b4c0c
0,,,0,,,0,,,0,,,2026-07-04 19:00:00,0x117cc2133c37b721f49de2a7a74833232b3b4c0c
0,,,0,,,0,,,0,,,2026-07-04 20:00:00,0x117cc2133c37b721f49de2a7a74833232b3b4c0c
0,,,0,,,0,,,0,,,2026-07-04 21:00:00,0x117cc2133c37b721f49de2a7a74833232b3b4c0c
0,,,0,,,0,,,0,,,2026-07-04 22:00:00,0x117cc2133c37b721f49de2a7a74833232b3b4c0c
0,,,0,,,0,,,0,,,2026-07-04 23:00:00,0x117cc2133c37b721f49de2a7a74833232b3b4c0c
0,,,0,,,0,,,0,,,2026-07-05 00:00:00,0x117cc2133c37b721f49de2a7a74833232b3b4c0c
0,,,0,,,0,,,0,,,2026-07-05 01:00:00,0x117cc2133c37b721f49de2a7a74833232b3b4c0c
0,,,0,,,0,,,0,,,2026-07-05 02:00:00,0x117cc2133c37b721f49de2a7a74833232b3b4c0c
0,,,0,,,0,,,0,,,2026-07-05 03:00:00,0x117cc2133c37b721f49de2a7a74833232b3b4c0c
0,,,0,,,0,,,0,,,2026-07-05 04:00:00,0x117cc2133c37b721f49de2a7a74833232b3b4c0c
0,,,0,,,0,,,0,,,2026-07-05 05:00:00,0x117cc2133c37b721f49de2a7a74833232b3b4c0c
0,,,0,,,0,,,0,,,2026-07-05 06:00:00,0x117cc2133c37b721f49de2a7a74833232b3b4c0c
0,,,0,,,0,,,0,,,2026-07-05 07:00:00,0x117cc2133c37b721f49de2a7a74833232b3b4c0c
0,,,0,,,0,,,0,,,2026-07-05 08:00:00,0x117cc2133c37b721f49de2a7a74833232b3b4c0c
0,,,0,,,0,,,0,,,2026-07-05 09:00:00,0x117cc2133c37b721f49de2a7a74833232b3b4c0c
0,,,0,,,0,,,0,,,2026-07-05 10:00:00,0x117cc2133c37b721f49de2a7a74833232b3b4c0c
0,,,0,,,0,,,0,,,2026-07-05 11:00:00,0x117cc2133c37b721f49de2a7a74833232b3b4c0c
0,,,0,,,0,,,0,,,2026-07-05 12:00:00,0x117cc2133c37b721f49de2a7a74833232b3b4c0c
0,,,0,,,0,,,0,,,2026-07-05 13:00:00,0x117cc2133c37b721f49de2a7a74833232b3b4c0c
0,,,0,,,0,,,0,,,2026-07-05 14:00:00,0x117cc2133c37b721f49de2a7a74833232b3b4c0c
0,,,0,,,0,,,0,,,2026-07-05 15:00:00,0x117cc2133c37b721f49de2a7a74833232b3b4c0c
0,,,0,,,0,,,0,,,2026-07-05 16:00:00,0x117cc2133c37b721f49de2a7a74833232b3b4c0c
0,,,0,,,0,,,0,,,2026-07-05 17:00:00,0x117cc2133c37b721f49de2a7a74833232b3b4c0c
0,,,0,,,0,,,0,,,2026-07-05 18:00:00,0x117cc2133c37b721f49de2a7a74833232b3b4c0c
0,,,0,,,0,,,0,,,2026-07-05 19:00:00,0x117cc2133c37b721f49de2a7a74833232b3b4c0c
0,,,0,,,0,,,0,,,2026-07-05 20:00:00,0x117cc2133c37b721f49de2a7a74833232b3b4c0c
0,,,0,,,0,,,0,,,2026-07-05 21:00:00,0x117cc2133c37b721f49de2a7a74833232b3b4c0c
0,,,0,,,0,,,0,,,2026-07-05 22:00:00,0x117cc2133c37b721f49de2a7a74833232b3b4c0c
0,,,0,,,0,,,0,,,2026-07-05 23:00:00,0x117cc2133c37b721f49de2a7a74833232b3b4c0c
0,,,0,,,0,,,0,,,2026-07-06 00:00:00,0x117cc2133c37b721f49de2a7a74833232b3b4c0c
0,,,0,,,0,,,0,,,2026-07-06 01:00:00,0x117cc2133c37b721f49de2a7a74833232b3b4c0c
0,,,0,,,0,,,0,,,2026-07-06 02:00:00,0x117cc2133c37b721f49de2a7a74833232b3b4c0c
0,,,0,,,0,,,0,,,2026-07-06 03:00:00,0x117cc2133c37b721f49de2a7a74833232b3b4c0c
0,,,0,,,0,,,0,,,2026-07-06 04:00:00,0x117cc2133c37b721f49de2a7a74833232b3b4c0c
0,,,0,,,0,,,0,,,2026-07-06 05:00:00,0x117cc2133c37b721f49de2a7a74833232b3b4c0c
0,,,0,,,0,,,0,,,2026-07-06 06:00:00,0x117cc2133c37b721f49de2a7a74833232b3b4c0c
0,,,0,,,0,,,0,,,2026-07-06 07:00:00,0x117cc2133c37b721f49de2a7a74833232b3b4c0c
0,,,0,,,0,,,0,,,2026-07-06 08:00:00,0x117cc2133c37b721f49de2a7a74833232b3b4c0c
0,,,0,,,0,,,0,,,2026-07-06 09:00:00,0x117cc2133c37b721f49de2a7a74833232b3b4c0c
0,,,0,,,0,,,0,,,2026-07-06 10:00:00,0x117cc2133c37b721f49de2a7a74833232b3b4c0c
0,,,0,,,0,,,0,,,2026-07-06 11:00:00,0x117cc2133c37b721f49de2a7a74833232b3b4c0c
0,,,0,,,0,,,0,,,2026-07-06 12:00:00,0x117cc2133c37b721f49de2a7a74833232b3b4c0c
0,,,0,,,0,,,0,,,2026-07-06 13:00:00,0x117cc2133c37b721f49de2a7a74833232b3b4c0c
0,,,0,,,0,,,0,,,2026-07-06 14:00:00,0x117cc2133c37b721f49de2a7a74833232b3b4c0c
0,,,0,,,0,,,0,,,2026-07-06 15:00:00,0x117cc2133c37b721f49de2a7a74833232b3b4c0c
0,,,0,,,0,,,0,,,2026-07-06 16:00:00,0x117cc2133c37b721f49de2a7a74833232b3b4c0c
0,,,0,,,0,,,0,,,2026-07-06 17:00:00,0x117cc2133c37b721f49de2a7a74833232b3b4c0c
0,,,0,,,0,,,0,,,2026-07-06 18:00:00,0x117cc2133c37b721f49de2a7a74833232b3b4c0c
0,,,0,,,0,,,0,,,2026-07-06 19:00:00,0x117cc2133c37b721f49de2a7a74833232b3b4c0c
0,,,0,,,0,,,0,,,2026-07-06 20:00:00,0x117cc2133c37b721f49de2a7a74833232b3b4c0c
0,,,0,,,0,,,0,,,2026-07-06 21:00:00,0x117cc2133c37b721f49de2a7a74833232b3b4c0c
0,,,0,,,0,,,0,,,2026-07-06 22:00:00,0x117cc2133c37b721f49de2a7a74833232b3b4c0c
0,,,0,,,0,,,0,,,2026-07-06 23:00:00,0x117cc2133c37b721f49de2a7a74833232b3b4c0c
0,,,0,,,0,,,0,,,2026-07-07 00:00:00,0x117cc2133c37b721f49de2a7a74833232b3b4c0c
0,,,0,,,0,,,0,,,2026-07-07 01:00:00,0x117cc2133c37b721f49de2a7a74833232b3b4c0c
0,,,0,,,0,,,0,,,2026-07-07 02:00:00,0x117cc2133c37b721f49de2a7a74833232b3b4c0c
0,,,0,,,0,,,0,,,2026-07-07 03:00:00,0x117cc2133c37b721f49de2a7a74833232b3b4c0c
0,,,0,,,0,,,0,,,2026-07-07 04:00:00,0x117cc2133c37b721f49de2a7a74833232b3b4c0c
0,,,0,,,0,,,0,,,2026-07-07 05:00:00,0x117cc2133c37b721f49de2a7a74833232b3b4c0c
0,,,0,,,0,,,0,,,2026-07-07 06:00:00,0x117cc2133c37b721f49de2a7a74833232b3b4c0c
0,,,0,,,0,,,0,,,2026-07-07 07:00:00,0x117cc2133c37b721f49de2a7a74833232b3b4c0c
0,,,0,,,0,,,0,,,2026-07-07 08:00:00,0x117cc2133c37b721f49de2a7a74833232b3b4c0c
0,,,0,,,0,,,0,,,2026-07-07 09:00:00,0x117cc2133c37b721f49de2a7a74833232b3b4c0c
0,,,0,,,0,,,0,,,2026-07-07 10:00:00,0x117cc2133c37b721f49de2a7a74833232b3b4c0c
0,,,0,,,0,,,0,,,2026-07-07 11:00:00,0x117cc2133c37b721f49de2a7a74833232b3b4c0c
0,,,0,,,0,,,0,,,2026-07-07 12:00:00,0x117cc2133c37b721f49de2a7a74833232b3b4c0c
0,,,0,,,0,,,0,,,2026-07-07 13:00:00,0x117cc2133c37b721f49de2a7a74833232b3b4c0c
0,,,0,,,0,,,0,,,2026-07-07 14:00:00,0x117cc2133c37b721f49de2a7a74833232b3b4c0c
0,,,0,,,0,,,0,,,2026-07-07 15:00:00,0x117cc2133c37b721f49de2a7a74833232b3b4c0c
0,,,0,,,0,,,0,,,2026-07-07 16:00:00,0x117cc2133c37b721f49de2a7a74833232b3b4c0c
0,,,0,,,0,,,0,,,2026-07-07 17:00:00,0x117cc2133c37b721f49de2a7a74833232b3b4c0c
0,,,0,,,0,,,0,,,2026-07-07 18:00:00,0x117cc2133c37b721f49de2a7a74833232b3b4c0c
0,,,0,,,0,,,0,,,2026-07-07 19:00:00,0x117cc2133c37b721f49de2a7a74833232b3b4c0c
0,,,0,,,0,,,0,,,2026-07-07 20:00:00,0x117cc2133c37b721f49de2a7a74833232b3b4c0c
0,,,0,,,0,,,0,,,2026-07-07 21:00:00,0x117cc2133c37b721f49de2a7a74833232b3b4c0c
0,,,0,,,0,,,0,,,2026-07-07 22:00:00,0x117cc2133c37b721f49de2a7a74833232b3b4c0c
0,,,0,,,0,,,0,,,2026-07-07 23:00:00,0x117cc2133c37b721f49de2a7a74833232b3b4c0c
0,,,0,,,0,,,0,,,2026-07-01 00:00:00,0x12f190a9f9d7d37a250758b26824b97ce941bf54
0,,,0,,,0,,,0,,,2026-07-01 01:00:00,0x12f190a9f9d7d37a250758b26824b97ce941bf54
0,,,0,,,0,,,0,,,2026-07-01 02:00:00,0x12f190a9f9d7d37a250758b26824b97ce941bf54
0,,,1,0.000407091165378574,0.09995180000000001,0,,,0,,,2026-07-01 03:00:00,0x12f190a9f9d7d37a250758b26824b97ce941bf54
0,,,0,,,0,,,0,,,2026-07-01 04:00:00,0x12f190a9f9d7d37a250758b26824b97ce941bf54
0,,,1,0.00040631869637406,0.09999059999999999,0,,,0,,,2026-07-01 05:00:00,0x12f190a9f9d7d37a250758b26824b97ce941bf54
0,,,0,,,0,,,0,,,2026-07-01 06:00:00,0x12f190a9f9d7d37a250758b26824b97ce941bf54
0,,,0,,,0,,,0,,,2026-07-01 07:00:00,0x12f190a9f9d7d37a250758b26824b97ce941bf54
0,,,0,,,0,,,0,,,2026-07-01 08:00:00,0x12f190a9f9d7d37a250758b26824b97ce941bf54
0,,,0,,,0,,,0,,,2026-07-01 09:00:00,0x12f190a9f9d7d37a250758b26824b97ce941bf54
0,,,0,,,0,,,0,,,2026-07-01 10:00:00,0x12f190a9f9d7d37a250758b26824b97ce941bf54
0,,,0,,,1,0.000407091165378574,0.09995180000000001,0,,,2026-07-01 11:00:00,0x12f190a9f9d7d37a250758b26824b97ce941bf54
0,,,0,,,0,,,0,,,2026-07-01 12:00:00,0x12f190a9f9d7d37a250758b26824b97ce941bf54
0,,,0,,,1,0.00040631869637406,0.09999059999999999,0,,,2026-07-01 13:00:00,0x12f190a9f9d7d37a250758b26824b97ce941bf54
0,,,0,,,0,,,0,,,2026-07-01 14:00:00,0x12f190a9f9d7d37a250758b26824b97ce941bf54
0,,,0,,,0,,,1,0.000407091165378574,0.09995180000000001,2026-07-01 15:00:00,0x12f190a9f9d7d37a250758b26824b97ce941bf54
0,,,0,,,0,,,0,,,2026-07-01 16:00:00,0x12f190a9f9d7d37a250758b26824b97ce941bf54
1,0.000405432304486519,0.0999868,0,,,0,,,1,0.00040631869637406,0.09999059999999999,2026-07-01 17:00:00,0x12f190a9f9d7d37a250758b26824b97ce941bf54
0,,,0,,,0,,,0,,,2026-07-01 18:00:00,0x12f190a9f9d7d37a250758b26824b97ce941bf54
0,,,0,,,0,,,0,,,2026-07-01 19:00:00,0x12f190a9f9d7d37a250758b26824b97ce941bf54
0,,,0,,,0,,,0,,,2026-07-01 20:00:00,0x12f190a9f9d7d37a250758b26824b97ce941bf54
0,,,0,,,0,,,0,,,2026-07-01 21:00:00,0x12f190a9f9d7d37a250758b26824b97ce941bf54
0,,,0,,,0,,,0,,,2026-07-01 22:00:00,0x12f190a9f9d7d37a250758b26824b97ce941bf54
0,,,0,,,0,,,0,,,2026-07-01 23:00:00,0x12f190a9f9d7d37a250758b26824b97ce941bf54
0,,,0,,,0,,,0,,,2026-07-02 00:00:00,0x12f190a9f9d7d37a250758b26824b97ce941bf54
0,,,0,,,0,,,0,,,2026-07-02 01:00:00,0x12f190a9f9d7d37a250758b26824b97ce941bf54
0,,,0,,,0,,,0,,,2026-07-02 02:00:00,0x12f190a9f9d7d37a250758b26824b97ce941bf54
0,,,0,,,0,,,0,,,2026-07-02 03:00:00,0x12f190a9f9d7d37a250758b26824b97ce941bf54
0,,,0,,,0,,,0,,,2026-07-02 04:00:00,0x12f190a9f9d7d37a250758b26824b97ce941bf54
0,,,0,,,0,,,0,,,2026-07-02 05:00:00,0x12f190a9f9d7d37a250758b26824b97ce941bf54
0,,,0,,,0,,,0,,,2026-07-02 06:00:00,0x12f190a9f9d7d37a250758b26824b97ce941bf54
0,,,1,0.008258248337944418,0.200598514238,0,,,0,,,2026-07-02 07:00:00,0x12f190a9f9d7d37a250758b26824b97ce941bf54
0,,,0,,,0,,,0,,,2026-07-02 08:00:00,0x12f190a9f9d7d37a250758b26824b97ce941bf54
0,,,0,,,0,,,0,,,2026-07-02 09:00:00,0x12f190a9f9d7d37a250758b26824b97ce941bf54
0,,,0,,,0,,,0,,,2026-07-02 10:00:00,0x12f190a9f9d7d37a250758b26824b97ce941bf54
0,,,0,,,0,,,0,,,2026-07-02 11:00:00,0x12f190a9f9d7d37a250758b26824b97ce941bf54
0,,,0,,,0,,,0,,,2026-07-02 12:00:00,0x12f190a9f9d7d37a250758b26824b97ce941bf54
0,,,0,,,0,,,0,,,2026-07-02 13:00:00,0x12f190a9f9d7d37a250758b26824b97ce941bf54
0,,,0,,,0,,,0,,,2026-07-02 14:00:00,0x12f190a9f9d7d37a250758b26824b97ce941bf54
0,,,0,,,1,0.008258248337944418,0.200598514238,0,,,2026-07-02 15:00:00,0x12f190a9f9d7d37a250758b26824b97ce941bf54
0,,,0,,,0,,,0,,,2026-07-02 16:00:00,0x12f190a9f9d7d37a250758b26824b97ce941bf54
0,,,0,,,0,,,0,,,2026-07-02 17:00:00,0x12f190a9f9d7d37a250758b26824b97ce941bf54
0,,,0,,,0,,,0,,,2026-07-02 18:00:00,0x12f190a9f9d7d37a250758b26824b97ce941bf54
0,,,0,,,0,,,1,0.008258248337944418,0.200598514238,2026-07-02 19:00:00,0x12f190a9f9d7d37a250758b26824b97ce941bf54
0,,,0,,,0,,,0,,,2026-07-02 20:00:00,0x12f190a9f9d7d37a250758b26824b97ce941bf54
0,,,0,,,0,,,0,,,2026-07-02 21:00:00,0x12f190a9f9d7d37a250758b26824b97ce941bf54
0,,,0,,,0,,,0,,,2026-07-02 22:00:00,0x12f190a9f9d7d37a250758b26824b97ce941bf54
0,,,0,,,0,,,0,,,2026-07-02 23:00:00,0x12f190a9f9d7d37a250758b26824b97ce941bf54
0,,,0,,,0,,,0,,,2026-07-03 00:00:00,0x12f190a9f9d7d37a250758b26824b97ce941bf54
0,,,0,,,0,,,0,,,2026-07-03 01:00:00,0x12f190a9f9d7d37a250758b26824b97ce941bf54
0,,,0,,,0,,,0,,,2026-07-03 02:00:00,0x12f190a9f9d7d37a250758b26824b97ce941bf54
0,,,0,,,0,,,0,,,2026-07-03 03:00:00,0x12f190a9f9d7d37a250758b26824b97ce941bf54
0,,,0,,,0,,,0,,,2026-07-03 04:00:00,0x12f190a9f9d7d37a250758b26824b97ce941bf54
0,,,0,,,0,,,0,,,2026-07-03 05:00:00,0x12f190a9f9d7d37a250758b26824b97ce941bf54
0,,,0,,,0,,,0,,,2026-07-03 06:00:00,0x12f190a9f9d7d37a250758b26824b97ce941bf54
0,,,0,,,0,,,0,,,2026-07-03 07:00:00,0x12f190a9f9d7d37a250758b26824b97ce941bf54
0,,,0,,,0,,,0,,,2026-07-03 08:00:00,0x12f190a9f9d7d37a250758b26824b97ce941bf54
0,,,0,,,0,,,0,,,2026-07-03 09:00:00,0x12f190a9f9d7d37a250758b26824b97ce941bf54
0,,,0,,,0,,,0,,,2026-07-03 10:00:00,0x12f190a9f9d7d37a250758b26824b97ce941bf54
0,,,0,,,0,,,0,,,2026-07-03 11:00:00,0x12f190a9f9d7d37a250758b26824b97ce941bf54
0,,,0,,,0,,,0,,,2026-07-03 12:00:00,0x12f190a9f9d7d37a250758b26824b97ce941bf54
0,,,0,,,0,,,0,,,2026-07-03 13:00:00,0x12f190a9f9d7d37a250758b26824b97ce941bf54
0,,,0,,,0,,,0,,,2026-07-03 14:00:00,0x12f190a9f9d7d37a250758b26824b97ce941bf54
0,,,0,,,0,,,0,,,2026-07-03 15:00:00,0x12f190a9f9d7d37a250758b26824b97ce941bf54
0,,,0,,,0,,,0,,,2026-07-03 16:00:00,0x12f190a9f9d7d37a250758b26824b97ce941bf54
0,,,0,,,0,,,0,,,2026-07-03 17:00:00,0x12f190a9f9d7d37a250758b26824b97ce941bf54
0,,,0,,,0,,,0,,,2026-07-03 18:00:00,0x12f190a9f9d7d37a250758b26824b97ce941bf54
0,,,0,,,0,,,0,,,2026-07-03 19:00:00,0x12f190a9f9d7d37a250758b26824b97ce941bf54
0,,,0,,,0,,,0,,,2026-07-03 20:00:00,0x12f190a9f9d7d37a250758b26824b97ce941bf54
0,,,0,,,0,,,0,,,2026-07-03 21:00:00,0x12f190a9f9d7d37a250758b26824b97ce941bf54
0,,,0,,,0,,,0,,,2026-07-03 22:00:00,0x12f190a9f9d7d37a250758b26824b97ce941bf54
0,,,0,,,0,,,0,,,2026-07-03 23:00:00,0x12f190a9f9d7d37a250758b26824b97ce941bf54
0,,,0,,,0,,,0,,,2026-07-04 00:00:00,0x12f190a9f9d7d37a250758b26824b97ce941bf54
0,,,0,,,0,,,0,,,2026-07-04 01:00:00,0x12f190a9f9d7d37a250758b26824b97ce941bf54
0,,,0,,,0,,,0,,,2026-07-04 02:00:00,0x12f190a9f9d7d37a250758b26824b97ce941bf54
0,,,0,,,0,,,0,,,2026-07-04 03:00:00,0x12f190a9f9d7d37a250758b26824b97ce941bf54
0,,,0,,,0,,,0,,,2026-07-04 04:00:00,0x12f190a9f9d7d37a250758b26824b97ce941bf54
0,,,0,,,0,,,0,,,2026-07-04 05:00:00,0x12f190a9f9d7d37a250758b26824b97ce941bf54
0,,,0,,,0,,,0,,,2026-07-04 06:00:00,0x12f190a9f9d7d37a250758b26824b97ce941bf54
0,,,0,,,0,,,0,,,2026-07-04 07:00:00,0x12f190a9f9d7d37a250758b26824b97ce941bf54
0,,,0,,,0,,,0,,,2026-07-04 08:00:00,0x12f190a9f9d7d37a250758b26824b97ce941bf54
0,,,0,,,0,,,0,,,2026-07-04 09:00:00,0x12f190a9f9d7d37a250758b26824b97ce941bf54
0,,,0,,,0,,,0,,,2026-07-04 10:00:00,0x12f190a9f9d7d37a250758b26824b97ce941bf54
0,,,0,,,0,,,0,,,2026-07-04 11:00:00,0x12f190a9f9d7d37a250758b26824b97ce941bf54
0,,,0,,,0,,,0,,,2026-07-04 12:00:00,0x12f190a9f9d7d37a250758b26824b97ce941bf54
0,,,0,,,0,,,0,,,2026-07-04 13:00:00,0x12f190a9f9d7d37a250758b26824b97ce941bf54
0,,,0,,,0,,,0,,,2026-07-04 14:00:00,0x12f190a9f9d7d37a250758b26824b97ce941bf54
0,,,0,,,0,,,0,,,2026-07-04 15:00:00,0x12f190a9f9d7d37a250758b26824b97ce941bf54
0,,,0,,,0,,,0,,,2026-07-04 16:00:00,0x12f190a9f9d7d37a250758b26824b97ce941bf54
0,,,0,,,0,,,0,,,2026-07-04 17:00:00,0x12f190a9f9d7d37a250758b26824b97ce941bf54
0,,,0,,,0,,,0,,,2026-07-04 18:00:00,0x12f190a9f9d7d37a250758b26824b97ce941bf54
0,,,0,,,0,,,0,,,2026-07-04 19:00:00,0x12f190a9f9d7d37a250758b26824b97ce941bf54
0,,,0,,,0,,,0,,,2026-07-04 20:00:00,0x12f190a9f9d7d37a250758b26824b97ce941bf54
0,,,0,,,0,,,0,,,2026-07-04 21:00:00,0x12f190a9f9d7d37a250758b26824b97ce941bf54
0,,,0,,,0,,,0,,,2026-07-04 22:00:00,0x12f190a9f9d7d37a250758b26824b97ce941bf54
0,,,0,,,0,,,0,,,2026-07-04 23:00:00,0x12f190a9f9d7d37a250758b26824b97ce941bf54
0,,,0,,,0,,,0,,,2026-07-05 00:00:00,0x12f190a9f9d7d37a250758b26824b97ce941bf54
0,,,0,,,0,,,0,,,2026-07-05 01:00:00,0x12f190a9f9d7d37a250758b26824b97ce941bf54
0,,,0,,,0,,,0,,,2026-07-05 02:00:00,0x12f190a9f9d7d37a250758b26824b97ce941bf54
0,,,0,,,0,,,0,,,2026-07-05 03:00:00,0x12f190a9f9d7d37a250758b26824b97ce941bf54
0,,,0,,,0,,,0,,,2026-07-05 04:00:00,0x12f190a9f9d7d37a250758b26824b97ce941bf54
0,,,0,,,0,,,0,,,2026-07-05 05:00:00,0x12f190a9f9d7d37a250758b26824b97ce941bf54
0,,,0,,,0,,,0,,,2026-07-05 06:00:00,0x12f190a9f9d7d37a250758b26824b97ce941bf54
0,,,0,,,0,,,0,,,2026-07-05 07:00:00,0x12f190a9f9d7d37a250758b26824b97ce941bf54
0,,,0,,,0,,,0,,,2026-07-05 08:00:00,0x12f190a9f9d7d37a250758b26824b97ce941bf54
0,,,0,,,0,,,0,,,2026-07-05 09:00:00,0x12f190a9f9d7d37a250758b26824b97ce941bf54
0,,,0,,,0,,,0,,,2026-07-05 10:00:00,0x12f190a9f9d7d37a250758b26824b97ce941bf54
0,,,0,,,0,,,0,,,2026-07-05 11:00:00,0x12f190a9f9d7d37a250758b26824b97ce941bf54
0,,,0,,,0,,,0,,,2026-07-05 12:00:00,0x12f190a9f9d7d37a250758b26824b97ce941bf54
0,,,0,,,0,,,0,,,2026-07-05 13:00:00,0x12f190a9f9d7d37a250758b26824b97ce941bf54
0,,,0,,,0,,,0,,,2026-07-05 14:00:00,0x12f190a9f9d7d37a250758b26824b97ce941bf54
0,,,0,,,0,,,0,,,2026-07-05 15:00:00,0x12f190a9f9d7d37a250758b26824b97ce941bf54
0,,,0,,,0,,,0,,,2026-07-05 16:00:00,0x12f190a9f9d7d37a250758b26824b97ce941bf54
0,,,0,,,0,,,0,,,2026-07-05 17:00:00,0x12f190a9f9d7d37a250758b26824b97ce941bf54
0,,,0,,,0,,,0,,,2026-07-05 18:00:00,0x12f190a9f9d7d37a250758b26824b97ce941bf54
0,,,0,,,0,,,0,,,2026-07-05 19:00:00,0x12f190a9f9d7d37a250758b26824b97ce941bf54
0,,,0,,,0,,,0,,,2026-07-05 20:00:00,0x12f190a9f9d7d37a250758b26824b97ce941bf54
0,,,0,,,0,,,0,,,2026-07-05 21:00:00,0x12f190a9f9d7d37a250758b26824b97ce941bf54
0,,,0,,,0,,,0,,,2026-07-05 22:00:00,0x12f190a9f9d7d37a250758b26824b97ce941bf54
0,,,0,,,0,,,0,,,2026-07-05 23:00:00,0x12f190a9f9d7d37a250758b26824b97ce941bf54
0,,,0,,,0,,,0,,,2026-07-06 00:00:00,0x12f190a9f9d7d37a250758b26824b97ce941bf54
0,,,0,,,0,,,0,,,2026-07-06 01:00:00,0x12f190a9f9d7d37a250758b26824b97ce941bf54
0,,,0,,,0,,,0,,,2026-07-06 02:00:00,0x12f190a9f9d7d37a250758b26824b97ce941bf54
0,,,0,,,0,,,0,,,2026-07-06 03:00:00,0x12f190a9f9d7d37a250758b26824b97ce941bf54
0,,,0,,,0,,,0,,,2026-07-06 04:00:00,0x12f190a9f9d7d37a250758b26824b97ce941bf54
0,,,0,,,0,,,0,,,2026-07-06 05:00:00,0x12f190a9f9d7d37a250758b26824b97ce941bf54
0,,,0,,,0,,,0,,,2026-07-06 06:00:00,0x12f190a9f9d7d37a250758b26824b97ce941bf54
0,,,0,,,0,,,0,,,2026-07-06 07:00:00,0x12f190a9f9d7d37a250758b26824b97ce941bf54
0,,,0,,,0,,,0,,,2026-07-06 08:00:00,0x12f190a9f9d7d37a250758b26824b97ce941bf54
0,,,0,,,0,,,0,,,2026-07-06 09:00:00,0x12f190a9f9d7d37a250758b26824b97ce941bf54
0,,,0,,,0,,,0,,,2026-07-06 10:00:00,0x12f190a9f9d7d37a250758b26824b97ce941bf54
0,,,0,,,0,,,0,,,2026-07-06 11:00:00,0x12f190a9f9d7d37a250758b26824b97ce941bf54
0,,,0,,,0,,,0,,,2026-07-06 12:00:00,0x12f190a9f9d7d37a250758b26824b97ce941bf54
0,,,0,,,0,,,0,,,2026-07-06 13:00:00,0x12f190a9f9d7d37a250758b26824b97ce941bf54
0,,,0,,,0,,,0,,,2026-07-06 14:00:00,0x12f190a9f9d7d37a250758b26824b97ce941bf54
0,,,0,,,0,,,0,,,2026-07-06 15:00:00,0x12f190a9f9d7d37a250758b26824b97ce941bf54
0,,,0,,,0,,,0,,,2026-07-06 16:00:00,0x12f190a9f9d7d37a250758b26824b97ce941bf54
0,,,0,,,0,,,0,,,2026-07-06 17:00:00,0x12f190a9f9d7d37a250758b26824b97ce941bf54
0,,,0,,,0,,,0,,,2026-07-06 18:00:00,0x12f190a9f9d7d37a250758b26824b97ce941bf54
0,,,0,,,0,,,0,,,2026-07-06 19:00:00,0x12f190a9f9d7d37a250758b26824b97ce941bf54
0,,,0,,,0,,,0,,,2026-07-06 20:00:00,0x12f190a9f9d7d37a250758b26824b97ce941bf54
0,,,0,,,0,,,0,,,2026-07-06 21:00:00,0x12f190a9f9d7d37a250758b26824b97ce941bf54
0,,,0,,,0,,,0,,,2026-07-06 22:00:00,0x12f190a9f9d7d37a250758b26824b97ce941bf54
0,,,0,,,0,,,0,,,2026-07-06 23:00:00,0x12f190a9f9d7d37a250758b26824b97ce941bf54
0,,,0,,,0,,,0,,,2026-07-07 00:00:00,0x12f190a9f9d7d37a250758b26824b97ce941bf54
0,,,0,,,0,,,0,,,2026-07-07 01:00:00,0x12f190a9f9d7d37a250758b26824b97ce941bf54
0,,,0,,,0,,,0,,,2026-07-07 02:00:00,0x12f190a9f9d7d37a250758b26824b97ce941bf54
0,,,0,,,0,,,0,,,2026-07-07 03:00:00,0x12f190a9f9d7d37a250758b26824b97ce941bf54
0,,,0,,,0,,,0,,,2026-07-07 04:00:00,0x12f190a9f9d7d37a250758b26824b97ce941bf54
0,,,0,,,0,,,0,,,2026-07-07 05:00:00,0x12f190a9f9d7d37a250758b26824b97ce941bf54
0,,,0,,,0,,,0,,,2026-07-07 06:00:00,0x12f190a9f9d7d37a250758b26824b97ce941bf54
0,,,0,,,0,,,0,,,2026-07-07 07:00:00,0x12f190a9f9d7d37a250758b26824b97ce941bf54
0,,,0,,,0,,,0,,,2026-07-07 08:00:00,0x12f190a9f9d7d37a250758b26824b97ce941bf54
0,,,0,,,0,,,0,,,2026-07-07 09:00:00,0x12f190a9f9d7d37a250758b26824b97ce941bf54
0,,,0,,,0,,,0,,,2026-07-07 10:00:00,0x12f190a9f9d7d37a250758b26824b97ce941bf54
1,7.296106141465e-06,0.017694663745,0,,,0,,,0,,,2026-07-07 11:00:00,0x12f190a9f9d7d37a250758b26824b97ce941bf54
0,,,0,,,0,,,0,,,2026-07-07 12:00:00,0x12f190a9f9d7d37a250758b26824b97ce941bf54
0,,,0,,,0,,,0,,,2026-07-07 13:00:00,0x12f190a9f9d7d37a250758b26824b97ce941bf54
0,,,0,,,0,,,0,,,2026-07-07 14:00:00,0x12f190a9f9d7d37a250758b26824b97ce941bf54
0,,,0,,,0,,,0,,,2026-07-07 15:00:00,0x12f190a9f9d7d37a250758b26824b97ce941bf54
0,,,0,,,0,,,0,,,2026-07-07 16:00:00,0x12f190a9f9d7d37a250758b26824b97ce941bf54
0,,,0,,,0,,,0,,,2026-07-07 17:00:00,0x12f190a9f9d7d37a250758b26824b97ce941bf54
0,,,0,,,0,,,0,,,2026-07-07 18:00:00,0x12f190a9f9d7d37a250758b26824b97ce941bf54
0,,,0,,,0,,,0,,,2026-07-07 19:00:00,0x12f190a9f9d7d37a250758b26824b97ce941bf54
0,,,0,,,0,,,0,,,2026-07-07 20:00:00,0x12f190a9f9d7d37a250758b26824b97ce941bf54
0,,,0,,,0,,,0,,,2026-07-07 21:00:00,0x12f190a9f9d7d37a250758b26824b97ce941bf54
0,,,0,,,0,,,0,,,2026-07-07 22:00:00,0x12f190a9f9d7d37a250758b26824b97ce941bf54
0,,,0,,,0,,,0,,,2026-07-07 23:00:00,0x12f190a9f9d7d37a250758b26824b97ce941bf54
0,,,0,,,0,,,0,,,2026-07-01 00:00:00,0x1b0e319c6a659f002271b69db8a7df2f911c153e
0,,,0,,,0,,,0,,,2026-07-01 01:00:00,0x1b0e319c6a659f002271b69db8a7df2f911c153e
0,,,0,,,0,,,0,,,2026-07-01 02:00:00,0x1b0e319c6a659f002271b69db8a7df2f911c153e
0,,,0,,,0,,,0,,,2026-07-01 03:00:00,0x1b0e319c6a659f002271b69db8a7df2f911c153e
0,,,0,,,0,,,0,,,2026-07-01 04:00:00,0x1b0e319c6a659f002271b69db8a7df2f911c153e
0,,,0,,,0,,,0,,,2026-07-01 05:00:00,0x1b0e319c6a659f002271b69db8a7df2f911c153e
0,,,0,,,0,,,0,,,2026-07-01 06:00:00,0x1b0e319c6a659f002271b69db8a7df2f911c153e
0,,,0,,,0,,,0,,,2026-07-01 07:00:00,0x1b0e319c6a659f002271b69db8a7df2f911c153e
0,,,0,,,0,,,0,,,2026-07-01 08:00:00,0x1b0e319c6a659f002271b69db8a7df2f911c153e
0,,,0,,,0,,,0,,,2026-07-01 09:00:00,0x1b0e319c6a659f002271b69db8a7df2f911c153e
0,,,0,,,0,,,0,,,2026-07-01 10:00:00,0x1b0e319c6a659f002271b69db8a7df2f911c153e
0,,,0,,,0,,,0,,,2026-07-01 11:00:00,0x1b0e319c6a659f002271b69db8a7df2f911c153e
0,,,0,,,0,,,0,,,2026-07-01 12:00:00,0x1b0e319c6a659f002271b69db8a7df2f911c153e
0,,,0,,,0,,,0,,,2026-07-01 13:00:00,0x1b0e319c6a659f002271b69db8a7df2f911c153e
0,,,0,,,0,,,0,,,2026-07-01 14:00:00,0x1b0e319c6a659f002271b69db8a7df2f911c153e
0,,,0,,,0,,,0,,,2026-07-01 15:00:00,0x1b0e319c6a659f002271b69db8a7df2f911c153e
0,,,0,,,0,,,0,,,2026-07-01 16:00:00,0x1b0e319c6a659f002271b69db8a7df2f911c153e
0,,,0,,,0,,,0,,,2026-07-01 17:00:00,0x1b0e319c6a659f002271b69db8a7df2f911c153e
0,,,0,,,0,,,0,,,2026-07-01 18:00:00,0x1b0e319c6a659f002271b69db8a7df2f911c153e
0,,,0,,,0,,,0,,,2026-07-01 19:00:00,0x1b0e319c6a659f002271b69db8a7df2f911c153e
0,,,0,,,0,,,0,,,2026-07-01 20:00:00,0x1b0e319c6a659f002271b69db8a7df2f911c153e
0,,,0,,,0,,,0,,,2026-07-01 21:00:00,0x1b0e319c6a659f002271b69db8a7df2f911c153e
0,,,1,0.14748190419573975,99.391153303386,0,,,0,,,2026-07-01 22:00:00,0x1b0e319c6a659f002271b69db8a7df2f911c153e
0,,,0,,,0,,,0,,,2026-07-01 23:00:00,0x1b0e319c6a659f002271b69db8a7df2f911c153e
0,,,0,,,0,,,0,,,2026-07-02 00:00:00,0x1b0e319c6a659f002271b69db8a7df2f911c153e
0,,,0,,,0,,,0,,,2026-07-02 01:00:00,0x1b0e319c6a659f002271b69db8a7df2f911c153e
0,,,0,,,0,,,0,,,2026-07-02 02:00:00,0x1b0e319c6a659f002271b69db8a7df2f911c153e
0,,,0,,,0,,,0,,,2026-07-02 03:00:00,0x1b0e319c6a659f002271b69db8a7df2f911c153e
0,,,0,,,0,,,0,,,2026-07-02 04:00:00,0x1b0e319c6a659f002271b69db8a7df2f911c153e
0,,,0,,,0,,,0,,,2026-07-02 05:00:00,0x1b0e319c6a659f002271b69db8a7df2f911c153e
0,,,0,,,1,0.14748190419573975,99.391153303386,0,,,2026-07-02 06:00:00,0x1b0e319c6a659f002271b69db8a7df2f911c153e
0,,,0,,,0,,,0,,,2026-07-02 07:00:00,0x1b0e319c6a659f002271b69db8a7df2f911c153e
0,,,0,,,0,,,0,,,2026-07-02 08:00:00,0x1b0e319c6a659f002271b69db8a7df2f911c153e
0,,,0,,,0,,,0,,,2026-07-02 09:00:00,0x1b0e319c6a659f002271b69db8a7df2f911c153e
0,,,0,,,0,,,1,0.14748190419573975,99.391153303386,2026-07-02 10:00:00,0x1b0e319c6a659f002271b69db8a7df2f911c153e
0,,,0,,,0,,,0,,,2026-07-02 11:00:00,0x1b0e319c6a659f002271b69db8a7df2f911c153e
0,,,0,,,0,,,0,,,2026-07-02 12:00:00,0x1b0e319c6a659f002271b69db8a7df2f911c153e
0,,,0,,,0,,,0,,,2026-07-02 13:00:00,0x1b0e319c6a659f002271b69db8a7df2f911c153e
0,,,0,,,0,,,0,,,2026-07-02 14:00:00,0x1b0e319c6a659f002271b69db8a7df2f911c153e
0,,,0,,,0,,,0,,,2026-07-02 15:00:00,0x1b0e319c6a659f002271b69db8a7df2f911c153e
0,,,0,,,0,,,0,,,2026-07-02 16:00:00,0x1b0e319c6a659f002271b69db8a7df2f911c153e
0,,,0,,,0,,,0,,,2026-07-02 17:00:00,0x1b0e319c6a659f002271b69db8a7df2f911c153e
0,,,0,,,0,,,0,,,2026-07-02 18:00:00,0x1b0e319c6a659f002271b69db8a7df2f911c153e
0,,,0,,,0,,,0,,,2026-07-02 19:00:00,0x1b0e319c6a659f002271b69db8a7df2f911c153e
0,,,0,,,0,,,0,,,2026-07-02 20:00:00,0x1b0e319c6a659f002271b69db8a7df2f911c153e
0,,,0,,,0,,,0,,,2026-07-02 21:00:00,0x1b0e319c6a659f002271b69db8a7df2f911c153e
0,,,0,,,0,,,0,,,2026-07-02 22:00:00,0x1b0e319c6a659f002271b69db8a7df2f911c153e
0,,,0,,,0,,,0,,,2026-07-02 23:00:00,0x1b0e319c6a659f002271b69db8a7df2f911c153e
0,,,0,,,0,,,0,,,2026-07-03 00:00:00,0x1b0e319c6a659f002271b69db8a7df2f911c153e
0,,,0,,,0,,,0,,,2026-07-03 01:00:00,0x1b0e319c6a659f002271b69db8a7df2f911c153e
0,,,0,,,0,,,0,,,2026-07-03 02:00:00,0x1b0e319c6a659f002271b69db8a7df2f911c153e
0,,,0,,,0,,,0,,,2026-07-03 03:00:00,0x1b0e319c6a659f002271b69db8a7df2f911c153e
0,,,0,,,0,,,0,,,2026-07-03 04:00:00,0x1b0e319c6a659f002271b69db8a7df2f911c153e
0,,,0,,,0,,,0,,,2026-07-03 05:00:00,0x1b0e319c6a659f002271b69db8a7df2f911c153e
0,,,0,,,0,,,0,,,2026-07-03 06:00:00,0x1b0e319c6a659f002271b69db8a7df2f911c153e
0,,,0,,,0,,,0,,,2026-07-03 07:00:00,0x1b0e319c6a659f002271b69db8a7df2f911c153e
0,,,0,,,0,,,0,,,2026-07-03 08:00:00,0x1b0e319c6a659f002271b69db8a7df2f911c153e
0,,,0,,,0,,,0,,,2026-07-03 09:00:00,0x1b0e319c6a659f002271b69db8a7df2f911c153e
0,,,0,,,0,,,0,,,2026-07-03 10:00:00,0x1b0e319c6a659f002271b69db8a7df2f911c153e
0,,,0,,,0,,,0,,,2026-07-03 11:00:00,0x1b0e319c6a659f002271b69db8a7df2f911c153e
0,,,0,,,0,,,0,,,2026-07-03 12:00:00,0x1b0e319c6a659f002271b69db8a7df2f911c153e
0,,,0,,,0,,,0,,,2026-07-03 13:00:00,0x1b0e319c6a659f002271b69db8a7df2f911c153e
0,,,0,,,0,,,0,,,2026-07-03 14:00:00,0x1b0e319c6a659f002271b69db8a7df2f911c153e
0,,,0,,,0,,,0,,,2026-07-03 15:00:00,0x1b0e319c6a659f002271b69db8a7df2f911c153e
0,,,0,,,0,,,0,,,2026-07-03 16:00:00,0x1b0e319c6a659f002271b69db8a7df2f911c153e
0,,,0,,,0,,,0,,,2026-07-03 17:00:00,0x1b0e319c6a659f002271b69db8a7df2f911c153e
0,,,0,,,0,,,0,,,2026-07-03 18:00:00,0x1b0e319c6a659f002271b69db8a7df2f911c153e
0,,,0,,,0,,,0,,,2026-07-03 19:00:00,0x1b0e319c6a659f002271b69db8a7df2f911c153e
0,,,0,,,0,,,0,,,2026-07-03 20:00:00,0x1b0e319c6a659f002271b69db8a7df2f911c153e
0,,,0,,,0,,,0,,,2026-07-03 21:00:00,0x1b0e319c6a659f002271b69db8a7df2f911c153e
0,,,0,,,0,,,0,,,2026-07-03 22:00:00,0x1b0e319c6a659f002271b69db8a7df2f911c153e
0,,,0,,,0,,,0,,,2026-07-03 23:00:00,0x1b0e319c6a659f002271b69db8a7df2f911c153e
0,,,0,,,0,,,0,,,2026-07-04 00:00:00,0x1b0e319c6a659f002271b69db8a7df2f911c153e
0,,,0,,,0,,,0,,,2026-07-04 01:00:00,0x1b0e319c6a659f002271b69db8a7df2f911c153e
0,,,0,,,0,,,0,,,2026-07-04 02:00:00,0x1b0e319c6a659f002271b69db8a7df2f911c153e
0,,,0,,,0,,,0,,,2026-07-04 03:00:00,0x1b0e319c6a659f002271b69db8a7df2f911c153e
0,,,0,,,0,,,0,,,2026-07-04 04:00:00,0x1b0e319c6a659f002271b69db8a7df2f911c153e
0,,,0,,,0,,,0,,,2026-07-04 05:00:00,0x1b0e319c6a659f002271b69db8a7df2f911c153e
0,,,0,,,0,,,0,,,2026-07-04 06:00:00,0x1b0e319c6a659f002271b69db8a7df2f911c153e
0,,,0,,,0,,,0,,,2026-07-04 07:00:00,0x1b0e319c6a659f002271b69db8a7df2f911c153e
0,,,0,,,0,,,0,,,2026-07-04 08:00:00,0x1b0e319c6a659f002271b69db8a7df2f911c153e
0,,,0,,,0,,,0,,,2026-07-04 09:00:00,0x1b0e319c6a659f002271b69db8a7df2f911c153e
0,,,0,,,0,,,0,,,2026-07-04 10:00:00,0x1b0e319c6a659f002271b69db8a7df2f911c153e
0,,,0,,,0,,,0,,,2026-07-04 11:00:00,0x1b0e319c6a659f002271b69db8a7df2f911c153e
0,,,0,,,0,,,0,,,2026-07-04 12:00:00,0x1b0e319c6a659f002271b69db8a7df2f911c153e
0,,,0,,,0,,,0,,,2026-07-04 13:00:00,0x1b0e319c6a659f002271b69db8a7df2f911c153e
0,,,0,,,0,,,0,,,2026-07-04 14:00:00,0x1b0e319c6a659f002271b69db8a7df2f911c153e
0,,,0,,,0,,,0,,,2026-07-04 15:00:00,0x1b0e319c6a659f002271b69db8a7df2f911c153e
0,,,0,,,0,,,0,,,2026-07-04 16:00:00,0x1b0e319c6a659f002271b69db8a7df2f911c153e
0,,,0,,,0,,,0,,,2026-07-04 17:00:00,0x1b0e319c6a659f002271b69db8a7df2f911c153e
0,,,0,,,0,,,0,,,2026-07-04 18:00:00,0x1b0e319c6a659f002271b69db8a7df2f911c153e
0,,,0,,,0,,,0,,,2026-07-04 19:00:00,0x1b0e319c6a659f002271b69db8a7df2f911c153e
0,,,0,,,0,,,0,,,2026-07-04 20:00:00,0x1b0e319c6a659f002271b69db8a7df2f911c153e
0,,,0,,,0,,,0,,,2026-07-04 21:00:00,0x1b0e319c6a659f002271b69db8a7df2f911c153e
0,,,0,,,0,,,0,,,2026-07-04 22:00:00,0x1b0e319c6a659f002271b69db8a7df2f911c153e
0,,,0,,,0,,,0,,,2026-07-04 23:00:00,0x1b0e319c6a659f002271b69db8a7df2f911c153e
0,,,0,,,0,,,0,,,2026-07-05 00:00:00,0x1b0e319c6a659f002271b69db8a7df2f911c153e
0,,,0,,,0,,,0,,,2026-07-05 01:00:00,0x1b0e319c6a659f002271b69db8a7df2f911c153e
0,,,0,,,0,,,0,,,2026-07-05 02:00:00,0x1b0e319c6a659f002271b69db8a7df2f911c153e
0,,,0,,,0,,,0,,,2026-07-05 03:00:00,0x1b0e319c6a659f002271b69db8a7df2f911c153e
0,,,0,,,0,,,0,,,2026-07-05 04:00:00,0x1b0e319c6a659f002271b69db8a7df2f911c153e
0,,,0,,,0,,,0,,,2026-07-05 05:00:00,0x1b0e319c6a659f002271b69db8a7df2f911c153e
0,,,0,,,0,,,0,,,2026-07-05 06:00:00,0x1b0e319c6a659f002271b69db8a7df2f911c153e
0,,,0,,,0,,,0,,,2026-07-05 07:00:00,0x1b0e319c6a659f002271b69db8a7df2f911c153e
0,,,0,,,0,,,0,,,2026-07-05 08:00:00,0x1b0e319c6a659f002271b69db8a7df2f911c153e
0,,,0,,,0,,,0,,,2026-07-05 09:00:00,0x1b0e319c6a659f002271b69db8a7df2f911c153e
0,,,0,,,0,,,0,,,2026-07-05 10:00:00,0x1b0e319c6a659f002271b69db8a7df2f911c153e
0,,,0,,,0,,,0,,,2026-07-05 11:00:00,0x1b0e319c6a659f002271b69db8a7df2f911c153e
0,,,0,,,0,,,0,,,2026-07-05 12:00:00,0x1b0e319c6a659f002271b69db8a7df2f911c153e
0,,,0,,,0,,,0,,,2026-07-05 13:00:00,0x1b0e319c6a659f002271b69db8a7df2f911c153e
0,,,0,,,0,,,0,,,2026-07-05 14:00:00,0x1b0e319c6a659f002271b69db8a7df2f911c153e
0,,,0,,,0,,,0,,,2026-07-05 15:00:00,0x1b0e319c6a659f002271b69db8a7df2f911c153e
0,,,0,,,0,,,0,,,2026-07-05 16:00:00,0x1b0e319c6a659f002271b69db8a7df2f911c153e
0,,,0,,,0,,,0,,,2026-07-05 17:00:00,0x1b0e319c6a659f002271b69db8a7df2f911c153e
0,,,0,,,0,,,0,,,2026-07-05 18:00:00,0x1b0e319c6a659f002271b69db8a7df2f911c153e
0,,,0,,,0,,,0,,,2026-07-05 19:00:00,0x1b0e319c6a659f002271b69db8a7df2f911c153e
0,,,0,,,0,,,0,,,2026-07-05 20:00:00,0x1b0e319c6a659f002271b69db8a7df2f911c153e
0,,,0,,,0,,,0,,,2026-07-05 21:00:00,0x1b0e319c6a659f002271b69db8a7df2f911c153e
0,,,0,,,0,,,0,,,2026-07-05 22:00:00,0x1b0e319c6a659f002271b69db8a7df2f911c153e
0,,,0,,,0,,,0,,,2026-07-05 23:00:00,0x1b0e319c6a659f002271b69db8a7df2f911c153e
0,,,0,,,0,,,0,,,2026-07-06 00:00:00,0x1b0e319c6a659f002271b69db8a7df2f911c153e
0,,,0,,,0,,,0,,,2026-07-06 01:00:00,0x1b0e319c6a659f002271b69db8a7df2f911c153e
0,,,0,,,0,,,0,,,2026-07-06 02:00:00,0x1b0e319c6a659f002271b69db8a7df2f911c153e
0,,,0,,,0,,,0,,,2026-07-06 03:00:00,0x1b0e319c6a659f002271b69db8a7df2f911c153e
0,,,0,,,0,,,0,,,2026-07-06 04:00:00,0x1b0e319c6a659f002271b69db8a7df2f911c153e
0,,,0,,,0,,,0,,,2026-07-06 05:00:00,0x1b0e319c6a659f002271b69db8a7df2f911c153e
0,,,0,,,0,,,0,,,2026-07-06 06:00:00,0x1b0e319c6a659f002271b69db8a7df2f911c153e
0,,,0,,,0,,,0,,,2026-07-06 07:00:00,0x1b0e319c6a659f002271b69db8a7df2f911c153e
0,,,0,,,0,,,0,,,2026-07-06 08:00:00,0x1b0e319c6a659f002271b69db8a7df2f911c153e
0,,,0,,,0,,,0,,,2026-07-06 09:00:00,0x1b0e319c6a659f002271b69db8a7df2f911c153e
0,,,0,,,0,,,0,,,2026-07-06 10:00:00,0x1b0e319c6a659f002271b69db8a7df2f911c153e
0,,,0,,,0,,,0,,,2026-07-06 11:00:00,0x1b0e319c6a659f002271b69db8a7df2f911c153e
0,,,0,,,0,,,0,,,2026-07-06 12:00:00,0x1b0e319c6a659f002271b69db8a7df2f911c153e
0,,,0,,,0,,,0,,,2026-07-06 13:00:00,0x1b0e319c6a659f002271b69db8a7df2f911c153e
0,,,0,,,0,,,0,,,2026-07-06 14:00:00,0x1b0e319c6a659f002271b69db8a7df2f911c153e
0,,,0,,,0,,,0,,,2026-07-06 15:00:00,0x1b0e319c6a659f002271b69db8a7df2f911c153e
1,5.2311636777032e-05,0.012001464,0,,,0,,,0,,,2026-07-06 16:00:00,0x1b0e319c6a659f002271b69db8a7df2f911c153e
0,,,0,,,0,,,0,,,2026-07-06 17:00:00,0x1b0e319c6a659f002271b69db8a7df2f911c153e
0,,,0,,,0,,,0,,,2026-07-06 18:00:00,0x1b0e319c6a659f002271b69db8a7df2f911c153e
0,,,0,,,0,,,0,,,2026-07-06 19:00:00,0x1b0e319c6a659f002271b69db8a7df2f911c153e
0,,,0,,,0,,,0,,,2026-07-06 20:00:00,0x1b0e319c6a659f002271b69db8a7df2f911c153e
0,,,0,,,0,,,0,,,2026-07-06 21:00:00,0x1b0e319c6a659f002271b69db8a7df2f911c153e
0,,,0,,,0,,,0,,,2026-07-06 22:00:00,0x1b0e319c6a659f002271b69db8a7df2f911c153e
0,,,0,,,0,,,0,,,2026-07-06 23:00:00,0x1b0e319c6a659f002271b69db8a7df2f911c153e
0,,,0,,,0,,,0,,,2026-07-07 00:00:00,0x1b0e319c6a659f002271b69db8a7df2f911c153e
0,,,0,,,0,,,0,,,2026-07-07 01:00:00,0x1b0e319c6a659f002271b69db8a7df2f911c153e
0,,,0,,,0,,,0,,,2026-07-07 02:00:00,0x1b0e319c6a659f002271b69db8a7df2f911c153e
0,,,0,,,0,,,0,,,2026-07-07 03:00:00,0x1b0e319c6a659f002271b69db8a7df2f911c153e
0,,,0,,,0,,,0,,,2026-07-07 04:00:00,0x1b0e319c6a659f002271b69db8a7df2f911c153e
0,,,0,,,0,,,0,,,2026-07-07 05:00:00,0x1b0e319c6a659f002271b69db8a7df2f911c153e
0,,,0,,,0,,,0,,,2026-07-07 06:00:00,0x1b0e319c6a659f002271b69db8a7df2f911c153e
0,,,0,,,0,,,0,,,2026-07-07 07:00:00,0x1b0e319c6a659f002271b69db8a7df2f911c153e
0,,,0,,,0,,,0,,,2026-07-07 08:00:00,0x1b0e319c6a659f002271b69db8a7df2f911c153e
0,,,0,,,0,,,0,,,2026-07-07 09:00:00,0x1b0e319c6a659f002271b69db8a7df2f911c153e
0,,,0,,,0,,,0,,,2026-07-07 10:00:00,0x1b0e319c6a659f002271b69db8a7df2f911c153e
0,,,0,,,0,,,0,,,2026-07-07 11:00:00,0x1b0e319c6a659f002271b69db8a7df2f911c153e
0,,,0,,,0,,,0,,,2026-07-07 12:00:00,0x1b0e319c6a659f002271b69db8a7df2f911c153e
0,,,0,,,0,,,0,,,2026-07-07 13:00:00,0x1b0e319c6a659f002271b69db8a7df2f911c153e
0,,,0,,,0,,,0,,,2026-07-07 14:00:00,0x1b0e319c6a659f002271b69db8a7df2f911c153e
0,,,0,,,0,,,0,,,2026-07-07 15:00:00,0x1b0e319c6a659f002271b69db8a7df2f911c153e
0,,,0,,,0,,,0,,,2026-07-07 16:00:00,0x1b0e319c6a659f002271b69db8a7df2f911c153e
0,,,0,,,0,,,0,,,2026-07-07 17:00:00,0x1b0e319c6a659f002271b69db8a7df2f911c153e
0,,,0,,,0,,,0,,,2026-07-07 18:00:00,0x1b0e319c6a659f002271b69db8a7df2f911c153e
0,,,0,,,0,,,0,,,2026-07-07 19:00:00,0x1b0e319c6a659f002271b69db8a7df2f911c153e
0,,,0,,,0,,,0,,,2026-07-07 20:00:00,0x1b0e319c6a659f002271b69db8a7df2f911c153e
0,,,0,,,0,,,0,,,2026-07-07 21:00:00,0x1b0e319c6a659f002271b69db8a7df2f911c153e
0,,,0,,,0,,,0,,,2026-07-07 22:00:00,0x1b0e319c6a659f002271b69db8a7df2f911c153e
0,,,0,,,0,,,0,,,2026-07-07 23:00:00,0x1b0e319c6a659f002271b69db8a7df2f911c153e
0,,,0,,,0,,,0,,,2026-07-01 00:00:00,0x2e0847e8910a9732eb3fb1bb4b70a580adad4fe3
0,,,0,,,0,,,0,,,2026-07-01 01:00:00,0x2e0847e8910a9732eb3fb1bb4b70a580adad4fe3
0,,,0,,,0,,,0,,,2026-07-01 02:00:00,0x2e0847e8910a9732eb3fb1bb4b70a580adad4fe3
0,,,1,0.000272392296604075,0.09995180000000001,0,,,0,,,2026-07-01 03:00:00,0x2e0847e8910a9732eb3fb1bb4b70a580adad4fe3
0,,,0,,,0,,,0,,,2026-07-01 04:00:00,0x2e0847e8910a9732eb3fb1bb4b70a580adad4fe3
0,,,1,0.000274739982079102,0.09999059999999999,0,,,0,,,2026-07-01 05:00:00,0x2e0847e8910a9732eb3fb1bb4b70a580adad4fe3
0,,,0,,,0,,,0,,,2026-07-01 06:00:00,0x2e0847e8910a9732eb3fb1bb4b70a580adad4fe3
0,,,0,,,0,,,0,,,2026-07-01 07:00:00,0x2e0847e8910a9732eb3fb1bb4b70a580adad4fe3
0,,,0,,,0,,,0,,,2026-07-01 08:00:00,0x2e0847e8910a9732eb3fb1bb4b70a580adad4fe3
0,,,0,,,0,,,0,,,2026-07-01 09:00:00,0x2e0847e8910a9732eb3fb1bb4b70a580adad4fe3
0,,,0,,,0,,,0,,,2026-07-01 10:00:00,0x2e0847e8910a9732eb3fb1bb4b70a580adad4fe3
0,,,0,,,1,0.000272392296604075,0.09995180000000001,0,,,2026-07-01 11:00:00,0x2e0847e8910a9732eb3fb1bb4b70a580adad4fe3
0,,,0,,,0,,,0,,,2026-07-01 12:00:00,0x2e0847e8910a9732eb3fb1bb4b70a580adad4fe3
0,,,0,,,1,0.000274739982079102,0.09999059999999999,0,,,2026-07-01 13:00:00,0x2e0847e8910a9732eb3fb1bb4b70a580adad4fe3
0,,,0,,,0,,,0,,,2026-07-01 14:00:00,0x2e0847e8910a9732eb3fb1bb4b70a580adad4fe3
0,,,0,,,0,,,1,0.000272392296604075,0.09995180000000001,2026-07-01 15:00:00,0x2e0847e8910a9732eb3fb1bb4b70a580adad4fe3
0,,,0,,,0,,,0,,,2026-07-01 16:00:00,0x2e0847e8910a9732eb3fb1bb4b70a580adad4fe3
1,0.00027422750737771,0.0999868,0,,,0,,,1,0.000274739982079102,0.09999059999999999,2026-07-01 17:00:00,0x2e0847e8910a9732eb3fb1bb4b70a580adad4fe3
0,,,0,,,0,,,0,,,2026-07-01 18:00:00,0x2e0847e8910a9732eb3fb1bb4b70a580adad4fe3
0,,,0,,,0,,,0,,,2026-07-01 19:00:00,0x2e0847e8910a9732eb3fb1bb4b70a580adad4fe3
0,,,0,,,0,,,0,,,2026-07-01 20:00:00,0x2e0847e8910a9732eb3fb1bb4b70a580adad4fe3
0,,,0,,,0,,,0,,,2026-07-01 21:00:00,0x2e0847e8910a9732eb3fb1bb4b70a580adad4fe3
0,,,0,,,0,,,0,,,2026-07-01 22:00:00,0x2e0847e8910a9732eb3fb1bb4b70a580adad4fe3
0,,,0,,,0,,,0,,,2026-07-01 23:00:00,0x2e0847e8910a9732eb3fb1bb4b70a580adad4fe3
0,,,0,,,0,,,0,,,2026-07-02 00:00:00,0x2e0847e8910a9732eb3fb1bb4b70a580adad4fe3
0,,,0,,,0,,,0,,,2026-07-02 01:00:00,0x2e0847e8910a9732eb3fb1bb4b70a580adad4fe3
0,,,0,,,0,,,0,,,2026-07-02 02:00:00,0x2e0847e8910a9732eb3fb1bb4b70a580adad4fe3
0,,,0,,,0,,,0,,,2026-07-02 03:00:00,0x2e0847e8910a9732eb3fb1bb4b70a580adad4fe3
0,,,0,,,0,,,0,,,2026-07-02 04:00:00,0x2e0847e8910a9732eb3fb1bb4b70a580adad4fe3
0,,,0,,,0,,,0,,,2026-07-02 05:00:00,0x2e0847e8910a9732eb3fb1bb4b70a580adad4fe3
0,,,0,,,0,,,0,,,2026-07-02 06:00:00,0x2e0847e8910a9732eb3fb1bb4b70a580adad4fe3
0,,,0,,,0,,,0,,,2026-07-02 07:00:00,0x2e0847e8910a9732eb3fb1bb4b70a580adad4fe3
0,,,0,,,0,,,0,,,2026-07-02 08:00:00,0x2e0847e8910a9732eb3fb1bb4b70a580adad4fe3
0,,,0,,,0,,,0,,,2026-07-02 09:00:00,0x2e0847e8910a9732eb3fb1bb4b70a580adad4fe3
0,,,0,,,0,,,0,,,2026-07-02 10:00:00,0x2e0847e8910a9732eb3fb1bb4b70a580adad4fe3
0,,,0,,,0,,,0,,,2026-07-02 11:00:00,0x2e0847e8910a9732eb3fb1bb4b70a580adad4fe3
0,,,0,,,0,,,0,,,2026-07-02 12:00:00,0x2e0847e8910a9732eb3fb1bb4b70a580adad4fe3
0,,,0,,,0,,,0,,,2026-07-02 13:00:00,0x2e0847e8910a9732eb3fb1bb4b70a580adad4fe3
0,,,0,,,0,,,0,,,2026-07-02 14:00:00,0x2e0847e8910a9732eb3fb1bb4b70a580adad4fe3
0,,,0,,,0,,,0,,,2026-07-02 15:00:00,0x2e0847e8910a9732eb3fb1bb4b70a580adad4fe3
0,,,0,,,0,,,0,,,2026-07-02 16:00:00,0x2e0847e8910a9732eb3fb1bb4b70a580adad4fe3
0,,,0,,,0,,,0,,,2026-07-02 17:00:00,0x2e0847e8910a9732eb3fb1bb4b70a580adad4fe3
0,,,0,,,0,,,0,,,2026-07-02 18:00:00,0x2e0847e8910a9732eb3fb1bb4b70a580adad4fe3
0,,,0,,,0,,,0,,,2026-07-02 19:00:00,0x2e0847e8910a9732eb3fb1bb4b70a580adad4fe3
0,,,0,,,0,,,0,,,2026-07-02 20:00:00,0x2e0847e8910a9732eb3fb1bb4b70a580adad4fe3
0,,,0,,,0,,,0,,,2026-07-02 21:00:00,0x2e0847e8910a9732eb3fb1bb4b70a580adad4fe3
0,,,0,,,0,,,0,,,2026-07-02 22:00:00,0x2e0847e8910a9732eb3fb1bb4b70a580adad4fe3
0,,,0,,,0,,,0,,,2026-07-02 23:00:00,0x2e0847e8910a9732eb3fb1bb4b70a580adad4fe3
0,,,0,,,0,,,0,,,2026-07-03 00:00:00,0x2e0847e8910a9732eb3fb1bb4b70a580adad4fe3
0,,,0,,,0,,,0,,,2026-07-03 01:00:00,0x2e0847e8910a9732eb3fb1bb4b70a580adad4fe3
0,,,0,,,0,,,0,,,2026-07-03 02:00:00,0x2e0847e8910a9732eb3fb1bb4b70a580adad4fe3
0,,,0,,,0,,,0,,,2026-07-03 03:00:00,0x2e0847e8910a9732eb3fb1bb4b70a580adad4fe3
0,,,0,,,0,,,0,,,2026-07-03 04:00:00,0x2e0847e8910a9732eb3fb1bb4b70a580adad4fe3
0,,,0,,,0,,,0,,,2026-07-03 05:00:00,0x2e0847e8910a9732eb3fb1bb4b70a580adad4fe3
0,,,0,,,0,,,0,,,2026-07-03 06:00:00,0x2e0847e8910a9732eb3fb1bb4b70a580adad4fe3
0,,,0,,,0,,,0,,,2026-07-03 07:00:00,0x2e0847e8910a9732eb3fb1bb4b70a580adad4fe3
0,,,0,,,0,,,0,,,2026-07-03 08:00:00,0x2e0847e8910a9732eb3fb1bb4b70a580adad4fe3
0,,,0,,,0,,,0,,,2026-07-03 09:00:00,0x2e0847e8910a9732eb3fb1bb4b70a580adad4fe3
0,,,0,,,0,,,0,,,2026-07-03 10:00:00,0x2e0847e8910a9732eb3fb1bb4b70a580adad4fe3
0,,,0,,,0,,,0,,,2026-07-03 11:00:00,0x2e0847e8910a9732eb3fb1bb4b70a580adad4fe3
0,,,0,,,0,,,0,,,2026-07-03 12:00:00,0x2e0847e8910a9732eb3fb1bb4b70a580adad4fe3
0,,,0,,,0,,,0,,,2026-07-03 13:00:00,0x2e0847e8910a9732eb3fb1bb4b70a580adad4fe3
0,,,0,,,0,,,0,,,2026-07-03 14:00:00,0x2e0847e8910a9732eb3fb1bb4b70a580adad4fe3
0,,,0,,,0,,,0,,,2026-07-03 15:00:00,0x2e0847e8910a9732eb3fb1bb4b70a580adad4fe3
0,,,0,,,0,,,0,,,2026-07-03 16:00:00,0x2e0847e8910a9732eb3fb1bb4b70a580adad4fe3
0,,,0,,,0,,,0,,,2026-07-03 17:00:00,0x2e0847e8910a9732eb3fb1bb4b70a580adad4fe3
0,,,0,,,0,,,0,,,2026-07-03 18:00:00,0x2e0847e8910a9732eb3fb1bb4b70a580adad4fe3
0,,,0,,,0,,,0,,,2026-07-03 19:00:00,0x2e0847e8910a9732eb3fb1bb4b70a580adad4fe3
0,,,0,,,0,,,0,,,2026-07-03 20:00:00,0x2e0847e8910a9732eb3fb1bb4b70a580adad4fe3
0,,,0,,,0,,,0,,,2026-07-03 21:00:00,0x2e0847e8910a9732eb3fb1bb4b70a580adad4fe3
0,,,0,,,0,,,0,,,2026-07-03 22:00:00,0x2e0847e8910a9732eb3fb1bb4b70a580adad4fe3
0,,,0,,,0,,,0,,,2026-07-03 23:00:00,0x2e0847e8910a9732eb3fb1bb4b70a580adad4fe3
0,,,0,,,0,,,0,,,2026-07-04 00:00:00,0x2e0847e8910a9732eb3fb1bb4b70a580adad4fe3
0,,,0,,,0,,,0,,,2026-07-04 01:00:00,0x2e0847e8910a9732eb3fb1bb4b70a580adad4fe3
0,,,0,,,0,,,0,,,2026-07-04 02:00:00,0x2e0847e8910a9732eb3fb1bb4b70a580adad4fe3
0,,,0,,,0,,,0,,,2026-07-04 03:00:00,0x2e0847e8910a9732eb3fb1bb4b70a580adad4fe3
0,,,0,,,0,,,0,,,2026-07-04 04:00:00,0x2e0847e8910a9732eb3fb1bb4b70a580adad4fe3
0,,,0,,,0,,,0,,,2026-07-04 05:00:00,0x2e0847e8910a9732eb3fb1bb4b70a580adad4fe3
0,,,0,,,0,,,0,,,2026-07-04 06:00:00,0x2e0847e8910a9732eb3fb1bb4b70a580adad4fe3
0,,,0,,,0,,,0,,,2026-07-04 07:00:00,0x2e0847e8910a9732eb3fb1bb4b70a580adad4fe3
0,,,0,,,0,,,0,,,2026-07-04 08:00:00,0x2e0847e8910a9732eb3fb1bb4b70a580adad4fe3
0,,,0,,,0,,,0,,,2026-07-04 09:00:00,0x2e0847e8910a9732eb3fb1bb4b70a580adad4fe3
0,,,0,,,0,,,0,,,2026-07-04 10:00:00,0x2e0847e8910a9732eb3fb1bb4b70a580adad4fe3
0,,,0,,,0,,,0,,,2026-07-04 11:00:00,0x2e0847e8910a9732eb3fb1bb4b70a580adad4fe3
0,,,0,,,0,,,0,,,2026-07-04 12:00:00,0x2e0847e8910a9732eb3fb1bb4b70a580adad4fe3
0,,,0,,,0,,,0,,,2026-07-04 13:00:00,0x2e0847e8910a9732eb3fb1bb4b70a580adad4fe3
0,,,0,,,0,,,0,,,2026-07-04 14:00:00,0x2e0847e8910a9732eb3fb1bb4b70a580adad4fe3
0,,,0,,,0,,,0,,,2026-07-04 15:00:00,0x2e0847e8910a9732eb3fb1bb4b70a580adad4fe3
0,,,0,,,0,,,0,,,2026-07-04 16:00:00,0x2e0847e8910a9732eb3fb1bb4b70a580adad4fe3
0,,,0,,,0,,,0,,,2026-07-04 17:00:00,0x2e0847e8910a9732eb3fb1bb4b70a580adad4fe3
0,,,0,,,0,,,0,,,2026-07-04 18:00:00,0x2e0847e8910a9732eb3fb1bb4b70a580adad4fe3
0,,,0,,,0,,,0,,,2026-07-04 19:00:00,0x2e0847e8910a9732eb3fb1bb4b70a580adad4fe3
0,,,0,,,0,,,0,,,2026-07-04 20:00:00,0x2e0847e8910a9732eb3fb1bb4b70a580adad4fe3
0,,,0,,,0,,,0,,,2026-07-04 21:00:00,0x2e0847e8910a9732eb3fb1bb4b70a580adad4fe3
0,,,0,,,0,,,0,,,2026-07-04 22:00:00,0x2e0847e8910a9732eb3fb1bb4b70a580adad4fe3
0,,,0,,,0,,,0,,,2026-07-04 23:00:00,0x2e0847e8910a9732eb3fb1bb4b70a580adad4fe3
0,,,0,,,0,,,0,,,2026-07-05 00:00:00,0x2e0847e8910a9732eb3fb1bb4b70a580adad4fe3
0,,,0,,,0,,,0,,,2026-07-05 01:00:00,0x2e0847e8910a9732eb3fb1bb4b70a580adad4fe3
0,,,0,,,0,,,0,,,2026-07-05 02:00:00,0x2e0847e8910a9732eb3fb1bb4b70a580adad4fe3
0,,,0,,,0,,,0,,,2026-07-05 03:00:00,0x2e0847e8910a9732eb3fb1bb4b70a580adad4fe3
0,,,0,,,0,,,0,,,2026-07-05 04:00:00,0x2e0847e8910a9732eb3fb1bb4b70a580adad4fe3
0,,,0,,,0,,,0,,,2026-07-05 05:00:00,0x2e0847e8910a9732eb3fb1bb4b70a580adad4fe3
0,,,0,,,0,,,0,,,2026-07-05 06:00:00,0x2e0847e8910a9732eb3fb1bb4b70a580adad4fe3
0,,,0,,,0,,,0,,,2026-07-05 07:00:00,0x2e0847e8910a9732eb3fb1bb4b70a580adad4fe3
0,,,0,,,0,,,0,,,2026-07-05 08:00:00,0x2e0847e8910a9732eb3fb1bb4b70a580adad4fe3
0,,,0,,,0,,,0,,,2026-07-05 09:00:00,0x2e0847e8910a9732eb3fb1bb4b70a580adad4fe3
0,,,0,,,0,,,0,,,2026-07-05 10:00:00,0x2e0847e8910a9732eb3fb1bb4b70a580adad4fe3
0,,,0,,,0,,,0,,,2026-07-05 11:00:00,0x2e0847e8910a9732eb3fb1bb4b70a580adad4fe3
0,,,0,,,0,,,0,,,2026-07-05 12:00:00,0x2e0847e8910a9732eb3fb1bb4b70a580adad4fe3
0,,,0,,,0,,,0,,,2026-07-05 13:00:00,0x2e0847e8910a9732eb3fb1bb4b70a580adad4fe3
0,,,0,,,0,,,0,,,2026-07-05 14:00:00,0x2e0847e8910a9732eb3fb1bb4b70a580adad4fe3
0,,,0,,,0,,,0,,,2026-07-05 15:00:00,0x2e0847e8910a9732eb3fb1bb4b70a580adad4fe3
0,,,0,,,0,,,0,,,2026-07-05 16:00:00,0x2e0847e8910a9732eb3fb1bb4b70a580adad4fe3
0,,,0,,,0,,,0,,,2026-07-05 17:00:00,0x2e0847e8910a9732eb3fb1bb4b70a580adad4fe3
0,,,0,,,0,,,0,,,2026-07-05 18:00:00,0x2e0847e8910a9732eb3fb1bb4b70a580adad4fe3
0,,,0,,,0,,,0,,,2026-07-05 19:00:00,0x2e0847e8910a9732eb3fb1bb4b70a580adad4fe3
0,,,0,,,0,,,0,,,2026-07-05 20:00:00,0x2e0847e8910a9732eb3fb1bb4b70a580adad4fe3
0,,,0,,,0,,,0,,,2026-07-05 21:00:00,0x2e0847e8910a9732eb3fb1bb4b70a580adad4fe3
0,,,0,,,0,,,0,,,2026-07-05 22:00:00,0x2e0847e8910a9732eb3fb1bb4b70a580adad4fe3
0,,,0,,,0,,,0,,,2026-07-05 23:00:00,0x2e0847e8910a9732eb3fb1bb4b70a580adad4fe3
0,,,0,,,0,,,0,,,2026-07-06 00:00:00,0x2e0847e8910a9732eb3fb1bb4b70a580adad4fe3
0,,,0,,,0,,,0,,,2026-07-06 01:00:00,0x2e0847e8910a9732eb3fb1bb4b70a580adad4fe3
0,,,0,,,0,,,0,,,2026-07-06 02:00:00,0x2e0847e8910a9732eb3fb1bb4b70a580adad4fe3
0,,,0,,,0,,,0,,,2026-07-06 03:00:00,0x2e0847e8910a9732eb3fb1bb4b70a580adad4fe3
0,,,0,,,0,,,0,,,2026-07-06 04:00:00,0x2e0847e8910a9732eb3fb1bb4b70a580adad4fe3
0,,,0,,,0,,,0,,,2026-07-06 05:00:00,0x2e0847e8910a9732eb3fb1bb4b70a580adad4fe3
0,,,0,,,0,,,0,,,2026-07-06 06:00:00,0x2e0847e8910a9732eb3fb1bb4b70a580adad4fe3
0,,,0,,,0,,,0,,,2026-07-06 07:00:00,0x2e0847e8910a9732eb3fb1bb4b70a580adad4fe3
0,,,0,,,0,,,0,,,2026-07-06 08:00:00,0x2e0847e8910a9732eb3fb1bb4b70a580adad4fe3
0,,,0,,,0,,,0,,,2026-07-06 09:00:00,0x2e0847e8910a9732eb3fb1bb4b70a580adad4fe3
0,,,0,,,0,,,0,,,2026-07-06 10:00:00,0x2e0847e8910a9732eb3fb1bb4b70a580adad4fe3
0,,,0,,,0,,,0,,,2026-07-06 11:00:00,0x2e0847e8910a9732eb3fb1bb4b70a580adad4fe3
0,,,0,,,0,,,0,,,2026-07-06 12:00:00,0x2e0847e8910a9732eb3fb1bb4b70a580adad4fe3
0,,,0,,,0,,,0,,,2026-07-06 13:00:00,0x2e0847e8910a9732eb3fb1bb4b70a580adad4fe3
0,,,0,,,0,,,0,,,2026-07-06 14:00:00,0x2e0847e8910a9732eb3fb1bb4b70a580adad4fe3
0,,,0,,,0,,,0,,,2026-07-06 15:00:00,0x2e0847e8910a9732eb3fb1bb4b70a580adad4fe3
0,,,0,,,0,,,0,,,2026-07-06 16:00:00,0x2e0847e8910a9732eb3fb1bb4b70a580adad4fe3
0,,,0,,,0,,,0,,,2026-07-06 17:00:00,0x2e0847e8910a9732eb3fb1bb4b70a580adad4fe3
0,,,0,,,0,,,0,,,2026-07-06 18:00:00,0x2e0847e8910a9732eb3fb1bb4b70a580adad4fe3
0,,,0,,,0,,,0,,,2026-07-06 19:00:00,0x2e0847e8910a9732eb3fb1bb4b70a580adad4fe3
0,,,0,,,0,,,0,,,2026-07-06 20:00:00,0x2e0847e8910a9732eb3fb1bb4b70a580adad4fe3
0,,,0,,,0,,,0,,,2026-07-06 21:00:00,0x2e0847e8910a9732eb3fb1bb4b70a580adad4fe3
0,,,0,,,0,,,0,,,2026-07-06 22:00:00,0x2e0847e8910a9732eb3fb1bb4b70a580adad4fe3
0,,,0,,,0,,,0,,,2026-07-06 23:00:00,0x2e0847e8910a9732eb3fb1bb4b70a580adad4fe3
0,,,0,,,0,,,0,,,2026-07-07 00:00:00,0x2e0847e8910a9732eb3fb1bb4b70a580adad4fe3
0,,,0,,,0,,,0,,,2026-07-07 01:00:00,0x2e0847e8910a9732eb3fb1bb4b70a580adad4fe3
0,,,0,,,0,,,0,,,2026-07-07 02:00:00,0x2e0847e8910a9732eb3fb1bb4b70a580adad4fe3
0,,,0,,,0,,,0,,,2026-07-07 03:00:00,0x2e0847e8910a9732eb3fb1bb4b70a580adad4fe3
0,,,0,,,0,,,0,,,2026-07-07 04:00:00,0x2e0847e8910a9732eb3fb1bb4b70a580adad4fe3
0,,,0,,,0,,,0,,,2026-07-07 05:00:00,0x2e0847e8910a9732eb3fb1bb4b70a580adad4fe3
0,,,0,,,0,,,0,,,2026-07-07 06:00:00,0x2e0847e8910a9732eb3fb1bb4b70a580adad4fe3
0,,,0,,,0,,,0,,,2026-07-07 07:00:00,0x2e0847e8910a9732eb3fb1bb4b70a580adad4fe3
0,,,0,,,0,,,0,,,2026-07-07 08:00:00,0x2e0847e8910a9732eb3fb1bb4b70a580adad4fe3
0,,,0,,,0,,,0,,,2026-07-07 09:00:00,0x2e0847e8910a9732eb3fb1bb4b70a580adad4fe3
0,,,0,,,0,,,0,,,2026-07-07 10:00:00,0x2e0847e8910a9732eb3fb1bb4b70a580adad4fe3
0,,,0,,,0,,,0,,,2026-07-07 11:00:00,0x2e0847e8910a9732eb3fb1bb4b70a580adad4fe3
0,,,0,,,0,,,0,,,2026-07-07 12:00:00,0x2e0847e8910a9732eb3fb1bb4b70a580adad4fe3
0,,,0,,,0,,,0,,,2026-07-07 13:00:00,0x2e0847e8910a9732eb3fb1bb4b70a580adad4fe3
0,,,0,,,0,,,0,,,2026-07-07 14:00:00,0x2e0847e8910a9732eb3fb1bb4b70a580adad4fe3
0,,,0,,,0,,,0,,,2026-07-07 15:00:00,0x2e0847e8910a9732eb3fb1bb4b70a580adad4fe3
0,,,0,,,0,,,0,,,2026-07-07 16:00:00,0x2e0847e8910a9732eb3fb1bb4b70a580adad4fe3
0,,,0,,,0,,,0,,,2026-07-07 17:00:00,0x2e0847e8910a9732eb3fb1bb4b70a580adad4fe3
0,,,0,,,0,,,0,,,2026-07-07 18:00:00,0x2e0847e8910a9732eb3fb1bb4b70a580adad4fe3
0,,,0,,,0,,,0,,,2026-07-07 19:00:00,0x2e0847e8910a9732eb3fb1bb4b70a580adad4fe3
0,,,0,,,0,,,0,,,2026-07-07 20:00:00,0x2e0847e8910a9732eb3fb1bb4b70a580adad4fe3
0,,,0,,,0,,,0,,,2026-07-07 21:00:00,0x2e0847e8910a9732eb3fb1bb4b70a580adad4fe3
0,,,0,,,0,,,0,,,2026-07-07 22:00:00,0x2e0847e8910a9732eb3fb1bb4b70a580adad4fe3
0,,,0,,,0,,,0,,,2026-07-07 23:00:00,0x2e0847e8910a9732eb3fb1bb4b70a580adad4fe3
0,,,0,,,0,,,0,,,2026-07-01 00:00:00,0x322f0929c4625ed5bad873c95208d54e1c003b2d
0,,,0,,,0,,,0,,,2026-07-01 01:00:00,0x322f0929c4625ed5bad873c95208d54e1c003b2d
0,,,0,,,0,,,0,,,2026-07-01 02:00:00,0x322f0929c4625ed5bad873c95208d54e1c003b2d
0,,,1,0.000231258137193905,0.09995180000000001,0,,,0,,,2026-07-01 03:00:00,0x322f0929c4625ed5bad873c95208d54e1c003b2d
0,,,0,,,0,,,0,,,2026-07-01 04:00:00,0x322f0929c4625ed5bad873c95208d54e1c003b2d
0,,,1,0.000230284942311738,0.09999059999999999,0,,,0,,,2026-07-01 05:00:00,0x322f0929c4625ed5bad873c95208d54e1c003b2d
0,,,0,,,0,,,0,,,2026-07-01 06:00:00,0x322f0929c4625ed5bad873c95208d54e1c003b2d
0,,,0,,,0,,,0,,,2026-07-01 07:00:00,0x322f0929c4625ed5bad873c95208d54e1c003b2d
0,,,0,,,0,,,0,,,2026-07-01 08:00:00,0x322f0929c4625ed5bad873c95208d54e1c003b2d
0,,,0,,,0,,,0,,,2026-07-01 09:00:00,0x322f0929c4625ed5bad873c95208d54e1c003b2d
0,,,0,,,0,,,0,,,2026-07-01 10:00:00,0x322f0929c4625ed5bad873c95208d54e1c003b2d
0,,,0,,,1,0.000231258137193905,0.09995180000000001,0,,,2026-07-01 11:00:00,0x322f0929c4625ed5bad873c95208d54e1c003b2d
0,,,0,,,0,,,0,,,2026-07-01 12:00:00,0x322f0929c4625ed5bad873c95208d54e1c003b2d
0,,,0,,,1,0.000230284942311738,0.09999059999999999,0,,,2026-07-01 13:00:00,0x322f0929c4625ed5bad873c95208d54e1c003b2d
0,,,2,0.004957713909851714,1.8926776795261882,0,,,0,,,2026-07-01 14:00:00,0x322f0929c4625ed5bad873c95208d54e1c003b2d
0,,,0,,,0,,,1,0.000231258137193905,0.09995180000000001,2026-07-01 15:00:00,0x322f0929c4625ed5bad873c95208d54e1c003b2d
0,,,0,,,0,,,0,,,2026-07-01 16:00:00,0x322f0929c4625ed5bad873c95208d54e1c003b2d
1,0.000231144174156379,0.0999868,0,,,0,,,1,0.000230284942311738,0.09999059999999999,2026-07-01 17:00:00,0x322f0929c4625ed5bad873c95208d54e1c003b2d
0,,,0,,,0,,,0,,,2026-07-01 18:00:00,0x322f0929c4625ed5bad873c95208d54e1c003b2d
0,,,0,,,0,,,0,,,2026-07-01 19:00:00,0x322f0929c4625ed5bad873c95208d54e1c003b2d
0,,,1,0.006215407368230283,2.76297815808,0,,,0,,,2026-07-01 20:00:00,0x322f0929c4625ed5bad873c95208d54e1c003b2d
0,,,0,,,0,,,0,,,2026-07-01 21:00:00,0x322f0929c4625ed5bad873c95208d54e1c003b2d
0,,,4,0.009940722997278991,4.253337778865207,2,0.004957713909851714,1.8926776795261882,0,,,2026-07-01 22:00:00,0x322f0929c4625ed5bad873c95208d54e1c003b2d
0,,,0,,,0,,,0,,,2026-07-01 23:00:00,0x322f0929c4625ed5bad873c95208d54e1c003b2d
0,,,0,,,0,,,0,,,2026-07-02 00:00:00,0x322f0929c4625ed5bad873c95208d54e1c003b2d
0,,,5,0.008922211000728401,3.851373468758,0,,,0,,,2026-07-02 01:00:00,0x322f0929c4625ed5bad873c95208d54e1c003b2d
0,,,1,1.7539822758068397,735.7157901299063,0,,,2,0.004957713909851714,1.8926776795261882,2026-07-02 02:00:00,0x322f0929c4625ed5bad873c95208d54e1c003b2d
1,0.000244510367877272,0.099843854931,204,39.784847813919804,16670.87308719186,0,,,0,,,2026-07-02 03:00:00,0x322f0929c4625ed5bad873c95208d54e1c003b2d
4,0.007226788133232933,3.1935913022560003,168,40.92906657874535,16977.38970393057,1,0.006215407368230283,2.76297815808,0,,,2026-07-02 04:00:00,0x322f0929c4625ed5bad873c95208d54e1c003b2d
0,,,40,17.900056639818654,6321.457470222962,0,,,0,,,2026-07-02 05:00:00,0x322f0929c4625ed5bad873c95208d54e1c003b2d
3,0.01128236181110282,5.91208056783,42,2.2688964772090228,849.1890615934977,4,0.009940722997278991,4.253337778865207,0,,,2026-07-02 06:00:00,0x322f0929c4625ed5bad873c95208d54e1c003b2d
0,,,5,0.05716492293483835,22.044666552320933,0,,,0,,,2026-07-02 07:00:00,0x322f0929c4625ed5bad873c95208d54e1c003b2d
0,,,0,,,0,,,1,0.006215407368230283,2.76297815808,2026-07-02 08:00:00,0x322f0929c4625ed5bad873c95208d54e1c003b2d
1,0.00018910732552504,0.08127712655999998,2,0.002542302211547236,0.9994710180749999,5,0.008922211000728401,3.851373468758,0,,,2026-07-02 09:00:00,0x322f0929c4625ed5bad873c95208d54e1c003b2d
0,,,3,0.05082397440212552,19.991424853602,1,1.7539822758068397,735.7157901299063,4,0.009940722997278991,4.253337778865207,2026-07-02 10:00:00,0x322f0929c4625ed5bad873c95208d54e1c003b2d
2,0.05000524602010518,22.283829453637004,4,0.5581372222087199,206.46790435186944,204,39.784847813919804,16670.87308719186,0,,,2026-07-02 11:00:00,0x322f0929c4625ed5bad873c95208d54e1c003b2d
2,0.003663200025917247,1.6355374769600002,7,2.1246341089888556,794.0961385453968,168,40.92906657874535,16977.38970393057,0,,,2026-07-02 12:00:00,0x322f0929c4625ed5bad873c95208d54e1c003b2d
1,4.47898938553e-07,0.00020001859999999998,0,,,40,17.900056639818654,6321.457470222962,5,0.008922211000728401,3.851373468758,2026-07-02 13:00:00,0x322f0929c4625ed5bad873c95208d54e1c003b2d
11,3.362912264116417,1405.948377154789,2,0.02068436143647803,7.527301650320878,42,2.2688964772090228,849.1890615934977,1,1.7539822758068397,735.7157901299063,2026-07-02 14:00:00,0x322f0929c4625ed5bad873c95208d54e1c003b2d
212,49.52648105160041,19872.990268846792,5,0.8647774294169366,336.7271042575509,5,0.05716492293483835,22.044666552320933,204,39.784847813919804,16670.87308719186,2026-07-02 15:00:00,0x322f0929c4625ed5bad873c95208d54e1c003b2d
52,13.271400114689733,5044.754160695748,9,0.26425467946935044,103.4540223802292,0,,,168,40.92906657874535,16977.38970393057,2026-07-02 16:00:00,0x322f0929c4625ed5bad873c95208d54e1c003b2d
9,0.8424128731849745,303.3398517596265,4,0.08902381996476283,35.200674212172586,2,0.002542302211547236,0.9994710180749999,40,17.900056639818654,6321.457470222962,2026-07-02 17:00:00,0x322f0929c4625ed5bad873c95208d54e1c003b2d
3,0.6821371321175573,257.6998951977999,1,0.30818639312789703,110.8613535745905,3,0.05082397440212552,19.991424853602,42,2.2688964772090228,849.1890615934977,2026-07-02 18:00:00,0x322f0929c4625ed5bad873c95208d54e1c003b2d
0,,,4,0.01962404709168479,7.821428154407186,4,0.5581372222087199,206.46790435186944,5,0.05716492293483835,22.044666552320933,2026-07-02 19:00:00,0x322f0929c4625ed5bad873c95208d54e1c003b2d
19,4.151090239314188,1544.4601101274986,2,0.5184972455336049,205.430487980482,7,2.1246341089888556,794.0961385453968,0,,,2026-07-02 20:00:00,0x322f0929c4625ed5bad873c95208d54e1c003b2d
1,0.000426250827124201,0.169928724,2,0.8662780192695435,312.380104607832,0,,,2,0.002542302211547236,0.9994710180749999,2026-07-02 21:00:00,0x322f0929c4625ed5bad873c95208d54e1c003b2d
0,,,3,0.13823578945616846,54.97919322966936,2,0.02068436143647803,7.527301650320878,3,0.05082397440212552,19.991424853602,2026-07-02 22:00:00,0x322f0929c4625ed5bad873c95208d54e1c003b2d
23,5.810102207051974,2155.1830455023287,8,0.000200402140627029,0.07989159971593514,5,0.8647774294169366,336.7271042575509,4,0.5581372222087199,206.46790435186944,2026-07-02 23:00:00,0x322f0929c4625ed5bad873c95208d54e1c003b2d
5,0.2548323530983465,96.67752320576221,5,0.03464423951300019,13.885792182192208,9,0.26425467946935044,103.4540223802292,7,2.1246341089888556,794.0961385453968,2026-07-03 00:00:00,0x322f0929c4625ed5bad873c95208d54e1c003b2d
1,0.000426773644895788,0.16884549,5,0.01563933812006453,6.248250644490001,4,0.08902381996476283,35.200674212172586,0,,,2026-07-03 01:00:00,0x322f0929c4625ed5bad873c95208d54e1c003b2d
6,0.8030854849260503,287.94261131873577,18,2.82565055280028,1105.1196803111823,1,0.30818639312789703,110.8613535745905,2,0.02068436143647803,7.527301650320878,2026-07-03 02:00:00,0x322f0929c4625ed5bad873c95208d54e1c003b2d
16,0.7582564697119754,293.4880950057223,8,0.9982153562308222,383.83603402434915,4,0.01962404709168479,7.821428154407186,5,0.8647774294169366,336.7271042575509,2026-07-03 03:00:00,0x322f0929c4625ed5bad873c95208d54e1c003b2d
4,0.047931676334663914,17.779684558410164,2,0.032960565661465685,13.185390210972525,2,0.5184972455336049,205.430487980482,9,0.26425467946935044,103.4540223802292,2026-07-03 04:00:00,0x322f0929c4625ed5bad873c95208d54e1c003b2d
1,0.002536768367868308,0.9087470210186467,4,0.048372453326909814,19.37293324896823,2,0.8662780192695435,312.380104607832,4,0.08902381996476283,35.200674212172586,2026-07-03 05:00:00,0x322f0929c4625ed5bad873c95208d54e1c003b2d
5,0.009970302888583357,3.5827585446948085,13,0.035834927799834215,14.002546106449456,3,0.13823578945616846,54.97919322966936,1,0.30818639312789703,110.8613535745905,2026-07-03 06:00:00,0x322f0929c4625ed5bad873c95208d54e1c003b2d
4,1.7179587718514e-05,0.0064830332373429726,3,0.024310467319129364,9.781281880746725,8,0.000200402140627029,0.07989159971593514,4,0.01962404709168479,7.821428154407186,2026-07-03 07:00:00,0x322f0929c4625ed5bad873c95208d54e1c003b2d
2,0.020714936707488016,8.25756421949386,7,0.033299320512927943,13.459407678546846,5,0.03464423951300019,13.885792182192208,2,0.5184972455336049,205.430487980482,2026-07-03 08:00:00,0x322f0929c4625ed5bad873c95208d54e1c003b2d
1,0.006524379419498077,2.5898759865,34,0.13584395362251983,53.025045403805194,5,0.01563933812006453,6.248250644490001,2,0.8662780192695435,312.380104607832,2026-07-03 09:00:00,0x322f0929c4625ed5bad873c95208d54e1c003b2d
9,0.5176746327432615,186.54618547024242,49,0.5697550473989726,220.89640843656048,18,2.82565055280028,1105.1196803111823,3,0.13823578945616846,54.97919322966936,2026-07-03 10:00:00,0x322f0929c4625ed5bad873c95208d54e1c003b2d
3,0.24458793475937338,96.93734474550557,4,0.03418289889709265,12.863906827022792,8,0.9982153562308222,383.83603402434915,8,0.000200402140627029,0.07989159971593514,2026-07-03 11:00:00,0x322f0929c4625ed5bad873c95208d54e1c003b2d
7,0.06006389734469148,22.443868577741405,0,,,2,0.032960565661465685,13.185390210972525,5,0.03464423951300019,13.885792182192208,2026-07-03 12:00:00,0x322f0929c4625ed5bad873c95208d54e1c003b2d
9,0.29410252535805204,108.12666148363323,3,0.00543590860801709,2.2145554774149216,4,0.048372453326909814,19.37293324896823,5,0.01563933812006453,6.248250644490001,2026-07-03 13:00:00,0x322f0929c4625ed5bad873c95208d54e1c003b2d
9,0.0818052185248166,31.053016961263012,10,2.175064861136207,790.2784611416455,13,0.035834927799834215,14.002546106449456,18,2.82565055280028,1105.1196803111823,2026-07-03 14:00:00,0x322f0929c4625ed5bad873c95208d54e1c003b2d
8,0.24865482612529877,93.65706898052757,8,0.09511611090989244,37.9178576861988,3,0.024310467319129364,9.781281880746725,8,0.9982153562308222,383.83603402434915,2026-07-03 15:00:00,0x322f0929c4625ed5bad873c95208d54e1c003b2d
5,0.14025405148450718,55.99420199614315,1,5.002768483364e-05,0.019883323236889065,7,0.033299320512927943,13.459407678546846,2,0.032960565661465685,13.185390210972525,2026-07-03 16:00:00,0x322f0929c4625ed5bad873c95208d54e1c003b2d
1,0.03333988028250303,13.382752816611664,0,,,34,0.13584395362251983,53.025045403805194,4,0.048372453326909814,19.37293324896823,2026-07-03 17:00:00,0x322f0929c4625ed5bad873c95208d54e1c003b2d
3,0.10741322393253835,43.16750042947933,1,0.002739884696707293,1.1010081489458734,49,0.5697550473989726,220.89640843656048,13,0.035834927799834215,14.002546106449456,2026-07-03 18:00:00,0x322f0929c4625ed5bad873c95208d54e1c003b2d
4,0.011580481280236659,4.6790211440863025,2,0.004177199074817527,1.6746396033753075,4,0.03418289889709265,12.863906827022792,3,0.024310467319129364,9.781281880746725,2026-07-03 19:00:00,0x322f0929c4625ed5bad873c95208d54e1c003b2d
6,0.02450374568480511,9.921561630291958,6,0.04421171500841303,16.916821763248436,0,,,7,0.033299320512927943,13.459407678546846,2026-07-03 20:00:00,0x322f0929c4625ed5bad873c95208d54e1c003b2d
22,0.0618785297467795,25.30033696355245,2,0.003408094932194211,1.3719370336433505,3,0.00543590860801709,2.2145554774149216,34,0.13584395362251983,53.025045403805194,2026-07-03 21:00:00,0x322f0929c4625ed5bad873c95208d54e1c003b2d
4,0.04271149345281304,17.42548792858692,1,0.003102127421637522,1.2480182430132534,10,2.175064861136207,790.2784611416455,49,0.5697550473989726,220.89640843656048,2026-07-03 22:00:00,0x322f0929c4625ed5bad873c95208d54e1c003b2d
2,0.006559200162675449,2.669712906880916,2,0.019013912082884086,7.643301555652648,8,0.09511611090989244,37.9178576861988,4,0.03418289889709265,12.863906827022792,2026-07-03 23:00:00,0x322f0929c4625ed5bad873c95208d54e1c003b2d
1,0.016885069570125023,6.880678040537363,0,,,1,5.002768483364e-05,0.019883323236889065,0,,,2026-07-04 00:00:00,0x322f0929c4625ed5bad873c95208d54e1c003b2d
7,0.0007782129941266901,0.3157031552337158,52,0.9311416165012409,355.2826186177969,0,,,3,0.00543590860801709,2.2145554774149216,2026-07-04 01:00:00,0x322f0929c4625ed5bad873c95208d54e1c003b2d
3,0.2105891876765655,76.02995645681298,61,0.6695944490318444,259.86562320369853,1,0.002739884696707293,1.1010081489458734,10,2.175064861136207,790.2784611416455,2026-07-04 02:00:00,0x322f0929c4625ed5bad873c95208d54e1c003b2d
1,2.5028885572914e-05,0.009985154492871247,30,0.5583335282579042,215.53282703716135,2,0.004177199074817527,1.6746396033753075,8,0.09511611090989244,37.9178576861988,2026-07-04 03:00:00,0x322f0929c4625ed5bad873c95208d54e1c003b2d
3,7.493015951163e-05,0.029985181682461337,7,0.0261362331957457,10.723916608575536,6,0.04421171500841303,16.916821763248436,1,5.002768483364e-05,0.019883323236889065,2026-07-04 04:00:00,0x322f0929c4625ed5bad873c95208d54e1c003b2d
4,0.00437110686729602,1.752972107348705,1,0.005961791602525408,2.4420666578663326,2,0.003408094932194211,1.3719370336433505,0,,,2026-07-04 05:00:00,0x322f0929c4625ed5bad873c95208d54e1c003b2d
2,0.024631289715530455,9.893380611801083,5,0.002046974112659634,0.8372551995321287,1,0.003102127421637522,1.2480182430132534,1,0.002739884696707293,1.1010081489458734,2026-07-04 06:00:00,0x322f0929c4625ed5bad873c95208d54e1c003b2d
2,0.007314095490467117,2.9302833796392695,3,0.0013097005977561382,0.5373043991122524,2,0.019013912082884086,7.643301555652648,2,0.004177199074817527,1.6746396033753075,2026-07-04 07:00:00,0x322f0929c4625ed5bad873c95208d54e1c003b2d
7,0.03408145538395366,13.188204487941366,1,0.012379041841639954,5.078492886970422,0,,,6,0.04421171500841303,16.916821763248436,2026-07-04 08:00:00,0x322f0929c4625ed5bad873c95208d54e1c003b2d
2,0.02491556229067743,9.51224503719537,5,0.004906712113086279,2.0076229566340307,52,0.9311416165012409,355.2826186177969,2,0.003408094932194211,1.3719370336433505,2026-07-04 09:00:00,0x322f0929c4625ed5bad873c95208d54e1c003b2d
5,0.29943855795923474,108.6788482477373,3,0.00010007555202228199,0.039795046163521086,61,0.6695944490318444,259.86562320369853,1,0.003102127421637522,1.2480182430132534,2026-07-04 10:00:00,0x322f0929c4625ed5bad873c95208d54e1c003b2d
2,0.009780929316584742,3.933627691147256,1,2.5006835806495e-05,0.00998026192610484,30,0.5583335282579042,215.53282703716135,2,0.019013912082884086,7.643301555652648,2026-07-04 11:00:00,0x322f0929c4625ed5bad873c95208d54e1c003b2d
10,0.09088779931627237,36.599810394950865,0,,,7,0.0261362331957457,10.723916608575536,0,,,2026-07-04 12:00:00,0x322f0929c4625ed5bad873c95208d54e1c003b2d
245,3.340809131082813,1281.6033806045214,7,0.028698116425003,11.479021718870273,1,0.005961791602525408,2.4420666578663326,52,0.9311416165012409,355.2826186177969,2026-07-04 13:00:00,0x322f0929c4625ed5bad873c95208d54e1c003b2d
49,0.5784841715816588,222.81609539582237,8,0.22286058956046484,89.5960128729922,5,0.002046974112659634,0.8372551995321287,61,0.6695944490318444,259.86562320369853,2026-07-04 14:00:00,0x322f0929c4625ed5bad873c95208d54e1c003b2d
6,0.032256072038970546,13.122752632830872,1,0.013005099926267088,5.238704309958485,3,0.0013097005977561382,0.5373043991122524,30,0.5583335282579042,215.53282703716135,2026-07-04 15:00:00,0x322f0929c4625ed5bad873c95208d54e1c003b2d
11,0.002341694213014667,0.9566215230529113,0,,,1,0.012379041841639954,5.078492886970422,7,0.0261362331957457,10.723916608575536,2026-07-04 16:00:00,0x322f0929c4625ed5bad873c95208d54e1c003b2d
2,0.024043210132008143,9.640280065182619,1,0.008336697318784619,3.046115760917065,5,0.004906712113086279,2.0076229566340307,1,0.005961791602525408,2.4420666578663326,2026-07-04 17:00:00,0x322f0929c4625ed5bad873c95208d54e1c003b2d
21,0.4904961883485593,189.0713293318502,1,0.004660232696246858,1.684968189688,3,0.00010007555202228199,0.039795046163521086,5,0.002046974112659634,0.8372551995321287,2026-07-04 18:00:00,0x322f0929c4625ed5bad873c95208d54e1c003b2d
4,0.005246152656096963,2.1507064965426816,3,0.20131679477870373,80.54300351010899,1,2.5006835806495e-05,0.00998026192610484,3,0.0013097005977561382,0.5373043991122524,2026-07-04 19:00:00,0x322f0929c4625ed5bad873c95208d54e1c003b2d
3,0.0031614911487094837,1.264274581393754,2,0.012353252962820017,4.917169288273,0,,,1,0.012379041841639954,5.078492886970422,2026-07-04 20:00:00,0x322f0929c4625ed5bad873c95208d54e1c003b2d
2,0.000100104101771418,0.039726658274179635,3,0.17579759648350118,70.318167406539,7,0.028698116425003,11.479021718870273,5,0.004906712113086279,2.0076229566340307,2026-07-04 21:00:00,0x322f0929c4625ed5bad873c95208d54e1c003b2d
7,0.012034883209028468,4.914869547662838,0,,,8,0.22286058956046484,89.5960128729922,3,0.00010007555202228199,0.039795046163521086,2026-07-04 22:00:00,0x322f0929c4625ed5bad873c95208d54e1c003b2d
10,0.000571558828225285,0.23085496699318178,1,0.1786202659931292,71.50917214377,1,0.013005099926267088,5.238704309958485,1,2.5006835806495e-05,0.00998026192610484,2026-07-04 23:00:00,0x322f0929c4625ed5bad873c95208d54e1c003b2d
3,7.4949784059208e-05,0.02991733805237646,1,0.12615949418565098,50.569423552151996,0,,,0,,,2026-07-05 00:00:00,0x322f0929c4625ed5bad873c95208d54e1c003b2d
7,0.00017468636069227202,0.06980765315881655,2,0.003927362816398946,1.575004658134,1,0.008336697318784619,3.046115760917065,7,0.028698116425003,11.479021718870273,2026-07-05 01:00:00,0x322f0929c4625ed5bad873c95208d54e1c003b2d
6,0.015062502052813434,6.088263821189734,3,0.21131518095874985,84.72764818148036,1,0.004660232696246858,1.684968189688,8,0.22286058956046484,89.5960128729922,2026-07-05 02:00:00,0x322f0929c4625ed5bad873c95208d54e1c003b2d
1,0.002736580977198668,1.1054709348703466,3,0.02484471746214835,10.040080049291213,3,0.20131679477870373,80.54300351010899,1,0.013005099926267088,5.238704309958485,2026-07-05 03:00:00,0x322f0929c4625ed5bad873c95208d54e1c003b2d
5,0.07756413152425136,30.481317707809822,2,0.0167354720324683,6.802271523763025,2,0.012353252962820017,4.917169288273,0,,,2026-07-05 04:00:00,0x322f0929c4625ed5bad873c95208d54e1c003b2d
2,0.004974871645854411,2.0041678743694478,2,0.027533391383454897,11.048208833341594,3,0.17579759648350118,70.318167406539,1,0.008336697318784619,3.046115760917065,2026-07-05 05:00:00,0x322f0929c4625ed5bad873c95208d54e1c003b2d
1,0.681101680212468,270.475798176304,0,,,0,,,1,0.004660232696246858,1.684968189688,2026-07-05 06:00:00,0x322f0929c4625ed5bad873c95208d54e1c003b2d
1,0.003805220513880316,1.5387322647959851,3,0.001423921826149385,0.57188437029,1,0.1786202659931292,71.50917214377,3,0.20131679477870373,80.54300351010899,2026-07-05 07:00:00,0x322f0929c4625ed5bad873c95208d54e1c003b2d
1,0.003348984478091593,1.358611504024822,0,,,1,0.12615949418565098,50.569423552151996,2,0.012353252962820017,4.917169288273,2026-07-05 08:00:00,0x322f0929c4625ed5bad873c95208d54e1c003b2d
0,,,2,0.03255434964803876,13.171084808922087,2,0.003927362816398946,1.575004658134,3,0.17579759648350118,70.318167406539,2026-07-05 09:00:00,0x322f0929c4625ed5bad873c95208d54e1c003b2d
1,0.005036351523182188,2.028988367130999,1,0.012830457174851576,5.147816080256,3,0.21131518095874985,84.72764818148036,0,,,2026-07-05 10:00:00,0x322f0929c4625ed5bad873c95208d54e1c003b2d
2,0.006642432669619818,2.6694956936049508,1,3.2404956571744e-05,0.013000676,3,0.02484471746214835,10.040080049291213,1,0.1786202659931292,71.50917214377,2026-07-05 11:00:00,0x322f0929c4625ed5bad873c95208d54e1c003b2d
3,0.2420132802184359,94.2083199196367,2,0.007246543880281665,2.812852318216362,2,0.0167354720324683,6.802271523763025,1,0.12615949418565098,50.569423552151996,2026-07-05 12:00:00,0x322f0929c4625ed5bad873c95208d54e1c003b2d
4,0.016120880835151827,6.618471831150725,3,0.024444489462083552,9.129138033600553,2,0.027533391383454897,11.048208833341594,2,0.003927362816398946,1.575004658134,2026-07-05 13:00:00,0x322f0929c4625ed5bad873c95208d54e1c003b2d
2,0.015454863570635326,6.256880910800109,3,0.7921922667117279,314.12092434728135,0,,,3,0.21131518095874985,84.72764818148036,2026-07-05 14:00:00,0x322f0929c4625ed5bad873c95208d54e1c003b2d
3,0.036349060412348935,14.769325871206508,0,,,3,0.001423921826149385,0.57188437029,3,0.02484471746214835,10.040080049291213,2026-07-05 15:00:00,0x322f0929c4625ed5bad873c95208d54e1c003b2d
3,0.02018124110793103,8.205357710267888,0,,,0,,,2,0.0167354720324683,6.802271523763025,2026-07-05 16:00:00,0x322f0929c4625ed5bad873c95208d54e1c003b2d
0,,,1,0.08103300616340484,32.066532362476,2,0.03255434964803876,13.171084808922087,2,0.027533391383454897,11.048208833341594,2026-07-05 17:00:00,0x322f0929c4625ed5bad873c95208d54e1c003b2d
0,,,2,0.022216580900813084,8.84288431367,1,0.012830457174851576,5.147816080256,0,,,2026-07-05 18:00:00,0x322f0929c4625ed5bad873c95208d54e1c003b2d
1,0.02019961423387449,8.25127675436216,2,0.35653261906200967,142.18543794109198,1,3.2404956571744e-05,0.013000676,3,0.001423921826149385,0.57188437029,2026-07-05 19:00:00,0x322f0929c4625ed5bad873c95208d54e1c003b2d
0,,,2,0.00541375538496102,2.1914430174078,2,0.007246543880281665,2.812852318216362,0,,,2026-07-05 20:00:00,0x322f0929c4625ed5bad873c95208d54e1c003b2d
2,0.0676495294773381,27.190687045002047,4,0.3233507238737424,129.14109563041498,3,0.024444489462083552,9.129138033600553,2,0.03255434964803876,13.171084808922087,2026-07-05 21:00:00,0x322f0929c4625ed5bad873c95208d54e1c003b2d
0,,,3,0.26247403672159436,104.93015416113211,3,0.7921922667117279,314.12092434728135,1,0.012830457174851576,5.147816080256,2026-07-05 22:00:00,0x322f0929c4625ed5bad873c95208d54e1c003b2d
0,,,1,0.009849335144979201,4.007675212067049,0,,,1,3.2404956571744e-05,0.013000676,2026-07-05 23:00:00,0x322f0929c4625ed5bad873c95208d54e1c003b2d
1,0.2947739806966584,117.459839885571,2,0.23222912036598242,92.3067031646473,0,,,2,0.007246543880281665,2.812852318216362,2026-07-06 00:00:00,0x322f0929c4625ed5bad873c95208d54e1c003b2d
4,0.9889531273965825,393.7516363696248,5,0.901248564547749,356.6779096993915,1,0.08103300616340484,32.066532362476,3,0.024444489462083552,9.129138033600553,2026-07-06 01:00:00,0x322f0929c4625ed5bad873c95208d54e1c003b2d
1,0.01484480346140366,6.067228889842687,42,12.283145558415013,4873.274498728051,2,0.022216580900813084,8.84288431367,3,0.7921922667117279,314.12092434728135,2026-07-06 02:00:00,0x322f0929c4625ed5bad873c95208d54e1c003b2d
2,0.005343883230813326,2.184542872980839,11,2.70390573045865,1098.7668298622814,2,0.35653261906200967,142.18543794109198,0,,,2026-07-06 03:00:00,0x322f0929c4625ed5bad873c95208d54e1c003b2d
1,0.018187261291559113,7.4299947678,17,2.9585124723076226,1221.5700333696905,2,0.00541375538496102,2.1914430174078,0,,,2026-07-06 04:00:00,0x322f0929c4625ed5bad873c95208d54e1c003b2d
4,0.028982972843019858,11.574891540739488,3,0.5198758828010137,217.39495222640278,4,0.3233507238737424,129.14109563041498,1,0.08103300616340484,32.066532362476,2026-07-06 05:00:00,0x322f0929c4625ed5bad873c95208d54e1c003b2d
4,0.022338087477826906,9.09332071586977,13,1.4159727002088789,588.6494778390979,3,0.26247403672159436,104.93015416113211,2,0.022216580900813084,8.84288431367,2026-07-06 06:00:00,0x322f0929c4625ed5bad873c95208d54e1c003b2d
5,0.012938515393446632,5.254886630147436,16,0.5283720234140661,223.07839104708077,1,0.009849335144979201,4.007675212067049,2,0.35653261906200967,142.18543794109198,2026-07-06 07:00:00,0x322f0929c4625ed5bad873c95208d54e1c003b2d
1,0.007357493392569878,2.9330202489,12,1.5356885032783638,643.7477874938479,2,0.23222912036598242,92.3067031646473,2,0.00541375538496102,2.1914430174078,2026-07-06 08:00:00,0x322f0929c4625ed5bad873c95208d54e1c003b2d
2,0.2893208648157209,115.590339792151,213,0.3358790594635889,142.91009247767994,5,0.901248564547749,356.6779096993915,4,0.3233507238737424,129.14109563041498,2026-07-06 09:00:00,0x322f0929c4625ed5bad873c95208d54e1c003b2d
1,0.00963382679775614,3.9049885486430926,95,0.6401960135106599,269.4016112311933,42,12.283145558415013,4873.274498728051,3,0.26247403672159436,104.93015416113211,2026-07-06 10:00:00,0x322f0929c4625ed5bad873c95208d54e1c003b2d
1,0.003211533256204785,1.3055411974487166,91,0.014215593165211537,6.1283254976126145,11,2.70390573045865,1098.7668298622814,1,0.009849335144979201,4.007675212067049,2026-07-06 11:00:00,0x322f0929c4625ed5bad873c95208d54e1c003b2d
2,0.02811743499300018,10.3599935551848,94,0.3774680920769867,158.19844066918736,17,2.9585124723076226,1221.5700333696905,2,0.23222912036598242,92.3067031646473,2026-07-06 12:00:00,0x322f0929c4625ed5bad873c95208d54e1c003b2d
6,0.9044638253654155,360.4164295491466,89,0.3245735284333246,135.38395670531378,3,0.5198758828010137,217.39495222640278,5,0.901248564547749,356.6779096993915,2026-07-06 13:00:00,0x322f0929c4625ed5bad873c95208d54e1c003b2d
23,4.583064894494291,1850.7475585520644,97,0.33101584558205377,141.43159981840384,13,1.4159727002088789,588.6494778390979,42,12.283145558415013,4873.274498728051,2026-07-06 14:00:00,0x322f0929c4625ed5bad873c95208d54e1c003b2d
19,3.4245098218597847,1402.0503045321777,103,0.6251355284698513,264.84350324059665,16,0.5283720234140661,223.07839104708077,11,2.70390573045865,1098.7668298622814,2026-07-06 15:00:00,0x322f0929c4625ed5bad873c95208d54e1c003b2d
19,3.1670419171179254,1317.7517405446054,89,0.30726807015430724,127.33356200135059,12,1.5356885032783638,643.7477874938479,17,2.9585124723076226,1221.5700333696905,2026-07-06 16:00:00,0x322f0929c4625ed5bad873c95208d54e1c003b2d
2,0.4362174471800352,182.674667447175,94,0.061091629404024114,25.997415224101257,213,0.3358790594635889,142.91009247767994,3,0.5198758828010137,217.39495222640278,2026-07-06 17:00:00,0x322f0929c4625ed5bad873c95208d54e1c003b2d
19,1.0522788040119733,441.4568398505225,91,0.0148908037553658,6.328561421247548,95,0.6401960135106599,269.4016112311933,13,1.4159727002088789,588.6494778390979,2026-07-06 18:00:00,0x322f0929c4625ed5bad873c95208d54e1c003b2d
6,0.3419774734010047,143.32810703839777,1,0.013765651701209322,5.882039303865066,91,0.014215593165211537,6.1283254976126145,16,0.5283720234140661,223.07839104708077,2026-07-06 19:00:00,0x322f0929c4625ed5bad873c95208d54e1c003b2d
26,0.1384108650850664,58.13565423387122,6,0.04141705543238627,17.546682331712923,94,0.3774680920769867,158.19844066918736,12,1.5356885032783638,643.7477874938479,2026-07-06 20:00:00,0x322f0929c4625ed5bad873c95208d54e1c003b2d
106,0.1685124852149219,72.31016487174642,5,0.13669475183370527,57.56201390072696,89,0.3245735284333246,135.38395670531378,213,0.3358790594635889,142.91009247767994,2026-07-06 21:00:00,0x322f0929c4625ed5bad873c95208d54e1c003b2d
95,0.40372772845384947,171.02356248169812,4,0.28241880650605106,117.32455308386918,97,0.33101584558205377,141.43159981840384,95,0.6401960135106599,269.4016112311933,2026-07-06 22:00:00,0x322f0929c4625ed5bad873c95208d54e1c003b2d
97,0.3803488429683081,160.33089322760264,1,0.003054959444987769,1.3089606524621322,103,0.6251355284698513,264.84350324059665,91,0.014215593165211537,6.1283254976126145,2026-07-06 23:00:00,0x322f0929c4625ed5bad873c95208d54e1c003b2d
94,0.39297522222085435,164.98920188247297,4,0.025954789080920686,11.127876759039722,89,0.30726807015430724,127.33356200135059,94,0.3774680920769867,158.19844066918736,2026-07-07 00:00:00,0x322f0929c4625ed5bad873c95208d54e1c003b2d
96,0.8708072098828157,362.96454681257427,8,0.04417491406565724,19.309825947996114,94,0.061091629404024114,25.997415224101257,89,0.3245735284333246,135.38395670531378,2026-07-07 01:00:00,0x322f0929c4625ed5bad873c95208d54e1c003b2d
96,0.2202536651077568,94.12911818299295,22,3.973559354155567,1653.9014633927616,91,0.0148908037553658,6.328561421247548,97,0.33101584558205377,141.43159981840384,2026-07-07 02:00:00,0x322f0929c4625ed5bad873c95208d54e1c003b2d
95,0.09769790211585071,41.35397561493825,4,0.045527879102778834,19.335717350138314,1,0.013765651701209322,5.882039303865066,103,0.6251355284698513,264.84350324059665,2026-07-07 03:00:00,0x322f0929c4625ed5bad873c95208d54e1c003b2d
98,2.418030613514497,1005.3469785304978,16,0.8418643467035157,347.4697843579803,6,0.04141705543238627,17.546682331712923,89,0.30726807015430724,127.33356200135059,2026-07-07 04:00:00,0x322f0929c4625ed5bad873c95208d54e1c003b2d
91,0.5611002157563973,232.38011043136868,13,1.319768288933788,544.5696592210718,5,0.13669475183370527,57.56201390072696,94,0.061091629404024114,25.997415224101257,2026-07-07 05:00:00,0x322f0929c4625ed5bad873c95208d54e1c003b2d
14,0.053489952554455135,22.22827431238628,5,0.08080760209672418,35.415005317049236,4,0.28241880650605106,117.32455308386918,91,0.0148908037553658,6.328561421247548,2026-07-07 06:00:00,0x322f0929c4625ed5bad873c95208d54e1c003b2d
5,0.05165344491966372,22.113939909610302,7,1.592154018104294,646.4731367447179,1,0.003054959444987769,1.3089606524621322,1,0.013765651701209322,5.882039303865066,2026-07-07 07:00:00,0x322f0929c4625ed5bad873c95208d54e1c003b2d
5,5.336645884627776,2195.1719448225695,12,0.3205787545929285,140.37737743594096,4,0.025954789080920686,11.127876759039722,6,0.04141705543238627,17.546682331712923,2026-07-07 08:00:00,0x322f0929c4625ed5bad873c95208d54e1c003b2d
3,0.47229058531192364,195.370386906076,10,0.1425886194079036,62.51501861695445,8,0.04417491406565724,19.309825947996114,5,0.13669475183370527,57.56201390072696,2026-07-07 09:00:00,0x322f0929c4625ed5bad873c95208d54e1c003b2d
5,0.5507566681111931,228.97457083626537,4,0.10434422621288358,45.60565032467599,22,3.973559354155567,1653.9014633927616,4,0.28241880650605106,117.32455308386918,2026-07-07 10:00:00,0x322f0929c4625ed5bad873c95208d54e1c003b2d
5,1.1921811710629555,497.2561239915551,9,0.15141119891995733,64.4675100087105,4,0.045527879102778834,19.335717350138314,1,0.003054959444987769,1.3089606524621322,2026-07-07 11:00:00,0x322f0929c4625ed5bad873c95208d54e1c003b2d
3,0.2952801975107697,123.74540882180452,10,0.18069828707035948,78.87081926055029,16,0.8418643467035157,347.4697843579803,4,0.025954789080920686,11.127876759039722,2026-07-07 12:00:00,0x322f0929c4625ed5bad873c95208d54e1c003b2d
3,0.31108562575442,129.42272052163844,20,11.879665617632847,4721.6463088115,13,1.319768288933788,544.5696592210718,8,0.04417491406565724,19.309825947996114,2026-07-07 13:00:00,0x322f0929c4625ed5bad873c95208d54e1c003b2d
29,4.426522722366673,1823.0398255387968,8,1.0151604735388298,410.305304621489,5,0.08080760209672418,35.415005317049236,22,3.973559354155567,1653.9014633927616,2026-07-07 14:00:00,0x322f0929c4625ed5bad873c95208d54e1c003b2d
9,1.2295775362736923,502.0712678104701,10,0.5831123661232841,242.9115887411821,7,1.592154018104294,646.4731367447179,4,0.045527879102778834,19.335717350138314,2026-07-07 15:00:00,0x322f0929c4625ed5bad873c95208d54e1c003b2d
10,0.45080099725053857,186.76253971406808,10,0.27189090181185277,114.74046489631614,12,0.3205787545929285,140.37737743594096,16,0.8418643467035157,347.4697843579803,2026-07-07 16:00:00,0x322f0929c4625ed5bad873c95208d54e1c003b2d
4,0.3686695811920015,151.693212941592,21,0.9334076956024926,397.12662034461226,10,0.1425886194079036,62.51501861695445,13,1.319768288933788,544.5696592210718,2026-07-07 17:00:00,0x322f0929c4625ed5bad873c95208d54e1c003b2d
6,0.184637336338597,78.94578717561735,21,0.9072691459282952,382.1072339720713,4,0.10434422621288358,45.60565032467599,5,0.08080760209672418,35.415005317049236,2026-07-07 18:00:00,0x322f0929c4625ed5bad873c95208d54e1c003b2d
7,0.8869583006263171,359.1024908658535,20,1.1163230637639938,471.4114925948423,9,0.15141119891995733,64.4675100087105,7,1.592154018104294,646.4731367447179,2026-07-07 19:00:00,0x322f0929c4625ed5bad873c95208d54e1c003b2d
8,0.1874702370082426,82.19552263095282,51,8.429446170585194,3562.034084401048,10,0.18069828707035948,78.87081926055029,12,0.3205787545929285,140.37737743594096,2026-07-07 20:00:00,0x322f0929c4625ed5bad873c95208d54e1c003b2d
8,0.11517275571251923,48.706264593909715,23,2.1143242345230817,865.0965904816203,20,11.879665617632847,4721.6463088115,10,0.1425886194079036,62.51501861695445,2026-07-07 21:00:00,0x322f0929c4625ed5bad873c95208d54e1c003b2d
5,0.06836426731517391,29.85194536873091,21,1.2171162090288978,505.74399764042096,8,1.0151604735388298,410.305304621489,4,0.10434422621288358,45.60565032467599,2026-07-07 22:00:00,0x322f0929c4625ed5bad873c95208d54e1c003b2d
5,0.057363033692053665,25.15494152666636,34,2.3364917682429023,977.9762529161621,10,0.5831123661232841,242.9115887411821,9,0.15141119891995733,64.4675100087105,2026-07-07 23:00:00,0x322f0929c4625ed5bad873c95208d54e1c003b2d
0,,,0,,,0,,,0,,,2026-07-01 00:00:00,0x3b14c39e89d60d627b42a1a4ca45b5bb45fc12e2
0,,,0,,,0,,,0,,,2026-07-01 01:00:00,0x3b14c39e89d60d627b42a1a4ca45b5bb45fc12e2
0,,,0,,,0,,,0,,,2026-07-01 02:00:00,0x3b14c39e89d60d627b42a1a4ca45b5bb45fc12e2
0,,,0,,,0,,,0,,,2026-07-01 03:00:00,0x3b14c39e89d60d627b42a1a4ca45b5bb45fc12e2
0,,,0,,,0,,,0,,,2026-07-01 04:00:00,0x3b14c39e89d60d627b42a1a4ca45b5bb45fc12e2
0,,,0,,,0,,,0,,,2026-07-01 05:00:00,0x3b14c39e89d60d627b42a1a4ca45b5bb45fc12e2
0,,,0,,,0,,,0,,,2026-07-01 06:00:00,0x3b14c39e89d60d627b42a1a4ca45b5bb45fc12e2
0,,,0,,,0,,,0,,,2026-07-01 07:00:00,0x3b14c39e89d60d627b42a1a4ca45b5bb45fc12e2
0,,,0,,,0,,,0,,,2026-07-01 08:00:00,0x3b14c39e89d60d627b42a1a4ca45b5bb45fc12e2
0,,,0,,,0,,,0,,,2026-07-01 09:00:00,0x3b14c39e89d60d627b42a1a4ca45b5bb45fc12e2
0,,,0,,,0,,,0,,,2026-07-01 10:00:00,0x3b14c39e89d60d627b42a1a4ca45b5bb45fc12e2
0,,,0,,,0,,,0,,,2026-07-01 11:00:00,0x3b14c39e89d60d627b42a1a4ca45b5bb45fc12e2
0,,,0,,,0,,,0,,,2026-07-01 12:00:00,0x3b14c39e89d60d627b42a1a4ca45b5bb45fc12e2
0,,,0,,,0,,,0,,,2026-07-01 13:00:00,0x3b14c39e89d60d627b42a1a4ca45b5bb45fc12e2
0,,,0,,,0,,,0,,,2026-07-01 14:00:00,0x3b14c39e89d60d627b42a1a4ca45b5bb45fc12e2
0,,,0,,,0,,,0,,,2026-07-01 15:00:00,0x3b14c39e89d60d627b42a1a4ca45b5bb45fc12e2
0,,,0,,,0,,,0,,,2026-07-01 16:00:00,0x3b14c39e89d60d627b42a1a4ca45b5bb45fc12e2
0,,,0,,,0,,,0,,,2026-07-01 17:00:00,0x3b14c39e89d60d627b42a1a4ca45b5bb45fc12e2
0,,,0,,,0,,,0,,,2026-07-01 18:00:00,0x3b14c39e89d60d627b42a1a4ca45b5bb45fc12e2
0,,,0,,,0,,,0,,,2026-07-01 19:00:00,0x3b14c39e89d60d627b42a1a4ca45b5bb45fc12e2
0,,,0,,,0,,,0,,,2026-07-01 20:00:00,0x3b14c39e89d60d627b42a1a4ca45b5bb45fc12e2
0,,,0,,,0,,,0,,,2026-07-01 21:00:00,0x3b14c39e89d60d627b42a1a4ca45b5bb45fc12e2
0,,,0,,,0,,,0,,,2026-07-01 22:00:00,0x3b14c39e89d60d627b42a1a4ca45b5bb45fc12e2
0,,,0,,,0,,,0,,,2026-07-01 23:00:00,0x3b14c39e89d60d627b42a1a4ca45b5bb45fc12e2
0,,,0,,,0,,,0,,,2026-07-02 00:00:00,0x3b14c39e89d60d627b42a1a4ca45b5bb45fc12e2
0,,,0,,,0,,,0,,,2026-07-02 01:00:00,0x3b14c39e89d60d627b42a1a4ca45b5bb45fc12e2
0,,,0,,,0,,,0,,,2026-07-02 02:00:00,0x3b14c39e89d60d627b42a1a4ca45b5bb45fc12e2
0,,,0,,,0,,,0,,,2026-07-02 03:00:00,0x3b14c39e89d60d627b42a1a4ca45b5bb45fc12e2
0,,,0,,,0,,,0,,,2026-07-02 04:00:00,0x3b14c39e89d60d627b42a1a4ca45b5bb45fc12e2
0,,,0,,,0,,,0,,,2026-07-02 05:00:00,0x3b14c39e89d60d627b42a1a4ca45b5bb45fc12e2
0,,,0,,,0,,,0,,,2026-07-02 06:00:00,0x3b14c39e89d60d627b42a1a4ca45b5bb45fc12e2
0,,,0,,,0,,,0,,,2026-07-02 07:00:00,0x3b14c39e89d60d627b42a1a4ca45b5bb45fc12e2
0,,,0,,,0,,,0,,,2026-07-02 08:00:00,0x3b14c39e89d60d627b42a1a4ca45b5bb45fc12e2
0,,,0,,,0,,,0,,,2026-07-02 09:00:00,0x3b14c39e89d60d627b42a1a4ca45b5bb45fc12e2
0,,,0,,,0,,,0,,,2026-07-02 10:00:00,0x3b14c39e89d60d627b42a1a4ca45b5bb45fc12e2
0,,,0,,,0,,,0,,,2026-07-02 11:00:00,0x3b14c39e89d60d627b42a1a4ca45b5bb45fc12e2
0,,,0,,,0,,,0,,,2026-07-02 12:00:00,0x3b14c39e89d60d627b42a1a4ca45b5bb45fc12e2
0,,,0,,,0,,,0,,,2026-07-02 13:00:00,0x3b14c39e89d60d627b42a1a4ca45b5bb45fc12e2
0,,,0,,,0,,,0,,,2026-07-02 14:00:00,0x3b14c39e89d60d627b42a1a4ca45b5bb45fc12e2
0,,,0,,,0,,,0,,,2026-07-02 15:00:00,0x3b14c39e89d60d627b42a1a4ca45b5bb45fc12e2
0,,,0,,,0,,,0,,,2026-07-02 16:00:00,0x3b14c39e89d60d627b42a1a4ca45b5bb45fc12e2
0,,,0,,,0,,,0,,,2026-07-02 17:00:00,0x3b14c39e89d60d627b42a1a4ca45b5bb45fc12e2
0,,,0,,,0,,,0,,,2026-07-02 18:00:00,0x3b14c39e89d60d627b42a1a4ca45b5bb45fc12e2
0,,,0,,,0,,,0,,,2026-07-02 19:00:00,0x3b14c39e89d60d627b42a1a4ca45b5bb45fc12e2
0,,,0,,,0,,,0,,,2026-07-02 20:00:00,0x3b14c39e89d60d627b42a1a4ca45b5bb45fc12e2
0,,,0,,,0,,,0,,,2026-07-02 21:00:00,0x3b14c39e89d60d627b42a1a4ca45b5bb45fc12e2
0,,,0,,,0,,,0,,,2026-07-02 22:00:00,0x3b14c39e89d60d627b42a1a4ca45b5bb45fc12e2
0,,,0,,,0,,,0,,,2026-07-02 23:00:00,0x3b14c39e89d60d627b42a1a4ca45b5bb45fc12e2
0,,,0,,,0,,,0,,,2026-07-03 00:00:00,0x3b14c39e89d60d627b42a1a4ca45b5bb45fc12e2
0,,,0,,,0,,,0,,,2026-07-03 01:00:00,0x3b14c39e89d60d627b42a1a4ca45b5bb45fc12e2
0,,,0,,,0,,,0,,,2026-07-03 02:00:00,0x3b14c39e89d60d627b42a1a4ca45b5bb45fc12e2
0,,,0,,,0,,,0,,,2026-07-03 03:00:00,0x3b14c39e89d60d627b42a1a4ca45b5bb45fc12e2
0,,,0,,,0,,,0,,,2026-07-03 04:00:00,0x3b14c39e89d60d627b42a1a4ca45b5bb45fc12e2
0,,,0,,,0,,,0,,,2026-07-03 05:00:00,0x3b14c39e89d60d627b42a1a4ca45b5bb45fc12e2
0,,,0,,,0,,,0,,,2026-07-03 06:00:00,0x3b14c39e89d60d627b42a1a4ca45b5bb45fc12e2
0,,,0,,,0,,,0,,,2026-07-03 07:00:00,0x3b14c39e89d60d627b42a1a4ca45b5bb45fc12e2
0,,,0,,,0,,,0,,,2026-07-03 08:00:00,0x3b14c39e89d60d627b42a1a4ca45b5bb45fc12e2
0,,,0,,,0,,,0,,,2026-07-03 09:00:00,0x3b14c39e89d60d627b42a1a4ca45b5bb45fc12e2
0,,,0,,,0,,,0,,,2026-07-03 10:00:00,0x3b14c39e89d60d627b42a1a4ca45b5bb45fc12e2
0,,,0,,,0,,,0,,,2026-07-03 11:00:00,0x3b14c39e89d60d627b42a1a4ca45b5bb45fc12e2
0,,,0,,,0,,,0,,,2026-07-03 12:00:00,0x3b14c39e89d60d627b42a1a4ca45b5bb45fc12e2
0,,,0,,,0,,,0,,,2026-07-03 13:00:00,0x3b14c39e89d60d627b42a1a4ca45b5bb45fc12e2
0,,,0,,,0,,,0,,,2026-07-03 14:00:00,0x3b14c39e89d60d627b42a1a4ca45b5bb45fc12e2
0,,,0,,,0,,,0,,,2026-07-03 15:00:00,0x3b14c39e89d60d627b42a1a4ca45b5bb45fc12e2
0,,,0,,,0,,,0,,,2026-07-03 16:00:00,0x3b14c39e89d60d627b42a1a4ca45b5bb45fc12e2
0,,,0,,,0,,,0,,,2026-07-03 17:00:00,0x3b14c39e89d60d627b42a1a4ca45b5bb45fc12e2
0,,,0,,,0,,,0,,,2026-07-03 18:00:00,0x3b14c39e89d60d627b42a1a4ca45b5bb45fc12e2
0,,,0,,,0,,,0,,,2026-07-03 19:00:00,0x3b14c39e89d60d627b42a1a4ca45b5bb45fc12e2
0,,,0,,,0,,,0,,,2026-07-03 20:00:00,0x3b14c39e89d60d627b42a1a4ca45b5bb45fc12e2
0,,,0,,,0,,,0,,,2026-07-03 21:00:00,0x3b14c39e89d60d627b42a1a4ca45b5bb45fc12e2
0,,,0,,,0,,,0,,,2026-07-03 22:00:00,0x3b14c39e89d60d627b42a1a4ca45b5bb45fc12e2
0,,,0,,,0,,,0,,,2026-07-03 23:00:00,0x3b14c39e89d60d627b42a1a4ca45b5bb45fc12e2
0,,,0,,,0,,,0,,,2026-07-04 00:00:00,0x3b14c39e89d60d627b42a1a4ca45b5bb45fc12e2
0,,,0,,,0,,,0,,,2026-07-04 01:00:00,0x3b14c39e89d60d627b42a1a4ca45b5bb45fc12e2
0,,,0,,,0,,,0,,,2026-07-04 02:00:00,0x3b14c39e89d60d627b42a1a4ca45b5bb45fc12e2
0,,,0,,,0,,,0,,,2026-07-04 03:00:00,0x3b14c39e89d60d627b42a1a4ca45b5bb45fc12e2
0,,,0,,,0,,,0,,,2026-07-04 04:00:00,0x3b14c39e89d60d627b42a1a4ca45b5bb45fc12e2
0,,,0,,,0,,,0,,,2026-07-04 05:00:00,0x3b14c39e89d60d627b42a1a4ca45b5bb45fc12e2
0,,,0,,,0,,,0,,,2026-07-04 06:00:00,0x3b14c39e89d60d627b42a1a4ca45b5bb45fc12e2
0,,,0,,,0,,,0,,,2026-07-04 07:00:00,0x3b14c39e89d60d627b42a1a4ca45b5bb45fc12e2
0,,,0,,,0,,,0,,,2026-07-04 08:00:00,0x3b14c39e89d60d627b42a1a4ca45b5bb45fc12e2
0,,,0,,,0,,,0,,,2026-07-04 09:00:00,0x3b14c39e89d60d627b42a1a4ca45b5bb45fc12e2
0,,,0,,,0,,,0,,,2026-07-04 10:00:00,0x3b14c39e89d60d627b42a1a4ca45b5bb45fc12e2
0,,,0,,,0,,,0,,,2026-07-04 11:00:00,0x3b14c39e89d60d627b42a1a4ca45b5bb45fc12e2
0,,,0,,,0,,,0,,,2026-07-04 12:00:00,0x3b14c39e89d60d627b42a1a4ca45b5bb45fc12e2
0,,,0,,,0,,,0,,,2026-07-04 13:00:00,0x3b14c39e89d60d627b42a1a4ca45b5bb45fc12e2
0,,,0,,,0,,,0,,,2026-07-04 14:00:00,0x3b14c39e89d60d627b42a1a4ca45b5bb45fc12e2
0,,,0,,,0,,,0,,,2026-07-04 15:00:00,0x3b14c39e89d60d627b42a1a4ca45b5bb45fc12e2
0,,,0,,,0,,,0,,,2026-07-04 16:00:00,0x3b14c39e89d60d627b42a1a4ca45b5bb45fc12e2
0,,,0,,,0,,,0,,,2026-07-04 17:00:00,0x3b14c39e89d60d627b42a1a4ca45b5bb45fc12e2
0,,,0,,,0,,,0,,,2026-07-04 18:00:00,0x3b14c39e89d60d627b42a1a4ca45b5bb45fc12e2
0,,,0,,,0,,,0,,,2026-07-04 19:00:00,0x3b14c39e89d60d627b42a1a4ca45b5bb45fc12e2
0,,,0,,,0,,,0,,,2026-07-04 20:00:00,0x3b14c39e89d60d627b42a1a4ca45b5bb45fc12e2
0,,,0,,,0,,,0,,,2026-07-04 21:00:00,0x3b14c39e89d60d627b42a1a4ca45b5bb45fc12e2
0,,,0,,,0,,,0,,,2026-07-04 22:00:00,0x3b14c39e89d60d627b42a1a4ca45b5bb45fc12e2
0,,,0,,,0,,,0,,,2026-07-04 23:00:00,0x3b14c39e89d60d627b42a1a4ca45b5bb45fc12e2
0,,,0,,,0,,,0,,,2026-07-05 00:00:00,0x3b14c39e89d60d627b42a1a4ca45b5bb45fc12e2
0,,,0,,,0,,,0,,,2026-07-05 01:00:00,0x3b14c39e89d60d627b42a1a4ca45b5bb45fc12e2
0,,,0,,,0,,,0,,,2026-07-05 02:00:00,0x3b14c39e89d60d627b42a1a4ca45b5bb45fc12e2
0,,,0,,,0,,,0,,,2026-07-05 03:00:00,0x3b14c39e89d60d627b42a1a4ca45b5bb45fc12e2
0,,,0,,,0,,,0,,,2026-07-05 04:00:00,0x3b14c39e89d60d627b42a1a4ca45b5bb45fc12e2
0,,,0,,,0,,,0,,,2026-07-05 05:00:00,0x3b14c39e89d60d627b42a1a4ca45b5bb45fc12e2
0,,,0,,,0,,,0,,,2026-07-05 06:00:00,0x3b14c39e89d60d627b42a1a4ca45b5bb45fc12e2
0,,,0,,,0,,,0,,,2026-07-05 07:00:00,0x3b14c39e89d60d627b42a1a4ca45b5bb45fc12e2
0,,,0,,,0,,,0,,,2026-07-05 08:00:00,0x3b14c39e89d60d627b42a1a4ca45b5bb45fc12e2
0,,,0,,,0,,,0,,,2026-07-05 09:00:00,0x3b14c39e89d60d627b42a1a4ca45b5bb45fc12e2
0,,,0,,,0,,,0,,,2026-07-05 10:00:00,0x3b14c39e89d60d627b42a1a4ca45b5bb45fc12e2
0,,,0,,,0,,,0,,,2026-07-05 11:00:00,0x3b14c39e89d60d627b42a1a4ca45b5bb45fc12e2
0,,,0,,,0,,,0,,,2026-07-05 12:00:00,0x3b14c39e89d60d627b42a1a4ca45b5bb45fc12e2
0,,,0,,,0,,,0,,,2026-07-05 13:00:00,0x3b14c39e89d60d627b42a1a4ca45b5bb45fc12e2
0,,,0,,,0,,,0,,,2026-07-05 14:00:00,0x3b14c39e89d60d627b42a1a4ca45b5bb45fc12e2
0,,,0,,,0,,,0,,,2026-07-05 15:00:00,0x3b14c39e89d60d627b42a1a4ca45b5bb45fc12e2
0,,,0,,,0,,,0,,,2026-07-05 16:00:00,0x3b14c39e89d60d627b42a1a4ca45b5bb45fc12e2
0,,,0,,,0,,,0,,,2026-07-05 17:00:00,0x3b14c39e89d60d627b42a1a4ca45b5bb45fc12e2
0,,,0,,,0,,,0,,,2026-07-05 18:00:00,0x3b14c39e89d60d627b42a1a4ca45b5bb45fc12e2
0,,,0,,,0,,,0,,,2026-07-05 19:00:00,0x3b14c39e89d60d627b42a1a4ca45b5bb45fc12e2
0,,,0,,,0,,,0,,,2026-07-05 20:00:00,0x3b14c39e89d60d627b42a1a4ca45b5bb45fc12e2
0,,,0,,,0,,,0,,,2026-07-05 21:00:00,0x3b14c39e89d60d627b42a1a4ca45b5bb45fc12e2
0,,,0,,,0,,,0,,,2026-07-05 22:00:00,0x3b14c39e89d60d627b42a1a4ca45b5bb45fc12e2
0,,,0,,,0,,,0,,,2026-07-05 23:00:00,0x3b14c39e89d60d627b42a1a4ca45b5bb45fc12e2
0,,,0,,,0,,,0,,,2026-07-06 00:00:00,0x3b14c39e89d60d627b42a1a4ca45b5bb45fc12e2
0,,,0,,,0,,,0,,,2026-07-06 01:00:00,0x3b14c39e89d60d627b42a1a4ca45b5bb45fc12e2
0,,,0,,,0,,,0,,,2026-07-06 02:00:00,0x3b14c39e89d60d627b42a1a4ca45b5bb45fc12e2
0,,,0,,,0,,,0,,,2026-07-06 03:00:00,0x3b14c39e89d60d627b42a1a4ca45b5bb45fc12e2
0,,,1,6.489432855113e-06,0.012993929,0,,,0,,,2026-07-06 04:00:00,0x3b14c39e89d60d627b42a1a4ca45b5bb45fc12e2
0,,,0,,,0,,,0,,,2026-07-06 05:00:00,0x3b14c39e89d60d627b42a1a4ca45b5bb45fc12e2
0,,,0,,,0,,,0,,,2026-07-06 06:00:00,0x3b14c39e89d60d627b42a1a4ca45b5bb45fc12e2
0,,,0,,,0,,,0,,,2026-07-06 07:00:00,0x3b14c39e89d60d627b42a1a4ca45b5bb45fc12e2
0,,,0,,,0,,,0,,,2026-07-06 08:00:00,0x3b14c39e89d60d627b42a1a4ca45b5bb45fc12e2
0,,,0,,,0,,,0,,,2026-07-06 09:00:00,0x3b14c39e89d60d627b42a1a4ca45b5bb45fc12e2
0,,,0,,,0,,,0,,,2026-07-06 10:00:00,0x3b14c39e89d60d627b42a1a4ca45b5bb45fc12e2
0,,,0,,,0,,,0,,,2026-07-06 11:00:00,0x3b14c39e89d60d627b42a1a4ca45b5bb45fc12e2
0,,,0,,,1,6.489432855113e-06,0.012993929,0,,,2026-07-06 12:00:00,0x3b14c39e89d60d627b42a1a4ca45b5bb45fc12e2
0,,,0,,,0,,,0,,,2026-07-06 13:00:00,0x3b14c39e89d60d627b42a1a4ca45b5bb45fc12e2
0,,,0,,,0,,,0,,,2026-07-06 14:00:00,0x3b14c39e89d60d627b42a1a4ca45b5bb45fc12e2
0,,,0,,,0,,,0,,,2026-07-06 15:00:00,0x3b14c39e89d60d627b42a1a4ca45b5bb45fc12e2
0,,,0,,,0,,,1,6.489432855113e-06,0.012993929,2026-07-06 16:00:00,0x3b14c39e89d60d627b42a1a4ca45b5bb45fc12e2
0,,,0,,,0,,,0,,,2026-07-06 17:00:00,0x3b14c39e89d60d627b42a1a4ca45b5bb45fc12e2
0,,,0,,,0,,,0,,,2026-07-06 18:00:00,0x3b14c39e89d60d627b42a1a4ca45b5bb45fc12e2
0,,,0,,,0,,,0,,,2026-07-06 19:00:00,0x3b14c39e89d60d627b42a1a4ca45b5bb45fc12e2
0,,,0,,,0,,,0,,,2026-07-06 20:00:00,0x3b14c39e89d60d627b42a1a4ca45b5bb45fc12e2
0,,,0,,,0,,,0,,,2026-07-06 21:00:00,0x3b14c39e89d60d627b42a1a4ca45b5bb45fc12e2
0,,,0,,,0,,,0,,,2026-07-06 22:00:00,0x3b14c39e89d60d627b42a1a4ca45b5bb45fc12e2
0,,,0,,,0,,,0,,,2026-07-06 23:00:00,0x3b14c39e89d60d627b42a1a4ca45b5bb45fc12e2
0,,,0,,,0,,,0,,,2026-07-07 00:00:00,0x3b14c39e89d60d627b42a1a4ca45b5bb45fc12e2
0,,,0,,,0,,,0,,,2026-07-07 01:00:00,0x3b14c39e89d60d627b42a1a4ca45b5bb45fc12e2
0,,,0,,,0,,,0,,,2026-07-07 02:00:00,0x3b14c39e89d60d627b42a1a4ca45b5bb45fc12e2
0,,,0,,,0,,,0,,,2026-07-07 03:00:00,0x3b14c39e89d60d627b42a1a4ca45b5bb45fc12e2
0,,,0,,,0,,,0,,,2026-07-07 04:00:00,0x3b14c39e89d60d627b42a1a4ca45b5bb45fc12e2
0,,,0,,,0,,,0,,,2026-07-07 05:00:00,0x3b14c39e89d60d627b42a1a4ca45b5bb45fc12e2
0,,,0,,,0,,,0,,,2026-07-07 06:00:00,0x3b14c39e89d60d627b42a1a4ca45b5bb45fc12e2
0,,,0,,,0,,,0,,,2026-07-07 07:00:00,0x3b14c39e89d60d627b42a1a4ca45b5bb45fc12e2
0,,,0,,,0,,,0,,,2026-07-07 08:00:00,0x3b14c39e89d60d627b42a1a4ca45b5bb45fc12e2
0,,,0,,,0,,,0,,,2026-07-07 09:00:00,0x3b14c39e89d60d627b42a1a4ca45b5bb45fc12e2
0,,,0,,,0,,,0,,,2026-07-07 10:00:00,0x3b14c39e89d60d627b42a1a4ca45b5bb45fc12e2
0,,,0,,,0,,,0,,,2026-07-07 11:00:00,0x3b14c39e89d60d627b42a1a4ca45b5bb45fc12e2
0,,,0,,,0,,,0,,,2026-07-07 12:00:00,0x3b14c39e89d60d627b42a1a4ca45b5bb45fc12e2
0,,,0,,,0,,,0,,,2026-07-07 13:00:00,0x3b14c39e89d60d627b42a1a4ca45b5bb45fc12e2
0,,,0,,,0,,,0,,,2026-07-07 14:00:00,0x3b14c39e89d60d627b42a1a4ca45b5bb45fc12e2
0,,,0,,,0,,,0,,,2026-07-07 15:00:00,0x3b14c39e89d60d627b42a1a4ca45b5bb45fc12e2
0,,,1,6.489432855113e-06,3.199872e-05,0,,,0,,,2026-07-07 16:00:00,0x3b14c39e89d60d627b42a1a4ca45b5bb45fc12e2
0,,,0,,,0,,,0,,,2026-07-07 17:00:00,0x3b14c39e89d60d627b42a1a4ca45b5bb45fc12e2
0,,,0,,,0,,,0,,,2026-07-07 18:00:00,0x3b14c39e89d60d627b42a1a4ca45b5bb45fc12e2
0,,,0,,,0,,,0,,,2026-07-07 19:00:00,0x3b14c39e89d60d627b42a1a4ca45b5bb45fc12e2
0,,,0,,,0,,,0,,,2026-07-07 20:00:00,0x3b14c39e89d60d627b42a1a4ca45b5bb45fc12e2
0,,,0,,,0,,,0,,,2026-07-07 21:00:00,0x3b14c39e89d60d627b42a1a4ca45b5bb45fc12e2
0,,,0,,,0,,,0,,,2026-07-07 22:00:00,0x3b14c39e89d60d627b42a1a4ca45b5bb45fc12e2
0,,,0,,,0,,,0,,,2026-07-07 23:00:00,0x3b14c39e89d60d627b42a1a4ca45b5bb45fc12e2
0,,,0,,,0,,,0,,,2026-07-01 00:00:00,0x411efb0e7f985935daec3d4c3ebaea0d0ad7d89f
0,,,0,,,0,,,0,,,2026-07-01 01:00:00,0x411efb0e7f985935daec3d4c3ebaea0d0ad7d89f
0,,,0,,,0,,,0,,,2026-07-01 02:00:00,0x411efb0e7f985935daec3d4c3ebaea0d0ad7d89f
0,,,1,0.001804355713042681,0.09995180000000001,0,,,0,,,2026-07-01 03:00:00,0x411efb0e7f985935daec3d4c3ebaea0d0ad7d89f
0,,,0,,,0,,,0,,,2026-07-01 04:00:00,0x411efb0e7f985935daec3d4c3ebaea0d0ad7d89f
0,,,1,0.00180833079447402,0.09999059999999999,0,,,0,,,2026-07-01 05:00:00,0x411efb0e7f985935daec3d4c3ebaea0d0ad7d89f
0,,,0,,,0,,,0,,,2026-07-01 06:00:00,0x411efb0e7f985935daec3d4c3ebaea0d0ad7d89f
0,,,0,,,0,,,0,,,2026-07-01 07:00:00,0x411efb0e7f985935daec3d4c3ebaea0d0ad7d89f
0,,,0,,,0,,,0,,,2026-07-01 08:00:00,0x411efb0e7f985935daec3d4c3ebaea0d0ad7d89f
0,,,0,,,0,,,0,,,2026-07-01 09:00:00,0x411efb0e7f985935daec3d4c3ebaea0d0ad7d89f
0,,,0,,,0,,,0,,,2026-07-01 10:00:00,0x411efb0e7f985935daec3d4c3ebaea0d0ad7d89f
0,,,0,,,1,0.001804355713042681,0.09995180000000001,0,,,2026-07-01 11:00:00,0x411efb0e7f985935daec3d4c3ebaea0d0ad7d89f
0,,,0,,,0,,,0,,,2026-07-01 12:00:00,0x411efb0e7f985935daec3d4c3ebaea0d0ad7d89f
0,,,0,,,1,0.00180833079447402,0.09999059999999999,0,,,2026-07-01 13:00:00,0x411efb0e7f985935daec3d4c3ebaea0d0ad7d89f
0,,,0,,,0,,,0,,,2026-07-01 14:00:00,0x411efb0e7f985935daec3d4c3ebaea0d0ad7d89f
0,,,0,,,0,,,1,0.001804355713042681,0.09995180000000001,2026-07-01 15:00:00,0x411efb0e7f985935daec3d4c3ebaea0d0ad7d89f
0,,,0,,,0,,,0,,,2026-07-01 16:00:00,0x411efb0e7f985935daec3d4c3ebaea0d0ad7d89f
1,0.001813658228226845,0.0999868,0,,,0,,,1,0.00180833079447402,0.09999059999999999,2026-07-01 17:00:00,0x411efb0e7f985935daec3d4c3ebaea0d0ad7d89f
0,,,0,,,0,,,0,,,2026-07-01 18:00:00,0x411efb0e7f985935daec3d4c3ebaea0d0ad7d89f
0,,,0,,,0,,,0,,,2026-07-01 19:00:00,0x411efb0e7f985935daec3d4c3ebaea0d0ad7d89f
0,,,0,,,0,,,0,,,2026-07-01 20:00:00,0x411efb0e7f985935daec3d4c3ebaea0d0ad7d89f
0,,,0,,,0,,,0,,,2026-07-01 21:00:00,0x411efb0e7f985935daec3d4c3ebaea0d0ad7d89f
0,,,0,,,0,,,0,,,2026-07-01 22:00:00,0x411efb0e7f985935daec3d4c3ebaea0d0ad7d89f
0,,,0,,,0,,,0,,,2026-07-01 23:00:00,0x411efb0e7f985935daec3d4c3ebaea0d0ad7d89f
0,,,0,,,0,,,0,,,2026-07-02 00:00:00,0x411efb0e7f985935daec3d4c3ebaea0d0ad7d89f
0,,,0,,,0,,,0,,,2026-07-02 01:00:00,0x411efb0e7f985935daec3d4c3ebaea0d0ad7d89f
0,,,0,,,0,,,0,,,2026-07-02 02:00:00,0x411efb0e7f985935daec3d4c3ebaea0d0ad7d89f
0,,,0,,,0,,,0,,,2026-07-02 03:00:00,0x411efb0e7f985935daec3d4c3ebaea0d0ad7d89f
0,,,0,,,0,,,0,,,2026-07-02 04:00:00,0x411efb0e7f985935daec3d4c3ebaea0d0ad7d89f
0,,,0,,,0,,,0,,,2026-07-02 05:00:00,0x411efb0e7f985935daec3d4c3ebaea0d0ad7d89f
0,,,0,,,0,,,0,,,2026-07-02 06:00:00,0x411efb0e7f985935daec3d4c3ebaea0d0ad7d89f
0,,,0,,,0,,,0,,,2026-07-02 07:00:00,0x411efb0e7f985935daec3d4c3ebaea0d0ad7d89f
0,,,0,,,0,,,0,,,2026-07-02 08:00:00,0x411efb0e7f985935daec3d4c3ebaea0d0ad7d89f
0,,,0,,,0,,,0,,,2026-07-02 09:00:00,0x411efb0e7f985935daec3d4c3ebaea0d0ad7d89f
0,,,0,,,0,,,0,,,2026-07-02 10:00:00,0x411efb0e7f985935daec3d4c3ebaea0d0ad7d89f
0,,,0,,,0,,,0,,,2026-07-02 11:00:00,0x411efb0e7f985935daec3d4c3ebaea0d0ad7d89f
0,,,0,,,0,,,0,,,2026-07-02 12:00:00,0x411efb0e7f985935daec3d4c3ebaea0d0ad7d89f
0,,,0,,,0,,,0,,,2026-07-02 13:00:00,0x411efb0e7f985935daec3d4c3ebaea0d0ad7d89f
0,,,0,,,0,,,0,,,2026-07-02 14:00:00,0x411efb0e7f985935daec3d4c3ebaea0d0ad7d89f
0,,,0,,,0,,,0,,,2026-07-02 15:00:00,0x411efb0e7f985935daec3d4c3ebaea0d0ad7d89f
0,,,0,,,0,,,0,,,2026-07-02 16:00:00,0x411efb0e7f985935daec3d4c3ebaea0d0ad7d89f
0,,,0,,,0,,,0,,,2026-07-02 17:00:00,0x411efb0e7f985935daec3d4c3ebaea0d0ad7d89f
0,,,0,,,0,,,0,,,2026-07-02 18:00:00,0x411efb0e7f985935daec3d4c3ebaea0d0ad7d89f
0,,,0,,,0,,,0,,,2026-07-02 19:00:00,0x411efb0e7f985935daec3d4c3ebaea0d0ad7d89f
0,,,0,,,0,,,0,,,2026-07-02 20:00:00,0x411efb0e7f985935daec3d4c3ebaea0d0ad7d89f
0,,,0,,,0,,,0,,,2026-07-02 21:00:00,0x411efb0e7f985935daec3d4c3ebaea0d0ad7d89f
0,,,0,,,0,,,0,,,2026-07-02 22:00:00,0x411efb0e7f985935daec3d4c3ebaea0d0ad7d89f
0,,,0,,,0,,,0,,,2026-07-02 23:00:00,0x411efb0e7f985935daec3d4c3ebaea0d0ad7d89f
0,,,0,,,0,,,0,,,2026-07-03 00:00:00,0x411efb0e7f985935daec3d4c3ebaea0d0ad7d89f
0,,,0,,,0,,,0,,,2026-07-03 01:00:00,0x411efb0e7f985935daec3d4c3ebaea0d0ad7d89f
0,,,0,,,0,,,0,,,2026-07-03 02:00:00,0x411efb0e7f985935daec3d4c3ebaea0d0ad7d89f
0,,,0,,,0,,,0,,,2026-07-03 03:00:00,0x411efb0e7f985935daec3d4c3ebaea0d0ad7d89f
0,,,0,,,0,,,0,,,2026-07-03 04:00:00,0x411efb0e7f985935daec3d4c3ebaea0d0ad7d89f
0,,,0,,,0,,,0,,,2026-07-03 05:00:00,0x411efb0e7f985935daec3d4c3ebaea0d0ad7d89f
0,,,0,,,0,,,0,,,2026-07-03 06:00:00,0x411efb0e7f985935daec3d4c3ebaea0d0ad7d89f
0,,,0,,,0,,,0,,,2026-07-03 07:00:00,0x411efb0e7f985935daec3d4c3ebaea0d0ad7d89f
0,,,0,,,0,,,0,,,2026-07-03 08:00:00,0x411efb0e7f985935daec3d4c3ebaea0d0ad7d89f
0,,,0,,,0,,,0,,,2026-07-03 09:00:00,0x411efb0e7f985935daec3d4c3ebaea0d0ad7d89f
0,,,0,,,0,,,0,,,2026-07-03 10:00:00,0x411efb0e7f985935daec3d4c3ebaea0d0ad7d89f
0,,,0,,,0,,,0,,,2026-07-03 11:00:00,0x411efb0e7f985935daec3d4c3ebaea0d0ad7d89f
0,,,0,,,0,,,0,,,2026-07-03 12:00:00,0x411efb0e7f985935daec3d4c3ebaea0d0ad7d89f
0,,,0,,,0,,,0,,,2026-07-03 13:00:00,0x411efb0e7f985935daec3d4c3ebaea0d0ad7d89f
0,,,0,,,0,,,0,,,2026-07-03 14:00:00,0x411efb0e7f985935daec3d4c3ebaea0d0ad7d89f
0,,,0,,,0,,,0,,,2026-07-03 15:00:00,0x411efb0e7f985935daec3d4c3ebaea0d0ad7d89f
0,,,0,,,0,,,0,,,2026-07-03 16:00:00,0x411efb0e7f985935daec3d4c3ebaea0d0ad7d89f
0,,,0,,,0,,,0,,,2026-07-03 17:00:00,0x411efb0e7f985935daec3d4c3ebaea0d0ad7d89f
0,,,0,,,0,,,0,,,2026-07-03 18:00:00,0x411efb0e7f985935daec3d4c3ebaea0d0ad7d89f
0,,,0,,,0,,,0,,,2026-07-03 19:00:00,0x411efb0e7f985935daec3d4c3ebaea0d0ad7d89f
0,,,0,,,0,,,0,,,2026-07-03 20:00:00,0x411efb0e7f985935daec3d4c3ebaea0d0ad7d89f
0,,,0,,,0,,,0,,,2026-07-03 21:00:00,0x411efb0e7f985935daec3d4c3ebaea0d0ad7d89f
0,,,0,,,0,,,0,,,2026-07-03 22:00:00,0x411efb0e7f985935daec3d4c3ebaea0d0ad7d89f
0,,,0,,,0,,,0,,,2026-07-03 23:00:00,0x411efb0e7f985935daec3d4c3ebaea0d0ad7d89f
0,,,0,,,0,,,0,,,2026-07-04 00:00:00,0x411efb0e7f985935daec3d4c3ebaea0d0ad7d89f
0,,,0,,,0,,,0,,,2026-07-04 01:00:00,0x411efb0e7f985935daec3d4c3ebaea0d0ad7d89f
0,,,0,,,0,,,0,,,2026-07-04 02:00:00,0x411efb0e7f985935daec3d4c3ebaea0d0ad7d89f
0,,,0,,,0,,,0,,,2026-07-04 03:00:00,0x411efb0e7f985935daec3d4c3ebaea0d0ad7d89f
0,,,0,,,0,,,0,,,2026-07-04 04:00:00,0x411efb0e7f985935daec3d4c3ebaea0d0ad7d89f
0,,,0,,,0,,,0,,,2026-07-04 05:00:00,0x411efb0e7f985935daec3d4c3ebaea0d0ad7d89f
0,,,0,,,0,,,0,,,2026-07-04 06:00:00,0x411efb0e7f985935daec3d4c3ebaea0d0ad7d89f
0,,,0,,,0,,,0,,,2026-07-04 07:00:00,0x411efb0e7f985935daec3d4c3ebaea0d0ad7d89f
0,,,0,,,0,,,0,,,2026-07-04 08:00:00,0x411efb0e7f985935daec3d4c3ebaea0d0ad7d89f
0,,,0,,,0,,,0,,,2026-07-04 09:00:00,0x411efb0e7f985935daec3d4c3ebaea0d0ad7d89f
0,,,0,,,0,,,0,,,2026-07-04 10:00:00,0x411efb0e7f985935daec3d4c3ebaea0d0ad7d89f
0,,,0,,,0,,,0,,,2026-07-04 11:00:00,0x411efb0e7f985935daec3d4c3ebaea0d0ad7d89f
0,,,0,,,0,,,0,,,2026-07-04 12:00:00,0x411efb0e7f985935daec3d4c3ebaea0d0ad7d89f
0,,,0,,,0,,,0,,,2026-07-04 13:00:00,0x411efb0e7f985935daec3d4c3ebaea0d0ad7d89f
0,,,0,,,0,,,0,,,2026-07-04 14:00:00,0x411efb0e7f985935daec3d4c3ebaea0d0ad7d89f
0,,,0,,,0,,,0,,,2026-07-04 15:00:00,0x411efb0e7f985935daec3d4c3ebaea0d0ad7d89f
0,,,0,,,0,,,0,,,2026-07-04 16:00:00,0x411efb0e7f985935daec3d4c3ebaea0d0ad7d89f
0,,,0,,,0,,,0,,,2026-07-04 17:00:00,0x411efb0e7f985935daec3d4c3ebaea0d0ad7d89f
0,,,0,,,0,,,0,,,2026-07-04 18:00:00,0x411efb0e7f985935daec3d4c3ebaea0d0ad7d89f
0,,,0,,,0,,,0,,,2026-07-04 19:00:00,0x411efb0e7f985935daec3d4c3ebaea0d0ad7d89f
0,,,0,,,0,,,0,,,2026-07-04 20:00:00,0x411efb0e7f985935daec3d4c3ebaea0d0ad7d89f
0,,,0,,,0,,,0,,,2026-07-04 21:00:00,0x411efb0e7f985935daec3d4c3ebaea0d0ad7d89f
0,,,0,,,0,,,0,,,2026-07-04 22:00:00,0x411efb0e7f985935daec3d4c3ebaea0d0ad7d89f
0,,,0,,,0,,,0,,,2026-07-04 23:00:00,0x411efb0e7f985935daec3d4c3ebaea0d0ad7d89f
0,,,0,,,0,,,0,,,2026-07-05 00:00:00,0x411efb0e7f985935daec3d4c3ebaea0d0ad7d89f
0,,,0,,,0,,,0,,,2026-07-05 01:00:00,0x411efb0e7f985935daec3d4c3ebaea0d0ad7d89f
0,,,0,,,0,,,0,,,2026-07-05 02:00:00,0x411efb0e7f985935daec3d4c3ebaea0d0ad7d89f
0,,,0,,,0,,,0,,,2026-07-05 03:00:00,0x411efb0e7f985935daec3d4c3ebaea0d0ad7d89f
0,,,0,,,0,,,0,,,2026-07-05 04:00:00,0x411efb0e7f985935daec3d4c3ebaea0d0ad7d89f
0,,,0,,,0,,,0,,,2026-07-05 05:00:00,0x411efb0e7f985935daec3d4c3ebaea0d0ad7d89f
0,,,0,,,0,,,0,,,2026-07-05 06:00:00,0x411efb0e7f985935daec3d4c3ebaea0d0ad7d89f
0,,,0,,,0,,,0,,,2026-07-05 07:00:00,0x411efb0e7f985935daec3d4c3ebaea0d0ad7d89f
0,,,0,,,0,,,0,,,2026-07-05 08:00:00,0x411efb0e7f985935daec3d4c3ebaea0d0ad7d89f
0,,,0,,,0,,,0,,,2026-07-05 09:00:00,0x411efb0e7f985935daec3d4c3ebaea0d0ad7d89f
0,,,0,,,0,,,0,,,2026-07-05 10:00:00,0x411efb0e7f985935daec3d4c3ebaea0d0ad7d89f
0,,,0,,,0,,,0,,,2026-07-05 11:00:00,0x411efb0e7f985935daec3d4c3ebaea0d0ad7d89f
0,,,0,,,0,,,0,,,2026-07-05 12:00:00,0x411efb0e7f985935daec3d4c3ebaea0d0ad7d89f
0,,,0,,,0,,,0,,,2026-07-05 13:00:00,0x411efb0e7f985935daec3d4c3ebaea0d0ad7d89f
0,,,0,,,0,,,0,,,2026-07-05 14:00:00,0x411efb0e7f985935daec3d4c3ebaea0d0ad7d89f
0,,,0,,,0,,,0,,,2026-07-05 15:00:00,0x411efb0e7f985935daec3d4c3ebaea0d0ad7d89f
0,,,0,,,0,,,0,,,2026-07-05 16:00:00,0x411efb0e7f985935daec3d4c3ebaea0d0ad7d89f
0,,,0,,,0,,,0,,,2026-07-05 17:00:00,0x411efb0e7f985935daec3d4c3ebaea0d0ad7d89f
0,,,0,,,0,,,0,,,2026-07-05 18:00:00,0x411efb0e7f985935daec3d4c3ebaea0d0ad7d89f
0,,,0,,,0,,,0,,,2026-07-05 19:00:00,0x411efb0e7f985935daec3d4c3ebaea0d0ad7d89f
0,,,0,,,0,,,0,,,2026-07-05 20:00:00,0x411efb0e7f985935daec3d4c3ebaea0d0ad7d89f
0,,,0,,,0,,,0,,,2026-07-05 21:00:00,0x411efb0e7f985935daec3d4c3ebaea0d0ad7d89f
0,,,0,,,0,,,0,,,2026-07-05 22:00:00,0x411efb0e7f985935daec3d4c3ebaea0d0ad7d89f
0,,,0,,,0,,,0,,,2026-07-05 23:00:00,0x411efb0e7f985935daec3d4c3ebaea0d0ad7d89f
0,,,0,,,0,,,0,,,2026-07-06 00:00:00,0x411efb0e7f985935daec3d4c3ebaea0d0ad7d89f
0,,,0,,,0,,,0,,,2026-07-06 01:00:00,0x411efb0e7f985935daec3d4c3ebaea0d0ad7d89f
0,,,0,,,0,,,0,,,2026-07-06 02:00:00,0x411efb0e7f985935daec3d4c3ebaea0d0ad7d89f
0,,,0,,,0,,,0,,,2026-07-06 03:00:00,0x411efb0e7f985935daec3d4c3ebaea0d0ad7d89f
0,,,0,,,0,,,0,,,2026-07-06 04:00:00,0x411efb0e7f985935daec3d4c3ebaea0d0ad7d89f
0,,,0,,,0,,,0,,,2026-07-06 05:00:00,0x411efb0e7f985935daec3d4c3ebaea0d0ad7d89f
0,,,0,,,0,,,0,,,2026-07-06 06:00:00,0x411efb0e7f985935daec3d4c3ebaea0d0ad7d89f
0,,,0,,,0,,,0,,,2026-07-06 07:00:00,0x411efb0e7f985935daec3d4c3ebaea0d0ad7d89f
0,,,0,,,0,,,0,,,2026-07-06 08:00:00,0x411efb0e7f985935daec3d4c3ebaea0d0ad7d89f
0,,,0,,,0,,,0,,,2026-07-06 09:00:00,0x411efb0e7f985935daec3d4c3ebaea0d0ad7d89f
0,,,0,,,0,,,0,,,2026-07-06 10:00:00,0x411efb0e7f985935daec3d4c3ebaea0d0ad7d89f
0,,,0,,,0,,,0,,,2026-07-06 11:00:00,0x411efb0e7f985935daec3d4c3ebaea0d0ad7d89f
0,,,0,,,0,,,0,,,2026-07-06 12:00:00,0x411efb0e7f985935daec3d4c3ebaea0d0ad7d89f
0,,,0,,,0,,,0,,,2026-07-06 13:00:00,0x411efb0e7f985935daec3d4c3ebaea0d0ad7d89f
0,,,0,,,0,,,0,,,2026-07-06 14:00:00,0x411efb0e7f985935daec3d4c3ebaea0d0ad7d89f
0,,,0,,,0,,,0,,,2026-07-06 15:00:00,0x411efb0e7f985935daec3d4c3ebaea0d0ad7d89f
0,,,0,,,0,,,0,,,2026-07-06 16:00:00,0x411efb0e7f985935daec3d4c3ebaea0d0ad7d89f
0,,,0,,,0,,,0,,,2026-07-06 17:00:00,0x411efb0e7f985935daec3d4c3ebaea0d0ad7d89f
0,,,0,,,0,,,0,,,2026-07-06 18:00:00,0x411efb0e7f985935daec3d4c3ebaea0d0ad7d89f
0,,,0,,,0,,,0,,,2026-07-06 19:00:00,0x411efb0e7f985935daec3d4c3ebaea0d0ad7d89f
0,,,0,,,0,,,0,,,2026-07-06 20:00:00,0x411efb0e7f985935daec3d4c3ebaea0d0ad7d89f
0,,,0,,,0,,,0,,,2026-07-06 21:00:00,0x411efb0e7f985935daec3d4c3ebaea0d0ad7d89f
0,,,0,,,0,,,0,,,2026-07-06 22:00:00,0x411efb0e7f985935daec3d4c3ebaea0d0ad7d89f
0,,,0,,,0,,,0,,,2026-07-06 23:00:00,0x411efb0e7f985935daec3d4c3ebaea0d0ad7d89f
0,,,0,,,0,,,0,,,2026-07-07 00:00:00,0x411efb0e7f985935daec3d4c3ebaea0d0ad7d89f
0,,,0,,,0,,,0,,,2026-07-07 01:00:00,0x411efb0e7f985935daec3d4c3ebaea0d0ad7d89f
0,,,0,,,0,,,0,,,2026-07-07 02:00:00,0x411efb0e7f985935daec3d4c3ebaea0d0ad7d89f
0,,,0,,,0,,,0,,,2026-07-07 03:00:00,0x411efb0e7f985935daec3d4c3ebaea0d0ad7d89f
0,,,0,,,0,,,0,,,2026-07-07 04:00:00,0x411efb0e7f985935daec3d4c3ebaea0d0ad7d89f
0,,,0,,,0,,,0,,,2026-07-07 05:00:00,0x411efb0e7f985935daec3d4c3ebaea0d0ad7d89f
0,,,0,,,0,,,0,,,2026-07-07 06:00:00,0x411efb0e7f985935daec3d4c3ebaea0d0ad7d89f
0,,,0,,,0,,,0,,,2026-07-07 07:00:00,0x411efb0e7f985935daec3d4c3ebaea0d0ad7d89f
0,,,0,,,0,,,0,,,2026-07-07 08:00:00,0x411efb0e7f985935daec3d4c3ebaea0d0ad7d89f
0,,,0,,,0,,,0,,,2026-07-07 09:00:00,0x411efb0e7f985935daec3d4c3ebaea0d0ad7d89f
0,,,0,,,0,,,0,,,2026-07-07 10:00:00,0x411efb0e7f985935daec3d4c3ebaea0d0ad7d89f
0,,,0,,,0,,,0,,,2026-07-07 11:00:00,0x411efb0e7f985935daec3d4c3ebaea0d0ad7d89f
0,,,0,,,0,,,0,,,2026-07-07 12:00:00,0x411efb0e7f985935daec3d4c3ebaea0d0ad7d89f
0,,,0,,,0,,,0,,,2026-07-07 13:00:00,0x411efb0e7f985935daec3d4c3ebaea0d0ad7d89f
0,,,0,,,0,,,0,,,2026-07-07 14:00:00,0x411efb0e7f985935daec3d4c3ebaea0d0ad7d89f
0,,,0,,,0,,,0,,,2026-07-07 15:00:00,0x411efb0e7f985935daec3d4c3ebaea0d0ad7d89f
0,,,0,,,0,,,0,,,2026-07-07 16:00:00,0x411efb0e7f985935daec3d4c3ebaea0d0ad7d89f
0,,,0,,,0,,,0,,,2026-07-07 17:00:00,0x411efb0e7f985935daec3d4c3ebaea0d0ad7d89f
0,,,0,,,0,,,0,,,2026-07-07 18:00:00,0x411efb0e7f985935daec3d4c3ebaea0d0ad7d89f
0,,,0,,,0,,,0,,,2026-07-07 19:00:00,0x411efb0e7f985935daec3d4c3ebaea0d0ad7d89f
0,,,0,,,0,,,0,,,2026-07-07 20:00:00,0x411efb0e7f985935daec3d4c3ebaea0d0ad7d89f
0,,,0,,,0,,,0,,,2026-07-07 21:00:00,0x411efb0e7f985935daec3d4c3ebaea0d0ad7d89f
0,,,0,,,0,,,0,,,2026-07-07 22:00:00,0x411efb0e7f985935daec3d4c3ebaea0d0ad7d89f
0,,,0,,,0,,,0,,,2026-07-07 23:00:00,0x411efb0e7f985935daec3d4c3ebaea0d0ad7d89f
0,,,0,,,0,,,0,,,2026-07-01 00:00:00,0x5f10a1c971b69e47e059e1dc91901b59b3fb49c3
0,,,0,,,0,,,0,,,2026-07-01 01:00:00,0x5f10a1c971b69e47e059e1dc91901b59b3fb49c3
0,,,0,,,0,,,0,,,2026-07-01 02:00:00,0x5f10a1c971b69e47e059e1dc91901b59b3fb49c3
0,,,1,0.001152583411830095,0.09995180000000001,0,,,0,,,2026-07-01 03:00:00,0x5f10a1c971b69e47e059e1dc91901b59b3fb49c3
0,,,0,,,0,,,0,,,2026-07-01 04:00:00,0x5f10a1c971b69e47e059e1dc91901b59b3fb49c3
0,,,1,0.001133745147041896,0.09999059999999999,0,,,0,,,2026-07-01 05:00:00,0x5f10a1c971b69e47e059e1dc91901b59b3fb49c3
0,,,0,,,0,,,0,,,2026-07-01 06:00:00,0x5f10a1c971b69e47e059e1dc91901b59b3fb49c3
0,,,0,,,0,,,0,,,2026-07-01 07:00:00,0x5f10a1c971b69e47e059e1dc91901b59b3fb49c3
0,,,0,,,0,,,0,,,2026-07-01 08:00:00,0x5f10a1c971b69e47e059e1dc91901b59b3fb49c3
0,,,0,,,0,,,0,,,2026-07-01 09:00:00,0x5f10a1c971b69e47e059e1dc91901b59b3fb49c3
0,,,0,,,0,,,0,,,2026-07-01 10:00:00,0x5f10a1c971b69e47e059e1dc91901b59b3fb49c3
0,,,0,,,1,0.001152583411830095,0.09995180000000001,0,,,2026-07-01 11:00:00,0x5f10a1c971b69e47e059e1dc91901b59b3fb49c3
0,,,0,,,0,,,0,,,2026-07-01 12:00:00,0x5f10a1c971b69e47e059e1dc91901b59b3fb49c3
0,,,0,,,1,0.001133745147041896,0.09999059999999999,0,,,2026-07-01 13:00:00,0x5f10a1c971b69e47e059e1dc91901b59b3fb49c3
0,,,0,,,0,,,0,,,2026-07-01 14:00:00,0x5f10a1c971b69e47e059e1dc91901b59b3fb49c3
0,,,0,,,0,,,1,0.001152583411830095,0.09995180000000001,2026-07-01 15:00:00,0x5f10a1c971b69e47e059e1dc91901b59b3fb49c3
0,,,0,,,0,,,0,,,2026-07-01 16:00:00,0x5f10a1c971b69e47e059e1dc91901b59b3fb49c3
1,0.00114189402243218,0.0999868,0,,,0,,,1,0.001133745147041896,0.09999059999999999,2026-07-01 17:00:00,0x5f10a1c971b69e47e059e1dc91901b59b3fb49c3
0,,,0,,,0,,,0,,,2026-07-01 18:00:00,0x5f10a1c971b69e47e059e1dc91901b59b3fb49c3
0,,,0,,,0,,,0,,,2026-07-01 19:00:00,0x5f10a1c971b69e47e059e1dc91901b59b3fb49c3
0,,,0,,,0,,,0,,,2026-07-01 20:00:00,0x5f10a1c971b69e47e059e1dc91901b59b3fb49c3
0,,,0,,,0,,,0,,,2026-07-01 21:00:00,0x5f10a1c971b69e47e059e1dc91901b59b3fb49c3
0,,,0,,,0,,,0,,,2026-07-01 22:00:00,0x5f10a1c971b69e47e059e1dc91901b59b3fb49c3
0,,,0,,,0,,,0,,,2026-07-01 23:00:00,0x5f10a1c971b69e47e059e1dc91901b59b3fb49c3
0,,,0,,,0,,,0,,,2026-07-02 00:00:00,0x5f10a1c971b69e47e059e1dc91901b59b3fb49c3
0,,,0,,,0,,,0,,,2026-07-02 01:00:00,0x5f10a1c971b69e47e059e1dc91901b59b3fb49c3
0,,,0,,,0,,,0,,,2026-07-02 02:00:00,0x5f10a1c971b69e47e059e1dc91901b59b3fb49c3
0,,,0,,,0,,,0,,,2026-07-02 03:00:00,0x5f10a1c971b69e47e059e1dc91901b59b3fb49c3
0,,,0,,,0,,,0,,,2026-07-02 04:00:00,0x5f10a1c971b69e47e059e1dc91901b59b3fb49c3
0,,,0,,,0,,,0,,,2026-07-02 05:00:00,0x5f10a1c971b69e47e059e1dc91901b59b3fb49c3
0,,,0,,,0,,,0,,,2026-07-02 06:00:00,0x5f10a1c971b69e47e059e1dc91901b59b3fb49c3
0,,,0,,,0,,,0,,,2026-07-02 07:00:00,0x5f10a1c971b69e47e059e1dc91901b59b3fb49c3
0,,,0,,,0,,,0,,,2026-07-02 08:00:00,0x5f10a1c971b69e47e059e1dc91901b59b3fb49c3
0,,,0,,,0,,,0,,,2026-07-02 09:00:00,0x5f10a1c971b69e47e059e1dc91901b59b3fb49c3
0,,,0,,,0,,,0,,,2026-07-02 10:00:00,0x5f10a1c971b69e47e059e1dc91901b59b3fb49c3
0,,,0,,,0,,,0,,,2026-07-02 11:00:00,0x5f10a1c971b69e47e059e1dc91901b59b3fb49c3
0,,,0,,,0,,,0,,,2026-07-02 12:00:00,0x5f10a1c971b69e47e059e1dc91901b59b3fb49c3
0,,,0,,,0,,,0,,,2026-07-02 13:00:00,0x5f10a1c971b69e47e059e1dc91901b59b3fb49c3
0,,,0,,,0,,,0,,,2026-07-02 14:00:00,0x5f10a1c971b69e47e059e1dc91901b59b3fb49c3
0,,,0,,,0,,,0,,,2026-07-02 15:00:00,0x5f10a1c971b69e47e059e1dc91901b59b3fb49c3
0,,,0,,,0,,,0,,,2026-07-02 16:00:00,0x5f10a1c971b69e47e059e1dc91901b59b3fb49c3
0,,,0,,,0,,,0,,,2026-07-02 17:00:00,0x5f10a1c971b69e47e059e1dc91901b59b3fb49c3
0,,,0,,,0,,,0,,,2026-07-02 18:00:00,0x5f10a1c971b69e47e059e1dc91901b59b3fb49c3
0,,,0,,,0,,,0,,,2026-07-02 19:00:00,0x5f10a1c971b69e47e059e1dc91901b59b3fb49c3
0,,,0,,,0,,,0,,,2026-07-02 20:00:00,0x5f10a1c971b69e47e059e1dc91901b59b3fb49c3
0,,,0,,,0,,,0,,,2026-07-02 21:00:00,0x5f10a1c971b69e47e059e1dc91901b59b3fb49c3
0,,,0,,,0,,,0,,,2026-07-02 22:00:00,0x5f10a1c971b69e47e059e1dc91901b59b3fb49c3
0,,,0,,,0,,,0,,,2026-07-02 23:00:00,0x5f10a1c971b69e47e059e1dc91901b59b3fb49c3
0,,,0,,,0,,,0,,,2026-07-03 00:00:00,0x5f10a1c971b69e47e059e1dc91901b59b3fb49c3
0,,,0,,,0,,,0,,,2026-07-03 01:00:00,0x5f10a1c971b69e47e059e1dc91901b59b3fb49c3
0,,,0,,,0,,,0,,,2026-07-03 02:00:00,0x5f10a1c971b69e47e059e1dc91901b59b3fb49c3
0,,,0,,,0,,,0,,,2026-07-03 03:00:00,0x5f10a1c971b69e47e059e1dc91901b59b3fb49c3
0,,,0,,,0,,,0,,,2026-07-03 04:00:00,0x5f10a1c971b69e47e059e1dc91901b59b3fb49c3
0,,,0,,,0,,,0,,,2026-07-03 05:00:00,0x5f10a1c971b69e47e059e1dc91901b59b3fb49c3
0,,,0,,,0,,,0,,,2026-07-03 06:00:00,0x5f10a1c971b69e47e059e1dc91901b59b3fb49c3
0,,,0,,,0,,,0,,,2026-07-03 07:00:00,0x5f10a1c971b69e47e059e1dc91901b59b3fb49c3
0,,,0,,,0,,,0,,,2026-07-03 08:00:00,0x5f10a1c971b69e47e059e1dc91901b59b3fb49c3
0,,,0,,,0,,,0,,,2026-07-03 09:00:00,0x5f10a1c971b69e47e059e1dc91901b59b3fb49c3
0,,,0,,,0,,,0,,,2026-07-03 10:00:00,0x5f10a1c971b69e47e059e1dc91901b59b3fb49c3
0,,,0,,,0,,,0,,,2026-07-03 11:00:00,0x5f10a1c971b69e47e059e1dc91901b59b3fb49c3
0,,,0,,,0,,,0,,,2026-07-03 12:00:00,0x5f10a1c971b69e47e059e1dc91901b59b3fb49c3
0,,,0,,,0,,,0,,,2026-07-03 13:00:00,0x5f10a1c971b69e47e059e1dc91901b59b3fb49c3
0,,,0,,,0,,,0,,,2026-07-03 14:00:00,0x5f10a1c971b69e47e059e1dc91901b59b3fb49c3
0,,,0,,,0,,,0,,,2026-07-03 15:00:00,0x5f10a1c971b69e47e059e1dc91901b59b3fb49c3
0,,,0,,,0,,,0,,,2026-07-03 16:00:00,0x5f10a1c971b69e47e059e1dc91901b59b3fb49c3
0,,,0,,,0,,,0,,,2026-07-03 17:00:00,0x5f10a1c971b69e47e059e1dc91901b59b3fb49c3
0,,,0,,,0,,,0,,,2026-07-03 18:00:00,0x5f10a1c971b69e47e059e1dc91901b59b3fb49c3
0,,,0,,,0,,,0,,,2026-07-03 19:00:00,0x5f10a1c971b69e47e059e1dc91901b59b3fb49c3
0,,,0,,,0,,,0,,,2026-07-03 20:00:00,0x5f10a1c971b69e47e059e1dc91901b59b3fb49c3
0,,,0,,,0,,,0,,,2026-07-03 21:00:00,0x5f10a1c971b69e47e059e1dc91901b59b3fb49c3
0,,,0,,,0,,,0,,,2026-07-03 22:00:00,0x5f10a1c971b69e47e059e1dc91901b59b3fb49c3
0,,,0,,,0,,,0,,,2026-07-03 23:00:00,0x5f10a1c971b69e47e059e1dc91901b59b3fb49c3
0,,,0,,,0,,,0,,,2026-07-04 00:00:00,0x5f10a1c971b69e47e059e1dc91901b59b3fb49c3
0,,,0,,,0,,,0,,,2026-07-04 01:00:00,0x5f10a1c971b69e47e059e1dc91901b59b3fb49c3
0,,,0,,,0,,,0,,,2026-07-04 02:00:00,0x5f10a1c971b69e47e059e1dc91901b59b3fb49c3
0,,,0,,,0,,,0,,,2026-07-04 03:00:00,0x5f10a1c971b69e47e059e1dc91901b59b3fb49c3
0,,,0,,,0,,,0,,,2026-07-04 04:00:00,0x5f10a1c971b69e47e059e1dc91901b59b3fb49c3
0,,,0,,,0,,,0,,,2026-07-04 05:00:00,0x5f10a1c971b69e47e059e1dc91901b59b3fb49c3
0,,,0,,,0,,,0,,,2026-07-04 06:00:00,0x5f10a1c971b69e47e059e1dc91901b59b3fb49c3
0,,,0,,,0,,,0,,,2026-07-04 07:00:00,0x5f10a1c971b69e47e059e1dc91901b59b3fb49c3
0,,,0,,,0,,,0,,,2026-07-04 08:00:00,0x5f10a1c971b69e47e059e1dc91901b59b3fb49c3
0,,,0,,,0,,,0,,,2026-07-04 09:00:00,0x5f10a1c971b69e47e059e1dc91901b59b3fb49c3
0,,,0,,,0,,,0,,,2026-07-04 10:00:00,0x5f10a1c971b69e47e059e1dc91901b59b3fb49c3
0,,,0,,,0,,,0,,,2026-07-04 11:00:00,0x5f10a1c971b69e47e059e1dc91901b59b3fb49c3
0,,,0,,,0,,,0,,,2026-07-04 12:00:00,0x5f10a1c971b69e47e059e1dc91901b59b3fb49c3
0,,,0,,,0,,,0,,,2026-07-04 13:00:00,0x5f10a1c971b69e47e059e1dc91901b59b3fb49c3
0,,,0,,,0,,,0,,,2026-07-04 14:00:00,0x5f10a1c971b69e47e059e1dc91901b59b3fb49c3
0,,,0,,,0,,,0,,,2026-07-04 15:00:00,0x5f10a1c971b69e47e059e1dc91901b59b3fb49c3
0,,,0,,,0,,,0,,,2026-07-04 16:00:00,0x5f10a1c971b69e47e059e1dc91901b59b3fb49c3
0,,,0,,,0,,,0,,,2026-07-04 17:00:00,0x5f10a1c971b69e47e059e1dc91901b59b3fb49c3
0,,,0,,,0,,,0,,,2026-07-04 18:00:00,0x5f10a1c971b69e47e059e1dc91901b59b3fb49c3
0,,,0,,,0,,,0,,,2026-07-04 19:00:00,0x5f10a1c971b69e47e059e1dc91901b59b3fb49c3
0,,,0,,,0,,,0,,,2026-07-04 20:00:00,0x5f10a1c971b69e47e059e1dc91901b59b3fb49c3
0,,,0,,,0,,,0,,,2026-07-04 21:00:00,0x5f10a1c971b69e47e059e1dc91901b59b3fb49c3
0,,,0,,,0,,,0,,,2026-07-04 22:00:00,0x5f10a1c971b69e47e059e1dc91901b59b3fb49c3
0,,,0,,,0,,,0,,,2026-07-04 23:00:00,0x5f10a1c971b69e47e059e1dc91901b59b3fb49c3
0,,,0,,,0,,,0,,,2026-07-05 00:00:00,0x5f10a1c971b69e47e059e1dc91901b59b3fb49c3
0,,,0,,,0,,,0,,,2026-07-05 01:00:00,0x5f10a1c971b69e47e059e1dc91901b59b3fb49c3
0,,,0,,,0,,,0,,,2026-07-05 02:00:00,0x5f10a1c971b69e47e059e1dc91901b59b3fb49c3
0,,,0,,,0,,,0,,,2026-07-05 03:00:00,0x5f10a1c971b69e47e059e1dc91901b59b3fb49c3
0,,,0,,,0,,,0,,,2026-07-05 04:00:00,0x5f10a1c971b69e47e059e1dc91901b59b3fb49c3
0,,,0,,,0,,,0,,,2026-07-05 05:00:00,0x5f10a1c971b69e47e059e1dc91901b59b3fb49c3
0,,,0,,,0,,,0,,,2026-07-05 06:00:00,0x5f10a1c971b69e47e059e1dc91901b59b3fb49c3
0,,,0,,,0,,,0,,,2026-07-05 07:00:00,0x5f10a1c971b69e47e059e1dc91901b59b3fb49c3
0,,,0,,,0,,,0,,,2026-07-05 08:00:00,0x5f10a1c971b69e47e059e1dc91901b59b3fb49c3
0,,,0,,,0,,,0,,,2026-07-05 09:00:00,0x5f10a1c971b69e47e059e1dc91901b59b3fb49c3
0,,,0,,,0,,,0,,,2026-07-05 10:00:00,0x5f10a1c971b69e47e059e1dc91901b59b3fb49c3
0,,,0,,,0,,,0,,,2026-07-05 11:00:00,0x5f10a1c971b69e47e059e1dc91901b59b3fb49c3
0,,,0,,,0,,,0,,,2026-07-05 12:00:00,0x5f10a1c971b69e47e059e1dc91901b59b3fb49c3
0,,,0,,,0,,,0,,,2026-07-05 13:00:00,0x5f10a1c971b69e47e059e1dc91901b59b3fb49c3
0,,,0,,,0,,,0,,,2026-07-05 14:00:00,0x5f10a1c971b69e47e059e1dc91901b59b3fb49c3
0,,,0,,,0,,,0,,,2026-07-05 15:00:00,0x5f10a1c971b69e47e059e1dc91901b59b3fb49c3
0,,,0,,,0,,,0,,,2026-07-05 16:00:00,0x5f10a1c971b69e47e059e1dc91901b59b3fb49c3
0,,,0,,,0,,,0,,,2026-07-05 17:00:00,0x5f10a1c971b69e47e059e1dc91901b59b3fb49c3
0,,,0,,,0,,,0,,,2026-07-05 18:00:00,0x5f10a1c971b69e47e059e1dc91901b59b3fb49c3
0,,,0,,,0,,,0,,,2026-07-05 19:00:00,0x5f10a1c971b69e47e059e1dc91901b59b3fb49c3
0,,,0,,,0,,,0,,,2026-07-05 20:00:00,0x5f10a1c971b69e47e059e1dc91901b59b3fb49c3
0,,,0,,,0,,,0,,,2026-07-05 21:00:00,0x5f10a1c971b69e47e059e1dc91901b59b3fb49c3
0,,,0,,,0,,,0,,,2026-07-05 22:00:00,0x5f10a1c971b69e47e059e1dc91901b59b3fb49c3
0,,,0,,,0,,,0,,,2026-07-05 23:00:00,0x5f10a1c971b69e47e059e1dc91901b59b3fb49c3
0,,,0,,,0,,,0,,,2026-07-06 00:00:00,0x5f10a1c971b69e47e059e1dc91901b59b3fb49c3
0,,,0,,,0,,,0,,,2026-07-06 01:00:00,0x5f10a1c971b69e47e059e1dc91901b59b3fb49c3
0,,,0,,,0,,,0,,,2026-07-06 02:00:00,0x5f10a1c971b69e47e059e1dc91901b59b3fb49c3
0,,,0,,,0,,,0,,,2026-07-06 03:00:00,0x5f10a1c971b69e47e059e1dc91901b59b3fb49c3
0,,,0,,,0,,,0,,,2026-07-06 04:00:00,0x5f10a1c971b69e47e059e1dc91901b59b3fb49c3
0,,,0,,,0,,,0,,,2026-07-06 05:00:00,0x5f10a1c971b69e47e059e1dc91901b59b3fb49c3
0,,,0,,,0,,,0,,,2026-07-06 06:00:00,0x5f10a1c971b69e47e059e1dc91901b59b3fb49c3
0,,,0,,,0,,,0,,,2026-07-06 07:00:00,0x5f10a1c971b69e47e059e1dc91901b59b3fb49c3
0,,,0,,,0,,,0,,,2026-07-06 08:00:00,0x5f10a1c971b69e47e059e1dc91901b59b3fb49c3
0,,,0,,,0,,,0,,,2026-07-06 09:00:00,0x5f10a1c971b69e47e059e1dc91901b59b3fb49c3
0,,,0,,,0,,,0,,,2026-07-06 10:00:00,0x5f10a1c971b69e47e059e1dc91901b59b3fb49c3
0,,,0,,,0,,,0,,,2026-07-06 11:00:00,0x5f10a1c971b69e47e059e1dc91901b59b3fb49c3
0,,,0,,,0,,,0,,,2026-07-06 12:00:00,0x5f10a1c971b69e47e059e1dc91901b59b3fb49c3
0,,,0,,,0,,,0,,,2026-07-06 13:00:00,0x5f10a1c971b69e47e059e1dc91901b59b3fb49c3
0,,,0,,,0,,,0,,,2026-07-06 14:00:00,0x5f10a1c971b69e47e059e1dc91901b59b3fb49c3
0,,,0,,,0,,,0,,,2026-07-06 15:00:00,0x5f10a1c971b69e47e059e1dc91901b59b3fb49c3
0,,,0,,,0,,,0,,,2026-07-06 16:00:00,0x5f10a1c971b69e47e059e1dc91901b59b3fb49c3
0,,,0,,,0,,,0,,,2026-07-06 17:00:00,0x5f10a1c971b69e47e059e1dc91901b59b3fb49c3
0,,,0,,,0,,,0,,,2026-07-06 18:00:00,0x5f10a1c971b69e47e059e1dc91901b59b3fb49c3
0,,,0,,,0,,,0,,,2026-07-06 19:00:00,0x5f10a1c971b69e47e059e1dc91901b59b3fb49c3
0,,,0,,,0,,,0,,,2026-07-06 20:00:00,0x5f10a1c971b69e47e059e1dc91901b59b3fb49c3
0,,,0,,,0,,,0,,,2026-07-06 21:00:00,0x5f10a1c971b69e47e059e1dc91901b59b3fb49c3
0,,,0,,,0,,,0,,,2026-07-06 22:00:00,0x5f10a1c971b69e47e059e1dc91901b59b3fb49c3
0,,,0,,,0,,,0,,,2026-07-06 23:00:00,0x5f10a1c971b69e47e059e1dc91901b59b3fb49c3
0,,,0,,,0,,,0,,,2026-07-07 00:00:00,0x5f10a1c971b69e47e059e1dc91901b59b3fb49c3
0,,,0,,,0,,,0,,,2026-07-07 01:00:00,0x5f10a1c971b69e47e059e1dc91901b59b3fb49c3
0,,,0,,,0,,,0,,,2026-07-07 02:00:00,0x5f10a1c971b69e47e059e1dc91901b59b3fb49c3
0,,,0,,,0,,,0,,,2026-07-07 03:00:00,0x5f10a1c971b69e47e059e1dc91901b59b3fb49c3
0,,,0,,,0,,,0,,,2026-07-07 04:00:00,0x5f10a1c971b69e47e059e1dc91901b59b3fb49c3
0,,,0,,,0,,,0,,,2026-07-07 05:00:00,0x5f10a1c971b69e47e059e1dc91901b59b3fb49c3
0,,,0,,,0,,,0,,,2026-07-07 06:00:00,0x5f10a1c971b69e47e059e1dc91901b59b3fb49c3
0,,,0,,,0,,,0,,,2026-07-07 07:00:00,0x5f10a1c971b69e47e059e1dc91901b59b3fb49c3
0,,,0,,,0,,,0,,,2026-07-07 08:00:00,0x5f10a1c971b69e47e059e1dc91901b59b3fb49c3
0,,,0,,,0,,,0,,,2026-07-07 09:00:00,0x5f10a1c971b69e47e059e1dc91901b59b3fb49c3
0,,,0,,,0,,,0,,,2026-07-07 10:00:00,0x5f10a1c971b69e47e059e1dc91901b59b3fb49c3
0,,,0,,,0,,,0,,,2026-07-07 11:00:00,0x5f10a1c971b69e47e059e1dc91901b59b3fb49c3
0,,,0,,,0,,,0,,,2026-07-07 12:00:00,0x5f10a1c971b69e47e059e1dc91901b59b3fb49c3
0,,,0,,,0,,,0,,,2026-07-07 13:00:00,0x5f10a1c971b69e47e059e1dc91901b59b3fb49c3
0,,,0,,,0,,,0,,,2026-07-07 14:00:00,0x5f10a1c971b69e47e059e1dc91901b59b3fb49c3
0,,,1,0.000128902824991207,0.001120004552,0,,,0,,,2026-07-07 15:00:00,0x5f10a1c971b69e47e059e1dc91901b59b3fb49c3
0,,,0,,,0,,,0,,,2026-07-07 16:00:00,0x5f10a1c971b69e47e059e1dc91901b59b3fb49c3
0,,,0,,,0,,,0,,,2026-07-07 17:00:00,0x5f10a1c971b69e47e059e1dc91901b59b3fb49c3
0,,,0,,,0,,,0,,,2026-07-07 18:00:00,0x5f10a1c971b69e47e059e1dc91901b59b3fb49c3
0,,,0,,,0,,,0,,,2026-07-07 19:00:00,0x5f10a1c971b69e47e059e1dc91901b59b3fb49c3
0,,,0,,,0,,,0,,,2026-07-07 20:00:00,0x5f10a1c971b69e47e059e1dc91901b59b3fb49c3
0,,,0,,,0,,,0,,,2026-07-07 21:00:00,0x5f10a1c971b69e47e059e1dc91901b59b3fb49c3
0,,,0,,,0,,,0,,,2026-07-07 22:00:00,0x5f10a1c971b69e47e059e1dc91901b59b3fb49c3
0,,,0,,,1,0.000128902824991207,0.001120004552,0,,,2026-07-07 23:00:00,0x5f10a1c971b69e47e059e1dc91901b59b3fb49c3
0,,,0,,,0,,,0,,,2026-07-01 00:00:00,0x6330d8c3178a418788df01a47479c0ce7ccf450b
0,,,0,,,0,,,0,,,2026-07-01 01:00:00,0x6330d8c3178a418788df01a47479c0ce7ccf450b
0,,,0,,,0,,,0,,,2026-07-01 02:00:00,0x6330d8c3178a418788df01a47479c0ce7ccf450b
0,,,1,0.000629793979379795,0.09995180000000001,0,,,0,,,2026-07-01 03:00:00,0x6330d8c3178a418788df01a47479c0ce7ccf450b
0,,,0,,,0,,,0,,,2026-07-01 04:00:00,0x6330d8c3178a418788df01a47479c0ce7ccf450b
0,,,1,0.000602703165728446,0.09999059999999999,0,,,0,,,2026-07-01 05:00:00,0x6330d8c3178a418788df01a47479c0ce7ccf450b
0,,,0,,,0,,,0,,,2026-07-01 06:00:00,0x6330d8c3178a418788df01a47479c0ce7ccf450b
0,,,0,,,0,,,0,,,2026-07-01 07:00:00,0x6330d8c3178a418788df01a47479c0ce7ccf450b
0,,,0,,,0,,,0,,,2026-07-01 08:00:00,0x6330d8c3178a418788df01a47479c0ce7ccf450b
0,,,0,,,0,,,0,,,2026-07-01 09:00:00,0x6330d8c3178a418788df01a47479c0ce7ccf450b
0,,,0,,,0,,,0,,,2026-07-01 10:00:00,0x6330d8c3178a418788df01a47479c0ce7ccf450b
0,,,0,,,1,0.000629793979379795,0.09995180000000001,0,,,2026-07-01 11:00:00,0x6330d8c3178a418788df01a47479c0ce7ccf450b
0,,,0,,,0,,,0,,,2026-07-01 12:00:00,0x6330d8c3178a418788df01a47479c0ce7ccf450b
0,,,0,,,1,0.000602703165728446,0.09999059999999999,0,,,2026-07-01 13:00:00,0x6330d8c3178a418788df01a47479c0ce7ccf450b
0,,,0,,,0,,,0,,,2026-07-01 14:00:00,0x6330d8c3178a418788df01a47479c0ce7ccf450b
0,,,0,,,0,,,1,0.000629793979379795,0.09995180000000001,2026-07-01 15:00:00,0x6330d8c3178a418788df01a47479c0ce7ccf450b
0,,,0,,,0,,,0,,,2026-07-01 16:00:00,0x6330d8c3178a418788df01a47479c0ce7ccf450b
1,0.000606077888106079,0.0999868,0,,,0,,,1,0.000602703165728446,0.09999059999999999,2026-07-01 17:00:00,0x6330d8c3178a418788df01a47479c0ce7ccf450b
0,,,0,,,0,,,0,,,2026-07-01 18:00:00,0x6330d8c3178a418788df01a47479c0ce7ccf450b
0,,,0,,,0,,,0,,,2026-07-01 19:00:00,0x6330d8c3178a418788df01a47479c0ce7ccf450b
0,,,0,,,0,,,0,,,2026-07-01 20:00:00,0x6330d8c3178a418788df01a47479c0ce7ccf450b
0,,,0,,,0,,,0,,,2026-07-01 21:00:00,0x6330d8c3178a418788df01a47479c0ce7ccf450b
0,,,0,,,0,,,0,,,2026-07-01 22:00:00,0x6330d8c3178a418788df01a47479c0ce7ccf450b
0,,,0,,,0,,,0,,,2026-07-01 23:00:00,0x6330d8c3178a418788df01a47479c0ce7ccf450b
0,,,0,,,0,,,0,,,2026-07-02 00:00:00,0x6330d8c3178a418788df01a47479c0ce7ccf450b
0,,,0,,,0,,,0,,,2026-07-02 01:00:00,0x6330d8c3178a418788df01a47479c0ce7ccf450b
0,,,0,,,0,,,0,,,2026-07-02 02:00:00,0x6330d8c3178a418788df01a47479c0ce7ccf450b
0,,,0,,,0,,,0,,,2026-07-02 03:00:00,0x6330d8c3178a418788df01a47479c0ce7ccf450b
0,,,0,,,0,,,0,,,2026-07-02 04:00:00,0x6330d8c3178a418788df01a47479c0ce7ccf450b
0,,,0,,,0,,,0,,,2026-07-02 05:00:00,0x6330d8c3178a418788df01a47479c0ce7ccf450b
0,,,0,,,0,,,0,,,2026-07-02 06:00:00,0x6330d8c3178a418788df01a47479c0ce7ccf450b
0,,,0,,,0,,,0,,,2026-07-02 07:00:00,0x6330d8c3178a418788df01a47479c0ce7ccf450b
0,,,0,,,0,,,0,,,2026-07-02 08:00:00,0x6330d8c3178a418788df01a47479c0ce7ccf450b
0,,,0,,,0,,,0,,,2026-07-02 09:00:00,0x6330d8c3178a418788df01a47479c0ce7ccf450b
0,,,0,,,0,,,0,,,2026-07-02 10:00:00,0x6330d8c3178a418788df01a47479c0ce7ccf450b
0,,,0,,,0,,,0,,,2026-07-02 11:00:00,0x6330d8c3178a418788df01a47479c0ce7ccf450b
0,,,0,,,0,,,0,,,2026-07-02 12:00:00,0x6330d8c3178a418788df01a47479c0ce7ccf450b
0,,,0,,,0,,,0,,,2026-07-02 13:00:00,0x6330d8c3178a418788df01a47479c0ce7ccf450b
0,,,0,,,0,,,0,,,2026-07-02 14:00:00,0x6330d8c3178a418788df01a47479c0ce7ccf450b
0,,,0,,,0,,,0,,,2026-07-02 15:00:00,0x6330d8c3178a418788df01a47479c0ce7ccf450b
0,,,0,,,0,,,0,,,2026-07-02 16:00:00,0x6330d8c3178a418788df01a47479c0ce7ccf450b
0,,,0,,,0,,,0,,,2026-07-02 17:00:00,0x6330d8c3178a418788df01a47479c0ce7ccf450b
0,,,0,,,0,,,0,,,2026-07-02 18:00:00,0x6330d8c3178a418788df01a47479c0ce7ccf450b
0,,,0,,,0,,,0,,,2026-07-02 19:00:00,0x6330d8c3178a418788df01a47479c0ce7ccf450b
0,,,0,,,0,,,0,,,2026-07-02 20:00:00,0x6330d8c3178a418788df01a47479c0ce7ccf450b
0,,,0,,,0,,,0,,,2026-07-02 21:00:00,0x6330d8c3178a418788df01a47479c0ce7ccf450b
0,,,1,6.0524946272659e-05,0.00996566305,0,,,0,,,2026-07-02 22:00:00,0x6330d8c3178a418788df01a47479c0ce7ccf450b
0,,,14,0.0008437857804778519,0.13985025974999998,0,,,0,,,2026-07-02 23:00:00,0x6330d8c3178a418788df01a47479c0ce7ccf450b
0,,,17,0.001024065299557254,0.16981496505000002,0,,,0,,,2026-07-03 00:00:00,0x6330d8c3178a418788df01a47479c0ce7ccf450b
0,,,17,0.001023525821517024,0.16980284718000002,0,,,0,,,2026-07-03 01:00:00,0x6330d8c3178a418788df01a47479c0ce7ccf450b
0,,,17,0.001022986769660431,0.16983583416,0,,,0,,,2026-07-03 02:00:00,0x6330d8c3178a418788df01a47479c0ce7ccf450b
0,,,8,0.00048118661827804897,0.07993930068,0,,,0,,,2026-07-03 03:00:00,0x6330d8c3178a418788df01a47479c0ce7ccf450b
0,,,18,0.0010821345023805382,0.17982503496000005,0,,,0,,,2026-07-03 04:00:00,0x6330d8c3178a418788df01a47479c0ce7ccf450b
0,,,18,0.0010814960043724522,0.17986639356,0,,,0,,,2026-07-03 05:00:00,0x6330d8c3178a418788df01a47479c0ce7ccf450b
0,,,18,0.0010808753053147492,0.17986216779000003,1,6.0524946272659e-05,0.00996566305,0,,,2026-07-03 06:00:00,0x6330d8c3178a418788df01a47479c0ce7ccf450b
0,,,18,0.0010802551404570718,0.17986543452,14,0.0008437857804778519,0.13985025974999998,0,,,2026-07-03 07:00:00,0x6330d8c3178a418788df01a47479c0ce7ccf450b
0,,,18,0.001079652713966677,0.17984961035999994,17,0.001024065299557254,0.16981496505000002,0,,,2026-07-03 08:00:00,0x6330d8c3178a418788df01a47479c0ce7ccf450b
2,0.000120556229043858,0.01997651349,18,0.001079033600874816,0.17984109888000002,17,0.001023525821517024,0.16980284718000002,0,,,2026-07-03 09:00:00,0x6330d8c3178a418788df01a47479c0ce7ccf450b
1,6.0277634096876e-05,0.009988781220000001,18,0.00107841502016408,0.17982228771000003,17,0.001022986769660431,0.16983583416,1,6.0524946272659e-05,0.00996566305,2026-07-03 10:00:00,0x6330d8c3178a418788df01a47479c0ce7ccf450b
17,0.001024343378959192,0.16982727273000003,17,0.0010179436724979658,0.16985713284000004,8,0.00048118661827804897,0.07993930068,14,0.0008437857804778519,0.13985025974999998,2026-07-03 11:00:00,0x6330d8c3178a418788df01a47479c0ce7ccf450b
16,0.0009635722415978511,0.15984118880999998,0,,,18,0.0010821345023805382,0.17982503496000005,17,0.001024065299557254,0.16981496505000002,2026-07-03 12:00:00,0x6330d8c3178a418788df01a47479c0ce7ccf450b
16,0.000963064698170364,0.15985111887,0,,,18,0.0010814960043724522,0.17986639356,17,0.001023525821517024,0.16980284718000002,2026-07-03 13:00:00,0x6330d8c3178a418788df01a47479c0ce7ccf450b
16,0.000962557555645618,0.15983321679000007,0,,,18,0.0010808753053147492,0.17986216779000003,17,0.001022986769660431,0.16983583416,2026-07-03 14:00:00,0x6330d8c3178a418788df01a47479c0ce7ccf450b
18,0.00108244532750219,0.17982046953,0,,,18,0.0010802551404570718,0.17986543452,8,0.00048118661827804897,0.07993930068,2026-07-03 15:00:00,0x6330d8c3178a418788df01a47479c0ce7ccf450b
19,0.00114191602687377,0.18985394601000005,0,,,18,0.001079652713966677,0.17984961035999994,18,0.0010821345023805382,0.17982503496000005,2026-07-03 16:00:00,0x6330d8c3178a418788df01a47479c0ce7ccf450b
18,0.001081185588030259,0.1798648551,0,,,18,0.001079033600874816,0.17984109888000002,18,0.0010814960043724522,0.17986639356,2026-07-03 17:00:00,0x6330d8c3178a418788df01a47479c0ce7ccf450b
18,0.001080565156149231,0.17986749245999997,1,0.00011899338898079,0.01991015928,18,0.00107841502016408,0.17982228771000003,18,0.0010808753053147492,0.17986216779000003,2026-07-03 18:00:00,0x6330d8c3178a418788df01a47479c0ce7ccf450b
17,0.001019956426735751,0.16985300697,5,0.000594862416557941,0.099518944706,17,0.0010179436724979658,0.16985713284000004,18,0.0010802551404570718,0.17986543452,2026-07-03 19:00:00,0x6330d8c3178a418788df01a47479c0ce7ccf450b
18,0.001079343090834935,0.17988164828999995,3,0.000357036904346675,0.059700422668000006,0,,,18,0.001079652713966677,0.17984961035999994,2026-07-03 20:00:00,0x6330d8c3178a418788df01a47479c0ce7ccf450b
18,0.0010787242440099681,0.17982404595000004,20,0.001187224079099426,0.19981781217,0,,,18,0.001079033600874816,0.17984109888000002,2026-07-03 21:00:00,0x6330d8c3178a418788df01a47479c0ce7ccf450b
17,0.001018219262019772,0.16984742256000002,13,0.0007709761828712591,0.12986923077,0,,,18,0.00107841502016408,0.17982228771000003,2026-07-03 22:00:00,0x6330d8c3178a418788df01a47479c0ce7ccf450b
0,,,20,0.0011850118992832509,0.19980234765000005,0,,,17,0.0010179436724979658,0.16985713284000004,2026-07-03 23:00:00,0x6330d8c3178a418788df01a47479c0ce7ccf450b
0,,,20,0.001183802367167075,0.19981220778000006,0,,,0,,,2026-07-04 00:00:00,0x6330d8c3178a418788df01a47479c0ce7ccf450b
0,,,20,0.001182624855448881,0.19983488508,0,,,0,,,2026-07-04 01:00:00,0x6330d8c3178a418788df01a47479c0ce7ccf450b
0,,,20,0.001181418975215948,0.19981567431000002,1,0.00011899338898079,0.01991015928,0,,,2026-07-04 02:00:00,0x6330d8c3178a418788df01a47479c0ce7ccf450b
0,,,20,0.0011802450169151931,0.19983627369000004,5,0.000594862416557941,0.099518944706,0,,,2026-07-04 03:00:00,0x6330d8c3178a418788df01a47479c0ce7ccf450b
0,,,3,0.000176948801268443,0.02997034965,3,0.000357036904346675,0.059700422668000006,0,,,2026-07-04 04:00:00,0x6330d8c3178a418788df01a47479c0ce7ccf450b
9,0.023251389569645262,47.29831057026933,20,0.001178802545716445,0.19981317681,20,0.001187224079099426,0.19981781217,0,,,2026-07-04 05:00:00,0x6330d8c3178a418788df01a47479c0ce7ccf450b
4,0.000356827400308774,0.059823522684,20,0.0011776025054812708,0.19981678319999996,13,0.0007709761828712591,0.12986923077,1,0.00011899338898079,0.01991015928,2026-07-04 06:00:00,0x6330d8c3178a418788df01a47479c0ce7ccf450b
5,0.000535508078902047,0.08963623585300001,20,0.001176404296804612,0.19976085918000006,20,0.0011850118992832509,0.19980234765000005,5,0.000594862416557941,0.099518944706,2026-07-04 07:00:00,0x6330d8c3178a418788df01a47479c0ce7ccf450b
6,0.00035628559830212005,0.05993994006000001,20,0.001175207915961144,0.19981466531999997,20,0.001183802367167075,0.19981220778000006,3,0.000357036904346675,0.059700422668000006,2026-07-04 08:00:00,0x6330d8c3178a418788df01a47479c0ce7ccf450b
20,0.001186617386755398,0.19980050949000006,20,0.001174013359235022,0.19979073927000002,20,0.001182624855448881,0.19983488508,20,0.001187224079099426,0.19981781217,2026-07-04 09:00:00,0x6330d8c3178a418788df01a47479c0ce7ccf450b
20,0.001185617360609117,0.19978682319000005,20,0.001172820622919831,0.19981183815000003,20,0.001181418975215948,0.19981567431000002,13,0.0007709761828712591,0.12986923077,2026-07-04 10:00:00,0x6330d8c3178a418788df01a47479c0ce7ccf450b
20,0.001184406901627012,0.19982362634999998,20,0.0011716594541969938,0.19978976025000003,20,0.0011802450169151931,0.19983627369000004,20,0.0011850118992832509,0.19980234765000005,2026-07-04 11:00:00,0x6330d8c3178a418788df01a47479c0ce7ccf450b
19,0.001124052720225005,0.18984134862,20,0.0011704703023412187,0.19982714283000003,3,0.000176948801268443,0.02997034965,20,0.001183802367167075,0.19981220778000006,2026-07-04 12:00:00,0x6330d8c3178a418788df01a47479c0ce7ccf450b
20,0.00118202168466613,0.19983404592,19,0.0011108328992829107,0.18982317681,20,0.001178802545716445,0.19981317681,20,0.001182624855448881,0.19983488508,2026-07-04 13:00:00,0x6330d8c3178a418788df01a47479c0ce7ccf450b
19,0.001121790186591334,0.1898475624,20,0.001168127039717764,0.19978831170000003,20,0.0011776025054812708,0.19981678319999996,20,0.001181418975215948,0.19981567431000002,2026-07-04 14:00:00,0x6330d8c3178a418788df01a47479c0ce7ccf450b
8,0.00047192960267279497,0.07993407591,0,,,20,0.001176404296804612,0.19976085918000006,20,0.0011802450169151931,0.19983627369000004,2026-07-04 15:00:00,0x6330d8c3178a418788df01a47479c0ce7ccf450b
17,0.001002454452566793,0.16981543458000004,0,,,20,0.001175207915961144,0.19981466531999997,3,0.000176948801268443,0.02997034965,2026-07-04 16:00:00,0x6330d8c3178a418788df01a47479c0ce7ccf450b
20,0.0011782022964208368,0.19980440559000004,0,,,20,0.001174013359235022,0.19979073927000002,20,0.001178802545716445,0.19981317681,2026-07-04 17:00:00,0x6330d8c3178a418788df01a47479c0ce7ccf450b
20,0.00117700317243118,0.1997726873400001,0,,,20,0.001172820622919831,0.19981183815000003,20,0.0011776025054812708,0.19981678319999996,2026-07-04 18:00:00,0x6330d8c3178a418788df01a47479c0ce7ccf450b
20,0.001175805878136189,0.19980729269999997,0,,,20,0.0011716594541969938,0.19978976025000003,20,0.001176404296804612,0.19976085918000006,2026-07-04 19:00:00,0x6330d8c3178a418788df01a47479c0ce7ccf450b
20,0.0011746104098152889,0.19980959040000004,0,,,20,0.0011704703023412187,0.19982714283000003,20,0.001175207915961144,0.19981466531999997,2026-07-04 20:00:00,0x6330d8c3178a418788df01a47479c0ce7ccf450b
20,0.0011734167637573439,0.19980489510000002,0,,,19,0.0011108328992829107,0.18982317681,20,0.001174013359235022,0.19979073927000002,2026-07-04 21:00:00,0x6330d8c3178a418788df01a47479c0ce7ccf450b
19,0.0011136278299996461,0.18982170827999997,0,,,20,0.001168127039717764,0.19978831170000003,20,0.001172820622919831,0.19981183815000003,2026-07-04 22:00:00,0x6330d8c3178a418788df01a47479c0ce7ccf450b
20,0.0011710646518594372,0.19980296702999997,0,,,0,,,20,0.0011716594541969938,0.19978976025000003,2026-07-04 23:00:00,0x6330d8c3178a418788df01a47479c0ce7ccf450b
20,0.0011698764051828261,0.19979945055000004,0,,,0,,,20,0.0011704703023412187,0.19982714283000003,2026-07-05 00:00:00,0x6330d8c3178a418788df01a47479c0ce7ccf450b
20,0.0011687196050863787,0.19979019980999999,0,,,0,,,19,0.0011108328992829107,0.18982317681,2026-07-05 01:00:00,0x6330d8c3178a418788df01a47479c0ce7ccf450b
14,0.0008173365926961929,0.13984869132,0,,,0,,,20,0.001168127039717764,0.19978831170000003,2026-07-05 02:00:00,0x6330d8c3178a418788df01a47479c0ce7ccf450b
0,,,0,,,0,,,0,,,2026-07-05 03:00:00,0x6330d8c3178a418788df01a47479c0ce7ccf450b
0,,,0,,,0,,,0,,,2026-07-05 04:00:00,0x6330d8c3178a418788df01a47479c0ce7ccf450b
0,,,0,,,0,,,0,,,2026-07-05 05:00:00,0x6330d8c3178a418788df01a47479c0ce7ccf450b
1,0.006320914599314793,1.08326508433,0,,,0,,,0,,,2026-07-05 06:00:00,0x6330d8c3178a418788df01a47479c0ce7ccf450b
0,,,0,,,0,,,0,,,2026-07-05 07:00:00,0x6330d8c3178a418788df01a47479c0ce7ccf450b
0,,,0,,,0,,,0,,,2026-07-05 08:00:00,0x6330d8c3178a418788df01a47479c0ce7ccf450b
0,,,0,,,0,,,0,,,2026-07-05 09:00:00,0x6330d8c3178a418788df01a47479c0ce7ccf450b
0,,,0,,,0,,,0,,,2026-07-05 10:00:00,0x6330d8c3178a418788df01a47479c0ce7ccf450b
0,,,0,,,0,,,0,,,2026-07-05 11:00:00,0x6330d8c3178a418788df01a47479c0ce7ccf450b
0,,,0,,,0,,,0,,,2026-07-05 12:00:00,0x6330d8c3178a418788df01a47479c0ce7ccf450b
1,6.9921938518735e-05,0.012002088,0,,,0,,,0,,,2026-07-05 13:00:00,0x6330d8c3178a418788df01a47479c0ce7ccf450b
1,6.4093242775515e-05,0.011001441,0,,,0,,,0,,,2026-07-05 14:00:00,0x6330d8c3178a418788df01a47479c0ce7ccf450b
0,,,0,,,0,,,0,,,2026-07-05 15:00:00,0x6330d8c3178a418788df01a47479c0ce7ccf450b
0,,,0,,,0,,,0,,,2026-07-05 16:00:00,0x6330d8c3178a418788df01a47479c0ce7ccf450b
0,,,0,,,0,,,0,,,2026-07-05 17:00:00,0x6330d8c3178a418788df01a47479c0ce7ccf450b
0,,,0,,,0,,,0,,,2026-07-05 18:00:00,0x6330d8c3178a418788df01a47479c0ce7ccf450b
0,,,0,,,0,,,0,,,2026-07-05 19:00:00,0x6330d8c3178a418788df01a47479c0ce7ccf450b
1,2.0740651327658e-05,0.0035600356000000002,0,,,0,,,0,,,2026-07-05 20:00:00,0x6330d8c3178a418788df01a47479c0ce7ccf450b
0,,,1,1.02679390043e-05,0.0017632327160000002,0,,,0,,,2026-07-05 21:00:00,0x6330d8c3178a418788df01a47479c0ce7ccf450b
0,,,0,,,0,,,0,,,2026-07-05 22:00:00,0x6330d8c3178a418788df01a47479c0ce7ccf450b
0,,,0,,,0,,,0,,,2026-07-05 23:00:00,0x6330d8c3178a418788df01a47479c0ce7ccf450b
0,,,1,0.0118672015,2.0193628837500004,0,,,0,,,2026-07-06 00:00:00,0x6330d8c3178a418788df01a47479c0ce7ccf450b
0,,,0,,,0,,,0,,,2026-07-06 01:00:00,0x6330d8c3178a418788df01a47479c0ce7ccf450b
0,,,0,,,0,,,0,,,2026-07-06 02:00:00,0x6330d8c3178a418788df01a47479c0ce7ccf450b
0,,,2,0.08831393711439132,14.707064986208,0,,,0,,,2026-07-06 03:00:00,0x6330d8c3178a418788df01a47479c0ce7ccf450b
0,,,0,,,0,,,0,,,2026-07-06 04:00:00,0x6330d8c3178a418788df01a47479c0ce7ccf450b
0,,,0,,,1,1.02679390043e-05,0.0017632327160000002,0,,,2026-07-06 05:00:00,0x6330d8c3178a418788df01a47479c0ce7ccf450b
0,,,0,,,0,,,0,,,2026-07-06 06:00:00,0x6330d8c3178a418788df01a47479c0ce7ccf450b
1,1.0297205134638e-05,0.001767895688,0,,,0,,,0,,,2026-07-06 07:00:00,0x6330d8c3178a418788df01a47479c0ce7ccf450b
0,,,0,,,1,0.0118672015,2.0193628837500004,0,,,2026-07-06 08:00:00,0x6330d8c3178a418788df01a47479c0ce7ccf450b
0,,,202,0.00012199211399537498,0.020202843000000036,0,,,1,1.02679390043e-05,0.0017632327160000002,2026-07-06 09:00:00,0x6330d8c3178a418788df01a47479c0ce7ccf450b
0,,,90,5.4349527318962005e-05,0.008999982000000009,0,,,0,,,2026-07-06 10:00:00,0x6330d8c3178a418788df01a47479c0ce7ccf450b
0,,,0,,,2,0.08831393711439132,14.707064986208,0,,,2026-07-06 11:00:00,0x6330d8c3178a418788df01a47479c0ce7ccf450b
0,,,0,,,0,,,1,0.0118672015,2.0193628837500004,2026-07-06 12:00:00,0x6330d8c3178a418788df01a47479c0ce7ccf450b
0,,,0,,,0,,,0,,,2026-07-06 13:00:00,0x6330d8c3178a418788df01a47479c0ce7ccf450b
0,,,0,,,0,,,0,,,2026-07-06 14:00:00,0x6330d8c3178a418788df01a47479c0ce7ccf450b
1,6.6678411987779e-05,0.010964458078999999,0,,,0,,,2,0.08831393711439132,14.707064986208,2026-07-06 15:00:00,0x6330d8c3178a418788df01a47479c0ce7ccf450b
0,,,0,,,0,,,0,,,2026-07-06 16:00:00,0x6330d8c3178a418788df01a47479c0ce7ccf450b
0,,,0,,,202,0.00012199211399537498,0.020202843000000036,0,,,2026-07-06 17:00:00,0x6330d8c3178a418788df01a47479c0ce7ccf450b
0,,,0,,,90,5.4349527318962005e-05,0.008999982000000009,0,,,2026-07-06 18:00:00,0x6330d8c3178a418788df01a47479c0ce7ccf450b
0,,,0,,,0,,,0,,,2026-07-06 19:00:00,0x6330d8c3178a418788df01a47479c0ce7ccf450b
22,1.3286652337200999e-05,0.0022000760999999996,0,,,0,,,0,,,2026-07-06 20:00:00,0x6330d8c3178a418788df01a47479c0ce7ccf450b
97,5.8578120541731e-05,0.009701624799999994,0,,,0,,,202,0.00012199211399537498,0.020202843000000036,2026-07-06 21:00:00,0x6330d8c3178a418788df01a47479c0ce7ccf450b
48,0.10650956622984346,17.92172852696998,0,,,0,,,90,5.4349527318962005e-05,0.008999982000000009,2026-07-06 22:00:00,0x6330d8c3178a418788df01a47479c0ce7ccf450b
0,,,0,,,0,,,0,,,2026-07-06 23:00:00,0x6330d8c3178a418788df01a47479c0ce7ccf450b
0,,,0,,,0,,,0,,,2026-07-07 00:00:00,0x6330d8c3178a418788df01a47479c0ce7ccf450b
0,,,0,,,0,,,0,,,2026-07-07 01:00:00,0x6330d8c3178a418788df01a47479c0ce7ccf450b
0,,,0,,,0,,,0,,,2026-07-07 02:00:00,0x6330d8c3178a418788df01a47479c0ce7ccf450b
0,,,0,,,0,,,0,,,2026-07-07 03:00:00,0x6330d8c3178a418788df01a47479c0ce7ccf450b
0,,,0,,,0,,,0,,,2026-07-07 04:00:00,0x6330d8c3178a418788df01a47479c0ce7ccf450b
1,0.066,11.132891214625,0,,,0,,,0,,,2026-07-07 05:00:00,0x6330d8c3178a418788df01a47479c0ce7ccf450b
0,,,0,,,0,,,0,,,2026-07-07 06:00:00,0x6330d8c3178a418788df01a47479c0ce7ccf450b
0,,,0,,,0,,,0,,,2026-07-07 07:00:00,0x6330d8c3178a418788df01a47479c0ce7ccf450b
0,,,0,,,0,,,0,,,2026-07-07 08:00:00,0x6330d8c3178a418788df01a47479c0ce7ccf450b
0,,,0,,,0,,,0,,,2026-07-07 09:00:00,0x6330d8c3178a418788df01a47479c0ce7ccf450b
0,,,0,,,0,,,0,,,2026-07-07 10:00:00,0x6330d8c3178a418788df01a47479c0ce7ccf450b
0,,,0,,,0,,,0,,,2026-07-07 11:00:00,0x6330d8c3178a418788df01a47479c0ce7ccf450b
0,,,0,,,0,,,0,,,2026-07-07 12:00:00,0x6330d8c3178a418788df01a47479c0ce7ccf450b
0,,,0,,,0,,,0,,,2026-07-07 13:00:00,0x6330d8c3178a418788df01a47479c0ce7ccf450b
0,,,0,,,0,,,0,,,2026-07-07 14:00:00,0x6330d8c3178a418788df01a47479c0ce7ccf450b
0,,,1,7.1423951745879e-05,0.0011479127519999999,0,,,0,,,2026-07-07 15:00:00,0x6330d8c3178a418788df01a47479c0ce7ccf450b
0,,,0,,,0,,,0,,,2026-07-07 16:00:00,0x6330d8c3178a418788df01a47479c0ce7ccf450b
0,,,0,,,0,,,0,,,2026-07-07 17:00:00,0x6330d8c3178a418788df01a47479c0ce7ccf450b
0,,,0,,,0,,,0,,,2026-07-07 18:00:00,0x6330d8c3178a418788df01a47479c0ce7ccf450b
0,,,0,,,0,,,0,,,2026-07-07 19:00:00,0x6330d8c3178a418788df01a47479c0ce7ccf450b
0,,,0,,,0,,,0,,,2026-07-07 20:00:00,0x6330d8c3178a418788df01a47479c0ce7ccf450b
0,,,0,,,0,,,0,,,2026-07-07 21:00:00,0x6330d8c3178a418788df01a47479c0ce7ccf450b
0,,,0,,,0,,,0,,,2026-07-07 22:00:00,0x6330d8c3178a418788df01a47479c0ce7ccf450b
0,,,0,,,1,7.1423951745879e-05,0.0011479127519999999,0,,,2026-07-07 23:00:00,0x6330d8c3178a418788df01a47479c0ce7ccf450b
0,,,0,,,0,,,0,,,2026-07-01 00:00:00,0x86923f96303d656e4aa86d9d42d1e57ad2023fdc
0,,,0,,,0,,,0,,,2026-07-01 01:00:00,0x86923f96303d656e4aa86d9d42d1e57ad2023fdc
0,,,0,,,0,,,0,,,2026-07-01 02:00:00,0x86923f96303d656e4aa86d9d42d1e57ad2023fdc
0,,,1,0.000178921344138269,0.09995180000000001,0,,,0,,,2026-07-01 03:00:00,0x86923f96303d656e4aa86d9d42d1e57ad2023fdc
0,,,0,,,0,,,0,,,2026-07-01 04:00:00,0x86923f96303d656e4aa86d9d42d1e57ad2023fdc
0,,,1,0.000177938757090469,0.09999059999999999,0,,,0,,,2026-07-01 05:00:00,0x86923f96303d656e4aa86d9d42d1e57ad2023fdc
0,,,0,,,0,,,0,,,2026-07-01 06:00:00,0x86923f96303d656e4aa86d9d42d1e57ad2023fdc
0,,,0,,,0,,,0,,,2026-07-01 07:00:00,0x86923f96303d656e4aa86d9d42d1e57ad2023fdc
0,,,0,,,0,,,0,,,2026-07-01 08:00:00,0x86923f96303d656e4aa86d9d42d1e57ad2023fdc
0,,,0,,,0,,,0,,,2026-07-01 09:00:00,0x86923f96303d656e4aa86d9d42d1e57ad2023fdc
0,,,0,,,0,,,0,,,2026-07-01 10:00:00,0x86923f96303d656e4aa86d9d42d1e57ad2023fdc
0,,,0,,,1,0.000178921344138269,0.09995180000000001,0,,,2026-07-01 11:00:00,0x86923f96303d656e4aa86d9d42d1e57ad2023fdc
0,,,0,,,0,,,0,,,2026-07-01 12:00:00,0x86923f96303d656e4aa86d9d42d1e57ad2023fdc
0,,,0,,,1,0.000177938757090469,0.09999059999999999,0,,,2026-07-01 13:00:00,0x86923f96303d656e4aa86d9d42d1e57ad2023fdc
0,,,0,,,0,,,0,,,2026-07-01 14:00:00,0x86923f96303d656e4aa86d9d42d1e57ad2023fdc
0,,,0,,,0,,,1,0.000178921344138269,0.09995180000000001,2026-07-01 15:00:00,0x86923f96303d656e4aa86d9d42d1e57ad2023fdc
0,,,0,,,0,,,0,,,2026-07-01 16:00:00,0x86923f96303d656e4aa86d9d42d1e57ad2023fdc
1,0.000178716825501223,0.0999868,0,,,0,,,1,0.000177938757090469,0.09999059999999999,2026-07-01 17:00:00,0x86923f96303d656e4aa86d9d42d1e57ad2023fdc
0,,,0,,,0,,,0,,,2026-07-01 18:00:00,0x86923f96303d656e4aa86d9d42d1e57ad2023fdc
0,,,0,,,0,,,0,,,2026-07-01 19:00:00,0x86923f96303d656e4aa86d9d42d1e57ad2023fdc
0,,,0,,,0,,,0,,,2026-07-01 20:00:00,0x86923f96303d656e4aa86d9d42d1e57ad2023fdc
0,,,0,,,0,,,0,,,2026-07-01 21:00:00,0x86923f96303d656e4aa86d9d42d1e57ad2023fdc
0,,,0,,,0,,,0,,,2026-07-01 22:00:00,0x86923f96303d656e4aa86d9d42d1e57ad2023fdc
0,,,0,,,0,,,0,,,2026-07-01 23:00:00,0x86923f96303d656e4aa86d9d42d1e57ad2023fdc
0,,,0,,,0,,,0,,,2026-07-02 00:00:00,0x86923f96303d656e4aa86d9d42d1e57ad2023fdc
0,,,0,,,0,,,0,,,2026-07-02 01:00:00,0x86923f96303d656e4aa86d9d42d1e57ad2023fdc
0,,,0,,,0,,,0,,,2026-07-02 02:00:00,0x86923f96303d656e4aa86d9d42d1e57ad2023fdc
0,,,0,,,0,,,0,,,2026-07-02 03:00:00,0x86923f96303d656e4aa86d9d42d1e57ad2023fdc
0,,,0,,,0,,,0,,,2026-07-02 04:00:00,0x86923f96303d656e4aa86d9d42d1e57ad2023fdc
0,,,0,,,0,,,0,,,2026-07-02 05:00:00,0x86923f96303d656e4aa86d9d42d1e57ad2023fdc
0,,,0,,,0,,,0,,,2026-07-02 06:00:00,0x86923f96303d656e4aa86d9d42d1e57ad2023fdc
0,,,1,0.003672910927456381,0.202577243115,0,,,0,,,2026-07-02 07:00:00,0x86923f96303d656e4aa86d9d42d1e57ad2023fdc
0,,,0,,,0,,,0,,,2026-07-02 08:00:00,0x86923f96303d656e4aa86d9d42d1e57ad2023fdc
0,,,0,,,0,,,0,,,2026-07-02 09:00:00,0x86923f96303d656e4aa86d9d42d1e57ad2023fdc
0,,,0,,,0,,,0,,,2026-07-02 10:00:00,0x86923f96303d656e4aa86d9d42d1e57ad2023fdc
0,,,0,,,0,,,0,,,2026-07-02 11:00:00,0x86923f96303d656e4aa86d9d42d1e57ad2023fdc
0,,,0,,,0,,,0,,,2026-07-02 12:00:00,0x86923f96303d656e4aa86d9d42d1e57ad2023fdc
0,,,0,,,0,,,0,,,2026-07-02 13:00:00,0x86923f96303d656e4aa86d9d42d1e57ad2023fdc
0,,,0,,,0,,,0,,,2026-07-02 14:00:00,0x86923f96303d656e4aa86d9d42d1e57ad2023fdc
0,,,0,,,1,0.003672910927456381,0.202577243115,0,,,2026-07-02 15:00:00,0x86923f96303d656e4aa86d9d42d1e57ad2023fdc
0,,,7,0.16459434964552108,90.65489501364351,0,,,0,,,2026-07-02 16:00:00,0x86923f96303d656e4aa86d9d42d1e57ad2023fdc
0,,,1,0.006738146556001786,3.7109220974735946,0,,,0,,,2026-07-02 17:00:00,0x86923f96303d656e4aa86d9d42d1e57ad2023fdc
0,,,0,,,0,,,0,,,2026-07-02 18:00:00,0x86923f96303d656e4aa86d9d42d1e57ad2023fdc
0,,,2,0.014082852949113343,7.818192795145788,0,,,1,0.003672910927456381,0.202577243115,2026-07-02 19:00:00,0x86923f96303d656e4aa86d9d42d1e57ad2023fdc
0,,,0,,,0,,,0,,,2026-07-02 20:00:00,0x86923f96303d656e4aa86d9d42d1e57ad2023fdc
0,,,0,,,0,,,0,,,2026-07-02 21:00:00,0x86923f96303d656e4aa86d9d42d1e57ad2023fdc
0,,,2,0.017342411617466944,9.687022619317677,0,,,0,,,2026-07-02 22:00:00,0x86923f96303d656e4aa86d9d42d1e57ad2023fdc
1,0.030465869700441,15.59867150905,0,,,0,,,0,,,2026-07-02 23:00:00,0x86923f96303d656e4aa86d9d42d1e57ad2023fdc
0,,,3,0.02457057412226173,13.8658580676,7,0.16459434964552108,90.65489501364351,0,,,2026-07-03 00:00:00,0x86923f96303d656e4aa86d9d42d1e57ad2023fdc
0,,,1,0.011068065052607719,6.228224157273457,1,0.006738146556001786,3.7109220974735946,0,,,2026-07-03 01:00:00,0x86923f96303d656e4aa86d9d42d1e57ad2023fdc
0,,,2,0.016931254421712293,9.59152426491599,0,,,0,,,2026-07-03 02:00:00,0x86923f96303d656e4aa86d9d42d1e57ad2023fdc
10,0.19137253429940013,105.01916310184758,1,0.008226214208201438,4.62976965,2,0.014082852949113343,7.818192795145788,0,,,2026-07-03 03:00:00,0x86923f96303d656e4aa86d9d42d1e57ad2023fdc
1,0.006614324512547049,3.6461264815164562,2,0.02340055017994643,13.185390210972525,0,,,7,0.16459434964552108,90.65489501364351,2026-07-03 04:00:00,0x86923f96303d656e4aa86d9d42d1e57ad2023fdc
0,,,3,0.0343596457095073,19.36293790944335,0,,,1,0.006738146556001786,3.7109220974735946,2026-07-03 05:00:00,0x86923f96303d656e4aa86d9d42d1e57ad2023fdc
0,,,2,0.014631912564059615,8.270797285785525,2,0.017342411617466944,9.687022619317677,0,,,2026-07-03 06:00:00,0x86923f96303d656e4aa86d9d42d1e57ad2023fdc
0,,,2,0.017252588971214122,9.771320773257191,0,,,2,0.014082852949113343,7.818192795145788,2026-07-03 07:00:00,0x86923f96303d656e4aa86d9d42d1e57ad2023fdc
2,0.014871885496301075,8.25756421949386,2,0.023565636802962937,13.409560513410302,3,0.02457057412226173,13.8658580676,0,,,2026-07-03 08:00:00,0x86923f96303d656e4aa86d9d42d1e57ad2023fdc
0,,,0,,,1,0.011068065052607719,6.228224157273457,0,,,2026-07-03 09:00:00,0x86923f96303d656e4aa86d9d42d1e57ad2023fdc
0,,,0,,,2,0.016931254421712293,9.59152426491599,2,0.017342411617466944,9.687022619317677,2026-07-03 10:00:00,0x86923f96303d656e4aa86d9d42d1e57ad2023fdc
1,0.15275569671397402,86.14683,0,,,1,0.008226214208201438,4.62976965,0,,,2026-07-03 11:00:00,0x86923f96303d656e4aa86d9d42d1e57ad2023fdc
1,0.010069400270058673,5.68146371562,0,,,2,0.02340055017994643,13.185390210972525,3,0.02457057412226173,13.8658580676,2026-07-03 12:00:00,0x86923f96303d656e4aa86d9d42d1e57ad2023fdc
3,0.03444143628703635,19.41573672195954,0,,,3,0.0343596457095073,19.36293790944335,1,0.011068065052607719,6.228224157273457,2026-07-03 13:00:00,0x86923f96303d656e4aa86d9d42d1e57ad2023fdc
3,0.027049327457717116,15.2224690080558,0,,,2,0.014631912564059615,8.270797285785525,2,0.016931254421712293,9.59152426491599,2026-07-03 14:00:00,0x86923f96303d656e4aa86d9d42d1e57ad2023fdc
5,0.06641201347227836,37.48794035820533,1,0.007284392198013453,4.153227871555704,2,0.017252588971214122,9.771320773257191,1,0.008226214208201438,4.62976965,2026-07-03 15:00:00,0x86923f96303d656e4aa86d9d42d1e57ad2023fdc
0,,,0,,,2,0.023565636802962937,13.409560513410302,2,0.02340055017994643,13.185390210972525,2026-07-03 16:00:00,0x86923f96303d656e4aa86d9d42d1e57ad2023fdc
1,0.02369232784997533,13.382752816611664,0,,,0,,,3,0.0343596457095073,19.36293790944335,2026-07-03 17:00:00,0x86923f96303d656e4aa86d9d42d1e57ad2023fdc
3,0.07631609347640199,43.16750042947933,1,0.001920339773044089,1.1010081489458734,0,,,2,0.014631912564059615,8.270797285785525,2026-07-03 18:00:00,0x86923f96303d656e4aa86d9d42d1e57ad2023fdc
5,0.03565034879538771,19.03915431105804,2,0.005110061565064371,2.8034855629193074,0,,,2,0.017252588971214122,9.771320773257191,2026-07-03 19:00:00,0x86923f96303d656e4aa86d9d42d1e57ad2023fdc
2,0.017334461660548396,9.881696181482269,2,0.013567535704625593,7.429560031469872,0,,,2,0.023565636802962937,13.409560513410302,2026-07-03 20:00:00,0x86923f96303d656e4aa86d9d42d1e57ad2023fdc
0,,,1,0.002353062467918765,1.3520179694739711,0,,,0,,,2026-07-03 21:00:00,0x86923f96303d656e4aa86d9d42d1e57ad2023fdc
2,0.026105942854200394,14.986771920061837,1,0.002173464714064034,1.2480182430132534,0,,,0,,,2026-07-03 22:00:00,0x86923f96303d656e4aa86d9d42d1e57ad2023fdc
0,,,1,0.004231950579346733,2.423853255652647,1,0.007284392198013453,4.153227871555704,0,,,2026-07-03 23:00:00,0x86923f96303d656e4aa86d9d42d1e57ad2023fdc
1,0.012000329150213715,6.880678040537363,2,0.007358715173261135,3.915553094172,0,,,0,,,2026-07-04 00:00:00,0x86923f96303d656e4aa86d9d42d1e57ad2023fdc
0,,,0,,,0,,,0,,,2026-07-04 01:00:00,0x86923f96303d656e4aa86d9d42d1e57ad2023fdc
0,,,0,,,1,0.001920339773044089,1.1010081489458734,0,,,2026-07-04 02:00:00,0x86923f96303d656e4aa86d9d42d1e57ad2023fdc
0,,,0,,,2,0.005110061565064371,2.8034855629193074,1,0.007284392198013453,4.153227871555704,2026-07-04 03:00:00,0x86923f96303d656e4aa86d9d42d1e57ad2023fdc
0,,,0,,,2,0.013567535704625593,7.429560031469872,0,,,2026-07-04 04:00:00,0x86923f96303d656e4aa86d9d42d1e57ad2023fdc
0,,,1,0.004191145722485414,2.4420666578663326,1,0.002353062467918765,1.3520179694739711,0,,,2026-07-04 05:00:00,0x86923f96303d656e4aa86d9d42d1e57ad2023fdc
2,0.01726326714405382,9.893380611801083,0,,,1,0.002173464714064034,1.2480182430132534,1,0.001920339773044089,1.1010081489458734,2026-07-04 06:00:00,0x86923f96303d656e4aa86d9d42d1e57ad2023fdc
2,0.002560392647351221,1.4390873000232696,0,,,1,0.004231950579346733,2.423853255652647,2,0.005110061565064371,2.8034855629193074,2026-07-04 07:00:00,0x86923f96303d656e4aa86d9d42d1e57ad2023fdc
3,0.005860061427045417,3.3310100745384306,1,0.00869193040476614,5.078492886970422,2,0.007358715173261135,3.915553094172,2,0.013567535704625593,7.429560031469872,2026-07-04 08:00:00,0x86923f96303d656e4aa86d9d42d1e57ad2023fdc
0,,,0,,,0,,,1,0.002353062467918765,1.3520179694739711,2026-07-04 09:00:00,0x86923f96303d656e4aa86d9d42d1e57ad2023fdc
3,0.16084684142138367,83.6278158249798,0,,,0,,,1,0.002173464714064034,1.2480182430132534,2026-07-04 10:00:00,0x86923f96303d656e4aa86d9d42d1e57ad2023fdc
1,0.005041376240123719,2.889506371147256,0,,,0,,,1,0.004231950579346733,2.423853255652647,2026-07-04 11:00:00,0x86923f96303d656e4aa86d9d42d1e57ad2023fdc
2,0.0164558864601518,9.442471440401752,0,,,0,,,2,0.007358715173261135,3.915553094172,2026-07-04 12:00:00,0x86923f96303d656e4aa86d9d42d1e57ad2023fdc
0,,,0,,,1,0.004191145722485414,2.4420666578663326,0,,,2026-07-04 13:00:00,0x86923f96303d656e4aa86d9d42d1e57ad2023fdc
1,0.001778139070595368,1.0259284500179284,1,0.07015875761280022,40.39142577924866,0,,,0,,,2026-07-04 14:00:00,0x86923f96303d656e4aa86d9d42d1e57ad2023fdc
1,0.011797408601825873,6.197228491456764,1,0.009129736904531335,5.238704309958485,0,,,0,,,2026-07-04 15:00:00,0x86923f96303d656e4aa86d9d42d1e57ad2023fdc
0,,,0,,,1,0.00869193040476614,5.078492886970422,0,,,2026-07-04 16:00:00,0x86923f96303d656e4aa86d9d42d1e57ad2023fdc
1,0.001904744808833007,1.1089318224546174,0,,,0,,,1,0.004191145722485414,2.4420666578663326,2026-07-04 17:00:00,0x86923f96303d656e4aa86d9d42d1e57ad2023fdc
2,0.012764657913755726,7.482533217056818,0,,,0,,,0,,,2026-07-04 18:00:00,0x86923f96303d656e4aa86d9d42d1e57ad2023fdc
0,,,1,0.00898230787231455,5.173391369369871,0,,,0,,,2026-07-04 19:00:00,0x86923f96303d656e4aa86d9d42d1e57ad2023fdc
0,,,0,,,0,,,1,0.00869193040476614,5.078492886970422,2026-07-04 20:00:00,0x86923f96303d656e4aa86d9d42d1e57ad2023fdc
0,,,0,,,0,,,0,,,2026-07-04 21:00:00,0x86923f96303d656e4aa86d9d42d1e57ad2023fdc
1,0.008345002495903328,4.85500440978634,0,,,1,0.07015875761280022,40.39142577924866,0,,,2026-07-04 22:00:00,0x86923f96303d656e4aa86d9d42d1e57ad2023fdc
0,,,1,0.001988691267043005,1.1423217485383945,1,0.009129736904531335,5.238704309958485,0,,,2026-07-04 23:00:00,0x86923f96303d656e4aa86d9d42d1e57ad2023fdc
0,,,0,,,0,,,0,,,2026-07-05 00:00:00,0x86923f96303d656e4aa86d9d42d1e57ad2023fdc
0,,,1,0.001891942531375805,1.0900866207990574,0,,,0,,,2026-07-05 01:00:00,0x86923f96303d656e4aa86d9d42d1e57ad2023fdc
2,0.010504228626739366,6.048310555336164,1,0.002603251234710916,1.5004609620749199,0,,,1,0.07015875761280022,40.39142577924866,2026-07-05 02:00:00,0x86923f96303d656e4aa86d9d42d1e57ad2023fdc
1,0.001921087349657552,1.1054709348703466,2,0.006739204213387615,3.892192647700882,1,0.00898230787231455,5.173391369369871,1,0.009129736904531335,5.238704309958485,2026-07-05 03:00:00,0x86923f96303d656e4aa86d9d42d1e57ad2023fdc
1,0.002894025163384884,1.6639364807349133,0,,,0,,,0,,,2026-07-05 04:00:00,0x86923f96303d656e4aa86d9d42d1e57ad2023fdc
1,0.001823670496117702,1.0520305393774478,0,,,0,,,0,,,2026-07-05 05:00:00,0x86923f96303d656e4aa86d9d42d1e57ad2023fdc
0,,,0,,,0,,,0,,,2026-07-05 06:00:00,0x86923f96303d656e4aa86d9d42d1e57ad2023fdc
1,0.002670734888494285,1.5387322647959851,0,,,1,0.001988691267043005,1.1423217485383945,1,0.00898230787231455,5.173391369369871,2026-07-05 07:00:00,0x86923f96303d656e4aa86d9d42d1e57ad2023fdc
1,0.002350506565178004,1.358611504024822,0,,,0,,,0,,,2026-07-05 08:00:00,0x86923f96303d656e4aa86d9d42d1e57ad2023fdc
0,,,1,0.01236431099675296,7.185911243922086,1,0.001891942531375805,1.0900866207990574,0,,,2026-07-05 09:00:00,0x86923f96303d656e4aa86d9d42d1e57ad2023fdc
1,0.003534771153322806,2.028988367130999,0,,,1,0.002603251234710916,1.5004609620749199,0,,,2026-07-05 10:00:00,0x86923f96303d656e4aa86d9d42d1e57ad2023fdc
1,0.002075225192680732,1.1934571631939506,1,2.0458852718872e-05,0.011000571999999998,2,0.006739204213387615,3.892192647700882,1,0.001988691267043005,1.1423217485383945,2026-07-05 11:00:00,0x86923f96303d656e4aa86d9d42d1e57ad2023fdc
1,0.002711006148340796,1.5584081723517256,0,,,0,,,0,,,2026-07-05 12:00:00,0x86923f96303d656e4aa86d9d42d1e57ad2023fdc
4,0.016344784486189468,9.114180446277881,1,0.0080993721219412,4.278485761811175,0,,,1,0.001891942531375805,1.0900866207990574,2026-07-05 13:00:00,0x86923f96303d656e4aa86d9d42d1e57ad2023fdc
4,0.019984366448900188,11.534006873346495,1,0.002019188462931174,1.1819779572960294,0,,,1,0.002603251234710916,1.5004609620749199,2026-07-05 14:00:00,0x86923f96303d656e4aa86d9d42d1e57ad2023fdc
4,0.03092599836278274,17.919082216128793,0,,,0,,,2,0.006739204213387615,3.892192647700882,2026-07-05 15:00:00,0x86923f96303d656e4aa86d9d42d1e57ad2023fdc
3,0.011539630850072147,6.690064426110991,0,,,0,,,0,,,2026-07-05 16:00:00,0x86923f96303d656e4aa86d9d42d1e57ad2023fdc
0,,,0,,,1,0.01236431099675296,7.185911243922086,0,,,2026-07-05 17:00:00,0x86923f96303d656e4aa86d9d42d1e57ad2023fdc
0,,,1,0.002327917309693665,1.3469005568275076,0,,,0,,,2026-07-05 18:00:00,0x86923f96303d656e4aa86d9d42d1e57ad2023fdc
1,0.01416557071935933,8.25127675436216,3,0.06511244703528939,37.788977011387836,1,2.0458852718872e-05,0.011000571999999998,0,,,2026-07-05 19:00:00,0x86923f96303d656e4aa86d9d42d1e57ad2023fdc
0,,,2,0.006471365449645923,3.7579693864123156,0,,,0,,,2026-07-05 20:00:00,0x86923f96303d656e4aa86d9d42d1e57ad2023fdc
1,0.006307426514162465,3.660441358250044,2,0.016495867514306584,9.554450904,1,0.0080993721219412,4.278485761811175,1,0.01236431099675296,7.185911243922086,2026-07-05 21:00:00,0x86923f96303d656e4aa86d9d42d1e57ad2023fdc
0,,,1,0.001854577066191574,1.0711823565605965,1,0.002019188462931174,1.1819779572960294,0,,,2026-07-05 22:00:00,0x86923f96303d656e4aa86d9d42d1e57ad2023fdc
0,,,1,0.006898292131155985,4.007675212067049,0,,,1,2.0458852718872e-05,0.011000571999999998,2026-07-05 23:00:00,0x86923f96303d656e4aa86d9d42d1e57ad2023fdc
0,,,0,,,0,,,0,,,2026-07-06 00:00:00,0x86923f96303d656e4aa86d9d42d1e57ad2023fdc
2,0.026046868887250937,15.271786153317581,1,0.015315034751167378,7.9242861735307875,0,,,1,0.0080993721219412,4.278485761811175,2026-07-06 01:00:00,0x86923f96303d656e4aa86d9d42d1e57ad2023fdc
1,0.010408100081816814,6.067228889842687,0,,,1,0.002327917309693665,1.3469005568275076,1,0.002019188462931174,1.1819779572960294,2026-07-06 02:00:00,0x86923f96303d656e4aa86d9d42d1e57ad2023fdc
1,0.00200155592773743,1.1670154282556864,0,,,3,0.06511244703528939,37.788977011387836,0,,,2026-07-06 03:00:00,0x86923f96303d656e4aa86d9d42d1e57ad2023fdc
1,0.012751420524443885,7.4299947678,5,0.10229468428093716,59.67566722497746,2,0.006471365449645923,3.7579693864123156,0,,,2026-07-06 04:00:00,0x86923f96303d656e4aa86d9d42d1e57ad2023fdc
0,,,1,0.006905160463246287,4.058786562448765,2,0.016495867514306584,9.554450904,0,,,2026-07-06 05:00:00,0x86923f96303d656e4aa86d9d42d1e57ad2023fdc
3,0.014142344644722428,8.211450490847989,7,0.0790723659364301,46.56384196463087,1,0.001854577066191574,1.0711823565605965,1,0.002327917309693665,1.3469005568275076,2026-07-06 06:00:00,0x86923f96303d656e4aa86d9d42d1e57ad2023fdc
4,0.017497468582014883,10.144546804353023,15,0.3736100499323485,221.8873321690944,1,0.006898292131155985,4.007675212067049,3,0.06511244703528939,37.788977011387836,2026-07-06 07:00:00,0x86923f96303d656e4aa86d9d42d1e57ad2023fdc
0,,,11,0.10489209337484255,60.21199471632528,0,,,2,0.006471365449645923,3.7579693864123156,2026-07-06 08:00:00,0x86923f96303d656e4aa86d9d42d1e57ad2023fdc
2,0.00809771917386565,4.682799154799014,13,0.21235754955747765,127.30888532975534,1,0.015315034751167378,7.9242861735307875,2,0.016495867514306584,9.554450904,2026-07-06 09:00:00,0x86923f96303d656e4aa86d9d42d1e57ad2023fdc
1,0.006747464088851574,3.9049885486430926,3,0.026062203703475367,15.834185614252975,0,,,1,0.001854577066191574,1.0711823565605965,2026-07-06 10:00:00,0x86923f96303d656e4aa86d9d42d1e57ad2023fdc
0,,,1,0.006183833409962559,3.7461851774660344,0,,,1,0.006898292131155985,4.007675212067049,2026-07-06 11:00:00,0x86923f96303d656e4aa86d9d42d1e57ad2023fdc
1,0.017016705279074864,8.804972776861268,4,0.037513250545646415,22.708655632586456,5,0.10229468428093716,59.67566722497746,0,,,2026-07-06 12:00:00,0x86923f96303d656e4aa86d9d42d1e57ad2023fdc
1,0.00689176563802532,3.541613870883051,2,0.013256789050846714,8.039520646590018,1,0.006905160463246287,4.058786562448765,1,0.015315034751167378,7.9242861735307875,2026-07-06 13:00:00,0x86923f96303d656e4aa86d9d42d1e57ad2023fdc
3,0.02545032708818545,13.84735305285308,7,0.17741043192462885,107.16389985515568,7,0.0790723659364301,46.56384196463087,0,,,2026-07-06 14:00:00,0x86923f96303d656e4aa86d9d42d1e57ad2023fdc
3,0.01799029862358461,10.370443054365156,8,0.10138966574795549,61.116173374089314,15,0.3736100499323485,221.8873321690944,0,,,2026-07-06 15:00:00,0x86923f96303d656e4aa86d9d42d1e57ad2023fdc
6,0.06972503151363722,40.90062791815533,0,,,11,0.10489209337484255,60.21199471632528,5,0.10229468428093716,59.67566722497746,2026-07-06 16:00:00,0x86923f96303d656e4aa86d9d42d1e57ad2023fdc
0,,,4,0.03891792821358432,23.31826674588512,13,0.21235754955747765,127.30888532975534,1,0.006905160463246287,4.058786562448765,2026-07-06 17:00:00,0x86923f96303d656e4aa86d9d42d1e57ad2023fdc
18,0.5643182785087097,333.5284100075855,1,0.008584242762765412,5.141424121944497,3,0.026062203703475367,15.834185614252975,7,0.0790723659364301,46.56384196463087,2026-07-06 18:00:00,0x86923f96303d656e4aa86d9d42d1e57ad2023fdc
4,0.052845213595571205,31.585420870677776,1,0.009774818012017444,5.882039303865066,1,0.006183833409962559,3.7461851774660344,15,0.3736100499323485,221.8873321690944,2026-07-06 19:00:00,0x86923f96303d656e4aa86d9d42d1e57ad2023fdc
6,0.05006657175813246,29.358530551588572,2,0.017913217340080383,10.779911472,4,0.037513250545646415,22.708655632586456,11,0.10489209337484255,60.21199471632528,2026-07-06 20:00:00,0x86923f96303d656e4aa86d9d42d1e57ad2023fdc
9,0.12350293394195595,73.20796758960701,6,0.48898763048524485,267.87813910570173,2,0.013256789050846714,8.039520646590018,13,0.21235754955747765,127.30888532975534,2026-07-06 21:00:00,0x86923f96303d656e4aa86d9d42d1e57ad2023fdc
4,0.07242917820424666,44.05181457725815,1,0.009880929447041824,5.918581658400181,7,0.17741043192462885,107.16389985515568,3,0.026062203703475367,15.834185614252975,2026-07-06 22:00:00,0x86923f96303d656e4aa86d9d42d1e57ad2023fdc
6,0.07448359168486253,45.18171593377881,3,1.3584390593885676,728.4090287957489,8,0.10138966574795549,61.116173374089314,1,0.006183833409962559,3.7461851774660344,2026-07-06 23:00:00,0x86923f96303d656e4aa86d9d42d1e57ad2023fdc
3,0.06322503952235269,38.265850774483425,2,0.018741706640272627,11.019054114779184,0,,,4,0.037513250545646415,22.708655632586456,2026-07-07 00:00:00,0x86923f96303d656e4aa86d9d42d1e57ad2023fdc
3,0.06475863417027614,39.100083207186515,1,0.007652312437681662,4.511994954317215,4,0.03891792821358432,23.31826674588512,2,0.013256789050846714,8.039520646590018,2026-07-07 01:00:00,0x86923f96303d656e4aa86d9d42d1e57ad2023fdc
7,0.11971298650028525,72.33735830107838,18,2.157594160013866,1144.1650897363372,1,0.008584242762765412,5.141424121944497,7,0.17741043192462885,107.16389985515568,2026-07-07 02:00:00,0x86923f96303d656e4aa86d9d42d1e57ad2023fdc
5,0.03865423900189431,22.453125228969338,4,0.03424269100595025,18.904464595751314,1,0.009774818012017444,5.882039303865066,8,0.10138966574795549,61.116173374089314,2026-07-07 03:00:00,0x86923f96303d656e4aa86d9d42d1e57ad2023fdc
2,0.01692343896862037,10.158232035962726,14,0.21003451812167276,115.98993845375576,2,0.017913217340080383,10.779911472,0,,,2026-07-07 04:00:00,0x86923f96303d656e4aa86d9d42d1e57ad2023fdc
1,0.00645819582057671,3.8670869115416737,11,0.2062075302061268,115.03753759727475,6,0.48898763048524485,267.87813910570173,4,0.03891792821358432,23.31826674588512,2026-07-07 05:00:00,0x86923f96303d656e4aa86d9d42d1e57ad2023fdc
3,0.0694522293000265,38.505361644930574,3,0.05838861543613136,33.51213845704923,1,0.009880929447041824,5.918581658400181,1,0.008584242762765412,5.141424121944497,2026-07-07 06:00:00,0x86923f96303d656e4aa86d9d42d1e57ad2023fdc
4,0.042049515078794716,25.024032992007285,2,0.040385727266357314,22.816373481155864,3,1.3584390593885676,728.4090287957489,1,0.009774818012017444,5.882039303865066,2026-07-07 07:00:00,0x86923f96303d656e4aa86d9d42d1e57ad2023fdc
0,,,10,0.24486408904263562,139.86260083720757,2,0.018741706640272627,11.019054114779184,2,0.017913217340080383,10.779911472,2026-07-07 08:00:00,0x86923f96303d656e4aa86d9d42d1e57ad2023fdc
1,0.006078798815323313,3.6381565546359638,9,0.109032104419057,62.39085357378645,1,0.007652312437681662,4.511994954317215,6,0.48898763048524485,267.87813910570173,2026-07-07 09:00:00,0x86923f96303d656e4aa86d9d42d1e57ad2023fdc
1,0.001808113324090218,1.0859338305517203,4,0.07993447837109313,45.60565032467599,18,2.157594160013866,1144.1650897363372,1,0.009880929447041824,5.918581658400181,2026-07-07 10:00:00,0x86923f96303d656e4aa86d9d42d1e57ad2023fdc
3,0.3247612024661559,173.10580230614627,7,0.07633921383588083,43.6005883677515,4,0.03424269100595025,18.904464595751314,3,1.3584390593885676,728.4090287957489,2026-07-07 11:00:00,0x86923f96303d656e4aa86d9d42d1e57ad2023fdc
2,0.015360042525866825,9.04432365393653,11,0.37048260232749375,198.40327884635025,14,0.21003451812167276,115.98993845375576,2,0.018741706640272627,11.019054114779184,2026-07-07 12:00:00,0x86923f96303d656e4aa86d9d42d1e57ad2023fdc
2,0.024040389153866824,13.077035278819345,13,0.23730110694117457,121.00277074232744,11,0.2062075302061268,115.03753759727475,1,0.007652312437681662,4.511994954317215,2026-07-07 13:00:00,0x86923f96303d656e4aa86d9d42d1e57ad2023fdc
17,1.822980603273466,942.634881880187,16,1.486835475704446,765.3244232345688,3,0.05838861543613136,33.51213845704923,18,2.157594160013866,1144.1650897363372,2026-07-07 14:00:00,0x86923f96303d656e4aa86d9d42d1e57ad2023fdc
11,0.7216035588472507,372.3188927991933,10,0.4663039003929296,242.9115887411821,2,0.040385727266357314,22.816373481155864,4,0.03424269100595025,18.904464595751314,2026-07-07 15:00:00,0x86923f96303d656e4aa86d9d42d1e57ad2023fdc
13,0.19479455774851256,103.85449219790405,10,0.21692054019300505,114.7156734531565,10,0.24486408904263562,139.86260083720757,14,0.21003451812167276,115.98993845375576,2026-07-07 16:00:00,0x86923f96303d656e4aa86d9d42d1e57ad2023fdc
2,0.041331818373988666,23.649422531944012,20,0.691238462130969,369.3942861396772,9,0.109032104419057,62.39085357378645,11,0.2062075302061268,115.03753759727475,2026-07-07 17:00:00,0x86923f96303d656e4aa86d9d42d1e57ad2023fdc
4,0.08799344548145357,50.51591318938536,18,0.5028128668498889,271.7959000502903,4,0.07993447837109313,45.60565032467599,3,0.05838861543613136,33.51213845704923,2026-07-07 18:00:00,0x86923f96303d656e4aa86d9d42d1e57ad2023fdc
4,0.05053632653803239,27.899052787412458,17,0.7705052286467692,412.9145414035165,7,0.07633921383588083,43.6005883677515,2,0.040385727266357314,22.816373481155864,2026-07-07 19:00:00,0x86923f96303d656e4aa86d9d42d1e57ad2023fdc
5,0.1435863587459636,82.1353068471527,34,4.939526685998388,2727.002748215491,11,0.37048260232749375,198.40327884635025,10,0.24486408904263562,139.86260083720757,2026-07-07 20:00:00,0x86923f96303d656e4aa86d9d42d1e57ad2023fdc
6,0.04860747743880712,27.838042542319712,20,0.8944821168084334,474.82540201073186,13,0.23730110694117457,121.00277074232744,9,0.109032104419057,62.39085357378645,2026-07-07 21:00:00,0x86923f96303d656e4aa86d9d42d1e57ad2023fdc
5,0.052363727242980225,29.85194536873091,18,0.6288175366037624,338.9161079784152,16,1.486835475704446,765.3244232345688,4,0.07993447837109313,45.60565032467599,2026-07-07 22:00:00,0x86923f96303d656e4aa86d9d42d1e57ad2023fdc
4,0.04392456136932643,25.154675601357862,26,1.4523183741990984,784.0861266304654,10,0.4663039003929296,242.9115887411821,7,0.07633921383588083,43.6005883677515,2026-07-07 23:00:00,0x86923f96303d656e4aa86d9d42d1e57ad2023fdc
0,,,0,,,0,,,0,,,2026-07-01 00:00:00,0x894e1ec2d74ffe5aef8dc8a9e84686accb964f2a
0,,,0,,,0,,,0,,,2026-07-01 01:00:00,0x894e1ec2d74ffe5aef8dc8a9e84686accb964f2a
0,,,0,,,0,,,0,,,2026-07-01 02:00:00,0x894e1ec2d74ffe5aef8dc8a9e84686accb964f2a
0,,,1,0.000773882608225958,0.09995180000000001,0,,,0,,,2026-07-01 03:00:00,0x894e1ec2d74ffe5aef8dc8a9e84686accb964f2a
0,,,0,,,0,,,0,,,2026-07-01 04:00:00,0x894e1ec2d74ffe5aef8dc8a9e84686accb964f2a
0,,,1,0.000778100785014613,0.09999059999999999,0,,,0,,,2026-07-01 05:00:00,0x894e1ec2d74ffe5aef8dc8a9e84686accb964f2a
0,,,0,,,0,,,0,,,2026-07-01 06:00:00,0x894e1ec2d74ffe5aef8dc8a9e84686accb964f2a
0,,,0,,,0,,,0,,,2026-07-01 07:00:00,0x894e1ec2d74ffe5aef8dc8a9e84686accb964f2a
0,,,0,,,0,,,0,,,2026-07-01 08:00:00,0x894e1ec2d74ffe5aef8dc8a9e84686accb964f2a
0,,,0,,,0,,,0,,,2026-07-01 09:00:00,0x894e1ec2d74ffe5aef8dc8a9e84686accb964f2a
0,,,0,,,0,,,0,,,2026-07-01 10:00:00,0x894e1ec2d74ffe5aef8dc8a9e84686accb964f2a
0,,,0,,,1,0.000773882608225958,0.09995180000000001,0,,,2026-07-01 11:00:00,0x894e1ec2d74ffe5aef8dc8a9e84686accb964f2a
0,,,0,,,0,,,0,,,2026-07-01 12:00:00,0x894e1ec2d74ffe5aef8dc8a9e84686accb964f2a
0,,,0,,,1,0.000778100785014613,0.09999059999999999,0,,,2026-07-01 13:00:00,0x894e1ec2d74ffe5aef8dc8a9e84686accb964f2a
0,,,0,,,0,,,0,,,2026-07-01 14:00:00,0x894e1ec2d74ffe5aef8dc8a9e84686accb964f2a
0,,,0,,,0,,,1,0.000773882608225958,0.09995180000000001,2026-07-01 15:00:00,0x894e1ec2d74ffe5aef8dc8a9e84686accb964f2a
0,,,0,,,0,,,0,,,2026-07-01 16:00:00,0x894e1ec2d74ffe5aef8dc8a9e84686accb964f2a
1,0.000778223736864975,0.0999868,0,,,0,,,1,0.000778100785014613,0.09999059999999999,2026-07-01 17:00:00,0x894e1ec2d74ffe5aef8dc8a9e84686accb964f2a
0,,,0,,,0,,,0,,,2026-07-01 18:00:00,0x894e1ec2d74ffe5aef8dc8a9e84686accb964f2a
0,,,0,,,0,,,0,,,2026-07-01 19:00:00,0x894e1ec2d74ffe5aef8dc8a9e84686accb964f2a
0,,,0,,,0,,,0,,,2026-07-01 20:00:00,0x894e1ec2d74ffe5aef8dc8a9e84686accb964f2a
0,,,0,,,0,,,0,,,2026-07-01 21:00:00,0x894e1ec2d74ffe5aef8dc8a9e84686accb964f2a
0,,,0,,,0,,,0,,,2026-07-01 22:00:00,0x894e1ec2d74ffe5aef8dc8a9e84686accb964f2a
0,,,0,,,0,,,0,,,2026-07-01 23:00:00,0x894e1ec2d74ffe5aef8dc8a9e84686accb964f2a
0,,,0,,,0,,,0,,,2026-07-02 00:00:00,0x894e1ec2d74ffe5aef8dc8a9e84686accb964f2a
0,,,0,,,0,,,0,,,2026-07-02 01:00:00,0x894e1ec2d74ffe5aef8dc8a9e84686accb964f2a
0,,,0,,,0,,,0,,,2026-07-02 02:00:00,0x894e1ec2d74ffe5aef8dc8a9e84686accb964f2a
0,,,0,,,0,,,0,,,2026-07-02 03:00:00,0x894e1ec2d74ffe5aef8dc8a9e84686accb964f2a
0,,,0,,,0,,,0,,,2026-07-02 04:00:00,0x894e1ec2d74ffe5aef8dc8a9e84686accb964f2a
0,,,0,,,0,,,0,,,2026-07-02 05:00:00,0x894e1ec2d74ffe5aef8dc8a9e84686accb964f2a
0,,,0,,,0,,,0,,,2026-07-02 06:00:00,0x894e1ec2d74ffe5aef8dc8a9e84686accb964f2a
0,,,0,,,0,,,0,,,2026-07-02 07:00:00,0x894e1ec2d74ffe5aef8dc8a9e84686accb964f2a
0,,,0,,,0,,,0,,,2026-07-02 08:00:00,0x894e1ec2d74ffe5aef8dc8a9e84686accb964f2a
0,,,0,,,0,,,0,,,2026-07-02 09:00:00,0x894e1ec2d74ffe5aef8dc8a9e84686accb964f2a
0,,,0,,,0,,,0,,,2026-07-02 10:00:00,0x894e1ec2d74ffe5aef8dc8a9e84686accb964f2a
0,,,0,,,0,,,0,,,2026-07-02 11:00:00,0x894e1ec2d74ffe5aef8dc8a9e84686accb964f2a
0,,,0,,,0,,,0,,,2026-07-02 12:00:00,0x894e1ec2d74ffe5aef8dc8a9e84686accb964f2a
0,,,0,,,0,,,0,,,2026-07-02 13:00:00,0x894e1ec2d74ffe5aef8dc8a9e84686accb964f2a
0,,,0,,,0,,,0,,,2026-07-02 14:00:00,0x894e1ec2d74ffe5aef8dc8a9e84686accb964f2a
0,,,0,,,0,,,0,,,2026-07-02 15:00:00,0x894e1ec2d74ffe5aef8dc8a9e84686accb964f2a
0,,,0,,,0,,,0,,,2026-07-02 16:00:00,0x894e1ec2d74ffe5aef8dc8a9e84686accb964f2a
0,,,0,,,0,,,0,,,2026-07-02 17:00:00,0x894e1ec2d74ffe5aef8dc8a9e84686accb964f2a
0,,,0,,,0,,,0,,,2026-07-02 18:00:00,0x894e1ec2d74ffe5aef8dc8a9e84686accb964f2a
0,,,0,,,0,,,0,,,2026-07-02 19:00:00,0x894e1ec2d74ffe5aef8dc8a9e84686accb964f2a
0,,,0,,,0,,,0,,,2026-07-02 20:00:00,0x894e1ec2d74ffe5aef8dc8a9e84686accb964f2a
0,,,0,,,0,,,0,,,2026-07-02 21:00:00,0x894e1ec2d74ffe5aef8dc8a9e84686accb964f2a
0,,,0,,,0,,,0,,,2026-07-02 22:00:00,0x894e1ec2d74ffe5aef8dc8a9e84686accb964f2a
0,,,0,,,0,,,0,,,2026-07-02 23:00:00,0x894e1ec2d74ffe5aef8dc8a9e84686accb964f2a
0,,,0,,,0,,,0,,,2026-07-03 00:00:00,0x894e1ec2d74ffe5aef8dc8a9e84686accb964f2a
0,,,0,,,0,,,0,,,2026-07-03 01:00:00,0x894e1ec2d74ffe5aef8dc8a9e84686accb964f2a
0,,,0,,,0,,,0,,,2026-07-03 02:00:00,0x894e1ec2d74ffe5aef8dc8a9e84686accb964f2a
0,,,0,,,0,,,0,,,2026-07-03 03:00:00,0x894e1ec2d74ffe5aef8dc8a9e84686accb964f2a
0,,,0,,,0,,,0,,,2026-07-03 04:00:00,0x894e1ec2d74ffe5aef8dc8a9e84686accb964f2a
0,,,0,,,0,,,0,,,2026-07-03 05:00:00,0x894e1ec2d74ffe5aef8dc8a9e84686accb964f2a
0,,,0,,,0,,,0,,,2026-07-03 06:00:00,0x894e1ec2d74ffe5aef8dc8a9e84686accb964f2a
0,,,0,,,0,,,0,,,2026-07-03 07:00:00,0x894e1ec2d74ffe5aef8dc8a9e84686accb964f2a
0,,,0,,,0,,,0,,,2026-07-03 08:00:00,0x894e1ec2d74ffe5aef8dc8a9e84686accb964f2a
0,,,0,,,0,,,0,,,2026-07-03 09:00:00,0x894e1ec2d74ffe5aef8dc8a9e84686accb964f2a
0,,,0,,,0,,,0,,,2026-07-03 10:00:00,0x894e1ec2d74ffe5aef8dc8a9e84686accb964f2a
0,,,0,,,0,,,0,,,2026-07-03 11:00:00,0x894e1ec2d74ffe5aef8dc8a9e84686accb964f2a
0,,,0,,,0,,,0,,,2026-07-03 12:00:00,0x894e1ec2d74ffe5aef8dc8a9e84686accb964f2a
0,,,0,,,0,,,0,,,2026-07-03 13:00:00,0x894e1ec2d74ffe5aef8dc8a9e84686accb964f2a
0,,,0,,,0,,,0,,,2026-07-03 14:00:00,0x894e1ec2d74ffe5aef8dc8a9e84686accb964f2a
0,,,0,,,0,,,0,,,2026-07-03 15:00:00,0x894e1ec2d74ffe5aef8dc8a9e84686accb964f2a
0,,,0,,,0,,,0,,,2026-07-03 16:00:00,0x894e1ec2d74ffe5aef8dc8a9e84686accb964f2a
0,,,0,,,0,,,0,,,2026-07-03 17:00:00,0x894e1ec2d74ffe5aef8dc8a9e84686accb964f2a
0,,,0,,,0,,,0,,,2026-07-03 18:00:00,0x894e1ec2d74ffe5aef8dc8a9e84686accb964f2a
0,,,0,,,0,,,0,,,2026-07-03 19:00:00,0x894e1ec2d74ffe5aef8dc8a9e84686accb964f2a
0,,,0,,,0,,,0,,,2026-07-03 20:00:00,0x894e1ec2d74ffe5aef8dc8a9e84686accb964f2a
0,,,0,,,0,,,0,,,2026-07-03 21:00:00,0x894e1ec2d74ffe5aef8dc8a9e84686accb964f2a
0,,,0,,,0,,,0,,,2026-07-03 22:00:00,0x894e1ec2d74ffe5aef8dc8a9e84686accb964f2a
0,,,0,,,0,,,0,,,2026-07-03 23:00:00,0x894e1ec2d74ffe5aef8dc8a9e84686accb964f2a
0,,,0,,,0,,,0,,,2026-07-04 00:00:00,0x894e1ec2d74ffe5aef8dc8a9e84686accb964f2a
0,,,0,,,0,,,0,,,2026-07-04 01:00:00,0x894e1ec2d74ffe5aef8dc8a9e84686accb964f2a
0,,,0,,,0,,,0,,,2026-07-04 02:00:00,0x894e1ec2d74ffe5aef8dc8a9e84686accb964f2a
0,,,0,,,0,,,0,,,2026-07-04 03:00:00,0x894e1ec2d74ffe5aef8dc8a9e84686accb964f2a
0,,,0,,,0,,,0,,,2026-07-04 04:00:00,0x894e1ec2d74ffe5aef8dc8a9e84686accb964f2a
0,,,0,,,0,,,0,,,2026-07-04 05:00:00,0x894e1ec2d74ffe5aef8dc8a9e84686accb964f2a
0,,,0,,,0,,,0,,,2026-07-04 06:00:00,0x894e1ec2d74ffe5aef8dc8a9e84686accb964f2a
0,,,0,,,0,,,0,,,2026-07-04 07:00:00,0x894e1ec2d74ffe5aef8dc8a9e84686accb964f2a
0,,,0,,,0,,,0,,,2026-07-04 08:00:00,0x894e1ec2d74ffe5aef8dc8a9e84686accb964f2a
0,,,0,,,0,,,0,,,2026-07-04 09:00:00,0x894e1ec2d74ffe5aef8dc8a9e84686accb964f2a
0,,,0,,,0,,,0,,,2026-07-04 10:00:00,0x894e1ec2d74ffe5aef8dc8a9e84686accb964f2a
0,,,0,,,0,,,0,,,2026-07-04 11:00:00,0x894e1ec2d74ffe5aef8dc8a9e84686accb964f2a
0,,,0,,,0,,,0,,,2026-07-04 12:00:00,0x894e1ec2d74ffe5aef8dc8a9e84686accb964f2a
0,,,0,,,0,,,0,,,2026-07-04 13:00:00,0x894e1ec2d74ffe5aef8dc8a9e84686accb964f2a
0,,,0,,,0,,,0,,,2026-07-04 14:00:00,0x894e1ec2d74ffe5aef8dc8a9e84686accb964f2a
0,,,0,,,0,,,0,,,2026-07-04 15:00:00,0x894e1ec2d74ffe5aef8dc8a9e84686accb964f2a
0,,,0,,,0,,,0,,,2026-07-04 16:00:00,0x894e1ec2d74ffe5aef8dc8a9e84686accb964f2a
0,,,0,,,0,,,0,,,2026-07-04 17:00:00,0x894e1ec2d74ffe5aef8dc8a9e84686accb964f2a
0,,,0,,,0,,,0,,,2026-07-04 18:00:00,0x894e1ec2d74ffe5aef8dc8a9e84686accb964f2a
0,,,0,,,0,,,0,,,2026-07-04 19:00:00,0x894e1ec2d74ffe5aef8dc8a9e84686accb964f2a
0,,,0,,,0,,,0,,,2026-07-04 20:00:00,0x894e1ec2d74ffe5aef8dc8a9e84686accb964f2a
0,,,0,,,0,,,0,,,2026-07-04 21:00:00,0x894e1ec2d74ffe5aef8dc8a9e84686accb964f2a
0,,,0,,,0,,,0,,,2026-07-04 22:00:00,0x894e1ec2d74ffe5aef8dc8a9e84686accb964f2a
0,,,0,,,0,,,0,,,2026-07-04 23:00:00,0x894e1ec2d74ffe5aef8dc8a9e84686accb964f2a
0,,,0,,,0,,,0,,,2026-07-05 00:00:00,0x894e1ec2d74ffe5aef8dc8a9e84686accb964f2a
0,,,0,,,0,,,0,,,2026-07-05 01:00:00,0x894e1ec2d74ffe5aef8dc8a9e84686accb964f2a
0,,,0,,,0,,,0,,,2026-07-05 02:00:00,0x894e1ec2d74ffe5aef8dc8a9e84686accb964f2a
0,,,0,,,0,,,0,,,2026-07-05 03:00:00,0x894e1ec2d74ffe5aef8dc8a9e84686accb964f2a
0,,,0,,,0,,,0,,,2026-07-05 04:00:00,0x894e1ec2d74ffe5aef8dc8a9e84686accb964f2a
0,,,0,,,0,,,0,,,2026-07-05 05:00:00,0x894e1ec2d74ffe5aef8dc8a9e84686accb964f2a
0,,,0,,,0,,,0,,,2026-07-05 06:00:00,0x894e1ec2d74ffe5aef8dc8a9e84686accb964f2a
0,,,0,,,0,,,0,,,2026-07-05 07:00:00,0x894e1ec2d74ffe5aef8dc8a9e84686accb964f2a
0,,,0,,,0,,,0,,,2026-07-05 08:00:00,0x894e1ec2d74ffe5aef8dc8a9e84686accb964f2a
0,,,0,,,0,,,0,,,2026-07-05 09:00:00,0x894e1ec2d74ffe5aef8dc8a9e84686accb964f2a
0,,,0,,,0,,,0,,,2026-07-05 10:00:00,0x894e1ec2d74ffe5aef8dc8a9e84686accb964f2a
0,,,0,,,0,,,0,,,2026-07-05 11:00:00,0x894e1ec2d74ffe5aef8dc8a9e84686accb964f2a
0,,,0,,,0,,,0,,,2026-07-05 12:00:00,0x894e1ec2d74ffe5aef8dc8a9e84686accb964f2a
0,,,0,,,0,,,0,,,2026-07-05 13:00:00,0x894e1ec2d74ffe5aef8dc8a9e84686accb964f2a
0,,,0,,,0,,,0,,,2026-07-05 14:00:00,0x894e1ec2d74ffe5aef8dc8a9e84686accb964f2a
0,,,0,,,0,,,0,,,2026-07-05 15:00:00,0x894e1ec2d74ffe5aef8dc8a9e84686accb964f2a
0,,,0,,,0,,,0,,,2026-07-05 16:00:00,0x894e1ec2d74ffe5aef8dc8a9e84686accb964f2a
0,,,0,,,0,,,0,,,2026-07-05 17:00:00,0x894e1ec2d74ffe5aef8dc8a9e84686accb964f2a
0,,,0,,,0,,,0,,,2026-07-05 18:00:00,0x894e1ec2d74ffe5aef8dc8a9e84686accb964f2a
0,,,0,,,0,,,0,,,2026-07-05 19:00:00,0x894e1ec2d74ffe5aef8dc8a9e84686accb964f2a
0,,,0,,,0,,,0,,,2026-07-05 20:00:00,0x894e1ec2d74ffe5aef8dc8a9e84686accb964f2a
0,,,0,,,0,,,0,,,2026-07-05 21:00:00,0x894e1ec2d74ffe5aef8dc8a9e84686accb964f2a
0,,,0,,,0,,,0,,,2026-07-05 22:00:00,0x894e1ec2d74ffe5aef8dc8a9e84686accb964f2a
0,,,0,,,0,,,0,,,2026-07-05 23:00:00,0x894e1ec2d74ffe5aef8dc8a9e84686accb964f2a
0,,,0,,,0,,,0,,,2026-07-06 00:00:00,0x894e1ec2d74ffe5aef8dc8a9e84686accb964f2a
0,,,0,,,0,,,0,,,2026-07-06 01:00:00,0x894e1ec2d74ffe5aef8dc8a9e84686accb964f2a
0,,,0,,,0,,,0,,,2026-07-06 02:00:00,0x894e1ec2d74ffe5aef8dc8a9e84686accb964f2a
0,,,0,,,0,,,0,,,2026-07-06 03:00:00,0x894e1ec2d74ffe5aef8dc8a9e84686accb964f2a
0,,,0,,,0,,,0,,,2026-07-06 04:00:00,0x894e1ec2d74ffe5aef8dc8a9e84686accb964f2a
0,,,0,,,0,,,0,,,2026-07-06 05:00:00,0x894e1ec2d74ffe5aef8dc8a9e84686accb964f2a
0,,,0,,,0,,,0,,,2026-07-06 06:00:00,0x894e1ec2d74ffe5aef8dc8a9e84686accb964f2a
0,,,0,,,0,,,0,,,2026-07-06 07:00:00,0x894e1ec2d74ffe5aef8dc8a9e84686accb964f2a
0,,,0,,,0,,,0,,,2026-07-06 08:00:00,0x894e1ec2d74ffe5aef8dc8a9e84686accb964f2a
0,,,0,,,0,,,0,,,2026-07-06 09:00:00,0x894e1ec2d74ffe5aef8dc8a9e84686accb964f2a
0,,,0,,,0,,,0,,,2026-07-06 10:00:00,0x894e1ec2d74ffe5aef8dc8a9e84686accb964f2a
0,,,0,,,0,,,0,,,2026-07-06 11:00:00,0x894e1ec2d74ffe5aef8dc8a9e84686accb964f2a
0,,,0,,,0,,,0,,,2026-07-06 12:00:00,0x894e1ec2d74ffe5aef8dc8a9e84686accb964f2a
0,,,0,,,0,,,0,,,2026-07-06 13:00:00,0x894e1ec2d74ffe5aef8dc8a9e84686accb964f2a
0,,,0,,,0,,,0,,,2026-07-06 14:00:00,0x894e1ec2d74ffe5aef8dc8a9e84686accb964f2a
0,,,0,,,0,,,0,,,2026-07-06 15:00:00,0x894e1ec2d74ffe5aef8dc8a9e84686accb964f2a
0,,,0,,,0,,,0,,,2026-07-06 16:00:00,0x894e1ec2d74ffe5aef8dc8a9e84686accb964f2a
0,,,0,,,0,,,0,,,2026-07-06 17:00:00,0x894e1ec2d74ffe5aef8dc8a9e84686accb964f2a
0,,,0,,,0,,,0,,,2026-07-06 18:00:00,0x894e1ec2d74ffe5aef8dc8a9e84686accb964f2a
0,,,0,,,0,,,0,,,2026-07-06 19:00:00,0x894e1ec2d74ffe5aef8dc8a9e84686accb964f2a
0,,,0,,,0,,,0,,,2026-07-06 20:00:00,0x894e1ec2d74ffe5aef8dc8a9e84686accb964f2a
0,,,0,,,0,,,0,,,2026-07-06 21:00:00,0x894e1ec2d74ffe5aef8dc8a9e84686accb964f2a
0,,,0,,,0,,,0,,,2026-07-06 22:00:00,0x894e1ec2d74ffe5aef8dc8a9e84686accb964f2a
0,,,0,,,0,,,0,,,2026-07-06 23:00:00,0x894e1ec2d74ffe5aef8dc8a9e84686accb964f2a
0,,,0,,,0,,,0,,,2026-07-07 00:00:00,0x894e1ec2d74ffe5aef8dc8a9e84686accb964f2a
0,,,0,,,0,,,0,,,2026-07-07 01:00:00,0x894e1ec2d74ffe5aef8dc8a9e84686accb964f2a
0,,,0,,,0,,,0,,,2026-07-07 02:00:00,0x894e1ec2d74ffe5aef8dc8a9e84686accb964f2a
0,,,0,,,0,,,0,,,2026-07-07 03:00:00,0x894e1ec2d74ffe5aef8dc8a9e84686accb964f2a
0,,,0,,,0,,,0,,,2026-07-07 04:00:00,0x894e1ec2d74ffe5aef8dc8a9e84686accb964f2a
0,,,0,,,0,,,0,,,2026-07-07 05:00:00,0x894e1ec2d74ffe5aef8dc8a9e84686accb964f2a
0,,,0,,,0,,,0,,,2026-07-07 06:00:00,0x894e1ec2d74ffe5aef8dc8a9e84686accb964f2a
0,,,0,,,0,,,0,,,2026-07-07 07:00:00,0x894e1ec2d74ffe5aef8dc8a9e84686accb964f2a
0,,,0,,,0,,,0,,,2026-07-07 08:00:00,0x894e1ec2d74ffe5aef8dc8a9e84686accb964f2a
0,,,0,,,0,,,0,,,2026-07-07 09:00:00,0x894e1ec2d74ffe5aef8dc8a9e84686accb964f2a
0,,,0,,,0,,,0,,,2026-07-07 10:00:00,0x894e1ec2d74ffe5aef8dc8a9e84686accb964f2a
0,,,0,,,0,,,0,,,2026-07-07 11:00:00,0x894e1ec2d74ffe5aef8dc8a9e84686accb964f2a
0,,,0,,,0,,,0,,,2026-07-07 12:00:00,0x894e1ec2d74ffe5aef8dc8a9e84686accb964f2a
0,,,0,,,0,,,0,,,2026-07-07 13:00:00,0x894e1ec2d74ffe5aef8dc8a9e84686accb964f2a
0,,,0,,,0,,,0,,,2026-07-07 14:00:00,0x894e1ec2d74ffe5aef8dc8a9e84686accb964f2a
0,,,0,,,0,,,0,,,2026-07-07 15:00:00,0x894e1ec2d74ffe5aef8dc8a9e84686accb964f2a
0,,,0,,,0,,,0,,,2026-07-07 16:00:00,0x894e1ec2d74ffe5aef8dc8a9e84686accb964f2a
0,,,0,,,0,,,0,,,2026-07-07 17:00:00,0x894e1ec2d74ffe5aef8dc8a9e84686accb964f2a
0,,,0,,,0,,,0,,,2026-07-07 18:00:00,0x894e1ec2d74ffe5aef8dc8a9e84686accb964f2a
0,,,0,,,0,,,0,,,2026-07-07 19:00:00,0x894e1ec2d74ffe5aef8dc8a9e84686accb964f2a
0,,,0,,,0,,,0,,,2026-07-07 20:00:00,0x894e1ec2d74ffe5aef8dc8a9e84686accb964f2a
0,,,0,,,0,,,0,,,2026-07-07 21:00:00,0x894e1ec2d74ffe5aef8dc8a9e84686accb964f2a
0,,,0,,,0,,,0,,,2026-07-07 22:00:00,0x894e1ec2d74ffe5aef8dc8a9e84686accb964f2a
0,,,0,,,0,,,0,,,2026-07-07 23:00:00,0x894e1ec2d74ffe5aef8dc8a9e84686accb964f2a
0,,,0,,,0,,,0,,,2026-07-01 00:00:00,0x92fd66527192e3e61d4ddd13322aa222de86f9b5
0,,,0,,,0,,,0,,,2026-07-01 01:00:00,0x92fd66527192e3e61d4ddd13322aa222de86f9b5
0,,,0,,,0,,,0,,,2026-07-01 02:00:00,0x92fd66527192e3e61d4ddd13322aa222de86f9b5
0,,,1,0.000981073489790837,0.09995180000000001,0,,,0,,,2026-07-01 03:00:00,0x92fd66527192e3e61d4ddd13322aa222de86f9b5
0,,,0,,,0,,,0,,,2026-07-01 04:00:00,0x92fd66527192e3e61d4ddd13322aa222de86f9b5
0,,,1,0.000981073489790837,0.09999059999999999,0,,,0,,,2026-07-01 05:00:00,0x92fd66527192e3e61d4ddd13322aa222de86f9b5
0,,,0,,,0,,,0,,,2026-07-01 06:00:00,0x92fd66527192e3e61d4ddd13322aa222de86f9b5
0,,,0,,,0,,,0,,,2026-07-01 07:00:00,0x92fd66527192e3e61d4ddd13322aa222de86f9b5
0,,,0,,,0,,,0,,,2026-07-01 08:00:00,0x92fd66527192e3e61d4ddd13322aa222de86f9b5
0,,,0,,,0,,,0,,,2026-07-01 09:00:00,0x92fd66527192e3e61d4ddd13322aa222de86f9b5
0,,,0,,,0,,,0,,,2026-07-01 10:00:00,0x92fd66527192e3e61d4ddd13322aa222de86f9b5
0,,,0,,,1,0.000981073489790837,0.09995180000000001,0,,,2026-07-01 11:00:00,0x92fd66527192e3e61d4ddd13322aa222de86f9b5
0,,,0,,,0,,,0,,,2026-07-01 12:00:00,0x92fd66527192e3e61d4ddd13322aa222de86f9b5
0,,,0,,,1,0.000981073489790837,0.09999059999999999,0,,,2026-07-01 13:00:00,0x92fd66527192e3e61d4ddd13322aa222de86f9b5
0,,,0,,,0,,,0,,,2026-07-01 14:00:00,0x92fd66527192e3e61d4ddd13322aa222de86f9b5
0,,,0,,,0,,,1,0.000981073489790837,0.09995180000000001,2026-07-01 15:00:00,0x92fd66527192e3e61d4ddd13322aa222de86f9b5
0,,,0,,,0,,,0,,,2026-07-01 16:00:00,0x92fd66527192e3e61d4ddd13322aa222de86f9b5
1,0.000981073489790837,0.0999868,0,,,0,,,1,0.000981073489790837,0.09999059999999999,2026-07-01 17:00:00,0x92fd66527192e3e61d4ddd13322aa222de86f9b5
0,,,0,,,0,,,0,,,2026-07-01 18:00:00,0x92fd66527192e3e61d4ddd13322aa222de86f9b5
0,,,0,,,0,,,0,,,2026-07-01 19:00:00,0x92fd66527192e3e61d4ddd13322aa222de86f9b5
0,,,0,,,0,,,0,,,2026-07-01 20:00:00,0x92fd66527192e3e61d4ddd13322aa222de86f9b5
0,,,0,,,0,,,0,,,2026-07-01 21:00:00,0x92fd66527192e3e61d4ddd13322aa222de86f9b5
1,0.09942768054839378,9.99295,0,,,0,,,0,,,2026-07-01 22:00:00,0x92fd66527192e3e61d4ddd13322aa222de86f9b5
0,,,0,,,0,,,0,,,2026-07-01 23:00:00,0x92fd66527192e3e61d4ddd13322aa222de86f9b5
0,,,0,,,0,,,0,,,2026-07-02 00:00:00,0x92fd66527192e3e61d4ddd13322aa222de86f9b5
0,,,0,,,0,,,0,,,2026-07-02 01:00:00,0x92fd66527192e3e61d4ddd13322aa222de86f9b5
0,,,0,,,0,,,0,,,2026-07-02 02:00:00,0x92fd66527192e3e61d4ddd13322aa222de86f9b5
0,,,0,,,0,,,0,,,2026-07-02 03:00:00,0x92fd66527192e3e61d4ddd13322aa222de86f9b5
0,,,0,,,0,,,0,,,2026-07-02 04:00:00,0x92fd66527192e3e61d4ddd13322aa222de86f9b5
0,,,0,,,0,,,0,,,2026-07-02 05:00:00,0x92fd66527192e3e61d4ddd13322aa222de86f9b5
0,,,0,,,0,,,0,,,2026-07-02 06:00:00,0x92fd66527192e3e61d4ddd13322aa222de86f9b5
0,,,0,,,0,,,0,,,2026-07-02 07:00:00,0x92fd66527192e3e61d4ddd13322aa222de86f9b5
0,,,0,,,0,,,0,,,2026-07-02 08:00:00,0x92fd66527192e3e61d4ddd13322aa222de86f9b5
0,,,0,,,0,,,0,,,2026-07-02 09:00:00,0x92fd66527192e3e61d4ddd13322aa222de86f9b5
0,,,0,,,0,,,0,,,2026-07-02 10:00:00,0x92fd66527192e3e61d4ddd13322aa222de86f9b5
0,,,0,,,0,,,0,,,2026-07-02 11:00:00,0x92fd66527192e3e61d4ddd13322aa222de86f9b5
0,,,0,,,0,,,0,,,2026-07-02 12:00:00,0x92fd66527192e3e61d4ddd13322aa222de86f9b5
0,,,0,,,0,,,0,,,2026-07-02 13:00:00,0x92fd66527192e3e61d4ddd13322aa222de86f9b5
0,,,0,,,0,,,0,,,2026-07-02 14:00:00,0x92fd66527192e3e61d4ddd13322aa222de86f9b5
0,,,0,,,0,,,0,,,2026-07-02 15:00:00,0x92fd66527192e3e61d4ddd13322aa222de86f9b5
1,0.004863104321640254,10.00089,0,,,0,,,0,,,2026-07-02 16:00:00,0x92fd66527192e3e61d4ddd13322aa222de86f9b5
0,,,0,,,0,,,0,,,2026-07-02 17:00:00,0x92fd66527192e3e61d4ddd13322aa222de86f9b5
0,,,0,,,0,,,0,,,2026-07-02 18:00:00,0x92fd66527192e3e61d4ddd13322aa222de86f9b5
0,,,0,,,0,,,0,,,2026-07-02 19:00:00,0x92fd66527192e3e61d4ddd13322aa222de86f9b5
0,,,0,,,0,,,0,,,2026-07-02 20:00:00,0x92fd66527192e3e61d4ddd13322aa222de86f9b5
0,,,0,,,0,,,0,,,2026-07-02 21:00:00,0x92fd66527192e3e61d4ddd13322aa222de86f9b5
0,,,0,,,0,,,0,,,2026-07-02 22:00:00,0x92fd66527192e3e61d4ddd13322aa222de86f9b5
0,,,0,,,0,,,0,,,2026-07-02 23:00:00,0x92fd66527192e3e61d4ddd13322aa222de86f9b5
0,,,0,,,0,,,0,,,2026-07-03 00:00:00,0x92fd66527192e3e61d4ddd13322aa222de86f9b5
0,,,0,,,0,,,0,,,2026-07-03 01:00:00,0x92fd66527192e3e61d4ddd13322aa222de86f9b5
0,,,0,,,0,,,0,,,2026-07-03 02:00:00,0x92fd66527192e3e61d4ddd13322aa222de86f9b5
0,,,0,,,0,,,0,,,2026-07-03 03:00:00,0x92fd66527192e3e61d4ddd13322aa222de86f9b5
0,,,0,,,0,,,0,,,2026-07-03 04:00:00,0x92fd66527192e3e61d4ddd13322aa222de86f9b5
0,,,0,,,0,,,0,,,2026-07-03 05:00:00,0x92fd66527192e3e61d4ddd13322aa222de86f9b5
0,,,0,,,0,,,0,,,2026-07-03 06:00:00,0x92fd66527192e3e61d4ddd13322aa222de86f9b5
0,,,0,,,0,,,0,,,2026-07-03 07:00:00,0x92fd66527192e3e61d4ddd13322aa222de86f9b5
0,,,0,,,0,,,0,,,2026-07-03 08:00:00,0x92fd66527192e3e61d4ddd13322aa222de86f9b5
0,,,0,,,0,,,0,,,2026-07-03 09:00:00,0x92fd66527192e3e61d4ddd13322aa222de86f9b5
0,,,0,,,0,,,0,,,2026-07-03 10:00:00,0x92fd66527192e3e61d4ddd13322aa222de86f9b5
0,,,0,,,0,,,0,,,2026-07-03 11:00:00,0x92fd66527192e3e61d4ddd13322aa222de86f9b5
0,,,0,,,0,,,0,,,2026-07-03 12:00:00,0x92fd66527192e3e61d4ddd13322aa222de86f9b5
0,,,0,,,0,,,0,,,2026-07-03 13:00:00,0x92fd66527192e3e61d4ddd13322aa222de86f9b5
0,,,0,,,0,,,0,,,2026-07-03 14:00:00,0x92fd66527192e3e61d4ddd13322aa222de86f9b5
0,,,0,,,0,,,0,,,2026-07-03 15:00:00,0x92fd66527192e3e61d4ddd13322aa222de86f9b5
0,,,0,,,0,,,0,,,2026-07-03 16:00:00,0x92fd66527192e3e61d4ddd13322aa222de86f9b5
0,,,0,,,0,,,0,,,2026-07-03 17:00:00,0x92fd66527192e3e61d4ddd13322aa222de86f9b5
0,,,0,,,0,,,0,,,2026-07-03 18:00:00,0x92fd66527192e3e61d4ddd13322aa222de86f9b5
0,,,0,,,0,,,0,,,2026-07-03 19:00:00,0x92fd66527192e3e61d4ddd13322aa222de86f9b5
0,,,0,,,0,,,0,,,2026-07-03 20:00:00,0x92fd66527192e3e61d4ddd13322aa222de86f9b5
0,,,0,,,0,,,0,,,2026-07-03 21:00:00,0x92fd66527192e3e61d4ddd13322aa222de86f9b5
0,,,0,,,0,,,0,,,2026-07-03 22:00:00,0x92fd66527192e3e61d4ddd13322aa222de86f9b5
0,,,0,,,0,,,0,,,2026-07-03 23:00:00,0x92fd66527192e3e61d4ddd13322aa222de86f9b5
0,,,0,,,0,,,0,,,2026-07-04 00:00:00,0x92fd66527192e3e61d4ddd13322aa222de86f9b5
0,,,0,,,0,,,0,,,2026-07-04 01:00:00,0x92fd66527192e3e61d4ddd13322aa222de86f9b5
0,,,0,,,0,,,0,,,2026-07-04 02:00:00,0x92fd66527192e3e61d4ddd13322aa222de86f9b5
0,,,0,,,0,,,0,,,2026-07-04 03:00:00,0x92fd66527192e3e61d4ddd13322aa222de86f9b5
0,,,0,,,0,,,0,,,2026-07-04 04:00:00,0x92fd66527192e3e61d4ddd13322aa222de86f9b5
0,,,0,,,0,,,0,,,2026-07-04 05:00:00,0x92fd66527192e3e61d4ddd13322aa222de86f9b5
0,,,0,,,0,,,0,,,2026-07-04 06:00:00,0x92fd66527192e3e61d4ddd13322aa222de86f9b5
0,,,0,,,0,,,0,,,2026-07-04 07:00:00,0x92fd66527192e3e61d4ddd13322aa222de86f9b5
0,,,0,,,0,,,0,,,2026-07-04 08:00:00,0x92fd66527192e3e61d4ddd13322aa222de86f9b5
0,,,0,,,0,,,0,,,2026-07-04 09:00:00,0x92fd66527192e3e61d4ddd13322aa222de86f9b5
0,,,0,,,0,,,0,,,2026-07-04 10:00:00,0x92fd66527192e3e61d4ddd13322aa222de86f9b5
0,,,0,,,0,,,0,,,2026-07-04 11:00:00,0x92fd66527192e3e61d4ddd13322aa222de86f9b5
0,,,0,,,0,,,0,,,2026-07-04 12:00:00,0x92fd66527192e3e61d4ddd13322aa222de86f9b5
0,,,0,,,0,,,0,,,2026-07-04 13:00:00,0x92fd66527192e3e61d4ddd13322aa222de86f9b5
0,,,0,,,0,,,0,,,2026-07-04 14:00:00,0x92fd66527192e3e61d4ddd13322aa222de86f9b5
0,,,0,,,0,,,0,,,2026-07-04 15:00:00,0x92fd66527192e3e61d4ddd13322aa222de86f9b5
0,,,0,,,0,,,0,,,2026-07-04 16:00:00,0x92fd66527192e3e61d4ddd13322aa222de86f9b5
0,,,0,,,0,,,0,,,2026-07-04 17:00:00,0x92fd66527192e3e61d4ddd13322aa222de86f9b5
0,,,0,,,0,,,0,,,2026-07-04 18:00:00,0x92fd66527192e3e61d4ddd13322aa222de86f9b5
0,,,0,,,0,,,0,,,2026-07-04 19:00:00,0x92fd66527192e3e61d4ddd13322aa222de86f9b5
0,,,0,,,0,,,0,,,2026-07-04 20:00:00,0x92fd66527192e3e61d4ddd13322aa222de86f9b5
0,,,0,,,0,,,0,,,2026-07-04 21:00:00,0x92fd66527192e3e61d4ddd13322aa222de86f9b5
0,,,0,,,0,,,0,,,2026-07-04 22:00:00,0x92fd66527192e3e61d4ddd13322aa222de86f9b5
0,,,0,,,0,,,0,,,2026-07-04 23:00:00,0x92fd66527192e3e61d4ddd13322aa222de86f9b5
0,,,0,,,0,,,0,,,2026-07-05 00:00:00,0x92fd66527192e3e61d4ddd13322aa222de86f9b5
0,,,0,,,0,,,0,,,2026-07-05 01:00:00,0x92fd66527192e3e61d4ddd13322aa222de86f9b5
0,,,0,,,0,,,0,,,2026-07-05 02:00:00,0x92fd66527192e3e61d4ddd13322aa222de86f9b5
0,,,0,,,0,,,0,,,2026-07-05 03:00:00,0x92fd66527192e3e61d4ddd13322aa222de86f9b5
0,,,0,,,0,,,0,,,2026-07-05 04:00:00,0x92fd66527192e3e61d4ddd13322aa222de86f9b5
0,,,0,,,0,,,0,,,2026-07-05 05:00:00,0x92fd66527192e3e61d4ddd13322aa222de86f9b5
0,,,0,,,0,,,0,,,2026-07-05 06:00:00,0x92fd66527192e3e61d4ddd13322aa222de86f9b5
0,,,0,,,0,,,0,,,2026-07-05 07:00:00,0x92fd66527192e3e61d4ddd13322aa222de86f9b5
0,,,0,,,0,,,0,,,2026-07-05 08:00:00,0x92fd66527192e3e61d4ddd13322aa222de86f9b5
0,,,0,,,0,,,0,,,2026-07-05 09:00:00,0x92fd66527192e3e61d4ddd13322aa222de86f9b5
0,,,0,,,0,,,0,,,2026-07-05 10:00:00,0x92fd66527192e3e61d4ddd13322aa222de86f9b5
0,,,0,,,0,,,0,,,2026-07-05 11:00:00,0x92fd66527192e3e61d4ddd13322aa222de86f9b5
0,,,0,,,0,,,0,,,2026-07-05 12:00:00,0x92fd66527192e3e61d4ddd13322aa222de86f9b5
0,,,0,,,0,,,0,,,2026-07-05 13:00:00,0x92fd66527192e3e61d4ddd13322aa222de86f9b5
0,,,0,,,0,,,0,,,2026-07-05 14:00:00,0x92fd66527192e3e61d4ddd13322aa222de86f9b5
0,,,0,,,0,,,0,,,2026-07-05 15:00:00,0x92fd66527192e3e61d4ddd13322aa222de86f9b5
0,,,0,,,0,,,0,,,2026-07-05 16:00:00,0x92fd66527192e3e61d4ddd13322aa222de86f9b5
0,,,0,,,0,,,0,,,2026-07-05 17:00:00,0x92fd66527192e3e61d4ddd13322aa222de86f9b5
0,,,0,,,0,,,0,,,2026-07-05 18:00:00,0x92fd66527192e3e61d4ddd13322aa222de86f9b5
0,,,0,,,0,,,0,,,2026-07-05 19:00:00,0x92fd66527192e3e61d4ddd13322aa222de86f9b5
0,,,0,,,0,,,0,,,2026-07-05 20:00:00,0x92fd66527192e3e61d4ddd13322aa222de86f9b5
0,,,0,,,0,,,0,,,2026-07-05 21:00:00,0x92fd66527192e3e61d4ddd13322aa222de86f9b5
0,,,0,,,0,,,0,,,2026-07-05 22:00:00,0x92fd66527192e3e61d4ddd13322aa222de86f9b5
0,,,0,,,0,,,0,,,2026-07-05 23:00:00,0x92fd66527192e3e61d4ddd13322aa222de86f9b5
0,,,0,,,0,,,0,,,2026-07-06 00:00:00,0x92fd66527192e3e61d4ddd13322aa222de86f9b5
0,,,0,,,0,,,0,,,2026-07-06 01:00:00,0x92fd66527192e3e61d4ddd13322aa222de86f9b5
0,,,0,,,0,,,0,,,2026-07-06 02:00:00,0x92fd66527192e3e61d4ddd13322aa222de86f9b5
0,,,0,,,0,,,0,,,2026-07-06 03:00:00,0x92fd66527192e3e61d4ddd13322aa222de86f9b5
0,,,0,,,0,,,0,,,2026-07-06 04:00:00,0x92fd66527192e3e61d4ddd13322aa222de86f9b5
0,,,0,,,0,,,0,,,2026-07-06 05:00:00,0x92fd66527192e3e61d4ddd13322aa222de86f9b5
0,,,0,,,0,,,0,,,2026-07-06 06:00:00,0x92fd66527192e3e61d4ddd13322aa222de86f9b5
0,,,0,,,0,,,0,,,2026-07-06 07:00:00,0x92fd66527192e3e61d4ddd13322aa222de86f9b5
0,,,0,,,0,,,0,,,2026-07-06 08:00:00,0x92fd66527192e3e61d4ddd13322aa222de86f9b5
0,,,0,,,0,,,0,,,2026-07-06 09:00:00,0x92fd66527192e3e61d4ddd13322aa222de86f9b5
0,,,0,,,0,,,0,,,2026-07-06 10:00:00,0x92fd66527192e3e61d4ddd13322aa222de86f9b5
0,,,0,,,0,,,0,,,2026-07-06 11:00:00,0x92fd66527192e3e61d4ddd13322aa222de86f9b5
0,,,0,,,0,,,0,,,2026-07-06 12:00:00,0x92fd66527192e3e61d4ddd13322aa222de86f9b5
0,,,0,,,0,,,0,,,2026-07-06 13:00:00,0x92fd66527192e3e61d4ddd13322aa222de86f9b5
0,,,0,,,0,,,0,,,2026-07-06 14:00:00,0x92fd66527192e3e61d4ddd13322aa222de86f9b5
0,,,0,,,0,,,0,,,2026-07-06 15:00:00,0x92fd66527192e3e61d4ddd13322aa222de86f9b5
0,,,0,,,0,,,0,,,2026-07-06 16:00:00,0x92fd66527192e3e61d4ddd13322aa222de86f9b5
0,,,0,,,0,,,0,,,2026-07-06 17:00:00,0x92fd66527192e3e61d4ddd13322aa222de86f9b5
0,,,0,,,0,,,0,,,2026-07-06 18:00:00,0x92fd66527192e3e61d4ddd13322aa222de86f9b5
0,,,0,,,0,,,0,,,2026-07-06 19:00:00,0x92fd66527192e3e61d4ddd13322aa222de86f9b5
0,,,0,,,0,,,0,,,2026-07-06 20:00:00,0x92fd66527192e3e61d4ddd13322aa222de86f9b5
0,,,0,,,0,,,0,,,2026-07-06 21:00:00,0x92fd66527192e3e61d4ddd13322aa222de86f9b5
0,,,0,,,0,,,0,,,2026-07-06 22:00:00,0x92fd66527192e3e61d4ddd13322aa222de86f9b5
0,,,0,,,0,,,0,,,2026-07-06 23:00:00,0x92fd66527192e3e61d4ddd13322aa222de86f9b5
0,,,0,,,0,,,0,,,2026-07-07 00:00:00,0x92fd66527192e3e61d4ddd13322aa222de86f9b5
0,,,0,,,0,,,0,,,2026-07-07 01:00:00,0x92fd66527192e3e61d4ddd13322aa222de86f9b5
0,,,0,,,0,,,0,,,2026-07-07 02:00:00,0x92fd66527192e3e61d4ddd13322aa222de86f9b5
0,,,0,,,0,,,0,,,2026-07-07 03:00:00,0x92fd66527192e3e61d4ddd13322aa222de86f9b5
0,,,0,,,0,,,0,,,2026-07-07 04:00:00,0x92fd66527192e3e61d4ddd13322aa222de86f9b5
0,,,0,,,0,,,0,,,2026-07-07 05:00:00,0x92fd66527192e3e61d4ddd13322aa222de86f9b5
0,,,0,,,0,,,0,,,2026-07-07 06:00:00,0x92fd66527192e3e61d4ddd13322aa222de86f9b5
0,,,0,,,0,,,0,,,2026-07-07 07:00:00,0x92fd66527192e3e61d4ddd13322aa222de86f9b5
0,,,0,,,0,,,0,,,2026-07-07 08:00:00,0x92fd66527192e3e61d4ddd13322aa222de86f9b5
0,,,0,,,0,,,0,,,2026-07-07 09:00:00,0x92fd66527192e3e61d4ddd13322aa222de86f9b5
0,,,0,,,0,,,0,,,2026-07-07 10:00:00,0x92fd66527192e3e61d4ddd13322aa222de86f9b5
0,,,0,,,0,,,0,,,2026-07-07 11:00:00,0x92fd66527192e3e61d4ddd13322aa222de86f9b5
0,,,0,,,0,,,0,,,2026-07-07 12:00:00,0x92fd66527192e3e61d4ddd13322aa222de86f9b5
0,,,0,,,0,,,0,,,2026-07-07 13:00:00,0x92fd66527192e3e61d4ddd13322aa222de86f9b5
0,,,0,,,0,,,0,,,2026-07-07 14:00:00,0x92fd66527192e3e61d4ddd13322aa222de86f9b5
0,,,0,,,0,,,0,,,2026-07-07 15:00:00,0x92fd66527192e3e61d4ddd13322aa222de86f9b5
0,,,0,,,0,,,0,,,2026-07-07 16:00:00,0x92fd66527192e3e61d4ddd13322aa222de86f9b5
0,,,0,,,0,,,0,,,2026-07-07 17:00:00,0x92fd66527192e3e61d4ddd13322aa222de86f9b5
0,,,0,,,0,,,0,,,2026-07-07 18:00:00,0x92fd66527192e3e61d4ddd13322aa222de86f9b5
0,,,0,,,0,,,0,,,2026-07-07 19:00:00,0x92fd66527192e3e61d4ddd13322aa222de86f9b5
0,,,0,,,0,,,0,,,2026-07-07 20:00:00,0x92fd66527192e3e61d4ddd13322aa222de86f9b5
0,,,0,,,0,,,0,,,2026-07-07 21:00:00,0x92fd66527192e3e61d4ddd13322aa222de86f9b5
0,,,0,,,0,,,0,,,2026-07-07 22:00:00,0x92fd66527192e3e61d4ddd13322aa222de86f9b5
0,,,0,,,0,,,0,,,2026-07-07 23:00:00,0x92fd66527192e3e61d4ddd13322aa222de86f9b5
0,,,0,,,0,,,0,,,2026-07-01 00:00:00,0x941ae714ec6d8130c7b75d67160ca08f1e7d11dd
0,,,0,,,0,,,0,,,2026-07-01 01:00:00,0x941ae714ec6d8130c7b75d67160ca08f1e7d11dd
0,,,0,,,0,,,0,,,2026-07-01 02:00:00,0x941ae714ec6d8130c7b75d67160ca08f1e7d11dd
0,,,0,,,0,,,0,,,2026-07-01 03:00:00,0x941ae714ec6d8130c7b75d67160ca08f1e7d11dd
0,,,0,,,0,,,0,,,2026-07-01 04:00:00,0x941ae714ec6d8130c7b75d67160ca08f1e7d11dd
0,,,0,,,0,,,0,,,2026-07-01 05:00:00,0x941ae714ec6d8130c7b75d67160ca08f1e7d11dd
0,,,0,,,0,,,0,,,2026-07-01 06:00:00,0x941ae714ec6d8130c7b75d67160ca08f1e7d11dd
0,,,0,,,0,,,0,,,2026-07-01 07:00:00,0x941ae714ec6d8130c7b75d67160ca08f1e7d11dd
0,,,0,,,0,,,0,,,2026-07-01 08:00:00,0x941ae714ec6d8130c7b75d67160ca08f1e7d11dd
0,,,0,,,0,,,0,,,2026-07-01 09:00:00,0x941ae714ec6d8130c7b75d67160ca08f1e7d11dd
0,,,0,,,0,,,0,,,2026-07-01 10:00:00,0x941ae714ec6d8130c7b75d67160ca08f1e7d11dd
0,,,0,,,0,,,0,,,2026-07-01 11:00:00,0x941ae714ec6d8130c7b75d67160ca08f1e7d11dd
0,,,0,,,0,,,0,,,2026-07-01 12:00:00,0x941ae714ec6d8130c7b75d67160ca08f1e7d11dd
0,,,0,,,0,,,0,,,2026-07-01 13:00:00,0x941ae714ec6d8130c7b75d67160ca08f1e7d11dd
0,,,0,,,0,,,0,,,2026-07-01 14:00:00,0x941ae714ec6d8130c7b75d67160ca08f1e7d11dd
0,,,0,,,0,,,0,,,2026-07-01 15:00:00,0x941ae714ec6d8130c7b75d67160ca08f1e7d11dd
0,,,0,,,0,,,0,,,2026-07-01 16:00:00,0x941ae714ec6d8130c7b75d67160ca08f1e7d11dd
0,,,0,,,0,,,0,,,2026-07-01 17:00:00,0x941ae714ec6d8130c7b75d67160ca08f1e7d11dd
0,,,0,,,0,,,0,,,2026-07-01 18:00:00,0x941ae714ec6d8130c7b75d67160ca08f1e7d11dd
0,,,0,,,0,,,0,,,2026-07-01 19:00:00,0x941ae714ec6d8130c7b75d67160ca08f1e7d11dd
0,,,0,,,0,,,0,,,2026-07-01 20:00:00,0x941ae714ec6d8130c7b75d67160ca08f1e7d11dd
0,,,0,,,0,,,0,,,2026-07-01 21:00:00,0x941ae714ec6d8130c7b75d67160ca08f1e7d11dd
0,,,0,,,0,,,0,,,2026-07-01 22:00:00,0x941ae714ec6d8130c7b75d67160ca08f1e7d11dd
0,,,0,,,0,,,0,,,2026-07-01 23:00:00,0x941ae714ec6d8130c7b75d67160ca08f1e7d11dd
0,,,0,,,0,,,0,,,2026-07-02 00:00:00,0x941ae714ec6d8130c7b75d67160ca08f1e7d11dd
0,,,0,,,0,,,0,,,2026-07-02 01:00:00,0x941ae714ec6d8130c7b75d67160ca08f1e7d11dd
0,,,0,,,0,,,0,,,2026-07-02 02:00:00,0x941ae714ec6d8130c7b75d67160ca08f1e7d11dd
0,,,0,,,0,,,0,,,2026-07-02 03:00:00,0x941ae714ec6d8130c7b75d67160ca08f1e7d11dd
0,,,0,,,0,,,0,,,2026-07-02 04:00:00,0x941ae714ec6d8130c7b75d67160ca08f1e7d11dd
0,,,0,,,0,,,0,,,2026-07-02 05:00:00,0x941ae714ec6d8130c7b75d67160ca08f1e7d11dd
0,,,0,,,0,,,0,,,2026-07-02 06:00:00,0x941ae714ec6d8130c7b75d67160ca08f1e7d11dd
0,,,0,,,0,,,0,,,2026-07-02 07:00:00,0x941ae714ec6d8130c7b75d67160ca08f1e7d11dd
0,,,0,,,0,,,0,,,2026-07-02 08:00:00,0x941ae714ec6d8130c7b75d67160ca08f1e7d11dd
0,,,0,,,0,,,0,,,2026-07-02 09:00:00,0x941ae714ec6d8130c7b75d67160ca08f1e7d11dd
0,,,0,,,0,,,0,,,2026-07-02 10:00:00,0x941ae714ec6d8130c7b75d67160ca08f1e7d11dd
0,,,0,,,0,,,0,,,2026-07-02 11:00:00,0x941ae714ec6d8130c7b75d67160ca08f1e7d11dd
0,,,0,,,0,,,0,,,2026-07-02 12:00:00,0x941ae714ec6d8130c7b75d67160ca08f1e7d11dd
0,,,0,,,0,,,0,,,2026-07-02 13:00:00,0x941ae714ec6d8130c7b75d67160ca08f1e7d11dd
0,,,0,,,0,,,0,,,2026-07-02 14:00:00,0x941ae714ec6d8130c7b75d67160ca08f1e7d11dd
0,,,0,,,0,,,0,,,2026-07-02 15:00:00,0x941ae714ec6d8130c7b75d67160ca08f1e7d11dd
0,,,0,,,0,,,0,,,2026-07-02 16:00:00,0x941ae714ec6d8130c7b75d67160ca08f1e7d11dd
0,,,0,,,0,,,0,,,2026-07-02 17:00:00,0x941ae714ec6d8130c7b75d67160ca08f1e7d11dd
0,,,0,,,0,,,0,,,2026-07-02 18:00:00,0x941ae714ec6d8130c7b75d67160ca08f1e7d11dd
0,,,0,,,0,,,0,,,2026-07-02 19:00:00,0x941ae714ec6d8130c7b75d67160ca08f1e7d11dd
0,,,0,,,0,,,0,,,2026-07-02 20:00:00,0x941ae714ec6d8130c7b75d67160ca08f1e7d11dd
0,,,0,,,0,,,0,,,2026-07-02 21:00:00,0x941ae714ec6d8130c7b75d67160ca08f1e7d11dd
0,,,0,,,0,,,0,,,2026-07-02 22:00:00,0x941ae714ec6d8130c7b75d67160ca08f1e7d11dd
0,,,0,,,0,,,0,,,2026-07-02 23:00:00,0x941ae714ec6d8130c7b75d67160ca08f1e7d11dd
0,,,0,,,0,,,0,,,2026-07-03 00:00:00,0x941ae714ec6d8130c7b75d67160ca08f1e7d11dd
0,,,0,,,0,,,0,,,2026-07-03 01:00:00,0x941ae714ec6d8130c7b75d67160ca08f1e7d11dd
0,,,0,,,0,,,0,,,2026-07-03 02:00:00,0x941ae714ec6d8130c7b75d67160ca08f1e7d11dd
0,,,0,,,0,,,0,,,2026-07-03 03:00:00,0x941ae714ec6d8130c7b75d67160ca08f1e7d11dd
0,,,0,,,0,,,0,,,2026-07-03 04:00:00,0x941ae714ec6d8130c7b75d67160ca08f1e7d11dd
0,,,0,,,0,,,0,,,2026-07-03 05:00:00,0x941ae714ec6d8130c7b75d67160ca08f1e7d11dd
0,,,0,,,0,,,0,,,2026-07-03 06:00:00,0x941ae714ec6d8130c7b75d67160ca08f1e7d11dd
0,,,0,,,0,,,0,,,2026-07-03 07:00:00,0x941ae714ec6d8130c7b75d67160ca08f1e7d11dd
0,,,0,,,0,,,0,,,2026-07-03 08:00:00,0x941ae714ec6d8130c7b75d67160ca08f1e7d11dd
0,,,0,,,0,,,0,,,2026-07-03 09:00:00,0x941ae714ec6d8130c7b75d67160ca08f1e7d11dd
0,,,0,,,0,,,0,,,2026-07-03 10:00:00,0x941ae714ec6d8130c7b75d67160ca08f1e7d11dd
0,,,0,,,0,,,0,,,2026-07-03 11:00:00,0x941ae714ec6d8130c7b75d67160ca08f1e7d11dd
0,,,0,,,0,,,0,,,2026-07-03 12:00:00,0x941ae714ec6d8130c7b75d67160ca08f1e7d11dd
0,,,0,,,0,,,0,,,2026-07-03 13:00:00,0x941ae714ec6d8130c7b75d67160ca08f1e7d11dd
0,,,0,,,0,,,0,,,2026-07-03 14:00:00,0x941ae714ec6d8130c7b75d67160ca08f1e7d11dd
0,,,0,,,0,,,0,,,2026-07-03 15:00:00,0x941ae714ec6d8130c7b75d67160ca08f1e7d11dd
0,,,0,,,0,,,0,,,2026-07-03 16:00:00,0x941ae714ec6d8130c7b75d67160ca08f1e7d11dd
0,,,0,,,0,,,0,,,2026-07-03 17:00:00,0x941ae714ec6d8130c7b75d67160ca08f1e7d11dd
0,,,0,,,0,,,0,,,2026-07-03 18:00:00,0x941ae714ec6d8130c7b75d67160ca08f1e7d11dd
0,,,0,,,0,,,0,,,2026-07-03 19:00:00,0x941ae714ec6d8130c7b75d67160ca08f1e7d11dd
0,,,0,,,0,,,0,,,2026-07-03 20:00:00,0x941ae714ec6d8130c7b75d67160ca08f1e7d11dd
0,,,0,,,0,,,0,,,2026-07-03 21:00:00,0x941ae714ec6d8130c7b75d67160ca08f1e7d11dd
0,,,0,,,0,,,0,,,2026-07-03 22:00:00,0x941ae714ec6d8130c7b75d67160ca08f1e7d11dd
0,,,0,,,0,,,0,,,2026-07-03 23:00:00,0x941ae714ec6d8130c7b75d67160ca08f1e7d11dd
0,,,0,,,0,,,0,,,2026-07-04 00:00:00,0x941ae714ec6d8130c7b75d67160ca08f1e7d11dd
0,,,0,,,0,,,0,,,2026-07-04 01:00:00,0x941ae714ec6d8130c7b75d67160ca08f1e7d11dd
0,,,0,,,0,,,0,,,2026-07-04 02:00:00,0x941ae714ec6d8130c7b75d67160ca08f1e7d11dd
0,,,0,,,0,,,0,,,2026-07-04 03:00:00,0x941ae714ec6d8130c7b75d67160ca08f1e7d11dd
0,,,0,,,0,,,0,,,2026-07-04 04:00:00,0x941ae714ec6d8130c7b75d67160ca08f1e7d11dd
0,,,0,,,0,,,0,,,2026-07-04 05:00:00,0x941ae714ec6d8130c7b75d67160ca08f1e7d11dd
0,,,0,,,0,,,0,,,2026-07-04 06:00:00,0x941ae714ec6d8130c7b75d67160ca08f1e7d11dd
0,,,0,,,0,,,0,,,2026-07-04 07:00:00,0x941ae714ec6d8130c7b75d67160ca08f1e7d11dd
0,,,0,,,0,,,0,,,2026-07-04 08:00:00,0x941ae714ec6d8130c7b75d67160ca08f1e7d11dd
0,,,0,,,0,,,0,,,2026-07-04 09:00:00,0x941ae714ec6d8130c7b75d67160ca08f1e7d11dd
0,,,0,,,0,,,0,,,2026-07-04 10:00:00,0x941ae714ec6d8130c7b75d67160ca08f1e7d11dd
0,,,0,,,0,,,0,,,2026-07-04 11:00:00,0x941ae714ec6d8130c7b75d67160ca08f1e7d11dd
0,,,0,,,0,,,0,,,2026-07-04 12:00:00,0x941ae714ec6d8130c7b75d67160ca08f1e7d11dd
0,,,0,,,0,,,0,,,2026-07-04 13:00:00,0x941ae714ec6d8130c7b75d67160ca08f1e7d11dd
0,,,0,,,0,,,0,,,2026-07-04 14:00:00,0x941ae714ec6d8130c7b75d67160ca08f1e7d11dd
0,,,0,,,0,,,0,,,2026-07-04 15:00:00,0x941ae714ec6d8130c7b75d67160ca08f1e7d11dd
0,,,0,,,0,,,0,,,2026-07-04 16:00:00,0x941ae714ec6d8130c7b75d67160ca08f1e7d11dd
0,,,0,,,0,,,0,,,2026-07-04 17:00:00,0x941ae714ec6d8130c7b75d67160ca08f1e7d11dd
0,,,0,,,0,,,0,,,2026-07-04 18:00:00,0x941ae714ec6d8130c7b75d67160ca08f1e7d11dd
0,,,0,,,0,,,0,,,2026-07-04 19:00:00,0x941ae714ec6d8130c7b75d67160ca08f1e7d11dd
0,,,0,,,0,,,0,,,2026-07-04 20:00:00,0x941ae714ec6d8130c7b75d67160ca08f1e7d11dd
0,,,0,,,0,,,0,,,2026-07-04 21:00:00,0x941ae714ec6d8130c7b75d67160ca08f1e7d11dd
0,,,0,,,0,,,0,,,2026-07-04 22:00:00,0x941ae714ec6d8130c7b75d67160ca08f1e7d11dd
0,,,0,,,0,,,0,,,2026-07-04 23:00:00,0x941ae714ec6d8130c7b75d67160ca08f1e7d11dd
0,,,0,,,0,,,0,,,2026-07-05 00:00:00,0x941ae714ec6d8130c7b75d67160ca08f1e7d11dd
0,,,0,,,0,,,0,,,2026-07-05 01:00:00,0x941ae714ec6d8130c7b75d67160ca08f1e7d11dd
0,,,0,,,0,,,0,,,2026-07-05 02:00:00,0x941ae714ec6d8130c7b75d67160ca08f1e7d11dd
0,,,0,,,0,,,0,,,2026-07-05 03:00:00,0x941ae714ec6d8130c7b75d67160ca08f1e7d11dd
0,,,0,,,0,,,0,,,2026-07-05 04:00:00,0x941ae714ec6d8130c7b75d67160ca08f1e7d11dd
0,,,0,,,0,,,0,,,2026-07-05 05:00:00,0x941ae714ec6d8130c7b75d67160ca08f1e7d11dd
0,,,0,,,0,,,0,,,2026-07-05 06:00:00,0x941ae714ec6d8130c7b75d67160ca08f1e7d11dd
0,,,0,,,0,,,0,,,2026-07-05 07:00:00,0x941ae714ec6d8130c7b75d67160ca08f1e7d11dd
0,,,0,,,0,,,0,,,2026-07-05 08:00:00,0x941ae714ec6d8130c7b75d67160ca08f1e7d11dd
0,,,0,,,0,,,0,,,2026-07-05 09:00:00,0x941ae714ec6d8130c7b75d67160ca08f1e7d11dd
0,,,0,,,0,,,0,,,2026-07-05 10:00:00,0x941ae714ec6d8130c7b75d67160ca08f1e7d11dd
0,,,0,,,0,,,0,,,2026-07-05 11:00:00,0x941ae714ec6d8130c7b75d67160ca08f1e7d11dd
0,,,0,,,0,,,0,,,2026-07-05 12:00:00,0x941ae714ec6d8130c7b75d67160ca08f1e7d11dd
0,,,0,,,0,,,0,,,2026-07-05 13:00:00,0x941ae714ec6d8130c7b75d67160ca08f1e7d11dd
0,,,0,,,0,,,0,,,2026-07-05 14:00:00,0x941ae714ec6d8130c7b75d67160ca08f1e7d11dd
0,,,0,,,0,,,0,,,2026-07-05 15:00:00,0x941ae714ec6d8130c7b75d67160ca08f1e7d11dd
0,,,0,,,0,,,0,,,2026-07-05 16:00:00,0x941ae714ec6d8130c7b75d67160ca08f1e7d11dd
0,,,0,,,0,,,0,,,2026-07-05 17:00:00,0x941ae714ec6d8130c7b75d67160ca08f1e7d11dd
0,,,0,,,0,,,0,,,2026-07-05 18:00:00,0x941ae714ec6d8130c7b75d67160ca08f1e7d11dd
0,,,0,,,0,,,0,,,2026-07-05 19:00:00,0x941ae714ec6d8130c7b75d67160ca08f1e7d11dd
0,,,0,,,0,,,0,,,2026-07-05 20:00:00,0x941ae714ec6d8130c7b75d67160ca08f1e7d11dd
0,,,0,,,0,,,0,,,2026-07-05 21:00:00,0x941ae714ec6d8130c7b75d67160ca08f1e7d11dd
0,,,0,,,0,,,0,,,2026-07-05 22:00:00,0x941ae714ec6d8130c7b75d67160ca08f1e7d11dd
0,,,0,,,0,,,0,,,2026-07-05 23:00:00,0x941ae714ec6d8130c7b75d67160ca08f1e7d11dd
0,,,0,,,0,,,0,,,2026-07-06 00:00:00,0x941ae714ec6d8130c7b75d67160ca08f1e7d11dd
0,,,0,,,0,,,0,,,2026-07-06 01:00:00,0x941ae714ec6d8130c7b75d67160ca08f1e7d11dd
0,,,0,,,0,,,0,,,2026-07-06 02:00:00,0x941ae714ec6d8130c7b75d67160ca08f1e7d11dd
0,,,0,,,0,,,0,,,2026-07-06 03:00:00,0x941ae714ec6d8130c7b75d67160ca08f1e7d11dd
0,,,1,1.220653343082e-06,0.010001320000000001,0,,,0,,,2026-07-06 04:00:00,0x941ae714ec6d8130c7b75d67160ca08f1e7d11dd
0,,,0,,,0,,,0,,,2026-07-06 05:00:00,0x941ae714ec6d8130c7b75d67160ca08f1e7d11dd
0,,,0,,,0,,,0,,,2026-07-06 06:00:00,0x941ae714ec6d8130c7b75d67160ca08f1e7d11dd
0,,,0,,,0,,,0,,,2026-07-06 07:00:00,0x941ae714ec6d8130c7b75d67160ca08f1e7d11dd
0,,,0,,,0,,,0,,,2026-07-06 08:00:00,0x941ae714ec6d8130c7b75d67160ca08f1e7d11dd
0,,,0,,,0,,,0,,,2026-07-06 09:00:00,0x941ae714ec6d8130c7b75d67160ca08f1e7d11dd
0,,,0,,,0,,,0,,,2026-07-06 10:00:00,0x941ae714ec6d8130c7b75d67160ca08f1e7d11dd
0,,,0,,,0,,,0,,,2026-07-06 11:00:00,0x941ae714ec6d8130c7b75d67160ca08f1e7d11dd
0,,,0,,,1,1.220653343082e-06,0.010001320000000001,0,,,2026-07-06 12:00:00,0x941ae714ec6d8130c7b75d67160ca08f1e7d11dd
0,,,0,,,0,,,0,,,2026-07-06 13:00:00,0x941ae714ec6d8130c7b75d67160ca08f1e7d11dd
0,,,0,,,0,,,0,,,2026-07-06 14:00:00,0x941ae714ec6d8130c7b75d67160ca08f1e7d11dd
0,,,0,,,0,,,0,,,2026-07-06 15:00:00,0x941ae714ec6d8130c7b75d67160ca08f1e7d11dd
0,,,0,,,0,,,1,1.220653343082e-06,0.010001320000000001,2026-07-06 16:00:00,0x941ae714ec6d8130c7b75d67160ca08f1e7d11dd
0,,,0,,,0,,,0,,,2026-07-06 17:00:00,0x941ae714ec6d8130c7b75d67160ca08f1e7d11dd
0,,,0,,,0,,,0,,,2026-07-06 18:00:00,0x941ae714ec6d8130c7b75d67160ca08f1e7d11dd
0,,,0,,,0,,,0,,,2026-07-06 19:00:00,0x941ae714ec6d8130c7b75d67160ca08f1e7d11dd
0,,,0,,,0,,,0,,,2026-07-06 20:00:00,0x941ae714ec6d8130c7b75d67160ca08f1e7d11dd
0,,,0,,,0,,,0,,,2026-07-06 21:00:00,0x941ae714ec6d8130c7b75d67160ca08f1e7d11dd
0,,,0,,,0,,,0,,,2026-07-06 22:00:00,0x941ae714ec6d8130c7b75d67160ca08f1e7d11dd
0,,,0,,,0,,,0,,,2026-07-06 23:00:00,0x941ae714ec6d8130c7b75d67160ca08f1e7d11dd
0,,,0,,,0,,,0,,,2026-07-07 00:00:00,0x941ae714ec6d8130c7b75d67160ca08f1e7d11dd
0,,,0,,,0,,,0,,,2026-07-07 01:00:00,0x941ae714ec6d8130c7b75d67160ca08f1e7d11dd
0,,,0,,,0,,,0,,,2026-07-07 02:00:00,0x941ae714ec6d8130c7b75d67160ca08f1e7d11dd
0,,,0,,,0,,,0,,,2026-07-07 03:00:00,0x941ae714ec6d8130c7b75d67160ca08f1e7d11dd
0,,,0,,,0,,,0,,,2026-07-07 04:00:00,0x941ae714ec6d8130c7b75d67160ca08f1e7d11dd
0,,,0,,,0,,,0,,,2026-07-07 05:00:00,0x941ae714ec6d8130c7b75d67160ca08f1e7d11dd
0,,,0,,,0,,,0,,,2026-07-07 06:00:00,0x941ae714ec6d8130c7b75d67160ca08f1e7d11dd
0,,,0,,,0,,,0,,,2026-07-07 07:00:00,0x941ae714ec6d8130c7b75d67160ca08f1e7d11dd
0,,,0,,,0,,,0,,,2026-07-07 08:00:00,0x941ae714ec6d8130c7b75d67160ca08f1e7d11dd
0,,,0,,,0,,,0,,,2026-07-07 09:00:00,0x941ae714ec6d8130c7b75d67160ca08f1e7d11dd
0,,,0,,,0,,,0,,,2026-07-07 10:00:00,0x941ae714ec6d8130c7b75d67160ca08f1e7d11dd
0,,,0,,,0,,,0,,,2026-07-07 11:00:00,0x941ae714ec6d8130c7b75d67160ca08f1e7d11dd
0,,,0,,,0,,,0,,,2026-07-07 12:00:00,0x941ae714ec6d8130c7b75d67160ca08f1e7d11dd
0,,,0,,,0,,,0,,,2026-07-07 13:00:00,0x941ae714ec6d8130c7b75d67160ca08f1e7d11dd
0,,,0,,,0,,,0,,,2026-07-07 14:00:00,0x941ae714ec6d8130c7b75d67160ca08f1e7d11dd
0,,,0,,,0,,,0,,,2026-07-07 15:00:00,0x941ae714ec6d8130c7b75d67160ca08f1e7d11dd
0,,,0,,,0,,,0,,,2026-07-07 16:00:00,0x941ae714ec6d8130c7b75d67160ca08f1e7d11dd
0,,,0,,,0,,,0,,,2026-07-07 17:00:00,0x941ae714ec6d8130c7b75d67160ca08f1e7d11dd
0,,,0,,,0,,,0,,,2026-07-07 18:00:00,0x941ae714ec6d8130c7b75d67160ca08f1e7d11dd
0,,,0,,,0,,,0,,,2026-07-07 19:00:00,0x941ae714ec6d8130c7b75d67160ca08f1e7d11dd
0,,,0,,,0,,,0,,,2026-07-07 20:00:00,0x941ae714ec6d8130c7b75d67160ca08f1e7d11dd
0,,,0,,,0,,,0,,,2026-07-07 21:00:00,0x941ae714ec6d8130c7b75d67160ca08f1e7d11dd
0,,,0,,,0,,,0,,,2026-07-07 22:00:00,0x941ae714ec6d8130c7b75d67160ca08f1e7d11dd
0,,,0,,,0,,,0,,,2026-07-07 23:00:00,0x941ae714ec6d8130c7b75d67160ca08f1e7d11dd
0,,,0,,,0,,,0,,,2026-07-01 00:00:00,0xa30fa36db767ad9ed3f7a60fc79526fb4d56d344
0,,,0,,,0,,,0,,,2026-07-01 01:00:00,0xa30fa36db767ad9ed3f7a60fc79526fb4d56d344
0,,,0,,,0,,,0,,,2026-07-01 02:00:00,0xa30fa36db767ad9ed3f7a60fc79526fb4d56d344
0,,,0,,,0,,,0,,,2026-07-01 03:00:00,0xa30fa36db767ad9ed3f7a60fc79526fb4d56d344
0,,,0,,,0,,,0,,,2026-07-01 04:00:00,0xa30fa36db767ad9ed3f7a60fc79526fb4d56d344
0,,,1,0.000950586550617641,0.09999059999999999,0,,,0,,,2026-07-01 05:00:00,0xa30fa36db767ad9ed3f7a60fc79526fb4d56d344
0,,,0,,,0,,,0,,,2026-07-01 06:00:00,0xa30fa36db767ad9ed3f7a60fc79526fb4d56d344
0,,,0,,,0,,,0,,,2026-07-01 07:00:00,0xa30fa36db767ad9ed3f7a60fc79526fb4d56d344
0,,,0,,,0,,,0,,,2026-07-01 08:00:00,0xa30fa36db767ad9ed3f7a60fc79526fb4d56d344
0,,,0,,,0,,,0,,,2026-07-01 09:00:00,0xa30fa36db767ad9ed3f7a60fc79526fb4d56d344
0,,,0,,,0,,,0,,,2026-07-01 10:00:00,0xa30fa36db767ad9ed3f7a60fc79526fb4d56d344
0,,,0,,,0,,,0,,,2026-07-01 11:00:00,0xa30fa36db767ad9ed3f7a60fc79526fb4d56d344
0,,,0,,,0,,,0,,,2026-07-01 12:00:00,0xa30fa36db767ad9ed3f7a60fc79526fb4d56d344
0,,,0,,,1,0.000950586550617641,0.09999059999999999,0,,,2026-07-01 13:00:00,0xa30fa36db767ad9ed3f7a60fc79526fb4d56d344
0,,,0,,,0,,,0,,,2026-07-01 14:00:00,0xa30fa36db767ad9ed3f7a60fc79526fb4d56d344
1,0.00095031141702846,0.09998069999999999,0,,,0,,,0,,,2026-07-01 15:00:00,0xa30fa36db767ad9ed3f7a60fc79526fb4d56d344
0,,,0,,,0,,,0,,,2026-07-01 16:00:00,0xa30fa36db767ad9ed3f7a60fc79526fb4d56d344
1,0.000950953643319172,0.0999868,0,,,0,,,1,0.000950586550617641,0.09999059999999999,2026-07-01 17:00:00,0xa30fa36db767ad9ed3f7a60fc79526fb4d56d344
0,,,0,,,0,,,0,,,2026-07-01 18:00:00,0xa30fa36db767ad9ed3f7a60fc79526fb4d56d344
0,,,0,,,0,,,0,,,2026-07-01 19:00:00,0xa30fa36db767ad9ed3f7a60fc79526fb4d56d344
0,,,0,,,0,,,0,,,2026-07-01 20:00:00,0xa30fa36db767ad9ed3f7a60fc79526fb4d56d344
0,,,0,,,0,,,0,,,2026-07-01 21:00:00,0xa30fa36db767ad9ed3f7a60fc79526fb4d56d344
0,,,0,,,0,,,0,,,2026-07-01 22:00:00,0xa30fa36db767ad9ed3f7a60fc79526fb4d56d344
0,,,0,,,0,,,0,,,2026-07-01 23:00:00,0xa30fa36db767ad9ed3f7a60fc79526fb4d56d344
0,,,0,,,0,,,0,,,2026-07-02 00:00:00,0xa30fa36db767ad9ed3f7a60fc79526fb4d56d344
0,,,0,,,0,,,0,,,2026-07-02 01:00:00,0xa30fa36db767ad9ed3f7a60fc79526fb4d56d344
0,,,0,,,0,,,0,,,2026-07-02 02:00:00,0xa30fa36db767ad9ed3f7a60fc79526fb4d56d344
0,,,0,,,0,,,0,,,2026-07-02 03:00:00,0xa30fa36db767ad9ed3f7a60fc79526fb4d56d344
0,,,0,,,0,,,0,,,2026-07-02 04:00:00,0xa30fa36db767ad9ed3f7a60fc79526fb4d56d344
0,,,0,,,0,,,0,,,2026-07-02 05:00:00,0xa30fa36db767ad9ed3f7a60fc79526fb4d56d344
0,,,0,,,0,,,0,,,2026-07-02 06:00:00,0xa30fa36db767ad9ed3f7a60fc79526fb4d56d344
0,,,0,,,0,,,0,,,2026-07-02 07:00:00,0xa30fa36db767ad9ed3f7a60fc79526fb4d56d344
0,,,0,,,0,,,0,,,2026-07-02 08:00:00,0xa30fa36db767ad9ed3f7a60fc79526fb4d56d344
0,,,0,,,0,,,0,,,2026-07-02 09:00:00,0xa30fa36db767ad9ed3f7a60fc79526fb4d56d344
0,,,0,,,0,,,0,,,2026-07-02 10:00:00,0xa30fa36db767ad9ed3f7a60fc79526fb4d56d344
0,,,0,,,0,,,0,,,2026-07-02 11:00:00,0xa30fa36db767ad9ed3f7a60fc79526fb4d56d344
0,,,0,,,0,,,0,,,2026-07-02 12:00:00,0xa30fa36db767ad9ed3f7a60fc79526fb4d56d344
0,,,0,,,0,,,0,,,2026-07-02 13:00:00,0xa30fa36db767ad9ed3f7a60fc79526fb4d56d344
0,,,0,,,0,,,0,,,2026-07-02 14:00:00,0xa30fa36db767ad9ed3f7a60fc79526fb4d56d344
0,,,0,,,0,,,0,,,2026-07-02 15:00:00,0xa30fa36db767ad9ed3f7a60fc79526fb4d56d344
0,,,0,,,0,,,0,,,2026-07-02 16:00:00,0xa30fa36db767ad9ed3f7a60fc79526fb4d56d344
0,,,0,,,0,,,0,,,2026-07-02 17:00:00,0xa30fa36db767ad9ed3f7a60fc79526fb4d56d344
0,,,0,,,0,,,0,,,2026-07-02 18:00:00,0xa30fa36db767ad9ed3f7a60fc79526fb4d56d344
0,,,0,,,0,,,0,,,2026-07-02 19:00:00,0xa30fa36db767ad9ed3f7a60fc79526fb4d56d344
0,,,0,,,0,,,0,,,2026-07-02 20:00:00,0xa30fa36db767ad9ed3f7a60fc79526fb4d56d344
0,,,0,,,0,,,0,,,2026-07-02 21:00:00,0xa30fa36db767ad9ed3f7a60fc79526fb4d56d344
0,,,0,,,0,,,0,,,2026-07-02 22:00:00,0xa30fa36db767ad9ed3f7a60fc79526fb4d56d344
0,,,0,,,0,,,0,,,2026-07-02 23:00:00,0xa30fa36db767ad9ed3f7a60fc79526fb4d56d344
0,,,0,,,0,,,0,,,2026-07-03 00:00:00,0xa30fa36db767ad9ed3f7a60fc79526fb4d56d344
0,,,0,,,0,,,0,,,2026-07-03 01:00:00,0xa30fa36db767ad9ed3f7a60fc79526fb4d56d344
0,,,0,,,0,,,0,,,2026-07-03 02:00:00,0xa30fa36db767ad9ed3f7a60fc79526fb4d56d344
0,,,0,,,0,,,0,,,2026-07-03 03:00:00,0xa30fa36db767ad9ed3f7a60fc79526fb4d56d344
0,,,0,,,0,,,0,,,2026-07-03 04:00:00,0xa30fa36db767ad9ed3f7a60fc79526fb4d56d344
0,,,0,,,0,,,0,,,2026-07-03 05:00:00,0xa30fa36db767ad9ed3f7a60fc79526fb4d56d344
0,,,0,,,0,,,0,,,2026-07-03 06:00:00,0xa30fa36db767ad9ed3f7a60fc79526fb4d56d344
0,,,0,,,0,,,0,,,2026-07-03 07:00:00,0xa30fa36db767ad9ed3f7a60fc79526fb4d56d344
0,,,0,,,0,,,0,,,2026-07-03 08:00:00,0xa30fa36db767ad9ed3f7a60fc79526fb4d56d344
0,,,0,,,0,,,0,,,2026-07-03 09:00:00,0xa30fa36db767ad9ed3f7a60fc79526fb4d56d344
0,,,0,,,0,,,0,,,2026-07-03 10:00:00,0xa30fa36db767ad9ed3f7a60fc79526fb4d56d344
0,,,0,,,0,,,0,,,2026-07-03 11:00:00,0xa30fa36db767ad9ed3f7a60fc79526fb4d56d344
0,,,0,,,0,,,0,,,2026-07-03 12:00:00,0xa30fa36db767ad9ed3f7a60fc79526fb4d56d344
0,,,0,,,0,,,0,,,2026-07-03 13:00:00,0xa30fa36db767ad9ed3f7a60fc79526fb4d56d344
0,,,0,,,0,,,0,,,2026-07-03 14:00:00,0xa30fa36db767ad9ed3f7a60fc79526fb4d56d344
0,,,0,,,0,,,0,,,2026-07-03 15:00:00,0xa30fa36db767ad9ed3f7a60fc79526fb4d56d344
0,,,0,,,0,,,0,,,2026-07-03 16:00:00,0xa30fa36db767ad9ed3f7a60fc79526fb4d56d344
0,,,0,,,0,,,0,,,2026-07-03 17:00:00,0xa30fa36db767ad9ed3f7a60fc79526fb4d56d344
0,,,0,,,0,,,0,,,2026-07-03 18:00:00,0xa30fa36db767ad9ed3f7a60fc79526fb4d56d344
0,,,0,,,0,,,0,,,2026-07-03 19:00:00,0xa30fa36db767ad9ed3f7a60fc79526fb4d56d344
0,,,0,,,0,,,0,,,2026-07-03 20:00:00,0xa30fa36db767ad9ed3f7a60fc79526fb4d56d344
0,,,0,,,0,,,0,,,2026-07-03 21:00:00,0xa30fa36db767ad9ed3f7a60fc79526fb4d56d344
0,,,0,,,0,,,0,,,2026-07-03 22:00:00,0xa30fa36db767ad9ed3f7a60fc79526fb4d56d344
0,,,0,,,0,,,0,,,2026-07-03 23:00:00,0xa30fa36db767ad9ed3f7a60fc79526fb4d56d344
0,,,0,,,0,,,0,,,2026-07-04 00:00:00,0xa30fa36db767ad9ed3f7a60fc79526fb4d56d344
0,,,0,,,0,,,0,,,2026-07-04 01:00:00,0xa30fa36db767ad9ed3f7a60fc79526fb4d56d344
0,,,0,,,0,,,0,,,2026-07-04 02:00:00,0xa30fa36db767ad9ed3f7a60fc79526fb4d56d344
0,,,0,,,0,,,0,,,2026-07-04 03:00:00,0xa30fa36db767ad9ed3f7a60fc79526fb4d56d344
0,,,0,,,0,,,0,,,2026-07-04 04:00:00,0xa30fa36db767ad9ed3f7a60fc79526fb4d56d344
0,,,0,,,0,,,0,,,2026-07-04 05:00:00,0xa30fa36db767ad9ed3f7a60fc79526fb4d56d344
0,,,0,,,0,,,0,,,2026-07-04 06:00:00,0xa30fa36db767ad9ed3f7a60fc79526fb4d56d344
0,,,0,,,0,,,0,,,2026-07-04 07:00:00,0xa30fa36db767ad9ed3f7a60fc79526fb4d56d344
0,,,0,,,0,,,0,,,2026-07-04 08:00:00,0xa30fa36db767ad9ed3f7a60fc79526fb4d56d344
0,,,0,,,0,,,0,,,2026-07-04 09:00:00,0xa30fa36db767ad9ed3f7a60fc79526fb4d56d344
0,,,0,,,0,,,0,,,2026-07-04 10:00:00,0xa30fa36db767ad9ed3f7a60fc79526fb4d56d344
0,,,0,,,0,,,0,,,2026-07-04 11:00:00,0xa30fa36db767ad9ed3f7a60fc79526fb4d56d344
0,,,0,,,0,,,0,,,2026-07-04 12:00:00,0xa30fa36db767ad9ed3f7a60fc79526fb4d56d344
0,,,0,,,0,,,0,,,2026-07-04 13:00:00,0xa30fa36db767ad9ed3f7a60fc79526fb4d56d344
0,,,0,,,0,,,0,,,2026-07-04 14:00:00,0xa30fa36db767ad9ed3f7a60fc79526fb4d56d344
0,,,0,,,0,,,0,,,2026-07-04 15:00:00,0xa30fa36db767ad9ed3f7a60fc79526fb4d56d344
0,,,0,,,0,,,0,,,2026-07-04 16:00:00,0xa30fa36db767ad9ed3f7a60fc79526fb4d56d344
0,,,0,,,0,,,0,,,2026-07-04 17:00:00,0xa30fa36db767ad9ed3f7a60fc79526fb4d56d344
0,,,0,,,0,,,0,,,2026-07-04 18:00:00,0xa30fa36db767ad9ed3f7a60fc79526fb4d56d344
0,,,0,,,0,,,0,,,2026-07-04 19:00:00,0xa30fa36db767ad9ed3f7a60fc79526fb4d56d344
0,,,0,,,0,,,0,,,2026-07-04 20:00:00,0xa30fa36db767ad9ed3f7a60fc79526fb4d56d344
0,,,0,,,0,,,0,,,2026-07-04 21:00:00,0xa30fa36db767ad9ed3f7a60fc79526fb4d56d344
0,,,0,,,0,,,0,,,2026-07-04 22:00:00,0xa30fa36db767ad9ed3f7a60fc79526fb4d56d344
0,,,0,,,0,,,0,,,2026-07-04 23:00:00,0xa30fa36db767ad9ed3f7a60fc79526fb4d56d344
0,,,0,,,0,,,0,,,2026-07-05 00:00:00,0xa30fa36db767ad9ed3f7a60fc79526fb4d56d344
0,,,0,,,0,,,0,,,2026-07-05 01:00:00,0xa30fa36db767ad9ed3f7a60fc79526fb4d56d344
0,,,0,,,0,,,0,,,2026-07-05 02:00:00,0xa30fa36db767ad9ed3f7a60fc79526fb4d56d344
0,,,0,,,0,,,0,,,2026-07-05 03:00:00,0xa30fa36db767ad9ed3f7a60fc79526fb4d56d344
0,,,0,,,0,,,0,,,2026-07-05 04:00:00,0xa30fa36db767ad9ed3f7a60fc79526fb4d56d344
0,,,0,,,0,,,0,,,2026-07-05 05:00:00,0xa30fa36db767ad9ed3f7a60fc79526fb4d56d344
0,,,0,,,0,,,0,,,2026-07-05 06:00:00,0xa30fa36db767ad9ed3f7a60fc79526fb4d56d344
0,,,0,,,0,,,0,,,2026-07-05 07:00:00,0xa30fa36db767ad9ed3f7a60fc79526fb4d56d344
0,,,0,,,0,,,0,,,2026-07-05 08:00:00,0xa30fa36db767ad9ed3f7a60fc79526fb4d56d344
0,,,0,,,0,,,0,,,2026-07-05 09:00:00,0xa30fa36db767ad9ed3f7a60fc79526fb4d56d344
0,,,0,,,0,,,0,,,2026-07-05 10:00:00,0xa30fa36db767ad9ed3f7a60fc79526fb4d56d344
0,,,0,,,0,,,0,,,2026-07-05 11:00:00,0xa30fa36db767ad9ed3f7a60fc79526fb4d56d344
0,,,0,,,0,,,0,,,2026-07-05 12:00:00,0xa30fa36db767ad9ed3f7a60fc79526fb4d56d344
0,,,0,,,0,,,0,,,2026-07-05 13:00:00,0xa30fa36db767ad9ed3f7a60fc79526fb4d56d344
0,,,0,,,0,,,0,,,2026-07-05 14:00:00,0xa30fa36db767ad9ed3f7a60fc79526fb4d56d344
0,,,0,,,0,,,0,,,2026-07-05 15:00:00,0xa30fa36db767ad9ed3f7a60fc79526fb4d56d344
0,,,0,,,0,,,0,,,2026-07-05 16:00:00,0xa30fa36db767ad9ed3f7a60fc79526fb4d56d344
0,,,0,,,0,,,0,,,2026-07-05 17:00:00,0xa30fa36db767ad9ed3f7a60fc79526fb4d56d344
0,,,0,,,0,,,0,,,2026-07-05 18:00:00,0xa30fa36db767ad9ed3f7a60fc79526fb4d56d344
0,,,0,,,0,,,0,,,2026-07-05 19:00:00,0xa30fa36db767ad9ed3f7a60fc79526fb4d56d344
0,,,0,,,0,,,0,,,2026-07-05 20:00:00,0xa30fa36db767ad9ed3f7a60fc79526fb4d56d344
0,,,0,,,0,,,0,,,2026-07-05 21:00:00,0xa30fa36db767ad9ed3f7a60fc79526fb4d56d344
0,,,0,,,0,,,0,,,2026-07-05 22:00:00,0xa30fa36db767ad9ed3f7a60fc79526fb4d56d344
0,,,0,,,0,,,0,,,2026-07-05 23:00:00,0xa30fa36db767ad9ed3f7a60fc79526fb4d56d344
0,,,0,,,0,,,0,,,2026-07-06 00:00:00,0xa30fa36db767ad9ed3f7a60fc79526fb4d56d344
0,,,0,,,0,,,0,,,2026-07-06 01:00:00,0xa30fa36db767ad9ed3f7a60fc79526fb4d56d344
0,,,0,,,0,,,0,,,2026-07-06 02:00:00,0xa30fa36db767ad9ed3f7a60fc79526fb4d56d344
0,,,0,,,0,,,0,,,2026-07-06 03:00:00,0xa30fa36db767ad9ed3f7a60fc79526fb4d56d344
0,,,0,,,0,,,0,,,2026-07-06 04:00:00,0xa30fa36db767ad9ed3f7a60fc79526fb4d56d344
0,,,0,,,0,,,0,,,2026-07-06 05:00:00,0xa30fa36db767ad9ed3f7a60fc79526fb4d56d344
0,,,0,,,0,,,0,,,2026-07-06 06:00:00,0xa30fa36db767ad9ed3f7a60fc79526fb4d56d344
0,,,0,,,0,,,0,,,2026-07-06 07:00:00,0xa30fa36db767ad9ed3f7a60fc79526fb4d56d344
0,,,0,,,0,,,0,,,2026-07-06 08:00:00,0xa30fa36db767ad9ed3f7a60fc79526fb4d56d344
0,,,0,,,0,,,0,,,2026-07-06 09:00:00,0xa30fa36db767ad9ed3f7a60fc79526fb4d56d344
0,,,0,,,0,,,0,,,2026-07-06 10:00:00,0xa30fa36db767ad9ed3f7a60fc79526fb4d56d344
0,,,0,,,0,,,0,,,2026-07-06 11:00:00,0xa30fa36db767ad9ed3f7a60fc79526fb4d56d344
0,,,0,,,0,,,0,,,2026-07-06 12:00:00,0xa30fa36db767ad9ed3f7a60fc79526fb4d56d344
0,,,0,,,0,,,0,,,2026-07-06 13:00:00,0xa30fa36db767ad9ed3f7a60fc79526fb4d56d344
0,,,0,,,0,,,0,,,2026-07-06 14:00:00,0xa30fa36db767ad9ed3f7a60fc79526fb4d56d344
0,,,0,,,0,,,0,,,2026-07-06 15:00:00,0xa30fa36db767ad9ed3f7a60fc79526fb4d56d344
0,,,0,,,0,,,0,,,2026-07-06 16:00:00,0xa30fa36db767ad9ed3f7a60fc79526fb4d56d344
0,,,0,,,0,,,0,,,2026-07-06 17:00:00,0xa30fa36db767ad9ed3f7a60fc79526fb4d56d344
0,,,0,,,0,,,0,,,2026-07-06 18:00:00,0xa30fa36db767ad9ed3f7a60fc79526fb4d56d344
0,,,0,,,0,,,0,,,2026-07-06 19:00:00,0xa30fa36db767ad9ed3f7a60fc79526fb4d56d344
0,,,0,,,0,,,0,,,2026-07-06 20:00:00,0xa30fa36db767ad9ed3f7a60fc79526fb4d56d344
0,,,0,,,0,,,0,,,2026-07-06 21:00:00,0xa30fa36db767ad9ed3f7a60fc79526fb4d56d344
0,,,0,,,0,,,0,,,2026-07-06 22:00:00,0xa30fa36db767ad9ed3f7a60fc79526fb4d56d344
0,,,0,,,0,,,0,,,2026-07-06 23:00:00,0xa30fa36db767ad9ed3f7a60fc79526fb4d56d344
0,,,0,,,0,,,0,,,2026-07-07 00:00:00,0xa30fa36db767ad9ed3f7a60fc79526fb4d56d344
0,,,0,,,0,,,0,,,2026-07-07 01:00:00,0xa30fa36db767ad9ed3f7a60fc79526fb4d56d344
0,,,0,,,0,,,0,,,2026-07-07 02:00:00,0xa30fa36db767ad9ed3f7a60fc79526fb4d56d344
0,,,0,,,0,,,0,,,2026-07-07 03:00:00,0xa30fa36db767ad9ed3f7a60fc79526fb4d56d344
0,,,0,,,0,,,0,,,2026-07-07 04:00:00,0xa30fa36db767ad9ed3f7a60fc79526fb4d56d344
0,,,0,,,0,,,0,,,2026-07-07 05:00:00,0xa30fa36db767ad9ed3f7a60fc79526fb4d56d344
0,,,0,,,0,,,0,,,2026-07-07 06:00:00,0xa30fa36db767ad9ed3f7a60fc79526fb4d56d344
0,,,0,,,0,,,0,,,2026-07-07 07:00:00,0xa30fa36db767ad9ed3f7a60fc79526fb4d56d344
0,,,0,,,0,,,0,,,2026-07-07 08:00:00,0xa30fa36db767ad9ed3f7a60fc79526fb4d56d344
0,,,0,,,0,,,0,,,2026-07-07 09:00:00,0xa30fa36db767ad9ed3f7a60fc79526fb4d56d344
0,,,0,,,0,,,0,,,2026-07-07 10:00:00,0xa30fa36db767ad9ed3f7a60fc79526fb4d56d344
0,,,0,,,0,,,0,,,2026-07-07 11:00:00,0xa30fa36db767ad9ed3f7a60fc79526fb4d56d344
0,,,0,,,0,,,0,,,2026-07-07 12:00:00,0xa30fa36db767ad9ed3f7a60fc79526fb4d56d344
0,,,0,,,0,,,0,,,2026-07-07 13:00:00,0xa30fa36db767ad9ed3f7a60fc79526fb4d56d344
0,,,0,,,0,,,0,,,2026-07-07 14:00:00,0xa30fa36db767ad9ed3f7a60fc79526fb4d56d344
0,,,0,,,0,,,0,,,2026-07-07 15:00:00,0xa30fa36db767ad9ed3f7a60fc79526fb4d56d344
0,,,0,,,0,,,0,,,2026-07-07 16:00:00,0xa30fa36db767ad9ed3f7a60fc79526fb4d56d344
0,,,0,,,0,,,0,,,2026-07-07 17:00:00,0xa30fa36db767ad9ed3f7a60fc79526fb4d56d344
0,,,0,,,0,,,0,,,2026-07-07 18:00:00,0xa30fa36db767ad9ed3f7a60fc79526fb4d56d344
0,,,0,,,0,,,0,,,2026-07-07 19:00:00,0xa30fa36db767ad9ed3f7a60fc79526fb4d56d344
0,,,0,,,0,,,0,,,2026-07-07 20:00:00,0xa30fa36db767ad9ed3f7a60fc79526fb4d56d344
0,,,0,,,0,,,0,,,2026-07-07 21:00:00,0xa30fa36db767ad9ed3f7a60fc79526fb4d56d344
0,,,0,,,0,,,0,,,2026-07-07 22:00:00,0xa30fa36db767ad9ed3f7a60fc79526fb4d56d344
0,,,0,,,0,,,0,,,2026-07-07 23:00:00,0xa30fa36db767ad9ed3f7a60fc79526fb4d56d344
0,,,0,,,0,,,0,,,2026-07-01 00:00:00,0xaf3d76f1834a1d425780943c99ea8a608f8a93f9
0,,,0,,,0,,,0,,,2026-07-01 01:00:00,0xaf3d76f1834a1d425780943c99ea8a608f8a93f9
0,,,0,,,0,,,0,,,2026-07-01 02:00:00,0xaf3d76f1834a1d425780943c99ea8a608f8a93f9
0,,,1,0.000334282828938437,0.09995180000000001,0,,,0,,,2026-07-01 03:00:00,0xaf3d76f1834a1d425780943c99ea8a608f8a93f9
0,,,0,,,0,,,0,,,2026-07-01 04:00:00,0xaf3d76f1834a1d425780943c99ea8a608f8a93f9
0,,,1,0.000334453086058197,0.09999059999999999,0,,,0,,,2026-07-01 05:00:00,0xaf3d76f1834a1d425780943c99ea8a608f8a93f9
0,,,0,,,0,,,0,,,2026-07-01 06:00:00,0xaf3d76f1834a1d425780943c99ea8a608f8a93f9
0,,,0,,,0,,,0,,,2026-07-01 07:00:00,0xaf3d76f1834a1d425780943c99ea8a608f8a93f9
0,,,0,,,0,,,0,,,2026-07-01 08:00:00,0xaf3d76f1834a1d425780943c99ea8a608f8a93f9
0,,,0,,,0,,,0,,,2026-07-01 09:00:00,0xaf3d76f1834a1d425780943c99ea8a608f8a93f9
0,,,0,,,0,,,0,,,2026-07-01 10:00:00,0xaf3d76f1834a1d425780943c99ea8a608f8a93f9
0,,,0,,,1,0.000334282828938437,0.09995180000000001,0,,,2026-07-01 11:00:00,0xaf3d76f1834a1d425780943c99ea8a608f8a93f9
0,,,0,,,0,,,0,,,2026-07-01 12:00:00,0xaf3d76f1834a1d425780943c99ea8a608f8a93f9
0,,,0,,,1,0.000334453086058197,0.09999059999999999,0,,,2026-07-01 13:00:00,0xaf3d76f1834a1d425780943c99ea8a608f8a93f9
0,,,0,,,0,,,0,,,2026-07-01 14:00:00,0xaf3d76f1834a1d425780943c99ea8a608f8a93f9
0,,,0,,,0,,,1,0.000334282828938437,0.09995180000000001,2026-07-01 15:00:00,0xaf3d76f1834a1d425780943c99ea8a608f8a93f9
0,,,0,,,0,,,0,,,2026-07-01 16:00:00,0xaf3d76f1834a1d425780943c99ea8a608f8a93f9
1,0.000334714484079786,0.0999868,0,,,0,,,1,0.000334453086058197,0.09999059999999999,2026-07-01 17:00:00,0xaf3d76f1834a1d425780943c99ea8a608f8a93f9
0,,,0,,,0,,,0,,,2026-07-01 18:00:00,0xaf3d76f1834a1d425780943c99ea8a608f8a93f9
0,,,0,,,0,,,0,,,2026-07-01 19:00:00,0xaf3d76f1834a1d425780943c99ea8a608f8a93f9
0,,,0,,,0,,,0,,,2026-07-01 20:00:00,0xaf3d76f1834a1d425780943c99ea8a608f8a93f9
0,,,0,,,0,,,0,,,2026-07-01 21:00:00,0xaf3d76f1834a1d425780943c99ea8a608f8a93f9
0,,,0,,,0,,,0,,,2026-07-01 22:00:00,0xaf3d76f1834a1d425780943c99ea8a608f8a93f9
0,,,0,,,0,,,0,,,2026-07-01 23:00:00,0xaf3d76f1834a1d425780943c99ea8a608f8a93f9
0,,,0,,,0,,,0,,,2026-07-02 00:00:00,0xaf3d76f1834a1d425780943c99ea8a608f8a93f9
0,,,0,,,0,,,0,,,2026-07-02 01:00:00,0xaf3d76f1834a1d425780943c99ea8a608f8a93f9
0,,,0,,,0,,,0,,,2026-07-02 02:00:00,0xaf3d76f1834a1d425780943c99ea8a608f8a93f9
0,,,0,,,0,,,0,,,2026-07-02 03:00:00,0xaf3d76f1834a1d425780943c99ea8a608f8a93f9
0,,,0,,,0,,,0,,,2026-07-02 04:00:00,0xaf3d76f1834a1d425780943c99ea8a608f8a93f9
0,,,0,,,0,,,0,,,2026-07-02 05:00:00,0xaf3d76f1834a1d425780943c99ea8a608f8a93f9
0,,,0,,,0,,,0,,,2026-07-02 06:00:00,0xaf3d76f1834a1d425780943c99ea8a608f8a93f9
0,,,0,,,0,,,0,,,2026-07-02 07:00:00,0xaf3d76f1834a1d425780943c99ea8a608f8a93f9
0,,,0,,,0,,,0,,,2026-07-02 08:00:00,0xaf3d76f1834a1d425780943c99ea8a608f8a93f9
0,,,0,,,0,,,0,,,2026-07-02 09:00:00,0xaf3d76f1834a1d425780943c99ea8a608f8a93f9
0,,,0,,,0,,,0,,,2026-07-02 10:00:00,0xaf3d76f1834a1d425780943c99ea8a608f8a93f9
0,,,2,0.002092931975677251,0.67998368,0,,,0,,,2026-07-02 11:00:00,0xaf3d76f1834a1d425780943c99ea8a608f8a93f9
0,,,0,,,0,,,0,,,2026-07-02 12:00:00,0xaf3d76f1834a1d425780943c99ea8a608f8a93f9
0,,,0,,,0,,,0,,,2026-07-02 13:00:00,0xaf3d76f1834a1d425780943c99ea8a608f8a93f9
0,,,0,,,0,,,0,,,2026-07-02 14:00:00,0xaf3d76f1834a1d425780943c99ea8a608f8a93f9
0,,,0,,,0,,,0,,,2026-07-02 15:00:00,0xaf3d76f1834a1d425780943c99ea8a608f8a93f9
0,,,7,0.2746561235668572,90.65489501364351,0,,,0,,,2026-07-02 16:00:00,0xaf3d76f1834a1d425780943c99ea8a608f8a93f9
0,,,1,0.011217991120431241,3.7109220974735946,0,,,0,,,2026-07-02 17:00:00,0xaf3d76f1834a1d425780943c99ea8a608f8a93f9
0,,,3,0.013736564745015528,8.202500309311,0,,,0,,,2026-07-02 18:00:00,0xaf3d76f1834a1d425780943c99ea8a608f8a93f9
0,,,2,0.02343973122011637,7.818192795145788,2,0.002092931975677251,0.67998368,0,,,2026-07-02 19:00:00,0xaf3d76f1834a1d425780943c99ea8a608f8a93f9
0,,,1,0.003077163852435625,1.000126,0,,,0,,,2026-07-02 20:00:00,0xaf3d76f1834a1d425780943c99ea8a608f8a93f9
0,,,0,,,0,,,0,,,2026-07-02 21:00:00,0xaf3d76f1834a1d425780943c99ea8a608f8a93f9
0,,,2,0.028843010223275872,9.687022619317677,0,,,0,,,2026-07-02 22:00:00,0xaf3d76f1834a1d425780943c99ea8a608f8a93f9
0,,,0,,,0,,,2,0.002092931975677251,0.67998368,2026-07-02 23:00:00,0xaf3d76f1834a1d425780943c99ea8a608f8a93f9
0,,,3,0.0409268309210745,13.865858067600001,7,0.2746561235668572,90.65489501364351,0,,,2026-07-03 00:00:00,0xaf3d76f1834a1d425780943c99ea8a608f8a93f9
0,,,1,0.01842307786678793,6.228224157273457,1,0.011217991120431241,3.7109220974735946,0,,,2026-07-03 01:00:00,0xaf3d76f1834a1d425780943c99ea8a608f8a93f9
0,,,1,0.025225295959829513,8.593854988619528,3,0.013736564745015528,8.202500309311,0,,,2026-07-03 02:00:00,0xaf3d76f1834a1d425780943c99ea8a608f8a93f9
10,0.32076331818653403,105.01916310184758,1,0.013663619872997836,4.62976965,2,0.02343973122011637,7.818192795145788,0,,,2026-07-03 03:00:00,0xaf3d76f1834a1d425780943c99ea8a608f8a93f9
1,0.011013678459303464,3.6461264815164562,2,0.03878841510063476,13.185390210972525,1,0.003077163852435625,1.000126,7,0.2746561235668572,90.65489501364351,2026-07-03 04:00:00,0xaf3d76f1834a1d425780943c99ea8a608f8a93f9
0,,,3,0.05691311355381797,19.36293790944335,0,,,1,0.011217991120431241,3.7109220974735946,2026-07-03 05:00:00,0xaf3d76f1834a1d425780943c99ea8a608f8a93f9
0,,,2,0.02420716297326535,8.270797285785525,2,0.028843010223275872,9.687022619317677,3,0.013736564745015528,8.202500309311,2026-07-03 06:00:00,0xaf3d76f1834a1d425780943c99ea8a608f8a93f9
0,,,4,0.2601453879174746,81.29755680132146,0,,,2,0.02343973122011637,7.818192795145788,2026-07-03 07:00:00,0xaf3d76f1834a1d425780943c99ea8a608f8a93f9
2,0.024744083439200606,8.25756421949386,4,0.21081873313634242,66.68290269327971,3,0.0409268309210745,13.865858067600001,1,0.003077163852435625,1.000126,2026-07-03 08:00:00,0xaf3d76f1834a1d425780943c99ea8a608f8a93f9
0,,,0,,,1,0.01842307786678793,6.228224157273457,0,,,2026-07-03 09:00:00,0xaf3d76f1834a1d425780943c99ea8a608f8a93f9
0,,,0,,,1,0.025225295959829513,8.593854988619528,2,0.028843010223275872,9.687022619317677,2026-07-03 10:00:00,0xaf3d76f1834a1d425780943c99ea8a608f8a93f9
0,,,0,,,1,0.013663619872997836,4.62976965,0,,,2026-07-03 11:00:00,0xaf3d76f1834a1d425780943c99ea8a608f8a93f9
1,0.016765196355051037,5.68146371562,0,,,2,0.03878841510063476,13.185390210972525,3,0.0409268309210745,13.865858067600001,2026-07-03 12:00:00,0xaf3d76f1834a1d425780943c99ea8a608f8a93f9
3,0.057296114042429645,19.41573672195954,0,,,3,0.05691311355381797,19.36293790944335,1,0.01842307786678793,6.228224157273457,2026-07-03 13:00:00,0xaf3d76f1834a1d425780943c99ea8a608f8a93f9
3,0.04494829525468082,15.2224690080558,0,,,2,0.02420716297326535,8.270797285785525,1,0.025225295959829513,8.593854988619528,2026-07-03 14:00:00,0xaf3d76f1834a1d425780943c99ea8a608f8a93f9
5,0.11020683172495611,37.487940358205336,1,0.012165459741566208,4.153227871555704,4,0.2601453879174746,81.29755680132146,1,0.013663619872997836,4.62976965,2026-07-03 15:00:00,0xaf3d76f1834a1d425780943c99ea8a608f8a93f9
0,,,2,0.1068680571870171,33.01590439886171,4,0.21081873313634242,66.68290269327971,2,0.03878841510063476,13.185390210972525,2026-07-03 16:00:00,0xaf3d76f1834a1d425780943c99ea8a608f8a93f9
1,0.039215487503035946,13.382752816611664,0,,,0,,,3,0.05691311355381797,19.36293790944335,2026-07-03 17:00:00,0xaf3d76f1834a1d425780943c99ea8a608f8a93f9
3,0.12611530355359735,43.16750042947933,1,0.003214253165073192,1.1010081489458734,0,,,2,0.02420716297326535,8.270797285785525,2026-07-03 18:00:00,0xaf3d76f1834a1d425780943c99ea8a608f8a93f9
2,0.12768370145436397,39.9360984310764,1,0.003810840791561058,1.3037496187193074,0,,,4,0.2601453879174746,81.29755680132146,2026-07-03 19:00:00,0xaf3d76f1834a1d425780943c99ea8a608f8a93f9
3,0.17066335498428484,53.5982608289173,2,0.022652780715028038,7.255697223215247,0,,,4,0.21081873313634242,66.68290269327971,2026-07-03 20:00:00,0xaf3d76f1834a1d425780943c99ea8a608f8a93f9
0,,,2,0.005598790350635562,1.8672132871355824,0,,,0,,,2026-07-03 21:00:00,0xaf3d76f1834a1d425780943c99ea8a608f8a93f9
2,0.04362717108057265,14.986771920061837,1,0.003634256025053948,1.2480182430132534,0,,,0,,,2026-07-03 22:00:00,0xaf3d76f1834a1d425780943c99ea8a608f8a93f9
0,,,2,0.010751964928214312,3.5669535702925907,1,0.012165459741566208,4.153227871555704,0,,,2026-07-03 23:00:00,0xaf3d76f1834a1d425780943c99ea8a608f8a93f9
2,0.023231976411552675,7.867582247506009,0,,,2,0.1068680571870171,33.01590439886171,0,,,2026-07-04 00:00:00,0xaf3d76f1834a1d425780943c99ea8a608f8a93f9
0,,,1,0.17158211238458052,52.955523067058124,0,,,0,,,2026-07-04 01:00:00,0xaf3d76f1834a1d425780943c99ea8a608f8a93f9
0,,,0,,,1,0.003214253165073192,1.1010081489458734,0,,,2026-07-04 02:00:00,0xaf3d76f1834a1d425780943c99ea8a608f8a93f9
0,,,1,0.11533503740993443,35.395887513295946,1,0.003810840791561058,1.3037496187193074,1,0.012165459741566208,4.153227871555704,2026-07-04 03:00:00,0xaf3d76f1834a1d425780943c99ea8a608f8a93f9
0,,,0,,,2,0.022652780715028038,7.255697223215247,2,0.1068680571870171,33.01590439886171,2026-07-04 04:00:00,0xaf3d76f1834a1d425780943c99ea8a608f8a93f9
0,,,2,0.010185041460685669,3.36240632539273,2,0.005598790350635562,1.8672132871355824,0,,,2026-07-04 05:00:00,0xaf3d76f1834a1d425780943c99ea8a608f8a93f9
2,0.02888818727799629,9.893380611801083,2,0.16167287670181008,49.65262756451296,1,0.003634256025053948,1.2480182430132534,1,0.003214253165073192,1.1010081489458734,2026-07-04 06:00:00,0xaf3d76f1834a1d425780943c99ea8a608f8a93f9
1,0.003431778303216049,1.1745663050472697,0,,,2,0.010751964928214312,3.5669535702925907,1,0.003810840791561058,1.3037496187193074,2026-07-04 07:00:00,0xaf3d76f1834a1d425780943c99ea8a608f8a93f9
2,0.008589129856491226,2.9472537133964307,1,0.01494683481970961,5.078492886970422,0,,,2,0.022652780715028038,7.255697223215247,2026-07-04 08:00:00,0xaf3d76f1834a1d425780943c99ea8a608f8a93f9
0,,,0,,,1,0.17158211238458052,52.955523067058124,2,0.005598790350635562,1.8672132871355824,2026-07-04 09:00:00,0xaf3d76f1834a1d425780943c99ea8a608f8a93f9
3,0.017198870231250187,5.837258467672563,0,,,0,,,1,0.003634256025053948,1.2480182430132534,2026-07-04 10:00:00,0xaf3d76f1834a1d425780943c99ea8a608f8a93f9
2,0.293612423737061,90.97966395860209,0,,,1,0.11533503740993443,35.395887513295946,2,0.010751964928214312,3.5669535702925907,2026-07-04 11:00:00,0xaf3d76f1834a1d425780943c99ea8a608f8a93f9
2,0.027618006563508383,9.442471440401752,0,,,0,,,0,,,2026-07-04 12:00:00,0xaf3d76f1834a1d425780943c99ea8a608f8a93f9
2,0.22979328180755987,70.61229758711653,0,,,2,0.010185041460685669,3.36240632539273,1,0.17158211238458052,52.955523067058124,2026-07-04 13:00:00,0xaf3d76f1834a1d425780943c99ea8a608f8a93f9
1,0.00300981190403724,1.0259284500179284,1,0.12049886668147651,40.39142577924866,2,0.16167287670181008,49.65262756451296,0,,,2026-07-04 14:00:00,0xaf3d76f1834a1d425780943c99ea8a608f8a93f9
5,0.4840602514193246,148.34495294312177,2,0.018373595687445704,6.120507250488485,0,,,1,0.11533503740993443,35.395887513295946,2026-07-04 15:00:00,0xaf3d76f1834a1d425780943c99ea8a608f8a93f9
0,,,0,,,1,0.01494683481970961,5.078492886970422,0,,,2026-07-04 16:00:00,0xaf3d76f1834a1d425780943c99ea8a608f8a93f9
1,0.003265531212977547,1.1089318224546174,0,,,0,,,2,0.010185041460685669,3.36240632539273,2026-07-04 17:00:00,0xaf3d76f1834a1d425780943c99ea8a608f8a93f9
2,0.021956428630263154,7.482533217056818,0,,,0,,,2,0.16167287670181008,49.65262756451296,2026-07-04 18:00:00,0xaf3d76f1834a1d425780943c99ea8a608f8a93f9
0,,,1,0.015401257177271775,5.173391369369871,0,,,0,,,2026-07-04 19:00:00,0xaf3d76f1834a1d425780943c99ea8a608f8a93f9
0,,,0,,,0,,,1,0.01494683481970961,5.078492886970422,2026-07-04 20:00:00,0xaf3d76f1834a1d425780943c99ea8a608f8a93f9
0,,,0,,,0,,,0,,,2026-07-04 21:00:00,0xaf3d76f1834a1d425780943c99ea8a608f8a93f9
1,0.014347114795338857,4.85500440978634,0,,,1,0.12049886668147651,40.39142577924866,0,,,2026-07-04 22:00:00,0xaf3d76f1834a1d425780943c99ea8a608f8a93f9
0,,,1,0.003408626514259895,1.1423217485383945,2,0.018373595687445704,6.120507250488485,0,,,2026-07-04 23:00:00,0xaf3d76f1834a1d425780943c99ea8a608f8a93f9
0,,,0,,,0,,,0,,,2026-07-05 00:00:00,0xaf3d76f1834a1d425780943c99ea8a608f8a93f9
0,,,1,0.003242240169604208,1.0900866207990574,0,,,0,,,2026-07-05 01:00:00,0xaf3d76f1834a1d425780943c99ea8a608f8a93f9
2,0.018022550126939166,6.048310555336164,1,0.004459957546757961,1.5004609620749199,0,,,1,0.12049886668147651,40.39142577924866,2026-07-05 02:00:00,0xaf3d76f1834a1d425780943c99ea8a608f8a93f9
2,0.009447403394360005,3.105286934870347,2,0.011538501032394781,3.892192647700882,1,0.015401257177271775,5.173391369369871,2,0.018373595687445704,6.120507250488485,2026-07-05 03:00:00,0xaf3d76f1834a1d425780943c99ea8a608f8a93f9
1,0.004963144103722854,1.6639364807349133,0,,,0,,,0,,,2026-07-05 04:00:00,0xaf3d76f1834a1d425780943c99ea8a608f8a93f9
1,0.003127337207806463,1.0520305393774478,0,,,0,,,0,,,2026-07-05 05:00:00,0xaf3d76f1834a1d425780943c99ea8a608f8a93f9
0,,,0,,,0,,,0,,,2026-07-05 06:00:00,0xaf3d76f1834a1d425780943c99ea8a608f8a93f9
1,0.004578615804059896,1.5387322647959851,0,,,1,0.003408626514259895,1.1423217485383945,1,0.015401257177271775,5.173391369369871,2026-07-05 07:00:00,0xaf3d76f1834a1d425780943c99ea8a608f8a93f9
2,0.00673672284650831,2.2388043530688218,0,,,0,,,0,,,2026-07-05 08:00:00,0xaf3d76f1834a1d425780943c99ea8a608f8a93f9
0,,,1,0.021133689502275566,7.185911243922086,1,0.003242240169604208,1.0900866207990574,0,,,2026-07-05 09:00:00,0xaf3d76f1834a1d425780943c99ea8a608f8a93f9
1,0.006059043494274352,2.028988367130999,0,,,1,0.004459957546757961,1.5004609620749199,0,,,2026-07-05 10:00:00,0xaf3d76f1834a1d425780943c99ea8a608f8a93f9
1,0.003556760998103965,1.1934571631939506,2,0.17543384715679836,54.08284693769811,2,0.011538501032394781,3.892192647700882,1,0.003408626514259895,1.1423217485383945,2026-07-05 11:00:00,0xaf3d76f1834a1d425780943c99ea8a608f8a93f9
1,0.00464615120623789,1.5584081723517256,0,,,0,,,0,,,2026-07-05 12:00:00,0xaf3d76f1834a1d425780943c99ea8a608f8a93f9
3,0.015039750694039778,5.05955196666188,1,0.013827745723049668,4.258232529288522,0,,,1,0.003242240169604208,1.0900866207990574,2026-07-05 13:00:00,0xaf3d76f1834a1d425780943c99ea8a608f8a93f9
3,0.03418962048487156,11.522005997346493,1,0.003461615595409364,1.1819779572960294,0,,,1,0.004459957546757961,1.5004609620749199,2026-07-05 14:00:00,0xaf3d76f1834a1d425780943c99ea8a608f8a93f9
4,0.052924309916923304,17.919082216128793,0,,,0,,,2,0.011538501032394781,3.892192647700882,2026-07-05 15:00:00,0xaf3d76f1834a1d425780943c99ea8a608f8a93f9
3,0.01973728637292816,6.690064426110991,0,,,0,,,0,,,2026-07-05 16:00:00,0xaf3d76f1834a1d425780943c99ea8a608f8a93f9
0,,,1,0.09470650420796567,29.075575400205786,1,0.021133689502275566,7.185911243922086,0,,,2026-07-05 17:00:00,0xaf3d76f1834a1d425780943c99ea8a608f8a93f9
0,,,2,1.2257533269472076,369.5302634162113,0,,,0,,,2026-07-05 18:00:00,0xaf3d76f1834a1d425780943c99ea8a608f8a93f9
1,0.024220707223283598,8.25127675436216,3,0.11461084076087893,37.788977011387836,2,0.17543384715679836,54.08284693769811,0,,,2026-07-05 19:00:00,0xaf3d76f1834a1d425780943c99ea8a608f8a93f9
0,,,2,0.011375018653901598,3.7579693864123156,0,,,0,,,2026-07-05 20:00:00,0xaf3d76f1834a1d425780943c99ea8a608f8a93f9
1,0.01077839055939653,3.660441358250044,2,0.028986844369810163,9.554450904,1,0.013827745723049668,4.258232529288522,1,0.021133689502275566,7.185911243922086,2026-07-05 21:00:00,0xaf3d76f1834a1d425780943c99ea8a608f8a93f9
0,,,1,0.003257425790196867,1.0711823565605965,1,0.003461615595409364,1.1819779572960294,0,,,2026-07-05 22:00:00,0xaf3d76f1834a1d425780943c99ea8a608f8a93f9
0,,,1,0.01211281108307392,4.007675212067049,0,,,2,0.17543384715679836,54.08284693769811,2026-07-05 23:00:00,0xaf3d76f1834a1d425780943c99ea8a608f8a93f9
0,,,0,,,0,,,0,,,2026-07-06 00:00:00,0xaf3d76f1834a1d425780943c99ea8a608f8a93f9
2,0.04466977657404227,15.271786153317581,1,0.026172005780950976,7.7083199423183135,1,0.09470650420796567,29.075575400205786,1,0.013827745723049668,4.258232529288522,2026-07-06 01:00:00,0xaf3d76f1834a1d425780943c99ea8a608f8a93f9
1,0.017840386650537356,6.067228889842687,0,,,2,1.2257533269472076,369.5302634162113,1,0.003461615595409364,1.1819779572960294,2026-07-06 02:00:00,0xaf3d76f1834a1d425780943c99ea8a608f8a93f9
1,0.003430294861171986,1.1670154282556864,0,,,3,0.11461084076087893,37.788977011387836,0,,,2026-07-06 03:00:00,0xaf3d76f1834a1d425780943c99ea8a608f8a93f9
1,0.021849433402077057,7.4299947678,5,0.17944292057358224,59.67566722497746,2,0.011375018653901598,3.7579693864123156,0,,,2026-07-06 04:00:00,0xaf3d76f1834a1d425780943c99ea8a608f8a93f9
1,0.00307592473647704,1.000054,1,0.01207361727583834,4.058786562448765,2,0.028986844369810163,9.554450904,1,0.09470650420796567,29.075575400205786,2026-07-06 05:00:00,0xaf3d76f1834a1d425780943c99ea8a608f8a93f9
3,0.024919167385716205,8.211450490847989,7,0.13810253698996536,46.56384196463087,1,0.003257425790196867,1.0711823565605965,2,1.2257533269472076,369.5302634162113,2026-07-06 06:00:00,0xaf3d76f1834a1d425780943c99ea8a608f8a93f9
3,0.030759389159994502,10.142601111821023,17,1.2130507158066801,401.3483252540773,1,0.01211281108307392,4.007675212067049,3,0.11461084076087893,37.788977011387836,2026-07-06 07:00:00,0xaf3d76f1834a1d425780943c99ea8a608f8a93f9
0,,,6,0.18653648874677395,61.61229644694438,0,,,2,0.011375018653901598,3.7579693864123156,2026-07-06 08:00:00,0xaf3d76f1834a1d425780943c99ea8a608f8a93f9
2,0.014224888015411814,4.682799154799014,15,0.9403743927939093,306.45021330412595,1,0.026172005780950976,7.7083199423183135,2,0.028986844369810163,9.554450904,2026-07-06 09:00:00,0xaf3d76f1834a1d425780943c99ea8a608f8a93f9
1,0.011850083169641364,3.9049885486430926,4,0.05108211823961996,17.44213790017325,0,,,1,0.003257425790196867,1.0711823565605965,2026-07-06 10:00:00,0xaf3d76f1834a1d425780943c99ea8a608f8a93f9
0,,,1,0.010870880348481583,3.7461851774660344,0,,,1,0.01211281108307392,4.007675212067049,2026-07-06 11:00:00,0xaf3d76f1834a1d425780943c99ea8a608f8a93f9
1,0.02908000642327886,8.568302854955848,4,0.06577869662805505,22.708655632586456,5,0.17944292057358224,59.67566722497746,0,,,2026-07-06 12:00:00,0xaf3d76f1834a1d425780943c99ea8a608f8a93f9
1,0.011777402601427938,3.444181092184918,2,0.0231911575840736,8.039520646590018,1,0.01207361727583834,4.058786562448765,1,0.026172005780950976,7.7083199423183135,2026-07-06 13:00:00,0xaf3d76f1834a1d425780943c99ea8a608f8a93f9
4,0.0475244022455316,14.766904409028887,7,0.3090511673238195,107.16389985515568,7,0.13810253698996536,46.56384196463087,0,,,2026-07-06 14:00:00,0xaf3d76f1834a1d425780943c99ea8a608f8a93f9
3,0.03160778692264268,10.370443054365156,9,0.45934310767341185,150.2463951840781,17,1.2130507158066801,401.3483252540773,0,,,2026-07-06 15:00:00,0xaf3d76f1834a1d425780943c99ea8a608f8a93f9
6,0.12203560613611315,40.90062791815533,1,0.004615399621083186,1.4998425,6,0.18653648874677395,61.61229644694438,5,0.17944292057358224,59.67566722497746,2026-07-06 16:00:00,0xaf3d76f1834a1d425780943c99ea8a608f8a93f9
0,,,4,0.0675550666336335,23.318266745885122,15,0.9403743927939093,306.45021330412595,1,0.01207361727583834,4.058786562448765,2026-07-06 17:00:00,0xaf3d76f1834a1d425780943c99ea8a608f8a93f9
18,0.9774001158894463,333.5284100075855,1,0.01488897146191732,5.141424121944497,4,0.05108211823961996,17.44213790017325,7,0.13810253698996536,46.56384196463087,2026-07-06 18:00:00,0xaf3d76f1834a1d425780943c99ea8a608f8a93f9
5,0.09637176976826467,33.232769706922056,1,0.016949102303497648,5.882039303865066,1,0.010870880348481583,3.7461851774660344,17,1.2130507158066801,401.3483252540773,2026-07-06 19:00:00,0xaf3d76f1834a1d425780943c99ea8a608f8a93f9
4,0.06801055446098,23.551852459924575,4,0.07881114825707708,25.778136472,4,0.06577869662805505,22.708655632586456,6,0.18653648874677395,61.61229644694438,2026-07-06 20:00:00,0xaf3d76f1834a1d425780943c99ea8a608f8a93f9
10,1.0408839043012033,329.640240724519,5,0.17109806329917926,56.81451673264155,2,0.0231911575840736,8.039520646590018,15,0.9403743927939093,306.45021330412595,2026-07-06 21:00:00,0xaf3d76f1834a1d425780943c99ea8a608f8a93f9
4,0.12745956716863346,44.05181457725815,1,0.017113754848126626,5.918581658400181,7,0.3090511673238195,107.16389985515568,4,0.05108211823961996,17.44213790017325,2026-07-06 22:00:00,0xaf3d76f1834a1d425780943c99ea8a608f8a93f9
6,0.13079894384512947,45.18171593377881,0,,,9,0.45934310767341185,150.2463951840781,1,0.010870880348481583,3.7461851774660344,2026-07-06 23:00:00,0xaf3d76f1834a1d425780943c99ea8a608f8a93f9
3,0.11071635653496334,38.265850774483425,2,0.03175343459844216,11.019054114779184,1,0.004615399621083186,1.4998425,4,0.06577869662805505,22.708655632586456,2026-07-07 00:00:00,0xaf3d76f1834a1d425780943c99ea8a608f8a93f9
3,0.1131708949222311,39.100083207186515,1,0.01295559936804002,4.511994954317215,4,0.0675550666336335,23.318266745885122,2,0.0231911575840736,8.039520646590018,2026-07-07 01:00:00,0xaf3d76f1834a1d425780943c99ea8a608f8a93f9
7,0.2077276211776945,72.33735830107837,11,1.075489291336333,353.31703744903245,1,0.01488897146191732,5.141424121944497,7,0.3090511673238195,107.16389985515568,2026-07-07 02:00:00,0xaf3d76f1834a1d425780943c99ea8a608f8a93f9
5,0.06714388893299394,22.04601011449534,6,0.4378442492867459,137.77903863087064,1,0.016949102303497648,5.882039303865066,9,0.45934310767341185,150.2463951840781,2026-07-07 03:00:00,0xaf3d76f1834a1d425780943c99ea8a608f8a93f9
2,0.029397895389929957,10.158232035962726,15,0.7015467698653818,228.50053545917655,4,0.07881114825707708,25.778136472,1,0.004615399621083186,1.4998425,2026-07-07 04:00:00,0xaf3d76f1834a1d425780943c99ea8a608f8a93f9
1,0.011203659896433526,3.8670869115416737,12,0.54336057182233,178.1398763251944,5,0.17109806329917926,56.81451673264155,4,0.0675550666336335,23.318266745885122,2026-07-07 05:00:00,0xaf3d76f1834a1d425780943c99ea8a608f8a93f9
2,0.06818251390533271,22.23262374092057,4,0.3859333470158411,123.78970359742917,1,0.017113754848126626,5.918581658400181,1,0.01488897146191732,5.141424121944497,2026-07-07 06:00:00,0xaf3d76f1834a1d425780943c99ea8a608f8a93f9
5,0.357277540327993,114.05032856565406,3,0.06266337338066844,21.404779597933864,0,,,1,0.016949102303497648,5.882039303865066,2026-07-07 07:00:00,0xaf3d76f1834a1d425780943c99ea8a608f8a93f9
0,,,11,0.6926212296791407,229.31356016007862,2,0.03175343459844216,11.019054114779184,4,0.07881114825707708,25.778136472,2026-07-07 08:00:00,0xaf3d76f1834a1d425780943c99ea8a608f8a93f9
2,0.014393884429144486,4.842599190834478,11,0.47215119410590356,152.72316026598298,1,0.01295559936804002,4.511994954317215,5,0.17109806329917926,56.81451673264155,2026-07-07 09:00:00,0xaf3d76f1834a1d425780943c99ea8a608f8a93f9
1,0.003131169117836769,1.0859338305517203,4,0.13271470232590843,45.60565032467599,11,1.075489291336333,353.31703744903245,1,0.017113754848126626,5.918581658400181,2026-07-07 10:00:00,0xaf3d76f1834a1d425780943c99ea8a608f8a93f9
4,0.08056983715692459,25.926655238876126,8,0.234335894575592,77.13824246339004,6,0.4378442492867459,137.77903863087064,0,,,2026-07-07 11:00:00,0xaf3d76f1834a1d425780943c99ea8a608f8a93f9
4,0.032086041630959225,10.92544860650853,15,0.6895785417474993,221.84086932511585,15,0.7015467698653818,228.50053545917655,2,0.03175343459844216,11.019054114779184,2026-07-07 12:00:00,0xaf3d76f1834a1d425780943c99ea8a608f8a93f9
2,0.01787780913835729,6.0199451570699,18,1.5917552925634018,446.5899556260697,12,0.54336057182233,178.1398763251944,1,0.01295559936804002,4.511994954317215,2026-07-07 13:00:00,0xaf3d76f1834a1d425780943c99ea8a608f8a93f9
10,0.2576897379009817,86.0228516546089,9,2.182163377591351,671.4535119945463,4,0.3859333470158411,123.78970359742917,11,1.075489291336333,353.31703744903245,2026-07-07 14:00:00,0xaf3d76f1834a1d425780943c99ea8a608f8a93f9
3,0.0836956471030085,29.04885545699256,10,0.7603142009053598,242.91158874118207,3,0.06266337338066844,21.404779597933864,6,0.4378442492867459,137.77903863087064,2026-07-07 15:00:00,0xaf3d76f1834a1d425780943c99ea8a608f8a93f9
12,0.6454036640624613,205.3991980489953,15,0.7925121877711242,249.67221760220895,11,0.6926212296791407,229.31356016007862,15,0.7015467698653818,228.50053545917655,2026-07-07 16:00:00,0xaf3d76f1834a1d425780943c99ea8a608f8a93f9
3,0.3566752960571147,113.69150718197912,30,2.9019726673313495,892.4929019830913,11,0.47215119410590356,152.72316026598298,12,0.54336057182233,178.1398763251944,2026-07-07 17:00:00,0xaf3d76f1834a1d425780943c99ea8a608f8a93f9
4,0.14638515745320244,50.515913189385365,24,1.647060120571712,536.0182455390756,4,0.13271470232590843,45.60565032467599,4,0.3859333470158411,123.78970359742917,2026-07-07 18:00:00,0xaf3d76f1834a1d425780943c99ea8a608f8a93f9
3,0.05881760002864204,20.123254106024458,29,2.2820912546982703,724.5242518182238,8,0.234335894575592,77.13824246339004,3,0.06266337338066844,21.404779597933864,2026-07-07 19:00:00,0xaf3d76f1834a1d425780943c99ea8a608f8a93f9
6,0.3663144338006136,121.98318338950025,45,10.140472214291028,3340.9009004493682,15,0.6895785417474993,221.84086932511585,11,0.6926212296791407,229.31356016007862,2026-07-07 20:00:00,0xaf3d76f1834a1d425780943c99ea8a608f8a93f9
8,0.0869916128253592,29.74042178225571,17,1.2168893043705358,398.4464289589389,18,1.5917552925634018,446.5899556260697,11,0.47215119410590356,152.72316026598298,2026-07-07 21:00:00,0xaf3d76f1834a1d425780943c99ea8a608f8a93f9
5,0.08679681242040362,29.85194536873091,25,1.5026057453515225,487.6217235866863,9,2.182163377591351,671.4535119945463,4,0.13271470232590843,45.60565032467599,2026-07-07 22:00:00,0xaf3d76f1834a1d425780943c99ea8a608f8a93f9
4,0.07275541872578942,25.15467560135786,31,2.802162623546391,916.6168929278082,10,0.7603142009053598,242.91158874118207,8,0.234335894575592,77.13824246339004,2026-07-07 23:00:00,0xaf3d76f1834a1d425780943c99ea8a608f8a93f9
0,,,0,,,0,,,0,,,2026-07-01 00:00:00,0xb0992820e760d836549ba69bc7598b4af75dee03
0,,,0,,,0,,,0,,,2026-07-01 01:00:00,0xb0992820e760d836549ba69bc7598b4af75dee03
0,,,0,,,0,,,0,,,2026-07-01 02:00:00,0xb0992820e760d836549ba69bc7598b4af75dee03
0,,,1,0.000675813230703258,0.09995180000000001,0,,,0,,,2026-07-01 03:00:00,0xb0992820e760d836549ba69bc7598b4af75dee03
0,,,0,,,0,,,0,,,2026-07-01 04:00:00,0xb0992820e760d836549ba69bc7598b4af75dee03
0,,,1,0.000678981032432618,0.09999059999999999,0,,,0,,,2026-07-01 05:00:00,0xb0992820e760d836549ba69bc7598b4af75dee03
0,,,0,,,0,,,0,,,2026-07-01 06:00:00,0xb0992820e760d836549ba69bc7598b4af75dee03
0,,,0,,,0,,,0,,,2026-07-01 07:00:00,0xb0992820e760d836549ba69bc7598b4af75dee03
0,,,0,,,0,,,0,,,2026-07-01 08:00:00,0xb0992820e760d836549ba69bc7598b4af75dee03
0,,,0,,,0,,,0,,,2026-07-01 09:00:00,0xb0992820e760d836549ba69bc7598b4af75dee03
0,,,0,,,0,,,0,,,2026-07-01 10:00:00,0xb0992820e760d836549ba69bc7598b4af75dee03
0,,,0,,,1,0.000675813230703258,0.09995180000000001,0,,,2026-07-01 11:00:00,0xb0992820e760d836549ba69bc7598b4af75dee03
0,,,0,,,0,,,0,,,2026-07-01 12:00:00,0xb0992820e760d836549ba69bc7598b4af75dee03
0,,,0,,,1,0.000678981032432618,0.09999059999999999,0,,,2026-07-01 13:00:00,0xb0992820e760d836549ba69bc7598b4af75dee03
0,,,0,,,0,,,0,,,2026-07-01 14:00:00,0xb0992820e760d836549ba69bc7598b4af75dee03
0,,,0,,,0,,,1,0.000675813230703258,0.09995180000000001,2026-07-01 15:00:00,0xb0992820e760d836549ba69bc7598b4af75dee03
0,,,0,,,0,,,0,,,2026-07-01 16:00:00,0xb0992820e760d836549ba69bc7598b4af75dee03
1,0.000682036964236253,0.0999868,0,,,0,,,1,0.000678981032432618,0.09999059999999999,2026-07-01 17:00:00,0xb0992820e760d836549ba69bc7598b4af75dee03
0,,,0,,,0,,,0,,,2026-07-01 18:00:00,0xb0992820e760d836549ba69bc7598b4af75dee03
0,,,0,,,0,,,0,,,2026-07-01 19:00:00,0xb0992820e760d836549ba69bc7598b4af75dee03
0,,,0,,,0,,,0,,,2026-07-01 20:00:00,0xb0992820e760d836549ba69bc7598b4af75dee03
0,,,0,,,0,,,0,,,2026-07-01 21:00:00,0xb0992820e760d836549ba69bc7598b4af75dee03
0,,,0,,,0,,,0,,,2026-07-01 22:00:00,0xb0992820e760d836549ba69bc7598b4af75dee03
0,,,0,,,0,,,0,,,2026-07-01 23:00:00,0xb0992820e760d836549ba69bc7598b4af75dee03
0,,,0,,,0,,,0,,,2026-07-02 00:00:00,0xb0992820e760d836549ba69bc7598b4af75dee03
0,,,0,,,0,,,0,,,2026-07-02 01:00:00,0xb0992820e760d836549ba69bc7598b4af75dee03
0,,,0,,,0,,,0,,,2026-07-02 02:00:00,0xb0992820e760d836549ba69bc7598b4af75dee03
0,,,0,,,0,,,0,,,2026-07-02 03:00:00,0xb0992820e760d836549ba69bc7598b4af75dee03
0,,,0,,,0,,,0,,,2026-07-02 04:00:00,0xb0992820e760d836549ba69bc7598b4af75dee03
0,,,0,,,0,,,0,,,2026-07-02 05:00:00,0xb0992820e760d836549ba69bc7598b4af75dee03
0,,,0,,,0,,,0,,,2026-07-02 06:00:00,0xb0992820e760d836549ba69bc7598b4af75dee03
0,,,0,,,0,,,0,,,2026-07-02 07:00:00,0xb0992820e760d836549ba69bc7598b4af75dee03
0,,,0,,,0,,,0,,,2026-07-02 08:00:00,0xb0992820e760d836549ba69bc7598b4af75dee03
0,,,0,,,0,,,0,,,2026-07-02 09:00:00,0xb0992820e760d836549ba69bc7598b4af75dee03
0,,,0,,,0,,,0,,,2026-07-02 10:00:00,0xb0992820e760d836549ba69bc7598b4af75dee03
0,,,0,,,0,,,0,,,2026-07-02 11:00:00,0xb0992820e760d836549ba69bc7598b4af75dee03
0,,,0,,,0,,,0,,,2026-07-02 12:00:00,0xb0992820e760d836549ba69bc7598b4af75dee03
0,,,0,,,0,,,0,,,2026-07-02 13:00:00,0xb0992820e760d836549ba69bc7598b4af75dee03
0,,,0,,,0,,,0,,,2026-07-02 14:00:00,0xb0992820e760d836549ba69bc7598b4af75dee03
0,,,0,,,0,,,0,,,2026-07-02 15:00:00,0xb0992820e760d836549ba69bc7598b4af75dee03
0,,,0,,,0,,,0,,,2026-07-02 16:00:00,0xb0992820e760d836549ba69bc7598b4af75dee03
0,,,0,,,0,,,0,,,2026-07-02 17:00:00,0xb0992820e760d836549ba69bc7598b4af75dee03
0,,,0,,,0,,,0,,,2026-07-02 18:00:00,0xb0992820e760d836549ba69bc7598b4af75dee03
0,,,0,,,0,,,0,,,2026-07-02 19:00:00,0xb0992820e760d836549ba69bc7598b4af75dee03
0,,,0,,,0,,,0,,,2026-07-02 20:00:00,0xb0992820e760d836549ba69bc7598b4af75dee03
0,,,0,,,0,,,0,,,2026-07-02 21:00:00,0xb0992820e760d836549ba69bc7598b4af75dee03
0,,,0,,,0,,,0,,,2026-07-02 22:00:00,0xb0992820e760d836549ba69bc7598b4af75dee03
0,,,0,,,0,,,0,,,2026-07-02 23:00:00,0xb0992820e760d836549ba69bc7598b4af75dee03
0,,,0,,,0,,,0,,,2026-07-03 00:00:00,0xb0992820e760d836549ba69bc7598b4af75dee03
0,,,0,,,0,,,0,,,2026-07-03 01:00:00,0xb0992820e760d836549ba69bc7598b4af75dee03
0,,,0,,,0,,,0,,,2026-07-03 02:00:00,0xb0992820e760d836549ba69bc7598b4af75dee03
0,,,0,,,0,,,0,,,2026-07-03 03:00:00,0xb0992820e760d836549ba69bc7598b4af75dee03
0,,,0,,,0,,,0,,,2026-07-03 04:00:00,0xb0992820e760d836549ba69bc7598b4af75dee03
0,,,0,,,0,,,0,,,2026-07-03 05:00:00,0xb0992820e760d836549ba69bc7598b4af75dee03
0,,,0,,,0,,,0,,,2026-07-03 06:00:00,0xb0992820e760d836549ba69bc7598b4af75dee03
0,,,0,,,0,,,0,,,2026-07-03 07:00:00,0xb0992820e760d836549ba69bc7598b4af75dee03
0,,,0,,,0,,,0,,,2026-07-03 08:00:00,0xb0992820e760d836549ba69bc7598b4af75dee03
0,,,0,,,0,,,0,,,2026-07-03 09:00:00,0xb0992820e760d836549ba69bc7598b4af75dee03
0,,,0,,,0,,,0,,,2026-07-03 10:00:00,0xb0992820e760d836549ba69bc7598b4af75dee03
0,,,0,,,0,,,0,,,2026-07-03 11:00:00,0xb0992820e760d836549ba69bc7598b4af75dee03
0,,,0,,,0,,,0,,,2026-07-03 12:00:00,0xb0992820e760d836549ba69bc7598b4af75dee03
0,,,0,,,0,,,0,,,2026-07-03 13:00:00,0xb0992820e760d836549ba69bc7598b4af75dee03
0,,,0,,,0,,,0,,,2026-07-03 14:00:00,0xb0992820e760d836549ba69bc7598b4af75dee03
0,,,0,,,0,,,0,,,2026-07-03 15:00:00,0xb0992820e760d836549ba69bc7598b4af75dee03
0,,,0,,,0,,,0,,,2026-07-03 16:00:00,0xb0992820e760d836549ba69bc7598b4af75dee03
0,,,0,,,0,,,0,,,2026-07-03 17:00:00,0xb0992820e760d836549ba69bc7598b4af75dee03
0,,,0,,,0,,,0,,,2026-07-03 18:00:00,0xb0992820e760d836549ba69bc7598b4af75dee03
0,,,0,,,0,,,0,,,2026-07-03 19:00:00,0xb0992820e760d836549ba69bc7598b4af75dee03
0,,,0,,,0,,,0,,,2026-07-03 20:00:00,0xb0992820e760d836549ba69bc7598b4af75dee03
0,,,0,,,0,,,0,,,2026-07-03 21:00:00,0xb0992820e760d836549ba69bc7598b4af75dee03
0,,,0,,,0,,,0,,,2026-07-03 22:00:00,0xb0992820e760d836549ba69bc7598b4af75dee03
0,,,0,,,0,,,0,,,2026-07-03 23:00:00,0xb0992820e760d836549ba69bc7598b4af75dee03
0,,,0,,,0,,,0,,,2026-07-04 00:00:00,0xb0992820e760d836549ba69bc7598b4af75dee03
0,,,0,,,0,,,0,,,2026-07-04 01:00:00,0xb0992820e760d836549ba69bc7598b4af75dee03
0,,,0,,,0,,,0,,,2026-07-04 02:00:00,0xb0992820e760d836549ba69bc7598b4af75dee03
0,,,0,,,0,,,0,,,2026-07-04 03:00:00,0xb0992820e760d836549ba69bc7598b4af75dee03
0,,,0,,,0,,,0,,,2026-07-04 04:00:00,0xb0992820e760d836549ba69bc7598b4af75dee03
0,,,0,,,0,,,0,,,2026-07-04 05:00:00,0xb0992820e760d836549ba69bc7598b4af75dee03
0,,,0,,,0,,,0,,,2026-07-04 06:00:00,0xb0992820e760d836549ba69bc7598b4af75dee03
0,,,0,,,0,,,0,,,2026-07-04 07:00:00,0xb0992820e760d836549ba69bc7598b4af75dee03
0,,,0,,,0,,,0,,,2026-07-04 08:00:00,0xb0992820e760d836549ba69bc7598b4af75dee03
0,,,0,,,0,,,0,,,2026-07-04 09:00:00,0xb0992820e760d836549ba69bc7598b4af75dee03
0,,,0,,,0,,,0,,,2026-07-04 10:00:00,0xb0992820e760d836549ba69bc7598b4af75dee03
0,,,0,,,0,,,0,,,2026-07-04 11:00:00,0xb0992820e760d836549ba69bc7598b4af75dee03
0,,,0,,,0,,,0,,,2026-07-04 12:00:00,0xb0992820e760d836549ba69bc7598b4af75dee03
0,,,0,,,0,,,0,,,2026-07-04 13:00:00,0xb0992820e760d836549ba69bc7598b4af75dee03
0,,,0,,,0,,,0,,,2026-07-04 14:00:00,0xb0992820e760d836549ba69bc7598b4af75dee03
0,,,0,,,0,,,0,,,2026-07-04 15:00:00,0xb0992820e760d836549ba69bc7598b4af75dee03
0,,,0,,,0,,,0,,,2026-07-04 16:00:00,0xb0992820e760d836549ba69bc7598b4af75dee03
0,,,0,,,0,,,0,,,2026-07-04 17:00:00,0xb0992820e760d836549ba69bc7598b4af75dee03
0,,,0,,,0,,,0,,,2026-07-04 18:00:00,0xb0992820e760d836549ba69bc7598b4af75dee03
0,,,0,,,0,,,0,,,2026-07-04 19:00:00,0xb0992820e760d836549ba69bc7598b4af75dee03
0,,,0,,,0,,,0,,,2026-07-04 20:00:00,0xb0992820e760d836549ba69bc7598b4af75dee03
0,,,0,,,0,,,0,,,2026-07-04 21:00:00,0xb0992820e760d836549ba69bc7598b4af75dee03
0,,,0,,,0,,,0,,,2026-07-04 22:00:00,0xb0992820e760d836549ba69bc7598b4af75dee03
0,,,0,,,0,,,0,,,2026-07-04 23:00:00,0xb0992820e760d836549ba69bc7598b4af75dee03
0,,,0,,,0,,,0,,,2026-07-05 00:00:00,0xb0992820e760d836549ba69bc7598b4af75dee03
0,,,0,,,0,,,0,,,2026-07-05 01:00:00,0xb0992820e760d836549ba69bc7598b4af75dee03
0,,,0,,,0,,,0,,,2026-07-05 02:00:00,0xb0992820e760d836549ba69bc7598b4af75dee03
0,,,0,,,0,,,0,,,2026-07-05 03:00:00,0xb0992820e760d836549ba69bc7598b4af75dee03
0,,,0,,,0,,,0,,,2026-07-05 04:00:00,0xb0992820e760d836549ba69bc7598b4af75dee03
0,,,0,,,0,,,0,,,2026-07-05 05:00:00,0xb0992820e760d836549ba69bc7598b4af75dee03
0,,,0,,,0,,,0,,,2026-07-05 06:00:00,0xb0992820e760d836549ba69bc7598b4af75dee03
0,,,0,,,0,,,0,,,2026-07-05 07:00:00,0xb0992820e760d836549ba69bc7598b4af75dee03
0,,,0,,,0,,,0,,,2026-07-05 08:00:00,0xb0992820e760d836549ba69bc7598b4af75dee03
0,,,0,,,0,,,0,,,2026-07-05 09:00:00,0xb0992820e760d836549ba69bc7598b4af75dee03
0,,,0,,,0,,,0,,,2026-07-05 10:00:00,0xb0992820e760d836549ba69bc7598b4af75dee03
0,,,0,,,0,,,0,,,2026-07-05 11:00:00,0xb0992820e760d836549ba69bc7598b4af75dee03
0,,,0,,,0,,,0,,,2026-07-05 12:00:00,0xb0992820e760d836549ba69bc7598b4af75dee03
0,,,0,,,0,,,0,,,2026-07-05 13:00:00,0xb0992820e760d836549ba69bc7598b4af75dee03
0,,,0,,,0,,,0,,,2026-07-05 14:00:00,0xb0992820e760d836549ba69bc7598b4af75dee03
0,,,0,,,0,,,0,,,2026-07-05 15:00:00,0xb0992820e760d836549ba69bc7598b4af75dee03
0,,,0,,,0,,,0,,,2026-07-05 16:00:00,0xb0992820e760d836549ba69bc7598b4af75dee03
0,,,0,,,0,,,0,,,2026-07-05 17:00:00,0xb0992820e760d836549ba69bc7598b4af75dee03
0,,,0,,,0,,,0,,,2026-07-05 18:00:00,0xb0992820e760d836549ba69bc7598b4af75dee03
0,,,0,,,0,,,0,,,2026-07-05 19:00:00,0xb0992820e760d836549ba69bc7598b4af75dee03
0,,,0,,,0,,,0,,,2026-07-05 20:00:00,0xb0992820e760d836549ba69bc7598b4af75dee03
0,,,0,,,0,,,0,,,2026-07-05 21:00:00,0xb0992820e760d836549ba69bc7598b4af75dee03
0,,,0,,,0,,,0,,,2026-07-05 22:00:00,0xb0992820e760d836549ba69bc7598b4af75dee03
0,,,0,,,0,,,0,,,2026-07-05 23:00:00,0xb0992820e760d836549ba69bc7598b4af75dee03
0,,,0,,,0,,,0,,,2026-07-06 00:00:00,0xb0992820e760d836549ba69bc7598b4af75dee03
0,,,0,,,0,,,0,,,2026-07-06 01:00:00,0xb0992820e760d836549ba69bc7598b4af75dee03
0,,,0,,,0,,,0,,,2026-07-06 02:00:00,0xb0992820e760d836549ba69bc7598b4af75dee03
0,,,0,,,0,,,0,,,2026-07-06 03:00:00,0xb0992820e760d836549ba69bc7598b4af75dee03
0,,,0,,,0,,,0,,,2026-07-06 04:00:00,0xb0992820e760d836549ba69bc7598b4af75dee03
0,,,0,,,0,,,0,,,2026-07-06 05:00:00,0xb0992820e760d836549ba69bc7598b4af75dee03
0,,,0,,,0,,,0,,,2026-07-06 06:00:00,0xb0992820e760d836549ba69bc7598b4af75dee03
0,,,0,,,0,,,0,,,2026-07-06 07:00:00,0xb0992820e760d836549ba69bc7598b4af75dee03
0,,,0,,,0,,,0,,,2026-07-06 08:00:00,0xb0992820e760d836549ba69bc7598b4af75dee03
0,,,0,,,0,,,0,,,2026-07-06 09:00:00,0xb0992820e760d836549ba69bc7598b4af75dee03
0,,,0,,,0,,,0,,,2026-07-06 10:00:00,0xb0992820e760d836549ba69bc7598b4af75dee03
0,,,0,,,0,,,0,,,2026-07-06 11:00:00,0xb0992820e760d836549ba69bc7598b4af75dee03
0,,,0,,,0,,,0,,,2026-07-06 12:00:00,0xb0992820e760d836549ba69bc7598b4af75dee03
0,,,0,,,0,,,0,,,2026-07-06 13:00:00,0xb0992820e760d836549ba69bc7598b4af75dee03
0,,,0,,,0,,,0,,,2026-07-06 14:00:00,0xb0992820e760d836549ba69bc7598b4af75dee03
0,,,0,,,0,,,0,,,2026-07-06 15:00:00,0xb0992820e760d836549ba69bc7598b4af75dee03
0,,,0,,,0,,,0,,,2026-07-06 16:00:00,0xb0992820e760d836549ba69bc7598b4af75dee03
0,,,0,,,0,,,0,,,2026-07-06 17:00:00,0xb0992820e760d836549ba69bc7598b4af75dee03
0,,,0,,,0,,,0,,,2026-07-06 18:00:00,0xb0992820e760d836549ba69bc7598b4af75dee03
0,,,0,,,0,,,0,,,2026-07-06 19:00:00,0xb0992820e760d836549ba69bc7598b4af75dee03
0,,,0,,,0,,,0,,,2026-07-06 20:00:00,0xb0992820e760d836549ba69bc7598b4af75dee03
0,,,0,,,0,,,0,,,2026-07-06 21:00:00,0xb0992820e760d836549ba69bc7598b4af75dee03
0,,,0,,,0,,,0,,,2026-07-06 22:00:00,0xb0992820e760d836549ba69bc7598b4af75dee03
0,,,0,,,0,,,0,,,2026-07-06 23:00:00,0xb0992820e760d836549ba69bc7598b4af75dee03
0,,,0,,,0,,,0,,,2026-07-07 00:00:00,0xb0992820e760d836549ba69bc7598b4af75dee03
0,,,0,,,0,,,0,,,2026-07-07 01:00:00,0xb0992820e760d836549ba69bc7598b4af75dee03
0,,,0,,,0,,,0,,,2026-07-07 02:00:00,0xb0992820e760d836549ba69bc7598b4af75dee03
0,,,0,,,0,,,0,,,2026-07-07 03:00:00,0xb0992820e760d836549ba69bc7598b4af75dee03
0,,,0,,,0,,,0,,,2026-07-07 04:00:00,0xb0992820e760d836549ba69bc7598b4af75dee03
0,,,0,,,0,,,0,,,2026-07-07 05:00:00,0xb0992820e760d836549ba69bc7598b4af75dee03
0,,,0,,,0,,,0,,,2026-07-07 06:00:00,0xb0992820e760d836549ba69bc7598b4af75dee03
0,,,0,,,0,,,0,,,2026-07-07 07:00:00,0xb0992820e760d836549ba69bc7598b4af75dee03
0,,,0,,,0,,,0,,,2026-07-07 08:00:00,0xb0992820e760d836549ba69bc7598b4af75dee03
0,,,0,,,0,,,0,,,2026-07-07 09:00:00,0xb0992820e760d836549ba69bc7598b4af75dee03
0,,,0,,,0,,,0,,,2026-07-07 10:00:00,0xb0992820e760d836549ba69bc7598b4af75dee03
0,,,0,,,0,,,0,,,2026-07-07 11:00:00,0xb0992820e760d836549ba69bc7598b4af75dee03
0,,,0,,,0,,,0,,,2026-07-07 12:00:00,0xb0992820e760d836549ba69bc7598b4af75dee03
0,,,0,,,0,,,0,,,2026-07-07 13:00:00,0xb0992820e760d836549ba69bc7598b4af75dee03
0,,,0,,,0,,,0,,,2026-07-07 14:00:00,0xb0992820e760d836549ba69bc7598b4af75dee03
0,,,0,,,0,,,0,,,2026-07-07 15:00:00,0xb0992820e760d836549ba69bc7598b4af75dee03
0,,,0,,,0,,,0,,,2026-07-07 16:00:00,0xb0992820e760d836549ba69bc7598b4af75dee03
0,,,0,,,0,,,0,,,2026-07-07 17:00:00,0xb0992820e760d836549ba69bc7598b4af75dee03
0,,,0,,,0,,,0,,,2026-07-07 18:00:00,0xb0992820e760d836549ba69bc7598b4af75dee03
0,,,0,,,0,,,0,,,2026-07-07 19:00:00,0xb0992820e760d836549ba69bc7598b4af75dee03
0,,,0,,,0,,,0,,,2026-07-07 20:00:00,0xb0992820e760d836549ba69bc7598b4af75dee03
0,,,0,,,0,,,0,,,2026-07-07 21:00:00,0xb0992820e760d836549ba69bc7598b4af75dee03
0,,,0,,,0,,,0,,,2026-07-07 22:00:00,0xb0992820e760d836549ba69bc7598b4af75dee03
0,,,0,,,0,,,0,,,2026-07-07 23:00:00,0xb0992820e760d836549ba69bc7598b4af75dee03
0,,,0,,,0,,,0,,,2026-07-01 00:00:00,0xb90a19ff0af67f7779aff50a882a9cff42446400
0,,,0,,,0,,,0,,,2026-07-01 01:00:00,0xb90a19ff0af67f7779aff50a882a9cff42446400
0,,,0,,,0,,,0,,,2026-07-01 02:00:00,0xb90a19ff0af67f7779aff50a882a9cff42446400
0,,,1,4.8577096402327e-05,0.09995180000000001,0,,,0,,,2026-07-01 03:00:00,0xb90a19ff0af67f7779aff50a882a9cff42446400
0,,,0,,,0,,,0,,,2026-07-01 04:00:00,0xb90a19ff0af67f7779aff50a882a9cff42446400
0,,,1,4.7966310712824e-05,0.09999059999999999,0,,,0,,,2026-07-01 05:00:00,0xb90a19ff0af67f7779aff50a882a9cff42446400
0,,,0,,,0,,,0,,,2026-07-01 06:00:00,0xb90a19ff0af67f7779aff50a882a9cff42446400
0,,,0,,,0,,,0,,,2026-07-01 07:00:00,0xb90a19ff0af67f7779aff50a882a9cff42446400
0,,,0,,,0,,,0,,,2026-07-01 08:00:00,0xb90a19ff0af67f7779aff50a882a9cff42446400
0,,,0,,,0,,,0,,,2026-07-01 09:00:00,0xb90a19ff0af67f7779aff50a882a9cff42446400
0,,,0,,,0,,,0,,,2026-07-01 10:00:00,0xb90a19ff0af67f7779aff50a882a9cff42446400
0,,,0,,,1,4.8577096402327e-05,0.09995180000000001,0,,,2026-07-01 11:00:00,0xb90a19ff0af67f7779aff50a882a9cff42446400
0,,,0,,,0,,,0,,,2026-07-01 12:00:00,0xb90a19ff0af67f7779aff50a882a9cff42446400
0,,,0,,,1,4.7966310712824e-05,0.09999059999999999,0,,,2026-07-01 13:00:00,0xb90a19ff0af67f7779aff50a882a9cff42446400
0,,,0,,,0,,,0,,,2026-07-01 14:00:00,0xb90a19ff0af67f7779aff50a882a9cff42446400
0,,,0,,,0,,,1,4.8577096402327e-05,0.09995180000000001,2026-07-01 15:00:00,0xb90a19ff0af67f7779aff50a882a9cff42446400
0,,,0,,,0,,,0,,,2026-07-01 16:00:00,0xb90a19ff0af67f7779aff50a882a9cff42446400
1,4.8288939295517e-05,0.0999868,0,,,0,,,1,4.7966310712824e-05,0.09999059999999999,2026-07-01 17:00:00,0xb90a19ff0af67f7779aff50a882a9cff42446400
0,,,0,,,0,,,0,,,2026-07-01 18:00:00,0xb90a19ff0af67f7779aff50a882a9cff42446400
0,,,0,,,0,,,0,,,2026-07-01 19:00:00,0xb90a19ff0af67f7779aff50a882a9cff42446400
0,,,0,,,0,,,0,,,2026-07-01 20:00:00,0xb90a19ff0af67f7779aff50a882a9cff42446400
0,,,0,,,0,,,0,,,2026-07-01 21:00:00,0xb90a19ff0af67f7779aff50a882a9cff42446400
0,,,0,,,0,,,0,,,2026-07-01 22:00:00,0xb90a19ff0af67f7779aff50a882a9cff42446400
0,,,0,,,0,,,0,,,2026-07-01 23:00:00,0xb90a19ff0af67f7779aff50a882a9cff42446400
0,,,0,,,0,,,0,,,2026-07-02 00:00:00,0xb90a19ff0af67f7779aff50a882a9cff42446400
0,,,0,,,0,,,0,,,2026-07-02 01:00:00,0xb90a19ff0af67f7779aff50a882a9cff42446400
0,,,0,,,0,,,0,,,2026-07-02 02:00:00,0xb90a19ff0af67f7779aff50a882a9cff42446400
0,,,0,,,0,,,0,,,2026-07-02 03:00:00,0xb90a19ff0af67f7779aff50a882a9cff42446400
0,,,0,,,0,,,0,,,2026-07-02 04:00:00,0xb90a19ff0af67f7779aff50a882a9cff42446400
0,,,0,,,0,,,0,,,2026-07-02 05:00:00,0xb90a19ff0af67f7779aff50a882a9cff42446400
0,,,0,,,0,,,0,,,2026-07-02 06:00:00,0xb90a19ff0af67f7779aff50a882a9cff42446400
0,,,0,,,0,,,0,,,2026-07-02 07:00:00,0xb90a19ff0af67f7779aff50a882a9cff42446400
0,,,0,,,0,,,0,,,2026-07-02 08:00:00,0xb90a19ff0af67f7779aff50a882a9cff42446400
0,,,0,,,0,,,0,,,2026-07-02 09:00:00,0xb90a19ff0af67f7779aff50a882a9cff42446400
0,,,0,,,0,,,0,,,2026-07-02 10:00:00,0xb90a19ff0af67f7779aff50a882a9cff42446400
0,,,0,,,0,,,0,,,2026-07-02 11:00:00,0xb90a19ff0af67f7779aff50a882a9cff42446400
0,,,0,,,0,,,0,,,2026-07-02 12:00:00,0xb90a19ff0af67f7779aff50a882a9cff42446400
0,,,0,,,0,,,0,,,2026-07-02 13:00:00,0xb90a19ff0af67f7779aff50a882a9cff42446400
2,0.000499286987530666,1.98821822183,0,,,0,,,0,,,2026-07-02 14:00:00,0xb90a19ff0af67f7779aff50a882a9cff42446400
0,,,0,,,0,,,0,,,2026-07-02 15:00:00,0xb90a19ff0af67f7779aff50a882a9cff42446400
0,,,0,,,0,,,0,,,2026-07-02 16:00:00,0xb90a19ff0af67f7779aff50a882a9cff42446400
0,,,0,,,0,,,0,,,2026-07-02 17:00:00,0xb90a19ff0af67f7779aff50a882a9cff42446400
0,,,0,,,0,,,0,,,2026-07-02 18:00:00,0xb90a19ff0af67f7779aff50a882a9cff42446400
0,,,0,,,0,,,0,,,2026-07-02 19:00:00,0xb90a19ff0af67f7779aff50a882a9cff42446400
0,,,0,,,0,,,0,,,2026-07-02 20:00:00,0xb90a19ff0af67f7779aff50a882a9cff42446400
0,,,0,,,0,,,0,,,2026-07-02 21:00:00,0xb90a19ff0af67f7779aff50a882a9cff42446400
0,,,0,,,0,,,0,,,2026-07-02 22:00:00,0xb90a19ff0af67f7779aff50a882a9cff42446400
1,0.003136314930179815,5.8704982997010005,0,,,0,,,0,,,2026-07-02 23:00:00,0xb90a19ff0af67f7779aff50a882a9cff42446400
0,,,0,,,0,,,0,,,2026-07-03 00:00:00,0xb90a19ff0af67f7779aff50a882a9cff42446400
0,,,0,,,0,,,0,,,2026-07-03 01:00:00,0xb90a19ff0af67f7779aff50a882a9cff42446400
0,,,0,,,0,,,0,,,2026-07-03 02:00:00,0xb90a19ff0af67f7779aff50a882a9cff42446400
0,,,0,,,0,,,0,,,2026-07-03 03:00:00,0xb90a19ff0af67f7779aff50a882a9cff42446400
0,,,0,,,0,,,0,,,2026-07-03 04:00:00,0xb90a19ff0af67f7779aff50a882a9cff42446400
0,,,0,,,0,,,0,,,2026-07-03 05:00:00,0xb90a19ff0af67f7779aff50a882a9cff42446400
0,,,0,,,0,,,0,,,2026-07-03 06:00:00,0xb90a19ff0af67f7779aff50a882a9cff42446400
0,,,0,,,0,,,0,,,2026-07-03 07:00:00,0xb90a19ff0af67f7779aff50a882a9cff42446400
0,,,0,,,0,,,0,,,2026-07-03 08:00:00,0xb90a19ff0af67f7779aff50a882a9cff42446400
0,,,0,,,0,,,0,,,2026-07-03 09:00:00,0xb90a19ff0af67f7779aff50a882a9cff42446400
0,,,0,,,0,,,0,,,2026-07-03 10:00:00,0xb90a19ff0af67f7779aff50a882a9cff42446400
0,,,0,,,0,,,0,,,2026-07-03 11:00:00,0xb90a19ff0af67f7779aff50a882a9cff42446400
0,,,0,,,0,,,0,,,2026-07-03 12:00:00,0xb90a19ff0af67f7779aff50a882a9cff42446400
0,,,0,,,0,,,0,,,2026-07-03 13:00:00,0xb90a19ff0af67f7779aff50a882a9cff42446400
0,,,0,,,0,,,0,,,2026-07-03 14:00:00,0xb90a19ff0af67f7779aff50a882a9cff42446400
0,,,0,,,0,,,0,,,2026-07-03 15:00:00,0xb90a19ff0af67f7779aff50a882a9cff42446400
1,9.5938706504866e-05,0.173087953176,0,,,0,,,0,,,2026-07-03 16:00:00,0xb90a19ff0af67f7779aff50a882a9cff42446400
0,,,0,,,0,,,0,,,2026-07-03 17:00:00,0xb90a19ff0af67f7779aff50a882a9cff42446400
0,,,0,,,0,,,0,,,2026-07-03 18:00:00,0xb90a19ff0af67f7779aff50a882a9cff42446400
0,,,0,,,0,,,0,,,2026-07-03 19:00:00,0xb90a19ff0af67f7779aff50a882a9cff42446400
0,,,0,,,0,,,0,,,2026-07-03 20:00:00,0xb90a19ff0af67f7779aff50a882a9cff42446400
0,,,0,,,0,,,0,,,2026-07-03 21:00:00,0xb90a19ff0af67f7779aff50a882a9cff42446400
0,,,0,,,0,,,0,,,2026-07-03 22:00:00,0xb90a19ff0af67f7779aff50a882a9cff42446400
0,,,1,0.001633965119120245,2.911484061772,0,,,0,,,2026-07-03 23:00:00,0xb90a19ff0af67f7779aff50a882a9cff42446400
0,,,0,,,0,,,0,,,2026-07-04 00:00:00,0xb90a19ff0af67f7779aff50a882a9cff42446400
0,,,0,,,0,,,0,,,2026-07-04 01:00:00,0xb90a19ff0af67f7779aff50a882a9cff42446400
0,,,0,,,0,,,0,,,2026-07-04 02:00:00,0xb90a19ff0af67f7779aff50a882a9cff42446400
0,,,0,,,0,,,0,,,2026-07-04 03:00:00,0xb90a19ff0af67f7779aff50a882a9cff42446400
0,,,0,,,0,,,0,,,2026-07-04 04:00:00,0xb90a19ff0af67f7779aff50a882a9cff42446400
0,,,0,,,0,,,0,,,2026-07-04 05:00:00,0xb90a19ff0af67f7779aff50a882a9cff42446400
0,,,0,,,0,,,0,,,2026-07-04 06:00:00,0xb90a19ff0af67f7779aff50a882a9cff42446400
0,,,0,,,1,0.001633965119120245,2.911484061772,0,,,2026-07-04 07:00:00,0xb90a19ff0af67f7779aff50a882a9cff42446400
1,0.000156314654586831,0.283252785431,0,,,0,,,0,,,2026-07-04 08:00:00,0xb90a19ff0af67f7779aff50a882a9cff42446400
0,,,0,,,0,,,0,,,2026-07-04 09:00:00,0xb90a19ff0af67f7779aff50a882a9cff42446400
1,0.0008129372122199,1.49991,0,,,0,,,0,,,2026-07-04 10:00:00,0xb90a19ff0af67f7779aff50a882a9cff42446400
0,,,0,,,0,,,1,0.001633965119120245,2.911484061772,2026-07-04 11:00:00,0xb90a19ff0af67f7779aff50a882a9cff42446400
0,,,0,,,0,,,0,,,2026-07-04 12:00:00,0xb90a19ff0af67f7779aff50a882a9cff42446400
0,,,0,,,0,,,0,,,2026-07-04 13:00:00,0xb90a19ff0af67f7779aff50a882a9cff42446400
0,,,0,,,0,,,0,,,2026-07-04 14:00:00,0xb90a19ff0af67f7779aff50a882a9cff42446400
0,,,0,,,0,,,0,,,2026-07-04 15:00:00,0xb90a19ff0af67f7779aff50a882a9cff42446400
0,,,0,,,0,,,0,,,2026-07-04 16:00:00,0xb90a19ff0af67f7779aff50a882a9cff42446400
0,,,0,,,0,,,0,,,2026-07-04 17:00:00,0xb90a19ff0af67f7779aff50a882a9cff42446400
0,,,0,,,0,,,0,,,2026-07-04 18:00:00,0xb90a19ff0af67f7779aff50a882a9cff42446400
0,,,0,,,0,,,0,,,2026-07-04 19:00:00,0xb90a19ff0af67f7779aff50a882a9cff42446400
0,,,0,,,0,,,0,,,2026-07-04 20:00:00,0xb90a19ff0af67f7779aff50a882a9cff42446400
0,,,0,,,0,,,0,,,2026-07-04 21:00:00,0xb90a19ff0af67f7779aff50a882a9cff42446400
0,,,0,,,0,,,0,,,2026-07-04 22:00:00,0xb90a19ff0af67f7779aff50a882a9cff42446400
0,,,0,,,0,,,0,,,2026-07-04 23:00:00,0xb90a19ff0af67f7779aff50a882a9cff42446400
0,,,0,,,0,,,0,,,2026-07-05 00:00:00,0xb90a19ff0af67f7779aff50a882a9cff42446400
0,,,0,,,0,,,0,,,2026-07-05 01:00:00,0xb90a19ff0af67f7779aff50a882a9cff42446400
0,,,0,,,0,,,0,,,2026-07-05 02:00:00,0xb90a19ff0af67f7779aff50a882a9cff42446400
0,,,0,,,0,,,0,,,2026-07-05 03:00:00,0xb90a19ff0af67f7779aff50a882a9cff42446400
0,,,0,,,0,,,0,,,2026-07-05 04:00:00,0xb90a19ff0af67f7779aff50a882a9cff42446400
0,,,0,,,0,,,0,,,2026-07-05 05:00:00,0xb90a19ff0af67f7779aff50a882a9cff42446400
0,,,0,,,0,,,0,,,2026-07-05 06:00:00,0xb90a19ff0af67f7779aff50a882a9cff42446400
0,,,0,,,0,,,0,,,2026-07-05 07:00:00,0xb90a19ff0af67f7779aff50a882a9cff42446400
0,,,0,,,0,,,0,,,2026-07-05 08:00:00,0xb90a19ff0af67f7779aff50a882a9cff42446400
0,,,0,,,0,,,0,,,2026-07-05 09:00:00,0xb90a19ff0af67f7779aff50a882a9cff42446400
0,,,0,,,0,,,0,,,2026-07-05 10:00:00,0xb90a19ff0af67f7779aff50a882a9cff42446400
0,,,1,5.937165697313e-06,0.011000340999999999,0,,,0,,,2026-07-05 11:00:00,0xb90a19ff0af67f7779aff50a882a9cff42446400
0,,,0,,,0,,,0,,,2026-07-05 12:00:00,0xb90a19ff0af67f7779aff50a882a9cff42446400
2,0.001313934636487085,2.3756462905419995,0,,,0,,,0,,,2026-07-05 13:00:00,0xb90a19ff0af67f7779aff50a882a9cff42446400
1,5.39856810726e-06,0.01000073,0,,,0,,,0,,,2026-07-05 14:00:00,0xb90a19ff0af67f7779aff50a882a9cff42446400
0,,,0,,,0,,,0,,,2026-07-05 15:00:00,0xb90a19ff0af67f7779aff50a882a9cff42446400
0,,,1,0.000393613273107216,0.734767225572,0,,,0,,,2026-07-05 16:00:00,0xb90a19ff0af67f7779aff50a882a9cff42446400
0,,,0,,,0,,,0,,,2026-07-05 17:00:00,0xb90a19ff0af67f7779aff50a882a9cff42446400
0,,,0,,,0,,,0,,,2026-07-05 18:00:00,0xb90a19ff0af67f7779aff50a882a9cff42446400
0,,,0,,,1,5.937165697313e-06,0.011000340999999999,0,,,2026-07-05 19:00:00,0xb90a19ff0af67f7779aff50a882a9cff42446400
0,,,0,,,0,,,0,,,2026-07-05 20:00:00,0xb90a19ff0af67f7779aff50a882a9cff42446400
0,,,0,,,0,,,0,,,2026-07-05 21:00:00,0xb90a19ff0af67f7779aff50a882a9cff42446400
0,,,0,,,0,,,0,,,2026-07-05 22:00:00,0xb90a19ff0af67f7779aff50a882a9cff42446400
0,,,0,,,0,,,1,5.937165697313e-06,0.011000340999999999,2026-07-05 23:00:00,0xb90a19ff0af67f7779aff50a882a9cff42446400
0,,,0,,,1,0.000393613273107216,0.734767225572,0,,,2026-07-06 00:00:00,0xb90a19ff0af67f7779aff50a882a9cff42446400
0,,,0,,,0,,,0,,,2026-07-06 01:00:00,0xb90a19ff0af67f7779aff50a882a9cff42446400
0,,,0,,,0,,,0,,,2026-07-06 02:00:00,0xb90a19ff0af67f7779aff50a882a9cff42446400
0,,,0,,,0,,,0,,,2026-07-06 03:00:00,0xb90a19ff0af67f7779aff50a882a9cff42446400
0,,,1,5.316848765716e-06,0.01000441,0,,,1,0.000393613273107216,0.734767225572,2026-07-06 04:00:00,0xb90a19ff0af67f7779aff50a882a9cff42446400
0,,,0,,,0,,,0,,,2026-07-06 05:00:00,0xb90a19ff0af67f7779aff50a882a9cff42446400
0,,,0,,,0,,,0,,,2026-07-06 06:00:00,0xb90a19ff0af67f7779aff50a882a9cff42446400
1,1.223025976882e-06,0.0022996366,0,,,0,,,0,,,2026-07-06 07:00:00,0xb90a19ff0af67f7779aff50a882a9cff42446400
0,,,0,,,0,,,0,,,2026-07-06 08:00:00,0xb90a19ff0af67f7779aff50a882a9cff42446400
0,,,0,,,0,,,0,,,2026-07-06 09:00:00,0xb90a19ff0af67f7779aff50a882a9cff42446400
0,,,0,,,0,,,0,,,2026-07-06 10:00:00,0xb90a19ff0af67f7779aff50a882a9cff42446400
0,,,0,,,0,,,0,,,2026-07-06 11:00:00,0xb90a19ff0af67f7779aff50a882a9cff42446400
0,,,0,,,1,5.316848765716e-06,0.01000441,0,,,2026-07-06 12:00:00,0xb90a19ff0af67f7779aff50a882a9cff42446400
0,,,0,,,0,,,0,,,2026-07-06 13:00:00,0xb90a19ff0af67f7779aff50a882a9cff42446400
0,,,0,,,0,,,0,,,2026-07-06 14:00:00,0xb90a19ff0af67f7779aff50a882a9cff42446400
0,,,0,,,0,,,0,,,2026-07-06 15:00:00,0xb90a19ff0af67f7779aff50a882a9cff42446400
0,,,0,,,0,,,1,5.316848765716e-06,0.01000441,2026-07-06 16:00:00,0xb90a19ff0af67f7779aff50a882a9cff42446400
0,,,0,,,0,,,0,,,2026-07-06 17:00:00,0xb90a19ff0af67f7779aff50a882a9cff42446400
0,,,0,,,0,,,0,,,2026-07-06 18:00:00,0xb90a19ff0af67f7779aff50a882a9cff42446400
0,,,0,,,0,,,0,,,2026-07-06 19:00:00,0xb90a19ff0af67f7779aff50a882a9cff42446400
0,,,0,,,0,,,0,,,2026-07-06 20:00:00,0xb90a19ff0af67f7779aff50a882a9cff42446400
0,,,0,,,0,,,0,,,2026-07-06 21:00:00,0xb90a19ff0af67f7779aff50a882a9cff42446400
0,,,0,,,0,,,0,,,2026-07-06 22:00:00,0xb90a19ff0af67f7779aff50a882a9cff42446400
0,,,0,,,0,,,0,,,2026-07-06 23:00:00,0xb90a19ff0af67f7779aff50a882a9cff42446400
0,,,0,,,0,,,0,,,2026-07-07 00:00:00,0xb90a19ff0af67f7779aff50a882a9cff42446400
0,,,0,,,0,,,0,,,2026-07-07 01:00:00,0xb90a19ff0af67f7779aff50a882a9cff42446400
0,,,0,,,0,,,0,,,2026-07-07 02:00:00,0xb90a19ff0af67f7779aff50a882a9cff42446400
0,,,0,,,0,,,0,,,2026-07-07 03:00:00,0xb90a19ff0af67f7779aff50a882a9cff42446400
0,,,0,,,0,,,0,,,2026-07-07 04:00:00,0xb90a19ff0af67f7779aff50a882a9cff42446400
0,,,5,0.03852393796300665,80.493195523004,0,,,0,,,2026-07-07 05:00:00,0xb90a19ff0af67f7779aff50a882a9cff42446400
0,,,0,,,0,,,0,,,2026-07-07 06:00:00,0xb90a19ff0af67f7779aff50a882a9cff42446400
0,,,0,,,0,,,0,,,2026-07-07 07:00:00,0xb90a19ff0af67f7779aff50a882a9cff42446400
0,,,0,,,0,,,0,,,2026-07-07 08:00:00,0xb90a19ff0af67f7779aff50a882a9cff42446400
0,,,0,,,0,,,0,,,2026-07-07 09:00:00,0xb90a19ff0af67f7779aff50a882a9cff42446400
0,,,0,,,0,,,0,,,2026-07-07 10:00:00,0xb90a19ff0af67f7779aff50a882a9cff42446400
0,,,0,,,0,,,0,,,2026-07-07 11:00:00,0xb90a19ff0af67f7779aff50a882a9cff42446400
0,,,0,,,0,,,0,,,2026-07-07 12:00:00,0xb90a19ff0af67f7779aff50a882a9cff42446400
0,,,0,,,5,0.03852393796300665,80.493195523004,0,,,2026-07-07 13:00:00,0xb90a19ff0af67f7779aff50a882a9cff42446400
0,,,0,,,0,,,0,,,2026-07-07 14:00:00,0xb90a19ff0af67f7779aff50a882a9cff42446400
0,,,0,,,0,,,0,,,2026-07-07 15:00:00,0xb90a19ff0af67f7779aff50a882a9cff42446400
0,,,0,,,0,,,0,,,2026-07-07 16:00:00,0xb90a19ff0af67f7779aff50a882a9cff42446400
0,,,0,,,0,,,5,0.03852393796300665,80.493195523004,2026-07-07 17:00:00,0xb90a19ff0af67f7779aff50a882a9cff42446400
0,,,0,,,0,,,0,,,2026-07-07 18:00:00,0xb90a19ff0af67f7779aff50a882a9cff42446400
0,,,0,,,0,,,0,,,2026-07-07 19:00:00,0xb90a19ff0af67f7779aff50a882a9cff42446400
0,,,0,,,0,,,0,,,2026-07-07 20:00:00,0xb90a19ff0af67f7779aff50a882a9cff42446400
0,,,0,,,0,,,0,,,2026-07-07 21:00:00,0xb90a19ff0af67f7779aff50a882a9cff42446400
0,,,0,,,0,,,0,,,2026-07-07 22:00:00,0xb90a19ff0af67f7779aff50a882a9cff42446400
0,,,0,,,0,,,0,,,2026-07-07 23:00:00,0xb90a19ff0af67f7779aff50a882a9cff42446400
0,,,0,,,0,,,0,,,2026-07-01 00:00:00,0xc0d6457c16cc70d6790dd43521c899c87ce02f35
0,,,0,,,0,,,0,,,2026-07-01 01:00:00,0xc0d6457c16cc70d6790dd43521c899c87ce02f35
0,,,0,,,0,,,0,,,2026-07-01 02:00:00,0xc0d6457c16cc70d6790dd43521c899c87ce02f35
0,,,1,0.000158798894652414,0.09995180000000001,0,,,0,,,2026-07-01 03:00:00,0xc0d6457c16cc70d6790dd43521c899c87ce02f35
0,,,0,,,0,,,0,,,2026-07-01 04:00:00,0xc0d6457c16cc70d6790dd43521c899c87ce02f35
0,,,1,0.000159261056743952,0.09999059999999999,0,,,0,,,2026-07-01 05:00:00,0xc0d6457c16cc70d6790dd43521c899c87ce02f35
0,,,0,,,0,,,0,,,2026-07-01 06:00:00,0xc0d6457c16cc70d6790dd43521c899c87ce02f35
0,,,0,,,0,,,0,,,2026-07-01 07:00:00,0xc0d6457c16cc70d6790dd43521c899c87ce02f35
0,,,0,,,0,,,0,,,2026-07-01 08:00:00,0xc0d6457c16cc70d6790dd43521c899c87ce02f35
0,,,0,,,0,,,0,,,2026-07-01 09:00:00,0xc0d6457c16cc70d6790dd43521c899c87ce02f35
0,,,0,,,0,,,0,,,2026-07-01 10:00:00,0xc0d6457c16cc70d6790dd43521c899c87ce02f35
0,,,0,,,1,0.000158798894652414,0.09995180000000001,0,,,2026-07-01 11:00:00,0xc0d6457c16cc70d6790dd43521c899c87ce02f35
0,,,0,,,0,,,0,,,2026-07-01 12:00:00,0xc0d6457c16cc70d6790dd43521c899c87ce02f35
0,,,0,,,1,0.000159261056743952,0.09999059999999999,0,,,2026-07-01 13:00:00,0xc0d6457c16cc70d6790dd43521c899c87ce02f35
0,,,0,,,0,,,0,,,2026-07-01 14:00:00,0xc0d6457c16cc70d6790dd43521c899c87ce02f35
0,,,0,,,0,,,1,0.000158798894652414,0.09995180000000001,2026-07-01 15:00:00,0xc0d6457c16cc70d6790dd43521c899c87ce02f35
0,,,0,,,0,,,0,,,2026-07-01 16:00:00,0xc0d6457c16cc70d6790dd43521c899c87ce02f35
1,0.000159281659726713,0.0999868,0,,,0,,,1,0.000159261056743952,0.09999059999999999,2026-07-01 17:00:00,0xc0d6457c16cc70d6790dd43521c899c87ce02f35
0,,,0,,,0,,,0,,,2026-07-01 18:00:00,0xc0d6457c16cc70d6790dd43521c899c87ce02f35
0,,,0,,,0,,,0,,,2026-07-01 19:00:00,0xc0d6457c16cc70d6790dd43521c899c87ce02f35
0,,,0,,,0,,,0,,,2026-07-01 20:00:00,0xc0d6457c16cc70d6790dd43521c899c87ce02f35
0,,,0,,,0,,,0,,,2026-07-01 21:00:00,0xc0d6457c16cc70d6790dd43521c899c87ce02f35
0,,,0,,,0,,,0,,,2026-07-01 22:00:00,0xc0d6457c16cc70d6790dd43521c899c87ce02f35
0,,,0,,,0,,,0,,,2026-07-01 23:00:00,0xc0d6457c16cc70d6790dd43521c899c87ce02f35
0,,,0,,,0,,,0,,,2026-07-02 00:00:00,0xc0d6457c16cc70d6790dd43521c899c87ce02f35
0,,,0,,,0,,,0,,,2026-07-02 01:00:00,0xc0d6457c16cc70d6790dd43521c899c87ce02f35
0,,,0,,,0,,,0,,,2026-07-02 02:00:00,0xc0d6457c16cc70d6790dd43521c899c87ce02f35
0,,,0,,,0,,,0,,,2026-07-02 03:00:00,0xc0d6457c16cc70d6790dd43521c899c87ce02f35
0,,,0,,,0,,,0,,,2026-07-02 04:00:00,0xc0d6457c16cc70d6790dd43521c899c87ce02f35
0,,,0,,,0,,,0,,,2026-07-02 05:00:00,0xc0d6457c16cc70d6790dd43521c899c87ce02f35
0,,,0,,,0,,,0,,,2026-07-02 06:00:00,0xc0d6457c16cc70d6790dd43521c899c87ce02f35
0,,,0,,,0,,,0,,,2026-07-02 07:00:00,0xc0d6457c16cc70d6790dd43521c899c87ce02f35
0,,,0,,,0,,,0,,,2026-07-02 08:00:00,0xc0d6457c16cc70d6790dd43521c899c87ce02f35
0,,,0,,,0,,,0,,,2026-07-02 09:00:00,0xc0d6457c16cc70d6790dd43521c899c87ce02f35
0,,,0,,,0,,,0,,,2026-07-02 10:00:00,0xc0d6457c16cc70d6790dd43521c899c87ce02f35
0,,,0,,,0,,,0,,,2026-07-02 11:00:00,0xc0d6457c16cc70d6790dd43521c899c87ce02f35
0,,,0,,,0,,,0,,,2026-07-02 12:00:00,0xc0d6457c16cc70d6790dd43521c899c87ce02f35
0,,,0,,,0,,,0,,,2026-07-02 13:00:00,0xc0d6457c16cc70d6790dd43521c899c87ce02f35
0,,,0,,,0,,,0,,,2026-07-02 14:00:00,0xc0d6457c16cc70d6790dd43521c899c87ce02f35
0,,,0,,,0,,,0,,,2026-07-02 15:00:00,0xc0d6457c16cc70d6790dd43521c899c87ce02f35
0,,,0,,,0,,,0,,,2026-07-02 16:00:00,0xc0d6457c16cc70d6790dd43521c899c87ce02f35
0,,,0,,,0,,,0,,,2026-07-02 17:00:00,0xc0d6457c16cc70d6790dd43521c899c87ce02f35
0,,,0,,,0,,,0,,,2026-07-02 18:00:00,0xc0d6457c16cc70d6790dd43521c899c87ce02f35
0,,,0,,,0,,,0,,,2026-07-02 19:00:00,0xc0d6457c16cc70d6790dd43521c899c87ce02f35
0,,,0,,,0,,,0,,,2026-07-02 20:00:00,0xc0d6457c16cc70d6790dd43521c899c87ce02f35
0,,,0,,,0,,,0,,,2026-07-02 21:00:00,0xc0d6457c16cc70d6790dd43521c899c87ce02f35
0,,,0,,,0,,,0,,,2026-07-02 22:00:00,0xc0d6457c16cc70d6790dd43521c899c87ce02f35
0,,,0,,,0,,,0,,,2026-07-02 23:00:00,0xc0d6457c16cc70d6790dd43521c899c87ce02f35
0,,,0,,,0,,,0,,,2026-07-03 00:00:00,0xc0d6457c16cc70d6790dd43521c899c87ce02f35
0,,,0,,,0,,,0,,,2026-07-03 01:00:00,0xc0d6457c16cc70d6790dd43521c899c87ce02f35
0,,,0,,,0,,,0,,,2026-07-03 02:00:00,0xc0d6457c16cc70d6790dd43521c899c87ce02f35
0,,,0,,,0,,,0,,,2026-07-03 03:00:00,0xc0d6457c16cc70d6790dd43521c899c87ce02f35
0,,,0,,,0,,,0,,,2026-07-03 04:00:00,0xc0d6457c16cc70d6790dd43521c899c87ce02f35
0,,,0,,,0,,,0,,,2026-07-03 05:00:00,0xc0d6457c16cc70d6790dd43521c899c87ce02f35
0,,,0,,,0,,,0,,,2026-07-03 06:00:00,0xc0d6457c16cc70d6790dd43521c899c87ce02f35
0,,,0,,,0,,,0,,,2026-07-03 07:00:00,0xc0d6457c16cc70d6790dd43521c899c87ce02f35
0,,,0,,,0,,,0,,,2026-07-03 08:00:00,0xc0d6457c16cc70d6790dd43521c899c87ce02f35
0,,,0,,,0,,,0,,,2026-07-03 09:00:00,0xc0d6457c16cc70d6790dd43521c899c87ce02f35
0,,,0,,,0,,,0,,,2026-07-03 10:00:00,0xc0d6457c16cc70d6790dd43521c899c87ce02f35
0,,,0,,,0,,,0,,,2026-07-03 11:00:00,0xc0d6457c16cc70d6790dd43521c899c87ce02f35
0,,,0,,,0,,,0,,,2026-07-03 12:00:00,0xc0d6457c16cc70d6790dd43521c899c87ce02f35
0,,,0,,,0,,,0,,,2026-07-03 13:00:00,0xc0d6457c16cc70d6790dd43521c899c87ce02f35
0,,,0,,,0,,,0,,,2026-07-03 14:00:00,0xc0d6457c16cc70d6790dd43521c899c87ce02f35
0,,,0,,,0,,,0,,,2026-07-03 15:00:00,0xc0d6457c16cc70d6790dd43521c899c87ce02f35
0,,,0,,,0,,,0,,,2026-07-03 16:00:00,0xc0d6457c16cc70d6790dd43521c899c87ce02f35
0,,,0,,,0,,,0,,,2026-07-03 17:00:00,0xc0d6457c16cc70d6790dd43521c899c87ce02f35
0,,,0,,,0,,,0,,,2026-07-03 18:00:00,0xc0d6457c16cc70d6790dd43521c899c87ce02f35
0,,,0,,,0,,,0,,,2026-07-03 19:00:00,0xc0d6457c16cc70d6790dd43521c899c87ce02f35
0,,,0,,,0,,,0,,,2026-07-03 20:00:00,0xc0d6457c16cc70d6790dd43521c899c87ce02f35
0,,,0,,,0,,,0,,,2026-07-03 21:00:00,0xc0d6457c16cc70d6790dd43521c899c87ce02f35
0,,,0,,,0,,,0,,,2026-07-03 22:00:00,0xc0d6457c16cc70d6790dd43521c899c87ce02f35
0,,,0,,,0,,,0,,,2026-07-03 23:00:00,0xc0d6457c16cc70d6790dd43521c899c87ce02f35
0,,,0,,,0,,,0,,,2026-07-04 00:00:00,0xc0d6457c16cc70d6790dd43521c899c87ce02f35
0,,,0,,,0,,,0,,,2026-07-04 01:00:00,0xc0d6457c16cc70d6790dd43521c899c87ce02f35
0,,,0,,,0,,,0,,,2026-07-04 02:00:00,0xc0d6457c16cc70d6790dd43521c899c87ce02f35
0,,,0,,,0,,,0,,,2026-07-04 03:00:00,0xc0d6457c16cc70d6790dd43521c899c87ce02f35
0,,,0,,,0,,,0,,,2026-07-04 04:00:00,0xc0d6457c16cc70d6790dd43521c899c87ce02f35
0,,,0,,,0,,,0,,,2026-07-04 05:00:00,0xc0d6457c16cc70d6790dd43521c899c87ce02f35
0,,,0,,,0,,,0,,,2026-07-04 06:00:00,0xc0d6457c16cc70d6790dd43521c899c87ce02f35
0,,,0,,,0,,,0,,,2026-07-04 07:00:00,0xc0d6457c16cc70d6790dd43521c899c87ce02f35
0,,,0,,,0,,,0,,,2026-07-04 08:00:00,0xc0d6457c16cc70d6790dd43521c899c87ce02f35
0,,,0,,,0,,,0,,,2026-07-04 09:00:00,0xc0d6457c16cc70d6790dd43521c899c87ce02f35
0,,,0,,,0,,,0,,,2026-07-04 10:00:00,0xc0d6457c16cc70d6790dd43521c899c87ce02f35
0,,,0,,,0,,,0,,,2026-07-04 11:00:00,0xc0d6457c16cc70d6790dd43521c899c87ce02f35
0,,,0,,,0,,,0,,,2026-07-04 12:00:00,0xc0d6457c16cc70d6790dd43521c899c87ce02f35
0,,,0,,,0,,,0,,,2026-07-04 13:00:00,0xc0d6457c16cc70d6790dd43521c899c87ce02f35
0,,,0,,,0,,,0,,,2026-07-04 14:00:00,0xc0d6457c16cc70d6790dd43521c899c87ce02f35
0,,,0,,,0,,,0,,,2026-07-04 15:00:00,0xc0d6457c16cc70d6790dd43521c899c87ce02f35
0,,,0,,,0,,,0,,,2026-07-04 16:00:00,0xc0d6457c16cc70d6790dd43521c899c87ce02f35
0,,,0,,,0,,,0,,,2026-07-04 17:00:00,0xc0d6457c16cc70d6790dd43521c899c87ce02f35
0,,,0,,,0,,,0,,,2026-07-04 18:00:00,0xc0d6457c16cc70d6790dd43521c899c87ce02f35
0,,,0,,,0,,,0,,,2026-07-04 19:00:00,0xc0d6457c16cc70d6790dd43521c899c87ce02f35
0,,,0,,,0,,,0,,,2026-07-04 20:00:00,0xc0d6457c16cc70d6790dd43521c899c87ce02f35
0,,,0,,,0,,,0,,,2026-07-04 21:00:00,0xc0d6457c16cc70d6790dd43521c899c87ce02f35
0,,,0,,,0,,,0,,,2026-07-04 22:00:00,0xc0d6457c16cc70d6790dd43521c899c87ce02f35
0,,,0,,,0,,,0,,,2026-07-04 23:00:00,0xc0d6457c16cc70d6790dd43521c899c87ce02f35
0,,,0,,,0,,,0,,,2026-07-05 00:00:00,0xc0d6457c16cc70d6790dd43521c899c87ce02f35
0,,,0,,,0,,,0,,,2026-07-05 01:00:00,0xc0d6457c16cc70d6790dd43521c899c87ce02f35
0,,,0,,,0,,,0,,,2026-07-05 02:00:00,0xc0d6457c16cc70d6790dd43521c899c87ce02f35
0,,,0,,,0,,,0,,,2026-07-05 03:00:00,0xc0d6457c16cc70d6790dd43521c899c87ce02f35
0,,,0,,,0,,,0,,,2026-07-05 04:00:00,0xc0d6457c16cc70d6790dd43521c899c87ce02f35
0,,,0,,,0,,,0,,,2026-07-05 05:00:00,0xc0d6457c16cc70d6790dd43521c899c87ce02f35
0,,,0,,,0,,,0,,,2026-07-05 06:00:00,0xc0d6457c16cc70d6790dd43521c899c87ce02f35
0,,,0,,,0,,,0,,,2026-07-05 07:00:00,0xc0d6457c16cc70d6790dd43521c899c87ce02f35
0,,,0,,,0,,,0,,,2026-07-05 08:00:00,0xc0d6457c16cc70d6790dd43521c899c87ce02f35
0,,,0,,,0,,,0,,,2026-07-05 09:00:00,0xc0d6457c16cc70d6790dd43521c899c87ce02f35
0,,,0,,,0,,,0,,,2026-07-05 10:00:00,0xc0d6457c16cc70d6790dd43521c899c87ce02f35
0,,,0,,,0,,,0,,,2026-07-05 11:00:00,0xc0d6457c16cc70d6790dd43521c899c87ce02f35
0,,,0,,,0,,,0,,,2026-07-05 12:00:00,0xc0d6457c16cc70d6790dd43521c899c87ce02f35
0,,,0,,,0,,,0,,,2026-07-05 13:00:00,0xc0d6457c16cc70d6790dd43521c899c87ce02f35
0,,,0,,,0,,,0,,,2026-07-05 14:00:00,0xc0d6457c16cc70d6790dd43521c899c87ce02f35
0,,,0,,,0,,,0,,,2026-07-05 15:00:00,0xc0d6457c16cc70d6790dd43521c899c87ce02f35
0,,,0,,,0,,,0,,,2026-07-05 16:00:00,0xc0d6457c16cc70d6790dd43521c899c87ce02f35
0,,,0,,,0,,,0,,,2026-07-05 17:00:00,0xc0d6457c16cc70d6790dd43521c899c87ce02f35
0,,,0,,,0,,,0,,,2026-07-05 18:00:00,0xc0d6457c16cc70d6790dd43521c899c87ce02f35
0,,,0,,,0,,,0,,,2026-07-05 19:00:00,0xc0d6457c16cc70d6790dd43521c899c87ce02f35
0,,,0,,,0,,,0,,,2026-07-05 20:00:00,0xc0d6457c16cc70d6790dd43521c899c87ce02f35
0,,,0,,,0,,,0,,,2026-07-05 21:00:00,0xc0d6457c16cc70d6790dd43521c899c87ce02f35
0,,,0,,,0,,,0,,,2026-07-05 22:00:00,0xc0d6457c16cc70d6790dd43521c899c87ce02f35
0,,,0,,,0,,,0,,,2026-07-05 23:00:00,0xc0d6457c16cc70d6790dd43521c899c87ce02f35
0,,,0,,,0,,,0,,,2026-07-06 00:00:00,0xc0d6457c16cc70d6790dd43521c899c87ce02f35
0,,,0,,,0,,,0,,,2026-07-06 01:00:00,0xc0d6457c16cc70d6790dd43521c899c87ce02f35
0,,,0,,,0,,,0,,,2026-07-06 02:00:00,0xc0d6457c16cc70d6790dd43521c899c87ce02f35
0,,,0,,,0,,,0,,,2026-07-06 03:00:00,0xc0d6457c16cc70d6790dd43521c899c87ce02f35
0,,,0,,,0,,,0,,,2026-07-06 04:00:00,0xc0d6457c16cc70d6790dd43521c899c87ce02f35
0,,,0,,,0,,,0,,,2026-07-06 05:00:00,0xc0d6457c16cc70d6790dd43521c899c87ce02f35
0,,,0,,,0,,,0,,,2026-07-06 06:00:00,0xc0d6457c16cc70d6790dd43521c899c87ce02f35
0,,,0,,,0,,,0,,,2026-07-06 07:00:00,0xc0d6457c16cc70d6790dd43521c899c87ce02f35
0,,,0,,,0,,,0,,,2026-07-06 08:00:00,0xc0d6457c16cc70d6790dd43521c899c87ce02f35
0,,,0,,,0,,,0,,,2026-07-06 09:00:00,0xc0d6457c16cc70d6790dd43521c899c87ce02f35
0,,,0,,,0,,,0,,,2026-07-06 10:00:00,0xc0d6457c16cc70d6790dd43521c899c87ce02f35
0,,,0,,,0,,,0,,,2026-07-06 11:00:00,0xc0d6457c16cc70d6790dd43521c899c87ce02f35
0,,,0,,,0,,,0,,,2026-07-06 12:00:00,0xc0d6457c16cc70d6790dd43521c899c87ce02f35
0,,,0,,,0,,,0,,,2026-07-06 13:00:00,0xc0d6457c16cc70d6790dd43521c899c87ce02f35
0,,,0,,,0,,,0,,,2026-07-06 14:00:00,0xc0d6457c16cc70d6790dd43521c899c87ce02f35
0,,,0,,,0,,,0,,,2026-07-06 15:00:00,0xc0d6457c16cc70d6790dd43521c899c87ce02f35
0,,,0,,,0,,,0,,,2026-07-06 16:00:00,0xc0d6457c16cc70d6790dd43521c899c87ce02f35
0,,,0,,,0,,,0,,,2026-07-06 17:00:00,0xc0d6457c16cc70d6790dd43521c899c87ce02f35
0,,,0,,,0,,,0,,,2026-07-06 18:00:00,0xc0d6457c16cc70d6790dd43521c899c87ce02f35
0,,,0,,,0,,,0,,,2026-07-06 19:00:00,0xc0d6457c16cc70d6790dd43521c899c87ce02f35
0,,,0,,,0,,,0,,,2026-07-06 20:00:00,0xc0d6457c16cc70d6790dd43521c899c87ce02f35
0,,,0,,,0,,,0,,,2026-07-06 21:00:00,0xc0d6457c16cc70d6790dd43521c899c87ce02f35
0,,,0,,,0,,,0,,,2026-07-06 22:00:00,0xc0d6457c16cc70d6790dd43521c899c87ce02f35
0,,,0,,,0,,,0,,,2026-07-06 23:00:00,0xc0d6457c16cc70d6790dd43521c899c87ce02f35
0,,,0,,,0,,,0,,,2026-07-07 00:00:00,0xc0d6457c16cc70d6790dd43521c899c87ce02f35
0,,,0,,,0,,,0,,,2026-07-07 01:00:00,0xc0d6457c16cc70d6790dd43521c899c87ce02f35
0,,,0,,,0,,,0,,,2026-07-07 02:00:00,0xc0d6457c16cc70d6790dd43521c899c87ce02f35
0,,,0,,,0,,,0,,,2026-07-07 03:00:00,0xc0d6457c16cc70d6790dd43521c899c87ce02f35
0,,,0,,,0,,,0,,,2026-07-07 04:00:00,0xc0d6457c16cc70d6790dd43521c899c87ce02f35
0,,,0,,,0,,,0,,,2026-07-07 05:00:00,0xc0d6457c16cc70d6790dd43521c899c87ce02f35
0,,,0,,,0,,,0,,,2026-07-07 06:00:00,0xc0d6457c16cc70d6790dd43521c899c87ce02f35
0,,,0,,,0,,,0,,,2026-07-07 07:00:00,0xc0d6457c16cc70d6790dd43521c899c87ce02f35
0,,,0,,,0,,,0,,,2026-07-07 08:00:00,0xc0d6457c16cc70d6790dd43521c899c87ce02f35
0,,,0,,,0,,,0,,,2026-07-07 09:00:00,0xc0d6457c16cc70d6790dd43521c899c87ce02f35
0,,,0,,,0,,,0,,,2026-07-07 10:00:00,0xc0d6457c16cc70d6790dd43521c899c87ce02f35
0,,,0,,,0,,,0,,,2026-07-07 11:00:00,0xc0d6457c16cc70d6790dd43521c899c87ce02f35
0,,,0,,,0,,,0,,,2026-07-07 12:00:00,0xc0d6457c16cc70d6790dd43521c899c87ce02f35
0,,,0,,,0,,,0,,,2026-07-07 13:00:00,0xc0d6457c16cc70d6790dd43521c899c87ce02f35
0,,,0,,,0,,,0,,,2026-07-07 14:00:00,0xc0d6457c16cc70d6790dd43521c899c87ce02f35
0,,,0,,,0,,,0,,,2026-07-07 15:00:00,0xc0d6457c16cc70d6790dd43521c899c87ce02f35
0,,,0,,,0,,,0,,,2026-07-07 16:00:00,0xc0d6457c16cc70d6790dd43521c899c87ce02f35
0,,,0,,,0,,,0,,,2026-07-07 17:00:00,0xc0d6457c16cc70d6790dd43521c899c87ce02f35
0,,,0,,,0,,,0,,,2026-07-07 18:00:00,0xc0d6457c16cc70d6790dd43521c899c87ce02f35
0,,,0,,,0,,,0,,,2026-07-07 19:00:00,0xc0d6457c16cc70d6790dd43521c899c87ce02f35
0,,,0,,,0,,,0,,,2026-07-07 20:00:00,0xc0d6457c16cc70d6790dd43521c899c87ce02f35
0,,,0,,,0,,,0,,,2026-07-07 21:00:00,0xc0d6457c16cc70d6790dd43521c899c87ce02f35
0,,,0,,,0,,,0,,,2026-07-07 22:00:00,0xc0d6457c16cc70d6790dd43521c899c87ce02f35
0,,,0,,,0,,,0,,,2026-07-07 23:00:00,0xc0d6457c16cc70d6790dd43521c899c87ce02f35
0,,,0,,,0,,,0,,,2026-07-01 00:00:00,0xc72b96e0e48ecd4dc75e1e45396e26300bc39681
0,,,0,,,0,,,0,,,2026-07-01 01:00:00,0xc72b96e0e48ecd4dc75e1e45396e26300bc39681
0,,,0,,,0,,,0,,,2026-07-01 02:00:00,0xc72b96e0e48ecd4dc75e1e45396e26300bc39681
0,,,1,0.000767311508724779,0.09995180000000001,0,,,0,,,2026-07-01 03:00:00,0xc72b96e0e48ecd4dc75e1e45396e26300bc39681
0,,,0,,,0,,,0,,,2026-07-01 04:00:00,0xc72b96e0e48ecd4dc75e1e45396e26300bc39681
0,,,1,0.00075850745706915,0.09999059999999999,0,,,0,,,2026-07-01 05:00:00,0xc72b96e0e48ecd4dc75e1e45396e26300bc39681
0,,,0,,,0,,,0,,,2026-07-01 06:00:00,0xc72b96e0e48ecd4dc75e1e45396e26300bc39681
0,,,0,,,0,,,0,,,2026-07-01 07:00:00,0xc72b96e0e48ecd4dc75e1e45396e26300bc39681
0,,,0,,,0,,,0,,,2026-07-01 08:00:00,0xc72b96e0e48ecd4dc75e1e45396e26300bc39681
0,,,0,,,0,,,0,,,2026-07-01 09:00:00,0xc72b96e0e48ecd4dc75e1e45396e26300bc39681
0,,,0,,,0,,,0,,,2026-07-01 10:00:00,0xc72b96e0e48ecd4dc75e1e45396e26300bc39681
0,,,0,,,1,0.000767311508724779,0.09995180000000001,0,,,2026-07-01 11:00:00,0xc72b96e0e48ecd4dc75e1e45396e26300bc39681
0,,,0,,,0,,,0,,,2026-07-01 12:00:00,0xc72b96e0e48ecd4dc75e1e45396e26300bc39681
0,,,0,,,1,0.00075850745706915,0.09999059999999999,0,,,2026-07-01 13:00:00,0xc72b96e0e48ecd4dc75e1e45396e26300bc39681
0,,,0,,,0,,,0,,,2026-07-01 14:00:00,0xc72b96e0e48ecd4dc75e1e45396e26300bc39681
0,,,0,,,0,,,1,0.000767311508724779,0.09995180000000001,2026-07-01 15:00:00,0xc72b96e0e48ecd4dc75e1e45396e26300bc39681
0,,,0,,,0,,,0,,,2026-07-01 16:00:00,0xc72b96e0e48ecd4dc75e1e45396e26300bc39681
1,0.000766117899782219,0.0999868,0,,,0,,,1,0.00075850745706915,0.09999059999999999,2026-07-01 17:00:00,0xc72b96e0e48ecd4dc75e1e45396e26300bc39681
0,,,0,,,0,,,0,,,2026-07-01 18:00:00,0xc72b96e0e48ecd4dc75e1e45396e26300bc39681
0,,,0,,,0,,,0,,,2026-07-01 19:00:00,0xc72b96e0e48ecd4dc75e1e45396e26300bc39681
0,,,0,,,0,,,0,,,2026-07-01 20:00:00,0xc72b96e0e48ecd4dc75e1e45396e26300bc39681
0,,,0,,,0,,,0,,,2026-07-01 21:00:00,0xc72b96e0e48ecd4dc75e1e45396e26300bc39681
0,,,0,,,0,,,0,,,2026-07-01 22:00:00,0xc72b96e0e48ecd4dc75e1e45396e26300bc39681
0,,,0,,,0,,,0,,,2026-07-01 23:00:00,0xc72b96e0e48ecd4dc75e1e45396e26300bc39681
0,,,0,,,0,,,0,,,2026-07-02 00:00:00,0xc72b96e0e48ecd4dc75e1e45396e26300bc39681
0,,,0,,,0,,,0,,,2026-07-02 01:00:00,0xc72b96e0e48ecd4dc75e1e45396e26300bc39681
0,,,0,,,0,,,0,,,2026-07-02 02:00:00,0xc72b96e0e48ecd4dc75e1e45396e26300bc39681
0,,,0,,,0,,,0,,,2026-07-02 03:00:00,0xc72b96e0e48ecd4dc75e1e45396e26300bc39681
0,,,0,,,0,,,0,,,2026-07-02 04:00:00,0xc72b96e0e48ecd4dc75e1e45396e26300bc39681
0,,,0,,,0,,,0,,,2026-07-02 05:00:00,0xc72b96e0e48ecd4dc75e1e45396e26300bc39681
0,,,0,,,0,,,0,,,2026-07-02 06:00:00,0xc72b96e0e48ecd4dc75e1e45396e26300bc39681
0,,,0,,,0,,,0,,,2026-07-02 07:00:00,0xc72b96e0e48ecd4dc75e1e45396e26300bc39681
0,,,0,,,0,,,0,,,2026-07-02 08:00:00,0xc72b96e0e48ecd4dc75e1e45396e26300bc39681
0,,,0,,,0,,,0,,,2026-07-02 09:00:00,0xc72b96e0e48ecd4dc75e1e45396e26300bc39681
0,,,0,,,0,,,0,,,2026-07-02 10:00:00,0xc72b96e0e48ecd4dc75e1e45396e26300bc39681
0,,,0,,,0,,,0,,,2026-07-02 11:00:00,0xc72b96e0e48ecd4dc75e1e45396e26300bc39681
0,,,0,,,0,,,0,,,2026-07-02 12:00:00,0xc72b96e0e48ecd4dc75e1e45396e26300bc39681
0,,,0,,,0,,,0,,,2026-07-02 13:00:00,0xc72b96e0e48ecd4dc75e1e45396e26300bc39681
0,,,0,,,0,,,0,,,2026-07-02 14:00:00,0xc72b96e0e48ecd4dc75e1e45396e26300bc39681
0,,,0,,,0,,,0,,,2026-07-02 15:00:00,0xc72b96e0e48ecd4dc75e1e45396e26300bc39681
0,,,0,,,0,,,0,,,2026-07-02 16:00:00,0xc72b96e0e48ecd4dc75e1e45396e26300bc39681
0,,,0,,,0,,,0,,,2026-07-02 17:00:00,0xc72b96e0e48ecd4dc75e1e45396e26300bc39681
0,,,0,,,0,,,0,,,2026-07-02 18:00:00,0xc72b96e0e48ecd4dc75e1e45396e26300bc39681
0,,,0,,,0,,,0,,,2026-07-02 19:00:00,0xc72b96e0e48ecd4dc75e1e45396e26300bc39681
0,,,0,,,0,,,0,,,2026-07-02 20:00:00,0xc72b96e0e48ecd4dc75e1e45396e26300bc39681
0,,,0,,,0,,,0,,,2026-07-02 21:00:00,0xc72b96e0e48ecd4dc75e1e45396e26300bc39681
0,,,0,,,0,,,0,,,2026-07-02 22:00:00,0xc72b96e0e48ecd4dc75e1e45396e26300bc39681
0,,,0,,,0,,,0,,,2026-07-02 23:00:00,0xc72b96e0e48ecd4dc75e1e45396e26300bc39681
0,,,0,,,0,,,0,,,2026-07-03 00:00:00,0xc72b96e0e48ecd4dc75e1e45396e26300bc39681
0,,,0,,,0,,,0,,,2026-07-03 01:00:00,0xc72b96e0e48ecd4dc75e1e45396e26300bc39681
0,,,0,,,0,,,0,,,2026-07-03 02:00:00,0xc72b96e0e48ecd4dc75e1e45396e26300bc39681
0,,,0,,,0,,,0,,,2026-07-03 03:00:00,0xc72b96e0e48ecd4dc75e1e45396e26300bc39681
0,,,0,,,0,,,0,,,2026-07-03 04:00:00,0xc72b96e0e48ecd4dc75e1e45396e26300bc39681
0,,,0,,,0,,,0,,,2026-07-03 05:00:00,0xc72b96e0e48ecd4dc75e1e45396e26300bc39681
0,,,0,,,0,,,0,,,2026-07-03 06:00:00,0xc72b96e0e48ecd4dc75e1e45396e26300bc39681
0,,,0,,,0,,,0,,,2026-07-03 07:00:00,0xc72b96e0e48ecd4dc75e1e45396e26300bc39681
0,,,0,,,0,,,0,,,2026-07-03 08:00:00,0xc72b96e0e48ecd4dc75e1e45396e26300bc39681
0,,,0,,,0,,,0,,,2026-07-03 09:00:00,0xc72b96e0e48ecd4dc75e1e45396e26300bc39681
0,,,0,,,0,,,0,,,2026-07-03 10:00:00,0xc72b96e0e48ecd4dc75e1e45396e26300bc39681
0,,,0,,,0,,,0,,,2026-07-03 11:00:00,0xc72b96e0e48ecd4dc75e1e45396e26300bc39681
0,,,0,,,0,,,0,,,2026-07-03 12:00:00,0xc72b96e0e48ecd4dc75e1e45396e26300bc39681
0,,,0,,,0,,,0,,,2026-07-03 13:00:00,0xc72b96e0e48ecd4dc75e1e45396e26300bc39681
0,,,0,,,0,,,0,,,2026-07-03 14:00:00,0xc72b96e0e48ecd4dc75e1e45396e26300bc39681
0,,,0,,,0,,,0,,,2026-07-03 15:00:00,0xc72b96e0e48ecd4dc75e1e45396e26300bc39681
0,,,0,,,0,,,0,,,2026-07-03 16:00:00,0xc72b96e0e48ecd4dc75e1e45396e26300bc39681
0,,,0,,,0,,,0,,,2026-07-03 17:00:00,0xc72b96e0e48ecd4dc75e1e45396e26300bc39681
0,,,0,,,0,,,0,,,2026-07-03 18:00:00,0xc72b96e0e48ecd4dc75e1e45396e26300bc39681
0,,,0,,,0,,,0,,,2026-07-03 19:00:00,0xc72b96e0e48ecd4dc75e1e45396e26300bc39681
0,,,0,,,0,,,0,,,2026-07-03 20:00:00,0xc72b96e0e48ecd4dc75e1e45396e26300bc39681
0,,,0,,,0,,,0,,,2026-07-03 21:00:00,0xc72b96e0e48ecd4dc75e1e45396e26300bc39681
0,,,0,,,0,,,0,,,2026-07-03 22:00:00,0xc72b96e0e48ecd4dc75e1e45396e26300bc39681
0,,,0,,,0,,,0,,,2026-07-03 23:00:00,0xc72b96e0e48ecd4dc75e1e45396e26300bc39681
0,,,0,,,0,,,0,,,2026-07-04 00:00:00,0xc72b96e0e48ecd4dc75e1e45396e26300bc39681
0,,,0,,,0,,,0,,,2026-07-04 01:00:00,0xc72b96e0e48ecd4dc75e1e45396e26300bc39681
0,,,0,,,0,,,0,,,2026-07-04 02:00:00,0xc72b96e0e48ecd4dc75e1e45396e26300bc39681
0,,,0,,,0,,,0,,,2026-07-04 03:00:00,0xc72b96e0e48ecd4dc75e1e45396e26300bc39681
0,,,0,,,0,,,0,,,2026-07-04 04:00:00,0xc72b96e0e48ecd4dc75e1e45396e26300bc39681
0,,,0,,,0,,,0,,,2026-07-04 05:00:00,0xc72b96e0e48ecd4dc75e1e45396e26300bc39681
0,,,0,,,0,,,0,,,2026-07-04 06:00:00,0xc72b96e0e48ecd4dc75e1e45396e26300bc39681
0,,,0,,,0,,,0,,,2026-07-04 07:00:00,0xc72b96e0e48ecd4dc75e1e45396e26300bc39681
0,,,0,,,0,,,0,,,2026-07-04 08:00:00,0xc72b96e0e48ecd4dc75e1e45396e26300bc39681
0,,,0,,,0,,,0,,,2026-07-04 09:00:00,0xc72b96e0e48ecd4dc75e1e45396e26300bc39681
0,,,0,,,0,,,0,,,2026-07-04 10:00:00,0xc72b96e0e48ecd4dc75e1e45396e26300bc39681
0,,,0,,,0,,,0,,,2026-07-04 11:00:00,0xc72b96e0e48ecd4dc75e1e45396e26300bc39681
0,,,0,,,0,,,0,,,2026-07-04 12:00:00,0xc72b96e0e48ecd4dc75e1e45396e26300bc39681
0,,,0,,,0,,,0,,,2026-07-04 13:00:00,0xc72b96e0e48ecd4dc75e1e45396e26300bc39681
0,,,0,,,0,,,0,,,2026-07-04 14:00:00,0xc72b96e0e48ecd4dc75e1e45396e26300bc39681
0,,,0,,,0,,,0,,,2026-07-04 15:00:00,0xc72b96e0e48ecd4dc75e1e45396e26300bc39681
0,,,0,,,0,,,0,,,2026-07-04 16:00:00,0xc72b96e0e48ecd4dc75e1e45396e26300bc39681
0,,,0,,,0,,,0,,,2026-07-04 17:00:00,0xc72b96e0e48ecd4dc75e1e45396e26300bc39681
0,,,0,,,0,,,0,,,2026-07-04 18:00:00,0xc72b96e0e48ecd4dc75e1e45396e26300bc39681
0,,,0,,,0,,,0,,,2026-07-04 19:00:00,0xc72b96e0e48ecd4dc75e1e45396e26300bc39681
0,,,0,,,0,,,0,,,2026-07-04 20:00:00,0xc72b96e0e48ecd4dc75e1e45396e26300bc39681
0,,,0,,,0,,,0,,,2026-07-04 21:00:00,0xc72b96e0e48ecd4dc75e1e45396e26300bc39681
0,,,0,,,0,,,0,,,2026-07-04 22:00:00,0xc72b96e0e48ecd4dc75e1e45396e26300bc39681
0,,,0,,,0,,,0,,,2026-07-04 23:00:00,0xc72b96e0e48ecd4dc75e1e45396e26300bc39681
0,,,0,,,0,,,0,,,2026-07-05 00:00:00,0xc72b96e0e48ecd4dc75e1e45396e26300bc39681
0,,,0,,,0,,,0,,,2026-07-05 01:00:00,0xc72b96e0e48ecd4dc75e1e45396e26300bc39681
0,,,0,,,0,,,0,,,2026-07-05 02:00:00,0xc72b96e0e48ecd4dc75e1e45396e26300bc39681
0,,,0,,,0,,,0,,,2026-07-05 03:00:00,0xc72b96e0e48ecd4dc75e1e45396e26300bc39681
0,,,0,,,0,,,0,,,2026-07-05 04:00:00,0xc72b96e0e48ecd4dc75e1e45396e26300bc39681
0,,,0,,,0,,,0,,,2026-07-05 05:00:00,0xc72b96e0e48ecd4dc75e1e45396e26300bc39681
0,,,0,,,0,,,0,,,2026-07-05 06:00:00,0xc72b96e0e48ecd4dc75e1e45396e26300bc39681
0,,,0,,,0,,,0,,,2026-07-05 07:00:00,0xc72b96e0e48ecd4dc75e1e45396e26300bc39681
0,,,0,,,0,,,0,,,2026-07-05 08:00:00,0xc72b96e0e48ecd4dc75e1e45396e26300bc39681
0,,,0,,,0,,,0,,,2026-07-05 09:00:00,0xc72b96e0e48ecd4dc75e1e45396e26300bc39681
0,,,0,,,0,,,0,,,2026-07-05 10:00:00,0xc72b96e0e48ecd4dc75e1e45396e26300bc39681
0,,,0,,,0,,,0,,,2026-07-05 11:00:00,0xc72b96e0e48ecd4dc75e1e45396e26300bc39681
0,,,0,,,0,,,0,,,2026-07-05 12:00:00,0xc72b96e0e48ecd4dc75e1e45396e26300bc39681
0,,,0,,,0,,,0,,,2026-07-05 13:00:00,0xc72b96e0e48ecd4dc75e1e45396e26300bc39681
0,,,0,,,0,,,0,,,2026-07-05 14:00:00,0xc72b96e0e48ecd4dc75e1e45396e26300bc39681
0,,,0,,,0,,,0,,,2026-07-05 15:00:00,0xc72b96e0e48ecd4dc75e1e45396e26300bc39681
0,,,0,,,0,,,0,,,2026-07-05 16:00:00,0xc72b96e0e48ecd4dc75e1e45396e26300bc39681
0,,,0,,,0,,,0,,,2026-07-05 17:00:00,0xc72b96e0e48ecd4dc75e1e45396e26300bc39681
0,,,0,,,0,,,0,,,2026-07-05 18:00:00,0xc72b96e0e48ecd4dc75e1e45396e26300bc39681
0,,,0,,,0,,,0,,,2026-07-05 19:00:00,0xc72b96e0e48ecd4dc75e1e45396e26300bc39681
0,,,0,,,0,,,0,,,2026-07-05 20:00:00,0xc72b96e0e48ecd4dc75e1e45396e26300bc39681
0,,,0,,,0,,,0,,,2026-07-05 21:00:00,0xc72b96e0e48ecd4dc75e1e45396e26300bc39681
0,,,0,,,0,,,0,,,2026-07-05 22:00:00,0xc72b96e0e48ecd4dc75e1e45396e26300bc39681
0,,,0,,,0,,,0,,,2026-07-05 23:00:00,0xc72b96e0e48ecd4dc75e1e45396e26300bc39681
0,,,0,,,0,,,0,,,2026-07-06 00:00:00,0xc72b96e0e48ecd4dc75e1e45396e26300bc39681
0,,,0,,,0,,,0,,,2026-07-06 01:00:00,0xc72b96e0e48ecd4dc75e1e45396e26300bc39681
0,,,0,,,0,,,0,,,2026-07-06 02:00:00,0xc72b96e0e48ecd4dc75e1e45396e26300bc39681
0,,,0,,,0,,,0,,,2026-07-06 03:00:00,0xc72b96e0e48ecd4dc75e1e45396e26300bc39681
0,,,0,,,0,,,0,,,2026-07-06 04:00:00,0xc72b96e0e48ecd4dc75e1e45396e26300bc39681
0,,,0,,,0,,,0,,,2026-07-06 05:00:00,0xc72b96e0e48ecd4dc75e1e45396e26300bc39681
0,,,0,,,0,,,0,,,2026-07-06 06:00:00,0xc72b96e0e48ecd4dc75e1e45396e26300bc39681
0,,,0,,,0,,,0,,,2026-07-06 07:00:00,0xc72b96e0e48ecd4dc75e1e45396e26300bc39681
0,,,0,,,0,,,0,,,2026-07-06 08:00:00,0xc72b96e0e48ecd4dc75e1e45396e26300bc39681
0,,,0,,,0,,,0,,,2026-07-06 09:00:00,0xc72b96e0e48ecd4dc75e1e45396e26300bc39681
1,0.08834459967296848,11.040025718837999,0,,,0,,,0,,,2026-07-06 10:00:00,0xc72b96e0e48ecd4dc75e1e45396e26300bc39681
0,,,0,,,0,,,0,,,2026-07-06 11:00:00,0xc72b96e0e48ecd4dc75e1e45396e26300bc39681
0,,,0,,,0,,,0,,,2026-07-06 12:00:00,0xc72b96e0e48ecd4dc75e1e45396e26300bc39681
0,,,0,,,0,,,0,,,2026-07-06 13:00:00,0xc72b96e0e48ecd4dc75e1e45396e26300bc39681
0,,,0,,,0,,,0,,,2026-07-06 14:00:00,0xc72b96e0e48ecd4dc75e1e45396e26300bc39681
0,,,0,,,0,,,0,,,2026-07-06 15:00:00,0xc72b96e0e48ecd4dc75e1e45396e26300bc39681
0,,,0,,,0,,,0,,,2026-07-06 16:00:00,0xc72b96e0e48ecd4dc75e1e45396e26300bc39681
0,,,0,,,0,,,0,,,2026-07-06 17:00:00,0xc72b96e0e48ecd4dc75e1e45396e26300bc39681
0,,,0,,,0,,,0,,,2026-07-06 18:00:00,0xc72b96e0e48ecd4dc75e1e45396e26300bc39681
0,,,0,,,0,,,0,,,2026-07-06 19:00:00,0xc72b96e0e48ecd4dc75e1e45396e26300bc39681
0,,,0,,,0,,,0,,,2026-07-06 20:00:00,0xc72b96e0e48ecd4dc75e1e45396e26300bc39681
0,,,0,,,0,,,0,,,2026-07-06 21:00:00,0xc72b96e0e48ecd4dc75e1e45396e26300bc39681
0,,,0,,,0,,,0,,,2026-07-06 22:00:00,0xc72b96e0e48ecd4dc75e1e45396e26300bc39681
0,,,0,,,0,,,0,,,2026-07-06 23:00:00,0xc72b96e0e48ecd4dc75e1e45396e26300bc39681
0,,,0,,,0,,,0,,,2026-07-07 00:00:00,0xc72b96e0e48ecd4dc75e1e45396e26300bc39681
0,,,0,,,0,,,0,,,2026-07-07 01:00:00,0xc72b96e0e48ecd4dc75e1e45396e26300bc39681
0,,,0,,,0,,,0,,,2026-07-07 02:00:00,0xc72b96e0e48ecd4dc75e1e45396e26300bc39681
0,,,0,,,0,,,0,,,2026-07-07 03:00:00,0xc72b96e0e48ecd4dc75e1e45396e26300bc39681
0,,,0,,,0,,,0,,,2026-07-07 04:00:00,0xc72b96e0e48ecd4dc75e1e45396e26300bc39681
0,,,0,,,0,,,0,,,2026-07-07 05:00:00,0xc72b96e0e48ecd4dc75e1e45396e26300bc39681
0,,,0,,,0,,,0,,,2026-07-07 06:00:00,0xc72b96e0e48ecd4dc75e1e45396e26300bc39681
0,,,0,,,0,,,0,,,2026-07-07 07:00:00,0xc72b96e0e48ecd4dc75e1e45396e26300bc39681
0,,,0,,,0,,,0,,,2026-07-07 08:00:00,0xc72b96e0e48ecd4dc75e1e45396e26300bc39681
0,,,0,,,0,,,0,,,2026-07-07 09:00:00,0xc72b96e0e48ecd4dc75e1e45396e26300bc39681
0,,,0,,,0,,,0,,,2026-07-07 10:00:00,0xc72b96e0e48ecd4dc75e1e45396e26300bc39681
0,,,0,,,0,,,0,,,2026-07-07 11:00:00,0xc72b96e0e48ecd4dc75e1e45396e26300bc39681
0,,,0,,,0,,,0,,,2026-07-07 12:00:00,0xc72b96e0e48ecd4dc75e1e45396e26300bc39681
0,,,0,,,0,,,0,,,2026-07-07 13:00:00,0xc72b96e0e48ecd4dc75e1e45396e26300bc39681
0,,,0,,,0,,,0,,,2026-07-07 14:00:00,0xc72b96e0e48ecd4dc75e1e45396e26300bc39681
0,,,1,9.6932209725559e-05,0.001251887336,0,,,0,,,2026-07-07 15:00:00,0xc72b96e0e48ecd4dc75e1e45396e26300bc39681
0,,,0,,,0,,,0,,,2026-07-07 16:00:00,0xc72b96e0e48ecd4dc75e1e45396e26300bc39681
0,,,0,,,0,,,0,,,2026-07-07 17:00:00,0xc72b96e0e48ecd4dc75e1e45396e26300bc39681
0,,,0,,,0,,,0,,,2026-07-07 18:00:00,0xc72b96e0e48ecd4dc75e1e45396e26300bc39681
0,,,0,,,0,,,0,,,2026-07-07 19:00:00,0xc72b96e0e48ecd4dc75e1e45396e26300bc39681
0,,,0,,,0,,,0,,,2026-07-07 20:00:00,0xc72b96e0e48ecd4dc75e1e45396e26300bc39681
0,,,0,,,0,,,0,,,2026-07-07 21:00:00,0xc72b96e0e48ecd4dc75e1e45396e26300bc39681
0,,,0,,,0,,,0,,,2026-07-07 22:00:00,0xc72b96e0e48ecd4dc75e1e45396e26300bc39681
0,,,0,,,1,9.6932209725559e-05,0.001251887336,0,,,2026-07-07 23:00:00,0xc72b96e0e48ecd4dc75e1e45396e26300bc39681
0,,,0,,,0,,,0,,,2026-07-01 00:00:00,0xd0601ce157db5bdc3162bbac2a2c8af5320d9eec
0,,,0,,,0,,,0,,,2026-07-01 01:00:00,0xd0601ce157db5bdc3162bbac2a2c8af5320d9eec
0,,,0,,,0,,,0,,,2026-07-01 02:00:00,0xd0601ce157db5bdc3162bbac2a2c8af5320d9eec
0,,,4,0.002003967422984571,0.38917157895199994,0,,,0,,,2026-07-01 03:00:00,0xd0601ce157db5bdc3162bbac2a2c8af5320d9eec
0,,,1,0.004896161378298079,0.999761,1,0.0004,0.076096417666,0,,,2026-07-01 04:00:00,0xd0601ce157db5bdc3162bbac2a2c8af5320d9eec
0,,,3,0.001512348535776142,0.2998996,0,,,0,,,2026-07-01 05:00:00,0xd0601ce157db5bdc3162bbac2a2c8af5320d9eec
0,,,4,0.0024,0.46980385740799996,0,,,0,,,2026-07-01 06:00:00,0xd0601ce157db5bdc3162bbac2a2c8af5320d9eec
0,,,0,,,0,,,0,,,2026-07-01 07:00:00,0xd0601ce157db5bdc3162bbac2a2c8af5320d9eec
0,,,1,0.07841060525436132,15.542060612165999,0,,,1,0.0004,0.076096417666,2026-07-01 08:00:00,0xd0601ce157db5bdc3162bbac2a2c8af5320d9eec
0,,,0,,,0,,,0,,,2026-07-01 09:00:00,0xd0601ce157db5bdc3162bbac2a2c8af5320d9eec
0,,,0,,,0,,,0,,,2026-07-01 10:00:00,0xd0601ce157db5bdc3162bbac2a2c8af5320d9eec
0,,,0,,,4,0.002003967422984571,0.38917157895199994,0,,,2026-07-01 11:00:00,0xd0601ce157db5bdc3162bbac2a2c8af5320d9eec
0,,,0,,,1,0.004896161378298079,0.999761,0,,,2026-07-01 12:00:00,0xd0601ce157db5bdc3162bbac2a2c8af5320d9eec
0,,,0,,,3,0.001512348535776142,0.2998996,0,,,2026-07-01 13:00:00,0xd0601ce157db5bdc3162bbac2a2c8af5320d9eec
0,,,0,,,4,0.0024,0.46980385740799996,0,,,2026-07-01 14:00:00,0xd0601ce157db5bdc3162bbac2a2c8af5320d9eec
2,0.001008620139153922,0.1999377,0,,,0,,,4,0.002003967422984571,0.38917157895199994,2026-07-01 15:00:00,0xd0601ce157db5bdc3162bbac2a2c8af5320d9eec
0,,,0,,,1,0.07841060525436132,15.542060612165999,1,0.004896161378298079,0.999761,2026-07-01 16:00:00,0xd0601ce157db5bdc3162bbac2a2c8af5320d9eec
4,0.002197593923186071,0.43411598049899996,0,,,0,,,3,0.001512348535776142,0.2998996,2026-07-01 17:00:00,0xd0601ce157db5bdc3162bbac2a2c8af5320d9eec
5,0.0024881221171819652,0.4998639999999999,0,,,0,,,4,0.0024,0.46980385740799996,2026-07-01 18:00:00,0xd0601ce157db5bdc3162bbac2a2c8af5320d9eec
0,,,0,,,0,,,0,,,2026-07-01 19:00:00,0xd0601ce157db5bdc3162bbac2a2c8af5320d9eec
0,,,0,,,0,,,1,0.07841060525436132,15.542060612165999,2026-07-01 20:00:00,0xd0601ce157db5bdc3162bbac2a2c8af5320d9eec
0,,,1,0.02315394,4.546703514002,0,,,0,,,2026-07-01 21:00:00,0xd0601ce157db5bdc3162bbac2a2c8af5320d9eec
0,,,0,,,0,,,0,,,2026-07-01 22:00:00,0xd0601ce157db5bdc3162bbac2a2c8af5320d9eec
0,,,0,,,0,,,0,,,2026-07-01 23:00:00,0xd0601ce157db5bdc3162bbac2a2c8af5320d9eec
0,,,0,,,0,,,0,,,2026-07-02 00:00:00,0xd0601ce157db5bdc3162bbac2a2c8af5320d9eec
0,,,0,,,0,,,0,,,2026-07-02 01:00:00,0xd0601ce157db5bdc3162bbac2a2c8af5320d9eec
0,,,0,,,0,,,0,,,2026-07-02 02:00:00,0xd0601ce157db5bdc3162bbac2a2c8af5320d9eec
0,,,0,,,0,,,0,,,2026-07-02 03:00:00,0xd0601ce157db5bdc3162bbac2a2c8af5320d9eec
0,,,0,,,0,,,0,,,2026-07-02 04:00:00,0xd0601ce157db5bdc3162bbac2a2c8af5320d9eec
0,,,0,,,1,0.02315394,4.546703514002,0,,,2026-07-02 05:00:00,0xd0601ce157db5bdc3162bbac2a2c8af5320d9eec
0,,,0,,,0,,,0,,,2026-07-02 06:00:00,0xd0601ce157db5bdc3162bbac2a2c8af5320d9eec
0,,,1,0.010107141052205991,0.200807485605,0,,,0,,,2026-07-02 07:00:00,0xd0601ce157db5bdc3162bbac2a2c8af5320d9eec
0,,,0,,,0,,,0,,,2026-07-02 08:00:00,0xd0601ce157db5bdc3162bbac2a2c8af5320d9eec
0,,,0,,,0,,,1,0.02315394,4.546703514002,2026-07-02 09:00:00,0xd0601ce157db5bdc3162bbac2a2c8af5320d9eec
0,,,0,,,0,,,0,,,2026-07-02 10:00:00,0xd0601ce157db5bdc3162bbac2a2c8af5320d9eec
0,,,2,0.003218121821242493,0.65998416,0,,,0,,,2026-07-02 11:00:00,0xd0601ce157db5bdc3162bbac2a2c8af5320d9eec
0,,,0,,,0,,,0,,,2026-07-02 12:00:00,0xd0601ce157db5bdc3162bbac2a2c8af5320d9eec
0,,,0,,,0,,,0,,,2026-07-02 13:00:00,0xd0601ce157db5bdc3162bbac2a2c8af5320d9eec
1,0.0502981583393468,9.984439856573001,0,,,0,,,0,,,2026-07-02 14:00:00,0xd0601ce157db5bdc3162bbac2a2c8af5320d9eec
0,,,0,,,1,0.010107141052205991,0.200807485605,0,,,2026-07-02 15:00:00,0xd0601ce157db5bdc3162bbac2a2c8af5320d9eec
0,,,7,0.43495013658647713,90.65489501364351,0,,,0,,,2026-07-02 16:00:00,0xd0601ce157db5bdc3162bbac2a2c8af5320d9eec
1,0.00508503876091741,1.000159,1,0.01777237653304014,3.7109220974735946,0,,,0,,,2026-07-02 17:00:00,0xd0601ce157db5bdc3162bbac2a2c8af5320d9eec
1,0.12931025765717413,25.002924999999998,2,0.027439429137658632,5.402770340113,0,,,0,,,2026-07-02 18:00:00,0xd0601ce157db5bdc3162bbac2a2c8af5320d9eec
0,,,3,0.04578497754007611,9.531766868423787,2,0.003218121821242493,0.65998416,1,0.010107141052205991,0.200807485605,2026-07-02 19:00:00,0xd0601ce157db5bdc3162bbac2a2c8af5320d9eec
0,,,0,,,0,,,0,,,2026-07-02 20:00:00,0xd0601ce157db5bdc3162bbac2a2c8af5320d9eec
0,,,0,,,0,,,0,,,2026-07-02 21:00:00,0xd0601ce157db5bdc3162bbac2a2c8af5320d9eec
0,,,3,0.04657589349233563,9.859347625317676,0,,,0,,,2026-07-02 22:00:00,0xd0601ce157db5bdc3162bbac2a2c8af5320d9eec
1,0.13244363603226206,26.420611606779,1,0.000877390082991462,0.173479979712,0,,,2,0.003218121821242493,0.65998416,2026-07-02 23:00:00,0xd0601ce157db5bdc3162bbac2a2c8af5320d9eec
0,,,3,0.06485735891760311,13.865858067600001,7,0.43495013658647713,90.65489501364351,0,,,2026-07-03 00:00:00,0xd0601ce157db5bdc3162bbac2a2c8af5320d9eec
0,,,6,0.9933138650184027,203.43231171123347,1,0.01777237653304014,3.7109220974735946,0,,,2026-07-03 01:00:00,0xd0601ce157db5bdc3162bbac2a2c8af5320d9eec
0,,,1,0.03998844027568402,8.593854988619528,2,0.027439429137658632,5.402770340113,0,,,2026-07-03 02:00:00,0xd0601ce157db5bdc3162bbac2a2c8af5320d9eec
10,0.5075588909534345,105.01916310184757,2,0.041458636260380044,8.504038813704,3,0.04578497754007611,9.531766868423787,0,,,2026-07-03 03:00:00,0xd0601ce157db5bdc3162bbac2a2c8af5320d9eec
1,0.01744816628948629,3.6461264815164562,2,0.061522713514026106,13.185390210972525,0,,,7,0.43495013658647713,90.65489501364351,2026-07-03 04:00:00,0xd0601ce157db5bdc3162bbac2a2c8af5320d9eec
0,,,4,0.09539984240134332,20.37182150030135,0,,,1,0.01777237653304014,3.7109220974735946,2026-07-03 05:00:00,0xd0601ce157db5bdc3162bbac2a2c8af5320d9eec
1,1.0194047437596e-05,0.002017985874,4,0.05728529009424608,12.002514130945526,3,0.04657589349233563,9.859347625317676,2,0.027439429137658632,5.402770340113,2026-07-03 06:00:00,0xd0601ce157db5bdc3162bbac2a2c8af5320d9eec
1,0.010131142664697262,1.994821938252,2,0.04520249380371892,9.771320773257191,1,0.000877390082991462,0.173479979712,3,0.04578497754007611,9.531766868423787,2026-07-03 07:00:00,0xd0601ce157db5bdc3162bbac2a2c8af5320d9eec
2,0.03920579698567951,8.25756421949386,2,0.06170695829444092,13.409560513410302,3,0.06485735891760311,13.865858067600001,0,,,2026-07-03 08:00:00,0xd0601ce157db5bdc3162bbac2a2c8af5320d9eec
2,0.00198890315,0.39078407625,0,,,6,0.9933138650184027,203.43231171123347,0,,,2026-07-03 09:00:00,0xd0601ce157db5bdc3162bbac2a2c8af5320d9eec
0,,,0,,,1,0.03998844027568402,8.593854988619528,3,0.04657589349233563,9.859347625317676,2026-07-03 10:00:00,0xd0601ce157db5bdc3162bbac2a2c8af5320d9eec
0,,,0,,,2,0.041458636260380044,8.504038813704,1,0.000877390082991462,0.173479979712,2026-07-03 11:00:00,0xd0601ce157db5bdc3162bbac2a2c8af5320d9eec
3,0.029219499362191374,6.205622864893,0,,,2,0.061522713514026106,13.185390210972525,3,0.06485735891760311,13.865858067600001,2026-07-03 12:00:00,0xd0601ce157db5bdc3162bbac2a2c8af5320d9eec
3,0.090818649031044,19.41573672195954,0,,,4,0.09539984240134332,20.37182150030135,6,0.9933138650184027,203.43231171123347,2026-07-03 13:00:00,0xd0601ce157db5bdc3162bbac2a2c8af5320d9eec
4,0.07565982085083087,16.0869413481788,0,,,4,0.05728529009424608,12.002514130945526,1,0.03998844027568402,8.593854988619528,2026-07-03 14:00:00,0xd0601ce157db5bdc3162bbac2a2c8af5320d9eec
6,0.17604065224559307,37.73817684987534,3,0.02673551846979426,5.616666846601705,2,0.04520249380371892,9.771320773257191,2,0.041458636260380044,8.504038813704,2026-07-03 15:00:00,0xd0601ce157db5bdc3162bbac2a2c8af5320d9eec
2,0.009305749241592814,1.8296799888150002,1,0.001675639854040897,0.330292073739,2,0.06170695829444092,13.409560513410302,2,0.061522713514026106,13.185390210972525,2026-07-03 16:00:00,0xd0601ce157db5bdc3162bbac2a2c8af5320d9eec
1,0.062216194813911704,13.382752816611664,1,0.000537911361884117,0.10607866482600001,0,,,4,0.09539984240134332,20.37182150030135,2026-07-03 17:00:00,0xd0601ce157db5bdc3162bbac2a2c8af5320d9eec
6,0.29759483168526435,62.57361940537733,1,0.005090025120901903,1.1010081489458734,0,,,4,0.05728529009424608,12.002514130945526,2026-07-03 18:00:00,0xd0601ce157db5bdc3162bbac2a2c8af5320d9eec
5,0.05177437473307863,10.65561856849804,3,0.015576288221276262,3.1743755475753073,0,,,2,0.04520249380371892,9.771320773257191,2026-07-03 19:00:00,0xd0601ce157db5bdc3162bbac2a2c8af5320d9eec
2,0.045371613963098203,9.881696181482269,2,0.035876355060396124,7.416533659251647,0,,,2,0.06170695829444092,13.409560513410302,2026-07-03 20:00:00,0xd0601ce157db5bdc3162bbac2a2c8af5320d9eec
3,0.995311484272456,196.5386391202261,3,0.05862404943557592,11.61957130767822,0,,,0,,,2026-07-03 21:00:00,0xd0601ce157db5bdc3162bbac2a2c8af5320d9eec
2,0.0691372074938354,14.986771920061837,2,0.014655301972989063,3.0020941773492535,0,,,0,,,2026-07-03 22:00:00,0xd0601ce157db5bdc3162bbac2a2c8af5320d9eec
1,0.000403654980253771,0.08016800161499998,1,0.011192286620845267,2.423853255652647,3,0.02673551846979426,5.616666846601705,0,,,2026-07-03 23:00:00,0xd0601ce157db5bdc3162bbac2a2c8af5320d9eec
1,0.031768393053445185,6.880678040537363,0,,,1,0.001675639854040897,0.330292073739,0,,,2026-07-04 00:00:00,0xd0601ce157db5bdc3162bbac2a2c8af5320d9eec
0,,,0,,,1,0.000537911361884117,0.10607866482600001,0,,,2026-07-04 01:00:00,0xd0601ce157db5bdc3162bbac2a2c8af5320d9eec
2,0.11665824586989751,23.257357593823997,0,,,1,0.005090025120901903,1.1010081489458734,0,,,2026-07-04 02:00:00,0xd0601ce157db5bdc3162bbac2a2c8af5320d9eec
0,,,1,0.15607754529242346,30.70536348228921,3,0.015576288221276262,3.1743755475753073,3,0.02673551846979426,5.616666846601705,2026-07-04 03:00:00,0xd0601ce157db5bdc3162bbac2a2c8af5320d9eec
0,,,0,,,2,0.035876355060396124,7.416533659251647,1,0.001675639854040897,0.330292073739,2026-07-04 04:00:00,0xd0601ce157db5bdc3162bbac2a2c8af5320d9eec
7,0.4202060474633944,83.74766882704098,1,0.0112525747933034,2.4420666578663326,3,0.05862404943557592,11.61957130767822,1,0.000537911361884117,0.10607866482600001,2026-07-04 05:00:00,0xd0601ce157db5bdc3162bbac2a2c8af5320d9eec
2,0.045748725382835434,9.893380611801083,4,0.20846144153369708,40.94914275078229,2,0.014655301972989063,3.0020941773492535,1,0.005090025120901903,1.1010081489458734,2026-07-04 06:00:00,0xd0601ce157db5bdc3162bbac2a2c8af5320d9eec
2,0.006781137343960783,1.4390873000232696,0,,,1,0.011192286620845267,2.423853255652647,3,0.015576288221276262,3.1743755475753073,2026-07-04 07:00:00,0xd0601ce157db5bdc3162bbac2a2c8af5320d9eec
3,0.015004541010492613,3.2220397443704307,1,0.02337716157949367,5.078492886970422,0,,,2,0.035876355060396124,7.416533659251647,2026-07-04 08:00:00,0xd0601ce157db5bdc3162bbac2a2c8af5320d9eec
2,0.007041523391396828,1.409153713412,0,,,0,,,3,0.05862404943557592,11.61957130767822,2026-07-04 09:00:00,0xd0601ce157db5bdc3162bbac2a2c8af5320d9eec
2,0.02141051148804554,4.637389267672563,0,,,0,,,2,0.014655301972989063,3.0020941773492535,2026-07-04 10:00:00,0xd0601ce157db5bdc3162bbac2a2c8af5320d9eec
1,0.013331712889859165,2.889506371147256,0,,,1,0.15607754529242346,30.70536348228921,1,0.011192286620845267,2.423853255652647,2026-07-04 11:00:00,0xd0601ce157db5bdc3162bbac2a2c8af5320d9eec
2,0.04350730429980991,9.442471440401752,0,,,0,,,0,,,2026-07-04 12:00:00,0xd0601ce157db5bdc3162bbac2a2c8af5320d9eec
0,,,2,0.01790636715555666,3.5244724040240003,1,0.0112525747933034,2.4420666578663326,0,,,2026-07-04 13:00:00,0xd0601ce157db5bdc3162bbac2a2c8af5320d9eec
1,0.004700296306705555,1.0259284500179284,1,0.1885059447587122,40.39142577924866,4,0.20846144153369708,40.94914275078229,0,,,2026-07-04 14:00:00,0xd0601ce157db5bdc3162bbac2a2c8af5320d9eec
5,1.1143778940616673,218.54104241526358,1,0.024504601011039413,5.238704309958485,0,,,1,0.15607754529242346,30.70536348228921,2026-07-04 15:00:00,0xd0601ce157db5bdc3162bbac2a2c8af5320d9eec
1,0.026132324635857795,5.1238173398473865,0,,,1,0.02337716157949367,5.078492886970422,0,,,2026-07-04 16:00:00,0xd0601ce157db5bdc3162bbac2a2c8af5320d9eec
1,0.005113619288812903,1.1089318224546174,0,,,0,,,1,0.0112525747933034,2.4420666578663326,2026-07-04 17:00:00,0xd0601ce157db5bdc3162bbac2a2c8af5320d9eec
2,0.03433854314988424,7.482533217056818,0,,,0,,,4,0.20846144153369708,40.94914275078229,2026-07-04 18:00:00,0xd0601ce157db5bdc3162bbac2a2c8af5320d9eec
0,,,2,0.028871687651756635,6.112997542927872,0,,,0,,,2026-07-04 19:00:00,0xd0601ce157db5bdc3162bbac2a2c8af5320d9eec
0,,,3,0.0026784572240189587,0.5266506522840001,0,,,1,0.02337716157949367,5.078492886970422,2026-07-04 20:00:00,0xd0601ce157db5bdc3162bbac2a2c8af5320d9eec
0,,,1,0.10167221338348795,20.043565450655002,2,0.01790636715555666,3.5244724040240003,0,,,2026-07-04 21:00:00,0xd0601ce157db5bdc3162bbac2a2c8af5320d9eec
1,0.02244010481487436,4.85500440978634,0,,,1,0.1885059447587122,40.39142577924866,0,,,2026-07-04 22:00:00,0xd0601ce157db5bdc3162bbac2a2c8af5320d9eec
0,,,2,0.012893859309239752,2.634023634827394,1,0.024504601011039413,5.238704309958485,0,,,2026-07-04 23:00:00,0xd0601ce157db5bdc3162bbac2a2c8af5320d9eec
0,,,0,,,0,,,0,,,2026-07-05 00:00:00,0xd0601ce157db5bdc3162bbac2a2c8af5320d9eec
0,,,1,0.005074199691636319,1.0900866207990574,0,,,2,0.01790636715555666,3.5244724040240003,2026-07-05 01:00:00,0xd0601ce157db5bdc3162bbac2a2c8af5320d9eec
2,0.028199560652940686,6.048310555336164,1,0.006980330987419494,1.5004609620749199,0,,,1,0.1885059447587122,40.39142577924866,2026-07-05 02:00:00,0xd0601ce157db5bdc3162bbac2a2c8af5320d9eec
1,0.005155686557995291,1.1054709348703466,5,0.06193529742792585,13.28105285191726,2,0.028871687651756635,6.112997542927872,1,0.024504601011039413,5.238704309958485,2026-07-05 03:00:00,0xd0601ce157db5bdc3162bbac2a2c8af5320d9eec
1,0.007766402983138773,1.6639364807349133,2,0.031405420173812426,6.802271523763025,3,0.0026784572240189587,0.5266506522840001,0,,,2026-07-05 04:00:00,0xd0601ce157db5bdc3162bbac2a2c8af5320d9eec
1,0.004893759875497814,1.0520305393774478,1,0.0738720047589086,14.601588020535,1,0.10167221338348795,20.043565450655002,0,,,2026-07-05 05:00:00,0xd0601ce157db5bdc3162bbac2a2c8af5320d9eec
1,0.001416381067609937,0.277361977045,0,,,0,,,0,,,2026-07-05 06:00:00,0xd0601ce157db5bdc3162bbac2a2c8af5320d9eec
1,0.007165153605476745,1.5387322647959851,0,,,2,0.012893859309239752,2.634023634827394,2,0.028871687651756635,6.112997542927872,2026-07-05 07:00:00,0xd0601ce157db5bdc3162bbac2a2c8af5320d9eec
1,0.006305702684594655,1.358611504024822,0,,,0,,,3,0.0026784572240189587,0.5266506522840001,2026-07-05 08:00:00,0xd0601ce157db5bdc3162bbac2a2c8af5320d9eec
0,,,1,0.03305337728550597,7.185911243922086,1,0.005074199691636319,1.0900866207990574,1,0.10167221338348795,20.043565450655002,2026-07-05 09:00:00,0xd0601ce157db5bdc3162bbac2a2c8af5320d9eec
2,0.009500555283819758,2.032620552362999,2,0.1580120117654084,31.1055670493411,1,0.006980330987419494,1.5004609620749199,0,,,2026-07-05 10:00:00,0xd0601ce157db5bdc3162bbac2a2c8af5320d9eec
5,0.03935940963959193,7.864251193838951,3,0.23523859219996673,46.58993161313817,5,0.06193529742792585,13.28105285191726,2,0.012893859309239752,2.634023634827394,2026-07-05 11:00:00,0xd0601ce157db5bdc3162bbac2a2c8af5320d9eec
1,0.007271280974699031,1.5584081723517256,0,,,2,0.031405420173812426,6.802271523763025,0,,,2026-07-05 12:00:00,0xd0601ce157db5bdc3162bbac2a2c8af5320d9eec
5,0.05636986550095438,11.543702343600883,1,0.021684887256271847,4.262780929901872,1,0.0738720047589086,14.601588020535,1,0.005074199691636319,1.0900866207990574,2026-07-05 13:00:00,0xd0601ce157db5bdc3162bbac2a2c8af5320d9eec
5,0.05624188316277315,12.061027516308492,2,0.01009017567440934,2.2003722138773782,0,,,1,0.006980330987419494,1.5004609620749199,2026-07-05 14:00:00,0xd0601ce157db5bdc3162bbac2a2c8af5320d9eec
5,0.08812450750264027,19.06887938859027,0,,,0,,,5,0.06193529742792585,13.28105285191726,2026-07-05 15:00:00,0xd0601ce157db5bdc3162bbac2a2c8af5320d9eec
4,0.045438774965872106,9.848598124276332,1,0.003906580246105249,0.7746349431780001,0,,,2,0.031405420173812426,6.802271523763025,2026-07-05 16:00:00,0xd0601ce157db5bdc3162bbac2a2c8af5320d9eec
0,,,0,,,1,0.03305337728550597,7.185911243922086,1,0.0738720047589086,14.601588020535,2026-07-05 17:00:00,0xd0601ce157db5bdc3162bbac2a2c8af5320d9eec
0,,,2,0.7192432767241823,139.46816590515667,2,0.1580120117654084,31.1055670493411,0,,,2026-07-05 18:00:00,0xd0601ce157db5bdc3162bbac2a2c8af5320d9eec
1,0.03787910489899191,8.25127675436216,3,0.17947653540930741,37.788977011387836,3,0.23523859219996673,46.58993161313817,0,,,2026-07-05 19:00:00,0xd0601ce157db5bdc3162bbac2a2c8af5320d9eec
0,,,3,0.02567706591819697,5.419033313820115,0,,,0,,,2026-07-05 20:00:00,0xd0601ce157db5bdc3162bbac2a2c8af5320d9eec
4,4.307621848172495,862.1426377380902,2,0.04539392903829148,9.554450904,1,0.021684887256271847,4.262780929901872,1,0.03305337728550597,7.185911243922086,2026-07-05 21:00:00,0xd0601ce157db5bdc3162bbac2a2c8af5320d9eec
9,0.49179603099566094,97.15107903851394,2,0.011107339253021632,2.3322882578126984,2,0.01009017567440934,2.2003722138773782,2,0.1580120117654084,31.1055670493411,2026-07-05 22:00:00,0xd0601ce157db5bdc3162bbac2a2c8af5320d9eec
0,,,1,0.018970053217057994,4.007675212067049,0,,,3,0.23523859219996673,46.58993161313817,2026-07-05 23:00:00,0xd0601ce157db5bdc3162bbac2a2c8af5320d9eec
0,,,1,0.00474908449975574,1.0020509958472965,1,0.003906580246105249,0.7746349431780001,0,,,2026-07-06 00:00:00,0xd0601ce157db5bdc3162bbac2a2c8af5320d9eec
3,0.1139872118884315,24.882445634784666,2,0.05531185529371158,10.68074359845069,0,,,1,0.021684887256271847,4.262780929901872,2026-07-06 01:00:00,0xd0601ce157db5bdc3162bbac2a2c8af5320d9eec
1,0.02793426969572749,6.067228889842687,0,,,2,0.7192432767241823,139.46816590515667,2,0.01009017567440934,2.2003722138773782,2026-07-06 02:00:00,0xd0601ce157db5bdc3162bbac2a2c8af5320d9eec
6,0.37588459240648175,73.80213641089425,0,,,3,0.17947653540930741,37.788977011387836,0,,,2026-07-06 03:00:00,0xd0601ce157db5bdc3162bbac2a2c8af5320d9eec
1,0.0343623688294147,7.4299947678,5,0.2809269927453318,59.67566722497746,3,0.02567706591819697,5.419033313820115,1,0.003906580246105249,0.7746349431780001,2026-07-06 04:00:00,0xd0601ce157db5bdc3162bbac2a2c8af5320d9eec
1,0.00784660257662869,1.6926038795974885,1,0.01891324401776695,4.058786562448765,2,0.04539392903829148,9.554450904,0,,,2026-07-06 05:00:00,0xd0601ce157db5bdc3162bbac2a2c8af5320d9eec
5,1.329313617913667,255.57769351106134,7,0.21638166173105597,46.56384196463086,2,0.011107339253021632,2.3322882578126984,2,0.7192432767241823,139.46816590515667,2026-07-06 06:00:00,0xd0601ce157db5bdc3162bbac2a2c8af5320d9eec
8,0.7882093480397581,155.36469827652792,16,1.7422268004731318,363.37447042070056,1,0.018970053217057994,4.007675212067049,3,0.17947653540930741,37.788977011387836,2026-07-06 07:00:00,0xd0601ce157db5bdc3162bbac2a2c8af5320d9eec
0,,,9,1.024364684015235,204.53866995840565,1,0.00474908449975574,1.0020509958472965,3,0.02567706591819697,5.419033313820115,2026-07-06 08:00:00,0xd0601ce157db5bdc3162bbac2a2c8af5320d9eec
2,0.022277762362022935,4.682799154799014,17,0.9429758310459495,197.13307082283865,2,0.05531185529371158,10.68074359845069,2,0.04539392903829148,9.554450904,2026-07-06 09:00:00,0xd0601ce157db5bdc3162bbac2a2c8af5320d9eec
1,0.018557977771260822,3.9049885486430926,3,0.07344133264765768,15.834185614252975,0,,,2,0.011107339253021632,2.3322882578126984,2026-07-06 10:00:00,0xd0601ce157db5bdc3162bbac2a2c8af5320d9eec
1,0.006184819247965905,1.3055411974487166,2,0.07281079270571031,14.593453075460033,0,,,1,0.018970053217057994,4.007675212067049,2026-07-06 11:00:00,0xd0601ce157db5bdc3162bbac2a2c8af5320d9eec
2,0.055161912634672766,10.54856953525477,5,0.2887992374212875,58.56101133618046,5,0.2809269927453318,59.67566722497746,1,0.00474908449975574,1.0020509958472965,2026-07-06 12:00:00,0xd0601ce157db5bdc3162bbac2a2c8af5320d9eec
4,0.030648920734733787,5.930690378207706,2,0.03713329500578118,8.039520646590018,1,0.01891324401776695,4.058786562448765,2,0.05531185529371158,10.68074359845069,2026-07-06 13:00:00,0xd0601ce157db5bdc3162bbac2a2c8af5320d9eec
3,0.06909055480506332,13.679044864788139,11,0.7525520973202111,157.58711617116214,7,0.21638166173105597,46.56384196463086,0,,,2026-07-06 14:00:00,0xd0601ce157db5bdc3162bbac2a2c8af5320d9eec
4,0.05337457062437006,11.131582272419156,8,0.2818489212199355,61.11617337408932,16,1.7422268004731318,363.37447042070056,0,,,2026-07-06 15:00:00,0xd0601ce157db5bdc3162bbac2a2c8af5320d9eec
6,0.1911325576689601,40.90062791815534,2,0.1900412646432656,37.12936083041889,9,1.024364684015235,204.53866995840565,5,0.2809269927453318,59.67566722497746,2026-07-06 16:00:00,0xd0601ce157db5bdc3162bbac2a2c8af5320d9eec
1,0.009129038448033252,1.790177960976,6,0.3122755156503604,63.24073039241843,17,0.9429758310459495,197.13307082283865,1,0.01891324401776695,4.058786562448765,2026-07-06 17:00:00,0xd0601ce157db5bdc3162bbac2a2c8af5320d9eec
27,2.8538222803270292,592.4744016721511,5,0.17433445399702271,34.6397010312016,3,0.07344133264765768,15.834185614252975,7,0.21638166173105597,46.56384196463086,2026-07-06 18:00:00,0xd0601ce157db5bdc3162bbac2a2c8af5320d9eec
7,0.4594313537875493,93.53999309238826,3,0.2705106759285766,53.5148146087685,2,0.07281079270571031,14.593453075460033,16,1.7422268004731318,363.37447042070056,2026-07-06 19:00:00,0xd0601ce157db5bdc3162bbac2a2c8af5320d9eec
4,0.10887309751955024,23.551852459924575,4,0.08190015769366865,17.209961282657424,5,0.2887992374212875,58.56101133618046,9,1.024364684015235,204.53866995840565,2026-07-06 20:00:00,0xd0601ce157db5bdc3162bbac2a2c8af5320d9eec
15,2.85820924099789,564.4868499461418,5,0.2773409778041596,57.70225888818889,2,0.03713329500578118,8.039520646590018,17,0.9429758310459495,197.13307082283865,2026-07-06 21:00:00,0xd0601ce157db5bdc3162bbac2a2c8af5320d9eec
4,0.2038794849339195,44.05181457725815,11,0.965644427944235,188.86866139160244,11,0.7525520973202111,157.58711617116214,3,0.07344133264765768,15.834185614252975,2026-07-06 22:00:00,0xd0601ce157db5bdc3162bbac2a2c8af5320d9eec
6,0.20929643904254971,45.18171593377882,19,2.1639479492992355,419.0015676181313,8,0.2818489212199355,61.11617337408932,2,0.07281079270571031,14.593453075460033,2026-07-06 23:00:00,0xd0601ce157db5bdc3162bbac2a2c8af5320d9eec
5,0.19212491415898458,41.16858817090542,5,0.4428001708609003,85.81677225786846,2,0.1900412646432656,37.12936083041889,5,0.2887992374212875,58.56101133618046,2026-07-07 00:00:00,0xd0601ce157db5bdc3162bbac2a2c8af5320d9eec
4,0.37756787020359184,77.34172623274452,3,0.03270299027233985,6.923425191637701,6,0.3122755156503604,63.24073039241843,2,0.03713329500578118,8.039520646590018,2026-07-07 01:00:00,0xd0601ce157db5bdc3162bbac2a2c8af5320d9eec
7,0.33358942240514433,72.33735830107837,10,0.9952578284089543,207.98995938269152,5,0.17433445399702271,34.6397010312016,11,0.7525520973202111,157.58711617116214,2026-07-07 02:00:00,0xd0601ce157db5bdc3162bbac2a2c8af5320d9eec
6,0.2988501295111403,59.713990444833335,13,1.562042356953947,301.83819841716803,3,0.2705106759285766,53.5148146087685,8,0.2818489212199355,61.11617337408932,2026-07-07 03:00:00,0xd0601ce157db5bdc3162bbac2a2c8af5320d9eec
2,0.04701231819291615,10.158232035962726,23,1.3268957553924958,265.84849950001563,4,0.08190015769366865,17.209961282657424,2,0.1900412646432656,37.12936083041889,2026-07-07 04:00:00,0xd0601ce157db5bdc3162bbac2a2c8af5320d9eec
1,0.017917862774432018,3.8670869115416737,11,0.6739213324872331,139.99130846423677,5,0.2773409778041596,57.70225888818889,6,0.3122755156503604,63.24073039241843,2026-07-07 05:00:00,0xd0601ce157db5bdc3162bbac2a2c8af5320d9eec
2,0.11328452082712087,22.23343375550057,5,0.20838902144018143,44.25509916568351,11,0.965644427944235,188.86866139160244,5,0.17433445399702271,34.6397010312016,2026-07-07 06:00:00,0xd0601ce157db5bdc3162bbac2a2c8af5320d9eec
6,0.1217326188139259,25.98466934555664,2,0.45853628794705026,92.21577620193234,19,2.1639479492992355,419.0015676181313,3,0.2705106759285766,53.5148146087685,2026-07-07 07:00:00,0xd0601ce157db5bdc3162bbac2a2c8af5320d9eec
2,0.204257436790949,39.879781986526595,11,0.8333809346595742,177.01526977020254,5,0.4428001708609003,85.81677225786846,4,0.08190015769366865,17.209961282657424,2026-07-07 08:00:00,0xd0601ce157db5bdc3162bbac2a2c8af5320d9eec
7,0.23462418658674736,46.22552526674976,10,0.45320970021711615,95.07288822695591,3,0.03270299027233985,6.923425191637701,5,0.2773409778041596,57.70225888818889,2026-07-07 09:00:00,0xd0601ce157db5bdc3162bbac2a2c8af5320d9eec
7,0.5074411543638918,99.29348524493724,6,0.22952629728052132,49.41069417969799,10,0.9952578284089543,207.98995938269152,11,0.965644427944235,188.86866139160244,2026-07-07 10:00:00,0xd0601ce157db5bdc3162bbac2a2c8af5320d9eec
7,1.0311357004236605,198.56722471714153,13,1.3715399431145392,273.1805358866142,13,1.562042356953947,301.83819841716803,19,2.1639479492992355,419.0015676181313,2026-07-07 11:00:00,0xd0601ce157db5bdc3162bbac2a2c8af5320d9eec
6,0.3675565884641469,71.56455865593024,13,0.8480021740897635,172.96658666402124,23,1.3268957553924958,265.84849950001563,5,0.4428001708609003,85.81677225786846,2026-07-07 12:00:00,0xd0601ce157db5bdc3162bbac2a2c8af5320d9eec
2,0.02670610457504906,5.530484046859345,19,3.357143805255194,620.645022771442,11,0.6739213324872331,139.99130846423677,3,0.03270299027233985,6.923425191637701,2026-07-07 13:00:00,0xd0601ce157db5bdc3162bbac2a2c8af5320d9eec
10,0.27257317328531677,58.20634320143658,21,4.579839406532241,894.1518697379457,5,0.20838902144018143,44.25509916568351,10,0.9952578284089543,207.98995938269152,2026-07-07 14:00:00,0xd0601ce157db5bdc3162bbac2a2c8af5320d9eec
8,0.3541822752460855,71.22537229999544,11,1.2460706808324682,250.6193621656442,2,0.45853628794705026,92.21577620193234,13,1.562042356953947,301.83819841716803,2026-07-07 15:00:00,0xd0601ce157db5bdc3162bbac2a2c8af5320d9eec
15,1.3199955847893023,262.32774687481106,11,0.5609722922247259,116.60525145520558,11,0.8333809346595742,177.01526977020254,23,1.3268957553924958,265.84849950001563,2026-07-07 16:00:00,0xd0601ce157db5bdc3162bbac2a2c8af5320d9eec
5,0.1449116587509251,30.703204381808792,20,1.7326709901480157,369.39428613967726,10,0.45320970021711615,95.07288822695591,11,0.6739213324872331,139.99130846423677,2026-07-07 17:00:00,0xd0601ce157db5bdc3162bbac2a2c8af5320d9eec
4,0.23137701471692057,50.51591318938536,25,2.5600339381851773,526.7704082165926,6,0.22952629728052132,49.41069417969799,5,0.20838902144018143,44.25509916568351,2026-07-07 18:00:00,0xd0601ce157db5bdc3162bbac2a2c8af5320d9eec
4,0.28219180547092926,57.20625624350046,34,4.558262175429701,917.3632735773988,13,1.3715399431145392,273.1805358866142,2,0.45853628794705026,92.21577620193234,2026-07-07 19:00:00,0xd0601ce157db5bdc3162bbac2a2c8af5320d9eec
16,1.103143350279627,225.01445845063148,47,16.177766653098626,3354.2623361089677,13,0.8480021740897635,172.96658666402124,11,0.8333809346595742,177.01526977020254,2026-07-07 20:00:00,0xd0601ce157db5bdc3162bbac2a2c8af5320d9eec
7,0.17361274595877577,36.825810490743336,23,2.157811170954538,440.8279559499498,19,3.357143805255194,620.645022771442,10,0.45320970021711615,95.07288822695591,2026-07-07 21:00:00,0xd0601ce157db5bdc3162bbac2a2c8af5320d9eec
5,0.13745486304628982,29.85194536873091,27,4.06465623240606,812.4699807836324,21,4.579839406532241,894.1518697379457,6,0.22952629728052132,49.41069417969799,2026-07-07 22:00:00,0xd0601ce157db5bdc3162bbac2a2c8af5320d9eec
4,0.11623419990334032,25.15467560135786,43,8.664462616082977,1732.0382131500019,11,1.2460706808324682,250.6193621656442,13,1.3715399431145392,273.1805358866142,2026-07-07 23:00:00,0xd0601ce157db5bdc3162bbac2a2c8af5320d9eec
0,,,0,,,0,,,0,,,2026-07-01 00:00:00,0xd5f3879160bc7c32ebb4dc785f8a4f505888de68
0,,,0,,,0,,,0,,,2026-07-01 01:00:00,0xd5f3879160bc7c32ebb4dc785f8a4f505888de68
0,,,0,,,0,,,0,,,2026-07-01 02:00:00,0xd5f3879160bc7c32ebb4dc785f8a4f505888de68
0,,,1,0.000135398606662725,0.09995180000000001,0,,,0,,,2026-07-01 03:00:00,0xd5f3879160bc7c32ebb4dc785f8a4f505888de68
0,,,2,0.002878958304312666,2.105254317376,0,,,0,,,2026-07-01 04:00:00,0xd5f3879160bc7c32ebb4dc785f8a4f505888de68
0,,,1,0.000135007029119093,0.09999059999999999,0,,,0,,,2026-07-01 05:00:00,0xd5f3879160bc7c32ebb4dc785f8a4f505888de68
0,,,0,,,0,,,0,,,2026-07-01 06:00:00,0xd5f3879160bc7c32ebb4dc785f8a4f505888de68
0,,,0,,,0,,,0,,,2026-07-01 07:00:00,0xd5f3879160bc7c32ebb4dc785f8a4f505888de68
0,,,0,,,0,,,0,,,2026-07-01 08:00:00,0xd5f3879160bc7c32ebb4dc785f8a4f505888de68
0,,,0,,,0,,,0,,,2026-07-01 09:00:00,0xd5f3879160bc7c32ebb4dc785f8a4f505888de68
0,,,0,,,0,,,0,,,2026-07-01 10:00:00,0xd5f3879160bc7c32ebb4dc785f8a4f505888de68
0,,,0,,,1,0.000135398606662725,0.09995180000000001,0,,,2026-07-01 11:00:00,0xd5f3879160bc7c32ebb4dc785f8a4f505888de68
0,,,0,,,2,0.002878958304312666,2.105254317376,0,,,2026-07-01 12:00:00,0xd5f3879160bc7c32ebb4dc785f8a4f505888de68
0,,,0,,,1,0.000135007029119093,0.09999059999999999,0,,,2026-07-01 13:00:00,0xd5f3879160bc7c32ebb4dc785f8a4f505888de68
0,,,0,,,0,,,0,,,2026-07-01 14:00:00,0xd5f3879160bc7c32ebb4dc785f8a4f505888de68
0,,,0,,,0,,,1,0.000135398606662725,0.09995180000000001,2026-07-01 15:00:00,0xd5f3879160bc7c32ebb4dc785f8a4f505888de68
0,,,0,,,0,,,2,0.002878958304312666,2.105254317376,2026-07-01 16:00:00,0xd5f3879160bc7c32ebb4dc785f8a4f505888de68
1,0.000135365113342769,0.0999868,0,,,0,,,1,0.000135007029119093,0.09999059999999999,2026-07-01 17:00:00,0xd5f3879160bc7c32ebb4dc785f8a4f505888de68
0,,,0,,,0,,,0,,,2026-07-01 18:00:00,0xd5f3879160bc7c32ebb4dc785f8a4f505888de68
0,,,0,,,0,,,0,,,2026-07-01 19:00:00,0xd5f3879160bc7c32ebb4dc785f8a4f505888de68
0,,,0,,,0,,,0,,,2026-07-01 20:00:00,0xd5f3879160bc7c32ebb4dc785f8a4f505888de68
0,,,0,,,0,,,0,,,2026-07-01 21:00:00,0xd5f3879160bc7c32ebb4dc785f8a4f505888de68
0,,,0,,,0,,,0,,,2026-07-01 22:00:00,0xd5f3879160bc7c32ebb4dc785f8a4f505888de68
0,,,0,,,0,,,0,,,2026-07-01 23:00:00,0xd5f3879160bc7c32ebb4dc785f8a4f505888de68
0,,,0,,,0,,,0,,,2026-07-02 00:00:00,0xd5f3879160bc7c32ebb4dc785f8a4f505888de68
0,,,0,,,0,,,0,,,2026-07-02 01:00:00,0xd5f3879160bc7c32ebb4dc785f8a4f505888de68
0,,,0,,,0,,,0,,,2026-07-02 02:00:00,0xd5f3879160bc7c32ebb4dc785f8a4f505888de68
0,,,0,,,0,,,0,,,2026-07-02 03:00:00,0xd5f3879160bc7c32ebb4dc785f8a4f505888de68
0,,,0,,,0,,,0,,,2026-07-02 04:00:00,0xd5f3879160bc7c32ebb4dc785f8a4f505888de68
0,,,0,,,0,,,0,,,2026-07-02 05:00:00,0xd5f3879160bc7c32ebb4dc785f8a4f505888de68
0,,,0,,,0,,,0,,,2026-07-02 06:00:00,0xd5f3879160bc7c32ebb4dc785f8a4f505888de68
0,,,0,,,0,,,0,,,2026-07-02 07:00:00,0xd5f3879160bc7c32ebb4dc785f8a4f505888de68
0,,,0,,,0,,,0,,,2026-07-02 08:00:00,0xd5f3879160bc7c32ebb4dc785f8a4f505888de68
0,,,0,,,0,,,0,,,2026-07-02 09:00:00,0xd5f3879160bc7c32ebb4dc785f8a4f505888de68
0,,,0,,,0,,,0,,,2026-07-02 10:00:00,0xd5f3879160bc7c32ebb4dc785f8a4f505888de68
0,,,0,,,0,,,0,,,2026-07-02 11:00:00,0xd5f3879160bc7c32ebb4dc785f8a4f505888de68
0,,,0,,,0,,,0,,,2026-07-02 12:00:00,0xd5f3879160bc7c32ebb4dc785f8a4f505888de68
0,,,0,,,0,,,0,,,2026-07-02 13:00:00,0xd5f3879160bc7c32ebb4dc785f8a4f505888de68
0,,,0,,,0,,,0,,,2026-07-02 14:00:00,0xd5f3879160bc7c32ebb4dc785f8a4f505888de68
0,,,1,0.006947816957246826,4.999125,0,,,0,,,2026-07-02 15:00:00,0xd5f3879160bc7c32ebb4dc785f8a4f505888de68
0,,,8,0.000111236900418095,0.07991958042000001,0,,,0,,,2026-07-02 16:00:00,0xd5f3879160bc7c32ebb4dc785f8a4f505888de68
0,,,16,0.000222282664501591,0.15983385614999998,0,,,0,,,2026-07-02 17:00:00,0xd5f3879160bc7c32ebb4dc785f8a4f505888de68
0,,,13,0.000180435725200511,0.12988231767,0,,,0,,,2026-07-02 18:00:00,0xd5f3879160bc7c32ebb4dc785f8a4f505888de68
0,,,11,0.000152540650407905,0.10987833167999998,0,,,0,,,2026-07-02 19:00:00,0xd5f3879160bc7c32ebb4dc785f8a4f505888de68
0,,,3,4.1586692009811004e-05,0.029972707290000004,0,,,0,,,2026-07-02 20:00:00,0xd5f3879160bc7c32ebb4dc785f8a4f505888de68
0,,,4,5.544297354688e-05,0.03996539460000001,0,,,0,,,2026-07-02 21:00:00,0xd5f3879160bc7c32ebb4dc785f8a4f505888de68
0,,,7,9.6979118072784e-05,0.06992391609000001,0,,,0,,,2026-07-02 22:00:00,0xd5f3879160bc7c32ebb4dc785f8a4f505888de68
0,,,7,9.694940270763201e-05,0.06991699302000001,1,0.006947816957246826,4.999125,0,,,2026-07-02 23:00:00,0xd5f3879160bc7c32ebb4dc785f8a4f505888de68
1,0.001353934416712,0.999751,9,0.00012456142631818198,0.08990434566000001,8,0.000111236900418095,0.07991958042000001,0,,,2026-07-03 00:00:00,0xd5f3879160bc7c32ebb4dc785f8a4f505888de68
0,,,3,4.1503945788766e-05,0.02997017982,16,0.000222282664501591,0.15983385614999998,0,,,2026-07-03 01:00:00,0xd5f3879160bc7c32ebb4dc785f8a4f505888de68
2,0.002695372646214272,1.999804,10,0.00036333817813066104,0.2625504839,13,0.000180435725200511,0.12988231767,0,,,2026-07-03 02:00:00,0xd5f3879160bc7c32ebb4dc785f8a4f505888de68
7,9.735470517852499e-05,0.06993874125,0,,,11,0.000152540650407905,0.10987833167999998,1,0.006947816957246826,4.999125,2026-07-03 03:00:00,0xd5f3879160bc7c32ebb4dc785f8a4f505888de68
16,0.000222391856525804,0.15983746254,0,,,3,4.1586692009811004e-05,0.029972707290000004,8,0.000111236900418095,0.07991958042000001,2026-07-03 04:00:00,0xd5f3879160bc7c32ebb4dc785f8a4f505888de68
17,0.0015761079695878152,1.14002454695,0,,,4,5.544297354688e-05,0.03996539460000001,16,0.000222282664501591,0.15983385614999998,2026-07-03 05:00:00,0xd5f3879160bc7c32ebb4dc785f8a4f505888de68
17,0.00023584587608081498,0.16983900099,0,,,7,9.6979118072784e-05,0.06992391609000001,13,0.000180435725200511,0.12988231767,2026-07-03 06:00:00,0xd5f3879160bc7c32ebb4dc785f8a4f505888de68
5,6.931965367435899e-05,0.049952387609999996,0,,,7,9.694940270763201e-05,0.06991699302000001,11,0.000152540650407905,0.10987833167999998,2026-07-03 07:00:00,0xd5f3879160bc7c32ebb4dc785f8a4f505888de68
0,,,0,,,9,0.00012456142631818198,0.08990434566000001,3,4.1586692009811004e-05,0.029972707290000004,2026-07-03 08:00:00,0xd5f3879160bc7c32ebb4dc785f8a4f505888de68
10,0.00013857769595227,0.09989493507000001,0,,,3,4.1503945788766e-05,0.02997017982,4,5.544297354688e-05,0.03996539460000001,2026-07-03 09:00:00,0xd5f3879160bc7c32ebb4dc785f8a4f505888de68
3,4.1556110766464e-05,0.029966143860000002,0,,,10,0.00036333817813066104,0.2625504839,7,9.6979118072784e-05,0.06992391609000001,2026-07-03 10:00:00,0xd5f3879160bc7c32ebb4dc785f8a4f505888de68
15,0.000207678712668242,0.14984851149000003,0,,,0,,,7,9.694940270763201e-05,0.06991699302000001,2026-07-03 11:00:00,0xd5f3879160bc7c32ebb4dc785f8a4f505888de68
7,9.6857371819361e-05,0.06994131867,0,,,0,,,9,0.00012456142631818198,0.08990434566000001,2026-07-03 12:00:00,0xd5f3879160bc7c32ebb4dc785f8a4f505888de68
7,9.6827712388755e-05,0.06993639360000001,3,8.3157038199342e-05,0.059725111173,0,,,3,4.1503945788766e-05,0.02997017982,2026-07-03 13:00:00,0xd5f3879160bc7c32ebb4dc785f8a4f505888de68
2,2.7639001401862998e-05,0.019978701300000002,1,2.7719978049866e-05,0.019902119412,0,,,10,0.00036333817813066104,0.2625504839,2026-07-03 14:00:00,0xd5f3879160bc7c32ebb4dc785f8a4f505888de68
0,,,0,,,0,,,0,,,2026-07-03 15:00:00,0xd5f3879160bc7c32ebb4dc785f8a4f505888de68
0,,,0,,,0,,,0,,,2026-07-03 16:00:00,0xd5f3879160bc7c32ebb4dc785f8a4f505888de68
0,,,19,0.00026384632097747196,0.18984419577000006,0,,,0,,,2026-07-03 17:00:00,0xd5f3879160bc7c32ebb4dc785f8a4f505888de68
0,,,20,0.000277396659000366,0.19980884115000005,0,,,0,,,2026-07-03 18:00:00,0xd5f3879160bc7c32ebb4dc785f8a4f505888de68
0,,,20,0.000277056712941972,0.19981844153999997,0,,,0,,,2026-07-03 19:00:00,0xd5f3879160bc7c32ebb4dc785f8a4f505888de68
0,,,19,0.000262885547016639,0.18981256743000002,0,,,0,,,2026-07-03 20:00:00,0xd5f3879160bc7c32ebb4dc785f8a4f505888de68
0,,,0,,,3,8.3157038199342e-05,0.059725111173,0,,,2026-07-03 21:00:00,0xd5f3879160bc7c32ebb4dc785f8a4f505888de68
0,,,4,5.5289275314721005e-05,0.039961188810000006,1,2.7719978049866e-05,0.019902119412,0,,,2026-07-03 22:00:00,0xd5f3879160bc7c32ebb4dc785f8a4f505888de68
0,,,1,0.0018093446018556,1.271032747424,0,,,0,,,2026-07-03 23:00:00,0xd5f3879160bc7c32ebb4dc785f8a4f505888de68
12,0.00022169196124651,0.15929099381999998,1,0.001793104347510868,1.28515188626,0,,,0,,,2026-07-04 00:00:00,0xd5f3879160bc7c32ebb4dc785f8a4f505888de68
2,5.5428602463537e-05,0.0398016318,0,,,19,0.00026384632097747196,0.18984419577000006,3,8.3157038199342e-05,0.059725111173,2026-07-04 01:00:00,0xd5f3879160bc7c32ebb4dc785f8a4f505888de68
0,,,0,,,20,0.000277396659000366,0.19980884115000005,1,2.7719978049866e-05,0.019902119412,2026-07-04 02:00:00,0xd5f3879160bc7c32ebb4dc785f8a4f505888de68
0,,,0,,,20,0.000277056712941972,0.19981844153999997,0,,,2026-07-04 03:00:00,0xd5f3879160bc7c32ebb4dc785f8a4f505888de68
14,0.02362894596815253,16.780369401180003,0,,,19,0.000262885547016639,0.18981256743000002,0,,,2026-07-04 04:00:00,0xd5f3879160bc7c32ebb4dc785f8a4f505888de68
20,0.00027756686670233493,0.19979833167000005,1,2.7671909661005e-05,0.019893710712,0,,,19,0.00026384632097747196,0.18984419577000006,2026-07-04 05:00:00,0xd5f3879160bc7c32ebb4dc785f8a4f505888de68
20,0.0002772266078108561,0.19980258741,0,,,4,5.5289275314721005e-05,0.039961188810000006,20,0.000277396659000366,0.19980884115000005,2026-07-04 06:00:00,0xd5f3879160bc7c32ebb4dc785f8a4f505888de68
20,0.000276886974202175,0.19983779217000003,1,2.7688941743671e-05,0.01989442323,1,0.0018093446018556,1.271032747424,20,0.000277056712941972,0.19981844153999997,2026-07-04 07:00:00,0xd5f3879160bc7c32ebb4dc785f8a4f505888de68
17,0.00023508376255465999,0.16982742258,0,,,1,0.001793104347510868,1.28515188626,19,0.000262885547016639,0.18981256743000002,2026-07-04 08:00:00,0xd5f3879160bc7c32ebb4dc785f8a4f505888de68
4,5.5296046174065e-05,0.039959780220000005,0,,,0,,,0,,,2026-07-04 09:00:00,0xd5f3879160bc7c32ebb4dc785f8a4f505888de68
3,0.001823165862883241,1.3099231005999998,0,,,0,,,4,5.5289275314721005e-05,0.039961188810000006,2026-07-04 10:00:00,0xd5f3879160bc7c32ebb4dc785f8a4f505888de68
0,,,2,2.7634883000460002e-05,0.019979350649999998,0,,,1,0.0018093446018556,1.271032747424,2026-07-04 11:00:00,0xd5f3879160bc7c32ebb4dc785f8a4f505888de68
0,,,1,1.3816807145793e-05,0.0099907992,0,,,1,0.001793104347510868,1.28515188626,2026-07-04 12:00:00,0xd5f3879160bc7c32ebb4dc785f8a4f505888de68
0,,,0,,,1,2.7671909661005e-05,0.019893710712,0,,,2026-07-04 13:00:00,0xd5f3879160bc7c32ebb4dc785f8a4f505888de68
0,,,0,,,0,,,0,,,2026-07-04 14:00:00,0xd5f3879160bc7c32ebb4dc785f8a4f505888de68
0,,,0,,,1,2.7688941743671e-05,0.01989442323,0,,,2026-07-04 15:00:00,0xd5f3879160bc7c32ebb4dc785f8a4f505888de68
0,,,0,,,0,,,0,,,2026-07-04 16:00:00,0xd5f3879160bc7c32ebb4dc785f8a4f505888de68
4,0.000110783842738088,0.079629671511,0,,,0,,,1,2.7671909661005e-05,0.019893710712,2026-07-04 17:00:00,0xd5f3879160bc7c32ebb4dc785f8a4f505888de68
0,,,0,,,0,,,0,,,2026-07-04 18:00:00,0xd5f3879160bc7c32ebb4dc785f8a4f505888de68
0,,,0,,,2,2.7634883000460002e-05,0.019979350649999998,1,2.7688941743671e-05,0.01989442323,2026-07-04 19:00:00,0xd5f3879160bc7c32ebb4dc785f8a4f505888de68
0,,,0,,,1,1.3816807145793e-05,0.0099907992,0,,,2026-07-04 20:00:00,0xd5f3879160bc7c32ebb4dc785f8a4f505888de68
0,,,0,,,0,,,0,,,2026-07-04 21:00:00,0xd5f3879160bc7c32ebb4dc785f8a4f505888de68
0,,,0,,,0,,,0,,,2026-07-04 22:00:00,0xd5f3879160bc7c32ebb4dc785f8a4f505888de68
0,,,0,,,0,,,2,2.7634883000460002e-05,0.019979350649999998,2026-07-04 23:00:00,0xd5f3879160bc7c32ebb4dc785f8a4f505888de68
1,1.3816384268722e-05,0.009990129870000001,0,,,0,,,1,1.3816807145793e-05,0.0099907992,2026-07-05 00:00:00,0xd5f3879160bc7c32ebb4dc785f8a4f505888de68
0,,,1,0.00122050898782707,0.883765510173,0,,,0,,,2026-07-05 01:00:00,0xd5f3879160bc7c32ebb4dc785f8a4f505888de68
0,,,1,1.6583622861329e-05,0.01200138,0,,,0,,,2026-07-05 02:00:00,0xd5f3879160bc7c32ebb4dc785f8a4f505888de68
0,,,0,,,0,,,0,,,2026-07-05 03:00:00,0xd5f3879160bc7c32ebb4dc785f8a4f505888de68
0,,,0,,,0,,,0,,,2026-07-05 04:00:00,0xd5f3879160bc7c32ebb4dc785f8a4f505888de68
0,,,0,,,0,,,0,,,2026-07-05 05:00:00,0xd5f3879160bc7c32ebb4dc785f8a4f505888de68
0,,,0,,,0,,,0,,,2026-07-05 06:00:00,0xd5f3879160bc7c32ebb4dc785f8a4f505888de68
0,,,0,,,0,,,0,,,2026-07-05 07:00:00,0xd5f3879160bc7c32ebb4dc785f8a4f505888de68
0,,,0,,,0,,,0,,,2026-07-05 08:00:00,0xd5f3879160bc7c32ebb4dc785f8a4f505888de68
0,,,0,,,1,0.00122050898782707,0.883765510173,0,,,2026-07-05 09:00:00,0xd5f3879160bc7c32ebb4dc785f8a4f505888de68
0,,,0,,,1,1.6583622861329e-05,0.01200138,0,,,2026-07-05 10:00:00,0xd5f3879160bc7c32ebb4dc785f8a4f505888de68
0,,,1,1.7959174543251e-05,0.013000676,0,,,0,,,2026-07-05 11:00:00,0xd5f3879160bc7c32ebb4dc785f8a4f505888de68
0,,,0,,,0,,,0,,,2026-07-05 12:00:00,0xd5f3879160bc7c32ebb4dc785f8a4f505888de68
0,,,0,,,0,,,1,0.00122050898782707,0.883765510173,2026-07-05 13:00:00,0xd5f3879160bc7c32ebb4dc785f8a4f505888de68
0,,,0,,,0,,,1,1.6583622861329e-05,0.01200138,2026-07-05 14:00:00,0xd5f3879160bc7c32ebb4dc785f8a4f505888de68
0,,,0,,,0,,,0,,,2026-07-05 15:00:00,0xd5f3879160bc7c32ebb4dc785f8a4f505888de68
0,,,0,,,0,,,0,,,2026-07-05 16:00:00,0xd5f3879160bc7c32ebb4dc785f8a4f505888de68
0,,,0,,,0,,,0,,,2026-07-05 17:00:00,0xd5f3879160bc7c32ebb4dc785f8a4f505888de68
0,,,0,,,0,,,0,,,2026-07-05 18:00:00,0xd5f3879160bc7c32ebb4dc785f8a4f505888de68
0,,,0,,,1,1.7959174543251e-05,0.013000676,0,,,2026-07-05 19:00:00,0xd5f3879160bc7c32ebb4dc785f8a4f505888de68
0,,,0,,,0,,,0,,,2026-07-05 20:00:00,0xd5f3879160bc7c32ebb4dc785f8a4f505888de68
0,,,0,,,0,,,0,,,2026-07-05 21:00:00,0xd5f3879160bc7c32ebb4dc785f8a4f505888de68
1,1.658072126223e-05,0.012001368,0,,,0,,,0,,,2026-07-05 22:00:00,0xd5f3879160bc7c32ebb4dc785f8a4f505888de68
0,,,0,,,0,,,1,1.7959174543251e-05,0.013000676,2026-07-05 23:00:00,0xd5f3879160bc7c32ebb4dc785f8a4f505888de68
0,,,0,,,0,,,0,,,2026-07-06 00:00:00,0xd5f3879160bc7c32ebb4dc785f8a4f505888de68
0,,,0,,,0,,,0,,,2026-07-06 01:00:00,0xd5f3879160bc7c32ebb4dc785f8a4f505888de68
0,,,0,,,0,,,0,,,2026-07-06 02:00:00,0xd5f3879160bc7c32ebb4dc785f8a4f505888de68
0,,,0,,,0,,,0,,,2026-07-06 03:00:00,0xd5f3879160bc7c32ebb4dc785f8a4f505888de68
0,,,0,,,0,,,0,,,2026-07-06 04:00:00,0xd5f3879160bc7c32ebb4dc785f8a4f505888de68
0,,,0,,,0,,,0,,,2026-07-06 05:00:00,0xd5f3879160bc7c32ebb4dc785f8a4f505888de68
0,,,0,,,0,,,0,,,2026-07-06 06:00:00,0xd5f3879160bc7c32ebb4dc785f8a4f505888de68
1,2.931473686984e-06,0.0021226645659999997,0,,,0,,,0,,,2026-07-06 07:00:00,0xd5f3879160bc7c32ebb4dc785f8a4f505888de68
0,,,0,,,0,,,0,,,2026-07-06 08:00:00,0xd5f3879160bc7c32ebb4dc785f8a4f505888de68
0,,,0,,,0,,,0,,,2026-07-06 09:00:00,0xd5f3879160bc7c32ebb4dc785f8a4f505888de68
0,,,0,,,0,,,0,,,2026-07-06 10:00:00,0xd5f3879160bc7c32ebb4dc785f8a4f505888de68
0,,,0,,,0,,,0,,,2026-07-06 11:00:00,0xd5f3879160bc7c32ebb4dc785f8a4f505888de68
0,,,0,,,0,,,0,,,2026-07-06 12:00:00,0xd5f3879160bc7c32ebb4dc785f8a4f505888de68
0,,,0,,,0,,,0,,,2026-07-06 13:00:00,0xd5f3879160bc7c32ebb4dc785f8a4f505888de68
0,,,0,,,0,,,0,,,2026-07-06 14:00:00,0xd5f3879160bc7c32ebb4dc785f8a4f505888de68
0,,,0,,,0,,,0,,,2026-07-06 15:00:00,0xd5f3879160bc7c32ebb4dc785f8a4f505888de68
0,,,0,,,0,,,0,,,2026-07-06 16:00:00,0xd5f3879160bc7c32ebb4dc785f8a4f505888de68
0,,,0,,,0,,,0,,,2026-07-06 17:00:00,0xd5f3879160bc7c32ebb4dc785f8a4f505888de68
0,,,0,,,0,,,0,,,2026-07-06 18:00:00,0xd5f3879160bc7c32ebb4dc785f8a4f505888de68
0,,,0,,,0,,,0,,,2026-07-06 19:00:00,0xd5f3879160bc7c32ebb4dc785f8a4f505888de68
0,,,0,,,0,,,0,,,2026-07-06 20:00:00,0xd5f3879160bc7c32ebb4dc785f8a4f505888de68
0,,,0,,,0,,,0,,,2026-07-06 21:00:00,0xd5f3879160bc7c32ebb4dc785f8a4f505888de68
0,,,0,,,0,,,0,,,2026-07-06 22:00:00,0xd5f3879160bc7c32ebb4dc785f8a4f505888de68
0,,,0,,,0,,,0,,,2026-07-06 23:00:00,0xd5f3879160bc7c32ebb4dc785f8a4f505888de68
0,,,0,,,0,,,0,,,2026-07-07 00:00:00,0xd5f3879160bc7c32ebb4dc785f8a4f505888de68
0,,,0,,,0,,,0,,,2026-07-07 01:00:00,0xd5f3879160bc7c32ebb4dc785f8a4f505888de68
0,,,0,,,0,,,0,,,2026-07-07 02:00:00,0xd5f3879160bc7c32ebb4dc785f8a4f505888de68
0,,,0,,,0,,,0,,,2026-07-07 03:00:00,0xd5f3879160bc7c32ebb4dc785f8a4f505888de68
0,,,0,,,0,,,0,,,2026-07-07 04:00:00,0xd5f3879160bc7c32ebb4dc785f8a4f505888de68
0,,,0,,,0,,,0,,,2026-07-07 05:00:00,0xd5f3879160bc7c32ebb4dc785f8a4f505888de68
0,,,0,,,0,,,0,,,2026-07-07 06:00:00,0xd5f3879160bc7c32ebb4dc785f8a4f505888de68
0,,,0,,,0,,,0,,,2026-07-07 07:00:00,0xd5f3879160bc7c32ebb4dc785f8a4f505888de68
0,,,6,0.000155037985021002,0.111684463755,0,,,0,,,2026-07-07 08:00:00,0xd5f3879160bc7c32ebb4dc785f8a4f505888de68
0,,,0,,,0,,,0,,,2026-07-07 09:00:00,0xd5f3879160bc7c32ebb4dc785f8a4f505888de68
0,,,0,,,0,,,0,,,2026-07-07 10:00:00,0xd5f3879160bc7c32ebb4dc785f8a4f505888de68
0,,,0,,,0,,,0,,,2026-07-07 11:00:00,0xd5f3879160bc7c32ebb4dc785f8a4f505888de68
0,,,0,,,0,,,0,,,2026-07-07 12:00:00,0xd5f3879160bc7c32ebb4dc785f8a4f505888de68
0,,,0,,,0,,,0,,,2026-07-07 13:00:00,0xd5f3879160bc7c32ebb4dc785f8a4f505888de68
0,,,0,,,0,,,0,,,2026-07-07 14:00:00,0xd5f3879160bc7c32ebb4dc785f8a4f505888de68
0,,,0,,,0,,,0,,,2026-07-07 15:00:00,0xd5f3879160bc7c32ebb4dc785f8a4f505888de68
0,,,0,,,6,0.000155037985021002,0.111684463755,0,,,2026-07-07 16:00:00,0xd5f3879160bc7c32ebb4dc785f8a4f505888de68
0,,,1,0.007993069440119066,5.7042337464070005,0,,,0,,,2026-07-07 17:00:00,0xd5f3879160bc7c32ebb4dc785f8a4f505888de68
0,,,0,,,0,,,0,,,2026-07-07 18:00:00,0xd5f3879160bc7c32ebb4dc785f8a4f505888de68
0,,,0,,,0,,,0,,,2026-07-07 19:00:00,0xd5f3879160bc7c32ebb4dc785f8a4f505888de68
2,5.6270485796852996e-05,0.040518285768,0,,,0,,,6,0.000155037985021002,0.111684463755,2026-07-07 20:00:00,0xd5f3879160bc7c32ebb4dc785f8a4f505888de68
0,,,0,,,0,,,0,,,2026-07-07 21:00:00,0xd5f3879160bc7c32ebb4dc785f8a4f505888de68
0,,,0,,,0,,,0,,,2026-07-07 22:00:00,0xd5f3879160bc7c32ebb4dc785f8a4f505888de68
0,,,0,,,0,,,0,,,2026-07-07 23:00:00,0xd5f3879160bc7c32ebb4dc785f8a4f505888de68
0,,,0,,,0,,,0,,,2026-07-01 00:00:00,0xd917b029c761d264c6a312bbbcda868658ef86a6
0,,,0,,,0,,,0,,,2026-07-01 01:00:00,0xd917b029c761d264c6a312bbbcda868658ef86a6
0,,,0,,,0,,,0,,,2026-07-01 02:00:00,0xd917b029c761d264c6a312bbbcda868658ef86a6
0,,,0,,,0,,,0,,,2026-07-01 03:00:00,0xd917b029c761d264c6a312bbbcda868658ef86a6
0,,,0,,,0,,,0,,,2026-07-01 04:00:00,0xd917b029c761d264c6a312bbbcda868658ef86a6
0,,,1,0.004648408606654081,0.09999059999999999,0,,,0,,,2026-07-01 05:00:00,0xd917b029c761d264c6a312bbbcda868658ef86a6
0,,,0,,,0,,,0,,,2026-07-01 06:00:00,0xd917b029c761d264c6a312bbbcda868658ef86a6
0,,,0,,,0,,,0,,,2026-07-01 07:00:00,0xd917b029c761d264c6a312bbbcda868658ef86a6
0,,,0,,,0,,,0,,,2026-07-01 08:00:00,0xd917b029c761d264c6a312bbbcda868658ef86a6
0,,,0,,,0,,,0,,,2026-07-01 09:00:00,0xd917b029c761d264c6a312bbbcda868658ef86a6
0,,,0,,,0,,,0,,,2026-07-01 10:00:00,0xd917b029c761d264c6a312bbbcda868658ef86a6
0,,,0,,,0,,,0,,,2026-07-01 11:00:00,0xd917b029c761d264c6a312bbbcda868658ef86a6
0,,,0,,,0,,,0,,,2026-07-01 12:00:00,0xd917b029c761d264c6a312bbbcda868658ef86a6
0,,,0,,,1,0.004648408606654081,0.09999059999999999,0,,,2026-07-01 13:00:00,0xd917b029c761d264c6a312bbbcda868658ef86a6
0,,,0,,,0,,,0,,,2026-07-01 14:00:00,0xd917b029c761d264c6a312bbbcda868658ef86a6
1,0.004728745961353815,0.09998069999999999,0,,,0,,,0,,,2026-07-01 15:00:00,0xd917b029c761d264c6a312bbbcda868658ef86a6
0,,,0,,,0,,,0,,,2026-07-01 16:00:00,0xd917b029c761d264c6a312bbbcda868658ef86a6
1,0.004679324388361043,0.0999868,0,,,0,,,1,0.004648408606654081,0.09999059999999999,2026-07-01 17:00:00,0xd917b029c761d264c6a312bbbcda868658ef86a6
0,,,0,,,0,,,0,,,2026-07-01 18:00:00,0xd917b029c761d264c6a312bbbcda868658ef86a6
0,,,0,,,0,,,0,,,2026-07-01 19:00:00,0xd917b029c761d264c6a312bbbcda868658ef86a6
0,,,0,,,0,,,0,,,2026-07-01 20:00:00,0xd917b029c761d264c6a312bbbcda868658ef86a6
0,,,0,,,0,,,0,,,2026-07-01 21:00:00,0xd917b029c761d264c6a312bbbcda868658ef86a6
0,,,0,,,0,,,0,,,2026-07-01 22:00:00,0xd917b029c761d264c6a312bbbcda868658ef86a6
0,,,0,,,0,,,0,,,2026-07-01 23:00:00,0xd917b029c761d264c6a312bbbcda868658ef86a6
0,,,0,,,0,,,0,,,2026-07-02 00:00:00,0xd917b029c761d264c6a312bbbcda868658ef86a6
0,,,0,,,0,,,0,,,2026-07-02 01:00:00,0xd917b029c761d264c6a312bbbcda868658ef86a6
0,,,0,,,0,,,0,,,2026-07-02 02:00:00,0xd917b029c761d264c6a312bbbcda868658ef86a6
0,,,0,,,0,,,0,,,2026-07-02 03:00:00,0xd917b029c761d264c6a312bbbcda868658ef86a6
0,,,0,,,0,,,0,,,2026-07-02 04:00:00,0xd917b029c761d264c6a312bbbcda868658ef86a6
0,,,0,,,0,,,0,,,2026-07-02 05:00:00,0xd917b029c761d264c6a312bbbcda868658ef86a6
0,,,0,,,0,,,0,,,2026-07-02 06:00:00,0xd917b029c761d264c6a312bbbcda868658ef86a6
0,,,0,,,0,,,0,,,2026-07-02 07:00:00,0xd917b029c761d264c6a312bbbcda868658ef86a6
0,,,0,,,0,,,0,,,2026-07-02 08:00:00,0xd917b029c761d264c6a312bbbcda868658ef86a6
0,,,0,,,0,,,0,,,2026-07-02 09:00:00,0xd917b029c761d264c6a312bbbcda868658ef86a6
0,,,0,,,0,,,0,,,2026-07-02 10:00:00,0xd917b029c761d264c6a312bbbcda868658ef86a6
0,,,0,,,0,,,0,,,2026-07-02 11:00:00,0xd917b029c761d264c6a312bbbcda868658ef86a6
0,,,0,,,0,,,0,,,2026-07-02 12:00:00,0xd917b029c761d264c6a312bbbcda868658ef86a6
0,,,0,,,0,,,0,,,2026-07-02 13:00:00,0xd917b029c761d264c6a312bbbcda868658ef86a6
0,,,0,,,0,,,0,,,2026-07-02 14:00:00,0xd917b029c761d264c6a312bbbcda868658ef86a6
0,,,0,,,0,,,0,,,2026-07-02 15:00:00,0xd917b029c761d264c6a312bbbcda868658ef86a6
0,,,0,,,0,,,0,,,2026-07-02 16:00:00,0xd917b029c761d264c6a312bbbcda868658ef86a6
0,,,0,,,0,,,0,,,2026-07-02 17:00:00,0xd917b029c761d264c6a312bbbcda868658ef86a6
0,,,0,,,0,,,0,,,2026-07-02 18:00:00,0xd917b029c761d264c6a312bbbcda868658ef86a6
0,,,0,,,0,,,0,,,2026-07-02 19:00:00,0xd917b029c761d264c6a312bbbcda868658ef86a6
0,,,0,,,0,,,0,,,2026-07-02 20:00:00,0xd917b029c761d264c6a312bbbcda868658ef86a6
0,,,0,,,0,,,0,,,2026-07-02 21:00:00,0xd917b029c761d264c6a312bbbcda868658ef86a6
0,,,0,,,0,,,0,,,2026-07-02 22:00:00,0xd917b029c761d264c6a312bbbcda868658ef86a6
0,,,0,,,0,,,0,,,2026-07-02 23:00:00,0xd917b029c761d264c6a312bbbcda868658ef86a6
0,,,0,,,0,,,0,,,2026-07-03 00:00:00,0xd917b029c761d264c6a312bbbcda868658ef86a6
0,,,0,,,0,,,0,,,2026-07-03 01:00:00,0xd917b029c761d264c6a312bbbcda868658ef86a6
0,,,0,,,0,,,0,,,2026-07-03 02:00:00,0xd917b029c761d264c6a312bbbcda868658ef86a6
0,,,0,,,0,,,0,,,2026-07-03 03:00:00,0xd917b029c761d264c6a312bbbcda868658ef86a6
0,,,0,,,0,,,0,,,2026-07-03 04:00:00,0xd917b029c761d264c6a312bbbcda868658ef86a6
0,,,0,,,0,,,0,,,2026-07-03 05:00:00,0xd917b029c761d264c6a312bbbcda868658ef86a6
0,,,0,,,0,,,0,,,2026-07-03 06:00:00,0xd917b029c761d264c6a312bbbcda868658ef86a6
0,,,0,,,0,,,0,,,2026-07-03 07:00:00,0xd917b029c761d264c6a312bbbcda868658ef86a6
0,,,0,,,0,,,0,,,2026-07-03 08:00:00,0xd917b029c761d264c6a312bbbcda868658ef86a6
0,,,0,,,0,,,0,,,2026-07-03 09:00:00,0xd917b029c761d264c6a312bbbcda868658ef86a6
0,,,0,,,0,,,0,,,2026-07-03 10:00:00,0xd917b029c761d264c6a312bbbcda868658ef86a6
0,,,0,,,0,,,0,,,2026-07-03 11:00:00,0xd917b029c761d264c6a312bbbcda868658ef86a6
0,,,0,,,0,,,0,,,2026-07-03 12:00:00,0xd917b029c761d264c6a312bbbcda868658ef86a6
0,,,0,,,0,,,0,,,2026-07-03 13:00:00,0xd917b029c761d264c6a312bbbcda868658ef86a6
0,,,0,,,0,,,0,,,2026-07-03 14:00:00,0xd917b029c761d264c6a312bbbcda868658ef86a6
0,,,0,,,0,,,0,,,2026-07-03 15:00:00,0xd917b029c761d264c6a312bbbcda868658ef86a6
0,,,0,,,0,,,0,,,2026-07-03 16:00:00,0xd917b029c761d264c6a312bbbcda868658ef86a6
0,,,0,,,0,,,0,,,2026-07-03 17:00:00,0xd917b029c761d264c6a312bbbcda868658ef86a6
0,,,0,,,0,,,0,,,2026-07-03 18:00:00,0xd917b029c761d264c6a312bbbcda868658ef86a6
0,,,0,,,0,,,0,,,2026-07-03 19:00:00,0xd917b029c761d264c6a312bbbcda868658ef86a6
0,,,0,,,0,,,0,,,2026-07-03 20:00:00,0xd917b029c761d264c6a312bbbcda868658ef86a6
0,,,0,,,0,,,0,,,2026-07-03 21:00:00,0xd917b029c761d264c6a312bbbcda868658ef86a6
0,,,0,,,0,,,0,,,2026-07-03 22:00:00,0xd917b029c761d264c6a312bbbcda868658ef86a6
0,,,0,,,0,,,0,,,2026-07-03 23:00:00,0xd917b029c761d264c6a312bbbcda868658ef86a6
0,,,0,,,0,,,0,,,2026-07-04 00:00:00,0xd917b029c761d264c6a312bbbcda868658ef86a6
0,,,0,,,0,,,0,,,2026-07-04 01:00:00,0xd917b029c761d264c6a312bbbcda868658ef86a6
0,,,0,,,0,,,0,,,2026-07-04 02:00:00,0xd917b029c761d264c6a312bbbcda868658ef86a6
0,,,0,,,0,,,0,,,2026-07-04 03:00:00,0xd917b029c761d264c6a312bbbcda868658ef86a6
0,,,0,,,0,,,0,,,2026-07-04 04:00:00,0xd917b029c761d264c6a312bbbcda868658ef86a6
0,,,0,,,0,,,0,,,2026-07-04 05:00:00,0xd917b029c761d264c6a312bbbcda868658ef86a6
0,,,0,,,0,,,0,,,2026-07-04 06:00:00,0xd917b029c761d264c6a312bbbcda868658ef86a6
0,,,0,,,0,,,0,,,2026-07-04 07:00:00,0xd917b029c761d264c6a312bbbcda868658ef86a6
0,,,0,,,0,,,0,,,2026-07-04 08:00:00,0xd917b029c761d264c6a312bbbcda868658ef86a6
0,,,0,,,0,,,0,,,2026-07-04 09:00:00,0xd917b029c761d264c6a312bbbcda868658ef86a6
0,,,0,,,0,,,0,,,2026-07-04 10:00:00,0xd917b029c761d264c6a312bbbcda868658ef86a6
0,,,0,,,0,,,0,,,2026-07-04 11:00:00,0xd917b029c761d264c6a312bbbcda868658ef86a6
0,,,0,,,0,,,0,,,2026-07-04 12:00:00,0xd917b029c761d264c6a312bbbcda868658ef86a6
0,,,0,,,0,,,0,,,2026-07-04 13:00:00,0xd917b029c761d264c6a312bbbcda868658ef86a6
0,,,0,,,0,,,0,,,2026-07-04 14:00:00,0xd917b029c761d264c6a312bbbcda868658ef86a6
0,,,0,,,0,,,0,,,2026-07-04 15:00:00,0xd917b029c761d264c6a312bbbcda868658ef86a6
0,,,0,,,0,,,0,,,2026-07-04 16:00:00,0xd917b029c761d264c6a312bbbcda868658ef86a6
0,,,0,,,0,,,0,,,2026-07-04 17:00:00,0xd917b029c761d264c6a312bbbcda868658ef86a6
0,,,0,,,0,,,0,,,2026-07-04 18:00:00,0xd917b029c761d264c6a312bbbcda868658ef86a6
0,,,0,,,0,,,0,,,2026-07-04 19:00:00,0xd917b029c761d264c6a312bbbcda868658ef86a6
0,,,0,,,0,,,0,,,2026-07-04 20:00:00,0xd917b029c761d264c6a312bbbcda868658ef86a6
0,,,0,,,0,,,0,,,2026-07-04 21:00:00,0xd917b029c761d264c6a312bbbcda868658ef86a6
0,,,0,,,0,,,0,,,2026-07-04 22:00:00,0xd917b029c761d264c6a312bbbcda868658ef86a6
0,,,0,,,0,,,0,,,2026-07-04 23:00:00,0xd917b029c761d264c6a312bbbcda868658ef86a6
0,,,0,,,0,,,0,,,2026-07-05 00:00:00,0xd917b029c761d264c6a312bbbcda868658ef86a6
0,,,0,,,0,,,0,,,2026-07-05 01:00:00,0xd917b029c761d264c6a312bbbcda868658ef86a6
0,,,0,,,0,,,0,,,2026-07-05 02:00:00,0xd917b029c761d264c6a312bbbcda868658ef86a6
0,,,0,,,0,,,0,,,2026-07-05 03:00:00,0xd917b029c761d264c6a312bbbcda868658ef86a6
0,,,0,,,0,,,0,,,2026-07-05 04:00:00,0xd917b029c761d264c6a312bbbcda868658ef86a6
0,,,0,,,0,,,0,,,2026-07-05 05:00:00,0xd917b029c761d264c6a312bbbcda868658ef86a6
0,,,0,,,0,,,0,,,2026-07-05 06:00:00,0xd917b029c761d264c6a312bbbcda868658ef86a6
0,,,0,,,0,,,0,,,2026-07-05 07:00:00,0xd917b029c761d264c6a312bbbcda868658ef86a6
0,,,0,,,0,,,0,,,2026-07-05 08:00:00,0xd917b029c761d264c6a312bbbcda868658ef86a6
0,,,0,,,0,,,0,,,2026-07-05 09:00:00,0xd917b029c761d264c6a312bbbcda868658ef86a6
0,,,0,,,0,,,0,,,2026-07-05 10:00:00,0xd917b029c761d264c6a312bbbcda868658ef86a6
0,,,0,,,0,,,0,,,2026-07-05 11:00:00,0xd917b029c761d264c6a312bbbcda868658ef86a6
0,,,0,,,0,,,0,,,2026-07-05 12:00:00,0xd917b029c761d264c6a312bbbcda868658ef86a6
0,,,0,,,0,,,0,,,2026-07-05 13:00:00,0xd917b029c761d264c6a312bbbcda868658ef86a6
0,,,0,,,0,,,0,,,2026-07-05 14:00:00,0xd917b029c761d264c6a312bbbcda868658ef86a6
0,,,0,,,0,,,0,,,2026-07-05 15:00:00,0xd917b029c761d264c6a312bbbcda868658ef86a6
0,,,0,,,0,,,0,,,2026-07-05 16:00:00,0xd917b029c761d264c6a312bbbcda868658ef86a6
0,,,0,,,0,,,0,,,2026-07-05 17:00:00,0xd917b029c761d264c6a312bbbcda868658ef86a6
0,,,0,,,0,,,0,,,2026-07-05 18:00:00,0xd917b029c761d264c6a312bbbcda868658ef86a6
0,,,0,,,0,,,0,,,2026-07-05 19:00:00,0xd917b029c761d264c6a312bbbcda868658ef86a6
0,,,0,,,0,,,0,,,2026-07-05 20:00:00,0xd917b029c761d264c6a312bbbcda868658ef86a6
0,,,0,,,0,,,0,,,2026-07-05 21:00:00,0xd917b029c761d264c6a312bbbcda868658ef86a6
0,,,0,,,0,,,0,,,2026-07-05 22:00:00,0xd917b029c761d264c6a312bbbcda868658ef86a6
0,,,0,,,0,,,0,,,2026-07-05 23:00:00,0xd917b029c761d264c6a312bbbcda868658ef86a6
0,,,0,,,0,,,0,,,2026-07-06 00:00:00,0xd917b029c761d264c6a312bbbcda868658ef86a6
0,,,0,,,0,,,0,,,2026-07-06 01:00:00,0xd917b029c761d264c6a312bbbcda868658ef86a6
0,,,0,,,0,,,0,,,2026-07-06 02:00:00,0xd917b029c761d264c6a312bbbcda868658ef86a6
0,,,0,,,0,,,0,,,2026-07-06 03:00:00,0xd917b029c761d264c6a312bbbcda868658ef86a6
0,,,0,,,0,,,0,,,2026-07-06 04:00:00,0xd917b029c761d264c6a312bbbcda868658ef86a6
0,,,0,,,0,,,0,,,2026-07-06 05:00:00,0xd917b029c761d264c6a312bbbcda868658ef86a6
0,,,0,,,0,,,0,,,2026-07-06 06:00:00,0xd917b029c761d264c6a312bbbcda868658ef86a6
0,,,0,,,0,,,0,,,2026-07-06 07:00:00,0xd917b029c761d264c6a312bbbcda868658ef86a6
0,,,0,,,0,,,0,,,2026-07-06 08:00:00,0xd917b029c761d264c6a312bbbcda868658ef86a6
0,,,0,,,0,,,0,,,2026-07-06 09:00:00,0xd917b029c761d264c6a312bbbcda868658ef86a6
0,,,0,,,0,,,0,,,2026-07-06 10:00:00,0xd917b029c761d264c6a312bbbcda868658ef86a6
0,,,0,,,0,,,0,,,2026-07-06 11:00:00,0xd917b029c761d264c6a312bbbcda868658ef86a6
0,,,0,,,0,,,0,,,2026-07-06 12:00:00,0xd917b029c761d264c6a312bbbcda868658ef86a6
0,,,0,,,0,,,0,,,2026-07-06 13:00:00,0xd917b029c761d264c6a312bbbcda868658ef86a6
0,,,0,,,0,,,0,,,2026-07-06 14:00:00,0xd917b029c761d264c6a312bbbcda868658ef86a6
0,,,0,,,0,,,0,,,2026-07-06 15:00:00,0xd917b029c761d264c6a312bbbcda868658ef86a6
0,,,0,,,0,,,0,,,2026-07-06 16:00:00,0xd917b029c761d264c6a312bbbcda868658ef86a6
0,,,0,,,0,,,0,,,2026-07-06 17:00:00,0xd917b029c761d264c6a312bbbcda868658ef86a6
0,,,0,,,0,,,0,,,2026-07-06 18:00:00,0xd917b029c761d264c6a312bbbcda868658ef86a6
0,,,0,,,0,,,0,,,2026-07-06 19:00:00,0xd917b029c761d264c6a312bbbcda868658ef86a6
0,,,0,,,0,,,0,,,2026-07-06 20:00:00,0xd917b029c761d264c6a312bbbcda868658ef86a6
0,,,0,,,0,,,0,,,2026-07-06 21:00:00,0xd917b029c761d264c6a312bbbcda868658ef86a6
0,,,0,,,0,,,0,,,2026-07-06 22:00:00,0xd917b029c761d264c6a312bbbcda868658ef86a6
0,,,0,,,0,,,0,,,2026-07-06 23:00:00,0xd917b029c761d264c6a312bbbcda868658ef86a6
0,,,0,,,0,,,0,,,2026-07-07 00:00:00,0xd917b029c761d264c6a312bbbcda868658ef86a6
0,,,0,,,0,,,0,,,2026-07-07 01:00:00,0xd917b029c761d264c6a312bbbcda868658ef86a6
0,,,0,,,0,,,0,,,2026-07-07 02:00:00,0xd917b029c761d264c6a312bbbcda868658ef86a6
0,,,0,,,0,,,0,,,2026-07-07 03:00:00,0xd917b029c761d264c6a312bbbcda868658ef86a6
0,,,0,,,0,,,0,,,2026-07-07 04:00:00,0xd917b029c761d264c6a312bbbcda868658ef86a6
0,,,0,,,0,,,0,,,2026-07-07 05:00:00,0xd917b029c761d264c6a312bbbcda868658ef86a6
0,,,0,,,0,,,0,,,2026-07-07 06:00:00,0xd917b029c761d264c6a312bbbcda868658ef86a6
0,,,0,,,0,,,0,,,2026-07-07 07:00:00,0xd917b029c761d264c6a312bbbcda868658ef86a6
0,,,0,,,0,,,0,,,2026-07-07 08:00:00,0xd917b029c761d264c6a312bbbcda868658ef86a6
0,,,0,,,0,,,0,,,2026-07-07 09:00:00,0xd917b029c761d264c6a312bbbcda868658ef86a6
0,,,0,,,0,,,0,,,2026-07-07 10:00:00,0xd917b029c761d264c6a312bbbcda868658ef86a6
0,,,0,,,0,,,0,,,2026-07-07 11:00:00,0xd917b029c761d264c6a312bbbcda868658ef86a6
0,,,0,,,0,,,0,,,2026-07-07 12:00:00,0xd917b029c761d264c6a312bbbcda868658ef86a6
0,,,0,,,0,,,0,,,2026-07-07 13:00:00,0xd917b029c761d264c6a312bbbcda868658ef86a6
0,,,0,,,0,,,0,,,2026-07-07 14:00:00,0xd917b029c761d264c6a312bbbcda868658ef86a6
0,,,0,,,0,,,0,,,2026-07-07 15:00:00,0xd917b029c761d264c6a312bbbcda868658ef86a6
0,,,0,,,0,,,0,,,2026-07-07 16:00:00,0xd917b029c761d264c6a312bbbcda868658ef86a6
0,,,0,,,0,,,0,,,2026-07-07 17:00:00,0xd917b029c761d264c6a312bbbcda868658ef86a6
0,,,0,,,0,,,0,,,2026-07-07 18:00:00,0xd917b029c761d264c6a312bbbcda868658ef86a6
0,,,0,,,0,,,0,,,2026-07-07 19:00:00,0xd917b029c761d264c6a312bbbcda868658ef86a6
0,,,0,,,0,,,0,,,2026-07-07 20:00:00,0xd917b029c761d264c6a312bbbcda868658ef86a6
0,,,0,,,0,,,0,,,2026-07-07 21:00:00,0xd917b029c761d264c6a312bbbcda868658ef86a6
0,,,0,,,0,,,0,,,2026-07-07 22:00:00,0xd917b029c761d264c6a312bbbcda868658ef86a6
0,,,0,,,0,,,0,,,2026-07-07 23:00:00,0xd917b029c761d264c6a312bbbcda868658ef86a6
0,,,0,,,0,,,0,,,2026-07-01 00:00:00,0xdf0992e440dd0be65bd8439b609d6d4366bf1cb5
0,,,0,,,0,,,0,,,2026-07-01 01:00:00,0xdf0992e440dd0be65bd8439b609d6d4366bf1cb5
0,,,0,,,0,,,0,,,2026-07-01 02:00:00,0xdf0992e440dd0be65bd8439b609d6d4366bf1cb5
0,,,1,0.001540503258914607,0.09995180000000001,0,,,0,,,2026-07-01 03:00:00,0xdf0992e440dd0be65bd8439b609d6d4366bf1cb5
0,,,0,,,0,,,0,,,2026-07-01 04:00:00,0xdf0992e440dd0be65bd8439b609d6d4366bf1cb5
0,,,1,0.001500377431454683,0.09999059999999999,0,,,0,,,2026-07-01 05:00:00,0xdf0992e440dd0be65bd8439b609d6d4366bf1cb5
0,,,0,,,0,,,0,,,2026-07-01 06:00:00,0xdf0992e440dd0be65bd8439b609d6d4366bf1cb5
0,,,0,,,0,,,0,,,2026-07-01 07:00:00,0xdf0992e440dd0be65bd8439b609d6d4366bf1cb5
0,,,0,,,0,,,0,,,2026-07-01 08:00:00,0xdf0992e440dd0be65bd8439b609d6d4366bf1cb5
0,,,0,,,0,,,0,,,2026-07-01 09:00:00,0xdf0992e440dd0be65bd8439b609d6d4366bf1cb5
0,,,0,,,0,,,0,,,2026-07-01 10:00:00,0xdf0992e440dd0be65bd8439b609d6d4366bf1cb5
0,,,0,,,1,0.001540503258914607,0.09995180000000001,0,,,2026-07-01 11:00:00,0xdf0992e440dd0be65bd8439b609d6d4366bf1cb5
0,,,0,,,0,,,0,,,2026-07-01 12:00:00,0xdf0992e440dd0be65bd8439b609d6d4366bf1cb5
0,,,0,,,1,0.001500377431454683,0.09999059999999999,0,,,2026-07-01 13:00:00,0xdf0992e440dd0be65bd8439b609d6d4366bf1cb5
0,,,0,,,0,,,0,,,2026-07-01 14:00:00,0xdf0992e440dd0be65bd8439b609d6d4366bf1cb5
0,,,0,,,0,,,1,0.001540503258914607,0.09995180000000001,2026-07-01 15:00:00,0xdf0992e440dd0be65bd8439b609d6d4366bf1cb5
0,,,0,,,0,,,0,,,2026-07-01 16:00:00,0xdf0992e440dd0be65bd8439b609d6d4366bf1cb5
1,0.001513751012371291,0.0999868,0,,,0,,,1,0.001500377431454683,0.09999059999999999,2026-07-01 17:00:00,0xdf0992e440dd0be65bd8439b609d6d4366bf1cb5
0,,,0,,,0,,,0,,,2026-07-01 18:00:00,0xdf0992e440dd0be65bd8439b609d6d4366bf1cb5
0,,,0,,,0,,,0,,,2026-07-01 19:00:00,0xdf0992e440dd0be65bd8439b609d6d4366bf1cb5
0,,,0,,,0,,,0,,,2026-07-01 20:00:00,0xdf0992e440dd0be65bd8439b609d6d4366bf1cb5
0,,,0,,,0,,,0,,,2026-07-01 21:00:00,0xdf0992e440dd0be65bd8439b609d6d4366bf1cb5
0,,,0,,,0,,,0,,,2026-07-01 22:00:00,0xdf0992e440dd0be65bd8439b609d6d4366bf1cb5
0,,,0,,,0,,,0,,,2026-07-01 23:00:00,0xdf0992e440dd0be65bd8439b609d6d4366bf1cb5
0,,,0,,,0,,,0,,,2026-07-02 00:00:00,0xdf0992e440dd0be65bd8439b609d6d4366bf1cb5
0,,,0,,,0,,,0,,,2026-07-02 01:00:00,0xdf0992e440dd0be65bd8439b609d6d4366bf1cb5
0,,,0,,,0,,,0,,,2026-07-02 02:00:00,0xdf0992e440dd0be65bd8439b609d6d4366bf1cb5
0,,,0,,,0,,,0,,,2026-07-02 03:00:00,0xdf0992e440dd0be65bd8439b609d6d4366bf1cb5
0,,,0,,,0,,,0,,,2026-07-02 04:00:00,0xdf0992e440dd0be65bd8439b609d6d4366bf1cb5
0,,,0,,,0,,,0,,,2026-07-02 05:00:00,0xdf0992e440dd0be65bd8439b609d6d4366bf1cb5
0,,,0,,,0,,,0,,,2026-07-02 06:00:00,0xdf0992e440dd0be65bd8439b609d6d4366bf1cb5
0,,,0,,,0,,,0,,,2026-07-02 07:00:00,0xdf0992e440dd0be65bd8439b609d6d4366bf1cb5
0,,,0,,,0,,,0,,,2026-07-02 08:00:00,0xdf0992e440dd0be65bd8439b609d6d4366bf1cb5
0,,,0,,,0,,,0,,,2026-07-02 09:00:00,0xdf0992e440dd0be65bd8439b609d6d4366bf1cb5
0,,,0,,,0,,,0,,,2026-07-02 10:00:00,0xdf0992e440dd0be65bd8439b609d6d4366bf1cb5
0,,,0,,,0,,,0,,,2026-07-02 11:00:00,0xdf0992e440dd0be65bd8439b609d6d4366bf1cb5
0,,,0,,,0,,,0,,,2026-07-02 12:00:00,0xdf0992e440dd0be65bd8439b609d6d4366bf1cb5
0,,,0,,,0,,,0,,,2026-07-02 13:00:00,0xdf0992e440dd0be65bd8439b609d6d4366bf1cb5
0,,,0,,,0,,,0,,,2026-07-02 14:00:00,0xdf0992e440dd0be65bd8439b609d6d4366bf1cb5
0,,,0,,,0,,,0,,,2026-07-02 15:00:00,0xdf0992e440dd0be65bd8439b609d6d4366bf1cb5
0,,,0,,,0,,,0,,,2026-07-02 16:00:00,0xdf0992e440dd0be65bd8439b609d6d4366bf1cb5
0,,,0,,,0,,,0,,,2026-07-02 17:00:00,0xdf0992e440dd0be65bd8439b609d6d4366bf1cb5
0,,,0,,,0,,,0,,,2026-07-02 18:00:00,0xdf0992e440dd0be65bd8439b609d6d4366bf1cb5
0,,,0,,,0,,,0,,,2026-07-02 19:00:00,0xdf0992e440dd0be65bd8439b609d6d4366bf1cb5
0,,,0,,,0,,,0,,,2026-07-02 20:00:00,0xdf0992e440dd0be65bd8439b609d6d4366bf1cb5
0,,,0,,,0,,,0,,,2026-07-02 21:00:00,0xdf0992e440dd0be65bd8439b609d6d4366bf1cb5
0,,,0,,,0,,,0,,,2026-07-02 22:00:00,0xdf0992e440dd0be65bd8439b609d6d4366bf1cb5
0,,,0,,,0,,,0,,,2026-07-02 23:00:00,0xdf0992e440dd0be65bd8439b609d6d4366bf1cb5
0,,,0,,,0,,,0,,,2026-07-03 00:00:00,0xdf0992e440dd0be65bd8439b609d6d4366bf1cb5
0,,,0,,,0,,,0,,,2026-07-03 01:00:00,0xdf0992e440dd0be65bd8439b609d6d4366bf1cb5
0,,,0,,,0,,,0,,,2026-07-03 02:00:00,0xdf0992e440dd0be65bd8439b609d6d4366bf1cb5
0,,,0,,,0,,,0,,,2026-07-03 03:00:00,0xdf0992e440dd0be65bd8439b609d6d4366bf1cb5
0,,,0,,,0,,,0,,,2026-07-03 04:00:00,0xdf0992e440dd0be65bd8439b609d6d4366bf1cb5
0,,,0,,,0,,,0,,,2026-07-03 05:00:00,0xdf0992e440dd0be65bd8439b609d6d4366bf1cb5
0,,,0,,,0,,,0,,,2026-07-03 06:00:00,0xdf0992e440dd0be65bd8439b609d6d4366bf1cb5
0,,,0,,,0,,,0,,,2026-07-03 07:00:00,0xdf0992e440dd0be65bd8439b609d6d4366bf1cb5
0,,,0,,,0,,,0,,,2026-07-03 08:00:00,0xdf0992e440dd0be65bd8439b609d6d4366bf1cb5
0,,,0,,,0,,,0,,,2026-07-03 09:00:00,0xdf0992e440dd0be65bd8439b609d6d4366bf1cb5
0,,,0,,,0,,,0,,,2026-07-03 10:00:00,0xdf0992e440dd0be65bd8439b609d6d4366bf1cb5
0,,,0,,,0,,,0,,,2026-07-03 11:00:00,0xdf0992e440dd0be65bd8439b609d6d4366bf1cb5
0,,,0,,,0,,,0,,,2026-07-03 12:00:00,0xdf0992e440dd0be65bd8439b609d6d4366bf1cb5
0,,,0,,,0,,,0,,,2026-07-03 13:00:00,0xdf0992e440dd0be65bd8439b609d6d4366bf1cb5
0,,,0,,,0,,,0,,,2026-07-03 14:00:00,0xdf0992e440dd0be65bd8439b609d6d4366bf1cb5
0,,,0,,,0,,,0,,,2026-07-03 15:00:00,0xdf0992e440dd0be65bd8439b609d6d4366bf1cb5
0,,,0,,,0,,,0,,,2026-07-03 16:00:00,0xdf0992e440dd0be65bd8439b609d6d4366bf1cb5
0,,,0,,,0,,,0,,,2026-07-03 17:00:00,0xdf0992e440dd0be65bd8439b609d6d4366bf1cb5
0,,,0,,,0,,,0,,,2026-07-03 18:00:00,0xdf0992e440dd0be65bd8439b609d6d4366bf1cb5
0,,,0,,,0,,,0,,,2026-07-03 19:00:00,0xdf0992e440dd0be65bd8439b609d6d4366bf1cb5
0,,,0,,,0,,,0,,,2026-07-03 20:00:00,0xdf0992e440dd0be65bd8439b609d6d4366bf1cb5
0,,,0,,,0,,,0,,,2026-07-03 21:00:00,0xdf0992e440dd0be65bd8439b609d6d4366bf1cb5
0,,,0,,,0,,,0,,,2026-07-03 22:00:00,0xdf0992e440dd0be65bd8439b609d6d4366bf1cb5
0,,,0,,,0,,,0,,,2026-07-03 23:00:00,0xdf0992e440dd0be65bd8439b609d6d4366bf1cb5
0,,,0,,,0,,,0,,,2026-07-04 00:00:00,0xdf0992e440dd0be65bd8439b609d6d4366bf1cb5
0,,,0,,,0,,,0,,,2026-07-04 01:00:00,0xdf0992e440dd0be65bd8439b609d6d4366bf1cb5
0,,,0,,,0,,,0,,,2026-07-04 02:00:00,0xdf0992e440dd0be65bd8439b609d6d4366bf1cb5
0,,,0,,,0,,,0,,,2026-07-04 03:00:00,0xdf0992e440dd0be65bd8439b609d6d4366bf1cb5
0,,,0,,,0,,,0,,,2026-07-04 04:00:00,0xdf0992e440dd0be65bd8439b609d6d4366bf1cb5
0,,,0,,,0,,,0,,,2026-07-04 05:00:00,0xdf0992e440dd0be65bd8439b609d6d4366bf1cb5
0,,,0,,,0,,,0,,,2026-07-04 06:00:00,0xdf0992e440dd0be65bd8439b609d6d4366bf1cb5
0,,,0,,,0,,,0,,,2026-07-04 07:00:00,0xdf0992e440dd0be65bd8439b609d6d4366bf1cb5
0,,,0,,,0,,,0,,,2026-07-04 08:00:00,0xdf0992e440dd0be65bd8439b609d6d4366bf1cb5
0,,,0,,,0,,,0,,,2026-07-04 09:00:00,0xdf0992e440dd0be65bd8439b609d6d4366bf1cb5
0,,,0,,,0,,,0,,,2026-07-04 10:00:00,0xdf0992e440dd0be65bd8439b609d6d4366bf1cb5
0,,,0,,,0,,,0,,,2026-07-04 11:00:00,0xdf0992e440dd0be65bd8439b609d6d4366bf1cb5
0,,,0,,,0,,,0,,,2026-07-04 12:00:00,0xdf0992e440dd0be65bd8439b609d6d4366bf1cb5
0,,,0,,,0,,,0,,,2026-07-04 13:00:00,0xdf0992e440dd0be65bd8439b609d6d4366bf1cb5
0,,,0,,,0,,,0,,,2026-07-04 14:00:00,0xdf0992e440dd0be65bd8439b609d6d4366bf1cb5
0,,,0,,,0,,,0,,,2026-07-04 15:00:00,0xdf0992e440dd0be65bd8439b609d6d4366bf1cb5
0,,,0,,,0,,,0,,,2026-07-04 16:00:00,0xdf0992e440dd0be65bd8439b609d6d4366bf1cb5
0,,,0,,,0,,,0,,,2026-07-04 17:00:00,0xdf0992e440dd0be65bd8439b609d6d4366bf1cb5
0,,,0,,,0,,,0,,,2026-07-04 18:00:00,0xdf0992e440dd0be65bd8439b609d6d4366bf1cb5
0,,,0,,,0,,,0,,,2026-07-04 19:00:00,0xdf0992e440dd0be65bd8439b609d6d4366bf1cb5
0,,,0,,,0,,,0,,,2026-07-04 20:00:00,0xdf0992e440dd0be65bd8439b609d6d4366bf1cb5
0,,,0,,,0,,,0,,,2026-07-04 21:00:00,0xdf0992e440dd0be65bd8439b609d6d4366bf1cb5
0,,,0,,,0,,,0,,,2026-07-04 22:00:00,0xdf0992e440dd0be65bd8439b609d6d4366bf1cb5
0,,,0,,,0,,,0,,,2026-07-04 23:00:00,0xdf0992e440dd0be65bd8439b609d6d4366bf1cb5
0,,,0,,,0,,,0,,,2026-07-05 00:00:00,0xdf0992e440dd0be65bd8439b609d6d4366bf1cb5
0,,,0,,,0,,,0,,,2026-07-05 01:00:00,0xdf0992e440dd0be65bd8439b609d6d4366bf1cb5
0,,,0,,,0,,,0,,,2026-07-05 02:00:00,0xdf0992e440dd0be65bd8439b609d6d4366bf1cb5
0,,,0,,,0,,,0,,,2026-07-05 03:00:00,0xdf0992e440dd0be65bd8439b609d6d4366bf1cb5
0,,,0,,,0,,,0,,,2026-07-05 04:00:00,0xdf0992e440dd0be65bd8439b609d6d4366bf1cb5
0,,,0,,,0,,,0,,,2026-07-05 05:00:00,0xdf0992e440dd0be65bd8439b609d6d4366bf1cb5
0,,,0,,,0,,,0,,,2026-07-05 06:00:00,0xdf0992e440dd0be65bd8439b609d6d4366bf1cb5
0,,,0,,,0,,,0,,,2026-07-05 07:00:00,0xdf0992e440dd0be65bd8439b609d6d4366bf1cb5
0,,,0,,,0,,,0,,,2026-07-05 08:00:00,0xdf0992e440dd0be65bd8439b609d6d4366bf1cb5
0,,,0,,,0,,,0,,,2026-07-05 09:00:00,0xdf0992e440dd0be65bd8439b609d6d4366bf1cb5
0,,,0,,,0,,,0,,,2026-07-05 10:00:00,0xdf0992e440dd0be65bd8439b609d6d4366bf1cb5
0,,,0,,,0,,,0,,,2026-07-05 11:00:00,0xdf0992e440dd0be65bd8439b609d6d4366bf1cb5
0,,,0,,,0,,,0,,,2026-07-05 12:00:00,0xdf0992e440dd0be65bd8439b609d6d4366bf1cb5
0,,,0,,,0,,,0,,,2026-07-05 13:00:00,0xdf0992e440dd0be65bd8439b609d6d4366bf1cb5
0,,,0,,,0,,,0,,,2026-07-05 14:00:00,0xdf0992e440dd0be65bd8439b609d6d4366bf1cb5
0,,,0,,,0,,,0,,,2026-07-05 15:00:00,0xdf0992e440dd0be65bd8439b609d6d4366bf1cb5
0,,,0,,,0,,,0,,,2026-07-05 16:00:00,0xdf0992e440dd0be65bd8439b609d6d4366bf1cb5
0,,,0,,,0,,,0,,,2026-07-05 17:00:00,0xdf0992e440dd0be65bd8439b609d6d4366bf1cb5
0,,,0,,,0,,,0,,,2026-07-05 18:00:00,0xdf0992e440dd0be65bd8439b609d6d4366bf1cb5
0,,,0,,,0,,,0,,,2026-07-05 19:00:00,0xdf0992e440dd0be65bd8439b609d6d4366bf1cb5
0,,,0,,,0,,,0,,,2026-07-05 20:00:00,0xdf0992e440dd0be65bd8439b609d6d4366bf1cb5
0,,,0,,,0,,,0,,,2026-07-05 21:00:00,0xdf0992e440dd0be65bd8439b609d6d4366bf1cb5
0,,,0,,,0,,,0,,,2026-07-05 22:00:00,0xdf0992e440dd0be65bd8439b609d6d4366bf1cb5
0,,,0,,,0,,,0,,,2026-07-05 23:00:00,0xdf0992e440dd0be65bd8439b609d6d4366bf1cb5
0,,,0,,,0,,,0,,,2026-07-06 00:00:00,0xdf0992e440dd0be65bd8439b609d6d4366bf1cb5
0,,,0,,,0,,,0,,,2026-07-06 01:00:00,0xdf0992e440dd0be65bd8439b609d6d4366bf1cb5
0,,,0,,,0,,,0,,,2026-07-06 02:00:00,0xdf0992e440dd0be65bd8439b609d6d4366bf1cb5
0,,,0,,,0,,,0,,,2026-07-06 03:00:00,0xdf0992e440dd0be65bd8439b609d6d4366bf1cb5
0,,,0,,,0,,,0,,,2026-07-06 04:00:00,0xdf0992e440dd0be65bd8439b609d6d4366bf1cb5
0,,,0,,,0,,,0,,,2026-07-06 05:00:00,0xdf0992e440dd0be65bd8439b609d6d4366bf1cb5
0,,,0,,,0,,,0,,,2026-07-06 06:00:00,0xdf0992e440dd0be65bd8439b609d6d4366bf1cb5
0,,,0,,,0,,,0,,,2026-07-06 07:00:00,0xdf0992e440dd0be65bd8439b609d6d4366bf1cb5
0,,,0,,,0,,,0,,,2026-07-06 08:00:00,0xdf0992e440dd0be65bd8439b609d6d4366bf1cb5
0,,,0,,,0,,,0,,,2026-07-06 09:00:00,0xdf0992e440dd0be65bd8439b609d6d4366bf1cb5
0,,,0,,,0,,,0,,,2026-07-06 10:00:00,0xdf0992e440dd0be65bd8439b609d6d4366bf1cb5
0,,,0,,,0,,,0,,,2026-07-06 11:00:00,0xdf0992e440dd0be65bd8439b609d6d4366bf1cb5
0,,,0,,,0,,,0,,,2026-07-06 12:00:00,0xdf0992e440dd0be65bd8439b609d6d4366bf1cb5
0,,,0,,,0,,,0,,,2026-07-06 13:00:00,0xdf0992e440dd0be65bd8439b609d6d4366bf1cb5
0,,,0,,,0,,,0,,,2026-07-06 14:00:00,0xdf0992e440dd0be65bd8439b609d6d4366bf1cb5
0,,,0,,,0,,,0,,,2026-07-06 15:00:00,0xdf0992e440dd0be65bd8439b609d6d4366bf1cb5
0,,,0,,,0,,,0,,,2026-07-06 16:00:00,0xdf0992e440dd0be65bd8439b609d6d4366bf1cb5
0,,,0,,,0,,,0,,,2026-07-06 17:00:00,0xdf0992e440dd0be65bd8439b609d6d4366bf1cb5
0,,,0,,,0,,,0,,,2026-07-06 18:00:00,0xdf0992e440dd0be65bd8439b609d6d4366bf1cb5
0,,,0,,,0,,,0,,,2026-07-06 19:00:00,0xdf0992e440dd0be65bd8439b609d6d4366bf1cb5
0,,,0,,,0,,,0,,,2026-07-06 20:00:00,0xdf0992e440dd0be65bd8439b609d6d4366bf1cb5
0,,,0,,,0,,,0,,,2026-07-06 21:00:00,0xdf0992e440dd0be65bd8439b609d6d4366bf1cb5
0,,,0,,,0,,,0,,,2026-07-06 22:00:00,0xdf0992e440dd0be65bd8439b609d6d4366bf1cb5
0,,,0,,,0,,,0,,,2026-07-06 23:00:00,0xdf0992e440dd0be65bd8439b609d6d4366bf1cb5
0,,,0,,,0,,,0,,,2026-07-07 00:00:00,0xdf0992e440dd0be65bd8439b609d6d4366bf1cb5
0,,,0,,,0,,,0,,,2026-07-07 01:00:00,0xdf0992e440dd0be65bd8439b609d6d4366bf1cb5
0,,,0,,,0,,,0,,,2026-07-07 02:00:00,0xdf0992e440dd0be65bd8439b609d6d4366bf1cb5
0,,,0,,,0,,,0,,,2026-07-07 03:00:00,0xdf0992e440dd0be65bd8439b609d6d4366bf1cb5
0,,,0,,,0,,,0,,,2026-07-07 04:00:00,0xdf0992e440dd0be65bd8439b609d6d4366bf1cb5
0,,,0,,,0,,,0,,,2026-07-07 05:00:00,0xdf0992e440dd0be65bd8439b609d6d4366bf1cb5
0,,,0,,,0,,,0,,,2026-07-07 06:00:00,0xdf0992e440dd0be65bd8439b609d6d4366bf1cb5
0,,,0,,,0,,,0,,,2026-07-07 07:00:00,0xdf0992e440dd0be65bd8439b609d6d4366bf1cb5
0,,,0,,,0,,,0,,,2026-07-07 08:00:00,0xdf0992e440dd0be65bd8439b609d6d4366bf1cb5
0,,,0,,,0,,,0,,,2026-07-07 09:00:00,0xdf0992e440dd0be65bd8439b609d6d4366bf1cb5
0,,,0,,,0,,,0,,,2026-07-07 10:00:00,0xdf0992e440dd0be65bd8439b609d6d4366bf1cb5
0,,,0,,,0,,,0,,,2026-07-07 11:00:00,0xdf0992e440dd0be65bd8439b609d6d4366bf1cb5
0,,,0,,,0,,,0,,,2026-07-07 12:00:00,0xdf0992e440dd0be65bd8439b609d6d4366bf1cb5
0,,,0,,,0,,,0,,,2026-07-07 13:00:00,0xdf0992e440dd0be65bd8439b609d6d4366bf1cb5
0,,,0,,,0,,,0,,,2026-07-07 14:00:00,0xdf0992e440dd0be65bd8439b609d6d4366bf1cb5
0,,,0,,,0,,,0,,,2026-07-07 15:00:00,0xdf0992e440dd0be65bd8439b609d6d4366bf1cb5
0,,,0,,,0,,,0,,,2026-07-07 16:00:00,0xdf0992e440dd0be65bd8439b609d6d4366bf1cb5
0,,,0,,,0,,,0,,,2026-07-07 17:00:00,0xdf0992e440dd0be65bd8439b609d6d4366bf1cb5
0,,,0,,,0,,,0,,,2026-07-07 18:00:00,0xdf0992e440dd0be65bd8439b609d6d4366bf1cb5
0,,,0,,,0,,,0,,,2026-07-07 19:00:00,0xdf0992e440dd0be65bd8439b609d6d4366bf1cb5
0,,,0,,,0,,,0,,,2026-07-07 20:00:00,0xdf0992e440dd0be65bd8439b609d6d4366bf1cb5
0,,,0,,,0,,,0,,,2026-07-07 21:00:00,0xdf0992e440dd0be65bd8439b609d6d4366bf1cb5
0,,,0,,,0,,,0,,,2026-07-07 22:00:00,0xdf0992e440dd0be65bd8439b609d6d4366bf1cb5
0,,,0,,,0,,,0,,,2026-07-07 23:00:00,0xdf0992e440dd0be65bd8439b609d6d4366bf1cb5
0,,,0,,,0,,,0,,,2026-07-01 00:00:00,0xe93237c50d904957cf27e7b1133b510c669c2e74
0,,,0,,,0,,,0,,,2026-07-01 01:00:00,0xe93237c50d904957cf27e7b1133b510c669c2e74
0,,,0,,,0,,,0,,,2026-07-01 02:00:00,0xe93237c50d904957cf27e7b1133b510c669c2e74
0,,,1,0.000255743939698817,0.09995180000000001,0,,,0,,,2026-07-01 03:00:00,0xe93237c50d904957cf27e7b1133b510c669c2e74
0,,,0,,,0,,,0,,,2026-07-01 04:00:00,0xe93237c50d904957cf27e7b1133b510c669c2e74
0,,,1,0.000255412364514456,0.09999059999999999,0,,,0,,,2026-07-01 05:00:00,0xe93237c50d904957cf27e7b1133b510c669c2e74
0,,,0,,,0,,,0,,,2026-07-01 06:00:00,0xe93237c50d904957cf27e7b1133b510c669c2e74
0,,,0,,,0,,,0,,,2026-07-01 07:00:00,0xe93237c50d904957cf27e7b1133b510c669c2e74
0,,,0,,,0,,,0,,,2026-07-01 08:00:00,0xe93237c50d904957cf27e7b1133b510c669c2e74
0,,,0,,,0,,,0,,,2026-07-01 09:00:00,0xe93237c50d904957cf27e7b1133b510c669c2e74
0,,,0,,,0,,,0,,,2026-07-01 10:00:00,0xe93237c50d904957cf27e7b1133b510c669c2e74
0,,,0,,,1,0.000255743939698817,0.09995180000000001,0,,,2026-07-01 11:00:00,0xe93237c50d904957cf27e7b1133b510c669c2e74
0,,,0,,,0,,,0,,,2026-07-01 12:00:00,0xe93237c50d904957cf27e7b1133b510c669c2e74
0,,,0,,,1,0.000255412364514456,0.09999059999999999,0,,,2026-07-01 13:00:00,0xe93237c50d904957cf27e7b1133b510c669c2e74
0,,,0,,,0,,,0,,,2026-07-01 14:00:00,0xe93237c50d904957cf27e7b1133b510c669c2e74
0,,,0,,,0,,,1,0.000255743939698817,0.09995180000000001,2026-07-01 15:00:00,0xe93237c50d904957cf27e7b1133b510c669c2e74
0,,,0,,,0,,,0,,,2026-07-01 16:00:00,0xe93237c50d904957cf27e7b1133b510c669c2e74
1,0.000254699088188141,0.0999868,0,,,0,,,1,0.000255412364514456,0.09999059999999999,2026-07-01 17:00:00,0xe93237c50d904957cf27e7b1133b510c669c2e74
0,,,0,,,0,,,0,,,2026-07-01 18:00:00,0xe93237c50d904957cf27e7b1133b510c669c2e74
0,,,0,,,0,,,0,,,2026-07-01 19:00:00,0xe93237c50d904957cf27e7b1133b510c669c2e74
0,,,0,,,0,,,0,,,2026-07-01 20:00:00,0xe93237c50d904957cf27e7b1133b510c669c2e74
0,,,0,,,0,,,0,,,2026-07-01 21:00:00,0xe93237c50d904957cf27e7b1133b510c669c2e74
0,,,0,,,0,,,0,,,2026-07-01 22:00:00,0xe93237c50d904957cf27e7b1133b510c669c2e74
0,,,0,,,0,,,0,,,2026-07-01 23:00:00,0xe93237c50d904957cf27e7b1133b510c669c2e74
0,,,0,,,0,,,0,,,2026-07-02 00:00:00,0xe93237c50d904957cf27e7b1133b510c669c2e74
0,,,0,,,0,,,0,,,2026-07-02 01:00:00,0xe93237c50d904957cf27e7b1133b510c669c2e74
0,,,0,,,0,,,0,,,2026-07-02 02:00:00,0xe93237c50d904957cf27e7b1133b510c669c2e74
0,,,0,,,0,,,0,,,2026-07-02 03:00:00,0xe93237c50d904957cf27e7b1133b510c669c2e74
0,,,0,,,0,,,0,,,2026-07-02 04:00:00,0xe93237c50d904957cf27e7b1133b510c669c2e74
0,,,0,,,0,,,0,,,2026-07-02 05:00:00,0xe93237c50d904957cf27e7b1133b510c669c2e74
0,,,0,,,0,,,0,,,2026-07-02 06:00:00,0xe93237c50d904957cf27e7b1133b510c669c2e74
0,,,0,,,0,,,0,,,2026-07-02 07:00:00,0xe93237c50d904957cf27e7b1133b510c669c2e74
0,,,0,,,0,,,0,,,2026-07-02 08:00:00,0xe93237c50d904957cf27e7b1133b510c669c2e74
0,,,0,,,0,,,0,,,2026-07-02 09:00:00,0xe93237c50d904957cf27e7b1133b510c669c2e74
0,,,0,,,0,,,0,,,2026-07-02 10:00:00,0xe93237c50d904957cf27e7b1133b510c669c2e74
0,,,0,,,0,,,0,,,2026-07-02 11:00:00,0xe93237c50d904957cf27e7b1133b510c669c2e74
0,,,0,,,0,,,0,,,2026-07-02 12:00:00,0xe93237c50d904957cf27e7b1133b510c669c2e74
0,,,0,,,0,,,0,,,2026-07-02 13:00:00,0xe93237c50d904957cf27e7b1133b510c669c2e74
0,,,0,,,0,,,0,,,2026-07-02 14:00:00,0xe93237c50d904957cf27e7b1133b510c669c2e74
0,,,0,,,0,,,0,,,2026-07-02 15:00:00,0xe93237c50d904957cf27e7b1133b510c669c2e74
0,,,0,,,0,,,0,,,2026-07-02 16:00:00,0xe93237c50d904957cf27e7b1133b510c669c2e74
0,,,0,,,0,,,0,,,2026-07-02 17:00:00,0xe93237c50d904957cf27e7b1133b510c669c2e74
0,,,0,,,0,,,0,,,2026-07-02 18:00:00,0xe93237c50d904957cf27e7b1133b510c669c2e74
0,,,0,,,0,,,0,,,2026-07-02 19:00:00,0xe93237c50d904957cf27e7b1133b510c669c2e74
0,,,0,,,0,,,0,,,2026-07-02 20:00:00,0xe93237c50d904957cf27e7b1133b510c669c2e74
0,,,0,,,0,,,0,,,2026-07-02 21:00:00,0xe93237c50d904957cf27e7b1133b510c669c2e74
0,,,0,,,0,,,0,,,2026-07-02 22:00:00,0xe93237c50d904957cf27e7b1133b510c669c2e74
0,,,0,,,0,,,0,,,2026-07-02 23:00:00,0xe93237c50d904957cf27e7b1133b510c669c2e74
0,,,0,,,0,,,0,,,2026-07-03 00:00:00,0xe93237c50d904957cf27e7b1133b510c669c2e74
0,,,0,,,0,,,0,,,2026-07-03 01:00:00,0xe93237c50d904957cf27e7b1133b510c669c2e74
0,,,0,,,0,,,0,,,2026-07-03 02:00:00,0xe93237c50d904957cf27e7b1133b510c669c2e74
0,,,0,,,0,,,0,,,2026-07-03 03:00:00,0xe93237c50d904957cf27e7b1133b510c669c2e74
0,,,0,,,0,,,0,,,2026-07-03 04:00:00,0xe93237c50d904957cf27e7b1133b510c669c2e74
0,,,0,,,0,,,0,,,2026-07-03 05:00:00,0xe93237c50d904957cf27e7b1133b510c669c2e74
0,,,0,,,0,,,0,,,2026-07-03 06:00:00,0xe93237c50d904957cf27e7b1133b510c669c2e74
0,,,0,,,0,,,0,,,2026-07-03 07:00:00,0xe93237c50d904957cf27e7b1133b510c669c2e74
0,,,0,,,0,,,0,,,2026-07-03 08:00:00,0xe93237c50d904957cf27e7b1133b510c669c2e74
0,,,0,,,0,,,0,,,2026-07-03 09:00:00,0xe93237c50d904957cf27e7b1133b510c669c2e74
0,,,0,,,0,,,0,,,2026-07-03 10:00:00,0xe93237c50d904957cf27e7b1133b510c669c2e74
0,,,0,,,0,,,0,,,2026-07-03 11:00:00,0xe93237c50d904957cf27e7b1133b510c669c2e74
0,,,0,,,0,,,0,,,2026-07-03 12:00:00,0xe93237c50d904957cf27e7b1133b510c669c2e74
0,,,0,,,0,,,0,,,2026-07-03 13:00:00,0xe93237c50d904957cf27e7b1133b510c669c2e74
0,,,0,,,0,,,0,,,2026-07-03 14:00:00,0xe93237c50d904957cf27e7b1133b510c669c2e74
0,,,0,,,0,,,0,,,2026-07-03 15:00:00,0xe93237c50d904957cf27e7b1133b510c669c2e74
0,,,0,,,0,,,0,,,2026-07-03 16:00:00,0xe93237c50d904957cf27e7b1133b510c669c2e74
0,,,0,,,0,,,0,,,2026-07-03 17:00:00,0xe93237c50d904957cf27e7b1133b510c669c2e74
0,,,0,,,0,,,0,,,2026-07-03 18:00:00,0xe93237c50d904957cf27e7b1133b510c669c2e74
0,,,0,,,0,,,0,,,2026-07-03 19:00:00,0xe93237c50d904957cf27e7b1133b510c669c2e74
0,,,0,,,0,,,0,,,2026-07-03 20:00:00,0xe93237c50d904957cf27e7b1133b510c669c2e74
0,,,0,,,0,,,0,,,2026-07-03 21:00:00,0xe93237c50d904957cf27e7b1133b510c669c2e74
0,,,0,,,0,,,0,,,2026-07-03 22:00:00,0xe93237c50d904957cf27e7b1133b510c669c2e74
0,,,0,,,0,,,0,,,2026-07-03 23:00:00,0xe93237c50d904957cf27e7b1133b510c669c2e74
0,,,0,,,0,,,0,,,2026-07-04 00:00:00,0xe93237c50d904957cf27e7b1133b510c669c2e74
0,,,0,,,0,,,0,,,2026-07-04 01:00:00,0xe93237c50d904957cf27e7b1133b510c669c2e74
0,,,0,,,0,,,0,,,2026-07-04 02:00:00,0xe93237c50d904957cf27e7b1133b510c669c2e74
0,,,0,,,0,,,0,,,2026-07-04 03:00:00,0xe93237c50d904957cf27e7b1133b510c669c2e74
0,,,0,,,0,,,0,,,2026-07-04 04:00:00,0xe93237c50d904957cf27e7b1133b510c669c2e74
0,,,0,,,0,,,0,,,2026-07-04 05:00:00,0xe93237c50d904957cf27e7b1133b510c669c2e74
0,,,0,,,0,,,0,,,2026-07-04 06:00:00,0xe93237c50d904957cf27e7b1133b510c669c2e74
0,,,0,,,0,,,0,,,2026-07-04 07:00:00,0xe93237c50d904957cf27e7b1133b510c669c2e74
0,,,0,,,0,,,0,,,2026-07-04 08:00:00,0xe93237c50d904957cf27e7b1133b510c669c2e74
0,,,0,,,0,,,0,,,2026-07-04 09:00:00,0xe93237c50d904957cf27e7b1133b510c669c2e74
0,,,0,,,0,,,0,,,2026-07-04 10:00:00,0xe93237c50d904957cf27e7b1133b510c669c2e74
0,,,0,,,0,,,0,,,2026-07-04 11:00:00,0xe93237c50d904957cf27e7b1133b510c669c2e74
0,,,0,,,0,,,0,,,2026-07-04 12:00:00,0xe93237c50d904957cf27e7b1133b510c669c2e74
0,,,0,,,0,,,0,,,2026-07-04 13:00:00,0xe93237c50d904957cf27e7b1133b510c669c2e74
0,,,0,,,0,,,0,,,2026-07-04 14:00:00,0xe93237c50d904957cf27e7b1133b510c669c2e74
0,,,0,,,0,,,0,,,2026-07-04 15:00:00,0xe93237c50d904957cf27e7b1133b510c669c2e74
0,,,0,,,0,,,0,,,2026-07-04 16:00:00,0xe93237c50d904957cf27e7b1133b510c669c2e74
0,,,0,,,0,,,0,,,2026-07-04 17:00:00,0xe93237c50d904957cf27e7b1133b510c669c2e74
0,,,0,,,0,,,0,,,2026-07-04 18:00:00,0xe93237c50d904957cf27e7b1133b510c669c2e74
0,,,0,,,0,,,0,,,2026-07-04 19:00:00,0xe93237c50d904957cf27e7b1133b510c669c2e74
0,,,0,,,0,,,0,,,2026-07-04 20:00:00,0xe93237c50d904957cf27e7b1133b510c669c2e74
0,,,0,,,0,,,0,,,2026-07-04 21:00:00,0xe93237c50d904957cf27e7b1133b510c669c2e74
0,,,0,,,0,,,0,,,2026-07-04 22:00:00,0xe93237c50d904957cf27e7b1133b510c669c2e74
0,,,0,,,0,,,0,,,2026-07-04 23:00:00,0xe93237c50d904957cf27e7b1133b510c669c2e74
0,,,0,,,0,,,0,,,2026-07-05 00:00:00,0xe93237c50d904957cf27e7b1133b510c669c2e74
0,,,0,,,0,,,0,,,2026-07-05 01:00:00,0xe93237c50d904957cf27e7b1133b510c669c2e74
0,,,0,,,0,,,0,,,2026-07-05 02:00:00,0xe93237c50d904957cf27e7b1133b510c669c2e74
0,,,0,,,0,,,0,,,2026-07-05 03:00:00,0xe93237c50d904957cf27e7b1133b510c669c2e74
0,,,0,,,0,,,0,,,2026-07-05 04:00:00,0xe93237c50d904957cf27e7b1133b510c669c2e74
0,,,0,,,0,,,0,,,2026-07-05 05:00:00,0xe93237c50d904957cf27e7b1133b510c669c2e74
0,,,0,,,0,,,0,,,2026-07-05 06:00:00,0xe93237c50d904957cf27e7b1133b510c669c2e74
0,,,0,,,0,,,0,,,2026-07-05 07:00:00,0xe93237c50d904957cf27e7b1133b510c669c2e74
0,,,0,,,0,,,0,,,2026-07-05 08:00:00,0xe93237c50d904957cf27e7b1133b510c669c2e74
0,,,0,,,0,,,0,,,2026-07-05 09:00:00,0xe93237c50d904957cf27e7b1133b510c669c2e74
0,,,0,,,0,,,0,,,2026-07-05 10:00:00,0xe93237c50d904957cf27e7b1133b510c669c2e74
0,,,0,,,0,,,0,,,2026-07-05 11:00:00,0xe93237c50d904957cf27e7b1133b510c669c2e74
0,,,0,,,0,,,0,,,2026-07-05 12:00:00,0xe93237c50d904957cf27e7b1133b510c669c2e74
0,,,0,,,0,,,0,,,2026-07-05 13:00:00,0xe93237c50d904957cf27e7b1133b510c669c2e74
0,,,0,,,0,,,0,,,2026-07-05 14:00:00,0xe93237c50d904957cf27e7b1133b510c669c2e74
0,,,0,,,0,,,0,,,2026-07-05 15:00:00,0xe93237c50d904957cf27e7b1133b510c669c2e74
0,,,0,,,0,,,0,,,2026-07-05 16:00:00,0xe93237c50d904957cf27e7b1133b510c669c2e74
0,,,0,,,0,,,0,,,2026-07-05 17:00:00,0xe93237c50d904957cf27e7b1133b510c669c2e74
0,,,0,,,0,,,0,,,2026-07-05 18:00:00,0xe93237c50d904957cf27e7b1133b510c669c2e74
0,,,0,,,0,,,0,,,2026-07-05 19:00:00,0xe93237c50d904957cf27e7b1133b510c669c2e74
0,,,0,,,0,,,0,,,2026-07-05 20:00:00,0xe93237c50d904957cf27e7b1133b510c669c2e74
0,,,0,,,0,,,0,,,2026-07-05 21:00:00,0xe93237c50d904957cf27e7b1133b510c669c2e74
0,,,0,,,0,,,0,,,2026-07-05 22:00:00,0xe93237c50d904957cf27e7b1133b510c669c2e74
0,,,0,,,0,,,0,,,2026-07-05 23:00:00,0xe93237c50d904957cf27e7b1133b510c669c2e74
0,,,0,,,0,,,0,,,2026-07-06 00:00:00,0xe93237c50d904957cf27e7b1133b510c669c2e74
0,,,0,,,0,,,0,,,2026-07-06 01:00:00,0xe93237c50d904957cf27e7b1133b510c669c2e74
0,,,0,,,0,,,0,,,2026-07-06 02:00:00,0xe93237c50d904957cf27e7b1133b510c669c2e74
0,,,0,,,0,,,0,,,2026-07-06 03:00:00,0xe93237c50d904957cf27e7b1133b510c669c2e74
0,,,0,,,0,,,0,,,2026-07-06 04:00:00,0xe93237c50d904957cf27e7b1133b510c669c2e74
0,,,0,,,0,,,0,,,2026-07-06 05:00:00,0xe93237c50d904957cf27e7b1133b510c669c2e74
0,,,0,,,0,,,0,,,2026-07-06 06:00:00,0xe93237c50d904957cf27e7b1133b510c669c2e74
0,,,0,,,0,,,0,,,2026-07-06 07:00:00,0xe93237c50d904957cf27e7b1133b510c669c2e74
0,,,0,,,0,,,0,,,2026-07-06 08:00:00,0xe93237c50d904957cf27e7b1133b510c669c2e74
0,,,0,,,0,,,0,,,2026-07-06 09:00:00,0xe93237c50d904957cf27e7b1133b510c669c2e74
0,,,0,,,0,,,0,,,2026-07-06 10:00:00,0xe93237c50d904957cf27e7b1133b510c669c2e74
0,,,0,,,0,,,0,,,2026-07-06 11:00:00,0xe93237c50d904957cf27e7b1133b510c669c2e74
0,,,0,,,0,,,0,,,2026-07-06 12:00:00,0xe93237c50d904957cf27e7b1133b510c669c2e74
0,,,0,,,0,,,0,,,2026-07-06 13:00:00,0xe93237c50d904957cf27e7b1133b510c669c2e74
0,,,0,,,0,,,0,,,2026-07-06 14:00:00,0xe93237c50d904957cf27e7b1133b510c669c2e74
0,,,0,,,0,,,0,,,2026-07-06 15:00:00,0xe93237c50d904957cf27e7b1133b510c669c2e74
0,,,0,,,0,,,0,,,2026-07-06 16:00:00,0xe93237c50d904957cf27e7b1133b510c669c2e74
0,,,0,,,0,,,0,,,2026-07-06 17:00:00,0xe93237c50d904957cf27e7b1133b510c669c2e74
0,,,0,,,0,,,0,,,2026-07-06 18:00:00,0xe93237c50d904957cf27e7b1133b510c669c2e74
0,,,0,,,0,,,0,,,2026-07-06 19:00:00,0xe93237c50d904957cf27e7b1133b510c669c2e74
0,,,0,,,0,,,0,,,2026-07-06 20:00:00,0xe93237c50d904957cf27e7b1133b510c669c2e74
0,,,0,,,0,,,0,,,2026-07-06 21:00:00,0xe93237c50d904957cf27e7b1133b510c669c2e74
0,,,0,,,0,,,0,,,2026-07-06 22:00:00,0xe93237c50d904957cf27e7b1133b510c669c2e74
0,,,0,,,0,,,0,,,2026-07-06 23:00:00,0xe93237c50d904957cf27e7b1133b510c669c2e74
0,,,0,,,0,,,0,,,2026-07-07 00:00:00,0xe93237c50d904957cf27e7b1133b510c669c2e74
0,,,0,,,0,,,0,,,2026-07-07 01:00:00,0xe93237c50d904957cf27e7b1133b510c669c2e74
0,,,0,,,0,,,0,,,2026-07-07 02:00:00,0xe93237c50d904957cf27e7b1133b510c669c2e74
0,,,0,,,0,,,0,,,2026-07-07 03:00:00,0xe93237c50d904957cf27e7b1133b510c669c2e74
0,,,0,,,0,,,0,,,2026-07-07 04:00:00,0xe93237c50d904957cf27e7b1133b510c669c2e74
0,,,0,,,0,,,0,,,2026-07-07 05:00:00,0xe93237c50d904957cf27e7b1133b510c669c2e74
0,,,0,,,0,,,0,,,2026-07-07 06:00:00,0xe93237c50d904957cf27e7b1133b510c669c2e74
0,,,0,,,0,,,0,,,2026-07-07 07:00:00,0xe93237c50d904957cf27e7b1133b510c669c2e74
0,,,0,,,0,,,0,,,2026-07-07 08:00:00,0xe93237c50d904957cf27e7b1133b510c669c2e74
0,,,0,,,0,,,0,,,2026-07-07 09:00:00,0xe93237c50d904957cf27e7b1133b510c669c2e74
0,,,0,,,0,,,0,,,2026-07-07 10:00:00,0xe93237c50d904957cf27e7b1133b510c669c2e74
0,,,0,,,0,,,0,,,2026-07-07 11:00:00,0xe93237c50d904957cf27e7b1133b510c669c2e74
0,,,0,,,0,,,0,,,2026-07-07 12:00:00,0xe93237c50d904957cf27e7b1133b510c669c2e74
0,,,0,,,0,,,0,,,2026-07-07 13:00:00,0xe93237c50d904957cf27e7b1133b510c669c2e74
0,,,0,,,0,,,0,,,2026-07-07 14:00:00,0xe93237c50d904957cf27e7b1133b510c669c2e74
0,,,0,,,0,,,0,,,2026-07-07 15:00:00,0xe93237c50d904957cf27e7b1133b510c669c2e74
0,,,0,,,0,,,0,,,2026-07-07 16:00:00,0xe93237c50d904957cf27e7b1133b510c669c2e74
0,,,0,,,0,,,0,,,2026-07-07 17:00:00,0xe93237c50d904957cf27e7b1133b510c669c2e74
0,,,0,,,0,,,0,,,2026-07-07 18:00:00,0xe93237c50d904957cf27e7b1133b510c669c2e74
0,,,0,,,0,,,0,,,2026-07-07 19:00:00,0xe93237c50d904957cf27e7b1133b510c669c2e74
0,,,0,,,0,,,0,,,2026-07-07 20:00:00,0xe93237c50d904957cf27e7b1133b510c669c2e74
0,,,0,,,0,,,0,,,2026-07-07 21:00:00,0xe93237c50d904957cf27e7b1133b510c669c2e74
0,,,0,,,0,,,0,,,2026-07-07 22:00:00,0xe93237c50d904957cf27e7b1133b510c669c2e74
0,,,0,,,0,,,0,,,2026-07-07 23:00:00,0xe93237c50d904957cf27e7b1133b510c669c2e74
0,,,0,,,0,,,0,,,2026-07-01 00:00:00,0xec262a75e413fafd0df80480274532c79d42da09
0,,,0,,,0,,,0,,,2026-07-01 01:00:00,0xec262a75e413fafd0df80480274532c79d42da09
0,,,0,,,0,,,0,,,2026-07-01 02:00:00,0xec262a75e413fafd0df80480274532c79d42da09
0,,,0,,,0,,,0,,,2026-07-01 03:00:00,0xec262a75e413fafd0df80480274532c79d42da09
0,,,0,,,0,,,0,,,2026-07-01 04:00:00,0xec262a75e413fafd0df80480274532c79d42da09
0,,,0,,,0,,,0,,,2026-07-01 05:00:00,0xec262a75e413fafd0df80480274532c79d42da09
0,,,0,,,0,,,0,,,2026-07-01 06:00:00,0xec262a75e413fafd0df80480274532c79d42da09
0,,,0,,,0,,,0,,,2026-07-01 07:00:00,0xec262a75e413fafd0df80480274532c79d42da09
0,,,0,,,0,,,0,,,2026-07-01 08:00:00,0xec262a75e413fafd0df80480274532c79d42da09
0,,,0,,,0,,,0,,,2026-07-01 09:00:00,0xec262a75e413fafd0df80480274532c79d42da09
0,,,0,,,0,,,0,,,2026-07-01 10:00:00,0xec262a75e413fafd0df80480274532c79d42da09
0,,,0,,,0,,,0,,,2026-07-01 11:00:00,0xec262a75e413fafd0df80480274532c79d42da09
0,,,0,,,0,,,0,,,2026-07-01 12:00:00,0xec262a75e413fafd0df80480274532c79d42da09
0,,,0,,,0,,,0,,,2026-07-01 13:00:00,0xec262a75e413fafd0df80480274532c79d42da09
0,,,0,,,0,,,0,,,2026-07-01 14:00:00,0xec262a75e413fafd0df80480274532c79d42da09
0,,,0,,,0,,,0,,,2026-07-01 15:00:00,0xec262a75e413fafd0df80480274532c79d42da09
0,,,0,,,0,,,0,,,2026-07-01 16:00:00,0xec262a75e413fafd0df80480274532c79d42da09
0,,,0,,,0,,,0,,,2026-07-01 17:00:00,0xec262a75e413fafd0df80480274532c79d42da09
0,,,0,,,0,,,0,,,2026-07-01 18:00:00,0xec262a75e413fafd0df80480274532c79d42da09
0,,,0,,,0,,,0,,,2026-07-01 19:00:00,0xec262a75e413fafd0df80480274532c79d42da09
0,,,0,,,0,,,0,,,2026-07-01 20:00:00,0xec262a75e413fafd0df80480274532c79d42da09
0,,,0,,,0,,,0,,,2026-07-01 21:00:00,0xec262a75e413fafd0df80480274532c79d42da09
0,,,0,,,0,,,0,,,2026-07-01 22:00:00,0xec262a75e413fafd0df80480274532c79d42da09
0,,,0,,,0,,,0,,,2026-07-01 23:00:00,0xec262a75e413fafd0df80480274532c79d42da09
0,,,0,,,0,,,0,,,2026-07-02 00:00:00,0xec262a75e413fafd0df80480274532c79d42da09
0,,,0,,,0,,,0,,,2026-07-02 01:00:00,0xec262a75e413fafd0df80480274532c79d42da09
0,,,0,,,0,,,0,,,2026-07-02 02:00:00,0xec262a75e413fafd0df80480274532c79d42da09
0,,,0,,,0,,,0,,,2026-07-02 03:00:00,0xec262a75e413fafd0df80480274532c79d42da09
0,,,0,,,0,,,0,,,2026-07-02 04:00:00,0xec262a75e413fafd0df80480274532c79d42da09
0,,,0,,,0,,,0,,,2026-07-02 05:00:00,0xec262a75e413fafd0df80480274532c79d42da09
0,,,0,,,0,,,0,,,2026-07-02 06:00:00,0xec262a75e413fafd0df80480274532c79d42da09
0,,,0,,,0,,,0,,,2026-07-02 07:00:00,0xec262a75e413fafd0df80480274532c79d42da09
0,,,0,,,0,,,0,,,2026-07-02 08:00:00,0xec262a75e413fafd0df80480274532c79d42da09
0,,,0,,,0,,,0,,,2026-07-02 09:00:00,0xec262a75e413fafd0df80480274532c79d42da09
0,,,0,,,0,,,0,,,2026-07-02 10:00:00,0xec262a75e413fafd0df80480274532c79d42da09
0,,,0,,,0,,,0,,,2026-07-02 11:00:00,0xec262a75e413fafd0df80480274532c79d42da09
0,,,0,,,0,,,0,,,2026-07-02 12:00:00,0xec262a75e413fafd0df80480274532c79d42da09
0,,,0,,,0,,,0,,,2026-07-02 13:00:00,0xec262a75e413fafd0df80480274532c79d42da09
0,,,0,,,0,,,0,,,2026-07-02 14:00:00,0xec262a75e413fafd0df80480274532c79d42da09
0,,,0,,,0,,,0,,,2026-07-02 15:00:00,0xec262a75e413fafd0df80480274532c79d42da09
0,,,0,,,0,,,0,,,2026-07-02 16:00:00,0xec262a75e413fafd0df80480274532c79d42da09
0,,,0,,,0,,,0,,,2026-07-02 17:00:00,0xec262a75e413fafd0df80480274532c79d42da09
0,,,0,,,0,,,0,,,2026-07-02 18:00:00,0xec262a75e413fafd0df80480274532c79d42da09
0,,,0,,,0,,,0,,,2026-07-02 19:00:00,0xec262a75e413fafd0df80480274532c79d42da09
0,,,0,,,0,,,0,,,2026-07-02 20:00:00,0xec262a75e413fafd0df80480274532c79d42da09
0,,,0,,,0,,,0,,,2026-07-02 21:00:00,0xec262a75e413fafd0df80480274532c79d42da09
0,,,0,,,0,,,0,,,2026-07-02 22:00:00,0xec262a75e413fafd0df80480274532c79d42da09
0,,,0,,,0,,,0,,,2026-07-02 23:00:00,0xec262a75e413fafd0df80480274532c79d42da09
0,,,0,,,0,,,0,,,2026-07-03 00:00:00,0xec262a75e413fafd0df80480274532c79d42da09
0,,,0,,,0,,,0,,,2026-07-03 01:00:00,0xec262a75e413fafd0df80480274532c79d42da09
0,,,0,,,0,,,0,,,2026-07-03 02:00:00,0xec262a75e413fafd0df80480274532c79d42da09
0,,,0,,,0,,,0,,,2026-07-03 03:00:00,0xec262a75e413fafd0df80480274532c79d42da09
0,,,0,,,0,,,0,,,2026-07-03 04:00:00,0xec262a75e413fafd0df80480274532c79d42da09
0,,,0,,,0,,,0,,,2026-07-03 05:00:00,0xec262a75e413fafd0df80480274532c79d42da09
0,,,0,,,0,,,0,,,2026-07-03 06:00:00,0xec262a75e413fafd0df80480274532c79d42da09
0,,,0,,,0,,,0,,,2026-07-03 07:00:00,0xec262a75e413fafd0df80480274532c79d42da09
0,,,0,,,0,,,0,,,2026-07-03 08:00:00,0xec262a75e413fafd0df80480274532c79d42da09
0,,,0,,,0,,,0,,,2026-07-03 09:00:00,0xec262a75e413fafd0df80480274532c79d42da09
0,,,0,,,0,,,0,,,2026-07-03 10:00:00,0xec262a75e413fafd0df80480274532c79d42da09
0,,,0,,,0,,,0,,,2026-07-03 11:00:00,0xec262a75e413fafd0df80480274532c79d42da09
0,,,0,,,0,,,0,,,2026-07-03 12:00:00,0xec262a75e413fafd0df80480274532c79d42da09
0,,,0,,,0,,,0,,,2026-07-03 13:00:00,0xec262a75e413fafd0df80480274532c79d42da09
0,,,0,,,0,,,0,,,2026-07-03 14:00:00,0xec262a75e413fafd0df80480274532c79d42da09
0,,,0,,,0,,,0,,,2026-07-03 15:00:00,0xec262a75e413fafd0df80480274532c79d42da09
0,,,0,,,0,,,0,,,2026-07-03 16:00:00,0xec262a75e413fafd0df80480274532c79d42da09
0,,,0,,,0,,,0,,,2026-07-03 17:00:00,0xec262a75e413fafd0df80480274532c79d42da09
0,,,0,,,0,,,0,,,2026-07-03 18:00:00,0xec262a75e413fafd0df80480274532c79d42da09
0,,,0,,,0,,,0,,,2026-07-03 19:00:00,0xec262a75e413fafd0df80480274532c79d42da09
0,,,0,,,0,,,0,,,2026-07-03 20:00:00,0xec262a75e413fafd0df80480274532c79d42da09
0,,,0,,,0,,,0,,,2026-07-03 21:00:00,0xec262a75e413fafd0df80480274532c79d42da09
0,,,0,,,0,,,0,,,2026-07-03 22:00:00,0xec262a75e413fafd0df80480274532c79d42da09
0,,,0,,,0,,,0,,,2026-07-03 23:00:00,0xec262a75e413fafd0df80480274532c79d42da09
0,,,0,,,0,,,0,,,2026-07-04 00:00:00,0xec262a75e413fafd0df80480274532c79d42da09
0,,,0,,,0,,,0,,,2026-07-04 01:00:00,0xec262a75e413fafd0df80480274532c79d42da09
0,,,0,,,0,,,0,,,2026-07-04 02:00:00,0xec262a75e413fafd0df80480274532c79d42da09
0,,,0,,,0,,,0,,,2026-07-04 03:00:00,0xec262a75e413fafd0df80480274532c79d42da09
0,,,0,,,0,,,0,,,2026-07-04 04:00:00,0xec262a75e413fafd0df80480274532c79d42da09
0,,,0,,,0,,,0,,,2026-07-04 05:00:00,0xec262a75e413fafd0df80480274532c79d42da09
0,,,0,,,0,,,0,,,2026-07-04 06:00:00,0xec262a75e413fafd0df80480274532c79d42da09
0,,,0,,,0,,,0,,,2026-07-04 07:00:00,0xec262a75e413fafd0df80480274532c79d42da09
0,,,0,,,0,,,0,,,2026-07-04 08:00:00,0xec262a75e413fafd0df80480274532c79d42da09
0,,,0,,,0,,,0,,,2026-07-04 09:00:00,0xec262a75e413fafd0df80480274532c79d42da09
0,,,0,,,0,,,0,,,2026-07-04 10:00:00,0xec262a75e413fafd0df80480274532c79d42da09
0,,,0,,,0,,,0,,,2026-07-04 11:00:00,0xec262a75e413fafd0df80480274532c79d42da09
0,,,0,,,0,,,0,,,2026-07-04 12:00:00,0xec262a75e413fafd0df80480274532c79d42da09
0,,,0,,,0,,,0,,,2026-07-04 13:00:00,0xec262a75e413fafd0df80480274532c79d42da09
0,,,0,,,0,,,0,,,2026-07-04 14:00:00,0xec262a75e413fafd0df80480274532c79d42da09
0,,,0,,,0,,,0,,,2026-07-04 15:00:00,0xec262a75e413fafd0df80480274532c79d42da09
0,,,0,,,0,,,0,,,2026-07-04 16:00:00,0xec262a75e413fafd0df80480274532c79d42da09
0,,,0,,,0,,,0,,,2026-07-04 17:00:00,0xec262a75e413fafd0df80480274532c79d42da09
0,,,0,,,0,,,0,,,2026-07-04 18:00:00,0xec262a75e413fafd0df80480274532c79d42da09
0,,,0,,,0,,,0,,,2026-07-04 19:00:00,0xec262a75e413fafd0df80480274532c79d42da09
0,,,0,,,0,,,0,,,2026-07-04 20:00:00,0xec262a75e413fafd0df80480274532c79d42da09
0,,,0,,,0,,,0,,,2026-07-04 21:00:00,0xec262a75e413fafd0df80480274532c79d42da09
0,,,0,,,0,,,0,,,2026-07-04 22:00:00,0xec262a75e413fafd0df80480274532c79d42da09
0,,,0,,,0,,,0,,,2026-07-04 23:00:00,0xec262a75e413fafd0df80480274532c79d42da09
0,,,0,,,0,,,0,,,2026-07-05 00:00:00,0xec262a75e413fafd0df80480274532c79d42da09
0,,,0,,,0,,,0,,,2026-07-05 01:00:00,0xec262a75e413fafd0df80480274532c79d42da09
0,,,0,,,0,,,0,,,2026-07-05 02:00:00,0xec262a75e413fafd0df80480274532c79d42da09
0,,,0,,,0,,,0,,,2026-07-05 03:00:00,0xec262a75e413fafd0df80480274532c79d42da09
0,,,0,,,0,,,0,,,2026-07-05 04:00:00,0xec262a75e413fafd0df80480274532c79d42da09
0,,,0,,,0,,,0,,,2026-07-05 05:00:00,0xec262a75e413fafd0df80480274532c79d42da09
0,,,0,,,0,,,0,,,2026-07-05 06:00:00,0xec262a75e413fafd0df80480274532c79d42da09
0,,,0,,,0,,,0,,,2026-07-05 07:00:00,0xec262a75e413fafd0df80480274532c79d42da09
0,,,0,,,0,,,0,,,2026-07-05 08:00:00,0xec262a75e413fafd0df80480274532c79d42da09
0,,,0,,,0,,,0,,,2026-07-05 09:00:00,0xec262a75e413fafd0df80480274532c79d42da09
0,,,0,,,0,,,0,,,2026-07-05 10:00:00,0xec262a75e413fafd0df80480274532c79d42da09
0,,,0,,,0,,,0,,,2026-07-05 11:00:00,0xec262a75e413fafd0df80480274532c79d42da09
0,,,0,,,0,,,0,,,2026-07-05 12:00:00,0xec262a75e413fafd0df80480274532c79d42da09
0,,,0,,,0,,,0,,,2026-07-05 13:00:00,0xec262a75e413fafd0df80480274532c79d42da09
0,,,0,,,0,,,0,,,2026-07-05 14:00:00,0xec262a75e413fafd0df80480274532c79d42da09
0,,,0,,,0,,,0,,,2026-07-05 15:00:00,0xec262a75e413fafd0df80480274532c79d42da09
0,,,0,,,0,,,0,,,2026-07-05 16:00:00,0xec262a75e413fafd0df80480274532c79d42da09
0,,,0,,,0,,,0,,,2026-07-05 17:00:00,0xec262a75e413fafd0df80480274532c79d42da09
0,,,0,,,0,,,0,,,2026-07-05 18:00:00,0xec262a75e413fafd0df80480274532c79d42da09
0,,,0,,,0,,,0,,,2026-07-05 19:00:00,0xec262a75e413fafd0df80480274532c79d42da09
0,,,0,,,0,,,0,,,2026-07-05 20:00:00,0xec262a75e413fafd0df80480274532c79d42da09
0,,,0,,,0,,,0,,,2026-07-05 21:00:00,0xec262a75e413fafd0df80480274532c79d42da09
0,,,0,,,0,,,0,,,2026-07-05 22:00:00,0xec262a75e413fafd0df80480274532c79d42da09
0,,,0,,,0,,,0,,,2026-07-05 23:00:00,0xec262a75e413fafd0df80480274532c79d42da09
0,,,0,,,0,,,0,,,2026-07-06 00:00:00,0xec262a75e413fafd0df80480274532c79d42da09
0,,,0,,,0,,,0,,,2026-07-06 01:00:00,0xec262a75e413fafd0df80480274532c79d42da09
0,,,0,,,0,,,0,,,2026-07-06 02:00:00,0xec262a75e413fafd0df80480274532c79d42da09
0,,,0,,,0,,,0,,,2026-07-06 03:00:00,0xec262a75e413fafd0df80480274532c79d42da09
0,,,1,5.195327994008e-06,0.00999533,0,,,0,,,2026-07-06 04:00:00,0xec262a75e413fafd0df80480274532c79d42da09
0,,,0,,,0,,,0,,,2026-07-06 05:00:00,0xec262a75e413fafd0df80480274532c79d42da09
0,,,0,,,0,,,0,,,2026-07-06 06:00:00,0xec262a75e413fafd0df80480274532c79d42da09
0,,,0,,,0,,,0,,,2026-07-06 07:00:00,0xec262a75e413fafd0df80480274532c79d42da09
0,,,0,,,0,,,0,,,2026-07-06 08:00:00,0xec262a75e413fafd0df80480274532c79d42da09
0,,,0,,,0,,,0,,,2026-07-06 09:00:00,0xec262a75e413fafd0df80480274532c79d42da09
0,,,0,,,0,,,0,,,2026-07-06 10:00:00,0xec262a75e413fafd0df80480274532c79d42da09
0,,,0,,,0,,,0,,,2026-07-06 11:00:00,0xec262a75e413fafd0df80480274532c79d42da09
0,,,0,,,1,5.195327994008e-06,0.00999533,0,,,2026-07-06 12:00:00,0xec262a75e413fafd0df80480274532c79d42da09
0,,,0,,,0,,,0,,,2026-07-06 13:00:00,0xec262a75e413fafd0df80480274532c79d42da09
0,,,0,,,0,,,0,,,2026-07-06 14:00:00,0xec262a75e413fafd0df80480274532c79d42da09
0,,,0,,,0,,,0,,,2026-07-06 15:00:00,0xec262a75e413fafd0df80480274532c79d42da09
0,,,0,,,0,,,1,5.195327994008e-06,0.00999533,2026-07-06 16:00:00,0xec262a75e413fafd0df80480274532c79d42da09
0,,,0,,,0,,,0,,,2026-07-06 17:00:00,0xec262a75e413fafd0df80480274532c79d42da09
0,,,0,,,0,,,0,,,2026-07-06 18:00:00,0xec262a75e413fafd0df80480274532c79d42da09
0,,,0,,,0,,,0,,,2026-07-06 19:00:00,0xec262a75e413fafd0df80480274532c79d42da09
0,,,0,,,0,,,0,,,2026-07-06 20:00:00,0xec262a75e413fafd0df80480274532c79d42da09
0,,,0,,,0,,,0,,,2026-07-06 21:00:00,0xec262a75e413fafd0df80480274532c79d42da09
0,,,0,,,0,,,0,,,2026-07-06 22:00:00,0xec262a75e413fafd0df80480274532c79d42da09
0,,,0,,,0,,,0,,,2026-07-06 23:00:00,0xec262a75e413fafd0df80480274532c79d42da09
0,,,0,,,0,,,0,,,2026-07-07 00:00:00,0xec262a75e413fafd0df80480274532c79d42da09
0,,,0,,,0,,,0,,,2026-07-07 01:00:00,0xec262a75e413fafd0df80480274532c79d42da09
0,,,1,0.001550961768982539,2.9969799162729998,0,,,0,,,2026-07-07 02:00:00,0xec262a75e413fafd0df80480274532c79d42da09
0,,,1,0.001019884599437191,1.998748168164,0,,,0,,,2026-07-07 03:00:00,0xec262a75e413fafd0df80480274532c79d42da09
0,,,0,,,0,,,0,,,2026-07-07 04:00:00,0xec262a75e413fafd0df80480274532c79d42da09
0,,,0,,,0,,,0,,,2026-07-07 05:00:00,0xec262a75e413fafd0df80480274532c79d42da09
0,,,0,,,0,,,0,,,2026-07-07 06:00:00,0xec262a75e413fafd0df80480274532c79d42da09
0,,,0,,,0,,,0,,,2026-07-07 07:00:00,0xec262a75e413fafd0df80480274532c79d42da09
0,,,0,,,0,,,0,,,2026-07-07 08:00:00,0xec262a75e413fafd0df80480274532c79d42da09
0,,,0,,,0,,,0,,,2026-07-07 09:00:00,0xec262a75e413fafd0df80480274532c79d42da09
0,,,0,,,1,0.001550961768982539,2.9969799162729998,0,,,2026-07-07 10:00:00,0xec262a75e413fafd0df80480274532c79d42da09
0,,,0,,,1,0.001019884599437191,1.998748168164,0,,,2026-07-07 11:00:00,0xec262a75e413fafd0df80480274532c79d42da09
0,,,0,,,0,,,0,,,2026-07-07 12:00:00,0xec262a75e413fafd0df80480274532c79d42da09
0,,,0,,,0,,,0,,,2026-07-07 13:00:00,0xec262a75e413fafd0df80480274532c79d42da09
1,0.001465288632566645,2.852706,0,,,0,,,1,0.001550961768982539,2.9969799162729998,2026-07-07 14:00:00,0xec262a75e413fafd0df80480274532c79d42da09
1,0.001222939889848551,2.40970375674,0,,,0,,,1,0.001019884599437191,1.998748168164,2026-07-07 15:00:00,0xec262a75e413fafd0df80480274532c79d42da09
0,,,0,,,0,,,0,,,2026-07-07 16:00:00,0xec262a75e413fafd0df80480274532c79d42da09
0,,,0,,,0,,,0,,,2026-07-07 17:00:00,0xec262a75e413fafd0df80480274532c79d42da09
0,,,0,,,0,,,0,,,2026-07-07 18:00:00,0xec262a75e413fafd0df80480274532c79d42da09
0,,,0,,,0,,,0,,,2026-07-07 19:00:00,0xec262a75e413fafd0df80480274532c79d42da09
0,,,0,,,0,,,0,,,2026-07-07 20:00:00,0xec262a75e413fafd0df80480274532c79d42da09
0,,,0,,,0,,,0,,,2026-07-07 21:00:00,0xec262a75e413fafd0df80480274532c79d42da09
0,,,0,,,0,,,0,,,2026-07-07 22:00:00,0xec262a75e413fafd0df80480274532c79d42da09
0,,,0,,,0,,,0,,,2026-07-07 23:00:00,0xec262a75e413fafd0df80480274532c79d42da09
0,,,0,,,0,,,0,,,2026-07-01 00:00:00,0xff080c8ce2e5feadaca0da81314ae59d232d4afd
0,,,0,,,0,,,0,,,2026-07-01 01:00:00,0xff080c8ce2e5feadaca0da81314ae59d232d4afd
0,,,0,,,0,,,0,,,2026-07-01 02:00:00,0xff080c8ce2e5feadaca0da81314ae59d232d4afd
0,,,1,9.393814219024e-05,0.09995180000000001,0,,,0,,,2026-07-01 03:00:00,0xff080c8ce2e5feadaca0da81314ae59d232d4afd
0,,,2,0.001888764378869022,1.9797148307499999,0,,,0,,,2026-07-01 04:00:00,0xff080c8ce2e5feadaca0da81314ae59d232d4afd
0,,,1,9.3425821983097e-05,0.09999059999999999,0,,,0,,,2026-07-01 05:00:00,0xff080c8ce2e5feadaca0da81314ae59d232d4afd
0,,,0,,,0,,,0,,,2026-07-01 06:00:00,0xff080c8ce2e5feadaca0da81314ae59d232d4afd
0,,,0,,,0,,,0,,,2026-07-01 07:00:00,0xff080c8ce2e5feadaca0da81314ae59d232d4afd
0,,,0,,,0,,,0,,,2026-07-01 08:00:00,0xff080c8ce2e5feadaca0da81314ae59d232d4afd
0,,,0,,,0,,,0,,,2026-07-01 09:00:00,0xff080c8ce2e5feadaca0da81314ae59d232d4afd
0,,,0,,,0,,,0,,,2026-07-01 10:00:00,0xff080c8ce2e5feadaca0da81314ae59d232d4afd
0,,,0,,,1,9.393814219024e-05,0.09995180000000001,0,,,2026-07-01 11:00:00,0xff080c8ce2e5feadaca0da81314ae59d232d4afd
0,,,0,,,2,0.001888764378869022,1.9797148307499999,0,,,2026-07-01 12:00:00,0xff080c8ce2e5feadaca0da81314ae59d232d4afd
0,,,0,,,1,9.3425821983097e-05,0.09999059999999999,0,,,2026-07-01 13:00:00,0xff080c8ce2e5feadaca0da81314ae59d232d4afd
0,,,0,,,0,,,0,,,2026-07-01 14:00:00,0xff080c8ce2e5feadaca0da81314ae59d232d4afd
0,,,0,,,0,,,1,9.393814219024e-05,0.09995180000000001,2026-07-01 15:00:00,0xff080c8ce2e5feadaca0da81314ae59d232d4afd
0,,,1,0.000827473717950568,0.88921536048,0,,,2,0.001888764378869022,1.9797148307499999,2026-07-01 16:00:00,0xff080c8ce2e5feadaca0da81314ae59d232d4afd
1,9.4159946443422e-05,0.0999868,0,,,0,,,1,9.3425821983097e-05,0.09999059999999999,2026-07-01 17:00:00,0xff080c8ce2e5feadaca0da81314ae59d232d4afd
0,,,0,,,0,,,0,,,2026-07-01 18:00:00,0xff080c8ce2e5feadaca0da81314ae59d232d4afd
0,,,0,,,0,,,0,,,2026-07-01 19:00:00,0xff080c8ce2e5feadaca0da81314ae59d232d4afd
0,,,0,,,0,,,0,,,2026-07-01 20:00:00,0xff080c8ce2e5feadaca0da81314ae59d232d4afd
0,,,0,,,0,,,0,,,2026-07-01 21:00:00,0xff080c8ce2e5feadaca0da81314ae59d232d4afd
0,,,1,0.000827473717950568,0.7973994300480001,0,,,0,,,2026-07-01 22:00:00,0xff080c8ce2e5feadaca0da81314ae59d232d4afd
0,,,0,,,0,,,0,,,2026-07-01 23:00:00,0xff080c8ce2e5feadaca0da81314ae59d232d4afd
0,,,0,,,1,0.000827473717950568,0.88921536048,0,,,2026-07-02 00:00:00,0xff080c8ce2e5feadaca0da81314ae59d232d4afd
0,,,0,,,0,,,0,,,2026-07-02 01:00:00,0xff080c8ce2e5feadaca0da81314ae59d232d4afd
2,0.001777655339890118,1.851057010938,1,0.001198064955176764,1.258807634526,0,,,0,,,2026-07-02 02:00:00,0xff080c8ce2e5feadaca0da81314ae59d232d4afd
1,0.09708605523958821,100.01279999999998,0,,,0,,,0,,,2026-07-02 03:00:00,0xff080c8ce2e5feadaca0da81314ae59d232d4afd
0,,,0,,,0,,,1,0.000827473717950568,0.88921536048,2026-07-02 04:00:00,0xff080c8ce2e5feadaca0da81314ae59d232d4afd
0,,,0,,,0,,,0,,,2026-07-02 05:00:00,0xff080c8ce2e5feadaca0da81314ae59d232d4afd
0,,,0,,,1,0.000827473717950568,0.7973994300480001,0,,,2026-07-02 06:00:00,0xff080c8ce2e5feadaca0da81314ae59d232d4afd
0,,,0,,,0,,,0,,,2026-07-02 07:00:00,0xff080c8ce2e5feadaca0da81314ae59d232d4afd
0,,,0,,,0,,,0,,,2026-07-02 08:00:00,0xff080c8ce2e5feadaca0da81314ae59d232d4afd
0,,,0,,,0,,,0,,,2026-07-02 09:00:00,0xff080c8ce2e5feadaca0da81314ae59d232d4afd
0,,,0,,,1,0.001198064955176764,1.258807634526,1,0.000827473717950568,0.7973994300480001,2026-07-02 10:00:00,0xff080c8ce2e5feadaca0da81314ae59d232d4afd
0,,,1,0.10031724353527809,98.993664,0,,,0,,,2026-07-02 11:00:00,0xff080c8ce2e5feadaca0da81314ae59d232d4afd
0,,,0,,,0,,,0,,,2026-07-02 12:00:00,0xff080c8ce2e5feadaca0da81314ae59d232d4afd
0,,,0,,,0,,,0,,,2026-07-02 13:00:00,0xff080c8ce2e5feadaca0da81314ae59d232d4afd
0,,,0,,,0,,,1,0.001198064955176764,1.258807634526,2026-07-02 14:00:00,0xff080c8ce2e5feadaca0da81314ae59d232d4afd
0,,,0,,,0,,,0,,,2026-07-02 15:00:00,0xff080c8ce2e5feadaca0da81314ae59d232d4afd
0,,,0,,,0,,,0,,,2026-07-02 16:00:00,0xff080c8ce2e5feadaca0da81314ae59d232d4afd
0,,,0,,,0,,,0,,,2026-07-02 17:00:00,0xff080c8ce2e5feadaca0da81314ae59d232d4afd
0,,,0,,,0,,,0,,,2026-07-02 18:00:00,0xff080c8ce2e5feadaca0da81314ae59d232d4afd
0,,,0,,,1,0.10031724353527809,98.993664,0,,,2026-07-02 19:00:00,0xff080c8ce2e5feadaca0da81314ae59d232d4afd
0,,,0,,,0,,,0,,,2026-07-02 20:00:00,0xff080c8ce2e5feadaca0da81314ae59d232d4afd
0,,,0,,,0,,,0,,,2026-07-02 21:00:00,0xff080c8ce2e5feadaca0da81314ae59d232d4afd
0,,,0,,,0,,,0,,,2026-07-02 22:00:00,0xff080c8ce2e5feadaca0da81314ae59d232d4afd
0,,,0,,,0,,,1,0.10031724353527809,98.993664,2026-07-02 23:00:00,0xff080c8ce2e5feadaca0da81314ae59d232d4afd
0,,,0,,,0,,,0,,,2026-07-03 00:00:00,0xff080c8ce2e5feadaca0da81314ae59d232d4afd
0,,,0,,,0,,,0,,,2026-07-03 01:00:00,0xff080c8ce2e5feadaca0da81314ae59d232d4afd
0,,,0,,,0,,,0,,,2026-07-03 02:00:00,0xff080c8ce2e5feadaca0da81314ae59d232d4afd
0,,,0,,,0,,,0,,,2026-07-03 03:00:00,0xff080c8ce2e5feadaca0da81314ae59d232d4afd
0,,,0,,,0,,,0,,,2026-07-03 04:00:00,0xff080c8ce2e5feadaca0da81314ae59d232d4afd
0,,,0,,,0,,,0,,,2026-07-03 05:00:00,0xff080c8ce2e5feadaca0da81314ae59d232d4afd
0,,,0,,,0,,,0,,,2026-07-03 06:00:00,0xff080c8ce2e5feadaca0da81314ae59d232d4afd
0,,,0,,,0,,,0,,,2026-07-03 07:00:00,0xff080c8ce2e5feadaca0da81314ae59d232d4afd
0,,,0,,,0,,,0,,,2026-07-03 08:00:00,0xff080c8ce2e5feadaca0da81314ae59d232d4afd
0,,,0,,,0,,,0,,,2026-07-03 09:00:00,0xff080c8ce2e5feadaca0da81314ae59d232d4afd
0,,,0,,,0,,,0,,,2026-07-03 10:00:00,0xff080c8ce2e5feadaca0da81314ae59d232d4afd
0,,,0,,,0,,,0,,,2026-07-03 11:00:00,0xff080c8ce2e5feadaca0da81314ae59d232d4afd
0,,,0,,,0,,,0,,,2026-07-03 12:00:00,0xff080c8ce2e5feadaca0da81314ae59d232d4afd
0,,,0,,,0,,,0,,,2026-07-03 13:00:00,0xff080c8ce2e5feadaca0da81314ae59d232d4afd
0,,,0,,,0,,,0,,,2026-07-03 14:00:00,0xff080c8ce2e5feadaca0da81314ae59d232d4afd
0,,,0,,,0,,,0,,,2026-07-03 15:00:00,0xff080c8ce2e5feadaca0da81314ae59d232d4afd
0,,,0,,,0,,,0,,,2026-07-03 16:00:00,0xff080c8ce2e5feadaca0da81314ae59d232d4afd
0,,,0,,,0,,,0,,,2026-07-03 17:00:00,0xff080c8ce2e5feadaca0da81314ae59d232d4afd
0,,,0,,,0,,,0,,,2026-07-03 18:00:00,0xff080c8ce2e5feadaca0da81314ae59d232d4afd
0,,,0,,,0,,,0,,,2026-07-03 19:00:00,0xff080c8ce2e5feadaca0da81314ae59d232d4afd
0,,,0,,,0,,,0,,,2026-07-03 20:00:00,0xff080c8ce2e5feadaca0da81314ae59d232d4afd
0,,,0,,,0,,,0,,,2026-07-03 21:00:00,0xff080c8ce2e5feadaca0da81314ae59d232d4afd
0,,,0,,,0,,,0,,,2026-07-03 22:00:00,0xff080c8ce2e5feadaca0da81314ae59d232d4afd
0,,,0,,,0,,,0,,,2026-07-03 23:00:00,0xff080c8ce2e5feadaca0da81314ae59d232d4afd
0,,,0,,,0,,,0,,,2026-07-04 00:00:00,0xff080c8ce2e5feadaca0da81314ae59d232d4afd
0,,,0,,,0,,,0,,,2026-07-04 01:00:00,0xff080c8ce2e5feadaca0da81314ae59d232d4afd
0,,,0,,,0,,,0,,,2026-07-04 02:00:00,0xff080c8ce2e5feadaca0da81314ae59d232d4afd
0,,,0,,,0,,,0,,,2026-07-04 03:00:00,0xff080c8ce2e5feadaca0da81314ae59d232d4afd
0,,,0,,,0,,,0,,,2026-07-04 04:00:00,0xff080c8ce2e5feadaca0da81314ae59d232d4afd
0,,,0,,,0,,,0,,,2026-07-04 05:00:00,0xff080c8ce2e5feadaca0da81314ae59d232d4afd
0,,,0,,,0,,,0,,,2026-07-04 06:00:00,0xff080c8ce2e5feadaca0da81314ae59d232d4afd
0,,,0,,,0,,,0,,,2026-07-04 07:00:00,0xff080c8ce2e5feadaca0da81314ae59d232d4afd
0,,,0,,,0,,,0,,,2026-07-04 08:00:00,0xff080c8ce2e5feadaca0da81314ae59d232d4afd
0,,,0,,,0,,,0,,,2026-07-04 09:00:00,0xff080c8ce2e5feadaca0da81314ae59d232d4afd
0,,,0,,,0,,,0,,,2026-07-04 10:00:00,0xff080c8ce2e5feadaca0da81314ae59d232d4afd
0,,,0,,,0,,,0,,,2026-07-04 11:00:00,0xff080c8ce2e5feadaca0da81314ae59d232d4afd
0,,,0,,,0,,,0,,,2026-07-04 12:00:00,0xff080c8ce2e5feadaca0da81314ae59d232d4afd
0,,,0,,,0,,,0,,,2026-07-04 13:00:00,0xff080c8ce2e5feadaca0da81314ae59d232d4afd
0,,,0,,,0,,,0,,,2026-07-04 14:00:00,0xff080c8ce2e5feadaca0da81314ae59d232d4afd
0,,,0,,,0,,,0,,,2026-07-04 15:00:00,0xff080c8ce2e5feadaca0da81314ae59d232d4afd
0,,,0,,,0,,,0,,,2026-07-04 16:00:00,0xff080c8ce2e5feadaca0da81314ae59d232d4afd
0,,,0,,,0,,,0,,,2026-07-04 17:00:00,0xff080c8ce2e5feadaca0da81314ae59d232d4afd
0,,,0,,,0,,,0,,,2026-07-04 18:00:00,0xff080c8ce2e5feadaca0da81314ae59d232d4afd
0,,,0,,,0,,,0,,,2026-07-04 19:00:00,0xff080c8ce2e5feadaca0da81314ae59d232d4afd
0,,,0,,,0,,,0,,,2026-07-04 20:00:00,0xff080c8ce2e5feadaca0da81314ae59d232d4afd
0,,,0,,,0,,,0,,,2026-07-04 21:00:00,0xff080c8ce2e5feadaca0da81314ae59d232d4afd
0,,,0,,,0,,,0,,,2026-07-04 22:00:00,0xff080c8ce2e5feadaca0da81314ae59d232d4afd
0,,,0,,,0,,,0,,,2026-07-04 23:00:00,0xff080c8ce2e5feadaca0da81314ae59d232d4afd
0,,,0,,,0,,,0,,,2026-07-05 00:00:00,0xff080c8ce2e5feadaca0da81314ae59d232d4afd
0,,,0,,,0,,,0,,,2026-07-05 01:00:00,0xff080c8ce2e5feadaca0da81314ae59d232d4afd
0,,,0,,,0,,,0,,,2026-07-05 02:00:00,0xff080c8ce2e5feadaca0da81314ae59d232d4afd
0,,,0,,,0,,,0,,,2026-07-05 03:00:00,0xff080c8ce2e5feadaca0da81314ae59d232d4afd
0,,,0,,,0,,,0,,,2026-07-05 04:00:00,0xff080c8ce2e5feadaca0da81314ae59d232d4afd
0,,,0,,,0,,,0,,,2026-07-05 05:00:00,0xff080c8ce2e5feadaca0da81314ae59d232d4afd
0,,,0,,,0,,,0,,,2026-07-05 06:00:00,0xff080c8ce2e5feadaca0da81314ae59d232d4afd
0,,,0,,,0,,,0,,,2026-07-05 07:00:00,0xff080c8ce2e5feadaca0da81314ae59d232d4afd
0,,,0,,,0,,,0,,,2026-07-05 08:00:00,0xff080c8ce2e5feadaca0da81314ae59d232d4afd
0,,,0,,,0,,,0,,,2026-07-05 09:00:00,0xff080c8ce2e5feadaca0da81314ae59d232d4afd
0,,,0,,,0,,,0,,,2026-07-05 10:00:00,0xff080c8ce2e5feadaca0da81314ae59d232d4afd
0,,,0,,,0,,,0,,,2026-07-05 11:00:00,0xff080c8ce2e5feadaca0da81314ae59d232d4afd
0,,,0,,,0,,,0,,,2026-07-05 12:00:00,0xff080c8ce2e5feadaca0da81314ae59d232d4afd
0,,,0,,,0,,,0,,,2026-07-05 13:00:00,0xff080c8ce2e5feadaca0da81314ae59d232d4afd
0,,,0,,,0,,,0,,,2026-07-05 14:00:00,0xff080c8ce2e5feadaca0da81314ae59d232d4afd
0,,,0,,,0,,,0,,,2026-07-05 15:00:00,0xff080c8ce2e5feadaca0da81314ae59d232d4afd
0,,,0,,,0,,,0,,,2026-07-05 16:00:00,0xff080c8ce2e5feadaca0da81314ae59d232d4afd
0,,,0,,,0,,,0,,,2026-07-05 17:00:00,0xff080c8ce2e5feadaca0da81314ae59d232d4afd
0,,,0,,,0,,,0,,,2026-07-05 18:00:00,0xff080c8ce2e5feadaca0da81314ae59d232d4afd
0,,,0,,,0,,,0,,,2026-07-05 19:00:00,0xff080c8ce2e5feadaca0da81314ae59d232d4afd
0,,,0,,,0,,,0,,,2026-07-05 20:00:00,0xff080c8ce2e5feadaca0da81314ae59d232d4afd
0,,,0,,,0,,,0,,,2026-07-05 21:00:00,0xff080c8ce2e5feadaca0da81314ae59d232d4afd
0,,,0,,,0,,,0,,,2026-07-05 22:00:00,0xff080c8ce2e5feadaca0da81314ae59d232d4afd
0,,,0,,,0,,,0,,,2026-07-05 23:00:00,0xff080c8ce2e5feadaca0da81314ae59d232d4afd
0,,,0,,,0,,,0,,,2026-07-06 00:00:00,0xff080c8ce2e5feadaca0da81314ae59d232d4afd
0,,,0,,,0,,,0,,,2026-07-06 01:00:00,0xff080c8ce2e5feadaca0da81314ae59d232d4afd
0,,,0,,,0,,,0,,,2026-07-06 02:00:00,0xff080c8ce2e5feadaca0da81314ae59d232d4afd
0,,,0,,,0,,,0,,,2026-07-06 03:00:00,0xff080c8ce2e5feadaca0da81314ae59d232d4afd
0,,,0,,,0,,,0,,,2026-07-06 04:00:00,0xff080c8ce2e5feadaca0da81314ae59d232d4afd
0,,,0,,,0,,,0,,,2026-07-06 05:00:00,0xff080c8ce2e5feadaca0da81314ae59d232d4afd
0,,,0,,,0,,,0,,,2026-07-06 06:00:00,0xff080c8ce2e5feadaca0da81314ae59d232d4afd
0,,,0,,,0,,,0,,,2026-07-06 07:00:00,0xff080c8ce2e5feadaca0da81314ae59d232d4afd
0,,,0,,,0,,,0,,,2026-07-06 08:00:00,0xff080c8ce2e5feadaca0da81314ae59d232d4afd
0,,,0,,,0,,,0,,,2026-07-06 09:00:00,0xff080c8ce2e5feadaca0da81314ae59d232d4afd
0,,,0,,,0,,,0,,,2026-07-06 10:00:00,0xff080c8ce2e5feadaca0da81314ae59d232d4afd
0,,,0,,,0,,,0,,,2026-07-06 11:00:00,0xff080c8ce2e5feadaca0da81314ae59d232d4afd
0,,,0,,,0,,,0,,,2026-07-06 12:00:00,0xff080c8ce2e5feadaca0da81314ae59d232d4afd
0,,,0,,,0,,,0,,,2026-07-06 13:00:00,0xff080c8ce2e5feadaca0da81314ae59d232d4afd
0,,,0,,,0,,,0,,,2026-07-06 14:00:00,0xff080c8ce2e5feadaca0da81314ae59d232d4afd
0,,,0,,,0,,,0,,,2026-07-06 15:00:00,0xff080c8ce2e5feadaca0da81314ae59d232d4afd
0,,,0,,,0,,,0,,,2026-07-06 16:00:00,0xff080c8ce2e5feadaca0da81314ae59d232d4afd
0,,,0,,,0,,,0,,,2026-07-06 17:00:00,0xff080c8ce2e5feadaca0da81314ae59d232d4afd
0,,,0,,,0,,,0,,,2026-07-06 18:00:00,0xff080c8ce2e5feadaca0da81314ae59d232d4afd
0,,,0,,,0,,,0,,,2026-07-06 19:00:00,0xff080c8ce2e5feadaca0da81314ae59d232d4afd
0,,,0,,,0,,,0,,,2026-07-06 20:00:00,0xff080c8ce2e5feadaca0da81314ae59d232d4afd
0,,,0,,,0,,,0,,,2026-07-06 21:00:00,0xff080c8ce2e5feadaca0da81314ae59d232d4afd
0,,,0,,,0,,,0,,,2026-07-06 22:00:00,0xff080c8ce2e5feadaca0da81314ae59d232d4afd
0,,,0,,,0,,,0,,,2026-07-06 23:00:00,0xff080c8ce2e5feadaca0da81314ae59d232d4afd
0,,,0,,,0,,,0,,,2026-07-07 00:00:00,0xff080c8ce2e5feadaca0da81314ae59d232d4afd
0,,,0,,,0,,,0,,,2026-07-07 01:00:00,0xff080c8ce2e5feadaca0da81314ae59d232d4afd
0,,,0,,,0,,,0,,,2026-07-07 02:00:00,0xff080c8ce2e5feadaca0da81314ae59d232d4afd
0,,,0,,,0,,,0,,,2026-07-07 03:00:00,0xff080c8ce2e5feadaca0da81314ae59d232d4afd
0,,,0,,,0,,,0,,,2026-07-07 04:00:00,0xff080c8ce2e5feadaca0da81314ae59d232d4afd
0,,,0,,,0,,,0,,,2026-07-07 05:00:00,0xff080c8ce2e5feadaca0da81314ae59d232d4afd
0,,,0,,,0,,,0,,,2026-07-07 06:00:00,0xff080c8ce2e5feadaca0da81314ae59d232d4afd
0,,,0,,,0,,,0,,,2026-07-07 07:00:00,0xff080c8ce2e5feadaca0da81314ae59d232d4afd
0,,,0,,,0,,,0,,,2026-07-07 08:00:00,0xff080c8ce2e5feadaca0da81314ae59d232d4afd
0,,,0,,,0,,,0,,,2026-07-07 09:00:00,0xff080c8ce2e5feadaca0da81314ae59d232d4afd
0,,,0,,,0,,,0,,,2026-07-07 10:00:00,0xff080c8ce2e5feadaca0da81314ae59d232d4afd
0,,,0,,,0,,,0,,,2026-07-07 11:00:00,0xff080c8ce2e5feadaca0da81314ae59d232d4afd
0,,,0,,,0,,,0,,,2026-07-07 12:00:00,0xff080c8ce2e5feadaca0da81314ae59d232d4afd
0,,,0,,,0,,,0,,,2026-07-07 13:00:00,0xff080c8ce2e5feadaca0da81314ae59d232d4afd
0,,,0,,,0,,,0,,,2026-07-07 14:00:00,0xff080c8ce2e5feadaca0da81314ae59d232d4afd
0,,,0,,,0,,,0,,,2026-07-07 15:00:00,0xff080c8ce2e5feadaca0da81314ae59d232d4afd
0,,,0,,,0,,,0,,,2026-07-07 16:00:00,0xff080c8ce2e5feadaca0da81314ae59d232d4afd
0,,,0,,,0,,,0,,,2026-07-07 17:00:00,0xff080c8ce2e5feadaca0da81314ae59d232d4afd
0,,,0,,,0,,,0,,,2026-07-07 18:00:00,0xff080c8ce2e5feadaca0da81314ae59d232d4afd
0,,,0,,,0,,,0,,,2026-07-07 19:00:00,0xff080c8ce2e5feadaca0da81314ae59d232d4afd
0,,,0,,,0,,,0,,,2026-07-07 20:00:00,0xff080c8ce2e5feadaca0da81314ae59d232d4afd
0,,,0,,,0,,,0,,,2026-07-07 21:00:00,0xff080c8ce2e5feadaca0da81314ae59d232d4afd
0,,,0,,,0,,,0,,,2026-07-07 22:00:00,0xff080c8ce2e5feadaca0da81314ae59d232d4afd
0,,,0,,,0,,,0,,,2026-07-07 23:00:00,0xff080c8ce2e5feadaca0da81314ae59d232d4afd
