entry_n,entry_qty,entry_vol,exit12h_n,exit12h_qty,exit12h_vol,exit4h_n,exit4h_qty,exit4h_vol,p_n,p_qty,p_vol,t_checkpoint,token_address
3,0.29569272350130826,222.34137407751362,8,0.24454914474283246,185.81639434021199,5,0.47195567940023075,354.499435409345,1,0.004934075449486194,3.6869016192,2026-07-15 00:00:00,0x117cc2133c37b721f49de2a7a74833232b3b4c0c
4,0.054390293030827666,40.91921086440152,140,8.802082119366766,6691.65632694142,7,0.988158326657471,739.6560256585838,2,0.03314979791158706,24.803531297186,2026-07-15 01:00:00,0x117cc2133c37b721f49de2a7a74833232b3b4c0c
3,0.051466303821899415,38.74866651746553,18,0.19218880799458005,145.870621290121,15,1.4937901539292213,1127.2660607364369,16,2.9478942011576326,2192.206638411897,2026-07-15 02:00:00,0x117cc2133c37b721f49de2a7a74833232b3b4c0c
2,0.043584775580968335,32.630240585457,10,0.5468892520000211,413.73560183060147,18,1.7365963317203754,1311.7484450102797,2,0.02370710423632874,17.759710025697,2026-07-15 03:00:00,0x117cc2133c37b721f49de2a7a74833232b3b4c0c
1,0.000184391544242058,0.138094579662,9,0.17488503032579591,132.33729281281103,16,0.37305511777959466,281.99445283421903,5,0.47195567940023075,354.499435409345,2026-07-15 04:00:00,0x117cc2133c37b721f49de2a7a74833232b3b4c0c
13,2.252606261409711,1679.0247857640593,11,0.831342616263826,625.3120832423192,16,0.4008767272784426,302.53005356965537,7,0.988158326657471,739.6560256585838,2026-07-15 05:00:00,0x117cc2133c37b721f49de2a7a74833232b3b4c0c
16,2.221732878798765,1684.5325365885524,20,0.8515493965037417,564.2457803801169,11,0.2883485314777407,218.29196156721855,15,1.4937901539292213,1127.2660607364369,2026-07-15 06:00:00,0x117cc2133c37b721f49de2a7a74833232b3b4c0c
19,0.4777254095795461,360.4062238664694,4,0.19610555652807687,148.041519632132,22,0.6245073165261715,471.4178813855778,18,1.7365963317203754,1311.7484450102797,2026-07-15 07:00:00,0x117cc2133c37b721f49de2a7a74833232b3b4c0c
22,0.5044527434279975,380.42573405538195,7,0.4942865044305762,371.284292427156,8,0.24454914474283246,185.81639434021199,16,0.37305511777959466,281.99445283421903,2026-07-15 08:00:00,0x117cc2133c37b721f49de2a7a74833232b3b4c0c
10,0.3859820086149452,291.90845846426896,4,0.278926827880608,209.69416378354978,140,8.802082119366766,6691.65632694142,16,0.4008767272784426,302.53005356965537,2026-07-15 09:00:00,0x117cc2133c37b721f49de2a7a74833232b3b4c0c
12,0.42671401906420714,322.026704165066,7,0.16795455323421662,126.67275304770259,18,0.19218880799458005,145.870621290121,11,0.2883485314777407,218.29196156721855,2026-07-15 10:00:00,0x117cc2133c37b721f49de2a7a74833232b3b4c0c
12,0.31408687815115705,236.1723070368737,4,0.020116236837094705,15.107456422338,10,0.5468892520000211,413.73560183060147,22,0.6245073165261715,471.4178813855778,2026-07-15 11:00:00,0x117cc2133c37b721f49de2a7a74833232b3b4c0c
17,0.6580090513973799,501.4521919357836,5,0.18662819828106136,140.716202505503,9,0.17488503032579591,132.33729281281103,8,0.24454914474283246,185.81639434021199,2026-07-15 12:00:00,0x117cc2133c37b721f49de2a7a74833232b3b4c0c
29,1.2184708812124057,920.9441577656737,13,0.470376037825199,354.2521741655965,11,0.831342616263826,625.3120832423192,140,8.802082119366766,6691.65632694142,2026-07-15 13:00:00,0x117cc2133c37b721f49de2a7a74833232b3b4c0c
11,0.3966224039266686,299.28424583344605,15,1.7932359840162744,1348.6130994427385,20,0.8515493965037417,564.2457803801169,18,0.19218880799458005,145.870621290121,2026-07-15 14:00:00,0x117cc2133c37b721f49de2a7a74833232b3b4c0c
5,0.1874470890736903,141.262409635909,8,0.1431422945531478,107.83801086035368,4,0.19610555652807687,148.041519632132,10,0.5468892520000211,413.73560183060147,2026-07-15 15:00:00,0x117cc2133c37b721f49de2a7a74833232b3b4c0c
8,0.7999379330605427,601.884139995186,10,0.3787525024610218,286.0999805997106,7,0.4942865044305762,371.284292427156,9,0.17488503032579591,132.33729281281103,2026-07-15 16:00:00,0x117cc2133c37b721f49de2a7a74833232b3b4c0c
4,0.07430692864215477,55.781684665522,5,0.04157667369905354,31.404038879431997,4,0.278926827880608,209.69416378354978,11,0.831342616263826,625.3120832423192,2026-07-15 17:00:00,0x117cc2133c37b721f49de2a7a74833232b3b4c0c
5,0.029375179202346495,22.058149758930718,9,0.24166303989205734,182.44310429606446,7,0.16795455323421662,126.67275304770259,20,0.8515493965037417,564.2457803801169,2026-07-15 18:00:00,0x117cc2133c37b721f49de2a7a74833232b3b4c0c
5,0.05888330616523752,44.174432085273,1,0.007,5.2566872698210005,4,0.020116236837094705,15.107456422338,4,0.19610555652807687,148.041519632132,2026-07-15 19:00:00,0x117cc2133c37b721f49de2a7a74833232b3b4c0c
16,0.2499935486747368,187.91638801864298,6,0.1756811454767942,132.69091442936124,5,0.18662819828106136,140.716202505503,7,0.4942865044305762,371.284292427156,2026-07-15 20:00:00,0x117cc2133c37b721f49de2a7a74833232b3b4c0c
14,0.4314385667605032,325.4880153737284,3,0.00728254861866323,5.461524298941,13,0.470376037825199,354.2521741655965,4,0.278926827880608,209.69416378354978,2026-07-15 21:00:00,0x117cc2133c37b721f49de2a7a74833232b3b4c0c
8,0.159121482153163,139.4556000771575,3,0.20655986689385594,154.950907830583,15,1.7932359840162744,1348.6130994427385,7,0.16795455323421662,126.67275304770259,2026-07-15 22:00:00,0x117cc2133c37b721f49de2a7a74833232b3b4c0c
1,0.022857926045003946,17.147632171682,5,0.03906529159497912,29.27077031359324,8,0.1431422945531478,107.83801086035368,4,0.020116236837094705,15.107456422338,2026-07-15 23:00:00,0x117cc2133c37b721f49de2a7a74833232b3b4c0c
5,0.348727576779563,263.19137399906845,6,0.2730229670422105,204.68446742001504,10,0.3787525024610218,286.0999805997106,5,0.18662819828106136,140.716202505503,2026-07-16 00:00:00,0x117cc2133c37b721f49de2a7a74833232b3b4c0c
10,0.3701608516388804,278.61717161592094,11,2.7073721884145687,2035.7407701600637,5,0.04157667369905354,31.404038879431997,13,0.470376037825199,354.2521741655965,2026-07-16 01:00:00,0x117cc2133c37b721f49de2a7a74833232b3b4c0c
10,0.18731684902243445,141.2531236527836,9,0.2924203875414507,220.40735367180457,9,0.24166303989205734,182.44310429606446,15,1.7932359840162744,1348.6130994427385,2026-07-16 02:00:00,0x117cc2133c37b721f49de2a7a74833232b3b4c0c
7,0.1531112121656259,120.172167961367,6,0.31786570337525455,239.843993038149,1,0.007,5.2566872698210005,8,0.1431422945531478,107.83801086035368,2026-07-16 03:00:00,0x117cc2133c37b721f49de2a7a74833232b3b4c0c
1,0.12384119828392562,93.6767159735255,10,0.6360813813400236,479.0445480254988,6,0.1756811454767942,132.69091442936124,10,0.3787525024610218,286.0999805997106,2026-07-16 04:00:00,0x117cc2133c37b721f49de2a7a74833232b3b4c0c
4,0.033444696708246846,25.259867146702,6,0.059450539625267765,44.706783329861004,3,0.00728254861866323,5.461524298941,5,0.04157667369905354,31.404038879431997,2026-07-16 05:00:00,0x117cc2133c37b721f49de2a7a74833232b3b4c0c
13,0.7207460441043056,541.8493645025814,3,0.010901446110395993,8.173229174978001,3,0.20655986689385594,154.950907830583,9,0.24166303989205734,182.44310429606446,2026-07-16 06:00:00,0x117cc2133c37b721f49de2a7a74833232b3b4c0c
3,0.06647148823268204,50.08835718451932,6,0.16572181364330435,124.311395832898,5,0.03906529159497912,29.27077031359324,1,0.007,5.2566872698210005,2026-07-16 07:00:00,0x117cc2133c37b721f49de2a7a74833232b3b4c0c
10,1.9698428458134256,1483.3113145742439,10,0.6298685613518151,473.1463891495209,6,0.2730229670422105,204.68446742001504,6,0.1756811454767942,132.69091442936124,2026-07-16 08:00:00,0x117cc2133c37b721f49de2a7a74833232b3b4c0c
3,0.08512632736108976,63.84456431015799,13,0.13938639673386113,108.10074347651044,11,2.7073721884145687,2035.7407701600637,3,0.00728254861866323,5.461524298941,2026-07-16 09:00:00,0x117cc2133c37b721f49de2a7a74833232b3b4c0c
2,0.013760046974291264,10.309493438693998,18,0.25428696134179035,192.18009319461456,9,0.2924203875414507,220.40735367180457,3,0.20655986689385594,154.950907830583,2026-07-16 10:00:00,0x117cc2133c37b721f49de2a7a74833232b3b4c0c
4,0.049798884039943966,37.451898375965655,3,0.25724826971543463,192.54611622333002,6,0.31786570337525455,239.843993038149,5,0.03906529159497912,29.27077031359324,2026-07-16 11:00:00,0x117cc2133c37b721f49de2a7a74833232b3b4c0c
3,0.10929252329733978,82.363752799872,5,0.27896471543198154,209.291048007357,10,0.6360813813400236,479.0445480254988,6,0.2730229670422105,204.68446742001504,2026-07-16 12:00:00,0x117cc2133c37b721f49de2a7a74833232b3b4c0c
4,0.32394200029596243,244.04191696402697,25,1.5795002530245759,1187.6453516804163,6,0.059450539625267765,44.706783329861004,11,2.7073721884145687,2035.7407701600637,2026-07-16 13:00:00,0x117cc2133c37b721f49de2a7a74833232b3b4c0c
12,0.6561028994404039,493.2496365211036,8,0.0861059949575975,64.69979853012137,3,0.010901446110395993,8.173229174978001,9,0.2924203875414507,220.40735367180457,2026-07-16 14:00:00,0x117cc2133c37b721f49de2a7a74833232b3b4c0c
7,0.4232861153078696,318.00977526971394,9,0.2695428803861236,201.60321452743275,6,0.16572181364330435,124.311395832898,6,0.31786570337525455,239.843993038149,2026-07-16 15:00:00,0x117cc2133c37b721f49de2a7a74833232b3b4c0c
4,0.07543732478314691,56.665328861512734,3,0.2126023306260932,158.62851580605403,10,0.6298685613518151,473.1463891495209,10,0.6360813813400236,479.0445480254988,2026-07-16 16:00:00,0x117cc2133c37b721f49de2a7a74833232b3b4c0c
4,0.08196996903971887,61.740975186849084,11,0.06997347172513456,52.213710532921,13,0.13938639673386113,108.10074347651044,6,0.059450539625267765,44.706783329861004,2026-07-16 17:00:00,0x117cc2133c37b721f49de2a7a74833232b3b4c0c
5,0.2906984987437494,219.38877300164,21,0.8662898254334616,651.6984460160653,18,0.25428696134179035,192.18009319461456,3,0.010901446110395993,8.173229174978001,2026-07-16 18:00:00,0x117cc2133c37b721f49de2a7a74833232b3b4c0c
8,0.03286361505210013,24.643899529185006,4,0.03587678614839382,26.713225359833704,3,0.25724826971543463,192.54611622333002,6,0.16572181364330435,124.311395832898,2026-07-16 19:00:00,0x117cc2133c37b721f49de2a7a74833232b3b4c0c
7,0.12242991189968613,92.281289521981,4,0.06087540794360954,45.277324281218,5,0.27896471543198154,209.291048007357,10,0.6298685613518151,473.1463891495209,2026-07-16 20:00:00,0x117cc2133c37b721f49de2a7a74833232b3b4c0c
15,0.30733020638380193,234.77375019845178,5,0.07774909791450461,57.74487563302488,25,1.5795002530245759,1187.6453516804163,13,0.13938639673386113,108.10074347651044,2026-07-16 21:00:00,0x117cc2133c37b721f49de2a7a74833232b3b4c0c
13,0.0742994626149913,55.671554664386,6,0.6382856691334167,477.5219566458015,8,0.0861059949575975,64.69979853012137,18,0.25428696134179035,192.18009319461456,2026-07-16 22:00:00,0x117cc2133c37b721f49de2a7a74833232b3b4c0c
8,0.6351881490684855,476.04793801174475,6,0.3553565711194272,266.2289324405601,9,0.2695428803861236,201.60321452743275,3,0.25724826971543463,192.54611622333002,2026-07-16 23:00:00,0x117cc2133c37b721f49de2a7a74833232b3b4c0c
13,0.48379921963104294,363.93647501708665,14,2.5602478146993968,1917.5133783653541,3,0.2126023306260932,158.62851580605403,5,0.27896471543198154,209.291048007357,2026-07-17 00:00:00,0x117cc2133c37b721f49de2a7a74833232b3b4c0c
17,0.9148056618952825,685.9384222019036,12,1.716161738625443,1284.1812235858488,11,0.06997347172513456,52.213710532921,25,1.5795002530245759,1187.6453516804163,2026-07-17 01:00:00,0x117cc2133c37b721f49de2a7a74833232b3b4c0c
7,0.20699979437416083,154.62817922847597,15,0.8329530650527252,619.4775848690525,21,0.8662898254334616,651.6984460160653,8,0.0861059949575975,64.69979853012137,2026-07-17 02:00:00,0x117cc2133c37b721f49de2a7a74833232b3b4c0c
5,0.06721313457483215,50.32147208645097,2,0.18136494224349753,135.590856051301,4,0.03587678614839382,26.713225359833704,9,0.2695428803861236,201.60321452743275,2026-07-17 03:00:00,0x117cc2133c37b721f49de2a7a74833232b3b4c0c
6,0.07964999997245284,59.400787040699,5,0.07940703228514324,59.14676318596748,4,0.06087540794360954,45.277324281218,3,0.2126023306260932,158.62851580605403,2026-07-17 04:00:00,0x117cc2133c37b721f49de2a7a74833232b3b4c0c
8,0.12223884977380564,94.86996540590754,9,0.4240098550269298,317.2038842000116,5,0.07774909791450461,57.74487563302488,11,0.06997347172513456,52.213710532921,2026-07-17 05:00:00,0x117cc2133c37b721f49de2a7a74833232b3b4c0c
7,0.1401077829835894,104.22053222577705,9,0.12069992700365174,90.93317022975165,6,0.6382856691334167,477.5219566458015,21,0.8662898254334616,651.6984460160653,2026-07-17 06:00:00,0x117cc2133c37b721f49de2a7a74833232b3b4c0c
3,0.014190319174574514,10.559440586952,23,0.4596280048300595,343.77588087265644,6,0.3553565711194272,266.2289324405601,4,0.03587678614839382,26.713225359833704,2026-07-17 07:00:00,0x117cc2133c37b721f49de2a7a74833232b3b4c0c
6,0.18186569426009044,135.29420641064857,34,0.911362099203073,681.2999925583146,14,2.5602478146993968,1917.5133783653541,4,0.06087540794360954,45.277324281218,2026-07-17 08:00:00,0x117cc2133c37b721f49de2a7a74833232b3b4c0c
3,0.030434755033695023,22.615845414864204,23,0.4438749334094304,330.7436131704387,12,1.716161738625443,1284.1812235858488,5,0.07774909791450461,57.74487563302488,2026-07-17 09:00:00,0x117cc2133c37b721f49de2a7a74833232b3b4c0c
13,0.21867954724080885,164.72395813549406,29,0.9873735757843561,733.9136955568565,15,0.8329530650527252,619.4775848690525,6,0.6382856691334167,477.5219566458015,2026-07-17 10:00:00,0x117cc2133c37b721f49de2a7a74833232b3b4c0c
4,0.6690483955181663,502.131968998576,36,3.0853006718687896,2304.1344901997204,2,0.18136494224349753,135.590856051301,6,0.3553565711194272,266.2289324405601,2026-07-17 11:00:00,0x117cc2133c37b721f49de2a7a74833232b3b4c0c
6,1.1256044197113293,845.0821419625381,26,0.7927538093265228,589.186839611245,5,0.07940703228514324,59.14676318596748,14,2.5602478146993968,1917.5133783653541,2026-07-17 12:00:00,0x117cc2133c37b721f49de2a7a74833232b3b4c0c
14,1.6120283431559734,1204.4986129102765,38,0.7675662727780915,571.7156461538541,9,0.4240098550269298,317.2038842000116,12,1.716161738625443,1284.1812235858488,2026-07-17 13:00:00,0x117cc2133c37b721f49de2a7a74833232b3b4c0c
5,0.1254067512896805,93.74928101242683,43,3.423341634690479,2532.542819227801,9,0.12069992700365174,90.93317022975165,15,0.8329530650527252,619.4775848690525,2026-07-17 14:00:00,0x117cc2133c37b721f49de2a7a74833232b3b4c0c
17,0.2215884416000858,165.613132736431,19,0.3336868443350304,247.0514338052239,23,0.4596280048300595,343.77588087265644,2,0.18136494224349753,135.590856051301,2026-07-17 15:00:00,0x117cc2133c37b721f49de2a7a74833232b3b4c0c
8,0.2759247474417548,206.332476706757,17,0.32147855285629756,238.60710369106602,34,0.911362099203073,681.2999925583146,5,0.07940703228514324,59.14676318596748,2026-07-17 16:00:00,0x117cc2133c37b721f49de2a7a74833232b3b4c0c
21,0.9829525918610303,735.0515450548988,20,1.119785959587501,831.4019998837767,23,0.4438749334094304,330.7436131704387,9,0.4240098550269298,317.2038842000116,2026-07-17 17:00:00,0x117cc2133c37b721f49de2a7a74833232b3b4c0c
16,1.4340501091129234,1074.4456087620254,21,0.5068029860124172,376.64824893572904,29,0.9873735757843561,733.9136955568565,9,0.12069992700365174,90.93317022975165,2026-07-17 18:00:00,0x117cc2133c37b721f49de2a7a74833232b3b4c0c
10,0.45531103222978525,339.53923630912107,15,0.12481799702531257,93.155965737065,36,3.0853006718687896,2304.1344901997204,23,0.4596280048300595,343.77588087265644,2026-07-17 19:00:00,0x117cc2133c37b721f49de2a7a74833232b3b4c0c
23,0.3600872496095035,270.1010962494241,19,0.26973293882872496,200.4045245814968,26,0.7927538093265228,589.186839611245,34,0.911362099203073,681.2999925583146,2026-07-17 20:00:00,0x117cc2133c37b721f49de2a7a74833232b3b4c0c
20,1.1623081225247134,870.1847268555002,9,0.20085122329447025,148.91475561557846,38,0.7675662727780915,571.7156461538541,23,0.4438749334094304,330.7436131704387,2026-07-17 21:00:00,0x117cc2133c37b721f49de2a7a74833232b3b4c0c
41,1.9981668683045952,1493.0382661287158,3,0.057594783400969664,42.65295692819801,43,3.423341634690479,2532.542819227801,29,0.9873735757843561,733.9136955568565,2026-07-17 22:00:00,0x117cc2133c37b721f49de2a7a74833232b3b4c0c
43,2.2670834416821966,1689.048560756466,10,0.08319295799773183,63.04216625551854,19,0.3336868443350304,247.0514338052239,36,3.0853006718687896,2304.1344901997204,2026-07-17 23:00:00,0x117cc2133c37b721f49de2a7a74833232b3b4c0c
31,0.9271951473684668,692.0826529880651,9,0.13365427827190407,99.766560882571,17,0.32147855285629756,238.60710369106602,26,0.7927538093265228,589.186839611245,2026-07-18 00:00:00,0x117cc2133c37b721f49de2a7a74833232b3b4c0c
33,0.5237534726554026,390.27900980076276,22,0.3333586737500445,248.43524881827096,20,1.119785959587501,831.4019998837767,38,0.7675662727780915,571.7156461538541,2026-07-18 01:00:00,0x117cc2133c37b721f49de2a7a74833232b3b4c0c
37,0.9066379129436339,671.0429502640674,9,0.01811941331837761,13.781148836871198,21,0.5068029860124172,376.64824893572904,43,3.423341634690479,2532.542819227801,2026-07-18 02:00:00,0x117cc2133c37b721f49de2a7a74833232b3b4c0c
16,0.5919718202134825,439.3955659064149,11,0.11119915210766326,82.91979291729173,15,0.12481799702531257,93.155965737065,19,0.3336868443350304,247.0514338052239,2026-07-18 03:00:00,0x117cc2133c37b721f49de2a7a74833232b3b4c0c
12,1.6899278084680889,1250.91779648911,29,0.8700647199720392,649.6126320089528,19,0.26973293882872496,200.4045245814968,17,0.32147855285629756,238.60710369106602,2026-07-18 04:00:00,0x117cc2133c37b721f49de2a7a74833232b3b4c0c
22,0.7807564461468915,579.2760819915261,27,0.2873918046932186,214.03573647212565,9,0.20085122329447025,148.91475561557846,20,1.119785959587501,831.4019998837767,2026-07-18 05:00:00,0x117cc2133c37b721f49de2a7a74833232b3b4c0c
16,0.07114867435776921,52.91523703651771,41,0.37039418774778304,276.9525274856551,3,0.057594783400969664,42.65295692819801,21,0.5068029860124172,376.64824893572904,2026-07-18 06:00:00,0x117cc2133c37b721f49de2a7a74833232b3b4c0c
10,0.18498797673618658,137.82711219789195,18,0.563720139242197,419.1293604804612,10,0.08319295799773183,63.04216625551854,15,0.12481799702531257,93.155965737065,2026-07-18 07:00:00,0x117cc2133c37b721f49de2a7a74833232b3b4c0c
8,0.06360094543220819,47.29710769232899,18,0.14706388240861185,109.70379421599833,9,0.13365427827190407,99.766560882571,19,0.26973293882872496,200.4045245814968,2026-07-18 08:00:00,0x117cc2133c37b721f49de2a7a74833232b3b4c0c
7,0.09149593695354942,68.01882507051201,8,0.04621781101808743,34.440293936654456,22,0.3333586737500445,248.43524881827096,9,0.20085122329447025,148.91475561557846,2026-07-18 09:00:00,0x117cc2133c37b721f49de2a7a74833232b3b4c0c
6,0.15320246278942784,113.88535317826998,20,0.15614807940725414,115.8056249355495,9,0.01811941331837761,13.781148836871198,3,0.057594783400969664,42.65295692819801,2026-07-18 10:00:00,0x117cc2133c37b721f49de2a7a74833232b3b4c0c
23,0.4657695397971936,346.61519739321176,45,0.740367580565402,551.655076712935,11,0.11119915210766326,82.91979291729173,10,0.08319295799773183,63.04216625551854,2026-07-18 11:00:00,0x117cc2133c37b721f49de2a7a74833232b3b4c0c
14,0.2591409373822742,192.791272222471,10,0.09084068744752632,67.55826601580753,29,0.8700647199720392,649.6126320089528,9,0.13365427827190407,99.766560882571,2026-07-18 12:00:00,0x117cc2133c37b721f49de2a7a74833232b3b4c0c
10,0.051533333060981346,38.47430926068,13,0.21451992179362375,159.16934474120401,27,0.2873918046932186,214.03573647212565,22,0.3333586737500445,248.43524881827096,2026-07-18 13:00:00,0x117cc2133c37b721f49de2a7a74833232b3b4c0c
10,0.036774616454436755,27.57977549171336,23,0.3565265772221702,267.9867250991372,41,0.37039418774778304,276.9525274856551,9,0.01811941331837761,13.781148836871198,2026-07-18 14:00:00,0x117cc2133c37b721f49de2a7a74833232b3b4c0c
19,0.3825954993180276,285.36858180497296,16,0.10864741587042764,80.70365762229902,18,0.563720139242197,419.1293604804612,11,0.11119915210766326,82.91979291729173,2026-07-18 15:00:00,0x117cc2133c37b721f49de2a7a74833232b3b4c0c
48,0.6293727308103377,468.6768894710089,11,0.06281384606641471,46.61186891667984,18,0.14706388240861185,109.70379421599833,29,0.8700647199720392,649.6126320089528,2026-07-18 16:00:00,0x117cc2133c37b721f49de2a7a74833232b3b4c0c
36,0.3608757213112668,269.9466284746085,19,0.39700769069632197,295.83016032970085,8,0.04621781101808743,34.440293936654456,27,0.2873918046932186,214.03573647212565,2026-07-18 17:00:00,0x117cc2133c37b721f49de2a7a74833232b3b4c0c
47,0.9299646054607454,692.2056187423428,23,0.3028930218624563,225.78981310673637,20,0.15614807940725414,115.8056249355495,41,0.37039418774778304,276.9525274856551,2026-07-18 18:00:00,0x117cc2133c37b721f49de2a7a74833232b3b4c0c
19,0.21370671414494816,159.38062929059535,13,0.059443609371608766,44.19506430376967,45,0.740367580565402,551.655076712935,18,0.563720139242197,419.1293604804612,2026-07-18 19:00:00,0x117cc2133c37b721f49de2a7a74833232b3b4c0c
24,0.17242431469679184,128.47120033559838,13,0.048084903006725695,35.76305605360774,10,0.09084068744752632,67.55826601580753,18,0.14706388240861185,109.70379421599833,2026-07-18 20:00:00,0x117cc2133c37b721f49de2a7a74833232b3b4c0c
18,0.16840769741452236,125.41751877183899,6,0.011939550390453586,9.000638661994582,13,0.21451992179362375,159.16934474120401,8,0.04621781101808743,34.440293936654456,2026-07-18 21:00:00,0x117cc2133c37b721f49de2a7a74833232b3b4c0c
37,0.817875975638758,608.5875233457487,9,0.03438423553844995,25.672826473712693,23,0.3565265772221702,267.9867250991372,20,0.15614807940725414,115.8056249355495,2026-07-18 22:00:00,0x117cc2133c37b721f49de2a7a74833232b3b4c0c
15,0.1516692933450491,112.58146186558604,27,0.3371070432306017,250.53233297074547,16,0.10864741587042764,80.70365762229902,45,0.740367580565402,551.655076712935,2026-07-18 23:00:00,0x117cc2133c37b721f49de2a7a74833232b3b4c0c
28,0.23434109645779921,173.8399201824003,11,0.0899874277359798,67.22776750994876,11,0.06281384606641471,46.61186891667984,10,0.09084068744752632,67.55826601580753,2026-07-19 00:00:00,0x117cc2133c37b721f49de2a7a74833232b3b4c0c
14,0.20046165943628713,149.29603091594657,10,0.262502242540184,195.2928698464621,19,0.39700769069632197,295.83016032970085,13,0.21451992179362375,159.16934474120401,2026-07-19 01:00:00,0x117cc2133c37b721f49de2a7a74833232b3b4c0c
21,0.2734449526303839,203.00223919267128,10,0.10064572843792277,74.87822359207017,23,0.3028930218624563,225.78981310673637,23,0.3565265772221702,267.9867250991372,2026-07-19 02:00:00,0x117cc2133c37b721f49de2a7a74833232b3b4c0c
18,0.34291926332240036,255.23835109735384,54,0.9352681593888154,701.1216617744592,13,0.059443609371608766,44.19506430376967,16,0.10864741587042764,80.70365762229902,2026-07-19 03:00:00,0x117cc2133c37b721f49de2a7a74833232b3b4c0c
17,0.0703421700511069,52.27976802983401,16,0.17911019993780244,134.85537749181427,13,0.048084903006725695,35.76305605360774,11,0.06281384606641471,46.61186891667984,2026-07-19 04:00:00,0x117cc2133c37b721f49de2a7a74833232b3b4c0c
23,0.44953894618674906,335.34740551545093,24,0.38892781690197953,304.10954535677956,6,0.011939550390453586,9.000638661994582,19,0.39700769069632197,295.83016032970085,2026-07-19 05:00:00,0x117cc2133c37b721f49de2a7a74833232b3b4c0c
15,0.13173956676566925,98.09845780462399,18,0.2275338187831318,168.7176132369316,9,0.03438423553844995,25.672826473712693,23,0.3028930218624563,225.78981310673637,2026-07-19 06:00:00,0x117cc2133c37b721f49de2a7a74833232b3b4c0c
10,0.025227077058771922,18.96302756555232,21,0.7161321481424872,543.8403409641761,27,0.3371070432306017,250.53233297074547,13,0.059443609371608766,44.19506430376967,2026-07-19 07:00:00,0x117cc2133c37b721f49de2a7a74833232b3b4c0c
19,0.07412518256584097,55.20547775161628,22,0.5875640026133875,445.57913678271916,11,0.0899874277359798,67.22776750994876,13,0.048084903006725695,35.76305605360774,2026-07-19 08:00:00,0x117cc2133c37b721f49de2a7a74833232b3b4c0c
13,0.38695597244887503,287.429951192136,23,0.23686902469428964,176.04072805094265,10,0.262502242540184,195.2928698464621,6,0.011939550390453586,9.000638661994582,2026-07-19 09:00:00,0x117cc2133c37b721f49de2a7a74833232b3b4c0c
12,0.061563140234261564,45.948697548220345,8,0.01563064187576568,11.58682006262156,10,0.10064572843792277,74.87822359207017,9,0.03438423553844995,25.672826473712693,2026-07-19 10:00:00,0x117cc2133c37b721f49de2a7a74833232b3b4c0c
19,0.2806099436488239,207.88735830169546,9,0.13789140474448144,105.87022248098309,54,0.9352681593888154,701.1216617744592,27,0.3371070432306017,250.53233297074547,2026-07-19 11:00:00,0x117cc2133c37b721f49de2a7a74833232b3b4c0c
12,0.7666690469349803,567.6399306574541,7,0.2355388096722658,174.85362836819314,16,0.17911019993780244,134.85537749181427,11,0.0899874277359798,67.22776750994876,2026-07-19 12:00:00,0x117cc2133c37b721f49de2a7a74833232b3b4c0c
11,0.14285014276700303,106.065294322083,13,0.6521529516364548,485.59156430661585,24,0.38892781690197953,304.10954535677956,10,0.262502242540184,195.2928698464621,2026-07-19 13:00:00,0x117cc2133c37b721f49de2a7a74833232b3b4c0c
14,0.2761907064612678,205.15777914701,21,3.0232022780080094,2255.6621474487474,18,0.2275338187831318,168.7176132369316,10,0.10064572843792277,74.87822359207017,2026-07-19 14:00:00,0x117cc2133c37b721f49de2a7a74833232b3b4c0c
54,0.692932552572256,527.9744169671382,11,0.18334834751921394,138.21305244149858,21,0.7161321481424872,543.8403409641761,54,0.9352681593888154,701.1216617744592,2026-07-19 15:00:00,0x117cc2133c37b721f49de2a7a74833232b3b4c0c
21,0.2881031707472358,218.54477934496794,6,0.04479231872965974,35.15433285259101,22,0.5875640026133875,445.57913678271916,16,0.17911019993780244,134.85537749181427,2026-07-19 16:00:00,0x117cc2133c37b721f49de2a7a74833232b3b4c0c
35,0.23922785943893835,180.3807133538527,171,23.83094033459072,17719.110905735983,23,0.23686902469428964,176.04072805094265,24,0.38892781690197953,304.10954535677956,2026-07-19 17:00:00,0x117cc2133c37b721f49de2a7a74833232b3b4c0c
12,0.10587074394442801,80.3430084567526,17,1.186424783144809,877.9334036758529,8,0.01563064187576568,11.58682006262156,18,0.2275338187831318,168.7176132369316,2026-07-19 18:00:00,0x117cc2133c37b721f49de2a7a74833232b3b4c0c
17,0.7852476803808579,615.6492674158309,396,50.1846294533435,37338.7328362342,9,0.13789140474448144,105.87022248098309,21,0.7161321481424872,543.8403409641761,2026-07-19 19:00:00,0x117cc2133c37b721f49de2a7a74833232b3b4c0c
10,0.06877288029095274,51.19509341414047,114,12.099876669495021,9032.141473990883,7,0.2355388096722658,174.85362836819314,22,0.5875640026133875,445.57913678271916,2026-07-19 20:00:00,0x117cc2133c37b721f49de2a7a74833232b3b4c0c
17,0.15939128191089125,118.30208901081733,23,3.3048438860227023,2463.243784154039,13,0.6521529516364548,485.59156430661585,23,0.23686902469428964,176.04072805094265,2026-07-19 21:00:00,0x117cc2133c37b721f49de2a7a74833232b3b4c0c
14,0.3903455497279295,290.3428231444485,51,4.526903722669933,3368.017312410619,21,3.0232022780080094,2255.6621474487474,8,0.01563064187576568,11.58682006262156,2026-07-19 22:00:00,0x117cc2133c37b721f49de2a7a74833232b3b4c0c
6,0.03887551202983278,28.829505653049733,37,4.714634164877096,3533.6882340278516,11,0.18334834751921394,138.21305244149858,9,0.13789140474448144,105.87022248098309,2026-07-19 23:00:00,0x117cc2133c37b721f49de2a7a74833232b3b4c0c
18,0.7050405970964216,525.5380199475048,359,49.01652948323853,36726.78859104659,6,0.04479231872965974,35.15433285259101,7,0.2355388096722658,174.85362836819314,2026-07-20 00:00:00,0x117cc2133c37b721f49de2a7a74833232b3b4c0c
16,0.4283784005094551,318.09989417387743,37,2.355326820070336,1755.6726660392005,171,23.83094033459072,17719.110905735983,13,0.6521529516364548,485.59156430661585,2026-07-20 01:00:00,0x117cc2133c37b721f49de2a7a74833232b3b4c0c
6,0.22460455208904545,166.9085535319802,59,7.857423857750948,5869.199095930514,17,1.186424783144809,877.9334036758529,21,3.0232022780080094,2255.6621474487474,2026-07-20 02:00:00,0x117cc2133c37b721f49de2a7a74833232b3b4c0c
5,0.009718032837237494,7.228472562446777,13,0.23605230218621823,176.3805966711229,396,50.1846294533435,37338.7328362342,11,0.18334834751921394,138.21305244149858,2026-07-20 03:00:00,0x117cc2133c37b721f49de2a7a74833232b3b4c0c
409,70.24239308583515,52281.66250135622,30,0.8970454109215816,667.5339106864961,114,12.099876669495021,9032.141473990883,6,0.04479231872965974,35.15433285259101,2026-07-20 04:00:00,0x117cc2133c37b721f49de2a7a74833232b3b4c0c
78,10.836581782331145,8069.475615898635,253,22.237915278330654,16601.336472345378,23,3.3048438860227023,2463.243784154039,171,23.83094033459072,17719.110905735983,2026-07-20 05:00:00,0x117cc2133c37b721f49de2a7a74833232b3b4c0c
84,7.038050495859298,5241.341383670077,39,0.8842997200930685,658.8412637770298,51,4.526903722669933,3368.017312410619,17,1.186424783144809,877.9334036758529,2026-07-20 06:00:00,0x117cc2133c37b721f49de2a7a74833232b3b4c0c
124,12.24272429061596,9107.414980064581,15,0.3692250282255566,275.93447165572064,37,4.714634164877096,3533.6882340278516,396,50.1846294533435,37338.7328362342,2026-07-20 07:00:00,0x117cc2133c37b721f49de2a7a74833232b3b4c0c
34,6.953564970547931,5184.040129297526,15,0.11820890413508134,87.87197161775119,359,49.01652948323853,36726.78859104659,114,12.099876669495021,9032.141473990883,2026-07-20 08:00:00,0x117cc2133c37b721f49de2a7a74833232b3b4c0c
24,1.2819839086308855,978.129271151578,33,0.3459850933795948,263.94351336021685,37,2.355326820070336,1755.6726660392005,23,3.3048438860227023,2463.243784154039,2026-07-20 09:00:00,0x117cc2133c37b721f49de2a7a74833232b3b4c0c
21,0.9068440784194729,675.0730389952381,26,0.3033998599846768,228.32166988070114,59,7.857423857750948,5869.199095930514,51,4.526903722669933,3368.017312410619,2026-07-20 10:00:00,0x117cc2133c37b721f49de2a7a74833232b3b4c0c
46,4.468031333704853,3327.644280277715,10,0.27282795519947123,201.98641974398498,13,0.23605230218621823,176.3805966711229,37,4.714634164877096,3533.6882340278516,2026-07-20 11:00:00,0x117cc2133c37b721f49de2a7a74833232b3b4c0c
28,1.2686893847738214,946.0716913763619,7,0.07796583186939905,57.69226275140409,30,0.8970454109215816,667.5339106864961,359,49.01652948323853,36726.78859104659,2026-07-20 12:00:00,0x117cc2133c37b721f49de2a7a74833232b3b4c0c
30,1.316498037164521,978.5644519977411,10,0.2023185224698752,151.05200236448408,253,22.237915278330654,16601.336472345378,37,2.355326820070336,1755.6726660392005,2026-07-20 13:00:00,0x117cc2133c37b721f49de2a7a74833232b3b4c0c
24,0.6216428842150442,463.085919293705,10,0.1572221945507071,119.62953341137657,39,0.8842997200930685,658.8412637770298,59,7.857423857750948,5869.199095930514,2026-07-20 14:00:00,0x117cc2133c37b721f49de2a7a74833232b3b4c0c
21,0.8410932164244007,625.0235905932329,78,1.2300337236285246,916.4248179451736,15,0.3692250282255566,275.93447165572064,13,0.23605230218621823,176.3805966711229,2026-07-20 15:00:00,0x117cc2133c37b721f49de2a7a74833232b3b4c0c
18,0.2653594188284758,198.22187910314537,34,0.6229571333175158,464.07161433244784,15,0.11820890413508134,87.87197161775119,30,0.8970454109215816,667.5339106864961,2026-07-20 16:00:00,0x117cc2133c37b721f49de2a7a74833232b3b4c0c
36,1.524861579107473,1136.4908931166601,14,0.7730319815158134,575.3983118786307,33,0.3459850933795948,263.94351336021685,253,22.237915278330654,16601.336472345378,2026-07-20 17:00:00,0x117cc2133c37b721f49de2a7a74833232b3b4c0c
25,0.8634674763042544,644.0862313439966,10,0.6171430259515857,458.02481479327975,26,0.3033998599846768,228.32166988070114,39,0.8842997200930685,658.8412637770298,2026-07-20 18:00:00,0x117cc2133c37b721f49de2a7a74833232b3b4c0c
21,7.4985514581564825,5587.469435788861,17,0.20084714504287787,149.49812914604163,10,0.27282795519947123,201.98641974398498,15,0.3692250282255566,275.93447165572064,2026-07-20 19:00:00,0x117cc2133c37b721f49de2a7a74833232b3b4c0c
53,11.009959602533074,8196.906167342737,4,0.2634245778990499,198.83815199852995,7,0.07796583186939905,57.69226275140409,15,0.11820890413508134,87.87197161775119,2026-07-20 20:00:00,0x117cc2133c37b721f49de2a7a74833232b3b4c0c
14,0.40985381516327396,307.5641830261533,25,21.88550580068983,16414.543783707042,10,0.2023185224698752,151.05200236448408,33,0.3459850933795948,263.94351336021685,2026-07-20 21:00:00,0x117cc2133c37b721f49de2a7a74833232b3b4c0c
25,0.13335743096125008,98.83664570829106,15,0.3375003116984482,252.39167628124372,10,0.1572221945507071,119.62953341137657,26,0.3033998599846768,228.32166988070114,2026-07-20 22:00:00,0x117cc2133c37b721f49de2a7a74833232b3b4c0c
5,0.02285639533485182,16.908303600916636,12,0.26903716488310997,200.6810429991337,78,1.2300337236285246,916.4248179451736,10,0.27282795519947123,201.98641974398498,2026-07-20 23:00:00,0x117cc2133c37b721f49de2a7a74833232b3b4c0c
11,0.7018761263913744,523.7636037949316,11,0.8164078418073313,608.8998735707862,34,0.6229571333175158,464.07161433244784,7,0.07796583186939905,57.69226275140409,2026-07-21 00:00:00,0x117cc2133c37b721f49de2a7a74833232b3b4c0c
6,0.1407117860609105,104.61350833722446,15,2.213897803217691,1655.6356703614513,14,0.7730319815158134,575.3983118786307,10,0.2023185224698752,151.05200236448408,2026-07-21 01:00:00,0x117cc2133c37b721f49de2a7a74833232b3b4c0c
11,0.328751556738266,244.7484793308378,31,1.990535874310339,1485.994175124573,10,0.6171430259515857,458.02481479327975,10,0.1572221945507071,119.62953341137657,2026-07-21 02:00:00,0x117cc2133c37b721f49de2a7a74833232b3b4c0c
27,0.7191731615980339,534.3610606395443,9,0.25381443490515543,189.06146201363393,17,0.20084714504287787,149.49812914604163,78,1.2300337236285246,916.4248179451736,2026-07-21 03:00:00,0x117cc2133c37b721f49de2a7a74833232b3b4c0c
16,0.590597802457745,439.81285170453566,11,0.1657689814855644,123.94549024258505,4,0.2634245778990499,198.83815199852995,34,0.6229571333175158,464.07161433244784,2026-07-21 04:00:00,0x117cc2133c37b721f49de2a7a74833232b3b4c0c
28,1.1942637567771504,886.8272210268225,8,0.3256904270291703,244.9627305993087,25,21.88550580068983,16414.543783707042,14,0.7730319815158134,575.3983118786307,2026-07-21 05:00:00,0x117cc2133c37b721f49de2a7a74833232b3b4c0c
13,2.0159452532923545,1503.5200306114416,14,0.25820093802947863,195.51912142845725,15,0.3375003116984482,252.39167628124372,10,0.6171430259515857,458.02481479327975,2026-07-21 06:00:00,0x117cc2133c37b721f49de2a7a74833232b3b4c0c
9,0.3409686132047297,253.28957441130584,5,0.016926064099843065,12.619477642742,12,0.26903716488310997,200.6810429991337,17,0.20084714504287787,149.49812914604163,2026-07-21 07:00:00,0x117cc2133c37b721f49de2a7a74833232b3b4c0c
27,1.8625059207358587,1388.2951455954267,9,1.557147476830066,1165.9167825221814,11,0.8164078418073313,608.8998735707862,4,0.2634245778990499,198.83815199852995,2026-07-21 08:00:00,0x117cc2133c37b721f49de2a7a74833232b3b4c0c
13,0.13208988791423662,98.73530104768773,42,4.944368879203668,3710.223066410787,15,2.213897803217691,1655.6356703614513,25,21.88550580068983,16414.543783707042,2026-07-21 09:00:00,0x117cc2133c37b721f49de2a7a74833232b3b4c0c
14,0.21926989326660207,164.1523787357532,5,0.0859848406430625,64.381852083055,31,1.990535874310339,1485.994175124573,15,0.3375003116984482,252.39167628124372,2026-07-21 10:00:00,0x117cc2133c37b721f49de2a7a74833232b3b4c0c
10,0.6837162431180805,511.3267024803752,3,0.04817359050362778,35.77578042036355,9,0.25381443490515543,189.06146201363393,12,0.26903716488310997,200.6810429991337,2026-07-21 11:00:00,0x117cc2133c37b721f49de2a7a74833232b3b4c0c
15,0.5121221921054455,381.718113207044,15,0.0753506892894745,56.29522781613926,11,0.1657689814855644,123.94549024258505,11,0.8164078418073313,608.8998735707862,2026-07-21 12:00:00,0x117cc2133c37b721f49de2a7a74833232b3b4c0c
9,0.1848704460507022,138.21080699701875,7,0.032404708312479893,24.20269389167907,8,0.3256904270291703,244.9627305993087,15,2.213897803217691,1655.6356703614513,2026-07-21 13:00:00,0x117cc2133c37b721f49de2a7a74833232b3b4c0c
11,0.027982508184398208,20.84561577686809,2,0.005770316932583974,4.307722427317001,14,0.25820093802947863,195.51912142845725,31,1.990535874310339,1485.994175124573,2026-07-21 14:00:00,0x117cc2133c37b721f49de2a7a74833232b3b4c0c
15,0.3857780756716556,287.95207163136826,8,1.6926505349213226,1269.553479415975,5,0.016926064099843065,12.619477642742,9,0.25381443490515543,189.06146201363393,2026-07-21 15:00:00,0x117cc2133c37b721f49de2a7a74833232b3b4c0c
10,0.25501266441513754,190.76929498948638,6,0.042326635602790805,31.590096378398634,9,1.557147476830066,1165.9167825221814,11,0.1657689814855644,123.94549024258505,2026-07-21 16:00:00,0x117cc2133c37b721f49de2a7a74833232b3b4c0c
5,0.008851894104062896,6.593252331050113,8,0.2025161644430742,151.300356461479,42,4.944368879203668,3710.223066410787,8,0.3256904270291703,244.9627305993087,2026-07-21 17:00:00,0x117cc2133c37b721f49de2a7a74833232b3b4c0c
16,0.4174309617028202,312.16435519845464,5,0.8519655862443236,636.2845371752659,5,0.0859848406430625,64.381852083055,14,0.25820093802947863,195.51912142845725,2026-07-21 18:00:00,0x117cc2133c37b721f49de2a7a74833232b3b4c0c
7,0.11585479511092332,86.82308492565224,10,0.17638664756820666,131.655913198919,3,0.04817359050362778,35.77578042036355,5,0.016926064099843065,12.619477642742,2026-07-21 19:00:00,0x117cc2133c37b721f49de2a7a74833232b3b4c0c
11,0.5145287867658292,383.690130925912,18,0.6113714556388096,456.1047661465161,15,0.0753506892894745,56.29522781613926,9,1.557147476830066,1165.9167825221814,2026-07-21 20:00:00,0x117cc2133c37b721f49de2a7a74833232b3b4c0c
7,0.07535387377183854,56.32991616588,6,0.30372165953816543,227.0838848608114,7,0.032404708312479893,24.20269389167907,42,4.944368879203668,3710.223066410787,2026-07-21 21:00:00,0x117cc2133c37b721f49de2a7a74833232b3b4c0c
3,0.03547580900815258,26.495118482898004,4,0.028876723043325173,21.53239715195144,2,0.005770316932583974,4.307722427317001,5,0.0859848406430625,64.381852083055,2026-07-21 22:00:00,0x117cc2133c37b721f49de2a7a74833232b3b4c0c
6,0.036492899353027075,27.251023822771998,24,0.3767897829056406,281.42625205060637,8,1.6926505349213226,1269.553479415975,3,0.04817359050362778,35.77578042036355,2026-07-21 23:00:00,0x117cc2133c37b721f49de2a7a74833232b3b4c0c
4,0.04957957099534205,12.11577154047724,7,0.4609059947949635,110.73643642957447,3,0.08448565100096095,20.886742117888577,2,0.04163349125025122,10.139279472928456,2026-07-15 00:00:00,0x12f190a9f9d7d37a250758b26824b97ce941bf54
12,0.5899229332537389,135.61227276555584,8,0.44007628794273546,108.81072236492685,4,0.7886802732242102,191.07998731809533,0,,,2026-07-15 01:00:00,0x12f190a9f9d7d37a250758b26824b97ce941bf54
10,0.4456328309733841,109.3091503327799,23,3.7172554815986425,932.275301664371,6,0.1418603354029345,34.18121613071656,7,0.09467274511085219,23.21587964138395,2026-07-15 02:00:00,0x12f190a9f9d7d37a250758b26824b97ce941bf54
14,0.8081930595490885,195.68388881616224,3,0.4135426823213323,105.039400444074,12,6.479613662552123,1536.9356464459604,2,0.004604822291805088,1.1323097884899032,2026-07-15 03:00:00,0x12f190a9f9d7d37a250758b26824b97ce941bf54
0,,,13,0.3906904489434559,99.38393777175564,20,1.3861155303859707,340.698418851729,3,0.08448565100096095,20.886742117888577,2026-07-15 04:00:00,0x12f190a9f9d7d37a250758b26824b97ce941bf54
2,0.009106059229818282,2.2349983436428276,5,0.03580847609255251,9.113549300268636,5,0.11276133372249067,27.040168904202712,4,0.7886802732242102,191.07998731809533,2026-07-15 05:00:00,0x12f190a9f9d7d37a250758b26824b97ce941bf54
6,0.06369205720865205,15.464343921371587,9,0.13736798271158557,34.87691590267801,8,0.13227466115838535,32.08530627564914,6,0.1418603354029345,34.18121613071656,2026-07-15 06:00:00,0x12f190a9f9d7d37a250758b26824b97ce941bf54
16,0.5728257542072432,139.1226578450218,6,0.20906046153380448,52.94055743597583,3,0.01612801004272996,3.9450380359649997,12,6.479613662552123,1536.9356464459604,2026-07-15 07:00:00,0x12f190a9f9d7d37a250758b26824b97ce941bf54
7,0.10299838943439424,25.023515620225798,11,0.01766385525996909,133.8652436552342,7,0.4609059947949635,110.73643642957447,20,1.3861155303859707,340.698418851729,2026-07-15 08:00:00,0x12f190a9f9d7d37a250758b26824b97ce941bf54
12,0.4662869342536869,115.92910228536671,13,0.009551758256572408,42.1740948227192,8,0.44007628794273546,108.81072236492685,5,0.11276133372249067,27.040168904202712,2026-07-15 09:00:00,0x12f190a9f9d7d37a250758b26824b97ce941bf54
7,0.2086641037535605,50.64058389894252,7,0.036988247543795566,21.878703555303332,23,3.7172554815986425,932.275301664371,8,0.13227466115838535,32.08530627564914,2026-07-15 10:00:00,0x12f190a9f9d7d37a250758b26824b97ce941bf54
4,0.11090582522340478,26.837939963695042,8,1.1040406174830375,285.1385802530445,3,0.4135426823213323,105.039400444074,3,0.01612801004272996,3.9450380359649997,2026-07-15 11:00:00,0x12f190a9f9d7d37a250758b26824b97ce941bf54
1,0.001395406560678381,0.3460638891394706,8,0.05605267843139112,55.029001356151944,13,0.3906904489434559,99.38393777175564,7,0.4609059947949635,110.73643642957447,2026-07-15 12:00:00,0x12f190a9f9d7d37a250758b26824b97ce941bf54
2,0.01318195634002976,3.2606136033346984,5,0.005465104112695363,18.79382003461849,5,0.03580847609255251,9.113549300268636,8,0.44007628794273546,108.81072236492685,2026-07-15 13:00:00,0x12f190a9f9d7d37a250758b26824b97ce941bf54
13,1.9295911218805384,489.1733087484864,1,0.19322899098751084,49.370727097313996,9,0.13736798271158557,34.87691590267801,23,3.7172554815986425,932.275301664371,2026-07-15 14:00:00,0x12f190a9f9d7d37a250758b26824b97ce941bf54
7,1.0386767252532731,265.2412848738639,9,0.11049722358387042,28.127226978827405,6,0.20906046153380448,52.94055743597583,3,0.4135426823213323,105.039400444074,2026-07-15 15:00:00,0x12f190a9f9d7d37a250758b26824b97ce941bf54
10,0.7256434934794557,185.09122909712616,9,0.524780031527063,133.67652913658725,11,0.01766385525996909,133.8652436552342,13,0.3906904489434559,99.38393777175564,2026-07-15 16:00:00,0x12f190a9f9d7d37a250758b26824b97ce941bf54
4,0.16843601733165753,42.813888316382624,5,0.15919387797381007,40.703322467054996,13,0.009551758256572408,42.1740948227192,5,0.03580847609255251,9.113549300268636,2026-07-15 17:00:00,0x12f190a9f9d7d37a250758b26824b97ce941bf54
10,0.14952207982632842,37.91649524677142,6,0.0613804966588485,15.671086810341492,7,0.036988247543795566,21.878703555303332,9,0.13736798271158557,34.87691590267801,2026-07-15 18:00:00,0x12f190a9f9d7d37a250758b26824b97ce941bf54
12,0.18826038971001666,77.84270849263129,5,0.02657860179468751,6.743375827412475,8,1.1040406174830375,285.1385802530445,6,0.20906046153380448,52.94055743597583,2026-07-15 19:00:00,0x12f190a9f9d7d37a250758b26824b97ce941bf54
17,0.6636428867277152,221.96469141385114,1,0.000176930557867764,0.045022877311,8,0.05605267843139112,55.029001356151944,11,0.01766385525996909,133.8652436552342,2026-07-15 20:00:00,0x12f190a9f9d7d37a250758b26824b97ce941bf54
9,0.7442170067749344,209.5409412991307,5,0.6352036776566822,163.07585100201786,5,0.005465104112695363,18.79382003461849,13,0.009551758256572408,42.1740948227192,2026-07-15 21:00:00,0x12f190a9f9d7d37a250758b26824b97ce941bf54
8,0.9675456775622612,256.491204582183,4,0.7983839145730243,205.7634691777257,1,0.19322899098751084,49.370727097313996,7,0.036988247543795566,21.878703555303332,2026-07-15 22:00:00,0x12f190a9f9d7d37a250758b26824b97ce941bf54
12,0.29497482816507037,119.98016040720525,5,0.18071973895419127,46.32076365847922,9,0.11049722358387042,28.127226978827405,8,1.1040406174830375,285.1385802530445,2026-07-15 23:00:00,0x12f190a9f9d7d37a250758b26824b97ce941bf54
8,0.017292971704436107,45.15938996831332,5,0.38915280380458883,100.12516915994533,9,0.524780031527063,133.67652913658725,8,0.05605267843139112,55.029001356151944,2026-07-16 00:00:00,0x12f190a9f9d7d37a250758b26824b97ce941bf54
3,1.8228389133244274,2255.2670348837178,4,0.06173670704159272,15.72596447072757,5,0.15919387797381007,40.703322467054996,5,0.005465104112695363,18.79382003461849,2026-07-16 01:00:00,0x12f190a9f9d7d37a250758b26824b97ce941bf54
4,0.27452860020971154,69.91143465024051,3,1.2860912008564758,329.29328206907206,6,0.0613804966588485,15.671086810341492,1,0.19322899098751084,49.370727097313996,2026-07-16 02:00:00,0x12f190a9f9d7d37a250758b26824b97ce941bf54
0,,,4,0.11823072773281781,30.064670568235925,5,0.02657860179468751,6.743375827412475,9,0.11049722358387042,28.127226978827405,2026-07-16 03:00:00,0x12f190a9f9d7d37a250758b26824b97ce941bf54
4,0.004725010867801543,1.201117295971106,1,0.003153411170485251,0.8041092467856388,1,0.000176930557867764,0.045022877311,9,0.524780031527063,133.67652913658725,2026-07-16 04:00:00,0x12f190a9f9d7d37a250758b26824b97ce941bf54
5,0.7576984447938899,192.83047770115257,3,0.17330474047861244,44.044801457554996,5,0.6352036776566822,163.07585100201786,5,0.15919387797381007,40.703322467054996,2026-07-16 05:00:00,0x12f190a9f9d7d37a250758b26824b97ce941bf54
3,0.7454339935620842,189.850224987891,3,0.013274494709158466,3.3732531108499693,4,0.7983839145730243,205.7634691777257,6,0.0613804966588485,15.671086810341492,2026-07-16 06:00:00,0x12f190a9f9d7d37a250758b26824b97ce941bf54
2,0.0005702917196820721,0.14561549541,4,0.015807312131408943,4.000840215511543,5,0.18071973895419127,46.32076365847922,5,0.02657860179468751,6.743375827412475,2026-07-16 07:00:00,0x12f190a9f9d7d37a250758b26824b97ce941bf54
8,0.4930899668122635,126.04417133887513,2,0.3433635068501269,86.55533269657201,5,0.38915280380458883,100.12516915994533,1,0.000176930557867764,0.045022877311,2026-07-16 08:00:00,0x12f190a9f9d7d37a250758b26824b97ce941bf54
1,0.04374943225775753,11.185998870653998,1,0.074101824,18.551815577556003,4,0.06173670704159272,15.72596447072757,5,0.6352036776566822,163.07585100201786,2026-07-16 09:00:00,0x12f190a9f9d7d37a250758b26824b97ce941bf54
0,,,16,4.029601479288268,999.8297249279445,3,1.2860912008564758,329.29328206907206,4,0.7983839145730243,205.7634691777257,2026-07-16 10:00:00,0x12f190a9f9d7d37a250758b26824b97ce941bf54
9,1.4658193073188048,374.41450444405626,2,0.05833387974418073,14.514029790612998,4,0.11823072773281781,30.064670568235925,5,0.18071973895419127,46.32076365847922,2026-07-16 11:00:00,0x12f190a9f9d7d37a250758b26824b97ce941bf54
4,0.8440581341418318,215.918854677835,7,6.971777231188716,1720.3614347152738,1,0.003153411170485251,0.8041092467856388,5,0.38915280380458883,100.12516915994533,2026-07-16 12:00:00,0x12f190a9f9d7d37a250758b26824b97ce941bf54
3,0.18978413252065954,48.31727849488438,8,0.8122364177021356,203.56658828144901,3,0.17330474047861244,44.044801457554996,4,0.06173670704159272,15.72596447072757,2026-07-16 13:00:00,0x12f190a9f9d7d37a250758b26824b97ce941bf54
3,0.0027270268056702202,0.6954055695294461,39,16.73203606364393,4117.8437896199175,3,0.013274494709158466,3.3732531108499693,3,1.2860912008564758,329.29328206907206,2026-07-16 14:00:00,0x12f190a9f9d7d37a250758b26824b97ce941bf54
3,0.003151098739926988,0.8019864228694084,9,2.92326149666448,723.193422329896,4,0.015807312131408943,4.000840215511543,4,0.11823072773281781,30.064670568235925,2026-07-16 15:00:00,0x12f190a9f9d7d37a250758b26824b97ce941bf54
2,0.04964428308081432,12.701992963815002,7,0.8325717755724328,206.14770993111134,2,0.3433635068501269,86.55533269657201,1,0.003153411170485251,0.8041092467856388,2026-07-16 16:00:00,0x12f190a9f9d7d37a250758b26824b97ce941bf54
1,0.000554058840327973,0.1348512488813851,0,,,1,0.074101824,18.551815577556003,3,0.17330474047861244,44.044801457554996,2026-07-16 17:00:00,0x12f190a9f9d7d37a250758b26824b97ce941bf54
11,0.627928502639301,158.94685161996978,10,1.1828980911178029,291.9147410227378,16,4.029601479288268,999.8297249279445,3,0.013274494709158466,3.3732531108499693,2026-07-16 18:00:00,0x12f190a9f9d7d37a250758b26824b97ce941bf54
3,0.08680615880856435,21.91620866328,2,0.06499304496519302,15.956952466078,2,0.05833387974418073,14.514029790612998,4,0.015807312131408943,4.000840215511543,2026-07-16 19:00:00,0x12f190a9f9d7d37a250758b26824b97ce941bf54
3,0.5420933307735694,136.03879494942944,4,0.09695937789350197,23.900743452515997,7,6.971777231188716,1720.3614347152738,2,0.3433635068501269,86.55533269657201,2026-07-16 20:00:00,0x12f190a9f9d7d37a250758b26824b97ce941bf54
441,204.70850547029792,51795.26394141015,8,0.2531722131878912,62.148264500959215,8,0.8122364177021356,203.56658828144901,1,0.074101824,18.551815577556003,2026-07-16 21:00:00,0x12f190a9f9d7d37a250758b26824b97ce941bf54
2,0.08645808383077083,21.446625600074995,3,0.024918512076722858,6.10505040237209,39,16.73203606364393,4117.8437896199175,16,4.029601479288268,999.8297249279445,2026-07-16 22:00:00,0x12f190a9f9d7d37a250758b26824b97ce941bf54
6,0.7989548704133332,199.161768628627,7,0.22926544671333846,56.2696315623,9,2.92326149666448,723.193422329896,2,0.05833387974418073,14.514029790612998,2026-07-16 23:00:00,0x12f190a9f9d7d37a250758b26824b97ce941bf54
16,0.9494724345062857,251.00859163862305,4,0.27736990211818985,68.06492309655003,7,0.8325717755724328,206.14770993111134,7,6.971777231188716,1720.3614347152738,2026-07-17 00:00:00,0x12f190a9f9d7d37a250758b26824b97ce941bf54
34,1.7480587626358945,437.41017756132374,2,0.18312750550006907,44.98558078497898,0,,,8,0.8122364177021356,203.56658828144901,2026-07-17 01:00:00,0x12f190a9f9d7d37a250758b26824b97ce941bf54
3,0.071458895331188,17.719517980954997,3,0.16860709387159747,41.367361286024,10,1.1828980911178029,291.9147410227378,39,16.73203606364393,4117.8437896199175,2026-07-17 02:00:00,0x12f190a9f9d7d37a250758b26824b97ce941bf54
9,0.17351471002333244,43.00659600113393,5,0.03043852699996892,7.53356779598746,2,0.06499304496519302,15.956952466078,9,2.92326149666448,723.193422329896,2026-07-17 03:00:00,0x12f190a9f9d7d37a250758b26824b97ce941bf54
5,0.03604715910412229,8.902091125400977,3,1.1221891479472093,279.267420491303,4,0.09695937789350197,23.900743452515997,7,0.8325717755724328,206.14770993111134,2026-07-17 04:00:00,0x12f190a9f9d7d37a250758b26824b97ce941bf54
4,3.2415993559946674,798.297819968338,6,0.09801305361663762,24.261466747374193,8,0.2531722131878912,62.148264500959215,0,,,2026-07-17 05:00:00,0x12f190a9f9d7d37a250758b26824b97ce941bf54
2,0.11187068540222568,27.475060946370004,8,0.08266768143804898,21.431731252707696,3,0.024918512076722858,6.10505040237209,10,1.1828980911178029,291.9147410227378,2026-07-17 06:00:00,0x12f190a9f9d7d37a250758b26824b97ce941bf54
9,2.254921196115446,564.4317717564061,29,0.4788893811922713,119.85640447497242,7,0.22926544671333846,56.2696315623,2,0.06499304496519302,15.956952466078,2026-07-17 07:00:00,0x12f190a9f9d7d37a250758b26824b97ce941bf54
19,1.5515685695254584,381.4576906639889,19,0.2795844509978702,69.72260115604962,4,0.27736990211818985,68.06492309655003,4,0.09695937789350197,23.900743452515997,2026-07-17 08:00:00,0x12f190a9f9d7d37a250758b26824b97ce941bf54
3,0.024551254340833377,6.0302967003940005,26,0.2875110845718222,71.99976129946651,2,0.18312750550006907,44.98558078497898,8,0.2531722131878912,62.148264500959215,2026-07-17 09:00:00,0x12f190a9f9d7d37a250758b26824b97ce941bf54
1,0.20820154468554614,51.127496876287005,10,0.6957601756736094,172.56715771546743,3,0.16860709387159747,41.367361286024,3,0.024918512076722858,6.10505040237209,2026-07-17 10:00:00,0x12f190a9f9d7d37a250758b26824b97ce941bf54
1,0.002504596117537455,0.6123998722,20,0.996297854339321,251.21708472951744,5,0.03043852699996892,7.53356779598746,7,0.22926544671333846,56.2696315623,2026-07-17 11:00:00,0x12f190a9f9d7d37a250758b26824b97ce941bf54
3,0.06972735048469964,16.718458683602158,24,0.7065549124174622,174.922703213606,3,1.1221891479472093,279.267420491303,4,0.27736990211818985,68.06492309655003,2026-07-17 12:00:00,0x12f190a9f9d7d37a250758b26824b97ce941bf54
5,0.07963278210859875,19.548058551729,14,0.22727236348027208,57.09807473133476,6,0.09801305361663762,24.261466747374193,2,0.18312750550006907,44.98558078497898,2026-07-17 13:00:00,0x12f190a9f9d7d37a250758b26824b97ce941bf54
14,5.972152877628588,1480.6103156678473,8,0.17180712269381074,43.06424452193647,8,0.08266768143804898,21.431731252707696,3,0.16860709387159747,41.367361286024,2026-07-17 14:00:00,0x12f190a9f9d7d37a250758b26824b97ce941bf54
5,0.05848958035238228,14.507769950778151,11,1.6246876246810629,399.532751385396,29,0.4788893811922713,119.85640447497242,5,0.03043852699996892,7.53356779598746,2026-07-17 15:00:00,0x12f190a9f9d7d37a250758b26824b97ce941bf54
3,0.06352761860953499,15.836211329076,8,0.2373225804466492,58.77336287323535,19,0.2795844509978702,69.72260115604962,3,1.1221891479472093,279.267420491303,2026-07-17 16:00:00,0x12f190a9f9d7d37a250758b26824b97ce941bf54
3,0.007494347125417548,1.8639207737984258,18,0.3975410197179155,101.9169090763612,26,0.2875110845718222,71.99976129946651,6,0.09801305361663762,24.261466747374193,2026-07-17 17:00:00,0x12f190a9f9d7d37a250758b26824b97ce941bf54
18,0.18342079535532313,46.367072097144,9,0.47478988633672015,116.96605965902599,10,0.6957601756736094,172.56715771546743,8,0.08266768143804898,21.431731252707696,2026-07-17 18:00:00,0x12f190a9f9d7d37a250758b26824b97ce941bf54
20,1.2031190387559902,298.77340770438514,9,1.313789107938197,322.67105218476877,20,0.996297854339321,251.21708472951744,29,0.4788893811922713,119.85640447497242,2026-07-17 19:00:00,0x12f190a9f9d7d37a250758b26824b97ce941bf54
10,0.20172046903677687,51.370843679067455,9,2.2912386248307186,565.6431280738184,24,0.7065549124174622,174.922703213606,19,0.2795844509978702,69.72260115604962,2026-07-17 20:00:00,0x12f190a9f9d7d37a250758b26824b97ce941bf54
11,0.7687953412630173,191.23638326096196,5,0.16335961282892852,40.209588807486995,14,0.22727236348027208,57.09807473133476,26,0.2875110845718222,71.99976129946651,2026-07-17 21:00:00,0x12f190a9f9d7d37a250758b26824b97ce941bf54
16,0.4485782389589352,111.96485437884836,1,0.092753463510352,22.952232367053,8,0.17180712269381074,43.06424452193647,10,0.6957601756736094,172.56715771546743,2026-07-17 22:00:00,0x12f190a9f9d7d37a250758b26824b97ce941bf54
15,0.5348385142914256,132.75014020200243,7,0.0769595845502232,20.056881023437704,11,1.6246876246810629,399.532751385396,20,0.996297854339321,251.21708472951744,2026-07-17 23:00:00,0x12f190a9f9d7d37a250758b26824b97ce941bf54
8,0.14850695251439383,36.96894033241338,9,1.1617430029136666,293.32189153564497,8,0.2373225804466492,58.77336287323535,24,0.7065549124174622,174.922703213606,2026-07-18 00:00:00,0x12f190a9f9d7d37a250758b26824b97ce941bf54
8,0.38761636389051046,95.99294123524282,10,0.38063439297174956,94.23924192815787,18,0.3975410197179155,101.9169090763612,14,0.22727236348027208,57.09807473133476,2026-07-18 01:00:00,0x12f190a9f9d7d37a250758b26824b97ce941bf54
14,0.15998716204979146,40.157621119347525,10,0.20775156007920179,51.82277766140327,9,0.47478988633672015,116.96605965902599,8,0.17180712269381074,43.06424452193647,2026-07-18 02:00:00,0x12f190a9f9d7d37a250758b26824b97ce941bf54
8,0.926116963376757,228.80490843977944,12,0.232556656052165,57.329189901926746,9,1.313789107938197,322.67105218476877,11,1.6246876246810629,399.532751385396,2026-07-18 03:00:00,0x12f190a9f9d7d37a250758b26824b97ce941bf54
9,0.6684998931107882,164.62873952313507,11,0.28274760628183,71.06659078358997,9,2.2912386248307186,565.6431280738184,8,0.2373225804466492,58.77336287323535,2026-07-18 04:00:00,0x12f190a9f9d7d37a250758b26824b97ce941bf54
9,0.5961253540338816,147.25591257450057,22,4.902757182900758,1216.888068829772,5,0.16335961282892852,40.209588807486995,18,0.3975410197179155,101.9169090763612,2026-07-18 05:00:00,0x12f190a9f9d7d37a250758b26824b97ce941bf54
9,0.07652156516276919,19.173445018184818,31,0.9002060033668796,230.42905493564243,1,0.092753463510352,22.952232367053,9,0.47478988633672015,116.96605965902599,2026-07-18 06:00:00,0x12f190a9f9d7d37a250758b26824b97ce941bf54
19,1.7696640375256465,452.97835613399207,29,1.093948038536932,275.2720162755901,7,0.0769595845502232,20.056881023437704,9,1.313789107938197,322.67105218476877,2026-07-18 07:00:00,0x12f190a9f9d7d37a250758b26824b97ce941bf54
4,0.1529034272067959,37.770560603134065,11,0.1470678013575027,36.81074914589579,9,1.1617430029136666,293.32189153564497,9,2.2912386248307186,565.6431280738184,2026-07-18 08:00:00,0x12f190a9f9d7d37a250758b26824b97ce941bf54
5,0.07751313829728851,19.129086505858385,18,0.5867143903055153,147.8719585007469,10,0.38063439297174956,94.23924192815787,5,0.16335961282892852,40.209588807486995,2026-07-18 09:00:00,0x12f190a9f9d7d37a250758b26824b97ce941bf54
3,0.19256140828078608,47.353743118465,27,2.421126801339523,611.7467910900967,10,0.20775156007920179,51.82277766140327,1,0.092753463510352,22.952232367053,2026-07-18 10:00:00,0x12f190a9f9d7d37a250758b26824b97ce941bf54
6,0.34186421900198544,84.358986099274,17,0.7569066249047027,189.4163293272627,12,0.232556656052165,57.329189901926746,7,0.0769595845502232,20.056881023437704,2026-07-18 11:00:00,0x12f190a9f9d7d37a250758b26824b97ce941bf54
5,0.0314084636997638,7.873135713782593,10,0.19979700299909087,49.739979219186154,11,0.28274760628183,71.06659078358997,9,1.1617430029136666,293.32189153564497,2026-07-18 12:00:00,0x12f190a9f9d7d37a250758b26824b97ce941bf54
15,0.7442536323083235,183.84666622937377,9,0.13770142782209344,34.13902163651206,22,4.902757182900758,1216.888068829772,10,0.38063439297174956,94.23924192815787,2026-07-18 13:00:00,0x12f190a9f9d7d37a250758b26824b97ce941bf54
9,0.18625007047196804,46.48684292186269,10,0.4804819998070773,119.16176334147801,31,0.9002060033668796,230.42905493564243,10,0.20775156007920179,51.82277766140327,2026-07-18 14:00:00,0x12f190a9f9d7d37a250758b26824b97ce941bf54
17,0.34335606432889837,87.71919483520898,17,0.34447070816552755,85.07703419354594,29,1.093948038536932,275.2720162755901,12,0.232556656052165,57.329189901926746,2026-07-18 15:00:00,0x12f190a9f9d7d37a250758b26824b97ce941bf54
6,0.9272001280532454,230.08599379972256,14,0.1888129425164003,45.8276174336187,11,0.1470678013575027,36.81074914589579,11,0.28274760628183,71.06659078358997,2026-07-18 16:00:00,0x12f190a9f9d7d37a250758b26824b97ce941bf54
16,0.11304530746237355,29.66186817823989,5,0.04853485920378734,12.026701835687325,18,0.5867143903055153,147.8719585007469,22,4.902757182900758,1216.888068829772,2026-07-18 17:00:00,0x12f190a9f9d7d37a250758b26824b97ce941bf54
27,0.8163217708601529,211.61240424138558,7,0.02499885332680834,6.704858552761046,27,2.421126801339523,611.7467910900967,31,0.9002060033668796,230.42905493564243,2026-07-18 18:00:00,0x12f190a9f9d7d37a250758b26824b97ce941bf54
20,1.4049135772134078,350.62953071489534,8,0.22455322749861004,55.69350378145098,17,0.7569066249047027,189.4163293272627,29,1.093948038536932,275.2720162755901,2026-07-18 19:00:00,0x12f190a9f9d7d37a250758b26824b97ce941bf54
15,0.13284218997662395,33.30286355127268,7,0.022050819408212147,5.552455418419267,10,0.19979700299909087,49.739979219186154,11,0.1470678013575027,36.81074914589579,2026-07-18 20:00:00,0x12f190a9f9d7d37a250758b26824b97ce941bf54
10,0.12282065500846867,30.687636054818537,10,0.2721598354169433,67.43533074235086,9,0.13770142782209344,34.13902163651206,18,0.5867143903055153,147.8719585007469,2026-07-18 21:00:00,0x12f190a9f9d7d37a250758b26824b97ce941bf54
16,1.0494424295827596,259.3804900118193,8,0.26262907677667363,65.07113530243059,10,0.4804819998070773,119.16176334147801,27,2.421126801339523,611.7467910900967,2026-07-18 22:00:00,0x12f190a9f9d7d37a250758b26824b97ce941bf54
17,1.133265896091062,280.4150524642653,9,0.11427405570457598,28.331279330841546,17,0.34447070816552755,85.07703419354594,17,0.7569066249047027,189.4163293272627,2026-07-18 23:00:00,0x12f190a9f9d7d37a250758b26824b97ce941bf54
7,0.034689910266690306,8.590479463514098,11,0.21934443910591606,54.53483057659139,14,0.1888129425164003,45.8276174336187,10,0.19979700299909087,49.739979219186154,2026-07-19 00:00:00,0x12f190a9f9d7d37a250758b26824b97ce941bf54
6,0.07742459502875873,19.228615404335592,7,0.10322933055878936,25.50004963345009,5,0.04853485920378734,12.026701835687325,9,0.13770142782209344,34.13902163651206,2026-07-19 01:00:00,0x12f190a9f9d7d37a250758b26824b97ce941bf54
12,1.0294536820178202,254.25168465376834,10,0.04963887564389658,12.232954077137443,7,0.02499885332680834,6.704858552761046,10,0.4804819998070773,119.16176334147801,2026-07-19 02:00:00,0x12f190a9f9d7d37a250758b26824b97ce941bf54
10,0.05269476282873697,13.227533081342262,16,0.12685408955035757,31.378985541551728,8,0.22455322749861004,55.69350378145098,17,0.34447070816552755,85.07703419354594,2026-07-19 03:00:00,0x12f190a9f9d7d37a250758b26824b97ce941bf54
9,0.207211011449765,51.42523416025914,20,4.2306075640289995,1038.1097807189778,7,0.022050819408212147,5.552455418419267,14,0.1888129425164003,45.8276174336187,2026-07-19 04:00:00,0x12f190a9f9d7d37a250758b26824b97ce941bf54
4,0.004769870700353901,1.1835545068710003,15,0.3357266593005252,82.92813109016805,10,0.2721598354169433,67.43533074235086,5,0.04853485920378734,12.026701835687325,2026-07-19 05:00:00,0x12f190a9f9d7d37a250758b26824b97ce941bf54
8,0.02941096746149941,7.285845232053822,23,3.8333797885843963,942.8747608506579,8,0.26262907677667363,65.07113530243059,7,0.02499885332680834,6.704858552761046,2026-07-19 06:00:00,0x12f190a9f9d7d37a250758b26824b97ce941bf54
11,0.2178885306913938,53.974190946361624,12,1.519714590564236,374.656247462207,9,0.11427405570457598,28.331279330841546,8,0.22455322749861004,55.69350378145098,2026-07-19 07:00:00,0x12f190a9f9d7d37a250758b26824b97ce941bf54
11,0.07200350921478631,18.150953210660607,13,0.7053587010749012,174.4728704052754,11,0.21934443910591606,54.53483057659139,7,0.022050819408212147,5.552455418419267,2026-07-19 08:00:00,0x12f190a9f9d7d37a250758b26824b97ce941bf54
9,0.07237617952809307,18.13988609193746,18,0.8614130496647522,212.64716240041133,7,0.10322933055878936,25.50004963345009,10,0.2721598354169433,67.43533074235086,2026-07-19 09:00:00,0x12f190a9f9d7d37a250758b26824b97ce941bf54
13,0.22408732609042245,55.83983454744193,7,2.155199787690754,538.833063004957,10,0.04963887564389658,12.232954077137443,8,0.26262907677667363,65.07113530243059,2026-07-19 10:00:00,0x12f190a9f9d7d37a250758b26824b97ce941bf54
12,0.34398120419927236,85.93664771831425,3,0.1292900020976702,31.915551033906034,16,0.12685408955035757,31.378985541551728,9,0.11427405570457598,28.331279330841546,2026-07-19 11:00:00,0x12f190a9f9d7d37a250758b26824b97ce941bf54
6,0.01807595592367773,4.62137208813236,15,1.4491363306735514,356.79430076413126,20,4.2306075640289995,1038.1097807189778,11,0.21934443910591606,54.53483057659139,2026-07-19 12:00:00,0x12f190a9f9d7d37a250758b26824b97ce941bf54
7,0.06138863125339091,15.121130636937192,4,0.43420312608477035,107.295155018094,15,0.3357266593005252,82.92813109016805,7,0.10322933055878936,25.50004963345009,2026-07-19 13:00:00,0x12f190a9f9d7d37a250758b26824b97ce941bf54
9,0.07427177725865863,18.61821853498736,21,39.168466231849635,9956.923577642001,23,3.8333797885843963,942.8747608506579,10,0.04963887564389658,12.232954077137443,2026-07-19 14:00:00,0x12f190a9f9d7d37a250758b26824b97ce941bf54
20,0.41489558984170083,102.39573215444565,8,0.07284255592986365,18.86824645443414,12,1.519714590564236,374.656247462207,16,0.12685408955035757,31.378985541551728,2026-07-19 15:00:00,0x12f190a9f9d7d37a250758b26824b97ce941bf54
12,0.18645180758151142,45.94037525096435,5,0.029098393355588476,7.175007828806148,13,0.7053587010749012,174.4728704052754,20,4.2306075640289995,1038.1097807189778,2026-07-19 16:00:00,0x12f190a9f9d7d37a250758b26824b97ce941bf54
12,0.3229507776523981,79.24224035596417,3,0.16971823897718138,42.182564393791,18,0.8614130496647522,212.64716240041133,15,0.3357266593005252,82.92813109016805,2026-07-19 17:00:00,0x12f190a9f9d7d37a250758b26824b97ce941bf54
7,0.40248290689605326,98.973985555904,2,0.2734447249060672,67.284773224672,7,2.155199787690754,538.833063004957,23,3.8333797885843963,942.8747608506579,2026-07-19 18:00:00,0x12f190a9f9d7d37a250758b26824b97ce941bf54
15,0.7350123200585941,183.6520243847747,5,0.16702629396149576,41.12389663495283,3,0.1292900020976702,31.915551033906034,12,1.519714590564236,374.656247462207,2026-07-19 19:00:00,0x12f190a9f9d7d37a250758b26824b97ce941bf54
19,1.425593322763813,351.6559768874873,7,0.8483851328071728,210.1485816796864,15,1.4491363306735514,356.79430076413126,13,0.7053587010749012,174.4728704052754,2026-07-19 20:00:00,0x12f190a9f9d7d37a250758b26824b97ce941bf54
12,0.4380059619001161,107.85080338919941,4,0.3723366472246833,91.96646020963834,4,0.43420312608477035,107.295155018094,18,0.8614130496647522,212.64716240041133,2026-07-19 21:00:00,0x12f190a9f9d7d37a250758b26824b97ce941bf54
13,0.6227075309370104,153.29857192945585,19,1.0887092917953278,270.0091848482759,21,39.168466231849635,9956.923577642001,7,2.155199787690754,538.833063004957,2026-07-19 22:00:00,0x12f190a9f9d7d37a250758b26824b97ce941bf54
2,0.8582689216825412,210.836498337942,8,0.17963710506703134,44.23198251718185,8,0.07284255592986365,18.86824645443414,3,0.1292900020976702,31.915551033906034,2026-07-19 23:00:00,0x12f190a9f9d7d37a250758b26824b97ce941bf54
8,2.796089507128423,692.7425365876724,11,1.3782868230749272,341.23341292980155,5,0.029098393355588476,7.175007828806148,15,1.4491363306735514,356.79430076413126,2026-07-20 00:00:00,0x12f190a9f9d7d37a250758b26824b97ce941bf54
10,2.8348456822152834,702.356452187977,7,0.8693676751799359,215.38570060383302,3,0.16971823897718138,42.182564393791,4,0.43420312608477035,107.295155018094,2026-07-20 01:00:00,0x12f190a9f9d7d37a250758b26824b97ce941bf54
8,1.4527585118828568,360.116041238384,12,2.914094167063139,727.3048204705331,2,0.2734447249060672,67.284773224672,21,39.168466231849635,9956.923577642001,2026-07-20 02:00:00,0x12f190a9f9d7d37a250758b26824b97ce941bf54
4,0.13634185702253726,33.87469461741182,9,0.12071986268071548,30.026441663090004,5,0.16702629396149576,41.12389663495283,8,0.07284255592986365,18.86824645443414,2026-07-20 03:00:00,0x12f190a9f9d7d37a250758b26824b97ce941bf54
13,0.83429640948797,205.98920747572456,19,1.1019159831791796,277.0347925655133,7,0.8483851328071728,210.1485816796864,5,0.029098393355588476,7.175007828806148,2026-07-20 04:00:00,0x12f190a9f9d7d37a250758b26824b97ce941bf54
8,0.9646665392748549,238.7881903485953,25,1.3173360940909107,332.5162343346877,4,0.3723366472246833,91.96646020963834,3,0.16971823897718138,42.182564393791,2026-07-20 05:00:00,0x12f190a9f9d7d37a250758b26824b97ce941bf54
8,0.18121965910992655,45.37552037996457,151,28.75965088061295,7228.249532651474,19,1.0887092917953278,270.0091848482759,2,0.2734447249060672,67.284773224672,2026-07-20 06:00:00,0x12f190a9f9d7d37a250758b26824b97ce941bf54
10,0.20470783815339552,50.41208502265185,42,6.833345429867623,1695.571220519325,8,0.17963710506703134,44.23198251718185,5,0.16702629396149576,41.12389663495283,2026-07-20 07:00:00,0x12f190a9f9d7d37a250758b26824b97ce941bf54
4,0.1156118390656264,28.604743852376004,180,103.28298340390705,25884.512979065115,11,1.3782868230749272,341.23341292980155,7,0.8483851328071728,210.1485816796864,2026-07-20 08:00:00,0x12f190a9f9d7d37a250758b26824b97ce941bf54
8,1.4928400922721234,369.22950642132065,26,4.361496236446948,1092.3282484330068,7,0.8693676751799359,215.38570060383302,4,0.3723366472246833,91.96646020963834,2026-07-20 09:00:00,0x12f190a9f9d7d37a250758b26824b97ce941bf54
10,0.2479309581901536,61.06154318281902,14,1.569959343188723,390.46931770208863,12,2.914094167063139,727.3048204705331,19,1.0887092917953278,270.0091848482759,2026-07-20 10:00:00,0x12f190a9f9d7d37a250758b26824b97ce941bf54
3,0.003116203919484,0.767537530253,3,0.21988390901807764,56.8377,9,0.12071986268071548,30.026441663090004,8,0.17963710506703134,44.23198251718185,2026-07-20 11:00:00,0x12f190a9f9d7d37a250758b26824b97ce941bf54
9,0.7829621565974151,193.53091423479052,30,46.28579394405368,10740.126880862685,19,1.1019159831791796,277.0347925655133,11,1.3782868230749272,341.23341292980155,2026-07-20 12:00:00,0x12f190a9f9d7d37a250758b26824b97ce941bf54
5,0.5158416182549116,128.143589320893,9,0.6411060781893204,159.973974366955,25,1.3173360940909107,332.5162343346877,7,0.8693676751799359,215.38570060383302,2026-07-20 13:00:00,0x12f190a9f9d7d37a250758b26824b97ce941bf54
13,0.14102724081953658,35.13682611773427,29,7.2918675010154494,1811.334860497147,151,28.75965088061295,7228.249532651474,12,2.914094167063139,727.3048204705331,2026-07-20 14:00:00,0x12f190a9f9d7d37a250758b26824b97ce941bf54
17,1.2596739111740114,315.67962976526235,12,0.5571448820341772,139.11594965364702,42,6.833345429867623,1695.571220519325,9,0.12071986268071548,30.026441663090004,2026-07-20 15:00:00,0x12f190a9f9d7d37a250758b26824b97ce941bf54
9,0.37213563702673746,93.61298324585044,30,5.902302411769326,1496.0468074256066,180,103.28298340390705,25884.512979065115,19,1.1019159831791796,277.0347925655133,2026-07-20 16:00:00,0x12f190a9f9d7d37a250758b26824b97ce941bf54
17,1.031741578666288,258.97941568839497,7,0.8043593972067401,201.986871360978,26,4.361496236446948,1092.3282484330068,25,1.3173360940909107,332.5162343346877,2026-07-20 17:00:00,0x12f190a9f9d7d37a250758b26824b97ce941bf54
82,30.070298913155334,7547.540403498091,10,0.052151904133598576,29.766550987174945,14,1.569959343188723,390.46931770208863,151,28.75965088061295,7228.249532651474,2026-07-20 18:00:00,0x12f190a9f9d7d37a250758b26824b97ce941bf54
15,1.1483323544503836,286.509403216154,13,0.9172871615723602,235.6106842479727,3,0.21988390901807764,56.8377,42,6.833345429867623,1695.571220519325,2026-07-20 19:00:00,0x12f190a9f9d7d37a250758b26824b97ce941bf54
56,13.886724605819971,3468.229627067786,8,0.07046499165392912,25.626014394557235,30,46.28579394405368,10740.126880862685,180,103.28298340390705,25884.512979065115,2026-07-20 20:00:00,0x12f190a9f9d7d37a250758b26824b97ce941bf54
41,7.398240500287597,1836.618814352311,9,0.4747540012401668,118.941747933476,9,0.6411060781893204,159.973974366955,26,4.361496236446948,1092.3282484330068,2026-07-20 21:00:00,0x12f190a9f9d7d37a250758b26824b97ce941bf54
18,1.625258902552918,405.2446255828608,10,4.400604914697605,1098.0999684733697,29,7.2918675010154494,1811.334860497147,14,1.569959343188723,390.46931770208863,2026-07-20 22:00:00,0x12f190a9f9d7d37a250758b26824b97ce941bf54
16,4.4764438215281555,1106.0577990359573,1,0.001787752862216797,0.44610267140599996,12,0.5571448820341772,139.11594965364702,3,0.21988390901807764,56.8377,2026-07-20 23:00:00,0x12f190a9f9d7d37a250758b26824b97ce941bf54
39,46.67410967220294,10592.382187164185,6,0.13012369298237103,32.52954487775,30,5.902302411769326,1496.0468074256066,30,46.28579394405368,10740.126880862685,2026-07-21 00:00:00,0x12f190a9f9d7d37a250758b26824b97ce941bf54
9,0.6537700832965128,162.822054650445,4,0.4235098522872308,105.520614925487,7,0.8043593972067401,201.986871360978,9,0.6411060781893204,159.973974366955,2026-07-21 01:00:00,0x12f190a9f9d7d37a250758b26824b97ce941bf54
5,0.5489367304751189,136.96715024087,12,2.40273509126859,596.1032442901269,10,0.052151904133598576,29.766550987174945,29,7.2918675010154494,1811.334860497147,2026-07-21 02:00:00,0x12f190a9f9d7d37a250758b26824b97ce941bf54
3,0.09199488511487602,22.987203408747,10,0.6035364535711945,148.879356574239,13,0.9172871615723602,235.6106842479727,12,0.5571448820341772,139.11594965364702,2026-07-21 03:00:00,0x12f190a9f9d7d37a250758b26824b97ce941bf54
3,0.017992500113182812,4.540975788640004,7,1.3758318449089257,340.790720772172,8,0.07046499165392912,25.626014394557235,30,5.902302411769326,1496.0468074256066,2026-07-21 04:00:00,0x12f190a9f9d7d37a250758b26824b97ce941bf54
3,0.09681032233980619,24.25658510621,39,27.538607167424228,6872.5868142994,9,0.4747540012401668,118.941747933476,7,0.8043593972067401,201.986871360978,2026-07-21 05:00:00,0x12f190a9f9d7d37a250758b26824b97ce941bf54
4,0.040615230190842046,10.149832211218001,19,8.565426325598034,2115.7813446869013,10,4.400604914697605,1098.0999684733697,10,0.052151904133598576,29.766550987174945,2026-07-21 06:00:00,0x12f190a9f9d7d37a250758b26824b97ce941bf54
6,0.021997507535313217,9.145097031499322,149,65.67847564334835,16303.296359476211,1,0.001787752862216797,0.44610267140599996,13,0.9172871615723602,235.6106842479727,2026-07-21 07:00:00,0x12f190a9f9d7d37a250758b26824b97ce941bf54
7,0.5632017561858036,140.969722241288,43,20.647953663312222,5138.440970115102,6,0.13012369298237103,32.52954487775,8,0.07046499165392912,25.626014394557235,2026-07-21 08:00:00,0x12f190a9f9d7d37a250758b26824b97ce941bf54
3,0.0149631026493936,3.7400000074559996,28,1.643968927224544,407.29354063115665,4,0.4235098522872308,105.520614925487,9,0.4747540012401668,118.941747933476,2026-07-21 09:00:00,0x12f190a9f9d7d37a250758b26824b97ce941bf54
6,0.06246088545489379,15.597448134497563,18,5.941543217211402,1460.1004293852693,12,2.40273509126859,596.1032442901269,10,4.400604914697605,1098.0999684733697,2026-07-21 10:00:00,0x12f190a9f9d7d37a250758b26824b97ce941bf54
10,0.1474468846798764,45.0969527644423,24,20.723594356938246,5093.763327127134,10,0.6035364535711945,148.879356574239,1,0.001787752862216797,0.44610267140599996,2026-07-21 11:00:00,0x12f190a9f9d7d37a250758b26824b97ce941bf54
5,0.30171860330221334,75.692924768582,13,0.6512489459648474,160.91111237634598,7,1.3758318449089257,340.790720772172,6,0.13012369298237103,32.52954487775,2026-07-21 12:00:00,0x12f190a9f9d7d37a250758b26824b97ce941bf54
2,0.03953079442252584,9.847704712453,14,6.618311523342343,1623.8263502257535,39,27.538607167424228,6872.5868142994,4,0.4235098522872308,105.520614925487,2026-07-21 13:00:00,0x12f190a9f9d7d37a250758b26824b97ce941bf54
9,0.3207051837896215,79.20822458474001,7,6.790357294232393,1677.8033238606556,19,8.565426325598034,2115.7813446869013,12,2.40273509126859,596.1032442901269,2026-07-21 14:00:00,0x12f190a9f9d7d37a250758b26824b97ce941bf54
15,0.8078931673121472,208.008216230379,13,0.794458916181885,196.360894003166,149,65.67847564334835,16303.296359476211,10,0.6035364535711945,148.879356574239,2026-07-21 15:00:00,0x12f190a9f9d7d37a250758b26824b97ce941bf54
13,1.526213247594842,384.751823387012,10,0.30139964000532105,77.81987086111974,43,20.647953663312222,5138.440970115102,7,1.3758318449089257,340.790720772172,2026-07-21 16:00:00,0x12f190a9f9d7d37a250758b26824b97ce941bf54
19,7.625064415938615,1894.2857114969017,7,0.41509788624741206,102.099911668865,28,1.643968927224544,407.29354063115665,39,27.538607167424228,6872.5868142994,2026-07-21 17:00:00,0x12f190a9f9d7d37a250758b26824b97ce941bf54
26,11.410980592149503,2837.659718994718,8,1.0553933766037937,260.81985016753697,18,5.941543217211402,1460.1004293852693,19,8.565426325598034,2115.7813446869013,2026-07-21 18:00:00,0x12f190a9f9d7d37a250758b26824b97ce941bf54
150,75.26964330160204,18693.595536177694,4,2.164772439870216,537.832206208529,24,20.723594356938246,5093.763327127134,149,65.67847564334835,16303.296359476211,2026-07-21 19:00:00,0x12f190a9f9d7d37a250758b26824b97ce941bf54
24,4.431435480752388,1098.7335324495016,14,0.6857464850494404,168.985256034973,13,0.6512489459648474,160.91111237634598,43,20.647953663312222,5138.440970115102,2026-07-21 20:00:00,0x12f190a9f9d7d37a250758b26824b97ce941bf54
6,2.4743432399261236,609.5500456409619,15,1.3419122286402874,331.17145942182,14,6.618311523342343,1623.8263502257535,28,1.643968927224544,407.29354063115665,2026-07-21 21:00:00,0x12f190a9f9d7d37a250758b26824b97ce941bf54
16,2.643680820958887,650.2297217131032,12,2.5182902176721846,623.7771555179933,7,6.790357294232393,1677.8033238606556,18,5.941543217211402,1460.1004293852693,2026-07-21 22:00:00,0x12f190a9f9d7d37a250758b26824b97ce941bf54
19,3.693641293724649,915.696989542659,7,3.221298978259152,795.7030196838131,13,0.794458916181885,196.360894003166,24,20.723594356938246,5093.763327127134,2026-07-21 23:00:00,0x12f190a9f9d7d37a250758b26824b97ce941bf54
0,,,0,,,0,,,0,,,2026-07-15 00:00:00,0x1b0e319c6a659f002271b69db8a7df2f911c153e
0,,,0,,,0,,,0,,,2026-07-15 01:00:00,0x1b0e319c6a659f002271b69db8a7df2f911c153e
1,0.40580257194233005,8.346378968001,0,,,0,,,0,,,2026-07-15 02:00:00,0x1b0e319c6a659f002271b69db8a7df2f911c153e
0,,,0,,,0,,,0,,,2026-07-15 03:00:00,0x1b0e319c6a659f002271b69db8a7df2f911c153e
0,,,0,,,0,,,0,,,2026-07-15 04:00:00,0x1b0e319c6a659f002271b69db8a7df2f911c153e
0,,,0,,,0,,,0,,,2026-07-15 05:00:00,0x1b0e319c6a659f002271b69db8a7df2f911c153e
0,,,0,,,0,,,0,,,2026-07-15 06:00:00,0x1b0e319c6a659f002271b69db8a7df2f911c153e
0,,,0,,,0,,,0,,,2026-07-15 07:00:00,0x1b0e319c6a659f002271b69db8a7df2f911c153e
0,,,1,0.000705696676327765,0.195681181626,0,,,0,,,2026-07-15 08:00:00,0x1b0e319c6a659f002271b69db8a7df2f911c153e
0,,,0,,,0,,,0,,,2026-07-15 09:00:00,0x1b0e319c6a659f002271b69db8a7df2f911c153e
0,,,0,,,0,,,0,,,2026-07-15 10:00:00,0x1b0e319c6a659f002271b69db8a7df2f911c153e
0,,,0,,,0,,,0,,,2026-07-15 11:00:00,0x1b0e319c6a659f002271b69db8a7df2f911c153e
0,,,0,,,0,,,0,,,2026-07-15 12:00:00,0x1b0e319c6a659f002271b69db8a7df2f911c153e
0,,,0,,,0,,,0,,,2026-07-15 13:00:00,0x1b0e319c6a659f002271b69db8a7df2f911c153e
0,,,0,,,0,,,0,,,2026-07-15 14:00:00,0x1b0e319c6a659f002271b69db8a7df2f911c153e
0,,,0,,,0,,,0,,,2026-07-15 15:00:00,0x1b0e319c6a659f002271b69db8a7df2f911c153e
0,,,0,,,1,0.000705696676327765,0.195681181626,0,,,2026-07-15 16:00:00,0x1b0e319c6a659f002271b69db8a7df2f911c153e
0,,,0,,,0,,,0,,,2026-07-15 17:00:00,0x1b0e319c6a659f002271b69db8a7df2f911c153e
0,,,0,,,0,,,0,,,2026-07-15 18:00:00,0x1b0e319c6a659f002271b69db8a7df2f911c153e
1,0.006302486599538058,1.743684555608,0,,,0,,,0,,,2026-07-15 19:00:00,0x1b0e319c6a659f002271b69db8a7df2f911c153e
0,,,0,,,0,,,1,0.000705696676327765,0.195681181626,2026-07-15 20:00:00,0x1b0e319c6a659f002271b69db8a7df2f911c153e
0,,,0,,,0,,,0,,,2026-07-15 21:00:00,0x1b0e319c6a659f002271b69db8a7df2f911c153e
0,,,0,,,0,,,0,,,2026-07-15 22:00:00,0x1b0e319c6a659f002271b69db8a7df2f911c153e
0,,,0,,,0,,,0,,,2026-07-15 23:00:00,0x1b0e319c6a659f002271b69db8a7df2f911c153e
0,,,0,,,0,,,0,,,2026-07-16 00:00:00,0x1b0e319c6a659f002271b69db8a7df2f911c153e
0,,,0,,,0,,,0,,,2026-07-16 01:00:00,0x1b0e319c6a659f002271b69db8a7df2f911c153e
0,,,0,,,0,,,0,,,2026-07-16 02:00:00,0x1b0e319c6a659f002271b69db8a7df2f911c153e
0,,,0,,,0,,,0,,,2026-07-16 03:00:00,0x1b0e319c6a659f002271b69db8a7df2f911c153e
0,,,0,,,0,,,0,,,2026-07-16 04:00:00,0x1b0e319c6a659f002271b69db8a7df2f911c153e
0,,,0,,,0,,,0,,,2026-07-16 05:00:00,0x1b0e319c6a659f002271b69db8a7df2f911c153e
0,,,0,,,0,,,0,,,2026-07-16 06:00:00,0x1b0e319c6a659f002271b69db8a7df2f911c153e
0,,,0,,,0,,,0,,,2026-07-16 07:00:00,0x1b0e319c6a659f002271b69db8a7df2f911c153e
0,,,0,,,0,,,0,,,2026-07-16 08:00:00,0x1b0e319c6a659f002271b69db8a7df2f911c153e
0,,,0,,,0,,,0,,,2026-07-16 09:00:00,0x1b0e319c6a659f002271b69db8a7df2f911c153e
0,,,2,1.2164548673498359,121.989225757059,0,,,0,,,2026-07-16 10:00:00,0x1b0e319c6a659f002271b69db8a7df2f911c153e
0,,,0,,,0,,,0,,,2026-07-16 11:00:00,0x1b0e319c6a659f002271b69db8a7df2f911c153e
0,,,0,,,0,,,0,,,2026-07-16 12:00:00,0x1b0e319c6a659f002271b69db8a7df2f911c153e
0,,,0,,,0,,,0,,,2026-07-16 13:00:00,0x1b0e319c6a659f002271b69db8a7df2f911c153e
0,,,0,,,0,,,0,,,2026-07-16 14:00:00,0x1b0e319c6a659f002271b69db8a7df2f911c153e
0,,,0,,,0,,,0,,,2026-07-16 15:00:00,0x1b0e319c6a659f002271b69db8a7df2f911c153e
0,,,0,,,0,,,0,,,2026-07-16 16:00:00,0x1b0e319c6a659f002271b69db8a7df2f911c153e
1,0.4805591961555264,9.867336185126,0,,,0,,,0,,,2026-07-16 17:00:00,0x1b0e319c6a659f002271b69db8a7df2f911c153e
0,,,0,,,2,1.2164548673498359,121.989225757059,0,,,2026-07-16 18:00:00,0x1b0e319c6a659f002271b69db8a7df2f911c153e
0,,,0,,,0,,,0,,,2026-07-16 19:00:00,0x1b0e319c6a659f002271b69db8a7df2f911c153e
0,,,0,,,0,,,0,,,2026-07-16 20:00:00,0x1b0e319c6a659f002271b69db8a7df2f911c153e
0,,,0,,,0,,,0,,,2026-07-16 21:00:00,0x1b0e319c6a659f002271b69db8a7df2f911c153e
0,,,0,,,0,,,2,1.2164548673498359,121.989225757059,2026-07-16 22:00:00,0x1b0e319c6a659f002271b69db8a7df2f911c153e
0,,,0,,,0,,,0,,,2026-07-16 23:00:00,0x1b0e319c6a659f002271b69db8a7df2f911c153e
0,,,0,,,0,,,0,,,2026-07-17 00:00:00,0x1b0e319c6a659f002271b69db8a7df2f911c153e
0,,,0,,,0,,,0,,,2026-07-17 01:00:00,0x1b0e319c6a659f002271b69db8a7df2f911c153e
0,,,0,,,0,,,0,,,2026-07-17 02:00:00,0x1b0e319c6a659f002271b69db8a7df2f911c153e
0,,,0,,,0,,,0,,,2026-07-17 03:00:00,0x1b0e319c6a659f002271b69db8a7df2f911c153e
0,,,0,,,0,,,0,,,2026-07-17 04:00:00,0x1b0e319c6a659f002271b69db8a7df2f911c153e
0,,,0,,,0,,,0,,,2026-07-17 05:00:00,0x1b0e319c6a659f002271b69db8a7df2f911c153e
0,,,0,,,0,,,0,,,2026-07-17 06:00:00,0x1b0e319c6a659f002271b69db8a7df2f911c153e
0,,,0,,,0,,,0,,,2026-07-17 07:00:00,0x1b0e319c6a659f002271b69db8a7df2f911c153e
0,,,0,,,0,,,0,,,2026-07-17 08:00:00,0x1b0e319c6a659f002271b69db8a7df2f911c153e
0,,,0,,,0,,,0,,,2026-07-17 09:00:00,0x1b0e319c6a659f002271b69db8a7df2f911c153e
0,,,0,,,0,,,0,,,2026-07-17 10:00:00,0x1b0e319c6a659f002271b69db8a7df2f911c153e
0,,,0,,,0,,,0,,,2026-07-17 11:00:00,0x1b0e319c6a659f002271b69db8a7df2f911c153e
0,,,0,,,0,,,0,,,2026-07-17 12:00:00,0x1b0e319c6a659f002271b69db8a7df2f911c153e
0,,,0,,,0,,,0,,,2026-07-17 13:00:00,0x1b0e319c6a659f002271b69db8a7df2f911c153e
0,,,1,0.3066632446231541,6.420592791216,0,,,0,,,2026-07-17 14:00:00,0x1b0e319c6a659f002271b69db8a7df2f911c153e
0,,,0,,,0,,,0,,,2026-07-17 15:00:00,0x1b0e319c6a659f002271b69db8a7df2f911c153e
0,,,0,,,0,,,0,,,2026-07-17 16:00:00,0x1b0e319c6a659f002271b69db8a7df2f911c153e
0,,,0,,,0,,,0,,,2026-07-17 17:00:00,0x1b0e319c6a659f002271b69db8a7df2f911c153e
0,,,0,,,0,,,0,,,2026-07-17 18:00:00,0x1b0e319c6a659f002271b69db8a7df2f911c153e
1,0.003379183605349868,1.115751048094,0,,,0,,,0,,,2026-07-17 19:00:00,0x1b0e319c6a659f002271b69db8a7df2f911c153e
0,,,0,,,0,,,0,,,2026-07-17 20:00:00,0x1b0e319c6a659f002271b69db8a7df2f911c153e
1,1.2067232284110372,24.8573717379,0,,,0,,,0,,,2026-07-17 21:00:00,0x1b0e319c6a659f002271b69db8a7df2f911c153e
0,,,0,,,1,0.3066632446231541,6.420592791216,0,,,2026-07-17 22:00:00,0x1b0e319c6a659f002271b69db8a7df2f911c153e
0,,,0,,,0,,,0,,,2026-07-17 23:00:00,0x1b0e319c6a659f002271b69db8a7df2f911c153e
0,,,2,0.0219513902530521,3.860647466984,0,,,0,,,2026-07-18 00:00:00,0x1b0e319c6a659f002271b69db8a7df2f911c153e
0,,,0,,,0,,,0,,,2026-07-18 01:00:00,0x1b0e319c6a659f002271b69db8a7df2f911c153e
2,0.894485872935762,18.740650811503997,0,,,0,,,1,0.3066632446231541,6.420592791216,2026-07-18 02:00:00,0x1b0e319c6a659f002271b69db8a7df2f911c153e
0,,,0,,,0,,,0,,,2026-07-18 03:00:00,0x1b0e319c6a659f002271b69db8a7df2f911c153e
0,,,0,,,0,,,0,,,2026-07-18 04:00:00,0x1b0e319c6a659f002271b69db8a7df2f911c153e
1,0.000421994696049246,0.139343246368,0,,,0,,,0,,,2026-07-18 05:00:00,0x1b0e319c6a659f002271b69db8a7df2f911c153e
0,,,0,,,0,,,0,,,2026-07-18 06:00:00,0x1b0e319c6a659f002271b69db8a7df2f911c153e
0,,,0,,,0,,,0,,,2026-07-18 07:00:00,0x1b0e319c6a659f002271b69db8a7df2f911c153e
0,,,0,,,2,0.0219513902530521,3.860647466984,0,,,2026-07-18 08:00:00,0x1b0e319c6a659f002271b69db8a7df2f911c153e
0,,,0,,,0,,,0,,,2026-07-18 09:00:00,0x1b0e319c6a659f002271b69db8a7df2f911c153e
0,,,0,,,0,,,0,,,2026-07-18 10:00:00,0x1b0e319c6a659f002271b69db8a7df2f911c153e
0,,,0,,,0,,,0,,,2026-07-18 11:00:00,0x1b0e319c6a659f002271b69db8a7df2f911c153e
0,,,0,,,0,,,2,0.0219513902530521,3.860647466984,2026-07-18 12:00:00,0x1b0e319c6a659f002271b69db8a7df2f911c153e
0,,,0,,,0,,,0,,,2026-07-18 13:00:00,0x1b0e319c6a659f002271b69db8a7df2f911c153e
0,,,0,,,0,,,0,,,2026-07-18 14:00:00,0x1b0e319c6a659f002271b69db8a7df2f911c153e
0,,,0,,,0,,,0,,,2026-07-18 15:00:00,0x1b0e319c6a659f002271b69db8a7df2f911c153e
0,,,0,,,0,,,0,,,2026-07-18 16:00:00,0x1b0e319c6a659f002271b69db8a7df2f911c153e
0,,,0,,,0,,,0,,,2026-07-18 17:00:00,0x1b0e319c6a659f002271b69db8a7df2f911c153e
0,,,0,,,0,,,0,,,2026-07-18 18:00:00,0x1b0e319c6a659f002271b69db8a7df2f911c153e
0,,,0,,,0,,,0,,,2026-07-18 19:00:00,0x1b0e319c6a659f002271b69db8a7df2f911c153e
0,,,0,,,0,,,0,,,2026-07-18 20:00:00,0x1b0e319c6a659f002271b69db8a7df2f911c153e
0,,,0,,,0,,,0,,,2026-07-18 21:00:00,0x1b0e319c6a659f002271b69db8a7df2f911c153e
0,,,0,,,0,,,0,,,2026-07-18 22:00:00,0x1b0e319c6a659f002271b69db8a7df2f911c153e
0,,,0,,,0,,,0,,,2026-07-18 23:00:00,0x1b0e319c6a659f002271b69db8a7df2f911c153e
0,,,0,,,0,,,0,,,2026-07-19 00:00:00,0x1b0e319c6a659f002271b69db8a7df2f911c153e
0,,,0,,,0,,,0,,,2026-07-19 01:00:00,0x1b0e319c6a659f002271b69db8a7df2f911c153e
0,,,1,0.009523502610866756,0.19566422734199998,0,,,0,,,2026-07-19 02:00:00,0x1b0e319c6a659f002271b69db8a7df2f911c153e
0,,,0,,,0,,,0,,,2026-07-19 03:00:00,0x1b0e319c6a659f002271b69db8a7df2f911c153e
0,,,0,,,0,,,0,,,2026-07-19 04:00:00,0x1b0e319c6a659f002271b69db8a7df2f911c153e
0,,,0,,,0,,,0,,,2026-07-19 05:00:00,0x1b0e319c6a659f002271b69db8a7df2f911c153e
0,,,0,,,0,,,0,,,2026-07-19 06:00:00,0x1b0e319c6a659f002271b69db8a7df2f911c153e
0,,,0,,,0,,,0,,,2026-07-19 07:00:00,0x1b0e319c6a659f002271b69db8a7df2f911c153e
0,,,0,,,0,,,0,,,2026-07-19 08:00:00,0x1b0e319c6a659f002271b69db8a7df2f911c153e
0,,,10,0.36497905465137526,167.57808372301437,0,,,0,,,2026-07-19 09:00:00,0x1b0e319c6a659f002271b69db8a7df2f911c153e
0,,,0,,,1,0.009523502610866756,0.19566422734199998,0,,,2026-07-19 10:00:00,0x1b0e319c6a659f002271b69db8a7df2f911c153e
3,0.031211792165830074,0.650228004405,0,,,0,,,0,,,2026-07-19 11:00:00,0x1b0e319c6a659f002271b69db8a7df2f911c153e
0,,,0,,,0,,,0,,,2026-07-19 12:00:00,0x1b0e319c6a659f002271b69db8a7df2f911c153e
0,,,1,0.08854779178619984,1.81881640508,0,,,0,,,2026-07-19 13:00:00,0x1b0e319c6a659f002271b69db8a7df2f911c153e
0,,,2,0.17314676712650914,3.594036274334,0,,,1,0.009523502610866756,0.19566422734199998,2026-07-19 14:00:00,0x1b0e319c6a659f002271b69db8a7df2f911c153e
1,0.009428267584758088,0.197721130684,0,,,0,,,0,,,2026-07-19 15:00:00,0x1b0e319c6a659f002271b69db8a7df2f911c153e
0,,,0,,,0,,,0,,,2026-07-19 16:00:00,0x1b0e319c6a659f002271b69db8a7df2f911c153e
0,,,2,0.018245381369256634,7.4585229630929994,10,0.36497905465137526,167.57808372301437,0,,,2026-07-19 17:00:00,0x1b0e319c6a659f002271b69db8a7df2f911c153e
0,,,0,,,0,,,0,,,2026-07-19 18:00:00,0x1b0e319c6a659f002271b69db8a7df2f911c153e
0,,,0,,,0,,,0,,,2026-07-19 19:00:00,0x1b0e319c6a659f002271b69db8a7df2f911c153e
0,,,4,0.09613537425688878,41.10080304548893,0,,,0,,,2026-07-19 20:00:00,0x1b0e319c6a659f002271b69db8a7df2f911c153e
0,,,32,0.5811255381380862,1082.548812908926,1,0.08854779178619984,1.81881640508,10,0.36497905465137526,167.57808372301437,2026-07-19 21:00:00,0x1b0e319c6a659f002271b69db8a7df2f911c153e
0,,,0,,,2,0.17314676712650914,3.594036274334,0,,,2026-07-19 22:00:00,0x1b0e319c6a659f002271b69db8a7df2f911c153e
0,,,13,0.5802127037987334,184.75491076949197,0,,,0,,,2026-07-19 23:00:00,0x1b0e319c6a659f002271b69db8a7df2f911c153e
0,,,6,0.259987016222162,14.443658792819,0,,,0,,,2026-07-20 00:00:00,0x1b0e319c6a659f002271b69db8a7df2f911c153e
0,,,0,,,2,0.018245381369256634,7.4585229630929994,1,0.08854779178619984,1.81881640508,2026-07-20 01:00:00,0x1b0e319c6a659f002271b69db8a7df2f911c153e
1,0.0846296087255896,1.7744671880010001,0,,,0,,,2,0.17314676712650914,3.594036274334,2026-07-20 02:00:00,0x1b0e319c6a659f002271b69db8a7df2f911c153e
0,,,0,,,0,,,0,,,2026-07-20 03:00:00,0x1b0e319c6a659f002271b69db8a7df2f911c153e
0,,,1,1.276291272228e-06,0.0018821199999999997,4,0.09613537425688878,41.10080304548893,0,,,2026-07-20 04:00:00,0x1b0e319c6a659f002271b69db8a7df2f911c153e
0,,,1,0.07691100790331157,18.784129818359997,32,0.5811255381380862,1082.548812908926,2,0.018245381369256634,7.4585229630929994,2026-07-20 05:00:00,0x1b0e319c6a659f002271b69db8a7df2f911c153e
2,0.001370039132700241,0.56327499231,2,0.04450057817170745,11.276854994896002,0,,,0,,,2026-07-20 06:00:00,0x1b0e319c6a659f002271b69db8a7df2f911c153e
2,0.01755160962065508,7.2562977537330005,44,12.66800916192566,4328.733489127443,13,0.5802127037987334,184.75491076949197,0,,,2026-07-20 07:00:00,0x1b0e319c6a659f002271b69db8a7df2f911c153e
5,0.5813026354789586,81.14951701811201,51,43.323225390918154,2460.8329612254465,6,0.259987016222162,14.443658792819,4,0.09613537425688878,41.10080304548893,2026-07-20 08:00:00,0x1b0e319c6a659f002271b69db8a7df2f911c153e
1,0.03383073515486791,0.6951951947599999,2,0.9089547901444232,20.53871825834088,0,,,32,0.5811255381380862,1082.548812908926,2026-07-20 09:00:00,0x1b0e319c6a659f002271b69db8a7df2f911c153e
1,0.03349242780331923,0.7016889112520001,18,12.355700770374538,269.8123213342876,0,,,0,,,2026-07-20 10:00:00,0x1b0e319c6a659f002271b69db8a7df2f911c153e
2,0.5016912758401236,10.404915145846001,6,9.306219155872963,190.3774986929926,0,,,13,0.5802127037987334,184.75491076949197,2026-07-20 11:00:00,0x1b0e319c6a659f002271b69db8a7df2f911c153e
0,,,7,12.420020469411288,279.5362243194822,1,1.276291272228e-06,0.0018821199999999997,6,0.259987016222162,14.443658792819,2026-07-20 12:00:00,0x1b0e319c6a659f002271b69db8a7df2f911c153e
0,,,1,1.4552313014952778,32.994607528593,1,0.07691100790331157,18.784129818359997,0,,,2026-07-20 13:00:00,0x1b0e319c6a659f002271b69db8a7df2f911c153e
0,,,0,,,2,0.04450057817170745,11.276854994896002,0,,,2026-07-20 14:00:00,0x1b0e319c6a659f002271b69db8a7df2f911c153e
0,,,6,16.142332654392998,443.83909794288184,44,12.66800916192566,4328.733489127443,0,,,2026-07-20 15:00:00,0x1b0e319c6a659f002271b69db8a7df2f911c153e
28,1.0155493085241178,391.34861422048607,2,0.6537292966843998,15.36936011783398,51,43.323225390918154,2460.8329612254465,1,1.276291272228e-06,0.0018821199999999997,2026-07-20 16:00:00,0x1b0e319c6a659f002271b69db8a7df2f911c153e
1,0.11944014803194056,29.821459091264998,0,,,2,0.9089547901444232,20.53871825834088,1,0.07691100790331157,18.784129818359997,2026-07-20 17:00:00,0x1b0e319c6a659f002271b69db8a7df2f911c153e
0,,,24,34.98000918157912,1081.1961887884506,18,12.355700770374538,269.8123213342876,2,0.04450057817170745,11.276854994896002,2026-07-20 18:00:00,0x1b0e319c6a659f002271b69db8a7df2f911c153e
68,6.904038973516916,8661.400345058712,0,,,6,9.306219155872963,190.3774986929926,44,12.66800916192566,4328.733489127443,2026-07-20 19:00:00,0x1b0e319c6a659f002271b69db8a7df2f911c153e
14,4.3698873361930834,113.28335932452646,2,0.13094026603866446,3.056029336043739,7,12.420020469411288,279.5362243194822,51,43.323225390918154,2460.8329612254465,2026-07-20 20:00:00,0x1b0e319c6a659f002271b69db8a7df2f911c153e
4,1.5818870796298774,37.962125244455756,0,,,1,1.4552313014952778,32.994607528593,2,0.9089547901444232,20.53871825834088,2026-07-20 21:00:00,0x1b0e319c6a659f002271b69db8a7df2f911c153e
0,,,0,,,0,,,18,12.355700770374538,269.8123213342876,2026-07-20 22:00:00,0x1b0e319c6a659f002271b69db8a7df2f911c153e
0,,,0,,,6,16.142332654392998,443.83909794288184,6,9.306219155872963,190.3774986929926,2026-07-20 23:00:00,0x1b0e319c6a659f002271b69db8a7df2f911c153e
1,0.40385596306154314,10.267934699965654,0,,,2,0.6537292966843998,15.36936011783398,7,12.420020469411288,279.5362243194822,2026-07-21 00:00:00,0x1b0e319c6a659f002271b69db8a7df2f911c153e
0,,,0,,,0,,,1,1.4552313014952778,32.994607528593,2026-07-21 01:00:00,0x1b0e319c6a659f002271b69db8a7df2f911c153e
1,0.011356071879674998,0.23323115485499998,0,,,24,34.98000918157912,1081.1961887884506,0,,,2026-07-21 02:00:00,0x1b0e319c6a659f002271b69db8a7df2f911c153e
5,19.10393305911933,398.4999851363863,0,,,0,,,6,16.142332654392998,443.83909794288184,2026-07-21 03:00:00,0x1b0e319c6a659f002271b69db8a7df2f911c153e
0,,,0,,,2,0.13094026603866446,3.056029336043739,2,0.6537292966843998,15.36936011783398,2026-07-21 04:00:00,0x1b0e319c6a659f002271b69db8a7df2f911c153e
1,0.002174652812131134,3.7842837507639997,3,1.2912600367388212,266.9239117222,0,,,0,,,2026-07-21 05:00:00,0x1b0e319c6a659f002271b69db8a7df2f911c153e
2,0.3413321260832127,10.851861485926584,3,0.01589182599385265,0.2779116616355569,0,,,24,34.98000918157912,1081.1961887884506,2026-07-21 06:00:00,0x1b0e319c6a659f002271b69db8a7df2f911c153e
6,9.193967351599225,200.27074088722364,0,,,0,,,0,,,2026-07-21 07:00:00,0x1b0e319c6a659f002271b69db8a7df2f911c153e
0,,,0,,,0,,,2,0.13094026603866446,3.056029336043739,2026-07-21 08:00:00,0x1b0e319c6a659f002271b69db8a7df2f911c153e
0,,,0,,,0,,,0,,,2026-07-21 09:00:00,0x1b0e319c6a659f002271b69db8a7df2f911c153e
0,,,0,,,0,,,0,,,2026-07-21 10:00:00,0x1b0e319c6a659f002271b69db8a7df2f911c153e
0,,,2,3.0999098669678893,59.52386974767499,0,,,0,,,2026-07-21 11:00:00,0x1b0e319c6a659f002271b69db8a7df2f911c153e
0,,,2,0.01650730557137623,0.3844215015,0,,,0,,,2026-07-21 12:00:00,0x1b0e319c6a659f002271b69db8a7df2f911c153e
0,,,0,,,3,1.2912600367388212,266.9239117222,0,,,2026-07-21 13:00:00,0x1b0e319c6a659f002271b69db8a7df2f911c153e
0,,,0,,,3,0.01589182599385265,0.2779116616355569,0,,,2026-07-21 14:00:00,0x1b0e319c6a659f002271b69db8a7df2f911c153e
0,,,0,,,0,,,0,,,2026-07-21 15:00:00,0x1b0e319c6a659f002271b69db8a7df2f911c153e
0,,,0,,,0,,,0,,,2026-07-21 16:00:00,0x1b0e319c6a659f002271b69db8a7df2f911c153e
0,,,1,0.42069,10.295922607725663,0,,,3,1.2912600367388212,266.9239117222,2026-07-21 17:00:00,0x1b0e319c6a659f002271b69db8a7df2f911c153e
2,0.03135667267891144,3.8274632748799995,0,,,0,,,3,0.01589182599385265,0.2779116616355569,2026-07-21 18:00:00,0x1b0e319c6a659f002271b69db8a7df2f911c153e
0,,,0,,,2,3.0999098669678893,59.52386974767499,0,,,2026-07-21 19:00:00,0x1b0e319c6a659f002271b69db8a7df2f911c153e
0,,,0,,,2,0.01650730557137623,0.3844215015,0,,,2026-07-21 20:00:00,0x1b0e319c6a659f002271b69db8a7df2f911c153e
0,,,0,,,0,,,0,,,2026-07-21 21:00:00,0x1b0e319c6a659f002271b69db8a7df2f911c153e
0,,,0,,,0,,,0,,,2026-07-21 22:00:00,0x1b0e319c6a659f002271b69db8a7df2f911c153e
0,,,2,1.5197925053740766,36.042218107489504,0,,,2,3.0999098669678893,59.52386974767499,2026-07-21 23:00:00,0x1b0e319c6a659f002271b69db8a7df2f911c153e
5,0.27356725462351766,98.25373251821402,7,0.6996014322310419,249.755889026684,5,0.5467559886915537,196.696217011484,4,0.04408175891628788,15.734912637041,2026-07-15 00:00:00,0x2e0847e8910a9732eb3fb1bb4b70a580adad4fe3
6,0.2995168286160567,106.93356146562509,8,0.5093067587243384,182.93347719526395,4,0.5790151963018798,208.87016442883598,4,0.6277949170580894,225.07461474429704,2026-07-15 01:00:00,0x2e0847e8910a9732eb3fb1bb4b70a580adad4fe3
5,0.3704166910332928,133.133067095748,36,4.750213986578904,1725.7677620727543,28,4.364548184366333,1580.2671548902306,9,0.12222470046464937,43.789094380103,2026-07-15 02:00:00,0x2e0847e8910a9732eb3fb1bb4b70a580adad4fe3
10,0.886288368415236,317.50473102690796,14,1.7207577980237905,633.2656605346979,32,6.6384989310982006,2386.50834879206,9,0.2411163547545569,86.7329033082,2026-07-15 03:00:00,0x2e0847e8910a9732eb3fb1bb4b70a580adad4fe3
3,0.23482388057969286,84.77295031543801,44,2.9669994291095163,1106.8417019202207,15,0.2281029199870833,81.9146601767,5,0.5467559886915537,196.696217011484,2026-07-15 04:00:00,0x2e0847e8910a9732eb3fb1bb4b70a580adad4fe3
8,0.8345353856334701,299.042852595913,33,6.083808330533222,2262.690617410176,17,0.33831242080231955,121.30776237670767,4,0.5790151963018798,208.87016442883598,2026-07-15 05:00:00,0x2e0847e8910a9732eb3fb1bb4b70a580adad4fe3
21,4.004533367499504,1454.045258723741,14,2.0602309193621395,763.3105989523721,50,2.6098263701926383,935.9332288146586,28,4.364548184366333,1580.2671548902306,2026-07-15 06:00:00,0x2e0847e8910a9732eb3fb1bb4b70a580adad4fe3
25,0.41845588266304173,150.62155438115698,9,1.0726986955140023,397.144570613484,22,0.4911726543364263,174.8742396699,32,6.6384989310982006,2386.50834879206,2026-07-15 07:00:00,0x2e0847e8910a9732eb3fb1bb4b70a580adad4fe3
27,0.5793712988335586,208.588099272965,17,0.4517666211836071,179.20432197722852,7,0.6996014322310419,249.755889026684,15,0.2281029199870833,81.9146601767,2026-07-15 08:00:00,0x2e0847e8910a9732eb3fb1bb4b70a580adad4fe3
10,0.7400955654667986,266.7179794628,11,0.16602319092698464,63.74632876091977,8,0.5093067587243384,182.93347719526395,17,0.33831242080231955,121.30776237670767,2026-07-15 09:00:00,0x2e0847e8910a9732eb3fb1bb4b70a580adad4fe3
17,1.656621968009012,591.9502184457288,11,0.7948892877813725,295.36331364454435,36,4.750213986578904,1725.7677620727543,50,2.6098263701926383,935.9332288146586,2026-07-15 10:00:00,0x2e0847e8910a9732eb3fb1bb4b70a580adad4fe3
9,0.599265975851075,214.21746168800502,9,0.6365741712305697,236.22632522193265,14,1.7207577980237905,633.2656605346979,22,0.4911726543364263,174.8742396699,2026-07-15 11:00:00,0x2e0847e8910a9732eb3fb1bb4b70a580adad4fe3
8,0.34007613638439627,121.90001002984103,16,1.0977335827135404,409.763800347542,44,2.9669994291095163,1106.8417019202207,7,0.6996014322310419,249.755889026684,2026-07-15 12:00:00,0x2e0847e8910a9732eb3fb1bb4b70a580adad4fe3
7,0.07036025146469985,25.162280641960002,18,1.3008096959383157,1350.890150990969,33,6.083808330533222,2262.690617410176,8,0.5093067587243384,182.93347719526395,2026-07-15 13:00:00,0x2e0847e8910a9732eb3fb1bb4b70a580adad4fe3
17,1.1968776198176907,437.65654560466726,18,1.167184217985464,437.029678410114,14,2.0602309193621395,763.3105989523721,36,4.750213986578904,1725.7677620727543,2026-07-15 14:00:00,0x2e0847e8910a9732eb3fb1bb4b70a580adad4fe3
13,1.8496199810123706,681.2209218770208,24,0.9913222434068536,680.1016885000557,9,1.0726986955140023,397.144570613484,14,1.7207577980237905,633.2656605346979,2026-07-15 15:00:00,0x2e0847e8910a9732eb3fb1bb4b70a580adad4fe3
29,2.8966796396597494,1089.731206655322,30,1.2511923676489087,469.36777784961697,17,0.4517666211836071,179.20432197722852,44,2.9669994291095163,1106.8417019202207,2026-07-15 16:00:00,0x2e0847e8910a9732eb3fb1bb4b70a580adad4fe3
8,1.1110098791056817,410.85759781195856,18,0.9564609780339473,361.06257122160594,11,0.16602319092698464,63.74632876091977,33,6.083808330533222,2262.690617410176,2026-07-15 17:00:00,0x2e0847e8910a9732eb3fb1bb4b70a580adad4fe3
16,0.23252899178891104,86.19550580725078,20,1.098364327705716,415.3678137332741,11,0.7948892877813725,295.36331364454435,14,2.0602309193621395,763.3105989523721,2026-07-15 18:00:00,0x2e0847e8910a9732eb3fb1bb4b70a580adad4fe3
10,0.28299758927926644,105.79493179392279,20,0.5832317068568457,221.98539783825365,9,0.6365741712305697,236.22632522193265,9,1.0726986955140023,397.144570613484,2026-07-15 19:00:00,0x2e0847e8910a9732eb3fb1bb4b70a580adad4fe3
29,0.6968288236149482,261.8501807921683,12,0.13552000924658428,53.64681521655876,16,1.0977335827135404,409.763800347542,17,0.4517666211836071,179.20432197722852,2026-07-15 20:00:00,0x2e0847e8910a9732eb3fb1bb4b70a580adad4fe3
13,0.18719483531781006,70.10837140118365,16,3.479640675590381,1316.7668536014105,18,1.3008096959383157,1350.890150990969,11,0.16602319092698464,63.74632876091977,2026-07-15 21:00:00,0x2e0847e8910a9732eb3fb1bb4b70a580adad4fe3
9,0.539332315618153,200.22074446552182,16,1.1397269972507298,429.14380399311545,18,1.167184217985464,437.029678410114,11,0.7948892877813725,295.36331364454435,2026-07-15 22:00:00,0x2e0847e8910a9732eb3fb1bb4b70a580adad4fe3
11,2.121466260982734,788.7141013228802,14,0.34668674470431926,131.42268797822658,24,0.9913222434068536,680.1016885000557,9,0.6365741712305697,236.22632522193265,2026-07-15 23:00:00,0x2e0847e8910a9732eb3fb1bb4b70a580adad4fe3
14,1.5753014353255377,588.013018558454,21,1.8099596458081786,680.7506672447173,30,1.2511923676489087,469.36777784961697,16,1.0977335827135404,409.763800347542,2026-07-16 00:00:00,0x2e0847e8910a9732eb3fb1bb4b70a580adad4fe3
18,0.9633745676352193,360.52734464381064,17,1.0928932007107053,409.23908932063136,18,0.9564609780339473,361.06257122160594,18,1.3008096959383157,1350.890150990969,2026-07-16 01:00:00,0x2e0847e8910a9732eb3fb1bb4b70a580adad4fe3
18,0.4517513602416208,170.31396071010516,22,6.540136520805138,2434.0706194297113,20,1.098364327705716,415.3678137332741,18,1.167184217985464,437.029678410114,2026-07-16 02:00:00,0x2e0847e8910a9732eb3fb1bb4b70a580adad4fe3
15,1.3202671079966315,492.56623653218645,17,1.9975205129934162,745.8262132668664,20,0.5832317068568457,221.98539783825365,24,0.9913222434068536,680.1016885000557,2026-07-16 03:00:00,0x2e0847e8910a9732eb3fb1bb4b70a580adad4fe3
20,0.3974199335050889,154.08458960844385,14,0.8112560247047462,301.7809321826396,12,0.13552000924658428,53.64681521655876,30,1.2511923676489087,469.36777784961697,2026-07-16 04:00:00,0x2e0847e8910a9732eb3fb1bb4b70a580adad4fe3
26,2.6604822995664956,997.3912694925958,19,1.4427300798817453,535.4970823228533,16,3.479640675590381,1316.7668536014105,18,0.9564609780339473,361.06257122160594,2026-07-16 05:00:00,0x2e0847e8910a9732eb3fb1bb4b70a580adad4fe3
31,1.8976591570532289,711.0655982930692,8,0.02194522156161133,8.230611607369346,16,1.1397269972507298,429.14380399311545,20,1.098364327705716,415.3678137332741,2026-07-16 06:00:00,0x2e0847e8910a9732eb3fb1bb4b70a580adad4fe3
23,0.33004504300080206,126.74158961496346,16,3.892512294378117,1403.195612773271,14,0.34668674470431926,131.42268797822658,20,0.5832317068568457,221.98539783825365,2026-07-16 07:00:00,0x2e0847e8910a9732eb3fb1bb4b70a580adad4fe3
23,7.629165859991839,2870.869532095376,16,0.986179186357154,351.41995176814726,21,1.8099596458081786,680.7506672447173,12,0.13552000924658428,53.64681521655876,2026-07-16 08:00:00,0x2e0847e8910a9732eb3fb1bb4b70a580adad4fe3
11,1.1365872378813109,431.9067906401691,23,1.2549442736163963,447.3587409441562,17,1.0928932007107053,409.23908932063136,16,3.479640675590381,1316.7668536014105,2026-07-16 09:00:00,0x2e0847e8910a9732eb3fb1bb4b70a580adad4fe3
14,0.9843745421212758,371.669960633365,24,0.5490543675106188,195.98404201215217,22,6.540136520805138,2434.0706194297113,16,1.1397269972507298,429.14380399311545,2026-07-16 10:00:00,0x2e0847e8910a9732eb3fb1bb4b70a580adad4fe3
17,1.1798417095281948,445.7152661347835,9,0.08145930184268396,29.24647875380635,17,1.9975205129934162,745.8262132668664,14,0.34668674470431926,131.42268797822658,2026-07-16 11:00:00,0x2e0847e8910a9732eb3fb1bb4b70a580adad4fe3
16,3.045776536354675,1141.2147475284125,18,4.214190154240647,1500.6423678305312,14,0.8112560247047462,301.7809321826396,21,1.8099596458081786,680.7506672447173,2026-07-16 12:00:00,0x2e0847e8910a9732eb3fb1bb4b70a580adad4fe3
20,2.7238789906861567,1017.6958662043526,36,3.7106779262412655,1335.1846851870193,19,1.4427300798817453,535.4970823228533,17,1.0928932007107053,409.23908932063136,2026-07-16 13:00:00,0x2e0847e8910a9732eb3fb1bb4b70a580adad4fe3
20,0.2277639080421451,85.6750809583109,41,1.8714459657949984,665.6158845062687,8,0.02194522156161133,8.230611607369346,22,6.540136520805138,2434.0706194297113,2026-07-16 14:00:00,0x2e0847e8910a9732eb3fb1bb4b70a580adad4fe3
15,0.3650391257178321,136.3657825687847,27,3.430356594896515,1210.135969584365,16,3.892512294378117,1403.195612773271,17,1.9975205129934162,745.8262132668664,2026-07-16 15:00:00,0x2e0847e8910a9732eb3fb1bb4b70a580adad4fe3
20,0.47049001224019826,176.31722720928178,18,0.601512455105195,214.05126230242394,16,0.986179186357154,351.41995176814726,14,0.8112560247047462,301.7809321826396,2026-07-16 16:00:00,0x2e0847e8910a9732eb3fb1bb4b70a580adad4fe3
11,0.43871126159476653,162.7535063709246,20,0.22120171429611604,78.56751397007756,23,1.2549442736163963,447.3587409441562,19,1.4427300798817453,535.4970823228533,2026-07-16 17:00:00,0x2e0847e8910a9732eb3fb1bb4b70a580adad4fe3
32,22.940014597323007,8389.693555517215,18,0.25879829604692217,90.87877324603431,24,0.5490543675106188,195.98404201215217,8,0.02194522156161133,8.230611607369346,2026-07-16 18:00:00,0x2e0847e8910a9732eb3fb1bb4b70a580adad4fe3
19,13.857827608364676,4941.618995312158,16,0.2902834816089894,101.80847184562859,9,0.08145930184268396,29.24647875380635,16,3.892512294378117,1403.195612773271,2026-07-16 19:00:00,0x2e0847e8910a9732eb3fb1bb4b70a580adad4fe3
13,0.4777389382340107,170.5441348095848,6,0.08412528308637471,29.511414850521938,18,4.214190154240647,1500.6423678305312,16,0.986179186357154,351.41995176814726,2026-07-16 20:00:00,0x2e0847e8910a9732eb3fb1bb4b70a580adad4fe3
12,0.8120925778141534,290.236328920104,17,2.0283897000866182,705.9141238446126,36,3.7106779262412655,1335.1846851870193,23,1.2549442736163963,447.3587409441562,2026-07-16 21:00:00,0x2e0847e8910a9732eb3fb1bb4b70a580adad4fe3
30,3.300933615197484,1179.670176044973,10,0.09166148562557103,31.96903165383521,41,1.8714459657949984,665.6158845062687,24,0.5490543675106188,195.98404201215217,2026-07-16 22:00:00,0x2e0847e8910a9732eb3fb1bb4b70a580adad4fe3
24,1.7098051829726932,610.4593940397365,11,1.2314505636689492,430.96307406350525,27,3.430356594896515,1210.135969584365,9,0.08145930184268396,29.24647875380635,2026-07-16 23:00:00,0x2e0847e8910a9732eb3fb1bb4b70a580adad4fe3
23,0.7684051625952909,285.04438586448384,20,1.508223442322568,526.9485921126351,18,0.601512455105195,214.05126230242394,18,4.214190154240647,1500.6423678305312,2026-07-17 00:00:00,0x2e0847e8910a9732eb3fb1bb4b70a580adad4fe3
55,5.016691611675936,1787.9755796926806,9,3.142903663116378,1089.512658712181,20,0.22120171429611604,78.56751397007756,36,3.7106779262412655,1335.1846851870193,2026-07-17 01:00:00,0x2e0847e8910a9732eb3fb1bb4b70a580adad4fe3
24,2.1068266382507126,747.0081802704833,25,12.73313016738891,4383.768942527552,18,0.25879829604692217,90.87877324603431,41,1.8714459657949984,665.6158845062687,2026-07-17 02:00:00,0x2e0847e8910a9732eb3fb1bb4b70a580adad4fe3
37,2.659865173538454,942.7277485277358,7,1.695444717370962,590.7688922538686,16,0.2902834816089894,101.80847184562859,27,3.430356594896515,1210.135969584365,2026-07-17 03:00:00,0x2e0847e8910a9732eb3fb1bb4b70a580adad4fe3
21,3.001923762448746,1055.0951621151867,24,2.839764793618963,990.1729887146917,6,0.08412528308637471,29.511414850521938,18,0.601512455105195,214.05126230242394,2026-07-17 04:00:00,0x2e0847e8910a9732eb3fb1bb4b70a580adad4fe3
20,2.939383800212966,1030.0765229828955,360,124.34669739877474,43289.811410625836,17,2.0283897000866182,705.9141238446126,20,0.22120171429611604,78.56751397007756,2026-07-17 05:00:00,0x2e0847e8910a9732eb3fb1bb4b70a580adad4fe3
19,2.0081624809876426,703.342837997488,33,2.348889634030312,814.910884509914,10,0.09166148562557103,31.96903165383521,18,0.25879829604692217,90.87877324603431,2026-07-17 06:00:00,0x2e0847e8910a9732eb3fb1bb4b70a580adad4fe3
14,1.2083570469576024,425.30021868107985,47,6.070316426388725,2095.110953711585,11,1.2314505636689492,430.96307406350525,16,0.2902834816089894,101.80847184562859,2026-07-17 07:00:00,0x2e0847e8910a9732eb3fb1bb4b70a580adad4fe3
17,3.243264517732736,1132.9229880040714,34,4.515935897150646,1571.4819474502845,20,1.508223442322568,526.9485921126351,6,0.08412528308637471,29.511414850521938,2026-07-17 08:00:00,0x2e0847e8910a9732eb3fb1bb4b70a580adad4fe3
7,0.17898614002288415,62.77599215356014,28,2.2111625915597455,767.0704712407756,9,3.142903663116378,1089.512658712181,17,2.0283897000866182,705.9141238446126,2026-07-17 09:00:00,0x2e0847e8910a9732eb3fb1bb4b70a580adad4fe3
12,0.5337022725105637,195.17590118323668,18,1.1356543338517697,394.12158997012284,25,12.73313016738891,4383.768942527552,10,0.09166148562557103,31.96903165383521,2026-07-17 10:00:00,0x2e0847e8910a9732eb3fb1bb4b70a580adad4fe3
16,0.645536892248352,225.22194165661665,34,1.6731916168453431,585.5178243831333,7,1.695444717370962,590.7688922538686,11,1.2314505636689492,430.96307406350525,2026-07-17 11:00:00,0x2e0847e8910a9732eb3fb1bb4b70a580adad4fe3
16,3.48851991149951,1214.3356538914832,44,1.6678673524729086,578.3139220958968,24,2.839764793618963,990.1729887146917,20,1.508223442322568,526.9485921126351,2026-07-17 12:00:00,0x2e0847e8910a9732eb3fb1bb4b70a580adad4fe3
15,0.7096247355803282,245.87064682495568,45,1.2549531509366525,435.78567660189793,360,124.34669739877474,43289.811410625836,9,3.142903663116378,1089.512658712181,2026-07-17 13:00:00,0x2e0847e8910a9732eb3fb1bb4b70a580adad4fe3
12,4.61366928868476,1600.3495569997006,67,9.489761201461683,3280.2092247535725,33,2.348889634030312,814.910884509914,25,12.73313016738891,4383.768942527552,2026-07-17 14:00:00,0x2e0847e8910a9732eb3fb1bb4b70a580adad4fe3
32,0.5580287365077492,194.26572009518853,37,1.5420228276957557,535.9901523300723,47,6.070316426388725,2095.110953711585,7,1.695444717370962,590.7688922538686,2026-07-17 15:00:00,0x2e0847e8910a9732eb3fb1bb4b70a580adad4fe3
22,2.567808599507853,888.4494509445319,21,0.7979153610207648,276.180808880908,34,4.515935897150646,1571.4819474502845,24,2.839764793618963,990.1729887146917,2026-07-17 16:00:00,0x2e0847e8910a9732eb3fb1bb4b70a580adad4fe3
118,74.32401926620454,25887.405530671793,29,1.2232651619026165,424.0970067687773,28,2.2111625915597455,767.0704712407756,360,124.34669739877474,43289.811410625836,2026-07-17 17:00:00,0x2e0847e8910a9732eb3fb1bb4b70a580adad4fe3
115,37.86696577501976,13000.277359627991,27,2.8409132797229133,983.5854542450238,18,1.1356543338517697,394.12158997012284,33,2.348889634030312,814.910884509914,2026-07-17 18:00:00,0x2e0847e8910a9732eb3fb1bb4b70a580adad4fe3
26,1.473098765239865,509.0237058595858,20,0.47786322916396945,165.78684158645757,34,1.6731916168453431,585.5178243831333,47,6.070316426388725,2095.110953711585,2026-07-17 19:00:00,0x2e0847e8910a9732eb3fb1bb4b70a580adad4fe3
43,15.554471793108524,5405.136691881945,16,0.5454102123616738,188.826527926988,44,1.6678673524729086,578.3139220958968,34,4.515935897150646,1571.4819474502845,2026-07-17 20:00:00,0x2e0847e8910a9732eb3fb1bb4b70a580adad4fe3
21,0.2840678256550102,99.80753753756578,21,0.9921648839598254,342.7972183634205,45,1.2549531509366525,435.78567660189793,28,2.2111625915597455,767.0704712407756,2026-07-17 21:00:00,0x2e0847e8910a9732eb3fb1bb4b70a580adad4fe3
22,0.30220991991847984,106.0322355642993,9,0.35529631541982093,123.11720985531245,67,9.489761201461683,3280.2092247535725,18,1.1356543338517697,394.12158997012284,2026-07-17 22:00:00,0x2e0847e8910a9732eb3fb1bb4b70a580adad4fe3
21,0.5253795709736716,183.39434002589076,12,1.6182620988158285,559.522164517402,37,1.5420228276957557,535.9901523300723,34,1.6731916168453431,585.5178243831333,2026-07-17 23:00:00,0x2e0847e8910a9732eb3fb1bb4b70a580adad4fe3
54,6.636304908954276,2301.191938852409,17,0.9372967166769818,333.2427444747329,21,0.7979153610207648,276.180808880908,44,1.6678673524729086,578.3139220958968,2026-07-18 00:00:00,0x2e0847e8910a9732eb3fb1bb4b70a580adad4fe3
115,24.716567218706416,8572.17949971173,25,1.230651758601647,427.10249456547615,29,1.2232651619026165,424.0970067687773,45,1.2549531509366525,435.78567660189793,2026-07-18 01:00:00,0x2e0847e8910a9732eb3fb1bb4b70a580adad4fe3
39,3.213418038736663,1112.624355216146,28,0.8984522753564672,314.27878787096967,27,2.8409132797229133,983.5854542450238,67,9.489761201461683,3280.2092247535725,2026-07-18 02:00:00,0x2e0847e8910a9732eb3fb1bb4b70a580adad4fe3
77,10.820899660583095,3733.624488752213,30,14.812542872639705,5167.95005986037,20,0.47786322916396945,165.78684158645757,37,1.5420228276957557,535.9901523300723,2026-07-18 03:00:00,0x2e0847e8910a9732eb3fb1bb4b70a580adad4fe3
21,1.8440039019948704,638.7997730632954,35,1.75461824960688,611.7684050360671,16,0.5454102123616738,188.826527926988,21,0.7979153610207648,276.180808880908,2026-07-18 04:00:00,0x2e0847e8910a9732eb3fb1bb4b70a580adad4fe3
96,36.86535482935275,12808.69657248045,31,0.5704378483640639,201.69206917696798,21,0.9921648839598254,342.7972183634205,29,1.2232651619026165,424.0970067687773,2026-07-18 05:00:00,0x2e0847e8910a9732eb3fb1bb4b70a580adad4fe3
31,2.0123957029521637,696.541334548524,54,2.125596468125668,743.4663601104058,9,0.35529631541982093,123.11720985531245,27,2.8409132797229133,983.5854542450238,2026-07-18 06:00:00,0x2e0847e8910a9732eb3fb1bb4b70a580adad4fe3
28,1.8120485764287309,627.5638065912543,51,0.9432674795341919,329.8971493169315,12,1.6182620988158285,559.522164517402,20,0.47786322916396945,165.78684158645757,2026-07-18 07:00:00,0x2e0847e8910a9732eb3fb1bb4b70a580adad4fe3
17,0.5675601504892097,196.83136728451282,30,0.26143508161853724,94.75114068895738,17,0.9372967166769818,333.2427444747329,16,0.5454102123616738,188.826527926988,2026-07-18 08:00:00,0x2e0847e8910a9732eb3fb1bb4b70a580adad4fe3
13,0.3513038965050623,121.82423145179135,20,0.511504768565086,179.3955215879559,25,1.230651758601647,427.10249456547615,21,0.9921648839598254,342.7972183634205,2026-07-18 09:00:00,0x2e0847e8910a9732eb3fb1bb4b70a580adad4fe3
34,0.5763112478726891,199.42227639153393,27,1.1802213131668027,411.28346981726065,28,0.8984522753564672,314.27878787096967,9,0.35529631541982093,123.11720985531245,2026-07-18 10:00:00,0x2e0847e8910a9732eb3fb1bb4b70a580adad4fe3
33,1.0710077011624488,370.85729381122803,32,0.949184982864915,330.6722507995826,30,14.812542872639705,5167.95005986037,12,1.6182620988158285,559.522164517402,2026-07-18 11:00:00,0x2e0847e8910a9732eb3fb1bb4b70a580adad4fe3
26,0.9387121677406687,330.12201299067897,24,0.358661601980331,124.83538818827047,35,1.75461824960688,611.7684050360671,17,0.9372967166769818,333.2427444747329,2026-07-18 12:00:00,0x2e0847e8910a9732eb3fb1bb4b70a580adad4fe3
27,0.8967507411513843,310.3440557551831,21,0.29809400093228106,103.43045019395105,31,0.5704378483640639,201.69206917696798,25,1.230651758601647,427.10249456547615,2026-07-18 13:00:00,0x2e0847e8910a9732eb3fb1bb4b70a580adad4fe3
23,0.8015234710605014,289.34960334128306,25,1.0665719725145908,369.1511969067953,54,2.125596468125668,743.4663601104058,28,0.8984522753564672,314.27878787096967,2026-07-18 14:00:00,0x2e0847e8910a9732eb3fb1bb4b70a580adad4fe3
32,1.964105952338948,685.9591190056617,17,0.9439078665810344,326.5626376235826,51,0.9432674795341919,329.8971493169315,30,14.812542872639705,5167.95005986037,2026-07-18 15:00:00,0x2e0847e8910a9732eb3fb1bb4b70a580adad4fe3
46,1.0995507854069275,381.8932997405443,13,0.4908819180351129,169.7526678857261,30,0.26143508161853724,94.75114068895738,35,1.75461824960688,611.7684050360671,2026-07-18 16:00:00,0x2e0847e8910a9732eb3fb1bb4b70a580adad4fe3
35,0.4133303433445082,145.14962394458144,25,0.9858931467279659,342.2520079665486,20,0.511504768565086,179.3955215879559,31,0.5704378483640639,201.69206917696798,2026-07-18 17:00:00,0x2e0847e8910a9732eb3fb1bb4b70a580adad4fe3
46,3.00128694262521,1048.7749333468812,21,0.5220281454713573,181.60747510833832,27,1.1802213131668027,411.28346981726065,54,2.125596468125668,743.4663601104058,2026-07-18 18:00:00,0x2e0847e8910a9732eb3fb1bb4b70a580adad4fe3
22,1.2885343300057903,449.74352571259556,17,0.4532233364198436,157.17252214874532,32,0.949184982864915,330.6722507995826,51,0.9432674795341919,329.8971493169315,2026-07-18 19:00:00,0x2e0847e8910a9732eb3fb1bb4b70a580adad4fe3
21,0.454442210695399,158.51621728132358,26,2.7192468760701387,945.8246588984185,24,0.358661601980331,124.83538818827047,30,0.26143508161853724,94.75114068895738,2026-07-18 20:00:00,0x2e0847e8910a9732eb3fb1bb4b70a580adad4fe3
26,0.5402950679308312,188.0526776896132,16,0.1444638220991314,50.62257560858248,21,0.29809400093228106,103.43045019395105,20,0.511504768565086,179.3955215879559,2026-07-18 21:00:00,0x2e0847e8910a9732eb3fb1bb4b70a580adad4fe3
23,1.4643393908142142,508.6772573459223,11,0.4426820715355649,154.61940162218156,25,1.0665719725145908,369.1511969067953,27,1.1802213131668027,411.28346981726065,2026-07-18 22:00:00,0x2e0847e8910a9732eb3fb1bb4b70a580adad4fe3
33,0.7368059957599108,255.33224774191405,28,0.7172868570981791,248.32771052563365,17,0.9439078665810344,326.5626376235826,32,0.949184982864915,330.6722507995826,2026-07-18 23:00:00,0x2e0847e8910a9732eb3fb1bb4b70a580adad4fe3
36,0.631986061068708,218.8549619750431,18,1.5620024376064752,540.8898517091511,13,0.4908819180351129,169.7526678857261,24,0.358661601980331,124.83538818827047,2026-07-19 00:00:00,0x2e0847e8910a9732eb3fb1bb4b70a580adad4fe3
17,0.39590884417090527,137.2264780306361,24,1.1104332359688718,384.97822169920215,25,0.9858931467279659,342.2520079665486,21,0.29809400093228106,103.43045019395105,2026-07-19 01:00:00,0x2e0847e8910a9732eb3fb1bb4b70a580adad4fe3
23,2.292557106334928,792.9572148048247,17,0.20964502888918737,72.75274701086569,21,0.5220281454713573,181.60747510833832,25,1.0665719725145908,369.1511969067953,2026-07-19 02:00:00,0x2e0847e8910a9732eb3fb1bb4b70a580adad4fe3
15,0.44269689310324234,153.30200451015705,17,0.49960273054339427,173.67935497518388,17,0.4532233364198436,157.17252214874532,17,0.9439078665810344,326.5626376235826,2026-07-19 03:00:00,0x2e0847e8910a9732eb3fb1bb4b70a580adad4fe3
26,0.46288516222910353,160.4400605628071,21,2.4860797594109623,859.2250599446586,26,2.7192468760701387,945.8246588984185,13,0.4908819180351129,169.7526678857261,2026-07-19 04:00:00,0x2e0847e8910a9732eb3fb1bb4b70a580adad4fe3
22,0.28884667199544334,99.99163951406845,20,0.7435231006940656,257.4499901474989,16,0.1444638220991314,50.62257560858248,25,0.9858931467279659,342.2520079665486,2026-07-19 05:00:00,0x2e0847e8910a9732eb3fb1bb4b70a580adad4fe3
13,0.49830671809017174,174.10229853137912,22,1.3505076907057738,469.57550720031173,11,0.4426820715355649,154.61940162218156,21,0.5220281454713573,181.60747510833832,2026-07-19 06:00:00,0x2e0847e8910a9732eb3fb1bb4b70a580adad4fe3
12,0.13903021387139883,48.25928758880487,16,0.4260430260327872,147.75260984783398,28,0.7172868570981791,248.32771052563365,17,0.4532233364198436,157.17252214874532,2026-07-19 07:00:00,0x2e0847e8910a9732eb3fb1bb4b70a580adad4fe3
29,1.2394990502907355,430.4345356573954,16,0.5071516547697367,176.82172605849698,18,1.5620024376064752,540.8898517091511,26,2.7192468760701387,945.8246588984185,2026-07-19 08:00:00,0x2e0847e8910a9732eb3fb1bb4b70a580adad4fe3
20,1.3497473648808023,467.39147499022147,12,0.43224501221936534,150.9116635057086,24,1.1104332359688718,384.97822169920215,16,0.1444638220991314,50.62257560858248,2026-07-19 09:00:00,0x2e0847e8910a9732eb3fb1bb4b70a580adad4fe3
18,0.18578989572779575,64.89707991352032,9,0.8594423523801447,317.73547528263356,17,0.20964502888918737,72.75274701086569,11,0.4426820715355649,154.61940162218156,2026-07-19 10:00:00,0x2e0847e8910a9732eb3fb1bb4b70a580adad4fe3
14,1.623988953490677,568.7385451415695,7,1.0457607264996744,364.9768218791695,17,0.49960273054339427,173.67935497518388,28,0.7172868570981791,248.32771052563365,2026-07-19 11:00:00,0x2e0847e8910a9732eb3fb1bb4b70a580adad4fe3
14,1.6268588075726724,561.8840265801606,10,0.77112127243139,268.1350040562232,21,2.4860797594109623,859.2250599446586,18,1.5620024376064752,540.8898517091511,2026-07-19 12:00:00,0x2e0847e8910a9732eb3fb1bb4b70a580adad4fe3
16,1.3088055059037476,453.20192418494867,9,0.6792750637854134,236.02352450924406,20,0.7435231006940656,257.4499901474989,24,1.1104332359688718,384.97822169920215,2026-07-19 13:00:00,0x2e0847e8910a9732eb3fb1bb4b70a580adad4fe3
10,0.4475955879882239,155.2317943442019,8,0.35810181403960367,124.69827109712399,22,1.3505076907057738,469.57550720031173,17,0.20964502888918737,72.75274701086569,2026-07-19 14:00:00,0x2e0847e8910a9732eb3fb1bb4b70a580adad4fe3
23,0.45423365370829616,158.09353898893517,7,0.7930735234715256,276.38356270294634,16,0.4260430260327872,147.75260984783398,17,0.49960273054339427,173.67935497518388,2026-07-19 15:00:00,0x2e0847e8910a9732eb3fb1bb4b70a580adad4fe3
22,1.324379815972921,459.5671948821889,10,0.22410116104889982,78.03333059032444,16,0.5071516547697367,176.82172605849698,21,2.4860797594109623,859.2250599446586,2026-07-19 16:00:00,0x2e0847e8910a9732eb3fb1bb4b70a580adad4fe3
24,0.5221160530585395,181.5172192218775,15,0.543628288679994,188.40862014340502,12,0.43224501221936534,150.9116635057086,20,0.7435231006940656,257.4499901474989,2026-07-19 17:00:00,0x2e0847e8910a9732eb3fb1bb4b70a580adad4fe3
82,15.258616653274638,5315.426483078885,8,0.5549253926199446,192.12997618800446,9,0.8594423523801447,317.73547528263356,22,1.3505076907057738,469.57550720031173,2026-07-19 18:00:00,0x2e0847e8910a9732eb3fb1bb4b70a580adad4fe3
13,0.1568465267187864,55.90405975042144,11,0.6346976485082187,219.80636323792203,7,1.0457607264996744,364.9768218791695,16,0.4260430260327872,147.75260984783398,2026-07-19 19:00:00,0x2e0847e8910a9732eb3fb1bb4b70a580adad4fe3
22,1.1845846474134316,411.2593059084944,17,1.150268252577057,400.2197551618049,10,0.77112127243139,268.1350040562232,16,0.5071516547697367,176.82172605849698,2026-07-19 20:00:00,0x2e0847e8910a9732eb3fb1bb4b70a580adad4fe3
17,0.6171592743003732,214.2693269031144,14,0.42419164935495407,147.6439298794592,9,0.6792750637854134,236.02352450924406,12,0.43224501221936534,150.9116635057086,2026-07-19 21:00:00,0x2e0847e8910a9732eb3fb1bb4b70a580adad4fe3
18,1.3205602431104055,459.36972546410567,13,0.10591733174773639,37.756631212732735,8,0.35810181403960367,124.69827109712399,9,0.8594423523801447,317.73547528263356,2026-07-19 22:00:00,0x2e0847e8910a9732eb3fb1bb4b70a580adad4fe3
11,0.6493462843848187,226.48484601615948,8,0.2000162731272707,69.56662383923059,7,0.7930735234715256,276.38356270294634,7,1.0457607264996744,364.9768218791695,2026-07-19 23:00:00,0x2e0847e8910a9732eb3fb1bb4b70a580adad4fe3
10,0.11509739540636808,39.914674493451976,10,0.9104964237896291,317.43803545638934,10,0.22410116104889982,78.03333059032444,10,0.77112127243139,268.1350040562232,2026-07-20 00:00:00,0x2e0847e8910a9732eb3fb1bb4b70a580adad4fe3
16,0.8139066610257664,283.2148842504397,15,0.47807773886586025,165.71417159280284,15,0.543628288679994,188.40862014340502,9,0.6792750637854134,236.02352450924406,2026-07-20 01:00:00,0x2e0847e8910a9732eb3fb1bb4b70a580adad4fe3
7,0.25248513126082794,88.00413858129927,46,22.868882853987948,8128.607660506312,8,0.5549253926199446,192.12997618800446,8,0.35810181403960367,124.69827109712399,2026-07-20 02:00:00,0x2e0847e8910a9732eb3fb1bb4b70a580adad4fe3
7,0.266186739384438,92.88203491189934,20,2.6390153289594207,943.535483331524,11,0.6346976485082187,219.80636323792203,7,0.7930735234715256,276.38356270294634,2026-07-20 03:00:00,0x2e0847e8910a9732eb3fb1bb4b70a580adad4fe3
10,0.06154968540457282,21.345625152210882,11,0.20993994920144882,74.996095556811,17,1.150268252577057,400.2197551618049,10,0.22410116104889982,78.03333059032444,2026-07-20 04:00:00,0x2e0847e8910a9732eb3fb1bb4b70a580adad4fe3
22,10.774391108088446,3728.220395093178,33,2.043150318260578,725.9306281917403,14,0.42419164935495407,147.6439298794592,15,0.543628288679994,188.40862014340502,2026-07-20 05:00:00,0x2e0847e8910a9732eb3fb1bb4b70a580adad4fe3
28,0.8478122597106654,294.8456637042512,92,11.634342042545281,4160.741422497582,13,0.10591733174773639,37.756631212732735,8,0.5549253926199446,192.12997618800446,2026-07-20 06:00:00,0x2e0847e8910a9732eb3fb1bb4b70a580adad4fe3
30,1.6741929124102768,581.5367574951001,279,105.43945447156516,37155.7815820438,8,0.2000162731272707,69.56662383923059,11,0.6346976485082187,219.80636323792203,2026-07-20 07:00:00,0x2e0847e8910a9732eb3fb1bb4b70a580adad4fe3
6,0.08806790088402608,30.54509189357052,30,3.9801998565864825,1401.6188748672012,10,0.9104964237896291,317.43803545638934,17,1.150268252577057,400.2197551618049,2026-07-20 08:00:00,0x2e0847e8910a9732eb3fb1bb4b70a580adad4fe3
17,0.26316634581621795,113.3893119258513,21,0.3181366632964863,119.95624895882776,15,0.47807773886586025,165.71417159280284,14,0.42419164935495407,147.6439298794592,2026-07-20 09:00:00,0x2e0847e8910a9732eb3fb1bb4b70a580adad4fe3
9,0.5146549766234001,179.03511876231602,24,1.3485619284063852,474.725401791077,46,22.868882853987948,8128.607660506312,13,0.10591733174773639,37.756631212732735,2026-07-20 10:00:00,0x2e0847e8910a9732eb3fb1bb4b70a580adad4fe3
8,0.18418756832730596,63.80288007284265,18,2.485303463310961,876.6559505412475,20,2.6390153289594207,943.535483331524,8,0.2000162731272707,69.56662383923059,2026-07-20 11:00:00,0x2e0847e8910a9732eb3fb1bb4b70a580adad4fe3
7,0.8298671386800899,288.77412298112114,38,2.5018564001032084,881.1063477325871,11,0.20993994920144882,74.996095556811,10,0.9104964237896291,317.43803545638934,2026-07-20 12:00:00,0x2e0847e8910a9732eb3fb1bb4b70a580adad4fe3
32,9.21393513393628,3225.0315081423782,12,1.8275589074710192,645.5902126648498,33,2.043150318260578,725.9306281917403,15,0.47807773886586025,165.71417159280284,2026-07-20 13:00:00,0x2e0847e8910a9732eb3fb1bb4b70a580adad4fe3
23,3.171066726797502,1137.1308917921463,20,0.9499540599754541,335.85551369363003,92,11.634342042545281,4160.741422497582,46,22.868882853987948,8128.607660506312,2026-07-20 14:00:00,0x2e0847e8910a9732eb3fb1bb4b70a580adad4fe3
16,0.338427183128869,120.94915026114748,15,0.6627452363689972,234.82148015053465,279,105.43945447156516,37155.7815820438,20,2.6390153289594207,943.535483331524,2026-07-20 15:00:00,0x2e0847e8910a9732eb3fb1bb4b70a580adad4fe3
23,3.2253781710064686,1148.2560782593016,23,1.9536673009697823,690.0143964622395,30,3.9801998565864825,1401.6188748672012,11,0.20993994920144882,74.996095556811,2026-07-20 16:00:00,0x2e0847e8910a9732eb3fb1bb4b70a580adad4fe3
38,6.013891836193499,2126.580348356904,8,0.06036333043456368,21.31840107275576,21,0.3181366632964863,119.95624895882776,33,2.043150318260578,725.9306281917403,2026-07-20 17:00:00,0x2e0847e8910a9732eb3fb1bb4b70a580adad4fe3
53,10.50462567351535,3715.110521610877,8,0.4146846698989995,146.89377406356166,24,1.3485619284063852,474.725401791077,92,11.634342042545281,4160.741422497582,2026-07-20 18:00:00,0x2e0847e8910a9732eb3fb1bb4b70a580adad4fe3
37,14.204754384423735,4982.083338596358,15,0.388651461312397,138.2253060318075,18,2.485303463310961,876.6559505412475,279,105.43945447156516,37155.7815820438,2026-07-20 19:00:00,0x2e0847e8910a9732eb3fb1bb4b70a580adad4fe3
24,1.1026368178582646,386.5783120349504,6,0.08621718199489714,30.909035837308775,38,2.5018564001032084,881.1063477325871,30,3.9801998565864825,1401.6188748672012,2026-07-20 20:00:00,0x2e0847e8910a9732eb3fb1bb4b70a580adad4fe3
26,2.772257277458271,984.8579559262005,21,2.5516283235297967,907.7887497298269,12,1.8275589074710192,645.5902126648498,21,0.3181366632964863,119.95624895882776,2026-07-20 21:00:00,0x2e0847e8910a9732eb3fb1bb4b70a580adad4fe3
41,2.749188057098014,964.7654381265563,11,0.21412139124212143,76.20485333472334,20,0.9499540599754541,335.85551369363003,24,1.3485619284063852,474.725401791077,2026-07-20 22:00:00,0x2e0847e8910a9732eb3fb1bb4b70a580adad4fe3
30,3.5972442677036556,1265.9706527079522,23,0.9897599057304707,351.8717103151017,15,0.6627452363689972,234.82148015053465,18,2.485303463310961,876.6559505412475,2026-07-20 23:00:00,0x2e0847e8910a9732eb3fb1bb4b70a580adad4fe3
12,0.5327895683607078,187.57700699131695,17,3.2491456821564104,1148.0423398275739,23,1.9536673009697823,690.0143964622395,38,2.5018564001032084,881.1063477325871,2026-07-21 00:00:00,0x2e0847e8910a9732eb3fb1bb4b70a580adad4fe3
17,1.6208662607031679,573.6772888870241,52,10.55052687918954,3714.319733460363,8,0.06036333043456368,21.31840107275576,12,1.8275589074710192,645.5902126648498,2026-07-21 01:00:00,0x2e0847e8910a9732eb3fb1bb4b70a580adad4fe3
11,0.15368493507677392,54.112710957203,48,12.820997900519734,4484.488046986972,8,0.4146846698989995,146.89377406356166,20,0.9499540599754541,335.85551369363003,2026-07-21 02:00:00,0x2e0847e8910a9732eb3fb1bb4b70a580adad4fe3
7,0.06393561182599443,22.581863965122555,12,1.248251303847699,435.4181952650042,15,0.388651461312397,138.2253060318075,15,0.6627452363689972,234.82148015053465,2026-07-21 03:00:00,0x2e0847e8910a9732eb3fb1bb4b70a580adad4fe3
6,1.488570331914986,528.7699151335651,46,23.31347979318666,8169.578784316253,6,0.08621718199489714,30.909035837308775,23,1.9536673009697823,690.0143964622395,2026-07-21 04:00:00,0x2e0847e8910a9732eb3fb1bb4b70a580adad4fe3
29,4.249702046151203,1506.3487572309061,28,11.236736629601575,3945.7176514442453,21,2.5516283235297967,907.7887497298269,8,0.06036333043456368,21.31840107275576,2026-07-21 05:00:00,0x2e0847e8910a9732eb3fb1bb4b70a580adad4fe3
11,3.9815617046159595,1417.2112261340449,23,4.034510094043847,1407.1282813697567,11,0.21412139124212143,76.20485333472334,8,0.4146846698989995,146.89377406356166,2026-07-21 06:00:00,0x2e0847e8910a9732eb3fb1bb4b70a580adad4fe3
7,0.07562238347819081,26.884290057529,77,36.78725706574849,12893.561801341953,23,0.9897599057304707,351.8717103151017,15,0.388651461312397,138.2253060318075,2026-07-21 07:00:00,0x2e0847e8910a9732eb3fb1bb4b70a580adad4fe3
15,10.864360035210836,3883.473298675962,24,8.310236108616644,2890.5299746186306,17,3.2491456821564104,1148.0423398275739,6,0.08621718199489714,30.909035837308775,2026-07-21 08:00:00,0x2e0847e8910a9732eb3fb1bb4b70a580adad4fe3
15,0.29999248716396093,106.80712922023754,26,1.0057973217692981,351.2324326213233,52,10.55052687918954,3714.319733460363,21,2.5516283235297967,907.7887497298269,2026-07-21 09:00:00,0x2e0847e8910a9732eb3fb1bb4b70a580adad4fe3
22,5.536675487771901,1965.4719420381891,17,7.752667744962219,2715.2665941996324,48,12.820997900519734,4484.488046986972,11,0.21412139124212143,76.20485333472334,2026-07-21 10:00:00,0x2e0847e8910a9732eb3fb1bb4b70a580adad4fe3
10,0.49384833708884457,174.73016411892775,9,0.295063403183384,103.178706093309,12,1.248251303847699,435.4181952650042,23,0.9897599057304707,351.8717103151017,2026-07-21 11:00:00,0x2e0847e8910a9732eb3fb1bb4b70a580adad4fe3
37,5.593296157820766,1970.6575347222445,14,0.7386551731346179,257.28468736812147,46,23.31347979318666,8169.578784316253,17,3.2491456821564104,1148.0423398275739,2026-07-21 12:00:00,0x2e0847e8910a9732eb3fb1bb4b70a580adad4fe3
5,0.04212787869143871,14.792953788839002,24,4.792194543934326,1667.6117650816614,28,11.236736629601575,3945.7176514442453,52,10.55052687918954,3714.319733460363,2026-07-21 13:00:00,0x2e0847e8910a9732eb3fb1bb4b70a580adad4fe3
21,1.1800301836229143,412.1482122791885,6,0.8742992398304776,304.9218818411741,23,4.034510094043847,1407.1282813697567,48,12.820997900519734,4484.488046986972,2026-07-21 14:00:00,0x2e0847e8910a9732eb3fb1bb4b70a580adad4fe3
26,0.3593475426979378,125.40930745994586,18,7.035812964050382,2457.086857087465,77,36.78725706574849,12893.561801341953,12,1.248251303847699,435.4181952650042,2026-07-21 15:00:00,0x2e0847e8910a9732eb3fb1bb4b70a580adad4fe3
19,9.796391755365788,3439.407964029427,8,0.7146329641086071,251.3806864436669,24,8.310236108616644,2890.5299746186306,46,23.31347979318666,8169.578784316253,2026-07-21 16:00:00,0x2e0847e8910a9732eb3fb1bb4b70a580adad4fe3
18,3.357309394347413,1177.6721390995908,11,0.21038113511516313,73.69457436548767,26,1.0057973217692981,351.2324326213233,28,11.236736629601575,3945.7176514442453,2026-07-21 17:00:00,0x2e0847e8910a9732eb3fb1bb4b70a580adad4fe3
20,4.717754179119617,1642.5769827012332,8,0.011823687128566034,4.109594574026739,17,7.752667744962219,2715.2665941996324,23,4.034510094043847,1407.1282813697567,2026-07-21 18:00:00,0x2e0847e8910a9732eb3fb1bb4b70a580adad4fe3
27,6.264926698654785,2186.8732722406144,8,7.022990122644247,2455.947650830233,9,0.295063403183384,103.178706093309,77,36.78725706574849,12893.561801341953,2026-07-21 19:00:00,0x2e0847e8910a9732eb3fb1bb4b70a580adad4fe3
13,2.2146573003594483,771.4872322373317,17,0.2167354686691756,75.35802532167199,14,0.7386551731346179,257.28468736812147,24,8.310236108616644,2890.5299746186306,2026-07-21 20:00:00,0x2e0847e8910a9732eb3fb1bb4b70a580adad4fe3
15,4.801438720584222,1675.9460900935853,22,1.481600910293546,519.1294354548999,24,4.792194543934326,1667.6117650816614,26,1.0057973217692981,351.2324326213233,2026-07-21 21:00:00,0x2e0847e8910a9732eb3fb1bb4b70a580adad4fe3
12,1.5881693803743944,558.5947528103118,7,0.06200254520341528,21.779553904971483,6,0.8742992398304776,304.9218818411741,17,7.752667744962219,2715.2665941996324,2026-07-21 22:00:00,0x2e0847e8910a9732eb3fb1bb4b70a580adad4fe3
23,1.7731259653917457,620.8725585572292,21,2.2226764088168487,774.5983908930242,18,7.035812964050382,2457.086857087465,9,0.295063403183384,103.178706093309,2026-07-21 23:00:00,0x2e0847e8910a9732eb3fb1bb4b70a580adad4fe3
41,0.757314951782608,311.27394028071365,17,1.7748318117880593,701.8709927202183,18,1.0147112162408987,416.0781318310863,16,0.6812079553727184,272.04538321842557,2026-07-15 00:00:00,0x322f0929c4625ed5bad873c95208d54e1c003b2d
18,0.7469491322899354,305.12205886954666,35,4.161452226886414,1652.133542105799,23,1.603983155468217,646.4624920301667,48,0.7715286075665863,319.65315976978565,2026-07-15 01:00:00,0x322f0929c4625ed5bad873c95208d54e1c003b2d
17,0.46217754823160817,189.31084043356176,49,8.141735259759505,3283.573634407818,20,0.7043634894914126,279.2030707788475,26,1.652391656570608,666.1666108071025,2026-07-15 02:00:00,0x322f0929c4625ed5bad873c95208d54e1c003b2d
13,0.5848409475394463,233.70581441742806,12,1.5993523977870727,634.32068504604,23,1.9777543574232153,799.436360764649,21,1.0313190092175109,433.79177190414924,2026-07-15 03:00:00,0x322f0929c4625ed5bad873c95208d54e1c003b2d
7,0.18391307588333677,72.96859381194159,30,1.7162423985672552,709.5149503212674,6,0.19378135301724328,76.54119435563373,18,1.0147112162408987,416.0781318310863,2026-07-15 04:00:00,0x322f0929c4625ed5bad873c95208d54e1c003b2d
4,0.0785849324209209,31.121458915963593,14,1.5481868961742815,609.2146999482287,6,0.05242138538612513,20.757246940401664,23,1.603983155468217,646.4624920301667,2026-07-15 05:00:00,0x322f0929c4625ed5bad873c95208d54e1c003b2d
12,4.221544586591585,1683.203709707078,20,1.7137080344291034,682.1056499782317,8,0.10320675545441704,40.96285934942376,20,0.7043634894914126,279.2030707788475,2026-07-15 06:00:00,0x322f0929c4625ed5bad873c95208d54e1c003b2d
10,0.8222383597108534,325.8864798782232,17,1.7931433423633103,712.9870884518893,20,0.7034563290990817,277.3963316039695,23,1.9777543574232153,799.436360764649,2026-07-15 07:00:00,0x322f0929c4625ed5bad873c95208d54e1c003b2d
22,2.224005072230008,881.6437721775193,20,0.9637521436856041,394.12360080652326,17,1.7748318117880593,701.8709927202183,6,0.19378135301724328,76.54119435563373,2026-07-15 08:00:00,0x322f0929c4625ed5bad873c95208d54e1c003b2d
7,0.10707229872584817,42.07904479787434,3,0.04273551588028573,18.602035172820486,35,4.161452226886414,1652.133542105799,6,0.05242138538612513,20.757246940401664,2026-07-15 09:00:00,0x322f0929c4625ed5bad873c95208d54e1c003b2d
10,0.5128984077483564,203.9942508723997,8,0.574443221507274,234.94718712241286,49,8.141735259759505,3283.573634407818,8,0.10320675545441704,40.96285934942376,2026-07-15 10:00:00,0x322f0929c4625ed5bad873c95208d54e1c003b2d
6,5.9247529807241746,2332.1738672502065,7,0.39260852391893897,154.91299925897385,12,1.5993523977870727,634.32068504604,20,0.7034563290990817,277.3963316039695,2026-07-15 11:00:00,0x322f0929c4625ed5bad873c95208d54e1c003b2d
5,0.16649279631944758,66.28746095487953,11,0.11087844630666917,45.1829275461424,30,1.7162423985672552,709.5149503212674,17,1.7748318117880593,701.8709927202183,2026-07-15 12:00:00,0x322f0929c4625ed5bad873c95208d54e1c003b2d
8,2.2207149387454406,882.7943585084652,10,0.16894471882404483,69.18171750959534,14,1.5481868961742815,609.2146999482287,35,4.161452226886414,1652.133542105799,2026-07-15 13:00:00,0x322f0929c4625ed5bad873c95208d54e1c003b2d
35,6.711915833210055,2702.397784839047,7,0.13435702530067847,55.64895841398861,20,1.7137080344291034,682.1056499782317,49,8.141735259759505,3283.573634407818,2026-07-15 14:00:00,0x322f0929c4625ed5bad873c95208d54e1c003b2d
6,0.5287643101569287,208.89402222753966,12,0.06844456330167115,28.43334218093179,17,1.7931433423633103,712.9870884518893,12,1.5993523977870727,634.32068504604,2026-07-15 15:00:00,0x322f0929c4625ed5bad873c95208d54e1c003b2d
19,2.1004626504170614,830.0230516975673,17,1.209193604742944,483.2435836828226,20,0.9637521436856041,394.12360080652326,30,1.7162423985672552,709.5149503212674,2026-07-15 16:00:00,0x322f0929c4625ed5bad873c95208d54e1c003b2d
22,2.6765177714409067,1056.5355778831101,15,0.6157999156213873,249.87384625688108,3,0.04273551588028573,18.602035172820486,14,1.5481868961742815,609.2146999482287,2026-07-15 17:00:00,0x322f0929c4625ed5bad873c95208d54e1c003b2d
13,0.23399207189767884,93.1843118840568,9,0.11137078921642238,48.49630964032573,8,0.574443221507274,234.94718712241286,20,1.7137080344291034,682.1056499782317,2026-07-15 18:00:00,0x322f0929c4625ed5bad873c95208d54e1c003b2d
7,2.3284512525984455,918.1825125932725,17,0.10918586884152964,46.770337310962674,7,0.39260852391893897,154.91299925897385,17,1.7931433423633103,712.9870884518893,2026-07-15 19:00:00,0x322f0929c4625ed5bad873c95208d54e1c003b2d
14,0.22495420379768463,91.94420859993764,15,0.9641424827070324,373.9858692344899,11,0.11087844630666917,45.1829275461424,20,0.9637521436856041,394.12360080652326,2026-07-15 20:00:00,0x322f0929c4625ed5bad873c95208d54e1c003b2d
6,0.04348710483168475,18.53614600086017,9,0.30732558703886925,121.78538723502206,10,0.16894471882404483,69.18171750959534,3,0.04273551588028573,18.602035172820486,2026-07-15 21:00:00,0x322f0929c4625ed5bad873c95208d54e1c003b2d
11,0.6847377264394053,271.39703777881465,14,0.09821548104948717,39.81634456844027,7,0.13435702530067847,55.64895841398861,8,0.574443221507274,234.94718712241286,2026-07-15 22:00:00,0x322f0929c4625ed5bad873c95208d54e1c003b2d
8,0.5495902674305257,219.19111571161878,9,0.16471739052769585,66.23361013236318,12,0.06844456330167115,28.43334218093179,7,0.39260852391893897,154.91299925897385,2026-07-15 23:00:00,0x322f0929c4625ed5bad873c95208d54e1c003b2d
7,0.1531690632097156,62.742663281718656,17,0.6783954086673252,261.6989703173599,17,1.209193604742944,483.2435836828226,11,0.11087844630666917,45.1829275461424,2026-07-16 00:00:00,0x322f0929c4625ed5bad873c95208d54e1c003b2d
21,1.3572803637565354,540.0633545079246,15,0.2314460096679293,91.38370706420206,15,0.6157999156213873,249.87384625688108,10,0.16894471882404483,69.18171750959534,2026-07-16 01:00:00,0x322f0929c4625ed5bad873c95208d54e1c003b2d
11,0.08897152593946307,37.33168812499386,23,3.6406659522119544,1416.0554146179545,9,0.11137078921642238,48.49630964032573,7,0.13435702530067847,55.64895841398861,2026-07-16 02:00:00,0x322f0929c4625ed5bad873c95208d54e1c003b2d
10,1.2863875823907043,509.706402798817,12,0.615056566332324,243.17469751437406,17,0.10918586884152964,46.770337310962674,12,0.06844456330167115,28.43334218093179,2026-07-16 03:00:00,0x322f0929c4625ed5bad873c95208d54e1c003b2d
10,0.22035851648922716,92.62883373495423,11,0.06311238771648144,25.29440973273865,15,0.9641424827070324,373.9858692344899,17,1.209193604742944,483.2435836828226,2026-07-16 04:00:00,0x322f0929c4625ed5bad873c95208d54e1c003b2d
15,0.23042996239114888,94.29913290399304,16,0.4089231289557634,149.3375446272873,9,0.30732558703886925,121.78538723502206,15,0.6157999156213873,249.87384625688108,2026-07-16 05:00:00,0x322f0929c4625ed5bad873c95208d54e1c003b2d
25,0.3278575570255187,134.07139710027715,16,0.40883791270321096,158.83717589387376,14,0.09821548104948717,39.81634456844027,9,0.11137078921642238,48.49630964032573,2026-07-16 06:00:00,0x322f0929c4625ed5bad873c95208d54e1c003b2d
11,0.16062862544215134,66.33842335702545,17,1.6493274405264948,642.6533695900545,9,0.16471739052769585,66.23361013236318,17,0.10918586884152964,46.770337310962674,2026-07-16 07:00:00,0x322f0929c4625ed5bad873c95208d54e1c003b2d
15,0.9799239909442933,388.01253917684426,10,0.36111913596950107,141.94594767650239,17,0.6783954086673252,261.6989703173599,15,0.9641424827070324,373.9858692344899,2026-07-16 08:00:00,0x322f0929c4625ed5bad873c95208d54e1c003b2d
8,0.058874327063120555,24.609524722717907,12,0.09497981698448874,37.83425802480347,15,0.2314460096679293,91.38370706420206,9,0.30732558703886925,121.78538723502206,2026-07-16 09:00:00,0x322f0929c4625ed5bad873c95208d54e1c003b2d
9,0.13413856157230825,53.50974829953217,38,8.490110192685872,3547.5393459650636,23,3.6406659522119544,1416.0554146179545,14,0.09821548104948717,39.81634456844027,2026-07-16 10:00:00,0x322f0929c4625ed5bad873c95208d54e1c003b2d
16,0.9880238829165027,389.89858655978827,36,6.308554951473483,2488.052057589369,12,0.615056566332324,243.17469751437406,9,0.16471739052769585,66.23361013236318,2026-07-16 11:00:00,0x322f0929c4625ed5bad873c95208d54e1c003b2d
9,0.7868992119967575,308.7488697701692,30,9.668942991918033,3760.6637142606237,11,0.06311238771648144,25.29440973273865,17,0.6783954086673252,261.6989703173599,2026-07-16 12:00:00,0x322f0929c4625ed5bad873c95208d54e1c003b2d
13,0.10964857115736296,43.47758573284381,26,0.9498428228352417,387.8522280727835,16,0.4089231289557634,149.3375446272873,15,0.2314460096679293,91.38370706420206,2026-07-16 13:00:00,0x322f0929c4625ed5bad873c95208d54e1c003b2d
32,4.4661236853729145,1748.8652374816438,36,0.4913915205058142,192.6130108220723,16,0.40883791270321096,158.83717589387376,23,3.6406659522119544,1416.0554146179545,2026-07-16 14:00:00,0x322f0929c4625ed5bad873c95208d54e1c003b2d
13,0.14611868136178335,58.015161314471406,21,0.7978997927885686,309.0606819491986,17,1.6493274405264948,642.6533695900545,12,0.615056566332324,243.17469751437406,2026-07-16 15:00:00,0x322f0929c4625ed5bad873c95208d54e1c003b2d
24,3.1006626920269245,1212.2100015654455,11,0.11070575082929107,44.21246418190545,10,0.36111913596950107,141.94594767650239,11,0.06311238771648144,25.29440973273865,2026-07-16 16:00:00,0x322f0929c4625ed5bad873c95208d54e1c003b2d
11,0.5262838323926075,212.38195528701698,6,0.2894003438323156,112.38346314568219,12,0.09497981698448874,37.83425802480347,16,0.4089231289557634,149.3375446272873,2026-07-16 17:00:00,0x322f0929c4625ed5bad873c95208d54e1c003b2d
28,4.908232163195655,1927.9485810327105,20,0.17765204390702383,68.9503576252776,38,8.490110192685872,3547.5393459650636,16,0.40883791270321096,158.83717589387376,2026-07-16 18:00:00,0x322f0929c4625ed5bad873c95208d54e1c003b2d
9,0.36231789241077,142.68665735141923,9,0.13963282805656302,53.89669262631089,36,6.308554951473483,2488.052057589369,17,1.6493274405264948,642.6533695900545,2026-07-16 19:00:00,0x322f0929c4625ed5bad873c95208d54e1c003b2d
5,0.009296026968718264,3.9712033275451315,8,0.09545005607420454,36.78709842798348,30,9.668942991918033,3760.6637142606237,10,0.36111913596950107,141.94594767650239,2026-07-16 20:00:00,0x322f0929c4625ed5bad873c95208d54e1c003b2d
7,0.018236620325126112,7.5411645617600955,9,0.6548596355599372,251.04014362130258,26,0.9498428228352417,387.8522280727835,12,0.09497981698448874,37.83425802480347,2026-07-16 21:00:00,0x322f0929c4625ed5bad873c95208d54e1c003b2d
30,2.3293427623922818,914.4025014063889,14,0.5827008634326557,227.75448281196216,36,0.4913915205058142,192.6130108220723,38,8.490110192685872,3547.5393459650636,2026-07-16 22:00:00,0x322f0929c4625ed5bad873c95208d54e1c003b2d
20,1.0012634255597699,393.7320150165925,3,0.01805059311664651,6.955271222418187,21,0.7978997927885686,309.0606819491986,36,6.308554951473483,2488.052057589369,2026-07-16 23:00:00,0x322f0929c4625ed5bad873c95208d54e1c003b2d
17,1.7903103082934784,707.4948143100003,6,0.26380169815593146,101.2781382412156,11,0.11070575082929107,44.21246418190545,30,9.668942991918033,3760.6637142606237,2026-07-17 00:00:00,0x322f0929c4625ed5bad873c95208d54e1c003b2d
44,1.7653599386591985,688.8898871202246,5,0.09141923029869398,35.01127081870908,6,0.2894003438323156,112.38346314568219,26,0.9498428228352417,387.8522280727835,2026-07-17 01:00:00,0x322f0929c4625ed5bad873c95208d54e1c003b2d
20,4.3388129296541065,1663.0567952974754,35,4.816370339384053,1832.5802097994197,20,0.17765204390702383,68.9503576252776,36,0.4913915205058142,192.6130108220723,2026-07-17 02:00:00,0x322f0929c4625ed5bad873c95208d54e1c003b2d
36,1.9425150826436453,754.6486259989344,18,1.2402777677284893,471.87936556745024,9,0.13963282805656302,53.89669262631089,21,0.7978997927885686,309.0606819491986,2026-07-17 03:00:00,0x322f0929c4625ed5bad873c95208d54e1c003b2d
20,0.7218171417695886,280.6026493135055,31,1.3288156804495366,509.1565710119238,8,0.09545005607420454,36.78709842798348,11,0.11070575082929107,44.21246418190545,2026-07-17 04:00:00,0x322f0929c4625ed5bad873c95208d54e1c003b2d
13,1.3111425901659974,504.7009185344805,22,3.093929861385481,1185.3031504018716,9,0.6548596355599372,251.04014362130258,6,0.2894003438323156,112.38346314568219,2026-07-17 05:00:00,0x322f0929c4625ed5bad873c95208d54e1c003b2d
7,0.2010295471244819,77.59624865665712,33,1.3854785805397847,535.3293155273589,14,0.5827008634326557,227.75448281196216,20,0.17765204390702383,68.9503576252776,2026-07-17 06:00:00,0x322f0929c4625ed5bad873c95208d54e1c003b2d
10,0.1870234495966483,72.2170545666851,41,0.6597331305164821,253.47814459764066,3,0.01805059311664651,6.955271222418187,9,0.13963282805656302,53.89669262631089,2026-07-17 07:00:00,0x322f0929c4625ed5bad873c95208d54e1c003b2d
10,0.06500178153992493,25.257846541738797,47,1.9858706467151044,759.9610412446566,6,0.26380169815593146,101.2781382412156,8,0.09545005607420454,36.78709842798348,2026-07-17 08:00:00,0x322f0929c4625ed5bad873c95208d54e1c003b2d
11,0.05669737514662306,21.62783598377603,60,2.631793997745785,999.3633846748588,5,0.09141923029869398,35.01127081870908,9,0.6548596355599372,251.04014362130258,2026-07-17 09:00:00,0x322f0929c4625ed5bad873c95208d54e1c003b2d
4,0.06706561105070795,25.926729756890914,20,0.5527245500391184,210.8652776814379,35,4.816370339384053,1832.5802097994197,14,0.5827008634326557,227.75448281196216,2026-07-17 10:00:00,0x322f0929c4625ed5bad873c95208d54e1c003b2d
9,0.03680267104800518,14.30602535890707,18,0.6853316393071945,264.46694708400645,18,1.2402777677284893,471.87936556745024,3,0.01805059311664651,6.955271222418187,2026-07-17 11:00:00,0x322f0929c4625ed5bad873c95208d54e1c003b2d
7,0.8619004347485817,331.75665579277717,40,1.6852245271435589,651.283832361704,31,1.3288156804495366,509.1565710119238,6,0.26380169815593146,101.2781382412156,2026-07-17 12:00:00,0x322f0929c4625ed5bad873c95208d54e1c003b2d
8,1.2775450002397657,489.01652038567073,19,0.10387466815067975,40.653104138411585,22,3.093929861385481,1185.3031504018716,5,0.09141923029869398,35.01127081870908,2026-07-17 13:00:00,0x322f0929c4625ed5bad873c95208d54e1c003b2d
23,1.4858388943855318,567.6596917909147,19,0.2218816906702958,85.12859253981041,33,1.3854785805397847,535.3293155273589,35,4.816370339384053,1832.5802097994197,2026-07-17 14:00:00,0x322f0929c4625ed5bad873c95208d54e1c003b2d
28,0.36307835671769584,140.80733029512564,27,0.7726057981393915,294.6625769171985,41,0.6597331305164821,253.47814459764066,18,1.2402777677284893,471.87936556745024,2026-07-17 15:00:00,0x322f0929c4625ed5bad873c95208d54e1c003b2d
18,1.205762609788542,464.0774301522581,18,0.8896095659772059,338.95835735858265,47,1.9858706467151044,759.9610412446566,31,1.3288156804495366,509.1565710119238,2026-07-17 16:00:00,0x322f0929c4625ed5bad873c95208d54e1c003b2d
33,2.422680312287434,962.1661995520434,29,0.28696044398423864,109.75051999142215,60,2.631793997745785,999.3633846748588,22,3.093929861385481,1185.3031504018716,2026-07-17 17:00:00,0x322f0929c4625ed5bad873c95208d54e1c003b2d
42,1.7113350751093972,654.8471143207167,27,0.3982119061807122,151.91865440347863,20,0.5527245500391184,210.8652776814379,33,1.3854785805397847,535.3293155273589,2026-07-17 18:00:00,0x322f0929c4625ed5bad873c95208d54e1c003b2d
38,2.454818446743536,935.8803279757065,21,0.6200010925814651,236.99576761691293,18,0.6853316393071945,264.46694708400645,41,0.6597331305164821,253.47814459764066,2026-07-17 19:00:00,0x322f0929c4625ed5bad873c95208d54e1c003b2d
17,0.3765042821935135,146.8661369742837,9,0.038843542780908694,14.804516455379979,40,1.6852245271435589,651.283832361704,47,1.9858706467151044,759.9610412446566,2026-07-17 20:00:00,0x322f0929c4625ed5bad873c95208d54e1c003b2d
23,0.5304794019981005,202.3927592374257,18,0.22300405342409904,84.93696770662184,19,0.10387466815067975,40.653104138411585,60,2.631793997745785,999.3633846748588,2026-07-17 21:00:00,0x322f0929c4625ed5bad873c95208d54e1c003b2d
21,0.553235393456241,211.70002022374885,25,0.9773123087734865,372.0021724803325,19,0.2218816906702958,85.12859253981041,20,0.5527245500391184,210.8652776814379,2026-07-17 22:00:00,0x322f0929c4625ed5bad873c95208d54e1c003b2d
25,0.4581043777512687,174.92978834140476,11,0.5778168971944715,220.47359337798378,27,0.7726057981393915,294.6625769171985,18,0.6853316393071945,264.46694708400645,2026-07-17 23:00:00,0x322f0929c4625ed5bad873c95208d54e1c003b2d
35,2.9874319923961763,1142.3085529446394,13,0.3472565895800035,138.35381166785714,18,0.8896095659772059,338.95835735858265,40,1.6852245271435589,651.283832361704,2026-07-18 00:00:00,0x322f0929c4625ed5bad873c95208d54e1c003b2d
44,3.55704485659637,1360.9788792730753,228,16.486737396356816,6415.470884815074,29,0.28696044398423864,109.75051999142215,19,0.10387466815067975,40.653104138411585,2026-07-18 01:00:00,0x322f0929c4625ed5bad873c95208d54e1c003b2d
26,0.2979049471792575,114.10593694112936,20,0.6236781275524517,239.3701577564977,27,0.3982119061807122,151.91865440347863,19,0.2218816906702958,85.12859253981041,2026-07-18 02:00:00,0x322f0929c4625ed5bad873c95208d54e1c003b2d
13,0.2940841920897025,112.64975010318504,27,0.7890155039728671,300.52566516323316,21,0.6200010925814651,236.99576761691293,27,0.7726057981393915,294.6625769171985,2026-07-18 03:00:00,0x322f0929c4625ed5bad873c95208d54e1c003b2d
22,0.7625903102536592,291.00147993001747,29,0.42822553741299896,164.4346060080326,9,0.038843542780908694,14.804516455379979,18,0.8896095659772059,338.95835735858265,2026-07-18 04:00:00,0x322f0929c4625ed5bad873c95208d54e1c003b2d
25,0.2974208777824603,113.51066414961502,29,0.9114910948961639,351.1338684398933,18,0.22300405342409904,84.93696770662184,29,0.28696044398423864,109.75051999142215,2026-07-18 05:00:00,0x322f0929c4625ed5bad873c95208d54e1c003b2d
25,0.15970971147291782,60.77537130730627,38,0.6714243869283606,260.4244116804361,25,0.9773123087734865,372.0021724803325,27,0.3982119061807122,151.91865440347863,2026-07-18 06:00:00,0x322f0929c4625ed5bad873c95208d54e1c003b2d
14,0.3386691416087312,128.7452789977178,129,1.9554894553847406,750.537694631775,11,0.5778168971944715,220.47359337798378,21,0.6200010925814651,236.99576761691293,2026-07-18 07:00:00,0x322f0929c4625ed5bad873c95208d54e1c003b2d
18,0.7291052304441186,280.0328535037884,68,0.33174304920428943,127.8234175002524,13,0.3472565895800035,138.35381166785714,9,0.038843542780908694,14.804516455379979,2026-07-18 08:00:00,0x322f0929c4625ed5bad873c95208d54e1c003b2d
11,4.14445275057766,1587.2431486686773,15,0.3587817569837818,138.48521429430147,228,16.486737396356816,6415.470884815074,18,0.22300405342409904,84.93696770662184,2026-07-18 09:00:00,0x322f0929c4625ed5bad873c95208d54e1c003b2d
8,0.5125902210370535,194.8110663752811,22,0.498529811844149,192.19990842266049,20,0.6236781275524517,239.3701577564977,25,0.9773123087734865,372.0021724803325,2026-07-18 10:00:00,0x322f0929c4625ed5bad873c95208d54e1c003b2d
33,1.1347678434880553,432.3187710720523,30,0.15116890141797207,59.34489905998957,27,0.7890155039728671,300.52566516323316,11,0.5778168971944715,220.47359337798378,2026-07-18 11:00:00,0x322f0929c4625ed5bad873c95208d54e1c003b2d
17,0.43488359980818786,169.56598992570787,20,0.161599337248147,62.064532746961426,29,0.42822553741299896,164.4346060080326,13,0.3472565895800035,138.35381166785714,2026-07-18 12:00:00,0x322f0929c4625ed5bad873c95208d54e1c003b2d
228,5.546912655670758,2137.910031619823,29,0.4980895815428163,188.09882004530618,29,0.9114910948961639,351.1338684398933,228,16.486737396356816,6415.470884815074,2026-07-18 13:00:00,0x322f0929c4625ed5bad873c95208d54e1c003b2d
27,0.4114052052566203,159.16004365993172,22,0.392245985256361,155.8904134567537,38,0.6714243869283606,260.4244116804361,20,0.6236781275524517,239.3701577564977,2026-07-18 14:00:00,0x322f0929c4625ed5bad873c95208d54e1c003b2d
26,0.7846231970074455,302.08960460240473,28,0.3826043266147983,147.6619482696649,129,1.9554894553847406,750.537694631775,27,0.7890155039728671,300.52566516323316,2026-07-18 15:00:00,0x322f0929c4625ed5bad873c95208d54e1c003b2d
44,0.6284267653947847,239.12074798696992,11,0.324258530569594,123.69040516908306,68,0.33174304920428943,127.8234175002524,29,0.42822553741299896,164.4346060080326,2026-07-18 16:00:00,0x322f0929c4625ed5bad873c95208d54e1c003b2d
38,0.2405275988215479,93.19398696360943,142,15.13956085884249,5872.682851673729,15,0.3587817569837818,138.48521429430147,29,0.9114910948961639,351.1338684398933,2026-07-18 17:00:00,0x322f0929c4625ed5bad873c95208d54e1c003b2d
39,0.7805353671407356,303.5002931952856,121,14.46356740996054,5680.900741921593,22,0.498529811844149,192.19990842266049,38,0.6714243869283606,260.4244116804361,2026-07-18 18:00:00,0x322f0929c4625ed5bad873c95208d54e1c003b2d
69,0.6274694764198063,241.80470478764485,79,12.557007315125093,4984.423206943667,30,0.15116890141797207,59.34489905998957,129,1.9554894553847406,750.537694631775,2026-07-18 19:00:00,0x322f0929c4625ed5bad873c95208d54e1c003b2d
82,0.8235832044783948,315.3768813208804,101,11.070584977255521,4381.729127990324,20,0.161599337248147,62.064532746961426,68,0.33174304920428943,127.8234175002524,2026-07-18 20:00:00,0x322f0929c4625ed5bad873c95208d54e1c003b2d
18,0.21702431431422634,82.88781037292809,62,8.557927833614,3348.237647746086,29,0.4980895815428163,188.09882004530618,15,0.3587817569837818,138.48521429430147,2026-07-18 21:00:00,0x322f0929c4625ed5bad873c95208d54e1c003b2d
24,0.7677139299161858,296.60100851418235,42,4.150438298445673,1597.5511687039248,22,0.392245985256361,155.8904134567537,22,0.498529811844149,192.19990842266049,2026-07-18 22:00:00,0x322f0929c4625ed5bad873c95208d54e1c003b2d
27,0.31019972547084657,118.73363479402174,48,4.9971858584352775,1912.8791020327985,28,0.3826043266147983,147.6619482696649,30,0.15116890141797207,59.34489905998957,2026-07-18 23:00:00,0x322f0929c4625ed5bad873c95208d54e1c003b2d
21,0.19513566608676497,74.52733702300385,19,1.2706798225658917,488.00885869643025,11,0.324258530569594,123.69040516908306,20,0.161599337248147,62.064532746961426,2026-07-19 00:00:00,0x322f0929c4625ed5bad873c95208d54e1c003b2d
17,0.19627418015911846,75.01956493068046,68,12.689846028056968,4894.14921460631,142,15.13956085884249,5872.682851673729,29,0.4980895815428163,188.09882004530618,2026-07-19 01:00:00,0x322f0929c4625ed5bad873c95208d54e1c003b2d
33,1.2396254675126046,489.09057922629324,29,2.8568378956847615,1110.0410397998562,121,14.46356740996054,5680.900741921593,22,0.392245985256361,155.8904134567537,2026-07-19 02:00:00,0x322f0929c4625ed5bad873c95208d54e1c003b2d
10,0.06308437658955744,24.376314851143395,135,5.138269976917247,1978.9329348783992,79,12.557007315125093,4984.423206943667,28,0.3826043266147983,147.6619482696649,2026-07-19 03:00:00,0x322f0929c4625ed5bad873c95208d54e1c003b2d
42,1.4389894832285477,584.9441555905147,29,2.031443554504346,778.60278484095,101,11.070584977255521,4381.729127990324,11,0.324258530569594,123.69040516908306,2026-07-19 04:00:00,0x322f0929c4625ed5bad873c95208d54e1c003b2d
113,7.264323299381711,2893.5739172357385,26,0.4881391115683064,187.0638134902072,62,8.557927833614,3348.237647746086,142,15.13956085884249,5872.682851673729,2026-07-19 05:00:00,0x322f0929c4625ed5bad873c95208d54e1c003b2d
91,9.616972017281382,3810.428879616756,56,22.008933047835427,8647.801977866458,42,4.150438298445673,1597.5511687039248,121,14.46356740996054,5680.900741921593,2026-07-19 06:00:00,0x322f0929c4625ed5bad873c95208d54e1c003b2d
89,12.117102709581264,4727.91459748891,74,16.15773566249742,6272.995107067454,48,4.9971858584352775,1912.8791020327985,79,12.557007315125093,4984.423206943667,2026-07-19 07:00:00,0x322f0929c4625ed5bad873c95208d54e1c003b2d
57,4.820152181178455,1889.872843339844,40,17.87728938332706,6909.388668618356,19,1.2706798225658917,488.00885869643025,101,11.070584977255521,4381.729127990324,2026-07-19 08:00:00,0x322f0929c4625ed5bad873c95208d54e1c003b2d
34,3.5315746292638464,1350.1112512760787,37,3.714635713632186,1411.7978796292343,68,12.689846028056968,4894.14921460631,62,8.557927833614,3348.237647746086,2026-07-19 09:00:00,0x322f0929c4625ed5bad873c95208d54e1c003b2d
70,15.497386059553298,6006.372422551421,16,1.203232103258287,479.20331621045204,29,2.8568378956847615,1110.0410397998562,42,4.150438298445673,1597.5511687039248,2026-07-19 10:00:00,0x322f0929c4625ed5bad873c95208d54e1c003b2d
27,1.8817153209861335,733.6866476928909,17,3.4081291174053434,1305.3342768621815,135,5.138269976917247,1978.9329348783992,48,4.9971858584352775,1912.8791020327985,2026-07-19 11:00:00,0x322f0929c4625ed5bad873c95208d54e1c003b2d
26,5.329041368144208,2050.6694832759244,30,1.4919893583470145,573.3793566331317,29,2.031443554504346,778.60278484095,19,1.2706798225658917,488.00885869643025,2026-07-19 12:00:00,0x322f0929c4625ed5bad873c95208d54e1c003b2d
37,5.354947798103549,2100.4092968985537,18,1.1391272083724564,437.14956192442605,26,0.4881391115683064,187.0638134902072,68,12.689846028056968,4894.14921460631,2026-07-19 13:00:00,0x322f0929c4625ed5bad873c95208d54e1c003b2d
19,1.596476349429045,609.4389257763796,15,2.2734699357742625,869.2462123645869,56,22.008933047835427,8647.801977866458,29,2.8568378956847615,1110.0410397998562,2026-07-19 14:00:00,0x322f0929c4625ed5bad873c95208d54e1c003b2d
39,1.068108351174365,407.94256314843864,23,1.009042313060287,385.93693198523187,74,16.15773566249742,6272.995107067454,135,5.138269976917247,1978.9329348783992,2026-07-19 15:00:00,0x322f0929c4625ed5bad873c95208d54e1c003b2d
28,3.3428670654580284,1327.1668994328286,11,0.6867905506052029,261.56276490728163,40,17.87728938332706,6909.388668618356,29,2.031443554504346,778.60278484095,2026-07-19 16:00:00,0x322f0929c4625ed5bad873c95208d54e1c003b2d
27,2.469492577681916,1031.7447921703372,27,6.878870545321665,2633.870419433051,37,3.714635713632186,1411.7978796292343,26,0.4881391115683064,187.0638134902072,2026-07-19 17:00:00,0x322f0929c4625ed5bad873c95208d54e1c003b2d
112,30.668464941973152,11904.879219327067,39,5.084302060908848,1961.6524656995477,16,1.203232103258287,479.20331621045204,56,22.008933047835427,8647.801977866458,2026-07-19 18:00:00,0x322f0929c4625ed5bad873c95208d54e1c003b2d
51,36.46944524648862,14217.988937067497,177,30.992449707982885,11880.484049362412,17,3.4081291174053434,1305.3342768621815,74,16.15773566249742,6272.995107067454,2026-07-19 19:00:00,0x322f0929c4625ed5bad873c95208d54e1c003b2d
42,15.035527127195236,5718.483666878741,61,7.226768687403621,2769.4458918142104,30,1.4919893583470145,573.3793566331317,40,17.87728938332706,6909.388668618356,2026-07-19 20:00:00,0x322f0929c4625ed5bad873c95208d54e1c003b2d
25,3.6222452379309744,1492.8976614469216,24,2.3525918636437546,893.7244832791941,18,1.1391272083724564,437.14956192442605,37,3.714635713632186,1411.7978796292343,2026-07-19 21:00:00,0x322f0929c4625ed5bad873c95208d54e1c003b2d
27,2.782810843857315,1058.9761698791865,24,1.6364783480380132,628.8215475205435,15,2.2734699357742625,869.2462123645869,16,1.203232103258287,479.20331621045204,2026-07-19 22:00:00,0x322f0929c4625ed5bad873c95208d54e1c003b2d
14,0.39104690917111173,150.16899070284134,122,15.544050399934454,6022.2484391637945,23,1.009042313060287,385.93693198523187,17,3.4081291174053434,1305.3342768621815,2026-07-19 23:00:00,0x322f0929c4625ed5bad873c95208d54e1c003b2d
21,1.4872917681925217,572.0883809906254,21,3.363869128179732,1293.1276431220801,11,0.6867905506052029,261.56276490728163,30,1.4919893583470145,573.3793566331317,2026-07-20 00:00:00,0x322f0929c4625ed5bad873c95208d54e1c003b2d
19,1.8342641007504756,698.6711515727171,21,1.6400818731591846,627.839891740166,27,6.878870545321665,2633.870419433051,18,1.1391272083724564,437.14956192442605,2026-07-20 01:00:00,0x322f0929c4625ed5bad873c95208d54e1c003b2d
7,0.09352996971646536,37.25573702476163,67,22.300474297066433,8473.232391334328,39,5.084302060908848,1961.6524656995477,15,2.2734699357742625,869.2462123645869,2026-07-20 02:00:00,0x322f0929c4625ed5bad873c95208d54e1c003b2d
8,0.4085610983327315,155.80146280756114,16,5.335932499866467,1995.8507981286036,177,30.992449707982885,11880.484049362412,23,1.009042313060287,385.93693198523187,2026-07-20 03:00:00,0x322f0929c4625ed5bad873c95208d54e1c003b2d
20,0.4210153376444528,165.68030214581904,49,23.41393325613287,8714.232154487187,61,7.226768687403621,2769.4458918142104,11,0.6867905506052029,261.56276490728163,2026-07-20 04:00:00,0x322f0929c4625ed5bad873c95208d54e1c003b2d
31,4.9190467649246745,1975.9146209968394,320,97.06137983420435,36566.497365326206,24,2.3525918636437546,893.7244832791941,27,6.878870545321665,2633.870419433051,2026-07-20 05:00:00,0x322f0929c4625ed5bad873c95208d54e1c003b2d
92,14.942056976941773,5744.654641167157,110,18.966231142865933,7092.283606616406,24,1.6364783480380132,628.8215475205435,39,5.084302060908848,1961.6524656995477,2026-07-20 06:00:00,0x322f0929c4625ed5bad873c95208d54e1c003b2d
71,28.989606335318484,11115.263111731601,50,7.071484575337184,2644.1234259669623,122,15.544050399934454,6022.2484391637945,177,30.992449707982885,11880.484049362412,2026-07-20 07:00:00,0x322f0929c4625ed5bad873c95208d54e1c003b2d
25,4.405876124448109,1676.9174225525157,29,4.077971128535218,1512.9725289628195,21,3.363869128179732,1293.1276431220801,61,7.226768687403621,2769.4458918142104,2026-07-20 08:00:00,0x322f0929c4625ed5bad873c95208d54e1c003b2d
25,6.174425109154018,2363.87291628199,34,3.48162220285962,1286.9917331701245,21,1.6400818731591846,627.839891740166,24,2.3525918636437546,893.7244832791941,2026-07-20 09:00:00,0x322f0929c4625ed5bad873c95208d54e1c003b2d
41,6.659446319177784,2551.6056255705685,25,0.7282020322099313,270.62355040877605,67,22.300474297066433,8473.232391334328,24,1.6364783480380132,628.8215475205435,2026-07-20 10:00:00,0x322f0929c4625ed5bad873c95208d54e1c003b2d
24,3.781631258685343,1447.0256964224757,10,1.6746381931003844,622.4646643814984,16,5.335932499866467,1995.8507981286036,122,15.544050399934454,6022.2484391637945,2026-07-20 11:00:00,0x322f0929c4625ed5bad873c95208d54e1c003b2d
33,1.2670778396239113,493.32132201808196,18,3.627954201747654,1348.034212613476,49,23.41393325613287,8714.232154487187,21,3.363869128179732,1293.1276431220801,2026-07-20 12:00:00,0x322f0929c4625ed5bad873c95208d54e1c003b2d
39,3.097708102727036,1192.9234223744404,17,0.4046730139107632,150.30680503304828,320,97.06137983420435,36566.497365326206,21,1.6400818731591846,627.839891740166,2026-07-20 13:00:00,0x322f0929c4625ed5bad873c95208d54e1c003b2d
60,17.004440813872797,6388.07016677072,19,0.5436677945886637,201.5800878290762,110,18.966231142865933,7092.283606616406,67,22.300474297066433,8473.232391334328,2026-07-20 14:00:00,0x322f0929c4625ed5bad873c95208d54e1c003b2d
49,18.44969137252132,6903.891570047292,7,0.4624707434745859,171.35643652920456,50,7.071484575337184,2644.1234259669623,16,5.335932499866467,1995.8507981286036,2026-07-20 15:00:00,0x322f0929c4625ed5bad873c95208d54e1c003b2d
29,5.552845383266872,2146.311920638031,20,0.827933346537039,323.523935313727,29,4.077971128535218,1512.9725289628195,49,23.41393325613287,8714.232154487187,2026-07-20 16:00:00,0x322f0929c4625ed5bad873c95208d54e1c003b2d
28,2.780104407389704,1032.7153400322559,14,0.6688904416635177,267.9058778410063,34,3.48162220285962,1286.9917331701245,320,97.06137983420435,36566.497365326206,2026-07-20 17:00:00,0x322f0929c4625ed5bad873c95208d54e1c003b2d
97,23.88753892712862,8984.972200399736,5,0.27665742062438486,102.7077667627784,25,0.7282020322099313,270.62355040877605,110,18.966231142865933,7092.283606616406,2026-07-20 18:00:00,0x322f0929c4625ed5bad873c95208d54e1c003b2d
22,3.8655414525600604,1434.7610239764729,40,2.25782601210008,844.8386997006426,10,1.6746381931003844,622.4646643814984,50,7.071484575337184,2644.1234259669623,2026-07-20 19:00:00,0x322f0929c4625ed5bad873c95208d54e1c003b2d
54,5.309964529330589,1968.3185332398673,4,0.08030277478738229,30.299062085190087,18,3.627954201747654,1348.034212613476,29,4.077971128535218,1512.9725289628195,2026-07-20 20:00:00,0x322f0929c4625ed5bad873c95208d54e1c003b2d
54,4.35183760689515,1630.6429536299945,25,8.522403894920783,3177.7390187165583,17,0.4046730139107632,150.30680503304828,34,3.48162220285962,1286.9917331701245,2026-07-20 21:00:00,0x322f0929c4625ed5bad873c95208d54e1c003b2d
27,0.5482593006332871,202.76515413060733,18,2.4574579629766773,916.319755143824,19,0.5436677945886637,201.5800878290762,25,0.7282020322099313,270.62355040877605,2026-07-20 22:00:00,0x322f0929c4625ed5bad873c95208d54e1c003b2d
23,2.240492180516731,831.9489806256965,12,0.5617614583503305,208.45169447613654,7,0.4624707434745859,171.35643652920456,10,1.6746381931003844,622.4646643814984,2026-07-20 23:00:00,0x322f0929c4625ed5bad873c95208d54e1c003b2d
17,2.1442538224736203,798.3848356868546,10,4.227964138047852,1582.925026528671,20,0.827933346537039,323.523935313727,18,3.627954201747654,1348.034212613476,2026-07-21 00:00:00,0x322f0929c4625ed5bad873c95208d54e1c003b2d
10,0.26524269439589365,98.49183815028273,47,5.099676283238449,1898.8231123153043,14,0.6688904416635177,267.9058778410063,17,0.4046730139107632,150.30680503304828,2026-07-21 01:00:00,0x322f0929c4625ed5bad873c95208d54e1c003b2d
9,1.4841851141900375,548.7415741559215,59,9.57250292954122,3589.8507279717924,5,0.27665742062438486,102.7077667627784,19,0.5436677945886637,201.5800878290762,2026-07-21 02:00:00,0x322f0929c4625ed5bad873c95208d54e1c003b2d
11,4.202145199317442,1581.1081037433883,26,4.387984872874158,1684.5851016017707,40,2.25782601210008,844.8386997006426,7,0.4624707434745859,171.35643652920456,2026-07-21 03:00:00,0x322f0929c4625ed5bad873c95208d54e1c003b2d
158,73.58158328372,27468.01347837446,2704,957.7805159073273,366458.27054715715,4,0.08030277478738229,30.299062085190087,20,0.827933346537039,323.523935313727,2026-07-21 04:00:00,0x322f0929c4625ed5bad873c95208d54e1c003b2d
29,2.1372341861190542,797.4268771361345,1214,376.1986997931216,143824.88147558883,25,8.522403894920783,3177.7390187165583,14,0.6688904416635177,267.9058778410063,2026-07-21 05:00:00,0x322f0929c4625ed5bad873c95208d54e1c003b2d
15,0.9361280379205063,349.6887045220255,488,149.98754834460635,57011.559123908446,18,2.4574579629766773,916.319755143824,5,0.27665742062438486,102.7077667627784,2026-07-21 06:00:00,0x322f0929c4625ed5bad873c95208d54e1c003b2d
12,0.5102147985240638,189.73047836633398,201,70.9808978010443,26970.009247268543,12,0.5617614583503305,208.45169447613654,40,2.25782601210008,844.8386997006426,2026-07-21 07:00:00,0x322f0929c4625ed5bad873c95208d54e1c003b2d
35,29.605759105601155,11173.402619681816,134,30.23126136461936,11513.02428845789,10,4.227964138047852,1582.925026528671,4,0.08030277478738229,30.299062085190087,2026-07-21 08:00:00,0x322f0929c4625ed5bad873c95208d54e1c003b2d
10,0.5632784327766275,210.2522170052126,150,41.18599423303453,15620.24312241882,47,5.099676283238449,1898.8231123153043,25,8.522403894920783,3177.7390187165583,2026-07-21 09:00:00,0x322f0929c4625ed5bad873c95208d54e1c003b2d
20,0.6183129226329291,231.47404571117355,186,53.037342818959466,20391.559848155674,59,9.57250292954122,3589.8507279717924,18,2.4574579629766773,916.319755143824,2026-07-21 10:00:00,0x322f0929c4625ed5bad873c95208d54e1c003b2d
14,0.9153933899637994,340.58890422245094,60,29.76344650407926,11501.775205580054,26,4.387984872874158,1684.5851016017707,12,0.5617614583503305,208.45169447613654,2026-07-21 11:00:00,0x322f0929c4625ed5bad873c95208d54e1c003b2d
70,13.090527986725148,4898.935518602809,138,66.62056244428236,25318.134555821132,2704,957.7805159073273,366458.27054715715,10,4.227964138047852,1582.925026528671,2026-07-21 12:00:00,0x322f0929c4625ed5bad873c95208d54e1c003b2d
6,0.9188346628889338,340.36707384159683,165,57.899891921381744,21984.343281834048,1214,376.1986997931216,143824.88147558883,47,5.099676283238449,1898.8231123153043,2026-07-21 13:00:00,0x322f0929c4625ed5bad873c95208d54e1c003b2d
57,10.340601565018058,3927.4903614151553,80,26.217306129949666,10002.134295257116,488,149.98754834460635,57011.559123908446,59,9.57250292954122,3589.8507279717924,2026-07-21 14:00:00,0x322f0929c4625ed5bad873c95208d54e1c003b2d
41,12.479518691354253,4776.256331443373,76,15.329235099106219,5834.546505150552,201,70.9808978010443,26970.009247268543,26,4.387984872874158,1684.5851016017707,2026-07-21 15:00:00,0x322f0929c4625ed5bad873c95208d54e1c003b2d
1050,311.74224062519596,119221.97511049945,42,15.585365742200839,5891.975528040428,134,30.23126136461936,11513.02428845789,2704,957.7805159073273,366458.27054715715,2026-07-21 16:00:00,0x322f0929c4625ed5bad873c95208d54e1c003b2d
804,290.8187313591136,110974.51384704953,28,5.455175084317575,2083.8135592704893,150,41.18599423303453,15620.24312241882,1214,376.1986997931216,143824.88147558883,2026-07-21 17:00:00,0x322f0929c4625ed5bad873c95208d54e1c003b2d
328,113.94099662687347,43447.73889221728,148,88.67266723447611,33490.48594216829,186,53.037342818959466,20391.559848155674,488,149.98754834460635,57011.559123908446,2026-07-21 18:00:00,0x322f0929c4625ed5bad873c95208d54e1c003b2d
237,83.9955702061643,31823.09371012226,62,9.811216454229196,3698.6855961480974,60,29.76344650407926,11501.775205580054,201,70.9808978010443,26970.009247268543,2026-07-21 19:00:00,0x322f0929c4625ed5bad873c95208d54e1c003b2d
133,49.43553855447469,18720.883471861904,54,10.703220371411382,4034.9324373536165,138,66.62056244428236,25318.134555821132,134,30.23126136461936,11513.02428845789,2026-07-21 20:00:00,0x322f0929c4625ed5bad873c95208d54e1c003b2d
144,36.7704495083761,13932.764116091752,96,22.57766539397962,8603.598217174787,165,57.899891921381744,21984.343281834048,150,41.18599423303453,15620.24312241882,2026-07-21 21:00:00,0x322f0929c4625ed5bad873c95208d54e1c003b2d
153,43.799379895349766,16878.347776936178,73,28.35561338557042,10727.805399173883,80,26.217306129949666,10002.134295257116,186,53.037342818959466,20391.559848155674,2026-07-21 22:00:00,0x322f0929c4625ed5bad873c95208d54e1c003b2d
77,14.132405140150183,5425.253856490859,71,15.519176164121369,5903.283085708599,76,15.329235099106219,5834.546505150552,60,29.76344650407926,11501.775205580054,2026-07-21 23:00:00,0x322f0929c4625ed5bad873c95208d54e1c003b2d
0,,,0,,,0,,,0,,,2026-07-15 00:00:00,0x3b14c39e89d60d627b42a1a4ca45b5bb45fc12e2
0,,,0,,,0,,,0,,,2026-07-15 01:00:00,0x3b14c39e89d60d627b42a1a4ca45b5bb45fc12e2
0,,,0,,,0,,,0,,,2026-07-15 02:00:00,0x3b14c39e89d60d627b42a1a4ca45b5bb45fc12e2
0,,,0,,,0,,,0,,,2026-07-15 03:00:00,0x3b14c39e89d60d627b42a1a4ca45b5bb45fc12e2
0,,,0,,,0,,,0,,,2026-07-15 04:00:00,0x3b14c39e89d60d627b42a1a4ca45b5bb45fc12e2
0,,,0,,,0,,,0,,,2026-07-15 05:00:00,0x3b14c39e89d60d627b42a1a4ca45b5bb45fc12e2
0,,,0,,,0,,,0,,,2026-07-15 06:00:00,0x3b14c39e89d60d627b42a1a4ca45b5bb45fc12e2
0,,,0,,,0,,,0,,,2026-07-15 07:00:00,0x3b14c39e89d60d627b42a1a4ca45b5bb45fc12e2
0,,,0,,,0,,,0,,,2026-07-15 08:00:00,0x3b14c39e89d60d627b42a1a4ca45b5bb45fc12e2
0,,,0,,,0,,,0,,,2026-07-15 09:00:00,0x3b14c39e89d60d627b42a1a4ca45b5bb45fc12e2
0,,,0,,,0,,,0,,,2026-07-15 10:00:00,0x3b14c39e89d60d627b42a1a4ca45b5bb45fc12e2
0,,,0,,,0,,,0,,,2026-07-15 11:00:00,0x3b14c39e89d60d627b42a1a4ca45b5bb45fc12e2
0,,,0,,,0,,,0,,,2026-07-15 12:00:00,0x3b14c39e89d60d627b42a1a4ca45b5bb45fc12e2
0,,,0,,,0,,,0,,,2026-07-15 13:00:00,0x3b14c39e89d60d627b42a1a4ca45b5bb45fc12e2
0,,,0,,,0,,,0,,,2026-07-15 14:00:00,0x3b14c39e89d60d627b42a1a4ca45b5bb45fc12e2
0,,,0,,,0,,,0,,,2026-07-15 15:00:00,0x3b14c39e89d60d627b42a1a4ca45b5bb45fc12e2
0,,,0,,,0,,,0,,,2026-07-15 16:00:00,0x3b14c39e89d60d627b42a1a4ca45b5bb45fc12e2
0,,,0,,,0,,,0,,,2026-07-15 17:00:00,0x3b14c39e89d60d627b42a1a4ca45b5bb45fc12e2
0,,,0,,,0,,,0,,,2026-07-15 18:00:00,0x3b14c39e89d60d627b42a1a4ca45b5bb45fc12e2
0,,,0,,,0,,,0,,,2026-07-15 19:00:00,0x3b14c39e89d60d627b42a1a4ca45b5bb45fc12e2
0,,,0,,,0,,,0,,,2026-07-15 20:00:00,0x3b14c39e89d60d627b42a1a4ca45b5bb45fc12e2
0,,,5,4.031489288783634,306.848284800858,0,,,0,,,2026-07-15 21:00:00,0x3b14c39e89d60d627b42a1a4ca45b5bb45fc12e2
0,,,0,,,0,,,0,,,2026-07-15 22:00:00,0x3b14c39e89d60d627b42a1a4ca45b5bb45fc12e2
0,,,0,,,0,,,0,,,2026-07-15 23:00:00,0x3b14c39e89d60d627b42a1a4ca45b5bb45fc12e2
0,,,0,,,0,,,0,,,2026-07-16 00:00:00,0x3b14c39e89d60d627b42a1a4ca45b5bb45fc12e2
0,,,0,,,0,,,0,,,2026-07-16 01:00:00,0x3b14c39e89d60d627b42a1a4ca45b5bb45fc12e2
0,,,0,,,0,,,0,,,2026-07-16 02:00:00,0x3b14c39e89d60d627b42a1a4ca45b5bb45fc12e2
0,,,0,,,0,,,0,,,2026-07-16 03:00:00,0x3b14c39e89d60d627b42a1a4ca45b5bb45fc12e2
0,,,0,,,0,,,0,,,2026-07-16 04:00:00,0x3b14c39e89d60d627b42a1a4ca45b5bb45fc12e2
0,,,0,,,5,4.031489288783634,306.848284800858,0,,,2026-07-16 05:00:00,0x3b14c39e89d60d627b42a1a4ca45b5bb45fc12e2
0,,,0,,,0,,,0,,,2026-07-16 06:00:00,0x3b14c39e89d60d627b42a1a4ca45b5bb45fc12e2
8,3.954728816970753,307.643923850442,0,,,0,,,0,,,2026-07-16 07:00:00,0x3b14c39e89d60d627b42a1a4ca45b5bb45fc12e2
6,1.09662901159786,84.38343763502999,0,,,0,,,0,,,2026-07-16 08:00:00,0x3b14c39e89d60d627b42a1a4ca45b5bb45fc12e2
3,2.531837345798236,190.03888146365398,3,4.158837271576072,304.865362427503,0,,,5,4.031489288783634,306.848284800858,2026-07-16 09:00:00,0x3b14c39e89d60d627b42a1a4ca45b5bb45fc12e2
0,,,0,,,0,,,0,,,2026-07-16 10:00:00,0x3b14c39e89d60d627b42a1a4ca45b5bb45fc12e2
0,,,0,,,0,,,0,,,2026-07-16 11:00:00,0x3b14c39e89d60d627b42a1a4ca45b5bb45fc12e2
0,,,0,,,0,,,0,,,2026-07-16 12:00:00,0x3b14c39e89d60d627b42a1a4ca45b5bb45fc12e2
0,,,0,,,0,,,0,,,2026-07-16 13:00:00,0x3b14c39e89d60d627b42a1a4ca45b5bb45fc12e2
0,,,0,,,0,,,0,,,2026-07-16 14:00:00,0x3b14c39e89d60d627b42a1a4ca45b5bb45fc12e2
0,,,0,,,0,,,0,,,2026-07-16 15:00:00,0x3b14c39e89d60d627b42a1a4ca45b5bb45fc12e2
0,,,0,,,0,,,0,,,2026-07-16 16:00:00,0x3b14c39e89d60d627b42a1a4ca45b5bb45fc12e2
0,,,0,,,3,4.158837271576072,304.865362427503,0,,,2026-07-16 17:00:00,0x3b14c39e89d60d627b42a1a4ca45b5bb45fc12e2
0,,,0,,,0,,,0,,,2026-07-16 18:00:00,0x3b14c39e89d60d627b42a1a4ca45b5bb45fc12e2
0,,,0,,,0,,,0,,,2026-07-16 19:00:00,0x3b14c39e89d60d627b42a1a4ca45b5bb45fc12e2
2,1.9972633463572462,148.422087302118,0,,,0,,,0,,,2026-07-16 20:00:00,0x3b14c39e89d60d627b42a1a4ca45b5bb45fc12e2
0,,,0,,,0,,,3,4.158837271576072,304.865362427503,2026-07-16 21:00:00,0x3b14c39e89d60d627b42a1a4ca45b5bb45fc12e2
0,,,0,,,0,,,0,,,2026-07-16 22:00:00,0x3b14c39e89d60d627b42a1a4ca45b5bb45fc12e2
0,,,0,,,0,,,0,,,2026-07-16 23:00:00,0x3b14c39e89d60d627b42a1a4ca45b5bb45fc12e2
0,,,0,,,0,,,0,,,2026-07-17 00:00:00,0x3b14c39e89d60d627b42a1a4ca45b5bb45fc12e2
0,,,0,,,0,,,0,,,2026-07-17 01:00:00,0x3b14c39e89d60d627b42a1a4ca45b5bb45fc12e2
0,,,3,0.6282036906838663,45.65837746949,0,,,0,,,2026-07-17 02:00:00,0x3b14c39e89d60d627b42a1a4ca45b5bb45fc12e2
0,,,1,2.6900676586948435,200.9486,0,,,0,,,2026-07-17 03:00:00,0x3b14c39e89d60d627b42a1a4ca45b5bb45fc12e2
0,,,4,2.8534663903295074,208.97744991054702,0,,,0,,,2026-07-17 04:00:00,0x3b14c39e89d60d627b42a1a4ca45b5bb45fc12e2
0,,,0,,,0,,,0,,,2026-07-17 05:00:00,0x3b14c39e89d60d627b42a1a4ca45b5bb45fc12e2
0,,,0,,,0,,,0,,,2026-07-17 06:00:00,0x3b14c39e89d60d627b42a1a4ca45b5bb45fc12e2
0,,,0,,,0,,,0,,,2026-07-17 07:00:00,0x3b14c39e89d60d627b42a1a4ca45b5bb45fc12e2
0,,,0,,,0,,,0,,,2026-07-17 08:00:00,0x3b14c39e89d60d627b42a1a4ca45b5bb45fc12e2
0,,,0,,,0,,,0,,,2026-07-17 09:00:00,0x3b14c39e89d60d627b42a1a4ca45b5bb45fc12e2
0,,,0,,,3,0.6282036906838663,45.65837746949,0,,,2026-07-17 10:00:00,0x3b14c39e89d60d627b42a1a4ca45b5bb45fc12e2
0,,,0,,,1,2.6900676586948435,200.9486,0,,,2026-07-17 11:00:00,0x3b14c39e89d60d627b42a1a4ca45b5bb45fc12e2
0,,,0,,,4,2.8534663903295074,208.97744991054702,0,,,2026-07-17 12:00:00,0x3b14c39e89d60d627b42a1a4ca45b5bb45fc12e2
0,,,0,,,0,,,0,,,2026-07-17 13:00:00,0x3b14c39e89d60d627b42a1a4ca45b5bb45fc12e2
0,,,0,,,0,,,3,0.6282036906838663,45.65837746949,2026-07-17 14:00:00,0x3b14c39e89d60d627b42a1a4ca45b5bb45fc12e2
0,,,0,,,0,,,1,2.6900676586948435,200.9486,2026-07-17 15:00:00,0x3b14c39e89d60d627b42a1a4ca45b5bb45fc12e2
0,,,0,,,0,,,4,2.8534663903295074,208.97744991054702,2026-07-17 16:00:00,0x3b14c39e89d60d627b42a1a4ca45b5bb45fc12e2
0,,,0,,,0,,,0,,,2026-07-17 17:00:00,0x3b14c39e89d60d627b42a1a4ca45b5bb45fc12e2
0,,,0,,,0,,,0,,,2026-07-17 18:00:00,0x3b14c39e89d60d627b42a1a4ca45b5bb45fc12e2
0,,,0,,,0,,,0,,,2026-07-17 19:00:00,0x3b14c39e89d60d627b42a1a4ca45b5bb45fc12e2
0,,,0,,,0,,,0,,,2026-07-17 20:00:00,0x3b14c39e89d60d627b42a1a4ca45b5bb45fc12e2
0,,,1,0.24871785608703917,18.412641884128,0,,,0,,,2026-07-17 21:00:00,0x3b14c39e89d60d627b42a1a4ca45b5bb45fc12e2
0,,,1,0.024797035292239478,1.8365012710919997,0,,,0,,,2026-07-17 22:00:00,0x3b14c39e89d60d627b42a1a4ca45b5bb45fc12e2
0,,,1,0.027274931227197905,1.9812587066439997,0,,,0,,,2026-07-17 23:00:00,0x3b14c39e89d60d627b42a1a4ca45b5bb45fc12e2
0,,,0,,,0,,,0,,,2026-07-18 00:00:00,0x3b14c39e89d60d627b42a1a4ca45b5bb45fc12e2
0,,,0,,,0,,,0,,,2026-07-18 01:00:00,0x3b14c39e89d60d627b42a1a4ca45b5bb45fc12e2
0,,,0,,,0,,,0,,,2026-07-18 02:00:00,0x3b14c39e89d60d627b42a1a4ca45b5bb45fc12e2
0,,,0,,,0,,,0,,,2026-07-18 03:00:00,0x3b14c39e89d60d627b42a1a4ca45b5bb45fc12e2
0,,,0,,,0,,,0,,,2026-07-18 04:00:00,0x3b14c39e89d60d627b42a1a4ca45b5bb45fc12e2
0,,,0,,,1,0.24871785608703917,18.412641884128,0,,,2026-07-18 05:00:00,0x3b14c39e89d60d627b42a1a4ca45b5bb45fc12e2
1,0.002153810204161701,0.159208085002,0,,,1,0.024797035292239478,1.8365012710919997,0,,,2026-07-18 06:00:00,0x3b14c39e89d60d627b42a1a4ca45b5bb45fc12e2
0,,,0,,,1,0.027274931227197905,1.9812587066439997,0,,,2026-07-18 07:00:00,0x3b14c39e89d60d627b42a1a4ca45b5bb45fc12e2
0,,,0,,,0,,,0,,,2026-07-18 08:00:00,0x3b14c39e89d60d627b42a1a4ca45b5bb45fc12e2
0,,,0,,,0,,,1,0.24871785608703917,18.412641884128,2026-07-18 09:00:00,0x3b14c39e89d60d627b42a1a4ca45b5bb45fc12e2
1,0.002477895934958426,0.183357894,0,,,0,,,1,0.024797035292239478,1.8365012710919997,2026-07-18 10:00:00,0x3b14c39e89d60d627b42a1a4ca45b5bb45fc12e2
0,,,0,,,0,,,1,0.027274931227197905,1.9812587066439997,2026-07-18 11:00:00,0x3b14c39e89d60d627b42a1a4ca45b5bb45fc12e2
0,,,0,,,0,,,0,,,2026-07-18 12:00:00,0x3b14c39e89d60d627b42a1a4ca45b5bb45fc12e2
0,,,0,,,0,,,0,,,2026-07-18 13:00:00,0x3b14c39e89d60d627b42a1a4ca45b5bb45fc12e2
0,,,0,,,0,,,0,,,2026-07-18 14:00:00,0x3b14c39e89d60d627b42a1a4ca45b5bb45fc12e2
2,0.8502925975770799,63.04536,0,,,0,,,0,,,2026-07-18 15:00:00,0x3b14c39e89d60d627b42a1a4ca45b5bb45fc12e2
0,,,0,,,0,,,0,,,2026-07-18 16:00:00,0x3b14c39e89d60d627b42a1a4ca45b5bb45fc12e2
0,,,0,,,0,,,0,,,2026-07-18 17:00:00,0x3b14c39e89d60d627b42a1a4ca45b5bb45fc12e2
0,,,0,,,0,,,0,,,2026-07-18 18:00:00,0x3b14c39e89d60d627b42a1a4ca45b5bb45fc12e2
2,0.32406050761274025,24.032986317607424,0,,,0,,,0,,,2026-07-18 19:00:00,0x3b14c39e89d60d627b42a1a4ca45b5bb45fc12e2
0,,,0,,,0,,,0,,,2026-07-18 20:00:00,0x3b14c39e89d60d627b42a1a4ca45b5bb45fc12e2
0,,,0,,,0,,,0,,,2026-07-18 21:00:00,0x3b14c39e89d60d627b42a1a4ca45b5bb45fc12e2
0,,,0,,,0,,,0,,,2026-07-18 22:00:00,0x3b14c39e89d60d627b42a1a4ca45b5bb45fc12e2
0,,,0,,,0,,,0,,,2026-07-18 23:00:00,0x3b14c39e89d60d627b42a1a4ca45b5bb45fc12e2
0,,,0,,,0,,,0,,,2026-07-19 00:00:00,0x3b14c39e89d60d627b42a1a4ca45b5bb45fc12e2
0,,,0,,,0,,,0,,,2026-07-19 01:00:00,0x3b14c39e89d60d627b42a1a4ca45b5bb45fc12e2
0,,,0,,,0,,,0,,,2026-07-19 02:00:00,0x3b14c39e89d60d627b42a1a4ca45b5bb45fc12e2
0,,,0,,,0,,,0,,,2026-07-19 03:00:00,0x3b14c39e89d60d627b42a1a4ca45b5bb45fc12e2
0,,,0,,,0,,,0,,,2026-07-19 04:00:00,0x3b14c39e89d60d627b42a1a4ca45b5bb45fc12e2
0,,,0,,,0,,,0,,,2026-07-19 05:00:00,0x3b14c39e89d60d627b42a1a4ca45b5bb45fc12e2
0,,,0,,,0,,,0,,,2026-07-19 06:00:00,0x3b14c39e89d60d627b42a1a4ca45b5bb45fc12e2
0,,,0,,,0,,,0,,,2026-07-19 07:00:00,0x3b14c39e89d60d627b42a1a4ca45b5bb45fc12e2
0,,,0,,,0,,,0,,,2026-07-19 08:00:00,0x3b14c39e89d60d627b42a1a4ca45b5bb45fc12e2
0,,,0,,,0,,,0,,,2026-07-19 09:00:00,0x3b14c39e89d60d627b42a1a4ca45b5bb45fc12e2
0,,,0,,,0,,,0,,,2026-07-19 10:00:00,0x3b14c39e89d60d627b42a1a4ca45b5bb45fc12e2
0,,,0,,,0,,,0,,,2026-07-19 11:00:00,0x3b14c39e89d60d627b42a1a4ca45b5bb45fc12e2
1,0.13418916929974098,9.974391525,0,,,0,,,0,,,2026-07-19 12:00:00,0x3b14c39e89d60d627b42a1a4ca45b5bb45fc12e2
0,,,0,,,0,,,0,,,2026-07-19 13:00:00,0x3b14c39e89d60d627b42a1a4ca45b5bb45fc12e2
0,,,1,1.4692918013517484,107.015960469304,0,,,0,,,2026-07-19 14:00:00,0x3b14c39e89d60d627b42a1a4ca45b5bb45fc12e2
0,,,0,,,0,,,0,,,2026-07-19 15:00:00,0x3b14c39e89d60d627b42a1a4ca45b5bb45fc12e2
0,,,0,,,0,,,0,,,2026-07-19 16:00:00,0x3b14c39e89d60d627b42a1a4ca45b5bb45fc12e2
1,0.23463706211410074,17.470030777065,0,,,0,,,0,,,2026-07-19 17:00:00,0x3b14c39e89d60d627b42a1a4ca45b5bb45fc12e2
0,,,0,,,0,,,0,,,2026-07-19 18:00:00,0x3b14c39e89d60d627b42a1a4ca45b5bb45fc12e2
0,,,0,,,0,,,0,,,2026-07-19 19:00:00,0x3b14c39e89d60d627b42a1a4ca45b5bb45fc12e2
0,,,0,,,0,,,0,,,2026-07-19 20:00:00,0x3b14c39e89d60d627b42a1a4ca45b5bb45fc12e2
1,0.25510629119998396,19.019693063814003,0,,,0,,,0,,,2026-07-19 21:00:00,0x3b14c39e89d60d627b42a1a4ca45b5bb45fc12e2
0,,,0,,,1,1.4692918013517484,107.015960469304,0,,,2026-07-19 22:00:00,0x3b14c39e89d60d627b42a1a4ca45b5bb45fc12e2
0,,,0,,,0,,,0,,,2026-07-19 23:00:00,0x3b14c39e89d60d627b42a1a4ca45b5bb45fc12e2
0,,,0,,,0,,,0,,,2026-07-20 00:00:00,0x3b14c39e89d60d627b42a1a4ca45b5bb45fc12e2
0,,,0,,,0,,,0,,,2026-07-20 01:00:00,0x3b14c39e89d60d627b42a1a4ca45b5bb45fc12e2
0,,,54,31.79832063621837,2468.9996707895575,0,,,1,1.4692918013517484,107.015960469304,2026-07-20 02:00:00,0x3b14c39e89d60d627b42a1a4ca45b5bb45fc12e2
0,,,1,0.849589802614817,61.856415328167,0,,,0,,,2026-07-20 03:00:00,0x3b14c39e89d60d627b42a1a4ca45b5bb45fc12e2
0,,,1,0.7515406583496168,54.58450801396001,0,,,0,,,2026-07-20 04:00:00,0x3b14c39e89d60d627b42a1a4ca45b5bb45fc12e2
2,0.4815111865211613,34.948795358092,5,0.7956069963725502,54.31936647636894,0,,,0,,,2026-07-20 05:00:00,0x3b14c39e89d60d627b42a1a4ca45b5bb45fc12e2
0,,,0,,,0,,,0,,,2026-07-20 06:00:00,0x3b14c39e89d60d627b42a1a4ca45b5bb45fc12e2
0,,,0,,,0,,,0,,,2026-07-20 07:00:00,0x3b14c39e89d60d627b42a1a4ca45b5bb45fc12e2
0,,,0,,,0,,,0,,,2026-07-20 08:00:00,0x3b14c39e89d60d627b42a1a4ca45b5bb45fc12e2
0,,,0,,,0,,,0,,,2026-07-20 09:00:00,0x3b14c39e89d60d627b42a1a4ca45b5bb45fc12e2
0,,,0,,,54,31.79832063621837,2468.9996707895575,0,,,2026-07-20 10:00:00,0x3b14c39e89d60d627b42a1a4ca45b5bb45fc12e2
0,,,0,,,1,0.849589802614817,61.856415328167,0,,,2026-07-20 11:00:00,0x3b14c39e89d60d627b42a1a4ca45b5bb45fc12e2
0,,,0,,,1,0.7515406583496168,54.58450801396001,0,,,2026-07-20 12:00:00,0x3b14c39e89d60d627b42a1a4ca45b5bb45fc12e2
0,,,0,,,5,0.7956069963725502,54.31936647636894,0,,,2026-07-20 13:00:00,0x3b14c39e89d60d627b42a1a4ca45b5bb45fc12e2
0,,,0,,,0,,,54,31.79832063621837,2468.9996707895575,2026-07-20 14:00:00,0x3b14c39e89d60d627b42a1a4ca45b5bb45fc12e2
0,,,0,,,0,,,1,0.849589802614817,61.856415328167,2026-07-20 15:00:00,0x3b14c39e89d60d627b42a1a4ca45b5bb45fc12e2
0,,,0,,,0,,,1,0.7515406583496168,54.58450801396001,2026-07-20 16:00:00,0x3b14c39e89d60d627b42a1a4ca45b5bb45fc12e2
0,,,0,,,0,,,5,0.7956069963725502,54.31936647636894,2026-07-20 17:00:00,0x3b14c39e89d60d627b42a1a4ca45b5bb45fc12e2
0,,,0,,,0,,,0,,,2026-07-20 18:00:00,0x3b14c39e89d60d627b42a1a4ca45b5bb45fc12e2
0,,,0,,,0,,,0,,,2026-07-20 19:00:00,0x3b14c39e89d60d627b42a1a4ca45b5bb45fc12e2
0,,,5,0.7818633223451598,56.64525232219546,0,,,0,,,2026-07-20 20:00:00,0x3b14c39e89d60d627b42a1a4ca45b5bb45fc12e2
0,,,0,,,0,,,0,,,2026-07-20 21:00:00,0x3b14c39e89d60d627b42a1a4ca45b5bb45fc12e2
0,,,0,,,0,,,0,,,2026-07-20 22:00:00,0x3b14c39e89d60d627b42a1a4ca45b5bb45fc12e2
0,,,0,,,0,,,0,,,2026-07-20 23:00:00,0x3b14c39e89d60d627b42a1a4ca45b5bb45fc12e2
0,,,0,,,0,,,0,,,2026-07-21 00:00:00,0x3b14c39e89d60d627b42a1a4ca45b5bb45fc12e2
0,,,0,,,0,,,0,,,2026-07-21 01:00:00,0x3b14c39e89d60d627b42a1a4ca45b5bb45fc12e2
0,,,0,,,0,,,0,,,2026-07-21 02:00:00,0x3b14c39e89d60d627b42a1a4ca45b5bb45fc12e2
0,,,0,,,0,,,0,,,2026-07-21 03:00:00,0x3b14c39e89d60d627b42a1a4ca45b5bb45fc12e2
0,,,0,,,5,0.7818633223451598,56.64525232219546,0,,,2026-07-21 04:00:00,0x3b14c39e89d60d627b42a1a4ca45b5bb45fc12e2
0,,,0,,,0,,,0,,,2026-07-21 05:00:00,0x3b14c39e89d60d627b42a1a4ca45b5bb45fc12e2
2,0.3,19.066192169907726,0,,,0,,,0,,,2026-07-21 06:00:00,0x3b14c39e89d60d627b42a1a4ca45b5bb45fc12e2
0,,,0,,,0,,,0,,,2026-07-21 07:00:00,0x3b14c39e89d60d627b42a1a4ca45b5bb45fc12e2
0,,,0,,,0,,,5,0.7818633223451598,56.64525232219546,2026-07-21 08:00:00,0x3b14c39e89d60d627b42a1a4ca45b5bb45fc12e2
0,,,0,,,0,,,0,,,2026-07-21 09:00:00,0x3b14c39e89d60d627b42a1a4ca45b5bb45fc12e2
0,,,0,,,0,,,0,,,2026-07-21 10:00:00,0x3b14c39e89d60d627b42a1a4ca45b5bb45fc12e2
0,,,0,,,0,,,0,,,2026-07-21 11:00:00,0x3b14c39e89d60d627b42a1a4ca45b5bb45fc12e2
0,,,0,,,0,,,0,,,2026-07-21 12:00:00,0x3b14c39e89d60d627b42a1a4ca45b5bb45fc12e2
0,,,0,,,0,,,0,,,2026-07-21 13:00:00,0x3b14c39e89d60d627b42a1a4ca45b5bb45fc12e2
2,0.3940320494420805,28.584619815204004,0,,,0,,,0,,,2026-07-21 14:00:00,0x3b14c39e89d60d627b42a1a4ca45b5bb45fc12e2
0,,,0,,,0,,,0,,,2026-07-21 15:00:00,0x3b14c39e89d60d627b42a1a4ca45b5bb45fc12e2
3,0.2241672094467392,15.533775022303974,0,,,0,,,0,,,2026-07-21 16:00:00,0x3b14c39e89d60d627b42a1a4ca45b5bb45fc12e2
0,,,0,,,0,,,0,,,2026-07-21 17:00:00,0x3b14c39e89d60d627b42a1a4ca45b5bb45fc12e2
0,,,0,,,0,,,0,,,2026-07-21 18:00:00,0x3b14c39e89d60d627b42a1a4ca45b5bb45fc12e2
0,,,0,,,0,,,0,,,2026-07-21 19:00:00,0x3b14c39e89d60d627b42a1a4ca45b5bb45fc12e2
0,,,0,,,0,,,0,,,2026-07-21 20:00:00,0x3b14c39e89d60d627b42a1a4ca45b5bb45fc12e2
0,,,0,,,0,,,0,,,2026-07-21 21:00:00,0x3b14c39e89d60d627b42a1a4ca45b5bb45fc12e2
0,,,0,,,0,,,0,,,2026-07-21 22:00:00,0x3b14c39e89d60d627b42a1a4ca45b5bb45fc12e2
0,,,0,,,0,,,0,,,2026-07-21 23:00:00,0x3b14c39e89d60d627b42a1a4ca45b5bb45fc12e2
0,,,0,,,0,,,0,,,2026-07-15 00:00:00,0x411efb0e7f985935daec3d4c3ebaea0d0ad7d89f
0,,,0,,,0,,,0,,,2026-07-15 01:00:00,0x411efb0e7f985935daec3d4c3ebaea0d0ad7d89f
0,,,0,,,0,,,0,,,2026-07-15 02:00:00,0x411efb0e7f985935daec3d4c3ebaea0d0ad7d89f
0,,,0,,,0,,,0,,,2026-07-15 03:00:00,0x411efb0e7f985935daec3d4c3ebaea0d0ad7d89f
0,,,0,,,0,,,0,,,2026-07-15 04:00:00,0x411efb0e7f985935daec3d4c3ebaea0d0ad7d89f
0,,,0,,,0,,,0,,,2026-07-15 05:00:00,0x411efb0e7f985935daec3d4c3ebaea0d0ad7d89f
0,,,1,1.347131471e-09,2.0025371103762796e-06,0,,,0,,,2026-07-15 06:00:00,0x411efb0e7f985935daec3d4c3ebaea0d0ad7d89f
0,,,0,,,0,,,0,,,2026-07-15 07:00:00,0x411efb0e7f985935daec3d4c3ebaea0d0ad7d89f
0,,,0,,,0,,,0,,,2026-07-15 08:00:00,0x411efb0e7f985935daec3d4c3ebaea0d0ad7d89f
0,,,0,,,0,,,0,,,2026-07-15 09:00:00,0x411efb0e7f985935daec3d4c3ebaea0d0ad7d89f
0,,,0,,,0,,,0,,,2026-07-15 10:00:00,0x411efb0e7f985935daec3d4c3ebaea0d0ad7d89f
0,,,0,,,0,,,0,,,2026-07-15 11:00:00,0x411efb0e7f985935daec3d4c3ebaea0d0ad7d89f
0,,,0,,,0,,,0,,,2026-07-15 12:00:00,0x411efb0e7f985935daec3d4c3ebaea0d0ad7d89f
0,,,5,0.31441835595584094,16.55245451969,0,,,0,,,2026-07-15 13:00:00,0x411efb0e7f985935daec3d4c3ebaea0d0ad7d89f
0,,,0,,,1,1.347131471e-09,2.0025371103762796e-06,0,,,2026-07-15 14:00:00,0x411efb0e7f985935daec3d4c3ebaea0d0ad7d89f
0,,,2,0.08570342359617789,4.391773900775999,0,,,0,,,2026-07-15 15:00:00,0x411efb0e7f985935daec3d4c3ebaea0d0ad7d89f
0,,,0,,,0,,,0,,,2026-07-15 16:00:00,0x411efb0e7f985935daec3d4c3ebaea0d0ad7d89f
0,,,0,,,0,,,0,,,2026-07-15 17:00:00,0x411efb0e7f985935daec3d4c3ebaea0d0ad7d89f
0,,,0,,,0,,,1,1.347131471e-09,2.0025371103762796e-06,2026-07-15 18:00:00,0x411efb0e7f985935daec3d4c3ebaea0d0ad7d89f
0,,,1,0.013063490411779347,0.67398274092,0,,,0,,,2026-07-15 19:00:00,0x411efb0e7f985935daec3d4c3ebaea0d0ad7d89f
0,,,0,,,0,,,0,,,2026-07-15 20:00:00,0x411efb0e7f985935daec3d4c3ebaea0d0ad7d89f
0,,,0,,,5,0.31441835595584094,16.55245451969,0,,,2026-07-15 21:00:00,0x411efb0e7f985935daec3d4c3ebaea0d0ad7d89f
1,0.07174453075718563,3.811179409424,0,,,0,,,0,,,2026-07-15 22:00:00,0x411efb0e7f985935daec3d4c3ebaea0d0ad7d89f
0,,,0,,,2,0.08570342359617789,4.391773900775999,0,,,2026-07-15 23:00:00,0x411efb0e7f985935daec3d4c3ebaea0d0ad7d89f
0,,,0,,,0,,,0,,,2026-07-16 00:00:00,0x411efb0e7f985935daec3d4c3ebaea0d0ad7d89f
1,0.05728300325212417,2.927805696959,0,,,0,,,5,0.31441835595584094,16.55245451969,2026-07-16 01:00:00,0x411efb0e7f985935daec3d4c3ebaea0d0ad7d89f
0,,,0,,,0,,,0,,,2026-07-16 02:00:00,0x411efb0e7f985935daec3d4c3ebaea0d0ad7d89f
0,,,1,0.098706622747858,56.260201083161,1,0.013063490411779347,0.67398274092,2,0.08570342359617789,4.391773900775999,2026-07-16 03:00:00,0x411efb0e7f985935daec3d4c3ebaea0d0ad7d89f
0,,,0,,,0,,,0,,,2026-07-16 04:00:00,0x411efb0e7f985935daec3d4c3ebaea0d0ad7d89f
0,,,1,0.027114970088530085,1.4349827746100001,0,,,0,,,2026-07-16 05:00:00,0x411efb0e7f985935daec3d4c3ebaea0d0ad7d89f
0,,,0,,,0,,,0,,,2026-07-16 06:00:00,0x411efb0e7f985935daec3d4c3ebaea0d0ad7d89f
0,,,1,0.3675271193051567,18.603773102256,0,,,1,0.013063490411779347,0.67398274092,2026-07-16 07:00:00,0x411efb0e7f985935daec3d4c3ebaea0d0ad7d89f
0,,,0,,,0,,,0,,,2026-07-16 08:00:00,0x411efb0e7f985935daec3d4c3ebaea0d0ad7d89f
0,,,0,,,0,,,0,,,2026-07-16 09:00:00,0x411efb0e7f985935daec3d4c3ebaea0d0ad7d89f
0,,,0,,,0,,,0,,,2026-07-16 10:00:00,0x411efb0e7f985935daec3d4c3ebaea0d0ad7d89f
0,,,0,,,1,0.098706622747858,56.260201083161,0,,,2026-07-16 11:00:00,0x411efb0e7f985935daec3d4c3ebaea0d0ad7d89f
0,,,0,,,0,,,0,,,2026-07-16 12:00:00,0x411efb0e7f985935daec3d4c3ebaea0d0ad7d89f
2,0.9333857142887616,47.403982042414,0,,,1,0.027114970088530085,1.4349827746100001,0,,,2026-07-16 13:00:00,0x411efb0e7f985935daec3d4c3ebaea0d0ad7d89f
0,,,0,,,0,,,0,,,2026-07-16 14:00:00,0x411efb0e7f985935daec3d4c3ebaea0d0ad7d89f
1,0.6551759868901145,34.58113467268699,0,,,1,0.3675271193051567,18.603773102256,1,0.098706622747858,56.260201083161,2026-07-16 15:00:00,0x411efb0e7f985935daec3d4c3ebaea0d0ad7d89f
0,,,0,,,0,,,0,,,2026-07-16 16:00:00,0x411efb0e7f985935daec3d4c3ebaea0d0ad7d89f
0,,,0,,,0,,,1,0.027114970088530085,1.4349827746100001,2026-07-16 17:00:00,0x411efb0e7f985935daec3d4c3ebaea0d0ad7d89f
1,0.36589970239087394,18.5733511656,0,,,0,,,0,,,2026-07-16 18:00:00,0x411efb0e7f985935daec3d4c3ebaea0d0ad7d89f
1,0.37698020613057326,18.982055726775002,0,,,0,,,1,0.3675271193051567,18.603773102256,2026-07-16 19:00:00,0x411efb0e7f985935daec3d4c3ebaea0d0ad7d89f
0,,,0,,,0,,,0,,,2026-07-16 20:00:00,0x411efb0e7f985935daec3d4c3ebaea0d0ad7d89f
1,0.7809975797265025,39.083245351331996,0,,,0,,,0,,,2026-07-16 21:00:00,0x411efb0e7f985935daec3d4c3ebaea0d0ad7d89f
0,,,3,5.885648443364719,307.205713182349,0,,,0,,,2026-07-16 22:00:00,0x411efb0e7f985935daec3d4c3ebaea0d0ad7d89f
0,,,0,,,0,,,0,,,2026-07-16 23:00:00,0x411efb0e7f985935daec3d4c3ebaea0d0ad7d89f
0,,,0,,,0,,,0,,,2026-07-17 00:00:00,0x411efb0e7f985935daec3d4c3ebaea0d0ad7d89f
0,,,0,,,0,,,0,,,2026-07-17 01:00:00,0x411efb0e7f985935daec3d4c3ebaea0d0ad7d89f
0,,,0,,,0,,,0,,,2026-07-17 02:00:00,0x411efb0e7f985935daec3d4c3ebaea0d0ad7d89f
0,,,0,,,0,,,0,,,2026-07-17 03:00:00,0x411efb0e7f985935daec3d4c3ebaea0d0ad7d89f
0,,,0,,,0,,,0,,,2026-07-17 04:00:00,0x411efb0e7f985935daec3d4c3ebaea0d0ad7d89f
0,,,0,,,0,,,0,,,2026-07-17 05:00:00,0x411efb0e7f985935daec3d4c3ebaea0d0ad7d89f
0,,,0,,,3,5.885648443364719,307.205713182349,0,,,2026-07-17 06:00:00,0x411efb0e7f985935daec3d4c3ebaea0d0ad7d89f
0,,,1,0.00191356878471969,0.10019297433600001,0,,,0,,,2026-07-17 07:00:00,0x411efb0e7f985935daec3d4c3ebaea0d0ad7d89f
0,,,0,,,0,,,0,,,2026-07-17 08:00:00,0x411efb0e7f985935daec3d4c3ebaea0d0ad7d89f
0,,,0,,,0,,,0,,,2026-07-17 09:00:00,0x411efb0e7f985935daec3d4c3ebaea0d0ad7d89f
1,0.1998,10.043805490512,1,0.000399879816330604,0.020488700791,0,,,3,5.885648443364719,307.205713182349,2026-07-17 10:00:00,0x411efb0e7f985935daec3d4c3ebaea0d0ad7d89f
0,,,0,,,0,,,0,,,2026-07-17 11:00:00,0x411efb0e7f985935daec3d4c3ebaea0d0ad7d89f
0,,,0,,,0,,,0,,,2026-07-17 12:00:00,0x411efb0e7f985935daec3d4c3ebaea0d0ad7d89f
0,,,0,,,0,,,0,,,2026-07-17 13:00:00,0x411efb0e7f985935daec3d4c3ebaea0d0ad7d89f
0,,,0,,,0,,,0,,,2026-07-17 14:00:00,0x411efb0e7f985935daec3d4c3ebaea0d0ad7d89f
0,,,0,,,1,0.00191356878471969,0.10019297433600001,0,,,2026-07-17 15:00:00,0x411efb0e7f985935daec3d4c3ebaea0d0ad7d89f
0,,,0,,,0,,,0,,,2026-07-17 16:00:00,0x411efb0e7f985935daec3d4c3ebaea0d0ad7d89f
0,,,0,,,0,,,0,,,2026-07-17 17:00:00,0x411efb0e7f985935daec3d4c3ebaea0d0ad7d89f
0,,,0,,,1,0.000399879816330604,0.020488700791,0,,,2026-07-17 18:00:00,0x411efb0e7f985935daec3d4c3ebaea0d0ad7d89f
0,,,0,,,0,,,1,0.00191356878471969,0.10019297433600001,2026-07-17 19:00:00,0x411efb0e7f985935daec3d4c3ebaea0d0ad7d89f
0,,,0,,,0,,,0,,,2026-07-17 20:00:00,0x411efb0e7f985935daec3d4c3ebaea0d0ad7d89f
0,,,0,,,0,,,0,,,2026-07-17 21:00:00,0x411efb0e7f985935daec3d4c3ebaea0d0ad7d89f
0,,,0,,,0,,,1,0.000399879816330604,0.020488700791,2026-07-17 22:00:00,0x411efb0e7f985935daec3d4c3ebaea0d0ad7d89f
0,,,0,,,0,,,0,,,2026-07-17 23:00:00,0x411efb0e7f985935daec3d4c3ebaea0d0ad7d89f
0,,,1,0.0713858081033997,3.5840709169980003,0,,,0,,,2026-07-18 00:00:00,0x411efb0e7f985935daec3d4c3ebaea0d0ad7d89f
0,,,0,,,0,,,0,,,2026-07-18 01:00:00,0x411efb0e7f985935daec3d4c3ebaea0d0ad7d89f
0,,,0,,,0,,,0,,,2026-07-18 02:00:00,0x411efb0e7f985935daec3d4c3ebaea0d0ad7d89f
0,,,0,,,0,,,0,,,2026-07-18 03:00:00,0x411efb0e7f985935daec3d4c3ebaea0d0ad7d89f
0,,,0,,,0,,,0,,,2026-07-18 04:00:00,0x411efb0e7f985935daec3d4c3ebaea0d0ad7d89f
0,,,1,0.001852837057578525,0.094718283068,0,,,0,,,2026-07-18 05:00:00,0x411efb0e7f985935daec3d4c3ebaea0d0ad7d89f
0,,,0,,,0,,,0,,,2026-07-18 06:00:00,0x411efb0e7f985935daec3d4c3ebaea0d0ad7d89f
0,,,0,,,0,,,0,,,2026-07-18 07:00:00,0x411efb0e7f985935daec3d4c3ebaea0d0ad7d89f
0,,,0,,,1,0.0713858081033997,3.5840709169980003,0,,,2026-07-18 08:00:00,0x411efb0e7f985935daec3d4c3ebaea0d0ad7d89f
0,,,0,,,0,,,0,,,2026-07-18 09:00:00,0x411efb0e7f985935daec3d4c3ebaea0d0ad7d89f
0,,,0,,,0,,,0,,,2026-07-18 10:00:00,0x411efb0e7f985935daec3d4c3ebaea0d0ad7d89f
0,,,0,,,0,,,0,,,2026-07-18 11:00:00,0x411efb0e7f985935daec3d4c3ebaea0d0ad7d89f
0,,,0,,,0,,,1,0.0713858081033997,3.5840709169980003,2026-07-18 12:00:00,0x411efb0e7f985935daec3d4c3ebaea0d0ad7d89f
0,,,0,,,1,0.001852837057578525,0.094718283068,0,,,2026-07-18 13:00:00,0x411efb0e7f985935daec3d4c3ebaea0d0ad7d89f
1,0.001865334800743506,0.09589689376800001,1,0.40772856956008213,20.678815213504,0,,,0,,,2026-07-18 14:00:00,0x411efb0e7f985935daec3d4c3ebaea0d0ad7d89f
0,,,0,,,0,,,0,,,2026-07-18 15:00:00,0x411efb0e7f985935daec3d4c3ebaea0d0ad7d89f
0,,,0,,,0,,,0,,,2026-07-18 16:00:00,0x411efb0e7f985935daec3d4c3ebaea0d0ad7d89f
0,,,0,,,0,,,1,0.001852837057578525,0.094718283068,2026-07-18 17:00:00,0x411efb0e7f985935daec3d4c3ebaea0d0ad7d89f
0,,,0,,,0,,,0,,,2026-07-18 18:00:00,0x411efb0e7f985935daec3d4c3ebaea0d0ad7d89f
0,,,0,,,0,,,0,,,2026-07-18 19:00:00,0x411efb0e7f985935daec3d4c3ebaea0d0ad7d89f
0,,,0,,,0,,,0,,,2026-07-18 20:00:00,0x411efb0e7f985935daec3d4c3ebaea0d0ad7d89f
0,,,0,,,0,,,0,,,2026-07-18 21:00:00,0x411efb0e7f985935daec3d4c3ebaea0d0ad7d89f
0,,,0,,,1,0.40772856956008213,20.678815213504,0,,,2026-07-18 22:00:00,0x411efb0e7f985935daec3d4c3ebaea0d0ad7d89f
2,2.87480325485991,150.33334345382502,0,,,0,,,0,,,2026-07-18 23:00:00,0x411efb0e7f985935daec3d4c3ebaea0d0ad7d89f
0,,,0,,,0,,,0,,,2026-07-19 00:00:00,0x411efb0e7f985935daec3d4c3ebaea0d0ad7d89f
0,,,0,,,0,,,0,,,2026-07-19 01:00:00,0x411efb0e7f985935daec3d4c3ebaea0d0ad7d89f
0,,,0,,,0,,,1,0.40772856956008213,20.678815213504,2026-07-19 02:00:00,0x411efb0e7f985935daec3d4c3ebaea0d0ad7d89f
0,,,0,,,0,,,0,,,2026-07-19 03:00:00,0x411efb0e7f985935daec3d4c3ebaea0d0ad7d89f
0,,,0,,,0,,,0,,,2026-07-19 04:00:00,0x411efb0e7f985935daec3d4c3ebaea0d0ad7d89f
0,,,0,,,0,,,0,,,2026-07-19 05:00:00,0x411efb0e7f985935daec3d4c3ebaea0d0ad7d89f
0,,,0,,,0,,,0,,,2026-07-19 06:00:00,0x411efb0e7f985935daec3d4c3ebaea0d0ad7d89f
0,,,1,0.19809637120761453,10.031620135859999,0,,,0,,,2026-07-19 07:00:00,0x411efb0e7f985935daec3d4c3ebaea0d0ad7d89f
0,,,2,0.6026918704178649,30.368363088309998,0,,,0,,,2026-07-19 08:00:00,0x411efb0e7f985935daec3d4c3ebaea0d0ad7d89f
0,,,18,10.040529760311292,521.2516500827911,0,,,0,,,2026-07-19 09:00:00,0x411efb0e7f985935daec3d4c3ebaea0d0ad7d89f
0,,,3,1.0454963939100086,54.487583343764996,0,,,0,,,2026-07-19 10:00:00,0x411efb0e7f985935daec3d4c3ebaea0d0ad7d89f
0,,,0,,,0,,,0,,,2026-07-19 11:00:00,0x411efb0e7f985935daec3d4c3ebaea0d0ad7d89f
0,,,0,,,0,,,0,,,2026-07-19 12:00:00,0x411efb0e7f985935daec3d4c3ebaea0d0ad7d89f
0,,,0,,,0,,,0,,,2026-07-19 13:00:00,0x411efb0e7f985935daec3d4c3ebaea0d0ad7d89f
0,,,0,,,0,,,0,,,2026-07-19 14:00:00,0x411efb0e7f985935daec3d4c3ebaea0d0ad7d89f
0,,,2,1.161877135400909,59.87239920678,1,0.19809637120761453,10.031620135859999,0,,,2026-07-19 15:00:00,0x411efb0e7f985935daec3d4c3ebaea0d0ad7d89f
0,,,0,,,2,0.6026918704178649,30.368363088309998,0,,,2026-07-19 16:00:00,0x411efb0e7f985935daec3d4c3ebaea0d0ad7d89f
3,0.5395466513005762,28.176847022775004,0,,,18,10.040529760311292,521.2516500827911,0,,,2026-07-19 17:00:00,0x411efb0e7f985935daec3d4c3ebaea0d0ad7d89f
0,,,0,,,3,1.0454963939100086,54.487583343764996,0,,,2026-07-19 18:00:00,0x411efb0e7f985935daec3d4c3ebaea0d0ad7d89f
0,,,0,,,0,,,1,0.19809637120761453,10.031620135859999,2026-07-19 19:00:00,0x411efb0e7f985935daec3d4c3ebaea0d0ad7d89f
0,,,0,,,0,,,2,0.6026918704178649,30.368363088309998,2026-07-19 20:00:00,0x411efb0e7f985935daec3d4c3ebaea0d0ad7d89f
1,1.9773029624968987,97.006086305061,0,,,0,,,18,10.040529760311292,521.2516500827911,2026-07-19 21:00:00,0x411efb0e7f985935daec3d4c3ebaea0d0ad7d89f
0,,,2,0.000221904864905426,0.011357293712,0,,,3,1.0454963939100086,54.487583343764996,2026-07-19 22:00:00,0x411efb0e7f985935daec3d4c3ebaea0d0ad7d89f
0,,,0,,,2,1.161877135400909,59.87239920678,0,,,2026-07-19 23:00:00,0x411efb0e7f985935daec3d4c3ebaea0d0ad7d89f
2,0.7269398198006848,36.974049652731,2,0.8501377987957514,43.981707890159996,0,,,0,,,2026-07-20 00:00:00,0x411efb0e7f985935daec3d4c3ebaea0d0ad7d89f
3,4.288516882357287,216.551737606398,0,,,0,,,0,,,2026-07-20 01:00:00,0x411efb0e7f985935daec3d4c3ebaea0d0ad7d89f
1,0.46313760919879443,23.753186862768004,0,,,0,,,0,,,2026-07-20 02:00:00,0x411efb0e7f985935daec3d4c3ebaea0d0ad7d89f
0,,,0,,,0,,,2,1.161877135400909,59.87239920678,2026-07-20 03:00:00,0x411efb0e7f985935daec3d4c3ebaea0d0ad7d89f
0,,,0,,,0,,,0,,,2026-07-20 04:00:00,0x411efb0e7f985935daec3d4c3ebaea0d0ad7d89f
0,,,0,,,0,,,0,,,2026-07-20 05:00:00,0x411efb0e7f985935daec3d4c3ebaea0d0ad7d89f
0,,,61,93.29266960540627,4884.3395629831775,2,0.000221904864905426,0.011357293712,0,,,2026-07-20 06:00:00,0x411efb0e7f985935daec3d4c3ebaea0d0ad7d89f
1,0.000666607227445966,0.034122257144,32,41.878113702146166,2127.0061482184387,0,,,0,,,2026-07-20 07:00:00,0x411efb0e7f985935daec3d4c3ebaea0d0ad7d89f
0,,,2,1.8182631587488784,94.30401023666401,2,0.8501377987957514,43.981707890159996,0,,,2026-07-20 08:00:00,0x411efb0e7f985935daec3d4c3ebaea0d0ad7d89f
0,,,3,1.6189712452299638,83.22580464688801,0,,,0,,,2026-07-20 09:00:00,0x411efb0e7f985935daec3d4c3ebaea0d0ad7d89f
4,0.3810214831526145,19.06202057508,0,,,0,,,2,0.000221904864905426,0.011357293712,2026-07-20 10:00:00,0x411efb0e7f985935daec3d4c3ebaea0d0ad7d89f
0,,,2,0.7242932133982762,36.467327109141,0,,,0,,,2026-07-20 11:00:00,0x411efb0e7f985935daec3d4c3ebaea0d0ad7d89f
0,,,1,0.10797205018505308,5.4354034144289995,0,,,2,0.8501377987957514,43.981707890159996,2026-07-20 12:00:00,0x411efb0e7f985935daec3d4c3ebaea0d0ad7d89f
0,,,3,2.34925441549016,120.55761467067599,0,,,0,,,2026-07-20 13:00:00,0x411efb0e7f985935daec3d4c3ebaea0d0ad7d89f
0,,,0,,,61,93.29266960540627,4884.3395629831775,0,,,2026-07-20 14:00:00,0x411efb0e7f985935daec3d4c3ebaea0d0ad7d89f
0,,,6,8.569927542714526,445.02844683213,32,41.878113702146166,2127.0061482184387,0,,,2026-07-20 15:00:00,0x411efb0e7f985935daec3d4c3ebaea0d0ad7d89f
0,,,4,2.1084924173645443,109.81555419855802,2,1.8182631587488784,94.30401023666401,0,,,2026-07-20 16:00:00,0x411efb0e7f985935daec3d4c3ebaea0d0ad7d89f
0,,,0,,,3,1.6189712452299638,83.22580464688801,0,,,2026-07-20 17:00:00,0x411efb0e7f985935daec3d4c3ebaea0d0ad7d89f
68,111.10788170963872,5697.4362136303325,3,5.072885725146788,266.106101436848,0,,,61,93.29266960540627,4884.3395629831775,2026-07-20 18:00:00,0x411efb0e7f985935daec3d4c3ebaea0d0ad7d89f
6,3.102233274003939,156.756137859271,4,5.762877451031919,306.064606280562,2,0.7242932133982762,36.467327109141,32,41.878113702146166,2127.0061482184387,2026-07-20 19:00:00,0x411efb0e7f985935daec3d4c3ebaea0d0ad7d89f
12,10.86386169567673,550.65867624926,3,4.514229916449473,240.543942513226,1,0.10797205018505308,5.4354034144289995,2,1.8182631587488784,94.30401023666401,2026-07-20 20:00:00,0x411efb0e7f985935daec3d4c3ebaea0d0ad7d89f
5,1.8516255498715393,94.437583351783,0,,,3,2.34925441549016,120.55761467067599,3,1.6189712452299638,83.22580464688801,2026-07-20 21:00:00,0x411efb0e7f985935daec3d4c3ebaea0d0ad7d89f
5,1.7522361318718829,88.21274598307201,2,5.602038684519168,300.2802,0,,,0,,,2026-07-20 22:00:00,0x411efb0e7f985935daec3d4c3ebaea0d0ad7d89f
2,0.8791346012704517,44.220135169422996,0,,,6,8.569927542714526,445.02844683213,2,0.7242932133982762,36.467327109141,2026-07-20 23:00:00,0x411efb0e7f985935daec3d4c3ebaea0d0ad7d89f
0,,,2,2.5380278837702748,136.404006255986,4,2.1084924173645443,109.81555419855802,1,0.10797205018505308,5.4354034144289995,2026-07-21 00:00:00,0x411efb0e7f985935daec3d4c3ebaea0d0ad7d89f
2,4.2893490298540575,221.16935813430496,2,1.681303267337132,90.553105959384,0,,,3,2.34925441549016,120.55761467067599,2026-07-21 01:00:00,0x411efb0e7f985935daec3d4c3ebaea0d0ad7d89f
0,,,3,5.336666008393712,283.375579062688,3,5.072885725146788,266.106101436848,0,,,2026-07-21 02:00:00,0x411efb0e7f985935daec3d4c3ebaea0d0ad7d89f
0,,,0,,,4,5.762877451031919,306.064606280562,6,8.569927542714526,445.02844683213,2026-07-21 03:00:00,0x411efb0e7f985935daec3d4c3ebaea0d0ad7d89f
0,,,0,,,3,4.514229916449473,240.543942513226,4,2.1084924173645443,109.81555419855802,2026-07-21 04:00:00,0x411efb0e7f985935daec3d4c3ebaea0d0ad7d89f
4,4.750655307527008,247.48319181960002,0,,,0,,,0,,,2026-07-21 05:00:00,0x411efb0e7f985935daec3d4c3ebaea0d0ad7d89f
11,15.783292388687078,832.964174362768,2,1.7369636779257631,93.206828219595,2,5.602038684519168,300.2802,3,5.072885725146788,266.106101436848,2026-07-21 06:00:00,0x411efb0e7f985935daec3d4c3ebaea0d0ad7d89f
1,0.07275573914940776,3.868042035186,0,,,0,,,4,5.762877451031919,306.064606280562,2026-07-21 07:00:00,0x411efb0e7f985935daec3d4c3ebaea0d0ad7d89f
5,18.546386294359646,975.3111619018889,3,2.666080068595109,144.61501295005,2,2.5380278837702748,136.404006255986,3,4.514229916449473,240.543942513226,2026-07-21 08:00:00,0x411efb0e7f985935daec3d4c3ebaea0d0ad7d89f
2,2.3410926546164794,125.082895820547,1,2.2821868001342,123.67996291085599,2,1.681303267337132,90.553105959384,0,,,2026-07-21 09:00:00,0x411efb0e7f985935daec3d4c3ebaea0d0ad7d89f
0,,,2,1.4997891263159535,81.46993758515,3,5.336666008393712,283.375579062688,2,5.602038684519168,300.2802,2026-07-21 10:00:00,0x411efb0e7f985935daec3d4c3ebaea0d0ad7d89f
0,,,3,3.184551528139621,170.73371517771497,0,,,0,,,2026-07-21 11:00:00,0x411efb0e7f985935daec3d4c3ebaea0d0ad7d89f
1,0.777867645702047,41.865612269018996,1,0.04617012041020254,2.4590352336,0,,,2,2.5380278837702748,136.404006255986,2026-07-21 12:00:00,0x411efb0e7f985935daec3d4c3ebaea0d0ad7d89f
0,,,2,1.6444041354016212,88.957989547466,0,,,2,1.681303267337132,90.553105959384,2026-07-21 13:00:00,0x411efb0e7f985935daec3d4c3ebaea0d0ad7d89f
0,,,2,1.337065158581748,72.941280158631,2,1.7369636779257631,93.206828219595,3,5.336666008393712,283.375579062688,2026-07-21 14:00:00,0x411efb0e7f985935daec3d4c3ebaea0d0ad7d89f
2,1.4545666092942673,78.24134466427,1,0.014050031404712247,0.75253015836,0,,,0,,,2026-07-21 15:00:00,0x411efb0e7f985935daec3d4c3ebaea0d0ad7d89f
2,0.6929188140540642,37.350412392222,0,,,3,2.666080068595109,144.61501295005,0,,,2026-07-21 16:00:00,0x411efb0e7f985935daec3d4c3ebaea0d0ad7d89f
0,,,1,0.7006286584890438,38.306006087437,1,2.2821868001342,123.67996291085599,0,,,2026-07-21 17:00:00,0x411efb0e7f985935daec3d4c3ebaea0d0ad7d89f
1,0.7996308952288783,43.180983814529,2,0.48430026036399615,26.510130061159,2,1.4997891263159535,81.46993758515,2,1.7369636779257631,93.206828219595,2026-07-21 18:00:00,0x411efb0e7f985935daec3d4c3ebaea0d0ad7d89f
7,4.08532570801294,219.97276520698696,3,2.4982419578490256,134.51930974492998,3,3.184551528139621,170.73371517771497,0,,,2026-07-21 19:00:00,0x411efb0e7f985935daec3d4c3ebaea0d0ad7d89f
2,5.046356364169085,269.07482449409804,2,1.7668210273462048,94.58080329389999,1,0.04617012041020254,2.4590352336,3,2.666080068595109,144.61501295005,2026-07-21 20:00:00,0x411efb0e7f985935daec3d4c3ebaea0d0ad7d89f
3,1.4227646942412977,77.206447387998,8,1.3573566408554567,72.744022086192,2,1.6444041354016212,88.957989547466,1,2.2821868001342,123.67996291085599,2026-07-21 21:00:00,0x411efb0e7f985935daec3d4c3ebaea0d0ad7d89f
3,3.4450981366536486,186.200751444033,0,,,2,1.337065158581748,72.941280158631,2,1.4997891263159535,81.46993758515,2026-07-21 22:00:00,0x411efb0e7f985935daec3d4c3ebaea0d0ad7d89f
2,3.3856500213058345,182.27644846297198,0,,,1,0.014050031404712247,0.75253015836,3,3.184551528139621,170.73371517771497,2026-07-21 23:00:00,0x411efb0e7f985935daec3d4c3ebaea0d0ad7d89f
0,,,1,0.0132433806237734,0.11027177994000001,0,,,0,,,2026-07-15 00:00:00,0x5f10a1c971b69e47e059e1dc91901b59b3fb49c3
1,0.12276065856946548,1.033612780809,2,0.000100252821224645,0.000832476844,0,,,0,,,2026-07-15 01:00:00,0x5f10a1c971b69e47e059e1dc91901b59b3fb49c3
2,0.007403813919020951,0.00023363310882904058,0,,,0,,,0,,,2026-07-15 02:00:00,0x5f10a1c971b69e47e059e1dc91901b59b3fb49c3
0,,,0,,,1,0.000108801539774585,0.0009069422399999999,0,,,2026-07-15 03:00:00,0x5f10a1c971b69e47e059e1dc91901b59b3fb49c3
0,,,0,,,0,,,0,,,2026-07-15 04:00:00,0x5f10a1c971b69e47e059e1dc91901b59b3fb49c3
0,,,1,5.172314822924e-06,0.0001908929087528782,0,,,0,,,2026-07-15 05:00:00,0x5f10a1c971b69e47e059e1dc91901b59b3fb49c3
0,,,0,,,0,,,0,,,2026-07-15 06:00:00,0x5f10a1c971b69e47e059e1dc91901b59b3fb49c3
0,,,2,0.016027637668987633,1.531877685116676e-05,0,,,1,0.000108801539774585,0.0009069422399999999,2026-07-15 07:00:00,0x5f10a1c971b69e47e059e1dc91901b59b3fb49c3
0,,,14,0.002228137829790752,129.45891015936073,1,0.0132433806237734,0.11027177994000001,0,,,2026-07-15 08:00:00,0x5f10a1c971b69e47e059e1dc91901b59b3fb49c3
1,0.000593442840081761,0.004948590533,11,0.000966188980522613,39.878212780598304,2,0.000100252821224645,0.000832476844,0,,,2026-07-15 09:00:00,0x5f10a1c971b69e47e059e1dc91901b59b3fb49c3
0,,,8,2.7672038281925e-05,12.515918417970836,0,,,0,,,2026-07-15 10:00:00,0x5f10a1c971b69e47e059e1dc91901b59b3fb49c3
0,,,4,1.9659368911775998e-05,5.111381160547409,0,,,0,,,2026-07-15 11:00:00,0x5f10a1c971b69e47e059e1dc91901b59b3fb49c3
0,,,8,4.5279375182544996e-05,40.72563604244618,0,,,1,0.0132433806237734,0.11027177994000001,2026-07-15 12:00:00,0x5f10a1c971b69e47e059e1dc91901b59b3fb49c3
0,,,1,9.5503043182932e-05,0.000791707154,1,5.172314822924e-06,0.0001908929087528782,2,0.000100252821224645,0.000832476844,2026-07-15 13:00:00,0x5f10a1c971b69e47e059e1dc91901b59b3fb49c3
0,,,1,0.000219421682258397,4.642872818932e-06,0,,,0,,,2026-07-15 14:00:00,0x5f10a1c971b69e47e059e1dc91901b59b3fb49c3
0,,,8,0.0369032717358447,0.009462219023049393,2,0.016027637668987633,1.531877685116676e-05,0,,,2026-07-15 15:00:00,0x5f10a1c971b69e47e059e1dc91901b59b3fb49c3
0,,,0,,,14,0.002228137829790752,129.45891015936073,0,,,2026-07-15 16:00:00,0x5f10a1c971b69e47e059e1dc91901b59b3fb49c3
2,0.01892223982226119,0.157139660808,0,,,11,0.000966188980522613,39.878212780598304,1,5.172314822924e-06,0.0001908929087528782,2026-07-15 17:00:00,0x5f10a1c971b69e47e059e1dc91901b59b3fb49c3
1,0.000133597612086195,0.0003036793742281006,0,,,8,2.7672038281925e-05,12.515918417970836,0,,,2026-07-15 18:00:00,0x5f10a1c971b69e47e059e1dc91901b59b3fb49c3
5,0.000173294984545505,30.166522614405,0,,,4,1.9659368911775998e-05,5.111381160547409,2,0.016027637668987633,1.531877685116676e-05,2026-07-15 19:00:00,0x5f10a1c971b69e47e059e1dc91901b59b3fb49c3
15,0.00024917202338213697,53.86262457015858,0,,,8,4.5279375182544996e-05,40.72563604244618,14,0.002228137829790752,129.45891015936073,2026-07-15 20:00:00,0x5f10a1c971b69e47e059e1dc91901b59b3fb49c3
16,0.0005365650161643502,20.877488718237636,0,,,1,9.5503043182932e-05,0.000791707154,11,0.000966188980522613,39.878212780598304,2026-07-15 21:00:00,0x5f10a1c971b69e47e059e1dc91901b59b3fb49c3
8,3.728933734166799e-05,11.635664772207706,0,,,1,0.000219421682258397,4.642872818932e-06,8,2.7672038281925e-05,12.515918417970836,2026-07-15 22:00:00,0x5f10a1c971b69e47e059e1dc91901b59b3fb49c3
7,2.3949933974338004e-05,40.54225173015844,0,,,8,0.0369032717358447,0.009462219023049393,4,1.9659368911775998e-05,5.111381160547409,2026-07-15 23:00:00,0x5f10a1c971b69e47e059e1dc91901b59b3fb49c3
12,0.00041385182697840396,40.74062040345764,2,0.00048659561336292803,0.004038916626,0,,,8,4.5279375182544996e-05,40.72563604244618,2026-07-16 00:00:00,0x5f10a1c971b69e47e059e1dc91901b59b3fb49c3
1,0.000123604859685867,7.833928790409853e-05,1,0.012189269122556336,0.101168995885,0,,,1,9.5503043182932e-05,0.000791707154,2026-07-16 01:00:00,0x5f10a1c971b69e47e059e1dc91901b59b3fb49c3
1,4.385157225142e-06,3.6039528e-05,0,,,0,,,1,0.000219421682258397,4.642872818932e-06,2026-07-16 02:00:00,0x5f10a1c971b69e47e059e1dc91901b59b3fb49c3
2,5.3601579675466e-05,0.009351906578115682,0,,,0,,,8,0.0369032717358447,0.009462219023049393,2026-07-16 03:00:00,0x5f10a1c971b69e47e059e1dc91901b59b3fb49c3
1,0.000744019906865626,0.006170515348000001,0,,,0,,,0,,,2026-07-16 04:00:00,0x5f10a1c971b69e47e059e1dc91901b59b3fb49c3
1,1.1933362491184e-05,9.806027e-05,0,,,0,,,0,,,2026-07-16 05:00:00,0x5f10a1c971b69e47e059e1dc91901b59b3fb49c3
0,,,1,0.000492226598661348,0.004075669844,0,,,0,,,2026-07-16 06:00:00,0x5f10a1c971b69e47e059e1dc91901b59b3fb49c3
0,,,2,0.002804732295081781,0.023224434172,0,,,0,,,2026-07-16 07:00:00,0x5f10a1c971b69e47e059e1dc91901b59b3fb49c3
0,,,0,,,2,0.00048659561336292803,0.004038916626,0,,,2026-07-16 08:00:00,0x5f10a1c971b69e47e059e1dc91901b59b3fb49c3
0,,,0,,,1,0.012189269122556336,0.101168995885,0,,,2026-07-16 09:00:00,0x5f10a1c971b69e47e059e1dc91901b59b3fb49c3
1,0.001122622476968161,0.931411585124,0,,,0,,,0,,,2026-07-16 10:00:00,0x5f10a1c971b69e47e059e1dc91901b59b3fb49c3
0,,,0,,,0,,,0,,,2026-07-16 11:00:00,0x5f10a1c971b69e47e059e1dc91901b59b3fb49c3
0,,,1,0.001692312730117453,0.013888053046,0,,,2,0.00048659561336292803,0.004038916626,2026-07-16 12:00:00,0x5f10a1c971b69e47e059e1dc91901b59b3fb49c3
0,,,0,,,0,,,1,0.012189269122556336,0.101168995885,2026-07-16 13:00:00,0x5f10a1c971b69e47e059e1dc91901b59b3fb49c3
0,,,3,0.05084361999025303,0.416469508784,1,0.000492226598661348,0.004075669844,0,,,2026-07-16 14:00:00,0x5f10a1c971b69e47e059e1dc91901b59b3fb49c3
0,,,1,0.2594904358624112,2.03940999995,2,0.002804732295081781,0.023224434172,0,,,2026-07-16 15:00:00,0x5f10a1c971b69e47e059e1dc91901b59b3fb49c3
0,,,0,,,0,,,0,,,2026-07-16 16:00:00,0x5f10a1c971b69e47e059e1dc91901b59b3fb49c3
1,0.000190702771334168,1.4450730170786207e-05,0,,,0,,,0,,,2026-07-16 17:00:00,0x5f10a1c971b69e47e059e1dc91901b59b3fb49c3
3,9.620070308869999e-05,0.0007948115849999999,0,,,0,,,1,0.000492226598661348,0.004075669844,2026-07-16 18:00:00,0x5f10a1c971b69e47e059e1dc91901b59b3fb49c3
0,,,0,,,0,,,2,0.002804732295081781,0.023224434172,2026-07-16 19:00:00,0x5f10a1c971b69e47e059e1dc91901b59b3fb49c3
0,,,0,,,1,0.001692312730117453,0.013888053046,0,,,2026-07-16 20:00:00,0x5f10a1c971b69e47e059e1dc91901b59b3fb49c3
1,0.000166227831679182,0.0013775672640000001,0,,,0,,,0,,,2026-07-16 21:00:00,0x5f10a1c971b69e47e059e1dc91901b59b3fb49c3
0,,,0,,,3,0.05084361999025303,0.416469508784,0,,,2026-07-16 22:00:00,0x5f10a1c971b69e47e059e1dc91901b59b3fb49c3
1,0.04085783902438314,0.337676303797,1,3.8856019858086e-05,0.029887168739999997,1,0.2594904358624112,2.03940999995,0,,,2026-07-16 23:00:00,0x5f10a1c971b69e47e059e1dc91901b59b3fb49c3
0,,,0,,,0,,,1,0.001692312730117453,0.013888053046,2026-07-17 00:00:00,0x5f10a1c971b69e47e059e1dc91901b59b3fb49c3
3,0.00262634191276634,0.021453091103713285,0,,,0,,,0,,,2026-07-17 01:00:00,0x5f10a1c971b69e47e059e1dc91901b59b3fb49c3
1,0.09288301121947132,0.751812986148,0,,,0,,,3,0.05084361999025303,0.416469508784,2026-07-17 02:00:00,0x5f10a1c971b69e47e059e1dc91901b59b3fb49c3
1,0.004199039106851098,0.03237421009599999,2,0.005367719435896287,0.04126019066,0,,,1,0.2594904358624112,2.03940999995,2026-07-17 03:00:00,0x5f10a1c971b69e47e059e1dc91901b59b3fb49c3
0,,,1,0.002888251098075215,0.022163829296,0,,,0,,,2026-07-17 04:00:00,0x5f10a1c971b69e47e059e1dc91901b59b3fb49c3
0,,,1,0.001620069183518561,0.012467213270000001,0,,,0,,,2026-07-17 05:00:00,0x5f10a1c971b69e47e059e1dc91901b59b3fb49c3
0,,,1,6.388944636925e-06,0.010435482362816863,0,,,0,,,2026-07-17 06:00:00,0x5f10a1c971b69e47e059e1dc91901b59b3fb49c3
0,,,3,0.000374565853193815,0.24977794948970944,1,3.8856019858086e-05,0.029887168739999997,0,,,2026-07-17 07:00:00,0x5f10a1c971b69e47e059e1dc91901b59b3fb49c3
0,,,3,0.0015187851846686581,0.011625154104000002,0,,,0,,,2026-07-17 08:00:00,0x5f10a1c971b69e47e059e1dc91901b59b3fb49c3
0,,,1,0.000440573155018641,0.004969918007974731,0,,,0,,,2026-07-17 09:00:00,0x5f10a1c971b69e47e059e1dc91901b59b3fb49c3
0,,,0,,,0,,,0,,,2026-07-17 10:00:00,0x5f10a1c971b69e47e059e1dc91901b59b3fb49c3
0,,,0,,,2,0.005367719435896287,0.04126019066,1,3.8856019858086e-05,0.029887168739999997,2026-07-17 11:00:00,0x5f10a1c971b69e47e059e1dc91901b59b3fb49c3
0,,,1,0.000255263915140138,0.001729108526,1,0.002888251098075215,0.022163829296,0,,,2026-07-17 12:00:00,0x5f10a1c971b69e47e059e1dc91901b59b3fb49c3
0,,,0,,,1,0.001620069183518561,0.012467213270000001,0,,,2026-07-17 13:00:00,0x5f10a1c971b69e47e059e1dc91901b59b3fb49c3
6,0.009803892685293402,0.11481070854378123,1,1.4288048818792e-05,9.6109056e-05,1,6.388944636925e-06,0.010435482362816863,0,,,2026-07-17 14:00:00,0x5f10a1c971b69e47e059e1dc91901b59b3fb49c3
3,0.010152688388656418,0.06992360387214984,0,,,3,0.000374565853193815,0.24977794948970944,2,0.005367719435896287,0.04126019066,2026-07-17 15:00:00,0x5f10a1c971b69e47e059e1dc91901b59b3fb49c3
0,,,0,,,3,0.0015187851846686581,0.011625154104000002,1,0.002888251098075215,0.022163829296,2026-07-17 16:00:00,0x5f10a1c971b69e47e059e1dc91901b59b3fb49c3
1,0.002841851769990292,0.021799919222000003,0,,,1,0.000440573155018641,0.004969918007974731,1,0.001620069183518561,0.012467213270000001,2026-07-17 17:00:00,0x5f10a1c971b69e47e059e1dc91901b59b3fb49c3
1,4.9635894643483e-05,0.000133436455199826,1,0.000597301035095537,0.004043249028,0,,,1,6.388944636925e-06,0.010435482362816863,2026-07-17 18:00:00,0x5f10a1c971b69e47e059e1dc91901b59b3fb49c3
0,,,0,,,0,,,3,0.000374565853193815,0.24977794948970944,2026-07-17 19:00:00,0x5f10a1c971b69e47e059e1dc91901b59b3fb49c3
0,,,0,,,1,0.000255263915140138,0.001729108526,3,0.0015187851846686581,0.011625154104000002,2026-07-17 20:00:00,0x5f10a1c971b69e47e059e1dc91901b59b3fb49c3
1,0.00947490682670973,0.072510552732,1,0.000540815928323849,0.003659497731,0,,,1,0.000440573155018641,0.004969918007974731,2026-07-17 21:00:00,0x5f10a1c971b69e47e059e1dc91901b59b3fb49c3
2,0.01079087316001483,0.08249911331700001,0,,,1,1.4288048818792e-05,9.6109056e-05,0,,,2026-07-17 22:00:00,0x5f10a1c971b69e47e059e1dc91901b59b3fb49c3
1,4.5206580376073e-05,0.00030558559999999997,0,,,0,,,0,,,2026-07-17 23:00:00,0x5f10a1c971b69e47e059e1dc91901b59b3fb49c3
0,,,0,,,0,,,1,0.000255263915140138,0.001729108526,2026-07-18 00:00:00,0x5f10a1c971b69e47e059e1dc91901b59b3fb49c3
0,,,0,,,0,,,0,,,2026-07-18 01:00:00,0x5f10a1c971b69e47e059e1dc91901b59b3fb49c3
0,,,0,,,1,0.000597301035095537,0.004043249028,1,1.4288048818792e-05,9.6109056e-05,2026-07-18 02:00:00,0x5f10a1c971b69e47e059e1dc91901b59b3fb49c3
0,,,0,,,0,,,0,,,2026-07-18 03:00:00,0x5f10a1c971b69e47e059e1dc91901b59b3fb49c3
0,,,0,,,0,,,0,,,2026-07-18 04:00:00,0x5f10a1c971b69e47e059e1dc91901b59b3fb49c3
0,,,0,,,1,0.000540815928323849,0.003659497731,0,,,2026-07-18 05:00:00,0x5f10a1c971b69e47e059e1dc91901b59b3fb49c3
1,0.000484163563556323,0.0032797622399999998,0,,,0,,,1,0.000597301035095537,0.004043249028,2026-07-18 06:00:00,0x5f10a1c971b69e47e059e1dc91901b59b3fb49c3
0,,,0,,,0,,,0,,,2026-07-18 07:00:00,0x5f10a1c971b69e47e059e1dc91901b59b3fb49c3
1,0.001631400078503209,0.012442989782000001,0,,,0,,,0,,,2026-07-18 08:00:00,0x5f10a1c971b69e47e059e1dc91901b59b3fb49c3
0,,,0,,,0,,,1,0.000540815928323849,0.003659497731,2026-07-18 09:00:00,0x5f10a1c971b69e47e059e1dc91901b59b3fb49c3
0,,,0,,,0,,,0,,,2026-07-18 10:00:00,0x5f10a1c971b69e47e059e1dc91901b59b3fb49c3
0,,,0,,,0,,,0,,,2026-07-18 11:00:00,0x5f10a1c971b69e47e059e1dc91901b59b3fb49c3
0,,,1,6.813883399539e-06,4.6025484e-05,0,,,0,,,2026-07-18 12:00:00,0x5f10a1c971b69e47e059e1dc91901b59b3fb49c3
0,,,1,9.90468458979e-07,6.000282e-06,0,,,0,,,2026-07-18 13:00:00,0x5f10a1c971b69e47e059e1dc91901b59b3fb49c3
0,,,1,0.0009539335424596,0.00645347655,0,,,0,,,2026-07-18 14:00:00,0x5f10a1c971b69e47e059e1dc91901b59b3fb49c3
0,,,1,0.024472101101899353,0.16538947565099998,0,,,0,,,2026-07-18 15:00:00,0x5f10a1c971b69e47e059e1dc91901b59b3fb49c3
0,,,1,1.6612060699712e-05,0.000111928432,0,,,0,,,2026-07-18 16:00:00,0x5f10a1c971b69e47e059e1dc91901b59b3fb49c3
2,0.026538398158520722,0.596391153146,0,,,0,,,0,,,2026-07-18 17:00:00,0x5f10a1c971b69e47e059e1dc91901b59b3fb49c3
0,,,0,,,0,,,0,,,2026-07-18 18:00:00,0x5f10a1c971b69e47e059e1dc91901b59b3fb49c3
0,,,0,,,0,,,0,,,2026-07-18 19:00:00,0x5f10a1c971b69e47e059e1dc91901b59b3fb49c3
0,,,0,,,1,6.813883399539e-06,4.6025484e-05,0,,,2026-07-18 20:00:00,0x5f10a1c971b69e47e059e1dc91901b59b3fb49c3
0,,,0,,,1,9.90468458979e-07,6.000282e-06,0,,,2026-07-18 21:00:00,0x5f10a1c971b69e47e059e1dc91901b59b3fb49c3
0,,,0,,,1,0.0009539335424596,0.00645347655,0,,,2026-07-18 22:00:00,0x5f10a1c971b69e47e059e1dc91901b59b3fb49c3
2,0.0008145481036863399,0.005510256704999999,0,,,1,0.024472101101899353,0.16538947565099998,0,,,2026-07-18 23:00:00,0x5f10a1c971b69e47e059e1dc91901b59b3fb49c3
1,2.832721664348e-05,0.0002151806,0,,,1,1.6612060699712e-05,0.000111928432,1,6.813883399539e-06,4.6025484e-05,2026-07-19 00:00:00,0x5f10a1c971b69e47e059e1dc91901b59b3fb49c3
0,,,0,,,0,,,1,9.90468458979e-07,6.000282e-06,2026-07-19 01:00:00,0x5f10a1c971b69e47e059e1dc91901b59b3fb49c3
0,,,0,,,0,,,1,0.0009539335424596,0.00645347655,2026-07-19 02:00:00,0x5f10a1c971b69e47e059e1dc91901b59b3fb49c3
0,,,0,,,0,,,1,0.024472101101899353,0.16538947565099998,2026-07-19 03:00:00,0x5f10a1c971b69e47e059e1dc91901b59b3fb49c3
0,,,0,,,0,,,1,1.6612060699712e-05,0.000111928432,2026-07-19 04:00:00,0x5f10a1c971b69e47e059e1dc91901b59b3fb49c3
0,,,0,,,0,,,0,,,2026-07-19 05:00:00,0x5f10a1c971b69e47e059e1dc91901b59b3fb49c3
0,,,0,,,0,,,0,,,2026-07-19 06:00:00,0x5f10a1c971b69e47e059e1dc91901b59b3fb49c3
1,4.1819177891852e-05,0.000281184617,2,0.002036009057226024,0.013703079798,0,,,0,,,2026-07-19 07:00:00,0x5f10a1c971b69e47e059e1dc91901b59b3fb49c3
0,,,2,0.0015102384715380498,0.01173888405583825,0,,,0,,,2026-07-19 08:00:00,0x5f10a1c971b69e47e059e1dc91901b59b3fb49c3
0,,,1,2.9241175025217e-05,0.000195972952,0,,,0,,,2026-07-19 09:00:00,0x5f10a1c971b69e47e059e1dc91901b59b3fb49c3
1,0.007781900129314546,0.052440965184,5,0.011829893342292508,434.4358764058034,0,,,0,,,2026-07-19 10:00:00,0x5f10a1c971b69e47e059e1dc91901b59b3fb49c3
4,0.00048738995237944903,84.91581998791128,0,,,0,,,0,,,2026-07-19 11:00:00,0x5f10a1c971b69e47e059e1dc91901b59b3fb49c3
0,,,1,1.3313604881375e-05,0.00010770335737250359,0,,,0,,,2026-07-19 12:00:00,0x5f10a1c971b69e47e059e1dc91901b59b3fb49c3
0,,,0,,,0,,,0,,,2026-07-19 13:00:00,0x5f10a1c971b69e47e059e1dc91901b59b3fb49c3
0,,,0,,,0,,,0,,,2026-07-19 14:00:00,0x5f10a1c971b69e47e059e1dc91901b59b3fb49c3
0,,,1,4.467038214581e-06,3.001272e-05,2,0.002036009057226024,0.013703079798,0,,,2026-07-19 15:00:00,0x5f10a1c971b69e47e059e1dc91901b59b3fb49c3
0,,,1,3.110027540646e-06,2.000934e-05,2,0.0015102384715380498,0.01173888405583825,0,,,2026-07-19 16:00:00,0x5f10a1c971b69e47e059e1dc91901b59b3fb49c3
1,0.003716469441381834,0.02502712155,0,,,1,2.9241175025217e-05,0.000195972952,0,,,2026-07-19 17:00:00,0x5f10a1c971b69e47e059e1dc91901b59b3fb49c3
0,,,2,0.09216209153421953,0.6934557252700001,5,0.011829893342292508,434.4358764058034,0,,,2026-07-19 18:00:00,0x5f10a1c971b69e47e059e1dc91901b59b3fb49c3
0,,,2,0.005296984857950049,0.036450711808000004,0,,,2,0.002036009057226024,0.013703079798,2026-07-19 19:00:00,0x5f10a1c971b69e47e059e1dc91901b59b3fb49c3
0,,,0,,,1,1.3313604881375e-05,0.00010770335737250359,2,0.0015102384715380498,0.01173888405583825,2026-07-19 20:00:00,0x5f10a1c971b69e47e059e1dc91901b59b3fb49c3
0,,,0,,,0,,,1,2.9241175025217e-05,0.000195972952,2026-07-19 21:00:00,0x5f10a1c971b69e47e059e1dc91901b59b3fb49c3
0,,,0,,,0,,,5,0.011829893342292508,434.4358764058034,2026-07-19 22:00:00,0x5f10a1c971b69e47e059e1dc91901b59b3fb49c3
0,,,0,,,1,4.467038214581e-06,3.001272e-05,0,,,2026-07-19 23:00:00,0x5f10a1c971b69e47e059e1dc91901b59b3fb49c3
0,,,0,,,1,3.110027540646e-06,2.000934e-05,1,1.3313604881375e-05,0.00010770335737250359,2026-07-20 00:00:00,0x5f10a1c971b69e47e059e1dc91901b59b3fb49c3
1,6.3909565458304e-05,0.00043020209999999995,0,,,0,,,0,,,2026-07-20 01:00:00,0x5f10a1c971b69e47e059e1dc91901b59b3fb49c3
0,,,0,,,2,0.09216209153421953,0.6934557252700001,0,,,2026-07-20 02:00:00,0x5f10a1c971b69e47e059e1dc91901b59b3fb49c3
0,,,0,,,2,0.005296984857950049,0.036450711808000004,1,4.467038214581e-06,3.001272e-05,2026-07-20 03:00:00,0x5f10a1c971b69e47e059e1dc91901b59b3fb49c3
0,,,0,,,0,,,1,3.110027540646e-06,2.000934e-05,2026-07-20 04:00:00,0x5f10a1c971b69e47e059e1dc91901b59b3fb49c3
0,,,0,,,0,,,0,,,2026-07-20 05:00:00,0x5f10a1c971b69e47e059e1dc91901b59b3fb49c3
0,,,0,,,0,,,2,0.09216209153421953,0.6934557252700001,2026-07-20 06:00:00,0x5f10a1c971b69e47e059e1dc91901b59b3fb49c3
0,,,0,,,0,,,2,0.005296984857950049,0.036450711808000004,2026-07-20 07:00:00,0x5f10a1c971b69e47e059e1dc91901b59b3fb49c3
0,,,0,,,0,,,0,,,2026-07-20 08:00:00,0x5f10a1c971b69e47e059e1dc91901b59b3fb49c3
0,,,0,,,0,,,0,,,2026-07-20 09:00:00,0x5f10a1c971b69e47e059e1dc91901b59b3fb49c3
1,0.001620542517823612,0.0112341551,1,0.00250556919277514,0.029186258349822074,0,,,0,,,2026-07-20 10:00:00,0x5f10a1c971b69e47e059e1dc91901b59b3fb49c3
0,,,0,,,0,,,0,,,2026-07-20 11:00:00,0x5f10a1c971b69e47e059e1dc91901b59b3fb49c3
0,,,0,,,0,,,0,,,2026-07-20 12:00:00,0x5f10a1c971b69e47e059e1dc91901b59b3fb49c3
0,,,1,0.06772924579378664,0.7892826308368903,0,,,0,,,2026-07-20 13:00:00,0x5f10a1c971b69e47e059e1dc91901b59b3fb49c3
2,0.09615292024028359,0.712832274567,2,0.01552236158910411,0.18025914340360985,0,,,0,,,2026-07-20 14:00:00,0x5f10a1c971b69e47e059e1dc91901b59b3fb49c3
0,,,0,,,0,,,0,,,2026-07-20 15:00:00,0x5f10a1c971b69e47e059e1dc91901b59b3fb49c3
0,,,0,,,0,,,0,,,2026-07-20 16:00:00,0x5f10a1c971b69e47e059e1dc91901b59b3fb49c3
0,,,0,,,0,,,0,,,2026-07-20 17:00:00,0x5f10a1c971b69e47e059e1dc91901b59b3fb49c3
0,,,0,,,1,0.00250556919277514,0.029186258349822074,0,,,2026-07-20 18:00:00,0x5f10a1c971b69e47e059e1dc91901b59b3fb49c3
0,,,0,,,0,,,0,,,2026-07-20 19:00:00,0x5f10a1c971b69e47e059e1dc91901b59b3fb49c3
0,,,0,,,0,,,0,,,2026-07-20 20:00:00,0x5f10a1c971b69e47e059e1dc91901b59b3fb49c3
0,,,0,,,1,0.06772924579378664,0.7892826308368903,0,,,2026-07-20 21:00:00,0x5f10a1c971b69e47e059e1dc91901b59b3fb49c3
0,,,0,,,2,0.01552236158910411,0.18025914340360985,1,0.00250556919277514,0.029186258349822074,2026-07-20 22:00:00,0x5f10a1c971b69e47e059e1dc91901b59b3fb49c3
0,,,0,,,0,,,0,,,2026-07-20 23:00:00,0x5f10a1c971b69e47e059e1dc91901b59b3fb49c3
0,,,0,,,0,,,0,,,2026-07-21 00:00:00,0x5f10a1c971b69e47e059e1dc91901b59b3fb49c3
0,,,0,,,0,,,1,0.06772924579378664,0.7892826308368903,2026-07-21 01:00:00,0x5f10a1c971b69e47e059e1dc91901b59b3fb49c3
0,,,0,,,0,,,2,0.01552236158910411,0.18025914340360985,2026-07-21 02:00:00,0x5f10a1c971b69e47e059e1dc91901b59b3fb49c3
1,0.016170989245896022,0.18861053127254512,0,,,0,,,0,,,2026-07-21 03:00:00,0x5f10a1c971b69e47e059e1dc91901b59b3fb49c3
0,,,0,,,0,,,0,,,2026-07-21 04:00:00,0x5f10a1c971b69e47e059e1dc91901b59b3fb49c3
0,,,0,,,0,,,0,,,2026-07-21 05:00:00,0x5f10a1c971b69e47e059e1dc91901b59b3fb49c3
0,,,1,0.2861558321773876,3.2975776367850003,0,,,0,,,2026-07-21 06:00:00,0x5f10a1c971b69e47e059e1dc91901b59b3fb49c3
0,,,0,,,0,,,0,,,2026-07-21 07:00:00,0x5f10a1c971b69e47e059e1dc91901b59b3fb49c3
0,,,0,,,0,,,0,,,2026-07-21 08:00:00,0x5f10a1c971b69e47e059e1dc91901b59b3fb49c3
0,,,0,,,0,,,0,,,2026-07-21 09:00:00,0x5f10a1c971b69e47e059e1dc91901b59b3fb49c3
0,,,0,,,0,,,0,,,2026-07-21 10:00:00,0x5f10a1c971b69e47e059e1dc91901b59b3fb49c3
0,,,0,,,0,,,0,,,2026-07-21 11:00:00,0x5f10a1c971b69e47e059e1dc91901b59b3fb49c3
0,,,0,,,0,,,0,,,2026-07-21 12:00:00,0x5f10a1c971b69e47e059e1dc91901b59b3fb49c3
1,0.000709581007957391,0.008361177973565085,1,3.5221007309e-08,5.8314110544368e-07,0,,,0,,,2026-07-21 13:00:00,0x5f10a1c971b69e47e059e1dc91901b59b3fb49c3
0,,,0,,,1,0.2861558321773876,3.2975776367850003,0,,,2026-07-21 14:00:00,0x5f10a1c971b69e47e059e1dc91901b59b3fb49c3
0,,,0,,,0,,,0,,,2026-07-21 15:00:00,0x5f10a1c971b69e47e059e1dc91901b59b3fb49c3
0,,,0,,,0,,,0,,,2026-07-21 16:00:00,0x5f10a1c971b69e47e059e1dc91901b59b3fb49c3
10,0.0009920937368881032,4.093292848303453,0,,,0,,,0,,,2026-07-21 17:00:00,0x5f10a1c971b69e47e059e1dc91901b59b3fb49c3
0,,,0,,,0,,,1,0.2861558321773876,3.2975776367850003,2026-07-21 18:00:00,0x5f10a1c971b69e47e059e1dc91901b59b3fb49c3
0,,,0,,,0,,,0,,,2026-07-21 19:00:00,0x5f10a1c971b69e47e059e1dc91901b59b3fb49c3
0,,,0,,,0,,,0,,,2026-07-21 20:00:00,0x5f10a1c971b69e47e059e1dc91901b59b3fb49c3
0,,,1,0.000561856036510234,0.006339204113471534,1,3.5221007309e-08,5.8314110544368e-07,0,,,2026-07-21 21:00:00,0x5f10a1c971b69e47e059e1dc91901b59b3fb49c3
0,,,0,,,0,,,0,,,2026-07-21 22:00:00,0x5f10a1c971b69e47e059e1dc91901b59b3fb49c3
0,,,1,5.3112312663e-08,6.032136231975501e-07,0,,,0,,,2026-07-21 23:00:00,0x5f10a1c971b69e47e059e1dc91901b59b3fb49c3
0,,,0,,,0,,,0,,,2026-07-15 00:00:00,0x6330d8c3178a418788df01a47479c0ce7ccf450b
1,0.06461862842172804,1.6393888818345974,0,,,0,,,0,,,2026-07-15 01:00:00,0x6330d8c3178a418788df01a47479c0ce7ccf450b
1,0.001870206848546898,0.046927094225395184,0,,,0,,,0,,,2026-07-15 02:00:00,0x6330d8c3178a418788df01a47479c0ce7ccf450b
0,,,0,,,0,,,0,,,2026-07-15 03:00:00,0x6330d8c3178a418788df01a47479c0ce7ccf450b
0,,,0,,,0,,,0,,,2026-07-15 04:00:00,0x6330d8c3178a418788df01a47479c0ce7ccf450b
0,,,1,5.651573417e-09,9.9978004278351e-07,0,,,0,,,2026-07-15 05:00:00,0x6330d8c3178a418788df01a47479c0ce7ccf450b
0,,,0,,,0,,,0,,,2026-07-15 06:00:00,0x6330d8c3178a418788df01a47479c0ce7ccf450b
0,,,0,,,0,,,0,,,2026-07-15 07:00:00,0x6330d8c3178a418788df01a47479c0ce7ccf450b
0,,,7,0.001626690359368827,129.43895845127568,0,,,0,,,2026-07-15 08:00:00,0x6330d8c3178a418788df01a47479c0ce7ccf450b
0,,,10,1.8943583309208997e-05,39.80217470048789,0,,,0,,,2026-07-15 09:00:00,0x6330d8c3178a418788df01a47479c0ce7ccf450b
0,,,6,5.545755780134001e-06,12.514986648757139,0,,,0,,,2026-07-15 10:00:00,0x6330d8c3178a418788df01a47479c0ce7ccf450b
0,,,2,1.844918543943e-06,5.11022700103071,0,,,0,,,2026-07-15 11:00:00,0x6330d8c3178a418788df01a47479c0ce7ccf450b
0,,,8,4.802727240293e-06,40.72630309701283,0,,,0,,,2026-07-15 12:00:00,0x6330d8c3178a418788df01a47479c0ce7ccf450b
0,,,0,,,1,5.651573417e-09,9.9978004278351e-07,0,,,2026-07-15 13:00:00,0x6330d8c3178a418788df01a47479c0ce7ccf450b
0,,,0,,,0,,,0,,,2026-07-15 14:00:00,0x6330d8c3178a418788df01a47479c0ce7ccf450b
0,,,5,4.1281120834643005e-05,0.0020612026481026066,0,,,0,,,2026-07-15 15:00:00,0x6330d8c3178a418788df01a47479c0ce7ccf450b
0,,,1,4.6731960842603e-05,0.0012014038352602383,7,0.001626690359368827,129.43895845127568,0,,,2026-07-15 16:00:00,0x6330d8c3178a418788df01a47479c0ce7ccf450b
0,,,0,,,10,1.8943583309208997e-05,39.80217470048789,1,5.651573417e-09,9.9978004278351e-07,2026-07-15 17:00:00,0x6330d8c3178a418788df01a47479c0ce7ccf450b
0,,,0,,,6,5.545755780134001e-06,12.514986648757139,0,,,2026-07-15 18:00:00,0x6330d8c3178a418788df01a47479c0ce7ccf450b
2,6.180413272634e-06,30.129930480355476,0,,,2,1.844918543943e-06,5.11022700103071,0,,,2026-07-15 19:00:00,0x6330d8c3178a418788df01a47479c0ce7ccf450b
9,2.2347859924792e-05,53.82684482244649,0,,,8,4.802727240293e-06,40.72630309701283,7,0.001626690359368827,129.43895845127568,2026-07-15 20:00:00,0x6330d8c3178a418788df01a47479c0ce7ccf450b
7,8.403825020401999e-06,20.74548206882931,0,,,0,,,10,1.8943583309208997e-05,39.80217470048789,2026-07-15 21:00:00,0x6330d8c3178a418788df01a47479c0ce7ccf450b
6,6.341933285701e-06,11.634932452655379,0,,,0,,,6,5.545755780134001e-06,12.514986648757139,2026-07-15 22:00:00,0x6330d8c3178a418788df01a47479c0ce7ccf450b
6,4.4359654656430004e-06,40.54160590708754,0,,,5,4.1281120834643005e-05,0.0020612026481026066,2,1.844918543943e-06,5.11022700103071,2026-07-15 23:00:00,0x6330d8c3178a418788df01a47479c0ce7ccf450b
4,2.846631040169e-06,40.738391318535236,0,,,1,4.6731960842603e-05,0.0012014038352602383,8,4.802727240293e-06,40.72630309701283,2026-07-16 00:00:00,0x6330d8c3178a418788df01a47479c0ce7ccf450b
1,0.19998910825588068,505.32714318319,1,0.005918726271162456,0.21994832715,0,,,0,,,2026-07-16 01:00:00,0x6330d8c3178a418788df01a47479c0ce7ccf450b
0,,,1,0.001517027313216512,0.05624450008,0,,,0,,,2026-07-16 02:00:00,0x6330d8c3178a418788df01a47479c0ce7ccf450b
0,,,0,,,0,,,5,4.1281120834643005e-05,0.0020612026481026066,2026-07-16 03:00:00,0x6330d8c3178a418788df01a47479c0ce7ccf450b
0,,,0,,,0,,,1,4.6731960842603e-05,0.0012014038352602383,2026-07-16 04:00:00,0x6330d8c3178a418788df01a47479c0ce7ccf450b
0,,,1,0.06798638595992296,2.481802394643,0,,,0,,,2026-07-16 05:00:00,0x6330d8c3178a418788df01a47479c0ce7ccf450b
0,,,0,,,0,,,0,,,2026-07-16 06:00:00,0x6330d8c3178a418788df01a47479c0ce7ccf450b
0,,,1,0.07595743412373977,2.680206441462,0,,,0,,,2026-07-16 07:00:00,0x6330d8c3178a418788df01a47479c0ce7ccf450b
0,,,0,,,0,,,0,,,2026-07-16 08:00:00,0x6330d8c3178a418788df01a47479c0ce7ccf450b
0,,,0,,,1,0.005918726271162456,0.21994832715,0,,,2026-07-16 09:00:00,0x6330d8c3178a418788df01a47479c0ce7ccf450b
0,,,0,,,1,0.001517027313216512,0.05624450008,0,,,2026-07-16 10:00:00,0x6330d8c3178a418788df01a47479c0ce7ccf450b
0,,,0,,,0,,,0,,,2026-07-16 11:00:00,0x6330d8c3178a418788df01a47479c0ce7ccf450b
0,,,1,0.4216925950119154,13.214928793444,0,,,0,,,2026-07-16 12:00:00,0x6330d8c3178a418788df01a47479c0ce7ccf450b
0,,,0,,,1,0.06798638595992296,2.481802394643,1,0.005918726271162456,0.21994832715,2026-07-16 13:00:00,0x6330d8c3178a418788df01a47479c0ce7ccf450b
0,,,2,0.06718465730544575,1.8915228724293423,0,,,1,0.001517027313216512,0.05624450008,2026-07-16 14:00:00,0x6330d8c3178a418788df01a47479c0ce7ccf450b
0,,,0,,,1,0.07595743412373977,2.680206441462,0,,,2026-07-16 15:00:00,0x6330d8c3178a418788df01a47479c0ce7ccf450b
0,,,0,,,0,,,0,,,2026-07-16 16:00:00,0x6330d8c3178a418788df01a47479c0ce7ccf450b
1,8.7833696960963e-05,0.0022082905659596063,0,,,0,,,1,0.06798638595992296,2.481802394643,2026-07-16 17:00:00,0x6330d8c3178a418788df01a47479c0ce7ccf450b
2,0.07860142206555343,93.85300055684401,1,0.000111547568296058,0.003054921788957406,0,,,0,,,2026-07-16 18:00:00,0x6330d8c3178a418788df01a47479c0ce7ccf450b
0,,,0,,,0,,,1,0.07595743412373977,2.680206441462,2026-07-16 19:00:00,0x6330d8c3178a418788df01a47479c0ce7ccf450b
0,,,0,,,1,0.4216925950119154,13.214928793444,0,,,2026-07-16 20:00:00,0x6330d8c3178a418788df01a47479c0ce7ccf450b
0,,,0,,,0,,,0,,,2026-07-16 21:00:00,0x6330d8c3178a418788df01a47479c0ce7ccf450b
0,,,0,,,2,0.06718465730544575,1.8915228724293423,0,,,2026-07-16 22:00:00,0x6330d8c3178a418788df01a47479c0ce7ccf450b
1,0.020217990820258484,0.698939844891,1,0.000285601998572609,0.35006595281677927,0,,,0,,,2026-07-16 23:00:00,0x6330d8c3178a418788df01a47479c0ce7ccf450b
0,,,0,,,0,,,1,0.4216925950119154,13.214928793444,2026-07-17 00:00:00,0x6330d8c3178a418788df01a47479c0ce7ccf450b
1,0.07253572710904632,2.0448757433360005,0,,,0,,,0,,,2026-07-17 01:00:00,0x6330d8c3178a418788df01a47479c0ce7ccf450b
0,,,0,,,1,0.000111547568296058,0.003054921788957406,2,0.06718465730544575,1.8915228724293423,2026-07-17 02:00:00,0x6330d8c3178a418788df01a47479c0ce7ccf450b
0,,,1,0.001439769250557987,0.039945628317000006,0,,,0,,,2026-07-17 03:00:00,0x6330d8c3178a418788df01a47479c0ce7ccf450b
1,0.000279586057315386,0.007758732776474859,0,,,0,,,0,,,2026-07-17 04:00:00,0x6330d8c3178a418788df01a47479c0ce7ccf450b
0,,,0,,,0,,,0,,,2026-07-17 05:00:00,0x6330d8c3178a418788df01a47479c0ce7ccf450b
0,,,0,,,0,,,1,0.000111547568296058,0.003054921788957406,2026-07-17 06:00:00,0x6330d8c3178a418788df01a47479c0ce7ccf450b
0,,,2,0.010674014626524819,0.39390035405179535,1,0.000285601998572609,0.35006595281677927,0,,,2026-07-17 07:00:00,0x6330d8c3178a418788df01a47479c0ce7ccf450b
0,,,3,0.04395605797964808,1.202572391412,0,,,0,,,2026-07-17 08:00:00,0x6330d8c3178a418788df01a47479c0ce7ccf450b
0,,,0,,,0,,,0,,,2026-07-17 09:00:00,0x6330d8c3178a418788df01a47479c0ce7ccf450b
0,,,0,,,0,,,0,,,2026-07-17 10:00:00,0x6330d8c3178a418788df01a47479c0ce7ccf450b
0,,,0,,,1,0.001439769250557987,0.039945628317000006,1,0.000285601998572609,0.35006595281677927,2026-07-17 11:00:00,0x6330d8c3178a418788df01a47479c0ce7ccf450b
0,,,3,0.6080805562957883,13.99927439843953,0,,,0,,,2026-07-17 12:00:00,0x6330d8c3178a418788df01a47479c0ce7ccf450b
0,,,2,0.000224616449595043,0.18318566788989282,0,,,0,,,2026-07-17 13:00:00,0x6330d8c3178a418788df01a47479c0ce7ccf450b
3,0.0037697010157452062,0.104809484422,1,0.15569967608188,3.502249297768,0,,,0,,,2026-07-17 14:00:00,0x6330d8c3178a418788df01a47479c0ce7ccf450b
1,0.002227487055746299,0.061776860026,0,,,2,0.010674014626524819,0.39390035405179535,1,0.001439769250557987,0.039945628317000006,2026-07-17 15:00:00,0x6330d8c3178a418788df01a47479c0ce7ccf450b
0,,,0,,,3,0.04395605797964808,1.202572391412,0,,,2026-07-17 16:00:00,0x6330d8c3178a418788df01a47479c0ce7ccf450b
0,,,0,,,0,,,0,,,2026-07-17 17:00:00,0x6330d8c3178a418788df01a47479c0ce7ccf450b
1,0.017451888277826743,21.773902398213224,1,0.09580066600372061,2.058686076062,0,,,0,,,2026-07-17 18:00:00,0x6330d8c3178a418788df01a47479c0ce7ccf450b
2,0.3347250307925748,9.123429605363194,1,0.001020832775118507,0.022257731945142724,0,,,2,0.010674014626524819,0.39390035405179535,2026-07-17 19:00:00,0x6330d8c3178a418788df01a47479c0ce7ccf450b
0,,,0,,,3,0.6080805562957883,13.99927439843953,3,0.04395605797964808,1.202572391412,2026-07-17 20:00:00,0x6330d8c3178a418788df01a47479c0ce7ccf450b
2,0.005033422423513081,0.13559263492723306,3,0.02085226920438485,0.4540483940748462,2,0.000224616449595043,0.18318566788989282,0,,,2026-07-17 21:00:00,0x6330d8c3178a418788df01a47479c0ce7ccf450b
4,0.15625749682232062,4.101464179583999,0,,,1,0.15569967608188,3.502249297768,0,,,2026-07-17 22:00:00,0x6330d8c3178a418788df01a47479c0ce7ccf450b
2,0.3467858000136437,8.752219061792829,1,0.046816982806667455,1.010444544095611,0,,,0,,,2026-07-17 23:00:00,0x6330d8c3178a418788df01a47479c0ce7ccf450b
0,,,1,0.01039690021833252,9.295656525569012,0,,,3,0.6080805562957883,13.99927439843953,2026-07-18 00:00:00,0x6330d8c3178a418788df01a47479c0ce7ccf450b
3,0.40999915754992705,3.248172274801663,1,0.03758528925549527,34.82239514893448,0,,,2,0.000224616449595043,0.18318566788989282,2026-07-18 01:00:00,0x6330d8c3178a418788df01a47479c0ce7ccf450b
0,,,0,,,1,0.09580066600372061,2.058686076062,1,0.15569967608188,3.502249297768,2026-07-18 02:00:00,0x6330d8c3178a418788df01a47479c0ce7ccf450b
0,,,3,0.06779987828190093,2.52874477531,1,0.001020832775118507,0.022257731945142724,0,,,2026-07-18 03:00:00,0x6330d8c3178a418788df01a47479c0ce7ccf450b
0,,,0,,,0,,,0,,,2026-07-18 04:00:00,0x6330d8c3178a418788df01a47479c0ce7ccf450b
0,,,0,,,3,0.02085226920438485,0.4540483940748462,0,,,2026-07-18 05:00:00,0x6330d8c3178a418788df01a47479c0ce7ccf450b
2,0.009960469853438998,9.582930655427177,1,0.1751918420944064,6.437154607416001,0,,,1,0.09580066600372061,2.058686076062,2026-07-18 06:00:00,0x6330d8c3178a418788df01a47479c0ce7ccf450b
0,,,0,,,1,0.046816982806667455,1.010444544095611,1,0.001020832775118507,0.022257731945142724,2026-07-18 07:00:00,0x6330d8c3178a418788df01a47479c0ce7ccf450b
1,0.000733427153615188,0.0159746824716833,0,,,1,0.01039690021833252,9.295656525569012,0,,,2026-07-18 08:00:00,0x6330d8c3178a418788df01a47479c0ce7ccf450b
0,,,1,0.000832387948963636,0.01871701220646635,1,0.03758528925549527,34.82239514893448,3,0.02085226920438485,0.4540483940748462,2026-07-18 09:00:00,0x6330d8c3178a418788df01a47479c0ce7ccf450b
0,,,0,,,0,,,0,,,2026-07-18 10:00:00,0x6330d8c3178a418788df01a47479c0ce7ccf450b
2,0.34355508858895445,7.1196955653067135,0,,,3,0.06779987828190093,2.52874477531,1,0.046816982806667455,1.010444544095611,2026-07-18 11:00:00,0x6330d8c3178a418788df01a47479c0ce7ccf450b
0,,,2,0.00229483184466747,0.083365832622,0,,,1,0.01039690021833252,9.295656525569012,2026-07-18 12:00:00,0x6330d8c3178a418788df01a47479c0ce7ccf450b
0,,,1,4.63548433885e-07,1.6000751999999996e-05,0,,,1,0.03758528925549527,34.82239514893448,2026-07-18 13:00:00,0x6330d8c3178a418788df01a47479c0ce7ccf450b
1,0.028363647821324774,27.54376648585326,1,0.012325045419256645,0.2771280703082105,1,0.1751918420944064,6.437154607416001,0,,,2026-07-18 14:00:00,0x6330d8c3178a418788df01a47479c0ce7ccf450b
0,,,0,,,0,,,3,0.06779987828190093,2.52874477531,2026-07-18 15:00:00,0x6330d8c3178a418788df01a47479c0ce7ccf450b
0,,,1,7.7242387224e-06,0.00027982108,0,,,0,,,2026-07-18 16:00:00,0x6330d8c3178a418788df01a47479c0ce7ccf450b
1,0.012866563776161905,0.478058303711,0,,,1,0.000832387948963636,0.01871701220646635,0,,,2026-07-18 17:00:00,0x6330d8c3178a418788df01a47479c0ce7ccf450b
1,0.000225584331084232,0.0050575292087142116,0,,,0,,,1,0.1751918420944064,6.437154607416001,2026-07-18 18:00:00,0x6330d8c3178a418788df01a47479c0ce7ccf450b
0,,,1,0.05406475066430524,1.95443037426,0,,,0,,,2026-07-18 19:00:00,0x6330d8c3178a418788df01a47479c0ce7ccf450b
0,,,0,,,2,0.00229483184466747,0.083365832622,0,,,2026-07-18 20:00:00,0x6330d8c3178a418788df01a47479c0ce7ccf450b
0,,,2,0.0042740083256272675,0.140267207236,1,4.63548433885e-07,1.6000751999999996e-05,1,0.000832387948963636,0.01871701220646635,2026-07-18 21:00:00,0x6330d8c3178a418788df01a47479c0ce7ccf450b
0,,,0,,,1,0.012325045419256645,0.2771280703082105,0,,,2026-07-18 22:00:00,0x6330d8c3178a418788df01a47479c0ce7ccf450b
3,0.001178731888688823,0.042836804838,0,,,0,,,0,,,2026-07-18 23:00:00,0x6330d8c3178a418788df01a47479c0ce7ccf450b
0,,,0,,,1,7.7242387224e-06,0.00027982108,2,0.00229483184466747,0.083365832622,2026-07-19 00:00:00,0x6330d8c3178a418788df01a47479c0ce7ccf450b
0,,,1,0.062116587226401634,2.31343872651,0,,,1,4.63548433885e-07,1.6000751999999996e-05,2026-07-19 01:00:00,0x6330d8c3178a418788df01a47479c0ce7ccf450b
2,0.012216060545226441,0.44349611674299994,0,,,0,,,1,0.012325045419256645,0.2771280703082105,2026-07-19 02:00:00,0x6330d8c3178a418788df01a47479c0ce7ccf450b
0,,,2,0.008976638845739933,0.33312325747399996,1,0.05406475066430524,1.95443037426,0,,,2026-07-19 03:00:00,0x6330d8c3178a418788df01a47479c0ce7ccf450b
0,,,1,0.000119405880972137,0.004432518075,0,,,1,7.7242387224e-06,0.00027982108,2026-07-19 04:00:00,0x6330d8c3178a418788df01a47479c0ce7ccf450b
0,,,0,,,2,0.0042740083256272675,0.140267207236,0,,,2026-07-19 05:00:00,0x6330d8c3178a418788df01a47479c0ce7ccf450b
0,,,0,,,0,,,0,,,2026-07-19 06:00:00,0x6330d8c3178a418788df01a47479c0ce7ccf450b
0,,,1,0.002287472560453015,0.08458855468799999,0,,,1,0.05406475066430524,1.95443037426,2026-07-19 07:00:00,0x6330d8c3178a418788df01a47479c0ce7ccf450b
5,0.8194912430677992,28.174039536635007,1,0.004018379097649521,0.1479116841,0,,,0,,,2026-07-19 08:00:00,0x6330d8c3178a418788df01a47479c0ce7ccf450b
0,,,2,0.2784460805109021,10.085544220617003,1,0.062116587226401634,2.31343872651,2,0.0042740083256272675,0.140267207236,2026-07-19 09:00:00,0x6330d8c3178a418788df01a47479c0ce7ccf450b
1,0.229877219655188,201.40893886638,1,0.17680913452246919,218.2642913087882,0,,,0,,,2026-07-19 10:00:00,0x6330d8c3178a418788df01a47479c0ce7ccf450b
1,0.04107646314581001,42.65263779953729,0,,,2,0.008976638845739933,0.33312325747399996,0,,,2026-07-19 11:00:00,0x6330d8c3178a418788df01a47479c0ce7ccf450b
2,0.01314656839444972,0.491926219056,1,1.5373617981912e-05,0.000498381993944854,1,0.000119405880972137,0.004432518075,0,,,2026-07-19 12:00:00,0x6330d8c3178a418788df01a47479c0ce7ccf450b
0,,,0,,,0,,,1,0.062116587226401634,2.31343872651,2026-07-19 13:00:00,0x6330d8c3178a418788df01a47479c0ce7ccf450b
0,,,0,,,0,,,0,,,2026-07-19 14:00:00,0x6330d8c3178a418788df01a47479c0ce7ccf450b
0,,,0,,,1,0.002287472560453015,0.08458855468799999,2,0.008976638845739933,0.33312325747399996,2026-07-19 15:00:00,0x6330d8c3178a418788df01a47479c0ce7ccf450b
0,,,1,0.00032863,0.010669547636048512,1,0.004018379097649521,0.1479116841,1,0.000119405880972137,0.004432518075,2026-07-19 16:00:00,0x6330d8c3178a418788df01a47479c0ce7ccf450b
1,0.001658107096895446,0.06144293325,0,,,2,0.2784460805109021,10.085544220617003,0,,,2026-07-19 17:00:00,0x6330d8c3178a418788df01a47479c0ce7ccf450b
1,0.020933161982608212,0.7754230316299999,0,,,1,0.17680913452246919,218.2642913087882,0,,,2026-07-19 18:00:00,0x6330d8c3178a418788df01a47479c0ce7ccf450b
1,0.03193554267085089,1.1773856179470001,2,0.002396788192444802,0.07737514713677479,0,,,1,0.002287472560453015,0.08458855468799999,2026-07-19 19:00:00,0x6330d8c3178a418788df01a47479c0ce7ccf450b
0,,,1,0.00827355960511062,0.267469476857,1,1.5373617981912e-05,0.000498381993944854,1,0.004018379097649521,0.1479116841,2026-07-19 20:00:00,0x6330d8c3178a418788df01a47479c0ce7ccf450b
0,,,0,,,0,,,2,0.2784460805109021,10.085544220617003,2026-07-19 21:00:00,0x6330d8c3178a418788df01a47479c0ce7ccf450b
0,,,1,0.026670565245959153,0.860919205488,0,,,1,0.17680913452246919,218.2642913087882,2026-07-19 22:00:00,0x6330d8c3178a418788df01a47479c0ce7ccf450b
0,,,0,,,0,,,0,,,2026-07-19 23:00:00,0x6330d8c3178a418788df01a47479c0ce7ccf450b
1,0.008622127100188715,0.30716593572000006,0,,,1,0.00032863,0.010669547636048512,1,1.5373617981912e-05,0.000498381993944854,2026-07-20 00:00:00,0x6330d8c3178a418788df01a47479c0ce7ccf450b
5,0.8365929540212169,28.392595097604,0,,,0,,,0,,,2026-07-20 01:00:00,0x6330d8c3178a418788df01a47479c0ce7ccf450b
0,,,0,,,0,,,0,,,2026-07-20 02:00:00,0x6330d8c3178a418788df01a47479c0ce7ccf450b
1,0.000114343423470296,0.0036997417580000003,0,,,2,0.002396788192444802,0.07737514713677479,0,,,2026-07-20 03:00:00,0x6330d8c3178a418788df01a47479c0ce7ccf450b
0,,,1,0.013833447367847272,0.44995238415741345,1,0.00827355960511062,0.267469476857,1,0.00032863,0.010669547636048512,2026-07-20 04:00:00,0x6330d8c3178a418788df01a47479c0ce7ccf450b
0,,,1,0.12964034711895372,4.170911600111205,0,,,0,,,2026-07-20 05:00:00,0x6330d8c3178a418788df01a47479c0ce7ccf450b
0,,,1,0.009612779521371986,0.308131506,1,0.026670565245959153,0.860919205488,0,,,2026-07-20 06:00:00,0x6330d8c3178a418788df01a47479c0ce7ccf450b
0,,,1,0.000294059825390047,0.009415636081999999,0,,,2,0.002396788192444802,0.07737514713677479,2026-07-20 07:00:00,0x6330d8c3178a418788df01a47479c0ce7ccf450b
0,,,0,,,0,,,1,0.00827355960511062,0.267469476857,2026-07-20 08:00:00,0x6330d8c3178a418788df01a47479c0ce7ccf450b
0,,,1,0.01978730763062916,0.6332566505700001,0,,,0,,,2026-07-20 09:00:00,0x6330d8c3178a418788df01a47479c0ce7ccf450b
1,0.003196444742107275,0.10320114647398562,0,,,0,,,1,0.026670565245959153,0.860919205488,2026-07-20 10:00:00,0x6330d8c3178a418788df01a47479c0ce7ccf450b
0,,,1,0.003883899286742423,0.12743579243999997,0,,,0,,,2026-07-20 11:00:00,0x6330d8c3178a418788df01a47479c0ce7ccf450b
0,,,0,,,1,0.013833447367847272,0.44995238415741345,0,,,2026-07-20 12:00:00,0x6330d8c3178a418788df01a47479c0ce7ccf450b
0,,,1,0.10680669735973324,3.4586699261400002,1,0.12964034711895372,4.170911600111205,0,,,2026-07-20 13:00:00,0x6330d8c3178a418788df01a47479c0ce7ccf450b
2,0.044589737349687686,1.4334113832639999,0,,,1,0.009612779521371986,0.308131506,0,,,2026-07-20 14:00:00,0x6330d8c3178a418788df01a47479c0ce7ccf450b
0,,,0,,,1,0.000294059825390047,0.009415636081999999,0,,,2026-07-20 15:00:00,0x6330d8c3178a418788df01a47479c0ce7ccf450b
0,,,0,,,0,,,1,0.013833447367847272,0.44995238415741345,2026-07-20 16:00:00,0x6330d8c3178a418788df01a47479c0ce7ccf450b
0,,,0,,,1,0.01978730763062916,0.6332566505700001,1,0.12964034711895372,4.170911600111205,2026-07-20 17:00:00,0x6330d8c3178a418788df01a47479c0ce7ccf450b
0,,,0,,,0,,,1,0.009612779521371986,0.308131506,2026-07-20 18:00:00,0x6330d8c3178a418788df01a47479c0ce7ccf450b
1,0.2223485829957086,281.3651373572,0,,,1,0.003883899286742423,0.12743579243999997,1,0.000294059825390047,0.009415636081999999,2026-07-20 19:00:00,0x6330d8c3178a418788df01a47479c0ce7ccf450b
2,0.057415425618171236,1.9004530811359999,0,,,0,,,0,,,2026-07-20 20:00:00,0x6330d8c3178a418788df01a47479c0ce7ccf450b
1,0.007143652481541087,0.23468657530499998,0,,,1,0.10680669735973324,3.4586699261400002,1,0.01978730763062916,0.6332566505700001,2026-07-20 21:00:00,0x6330d8c3178a418788df01a47479c0ce7ccf450b
1,0.000293316543529037,0.009378744122,0,,,0,,,0,,,2026-07-20 22:00:00,0x6330d8c3178a418788df01a47479c0ce7ccf450b
0,,,0,,,0,,,1,0.003883899286742423,0.12743579243999997,2026-07-20 23:00:00,0x6330d8c3178a418788df01a47479c0ce7ccf450b
0,,,0,,,0,,,0,,,2026-07-21 00:00:00,0x6330d8c3178a418788df01a47479c0ce7ccf450b
2,0.0062009950204571715,0.19840332173199998,0,,,0,,,1,0.10680669735973324,3.4586699261400002,2026-07-21 01:00:00,0x6330d8c3178a418788df01a47479c0ce7ccf450b
0,,,0,,,0,,,0,,,2026-07-21 02:00:00,0x6330d8c3178a418788df01a47479c0ce7ccf450b
0,,,1,0.009355022385447283,1.668813140162,0,,,0,,,2026-07-21 03:00:00,0x6330d8c3178a418788df01a47479c0ce7ccf450b
1,0.001756003679748247,0.056141108376000004,1,0.05754669173087999,10.222102203788001,0,,,0,,,2026-07-21 04:00:00,0x6330d8c3178a418788df01a47479c0ce7ccf450b
0,,,3,0.0843566493356502,2.6762114119885507,0,,,0,,,2026-07-21 05:00:00,0x6330d8c3178a418788df01a47479c0ce7ccf450b
0,,,1,0.1381335836569666,4.385552570553,0,,,0,,,2026-07-21 06:00:00,0x6330d8c3178a418788df01a47479c0ce7ccf450b
0,,,0,,,0,,,0,,,2026-07-21 07:00:00,0x6330d8c3178a418788df01a47479c0ce7ccf450b
1,0.003629851658480025,0.115994874471,1,0.17314087389271957,5.426472459234,0,,,0,,,2026-07-21 08:00:00,0x6330d8c3178a418788df01a47479c0ce7ccf450b
0,,,0,,,0,,,0,,,2026-07-21 09:00:00,0x6330d8c3178a418788df01a47479c0ce7ccf450b
0,,,0,,,0,,,0,,,2026-07-21 10:00:00,0x6330d8c3178a418788df01a47479c0ce7ccf450b
0,,,0,,,1,0.009355022385447283,1.668813140162,0,,,2026-07-21 11:00:00,0x6330d8c3178a418788df01a47479c0ce7ccf450b
0,,,5,0.0017997654035009471,1.2095722220639562,1,0.05754669173087999,10.222102203788001,0,,,2026-07-21 12:00:00,0x6330d8c3178a418788df01a47479c0ce7ccf450b
1,0.000326911908649558,0.010441821600000002,1,1.87585571547e-07,8.697581542771136e-05,3,0.0843566493356502,2.6762114119885507,0,,,2026-07-21 13:00:00,0x6330d8c3178a418788df01a47479c0ce7ccf450b
0,,,0,,,1,0.1381335836569666,4.385552570553,0,,,2026-07-21 14:00:00,0x6330d8c3178a418788df01a47479c0ce7ccf450b
0,,,0,,,0,,,1,0.009355022385447283,1.668813140162,2026-07-21 15:00:00,0x6330d8c3178a418788df01a47479c0ce7ccf450b
5,1.055219952203e-05,1.9940479334423122,0,,,1,0.17314087389271957,5.426472459234,1,0.05754669173087999,10.222102203788001,2026-07-21 16:00:00,0x6330d8c3178a418788df01a47479c0ce7ccf450b
0,,,0,,,0,,,3,0.0843566493356502,2.6762114119885507,2026-07-21 17:00:00,0x6330d8c3178a418788df01a47479c0ce7ccf450b
0,,,0,,,0,,,1,0.1381335836569666,4.385552570553,2026-07-21 18:00:00,0x6330d8c3178a418788df01a47479c0ce7ccf450b
0,,,0,,,0,,,0,,,2026-07-21 19:00:00,0x6330d8c3178a418788df01a47479c0ce7ccf450b
0,,,0,,,5,0.0017997654035009471,1.2095722220639562,1,0.17314087389271957,5.426472459234,2026-07-21 20:00:00,0x6330d8c3178a418788df01a47479c0ce7ccf450b
0,,,1,0.00025555668610045,0.007941721177,1,1.87585571547e-07,8.697581542771136e-05,0,,,2026-07-21 21:00:00,0x6330d8c3178a418788df01a47479c0ce7ccf450b
0,,,0,,,0,,,0,,,2026-07-21 22:00:00,0x6330d8c3178a418788df01a47479c0ce7ccf450b
0,,,2,0.28190559022342865,8.698287134586,0,,,0,,,2026-07-21 23:00:00,0x6330d8c3178a418788df01a47479c0ce7ccf450b
2,0.08843769338822524,48.766225461662614,7,0.18149644672407533,100.51463961131958,4,0.0742418333783079,41.273189779899624,1,0.0229425,12.559105966186,2026-07-15 00:00:00,0x86923f96303d656e4aa86d9d42d1e57ad2023fdc
7,0.1719553927191969,100.91301543562568,6,0.3088127245601412,170.95837594347256,0,,,2,0.001303158434359674,0.7131303355520748,2026-07-15 01:00:00,0x86923f96303d656e4aa86d9d42d1e57ad2023fdc
4,0.0565988625122965,30.608138699369103,17,2.250881604791842,1241.3512394955555,13,1.2848091947624114,696.5835202111531,4,0.10386616641045815,56.78585664761628,2026-07-15 02:00:00,0x86923f96303d656e4aa86d9d42d1e57ad2023fdc
2,0.04545964043756786,24.836729305869,33,4.723556116659452,2480.879204054274,9,2.1526848263064173,1235.5741904920696,4,0.00168655600206738,0.9117248381881806,2026-07-15 03:00:00,0x86923f96303d656e4aa86d9d42d1e57ad2023fdc
2,0.028455101394387863,15.692093150685144,19,1.3825929751631745,746.8111733835854,9,0.6564925301526593,362.5681460779923,4,0.0742418333783079,41.273189779899624,2026-07-15 04:00:00,0x86923f96303d656e4aa86d9d42d1e57ad2023fdc
1,0.019840220402639913,10.720642997699594,22,0.9481454853469833,491.69249837212465,0,,,0,,,2026-07-15 05:00:00,0x86923f96303d656e4aa86d9d42d1e57ad2023fdc
1,0.000338226033747355,0.187979743521,9,0.16715869459368846,88.12609409450626,7,0.19823064471796265,109.69948526613263,13,1.2848091947624114,696.5835202111531,2026-07-15 06:00:00,0x86923f96303d656e4aa86d9d42d1e57ad2023fdc
9,0.47672545330559696,275.88720673898337,64,1.8865531369820703,991.5387446939684,14,0.21819563569130185,118.42319023971574,9,2.1526848263064173,1235.5741904920696,2026-07-15 07:00:00,0x86923f96303d656e4aa86d9d42d1e57ad2023fdc
4,0.11296003181795576,62.56042554241958,18,0.29642295637640337,160.61028607863886,7,0.18149644672407533,100.51463961131958,9,0.6564925301526593,362.5681460779923,2026-07-15 08:00:00,0x86923f96303d656e4aa86d9d42d1e57ad2023fdc
1,9.2389116249967e-05,0.050272176170832024,7,0.0762443383368772,41.57268691410882,6,0.3088127245601412,170.95837594347256,0,,,2026-07-15 09:00:00,0x86923f96303d656e4aa86d9d42d1e57ad2023fdc
6,0.23935232872854992,131.9043769529536,9,0.0721367672753721,38.16414363709054,17,2.250881604791842,1241.3512394955555,7,0.19823064471796265,109.69948526613263,2026-07-15 10:00:00,0x86923f96303d656e4aa86d9d42d1e57ad2023fdc
2,0.014586532085027686,7.976295351254087,5,0.1478356343945628,76.9164301141817,33,4.723556116659452,2480.879204054274,14,0.21819563569130185,118.42319023971574,2026-07-15 11:00:00,0x86923f96303d656e4aa86d9d42d1e57ad2023fdc
1,0.008951953808165462,4.9784685911999995,12,0.15129314515271344,80.65998520833907,19,1.3825929751631745,746.8111733835854,7,0.18149644672407533,100.51463961131958,2026-07-15 12:00:00,0x86923f96303d656e4aa86d9d42d1e57ad2023fdc
9,1.1719991299944112,668.589157376661,6,0.09337814192202853,51.18622985880954,22,0.9481454853469833,491.69249837212465,6,0.3088127245601412,170.95837594347256,2026-07-15 13:00:00,0x86923f96303d656e4aa86d9d42d1e57ad2023fdc
37,3.862665029713775,2082.316017299892,12,0.33457329663872887,178.18253432815166,9,0.16715869459368846,88.12609409450626,17,2.250881604791842,1241.3512394955555,2026-07-15 14:00:00,0x86923f96303d656e4aa86d9d42d1e57ad2023fdc
6,0.4446477962919025,230.07668754896474,12,0.0375269158831865,20.991628877951605,64,1.8865531369820703,991.5387446939684,33,4.723556116659452,2480.879204054274,2026-07-15 15:00:00,0x86923f96303d656e4aa86d9d42d1e57ad2023fdc
14,0.2417698097544945,128.45490978302888,6,0.06989398896554729,39.952193619540964,18,0.29642295637640337,160.61028607863886,19,1.3825929751631745,746.8111733835854,2026-07-15 16:00:00,0x86923f96303d656e4aa86d9d42d1e57ad2023fdc
61,3.157281466439461,1673.9559903161253,6,0.09179621499283538,51.695668162111424,7,0.0762443383368772,41.57268691410882,22,0.9481454853469833,491.69249837212465,2026-07-15 17:00:00,0x86923f96303d656e4aa86d9d42d1e57ad2023fdc
17,0.4269891067063509,227.81019855491883,7,0.08420605933086604,48.013439159373,9,0.0721367672753721,38.16414363709054,9,0.16715869459368846,88.12609409450626,2026-07-15 18:00:00,0x86923f96303d656e4aa86d9d42d1e57ad2023fdc
3,0.1302864269574543,69.87010606724095,6,0.07000657698378512,40.02797517616048,5,0.1478356343945628,76.9164301141817,64,1.8865531369820703,991.5387446939684,2026-07-15 19:00:00,0x86923f96303d656e4aa86d9d42d1e57ad2023fdc
12,0.09243414427451592,50.78566770388249,7,0.046309101135949673,26.43237777420851,12,0.15129314515271344,80.65998520833907,18,0.29642295637640337,160.61028607863886,2026-07-15 20:00:00,0x86923f96303d656e4aa86d9d42d1e57ad2023fdc
6,0.05515078298650527,29.979813128149267,9,0.06807848676907254,35.453666336835234,6,0.09337814192202853,51.18622985880954,7,0.0762443383368772,41.57268691410882,2026-07-15 21:00:00,0x86923f96303d656e4aa86d9d42d1e57ad2023fdc
4,0.09606702585081718,51.23651476396573,6,0.027028586421429315,15.04254894746402,12,0.33457329663872887,178.18253432815166,9,0.0721367672753721,38.16414363709054,2026-07-15 22:00:00,0x86923f96303d656e4aa86d9d42d1e57ad2023fdc
8,0.04277707434337422,24.061462368781427,7,0.05487659311522662,29.368480371108163,12,0.0375269158831865,20.991628877951605,5,0.1478356343945628,76.9164301141817,2026-07-15 23:00:00,0x86923f96303d656e4aa86d9d42d1e57ad2023fdc
12,0.16970357955620238,91.26016559518527,7,0.014848287424397411,8.348314803416136,6,0.06989398896554729,39.952193619540964,12,0.15129314515271344,80.65998520833907,2026-07-16 00:00:00,0x86923f96303d656e4aa86d9d42d1e57ad2023fdc
8,0.1491280447038265,80.47229303459414,12,0.20654122863049376,105.99024411314747,6,0.09179621499283538,51.695668162111424,6,0.09337814192202853,51.18622985880954,2026-07-16 01:00:00,0x86923f96303d656e4aa86d9d42d1e57ad2023fdc
13,0.46810335890012217,248.13496882372576,11,0.5715153405947915,294.6481596109791,7,0.08420605933086604,48.013439159373,12,0.33457329663872887,178.18253432815166,2026-07-16 02:00:00,0x86923f96303d656e4aa86d9d42d1e57ad2023fdc
7,0.04539112537169534,25.04609707316739,13,0.5363809144830314,275.706246083164,6,0.07000657698378512,40.02797517616048,12,0.0375269158831865,20.991628877951605,2026-07-16 03:00:00,0x86923f96303d656e4aa86d9d42d1e57ad2023fdc
7,0.10656248117934923,60.065260861918084,59,1.3419267265764023,688.9928626454772,7,0.046309101135949673,26.43237777420851,6,0.06989398896554729,39.952193619540964,2026-07-16 04:00:00,0x86923f96303d656e4aa86d9d42d1e57ad2023fdc
10,0.10121547329668772,56.767783789710116,14,0.3884646355772071,196.65654377944566,9,0.06807848676907254,35.453666336835234,6,0.09179621499283538,51.695668162111424,2026-07-16 05:00:00,0x86923f96303d656e4aa86d9d42d1e57ad2023fdc
12,0.10714933055221408,60.70275709223538,13,1.1414712185526528,566.724793731277,6,0.027028586421429315,15.04254894746402,7,0.08420605933086604,48.013439159373,2026-07-16 06:00:00,0x86923f96303d656e4aa86d9d42d1e57ad2023fdc
14,0.29878373492822646,159.4582522450961,16,0.2656068218066909,138.63561163497346,7,0.05487659311522662,29.368480371108163,6,0.07000657698378512,40.02797517616048,2026-07-16 07:00:00,0x86923f96303d656e4aa86d9d42d1e57ad2023fdc
17,0.9606531752775069,495.8280030054772,8,0.029392265404073928,15.306726499430424,7,0.014848287424397411,8.348314803416136,7,0.046309101135949673,26.43237777420851,2026-07-16 08:00:00,0x86923f96303d656e4aa86d9d42d1e57ad2023fdc
9,0.11017803093515811,58.7070079247036,17,0.1996872764844938,101.67032491815372,12,0.20654122863049376,105.99024411314747,9,0.06807848676907254,35.453666336835234,2026-07-16 09:00:00,0x86923f96303d656e4aa86d9d42d1e57ad2023fdc
5,0.12859569058469622,66.63093151798086,16,0.10751379353289924,54.80188686189865,11,0.5715153405947915,294.6481596109791,6,0.027028586421429315,15.04254894746402,2026-07-16 10:00:00,0x86923f96303d656e4aa86d9d42d1e57ad2023fdc
10,0.04981029902117132,27.583201235792615,10,0.10460376742780375,52.372786792772125,13,0.5363809144830314,275.706246083164,7,0.05487659311522662,29.368480371108163,2026-07-16 11:00:00,0x86923f96303d656e4aa86d9d42d1e57ad2023fdc
10,0.40078635589653727,204.87613675058458,11,0.7168123642773282,352.05373236637956,59,1.3419267265764023,688.9928626454772,7,0.014848287424397411,8.348314803416136,2026-07-16 12:00:00,0x86923f96303d656e4aa86d9d42d1e57ad2023fdc
17,0.5985110117615687,308.1456618454565,18,0.4278955335908596,217.7761030918905,14,0.3884646355772071,196.65654377944566,12,0.20654122863049376,105.99024411314747,2026-07-16 13:00:00,0x86923f96303d656e4aa86d9d42d1e57ad2023fdc
14,0.9148030683795779,468.61078219560306,16,0.13367053869818535,68.89839277617277,13,1.1414712185526528,566.724793731277,11,0.5715153405947915,294.6481596109791,2026-07-16 14:00:00,0x86923f96303d656e4aa86d9d42d1e57ad2023fdc
18,0.2811443631582711,144.65430680226635,20,0.41727494003200405,205.62428029860422,16,0.2656068218066909,138.63561163497346,13,0.5363809144830314,275.706246083164,2026-07-16 15:00:00,0x86923f96303d656e4aa86d9d42d1e57ad2023fdc
77,3.127623665178581,1581.0778121198114,7,0.041445858846018216,22.07013810678486,8,0.029392265404073928,15.306726499430424,59,1.3419267265764023,688.9928626454772,2026-07-16 16:00:00,0x86923f96303d656e4aa86d9d42d1e57ad2023fdc
10,0.11759004054130978,59.21679729720721,8,0.30810172409818,150.31756462389947,17,0.1996872764844938,101.67032491815372,14,0.3884646355772071,196.65654377944566,2026-07-16 17:00:00,0x86923f96303d656e4aa86d9d42d1e57ad2023fdc
10,0.04473082969586021,22.417833107982215,21,1.2274724582376064,590.2998554484841,16,0.10751379353289924,54.80188686189865,13,1.1414712185526528,566.724793731277,2026-07-16 18:00:00,0x86923f96303d656e4aa86d9d42d1e57ad2023fdc
7,0.035547087325027656,18.724041293072535,7,0.016844080643844427,8.394446392525621,10,0.10460376742780375,52.372786792772125,16,0.2656068218066909,138.63561163497346,2026-07-16 19:00:00,0x86923f96303d656e4aa86d9d42d1e57ad2023fdc
6,0.07734841082102219,39.0867427541773,5,0.04408394151699062,21.156268017326564,11,0.7168123642773282,352.05373236637956,8,0.029392265404073928,15.306726499430424,2026-07-16 20:00:00,0x86923f96303d656e4aa86d9d42d1e57ad2023fdc
9,0.147407397565627,75.0183394845261,9,0.03288080337423021,16.085997067118793,18,0.4278955335908596,217.7761030918905,17,0.1996872764844938,101.67032491815372,2026-07-16 21:00:00,0x86923f96303d656e4aa86d9d42d1e57ad2023fdc
11,0.03691801647720793,18.939282888272686,5,0.009262562581955435,4.520322923303439,16,0.13367053869818535,68.89839277617277,16,0.10751379353289924,54.80188686189865,2026-07-16 22:00:00,0x86923f96303d656e4aa86d9d42d1e57ad2023fdc
17,0.41534368323241144,209.04948845596013,6,0.04485549532274157,22.0917386397869,20,0.41727494003200405,205.62428029860422,10,0.10460376742780375,52.372786792772125,2026-07-16 23:00:00,0x86923f96303d656e4aa86d9d42d1e57ad2023fdc
11,0.2959896689337101,154.59318939505596,14,0.23815155550693576,115.6807725642598,7,0.041445858846018216,22.07013810678486,11,0.7168123642773282,352.05373236637956,2026-07-17 00:00:00,0x86923f96303d656e4aa86d9d42d1e57ad2023fdc
29,0.5814867758362982,293.82383335053726,4,0.02117190788547204,10.159068769094306,8,0.30810172409818,150.31756462389947,18,0.4278955335908596,217.7761030918905,2026-07-17 01:00:00,0x86923f96303d656e4aa86d9d42d1e57ad2023fdc
13,0.15762655614628326,79.67878477465591,35,3.03173887257549,1421.9236034054663,21,1.2274724582376064,590.2998554484841,16,0.13367053869818535,68.89839277617277,2026-07-17 02:00:00,0x86923f96303d656e4aa86d9d42d1e57ad2023fdc
11,0.0895351097981372,45.33471893256982,6,0.02425802631109574,11.959215476061582,7,0.016844080643844427,8.394446392525621,20,0.41727494003200405,205.62428029860422,2026-07-17 03:00:00,0x86923f96303d656e4aa86d9d42d1e57ad2023fdc
12,0.3847331551067801,188.5196318305113,19,0.4785850147514499,236.69123206677293,5,0.04408394151699062,21.156268017326564,7,0.041445858846018216,22.07013810678486,2026-07-17 04:00:00,0x86923f96303d656e4aa86d9d42d1e57ad2023fdc
10,0.29965873815468014,149.75335838400193,16,0.6249067905007764,317.9532274129441,9,0.03288080337423021,16.085997067118793,8,0.30810172409818,150.31756462389947,2026-07-17 05:00:00,0x86923f96303d656e4aa86d9d42d1e57ad2023fdc
7,0.07239914069943454,35.218335963742476,13,0.1509450509491928,76.91121659422156,5,0.009262562581955435,4.520322923303439,21,1.2274724582376064,590.2998554484841,2026-07-17 06:00:00,0x86923f96303d656e4aa86d9d42d1e57ad2023fdc
12,0.08094659913260441,39.17913793708318,38,0.39407135541889615,197.0542561211246,6,0.04485549532274157,22.0917386397869,7,0.016844080643844427,8.394446392525621,2026-07-17 07:00:00,0x86923f96303d656e4aa86d9d42d1e57ad2023fdc
8,0.08943469813076564,43.247685906741765,18,0.28291370987279896,140.96759758327713,14,0.23815155550693576,115.6807725642598,5,0.04408394151699062,21.156268017326564,2026-07-17 08:00:00,0x86923f96303d656e4aa86d9d42d1e57ad2023fdc
16,0.33676422328150446,173.94832790202074,15,0.13990090648607573,69.26263079712527,4,0.02117190788547204,10.159068769094306,9,0.03288080337423021,16.085997067118793,2026-07-17 09:00:00,0x86923f96303d656e4aa86d9d42d1e57ad2023fdc
4,0.15705376574571456,76.83445514544391,7,0.02903746833047314,14.694235784059195,35,3.03173887257549,1421.9236034054663,5,0.009262562581955435,4.520322923303439,2026-07-17 10:00:00,0x86923f96303d656e4aa86d9d42d1e57ad2023fdc
9,0.06142497575820392,30.246947378736138,14,0.23468168617414314,117.29640546835837,6,0.02425802631109574,11.959215476061582,6,0.04485549532274157,22.0917386397869,2026-07-17 11:00:00,0x86923f96303d656e4aa86d9d42d1e57ad2023fdc
2,0.001769939364615967,0.8812828433805171,23,0.49042195099561536,239.6377124029791,19,0.4785850147514499,236.69123206677293,14,0.23815155550693576,115.6807725642598,2026-07-17 12:00:00,0x86923f96303d656e4aa86d9d42d1e57ad2023fdc
10,0.46048747997858486,223.89266560210655,29,0.4732466196760836,242.56668892231554,16,0.6249067905007764,317.9532274129441,4,0.02117190788547204,10.159068769094306,2026-07-17 13:00:00,0x86923f96303d656e4aa86d9d42d1e57ad2023fdc
23,0.6985519786825819,339.7138134006415,51,1.5959261791444443,781.3573472489218,13,0.1509450509491928,76.91121659422156,35,3.03173887257549,1421.9236034054663,2026-07-17 14:00:00,0x86923f96303d656e4aa86d9d42d1e57ad2023fdc
21,0.5256745547495594,259.68717305781877,16,0.0971541421971728,47.971934543680774,38,0.39407135541889615,197.0542561211246,6,0.02425802631109574,11.959215476061582,2026-07-17 15:00:00,0x86923f96303d656e4aa86d9d42d1e57ad2023fdc
7,0.39859202524052234,202.52652057064168,11,0.07528363442821437,37.33895205812517,18,0.28291370987279896,140.96759758327713,19,0.4785850147514499,236.69123206677293,2026-07-17 16:00:00,0x86923f96303d656e4aa86d9d42d1e57ad2023fdc
20,0.28998463191931184,145.8477707402986,28,0.659598505781805,329.2812488493301,15,0.13990090648607573,69.26263079712527,16,0.6249067905007764,317.9532274129441,2026-07-17 17:00:00,0x86923f96303d656e4aa86d9d42d1e57ad2023fdc
36,0.4827976456127192,239.9792159548556,19,0.21205360973415135,103.47389351412598,7,0.02903746833047314,14.694235784059195,13,0.1509450509491928,76.91121659422156,2026-07-17 18:00:00,0x86923f96303d656e4aa86d9d42d1e57ad2023fdc
22,0.7754299091915141,381.6347002107847,17,0.12128343386330408,59.81134542435626,14,0.23468168617414314,117.29640546835837,38,0.39407135541889615,197.0542561211246,2026-07-17 19:00:00,0x86923f96303d656e4aa86d9d42d1e57ad2023fdc
8,0.06878527503543244,35.14400099214648,8,0.01100090481687659,5.338200026522642,23,0.49042195099561536,239.6377124029791,18,0.28291370987279896,140.96759758327713,2026-07-17 20:00:00,0x86923f96303d656e4aa86d9d42d1e57ad2023fdc
15,0.15769778718237287,77.6246608674711,4,0.0035185488672491152,1.7313025715248358,29,0.4732466196760836,242.56668892231554,15,0.13990090648607573,69.26263079712527,2026-07-17 21:00:00,0x86923f96303d656e4aa86d9d42d1e57ad2023fdc
18,0.19708133495035052,97.14150423410496,18,0.13126612383370098,63.96984906250719,51,1.5959261791444443,781.3573472489218,7,0.02903746833047314,14.694235784059195,2026-07-17 22:00:00,0x86923f96303d656e4aa86d9d42d1e57ad2023fdc
12,0.04151277234059614,20.64100452487384,7,0.1253450977150894,65.3991555619883,16,0.0971541421971728,47.971934543680774,14,0.23468168617414314,117.29640546835837,2026-07-17 23:00:00,0x86923f96303d656e4aa86d9d42d1e57ad2023fdc
38,0.8317232140486982,412.25782203017707,7,0.012097014736648615,6.073422215580696,11,0.07528363442821437,37.33895205812517,23,0.49042195099561536,239.6377124029791,2026-07-18 00:00:00,0x86923f96303d656e4aa86d9d42d1e57ad2023fdc
28,0.3265634097743439,161.2101467142073,13,0.19931467450905352,97.20050118257001,28,0.659598505781805,329.2812488493301,29,0.4732466196760836,242.56668892231554,2026-07-18 01:00:00,0x86923f96303d656e4aa86d9d42d1e57ad2023fdc
17,0.3084694261105607,150.1016722866805,17,0.3073347914114599,156.0049292499928,19,0.21205360973415135,103.47389351412598,51,1.5959261791444443,781.3573472489218,2026-07-18 02:00:00,0x86923f96303d656e4aa86d9d42d1e57ad2023fdc
10,0.10191035175682196,50.34741179440855,9,0.04957783975567679,24.568752578890003,17,0.12128343386330408,59.81134542435626,16,0.0971541421971728,47.971934543680774,2026-07-18 03:00:00,0x86923f96303d656e4aa86d9d42d1e57ad2023fdc
12,0.021204427303278442,10.814786391722205,20,0.16984696633411253,82.9483953852984,8,0.01100090481687659,5.338200026522642,11,0.07528363442821437,37.33895205812517,2026-07-18 04:00:00,0x86923f96303d656e4aa86d9d42d1e57ad2023fdc
19,0.19577162312103022,96.2551606794139,8,0.05634465783562939,28.162884047438624,4,0.0035185488672491152,1.7313025715248358,28,0.659598505781805,329.2812488493301,2026-07-18 05:00:00,0x86923f96303d656e4aa86d9d42d1e57ad2023fdc
31,0.11657583296866353,57.24963830114431,28,0.12450181460061892,61.75346617514472,18,0.13126612383370098,63.96984906250719,19,0.21205360973415135,103.47389351412598,2026-07-18 06:00:00,0x86923f96303d656e4aa86d9d42d1e57ad2023fdc
16,0.1974617181790361,100.28033724725383,32,0.2837358626607944,139.03476969017004,7,0.1253450977150894,65.3991555619883,17,0.12128343386330408,59.81134542435626,2026-07-18 07:00:00,0x86923f96303d656e4aa86d9d42d1e57ad2023fdc
16,0.16705500790995584,81.8018133040816,13,0.5013612386653995,242.525362656958,7,0.012097014736648615,6.073422215580696,8,0.01100090481687659,5.338200026522642,2026-07-18 08:00:00,0x86923f96303d656e4aa86d9d42d1e57ad2023fdc
0,,,13,0.21816164511346428,107.10666376396867,13,0.19931467450905352,97.20050118257001,4,0.0035185488672491152,1.7313025715248358,2026-07-18 09:00:00,0x86923f96303d656e4aa86d9d42d1e57ad2023fdc
5,0.14777826406952072,71.25908161470215,14,0.07449929569841574,36.187314643129156,17,0.3073347914114599,156.0049292499928,18,0.13126612383370098,63.96984906250719,2026-07-18 10:00:00,0x86923f96303d656e4aa86d9d42d1e57ad2023fdc
21,0.5531210575804844,271.18345598176614,37,2.546971498437614,1270.4889223820387,9,0.04957783975567679,24.568752578890003,7,0.1253450977150894,65.3991555619883,2026-07-18 11:00:00,0x86923f96303d656e4aa86d9d42d1e57ad2023fdc
8,0.08163369721873369,43.06694384231179,14,0.2911414710993864,145.2087996576511,20,0.16984696633411253,82.9483953852984,7,0.012097014736648615,6.073422215580696,2026-07-18 12:00:00,0x86923f96303d656e4aa86d9d42d1e57ad2023fdc
17,0.8555085584391646,416.72892666239983,26,0.3900643182520129,192.8923294944696,8,0.05634465783562939,28.162884047438624,13,0.19931467450905352,97.20050118257001,2026-07-18 13:00:00,0x86923f96303d656e4aa86d9d42d1e57ad2023fdc
11,0.09288681436946514,47.92883637258842,9,0.03453661113922374,17.40158875875256,28,0.12450181460061892,61.75346617514472,17,0.3073347914114599,156.0049292499928,2026-07-18 14:00:00,0x86923f96303d656e4aa86d9d42d1e57ad2023fdc
11,0.04790652398571274,23.973045684233323,14,0.20463672116894288,101.29153508108666,32,0.2837358626607944,139.03476969017004,9,0.04957783975567679,24.568752578890003,2026-07-18 15:00:00,0x86923f96303d656e4aa86d9d42d1e57ad2023fdc
10,0.05178726920786722,25.49257011431811,7,0.01017241339443612,5.008142945006119,13,0.5013612386653995,242.525362656958,20,0.16984696633411253,82.9483953852984,2026-07-18 16:00:00,0x86923f96303d656e4aa86d9d42d1e57ad2023fdc
18,0.09194144081707925,47.65936058213911,12,0.10532080642442065,53.11668799138783,13,0.21816164511346428,107.10666376396867,8,0.05634465783562939,28.162884047438624,2026-07-18 17:00:00,0x86923f96303d656e4aa86d9d42d1e57ad2023fdc
11,0.02580881147158443,13.254050324001508,11,0.04874747354940235,24.075114046387995,14,0.07449929569841574,36.187314643129156,28,0.12450181460061892,61.75346617514472,2026-07-18 18:00:00,0x86923f96303d656e4aa86d9d42d1e57ad2023fdc
11,0.07870790402097834,38.76148595379299,16,0.9789172743904786,485.30501296981186,37,2.546971498437614,1270.4889223820387,32,0.2837358626607944,139.03476969017004,2026-07-18 19:00:00,0x86923f96303d656e4aa86d9d42d1e57ad2023fdc
15,0.2044216688580475,100.52636735924197,26,0.9149798086213228,454.56031370466644,14,0.2911414710993864,145.2087996576511,13,0.5013612386653995,242.525362656958,2026-07-18 20:00:00,0x86923f96303d656e4aa86d9d42d1e57ad2023fdc
13,0.1331444787740183,65.60848325109484,13,0.06500124149660175,32.373650468403376,26,0.3900643182520129,192.8923294944696,13,0.21816164511346428,107.10666376396867,2026-07-18 21:00:00,0x86923f96303d656e4aa86d9d42d1e57ad2023fdc
7,0.023021588690570062,11.51644087062137,5,0.008962780781797798,4.509657224306,9,0.03453661113922374,17.40158875875256,14,0.07449929569841574,36.187314643129156,2026-07-18 22:00:00,0x86923f96303d656e4aa86d9d42d1e57ad2023fdc
19,0.16129806919763126,80.32710528674363,6,0.017553096451362514,8.71533498312266,14,0.20463672116894288,101.29153508108666,37,2.546971498437614,1270.4889223820387,2026-07-18 23:00:00,0x86923f96303d656e4aa86d9d42d1e57ad2023fdc
27,1.096851944304456,546.1171780437295,9,0.09647265306879431,48.930046663123,7,0.01017241339443612,5.008142945006119,14,0.2911414710993864,145.2087996576511,2026-07-19 00:00:00,0x86923f96303d656e4aa86d9d42d1e57ad2023fdc
14,0.3217365306867047,165.75874108414723,9,0.11797035491534423,57.92165012628074,12,0.10532080642442065,53.11668799138783,26,0.3900643182520129,192.8923294944696,2026-07-19 01:00:00,0x86923f96303d656e4aa86d9d42d1e57ad2023fdc
31,1.305544868500227,637.9230512958095,13,0.03327626326838214,16.294246089626498,11,0.04874747354940235,24.075114046387995,9,0.03453661113922374,17.40158875875256,2026-07-19 02:00:00,0x86923f96303d656e4aa86d9d42d1e57ad2023fdc
8,0.07951337143066634,40.464490212108394,10,0.39903152232139316,194.08692339914444,16,0.9789172743904786,485.30501296981186,14,0.20463672116894288,101.29153508108666,2026-07-19 03:00:00,0x86923f96303d656e4aa86d9d42d1e57ad2023fdc
15,0.0521500614622418,25.991196041308076,11,0.06137489206728421,30.741906020324603,26,0.9149798086213228,454.56031370466644,7,0.01017241339443612,5.008142945006119,2026-07-19 04:00:00,0x86923f96303d656e4aa86d9d42d1e57ad2023fdc
15,0.09373259210557731,46.061273684220886,10,0.056466573152765695,27.82452250174606,13,0.06500124149660175,32.373650468403376,12,0.10532080642442065,53.11668799138783,2026-07-19 05:00:00,0x86923f96303d656e4aa86d9d42d1e57ad2023fdc
14,0.16571496772697708,82.10722447952818,19,0.52558554011764,260.0115903304525,5,0.008962780781797798,4.509657224306,11,0.04874747354940235,24.075114046387995,2026-07-19 06:00:00,0x86923f96303d656e4aa86d9d42d1e57ad2023fdc
15,0.12223273716575159,61.08943390094433,5,0.08326042379289122,40.865700452711955,6,0.017553096451362514,8.71533498312266,16,0.9789172743904786,485.30501296981186,2026-07-19 07:00:00,0x86923f96303d656e4aa86d9d42d1e57ad2023fdc
10,0.06411221026405206,31.81747270139648,9,0.07164175713968185,34.897203758687546,9,0.09647265306879431,48.930046663123,26,0.9149798086213228,454.56031370466644,2026-07-19 08:00:00,0x86923f96303d656e4aa86d9d42d1e57ad2023fdc
8,0.12049792084497875,59.213752204884806,4,0.03734920973861651,18.420808901681617,9,0.11797035491534423,57.92165012628074,13,0.06500124149660175,32.373650468403376,2026-07-19 09:00:00,0x86923f96303d656e4aa86d9d42d1e57ad2023fdc
7,0.01741868262485315,8.61639912316112,6,0.4072130942167419,219.4573001235713,13,0.03327626326838214,16.294246089626498,5,0.008962780781797798,4.509657224306,2026-07-19 10:00:00,0x86923f96303d656e4aa86d9d42d1e57ad2023fdc
8,0.14357312149711182,74.32852619674966,8,0.19836554951786778,98.38790419595391,10,0.39903152232139316,194.08692339914444,6,0.017553096451362514,8.71533498312266,2026-07-19 11:00:00,0x86923f96303d656e4aa86d9d42d1e57ad2023fdc
9,0.05594586227149611,27.920819388408702,3,0.03297539820905161,16.31757217970085,11,0.06137489206728421,30.741906020324603,9,0.09647265306879431,48.930046663123,2026-07-19 12:00:00,0x86923f96303d656e4aa86d9d42d1e57ad2023fdc
10,0.044791067437414955,21.855183960012422,5,0.13502038395948346,68.07705973004298,10,0.056466573152765695,27.82452250174606,9,0.11797035491534423,57.92165012628074,2026-07-19 13:00:00,0x86923f96303d656e4aa86d9d42d1e57ad2023fdc
14,0.04253514994880624,21.221022967897248,3,0.03305281076494579,16.428602716633065,19,0.52558554011764,260.0115903304525,13,0.03327626326838214,16.294246089626498,2026-07-19 14:00:00,0x86923f96303d656e4aa86d9d42d1e57ad2023fdc
11,0.024522674011088035,12.139333702696538,13,0.1305719314720427,65.00980570963586,5,0.08326042379289122,40.865700452711955,10,0.39903152232139316,194.08692339914444,2026-07-19 15:00:00,0x86923f96303d656e4aa86d9d42d1e57ad2023fdc
24,0.4938518245882855,243.90611486973657,3,0.036227153538113684,18.28166025844711,9,0.07164175713968185,34.897203758687546,11,0.06137489206728421,30.741906020324603,2026-07-19 16:00:00,0x86923f96303d656e4aa86d9d42d1e57ad2023fdc
14,0.06337549393815188,30.89877900226725,4,0.14438052762114945,72.0114920790752,4,0.03734920973861651,18.420808901681617,10,0.056466573152765695,27.82452250174606,2026-07-19 17:00:00,0x86923f96303d656e4aa86d9d42d1e57ad2023fdc
8,0.1336298894032512,65.60176599216462,6,0.5057767640291125,248.8834260409544,6,0.4072130942167419,219.4573001235713,19,0.52558554011764,260.0115903304525,2026-07-19 18:00:00,0x86923f96303d656e4aa86d9d42d1e57ad2023fdc
11,0.11028317353834217,54.03480171793992,4,0.031187081739482078,15.536493797511243,8,0.19836554951786778,98.38790419595391,5,0.08326042379289122,40.865700452711955,2026-07-19 19:00:00,0x86923f96303d656e4aa86d9d42d1e57ad2023fdc
4,1.0196309656187166,540.519074812452,2,0.020868373262473414,10.44036566727348,3,0.03297539820905161,16.31757217970085,9,0.07164175713968185,34.897203758687546,2026-07-19 20:00:00,0x86923f96303d656e4aa86d9d42d1e57ad2023fdc
3,0.07451369831052712,36.82138620845607,7,0.04317721965024898,21.36221137362839,5,0.13502038395948346,68.07705973004298,4,0.03734920973861651,18.420808901681617,2026-07-19 21:00:00,0x86923f96303d656e4aa86d9d42d1e57ad2023fdc
7,0.17656002191452186,86.80327382181171,13,0.390616910564101,197.3148646199036,3,0.03305281076494579,16.428602716633065,6,0.4072130942167419,219.4573001235713,2026-07-19 22:00:00,0x86923f96303d656e4aa86d9d42d1e57ad2023fdc
2,0.022470253409593847,11.175962124769539,4,0.152833249839483,77.76455727191663,13,0.1305719314720427,65.00980570963586,8,0.19836554951786778,98.38790419595391,2026-07-19 23:00:00,0x86923f96303d656e4aa86d9d42d1e57ad2023fdc
26,1.002550555418444,505.34849806954134,6,0.07961989389951724,40.872248287124734,3,0.036227153538113684,18.28166025844711,3,0.03297539820905161,16.31757217970085,2026-07-20 00:00:00,0x86923f96303d656e4aa86d9d42d1e57ad2023fdc
15,0.40342735666978796,201.08473742059914,5,0.3825817785615251,197.535224435392,4,0.14438052762114945,72.0114920790752,5,0.13502038395948346,68.07705973004298,2026-07-20 01:00:00,0x86923f96303d656e4aa86d9d42d1e57ad2023fdc
1,0.001669734765903287,0.8217368848580606,15,0.5026494941096211,258.92514404170026,6,0.5057767640291125,248.8834260409544,3,0.03305281076494579,16.428602716633065,2026-07-20 02:00:00,0x86923f96303d656e4aa86d9d42d1e57ad2023fdc
6,0.11524927848925443,57.9940106963237,13,0.4018939580665545,205.41820241505116,4,0.031187081739482078,15.536493797511243,13,0.1305719314720427,65.00980570963586,2026-07-20 03:00:00,0x86923f96303d656e4aa86d9d42d1e57ad2023fdc
9,0.033119039313869204,16.606150053230248,4,0.015374131410072413,7.890844249350315,2,0.020868373262473414,10.44036566727348,3,0.036227153538113684,18.28166025844711,2026-07-20 04:00:00,0x86923f96303d656e4aa86d9d42d1e57ad2023fdc
4,0.03243356497682184,16.24038038771378,17,1.3700523440088763,751.8356060651239,7,0.04317721965024898,21.36221137362839,4,0.14438052762114945,72.0114920790752,2026-07-20 05:00:00,0x86923f96303d656e4aa86d9d42d1e57ad2023fdc
8,0.06262511583587349,31.11762996958345,11,0.11538215256977186,59.00330628155267,13,0.390616910564101,197.3148646199036,6,0.5057767640291125,248.8834260409544,2026-07-20 06:00:00,0x86923f96303d656e4aa86d9d42d1e57ad2023fdc
3,0.004228181469042202,2.108764108908628,4,0.06156925867223462,31.699199052510473,4,0.152833249839483,77.76455727191663,4,0.031187081739482078,15.536493797511243,2026-07-20 07:00:00,0x86923f96303d656e4aa86d9d42d1e57ad2023fdc
3,0.011090854361129632,5.594817627779295,13,0.8512282943230718,429.3210454001799,6,0.07961989389951724,40.872248287124734,2,0.020868373262473414,10.44036566727348,2026-07-20 08:00:00,0x86923f96303d656e4aa86d9d42d1e57ad2023fdc
4,0.025657067151744928,12.836529053368734,4,0.051027451138754995,25.623219843667833,5,0.3825817785615251,197.535224435392,7,0.04317721965024898,21.36221137362839,2026-07-20 09:00:00,0x86923f96303d656e4aa86d9d42d1e57ad2023fdc
4,0.007371003977604776,3.609940513782806,3,0.037540295542652626,18.85031671276735,15,0.5026494941096211,258.92514404170026,13,0.390616910564101,197.3148646199036,2026-07-20 10:00:00,0x86923f96303d656e4aa86d9d42d1e57ad2023fdc
9,0.34986469011549964,179.0171309639188,6,0.02995757242965464,15.05964862788923,13,0.4018939580665545,205.41820241505116,4,0.152833249839483,77.76455727191663,2026-07-20 11:00:00,0x86923f96303d656e4aa86d9d42d1e57ad2023fdc
6,0.014547378832731835,7.293680041999995,2,0.003564291899790314,1.8247372079934479,4,0.015374131410072413,7.890844249350315,6,0.07961989389951724,40.872248287124734,2026-07-20 12:00:00,0x86923f96303d656e4aa86d9d42d1e57ad2023fdc
36,3.2490168662455394,1702.343583278095,1,0.03154078909648444,15.853142495485718,17,1.3700523440088763,751.8356060651239,5,0.3825817785615251,197.535224435392,2026-07-20 13:00:00,0x86923f96303d656e4aa86d9d42d1e57ad2023fdc
14,0.5317092047656631,271.16187048333734,16,0.8266347758286271,414.21905170932826,11,0.11538215256977186,59.00330628155267,15,0.5026494941096211,258.92514404170026,2026-07-20 14:00:00,0x86923f96303d656e4aa86d9d42d1e57ad2023fdc
14,0.43214611025091565,219.45097960024626,3,0.03993549513201557,20.255637508203744,4,0.06156925867223462,31.699199052510473,13,0.4018939580665545,205.41820241505116,2026-07-20 15:00:00,0x86923f96303d656e4aa86d9d42d1e57ad2023fdc
11,0.10149006812952813,52.12401006700933,11,0.5681652263214083,292.104417198206,13,0.8512282943230718,429.3210454001799,4,0.015374131410072413,7.890844249350315,2026-07-20 16:00:00,0x86923f96303d656e4aa86d9d42d1e57ad2023fdc
6,0.02986526241165099,15.162502736301795,2,0.001708607140559767,0.8642145322177643,4,0.051027451138754995,25.623219843667833,17,1.3700523440088763,751.8356060651239,2026-07-20 17:00:00,0x86923f96303d656e4aa86d9d42d1e57ad2023fdc
4,0.052720307374303485,26.87720093153188,3,0.011312090601208944,5.840673085411634,3,0.037540295542652626,18.85031671276735,11,0.11538215256977186,59.00330628155267,2026-07-20 18:00:00,0x86923f96303d656e4aa86d9d42d1e57ad2023fdc
7,0.13378438640065857,67.87813802023457,3,0.04258771244740557,22.127967535852868,6,0.02995757242965464,15.05964862788923,4,0.06156925867223462,31.699199052510473,2026-07-20 19:00:00,0x86923f96303d656e4aa86d9d42d1e57ad2023fdc
15,0.39092084296840485,196.578735817774,3,0.009379807835897647,4.828327821179499,2,0.003564291899790314,1.8247372079934479,13,0.8512282943230718,429.3210454001799,2026-07-20 20:00:00,0x86923f96303d656e4aa86d9d42d1e57ad2023fdc
5,0.06373292891053778,32.04704701474632,8,0.1900243733518669,99.72012799207587,1,0.03154078909648444,15.853142495485718,4,0.051027451138754995,25.623219843667833,2026-07-20 21:00:00,0x86923f96303d656e4aa86d9d42d1e57ad2023fdc
23,0.32622789402411906,163.806374848444,2,0.008972871796689187,4.7112927169643,16,0.8266347758286271,414.21905170932826,3,0.037540295542652626,18.85031671276735,2026-07-20 22:00:00,0x86923f96303d656e4aa86d9d42d1e57ad2023fdc
7,0.015705420049055598,7.934465113279794,0,,,3,0.03993549513201557,20.255637508203744,6,0.02995757242965464,15.05964862788923,2026-07-20 23:00:00,0x86923f96303d656e4aa86d9d42d1e57ad2023fdc
7,0.035392124963615976,17.770255805355248,1,0.004114202190127786,2.1569362480338095,11,0.5681652263214083,292.104417198206,2,0.003564291899790314,1.8247372079934479,2026-07-21 00:00:00,0x86923f96303d656e4aa86d9d42d1e57ad2023fdc
2,0.002253348211381985,1.136719364763862,2,0.05827873159311824,30.365161382122544,2,0.001708607140559767,0.8642145322177643,1,0.03154078909648444,15.853142495485718,2026-07-21 01:00:00,0x86923f96303d656e4aa86d9d42d1e57ad2023fdc
0,,,33,1.7758976844051213,940.2727276170019,3,0.011312090601208944,5.840673085411634,16,0.8266347758286271,414.21905170932826,2026-07-21 02:00:00,0x86923f96303d656e4aa86d9d42d1e57ad2023fdc
2,0.08228913913896063,42.18835906948682,4,0.18030073434569185,93.96483865981652,3,0.04258771244740557,22.127967535852868,3,0.03993549513201557,20.255637508203744,2026-07-21 03:00:00,0x86923f96303d656e4aa86d9d42d1e57ad2023fdc
3,0.019179331343230816,9.961344338979254,3,0.034795518768218334,18.48106915364497,3,0.009379807835897647,4.828327821179499,11,0.5681652263214083,292.104417198206,2026-07-21 04:00:00,0x86923f96303d656e4aa86d9d42d1e57ad2023fdc
0,,,12,0.6740924208847197,364.1210393112338,8,0.1900243733518669,99.72012799207587,2,0.001708607140559767,0.8642145322177643,2026-07-21 05:00:00,0x86923f96303d656e4aa86d9d42d1e57ad2023fdc
2,0.08212934942385142,42.546435626064174,8,0.6468368782564033,332.5122252422491,2,0.008972871796689187,4.7112927169643,3,0.011312090601208944,5.840673085411634,2026-07-21 06:00:00,0x86923f96303d656e4aa86d9d42d1e57ad2023fdc
3,0.20434809796256254,106.55680355631921,4,1.2300394304661675,685.1251024793195,0,,,3,0.04258771244740557,22.127967535852868,2026-07-21 07:00:00,0x86923f96303d656e4aa86d9d42d1e57ad2023fdc
4,0.42492439127342735,222.42075231814098,12,0.21879362086771328,114.28300645810134,1,0.004114202190127786,2.1569362480338095,3,0.009379807835897647,4.828327821179499,2026-07-21 08:00:00,0x86923f96303d656e4aa86d9d42d1e57ad2023fdc
1,0.03799654748709867,19.980251331972,6,0.10494250135582611,57.22883535378228,2,0.05827873159311824,30.365161382122544,8,0.1900243733518669,99.72012799207587,2026-07-21 09:00:00,0x86923f96303d656e4aa86d9d42d1e57ad2023fdc
3,0.007706183769907273,4.018865318925098,1,0.012102551921010831,6.591995635950631,33,1.7758976844051213,940.2727276170019,2,0.008972871796689187,4.7112927169643,2026-07-21 10:00:00,0x86923f96303d656e4aa86d9d42d1e57ad2023fdc
3,0.037535385974798226,19.639808714991133,2,0.009479344526622756,5.157873917777434,4,0.18030073434569185,93.96483865981652,0,,,2026-07-21 11:00:00,0x86923f96303d656e4aa86d9d42d1e57ad2023fdc
2,0.033019035759243504,17.12234668050639,2,0.013745328473227791,7.430982085332928,3,0.034795518768218334,18.48106915364497,1,0.004114202190127786,2.1569362480338095,2026-07-21 12:00:00,0x86923f96303d656e4aa86d9d42d1e57ad2023fdc
3,0.08066575199575832,42.2670538584879,11,0.06411487949517523,34.64984378707784,12,0.6740924208847197,364.1210393112338,2,0.05827873159311824,30.365161382122544,2026-07-21 13:00:00,0x86923f96303d656e4aa86d9d42d1e57ad2023fdc
8,0.22413127163968302,118.03094715944752,4,0.012762411450478638,6.867735357805418,8,0.6468368782564033,332.5122252422491,33,1.7758976844051213,940.2727276170019,2026-07-21 14:00:00,0x86923f96303d656e4aa86d9d42d1e57ad2023fdc
11,0.5872458124712777,312.87019986044965,3,0.08258149095917613,44.46289319622402,4,1.2300394304661675,685.1251024793195,4,0.18030073434569185,93.96483865981652,2026-07-21 15:00:00,0x86923f96303d656e4aa86d9d42d1e57ad2023fdc
6,0.4375748006022018,234.77865447569536,1,0.000193641253496543,0.10340661464,12,0.21879362086771328,114.28300645810134,3,0.034795518768218334,18.48106915364497,2026-07-21 16:00:00,0x86923f96303d656e4aa86d9d42d1e57ad2023fdc
6,0.21673329790041765,117.817762571048,4,0.10366472719462662,56.4389916545896,6,0.10494250135582611,57.22883535378228,12,0.6740924208847197,364.1210393112338,2026-07-21 17:00:00,0x86923f96303d656e4aa86d9d42d1e57ad2023fdc
8,0.04836092527448854,24.875511653638437,3,0.026012323478421286,14.138786069050807,1,0.012102551921010831,6.591995635950631,8,0.6468368782564033,332.5122252422491,2026-07-21 18:00:00,0x86923f96303d656e4aa86d9d42d1e57ad2023fdc
2,0.07527695987842165,41.09732808079916,1,0.00531294917499288,2.8396638776249996,2,0.009479344526622756,5.157873917777434,4,1.2300394304661675,685.1251024793195,2026-07-21 19:00:00,0x86923f96303d656e4aa86d9d42d1e57ad2023fdc
5,0.14290130880420593,76.9620024504686,12,0.021338666484800817,11.355896876206195,2,0.013745328473227791,7.430982085332928,12,0.21879362086771328,114.28300645810134,2026-07-21 20:00:00,0x86923f96303d656e4aa86d9d42d1e57ad2023fdc
1,0.000474051290987436,0.24069139646184104,3,0.044517718999479455,23.57840223436473,11,0.06411487949517523,34.64984378707784,6,0.10494250135582611,57.22883535378228,2026-07-21 21:00:00,0x86923f96303d656e4aa86d9d42d1e57ad2023fdc
3,0.018559945939207352,10.027109151227998,1,0.001113844597170062,0.587720573952,4,0.012762411450478638,6.867735357805418,1,0.012102551921010831,6.591995635950631,2026-07-21 22:00:00,0x86923f96303d656e4aa86d9d42d1e57ad2023fdc
10,0.017898181530765583,9.679331400734966,2,0.00855159629195139,4.546450157568344,3,0.08258149095917613,44.46289319622402,2,0.009479344526622756,5.157873917777434,2026-07-21 23:00:00,0x86923f96303d656e4aa86d9d42d1e57ad2023fdc
5,2.4313309073643774,325.0348079247394,4,0.5814421978072712,77.78570762781135,1,0.3798832030930486,49.883225388681005,2,0.047957849186088745,6.350798614784588,2026-07-15 00:00:00,0x894e1ec2d74ffe5aef8dc8a9e84686accb964f2a
5,0.16347757868125315,20.71016783693932,5,0.4064127262002315,54.79478567372391,0,,,0,,,2026-07-15 01:00:00,0x894e1ec2d74ffe5aef8dc8a9e84686accb964f2a
3,0.04305587535644139,5.680815327237929,19,1.1839437371854502,159.16740450444732,2,0.021751305314056862,2.826355503075,2,0.0683241296764707,9.038942588899,2026-07-15 02:00:00,0x894e1ec2d74ffe5aef8dc8a9e84686accb964f2a
0,,,13,3.0461057435522223,417.68891070228415,6,0.37487760797100816,49.97760430103222,1,0.001494494132584868,0.19717101940800003,2026-07-15 03:00:00,0x894e1ec2d74ffe5aef8dc8a9e84686accb964f2a
1,0.14830707515897942,19.319587477866,3,0.11275749995590596,14.982938073867,10,0.4818685428889124,63.68024990196389,1,0.3798832030930486,49.883225388681005,2026-07-15 04:00:00,0x894e1ec2d74ffe5aef8dc8a9e84686accb964f2a
2,0.02919405986721793,3.79408632372,8,0.29728447990304413,39.59525444129728,13,0.5147470508490474,68.70450584078272,0,,,2026-07-15 05:00:00,0x894e1ec2d74ffe5aef8dc8a9e84686accb964f2a
1,0.007705786184659106,1.001873359352,7,1.2663448011857987,165.64974864851487,45,5.2418245942349735,682.4257437060064,2,0.021751305314056862,2.826355503075,2026-07-15 06:00:00,0x894e1ec2d74ffe5aef8dc8a9e84686accb964f2a
8,0.8640837859817483,117.12091686817267,3,0.272890026830085,36.248138581451556,14,1.3433300104442611,178.857540078258,6,0.37487760797100816,49.97760430103222,2026-07-15 07:00:00,0x894e1ec2d74ffe5aef8dc8a9e84686accb964f2a
13,1.2523763765572047,170.675276456887,9,0.12918024958895988,85.07320739673418,4,0.5814421978072712,77.78570762781135,10,0.4818685428889124,63.68024990196389,2026-07-15 08:00:00,0x894e1ec2d74ffe5aef8dc8a9e84686accb964f2a
4,0.7843503839038398,105.67218162559261,8,0.06918263553572014,45.56967301363444,5,0.4064127262002315,54.79478567372391,13,0.5147470508490474,68.70450584078272,2026-07-15 09:00:00,0x894e1ec2d74ffe5aef8dc8a9e84686accb964f2a
10,1.8946677873131208,248.71489904706831,12,0.3580756874057186,66.46693016651548,19,1.1839437371854502,159.16740450444732,45,5.2418245942349735,682.4257437060064,2026-07-15 10:00:00,0x894e1ec2d74ffe5aef8dc8a9e84686accb964f2a
10,0.1481226683487973,19.092875499360996,9,0.22535564651015133,37.351161669494374,13,3.0461057435522223,417.68891070228415,14,1.3433300104442611,178.857540078258,2026-07-15 11:00:00,0x894e1ec2d74ffe5aef8dc8a9e84686accb964f2a
1,0.001520513030623508,0.20335813558848104,12,1.724601427286467,259.43356890916493,3,0.11275749995590596,14.982938073867,4,0.5814421978072712,77.78570762781135,2026-07-15 12:00:00,0x894e1ec2d74ffe5aef8dc8a9e84686accb964f2a
5,0.3744649577668816,49.941988975262234,6,0.00012461869499702201,34.19149975236127,8,0.29728447990304413,39.59525444129728,5,0.4064127262002315,54.79478567372391,2026-07-15 13:00:00,0x894e1ec2d74ffe5aef8dc8a9e84686accb964f2a
9,1.0386753131285105,141.18138267966273,1,0.00304424847118479,0.4047300510235928,7,1.2663448011857987,165.64974864851487,19,1.1839437371854502,159.16740450444732,2026-07-15 14:00:00,0x894e1ec2d74ffe5aef8dc8a9e84686accb964f2a
5,0.18631369434251793,25.016408446379373,8,0.13987095130857374,18.13258067907247,3,0.272890026830085,36.248138581451556,13,3.0461057435522223,417.68891070228415,2026-07-15 15:00:00,0x894e1ec2d74ffe5aef8dc8a9e84686accb964f2a
3,0.06257746803302583,8.32593197088628,8,0.5321965250314297,70.85569783660297,9,0.12918024958895988,85.07320739673418,3,0.11275749995590596,14.982938073867,2026-07-15 16:00:00,0x894e1ec2d74ffe5aef8dc8a9e84686accb964f2a
1,0.042625514408529866,5.637271127319999,2,0.05206725359328242,6.793737293460001,8,0.06918263553572014,45.56967301363444,8,0.29728447990304413,39.59525444129728,2026-07-15 17:00:00,0x894e1ec2d74ffe5aef8dc8a9e84686accb964f2a
6,0.3304621838299929,43.93476395259132,1,0.2599580183705929,34.760860143636,12,0.3580756874057186,66.46693016651548,7,1.2663448011857987,165.64974864851487,2026-07-15 18:00:00,0x894e1ec2d74ffe5aef8dc8a9e84686accb964f2a
6,0.30367295400332156,40.09256384779256,2,0.003850123753965793,0.0009150988333647564,9,0.22535564651015133,37.351161669494374,3,0.272890026830085,36.248138581451556,2026-07-15 19:00:00,0x894e1ec2d74ffe5aef8dc8a9e84686accb964f2a
22,1.19856807052264,222.06453206513592,5,0.2903494008512462,38.52492858020057,12,1.724601427286467,259.43356890916493,9,0.12918024958895988,85.07320739673418,2026-07-15 20:00:00,0x894e1ec2d74ffe5aef8dc8a9e84686accb964f2a
13,0.23037891029804308,56.67382454219756,2,0.012381527334777985,1.6573266661016322,6,0.00012461869499702201,34.19149975236127,8,0.06918263553572014,45.56967301363444,2026-07-15 21:00:00,0x894e1ec2d74ffe5aef8dc8a9e84686accb964f2a
8,0.2745549624414176,50.96907445757055,0,,,1,0.00304424847118479,0.4047300510235928,12,0.3580756874057186,66.46693016651548,2026-07-15 22:00:00,0x894e1ec2d74ffe5aef8dc8a9e84686accb964f2a
3,5.7640316434404e-05,34.629236518672926,1,0.018816960177049456,2.5181683340688537,8,0.13987095130857374,18.13258067907247,9,0.22535564651015133,37.351161669494374,2026-07-15 23:00:00,0x894e1ec2d74ffe5aef8dc8a9e84686accb964f2a
7,0.05481204882988157,58.33615937006019,12,4.302316973364392,570.2042342834142,8,0.5321965250314297,70.85569783660297,12,1.724601427286467,259.43356890916493,2026-07-16 00:00:00,0x894e1ec2d74ffe5aef8dc8a9e84686accb964f2a
1,0.021539881598789657,2.8767011696159996,7,0.2617998061494969,34.74276657434514,2,0.05206725359328242,6.793737293460001,6,0.00012461869499702201,34.19149975236127,2026-07-16 01:00:00,0x894e1ec2d74ffe5aef8dc8a9e84686accb964f2a
4,0.14407558624845543,19.14220649512695,6,0.8360642130765016,109.88037238969684,1,0.2599580183705929,34.760860143636,1,0.00304424847118479,0.4047300510235928,2026-07-16 02:00:00,0x894e1ec2d74ffe5aef8dc8a9e84686accb964f2a
3,0.03784846597011368,5.011746399605947,11,1.777275181326781,235.440082241333,2,0.003850123753965793,0.0009150988333647564,8,0.13987095130857374,18.13258067907247,2026-07-16 03:00:00,0x894e1ec2d74ffe5aef8dc8a9e84686accb964f2a
0,,,5,0.45895918066931307,60.600802088539,5,0.2903494008512462,38.52492858020057,8,0.5321965250314297,70.85569783660297,2026-07-16 04:00:00,0x894e1ec2d74ffe5aef8dc8a9e84686accb964f2a
4,0.8814770864935726,114.77624351479989,6,1.5360160491784611,203.65417985317222,2,0.012381527334777985,1.6573266661016322,2,0.05206725359328242,6.793737293460001,2026-07-16 05:00:00,0x894e1ec2d74ffe5aef8dc8a9e84686accb964f2a
2,0.002496640068434325,0.321340051881,3,0.09604743992282624,13.281862132759926,0,,,1,0.2599580183705929,34.760860143636,2026-07-16 06:00:00,0x894e1ec2d74ffe5aef8dc8a9e84686accb964f2a
3,0.0036747352415367933,0.475079283825,2,0.07014643594223838,9.355978855443686,1,0.018816960177049456,2.5181683340688537,2,0.003850123753965793,0.0009150988333647564,2026-07-16 07:00:00,0x894e1ec2d74ffe5aef8dc8a9e84686accb964f2a
5,0.9103313788863431,122.51330644080893,13,3.122714150054503,419.19272159074154,12,4.302316973364392,570.2042342834142,5,0.2903494008512462,38.52492858020057,2026-07-16 08:00:00,0x894e1ec2d74ffe5aef8dc8a9e84686accb964f2a
5,1.048059573875026,138.44301297718383,6,0.27077779643593947,36.14419503353519,7,0.2617998061494969,34.74276657434514,2,0.012381527334777985,1.6573266661016322,2026-07-16 09:00:00,0x894e1ec2d74ffe5aef8dc8a9e84686accb964f2a
0,,,15,1.3430346280650274,177.89026357355925,6,0.8360642130765016,109.88037238969684,0,,,2026-07-16 10:00:00,0x894e1ec2d74ffe5aef8dc8a9e84686accb964f2a
2,0.002100846769387481,0.2668481168333771,2,0.20952365515857313,27.345226814844,11,1.777275181326781,235.440082241333,1,0.018816960177049456,2.5181683340688537,2026-07-16 11:00:00,0x894e1ec2d74ffe5aef8dc8a9e84686accb964f2a
0,,,6,1.7186253037782482,223.77236153864095,5,0.45895918066931307,60.600802088539,12,4.302316973364392,570.2042342834142,2026-07-16 12:00:00,0x894e1ec2d74ffe5aef8dc8a9e84686accb964f2a
3,0.29468947947352275,39.20979569810516,8,1.394556658614799,189.96265541787355,6,1.5360160491784611,203.65417985317222,7,0.2617998061494969,34.74276657434514,2026-07-16 13:00:00,0x894e1ec2d74ffe5aef8dc8a9e84686accb964f2a
2,0.32645731702877284,42.452193719964995,14,0.35538776971308605,46.814232897412836,3,0.09604743992282624,13.281862132759926,6,0.8360642130765016,109.88037238969684,2026-07-16 14:00:00,0x894e1ec2d74ffe5aef8dc8a9e84686accb964f2a
1,0.20146881030960065,26.176198256912,9,0.5189639407401319,67.519545188265,2,0.07014643594223838,9.355978855443686,11,1.777275181326781,235.440082241333,2026-07-16 15:00:00,0x894e1ec2d74ffe5aef8dc8a9e84686accb964f2a
5,0.30809261547466393,40.9132763545889,4,1.4503074588147549,187.82276559242672,13,3.122714150054503,419.19272159074154,5,0.45895918066931307,60.600802088539,2026-07-16 16:00:00,0x894e1ec2d74ffe5aef8dc8a9e84686accb964f2a
3,0.0630865124387798,8.344243367842402,13,0.2875596863540779,37.38777286194039,6,0.27077779643593947,36.14419503353519,6,1.5360160491784611,203.65417985317222,2026-07-16 17:00:00,0x894e1ec2d74ffe5aef8dc8a9e84686accb964f2a
11,1.3845099186908862,186.89041163422945,6,0.3021893991301683,38.95962618668639,15,1.3430346280650274,177.89026357355925,3,0.09604743992282624,13.281862132759926,2026-07-16 18:00:00,0x894e1ec2d74ffe5aef8dc8a9e84686accb964f2a
9,0.26559352698595606,35.39295233812441,2,0.06937608045792276,8.968108140837042,2,0.20952365515857313,27.345226814844,2,0.07014643594223838,9.355978855443686,2026-07-16 19:00:00,0x894e1ec2d74ffe5aef8dc8a9e84686accb964f2a
6,0.22265857159542352,29.247534628959116,5,3.1622628229209413,417.9008956180014,6,1.7186253037782482,223.77236153864095,13,3.122714150054503,419.19272159074154,2026-07-16 20:00:00,0x894e1ec2d74ffe5aef8dc8a9e84686accb964f2a
4,0.37418349916972304,50.46161724739319,4,0.021046289973240838,2.687710098810023,8,1.394556658614799,189.96265541787355,6,0.27077779643593947,36.14419503353519,2026-07-16 21:00:00,0x894e1ec2d74ffe5aef8dc8a9e84686accb964f2a
13,0.724999787356635,96.1973077514989,7,0.12901611039773633,16.7693153231743,14,0.35538776971308605,46.814232897412836,15,1.3430346280650274,177.89026357355925,2026-07-16 22:00:00,0x894e1ec2d74ffe5aef8dc8a9e84686accb964f2a
13,1.8465614269578818,243.64423353269177,1,0.073871885345308,9.430645826454,9,0.5189639407401319,67.519545188265,2,0.20952365515857313,27.345226814844,2026-07-16 23:00:00,0x894e1ec2d74ffe5aef8dc8a9e84686accb964f2a
17,1.7941876022655943,254.5857158695507,6,0.16412318790242314,21.279588369881672,4,1.4503074588147549,187.82276559242672,6,1.7186253037782482,223.77236153864095,2026-07-17 00:00:00,0x894e1ec2d74ffe5aef8dc8a9e84686accb964f2a
11,0.46620642741506535,61.43863252542627,3,0.048281476523822246,6.1768534936038435,13,0.2875596863540779,37.38777286194039,8,1.394556658614799,189.96265541787355,2026-07-17 01:00:00,0x894e1ec2d74ffe5aef8dc8a9e84686accb964f2a
7,1.0987797885135682,143.264921347963,9,0.5874179209305077,75.31205892493513,6,0.3021893991301683,38.95962618668639,14,0.35538776971308605,46.814232897412836,2026-07-17 02:00:00,0x894e1ec2d74ffe5aef8dc8a9e84686accb964f2a
9,0.6559324397293462,85.70694537818213,7,0.6638107223689412,86.1100069024187,2,0.06937608045792276,8.968108140837042,9,0.5189639407401319,67.519545188265,2026-07-17 03:00:00,0x894e1ec2d74ffe5aef8dc8a9e84686accb964f2a
4,0.1906044173488458,24.925534276994064,10,0.3722721018247512,48.489098926658244,5,3.1622628229209413,417.9008956180014,4,1.4503074588147549,187.82276559242672,2026-07-17 04:00:00,0x894e1ec2d74ffe5aef8dc8a9e84686accb964f2a
10,0.9106457151579145,117.81140901081505,10,2.029526384048782,270.2464896559821,4,0.021046289973240838,2.687710098810023,13,0.2875596863540779,37.38777286194039,2026-07-17 05:00:00,0x894e1ec2d74ffe5aef8dc8a9e84686accb964f2a
13,3.035171728878375,387.7835242592965,13,1.6837198181882362,225.6594143897016,7,0.12901611039773633,16.7693153231743,6,0.3021893991301683,38.95962618668639,2026-07-17 06:00:00,0x894e1ec2d74ffe5aef8dc8a9e84686accb964f2a
4,0.5757324974624671,75.08409832157065,22,0.8262039217323982,109.80188870739258,1,0.073871885345308,9.430645826454,2,0.06937608045792276,8.968108140837042,2026-07-17 07:00:00,0x894e1ec2d74ffe5aef8dc8a9e84686accb964f2a
6,0.7137986922602502,91.85623434353639,6,0.6340130396405471,83.52309703106856,6,0.16412318790242314,21.279588369881672,5,3.1622628229209413,417.9008956180014,2026-07-17 08:00:00,0x894e1ec2d74ffe5aef8dc8a9e84686accb964f2a
1,0.018125581481851064,2.316788484505,12,0.47427279826976276,62.52309239568411,3,0.048281476523822246,6.1768534936038435,4,0.021046289973240838,2.687710098810023,2026-07-17 09:00:00,0x894e1ec2d74ffe5aef8dc8a9e84686accb964f2a
8,0.30451727441524207,39.290813636622836,13,9.430169757052706,1256.0365858434136,9,0.5874179209305077,75.31205892493513,7,0.12901611039773633,16.7693153231743,2026-07-17 10:00:00,0x894e1ec2d74ffe5aef8dc8a9e84686accb964f2a
5,0.9687078702403259,124.21295492264346,9,1.2842304946216012,170.74021862695002,7,0.6638107223689412,86.1100069024187,1,0.073871885345308,9.430645826454,2026-07-17 11:00:00,0x894e1ec2d74ffe5aef8dc8a9e84686accb964f2a
1,0.0874085896761164,11.142146748544,28,2.5657514827587553,335.77362120632296,10,0.3722721018247512,48.489098926658244,6,0.16412318790242314,21.279588369881672,2026-07-17 12:00:00,0x894e1ec2d74ffe5aef8dc8a9e84686accb964f2a
7,0.8707321661144256,113.81046598591922,20,1.2384382038039368,162.5117286719872,10,2.029526384048782,270.2464896559821,3,0.048281476523822246,6.1768534936038435,2026-07-17 13:00:00,0x894e1ec2d74ffe5aef8dc8a9e84686accb964f2a
4,0.24396466212205575,32.24705456851455,21,3.3490387172470477,441.0806538560604,13,1.6837198181882362,225.6594143897016,9,0.5874179209305077,75.31205892493513,2026-07-17 14:00:00,0x894e1ec2d74ffe5aef8dc8a9e84686accb964f2a
26,1.4952762463292693,197.49941505168823,11,0.6792052491045584,88.83853378024882,22,0.8262039217323982,109.80188870739258,7,0.6638107223689412,86.1100069024187,2026-07-17 15:00:00,0x894e1ec2d74ffe5aef8dc8a9e84686accb964f2a
5,0.25154759975782326,32.67380965498371,10,0.6904382635324335,90.13214013243227,6,0.6340130396405471,83.52309703106856,10,0.3722721018247512,48.489098926658244,2026-07-17 16:00:00,0x894e1ec2d74ffe5aef8dc8a9e84686accb964f2a
7,2.4504184350168794,327.91400999451525,8,0.24825976872888714,32.769231589091454,12,0.47427279826976276,62.52309239568411,10,2.029526384048782,270.2464896559821,2026-07-17 17:00:00,0x894e1ec2d74ffe5aef8dc8a9e84686accb964f2a
30,1.569105961703429,209.01635113781455,15,0.5097432201286275,65.89721676459746,13,9.430169757052706,1256.0365858434136,13,1.6837198181882362,225.6594143897016,2026-07-17 18:00:00,0x894e1ec2d74ffe5aef8dc8a9e84686accb964f2a
8,0.37319477273255525,49.337637977449226,4,0.09106799035745465,11.87601409285551,9,1.2842304946216012,170.74021862695002,22,0.8262039217323982,109.80188870739258,2026-07-17 19:00:00,0x894e1ec2d74ffe5aef8dc8a9e84686accb964f2a
8,0.4794772819453574,63.197056579921664,5,0.44718960672586,58.393083953988565,28,2.5657514827587553,335.77362120632296,6,0.6340130396405471,83.52309703106856,2026-07-17 20:00:00,0x894e1ec2d74ffe5aef8dc8a9e84686accb964f2a
7,0.54161342533668,71.70824980989892,7,0.2726050353308418,35.654204465188464,20,1.2384382038039368,162.5117286719872,12,0.47427279826976276,62.52309239568411,2026-07-17 21:00:00,0x894e1ec2d74ffe5aef8dc8a9e84686accb964f2a
9,0.6563004989208492,86.51158475397004,2,0.29609949066553015,38.552103806427844,21,3.3490387172470477,441.0806538560604,13,9.430169757052706,1256.0365858434136,2026-07-17 22:00:00,0x894e1ec2d74ffe5aef8dc8a9e84686accb964f2a
11,0.6246120948765983,81.94720473925885,2,0.026180289995787615,3.435898876393604,11,0.6792052491045584,88.83853378024882,9,1.2842304946216012,170.74021862695002,2026-07-17 23:00:00,0x894e1ec2d74ffe5aef8dc8a9e84686accb964f2a
23,1.6635218210877052,220.47415935086389,4,0.09315770594268238,12.09222963855402,10,0.6904382635324335,90.13214013243227,28,2.5657514827587553,335.77362120632296,2026-07-18 00:00:00,0x894e1ec2d74ffe5aef8dc8a9e84686accb964f2a
38,2.965723218547806,381.98019574557145,23,3.920861595266576,569.3239590321303,8,0.24825976872888714,32.769231589091454,20,1.2384382038039368,162.5117286719872,2026-07-18 01:00:00,0x894e1ec2d74ffe5aef8dc8a9e84686accb964f2a
17,2.9769151504042703,395.0509376347644,31,3.6031394788894255,482.88276977763974,15,0.5097432201286275,65.89721676459746,21,3.3490387172470477,441.0806538560604,2026-07-18 02:00:00,0x894e1ec2d74ffe5aef8dc8a9e84686accb964f2a
50,5.761360221294029,744.3664352612011,16,0.575449477064449,71.99676871824403,4,0.09106799035745465,11.87601409285551,11,0.6792052491045584,88.83853378024882,2026-07-18 03:00:00,0x894e1ec2d74ffe5aef8dc8a9e84686accb964f2a
6,0.3556652323162875,46.661549692598165,25,3.0814173686102864,411.75380346046524,5,0.44718960672586,58.393083953988565,10,0.6904382635324335,90.13214013243227,2026-07-18 04:00:00,0x894e1ec2d74ffe5aef8dc8a9e84686accb964f2a
2,0.013493516089679069,1.7241750436354883,33,2.470227407337574,322.96604424345435,7,0.2726050353308418,35.654204465188464,8,0.24825976872888714,32.769231589091454,2026-07-18 05:00:00,0x894e1ec2d74ffe5aef8dc8a9e84686accb964f2a
10,0.10850283603626917,14.140485882042954,41,3.8304280930923333,498.4225507012379,2,0.29609949066553015,38.552103806427844,15,0.5097432201286275,65.89721676459746,2026-07-18 06:00:00,0x894e1ec2d74ffe5aef8dc8a9e84686accb964f2a
12,0.7755709579381942,101.83167096534333,17,1.0708174849425376,143.05515288397226,2,0.026180289995787615,3.435898876393604,4,0.09106799035745465,11.87601409285551,2026-07-18 07:00:00,0x894e1ec2d74ffe5aef8dc8a9e84686accb964f2a
5,0.055848297360864274,7.107896462781809,5,0.5251298103581344,69.87838028097352,4,0.09315770594268238,12.09222963855402,5,0.44718960672586,58.393083953988565,2026-07-18 08:00:00,0x894e1ec2d74ffe5aef8dc8a9e84686accb964f2a
5,0.18253907874157735,23.806401441824374,8,0.5977771963572593,78.10508088745038,23,3.920861595266576,569.3239590321303,7,0.2726050353308418,35.654204465188464,2026-07-18 09:00:00,0x894e1ec2d74ffe5aef8dc8a9e84686accb964f2a
6,1.0677395775976593,139.21718982502773,20,1.019052584115846,134.77401524763397,31,3.6031394788894255,482.88276977763974,2,0.29609949066553015,38.552103806427844,2026-07-18 10:00:00,0x894e1ec2d74ffe5aef8dc8a9e84686accb964f2a
13,1.139593015149891,149.50352148051343,28,1.6629198368356837,218.74788294266733,16,0.575449477064449,71.99676871824403,2,0.026180289995787615,3.435898876393604,2026-07-18 11:00:00,0x894e1ec2d74ffe5aef8dc8a9e84686accb964f2a
6,0.6242666945977104,81.03340996031174,8,0.4632935528525876,61.08714987008435,25,3.0814173686102864,411.75380346046524,4,0.09315770594268238,12.09222963855402,2026-07-18 12:00:00,0x894e1ec2d74ffe5aef8dc8a9e84686accb964f2a
34,5.011630891126399,735.4088619816805,20,1.8747127784611657,244.97321037249418,33,2.470227407337574,322.96604424345435,23,3.920861595266576,569.3239590321303,2026-07-18 13:00:00,0x894e1ec2d74ffe5aef8dc8a9e84686accb964f2a
20,1.133311650397066,157.68087421062222,11,1.2883582891613155,169.2088999374525,41,3.8304280930923333,498.4225507012379,31,3.6031394788894255,482.88276977763974,2026-07-18 14:00:00,0x894e1ec2d74ffe5aef8dc8a9e84686accb964f2a
18,2.296922949316503,306.5276503648336,13,0.1499549989375853,19.409836192067036,17,1.0708174849425376,143.05515288397226,16,0.575449477064449,71.99676871824403,2026-07-18 15:00:00,0x894e1ec2d74ffe5aef8dc8a9e84686accb964f2a
37,2.104730138922385,274.3577960508241,6,0.23664182006799356,30.7513553060239,5,0.5251298103581344,69.87838028097352,25,3.0814173686102864,411.75380346046524,2026-07-18 16:00:00,0x894e1ec2d74ffe5aef8dc8a9e84686accb964f2a
20,0.3497587579346201,46.9452202041905,9,1.4559140516717308,194.14759752561685,8,0.5977771963572593,78.10508088745038,33,2.470227407337574,322.96604424345435,2026-07-18 17:00:00,0x894e1ec2d74ffe5aef8dc8a9e84686accb964f2a
26,1.866259623201124,246.19201382002979,8,0.5112233829199618,67.32006639068778,20,1.019052584115846,134.77401524763397,41,3.8304280930923333,498.4225507012379,2026-07-18 18:00:00,0x894e1ec2d74ffe5aef8dc8a9e84686accb964f2a
10,0.2779059683911252,36.69705423225648,13,0.7732748017283153,100.85821359940392,28,1.6629198368356837,218.74788294266733,17,1.0708174849425376,143.05515288397226,2026-07-18 19:00:00,0x894e1ec2d74ffe5aef8dc8a9e84686accb964f2a
8,0.15211849530619415,20.147279371079684,9,0.228368140188269,29.552748169886,8,0.4632935528525876,61.08714987008435,5,0.5251298103581344,69.87838028097352,2026-07-18 20:00:00,0x894e1ec2d74ffe5aef8dc8a9e84686accb964f2a
17,1.3699897757023005,181.40701483196744,14,3.6462386970197693,475.47720139911524,20,1.8747127784611657,244.97321037249418,8,0.5977771963572593,78.10508088745038,2026-07-18 21:00:00,0x894e1ec2d74ffe5aef8dc8a9e84686accb964f2a
17,2.1857054804852285,285.63455557639446,6,0.4193035133171715,55.18853480321845,11,1.2883582891613155,169.2088999374525,20,1.019052584115846,134.77401524763397,2026-07-18 22:00:00,0x894e1ec2d74ffe5aef8dc8a9e84686accb964f2a
17,1.2683903307379953,168.7121248829719,22,2.2614293660789984,294.3491637990823,13,0.1499549989375853,19.409836192067036,28,1.6629198368356837,218.74788294266733,2026-07-18 23:00:00,0x894e1ec2d74ffe5aef8dc8a9e84686accb964f2a
31,2.335108105246349,306.3086696204375,5,0.13815597288543066,18.075292733309293,6,0.23664182006799356,30.7513553060239,8,0.4632935528525876,61.08714987008435,2026-07-19 00:00:00,0x894e1ec2d74ffe5aef8dc8a9e84686accb964f2a
8,0.45597960926705067,59.97376615279359,7,0.28490495429306306,37.001163159109524,9,1.4559140516717308,194.14759752561685,20,1.8747127784611657,244.97321037249418,2026-07-19 01:00:00,0x894e1ec2d74ffe5aef8dc8a9e84686accb964f2a
18,1.0740668073035256,140.88568593545932,7,0.19445784372805525,25.415594384623205,8,0.5112233829199618,67.32006639068778,11,1.2883582891613155,169.2088999374525,2026-07-19 02:00:00,0x894e1ec2d74ffe5aef8dc8a9e84686accb964f2a
4,0.05072349262021193,6.62232668783779,4,0.03740126847129158,4.937339507586231,13,0.7732748017283153,100.85821359940392,13,0.1499549989375853,19.409836192067036,2026-07-19 03:00:00,0x894e1ec2d74ffe5aef8dc8a9e84686accb964f2a
6,0.387353582363095,50.56129436360171,10,1.5368371254565727,197.72816272923666,9,0.228368140188269,29.552748169886,6,0.23664182006799356,30.7513553060239,2026-07-19 04:00:00,0x894e1ec2d74ffe5aef8dc8a9e84686accb964f2a
4,0.405072674857919,53.28669988071881,9,0.8530523761059371,112.5417681254699,14,3.6462386970197693,475.47720139911524,9,1.4559140516717308,194.14759752561685,2026-07-19 05:00:00,0x894e1ec2d74ffe5aef8dc8a9e84686accb964f2a
7,0.22043757961641003,28.9886170304319,4,0.23412122782932906,29.84757540908063,6,0.4193035133171715,55.18853480321845,8,0.5112233829199618,67.32006639068778,2026-07-19 06:00:00,0x894e1ec2d74ffe5aef8dc8a9e84686accb964f2a
6,0.15839058713888574,20.700109084877656,4,0.540156680084379,71.1089905888111,22,2.2614293660789984,294.3491637990823,13,0.7732748017283153,100.85821359940392,2026-07-19 07:00:00,0x894e1ec2d74ffe5aef8dc8a9e84686accb964f2a
25,4.5598577672673715,607.5351108327382,5,0.18208202152583902,23.602884375242578,5,0.13815597288543066,18.075292733309293,9,0.228368140188269,29.552748169886,2026-07-19 08:00:00,0x894e1ec2d74ffe5aef8dc8a9e84686accb964f2a
6,2.2908210135322165,294.9628723123715,5,0.9705966138780083,125.73614825966399,7,0.28490495429306306,37.001163159109524,14,3.6462386970197693,475.47720139911524,2026-07-19 09:00:00,0x894e1ec2d74ffe5aef8dc8a9e84686accb964f2a
3,0.12265647701496736,16.142731441480674,9,3.7737176140486675,549.1093317717188,7,0.19445784372805525,25.415594384623205,6,0.4193035133171715,55.18853480321845,2026-07-19 10:00:00,0x894e1ec2d74ffe5aef8dc8a9e84686accb964f2a
11,0.7930500391265669,107.69640464673127,4,0.09153755097878748,12.116023784071022,4,0.03740126847129158,4.937339507586231,22,2.2614293660789984,294.3491637990823,2026-07-19 11:00:00,0x894e1ec2d74ffe5aef8dc8a9e84686accb964f2a
14,5.169593112385954,663.6285730392669,7,1.3871190868706327,176.77316421224504,10,1.5368371254565727,197.72816272923666,5,0.13815597288543066,18.075292733309293,2026-07-19 12:00:00,0x894e1ec2d74ffe5aef8dc8a9e84686accb964f2a
10,0.8878202340041835,117.07728672799865,13,2.799310477828703,366.3730753008875,9,0.8530523761059371,112.5417681254699,7,0.28490495429306306,37.001163159109524,2026-07-19 13:00:00,0x894e1ec2d74ffe5aef8dc8a9e84686accb964f2a
9,1.136298451829339,145.41883175877942,7,0.9351169499118326,123.31480779853005,4,0.23412122782932906,29.84757540908063,7,0.19445784372805525,25.415594384623205,2026-07-19 14:00:00,0x894e1ec2d74ffe5aef8dc8a9e84686accb964f2a
18,1.5450299192363868,203.09247643205993,7,0.7485620921792466,98.53364435069058,4,0.540156680084379,71.1089905888111,4,0.03740126847129158,4.937339507586231,2026-07-19 15:00:00,0x894e1ec2d74ffe5aef8dc8a9e84686accb964f2a
6,0.1053008796745311,13.793236545114453,8,0.2599210599390118,33.6381644073956,5,0.18208202152583902,23.602884375242578,10,1.5368371254565727,197.72816272923666,2026-07-19 16:00:00,0x894e1ec2d74ffe5aef8dc8a9e84686accb964f2a
12,0.3761794550820295,49.38728996710267,13,2.76489748126322,359.1278629849742,5,0.9705966138780083,125.73614825966399,9,0.8530523761059371,112.5417681254699,2026-07-19 17:00:00,0x894e1ec2d74ffe5aef8dc8a9e84686accb964f2a
9,0.6085553968667846,79.73279203079414,6,0.46430175317441313,59.748175014801916,9,3.7737176140486675,549.1093317717188,4,0.23412122782932906,29.84757540908063,2026-07-19 18:00:00,0x894e1ec2d74ffe5aef8dc8a9e84686accb964f2a
8,0.5689696667799512,72.90030506758964,8,0.48005147037605816,61.96883543560806,4,0.09153755097878748,12.116023784071022,4,0.540156680084379,71.1089905888111,2026-07-19 19:00:00,0x894e1ec2d74ffe5aef8dc8a9e84686accb964f2a
1,0.020891225573389207,2.754526156766814,7,0.5642607564794987,74.0961984979586,7,1.3871190868706327,176.77316421224504,5,0.18208202152583902,23.602884375242578,2026-07-19 20:00:00,0x894e1ec2d74ffe5aef8dc8a9e84686accb964f2a
5,0.3284518184279759,42.332670744621225,8,0.6035952581221461,76.64181386993934,13,2.799310477828703,366.3730753008875,5,0.9705966138780083,125.73614825966399,2026-07-19 21:00:00,0x894e1ec2d74ffe5aef8dc8a9e84686accb964f2a
8,0.2165576807135359,28.363616688629566,11,0.5197293989697899,66.67358226780168,7,0.9351169499118326,123.31480779853005,9,3.7737176140486675,549.1093317717188,2026-07-19 22:00:00,0x894e1ec2d74ffe5aef8dc8a9e84686accb964f2a
7,0.523755282154294,68.85465095072915,5,0.1647181914367169,21.335631967730386,7,0.7485620921792466,98.53364435069058,4,0.09153755097878748,12.116023784071022,2026-07-19 23:00:00,0x894e1ec2d74ffe5aef8dc8a9e84686accb964f2a
6,1.053848037601441,139.13276688653463,4,0.08642439069731013,11.038742184201462,8,0.2599210599390118,33.6381644073956,7,1.3871190868706327,176.77316421224504,2026-07-20 00:00:00,0x894e1ec2d74ffe5aef8dc8a9e84686accb964f2a
13,1.3908322164523703,177.37996451933307,7,0.37413308014116375,48.603396992909076,13,2.76489748126322,359.1278629849742,13,2.799310477828703,366.3730753008875,2026-07-20 01:00:00,0x894e1ec2d74ffe5aef8dc8a9e84686accb964f2a
2,0.053859260000002934,7.071810785645522,37,16.386466461637482,2184.4219748219703,6,0.46430175317441313,59.748175014801916,7,0.9351169499118326,123.31480779853005,2026-07-20 02:00:00,0x894e1ec2d74ffe5aef8dc8a9e84686accb964f2a
10,0.44788496778078357,58.40891319124137,6,0.14964759121403137,19.682288080903508,8,0.48005147037605816,61.96883543560806,7,0.7485620921792466,98.53364435069058,2026-07-20 03:00:00,0x894e1ec2d74ffe5aef8dc8a9e84686accb964f2a
9,0.5130090635324054,67.14638805120187,7,0.1412158997476276,18.66339172259295,7,0.5642607564794987,74.0961984979586,8,0.2599210599390118,33.6381644073956,2026-07-20 04:00:00,0x894e1ec2d74ffe5aef8dc8a9e84686accb964f2a
5,0.13946613365560706,18.26869592977656,14,1.8841416469452845,254.40133881597336,8,0.6035952581221461,76.64181386993934,13,2.76489748126322,359.1278629849742,2026-07-20 05:00:00,0x894e1ec2d74ffe5aef8dc8a9e84686accb964f2a
13,0.9818306861201279,128.42280700325736,11,1.5135237377992456,205.45015068761475,11,0.5197293989697899,66.67358226780168,6,0.46430175317441313,59.748175014801916,2026-07-20 06:00:00,0x894e1ec2d74ffe5aef8dc8a9e84686accb964f2a
14,0.5354686811560171,69.72477319007119,7,1.5285211134271595,206.40761367150338,5,0.1647181914367169,21.335631967730386,8,0.48005147037605816,61.96883543560806,2026-07-20 07:00:00,0x894e1ec2d74ffe5aef8dc8a9e84686accb964f2a
6,0.25981489308391487,33.921557734296805,15,1.6066897914112015,214.35965608834448,4,0.08642439069731013,11.038742184201462,7,0.5642607564794987,74.0961984979586,2026-07-20 08:00:00,0x894e1ec2d74ffe5aef8dc8a9e84686accb964f2a
8,0.3223776736212235,42.077806802427915,15,2.791233594595859,378.75692102584867,7,0.37413308014116375,48.603396992909076,8,0.6035952581221461,76.64181386993934,2026-07-20 09:00:00,0x894e1ec2d74ffe5aef8dc8a9e84686accb964f2a
7,0.1590953292767039,20.346365690661955,24,1.4219644589653022,188.9216022214143,37,16.386466461637482,2184.4219748219703,11,0.5197293989697899,66.67358226780168,2026-07-20 10:00:00,0x894e1ec2d74ffe5aef8dc8a9e84686accb964f2a
5,0.39775786501466026,51.5750757542628,9,1.5223875302312129,200.3427690962546,6,0.14964759121403137,19.682288080903508,5,0.1647181914367169,21.335631967730386,2026-07-20 11:00:00,0x894e1ec2d74ffe5aef8dc8a9e84686accb964f2a
5,0.18957890294017635,24.422389734268258,6,0.4766531321634493,62.81802423092003,7,0.1412158997476276,18.66339172259295,4,0.08642439069731013,11.038742184201462,2026-07-20 12:00:00,0x894e1ec2d74ffe5aef8dc8a9e84686accb964f2a
12,0.8246833068178527,107.40567328325264,2,0.11185434877202297,14.591292307090999,14,1.8841416469452845,254.40133881597336,7,0.37413308014116375,48.603396992909076,2026-07-20 13:00:00,0x894e1ec2d74ffe5aef8dc8a9e84686accb964f2a
11,0.3725461813893345,49.129826861394065,18,7.673741226284371,988.7238994208158,11,1.5135237377992456,205.45015068761475,37,16.386466461637482,2184.4219748219703,2026-07-20 14:00:00,0x894e1ec2d74ffe5aef8dc8a9e84686accb964f2a
7,0.34256270608064765,45.3528650954594,4,0.19795066538840705,26.560212589647243,7,1.5285211134271595,206.40761367150338,6,0.14964759121403137,19.682288080903508,2026-07-20 15:00:00,0x894e1ec2d74ffe5aef8dc8a9e84686accb964f2a
15,2.8668312627114183,386.4961762204872,14,1.891748759388852,251.38292100910877,15,1.6066897914112015,214.35965608834448,7,0.1412158997476276,18.66339172259295,2026-07-20 16:00:00,0x894e1ec2d74ffe5aef8dc8a9e84686accb964f2a
26,1.5077502446533537,201.8690724952765,6,0.07025259897818834,9.31946386089329,15,2.791233594595859,378.75692102584867,14,1.8841416469452845,254.40133881597336,2026-07-20 17:00:00,0x894e1ec2d74ffe5aef8dc8a9e84686accb964f2a
12,2.8116143280431274,373.7957989533975,3,0.6551089537265767,86.94063561449764,24,1.4219644589653022,188.9216022214143,11,1.5135237377992456,205.45015068761475,2026-07-20 18:00:00,0x894e1ec2d74ffe5aef8dc8a9e84686accb964f2a
4,0.16335135457704356,22.145811414662184,8,0.31637930035769457,41.49416665105087,9,1.5223875302312129,200.3427690962546,7,1.5285211134271595,206.40761367150338,2026-07-20 19:00:00,0x894e1ec2d74ffe5aef8dc8a9e84686accb964f2a
12,0.3419492762347872,45.57806852668927,6,0.9666321855824507,125.65476516797801,6,0.4766531321634493,62.81802423092003,15,1.6066897914112015,214.35965608834448,2026-07-20 20:00:00,0x894e1ec2d74ffe5aef8dc8a9e84686accb964f2a
21,3.4516348061001105,458.63237405283786,7,0.19827763467714327,26.17877349408089,2,0.11185434877202297,14.591292307090999,15,2.791233594595859,378.75692102584867,2026-07-20 21:00:00,0x894e1ec2d74ffe5aef8dc8a9e84686accb964f2a
13,1.0252380665852647,135.98334567260983,7,0.2780116044243468,36.85132932222954,18,7.673741226284371,988.7238994208158,24,1.4219644589653022,188.9216022214143,2026-07-20 22:00:00,0x894e1ec2d74ffe5aef8dc8a9e84686accb964f2a
17,1.6550604230475519,217.52335308933783,4,0.29608087661352894,39.37617440758619,4,0.19795066538840705,26.560212589647243,9,1.5223875302312129,200.3427690962546,2026-07-20 23:00:00,0x894e1ec2d74ffe5aef8dc8a9e84686accb964f2a
4,0.17762904800185453,23.95016051870943,9,0.26248843052892956,34.41821511284647,14,1.891748759388852,251.38292100910877,6,0.4766531321634493,62.81802423092003,2026-07-21 00:00:00,0x894e1ec2d74ffe5aef8dc8a9e84686accb964f2a
9,0.372850393738456,50.12236155495425,7,0.49057339885753454,64.71174689283663,6,0.07025259897818834,9.31946386089329,2,0.11185434877202297,14.591292307090999,2026-07-21 01:00:00,0x894e1ec2d74ffe5aef8dc8a9e84686accb964f2a
11,0.8866259666481737,117.13911410819863,20,2.693042048520934,359.55893508067095,3,0.6551089537265767,86.94063561449764,18,7.673741226284371,988.7238994208158,2026-07-21 02:00:00,0x894e1ec2d74ffe5aef8dc8a9e84686accb964f2a
6,0.1725231220013316,22.58514537015891,7,0.474892366853157,61.72145956583235,8,0.31637930035769457,41.49416665105087,4,0.19795066538840705,26.560212589647243,2026-07-21 03:00:00,0x894e1ec2d74ffe5aef8dc8a9e84686accb964f2a
2,0.010585195805020467,1.3771841121969999,4,0.17609573802583486,23.496650903868034,6,0.9666321855824507,125.65476516797801,14,1.891748759388852,251.38292100910877,2026-07-21 04:00:00,0x894e1ec2d74ffe5aef8dc8a9e84686accb964f2a
8,0.16188997704798608,21.25510353356328,9,0.8582482081335553,111.26048676261641,7,0.19827763467714327,26.17877349408089,6,0.07025259897818834,9.31946386089329,2026-07-21 05:00:00,0x894e1ec2d74ffe5aef8dc8a9e84686accb964f2a
0,,,14,0.9043667487377931,117.29338551780538,7,0.2780116044243468,36.85132932222954,3,0.6551089537265767,86.94063561449764,2026-07-21 06:00:00,0x894e1ec2d74ffe5aef8dc8a9e84686accb964f2a
3,0.0337110044279575,4.427671211868117,10,2.2420542474490337,294.34653546708034,4,0.29608087661352894,39.37617440758619,8,0.31637930035769457,41.49416665105087,2026-07-21 07:00:00,0x894e1ec2d74ffe5aef8dc8a9e84686accb964f2a
4,0.35584731645992435,47.39994011308829,15,6.111989565601131,809.159921706678,9,0.26248843052892956,34.41821511284647,6,0.9666321855824507,125.65476516797801,2026-07-21 08:00:00,0x894e1ec2d74ffe5aef8dc8a9e84686accb964f2a
6,0.10391729496199326,13.553943743772994,8,0.7446756551256521,99.70446990794821,7,0.49057339885753454,64.71174689283663,7,0.19827763467714327,26.17877349408089,2026-07-21 09:00:00,0x894e1ec2d74ffe5aef8dc8a9e84686accb964f2a
5,0.27872915047618063,37.02632289608971,10,0.21106393410731658,27.953141295333836,20,2.693042048520934,359.55893508067095,7,0.2780116044243468,36.85132932222954,2026-07-21 10:00:00,0x894e1ec2d74ffe5aef8dc8a9e84686accb964f2a
4,0.04376206512917256,5.85497522501345,4,0.08335965527508053,10.928260322961556,7,0.474892366853157,61.72145956583235,4,0.29608087661352894,39.37617440758619,2026-07-21 11:00:00,0x894e1ec2d74ffe5aef8dc8a9e84686accb964f2a
5,0.17917894908694065,23.644579743438896,5,0.40328831267448173,53.64365267325968,4,0.17609573802583486,23.496650903868034,9,0.26248843052892956,34.41821511284647,2026-07-21 12:00:00,0x894e1ec2d74ffe5aef8dc8a9e84686accb964f2a
4,0.44447020855019603,59.25484288394683,7,0.1487660664270039,19.528790877601136,9,0.8582482081335553,111.26048676261641,7,0.49057339885753454,64.71174689283663,2026-07-21 13:00:00,0x894e1ec2d74ffe5aef8dc8a9e84686accb964f2a
11,0.7741349070075628,102.70582456113341,2,0.02061060178432568,2.695675788712454,14,0.9043667487377931,117.29338551780538,20,2.693042048520934,359.55893508067095,2026-07-21 14:00:00,0x894e1ec2d74ffe5aef8dc8a9e84686accb964f2a
6,0.24444842707779824,32.20429027244445,3,0.06370306926222531,8.351664690648871,10,2.2420542474490337,294.34653546708034,7,0.474892366853157,61.72145956583235,2026-07-21 15:00:00,0x894e1ec2d74ffe5aef8dc8a9e84686accb964f2a
4,0.08508053539127369,11.223269297206128,7,0.301199343009032,39.25357708832023,15,6.111989565601131,809.159921706678,4,0.17609573802583486,23.496650903868034,2026-07-21 16:00:00,0x894e1ec2d74ffe5aef8dc8a9e84686accb964f2a
46,36.39984708064828,4819.117949808944,7,2.2215279419005185,290.2743180456399,8,0.7446756551256521,99.70446990794821,9,0.8582482081335553,111.26048676261641,2026-07-21 17:00:00,0x894e1ec2d74ffe5aef8dc8a9e84686accb964f2a
4,0.5228467155783723,68.84566769188216,7,0.28245093412781364,37.35577787010323,10,0.21106393410731658,27.953141295333836,14,0.9043667487377931,117.29338551780538,2026-07-21 18:00:00,0x894e1ec2d74ffe5aef8dc8a9e84686accb964f2a
4,0.3250926640140758,42.98895335096982,7,0.27591342944862063,36.57696036648561,4,0.08335965527508053,10.928260322961556,10,2.2420542474490337,294.34653546708034,2026-07-21 19:00:00,0x894e1ec2d74ffe5aef8dc8a9e84686accb964f2a
3,0.07541531927707315,9.900030932108,12,0.14199427927481625,18.66077561186716,5,0.40328831267448173,53.64365267325968,15,6.111989565601131,809.159921706678,2026-07-21 20:00:00,0x894e1ec2d74ffe5aef8dc8a9e84686accb964f2a
6,0.23147855430707806,30.47501758599595,8,1.7562245309918587,229.10105365103925,7,0.1487660664270039,19.528790877601136,8,0.7446756551256521,99.70446990794821,2026-07-21 21:00:00,0x894e1ec2d74ffe5aef8dc8a9e84686accb964f2a
1,0.03466244339355419,4.465018069946001,6,0.4468139706310462,59.03418604826309,2,0.02061060178432568,2.695675788712454,10,0.21106393410731658,27.953141295333836,2026-07-21 22:00:00,0x894e1ec2d74ffe5aef8dc8a9e84686accb964f2a
15,1.399879074433106,183.24177800426992,15,3.272553261395175,428.68312253855606,3,0.06370306926222531,8.351664690648871,4,0.08335965527508053,10.928260322961556,2026-07-21 23:00:00,0x894e1ec2d74ffe5aef8dc8a9e84686accb964f2a
0,,,0,,,0,,,0,,,2026-07-15 00:00:00,0x92fd66527192e3e61d4ddd13322aa222de86f9b5
0,,,0,,,0,,,0,,,2026-07-15 01:00:00,0x92fd66527192e3e61d4ddd13322aa222de86f9b5
0,,,0,,,0,,,0,,,2026-07-15 02:00:00,0x92fd66527192e3e61d4ddd13322aa222de86f9b5
0,,,0,,,2,0.20029413519920675,20.1502522407,0,,,2026-07-15 03:00:00,0x92fd66527192e3e61d4ddd13322aa222de86f9b5
0,,,0,,,2,0.001999043395186154,0.201086625592,0,,,2026-07-15 04:00:00,0x92fd66527192e3e61d4ddd13322aa222de86f9b5
0,,,0,,,1,0.00999043396076294,1.005662833275,0,,,2026-07-15 05:00:00,0x92fd66527192e3e61d4ddd13322aa222de86f9b5
0,,,1,0.000190937564400534,0.01921395448,0,,,0,,,2026-07-15 06:00:00,0x92fd66527192e3e61d4ddd13322aa222de86f9b5
0,,,0,,,0,,,2,0.20029413519920675,20.1502522407,2026-07-15 07:00:00,0x92fd66527192e3e61d4ddd13322aa222de86f9b5
0,,,0,,,0,,,2,0.001999043395186154,0.201086625592,2026-07-15 08:00:00,0x92fd66527192e3e61d4ddd13322aa222de86f9b5
0,,,0,,,0,,,1,0.00999043396076294,1.005662833275,2026-07-15 09:00:00,0x92fd66527192e3e61d4ddd13322aa222de86f9b5
1,0.001860990369088478,0.18746200278,1,0.05016714849216238,5.051241979872,0,,,0,,,2026-07-15 10:00:00,0x92fd66527192e3e61d4ddd13322aa222de86f9b5
1,0.211242326,21.24637259591,1,0.1003867756122232,10.111530067506,0,,,0,,,2026-07-15 11:00:00,0x92fd66527192e3e61d4ddd13322aa222de86f9b5
0,,,0,,,0,,,0,,,2026-07-15 12:00:00,0x92fd66527192e3e61d4ddd13322aa222de86f9b5
0,,,1,0.10074627326968187,10.150604295216,0,,,0,,,2026-07-15 13:00:00,0x92fd66527192e3e61d4ddd13322aa222de86f9b5
0,,,0,,,1,0.000190937564400534,0.01921395448,0,,,2026-07-15 14:00:00,0x92fd66527192e3e61d4ddd13322aa222de86f9b5
0,,,0,,,0,,,0,,,2026-07-15 15:00:00,0x92fd66527192e3e61d4ddd13322aa222de86f9b5
0,,,0,,,0,,,0,,,2026-07-15 16:00:00,0x92fd66527192e3e61d4ddd13322aa222de86f9b5
0,,,0,,,0,,,0,,,2026-07-15 17:00:00,0x92fd66527192e3e61d4ddd13322aa222de86f9b5
0,,,0,,,1,0.05016714849216238,5.051241979872,1,0.000190937564400534,0.01921395448,2026-07-15 18:00:00,0x92fd66527192e3e61d4ddd13322aa222de86f9b5
0,,,0,,,1,0.1003867756122232,10.111530067506,0,,,2026-07-15 19:00:00,0x92fd66527192e3e61d4ddd13322aa222de86f9b5
0,,,0,,,0,,,0,,,2026-07-15 20:00:00,0x92fd66527192e3e61d4ddd13322aa222de86f9b5
1,0.09496977747541052,9.574810805985999,0,,,1,0.10074627326968187,10.150604295216,0,,,2026-07-15 21:00:00,0x92fd66527192e3e61d4ddd13322aa222de86f9b5
0,,,0,,,0,,,1,0.05016714849216238,5.051241979872,2026-07-15 22:00:00,0x92fd66527192e3e61d4ddd13322aa222de86f9b5
0,,,0,,,0,,,1,0.1003867756122232,10.111530067506,2026-07-15 23:00:00,0x92fd66527192e3e61d4ddd13322aa222de86f9b5
0,,,0,,,0,,,0,,,2026-07-16 00:00:00,0x92fd66527192e3e61d4ddd13322aa222de86f9b5
0,,,0,,,0,,,1,0.10074627326968187,10.150604295216,2026-07-16 01:00:00,0x92fd66527192e3e61d4ddd13322aa222de86f9b5
2,1.7129960056138278,172.364219014666,0,,,0,,,0,,,2026-07-16 02:00:00,0x92fd66527192e3e61d4ddd13322aa222de86f9b5
1,0.00999043396076294,1.0042582482259998,0,,,0,,,0,,,2026-07-16 03:00:00,0x92fd66527192e3e61d4ddd13322aa222de86f9b5
0,,,0,,,0,,,0,,,2026-07-16 04:00:00,0x92fd66527192e3e61d4ddd13322aa222de86f9b5
0,,,0,,,0,,,0,,,2026-07-16 05:00:00,0x92fd66527192e3e61d4ddd13322aa222de86f9b5
2,0.11266419637932054,11.323091575367998,0,,,0,,,0,,,2026-07-16 06:00:00,0x92fd66527192e3e61d4ddd13322aa222de86f9b5
0,,,0,,,0,,,0,,,2026-07-16 07:00:00,0x92fd66527192e3e61d4ddd13322aa222de86f9b5
0,,,0,,,0,,,0,,,2026-07-16 08:00:00,0x92fd66527192e3e61d4ddd13322aa222de86f9b5
0,,,0,,,0,,,0,,,2026-07-16 09:00:00,0x92fd66527192e3e61d4ddd13322aa222de86f9b5
0,,,3,0.4117579478211092,41.390101984480005,0,,,0,,,2026-07-16 10:00:00,0x92fd66527192e3e61d4ddd13322aa222de86f9b5
0,,,0,,,0,,,0,,,2026-07-16 11:00:00,0x92fd66527192e3e61d4ddd13322aa222de86f9b5
0,,,0,,,0,,,0,,,2026-07-16 12:00:00,0x92fd66527192e3e61d4ddd13322aa222de86f9b5
1,0.08931243865309901,8.978224967494,0,,,0,,,0,,,2026-07-16 13:00:00,0x92fd66527192e3e61d4ddd13322aa222de86f9b5
1,0.1591204100616909,15.998017968000001,0,,,0,,,0,,,2026-07-16 14:00:00,0x92fd66527192e3e61d4ddd13322aa222de86f9b5
1,0.0001,0.010053220392,0,,,0,,,0,,,2026-07-16 15:00:00,0x92fd66527192e3e61d4ddd13322aa222de86f9b5
0,,,1,0.00999043396076294,1.005479951088,0,,,0,,,2026-07-16 16:00:00,0x92fd66527192e3e61d4ddd13322aa222de86f9b5
0,,,1,0.020892441337166025,2.1009975,0,,,0,,,2026-07-16 17:00:00,0x92fd66527192e3e61d4ddd13322aa222de86f9b5
0,,,1,0.009057765748884807,0.9114559526050001,3,0.4117579478211092,41.390101984480005,0,,,2026-07-16 18:00:00,0x92fd66527192e3e61d4ddd13322aa222de86f9b5
0,,,1,0.01086687091091788,1.093085807938,0,,,0,,,2026-07-16 19:00:00,0x92fd66527192e3e61d4ddd13322aa222de86f9b5
1,0.01135898617001388,1.1424074485290001,0,,,0,,,0,,,2026-07-16 20:00:00,0x92fd66527192e3e61d4ddd13322aa222de86f9b5
2,0.3719241555091709,37.389819650928,0,,,0,,,0,,,2026-07-16 21:00:00,0x92fd66527192e3e61d4ddd13322aa222de86f9b5
0,,,0,,,0,,,3,0.4117579478211092,41.390101984480005,2026-07-16 22:00:00,0x92fd66527192e3e61d4ddd13322aa222de86f9b5
0,,,0,,,0,,,0,,,2026-07-16 23:00:00,0x92fd66527192e3e61d4ddd13322aa222de86f9b5
0,,,0,,,1,0.00999043396076294,1.005479951088,0,,,2026-07-17 00:00:00,0x92fd66527192e3e61d4ddd13322aa222de86f9b5
0,,,0,,,1,0.020892441337166025,2.1009975,0,,,2026-07-17 01:00:00,0x92fd66527192e3e61d4ddd13322aa222de86f9b5
0,,,0,,,1,0.009057765748884807,0.9114559526050001,0,,,2026-07-17 02:00:00,0x92fd66527192e3e61d4ddd13322aa222de86f9b5
6,0.03997273584305176,4.029272241252,0,,,1,0.01086687091091788,1.093085807938,0,,,2026-07-17 03:00:00,0x92fd66527192e3e61d4ddd13322aa222de86f9b5
0,,,0,,,0,,,1,0.00999043396076294,1.005479951088,2026-07-17 04:00:00,0x92fd66527192e3e61d4ddd13322aa222de86f9b5
0,,,0,,,0,,,1,0.020892441337166025,2.1009975,2026-07-17 05:00:00,0x92fd66527192e3e61d4ddd13322aa222de86f9b5
0,,,0,,,0,,,1,0.009057765748884807,0.9114559526050001,2026-07-17 06:00:00,0x92fd66527192e3e61d4ddd13322aa222de86f9b5
1,0.05251695874654668,5.280127477380001,1,0.000994290101443312,0.100249128448,0,,,1,0.01086687091091788,1.093085807938,2026-07-17 07:00:00,0x92fd66527192e3e61d4ddd13322aa222de86f9b5
1,0.010842336384304678,1.0914665632199998,0,,,0,,,0,,,2026-07-17 08:00:00,0x92fd66527192e3e61d4ddd13322aa222de86f9b5
0,,,0,,,0,,,0,,,2026-07-17 09:00:00,0x92fd66527192e3e61d4ddd13322aa222de86f9b5
0,,,0,,,0,,,0,,,2026-07-17 10:00:00,0x92fd66527192e3e61d4ddd13322aa222de86f9b5
0,,,0,,,0,,,0,,,2026-07-17 11:00:00,0x92fd66527192e3e61d4ddd13322aa222de86f9b5
0,,,0,,,0,,,0,,,2026-07-17 12:00:00,0x92fd66527192e3e61d4ddd13322aa222de86f9b5
2,0.003998086792152587,0.403081090335,4,0.39771068277724747,39.98464113600001,0,,,0,,,2026-07-17 13:00:00,0x92fd66527192e3e61d4ddd13322aa222de86f9b5
0,,,0,,,0,,,0,,,2026-07-17 14:00:00,0x92fd66527192e3e61d4ddd13322aa222de86f9b5
0,,,1,0.9809244112918607,98.759006795475,1,0.000994290101443312,0.100249128448,0,,,2026-07-17 15:00:00,0x92fd66527192e3e61d4ddd13322aa222de86f9b5
3,0.1579185570261565,15.921429974940002,0,,,0,,,0,,,2026-07-17 16:00:00,0x92fd66527192e3e61d4ddd13322aa222de86f9b5
0,,,0,,,0,,,0,,,2026-07-17 17:00:00,0x92fd66527192e3e61d4ddd13322aa222de86f9b5
0,,,0,,,0,,,0,,,2026-07-17 18:00:00,0x92fd66527192e3e61d4ddd13322aa222de86f9b5
0,,,0,,,0,,,1,0.000994290101443312,0.100249128448,2026-07-17 19:00:00,0x92fd66527192e3e61d4ddd13322aa222de86f9b5
0,,,0,,,0,,,0,,,2026-07-17 20:00:00,0x92fd66527192e3e61d4ddd13322aa222de86f9b5
0,,,0,,,4,0.39771068277724747,39.98464113600001,0,,,2026-07-17 21:00:00,0x92fd66527192e3e61d4ddd13322aa222de86f9b5
0,,,0,,,0,,,0,,,2026-07-17 22:00:00,0x92fd66527192e3e61d4ddd13322aa222de86f9b5
0,,,0,,,1,0.9809244112918607,98.759006795475,0,,,2026-07-17 23:00:00,0x92fd66527192e3e61d4ddd13322aa222de86f9b5
1,0.10333159919514619,10.406633318399999,0,,,0,,,0,,,2026-07-18 00:00:00,0x92fd66527192e3e61d4ddd13322aa222de86f9b5
0,,,0,,,0,,,4,0.39771068277724747,39.98464113600001,2026-07-18 01:00:00,0x92fd66527192e3e61d4ddd13322aa222de86f9b5
1,0.05106967756978606,5.137277422804,0,,,0,,,0,,,2026-07-18 02:00:00,0x92fd66527192e3e61d4ddd13322aa222de86f9b5
0,,,0,,,0,,,1,0.9809244112918607,98.759006795475,2026-07-18 03:00:00,0x92fd66527192e3e61d4ddd13322aa222de86f9b5
0,,,0,,,0,,,0,,,2026-07-18 04:00:00,0x92fd66527192e3e61d4ddd13322aa222de86f9b5
0,,,0,,,0,,,0,,,2026-07-18 05:00:00,0x92fd66527192e3e61d4ddd13322aa222de86f9b5
0,,,0,,,0,,,0,,,2026-07-18 06:00:00,0x92fd66527192e3e61d4ddd13322aa222de86f9b5
0,,,68,39.506083881763466,3976.481217362576,0,,,0,,,2026-07-18 07:00:00,0x92fd66527192e3e61d4ddd13322aa222de86f9b5
0,,,95,47.03739682264976,4737.978608506825,0,,,0,,,2026-07-18 08:00:00,0x92fd66527192e3e61d4ddd13322aa222de86f9b5
0,,,22,10.928023300833853,1100.3498760191976,0,,,0,,,2026-07-18 09:00:00,0x92fd66527192e3e61d4ddd13322aa222de86f9b5
0,,,0,,,0,,,0,,,2026-07-18 10:00:00,0x92fd66527192e3e61d4ddd13322aa222de86f9b5
0,,,0,,,0,,,0,,,2026-07-18 11:00:00,0x92fd66527192e3e61d4ddd13322aa222de86f9b5
0,,,0,,,0,,,0,,,2026-07-18 12:00:00,0x92fd66527192e3e61d4ddd13322aa222de86f9b5
0,,,0,,,0,,,0,,,2026-07-18 13:00:00,0x92fd66527192e3e61d4ddd13322aa222de86f9b5
0,,,0,,,0,,,0,,,2026-07-18 14:00:00,0x92fd66527192e3e61d4ddd13322aa222de86f9b5
0,,,0,,,68,39.506083881763466,3976.481217362576,0,,,2026-07-18 15:00:00,0x92fd66527192e3e61d4ddd13322aa222de86f9b5
0,,,0,,,95,47.03739682264976,4737.978608506825,0,,,2026-07-18 16:00:00,0x92fd66527192e3e61d4ddd13322aa222de86f9b5
0,,,0,,,22,10.928023300833853,1100.3498760191976,0,,,2026-07-18 17:00:00,0x92fd66527192e3e61d4ddd13322aa222de86f9b5
0,,,0,,,0,,,0,,,2026-07-18 18:00:00,0x92fd66527192e3e61d4ddd13322aa222de86f9b5
52,28.18768419157824,2837.083614940345,0,,,0,,,68,39.506083881763466,3976.481217362576,2026-07-18 19:00:00,0x92fd66527192e3e61d4ddd13322aa222de86f9b5
71,34.88343155670464,3511.218900102181,0,,,0,,,95,47.03739682264976,4737.978608506825,2026-07-18 20:00:00,0x92fd66527192e3e61d4ddd13322aa222de86f9b5
0,,,0,,,0,,,22,10.928023300833853,1100.3498760191976,2026-07-18 21:00:00,0x92fd66527192e3e61d4ddd13322aa222de86f9b5
1,0.97209609031,97.82214399397499,0,,,0,,,0,,,2026-07-18 22:00:00,0x92fd66527192e3e61d4ddd13322aa222de86f9b5
0,,,4,1.8885372210993767,190.025389371181,0,,,0,,,2026-07-18 23:00:00,0x92fd66527192e3e61d4ddd13322aa222de86f9b5
0,,,0,,,0,,,0,,,2026-07-19 00:00:00,0x92fd66527192e3e61d4ddd13322aa222de86f9b5
0,,,0,,,0,,,0,,,2026-07-19 01:00:00,0x92fd66527192e3e61d4ddd13322aa222de86f9b5
0,,,0,,,0,,,0,,,2026-07-19 02:00:00,0x92fd66527192e3e61d4ddd13322aa222de86f9b5
0,,,0,,,0,,,0,,,2026-07-19 03:00:00,0x92fd66527192e3e61d4ddd13322aa222de86f9b5
0,,,0,,,0,,,0,,,2026-07-19 04:00:00,0x92fd66527192e3e61d4ddd13322aa222de86f9b5
0,,,0,,,0,,,0,,,2026-07-19 05:00:00,0x92fd66527192e3e61d4ddd13322aa222de86f9b5
0,,,0,,,0,,,0,,,2026-07-19 06:00:00,0x92fd66527192e3e61d4ddd13322aa222de86f9b5
0,,,0,,,4,1.8885372210993767,190.025389371181,0,,,2026-07-19 07:00:00,0x92fd66527192e3e61d4ddd13322aa222de86f9b5
0,,,0,,,0,,,0,,,2026-07-19 08:00:00,0x92fd66527192e3e61d4ddd13322aa222de86f9b5
0,,,0,,,0,,,0,,,2026-07-19 09:00:00,0x92fd66527192e3e61d4ddd13322aa222de86f9b5
0,,,0,,,0,,,0,,,2026-07-19 10:00:00,0x92fd66527192e3e61d4ddd13322aa222de86f9b5
0,,,0,,,0,,,4,1.8885372210993767,190.025389371181,2026-07-19 11:00:00,0x92fd66527192e3e61d4ddd13322aa222de86f9b5
0,,,0,,,0,,,0,,,2026-07-19 12:00:00,0x92fd66527192e3e61d4ddd13322aa222de86f9b5
1,0.01998086792152588,2.012221227414,0,,,0,,,0,,,2026-07-19 13:00:00,0x92fd66527192e3e61d4ddd13322aa222de86f9b5
0,,,0,,,0,,,0,,,2026-07-19 14:00:00,0x92fd66527192e3e61d4ddd13322aa222de86f9b5
0,,,0,,,0,,,0,,,2026-07-19 15:00:00,0x92fd66527192e3e61d4ddd13322aa222de86f9b5
0,,,0,,,0,,,0,,,2026-07-19 16:00:00,0x92fd66527192e3e61d4ddd13322aa222de86f9b5
0,,,2,1.5428242936675611,154.99070311599002,0,,,0,,,2026-07-19 17:00:00,0x92fd66527192e3e61d4ddd13322aa222de86f9b5
0,,,0,,,0,,,0,,,2026-07-19 18:00:00,0x92fd66527192e3e61d4ddd13322aa222de86f9b5
0,,,0,,,0,,,0,,,2026-07-19 19:00:00,0x92fd66527192e3e61d4ddd13322aa222de86f9b5
0,,,0,,,0,,,0,,,2026-07-19 20:00:00,0x92fd66527192e3e61d4ddd13322aa222de86f9b5
0,,,0,,,0,,,0,,,2026-07-19 21:00:00,0x92fd66527192e3e61d4ddd13322aa222de86f9b5
0,,,0,,,0,,,0,,,2026-07-19 22:00:00,0x92fd66527192e3e61d4ddd13322aa222de86f9b5
0,,,0,,,0,,,0,,,2026-07-19 23:00:00,0x92fd66527192e3e61d4ddd13322aa222de86f9b5
0,,,0,,,0,,,0,,,2026-07-20 00:00:00,0x92fd66527192e3e61d4ddd13322aa222de86f9b5
1,0.01857677249628961,1.8708078464459998,0,,,2,1.5428242936675611,154.99070311599002,0,,,2026-07-20 01:00:00,0x92fd66527192e3e61d4ddd13322aa222de86f9b5
2,1.9838966522144772,199.662569630433,0,,,0,,,0,,,2026-07-20 02:00:00,0x92fd66527192e3e61d4ddd13322aa222de86f9b5
0,,,0,,,0,,,0,,,2026-07-20 03:00:00,0x92fd66527192e3e61d4ddd13322aa222de86f9b5
0,,,0,,,0,,,0,,,2026-07-20 04:00:00,0x92fd66527192e3e61d4ddd13322aa222de86f9b5
0,,,0,,,0,,,2,1.5428242936675611,154.99070311599002,2026-07-20 05:00:00,0x92fd66527192e3e61d4ddd13322aa222de86f9b5
2,0.04360059330737613,4.38370390548,0,,,0,,,0,,,2026-07-20 06:00:00,0x92fd66527192e3e61d4ddd13322aa222de86f9b5
2,0.01285032859602134,0.128950996391,0,,,0,,,0,,,2026-07-20 07:00:00,0x92fd66527192e3e61d4ddd13322aa222de86f9b5
0,,,0,,,0,,,0,,,2026-07-20 08:00:00,0x92fd66527192e3e61d4ddd13322aa222de86f9b5
0,,,0,,,0,,,0,,,2026-07-20 09:00:00,0x92fd66527192e3e61d4ddd13322aa222de86f9b5
0,,,0,,,0,,,0,,,2026-07-20 10:00:00,0x92fd66527192e3e61d4ddd13322aa222de86f9b5
0,,,0,,,0,,,0,,,2026-07-20 11:00:00,0x92fd66527192e3e61d4ddd13322aa222de86f9b5
0,,,0,,,0,,,0,,,2026-07-20 12:00:00,0x92fd66527192e3e61d4ddd13322aa222de86f9b5
0,,,0,,,0,,,0,,,2026-07-20 13:00:00,0x92fd66527192e3e61d4ddd13322aa222de86f9b5
0,,,0,,,0,,,0,,,2026-07-20 14:00:00,0x92fd66527192e3e61d4ddd13322aa222de86f9b5
0,,,0,,,0,,,0,,,2026-07-20 15:00:00,0x92fd66527192e3e61d4ddd13322aa222de86f9b5
0,,,0,,,0,,,0,,,2026-07-20 16:00:00,0x92fd66527192e3e61d4ddd13322aa222de86f9b5
0,,,0,,,0,,,0,,,2026-07-20 17:00:00,0x92fd66527192e3e61d4ddd13322aa222de86f9b5
0,,,0,,,0,,,0,,,2026-07-20 18:00:00,0x92fd66527192e3e61d4ddd13322aa222de86f9b5
0,,,0,,,0,,,0,,,2026-07-20 19:00:00,0x92fd66527192e3e61d4ddd13322aa222de86f9b5
0,,,0,,,0,,,0,,,2026-07-20 20:00:00,0x92fd66527192e3e61d4ddd13322aa222de86f9b5
1,0.001792067548738414,3.7969693761579997,0,,,0,,,0,,,2026-07-20 21:00:00,0x92fd66527192e3e61d4ddd13322aa222de86f9b5
0,,,0,,,0,,,0,,,2026-07-20 22:00:00,0x92fd66527192e3e61d4ddd13322aa222de86f9b5
0,,,0,,,0,,,0,,,2026-07-20 23:00:00,0x92fd66527192e3e61d4ddd13322aa222de86f9b5
0,,,0,,,0,,,0,,,2026-07-21 00:00:00,0x92fd66527192e3e61d4ddd13322aa222de86f9b5
0,,,0,,,0,,,0,,,2026-07-21 01:00:00,0x92fd66527192e3e61d4ddd13322aa222de86f9b5
0,,,0,,,0,,,0,,,2026-07-21 02:00:00,0x92fd66527192e3e61d4ddd13322aa222de86f9b5
0,,,0,,,0,,,0,,,2026-07-21 03:00:00,0x92fd66527192e3e61d4ddd13322aa222de86f9b5
0,,,0,,,0,,,0,,,2026-07-21 04:00:00,0x92fd66527192e3e61d4ddd13322aa222de86f9b5
0,,,0,,,0,,,0,,,2026-07-21 05:00:00,0x92fd66527192e3e61d4ddd13322aa222de86f9b5
0,,,0,,,0,,,0,,,2026-07-21 06:00:00,0x92fd66527192e3e61d4ddd13322aa222de86f9b5
0,,,0,,,0,,,0,,,2026-07-21 07:00:00,0x92fd66527192e3e61d4ddd13322aa222de86f9b5
0,,,0,,,0,,,0,,,2026-07-21 08:00:00,0x92fd66527192e3e61d4ddd13322aa222de86f9b5
0,,,0,,,0,,,0,,,2026-07-21 09:00:00,0x92fd66527192e3e61d4ddd13322aa222de86f9b5
0,,,0,,,0,,,0,,,2026-07-21 10:00:00,0x92fd66527192e3e61d4ddd13322aa222de86f9b5
0,,,0,,,0,,,0,,,2026-07-21 11:00:00,0x92fd66527192e3e61d4ddd13322aa222de86f9b5
0,,,0,,,0,,,0,,,2026-07-21 12:00:00,0x92fd66527192e3e61d4ddd13322aa222de86f9b5
0,,,0,,,0,,,0,,,2026-07-21 13:00:00,0x92fd66527192e3e61d4ddd13322aa222de86f9b5
0,,,0,,,0,,,0,,,2026-07-21 14:00:00,0x92fd66527192e3e61d4ddd13322aa222de86f9b5
0,,,16,0.008360071541983616,1.0630243240960002,0,,,0,,,2026-07-21 15:00:00,0x92fd66527192e3e61d4ddd13322aa222de86f9b5
0,,,3,0.04015813805149979,4.046086812767999,0,,,0,,,2026-07-21 16:00:00,0x92fd66527192e3e61d4ddd13322aa222de86f9b5
0,,,0,,,0,,,0,,,2026-07-21 17:00:00,0x92fd66527192e3e61d4ddd13322aa222de86f9b5
0,,,0,,,0,,,0,,,2026-07-21 18:00:00,0x92fd66527192e3e61d4ddd13322aa222de86f9b5
0,,,1,0.04947008520740559,4.9988399999999995,0,,,0,,,2026-07-21 19:00:00,0x92fd66527192e3e61d4ddd13322aa222de86f9b5
0,,,0,,,0,,,0,,,2026-07-21 20:00:00,0x92fd66527192e3e61d4ddd13322aa222de86f9b5
0,,,0,,,0,,,0,,,2026-07-21 21:00:00,0x92fd66527192e3e61d4ddd13322aa222de86f9b5
0,,,0,,,0,,,0,,,2026-07-21 22:00:00,0x92fd66527192e3e61d4ddd13322aa222de86f9b5
0,,,0,,,16,0.008360071541983616,1.0630243240960002,0,,,2026-07-21 23:00:00,0x92fd66527192e3e61d4ddd13322aa222de86f9b5
0,,,0,,,0,,,0,,,2026-07-15 00:00:00,0x941ae714ec6d8130c7b75d67160ca08f1e7d11dd
0,,,0,,,0,,,0,,,2026-07-15 01:00:00,0x941ae714ec6d8130c7b75d67160ca08f1e7d11dd
0,,,0,,,0,,,0,,,2026-07-15 02:00:00,0x941ae714ec6d8130c7b75d67160ca08f1e7d11dd
0,,,0,,,0,,,0,,,2026-07-15 03:00:00,0x941ae714ec6d8130c7b75d67160ca08f1e7d11dd
0,,,0,,,0,,,0,,,2026-07-15 04:00:00,0x941ae714ec6d8130c7b75d67160ca08f1e7d11dd
0,,,0,,,0,,,0,,,2026-07-15 05:00:00,0x941ae714ec6d8130c7b75d67160ca08f1e7d11dd
0,,,0,,,0,,,0,,,2026-07-15 06:00:00,0x941ae714ec6d8130c7b75d67160ca08f1e7d11dd
0,,,0,,,0,,,0,,,2026-07-15 07:00:00,0x941ae714ec6d8130c7b75d67160ca08f1e7d11dd
0,,,0,,,0,,,0,,,2026-07-15 08:00:00,0x941ae714ec6d8130c7b75d67160ca08f1e7d11dd
0,,,0,,,0,,,0,,,2026-07-15 09:00:00,0x941ae714ec6d8130c7b75d67160ca08f1e7d11dd
0,,,0,,,0,,,0,,,2026-07-15 10:00:00,0x941ae714ec6d8130c7b75d67160ca08f1e7d11dd
0,,,0,,,0,,,0,,,2026-07-15 11:00:00,0x941ae714ec6d8130c7b75d67160ca08f1e7d11dd
0,,,0,,,0,,,0,,,2026-07-15 12:00:00,0x941ae714ec6d8130c7b75d67160ca08f1e7d11dd
0,,,0,,,0,,,0,,,2026-07-15 13:00:00,0x941ae714ec6d8130c7b75d67160ca08f1e7d11dd
0,,,0,,,0,,,0,,,2026-07-15 14:00:00,0x941ae714ec6d8130c7b75d67160ca08f1e7d11dd
0,,,0,,,0,,,0,,,2026-07-15 15:00:00,0x941ae714ec6d8130c7b75d67160ca08f1e7d11dd
0,,,0,,,0,,,0,,,2026-07-15 16:00:00,0x941ae714ec6d8130c7b75d67160ca08f1e7d11dd
0,,,0,,,0,,,0,,,2026-07-15 17:00:00,0x941ae714ec6d8130c7b75d67160ca08f1e7d11dd
0,,,0,,,0,,,0,,,2026-07-15 18:00:00,0x941ae714ec6d8130c7b75d67160ca08f1e7d11dd
0,,,0,,,0,,,0,,,2026-07-15 19:00:00,0x941ae714ec6d8130c7b75d67160ca08f1e7d11dd
0,,,0,,,0,,,0,,,2026-07-15 20:00:00,0x941ae714ec6d8130c7b75d67160ca08f1e7d11dd
0,,,0,,,0,,,0,,,2026-07-15 21:00:00,0x941ae714ec6d8130c7b75d67160ca08f1e7d11dd
0,,,0,,,0,,,0,,,2026-07-15 22:00:00,0x941ae714ec6d8130c7b75d67160ca08f1e7d11dd
0,,,0,,,0,,,0,,,2026-07-15 23:00:00,0x941ae714ec6d8130c7b75d67160ca08f1e7d11dd
0,,,0,,,0,,,0,,,2026-07-16 00:00:00,0x941ae714ec6d8130c7b75d67160ca08f1e7d11dd
0,,,0,,,0,,,0,,,2026-07-16 01:00:00,0x941ae714ec6d8130c7b75d67160ca08f1e7d11dd
0,,,0,,,0,,,0,,,2026-07-16 02:00:00,0x941ae714ec6d8130c7b75d67160ca08f1e7d11dd
0,,,0,,,0,,,0,,,2026-07-16 03:00:00,0x941ae714ec6d8130c7b75d67160ca08f1e7d11dd
0,,,0,,,0,,,0,,,2026-07-16 04:00:00,0x941ae714ec6d8130c7b75d67160ca08f1e7d11dd
0,,,0,,,0,,,0,,,2026-07-16 05:00:00,0x941ae714ec6d8130c7b75d67160ca08f1e7d11dd
0,,,0,,,0,,,0,,,2026-07-16 06:00:00,0x941ae714ec6d8130c7b75d67160ca08f1e7d11dd
0,,,0,,,0,,,0,,,2026-07-16 07:00:00,0x941ae714ec6d8130c7b75d67160ca08f1e7d11dd
1,0.03173828125,12.57889228282,0,,,0,,,0,,,2026-07-16 08:00:00,0x941ae714ec6d8130c7b75d67160ca08f1e7d11dd
0,,,0,,,0,,,0,,,2026-07-16 09:00:00,0x941ae714ec6d8130c7b75d67160ca08f1e7d11dd
0,,,0,,,0,,,0,,,2026-07-16 10:00:00,0x941ae714ec6d8130c7b75d67160ca08f1e7d11dd
0,,,1,0.30185777367015815,118.291370748375,0,,,0,,,2026-07-16 11:00:00,0x941ae714ec6d8130c7b75d67160ca08f1e7d11dd
0,,,0,,,0,,,0,,,2026-07-16 12:00:00,0x941ae714ec6d8130c7b75d67160ca08f1e7d11dd
0,,,0,,,0,,,0,,,2026-07-16 13:00:00,0x941ae714ec6d8130c7b75d67160ca08f1e7d11dd
0,,,0,,,0,,,0,,,2026-07-16 14:00:00,0x941ae714ec6d8130c7b75d67160ca08f1e7d11dd
0,,,0,,,0,,,0,,,2026-07-16 15:00:00,0x941ae714ec6d8130c7b75d67160ca08f1e7d11dd
0,,,0,,,0,,,0,,,2026-07-16 16:00:00,0x941ae714ec6d8130c7b75d67160ca08f1e7d11dd
0,,,0,,,0,,,0,,,2026-07-16 17:00:00,0x941ae714ec6d8130c7b75d67160ca08f1e7d11dd
0,,,4,1.3290942079702819,505.984691331992,0,,,0,,,2026-07-16 18:00:00,0x941ae714ec6d8130c7b75d67160ca08f1e7d11dd
0,,,0,,,1,0.30185777367015815,118.291370748375,0,,,2026-07-16 19:00:00,0x941ae714ec6d8130c7b75d67160ca08f1e7d11dd
0,,,0,,,0,,,0,,,2026-07-16 20:00:00,0x941ae714ec6d8130c7b75d67160ca08f1e7d11dd
1,0.28706470588235294,113.33927522991002,0,,,0,,,0,,,2026-07-16 21:00:00,0x941ae714ec6d8130c7b75d67160ca08f1e7d11dd
0,,,0,,,0,,,0,,,2026-07-16 22:00:00,0x941ae714ec6d8130c7b75d67160ca08f1e7d11dd
2,0.6168444941948477,239.57784786644203,0,,,0,,,1,0.30185777367015815,118.291370748375,2026-07-16 23:00:00,0x941ae714ec6d8130c7b75d67160ca08f1e7d11dd
0,,,1,0.06445010388390718,24.486000940062,0,,,0,,,2026-07-17 00:00:00,0x941ae714ec6d8130c7b75d67160ca08f1e7d11dd
0,,,0,,,0,,,0,,,2026-07-17 01:00:00,0x941ae714ec6d8130c7b75d67160ca08f1e7d11dd
0,,,0,,,4,1.3290942079702819,505.984691331992,0,,,2026-07-17 02:00:00,0x941ae714ec6d8130c7b75d67160ca08f1e7d11dd
0,,,0,,,0,,,0,,,2026-07-17 03:00:00,0x941ae714ec6d8130c7b75d67160ca08f1e7d11dd
0,,,0,,,0,,,0,,,2026-07-17 04:00:00,0x941ae714ec6d8130c7b75d67160ca08f1e7d11dd
0,,,0,,,0,,,0,,,2026-07-17 05:00:00,0x941ae714ec6d8130c7b75d67160ca08f1e7d11dd
1,0.34581566080438464,128.9748658952,0,,,0,,,4,1.3290942079702819,505.984691331992,2026-07-17 06:00:00,0x941ae714ec6d8130c7b75d67160ca08f1e7d11dd
0,,,6,0.03464711753610842,693.1660700981781,0,,,0,,,2026-07-17 07:00:00,0x941ae714ec6d8130c7b75d67160ca08f1e7d11dd
1,0.000287314058391089,0.109071107268,21,0.013861706699310613,83.07144397996501,1,0.06445010388390718,24.486000940062,0,,,2026-07-17 08:00:00,0x941ae714ec6d8130c7b75d67160ca08f1e7d11dd
0,,,14,0.01306734116725799,201.95829343512798,0,,,0,,,2026-07-17 09:00:00,0x941ae714ec6d8130c7b75d67160ca08f1e7d11dd
0,,,5,0.0079602151032434,29.186038714970994,0,,,0,,,2026-07-17 10:00:00,0x941ae714ec6d8130c7b75d67160ca08f1e7d11dd
0,,,21,0.017388854055997077,452.66581959687795,0,,,0,,,2026-07-17 11:00:00,0x941ae714ec6d8130c7b75d67160ca08f1e7d11dd
0,,,7,0.016656846414886014,100.24436208886502,0,,,1,0.06445010388390718,24.486000940062,2026-07-17 12:00:00,0x941ae714ec6d8130c7b75d67160ca08f1e7d11dd
0,,,3,0.000390187376233557,26.324728461644998,0,,,0,,,2026-07-17 13:00:00,0x941ae714ec6d8130c7b75d67160ca08f1e7d11dd
3,1.3983773932033126,540.533285468358,1,0.004043326320319344,28.959213382384004,0,,,0,,,2026-07-17 14:00:00,0x941ae714ec6d8130c7b75d67160ca08f1e7d11dd
0,,,1,0.002254078463582712,20.708035902435004,6,0.03464711753610842,693.1660700981781,0,,,2026-07-17 15:00:00,0x941ae714ec6d8130c7b75d67160ca08f1e7d11dd
1,0.2967742673373044,116.821216062366,2,0.002824068686227488,24.815984420616,21,0.013861706699310613,83.07144397996501,0,,,2026-07-17 16:00:00,0x941ae714ec6d8130c7b75d67160ca08f1e7d11dd
3,0.8988266186768257,358.90312374258406,3,0.0021392611855833217,29.820772855549997,14,0.01306734116725799,201.95829343512798,0,,,2026-07-17 17:00:00,0x941ae714ec6d8130c7b75d67160ca08f1e7d11dd
6,0.4188493147792019,2400.456547760082,6,0.0029904652239738302,22.234585057154,5,0.0079602151032434,29.186038714970994,0,,,2026-07-17 18:00:00,0x941ae714ec6d8130c7b75d67160ca08f1e7d11dd
25,0.04914364609314092,139.71770137645402,2,0.001480723338475845,23.386841790930003,21,0.017388854055997077,452.66581959687795,6,0.03464711753610842,693.1660700981781,2026-07-17 19:00:00,0x941ae714ec6d8130c7b75d67160ca08f1e7d11dd
5,0.001541348992449972,52.870970297213994,0,,,7,0.016656846414886014,100.24436208886502,21,0.013861706699310613,83.07144397996501,2026-07-17 20:00:00,0x941ae714ec6d8130c7b75d67160ca08f1e7d11dd
3,0.000473452176112008,25.779785540923,0,,,3,0.000390187376233557,26.324728461644998,14,0.01306734116725799,201.95829343512798,2026-07-17 21:00:00,0x941ae714ec6d8130c7b75d67160ca08f1e7d11dd
5,0.0016640694515187762,93.069589370072,1,0.001152369839200128,22.938842431494,1,0.004043326320319344,28.959213382384004,5,0.0079602151032434,29.186038714970994,2026-07-17 22:00:00,0x941ae714ec6d8130c7b75d67160ca08f1e7d11dd
12,0.0031953802981060527,172.99204591419598,0,,,1,0.002254078463582712,20.708035902435004,21,0.017388854055997077,452.66581959687795,2026-07-17 23:00:00,0x941ae714ec6d8130c7b75d67160ca08f1e7d11dd
2,0.000733609545546542,52.189861323515,0,,,2,0.002824068686227488,24.815984420616,7,0.016656846414886014,100.24436208886502,2026-07-18 00:00:00,0x941ae714ec6d8130c7b75d67160ca08f1e7d11dd
5,0.008801074292627007,5.498415607118,1,0.001055861087921001,24.243570255092,3,0.0021392611855833217,29.820772855549997,3,0.000390187376233557,26.324728461644998,2026-07-18 01:00:00,0x941ae714ec6d8130c7b75d67160ca08f1e7d11dd
2,0.00272202826760572,22.365515808349997,1,0.004350099136590638,3.0084564965599996,6,0.0029904652239738302,22.234585057154,1,0.004043326320319344,28.959213382384004,2026-07-18 02:00:00,0x941ae714ec6d8130c7b75d67160ca08f1e7d11dd
1,0.002040835458472081,20.67600173625,0,,,2,0.001480723338475845,23.386841790930003,1,0.002254078463582712,20.708035902435004,2026-07-18 03:00:00,0x941ae714ec6d8130c7b75d67160ca08f1e7d11dd
5,0.010408461572103875,28.797801831871,1,0.001660472266157447,1.1010374903039999,0,,,2,0.002824068686227488,24.815984420616,2026-07-18 04:00:00,0x941ae714ec6d8130c7b75d67160ca08f1e7d11dd
0,,,2,0.0027740097360026807,25.866538666136,0,,,3,0.0021392611855833217,29.820772855549997,2026-07-18 05:00:00,0x941ae714ec6d8130c7b75d67160ca08f1e7d11dd
1,0.00248291867689562,1.738950734064,1,0.000673371998749498,21.310467427840003,1,0.001152369839200128,22.938842431494,6,0.0029904652239738302,22.234585057154,2026-07-18 06:00:00,0x941ae714ec6d8130c7b75d67160ca08f1e7d11dd
0,,,5,0.0027286001369491945,134.351300284376,0,,,2,0.001480723338475845,23.386841790930003,2026-07-18 07:00:00,0x941ae714ec6d8130c7b75d67160ca08f1e7d11dd
1,0.001469352617652006,26.862620799968,0,,,0,,,0,,,2026-07-18 08:00:00,0x941ae714ec6d8130c7b75d67160ca08f1e7d11dd
0,,,1,4.911098631414e-06,0.00313455258,1,0.001055861087921001,24.243570255092,0,,,2026-07-18 09:00:00,0x941ae714ec6d8130c7b75d67160ca08f1e7d11dd
0,,,3,0.001304023976302216,0.830453129441,1,0.004350099136590638,3.0084564965599996,1,0.001152369839200128,22.938842431494,2026-07-18 10:00:00,0x941ae714ec6d8130c7b75d67160ca08f1e7d11dd
1,0.000971758986829657,20.798799976500003,0,,,0,,,0,,,2026-07-18 11:00:00,0x941ae714ec6d8130c7b75d67160ca08f1e7d11dd
0,,,0,,,1,0.001660472266157447,1.1010374903039999,0,,,2026-07-18 12:00:00,0x941ae714ec6d8130c7b75d67160ca08f1e7d11dd
1,0.000794930942875007,19.50752414277,3,0.009821960289540108,4.871220931632,2,0.0027740097360026807,25.866538666136,1,0.001055861087921001,24.243570255092,2026-07-18 13:00:00,0x941ae714ec6d8130c7b75d67160ca08f1e7d11dd
2,0.01117112507279717,28.292234958356996,0,,,1,0.000673371998749498,21.310467427840003,1,0.004350099136590638,3.0084564965599996,2026-07-18 14:00:00,0x941ae714ec6d8130c7b75d67160ca08f1e7d11dd
2,0.0008714836177690891,24.046160302346,0,,,5,0.0027286001369491945,134.351300284376,0,,,2026-07-18 15:00:00,0x941ae714ec6d8130c7b75d67160ca08f1e7d11dd
4,0.008431415375722636,5.4918757831530005,0,,,0,,,1,0.001660472266157447,1.1010374903039999,2026-07-18 16:00:00,0x941ae714ec6d8130c7b75d67160ca08f1e7d11dd
0,,,0,,,1,4.911098631414e-06,0.00313455258,2,0.0027740097360026807,25.866538666136,2026-07-18 17:00:00,0x941ae714ec6d8130c7b75d67160ca08f1e7d11dd
4,0.00345239142750723,130.676224755632,0,,,3,0.001304023976302216,0.830453129441,1,0.000673371998749498,21.310467427840003,2026-07-18 18:00:00,0x941ae714ec6d8130c7b75d67160ca08f1e7d11dd
0,,,0,,,0,,,5,0.0027286001369491945,134.351300284376,2026-07-18 19:00:00,0x941ae714ec6d8130c7b75d67160ca08f1e7d11dd
0,,,0,,,0,,,0,,,2026-07-18 20:00:00,0x941ae714ec6d8130c7b75d67160ca08f1e7d11dd
0,,,0,,,3,0.009821960289540108,4.871220931632,1,4.911098631414e-06,0.00313455258,2026-07-18 21:00:00,0x941ae714ec6d8130c7b75d67160ca08f1e7d11dd
1,0.001426206620173462,0.903692593986,0,,,0,,,3,0.001304023976302216,0.830453129441,2026-07-18 22:00:00,0x941ae714ec6d8130c7b75d67160ca08f1e7d11dd
0,,,1,0.025182569196595703,14.699942208042,0,,,0,,,2026-07-18 23:00:00,0x941ae714ec6d8130c7b75d67160ca08f1e7d11dd
0,,,0,,,0,,,0,,,2026-07-19 00:00:00,0x941ae714ec6d8130c7b75d67160ca08f1e7d11dd
0,,,0,,,0,,,3,0.009821960289540108,4.871220931632,2026-07-19 01:00:00,0x941ae714ec6d8130c7b75d67160ca08f1e7d11dd
0,,,0,,,0,,,0,,,2026-07-19 02:00:00,0x941ae714ec6d8130c7b75d67160ca08f1e7d11dd
0,,,0,,,0,,,0,,,2026-07-19 03:00:00,0x941ae714ec6d8130c7b75d67160ca08f1e7d11dd
0,,,0,,,0,,,0,,,2026-07-19 04:00:00,0x941ae714ec6d8130c7b75d67160ca08f1e7d11dd
0,,,0,,,0,,,0,,,2026-07-19 05:00:00,0x941ae714ec6d8130c7b75d67160ca08f1e7d11dd
1,2.9152512986211e-05,0.0182482964,0,,,0,,,0,,,2026-07-19 06:00:00,0x941ae714ec6d8130c7b75d67160ca08f1e7d11dd
0,,,0,,,1,0.025182569196595703,14.699942208042,0,,,2026-07-19 07:00:00,0x941ae714ec6d8130c7b75d67160ca08f1e7d11dd
4,0.008829460179130203,5.449403472358,0,,,0,,,0,,,2026-07-19 08:00:00,0x941ae714ec6d8130c7b75d67160ca08f1e7d11dd
1,0.001014046771306458,0.6164449419599999,0,,,0,,,0,,,2026-07-19 09:00:00,0x941ae714ec6d8130c7b75d67160ca08f1e7d11dd
0,,,0,,,0,,,0,,,2026-07-19 10:00:00,0x941ae714ec6d8130c7b75d67160ca08f1e7d11dd
0,,,0,,,0,,,1,0.025182569196595703,14.699942208042,2026-07-19 11:00:00,0x941ae714ec6d8130c7b75d67160ca08f1e7d11dd
0,,,0,,,0,,,0,,,2026-07-19 12:00:00,0x941ae714ec6d8130c7b75d67160ca08f1e7d11dd
0,,,0,,,0,,,0,,,2026-07-19 13:00:00,0x941ae714ec6d8130c7b75d67160ca08f1e7d11dd
0,,,1,0.07264725967817573,36.742953056877,0,,,0,,,2026-07-19 14:00:00,0x941ae714ec6d8130c7b75d67160ca08f1e7d11dd
0,,,0,,,0,,,0,,,2026-07-19 15:00:00,0x941ae714ec6d8130c7b75d67160ca08f1e7d11dd
0,,,0,,,0,,,0,,,2026-07-19 16:00:00,0x941ae714ec6d8130c7b75d67160ca08f1e7d11dd
1,0.000167924731178189,0.09427961554000001,0,,,0,,,0,,,2026-07-19 17:00:00,0x941ae714ec6d8130c7b75d67160ca08f1e7d11dd
0,,,0,,,0,,,0,,,2026-07-19 18:00:00,0x941ae714ec6d8130c7b75d67160ca08f1e7d11dd
0,,,1,0.000742687657312156,0.338217661782,0,,,0,,,2026-07-19 19:00:00,0x941ae714ec6d8130c7b75d67160ca08f1e7d11dd
0,,,0,,,0,,,0,,,2026-07-19 20:00:00,0x941ae714ec6d8130c7b75d67160ca08f1e7d11dd
0,,,0,,,0,,,0,,,2026-07-19 21:00:00,0x941ae714ec6d8130c7b75d67160ca08f1e7d11dd
0,,,0,,,1,0.07264725967817573,36.742953056877,0,,,2026-07-19 22:00:00,0x941ae714ec6d8130c7b75d67160ca08f1e7d11dd
0,,,0,,,0,,,0,,,2026-07-19 23:00:00,0x941ae714ec6d8130c7b75d67160ca08f1e7d11dd
0,,,0,,,0,,,0,,,2026-07-20 00:00:00,0x941ae714ec6d8130c7b75d67160ca08f1e7d11dd
0,,,1,8.6869168181397e-05,0.039508957576,0,,,0,,,2026-07-20 01:00:00,0x941ae714ec6d8130c7b75d67160ca08f1e7d11dd
0,,,0,,,0,,,1,0.07264725967817573,36.742953056877,2026-07-20 02:00:00,0x941ae714ec6d8130c7b75d67160ca08f1e7d11dd
1,0.000254384180754026,0.11622762389,1,0.6255239252020007,250.1465,1,0.000742687657312156,0.338217661782,0,,,2026-07-20 03:00:00,0x941ae714ec6d8130c7b75d67160ca08f1e7d11dd
0,,,0,,,0,,,0,,,2026-07-20 04:00:00,0x941ae714ec6d8130c7b75d67160ca08f1e7d11dd
0,,,0,,,0,,,0,,,2026-07-20 05:00:00,0x941ae714ec6d8130c7b75d67160ca08f1e7d11dd
0,,,0,,,0,,,0,,,2026-07-20 06:00:00,0x941ae714ec6d8130c7b75d67160ca08f1e7d11dd
0,,,0,,,0,,,1,0.000742687657312156,0.338217661782,2026-07-20 07:00:00,0x941ae714ec6d8130c7b75d67160ca08f1e7d11dd
0,,,1,0.36925333246346553,142.6427487434,0,,,0,,,2026-07-20 08:00:00,0x941ae714ec6d8130c7b75d67160ca08f1e7d11dd
2,2.7192338226553e-05,0.012377140195,0,,,1,8.6869168181397e-05,0.039508957576,0,,,2026-07-20 09:00:00,0x941ae714ec6d8130c7b75d67160ca08f1e7d11dd
0,,,0,,,0,,,0,,,2026-07-20 10:00:00,0x941ae714ec6d8130c7b75d67160ca08f1e7d11dd
0,,,0,,,1,0.6255239252020007,250.1465,0,,,2026-07-20 11:00:00,0x941ae714ec6d8130c7b75d67160ca08f1e7d11dd
2,6.356809972533e-05,0.025262842719,1,0.001372858446262469,0.526773111552,0,,,0,,,2026-07-20 12:00:00,0x941ae714ec6d8130c7b75d67160ca08f1e7d11dd
1,0.001456220060146871,0.661581529536,0,,,0,,,1,8.6869168181397e-05,0.039508957576,2026-07-20 13:00:00,0x941ae714ec6d8130c7b75d67160ca08f1e7d11dd
6,0.9740898171832316,384.85855903785,0,,,0,,,0,,,2026-07-20 14:00:00,0x941ae714ec6d8130c7b75d67160ca08f1e7d11dd
0,,,1,0.005600374781051038,2.1503761328,0,,,1,0.6255239252020007,250.1465,2026-07-20 15:00:00,0x941ae714ec6d8130c7b75d67160ca08f1e7d11dd
0,,,0,,,1,0.36925333246346553,142.6427487434,0,,,2026-07-20 16:00:00,0x941ae714ec6d8130c7b75d67160ca08f1e7d11dd
6,0.415485702356794,163.361995339572,0,,,0,,,0,,,2026-07-20 17:00:00,0x941ae714ec6d8130c7b75d67160ca08f1e7d11dd
1,0.3475547766110768,135.421821866946,0,,,0,,,0,,,2026-07-20 18:00:00,0x941ae714ec6d8130c7b75d67160ca08f1e7d11dd
0,,,0,,,0,,,0,,,2026-07-20 19:00:00,0x941ae714ec6d8130c7b75d67160ca08f1e7d11dd
2,0.13043478260869565,50.22559930387499,0,,,1,0.001372858446262469,0.526773111552,1,0.36925333246346553,142.6427487434,2026-07-20 20:00:00,0x941ae714ec6d8130c7b75d67160ca08f1e7d11dd
0,,,0,,,0,,,0,,,2026-07-20 21:00:00,0x941ae714ec6d8130c7b75d67160ca08f1e7d11dd
0,,,1,0.2974299538703718,116.87061388975498,0,,,0,,,2026-07-20 22:00:00,0x941ae714ec6d8130c7b75d67160ca08f1e7d11dd
0,,,0,,,1,0.005600374781051038,2.1503761328,0,,,2026-07-20 23:00:00,0x941ae714ec6d8130c7b75d67160ca08f1e7d11dd
0,,,0,,,0,,,1,0.001372858446262469,0.526773111552,2026-07-21 00:00:00,0x941ae714ec6d8130c7b75d67160ca08f1e7d11dd
0,,,0,,,0,,,0,,,2026-07-21 01:00:00,0x941ae714ec6d8130c7b75d67160ca08f1e7d11dd
0,,,6,0.9873061022451767,393.67311643158,0,,,0,,,2026-07-21 02:00:00,0x941ae714ec6d8130c7b75d67160ca08f1e7d11dd
0,,,0,,,0,,,1,0.005600374781051038,2.1503761328,2026-07-21 03:00:00,0x941ae714ec6d8130c7b75d67160ca08f1e7d11dd
0,,,0,,,0,,,0,,,2026-07-21 04:00:00,0x941ae714ec6d8130c7b75d67160ca08f1e7d11dd
0,,,3,0.004634369824369089,1.8330069096,0,,,0,,,2026-07-21 05:00:00,0x941ae714ec6d8130c7b75d67160ca08f1e7d11dd
0,,,1,0.027447643338388873,11.078090565344,1,0.2974299538703718,116.87061388975498,0,,,2026-07-21 06:00:00,0x941ae714ec6d8130c7b75d67160ca08f1e7d11dd
0,,,0,,,0,,,0,,,2026-07-21 07:00:00,0x941ae714ec6d8130c7b75d67160ca08f1e7d11dd
0,,,1,0.046420492868414806,18.762498292866002,0,,,0,,,2026-07-21 08:00:00,0x941ae714ec6d8130c7b75d67160ca08f1e7d11dd
0,,,0,,,0,,,0,,,2026-07-21 09:00:00,0x941ae714ec6d8130c7b75d67160ca08f1e7d11dd
1,0.002892448370927899,1.118295234672,0,,,6,0.9873061022451767,393.67311643158,1,0.2974299538703718,116.87061388975498,2026-07-21 10:00:00,0x941ae714ec6d8130c7b75d67160ca08f1e7d11dd
0,,,0,,,0,,,0,,,2026-07-21 11:00:00,0x941ae714ec6d8130c7b75d67160ca08f1e7d11dd
0,,,0,,,0,,,0,,,2026-07-21 12:00:00,0x941ae714ec6d8130c7b75d67160ca08f1e7d11dd
0,,,0,,,3,0.004634369824369089,1.8330069096,0,,,2026-07-21 13:00:00,0x941ae714ec6d8130c7b75d67160ca08f1e7d11dd
0,,,0,,,1,0.027447643338388873,11.078090565344,6,0.9873061022451767,393.67311643158,2026-07-21 14:00:00,0x941ae714ec6d8130c7b75d67160ca08f1e7d11dd
0,,,0,,,0,,,0,,,2026-07-21 15:00:00,0x941ae714ec6d8130c7b75d67160ca08f1e7d11dd
1,0.061982935410178575,24.993846825,0,,,1,0.046420492868414806,18.762498292866002,0,,,2026-07-21 16:00:00,0x941ae714ec6d8130c7b75d67160ca08f1e7d11dd
0,,,0,,,0,,,3,0.004634369824369089,1.8330069096,2026-07-21 17:00:00,0x941ae714ec6d8130c7b75d67160ca08f1e7d11dd
0,,,0,,,0,,,1,0.027447643338388873,11.078090565344,2026-07-21 18:00:00,0x941ae714ec6d8130c7b75d67160ca08f1e7d11dd
0,,,0,,,0,,,0,,,2026-07-21 19:00:00,0x941ae714ec6d8130c7b75d67160ca08f1e7d11dd
1,0.00177894792755387,4.840657283257,0,,,0,,,1,0.046420492868414806,18.762498292866002,2026-07-21 20:00:00,0x941ae714ec6d8130c7b75d67160ca08f1e7d11dd
0,,,0,,,0,,,0,,,2026-07-21 21:00:00,0x941ae714ec6d8130c7b75d67160ca08f1e7d11dd
0,,,0,,,0,,,0,,,2026-07-21 22:00:00,0x941ae714ec6d8130c7b75d67160ca08f1e7d11dd
0,,,0,,,0,,,0,,,2026-07-21 23:00:00,0x941ae714ec6d8130c7b75d67160ca08f1e7d11dd
0,,,0,,,0,,,0,,,2026-07-15 00:00:00,0xa30fa36db767ad9ed3f7a60fc79526fb4d56d344
0,,,0,,,0,,,0,,,2026-07-15 01:00:00,0xa30fa36db767ad9ed3f7a60fc79526fb4d56d344
0,,,0,,,0,,,0,,,2026-07-15 02:00:00,0xa30fa36db767ad9ed3f7a60fc79526fb4d56d344
0,,,0,,,0,,,0,,,2026-07-15 03:00:00,0xa30fa36db767ad9ed3f7a60fc79526fb4d56d344
0,,,0,,,0,,,0,,,2026-07-15 04:00:00,0xa30fa36db767ad9ed3f7a60fc79526fb4d56d344
0,,,0,,,0,,,0,,,2026-07-15 05:00:00,0xa30fa36db767ad9ed3f7a60fc79526fb4d56d344
0,,,0,,,0,,,0,,,2026-07-15 06:00:00,0xa30fa36db767ad9ed3f7a60fc79526fb4d56d344
0,,,0,,,0,,,0,,,2026-07-15 07:00:00,0xa30fa36db767ad9ed3f7a60fc79526fb4d56d344
0,,,0,,,0,,,0,,,2026-07-15 08:00:00,0xa30fa36db767ad9ed3f7a60fc79526fb4d56d344
0,,,0,,,0,,,0,,,2026-07-15 09:00:00,0xa30fa36db767ad9ed3f7a60fc79526fb4d56d344
0,,,0,,,0,,,0,,,2026-07-15 10:00:00,0xa30fa36db767ad9ed3f7a60fc79526fb4d56d344
0,,,0,,,0,,,0,,,2026-07-15 11:00:00,0xa30fa36db767ad9ed3f7a60fc79526fb4d56d344
0,,,0,,,0,,,0,,,2026-07-15 12:00:00,0xa30fa36db767ad9ed3f7a60fc79526fb4d56d344
0,,,0,,,0,,,0,,,2026-07-15 13:00:00,0xa30fa36db767ad9ed3f7a60fc79526fb4d56d344
0,,,0,,,0,,,0,,,2026-07-15 14:00:00,0xa30fa36db767ad9ed3f7a60fc79526fb4d56d344
0,,,0,,,0,,,0,,,2026-07-15 15:00:00,0xa30fa36db767ad9ed3f7a60fc79526fb4d56d344
0,,,0,,,0,,,0,,,2026-07-15 16:00:00,0xa30fa36db767ad9ed3f7a60fc79526fb4d56d344
0,,,0,,,0,,,0,,,2026-07-15 17:00:00,0xa30fa36db767ad9ed3f7a60fc79526fb4d56d344
0,,,0,,,0,,,0,,,2026-07-15 18:00:00,0xa30fa36db767ad9ed3f7a60fc79526fb4d56d344
0,,,0,,,0,,,0,,,2026-07-15 19:00:00,0xa30fa36db767ad9ed3f7a60fc79526fb4d56d344
0,,,0,,,0,,,0,,,2026-07-15 20:00:00,0xa30fa36db767ad9ed3f7a60fc79526fb4d56d344
0,,,0,,,0,,,0,,,2026-07-15 21:00:00,0xa30fa36db767ad9ed3f7a60fc79526fb4d56d344
0,,,0,,,0,,,0,,,2026-07-15 22:00:00,0xa30fa36db767ad9ed3f7a60fc79526fb4d56d344
0,,,0,,,0,,,0,,,2026-07-15 23:00:00,0xa30fa36db767ad9ed3f7a60fc79526fb4d56d344
0,,,0,,,0,,,0,,,2026-07-16 00:00:00,0xa30fa36db767ad9ed3f7a60fc79526fb4d56d344
0,,,0,,,0,,,0,,,2026-07-16 01:00:00,0xa30fa36db767ad9ed3f7a60fc79526fb4d56d344
0,,,0,,,0,,,0,,,2026-07-16 02:00:00,0xa30fa36db767ad9ed3f7a60fc79526fb4d56d344
0,,,0,,,0,,,0,,,2026-07-16 03:00:00,0xa30fa36db767ad9ed3f7a60fc79526fb4d56d344
0,,,0,,,0,,,0,,,2026-07-16 04:00:00,0xa30fa36db767ad9ed3f7a60fc79526fb4d56d344
0,,,1,0.008270409046302272,1.029584577791,0,,,0,,,2026-07-16 05:00:00,0xa30fa36db767ad9ed3f7a60fc79526fb4d56d344
0,,,0,,,0,,,0,,,2026-07-16 06:00:00,0xa30fa36db767ad9ed3f7a60fc79526fb4d56d344
0,,,0,,,0,,,0,,,2026-07-16 07:00:00,0xa30fa36db767ad9ed3f7a60fc79526fb4d56d344
0,,,0,,,0,,,0,,,2026-07-16 08:00:00,0xa30fa36db767ad9ed3f7a60fc79526fb4d56d344
0,,,0,,,0,,,0,,,2026-07-16 09:00:00,0xa30fa36db767ad9ed3f7a60fc79526fb4d56d344
0,,,0,,,0,,,0,,,2026-07-16 10:00:00,0xa30fa36db767ad9ed3f7a60fc79526fb4d56d344
0,,,0,,,0,,,0,,,2026-07-16 11:00:00,0xa30fa36db767ad9ed3f7a60fc79526fb4d56d344
0,,,0,,,0,,,0,,,2026-07-16 12:00:00,0xa30fa36db767ad9ed3f7a60fc79526fb4d56d344
0,,,0,,,1,0.008270409046302272,1.029584577791,0,,,2026-07-16 13:00:00,0xa30fa36db767ad9ed3f7a60fc79526fb4d56d344
0,,,0,,,0,,,0,,,2026-07-16 14:00:00,0xa30fa36db767ad9ed3f7a60fc79526fb4d56d344
1,0.32302655631458793,40.089123040342,0,,,0,,,0,,,2026-07-16 15:00:00,0xa30fa36db767ad9ed3f7a60fc79526fb4d56d344
0,,,0,,,0,,,0,,,2026-07-16 16:00:00,0xa30fa36db767ad9ed3f7a60fc79526fb4d56d344
0,,,0,,,0,,,1,0.008270409046302272,1.029584577791,2026-07-16 17:00:00,0xa30fa36db767ad9ed3f7a60fc79526fb4d56d344
2,0.4205965624081095,50.03777620885099,0,,,0,,,0,,,2026-07-16 18:00:00,0xa30fa36db767ad9ed3f7a60fc79526fb4d56d344
0,,,0,,,0,,,0,,,2026-07-16 19:00:00,0xa30fa36db767ad9ed3f7a60fc79526fb4d56d344
0,,,0,,,0,,,0,,,2026-07-16 20:00:00,0xa30fa36db767ad9ed3f7a60fc79526fb4d56d344
1,0.33129696536089015,39.08123115624,0,,,0,,,0,,,2026-07-16 21:00:00,0xa30fa36db767ad9ed3f7a60fc79526fb4d56d344
0,,,1,1.173,145.820151989018,0,,,0,,,2026-07-16 22:00:00,0xa30fa36db767ad9ed3f7a60fc79526fb4d56d344
0,,,0,,,0,,,0,,,2026-07-16 23:00:00,0xa30fa36db767ad9ed3f7a60fc79526fb4d56d344
0,,,1,0.014897389355846767,1.8298339819919998,0,,,0,,,2026-07-17 00:00:00,0xa30fa36db767ad9ed3f7a60fc79526fb4d56d344
0,,,0,,,0,,,0,,,2026-07-17 01:00:00,0xa30fa36db767ad9ed3f7a60fc79526fb4d56d344
0,,,0,,,0,,,0,,,2026-07-17 02:00:00,0xa30fa36db767ad9ed3f7a60fc79526fb4d56d344
0,,,0,,,0,,,0,,,2026-07-17 03:00:00,0xa30fa36db767ad9ed3f7a60fc79526fb4d56d344
0,,,0,,,0,,,0,,,2026-07-17 04:00:00,0xa30fa36db767ad9ed3f7a60fc79526fb4d56d344
0,,,1,1.4403135952139345,182.842373529104,0,,,0,,,2026-07-17 05:00:00,0xa30fa36db767ad9ed3f7a60fc79526fb4d56d344
0,,,2,2.3579532655255426,303.10407711268203,1,1.173,145.820151989018,0,,,2026-07-17 06:00:00,0xa30fa36db767ad9ed3f7a60fc79526fb4d56d344
0,,,4,0.17422781400257903,21.648725631041003,0,,,0,,,2026-07-17 07:00:00,0xa30fa36db767ad9ed3f7a60fc79526fb4d56d344
0,,,5,2.619575598835165,332.0502414025709,1,0.014897389355846767,1.8298339819919998,0,,,2026-07-17 08:00:00,0xa30fa36db767ad9ed3f7a60fc79526fb4d56d344
0,,,0,,,0,,,0,,,2026-07-17 09:00:00,0xa30fa36db767ad9ed3f7a60fc79526fb4d56d344
0,,,0,,,0,,,1,1.173,145.820151989018,2026-07-17 10:00:00,0xa30fa36db767ad9ed3f7a60fc79526fb4d56d344
0,,,2,0.2194013932995066,27.583741116805,0,,,0,,,2026-07-17 11:00:00,0xa30fa36db767ad9ed3f7a60fc79526fb4d56d344
2,0.07850233663997798,9.742374555110999,38,13.579130687603431,1639.9748605199163,0,,,1,0.014897389355846767,1.8298339819919998,2026-07-17 12:00:00,0xa30fa36db767ad9ed3f7a60fc79526fb4d56d344
0,,,27,3.5947869895645317,435.5355448035021,1,1.4403135952139345,182.842373529104,0,,,2026-07-17 13:00:00,0xa30fa36db767ad9ed3f7a60fc79526fb4d56d344
0,,,19,6.6049163954372965,805.6315740206711,2,2.3579532655255426,303.10407711268203,0,,,2026-07-17 14:00:00,0xa30fa36db767ad9ed3f7a60fc79526fb4d56d344
0,,,5,0.21012108763585075,25.544370374470002,4,0.17422781400257903,21.648725631041003,0,,,2026-07-17 15:00:00,0xa30fa36db767ad9ed3f7a60fc79526fb4d56d344
16,21.018821406609213,2655.2842804178913,5,1.2099599543132835,147.034017854881,5,2.619575598835165,332.0502414025709,0,,,2026-07-17 16:00:00,0xa30fa36db767ad9ed3f7a60fc79526fb4d56d344
0,,,1,0.11558084738638488,13.765971349105,0,,,1,1.4403135952139345,182.842373529104,2026-07-17 17:00:00,0xa30fa36db767ad9ed3f7a60fc79526fb4d56d344
6,0.46542259099062344,59.22275132104801,2,0.1744206562253262,20.759609542365997,0,,,2,2.3579532655255426,303.10407711268203,2026-07-17 18:00:00,0xa30fa36db767ad9ed3f7a60fc79526fb4d56d344
1,0.007296941091271803,0.9038171220979999,5,1.1118836818397075,136.92755724467,2,0.2194013932995066,27.583741116805,4,0.17422781400257903,21.648725631041003,2026-07-17 19:00:00,0xa30fa36db767ad9ed3f7a60fc79526fb4d56d344
0,,,3,0.31643736707155246,38.279620984312,38,13.579130687603431,1639.9748605199163,5,2.619575598835165,332.0502414025709,2026-07-17 20:00:00,0xa30fa36db767ad9ed3f7a60fc79526fb4d56d344
0,,,1,0.4008161326946788,49.97311335540199,27,3.5947869895645317,435.5355448035021,0,,,2026-07-17 21:00:00,0xa30fa36db767ad9ed3f7a60fc79526fb4d56d344
0,,,1,0.3689693597035575,44.810110275476006,19,6.6049163954372965,805.6315740206711,0,,,2026-07-17 22:00:00,0xa30fa36db767ad9ed3f7a60fc79526fb4d56d344
5,0.45375634698830625,55.768949593764,24,2.662615879965533,322.44313318762397,5,0.21012108763585075,25.544370374470002,2,0.2194013932995066,27.583741116805,2026-07-17 23:00:00,0xa30fa36db767ad9ed3f7a60fc79526fb4d56d344
45,10.481094842773299,1266.46447205269,9,1.4720076117284802,180.415437544969,5,1.2099599543132835,147.034017854881,38,13.579130687603431,1639.9748605199163,2026-07-18 00:00:00,0xa30fa36db767ad9ed3f7a60fc79526fb4d56d344
42,18.569585397218514,2238.9790089150306,3,0.2889139195485335,36.036397804499,1,0.11558084738638488,13.765971349105,27,3.5947869895645317,435.5355448035021,2026-07-18 01:00:00,0xa30fa36db767ad9ed3f7a60fc79526fb4d56d344
13,3.060318280986982,373.00629889643005,1,0.008882114281497292,1.1032713162,2,0.1744206562253262,20.759609542365997,19,6.6049163954372965,805.6315740206711,2026-07-18 02:00:00,0xa30fa36db767ad9ed3f7a60fc79526fb4d56d344
6,0.7897073604104679,95.13618964157101,0,,,5,1.1118836818397075,136.92755724467,5,0.21012108763585075,25.544370374470002,2026-07-18 03:00:00,0xa30fa36db767ad9ed3f7a60fc79526fb4d56d344
5,0.3940131646655857,47.31614893395599,2,0.018928418979438446,2.3807594745199996,3,0.31643736707155246,38.279620984312,5,1.2099599543132835,147.034017854881,2026-07-18 04:00:00,0xa30fa36db767ad9ed3f7a60fc79526fb4d56d344
4,0.6179173067758448,75.039719410071,6,0.1956254686373868,23.908429147758,1,0.4008161326946788,49.97311335540199,1,0.11558084738638488,13.765971349105,2026-07-18 05:00:00,0xa30fa36db767ad9ed3f7a60fc79526fb4d56d344
15,5.707267840137445,688.358041589386,9,1.7052554303921565,214.25285481012105,1,0.3689693597035575,44.810110275476006,2,0.1744206562253262,20.759609542365997,2026-07-18 06:00:00,0xa30fa36db767ad9ed3f7a60fc79526fb4d56d344
4,1.1505135126294572,142.59777063113103,3,3.6577508464061523,467.546336312328,24,2.662615879965533,322.44313318762397,5,1.1118836818397075,136.92755724467,2026-07-18 07:00:00,0xa30fa36db767ad9ed3f7a60fc79526fb4d56d344
3,0.42266543447406424,51.539101541852,2,0.04703623720228136,5.8857958918960005,9,1.4720076117284802,180.415437544969,3,0.31643736707155246,38.279620984312,2026-07-18 08:00:00,0xa30fa36db767ad9ed3f7a60fc79526fb4d56d344
25,6.493619686941554,811.6772082591651,2,0.037099028849829685,4.650635523289,3,0.2889139195485335,36.036397804499,1,0.4008161326946788,49.97311335540199,2026-07-18 09:00:00,0xa30fa36db767ad9ed3f7a60fc79526fb4d56d344
5,0.5621685785272669,70.15869915686501,1,0.42382175489294766,54.961668487283994,1,0.008882114281497292,1.1032713162,1,0.3689693597035575,44.810110275476006,2026-07-18 10:00:00,0xa30fa36db767ad9ed3f7a60fc79526fb4d56d344
3,0.928370120366284,116.628234259072,2,1.0383143344543404,129.025216267756,0,,,24,2.662615879965533,322.44313318762397,2026-07-18 11:00:00,0xa30fa36db767ad9ed3f7a60fc79526fb4d56d344
1,0.5750542560805972,72.45502767629999,3,1.6057131179474882,198.104963119651,2,0.018928418979438446,2.3807594745199996,9,1.4720076117284802,180.415437544969,2026-07-18 12:00:00,0xa30fa36db767ad9ed3f7a60fc79526fb4d56d344
1,0.029229216754541005,3.619562974236,0,,,6,0.1956254686373868,23.908429147758,3,0.2889139195485335,36.036397804499,2026-07-18 13:00:00,0xa30fa36db767ad9ed3f7a60fc79526fb4d56d344
7,0.8431648004294334,102.26362261044,3,0.2842646664192757,34.861097096112005,9,1.7052554303921565,214.25285481012105,1,0.008882114281497292,1.1032713162,2026-07-18 14:00:00,0xa30fa36db767ad9ed3f7a60fc79526fb4d56d344
3,0.5379988404927283,67.74077663785,2,0.30971068798566936,39.571970149941,3,3.6577508464061523,467.546336312328,0,,,2026-07-18 15:00:00,0xa30fa36db767ad9ed3f7a60fc79526fb4d56d344
2,0.8410559467268384,105.177509199915,5,0.24901141026352774,30.734274058193,2,0.04703623720228136,5.8857958918960005,2,0.018928418979438446,2.3807594745199996,2026-07-18 16:00:00,0xa30fa36db767ad9ed3f7a60fc79526fb4d56d344
0,,,2,1.0731760143619298,131.500545353475,2,0.037099028849829685,4.650635523289,6,0.1956254686373868,23.908429147758,2026-07-18 17:00:00,0xa30fa36db767ad9ed3f7a60fc79526fb4d56d344
4,1.0444339518432493,132.48383216816399,1,0.12667287855471657,16.12963112526,1,0.42382175489294766,54.961668487283994,9,1.7052554303921565,214.25285481012105,2026-07-18 18:00:00,0xa30fa36db767ad9ed3f7a60fc79526fb4d56d344
1,0.20039604282613216,24.769145188317,4,1.5601022113789753,192.98371011399,2,1.0383143344543404,129.025216267756,3,3.6577508464061523,467.546336312328,2026-07-18 19:00:00,0xa30fa36db767ad9ed3f7a60fc79526fb4d56d344
4,0.7051239113752507,90.071591183166,0,,,3,1.6057131179474882,198.104963119651,2,0.04703623720228136,5.8857958918960005,2026-07-18 20:00:00,0xa30fa36db767ad9ed3f7a60fc79526fb4d56d344
4,1.9071695583468604,245.004545335766,0,,,0,,,2,0.037099028849829685,4.650635523289,2026-07-18 21:00:00,0xa30fa36db767ad9ed3f7a60fc79526fb4d56d344
1,0.11742560270891889,14.64817260984,1,0.11760052942488554,14.994080910000001,3,0.2842646664192757,34.861097096112005,1,0.42382175489294766,54.961668487283994,2026-07-18 22:00:00,0xa30fa36db767ad9ed3f7a60fc79526fb4d56d344
3,0.25997335570777946,32.220266355359,2,0.2033040214533245,25.031956954869003,2,0.30971068798566936,39.571970149941,2,1.0383143344543404,129.025216267756,2026-07-18 23:00:00,0xa30fa36db767ad9ed3f7a60fc79526fb4d56d344
10,2.9139568681310224,359.569645030123,1,0.8,102.05088520083599,5,0.24901141026352774,30.734274058193,3,1.6057131179474882,198.104963119651,2026-07-19 00:00:00,0xa30fa36db767ad9ed3f7a60fc79526fb4d56d344
1,1.1767516086263357,150.1266,0,,,2,1.0731760143619298,131.500545353475,0,,,2026-07-19 01:00:00,0xa30fa36db767ad9ed3f7a60fc79526fb4d56d344
0,,,0,,,1,0.12667287855471657,16.12963112526,3,0.2842646664192757,34.861097096112005,2026-07-19 02:00:00,0xa30fa36db767ad9ed3f7a60fc79526fb4d56d344
0,,,0,,,4,1.5601022113789753,192.98371011399,2,0.30971068798566936,39.571970149941,2026-07-19 03:00:00,0xa30fa36db767ad9ed3f7a60fc79526fb4d56d344
1,0.13548539041849017,16.614781229496,6,1.5664270591895009,191.782463504898,0,,,5,0.24901141026352774,30.734274058193,2026-07-19 04:00:00,0xa30fa36db767ad9ed3f7a60fc79526fb4d56d344
4,0.7795765557225778,97.418527365744,3,0.20645357308774118,26.302885504656,0,,,2,1.0731760143619298,131.500545353475,2026-07-19 05:00:00,0xa30fa36db767ad9ed3f7a60fc79526fb4d56d344
1,0.008012461146314842,1.0058945928269998,1,0.09105349613171751,11.1488090799,1,0.11760052942488554,14.994080910000001,1,0.12667287855471657,16.12963112526,2026-07-19 06:00:00,0xa30fa36db767ad9ed3f7a60fc79526fb4d56d344
1,0.11161743420961075,13.6376078418,1,0.005959219640950061,0.753329468464,2,0.2033040214533245,25.031956954869003,4,1.5601022113789753,192.98371011399,2026-07-19 07:00:00,0xa30fa36db767ad9ed3f7a60fc79526fb4d56d344
3,0.6301298735074975,79.37973356292,1,3.0170618045193e-05,0.0036877545359999997,1,0.8,102.05088520083599,0,,,2026-07-19 08:00:00,0xa30fa36db767ad9ed3f7a60fc79526fb4d56d344
2,0.5125984723710668,65.26236749089499,0,,,0,,,0,,,2026-07-19 09:00:00,0xa30fa36db767ad9ed3f7a60fc79526fb4d56d344
4,0.17165197802696786,21.71441030958,0,,,0,,,1,0.11760052942488554,14.994080910000001,2026-07-19 10:00:00,0xa30fa36db767ad9ed3f7a60fc79526fb4d56d344
5,0.5420349544702143,66.422352746962,1,0.43019842603212316,55.063252746108,0,,,2,0.2033040214533245,25.031956954869003,2026-07-19 11:00:00,0xa30fa36db767ad9ed3f7a60fc79526fb4d56d344
0,,,0,,,6,1.5664270591895009,191.782463504898,1,0.8,102.05088520083599,2026-07-19 12:00:00,0xa30fa36db767ad9ed3f7a60fc79526fb4d56d344
0,,,0,,,3,0.20645357308774118,26.302885504656,0,,,2026-07-19 13:00:00,0xa30fa36db767ad9ed3f7a60fc79526fb4d56d344
0,,,0,,,1,0.09105349613171751,11.1488090799,0,,,2026-07-19 14:00:00,0xa30fa36db767ad9ed3f7a60fc79526fb4d56d344
1,0.43111208033971116,55.046793011925004,0,,,1,0.005959219640950061,0.753329468464,0,,,2026-07-19 15:00:00,0xa30fa36db767ad9ed3f7a60fc79526fb4d56d344
2,0.8033023039326037,102.27621369650102,0,,,1,3.0170618045193e-05,0.0036877545359999997,6,1.5664270591895009,191.782463504898,2026-07-19 16:00:00,0xa30fa36db767ad9ed3f7a60fc79526fb4d56d344
0,,,0,,,0,,,3,0.20645357308774118,26.302885504656,2026-07-19 17:00:00,0xa30fa36db767ad9ed3f7a60fc79526fb4d56d344
0,,,0,,,0,,,1,0.09105349613171751,11.1488090799,2026-07-19 18:00:00,0xa30fa36db767ad9ed3f7a60fc79526fb4d56d344
2,0.4856033385668286,59.456432692014005,0,,,1,0.43019842603212316,55.063252746108,1,0.005959219640950061,0.753329468464,2026-07-19 19:00:00,0xa30fa36db767ad9ed3f7a60fc79526fb4d56d344
1,0.40847337551033297,52.033946842553,1,0.9237333036119835,113.333669995314,0,,,1,3.0170618045193e-05,0.0036877545359999997,2026-07-19 20:00:00,0xa30fa36db767ad9ed3f7a60fc79526fb4d56d344
1,0.095922730218892,11.749616911530001,0,,,0,,,0,,,2026-07-19 21:00:00,0xa30fa36db767ad9ed3f7a60fc79526fb4d56d344
3,1.109141188210637,141.76339047802398,5,0.3816053590015531,48.612008425808,0,,,0,,,2026-07-19 22:00:00,0xa30fa36db767ad9ed3f7a60fc79526fb4d56d344
0,,,0,,,0,,,1,0.43019842603212316,55.063252746108,2026-07-19 23:00:00,0xa30fa36db767ad9ed3f7a60fc79526fb4d56d344
1,0.017387330205114595,2.1410347077000003,5,1.8774057642562787,228.563367123573,0,,,0,,,2026-07-20 00:00:00,0xa30fa36db767ad9ed3f7a60fc79526fb4d56d344
1,0.10815052021647481,13.30799316348,0,,,0,,,0,,,2026-07-20 01:00:00,0xa30fa36db767ad9ed3f7a60fc79526fb4d56d344
0,,,0,,,0,,,0,,,2026-07-20 02:00:00,0xa30fa36db767ad9ed3f7a60fc79526fb4d56d344
0,,,0,,,0,,,0,,,2026-07-20 03:00:00,0xa30fa36db767ad9ed3f7a60fc79526fb4d56d344
0,,,0,,,1,0.9237333036119835,113.333669995314,0,,,2026-07-20 04:00:00,0xa30fa36db767ad9ed3f7a60fc79526fb4d56d344
0,,,4,1.7751275226567662,218.29392635997203,0,,,0,,,2026-07-20 05:00:00,0xa30fa36db767ad9ed3f7a60fc79526fb4d56d344
0,,,11,3.8851369171376477,476.05339475298,5,0.3816053590015531,48.612008425808,0,,,2026-07-20 06:00:00,0xa30fa36db767ad9ed3f7a60fc79526fb4d56d344
2,0.1134191281219438,13.962760587599,7,1.249116393074396,156.377046659884,0,,,0,,,2026-07-20 07:00:00,0xa30fa36db767ad9ed3f7a60fc79526fb4d56d344
1,0.03727624808703544,4.701723259155,3,0.5789672781048776,70.187709369621,5,1.8774057642562787,228.563367123573,1,0.9237333036119835,113.333669995314,2026-07-20 08:00:00,0xa30fa36db767ad9ed3f7a60fc79526fb4d56d344
0,,,2,0.23216949232217382,27.993489917847995,0,,,0,,,2026-07-20 09:00:00,0xa30fa36db767ad9ed3f7a60fc79526fb4d56d344
1,5.813358647755e-06,0.0007222671399999999,1,0.21412370090525248,25.779393987258,0,,,5,0.3816053590015531,48.612008425808,2026-07-20 10:00:00,0xa30fa36db767ad9ed3f7a60fc79526fb4d56d344
1,0.11050951009202731,13.554293240284,0,,,0,,,0,,,2026-07-20 11:00:00,0xa30fa36db767ad9ed3f7a60fc79526fb4d56d344
1,0.010418398897537684,1.279178653551,3,0.32727232232606346,40.386531490577994,0,,,5,1.8774057642562787,228.563367123573,2026-07-20 12:00:00,0xa30fa36db767ad9ed3f7a60fc79526fb4d56d344
1,0.001036718651808515,0.12658488306000001,4,0.39338315187963635,48.569749450730995,4,1.7751275226567662,218.29392635997203,0,,,2026-07-20 13:00:00,0xa30fa36db767ad9ed3f7a60fc79526fb4d56d344
2,0.12515011508232982,15.178920282730001,4,0.565864261447125,68.235945493315,11,3.8851369171376477,476.05339475298,0,,,2026-07-20 14:00:00,0xa30fa36db767ad9ed3f7a60fc79526fb4d56d344
0,,,2,0.3533912755816243,43.829282446316,7,1.249116393074396,156.377046659884,0,,,2026-07-20 15:00:00,0xa30fa36db767ad9ed3f7a60fc79526fb4d56d344
1,0.23490877691520623,28.355537268704996,0,,,3,0.5789672781048776,70.187709369621,0,,,2026-07-20 16:00:00,0xa30fa36db767ad9ed3f7a60fc79526fb4d56d344
5,1.4823772158816466,177.437967723405,0,,,2,0.23216949232217382,27.993489917847995,4,1.7751275226567662,218.29392635997203,2026-07-20 17:00:00,0xa30fa36db767ad9ed3f7a60fc79526fb4d56d344
7,0.7244156051004369,89.91109067241601,3,0.7596792104234539,91.535449366238,1,0.21412370090525248,25.779393987258,11,3.8851369171376477,476.05339475298,2026-07-20 18:00:00,0xa30fa36db767ad9ed3f7a60fc79526fb4d56d344
2,0.05620288228796168,6.967193928115,6,1.3284548768365283,164.989610026709,0,,,7,1.249116393074396,156.377046659884,2026-07-20 19:00:00,0xa30fa36db767ad9ed3f7a60fc79526fb4d56d344
0,,,1,1.431115759496808,180.495848350329,3,0.32727232232606346,40.386531490577994,3,0.5789672781048776,70.187709369621,2026-07-20 20:00:00,0xa30fa36db767ad9ed3f7a60fc79526fb4d56d344
1,0.009359203798038828,1.167087844376,0,,,4,0.39338315187963635,48.569749450730995,2,0.23216949232217382,27.993489917847995,2026-07-20 21:00:00,0xa30fa36db767ad9ed3f7a60fc79526fb4d56d344
2,2.021276117589039,253.52891974598998,7,2.9685540032564406,375.39013283066697,4,0.565864261447125,68.235945493315,1,0.21412370090525248,25.779393987258,2026-07-20 22:00:00,0xa30fa36db767ad9ed3f7a60fc79526fb4d56d344
2,0.14226894701165685,17.779436859992,0,,,2,0.3533912755816243,43.829282446316,0,,,2026-07-20 23:00:00,0xa30fa36db767ad9ed3f7a60fc79526fb4d56d344
0,,,10,6.11530911721041,829.376986894919,0,,,3,0.32727232232606346,40.386531490577994,2026-07-21 00:00:00,0xa30fa36db767ad9ed3f7a60fc79526fb4d56d344
0,,,13,4.442004050237071,590.051123328256,0,,,4,0.39338315187963635,48.569749450730995,2026-07-21 01:00:00,0xa30fa36db767ad9ed3f7a60fc79526fb4d56d344
3,1.249129556188467,156.18451610142498,7,2.5751253088045076,356.202813465301,3,0.7596792104234539,91.535449366238,4,0.565864261447125,68.235945493315,2026-07-21 02:00:00,0xa30fa36db767ad9ed3f7a60fc79526fb4d56d344
2,0.27193752800888543,32.915662853477,1,0.6802099746653513,87.82924611850099,6,1.3284548768365283,164.989610026709,2,0.3533912755816243,43.829282446316,2026-07-21 03:00:00,0xa30fa36db767ad9ed3f7a60fc79526fb4d56d344
0,,,3,0.14737370089106436,18.464677065887997,1,1.431115759496808,180.495848350329,0,,,2026-07-21 04:00:00,0xa30fa36db767ad9ed3f7a60fc79526fb4d56d344
3,1.523352506762231,183.92686273205496,1,0.1088525024344823,13.549207516,0,,,0,,,2026-07-21 05:00:00,0xa30fa36db767ad9ed3f7a60fc79526fb4d56d344
3,1.6859687148027946,260.28410924246,3,1.4972974515960997,229.975837421819,7,2.9685540032564406,375.39013283066697,3,0.7596792104234539,91.535449366238,2026-07-21 06:00:00,0xa30fa36db767ad9ed3f7a60fc79526fb4d56d344
4,4.639258440670645,583.0486584942881,2,0.2892861380986532,36.937857300500994,0,,,6,1.3284548768365283,164.989610026709,2026-07-21 07:00:00,0xa30fa36db767ad9ed3f7a60fc79526fb4d56d344
2,0.13085782552373496,15.857978425922001,9,3.311487999506737,490.29879815006,10,6.11530911721041,829.376986894919,1,1.431115759496808,180.495848350329,2026-07-21 08:00:00,0xa30fa36db767ad9ed3f7a60fc79526fb4d56d344
3,0.9100889449164355,125.272337901165,9,2.0579624581261595,340.138763831928,13,4.442004050237071,590.051123328256,0,,,2026-07-21 09:00:00,0xa30fa36db767ad9ed3f7a60fc79526fb4d56d344
3,0.13451967330627218,16.551900493546,8,1.5960540280697022,226.72686102289998,7,2.5751253088045076,356.202813465301,7,2.9685540032564406,375.39013283066697,2026-07-21 10:00:00,0xa30fa36db767ad9ed3f7a60fc79526fb4d56d344
5,4.927041879471937,625.6603046117061,5,0.8587680102767976,123.217024906222,1,0.6802099746653513,87.82924611850099,0,,,2026-07-21 11:00:00,0xa30fa36db767ad9ed3f7a60fc79526fb4d56d344
4,2.540924805568507,334.789604561819,6,0.07160548650458187,9.228637639848,3,0.14737370089106436,18.464677065887997,10,6.11530911721041,829.376986894919,2026-07-21 12:00:00,0xa30fa36db767ad9ed3f7a60fc79526fb4d56d344
2,1.3918919928459492,178.867980354156,5,1.232091147393827,172.693701127753,1,0.1088525024344823,13.549207516,13,4.442004050237071,590.051123328256,2026-07-21 13:00:00,0xa30fa36db767ad9ed3f7a60fc79526fb4d56d344
0,,,2,0.8759706834083119,140.11235831947198,3,1.4972974515960997,229.975837421819,7,2.5751253088045076,356.202813465301,2026-07-21 14:00:00,0xa30fa36db767ad9ed3f7a60fc79526fb4d56d344
6,2.2103475078124757,316.82691007301696,1,0.00465994472864456,0.60444041253,2,0.2892861380986532,36.937857300500994,1,0.6802099746653513,87.82924611850099,2026-07-21 15:00:00,0xa30fa36db767ad9ed3f7a60fc79526fb4d56d344
3,0.7406466153883935,103.17452225194799,2,0.30810856051796015,39.774312165168,9,3.311487999506737,490.29879815006,3,0.14737370089106436,18.464677065887997,2026-07-21 16:00:00,0xa30fa36db767ad9ed3f7a60fc79526fb4d56d344
0,,,4,0.7404162011723738,105.41369259388001,9,2.0579624581261595,340.138763831928,1,0.1088525024344823,13.549207516,2026-07-21 17:00:00,0xa30fa36db767ad9ed3f7a60fc79526fb4d56d344
4,0.8769359312085219,124.444887373632,0,,,8,1.5960540280697022,226.72686102289998,3,1.4972974515960997,229.975837421819,2026-07-21 18:00:00,0xa30fa36db767ad9ed3f7a60fc79526fb4d56d344
10,2.2021322949270075,370.5268936271659,0,,,5,0.8587680102767976,123.217024906222,2,0.2892861380986532,36.937857300500994,2026-07-21 19:00:00,0xa30fa36db767ad9ed3f7a60fc79526fb4d56d344
6,0.875829665682836,124.21468774154302,8,0.6228528709032473,81.122903245659,6,0.07160548650458187,9.228637639848,9,3.311487999506737,490.29879815006,2026-07-21 20:00:00,0xa30fa36db767ad9ed3f7a60fc79526fb4d56d344
9,1.4730817295799226,206.946787992888,0,,,5,1.232091147393827,172.693701127753,9,2.0579624581261595,340.138763831928,2026-07-21 21:00:00,0xa30fa36db767ad9ed3f7a60fc79526fb4d56d344
11,2.093419150090936,337.852969117111,6,0.7866574871412406,105.634774615402,2,0.8759706834083119,140.11235831947198,8,1.5960540280697022,226.72686102289998,2026-07-21 22:00:00,0xa30fa36db767ad9ed3f7a60fc79526fb4d56d344
5,1.592023090823147,244.796075952484,0,,,1,0.00465994472864456,0.60444041253,5,0.8587680102767976,123.217024906222,2026-07-21 23:00:00,0xa30fa36db767ad9ed3f7a60fc79526fb4d56d344
11,1.6163552236990906,507.8405181995238,18,0.8692815958517246,274.8518552266014,8,0.5356879200382826,168.2995917703164,11,3.7811665961706717,1182.24758897425,2026-07-15 00:00:00,0xaf3d76f1834a1d425780943c99ea8a608f8a93f9
10,2.246578616447798,696.3903776207812,16,0.9715342186239545,308.2118006486538,8,1.0121082131460963,317.9706065236399,16,2.7355301541887442,861.8290017882939,2026-07-15 01:00:00,0xaf3d76f1834a1d425780943c99ea8a608f8a93f9
37,2.1963276707484987,688.990167847317,78,21.79243111699159,6968.26541954313,64,13.075773142281344,4131.12879658622,20,7.214000216820833,2254.226199848456,2026-07-15 02:00:00,0xaf3d76f1834a1d425780943c99ea8a608f8a93f9
18,1.6379607755453829,514.3758865058727,32,2.4150538982661227,780.7239757578869,45,6.409605154361955,2017.4869891228204,9,0.5134381518403398,161.6452457908178,2026-07-15 03:00:00,0xaf3d76f1834a1d425780943c99ea8a608f8a93f9
5,0.31023176769158645,98.25337794898176,51,10.737730554354473,3522.188270880325,34,4.295821930281511,1360.1210493398323,8,0.5356879200382826,168.2995917703164,2026-07-15 04:00:00,0xaf3d76f1834a1d425780943c99ea8a608f8a93f9
6,1.6637120814808952,519.066149223252,42,4.3545160119052495,1426.3452937326283,27,10.829511990550921,3447.947111679064,8,1.0121082131460963,317.9706065236399,2026-07-15 05:00:00,0xaf3d76f1834a1d425780943c99ea8a608f8a93f9
39,11.396291564647235,3586.7433704291366,14,1.0751330076001606,350.20333876520203,56,3.98633272846356,1265.4362666930215,64,13.075773142281344,4131.12879658622,2026-07-15 06:00:00,0xaf3d76f1834a1d425780943c99ea8a608f8a93f9
46,3.0861317771225223,971.9403289708397,12,0.8679834879544968,282.367165630091,47,1.6793666497514708,532.8975678520137,45,6.409605154361955,2017.4869891228204,2026-07-15 07:00:00,0xaf3d76f1834a1d425780943c99ea8a608f8a93f9
38,2.2711258626340607,711.9006074944979,23,0.8544817996717636,281.1671943293888,18,0.8692815958517246,274.8518552266014,34,4.295821930281511,1360.1210493398323,2026-07-15 08:00:00,0xaf3d76f1834a1d425780943c99ea8a608f8a93f9
15,0.8064948429434866,256.948228121112,10,0.43732937355450274,144.61388666040912,16,0.9715342186239545,308.2118006486538,27,10.829511990550921,3447.947111679064,2026-07-15 09:00:00,0xaf3d76f1834a1d425780943c99ea8a608f8a93f9
26,3.5518555939996377,1129.2696025268979,19,1.2158279603365414,398.59713101980236,78,21.79243111699159,6968.26541954313,56,3.98633272846356,1265.4362666930215,2026-07-15 10:00:00,0xaf3d76f1834a1d425780943c99ea8a608f8a93f9
15,0.9684482687102214,307.53168188720804,9,0.9869071202536803,319.33837257087396,32,2.4150538982661227,780.7239757578869,47,1.6793666497514708,532.8975678520137,2026-07-15 11:00:00,0xaf3d76f1834a1d425780943c99ea8a608f8a93f9
16,0.4806513513184978,151.18867094096896,17,0.607825726846377,199.81302904712436,51,10.737730554354473,3522.188270880325,18,0.8692815958517246,274.8518552266014,2026-07-15 12:00:00,0xaf3d76f1834a1d425780943c99ea8a608f8a93f9
12,0.39889389322637664,126.49884452139726,15,1.4691720838892375,483.69180775841625,42,4.3545160119052495,1426.3452937326283,16,0.9715342186239545,308.2118006486538,2026-07-15 13:00:00,0xaf3d76f1834a1d425780943c99ea8a608f8a93f9
58,27.069196004892465,8743.18989434681,24,1.9120540128969912,625.9085555881604,14,1.0751330076001606,350.20333876520203,78,21.79243111699159,6968.26541954313,2026-07-15 14:00:00,0xaf3d76f1834a1d425780943c99ea8a608f8a93f9
24,2.2993036997880054,741.9254796602352,31,1.565490561442206,514.3218003453461,12,0.8679834879544968,282.367165630091,32,2.4150538982661227,780.7239757578869,2026-07-15 15:00:00,0xaf3d76f1834a1d425780943c99ea8a608f8a93f9
66,8.414307029658376,2754.9898646676415,26,0.5619112356836673,187.3676846413069,23,0.8544817996717636,281.1671943293888,51,10.737730554354473,3522.188270880325,2026-07-15 16:00:00,0xaf3d76f1834a1d425780943c99ea8a608f8a93f9
10,0.23556768978158582,76.66033678041687,13,0.44337512576247123,148.7913772302474,10,0.43732937355450274,144.61388666040912,42,4.3545160119052495,1426.3452937326283,2026-07-15 17:00:00,0xaf3d76f1834a1d425780943c99ea8a608f8a93f9
22,1.5702785319030585,510.9832852157369,19,1.7989987187623255,611.2229237936491,19,1.2158279603365414,398.59713101980236,14,1.0751330076001606,350.20333876520203,2026-07-15 18:00:00,0xaf3d76f1834a1d425780943c99ea8a608f8a93f9
17,2.6403944769433227,865.904343760059,21,1.0679026873145032,356.66664662754795,9,0.9869071202536803,319.33837257087396,12,0.8679834879544968,282.367165630091,2026-07-15 19:00:00,0xaf3d76f1834a1d425780943c99ea8a608f8a93f9
30,1.4788967733120881,479.39183027579503,13,0.7788168779678555,263.0695503531422,17,0.607825726846377,199.81302904712436,23,0.8544817996717636,281.1671943293888,2026-07-15 20:00:00,0xaf3d76f1834a1d425780943c99ea8a608f8a93f9
19,0.8621904066584601,283.00457071790004,11,0.8588778714837969,283.1807023081408,15,1.4691720838892375,483.69180775841625,10,0.43732937355450274,144.61388666040912,2026-07-15 21:00:00,0xaf3d76f1834a1d425780943c99ea8a608f8a93f9
14,1.9650998860656452,640.1773510116071,22,1.9245105985234054,631.5563485697317,24,1.9120540128969912,625.9085555881604,19,1.2158279603365414,398.59713101980236,2026-07-15 22:00:00,0xaf3d76f1834a1d425780943c99ea8a608f8a93f9
8,0.09249505918102802,31.653536202310452,20,1.144082522038863,375.8898233166505,31,1.565490561442206,514.3218003453461,9,0.9869071202536803,319.33837257087396,2026-07-15 23:00:00,0xaf3d76f1834a1d425780943c99ea8a608f8a93f9
16,1.7970261592475514,589.0328465296016,24,1.9318569793397173,635.012995836267,26,0.5619112356836673,187.3676846413069,17,0.607825726846377,199.81302904712436,2026-07-16 00:00:00,0xaf3d76f1834a1d425780943c99ea8a608f8a93f9
29,3.4799755618079096,1139.3583416668662,41,7.386967202928203,2449.811318075032,13,0.44337512576247123,148.7913772302474,15,1.4691720838892375,483.69180775841625,2026-07-16 01:00:00,0xaf3d76f1834a1d425780943c99ea8a608f8a93f9
23,0.8079884593156406,266.0765519767616,24,2.2464746962423012,739.6313710040453,19,1.7989987187623255,611.2229237936491,24,1.9120540128969912,625.9085555881604,2026-07-16 02:00:00,0xaf3d76f1834a1d425780943c99ea8a608f8a93f9
33,35.52587533760829,11735.924203002272,22,2.3853565873658003,791.4669409173714,21,1.0679026873145032,356.66664662754795,31,1.565490561442206,514.3218003453461,2026-07-16 03:00:00,0xaf3d76f1834a1d425780943c99ea8a608f8a93f9
9,0.16161321399509754,56.717376047236115,30,4.228972758923432,1406.3741039646536,13,0.7788168779678555,263.0695503531422,26,0.5619112356836673,187.3676846413069,2026-07-16 04:00:00,0xaf3d76f1834a1d425780943c99ea8a608f8a93f9
25,1.0841381070138645,357.5115991366924,34,4.633256233956407,1522.8532682700006,11,0.8588778714837969,283.1807023081408,13,0.44337512576247123,148.7913772302474,2026-07-16 05:00:00,0xaf3d76f1834a1d425780943c99ea8a608f8a93f9
31,0.43704769867641935,147.12526163736578,28,2.757442561252115,916.754692861659,22,1.9245105985234054,631.5563485697317,19,1.7989987187623255,611.2229237936491,2026-07-16 06:00:00,0xaf3d76f1834a1d425780943c99ea8a608f8a93f9
18,0.3106488331144156,104.30343589962004,23,2.2970042964681996,763.7564215471263,20,1.144082522038863,375.8898233166505,21,1.0679026873145032,356.66664662754795,2026-07-16 07:00:00,0xaf3d76f1834a1d425780943c99ea8a608f8a93f9
23,1.211755240896251,398.86906808863273,22,1.969103712251572,651.8554302361364,24,1.9318569793397173,635.012995836267,13,0.7788168779678555,263.0695503531422,2026-07-16 08:00:00,0xaf3d76f1834a1d425780943c99ea8a608f8a93f9
15,0.32467279395717763,107.52200638497199,24,0.552128707079241,183.3653478509283,41,7.386967202928203,2449.811318075032,11,0.8588778714837969,283.1807023081408,2026-07-16 09:00:00,0xaf3d76f1834a1d425780943c99ea8a608f8a93f9
11,0.5455764447064236,179.46806923168378,32,0.8889402784422519,296.2065957427,24,2.2464746962423012,739.6313710040453,22,1.9245105985234054,631.5563485697317,2026-07-16 10:00:00,0xaf3d76f1834a1d425780943c99ea8a608f8a93f9
21,1.0318555327006869,341.6234936687688,12,1.6658919931279164,554.9326027574164,22,2.3853565873658003,791.4669409173714,20,1.144082522038863,375.8898233166505,2026-07-16 11:00:00,0xaf3d76f1834a1d425780943c99ea8a608f8a93f9
13,2.008700913638347,657.0992953874015,26,10.131000904779919,3359.9103266705642,30,4.228972758923432,1406.3741039646536,24,1.9318569793397173,635.012995836267,2026-07-16 12:00:00,0xaf3d76f1834a1d425780943c99ea8a608f8a93f9
30,1.4395231620788256,474.0317716282063,60,7.323970790734703,2468.5342321227313,34,4.633256233956407,1522.8532682700006,41,7.386967202928203,2449.811318075032,2026-07-16 13:00:00,0xaf3d76f1834a1d425780943c99ea8a608f8a93f9
27,2.7981121159610107,919.4883564198192,54,9.741362242516427,3283.7383557398252,28,2.757442561252115,916.754692861659,24,2.2464746962423012,739.6313710040453,2026-07-16 14:00:00,0xaf3d76f1834a1d425780943c99ea8a608f8a93f9
17,0.553946949393096,185.0678929856466,39,5.347164293033566,1797.7691064593143,23,2.2970042964681996,763.7564215471263,22,2.3853565873658003,791.4669409173714,2026-07-16 15:00:00,0xaf3d76f1834a1d425780943c99ea8a608f8a93f9
17,0.599807300375127,199.40098627875005,14,0.7640705953165581,256.62672736168537,22,1.969103712251572,651.8554302361364,30,4.228972758923432,1406.3741039646536,2026-07-16 16:00:00,0xaf3d76f1834a1d425780943c99ea8a608f8a93f9
40,3.7773937424339903,1255.2684002330038,28,1.6876722517880314,557.9730277801225,24,0.552128707079241,183.3653478509283,34,4.633256233956407,1522.8532682700006,2026-07-16 17:00:00,0xaf3d76f1834a1d425780943c99ea8a608f8a93f9
27,1.9724144697727892,653.1644700408052,23,0.43768627431369805,146.561214632045,32,0.8889402784422519,296.2065957427,28,2.757442561252115,916.754692861659,2026-07-16 18:00:00,0xaf3d76f1834a1d425780943c99ea8a608f8a93f9
39,5.111931658135565,1705.3772562266568,18,0.2832556985604195,94.50685460162661,12,1.6658919931279164,554.9326027574164,23,2.2970042964681996,763.7564215471263,2026-07-16 19:00:00,0xaf3d76f1834a1d425780943c99ea8a608f8a93f9
16,0.5373787801518062,179.3121103384246,8,0.24296931725459095,81.43505940286323,26,10.131000904779919,3359.9103266705642,22,1.969103712251572,651.8554302361364,2026-07-16 20:00:00,0xaf3d76f1834a1d425780943c99ea8a608f8a93f9
20,1.7211306871682688,567.8509830643142,14,0.2290981566659713,76.66633224756659,60,7.323970790734703,2468.5342321227313,24,0.552128707079241,183.3653478509283,2026-07-16 21:00:00,0xaf3d76f1834a1d425780943c99ea8a608f8a93f9
25,0.4294272976153112,142.8564073346805,15,0.5343075413294897,178.39980453209932,54,9.741362242516427,3283.7383557398252,32,0.8889402784422519,296.2065957427,2026-07-16 22:00:00,0xaf3d76f1834a1d425780943c99ea8a608f8a93f9
37,4.075046024153781,1358.005002138045,19,1.7460591639554952,583.019666776099,39,5.347164293033566,1797.7691064593143,12,1.6658919931279164,554.9326027574164,2026-07-16 23:00:00,0xaf3d76f1834a1d425780943c99ea8a608f8a93f9
26,2.609935871483353,878.1706530531935,15,1.5314455749161393,510.0553880637345,14,0.7640705953165581,256.62672736168537,26,10.131000904779919,3359.9103266705642,2026-07-17 00:00:00,0xaf3d76f1834a1d425780943c99ea8a608f8a93f9
89,2.0886496336227673,706.3556899136269,11,0.8413761064232714,280.92643705229256,28,1.6876722517880314,557.9730277801225,60,7.323970790734703,2468.5342321227313,2026-07-17 01:00:00,0xaf3d76f1834a1d425780943c99ea8a608f8a93f9
37,1.62602503158198,549.7846641962018,36,4.086647646067061,1365.5415952141939,23,0.43768627431369805,146.561214632045,54,9.741362242516427,3283.7383557398252,2026-07-17 02:00:00,0xaf3d76f1834a1d425780943c99ea8a608f8a93f9
27,0.7019462255271463,236.2735451374617,21,3.6195823536844185,1198.7338637725463,18,0.2832556985604195,94.50685460162661,39,5.347164293033566,1797.7691064593143,2026-07-17 03:00:00,0xaf3d76f1834a1d425780943c99ea8a608f8a93f9
16,0.31166816395264096,104.78510011253616,64,15.933680909839408,5298.399360633929,8,0.24296931725459095,81.43505940286323,14,0.7640705953165581,256.62672736168537,2026-07-17 04:00:00,0xaf3d76f1834a1d425780943c99ea8a608f8a93f9
25,1.9768607129419482,662.6320030624355,432,209.13188315428027,69840.91904201865,14,0.2290981566659713,76.66633224756659,28,1.6876722517880314,557.9730277801225,2026-07-17 05:00:00,0xaf3d76f1834a1d425780943c99ea8a608f8a93f9
19,1.6013810543665676,534.6943210777116,169,104.34093317989104,34319.119541239204,15,0.5343075413294897,178.39980453209932,23,0.43768627431369805,146.561214632045,2026-07-17 06:00:00,0xaf3d76f1834a1d425780943c99ea8a608f8a93f9
24,2.496386894313627,838.704213383024,108,30.62723082927119,10183.048961945635,19,1.7460591639554952,583.019666776099,18,0.2832556985604195,94.50685460162661,2026-07-17 07:00:00,0xaf3d76f1834a1d425780943c99ea8a608f8a93f9
24,0.440193636772289,147.37734317306223,59,12.890953159146042,4294.453559323909,15,1.5314455749161393,510.0553880637345,8,0.24296931725459095,81.43505940286323,2026-07-17 08:00:00,0xaf3d76f1834a1d425780943c99ea8a608f8a93f9
14,1.8829535622313864,630.6528492893007,60,12.558435255535278,4183.626448761002,11,0.8413761064232714,280.92643705229256,14,0.2290981566659713,76.66633224756659,2026-07-17 09:00:00,0xaf3d76f1834a1d425780943c99ea8a608f8a93f9
17,1.2693638202574622,425.08340900790955,35,5.728584447629246,1905.9408298497235,36,4.086647646067061,1365.5415952141939,15,0.5343075413294897,178.39980453209932,2026-07-17 10:00:00,0xaf3d76f1834a1d425780943c99ea8a608f8a93f9
24,1.529989268089881,510.7222463688298,35,6.973370283199313,2332.706453943099,21,3.6195823536844185,1198.7338637725463,19,1.7460591639554952,583.019666776099,2026-07-17 11:00:00,0xaf3d76f1834a1d425780943c99ea8a608f8a93f9
12,0.14922186831114648,49.67082124700595,86,14.075265088738036,4688.409683107693,64,15.933680909839408,5298.399360633929,15,1.5314455749161393,510.0553880637345,2026-07-17 12:00:00,0xaf3d76f1834a1d425780943c99ea8a608f8a93f9
13,0.7885608551502341,262.6249614116951,59,4.655375851614662,1557.4397907449652,432,209.13188315428027,69840.91904201865,11,0.8413761064232714,280.92643705229256,2026-07-17 13:00:00,0xaf3d76f1834a1d425780943c99ea8a608f8a93f9
78,42.09568699510605,14031.043392257196,50,9.121912232004632,3035.8777338611762,169,104.34093317989104,34319.119541239204,36,4.086647646067061,1365.5415952141939,2026-07-17 14:00:00,0xaf3d76f1834a1d425780943c99ea8a608f8a93f9
64,10.68636430333899,3554.3710619268954,53,9.939143952961414,3300.014324060821,108,30.62723082927119,10183.048961945635,21,3.6195823536844185,1198.7338637725463,2026-07-17 15:00:00,0xaf3d76f1834a1d425780943c99ea8a608f8a93f9
108,25.69318590400317,8532.919893943805,43,6.41345374338817,2142.278309734405,59,12.890953159146042,4294.453559323909,64,15.933680909839408,5298.399360633929,2026-07-17 16:00:00,0xaf3d76f1834a1d425780943c99ea8a608f8a93f9
1025,643.9065942546948,212815.04864450378,43,2.78798679651673,932.3127846482622,60,12.558435255535278,4183.626448761002,432,209.13188315428027,69840.91904201865,2026-07-17 17:00:00,0xaf3d76f1834a1d425780943c99ea8a608f8a93f9
121,35.82775392318845,11889.688180755142,48,8.621235273097932,2861.0154281735577,35,5.728584447629246,1905.9408298497235,169,104.34093317989104,34319.119541239204,2026-07-17 18:00:00,0xaf3d76f1834a1d425780943c99ea8a608f8a93f9
67,9.245157153667607,3079.4408741228967,43,3.3541101994572324,1115.1918828035045,35,6.973370283199313,2332.706453943099,108,30.62723082927119,10183.048961945635,2026-07-17 19:00:00,0xaf3d76f1834a1d425780943c99ea8a608f8a93f9
39,4.165446037145628,1383.403940195328,35,6.403456635805517,2128.221195975715,86,14.075265088738036,4688.409683107693,59,12.890953159146042,4294.453559323909,2026-07-17 20:00:00,0xaf3d76f1834a1d425780943c99ea8a608f8a93f9
55,8.138064437430005,2701.2822981916956,51,5.531269001820931,1840.977144923016,59,4.655375851614662,1557.4397907449652,60,12.558435255535278,4183.626448761002,2026-07-17 21:00:00,0xaf3d76f1834a1d425780943c99ea8a608f8a93f9
39,3.023313752375719,1009.8418627645349,26,2.4432326363172465,811.9498291887337,50,9.121912232004632,3035.8777338611762,35,5.728584447629246,1905.9408298497235,2026-07-17 22:00:00,0xaf3d76f1834a1d425780943c99ea8a608f8a93f9
114,64.22628482735927,21607.691609987065,17,0.6374609447569892,212.67874850085414,53,9.939143952961414,3300.014324060821,35,6.973370283199313,2332.706453943099,2026-07-17 23:00:00,0xaf3d76f1834a1d425780943c99ea8a608f8a93f9
89,9.368170950714317,3132.39939826321,22,4.73500787406324,1566.4259700512473,43,6.41345374338817,2142.278309734405,86,14.075265088738036,4688.409683107693,2026-07-18 00:00:00,0xaf3d76f1834a1d425780943c99ea8a608f8a93f9
90,22.42154413354631,7449.616717338823,37,3.4789344364590717,1158.348490923702,43,2.78798679651673,932.3127846482622,59,4.655375851614662,1557.4397907449652,2026-07-18 01:00:00,0xaf3d76f1834a1d425780943c99ea8a608f8a93f9
79,20.851151759409674,6914.471598635833,42,3.828206651012424,1278.4054501947328,48,8.621235273097932,2861.0154281735577,50,9.121912232004632,3035.8777338611762,2026-07-18 02:00:00,0xaf3d76f1834a1d425780943c99ea8a608f8a93f9
66,7.612993343076949,2534.339760689068,47,9.63812674707998,3198.300349900909,43,3.3541101994572324,1115.1918828035045,53,9.939143952961414,3300.014324060821,2026-07-18 03:00:00,0xaf3d76f1834a1d425780943c99ea8a608f8a93f9
39,7.3978426351645785,2461.592305809136,90,20.246854843322055,6758.125449550764,35,6.403456635805517,2128.221195975715,43,6.41345374338817,2142.278309734405,2026-07-18 04:00:00,0xaf3d76f1834a1d425780943c99ea8a608f8a93f9
56,12.067277448402741,3994.685178780641,44,5.3054102721740195,1765.9248157448521,51,5.531269001820931,1840.977144923016,43,2.78798679651673,932.3127846482622,2026-07-18 05:00:00,0xaf3d76f1834a1d425780943c99ea8a608f8a93f9
61,5.1083121962948885,1698.0537744076516,74,4.4614351973420465,1491.332543234776,26,2.4432326363172465,811.9498291887337,48,8.621235273097932,2861.0154281735577,2026-07-18 06:00:00,0xaf3d76f1834a1d425780943c99ea8a608f8a93f9
45,8.27257653066928,2760.7473980739974,76,3.6791535744560315,1227.5721819564562,17,0.6374609447569892,212.67874850085414,43,3.3541101994572324,1115.1918828035045,2026-07-18 07:00:00,0xaf3d76f1834a1d425780943c99ea8a608f8a93f9
49,8.519042172951753,2826.002189793121,40,1.770845924848712,589.5077917275667,22,4.73500787406324,1566.4259700512473,35,6.403456635805517,2128.221195975715,2026-07-18 08:00:00,0xaf3d76f1834a1d425780943c99ea8a608f8a93f9
20,1.926974706104794,641.9061414703729,33,3.0066680520055566,1001.149172266859,37,3.4789344364590717,1158.348490923702,51,5.531269001820931,1840.977144923016,2026-07-18 09:00:00,0xaf3d76f1834a1d425780943c99ea8a608f8a93f9
24,4.270926305789102,1424.4481159984855,50,3.463513793477347,1155.5284836920925,42,3.828206651012424,1278.4054501947328,26,2.4432326363172465,811.9498291887337,2026-07-18 10:00:00,0xaf3d76f1834a1d425780943c99ea8a608f8a93f9
36,1.25624891700728,420.83608622678804,43,3.1925270186676986,1066.063418430648,47,9.63812674707998,3198.300349900909,17,0.6374609447569892,212.67874850085414,2026-07-18 11:00:00,0xaf3d76f1834a1d425780943c99ea8a608f8a93f9
26,3.281010003959392,1092.0394075553381,33,1.6917560147957795,566.1131355866019,90,20.246854843322055,6758.125449550764,22,4.73500787406324,1566.4259700512473,2026-07-18 12:00:00,0xaf3d76f1834a1d425780943c99ea8a608f8a93f9
42,3.0175494922603683,1001.534071026144,36,4.2975815556075965,1417.7269061384475,44,5.3054102721740195,1765.9248157448521,37,3.4789344364590717,1158.348490923702,2026-07-18 13:00:00,0xaf3d76f1834a1d425780943c99ea8a608f8a93f9
43,6.333031532064164,2113.425970536652,37,6.379283151230952,2113.485651806943,74,4.4614351973420465,1491.332543234776,42,3.828206651012424,1278.4054501947328,2026-07-18 14:00:00,0xaf3d76f1834a1d425780943c99ea8a608f8a93f9
53,5.247215613061253,1754.8908349234973,25,1.6322509561896452,543.9686843864097,76,3.6791535744560315,1227.5721819564562,47,9.63812674707998,3198.300349900909,2026-07-18 15:00:00,0xaf3d76f1834a1d425780943c99ea8a608f8a93f9
103,12.707772121642307,4238.677115223737,38,3.959739710735279,1318.4767731889563,40,1.770845924848712,589.5077917275667,90,20.246854843322055,6758.125449550764,2026-07-18 16:00:00,0xaf3d76f1834a1d425780943c99ea8a608f8a93f9
60,9.962409880560363,3317.164980422372,32,1.745114216085604,582.6596493017379,33,3.0066680520055566,1001.149172266859,44,5.3054102721740195,1765.9248157448521,2026-07-18 17:00:00,0xaf3d76f1834a1d425780943c99ea8a608f8a93f9
58,2.7073637145806266,906.6206051819186,23,1.001500808324053,334.3815640654567,50,3.463513793477347,1155.5284836920925,74,4.4614351973420465,1491.332543234776,2026-07-18 18:00:00,0xaf3d76f1834a1d425780943c99ea8a608f8a93f9
52,3.084121351692499,1028.8836144598406,35,6.626371369515058,2214.4677132388524,43,3.1925270186676986,1066.063418430648,76,3.6791535744560315,1227.5721819564562,2026-07-18 19:00:00,0xaf3d76f1834a1d425780943c99ea8a608f8a93f9
41,2.004478488248396,667.1924757343626,24,0.4697465601791827,155.48537178667857,33,1.6917560147957795,566.1131355866019,40,1.770845924848712,589.5077917275667,2026-07-18 20:00:00,0xaf3d76f1834a1d425780943c99ea8a608f8a93f9
53,2.287348555569094,757.4601849993921,22,0.916919020622382,305.5455864282696,36,4.2975815556075965,1417.7269061384475,33,3.0066680520055566,1001.149172266859,2026-07-18 21:00:00,0xaf3d76f1834a1d425780943c99ea8a608f8a93f9
30,1.9137234356105064,638.4055340698018,28,1.8635508796636162,621.6082194560057,37,6.379283151230952,2113.485651806943,50,3.463513793477347,1155.5284836920925,2026-07-18 22:00:00,0xaf3d76f1834a1d425780943c99ea8a608f8a93f9
50,2.8541372275984096,952.0408017125626,42,3.0824073708759756,1025.778375620372,25,1.6322509561896452,543.9686843864097,43,3.1925270186676986,1066.063418430648,2026-07-18 23:00:00,0xaf3d76f1834a1d425780943c99ea8a608f8a93f9
42,2.732458282428092,906.6874319957225,28,2.246202336425259,743.4491518274215,38,3.959739710735279,1318.4767731889563,33,1.6917560147957795,566.1131355866019,2026-07-19 00:00:00,0xaf3d76f1834a1d425780943c99ea8a608f8a93f9
23,3.14079820781587,1046.5171135369826,30,2.298367069974775,766.7497015850199,32,1.745114216085604,582.6596493017379,36,4.2975815556075965,1417.7269061384475,2026-07-19 01:00:00,0xaf3d76f1834a1d425780943c99ea8a608f8a93f9
42,8.930633718771311,2963.2454460403924,30,7.877859341612697,2613.840360070466,23,1.001500808324053,334.3815640654567,37,6.379283151230952,2113.485651806943,2026-07-19 02:00:00,0xaf3d76f1834a1d425780943c99ea8a608f8a93f9
26,3.8690059347574817,1284.8428734437216,28,5.357245705302598,1784.6606531636046,35,6.626371369515058,2214.4677132388524,25,1.6322509561896452,543.9686843864097,2026-07-19 03:00:00,0xaf3d76f1834a1d425780943c99ea8a608f8a93f9
47,3.4170698277471616,1133.59852541334,36,7.366318590173839,2440.180746201682,24,0.4697465601791827,155.48537178667857,38,3.959739710735279,1318.4767731889563,2026-07-19 04:00:00,0xaf3d76f1834a1d425780943c99ea8a608f8a93f9
37,2.4336412272006553,809.2986858463057,36,2.1383843424353137,711.5675864976715,22,0.916919020622382,305.5455864282696,32,1.745114216085604,582.6596493017379,2026-07-19 05:00:00,0xaf3d76f1834a1d425780943c99ea8a608f8a93f9
17,1.1067047322790338,367.0716722107061,114,56.544903291853736,18983.46597873921,28,1.8635508796636162,621.6082194560057,23,1.001500808324053,334.3815640654567,2026-07-19 06:00:00,0xaf3d76f1834a1d425780943c99ea8a608f8a93f9
37,2.4382503444087766,812.0069967406727,58,35.64471199595119,11835.299030303775,42,3.0824073708759756,1025.778375620372,35,6.626371369515058,2214.4677132388524,2026-07-19 07:00:00,0xaf3d76f1834a1d425780943c99ea8a608f8a93f9
27,0.440918975551284,147.02608957175167,32,7.087036704110506,2394.4205021566304,28,2.246202336425259,743.4491518274215,24,0.4697465601791827,155.48537178667857,2026-07-19 08:00:00,0xaf3d76f1834a1d425780943c99ea8a608f8a93f9
26,5.442751283301979,1797.9961323742634,45,2.764363645966003,920.4227928536939,30,2.298367069974775,766.7497015850199,22,0.916919020622382,305.5455864282696,2026-07-19 09:00:00,0xaf3d76f1834a1d425780943c99ea8a608f8a93f9
19,0.2774619728655449,92.69812064243055,27,3.476270538872812,1190.2159896795472,30,7.877859341612697,2613.840360070466,28,1.8635508796636162,621.6082194560057,2026-07-19 10:00:00,0xaf3d76f1834a1d425780943c99ea8a608f8a93f9
30,1.831105133931633,612.2464679020095,17,2.1878260912571177,730.115696283066,28,5.357245705302598,1784.6606531636046,42,3.0824073708759756,1025.778375620372,2026-07-19 11:00:00,0xaf3d76f1834a1d425780943c99ea8a608f8a93f9
21,3.4751324500223717,1156.9415268975124,21,1.24869477536061,415.4650495164293,36,7.366318590173839,2440.180746201682,28,2.246202336425259,743.4491518274215,2026-07-19 12:00:00,0xaf3d76f1834a1d425780943c99ea8a608f8a93f9
21,1.0574694398063476,351.84150133980216,23,4.101460393350976,1362.160491501598,36,2.1383843424353137,711.5675864976715,30,2.298367069974775,766.7497015850199,2026-07-19 13:00:00,0xaf3d76f1834a1d425780943c99ea8a608f8a93f9
31,4.917711838784211,1635.9346024623949,22,2.911597732562456,968.2769907155042,114,56.544903291853736,18983.46597873921,30,7.877859341612697,2613.840360070466,2026-07-19 14:00:00,0xaf3d76f1834a1d425780943c99ea8a608f8a93f9
49,19.670730021461704,6562.800411547833,13,1.3856267330315624,464.6308589011283,58,35.64471199595119,11835.299030303775,28,5.357245705302598,1784.6606531636046,2026-07-19 15:00:00,0xaf3d76f1834a1d425780943c99ea8a608f8a93f9
38,3.390332109933733,1132.2587235025744,19,1.8411346877957144,612.8980322349596,32,7.087036704110506,2394.4205021566304,36,7.366318590173839,2440.180746201682,2026-07-19 16:00:00,0xaf3d76f1834a1d425780943c99ea8a608f8a93f9
49,10.414354564466985,3490.8331156691015,28,6.874716434327101,2277.266174026246,45,2.764363645966003,920.4227928536939,36,2.1383843424353137,711.5675864976715,2026-07-19 17:00:00,0xaf3d76f1834a1d425780943c99ea8a608f8a93f9
152,72.26092131696925,24288.425342164544,31,8.192204052092706,2724.064652809246,27,3.476270538872812,1190.2159896795472,114,56.544903291853736,18983.46597873921,2026-07-19 18:00:00,0xaf3d76f1834a1d425780943c99ea8a608f8a93f9
37,4.184395145237967,1392.6554989685621,159,17.80453665463535,5938.569229313496,17,2.1878260912571177,730.115696283066,58,35.64471199595119,11835.299030303775,2026-07-19 19:00:00,0xaf3d76f1834a1d425780943c99ea8a608f8a93f9
44,10.920650319665091,3625.257413998493,21,0.3375247672391394,112.17426776365183,21,1.24869477536061,415.4650495164293,32,7.087036704110506,2394.4205021566304,2026-07-19 20:00:00,0xaf3d76f1834a1d425780943c99ea8a608f8a93f9
17,0.8256056454535889,274.078026662661,17,1.28556031021769,426.9763540861729,23,4.101460393350976,1362.160491501598,45,2.764363645966003,920.4227928536939,2026-07-19 21:00:00,0xaf3d76f1834a1d425780943c99ea8a608f8a93f9
51,15.792456994708942,5246.771552468364,34,3.4208426148517463,1143.0091805490454,22,2.911597732562456,968.2769907155042,27,3.476270538872812,1190.2159896795472,2026-07-19 22:00:00,0xaf3d76f1834a1d425780943c99ea8a608f8a93f9
13,0.954545704403726,318.2661387188366,22,2.048203520269831,682.9705340029914,13,1.3856267330315624,464.6308589011283,17,2.1878260912571177,730.115696283066,2026-07-19 23:00:00,0xaf3d76f1834a1d425780943c99ea8a608f8a93f9
20,5.409681820076097,1802.2436772522117,101,21.873023873683998,7282.371668009838,19,1.8411346877957144,612.8980322349596,21,1.24869477536061,415.4650495164293,2026-07-20 00:00:00,0xaf3d76f1834a1d425780943c99ea8a608f8a93f9
42,5.240452391119029,1741.5399794941193,24,1.2307319194415607,407.16163655273596,28,6.874716434327101,2277.266174026246,23,4.101460393350976,1362.160491501598,2026-07-20 01:00:00,0xaf3d76f1834a1d425780943c99ea8a608f8a93f9
18,4.091265324988782,1366.76239863455,51,9.136394439658515,3015.819554250935,31,8.192204052092706,2724.064652809246,22,2.911597732562456,968.2769907155042,2026-07-20 02:00:00,0xaf3d76f1834a1d425780943c99ea8a608f8a93f9
32,10.846785616681782,3631.789371360932,28,6.699026242732903,2188.834286582166,159,17.80453665463535,5938.569229313496,13,1.3856267330315624,464.6308589011283,2026-07-20 03:00:00,0xaf3d76f1834a1d425780943c99ea8a608f8a93f9
22,1.9882235290404529,664.4692403637882,25,2.44504364008612,795.8979473105744,21,0.3375247672391394,112.17426776365183,19,1.8411346877957144,612.8980322349596,2026-07-20 04:00:00,0xaf3d76f1834a1d425780943c99ea8a608f8a93f9
21,3.458008238799387,1149.292330358554,63,14.506097496698358,4799.239617330721,17,1.28556031021769,426.9763540861729,28,6.874716434327101,2277.266174026246,2026-07-20 05:00:00,0xaf3d76f1834a1d425780943c99ea8a608f8a93f9
43,5.6601703142117605,1867.8348713435262,169,24.56401234515147,7989.305609978593,34,3.4208426148517463,1143.0091805490454,31,8.192204052092706,2724.064652809246,2026-07-20 06:00:00,0xaf3d76f1834a1d425780943c99ea8a608f8a93f9
52,6.702000060958168,2242.461242835931,244,121.23282100221492,39721.44745587313,22,2.048203520269831,682.9705340029914,159,17.80453665463535,5938.569229313496,2026-07-20 07:00:00,0xaf3d76f1834a1d425780943c99ea8a608f8a93f9
12,0.8084061889125058,269.6734571164282,50,14.646114873150234,4793.61727370042,101,21.873023873683998,7282.371668009838,21,0.3375247672391394,112.17426776365183,2026-07-20 08:00:00,0xaf3d76f1834a1d425780943c99ea8a608f8a93f9
46,7.820339715127849,2602.6599466673506,50,9.176094796030819,3003.4422265440603,24,1.2307319194415607,407.16163655273596,17,1.28556031021769,426.9763540861729,2026-07-20 09:00:00,0xaf3d76f1834a1d425780943c99ea8a608f8a93f9
30,4.195038426116547,1400.4427167892038,37,5.942640224670405,1933.1516846144052,51,9.136394439658515,3015.819554250935,34,3.4208426148517463,1143.0091805490454,2026-07-20 10:00:00,0xaf3d76f1834a1d425780943c99ea8a608f8a93f9
84,18.490840961589743,6164.916937472718,29,6.199636714300151,2014.4820816122142,28,6.699026242732903,2188.834286582166,22,2.048203520269831,682.9705340029914,2026-07-20 11:00:00,0xaf3d76f1834a1d425780943c99ea8a608f8a93f9
30,2.3274822589616684,770.9817750776749,60,11.732562137582725,3833.125982183686,25,2.44504364008612,795.8979473105744,101,21.873023873683998,7282.371668009838,2026-07-20 12:00:00,0xaf3d76f1834a1d425780943c99ea8a608f8a93f9
31,2.8092439665316506,933.3493623415328,41,14.369555708147567,4667.522826915623,63,14.506097496698358,4799.239617330721,24,1.2307319194415607,407.16163655273596,2026-07-20 13:00:00,0xaf3d76f1834a1d425780943c99ea8a608f8a93f9
45,14.212426546952402,4655.823156420763,28,1.8570463318287302,604.0273298789076,169,24.56401234515147,7989.305609978593,51,9.136394439658515,3015.819554250935,2026-07-20 14:00:00,0xaf3d76f1834a1d425780943c99ea8a608f8a93f9
47,6.892022371032207,2247.27982520603,23,2.8732796960263225,934.9068112011349,244,121.23282100221492,39721.44745587313,28,6.699026242732903,2188.834286582166,2026-07-20 15:00:00,0xaf3d76f1834a1d425780943c99ea8a608f8a93f9
22,0.8755470804091214,284.37864451924173,34,4.569435742695226,1487.7718600158687,50,14.646114873150234,4793.61727370042,25,2.44504364008612,795.8979473105744,2026-07-20 16:00:00,0xaf3d76f1834a1d425780943c99ea8a608f8a93f9
49,6.57939046153169,2129.7155906689745,10,0.18879914893956615,61.40637749185061,50,9.176094796030819,3003.4422265440603,63,14.506097496698358,4799.239617330721,2026-07-20 17:00:00,0xaf3d76f1834a1d425780943c99ea8a608f8a93f9
108,29.506458821086774,9642.60932893801,6,0.18222674583307907,59.18953724163978,37,5.942640224670405,1933.1516846144052,169,24.56401234515147,7989.305609978593,2026-07-20 18:00:00,0xaf3d76f1834a1d425780943c99ea8a608f8a93f9
79,37.3065075167483,12155.2151818625,27,1.5013738414949458,488.90342278513225,29,6.199636714300151,2014.4820816122142,244,121.23282100221492,39721.44745587313,2026-07-20 19:00:00,0xaf3d76f1834a1d425780943c99ea8a608f8a93f9
61,29.023181713661636,9433.091954798834,19,5.90899730086622,1926.294847812368,60,11.732562137582725,3833.125982183686,50,14.646114873150234,4793.61727370042,2026-07-20 20:00:00,0xaf3d76f1834a1d425780943c99ea8a608f8a93f9
40,12.277655220328086,4000.3041809469464,19,0.5925127550246817,192.33610591589613,41,14.369555708147567,4667.522826915623,50,9.176094796030819,3003.4422265440603,2026-07-20 21:00:00,0xaf3d76f1834a1d425780943c99ea8a608f8a93f9
43,11.939538103600142,3873.88346751974,14,2.023768359373988,659.5094818223816,28,1.8570463318287302,604.0273298789076,37,5.942640224670405,1933.1516846144052,2026-07-20 22:00:00,0xaf3d76f1834a1d425780943c99ea8a608f8a93f9
35,2.534747645888876,827.0664655994967,19,0.6706086968151758,218.14476321743717,23,2.8732796960263225,934.9068112011349,29,6.199636714300151,2014.4820816122142,2026-07-20 23:00:00,0xaf3d76f1834a1d425780943c99ea8a608f8a93f9
29,4.985787733391862,1622.0576846894328,51,13.002079918415903,4237.729708668132,34,4.569435742695226,1487.7718600158687,60,11.732562137582725,3833.125982183686,2026-07-21 00:00:00,0xaf3d76f1834a1d425780943c99ea8a608f8a93f9
11,0.3023232238025487,98.48230430167523,113,25.263258115579333,8192.715520922797,10,0.18879914893956615,61.40637749185061,41,14.369555708147567,4667.522826915623,2026-07-21 01:00:00,0xaf3d76f1834a1d425780943c99ea8a608f8a93f9
20,1.752928614336603,570.8263025510131,91,45.76816594866758,14828.77786846489,6,0.18222674583307907,59.18953724163978,28,1.8570463318287302,604.0273298789076,2026-07-21 02:00:00,0xaf3d76f1834a1d425780943c99ea8a608f8a93f9
18,4.747682302185331,1545.3478149267696,36,16.1664385758817,5268.15548043915,27,1.5013738414949458,488.90342278513225,23,2.8732796960263225,934.9068112011349,2026-07-21 03:00:00,0xaf3d76f1834a1d425780943c99ea8a608f8a93f9
14,1.4056355991586407,458.8596481763841,113,33.96864574814905,11154.377360712866,19,5.90899730086622,1926.294847812368,34,4.569435742695226,1487.7718600158687,2026-07-21 04:00:00,0xaf3d76f1834a1d425780943c99ea8a608f8a93f9
27,0.886531837661975,289.7165494090792,359,156.3903840336711,51320.669062469526,19,0.5925127550246817,192.33610591589613,10,0.18879914893956615,61.40637749185061,2026-07-21 05:00:00,0xaf3d76f1834a1d425780943c99ea8a608f8a93f9
13,0.16920457271488237,55.3678412659613,64,21.2952970087533,6983.644837849701,14,2.023768359373988,659.5094818223816,6,0.18222674583307907,59.18953724163978,2026-07-21 06:00:00,0xaf3d76f1834a1d425780943c99ea8a608f8a93f9
13,0.7857908308447002,256.832875222102,103,72.85701581241649,23858.40342674489,19,0.6706086968151758,218.14476321743717,27,1.5013738414949458,488.90342278513225,2026-07-21 07:00:00,0xaf3d76f1834a1d425780943c99ea8a608f8a93f9
14,0.8886951103653384,288.3617875582804,47,15.934819187323988,5210.629873533361,51,13.002079918415903,4237.729708668132,19,5.90899730086622,1926.294847812368,2026-07-21 08:00:00,0xaf3d76f1834a1d425780943c99ea8a608f8a93f9
22,5.5444150607666725,1801.9968331583034,46,4.315718252712872,1406.7963929479001,113,25.263258115579333,8192.715520922797,19,0.5925127550246817,192.33610591589613,2026-07-21 09:00:00,0xaf3d76f1834a1d425780943c99ea8a608f8a93f9
24,3.4611472233252254,1130.28853396263,49,10.992665091844213,3572.563290615103,91,45.76816594866758,14828.77786846489,14,2.023768359373988,659.5094818223816,2026-07-21 10:00:00,0xaf3d76f1834a1d425780943c99ea8a608f8a93f9
66,13.717795801419264,4472.9268642683655,81,41.48248720819951,13494.909843548496,36,16.1664385758817,5268.15548043915,19,0.6706086968151758,218.14476321743717,2026-07-21 11:00:00,0xaf3d76f1834a1d425780943c99ea8a608f8a93f9
125,29.520267495184072,9621.817951327312,83,14.035437221796112,4544.604511752657,113,33.96864574814905,11154.377360712866,51,13.002079918415903,4237.729708668132,2026-07-21 12:00:00,0xaf3d76f1834a1d425780943c99ea8a608f8a93f9
16,6.422799803642206,2080.616042977112,56,7.006374717872356,2276.069379690942,359,156.3903840336711,51320.669062469526,113,25.263258115579333,8192.715520922797,2026-07-21 13:00:00,0xaf3d76f1834a1d425780943c99ea8a608f8a93f9
72,83.8559453479362,27226.88809522928,145,75.36426662706452,24594.283457717924,64,21.2952970087533,6983.644837849701,91,45.76816594866758,14828.77786846489,2026-07-21 14:00:00,0xaf3d76f1834a1d425780943c99ea8a608f8a93f9
53,26.0065733682205,8479.15175787527,51,16.92576519356108,5491.300525310503,103,72.85701581241649,23858.40342674489,36,16.1664385758817,5268.15548043915,2026-07-21 15:00:00,0xaf3d76f1834a1d425780943c99ea8a608f8a93f9
62,13.068091886756733,4310.370758711731,32,20.78262801016892,6750.055933745949,47,15.934819187323988,5210.629873533361,113,33.96864574814905,11154.377360712866,2026-07-21 16:00:00,0xaf3d76f1834a1d425780943c99ea8a608f8a93f9
61,31.002794425889547,10139.077558439521,24,3.699004951121295,1204.8630261141484,46,4.315718252712872,1406.7963929479001,359,156.3903840336711,51320.669062469526,2026-07-21 17:00:00,0xaf3d76f1834a1d425780943c99ea8a608f8a93f9
117,33.911536601024,11165.123511687512,57,13.528896461264582,4425.525314632758,49,10.992665091844213,3572.563290615103,64,21.2952970087533,6983.644837849701,2026-07-21 18:00:00,0xaf3d76f1834a1d425780943c99ea8a608f8a93f9
84,37.67325899173269,12394.094349844721,23,11.976684578922931,3911.912056528354,81,41.48248720819951,13494.909843548496,103,72.85701581241649,23858.40342674489,2026-07-21 19:00:00,0xaf3d76f1834a1d425780943c99ea8a608f8a93f9
48,12.014190690802806,3926.8711342893353,28,1.6660054534120639,543.6962995154624,83,14.035437221796112,4544.604511752657,47,15.934819187323988,5210.629873533361,2026-07-21 20:00:00,0xaf3d76f1834a1d425780943c99ea8a608f8a93f9
31,3.2922782116897786,1068.9454613645157,40,2.9826365613796595,973.2604153093814,56,7.006374717872356,2276.069379690942,46,4.315718252712872,1406.7963929479001,2026-07-21 21:00:00,0xaf3d76f1834a1d425780943c99ea8a608f8a93f9
44,9.945132559342234,3242.770747136885,14,0.6506884945670298,211.86417294363707,145,75.36426662706452,24594.283457717924,49,10.992665091844213,3572.563290615103,2026-07-21 22:00:00,0xaf3d76f1834a1d425780943c99ea8a608f8a93f9
42,8.347669806107087,2701.224749220643,28,12.000404327130719,3905.8262353246882,51,16.92576519356108,5491.300525310503,81,41.48248720819951,13494.909843548496,2026-07-21 23:00:00,0xaf3d76f1834a1d425780943c99ea8a608f8a93f9
2,0.06210326060611403,7.8374199646800005,2,0.025684643111809288,3.1673025300900006,0,,,0,,,2026-07-15 00:00:00,0xb0992820e760d836549ba69bc7598b4af75dee03
5,0.43061845675187627,51.410163787765526,3,0.09399781063507275,12.132405307382,2,0.43487927350131195,53.29435083632799,0,,,2026-07-15 01:00:00,0xb0992820e760d836549ba69bc7598b4af75dee03
6,0.14993336558471218,18.884820581601375,1,0.08418945835470219,11.011715,4,0.11469707615070825,14.376201295163,1,0.002247663668815438,0.27764724636800003,2026-07-15 02:00:00,0xb0992820e760d836549ba69bc7598b4af75dee03
2,0.2577809497198723,31.993725209783996,0,,,3,0.9216547591819217,109.34799476663999,2,0.0025780058071677167,0.320220981415,2026-07-15 03:00:00,0xb0992820e760d836549ba69bc7598b4af75dee03
0,,,7,0.30652113655700886,38.96329920056399,2,0.10068018558771695,12.673014367065,0,,,2026-07-15 04:00:00,0xb0992820e760d836549ba69bc7598b4af75dee03
1,0.011886268071141385,1.4692150588209998,4,0.05518527994912284,7.148866551943453,4,0.09982979626390262,12.667289872772,2,0.43487927350131195,53.29435083632799,2026-07-15 05:00:00,0xb0992820e760d836549ba69bc7598b4af75dee03
0,,,0,,,1,0.000132210381728601,0.016482730505,4,0.11469707615070825,14.376201295163,2026-07-15 06:00:00,0xb0992820e760d836549ba69bc7598b4af75dee03
2,0.033389087310682776,4.117711747112,5,0.16882140820870523,21.90006532044,0,,,3,0.9216547591819217,109.34799476663999,2026-07-15 07:00:00,0xb0992820e760d836549ba69bc7598b4af75dee03
3,0.01792722453981889,2.216352642545,12,0.0020717492798847585,68.01885799175766,2,0.025684643111809288,3.1673025300900006,2,0.10068018558771695,12.673014367065,2026-07-15 08:00:00,0xb0992820e760d836549ba69bc7598b4af75dee03
1,0.000964162366219754,0.12026269464,7,6.6803821309811e-05,36.38798492849596,3,0.09399781063507275,12.132405307382,4,0.09982979626390262,12.667289872772,2026-07-15 09:00:00,0xb0992820e760d836549ba69bc7598b4af75dee03
1,0.002288205113543577,0.285152980005,6,1.1076590597026e-05,18.847468782180282,1,0.08418945835470219,11.011715,1,0.000132210381728601,0.016482730505,2026-07-15 10:00:00,0xb0992820e760d836549ba69bc7598b4af75dee03
1,0.06275890450719275,7.783000265528999,11,1.0364239805985547,140.11889248493927,0,,,0,,,2026-07-15 11:00:00,0xb0992820e760d836549ba69bc7598b4af75dee03
0,,,10,0.018348826803571472,34.38731884978441,7,0.30652113655700886,38.96329920056399,2,0.025684643111809288,3.1673025300900006,2026-07-15 12:00:00,0xb0992820e760d836549ba69bc7598b4af75dee03
0,,,7,0.00015711864751158703,34.204943818591296,4,0.05518527994912284,7.148866551943453,3,0.09399781063507275,12.132405307382,2026-07-15 13:00:00,0xb0992820e760d836549ba69bc7598b4af75dee03
1,0.015767533250449602,1.99080185424,0,,,0,,,1,0.08418945835470219,11.011715,2026-07-15 14:00:00,0xb0992820e760d836549ba69bc7598b4af75dee03
0,,,6,0.030454112156925353,3.852481900053,5,0.16882140820870523,21.90006532044,0,,,2026-07-15 15:00:00,0xb0992820e760d836549ba69bc7598b4af75dee03
0,,,6,0.20302242492596184,26.33045648165,12,0.0020717492798847585,68.01885799175766,7,0.30652113655700886,38.96329920056399,2026-07-15 16:00:00,0xb0992820e760d836549ba69bc7598b4af75dee03
2,0.08433733310995055,11.158516198455999,1,0.00755739455922847,0.96411891924,7,6.6803821309811e-05,36.38798492849596,4,0.05518527994912284,7.148866551943453,2026-07-15 17:00:00,0xb0992820e760d836549ba69bc7598b4af75dee03
4,0.04686575977143939,5.972577646744,0,,,6,1.1076590597026e-05,18.847468782180282,0,,,2026-07-15 18:00:00,0xb0992820e760d836549ba69bc7598b4af75dee03
0,,,1,0.000373205639632771,4.383031153876098e-05,11,1.0364239805985547,140.11889248493927,5,0.16882140820870523,21.90006532044,2026-07-15 19:00:00,0xb0992820e760d836549ba69bc7598b4af75dee03
12,0.3567906237846866,108.70611811455838,0,,,10,0.018348826803571472,34.38731884978441,12,0.0020717492798847585,68.01885799175766,2026-07-15 20:00:00,0xb0992820e760d836549ba69bc7598b4af75dee03
6,1.0991568826850001e-05,26.255291857362337,0,,,7,0.00015711864751158703,34.204943818591296,7,6.6803821309811e-05,36.38798492849596,2026-07-15 21:00:00,0xb0992820e760d836549ba69bc7598b4af75dee03
6,1.1091810384809001e-05,14.496744535006448,1,0.000687193196986928,0.088356606,0,,,6,1.1076590597026e-05,18.847468782180282,2026-07-15 22:00:00,0xb0992820e760d836549ba69bc7598b4af75dee03
3,5.55444643525e-06,34.62738091793641,0,,,6,0.030454112156925353,3.852481900053,11,1.0364239805985547,140.11889248493927,2026-07-15 23:00:00,0xb0992820e760d836549ba69bc7598b4af75dee03
6,1.1080052112731e-05,51.05127871546904,2,0.002191875295808665,0.281315320356,6,0.20302242492596184,26.33045648165,10,0.018348826803571472,34.38731884978441,2026-07-16 00:00:00,0xb0992820e760d836549ba69bc7598b4af75dee03
0,,,1,0.016681350582969257,2.138171014938,1,0.00755739455922847,0.96411891924,7,0.00015711864751158703,34.204943818591296,2026-07-16 01:00:00,0xb0992820e760d836549ba69bc7598b4af75dee03
1,6.83394582455e-06,0.00086594977,1,0.004986526146905801,0.6379859570399999,0,,,0,,,2026-07-16 02:00:00,0xb0992820e760d836549ba69bc7598b4af75dee03
1,0.04108692974588727,5.417090459914999,1,0.09363247530082329,11.906169567533999,1,0.000373205639632771,4.383031153876098e-05,6,0.030454112156925353,3.852481900053,2026-07-16 03:00:00,0xb0992820e760d836549ba69bc7598b4af75dee03
1,0.001125699862320611,0.14366569429800002,0,,,0,,,6,0.20302242492596184,26.33045648165,2026-07-16 04:00:00,0xb0992820e760d836549ba69bc7598b4af75dee03
2,0.002227995736419732,0.2840156525359999,0,,,0,,,1,0.00755739455922847,0.96411891924,2026-07-16 05:00:00,0xb0992820e760d836549ba69bc7598b4af75dee03
4,0.01193172084979504,1.469087896508143,2,0.0025538676898631393,0.322045912168,1,0.000687193196986928,0.088356606,0,,,2026-07-16 06:00:00,0xb0992820e760d836549ba69bc7598b4af75dee03
0,,,2,0.20779030526401435,25.581220669119997,0,,,1,0.000373205639632771,4.383031153876098e-05,2026-07-16 07:00:00,0xb0992820e760d836549ba69bc7598b4af75dee03
1,0.052081760304157135,6.598571402269,0,,,2,0.002191875295808665,0.281315320356,0,,,2026-07-16 08:00:00,0xb0992820e760d836549ba69bc7598b4af75dee03
1,0.12153316900845898,16.1134907571,0,,,1,0.016681350582969257,2.138171014938,0,,,2026-07-16 09:00:00,0xb0992820e760d836549ba69bc7598b4af75dee03
0,,,2,0.014545215414377099,1.764820167754,1,0.004986526146905801,0.6379859570399999,1,0.000687193196986928,0.088356606,2026-07-16 10:00:00,0xb0992820e760d836549ba69bc7598b4af75dee03
1,0.003246273496293153,0.41694245974800004,2,0.263594021447597,31.774158170487,1,0.09363247530082329,11.906169567533999,0,,,2026-07-16 11:00:00,0xb0992820e760d836549ba69bc7598b4af75dee03
0,,,3,2.808695640352756,333.81305130280793,0,,,2,0.002191875295808665,0.281315320356,2026-07-16 12:00:00,0xb0992820e760d836549ba69bc7598b4af75dee03
0,,,2,0.013287173964887202,1.5957618545440002,0,,,1,0.016681350582969257,2.138171014938,2026-07-16 13:00:00,0xb0992820e760d836549ba69bc7598b4af75dee03
0,,,15,0.29318707948593214,34.981577694537,2,0.0025538676898631393,0.322045912168,1,0.004986526146905801,0.6379859570399999,2026-07-16 14:00:00,0xb0992820e760d836549ba69bc7598b4af75dee03
0,,,4,0.5708940106665766,67.656303525221,2,0.20779030526401435,25.581220669119997,1,0.09363247530082329,11.906169567533999,2026-07-16 15:00:00,0xb0992820e760d836549ba69bc7598b4af75dee03
1,0.001686964267408143,0.21300550925400002,0,,,0,,,0,,,2026-07-16 16:00:00,0xb0992820e760d836549ba69bc7598b4af75dee03
2,0.000595947653065183,0.018595833055845945,2,0.4138099441367671,49.71079318058499,0,,,0,,,2026-07-16 17:00:00,0xb0992820e760d836549ba69bc7598b4af75dee03
7,0.06720602918535847,8.41510200659729,1,0.005246720410663804,0.6407008000000001,2,0.014545215414377099,1.764820167754,2,0.0025538676898631393,0.322045912168,2026-07-16 18:00:00,0xb0992820e760d836549ba69bc7598b4af75dee03
0,,,1,0.001178999593186562,0.13792508293000003,2,0.263594021447597,31.774158170487,2,0.20779030526401435,25.581220669119997,2026-07-16 19:00:00,0xb0992820e760d836549ba69bc7598b4af75dee03
0,,,2,0.047056833820511464,5.501802782487999,3,2.808695640352756,333.81305130280793,0,,,2026-07-16 20:00:00,0xb0992820e760d836549ba69bc7598b4af75dee03
1,0.000253974034236889,0.030814057281,1,3.1958225145e-08,3.003468e-06,2,0.013287173964887202,1.5957618545440002,0,,,2026-07-16 21:00:00,0xb0992820e760d836549ba69bc7598b4af75dee03
0,,,1,0.016081168481931456,1.8771988920299998,15,0.29318707948593214,34.981577694537,2,0.014545215414377099,1.764820167754,2026-07-16 22:00:00,0xb0992820e760d836549ba69bc7598b4af75dee03
2,0.07893175141515729,9.463834532084,2,0.3359420275910806,41.110971905178005,4,0.5708940106665766,67.656303525221,2,0.263594021447597,31.774158170487,2026-07-16 23:00:00,0xb0992820e760d836549ba69bc7598b4af75dee03
0,,,1,0.002710164295056428,0.333574999758,0,,,3,2.808695640352756,333.81305130280793,2026-07-17 00:00:00,0xb0992820e760d836549ba69bc7598b4af75dee03
5,0.027987706126330357,3.358683381346,1,0.0992228513724163,11.739252125376,2,0.4138099441367671,49.71079318058499,2,0.013287173964887202,1.5957618545440002,2026-07-17 01:00:00,0xb0992820e760d836549ba69bc7598b4af75dee03
2,0.060745591139948804,7.206975876182,3,0.4634529970435868,57.34289396138799,1,0.005246720410663804,0.6407008000000001,15,0.29318707948593214,34.981577694537,2026-07-17 02:00:00,0xb0992820e760d836549ba69bc7598b4af75dee03
4,0.17329494722406608,21.108105824865,3,0.009263166174323111,1.130198452683,1,0.001178999593186562,0.13792508293000003,4,0.5708940106665766,67.656303525221,2026-07-17 03:00:00,0xb0992820e760d836549ba69bc7598b4af75dee03
1,0.2482754992287143,29.052491815413003,3,0.49553470756564516,62.726585601336,2,0.047056833820511464,5.501802782487999,0,,,2026-07-17 04:00:00,0xb0992820e760d836549ba69bc7598b4af75dee03
2,0.02860067704155929,3.356075412771,1,0.002507180655240002,0.3079336299,1,3.1958225145e-08,3.003468e-06,2,0.4138099441367671,49.71079318058499,2026-07-17 05:00:00,0xb0992820e760d836549ba69bc7598b4af75dee03
1,0.06941786408873217,8.125835012775,2,0.019620701675005237,2.514235122162,1,0.016081168481931456,1.8771988920299998,1,0.005246720410663804,0.6407008000000001,2026-07-17 06:00:00,0xb0992820e760d836549ba69bc7598b4af75dee03
1,0.005251468059730957,0.6147492031920001,25,3.3126242316937065,415.383910517973,2,0.3359420275910806,41.110971905178005,1,0.001178999593186562,0.13792508293000003,2026-07-17 07:00:00,0xb0992820e760d836549ba69bc7598b4af75dee03
0,,,13,0.8939633898998594,110.35091657624,1,0.002710164295056428,0.333574999758,2,0.047056833820511464,5.501802782487999,2026-07-17 08:00:00,0xb0992820e760d836549ba69bc7598b4af75dee03
2,0.007585658620695604,0.9215896676000002,18,1.7200085498339888,210.79225099842003,1,0.0992228513724163,11.739252125376,1,3.1958225145e-08,3.003468e-06,2026-07-17 09:00:00,0xb0992820e760d836549ba69bc7598b4af75dee03
2,7.50887315085e-06,0.00087511872,6,0.7511681464403633,95.15604801918802,3,0.4634529970435868,57.34289396138799,1,0.016081168481931456,1.8771988920299998,2026-07-17 10:00:00,0xb0992820e760d836549ba69bc7598b4af75dee03
0,,,3,0.5167075186590889,63.94101497336,3,0.009263166174323111,1.130198452683,2,0.3359420275910806,41.110971905178005,2026-07-17 11:00:00,0xb0992820e760d836549ba69bc7598b4af75dee03
0,,,9,1.3853371237262602,169.49361991693198,3,0.49553470756564516,62.726585601336,1,0.002710164295056428,0.333574999758,2026-07-17 12:00:00,0xb0992820e760d836549ba69bc7598b4af75dee03
1,0.021265618246577536,2.509278216621,8,0.5438064334542502,67.98563944972,1,0.002507180655240002,0.3079336299,1,0.0992228513724163,11.739252125376,2026-07-17 13:00:00,0xb0992820e760d836549ba69bc7598b4af75dee03
6,0.42078594412424664,52.948966422082,8,1.2696225663773357,159.48451172052003,2,0.019620701675005237,2.514235122162,3,0.4634529970435868,57.34289396138799,2026-07-17 14:00:00,0xb0992820e760d836549ba69bc7598b4af75dee03
7,0.46738241869799524,56.824020598824006,1,0.1636478841885467,20.721486119053,25,3.3126242316937065,415.383910517973,3,0.009263166174323111,1.130198452683,2026-07-17 15:00:00,0xb0992820e760d836549ba69bc7598b4af75dee03
2,0.6760014992945711,85.957611008142,5,0.29479874279826845,36.81871940091399,13,0.8939633898998594,110.35091657624,3,0.49553470756564516,62.726585601336,2026-07-17 16:00:00,0xb0992820e760d836549ba69bc7598b4af75dee03
2,0.9593355367290914,122.5525234453,8,0.13941588447717185,17.278543439856,18,1.7200085498339888,210.79225099842003,1,0.002507180655240002,0.3079336299,2026-07-17 17:00:00,0xb0992820e760d836549ba69bc7598b4af75dee03
13,0.15177422131366514,18.777616028971,2,0.12014691387361776,14.615959757676,6,0.7511681464403633,95.15604801918802,2,0.019620701675005237,2.514235122162,2026-07-17 18:00:00,0xb0992820e760d836549ba69bc7598b4af75dee03
9,1.0704829225832015,130.864514615083,2,0.1850377680942619,23.41544048986,3,0.5167075186590889,63.94101497336,25,3.3126242316937065,415.383910517973,2026-07-17 19:00:00,0xb0992820e760d836549ba69bc7598b4af75dee03
2,0.2817736359143206,35.728971767054006,0,,,9,1.3853371237262602,169.49361991693198,13,0.8939633898998594,110.35091657624,2026-07-17 20:00:00,0xb0992820e760d836549ba69bc7598b4af75dee03
5,0.8922549910259103,109.939834803623,5,0.09056033000551154,10.996464805750998,8,0.5438064334542502,67.98563944972,18,1.7200085498339888,210.79225099842003,2026-07-17 21:00:00,0xb0992820e760d836549ba69bc7598b4af75dee03
12,1.1370118160833147,142.38196786877998,3,0.1817358949114826,22.965904023667186,8,1.2696225663773357,159.48451172052003,6,0.7511681464403633,95.15604801918802,2026-07-17 22:00:00,0xb0992820e760d836549ba69bc7598b4af75dee03
9,0.9096501942727555,113.541243176732,3,0.07159097681515392,8.695855822421,1,0.1636478841885467,20.721486119053,3,0.5167075186590889,63.94101497336,2026-07-17 23:00:00,0xb0992820e760d836549ba69bc7598b4af75dee03
8,0.5898935757552937,74.235029800008,2,0.05235646261834324,6.60533436802,5,0.29479874279826845,36.81871940091399,9,1.3853371237262602,169.49361991693198,2026-07-18 00:00:00,0xb0992820e760d836549ba69bc7598b4af75dee03
4,0.8334595255380508,101.314259425038,4,0.22118469592863482,27.839220004488,8,0.13941588447717185,17.278543439856,8,0.5438064334542502,67.98563944972,2026-07-18 01:00:00,0xb0992820e760d836549ba69bc7598b4af75dee03
9,0.8893879626345862,109.035038940556,1,0.010380840743784678,1.2560507096390001,2,0.12014691387361776,14.615959757676,8,1.2696225663773357,159.48451172052003,2026-07-18 02:00:00,0xb0992820e760d836549ba69bc7598b4af75dee03
2,0.2952743362803008,36.730595555562005,1,0.005451549806465906,0.660092060106,2,0.1850377680942619,23.41544048986,1,0.1636478841885467,20.721486119053,2026-07-18 03:00:00,0xb0992820e760d836549ba69bc7598b4af75dee03
4,0.32498890052523394,40.935233713885,2,0.26486100257051115,32.18984914628,0,,,5,0.29479874279826845,36.81871940091399,2026-07-18 04:00:00,0xb0992820e760d836549ba69bc7598b4af75dee03
0,,,3,0.2736436807155195,34.645772019768,5,0.09056033000551154,10.996464805750998,8,0.13941588447717185,17.278543439856,2026-07-18 05:00:00,0xb0992820e760d836549ba69bc7598b4af75dee03
3,0.2289319714853081,27.835025336488,2,0.002902992261813624,0.35305066843099997,3,0.1817358949114826,22.965904023667186,2,0.12014691387361776,14.615959757676,2026-07-18 06:00:00,0xb0992820e760d836549ba69bc7598b4af75dee03
7,0.5008017306513578,60.786185689225995,3,0.016284267943819857,1.977907441038947,3,0.07159097681515392,8.695855822421,2,0.1850377680942619,23.41544048986,2026-07-18 07:00:00,0xb0992820e760d836549ba69bc7598b4af75dee03
5,0.2413620020472404,30.338136989747,1,0.3170708710735497,38.540535425312,2,0.05235646261834324,6.60533436802,0,,,2026-07-18 08:00:00,0xb0992820e760d836549ba69bc7598b4af75dee03
1,0.03635954383954714,4.411602444088,7,0.4310445580177811,53.207555129192,4,0.22118469592863482,27.839220004488,5,0.09056033000551154,10.996464805750998,2026-07-18 09:00:00,0xb0992820e760d836549ba69bc7598b4af75dee03
2,0.10305370009236275,12.516960450120001,5,0.4167175012502967,51.68050012776924,1,0.010380840743784678,1.2560507096390001,3,0.1817358949114826,22.965904023667186,2026-07-18 10:00:00,0xb0992820e760d836549ba69bc7598b4af75dee03
3,0.6940735137278398,85.071244332842,4,0.0546940247202595,6.63882781503,1,0.005451549806465906,0.660092060106,3,0.07159097681515392,8.695855822421,2026-07-18 11:00:00,0xb0992820e760d836549ba69bc7598b4af75dee03
1,0.000523369965961654,0.063377547364,4,0.01930632683669859,2.350757333588679,2,0.26486100257051115,32.18984914628,2,0.05235646261834324,6.60533436802,2026-07-18 12:00:00,0xb0992820e760d836549ba69bc7598b4af75dee03
10,1.9629054647482573,241.20813252442002,4,0.048852565085808555,5.962210243767001,3,0.2736436807155195,34.645772019768,4,0.22118469592863482,27.839220004488,2026-07-18 13:00:00,0xb0992820e760d836549ba69bc7598b4af75dee03
3,0.3108490330524028,38.945028675085,3,0.18634205127029638,22.708007132833004,2,0.002902992261813624,0.35305066843099997,1,0.010380840743784678,1.2560507096390001,2026-07-18 14:00:00,0xb0992820e760d836549ba69bc7598b4af75dee03
4,0.7918951744963161,100.00747406058201,3,0.04904411493258304,5.986710962310001,3,0.016284267943819857,1.977907441038947,1,0.005451549806465906,0.660092060106,2026-07-18 15:00:00,0xb0992820e760d836549ba69bc7598b4af75dee03
1,0.03842586356021621,4.666260520159001,2,0.266235431325124,32.347637704758,1,0.3170708710735497,38.540535425312,2,0.26486100257051115,32.18984914628,2026-07-18 16:00:00,0xb0992820e760d836549ba69bc7598b4af75dee03
1,0.029136709447029133,3.5422757960699998,0,,,7,0.4310445580177811,53.207555129192,3,0.2736436807155195,34.645772019768,2026-07-18 17:00:00,0xb0992820e760d836549ba69bc7598b4af75dee03
4,0.0037472326842294197,0.20653482156844927,0,,,5,0.4167175012502967,51.68050012776924,2,0.002902992261813624,0.35305066843099997,2026-07-18 18:00:00,0xb0992820e760d836549ba69bc7598b4af75dee03
0,,,3,0.148202208874604,17.98679869214417,4,0.0546940247202595,6.63882781503,3,0.016284267943819857,1.977907441038947,2026-07-18 19:00:00,0xb0992820e760d836549ba69bc7598b4af75dee03
2,0.07428227912591444,9.006068860609,1,0.006347593874534448,0.7697858331999999,4,0.01930632683669859,2.350757333588679,1,0.3170708710735497,38.540535425312,2026-07-18 20:00:00,0xb0992820e760d836549ba69bc7598b4af75dee03
1,0.00439413690400151,0.5302720150076354,2,1.9776279096924423,250.315044776226,4,0.048852565085808555,5.962210243767001,7,0.4310445580177811,53.207555129192,2026-07-18 21:00:00,0xb0992820e760d836549ba69bc7598b4af75dee03
2,0.3862213301901246,47.877457996353996,0,,,3,0.18634205127029638,22.708007132833004,5,0.4167175012502967,51.68050012776924,2026-07-18 22:00:00,0xb0992820e760d836549ba69bc7598b4af75dee03
12,1.7320848049340112,218.01277371473196,2,0.20813501806610984,25.404246641015998,3,0.04904411493258304,5.986710962310001,4,0.0546940247202595,6.63882781503,2026-07-18 23:00:00,0xb0992820e760d836549ba69bc7598b4af75dee03
2,0.052760633404454346,6.441992011097001,1,0.15501174432749562,19.19729983883598,2,0.266235431325124,32.347637704758,4,0.01930632683669859,2.350757333588679,2026-07-19 00:00:00,0xb0992820e760d836549ba69bc7598b4af75dee03
1,0.1944704442771536,23.728538998476,2,0.3884207299908881,48.993893103153006,0,,,4,0.048852565085808555,5.962210243767001,2026-07-19 01:00:00,0xb0992820e760d836549ba69bc7598b4af75dee03
3,0.3810392672773687,46.35564799420099,2,0.00868812747369645,1.0617099806740002,0,,,3,0.18634205127029638,22.708007132833004,2026-07-19 02:00:00,0xb0992820e760d836549ba69bc7598b4af75dee03
1,0.16783759963046943,21.244011573399998,2,0.0030376033444729483,0.371514401198,3,0.148202208874604,17.98679869214417,3,0.04904411493258304,5.986710962310001,2026-07-19 03:00:00,0xb0992820e760d836549ba69bc7598b4af75dee03
0,,,5,2.55605604509824,315.4261336858074,1,0.006347593874534448,0.7697858331999999,2,0.266235431325124,32.347637704758,2026-07-19 04:00:00,0xb0992820e760d836549ba69bc7598b4af75dee03
0,,,8,0.38837398658235645,49.24552863852879,2,1.9776279096924423,250.315044776226,0,,,2026-07-19 05:00:00,0xb0992820e760d836549ba69bc7598b4af75dee03
1,0.004332516680293121,0.526236946815,0,,,0,,,0,,,2026-07-19 06:00:00,0xb0992820e760d836549ba69bc7598b4af75dee03
2,0.08524195244556224,10.345251367563,0,,,2,0.20813501806610984,25.404246641015998,3,0.148202208874604,17.98679869214417,2026-07-19 07:00:00,0xb0992820e760d836549ba69bc7598b4af75dee03
6,1.3351606764472808,163.541407914728,2,0.008626871144372576,1.05015504172,1,0.15501174432749562,19.19729983883598,1,0.006347593874534448,0.7697858331999999,2026-07-19 08:00:00,0xb0992820e760d836549ba69bc7598b4af75dee03
0,,,2,0.21220788869380122,25.850591241739995,2,0.3884207299908881,48.993893103153006,2,1.9776279096924423,250.315044776226,2026-07-19 09:00:00,0xb0992820e760d836549ba69bc7598b4af75dee03
2,0.05901977095270847,7.205594196544,6,3.58515244116405,550.4278568764682,2,0.00868812747369645,1.0617099806740002,0,,,2026-07-19 10:00:00,0xb0992820e760d836549ba69bc7598b4af75dee03
4,0.6574831097557128,88.8719406750958,0,,,2,0.0030376033444729483,0.371514401198,2,0.20813501806610984,25.404246641015998,2026-07-19 11:00:00,0xb0992820e760d836549ba69bc7598b4af75dee03
2,0.016868396560385697,2.05945952089,2,0.0018181360173185129,0.22973741057253255,5,2.55605604509824,315.4261336858074,1,0.15501174432749562,19.19729983883598,2026-07-19 12:00:00,0xb0992820e760d836549ba69bc7598b4af75dee03
3,0.06522129764162987,7.973938676558,1,0.2751839573220141,33.671607802607994,8,0.38837398658235645,49.24552863852879,2,0.3884207299908881,48.993893103153006,2026-07-19 13:00:00,0xb0992820e760d836549ba69bc7598b4af75dee03
1,0.035806166222948035,4.374155820287999,2,0.1206322898775271,14.651006246071002,0,,,2,0.00868812747369645,1.0617099806740002,2026-07-19 14:00:00,0xb0992820e760d836549ba69bc7598b4af75dee03
0,,,3,0.4376966665807552,55.401233187299226,0,,,2,0.0030376033444729483,0.371514401198,2026-07-19 15:00:00,0xb0992820e760d836549ba69bc7598b4af75dee03
2,0.11506343874340291,14.005444544205,2,0.39997297683477523,50.87364815451101,2,0.008626871144372576,1.05015504172,5,2.55605604509824,315.4261336858074,2026-07-19 16:00:00,0xb0992820e760d836549ba69bc7598b4af75dee03
5,0.006751678813071197,0.8204426138036354,0,,,2,0.21220788869380122,25.850591241739995,8,0.38837398658235645,49.24552863852879,2026-07-19 17:00:00,0xb0992820e760d836549ba69bc7598b4af75dee03
0,,,2,0.14584775483232626,17.8005154674,6,3.58515244116405,550.4278568764682,0,,,2026-07-19 18:00:00,0xb0992820e760d836549ba69bc7598b4af75dee03
4,0.22510461627644823,27.629059207369,3,0.012626788966312877,1.5346579527997886,0,,,0,,,2026-07-19 19:00:00,0xb0992820e760d836549ba69bc7598b4af75dee03
1,0.08430370177496509,10.695479014965,1,0.5884911010439476,74.864021907384,2,0.0018181360173185129,0.22973741057253255,2,0.008626871144372576,1.05015504172,2026-07-19 20:00:00,0xb0992820e760d836549ba69bc7598b4af75dee03
1,0.234044376048125,29.709218597298005,1,0.06864623385224297,8.4090385185,1,0.2751839573220141,33.671607802607994,2,0.21220788869380122,25.850591241739995,2026-07-19 21:00:00,0xb0992820e760d836549ba69bc7598b4af75dee03
2,0.45577540591342885,56.0413388605932,3,0.4300123504456026,54.81255162263601,2,0.1206322898775271,14.651006246071002,6,3.58515244116405,550.4278568764682,2026-07-19 22:00:00,0xb0992820e760d836549ba69bc7598b4af75dee03
0,,,2,0.025278550786475437,3.1013509979169998,3,0.4376966665807552,55.401233187299226,0,,,2026-07-19 23:00:00,0xb0992820e760d836549ba69bc7598b4af75dee03
1,0.002624542410362537,0.3321656947450607,0,,,2,0.39997297683477523,50.87364815451101,2,0.0018181360173185129,0.22973741057253255,2026-07-20 00:00:00,0xb0992820e760d836549ba69bc7598b4af75dee03
6,1.1880087527938152,145.06469804737046,2,0.0657543334368797,8.224486631484,0,,,1,0.2751839573220141,33.671607802607994,2026-07-20 01:00:00,0xb0992820e760d836549ba69bc7598b4af75dee03
0,,,4,0.9191450375066175,112.405325621179,2,0.14584775483232626,17.8005154674,2,0.1206322898775271,14.651006246071002,2026-07-20 02:00:00,0xb0992820e760d836549ba69bc7598b4af75dee03
1,0.43408290752570244,55.177068944799,1,0.00249689224518955,0.29879226569689243,3,0.012626788966312877,1.5346579527997886,3,0.4376966665807552,55.401233187299226,2026-07-20 03:00:00,0xb0992820e760d836549ba69bc7598b4af75dee03
3,0.23626055585638958,30.017211537294,2,0.02223087067963888,2.67665443859316,1,0.5884911010439476,74.864021907384,2,0.39997297683477523,50.87364815451101,2026-07-20 04:00:00,0xb0992820e760d836549ba69bc7598b4af75dee03
3,0.43775963598697243,53.49037356447,0,,,1,0.06864623385224297,8.4090385185,0,,,2026-07-20 05:00:00,0xb0992820e760d836549ba69bc7598b4af75dee03
0,,,4,0.4353603370990705,52.31058637225081,3,0.4300123504456026,54.81255162263601,2,0.14584775483232626,17.8005154674,2026-07-20 06:00:00,0xb0992820e760d836549ba69bc7598b4af75dee03
1,0.001074180797974377,0.13649202983,1,0.36712958310989907,44.039612522640006,2,0.025278550786475437,3.1013509979169998,3,0.012626788966312877,1.5346579527997886,2026-07-20 07:00:00,0xb0992820e760d836549ba69bc7598b4af75dee03
2,0.07076433906647409,8.663623054526,4,0.3928313368128662,47.01195110511401,0,,,1,0.5884911010439476,74.864021907384,2026-07-20 08:00:00,0xb0992820e760d836549ba69bc7598b4af75dee03
2,0.03672618455888848,4.493056249748,0,,,2,0.0657543334368797,8.224486631484,1,0.06864623385224297,8.4090385185,2026-07-20 09:00:00,0xb0992820e760d836549ba69bc7598b4af75dee03
2,0.0040265159079583245,0.49368059426,1,0.004144226981286542,0.49490735443720546,4,0.9191450375066175,112.405325621179,3,0.4300123504456026,54.81255162263601,2026-07-20 10:00:00,0xb0992820e760d836549ba69bc7598b4af75dee03
0,,,1,0.11034305972485779,12.933797523129998,1,0.00249689224518955,0.29879226569689243,2,0.025278550786475437,3.1013509979169998,2026-07-20 11:00:00,0xb0992820e760d836549ba69bc7598b4af75dee03
1,0.002291547604234299,0.280727416916,0,,,2,0.02223087067963888,2.67665443859316,0,,,2026-07-20 12:00:00,0xb0992820e760d836549ba69bc7598b4af75dee03
1,0.00792459891893534,0.9710224558760001,5,0.7963440926791314,96.87478451393198,0,,,2,0.0657543334368797,8.224486631484,2026-07-20 13:00:00,0xb0992820e760d836549ba69bc7598b4af75dee03
10,2.7544096885755502,333.8947299741279,1,0.21773005874750725,25.5840248139,4,0.4353603370990705,52.31058637225081,4,0.9191450375066175,112.405325621179,2026-07-20 14:00:00,0xb0992820e760d836549ba69bc7598b4af75dee03
4,0.02480742838367045,2.9894360127972366,4,0.650302885789704,79.63954775764003,1,0.36712958310989907,44.039612522640006,1,0.00249689224518955,0.29879226569689243,2026-07-20 15:00:00,0xb0992820e760d836549ba69bc7598b4af75dee03
3,0.08158085188675794,9.821173147844197,6,1.6650945799698125,202.142961656136,4,0.3928313368128662,47.01195110511401,2,0.02223087067963888,2.67665443859316,2026-07-20 16:00:00,0xb0992820e760d836549ba69bc7598b4af75dee03
2,0.0500580943050798,6.271158934314001,1,0.006072245024463571,0.7160677140039186,0,,,0,,,2026-07-20 17:00:00,0xb0992820e760d836549ba69bc7598b4af75dee03
2,0.031936913439142234,3.8378471432416106,1,0.010925146629798613,1.293585396081,1,0.004144226981286542,0.49490735443720546,4,0.4353603370990705,52.31058637225081,2026-07-20 18:00:00,0xb0992820e760d836549ba69bc7598b4af75dee03
1,0.04490916545219003,5.379747341505,0,,,1,0.11034305972485779,12.933797523129998,1,0.36712958310989907,44.039612522640006,2026-07-20 19:00:00,0xb0992820e760d836549ba69bc7598b4af75dee03
3,0.07793936859755916,9.320825336966,1,0.011439136084950905,1.3541308018559999,0,,,4,0.3928313368128662,47.01195110511401,2026-07-20 20:00:00,0xb0992820e760d836549ba69bc7598b4af75dee03
3,0.01809169801372052,2.1629246536640885,0,,,5,0.7963440926791314,96.87478451393198,0,,,2026-07-20 21:00:00,0xb0992820e760d836549ba69bc7598b4af75dee03
16,3.959970690473113,468.81729855251905,0,,,1,0.21773005874750725,25.5840248139,1,0.004144226981286542,0.49490735443720546,2026-07-20 22:00:00,0xb0992820e760d836549ba69bc7598b4af75dee03
1,0.01364609839944098,1.5985117889999998,1,0.00349594648670048,0.4139627667406085,4,0.650302885789704,79.63954775764003,1,0.11034305972485779,12.933797523129998,2026-07-20 23:00:00,0xb0992820e760d836549ba69bc7598b4af75dee03
0,,,2,0.09733900144744205,11.524922209895998,6,1.6650945799698125,202.142961656136,0,,,2026-07-21 00:00:00,0xb0992820e760d836549ba69bc7598b4af75dee03
2,0.009388112658802367,1.103573984501426,0,,,1,0.006072245024463571,0.7160677140039186,5,0.7963440926791314,96.87478451393198,2026-07-21 01:00:00,0xb0992820e760d836549ba69bc7598b4af75dee03
4,0.8978921878469005,107.626034209377,9,4.07202602249133,506.864835710626,1,0.010925146629798613,1.293585396081,1,0.21773005874750725,25.5840248139,2026-07-21 02:00:00,0xb0992820e760d836549ba69bc7598b4af75dee03
2,0.5131236365559638,62.91497324367899,1,0.009596731138870948,1.1597502523949998,0,,,4,0.650302885789704,79.63954775764003,2026-07-21 03:00:00,0xb0992820e760d836549ba69bc7598b4af75dee03
1,0.002205320808485408,0.261180765287,4,0.0870294272921847,10.504017741859998,1,0.011439136084950905,1.3541308018559999,6,1.6650945799698125,202.142961656136,2026-07-21 04:00:00,0xb0992820e760d836549ba69bc7598b4af75dee03
0,,,9,1.9364241147662788,244.010713617859,0,,,1,0.006072245024463571,0.7160677140039186,2026-07-21 05:00:00,0xb0992820e760d836549ba69bc7598b4af75dee03
0,,,7,1.6300052796009976,202.739982177357,0,,,1,0.010925146629798613,1.293585396081,2026-07-21 06:00:00,0xb0992820e760d836549ba69bc7598b4af75dee03
3,0.02132988838840228,2.5242885504267267,2,0.3442301796669568,43.748644994916,1,0.00349594648670048,0.4139627667406085,0,,,2026-07-21 07:00:00,0xb0992820e760d836549ba69bc7598b4af75dee03
1,0.012104612395357648,1.432979788119,6,0.647402150487447,81.06448744670901,2,0.09733900144744205,11.524922209895998,1,0.011439136084950905,1.3541308018559999,2026-07-21 08:00:00,0xb0992820e760d836549ba69bc7598b4af75dee03
0,,,2,0.12208445902765015,15.549087516432,0,,,0,,,2026-07-21 09:00:00,0xb0992820e760d836549ba69bc7598b4af75dee03
0,,,7,0.21609079558764058,27.4008003621,9,4.07202602249133,506.864835710626,0,,,2026-07-21 10:00:00,0xb0992820e760d836549ba69bc7598b4af75dee03
4,0.016518585933509668,1.9550282528084324,1,0.10920587613043925,13.940611475371998,1,0.009596731138870948,1.1597502523949998,1,0.00349594648670048,0.4139627667406085,2026-07-21 11:00:00,0xb0992820e760d836549ba69bc7598b4af75dee03
2,8.9757352675574e-05,0.010625881826498202,4,0.512793359047381,65.54922197028701,4,0.0870294272921847,10.504017741859998,2,0.09733900144744205,11.524922209895998,2026-07-21 12:00:00,0xb0992820e760d836549ba69bc7598b4af75dee03
3,1.015319350977364,122.20571978057501,1,0.012140373865396306,1.4987287437760002,9,1.9364241147662788,244.010713617859,0,,,2026-07-21 13:00:00,0xb0992820e760d836549ba69bc7598b4af75dee03
3,0.6729832262115785,83.541973465922,0,,,7,1.6300052796009976,202.739982177357,9,4.07202602249133,506.864835710626,2026-07-21 14:00:00,0xb0992820e760d836549ba69bc7598b4af75dee03
1,0.01650041088525693,1.9933341981800001,2,0.01926333558527567,2.37812179454,2,0.3442301796669568,43.748644994916,1,0.009596731138870948,1.1597502523949998,2026-07-21 15:00:00,0xb0992820e760d836549ba69bc7598b4af75dee03
2,0.061533355571530994,7.430663277845,0,,,6,0.647402150487447,81.06448744670901,4,0.0870294272921847,10.504017741859998,2026-07-21 16:00:00,0xb0992820e760d836549ba69bc7598b4af75dee03
0,,,0,,,2,0.12208445902765015,15.549087516432,9,1.9364241147662788,244.010713617859,2026-07-21 17:00:00,0xb0992820e760d836549ba69bc7598b4af75dee03
1,0.000269886579283948,0.03154900395507173,4,0.03867935289295455,4.775722246807,7,0.21609079558764058,27.4008003621,7,1.6300052796009976,202.739982177357,2026-07-21 18:00:00,0xb0992820e760d836549ba69bc7598b4af75dee03
0,,,0,,,1,0.10920587613043925,13.940611475371998,2,0.3442301796669568,43.748644994916,2026-07-21 19:00:00,0xb0992820e760d836549ba69bc7598b4af75dee03
1,0.001027633290160512,0.125557251114,2,0.1138998515679432,14.049185557527,4,0.512793359047381,65.54922197028701,6,0.647402150487447,81.06448744670901,2026-07-21 20:00:00,0xb0992820e760d836549ba69bc7598b4af75dee03
2,0.42419983763516134,54.03951616723101,3,0.011304932819776478,1.4058577745229999,1,0.012140373865396306,1.4987287437760002,2,0.12208445902765015,15.549087516432,2026-07-21 21:00:00,0xb0992820e760d836549ba69bc7598b4af75dee03
0,,,1,0.003972082385701206,0.490209986395,0,,,7,0.21609079558764058,27.4008003621,2026-07-21 22:00:00,0xb0992820e760d836549ba69bc7598b4af75dee03
11,0.13631185736528045,16.722343657449997,3,0.993828810700059,122.25076634502102,2,0.01926333558527567,2.37812179454,1,0.10920587613043925,13.940611475371998,2026-07-21 23:00:00,0xb0992820e760d836549ba69bc7598b4af75dee03
3,0.040514675199861495,72.571521547295,0,,,0,,,0,,,2026-07-15 00:00:00,0xb90a19ff0af67f7779aff50a882a9cff42446400
0,,,2,4.5875339554050005e-06,0.007840491432,1,0.004130720151776613,7.146069306915,1,0.015404441919444728,27.728139154375,2026-07-15 01:00:00,0xb90a19ff0af67f7779aff50a882a9cff42446400
5,0.00248380450885022,3.876767824448982,9,0.21575333499767863,362.446640649601,1,0.000825454933756948,1.427714056925,0,,,2026-07-15 02:00:00,0xb90a19ff0af67f7779aff50a882a9cff42446400
0,,,4,0.09576947301813882,147.09176537276696,1,4.918167900074e-06,0.008498198,0,,,2026-07-15 03:00:00,0xb90a19ff0af67f7779aff50a882a9cff42446400
0,,,1,0.001183055248777889,1.8376792391040002,1,8.335144101005e-06,0.014409739244999999,0,,,2026-07-15 04:00:00,0xb90a19ff0af67f7779aff50a882a9cff42446400
0,,,0,,,0,,,1,0.004130720151776613,7.146069306915,2026-07-15 05:00:00,0xb90a19ff0af67f7779aff50a882a9cff42446400
0,,,9,0.11552996514492121,184.91860334055266,2,0.022282586587625965,38.437991839715,1,0.000825454933756948,1.427714056925,2026-07-15 06:00:00,0xb90a19ff0af67f7779aff50a882a9cff42446400
0,,,4,0.002101760641201744,3.3489031263260003,1,0.020207785443007945,34.580357833448,1,4.918167900074e-06,0.008498198,2026-07-15 07:00:00,0xb90a19ff0af67f7779aff50a882a9cff42446400
0,,,11,0.011247649813997302,86.60292924227876,0,,,1,8.335144101005e-06,0.014409739244999999,2026-07-15 08:00:00,0xb90a19ff0af67f7779aff50a882a9cff42446400
1,2.6825461594264e-05,0.04638309471,13,9.224210509797e-06,36.594674304075326,2,4.5875339554050005e-06,0.007840491432,0,,,2026-07-15 09:00:00,0xb90a19ff0af67f7779aff50a882a9cff42446400
2,0.02226511946857544,38.250139669145,4,6.033674195669e-06,18.94073882373855,9,0.21575333499767863,362.446640649601,2,0.022282586587625965,38.437991839715,2026-07-15 10:00:00,0xb90a19ff0af67f7779aff50a882a9cff42446400
0,,,17,9.506689286786999e-06,8.33329146567252,4,0.09576947301813882,147.09176537276696,1,0.020207785443007945,34.580357833448,2026-07-15 11:00:00,0xb90a19ff0af67f7779aff50a882a9cff42446400
2,0.000231054811126066,0.400958464654,9,8.559681255749e-06,32.24458006191552,1,0.001183055248777889,1.8376792391040002,0,,,2026-07-15 12:00:00,0xb90a19ff0af67f7779aff50a882a9cff42446400
2,0.000436463394621259,0.74657723882,11,0.029326526821155833,80.47205911187818,0,,,2,4.5875339554050005e-06,0.007840491432,2026-07-15 13:00:00,0xb90a19ff0af67f7779aff50a882a9cff42446400
14,0.27623729567950095,442.2169471347201,2,0.000229863110769869,0.36629003087999995,9,0.11552996514492121,184.91860334055266,9,0.21575333499767863,362.446640649601,2026-07-15 14:00:00,0xb90a19ff0af67f7779aff50a882a9cff42446400
0,,,6,0.000856511342740783,1.343321332695,4,0.002101760641201744,3.3489031263260003,4,0.09576947301813882,147.09176537276696,2026-07-15 15:00:00,0xb90a19ff0af67f7779aff50a882a9cff42446400
1,0.001235667312421978,2.001366,1,4.911462905253e-06,0.00770047884,11,0.011247649813997302,86.60292924227876,1,0.001183055248777889,1.8376792391040002,2026-07-15 16:00:00,0xb90a19ff0af67f7779aff50a882a9cff42446400
0,,,0,,,13,9.224210509797e-06,36.594674304075326,0,,,2026-07-15 17:00:00,0xb90a19ff0af67f7779aff50a882a9cff42446400
5,0.05661370367728822,92.570876410038,0,,,4,6.033674195669e-06,18.94073882373855,9,0.11552996514492121,184.91860334055266,2026-07-15 18:00:00,0xb90a19ff0af67f7779aff50a882a9cff42446400
0,,,0,,,17,9.506689286786999e-06,8.33329146567252,4,0.002101760641201744,3.3489031263260003,2026-07-15 19:00:00,0xb90a19ff0af67f7779aff50a882a9cff42446400
14,0.010695183905402215,80.96672611263384,3,0.051177710607513256,79.774848379796,9,8.559681255749e-06,32.24458006191552,11,0.011247649813997302,86.60292924227876,2026-07-15 20:00:00,0xb90a19ff0af67f7779aff50a882a9cff42446400
8,7.123173086290001e-06,26.39792471425679,0,,,11,0.029326526821155833,80.47205911187818,13,9.224210509797e-06,36.594674304075326,2026-07-15 21:00:00,0xb90a19ff0af67f7779aff50a882a9cff42446400
8,7.124646363304e-06,14.580858083942768,1,1.747944497565e-06,0.0027078180479999997,2,0.000229863110769869,0.36629003087999995,4,6.033674195669e-06,18.94073882373855,2026-07-15 22:00:00,0xb90a19ff0af67f7779aff50a882a9cff42446400
7,5.6037093458709995e-06,34.81432576452728,0,,,6,0.000856511342740783,1.343321332695,17,9.506689286786999e-06,8.33329146567252,2026-07-15 23:00:00,0xb90a19ff0af67f7779aff50a882a9cff42446400
15,1.2357527405016e-05,51.33649024414719,3,0.0002508807805591,0.39167189031926064,1,4.911462905253e-06,0.00770047884,9,8.559681255749e-06,32.24458006191552,2026-07-16 00:00:00,0xb90a19ff0af67f7779aff50a882a9cff42446400
0,,,2,0.0010330666502253471,1.586531815181,0,,,11,0.029326526821155833,80.47205911187818,2026-07-16 01:00:00,0xb90a19ff0af67f7779aff50a882a9cff42446400
2,5.5768698705697e-05,0.08855535949400001,3,0.08637166203629328,135.86672901706982,0,,,2,0.000229863110769869,0.36629003087999995,2026-07-16 02:00:00,0xb90a19ff0af67f7779aff50a882a9cff42446400
0,,,2,0.016087415255714402,24.439986675126,0,,,6,0.000856511342740783,1.343321332695,2026-07-16 03:00:00,0xb90a19ff0af67f7779aff50a882a9cff42446400
1,3.6133479233125e-05,0.05667183888400001,0,,,3,0.051177710607513256,79.774848379796,1,4.911462905253e-06,0.00770047884,2026-07-16 04:00:00,0xb90a19ff0af67f7779aff50a882a9cff42446400
1,5.80737892612e-07,0.000909559035,1,0.001905581648428155,2.8432069250399996,0,,,0,,,2026-07-16 05:00:00,0xb90a19ff0af67f7779aff50a882a9cff42446400
1,0.000101935760594784,0.161327510919,4,0.08024417671503532,119.42819930387,1,1.747944497565e-06,0.0027078180479999997,0,,,2026-07-16 06:00:00,0xb90a19ff0af67f7779aff50a882a9cff42446400
0,,,0,,,0,,,0,,,2026-07-16 07:00:00,0xb90a19ff0af67f7779aff50a882a9cff42446400
4,0.09876930710487695,151.409054438104,1,5.140035953e-09,7.000350000000001e-06,3,0.0002508807805591,0.39167189031926064,3,0.051177710607513256,79.774848379796,2026-07-16 08:00:00,0xb90a19ff0af67f7779aff50a882a9cff42446400
0,,,1,0.05367024108463726,79.357822138944,2,0.0010330666502253471,1.586531815181,0,,,2026-07-16 09:00:00,0xb90a19ff0af67f7779aff50a882a9cff42446400
0,,,15,0.19133500077936902,282.62987005717,3,0.08637166203629328,135.86672901706982,1,1.747944497565e-06,0.0027078180479999997,2026-07-16 10:00:00,0xb90a19ff0af67f7779aff50a882a9cff42446400
1,0.0562442574410215,89.327886912256,1,0.001041977707704151,1.490102351619,2,0.016087415255714402,24.439986675126,0,,,2026-07-16 11:00:00,0xb90a19ff0af67f7779aff50a882a9cff42446400
0,,,18,0.07258776557495117,61.60375892573703,0,,,3,0.0002508807805591,0.39167189031926064,2026-07-16 12:00:00,0xb90a19ff0af67f7779aff50a882a9cff42446400
5,0.06870206713216734,104.73440460838472,7,0.017400066353726866,19.61768619637737,1,0.001905581648428155,2.8432069250399996,2,0.0010330666502253471,1.586531815181,2026-07-16 13:00:00,0xb90a19ff0af67f7779aff50a882a9cff42446400
2,0.028950611189751493,44.124054739371005,4,0.001839041886342897,2.0268232558924413,4,0.08024417671503532,119.42819930387,3,0.08637166203629328,135.86672901706982,2026-07-16 14:00:00,0xb90a19ff0af67f7779aff50a882a9cff42446400
1,0.2864684075882193,431.47577398796597,0,,,0,,,2,0.016087415255714402,24.439986675126,2026-07-16 15:00:00,0xb90a19ff0af67f7779aff50a882a9cff42446400
1,0.001385233892750262,2.06782480128,0,,,1,5.140035953e-09,7.000350000000001e-06,0,,,2026-07-16 16:00:00,0xb90a19ff0af67f7779aff50a882a9cff42446400
3,0.00039666225121401703,0.5987042102012259,0,,,1,0.05367024108463726,79.357822138944,1,0.001905581648428155,2.8432069250399996,2026-07-16 17:00:00,0xb90a19ff0af67f7779aff50a882a9cff42446400
7,0.04271527632874247,63.29559365010896,0,,,15,0.19133500077936902,282.62987005717,4,0.08024417671503532,119.42819930387,2026-07-16 18:00:00,0xb90a19ff0af67f7779aff50a882a9cff42446400
1,0.009272126996911332,13.728398547765998,3,0.000363209496971342,0.3872937467632161,1,0.001041977707704151,1.490102351619,0,,,2026-07-16 19:00:00,0xb90a19ff0af67f7779aff50a882a9cff42446400
1,0.001419548273877612,2.102495931531,3,0.45606161125310224,514.6373788384401,18,0.07258776557495117,61.60375892573703,1,5.140035953e-09,7.000350000000001e-06,2026-07-16 20:00:00,0xb90a19ff0af67f7779aff50a882a9cff42446400
2,0.00777798980898025,11.510473567741,0,,,7,0.017400066353726866,19.61768619637737,1,0.05367024108463726,79.357822138944,2026-07-16 21:00:00,0xb90a19ff0af67f7779aff50a882a9cff42446400
16,0.29508918683472773,434.24222829684203,0,,,4,0.001839041886342897,2.0268232558924413,15,0.19133500077936902,282.62987005717,2026-07-16 22:00:00,0xb90a19ff0af67f7779aff50a882a9cff42446400
3,0.002885293016966704,3.9407929830981514,0,,,0,,,1,0.001041977707704151,1.490102351619,2026-07-16 23:00:00,0xb90a19ff0af67f7779aff50a882a9cff42446400
7,0.02273268638198525,20.590724443994617,0,,,0,,,18,0.07258776557495117,61.60375892573703,2026-07-17 00:00:00,0xb90a19ff0af67f7779aff50a882a9cff42446400
1,8.04414537216e-07,0.0008824006400000001,0,,,0,,,7,0.017400066353726866,19.61768619637737,2026-07-17 01:00:00,0xb90a19ff0af67f7779aff50a882a9cff42446400
0,,,0,,,0,,,4,0.001839041886342897,2.0268232558924413,2026-07-17 02:00:00,0xb90a19ff0af67f7779aff50a882a9cff42446400
0,,,1,0.001749945665013755,1.9424111463540001,3,0.000363209496971342,0.3872937467632161,0,,,2026-07-17 03:00:00,0xb90a19ff0af67f7779aff50a882a9cff42446400
0,,,3,0.00028089175224738896,0.315476992272,3,0.45606161125310224,514.6373788384401,0,,,2026-07-17 04:00:00,0xb90a19ff0af67f7779aff50a882a9cff42446400
0,,,1,3.3796537540246e-05,0.037721492478,0,,,0,,,2026-07-17 05:00:00,0xb90a19ff0af67f7779aff50a882a9cff42446400
0,,,0,,,0,,,0,,,2026-07-17 06:00:00,0xb90a19ff0af67f7779aff50a882a9cff42446400
0,,,1,8.6544363562931e-05,0.10029518803200001,0,,,3,0.000363209496971342,0.3872937467632161,2026-07-17 07:00:00,0xb90a19ff0af67f7779aff50a882a9cff42446400
1,0.000704889633955973,0.79723068867,0,,,0,,,3,0.45606161125310224,514.6373788384401,2026-07-17 08:00:00,0xb90a19ff0af67f7779aff50a882a9cff42446400
2,0.0007153235218166809,0.8235482136000001,0,,,0,,,0,,,2026-07-17 09:00:00,0xb90a19ff0af67f7779aff50a882a9cff42446400
9,0.06874963258721604,85.96041833670499,0,,,0,,,0,,,2026-07-17 10:00:00,0xb90a19ff0af67f7779aff50a882a9cff42446400
0,,,0,,,1,0.001749945665013755,1.9424111463540001,0,,,2026-07-17 11:00:00,0xb90a19ff0af67f7779aff50a882a9cff42446400
0,,,0,,,3,0.00028089175224738896,0.315476992272,0,,,2026-07-17 12:00:00,0xb90a19ff0af67f7779aff50a882a9cff42446400
5,0.024526690600264023,27.877049835627,0,,,1,3.3796537540246e-05,0.037721492478,0,,,2026-07-17 13:00:00,0xb90a19ff0af67f7779aff50a882a9cff42446400
3,0.00032433705917649,0.36051405775000006,0,,,0,,,0,,,2026-07-17 14:00:00,0xb90a19ff0af67f7779aff50a882a9cff42446400
4,0.017402588796537777,20.141950813703996,0,,,1,8.6544363562931e-05,0.10029518803200001,1,0.001749945665013755,1.9424111463540001,2026-07-17 15:00:00,0xb90a19ff0af67f7779aff50a882a9cff42446400
0,,,0,,,0,,,3,0.00028089175224738896,0.315476992272,2026-07-17 16:00:00,0xb90a19ff0af67f7779aff50a882a9cff42446400
0,,,22,0.22876318455768688,311.411022448122,0,,,1,3.3796537540246e-05,0.037721492478,2026-07-17 17:00:00,0xb90a19ff0af67f7779aff50a882a9cff42446400
2,0.002468655174275444,2.9536789699440007,23,0.07416085732747874,86.61223748426501,0,,,0,,,2026-07-17 18:00:00,0xb90a19ff0af67f7779aff50a882a9cff42446400
0,,,6,0.007268347863035417,8.983150328346,0,,,1,8.6544363562931e-05,0.10029518803200001,2026-07-17 19:00:00,0xb90a19ff0af67f7779aff50a882a9cff42446400
0,,,0,,,0,,,0,,,2026-07-17 20:00:00,0xb90a19ff0af67f7779aff50a882a9cff42446400
4,0.004219320403530164,5.400394947854999,1,1.6794006801439e-05,0.021992010291,0,,,0,,,2026-07-17 21:00:00,0xb90a19ff0af67f7779aff50a882a9cff42446400
1,1.21283593483e-07,0.000156250068,0,,,0,,,0,,,2026-07-17 22:00:00,0xb90a19ff0af67f7779aff50a882a9cff42446400
15,0.039035461141202675,55.29695976398,0,,,0,,,0,,,2026-07-17 23:00:00,0xb90a19ff0af67f7779aff50a882a9cff42446400
0,,,0,,,0,,,0,,,2026-07-18 00:00:00,0xb90a19ff0af67f7779aff50a882a9cff42446400
4,0.03576258775627986,53.466052179378,0,,,22,0.22876318455768688,311.411022448122,0,,,2026-07-18 01:00:00,0xb90a19ff0af67f7779aff50a882a9cff42446400
3,0.000922355758321722,1.270241716158,1,9.104719620992e-06,0.0122393649,23,0.07416085732747874,86.61223748426501,0,,,2026-07-18 02:00:00,0xb90a19ff0af67f7779aff50a882a9cff42446400
1,0.000130883492233994,0.179177783488,1,4.337849242954e-06,0.005827756480000001,6,0.007268347863035417,8.983150328346,0,,,2026-07-18 03:00:00,0xb90a19ff0af67f7779aff50a882a9cff42446400
0,,,3,0.000443679920890302,0.6016752034639999,0,,,0,,,2026-07-18 04:00:00,0xb90a19ff0af67f7779aff50a882a9cff42446400
29,0.14129490320160237,170.77499573877503,7,0.010602426560604802,15.482415014617002,1,1.6794006801439e-05,0.021992010291,22,0.22876318455768688,311.411022448122,2026-07-18 05:00:00,0xb90a19ff0af67f7779aff50a882a9cff42446400
6,0.016843662474686154,21.278773146115,0,,,0,,,23,0.07416085732747874,86.61223748426501,2026-07-18 06:00:00,0xb90a19ff0af67f7779aff50a882a9cff42446400
7,0.01155644134110079,14.112893992851,6,0.053856950217659946,80.082536035944,0,,,6,0.007268347863035417,8.983150328346,2026-07-18 07:00:00,0xb90a19ff0af67f7779aff50a882a9cff42446400
3,0.002297338944651026,2.878079348,0,,,0,,,0,,,2026-07-18 08:00:00,0xb90a19ff0af67f7779aff50a882a9cff42446400
5,0.05502783194731191,82.22919095060999,0,,,0,,,1,1.6794006801439e-05,0.021992010291,2026-07-18 09:00:00,0xb90a19ff0af67f7779aff50a882a9cff42446400
2,0.021627475082101326,25.106055974271996,6,0.0033743944219952592,1.5101804005400332,1,9.104719620992e-06,0.0122393649,0,,,2026-07-18 10:00:00,0xb90a19ff0af67f7779aff50a882a9cff42446400
0,,,20,0.17909996552082375,260.10057679575,1,4.337849242954e-06,0.005827756480000001,0,,,2026-07-18 11:00:00,0xb90a19ff0af67f7779aff50a882a9cff42446400
0,,,1,3.75747223462e-07,0.000523289742,3,0.000443679920890302,0.6016752034639999,0,,,2026-07-18 12:00:00,0xb90a19ff0af67f7779aff50a882a9cff42446400
0,,,12,0.036753716636063284,46.555980323785,7,0.010602426560604802,15.482415014617002,0,,,2026-07-18 13:00:00,0xb90a19ff0af67f7779aff50a882a9cff42446400
3,0.007848130096073085,9.833618696988,2,0.011463407624584894,15.244442573591,0,,,1,9.104719620992e-06,0.0122393649,2026-07-18 14:00:00,0xb90a19ff0af67f7779aff50a882a9cff42446400
4,0.0011345484540702501,1.552897213598,6,0.004279347236789266,5.845054923530999,6,0.053856950217659946,80.082536035944,1,4.337849242954e-06,0.005827756480000001,2026-07-18 15:00:00,0xb90a19ff0af67f7779aff50a882a9cff42446400
18,0.1446131899630732,216.32557352169897,4,0.003855511481216548,5.12845209541,0,,,3,0.000443679920890302,0.6016752034639999,2026-07-18 16:00:00,0xb90a19ff0af67f7779aff50a882a9cff42446400
4,0.0040540534413372395,5.488056351416,2,0.001918211349228371,2.60786104872,0,,,7,0.010602426560604802,15.482415014617002,2026-07-18 17:00:00,0xb90a19ff0af67f7779aff50a882a9cff42446400
0,,,1,0.000746342042183726,0.997548392094,6,0.0033743944219952592,1.5101804005400332,0,,,2026-07-18 18:00:00,0xb90a19ff0af67f7779aff50a882a9cff42446400
0,,,2,0.000754184412919457,1.006604435538,20,0.17909996552082375,260.10057679575,6,0.053856950217659946,80.082536035944,2026-07-18 19:00:00,0xb90a19ff0af67f7779aff50a882a9cff42446400
0,,,1,0.01310933859917167,18.094609248576,1,3.75747223462e-07,0.000523289742,0,,,2026-07-18 20:00:00,0xb90a19ff0af67f7779aff50a882a9cff42446400
0,,,1,0.000157995573583935,0.221449136832,12,0.036753716636063284,46.555980323785,0,,,2026-07-18 21:00:00,0xb90a19ff0af67f7779aff50a882a9cff42446400
0,,,0,,,2,0.011463407624584894,15.244442573591,6,0.0033743944219952592,1.5101804005400332,2026-07-18 22:00:00,0xb90a19ff0af67f7779aff50a882a9cff42446400
40,0.3679712330206361,546.321362379024,4,0.12490612895878046,177.97560551930403,6,0.004279347236789266,5.845054923530999,20,0.17909996552082375,260.10057679575,2026-07-18 23:00:00,0xb90a19ff0af67f7779aff50a882a9cff42446400
3,0.003042627417635072,4.044073858655,0,,,4,0.003855511481216548,5.12845209541,1,3.75747223462e-07,0.000523289742,2026-07-19 00:00:00,0xb90a19ff0af67f7779aff50a882a9cff42446400
3,0.009426028637333508,12.353225817457,1,0.001848040239769624,2.5159472439629997,2,0.001918211349228371,2.60786104872,12,0.036753716636063284,46.555980323785,2026-07-19 01:00:00,0xb90a19ff0af67f7779aff50a882a9cff42446400
3,0.010342240426279327,13.817772353016,2,0.00029870143286595197,0.4056796950220001,1,0.000746342042183726,0.997548392094,2,0.011463407624584894,15.244442573591,2026-07-19 02:00:00,0xb90a19ff0af67f7779aff50a882a9cff42446400
5,0.010375675149091273,15.031741247452999,0,,,2,0.000754184412919457,1.006604435538,6,0.004279347236789266,5.845054923530999,2026-07-19 03:00:00,0xb90a19ff0af67f7779aff50a882a9cff42446400
1,0.003746582798713773,5.085657591786,0,,,1,0.01310933859917167,18.094609248576,4,0.003855511481216548,5.12845209541,2026-07-19 04:00:00,0xb90a19ff0af67f7779aff50a882a9cff42446400
2,0.000935630777867491,1.254284791209,1,0.002191898463128033,2.9618539907440002,1,0.000157995573583935,0.221449136832,2,0.001918211349228371,2.60786104872,2026-07-19 05:00:00,0xb90a19ff0af67f7779aff50a882a9cff42446400
0,,,2,0.21280403840948958,368.80305117417004,0,,,1,0.000746342042183726,0.997548392094,2026-07-19 06:00:00,0xb90a19ff0af67f7779aff50a882a9cff42446400
1,2.285333015367e-06,0.003048001222,1,1.6592256502216e-05,0.022178682008999997,4,0.12490612895878046,177.97560551930403,2,0.000754184412919457,1.006604435538,2026-07-19 07:00:00,0xb90a19ff0af67f7779aff50a882a9cff42446400
0,,,6,0.25865750656219044,221.7428897830847,0,,,1,0.01310933859917167,18.094609248576,2026-07-19 08:00:00,0xb90a19ff0af67f7779aff50a882a9cff42446400
1,0.004246372017215152,5.803289373873,6,0.07153686948432399,102.063444882472,1,0.001848040239769624,2.5159472439629997,1,0.000157995573583935,0.221449136832,2026-07-19 09:00:00,0xb90a19ff0af67f7779aff50a882a9cff42446400
2,0.003469063557494351,4.702374406635,6,0.05187250022531182,256.68543577258214,2,0.00029870143286595197,0.4056796950220001,0,,,2026-07-19 10:00:00,0xb90a19ff0af67f7779aff50a882a9cff42446400
6,0.15602544681960548,241.0450935570193,4,1.5202787774731872,2044.396249659028,0,,,4,0.12490612895878046,177.97560551930403,2026-07-19 11:00:00,0xb90a19ff0af67f7779aff50a882a9cff42446400
3,0.001421913065123328,1.959868525224,1,7.14721818877e-07,0.0001689734473204348,0,,,0,,,2026-07-19 12:00:00,0xb90a19ff0af67f7779aff50a882a9cff42446400
1,0.000145056828057987,0.19704330518399998,0,,,1,0.002191898463128033,2.9618539907440002,1,0.001848040239769624,2.5159472439629997,2026-07-19 13:00:00,0xb90a19ff0af67f7779aff50a882a9cff42446400
0,,,22,0.6236270831657661,860.943696765708,2,0.21280403840948958,368.80305117417004,2,0.00029870143286595197,0.4056796950220001,2026-07-19 14:00:00,0xb90a19ff0af67f7779aff50a882a9cff42446400
0,,,7,0.03780335078665163,50.627806708691004,1,1.6592256502216e-05,0.022178682008999997,0,,,2026-07-19 15:00:00,0xb90a19ff0af67f7779aff50a882a9cff42446400
2,0.001003436265931231,1.360820243313,2,0.0012526062791363291,1.714667131086,6,0.25865750656219044,221.7428897830847,0,,,2026-07-19 16:00:00,0xb90a19ff0af67f7779aff50a882a9cff42446400
0,,,5,0.09929126951554007,136.030378576767,6,0.07153686948432399,102.063444882472,1,0.002191898463128033,2.9618539907440002,2026-07-19 17:00:00,0xb90a19ff0af67f7779aff50a882a9cff42446400
1,0.10161340297174232,136.052053380523,1,2.43015216807e-07,0.000327033354,6,0.05187250022531182,256.68543577258214,2,0.21280403840948958,368.80305117417004,2026-07-19 18:00:00,0xb90a19ff0af67f7779aff50a882a9cff42446400
394,10.313443440650687,15801.19985499909,73,1.890475888799229,2602.8244570870543,4,1.5202787774731872,2044.396249659028,1,1.6592256502216e-05,0.022178682008999997,2026-07-19 19:00:00,0xb90a19ff0af67f7779aff50a882a9cff42446400
0,,,11,0.709671420335602,982.9226744537,1,7.14721818877e-07,0.0001689734473204348,6,0.25865750656219044,221.7428897830847,2026-07-19 20:00:00,0xb90a19ff0af67f7779aff50a882a9cff42446400
1,0.003997514169497142,5.47252058772,3,0.045688399745630395,62.02449128062499,0,,,6,0.07153686948432399,102.063444882472,2026-07-19 21:00:00,0xb90a19ff0af67f7779aff50a882a9cff42446400
4,0.011617300651165594,15.817057727723999,9,0.31798055907956846,441.595427872416,22,0.6236270831657661,860.943696765708,6,0.05187250022531182,256.68543577258214,2026-07-19 22:00:00,0xb90a19ff0af67f7779aff50a882a9cff42446400
1,0.003929252044633082,5.41804832993,4,0.000159839877738111,0.22540140773,7,0.03780335078665163,50.627806708691004,4,1.5202787774731872,2044.396249659028,2026-07-19 23:00:00,0xb90a19ff0af67f7779aff50a882a9cff42446400
2,0.00501492649751887,6.928903148549001,2,0.23088713030775962,319.661337192054,2,0.0012526062791363291,1.714667131086,1,7.14721818877e-07,0.0001689734473204348,2026-07-20 00:00:00,0xb90a19ff0af67f7779aff50a882a9cff42446400
1,3.434739260468e-06,0.00467619678,3,0.010326536531216866,15.181338543436002,5,0.09929126951554007,136.030378576767,0,,,2026-07-20 01:00:00,0xb90a19ff0af67f7779aff50a882a9cff42446400
2,0.000334478503262125,0.45248939222400003,8,0.11540984134711894,164.31088809210402,1,2.43015216807e-07,0.000327033354,22,0.6236270831657661,860.943696765708,2026-07-20 02:00:00,0xb90a19ff0af67f7779aff50a882a9cff42446400
3,0.05117827835487245,69.895571751717,0,,,73,1.890475888799229,2602.8244570870543,7,0.03780335078665163,50.627806708691004,2026-07-20 03:00:00,0xb90a19ff0af67f7779aff50a882a9cff42446400
15,0.5955121947780377,814.9377554621881,5,0.11332400157002641,160.031423600773,11,0.709671420335602,982.9226744537,2,0.0012526062791363291,1.714667131086,2026-07-20 04:00:00,0xb90a19ff0af67f7779aff50a882a9cff42446400
1,1.306958536e-09,1.00053e-06,10,0.27656293216509364,400.759898285129,3,0.045688399745630395,62.02449128062499,5,0.09929126951554007,136.030378576767,2026-07-20 05:00:00,0xb90a19ff0af67f7779aff50a882a9cff42446400
47,1.7466707111751147,2896.4946300492293,7,0.06578186616260176,94.52866594707001,9,0.31798055907956846,441.595427872416,1,2.43015216807e-07,0.000327033354,2026-07-20 06:00:00,0xb90a19ff0af67f7779aff50a882a9cff42446400
6,0.15202142051495776,207.59395304574696,1,0.000764407105152409,1.09405589462,4,0.000159839877738111,0.22540140773,73,1.890475888799229,2602.8244570870543,2026-07-20 07:00:00,0xb90a19ff0af67f7779aff50a882a9cff42446400
3,0.08645149298130386,119.429631263517,2,0.012672775759354733,17.828923396308,2,0.23088713030775962,319.661337192054,11,0.709671420335602,982.9226744537,2026-07-20 08:00:00,0xb90a19ff0af67f7779aff50a882a9cff42446400
3,0.10128098221567866,140.354221006416,3,0.17002177416814107,238.52728339322002,3,0.010326536531216866,15.181338543436002,3,0.045688399745630395,62.02449128062499,2026-07-20 09:00:00,0xb90a19ff0af67f7779aff50a882a9cff42446400
4,0.07500528524783683,44.994662216876264,14,0.9367285773362224,1287.6212908743453,8,0.11540984134711894,164.31088809210402,9,0.31798055907956846,441.595427872416,2026-07-20 10:00:00,0xb90a19ff0af67f7779aff50a882a9cff42446400
0,,,599,1.9530054679888251,2768.1727434386435,0,,,4,0.000159839877738111,0.22540140773,2026-07-20 11:00:00,0xb90a19ff0af67f7779aff50a882a9cff42446400
0,,,5,0.0009586103815927729,1.391246569044,5,0.11332400157002641,160.031423600773,2,0.23088713030775962,319.661337192054,2026-07-20 12:00:00,0xb90a19ff0af67f7779aff50a882a9cff42446400
0,,,0,,,10,0.27656293216509364,400.759898285129,3,0.010326536531216866,15.181338543436002,2026-07-20 13:00:00,0xb90a19ff0af67f7779aff50a882a9cff42446400
6,0.07621463599697612,107.154528875772,3,0.07806320509686943,111.75218517304,7,0.06578186616260176,94.52866594707001,8,0.11540984134711894,164.31088809210402,2026-07-20 14:00:00,0xb90a19ff0af67f7779aff50a882a9cff42446400
0,,,2,0.06212195207798526,89.014476400537,1,0.000764407105152409,1.09405589462,0,,,2026-07-20 15:00:00,0xb90a19ff0af67f7779aff50a882a9cff42446400
8,0.17191975682101904,248.66251769122601,13,0.128213680004651,187.402250468085,2,0.012672775759354733,17.828923396308,5,0.11332400157002641,160.031423600773,2026-07-20 16:00:00,0xb90a19ff0af67f7779aff50a882a9cff42446400
5,0.06354305685723384,90.54827971920301,8,0.3411918944537397,497.06020919385406,3,0.17002177416814107,238.52728339322002,10,0.27656293216509364,400.759898285129,2026-07-20 17:00:00,0xb90a19ff0af67f7779aff50a882a9cff42446400
55,3.2243619720314265,4785.964071383294,4,0.47406343378696336,688.963257647124,14,0.9367285773362224,1287.6212908743453,7,0.06578186616260176,94.52866594707001,2026-07-20 18:00:00,0xb90a19ff0af67f7779aff50a882a9cff42446400
11,0.4528869218556651,629.7080396047741,2,0.07268209410517616,107.539791351201,599,1.9530054679888251,2768.1727434386435,1,0.000764407105152409,1.09405589462,2026-07-20 19:00:00,0xb90a19ff0af67f7779aff50a882a9cff42446400
10,0.17298714500341203,238.041540802658,1,0.000959531525670167,1.397882036404,5,0.0009586103815927729,1.391246569044,2,0.012672775759354733,17.828923396308,2026-07-20 20:00:00,0xb90a19ff0af67f7779aff50a882a9cff42446400
4,0.06242474088556798,86.039326894826,2,0.08071283309548796,122.04425061077501,0,,,3,0.17002177416814107,238.52728339322002,2026-07-20 21:00:00,0xb90a19ff0af67f7779aff50a882a9cff42446400
11,0.03536479085646654,48.673343710762,1,0.012435008456345467,18.848415993352,3,0.07806320509686943,111.75218517304,14,0.9367285773362224,1287.6212908743453,2026-07-20 22:00:00,0xb90a19ff0af67f7779aff50a882a9cff42446400
69,0.03722220565459856,53.31731026607301,1,0.001539001397803322,2.3243698212,2,0.06212195207798526,89.014476400537,599,1.9530054679888251,2768.1727434386435,2026-07-20 23:00:00,0xb90a19ff0af67f7779aff50a882a9cff42446400
3,0.1945484143815365,271.645124082919,1,0.000213536947544874,0.32354870352,13,0.128213680004651,187.402250468085,5,0.0009586103815927729,1.391246569044,2026-07-21 00:00:00,0xb90a19ff0af67f7779aff50a882a9cff42446400
5,0.18671468449394657,266.037153432063,13,0.7603209522401726,1132.2362554834672,8,0.3411918944537397,497.06020919385406,0,,,2026-07-21 01:00:00,0xb90a19ff0af67f7779aff50a882a9cff42446400
3,0.000483152871773847,0.6810085610309999,8,0.12407497003840043,190.074238305609,4,0.47406343378696336,688.963257647124,3,0.07806320509686943,111.75218517304,2026-07-21 02:00:00,0xb90a19ff0af67f7779aff50a882a9cff42446400
14,0.3136696986679114,453.27586144007995,3,0.021788069305702158,33.31664342253801,2,0.07268209410517616,107.539791351201,2,0.06212195207798526,89.014476400537,2026-07-21 03:00:00,0xb90a19ff0af67f7779aff50a882a9cff42446400
5,0.013618549778218567,20.230284119361002,3,0.00974049295351262,15.162923939652,1,0.000959531525670167,1.397882036404,13,0.128213680004651,187.402250468085,2026-07-21 04:00:00,0xb90a19ff0af67f7779aff50a882a9cff42446400
0,,,52,1.8123831154647152,3846.522425526558,2,0.08071283309548796,122.04425061077501,8,0.3411918944537397,497.06020919385406,2026-07-21 05:00:00,0xb90a19ff0af67f7779aff50a882a9cff42446400
2,0.1402041694934297,206.968943163956,6,0.030359964799384943,47.637961519187,1,0.012435008456345467,18.848415993352,4,0.47406343378696336,688.963257647124,2026-07-21 06:00:00,0xb90a19ff0af67f7779aff50a882a9cff42446400
2,0.1346276927331085,199.773139622278,11,0.25259952527729906,399.707816410983,1,0.001539001397803322,2.3243698212,2,0.07268209410517616,107.539791351201,2026-07-21 07:00:00,0xb90a19ff0af67f7779aff50a882a9cff42446400
12,0.579832079809995,868.783629469825,17,1.3433721351599528,2091.139783305237,1,0.000213536947544874,0.32354870352,1,0.000959531525670167,1.397882036404,2026-07-21 08:00:00,0xb90a19ff0af67f7779aff50a882a9cff42446400
3,0.01790888626557495,26.555600922006,28,0.544394992710114,873.186438649781,13,0.7603209522401726,1132.2362554834672,2,0.08071283309548796,122.04425061077501,2026-07-21 09:00:00,0xb90a19ff0af67f7779aff50a882a9cff42446400
3,0.006756442476210541,10.043732816733,29,3.8198437988381926,6200.00434686287,8,0.12407497003840043,190.074238305609,1,0.012435008456345467,18.848415993352,2026-07-21 10:00:00,0xb90a19ff0af67f7779aff50a882a9cff42446400
1,0.000631165568274619,0.955171025676,0,,,3,0.021788069305702158,33.31664342253801,1,0.001539001397803322,2.3243698212,2026-07-21 11:00:00,0xb90a19ff0af67f7779aff50a882a9cff42446400
151,11.399776754613482,18393.695839258966,6,0.005477531151943383,8.835235591602,3,0.00974049295351262,15.162923939652,1,0.000213536947544874,0.32354870352,2026-07-21 12:00:00,0xb90a19ff0af67f7779aff50a882a9cff42446400
4,0.21447343884473763,322.751644513732,11,1.5483245892673678,2526.508741595311,52,1.8123831154647152,3846.522425526558,13,0.7603209522401726,1132.2362554834672,2026-07-21 13:00:00,0xb90a19ff0af67f7779aff50a882a9cff42446400
2,0.032229500598219205,47.9969163949,3,0.098441006030351,161.538522226172,6,0.030359964799384943,47.637961519187,8,0.12407497003840043,190.074238305609,2026-07-21 14:00:00,0xb90a19ff0af67f7779aff50a882a9cff42446400
9,0.16440170650790634,254.368556185287,13,0.7696583555794028,1231.599008657139,11,0.25259952527729906,399.707816410983,3,0.021788069305702158,33.31664342253801,2026-07-21 15:00:00,0xb90a19ff0af67f7779aff50a882a9cff42446400
5,0.11482846993655052,179.82484485799097,1,0.001304327832320358,2.06953003764,17,1.3433721351599528,2091.139783305237,3,0.00974049295351262,15.162923939652,2026-07-21 16:00:00,0xb90a19ff0af67f7779aff50a882a9cff42446400
4,0.022108896003980093,34.965214469394006,2,0.03895207476602312,61.686689432143005,28,0.544394992710114,873.186438649781,52,1.8123831154647152,3846.522425526558,2026-07-21 17:00:00,0xb90a19ff0af67f7779aff50a882a9cff42446400
3,0.08677524313522916,135.433035206309,14,0.6716518673840872,1053.905991997512,29,3.8198437988381926,6200.00434686287,6,0.030359964799384943,47.637961519187,2026-07-21 18:00:00,0xb90a19ff0af67f7779aff50a882a9cff42446400
6,0.5306242477682859,837.3753367415329,2,0.003046962072591199,4.714390255275,0,,,11,0.25259952527729906,399.707816410983,2026-07-21 19:00:00,0xb90a19ff0af67f7779aff50a882a9cff42446400
7,0.2390800243059069,377.67146635794603,4,0.000641016657183626,0.9926362771509999,6,0.005477531151943383,8.835235591602,17,1.3433721351599528,2091.139783305237,2026-07-21 20:00:00,0xb90a19ff0af67f7779aff50a882a9cff42446400
13,0.39567050496799305,646.361564030847,9,0.13616551194009424,209.312258356245,11,1.5483245892673678,2526.508741595311,28,0.544394992710114,873.186438649781,2026-07-21 21:00:00,0xb90a19ff0af67f7779aff50a882a9cff42446400
2,0.002819565950524917,4.65409579175,4,0.12756163445129398,198.77404882969898,3,0.098441006030351,161.538522226172,29,3.8198437988381926,6200.00434686287,2026-07-21 22:00:00,0xb90a19ff0af67f7779aff50a882a9cff42446400
10,0.035626229599009296,57.644138250946,13,0.3298691180979568,519.390540246053,13,0.7696583555794028,1231.599008657139,0,,,2026-07-21 23:00:00,0xb90a19ff0af67f7779aff50a882a9cff42446400
3,0.39062994514689997,258.89944783854287,4,0.024933020241563218,16.422025981378567,2,0.001896314465577013,1.246079662049,0,,,2026-07-15 00:00:00,0xc0d6457c16cc70d6790dd43521c899c87ce02f35
3,0.10390414568688582,68.47466232326146,13,0.7019166003571796,466.0431988082081,2,0.20444688384380436,134.58963583973997,1,0.006029297746850405,3.9835561359970004,2026-07-15 01:00:00,0xc0d6457c16cc70d6790dd43521c899c87ce02f35
5,0.17271506163911213,114.13413364863223,9,0.9869910336360801,652.5316825724412,7,0.7625029711620581,503.6576306465802,3,0.777269579179612,511.29356139939995,2026-07-15 02:00:00,0xc0d6457c16cc70d6790dd43521c899c87ce02f35
4,0.19182264056961923,126.196041867968,9,0.7046642546588163,474.16381208447183,7,2.581740623079272,1717.7777028122189,3,0.012144498667791348,7.9792977483989995,2026-07-15 03:00:00,0xc0d6457c16cc70d6790dd43521c899c87ce02f35
1,0.02265443090951622,14.964624675000001,21,0.48263800568942206,328.5038934098373,4,0.15939755469339265,105.53855055965178,2,0.001896314465577013,1.246079662049,2026-07-15 04:00:00,0xc0d6457c16cc70d6790dd43521c899c87ce02f35
4,0.05575581309232988,36.78646960801647,13,0.7130594998356922,483.93102724529933,5,0.030410140073772574,20.048061167402672,2,0.20444688384380436,134.58963583973997,2026-07-15 05:00:00,0xc0d6457c16cc70d6790dd43521c899c87ce02f35
5,0.04931113577840943,32.551223441370595,2,0.15302884860830185,103.24745552482743,3,0.022430834733579777,14.762393096148292,7,0.7625029711620581,503.6576306465802,2026-07-15 06:00:00,0xc0d6457c16cc70d6790dd43521c899c87ce02f35
5,0.17870588466384446,118.03437850865699,4,0.052420765820386725,35.3362546320259,4,0.004957956065946881,3.2827265486729997,7,2.581740623079272,1717.7777028122189,2026-07-15 07:00:00,0xc0d6457c16cc70d6790dd43521c899c87ce02f35
3,0.006361008306704439,4.19772530134,26,0.7276745617598853,514.0062710165635,4,0.024933020241563218,16.422025981378567,4,0.15939755469339265,105.53855055965178,2026-07-15 08:00:00,0xc0d6457c16cc70d6790dd43521c899c87ce02f35
4,0.011914579492764216,7.861365015191001,9,0.06407164753745218,47.58757558910843,13,0.7019166003571796,466.0431988082081,5,0.030410140073772574,20.048061167402672,2026-07-15 09:00:00,0xc0d6457c16cc70d6790dd43521c899c87ce02f35
5,0.030146522041156944,19.872349134896,5,0.02597484785640895,18.530847265479927,9,0.9869910336360801,652.5316825724412,3,0.022430834733579777,14.762393096148292,2026-07-15 10:00:00,0xc0d6457c16cc70d6790dd43521c899c87ce02f35
3,0.0434757429540656,28.639645307676,8,0.3484035227207043,237.01517217659008,9,0.7046642546588163,474.16381208447183,4,0.004957956065946881,3.2827265486729997,2026-07-15 11:00:00,0xc0d6457c16cc70d6790dd43521c899c87ce02f35
0,,,13,0.08631955040882644,63.313074871957234,21,0.48263800568942206,328.5038934098373,4,0.024933020241563218,16.422025981378567,2026-07-15 12:00:00,0xc0d6457c16cc70d6790dd43521c899c87ce02f35
6,0.1973543497910189,131.360292492462,5,0.07117691882765086,50.15509509186167,13,0.7130594998356922,483.93102724529933,13,0.7019166003571796,466.0431988082081,2026-07-15 13:00:00,0xc0d6457c16cc70d6790dd43521c899c87ce02f35
17,1.3755513107216453,916.4211147617284,2,0.006065393279079933,4.122199934577179,2,0.15302884860830185,103.24745552482743,9,0.9869910336360801,652.5316825724412,2026-07-15 14:00:00,0xc0d6457c16cc70d6790dd43521c899c87ce02f35
15,1.4233967977605086,967.6027801991373,9,0.26542591676432126,180.71913268927375,4,0.052420765820386725,35.3362546320259,9,0.7046642546588163,474.16381208447183,2026-07-15 15:00:00,0xc0d6457c16cc70d6790dd43521c899c87ce02f35
14,0.4544427250920847,311.20379143938055,8,0.07243178082052555,49.1321997007151,26,0.7276745617598853,514.0062710165635,21,0.48263800568942206,328.5038934098373,2026-07-15 16:00:00,0xc0d6457c16cc70d6790dd43521c899c87ce02f35
5,0.20272675106063417,137.1268385262167,1,0.002943215336389792,1.983451722121148,9,0.06407164753745218,47.58757558910843,13,0.7130594998356922,483.93102724529933,2026-07-15 17:00:00,0xc0d6457c16cc70d6790dd43521c899c87ce02f35
6,0.030257604471256257,20.423860719009312,1,0.000119909336924719,0.08109676285799998,5,0.02597484785640895,18.530847265479927,2,0.15302884860830185,103.24745552482743,2026-07-15 18:00:00,0xc0d6457c16cc70d6790dd43521c899c87ce02f35
2,0.01713913814340686,13.592601269130238,1,0.002443867774892344,1.650790728678,8,0.3484035227207043,237.01517217659008,4,0.052420765820386725,35.3362546320259,2026-07-15 19:00:00,0xc0d6457c16cc70d6790dd43521c899c87ce02f35
11,0.19040657912222025,137.3685108044217,5,0.0780884305615605,53.086869543308744,13,0.08631955040882644,63.313074871957234,26,0.7276745617598853,514.0062710165635,2026-07-15 20:00:00,0xc0d6457c16cc70d6790dd43521c899c87ce02f35
4,0.02230788998647691,17.00754745383351,5,0.3479000510856235,238.6362868529658,5,0.07117691882765086,50.15509509186167,9,0.06407164753745218,47.58757558910843,2026-07-15 21:00:00,0xc0d6457c16cc70d6790dd43521c899c87ce02f35
7,0.07867476185672323,55.649128688188,3,0.2989017231084292,205.43991577931598,2,0.006065393279079933,4.122199934577179,5,0.02597484785640895,18.530847265479927,2026-07-15 22:00:00,0xc0d6457c16cc70d6790dd43521c899c87ce02f35
10,0.13838716077998403,96.20911220220061,1,0.03355546918773186,22.996969986497355,9,0.26542591676432126,180.71913268927375,8,0.3484035227207043,237.01517217659008,2026-07-15 23:00:00,0xc0d6457c16cc70d6790dd43521c899c87ce02f35
9,0.10580239947133993,77.76963161586595,3,0.12303448259256292,83.94145394545801,8,0.07243178082052555,49.1321997007151,13,0.08631955040882644,63.313074871957234,2026-07-16 00:00:00,0xc0d6457c16cc70d6790dd43521c899c87ce02f35
1,0.001913282242411182,1.29461793214,3,0.011417379714161935,7.7562364369691945,1,0.002943215336389792,1.983451722121148,5,0.07117691882765086,50.15509509186167,2026-07-16 01:00:00,0xc0d6457c16cc70d6790dd43521c899c87ce02f35
3,0.001974278058436976,1.344120547755748,14,1.6139328592483704,1087.2146588070375,1,0.000119909336924719,0.08109676285799998,2,0.006065393279079933,4.122199934577179,2026-07-16 02:00:00,0xc0d6457c16cc70d6790dd43521c899c87ce02f35
3,0.00317191486243834,2.1513503437711243,10,0.980890446744977,665.5397621302894,1,0.002443867774892344,1.650790728678,9,0.26542591676432126,180.71913268927375,2026-07-16 03:00:00,0xc0d6457c16cc70d6790dd43521c899c87ce02f35
2,0.04945021100790642,33.66229616204407,3,0.09863857281206183,66.60887115191835,5,0.0780884305615605,53.086869543308744,8,0.07243178082052555,49.1321997007151,2026-07-16 04:00:00,0xc0d6457c16cc70d6790dd43521c899c87ce02f35
5,0.08747299480581654,59.15685915608611,3,0.11814514349167773,79.038032498851,5,0.3479000510856235,238.6362868529658,1,0.002943215336389792,1.983451722121148,2026-07-16 05:00:00,0xc0d6457c16cc70d6790dd43521c899c87ce02f35
6,0.13832987222180693,93.62229836577825,2,0.002072245116750758,1.3684546901756767,3,0.2989017231084292,205.43991577931598,1,0.000119909336924719,0.08109676285799998,2026-07-16 06:00:00,0xc0d6457c16cc70d6790dd43521c899c87ce02f35
2,0.000150269968715495,0.10192924615499999,5,0.1884376192720729,126.01523199970201,1,0.03355546918773186,22.996969986497355,1,0.002443867774892344,1.650790728678,2026-07-16 07:00:00,0xc0d6457c16cc70d6790dd43521c899c87ce02f35
3,0.6548831627285512,447.61916143581607,5,0.375587720705101,248.590739723431,3,0.12303448259256292,83.94145394545801,5,0.0780884305615605,53.086869543308744,2026-07-16 08:00:00,0xc0d6457c16cc70d6790dd43521c899c87ce02f35
7,0.2893012250824175,198.97370899726647,2,0.0039120314511773,2.586304230795,3,0.011417379714161935,7.7562364369691945,5,0.3479000510856235,238.6362868529658,2026-07-16 09:00:00,0xc0d6457c16cc70d6790dd43521c899c87ce02f35
5,0.24195558431513234,165.5703992055544,1,0.000479701768234481,0.3199745210693716,14,1.6139328592483704,1087.2146588070375,3,0.2989017231084292,205.43991577931598,2026-07-16 10:00:00,0xc0d6457c16cc70d6790dd43521c899c87ce02f35
1,1.0760859962557e-05,0.0073455417,5,0.054134114593222454,36.009722058243625,10,0.980890446744977,665.5397621302894,1,0.03355546918773186,22.996969986497355,2026-07-16 11:00:00,0xc0d6457c16cc70d6790dd43521c899c87ce02f35
3,0.18448646034850363,125.532205775133,7,1.4607899559239834,963.8951634633396,3,0.09863857281206183,66.60887115191835,3,0.12303448259256292,83.94145394545801,2026-07-16 12:00:00,0xc0d6457c16cc70d6790dd43521c899c87ce02f35
3,0.22973343096834817,155.90917263338298,3,0.14575537744291067,97.44389698772149,3,0.11814514349167773,79.038032498851,3,0.011417379714161935,7.7562364369691945,2026-07-16 13:00:00,0xc0d6457c16cc70d6790dd43521c899c87ce02f35
4,0.3255578979930299,219.85194594554002,27,0.2479988791496788,163.95724443599846,2,0.002072245116750758,1.3684546901756767,14,1.6139328592483704,1087.2146588070375,2026-07-16 14:00:00,0xc0d6457c16cc70d6790dd43521c899c87ce02f35
2,0.000298609046300313,0.2026965890907258,15,1.1126120048475676,729.414966988675,5,0.1884376192720729,126.01523199970201,10,0.980890446744977,665.5397621302894,2026-07-16 15:00:00,0xc0d6457c16cc70d6790dd43521c899c87ce02f35
8,0.70858568174825,477.03980332738473,4,0.19489615739550037,128.7687269372765,5,0.375587720705101,248.590739723431,3,0.09863857281206183,66.60887115191835,2026-07-16 16:00:00,0xc0d6457c16cc70d6790dd43521c899c87ce02f35
1,0.000139347724192561,0.0921074602509918,3,0.34244287386153566,224.51507218322328,2,0.0039120314511773,2.586304230795,3,0.11814514349167773,79.038032498851,2026-07-16 17:00:00,0xc0d6457c16cc70d6790dd43521c899c87ce02f35
10,0.2957468885022476,198.34505764712466,10,0.3283432419347475,215.66436636231535,1,0.000479701768234481,0.3199745210693716,2,0.002072245116750758,1.3684546901756767,2026-07-16 18:00:00,0xc0d6457c16cc70d6790dd43521c899c87ce02f35
5,0.5339662450037418,355.5788998319473,2,0.008242270184313193,5.381336511475001,5,0.054134114593222454,36.009722058243625,5,0.1884376192720729,126.01523199970201,2026-07-16 19:00:00,0xc0d6457c16cc70d6790dd43521c899c87ce02f35
2,0.08611558556006621,57.27545572631428,1,0.02087926869876103,13.638635962623999,7,1.4607899559239834,963.8951634633396,5,0.375587720705101,248.590739723431,2026-07-16 20:00:00,0xc0d6457c16cc70d6790dd43521c899c87ce02f35
2,0.000907840912090789,0.600071410002,3,0.002453551512891484,1.6014344320251501,3,0.14575537744291067,97.44389698772149,2,0.0039120314511773,2.586304230795,2026-07-16 21:00:00,0xc0d6457c16cc70d6790dd43521c899c87ce02f35
3,0.1205846215646702,80.1445212351,5,0.0715055298650594,46.94138651595664,27,0.2479988791496788,163.95724443599846,1,0.000479701768234481,0.3199745210693716,2026-07-16 22:00:00,0xc0d6457c16cc70d6790dd43521c899c87ce02f35
3,0.08082295545943263,53.493086845449,5,0.008138717073907792,5.313799162252313,15,1.1126120048475676,729.414966988675,5,0.054134114593222454,36.009722058243625,2026-07-16 23:00:00,0xc0d6457c16cc70d6790dd43521c899c87ce02f35
3,0.057067315276044604,37.956284398962424,2,0.07064388666279801,46.089248166432,4,0.19489615739550037,128.7687269372765,7,1.4607899559239834,963.8951634633396,2026-07-17 00:00:00,0xc0d6457c16cc70d6790dd43521c899c87ce02f35
24,0.09340315703904467,62.06777288900476,3,0.16541263547396762,107.84761117705898,3,0.34244287386153566,224.51507218322328,3,0.14575537744291067,97.44389698772149,2026-07-17 01:00:00,0xc0d6457c16cc70d6790dd43521c899c87ce02f35
5,0.47601099924204926,313.463363597172,13,1.305447240692051,840.1182366779394,10,0.3283432419347475,215.66436636231535,27,0.2479988791496788,163.95724443599846,2026-07-17 02:00:00,0xc0d6457c16cc70d6790dd43521c899c87ce02f35
6,0.2662588612839169,175.652356972679,10,0.8628647177469988,545.10809722847,2,0.008242270184313193,5.381336511475001,15,1.1126120048475676,729.414966988675,2026-07-17 03:00:00,0xc0d6457c16cc70d6790dd43521c899c87ce02f35
4,0.14323797827975127,93.79013247803718,6,0.20697372664269156,130.9778948027924,1,0.02087926869876103,13.638635962623999,4,0.19489615739550037,128.7687269372765,2026-07-17 04:00:00,0xc0d6457c16cc70d6790dd43521c899c87ce02f35
7,1.451039736733582,945.095677734681,11,1.3545129547947814,876.4800789150153,3,0.002453551512891484,1.6014344320251501,3,0.34244287386153566,224.51507218322328,2026-07-17 05:00:00,0xc0d6457c16cc70d6790dd43521c899c87ce02f35
4,0.1951735399647087,127.97278415046301,6,0.02070256947839341,14.34413614834337,5,0.0715055298650594,46.94138651595664,10,0.3283432419347475,215.66436636231535,2026-07-17 06:00:00,0xc0d6457c16cc70d6790dd43521c899c87ce02f35
2,0.002695641094034518,1.7623051054642498,32,0.28040709811912684,183.64158203479235,5,0.008138717073907792,5.313799162252313,2,0.008242270184313193,5.381336511475001,2026-07-17 07:00:00,0xc0d6457c16cc70d6790dd43521c899c87ce02f35
5,0.007986796356129531,5.215809796826001,16,0.29284986838430516,189.6668790151207,2,0.07064388666279801,46.089248166432,1,0.02087926869876103,13.638635962623999,2026-07-17 08:00:00,0xc0d6457c16cc70d6790dd43521c899c87ce02f35
3,0.0027298055168695117,1.8473251584,16,0.15744725211099464,102.66228431816586,3,0.16541263547396762,107.84761117705898,3,0.002453551512891484,1.6014344320251501,2026-07-17 09:00:00,0xc0d6457c16cc70d6790dd43521c899c87ce02f35
3,0.01998338327622585,13.11813160417023,7,0.047600512454469696,31.375974989799687,13,1.305447240692051,840.1182366779394,5,0.0715055298650594,46.94138651595664,2026-07-17 10:00:00,0xc0d6457c16cc70d6790dd43521c899c87ce02f35
1,0.008944419574810314,5.842237663704,16,0.2369455618766908,160.30511330024302,10,0.8628647177469988,545.10809722847,5,0.008138717073907792,5.313799162252313,2026-07-17 11:00:00,0xc0d6457c16cc70d6790dd43521c899c87ce02f35
2,0.002506264104518104,1.6360228514419999,22,0.3820638002639671,245.55578952479874,6,0.20697372664269156,130.9778948027924,2,0.07064388666279801,46.089248166432,2026-07-17 12:00:00,0xc0d6457c16cc70d6790dd43521c899c87ce02f35
6,0.5745183737657464,373.1582854545241,13,0.047604937445698985,31.703688182880768,11,1.3545129547947814,876.4800789150153,3,0.16541263547396762,107.84761117705898,2026-07-17 13:00:00,0xc0d6457c16cc70d6790dd43521c899c87ce02f35
16,1.0758948359052147,686.9975568076567,30,1.1474900695727623,729.9273181119576,6,0.02070256947839341,14.34413614834337,13,1.305447240692051,840.1182366779394,2026-07-17 14:00:00,0xc0d6457c16cc70d6790dd43521c899c87ce02f35
7,0.01602709575133256,10.082939383397935,9,0.060028443645552536,38.622777457193564,32,0.28040709811912684,183.64158203479235,10,0.8628647177469988,545.10809722847,2026-07-17 15:00:00,0xc0d6457c16cc70d6790dd43521c899c87ce02f35
18,2.5225041209208845,1616.1665082079946,7,0.05770562232982564,37.30601295359289,16,0.29284986838430516,189.6668790151207,6,0.20697372664269156,130.9778948027924,2026-07-17 16:00:00,0xc0d6457c16cc70d6790dd43521c899c87ce02f35
8,0.4914395504468312,319.71618851019537,11,0.13413829703100721,86.30585002848849,16,0.15744725211099464,102.66228431816586,11,1.3545129547947814,876.4800789150153,2026-07-17 17:00:00,0xc0d6457c16cc70d6790dd43521c899c87ce02f35
22,0.13468092601276227,88.48966435052989,7,0.06611737814179836,42.383507054435604,7,0.047600512454469696,31.375974989799687,6,0.02070256947839341,14.34413614834337,2026-07-17 18:00:00,0xc0d6457c16cc70d6790dd43521c899c87ce02f35
22,0.786288552809463,507.7218425043852,18,1.4881340391058895,945.6155098750482,16,0.2369455618766908,160.30511330024302,32,0.28040709811912684,183.64158203479235,2026-07-17 19:00:00,0xc0d6457c16cc70d6790dd43521c899c87ce02f35
11,0.0951844013849964,62.8896672881173,5,0.3756039302586521,241.09555496876555,22,0.3820638002639671,245.55578952479874,16,0.29284986838430516,189.6668790151207,2026-07-17 20:00:00,0xc0d6457c16cc70d6790dd43521c899c87ce02f35
12,0.20991279351439845,136.39731756004292,6,0.05274181154345901,33.70201936526263,13,0.047604937445698985,31.703688182880768,16,0.15744725211099464,102.66228431816586,2026-07-17 21:00:00,0xc0d6457c16cc70d6790dd43521c899c87ce02f35
19,0.2600925810238142,169.28971544069637,3,0.06532399005088699,41.6693679708,30,1.1474900695727623,729.9273181119576,7,0.047600512454469696,31.375974989799687,2026-07-17 22:00:00,0xc0d6457c16cc70d6790dd43521c899c87ce02f35
17,0.41358886038701076,266.64498634620486,10,0.053940747199397496,35.82115153928682,9,0.060028443645552536,38.622777457193564,16,0.2369455618766908,160.30511330024302,2026-07-17 23:00:00,0xc0d6457c16cc70d6790dd43521c899c87ce02f35
9,0.06477039717621708,41.838033186835546,7,0.018530610076362943,12.048908061388085,7,0.05770562232982564,37.30601295359289,22,0.3820638002639671,245.55578952479874,2026-07-18 00:00:00,0xc0d6457c16cc70d6790dd43521c899c87ce02f35
10,0.1840675493125118,118.13761414564938,6,0.05677493011881611,36.45416664886788,11,0.13413829703100721,86.30585002848849,13,0.047604937445698985,31.703688182880768,2026-07-18 01:00:00,0xc0d6457c16cc70d6790dd43521c899c87ce02f35
16,0.3931138435017553,251.27660644157055,8,0.009650684651372948,6.553684829765723,7,0.06611737814179836,42.383507054435604,30,1.1474900695727623,729.9273181119576,2026-07-18 02:00:00,0xc0d6457c16cc70d6790dd43521c899c87ce02f35
8,0.07054001365829074,45.33269410835808,8,0.06361919267016336,40.46431406384379,18,1.4881340391058895,945.6155098750482,9,0.060028443645552536,38.622777457193564,2026-07-18 03:00:00,0xc0d6457c16cc70d6790dd43521c899c87ce02f35
10,0.14610862171776084,93.61190608693597,6,0.06899295651105677,44.906545113217064,5,0.3756039302586521,241.09555496876555,7,0.05770562232982564,37.30601295359289,2026-07-18 04:00:00,0xc0d6457c16cc70d6790dd43521c899c87ce02f35
7,0.020484024023539524,13.541041037738934,14,0.22095093021917314,145.91999186441782,6,0.05274181154345901,33.70201936526263,11,0.13413829703100721,86.30585002848849,2026-07-18 05:00:00,0xc0d6457c16cc70d6790dd43521c899c87ce02f35
9,0.03630123658845966,23.50613424975546,35,0.5296941919608694,344.8295273496308,3,0.06532399005088699,41.6693679708,7,0.06611737814179836,42.383507054435604,2026-07-18 06:00:00,0xc0d6457c16cc70d6790dd43521c899c87ce02f35
15,0.35665006110785463,227.48548991019837,23,0.25455059001402414,166.3722302213891,10,0.053940747199397496,35.82115153928682,18,1.4881340391058895,945.6155098750482,2026-07-18 07:00:00,0xc0d6457c16cc70d6790dd43521c899c87ce02f35
4,0.01232787889786606,7.876034708071714,10,0.0151682314166294,10.035296337685486,7,0.018530610076362943,12.048908061388085,5,0.3756039302586521,241.09555496876555,2026-07-18 08:00:00,0xc0d6457c16cc70d6790dd43521c899c87ce02f35
4,0.011306784393256329,7.280801518183258,17,0.1799735412663153,117.79597329021699,6,0.05677493011881611,36.45416664886788,6,0.05274181154345901,33.70201936526263,2026-07-18 09:00:00,0xc0d6457c16cc70d6790dd43521c899c87ce02f35
2,0.04743955987954538,30.247650560964438,18,0.24941861687637037,162.6302191154298,8,0.009650684651372948,6.553684829765723,3,0.06532399005088699,41.6693679708,2026-07-18 10:00:00,0xc0d6457c16cc70d6790dd43521c899c87ce02f35
5,0.10545171968311694,67.304188510022,18,0.13968948973057374,91.54975834882599,8,0.06361919267016336,40.46431406384379,10,0.053940747199397496,35.82115153928682,2026-07-18 11:00:00,0xc0d6457c16cc70d6790dd43521c899c87ce02f35
6,0.009594212611076926,6.241225885001818,11,0.05618577136019442,36.269670250427154,6,0.06899295651105677,44.906545113217064,7,0.018530610076362943,12.048908061388085,2026-07-18 12:00:00,0xc0d6457c16cc70d6790dd43521c899c87ce02f35
14,0.30096020088872893,191.84772421857073,10,0.021948047164340387,14.226271593242936,14,0.22095093021917314,145.91999186441782,6,0.05677493011881611,36.45416664886788,2026-07-18 13:00:00,0xc0d6457c16cc70d6790dd43521c899c87ce02f35
7,0.045228033291060836,29.234936331220602,7,0.14052774007086385,90.5727876146116,35,0.5296941919608694,344.8295273496308,8,0.009650684651372948,6.553684829765723,2026-07-18 14:00:00,0xc0d6457c16cc70d6790dd43521c899c87ce02f35
11,0.1306698782876101,86.57820010436302,14,0.05829107158440377,37.86708928175893,23,0.25455059001402414,166.3722302213891,8,0.06361919267016336,40.46431406384379,2026-07-18 15:00:00,0xc0d6457c16cc70d6790dd43521c899c87ce02f35
7,0.044745916525621696,28.692227409737956,6,0.062359774412030236,40.12010344600099,10,0.0151682314166294,10.035296337685486,6,0.06899295651105677,44.906545113217064,2026-07-18 16:00:00,0xc0d6457c16cc70d6790dd43521c899c87ce02f35
15,0.05780825914262726,38.59572768700292,4,0.015634151534508114,10.052464697471997,17,0.1799735412663153,117.79597329021699,14,0.22095093021917314,145.91999186441782,2026-07-18 17:00:00,0xc0d6457c16cc70d6790dd43521c899c87ce02f35
29,0.48056310271126584,315.908538321273,7,0.007518895270316933,5.352846497218318,18,0.24941861687637037,162.6302191154298,35,0.5296941919608694,344.8295273496308,2026-07-18 18:00:00,0xc0d6457c16cc70d6790dd43521c899c87ce02f35
17,0.4676833118884193,302.2732864570032,12,0.13521580164209165,86.52153460036823,18,0.13968948973057374,91.54975834882599,23,0.25455059001402414,166.3722302213891,2026-07-18 19:00:00,0xc0d6457c16cc70d6790dd43521c899c87ce02f35
11,0.04817435761732593,31.433690228523687,4,0.004606243546420211,3.068487034421662,11,0.05618577136019442,36.269670250427154,10,0.0151682314166294,10.035296337685486,2026-07-18 20:00:00,0xc0d6457c16cc70d6790dd43521c899c87ce02f35
10,0.09267088595302153,59.818962594081775,5,0.07479397641802091,48.0793482299015,10,0.021948047164340387,14.226271593242936,17,0.1799735412663153,117.79597329021699,2026-07-18 21:00:00,0xc0d6457c16cc70d6790dd43521c899c87ce02f35
5,0.08389006938851816,53.87667347419973,5,0.07043910810368526,45.47618123666741,7,0.14052774007086385,90.5727876146116,18,0.24941861687637037,162.6302191154298,2026-07-18 22:00:00,0xc0d6457c16cc70d6790dd43521c899c87ce02f35
21,1.0653960252739199,684.8641680810105,8,0.05459810839010604,35.14748167643555,14,0.05829107158440377,37.86708928175893,18,0.13968948973057374,91.54975834882599,2026-07-18 23:00:00,0xc0d6457c16cc70d6790dd43521c899c87ce02f35
7,0.01713275293595942,11.028527262233096,6,0.013632283313307488,9.106775581093494,6,0.062359774412030236,40.12010344600099,11,0.05618577136019442,36.269670250427154,2026-07-19 00:00:00,0xc0d6457c16cc70d6790dd43521c899c87ce02f35
6,0.16471967992527553,105.64625036471502,8,0.09159626366343883,58.98036466539074,4,0.015634151534508114,10.052464697471997,10,0.021948047164340387,14.226271593242936,2026-07-19 01:00:00,0xc0d6457c16cc70d6790dd43521c899c87ce02f35
16,0.37927022928125625,242.98324233837602,9,0.012516665520302072,8.066306561510096,7,0.007518895270316933,5.352846497218318,7,0.14052774007086385,90.5727876146116,2026-07-19 02:00:00,0xc0d6457c16cc70d6790dd43521c899c87ce02f35
4,0.00339623245371511,2.425901580319817,12,0.06282484096197415,40.50388968786064,12,0.13521580164209165,86.52153460036823,14,0.05829107158440377,37.86708928175893,2026-07-19 03:00:00,0xc0d6457c16cc70d6790dd43521c899c87ce02f35
9,0.12272159247145943,78.91102404459183,20,1.1491229804582954,733.5676614692823,4,0.004606243546420211,3.068487034421662,6,0.062359774412030236,40.12010344600099,2026-07-19 04:00:00,0xc0d6457c16cc70d6790dd43521c899c87ce02f35
4,0.0157915829361242,10.160000846635896,12,0.090961951342994,58.511311506641164,5,0.07479397641802091,48.0793482299015,4,0.015634151534508114,10.052464697471997,2026-07-19 05:00:00,0xc0d6457c16cc70d6790dd43521c899c87ce02f35
14,0.3786462472951496,242.01368453851407,21,1.4080907792020443,910.3654032899346,5,0.07043910810368526,45.47618123666741,7,0.007518895270316933,5.352846497218318,2026-07-19 06:00:00,0xc0d6457c16cc70d6790dd43521c899c87ce02f35
7,0.03895732632523355,25.152793582632782,41,5.505157713182349,3516.8836679011415,8,0.05459810839010604,35.14748167643555,12,0.13521580164209165,86.52153460036823,2026-07-19 07:00:00,0xc0d6457c16cc70d6790dd43521c899c87ce02f35
15,0.44049277896659106,281.8327131829897,41,9.06089219087697,5873.073333290489,6,0.013632283313307488,9.106775581093494,4,0.004606243546420211,3.068487034421662,2026-07-19 08:00:00,0xc0d6457c16cc70d6790dd43521c899c87ce02f35
10,0.4899593908846859,315.11681001867964,9,0.19809660508567317,127.28243410121266,8,0.09159626366343883,58.98036466539074,5,0.07479397641802091,48.0793482299015,2026-07-19 09:00:00,0xc0d6457c16cc70d6790dd43521c899c87ce02f35
9,0.02662464982896292,17.527550605548303,16,1.3097396669446164,849.143590481064,9,0.012516665520302072,8.066306561510096,5,0.07043910810368526,45.47618123666741,2026-07-19 10:00:00,0xc0d6457c16cc70d6790dd43521c899c87ce02f35
6,0.06960686676612761,45.55852005982403,1,0.001575174319852665,1.1242290029740338,12,0.06282484096197415,40.50388968786064,8,0.05459810839010604,35.14748167643555,2026-07-19 11:00:00,0xc0d6457c16cc70d6790dd43521c899c87ce02f35
7,0.006379868880459643,4.258609382183115,12,1.0417021574759464,672.3870995879375,20,1.1491229804582954,733.5676614692823,6,0.013632283313307488,9.106775581093494,2026-07-19 12:00:00,0xc0d6457c16cc70d6790dd43521c899c87ce02f35
9,0.04229537105428971,27.139424526355814,7,1.5999241158268724,1021.7287652225559,12,0.090961951342994,58.511311506641164,8,0.09159626366343883,58.98036466539074,2026-07-19 13:00:00,0xc0d6457c16cc70d6790dd43521c899c87ce02f35
7,0.07278203881017574,47.032000443944305,11,0.21285119486596696,136.91109618237138,21,1.4080907792020443,910.3654032899346,9,0.012516665520302072,8.066306561510096,2026-07-19 14:00:00,0xc0d6457c16cc70d6790dd43521c899c87ce02f35
8,0.018989110153940336,12.253398874155515,10,0.0445728653701608,29.600807453365135,41,5.505157713182349,3516.8836679011415,12,0.06282484096197415,40.50388968786064,2026-07-19 15:00:00,0xc0d6457c16cc70d6790dd43521c899c87ce02f35
6,0.05187772649992511,33.21752441185065,10,0.6719483235922465,431.32002682092514,41,9.06089219087697,5873.073333290489,20,1.1491229804582954,733.5676614692823,2026-07-19 16:00:00,0xc0d6457c16cc70d6790dd43521c899c87ce02f35
13,0.12316146860997297,79.01079986021585,1,0.001795690768742423,1.1507021705382985,9,0.19809660508567317,127.28243410121266,12,0.090961951342994,58.511311506641164,2026-07-19 17:00:00,0xc0d6457c16cc70d6790dd43521c899c87ce02f35
48,7.112736507128189,4598.418071835486,13,1.8135198466212625,1160.3033211841248,16,1.3097396669446164,849.143590481064,21,1.4080907792020443,910.3654032899346,2026-07-19 18:00:00,0xc0d6457c16cc70d6790dd43521c899c87ce02f35
23,2.9925295096609523,1901.8254213115206,68,5.9558475688799035,3839.121180697276,1,0.001575174319852665,1.1242290029740338,41,5.505157713182349,3516.8836679011415,2026-07-19 19:00:00,0xc0d6457c16cc70d6790dd43521c899c87ce02f35
18,0.93054873892643,597.410085444333,12,0.6703388719154445,431.0436573387269,12,1.0417021574759464,672.3870995879375,41,9.06089219087697,5873.073333290489,2026-07-19 20:00:00,0xc0d6457c16cc70d6790dd43521c899c87ce02f35
9,1.1052642068701437,710.6725002668835,3,0.0356164622298356,22.901844026676986,7,1.5999241158268724,1021.7287652225559,9,0.19809660508567317,127.28243410121266,2026-07-19 21:00:00,0xc0d6457c16cc70d6790dd43521c899c87ce02f35
13,0.4281345244598185,273.409606639074,9,0.08179971520675042,53.806987702148916,11,0.21285119486596696,136.91109618237138,16,1.3097396669446164,849.143590481064,2026-07-19 22:00:00,0xc0d6457c16cc70d6790dd43521c899c87ce02f35
1,0.01455733795440472,9.34464775206,6,0.07133646240892993,45.97518521346038,10,0.0445728653701608,29.600807453365135,1,0.001575174319852665,1.1242290029740338,2026-07-19 23:00:00,0xc0d6457c16cc70d6790dd43521c899c87ce02f35
9,0.662445412891144,426.6237528013794,16,2.3078800622222935,1478.7312937762465,10,0.6719483235922465,431.32002682092514,12,1.0417021574759464,672.3870995879375,2026-07-20 00:00:00,0xc0d6457c16cc70d6790dd43521c899c87ce02f35
18,0.7416421782168753,475.9071975200995,6,0.15330895616321927,99.29874094428496,1,0.001795690768742423,1.1507021705382985,7,1.5999241158268724,1021.7287652225559,2026-07-20 01:00:00,0xc0d6457c16cc70d6790dd43521c899c87ce02f35
5,0.11960185064972009,76.93514622097219,44,3.5750529022182818,2303.46152819683,13,1.8135198466212625,1160.3033211841248,11,0.21285119486596696,136.91109618237138,2026-07-20 02:00:00,0xc0d6457c16cc70d6790dd43521c899c87ce02f35
3,0.05059875023756025,32.633003646556695,7,0.21790233596666883,140.4312279539976,68,5.9558475688799035,3839.121180697276,10,0.0445728653701608,29.600807453365135,2026-07-20 03:00:00,0xc0d6457c16cc70d6790dd43521c899c87ce02f35
10,0.12199704083716738,78.50876968319528,11,0.47960664117199536,310.9222314510546,12,0.6703388719154445,431.0436573387269,10,0.6719483235922465,431.32002682092514,2026-07-20 04:00:00,0xc0d6457c16cc70d6790dd43521c899c87ce02f35
12,0.8316679862714669,534.9394565979644,12,0.3158958208785842,206.09025839818585,3,0.0356164622298356,22.901844026676986,1,0.001795690768742423,1.1507021705382985,2026-07-20 05:00:00,0xc0d6457c16cc70d6790dd43521c899c87ce02f35
10,0.11835929468609924,76.50175328987854,195,15.286117652442572,9968.947652866747,9,0.08179971520675042,53.806987702148916,13,1.8135198466212625,1160.3033211841248,2026-07-20 06:00:00,0xc0d6457c16cc70d6790dd43521c899c87ce02f35
8,0.15559821677566937,99.92022070087953,69,9.381877506755073,6105.325931759172,6,0.07133646240892993,45.97518521346038,68,5.9558475688799035,3839.121180697276,2026-07-20 07:00:00,0xc0d6457c16cc70d6790dd43521c899c87ce02f35
4,0.06824509993852106,44.035120617847284,13,0.6053622515053877,393.6235394595493,16,2.3078800622222935,1478.7312937762465,12,0.6703388719154445,431.0436573387269,2026-07-20 08:00:00,0xc0d6457c16cc70d6790dd43521c899c87ce02f35
7,0.05525751455277492,35.69450637194173,7,0.07204678984746209,46.012866821341035,6,0.15330895616321927,99.29874094428496,3,0.0356164622298356,22.901844026676986,2026-07-20 09:00:00,0xc0d6457c16cc70d6790dd43521c899c87ce02f35
7,0.06366272238789908,41.010441107721604,10,0.09478491190687166,60.97573315213551,44,3.5750529022182818,2303.46152819683,9,0.08179971520675042,53.806987702148916,2026-07-20 10:00:00,0xc0d6457c16cc70d6790dd43521c899c87ce02f35
4,0.003877855473983727,2.5013837690874525,14,3.4065686104654405,2170.864275820691,7,0.21790233596666883,140.4312279539976,6,0.07133646240892993,45.97518521346038,2026-07-20 11:00:00,0xc0d6457c16cc70d6790dd43521c899c87ce02f35
9,0.13856203334081205,90.60037166057964,13,0.3556209972776229,227.82045016069375,11,0.47960664117199536,310.9222314510546,16,2.3078800622222935,1478.7312937762465,2026-07-20 12:00:00,0xc0d6457c16cc70d6790dd43521c899c87ce02f35
4,0.032358211731522465,20.936506705732544,11,0.4546453078364484,292.5942820456564,12,0.3158958208785842,206.09025839818585,6,0.15330895616321927,99.29874094428496,2026-07-20 13:00:00,0xc0d6457c16cc70d6790dd43521c899c87ce02f35
18,0.5950701734187144,382.2675926410426,10,0.16413227682404824,106.0503599500088,195,15.286117652442572,9968.947652866747,44,3.5750529022182818,2303.46152819683,2026-07-20 14:00:00,0xc0d6457c16cc70d6790dd43521c899c87ce02f35
17,0.5801034775788942,375.11859727007135,6,0.13319261734852306,86.1443437166852,69,9.381877506755073,6105.325931759172,7,0.21790233596666883,140.4312279539976,2026-07-20 15:00:00,0xc0d6457c16cc70d6790dd43521c899c87ce02f35
15,1.332045509018459,867.3763704181749,16,1.0683415890053944,686.4844443495512,13,0.6053622515053877,393.6235394595493,11,0.47960664117199536,310.9222314510546,2026-07-20 16:00:00,0xc0d6457c16cc70d6790dd43521c899c87ce02f35
6,0.14372997715333372,93.33121998350427,4,0.029687803394385048,19.113530932004323,7,0.07204678984746209,46.012866821341035,12,0.3158958208785842,206.09025839818585,2026-07-20 17:00:00,0xc0d6457c16cc70d6790dd43521c899c87ce02f35
85,3.6840204277237687,2391.09910387406,0,,,10,0.09478491190687166,60.97573315213551,195,15.286117652442572,9968.947652866747,2026-07-20 18:00:00,0xc0d6457c16cc70d6790dd43521c899c87ce02f35
15,1.426026143917229,918.3841182709051,5,0.13565425993123692,88.03600460478397,14,3.4065686104654405,2170.864275820691,69,9.381877506755073,6105.325931759172,2026-07-20 19:00:00,0xc0d6457c16cc70d6790dd43521c899c87ce02f35
25,0.8205194232599349,529.9379726123566,3,0.01690664481527315,11.197612485123862,13,0.3556209972776229,227.82045016069375,13,0.6053622515053877,393.6235394595493,2026-07-20 20:00:00,0xc0d6457c16cc70d6790dd43521c899c87ce02f35
11,0.5758738688225751,367.8606927985425,3,0.05442345784128873,35.25853496373542,11,0.4546453078364484,292.5942820456564,7,0.07204678984746209,46.012866821341035,2026-07-20 21:00:00,0xc0d6457c16cc70d6790dd43521c899c87ce02f35
15,0.37848097153284027,242.71793929269447,0,,,10,0.16413227682404824,106.0503599500088,10,0.09478491190687166,60.97573315213551,2026-07-20 22:00:00,0xc0d6457c16cc70d6790dd43521c899c87ce02f35
15,1.8485450916402888,1180.2671153815654,5,0.08384770642354106,54.524467696249815,6,0.13319261734852306,86.1443437166852,14,3.4065686104654405,2170.864275820691,2026-07-20 23:00:00,0xc0d6457c16cc70d6790dd43521c899c87ce02f35
7,0.08294007937055793,53.65233905802182,3,0.021692711162645362,13.989139370502766,16,1.0683415890053944,686.4844443495512,13,0.3556209972776229,227.82045016069375,2026-07-21 00:00:00,0xc0d6457c16cc70d6790dd43521c899c87ce02f35
10,0.531644050789793,342.4922914518314,6,0.23293678499578785,151.40148594948,4,0.029687803394385048,19.113530932004323,11,0.4546453078364484,292.5942820456564,2026-07-21 01:00:00,0xc0d6457c16cc70d6790dd43521c899c87ce02f35
10,0.22837311291572493,146.7191081990992,34,3.147593931054811,2044.9823343064256,0,,,10,0.16413227682404824,106.0503599500088,2026-07-21 02:00:00,0xc0d6457c16cc70d6790dd43521c899c87ce02f35
3,0.031233893301329398,20.102863570546972,10,0.5112144781103314,330.66327180390135,5,0.13565425993123692,88.03600460478397,6,0.13319261734852306,86.1443437166852,2026-07-21 03:00:00,0xc0d6457c16cc70d6790dd43521c899c87ce02f35
4,0.04523304507877203,29.560950568027593,7,0.5990494774539022,388.73544007887284,3,0.01690664481527315,11.197612485123862,16,1.0683415890053944,686.4844443495512,2026-07-21 04:00:00,0xc0d6457c16cc70d6790dd43521c899c87ce02f35
2,0.24877761115907926,161.00453121326197,35,4.276163691297298,2790.4144013558166,3,0.05442345784128873,35.25853496373542,4,0.029687803394385048,19.113530932004323,2026-07-21 05:00:00,0xc0d6457c16cc70d6790dd43521c899c87ce02f35
8,0.21571794071899103,139.81935305104219,15,0.9976893153210667,644.3080709999176,0,,,0,,,2026-07-21 06:00:00,0xc0d6457c16cc70d6790dd43521c899c87ce02f35
4,0.0238225000263145,15.418859371948505,21,2.735730879403817,1783.0084498330941,5,0.08384770642354106,54.524467696249815,5,0.13565425993123692,88.03600460478397,2026-07-21 07:00:00,0xc0d6457c16cc70d6790dd43521c899c87ce02f35
4,0.21643809490898838,139.99509949372577,15,1.513217968887514,977.3386442917721,3,0.021692711162645362,13.989139370502766,3,0.01690664481527315,11.197612485123862,2026-07-21 08:00:00,0xc0d6457c16cc70d6790dd43521c899c87ce02f35
3,0.024956784797814723,16.19805005653024,15,1.1521090653135952,738.4040603566483,6,0.23293678499578785,151.40148594948,3,0.05442345784128873,35.25853496373542,2026-07-21 09:00:00,0xc0d6457c16cc70d6790dd43521c899c87ce02f35
1,0.000845773383233531,0.5950582339205622,54,51.006940350850165,16579.876084695225,34,3.147593931054811,2044.9823343064256,0,,,2026-07-21 10:00:00,0xc0d6457c16cc70d6790dd43521c899c87ce02f35
3,0.03122752927617397,20.284291446971935,17,5.905958409013218,3787.726813825121,10,0.5112144781103314,330.66327180390135,5,0.08384770642354106,54.524467696249815,2026-07-21 11:00:00,0xc0d6457c16cc70d6790dd43521c899c87ce02f35
3,0.004887042379489172,3.159148244675729,6,0.5182676478129099,331.2829276305131,7,0.5990494774539022,388.73544007887284,3,0.021692711162645362,13.989139370502766,2026-07-21 12:00:00,0xc0d6457c16cc70d6790dd43521c899c87ce02f35
18,0.8098676289827883,527.9157305782569,14,2.4218304949072427,1561.2770260538841,35,4.276163691297298,2790.4144013558166,6,0.23293678499578785,151.40148594948,2026-07-21 13:00:00,0xc0d6457c16cc70d6790dd43521c899c87ce02f35
35,6.179672331807826,4032.3941434860803,52,14.161081599677278,9181.856662888822,15,0.9976893153210667,644.3080709999176,34,3.147593931054811,2044.9823343064256,2026-07-21 14:00:00,0xc0d6457c16cc70d6790dd43521c899c87ce02f35
10,0.38183762764987594,246.4506600991773,19,2.4408916931663946,1560.5734057135599,21,2.735730879403817,1783.0084498330941,10,0.5112144781103314,330.66327180390135,2026-07-21 15:00:00,0xc0d6457c16cc70d6790dd43521c899c87ce02f35
5,0.1765999176425971,114.31860658205292,5,0.2587712041846573,166.8222182446389,15,1.513217968887514,977.3386442917721,7,0.5990494774539022,388.73544007887284,2026-07-21 16:00:00,0xc0d6457c16cc70d6790dd43521c899c87ce02f35
12,1.3065790808209499,847.6140027161863,5,0.03631982526971244,23.365732747483637,15,1.1521090653135952,738.4040603566483,35,4.276163691297298,2790.4144013558166,2026-07-21 17:00:00,0xc0d6457c16cc70d6790dd43521c899c87ce02f35
22,3.3078070618564146,2156.3435591801617,9,0.6959112118237059,449.46794821325284,54,51.006940350850165,16579.876084695225,15,0.9976893153210667,644.3080709999176,2026-07-21 18:00:00,0xc0d6457c16cc70d6790dd43521c899c87ce02f35
6,0.291424974210865,188.7404784779373,6,0.24728949802438466,158.9189516485569,17,5.905958409013218,3787.726813825121,21,2.735730879403817,1783.0084498330941,2026-07-21 19:00:00,0xc0d6457c16cc70d6790dd43521c899c87ce02f35
12,1.6498611070255222,1065.5209939809445,7,0.05771095666518349,37.03509136266718,6,0.5182676478129099,331.2829276305131,15,1.513217968887514,977.3386442917721,2026-07-21 20:00:00,0xc0d6457c16cc70d6790dd43521c899c87ce02f35
45,33.625264338470004,22080.95337774926,8,0.1359804311224941,87.309268375249,14,2.4218304949072427,1561.2770260538841,15,1.1521090653135952,738.4040603566483,2026-07-21 21:00:00,0xc0d6457c16cc70d6790dd43521c899c87ce02f35
30,5.153411462337931,3328.555474994689,6,0.006228851490699787,4.042128969411218,52,14.161081599677278,9181.856662888822,54,51.006940350850165,16579.876084695225,2026-07-21 22:00:00,0xc0d6457c16cc70d6790dd43521c899c87ce02f35
22,2.4751159991828815,1578.197427513229,14,2.535180096239317,1630.9109423526986,19,2.4408916931663946,1560.5734057135599,17,5.905958409013218,3787.726813825121,2026-07-21 23:00:00,0xc0d6457c16cc70d6790dd43521c899c87ce02f35
0,,,1,0.00961743447626038,1.018881021489,1,0.001239877942826171,0.10199422722399999,0,,,2026-07-15 00:00:00,0xc72b96e0e48ecd4dc75e1e45396e26300bc39681
0,,,2,7.2196210115558e-05,0.007645379643,0,,,0,,,2026-07-15 01:00:00,0xc72b96e0e48ecd4dc75e1e45396e26300bc39681
0,,,1,0.08105864020989093,8.582148270687998,0,,,0,,,2026-07-15 02:00:00,0xc72b96e0e48ecd4dc75e1e45396e26300bc39681
0,,,2,1.134639236408204,116.28986625109798,1,7.9475432498498e-05,0.0010020410399999998,1,0.001085454403420826,0.08212673572500001,2026-07-15 03:00:00,0xc72b96e0e48ecd4dc75e1e45396e26300bc39681
0,,,0,,,0,,,1,0.001239877942826171,0.10199422722399999,2026-07-15 04:00:00,0xc72b96e0e48ecd4dc75e1e45396e26300bc39681
0,,,5,0.02567872177053247,2.0889991894544027,0,,,0,,,2026-07-15 05:00:00,0xc72b96e0e48ecd4dc75e1e45396e26300bc39681
0,,,0,,,0,,,0,,,2026-07-15 06:00:00,0xc72b96e0e48ecd4dc75e1e45396e26300bc39681
0,,,4,0.046064926715190926,2.63431795277,0,,,1,7.9475432498498e-05,0.0010020410399999998,2026-07-15 07:00:00,0xc72b96e0e48ecd4dc75e1e45396e26300bc39681
0,,,21,0.155710337676713,117.48144368520687,1,0.00961743447626038,1.018881021489,0,,,2026-07-15 08:00:00,0xc72b96e0e48ecd4dc75e1e45396e26300bc39681
4,0.08941690056558152,9.5305590743,6,1.6346235521422002e-05,33.70837985967451,2,7.2196210115558e-05,0.007645379643,0,,,2026-07-15 09:00:00,0xc72b96e0e48ecd4dc75e1e45396e26300bc39681
0,,,5,0.000705195101199618,8.019450755288783,1,0.08105864020989093,8.582148270687998,0,,,2026-07-15 10:00:00,0xc72b96e0e48ecd4dc75e1e45396e26300bc39681
0,,,12,0.001518046958840696,10.4875554271918,2,1.134639236408204,116.28986625109798,0,,,2026-07-15 11:00:00,0xc72b96e0e48ecd4dc75e1e45396e26300bc39681
0,,,12,0.0004962193248531211,40.31857679553484,0,,,1,0.00961743447626038,1.018881021489,2026-07-15 12:00:00,0xc72b96e0e48ecd4dc75e1e45396e26300bc39681
1,0.02248030049871775,2.3803955039759996,4,0.000138790182500703,15.630071092419652,5,0.02567872177053247,2.0889991894544027,2,7.2196210115558e-05,0.007645379643,2026-07-15 13:00:00,0xc72b96e0e48ecd4dc75e1e45396e26300bc39681
7,3.3065038870821706,345.204787225167,0,,,0,,,1,0.08105864020989093,8.582148270687998,2026-07-15 14:00:00,0xc72b96e0e48ecd4dc75e1e45396e26300bc39681
2,0.26089113222716054,26.609298729682003,7,0.028154463707195754,1.245267197634,4,0.046064926715190926,2.63431795277,2,1.134639236408204,116.28986625109798,2026-07-15 15:00:00,0xc72b96e0e48ecd4dc75e1e45396e26300bc39681
0,,,5,0.9656650172044808,100.59239681333999,21,0.155710337676713,117.48144368520687,0,,,2026-07-15 16:00:00,0xc72b96e0e48ecd4dc75e1e45396e26300bc39681
6,0.0884787139484468,2.4616394900479994,0,,,6,1.6346235521422002e-05,33.70837985967451,5,0.02567872177053247,2.0889991894544027,2026-07-15 17:00:00,0xc72b96e0e48ecd4dc75e1e45396e26300bc39681
0,,,0,,,5,0.000705195101199618,8.019450755288783,0,,,2026-07-15 18:00:00,0xc72b96e0e48ecd4dc75e1e45396e26300bc39681
12,1.0457827468252607,33.422692940843824,0,,,12,0.001518046958840696,10.4875554271918,4,0.046064926715190926,2.63431795277,2026-07-15 19:00:00,0xc72b96e0e48ecd4dc75e1e45396e26300bc39681
8,0.000119701513008798,57.90966317606951,2,0.891871331893511,91.10085754972499,12,0.0004962193248531211,40.31857679553484,21,0.155710337676713,117.48144368520687,2026-07-15 20:00:00,0xc72b96e0e48ecd4dc75e1e45396e26300bc39681
9,0.00043331024266908406,16.738553988488622,0,,,4,0.000138790182500703,15.630071092419652,6,1.6346235521422002e-05,33.70837985967451,2026-07-15 21:00:00,0xc72b96e0e48ecd4dc75e1e45396e26300bc39681
10,0.003153230044802546,17.123218828379095,0,,,0,,,5,0.000705195101199618,8.019450755288783,2026-07-15 22:00:00,0xc72b96e0e48ecd4dc75e1e45396e26300bc39681
4,0.000507718986919699,16.99015780422425,0,,,7,0.028154463707195754,1.245267197634,12,0.001518046958840696,10.4875554271918,2026-07-15 23:00:00,0xc72b96e0e48ecd4dc75e1e45396e26300bc39681
11,0.000283979575823449,47.97488884637034,1,0.000332961815134879,0.00387679458,5,0.9656650172044808,100.59239681333999,12,0.0004962193248531211,40.31857679553484,2026-07-16 00:00:00,0xc72b96e0e48ecd4dc75e1e45396e26300bc39681
3,0.00013670574113026,0.010416162339000001,2,0.017480581359133572,1.176170034869,0,,,4,0.000138790182500703,15.630071092419652,2026-07-16 01:00:00,0xc72b96e0e48ecd4dc75e1e45396e26300bc39681
0,,,0,,,0,,,0,,,2026-07-16 02:00:00,0xc72b96e0e48ecd4dc75e1e45396e26300bc39681
2,4.9208217271748004e-05,0.00371682633,0,,,0,,,7,0.028154463707195754,1.245267197634,2026-07-16 03:00:00,0xc72b96e0e48ecd4dc75e1e45396e26300bc39681
1,0.000412392659848741,0.04232168678900001,0,,,2,0.891871331893511,91.10085754972499,5,0.9656650172044808,100.59239681333999,2026-07-16 04:00:00,0xc72b96e0e48ecd4dc75e1e45396e26300bc39681
1,1.213475516105e-05,0.00124476506,5,0.1298642542624699,2.301662125452,0,,,0,,,2026-07-16 05:00:00,0xc72b96e0e48ecd4dc75e1e45396e26300bc39681
2,0.07289336258987641,7.472938681208,0,,,0,,,0,,,2026-07-16 06:00:00,0xc72b96e0e48ecd4dc75e1e45396e26300bc39681
0,,,0,,,0,,,0,,,2026-07-16 07:00:00,0xc72b96e0e48ecd4dc75e1e45396e26300bc39681
0,,,0,,,1,0.000332961815134879,0.00387679458,2,0.891871331893511,91.10085754972499,2026-07-16 08:00:00,0xc72b96e0e48ecd4dc75e1e45396e26300bc39681
0,,,0,,,2,0.017480581359133572,1.176170034869,0,,,2026-07-16 09:00:00,0xc72b96e0e48ecd4dc75e1e45396e26300bc39681
0,,,0,,,0,,,0,,,2026-07-16 10:00:00,0xc72b96e0e48ecd4dc75e1e45396e26300bc39681
1,0.001492651283587307,0.14675899989100002,0,,,0,,,0,,,2026-07-16 11:00:00,0xc72b96e0e48ecd4dc75e1e45396e26300bc39681
0,,,1,0.6365575608606501,6.699917892899,0,,,1,0.000332961815134879,0.00387679458,2026-07-16 12:00:00,0xc72b96e0e48ecd4dc75e1e45396e26300bc39681
0,,,0,,,5,0.1298642542624699,2.301662125452,2,0.017480581359133572,1.176170034869,2026-07-16 13:00:00,0xc72b96e0e48ecd4dc75e1e45396e26300bc39681
0,,,3,0.038515861613330996,0.409667427027,0,,,0,,,2026-07-16 14:00:00,0xc72b96e0e48ecd4dc75e1e45396e26300bc39681
0,,,0,,,0,,,0,,,2026-07-16 15:00:00,0xc72b96e0e48ecd4dc75e1e45396e26300bc39681
0,,,0,,,0,,,0,,,2026-07-16 16:00:00,0xc72b96e0e48ecd4dc75e1e45396e26300bc39681
2,0.000329974526029447,0.018641780147083065,0,,,0,,,5,0.1298642542624699,2.301662125452,2026-07-16 17:00:00,0xc72b96e0e48ecd4dc75e1e45396e26300bc39681
3,7.2179059059948e-05,0.0008168063709999999,0,,,0,,,0,,,2026-07-16 18:00:00,0xc72b96e0e48ecd4dc75e1e45396e26300bc39681
1,0.002019339918968194,0.18675212784,0,,,0,,,0,,,2026-07-16 19:00:00,0xc72b96e0e48ecd4dc75e1e45396e26300bc39681
0,,,0,,,1,0.6365575608606501,6.699917892899,0,,,2026-07-16 20:00:00,0xc72b96e0e48ecd4dc75e1e45396e26300bc39681
1,0.000124924035377073,0.012720472134,0,,,0,,,0,,,2026-07-16 21:00:00,0xc72b96e0e48ecd4dc75e1e45396e26300bc39681
0,,,1,1.856798073306e-06,1.8030132e-05,3,0.038515861613330996,0.409667427027,0,,,2026-07-16 22:00:00,0xc72b96e0e48ecd4dc75e1e45396e26300bc39681
6,0.11785682998912769,3.1415063715979996,1,0.000958327944287436,0.099621558465,0,,,0,,,2026-07-16 23:00:00,0xc72b96e0e48ecd4dc75e1e45396e26300bc39681
1,0.006540907359345712,0.464423498376,0,,,0,,,1,0.6365575608606501,6.699917892899,2026-07-17 00:00:00,0xc72b96e0e48ecd4dc75e1e45396e26300bc39681
2,0.001966306446582335,0.16140304629600002,0,,,0,,,0,,,2026-07-17 01:00:00,0xc72b96e0e48ecd4dc75e1e45396e26300bc39681
4,0.14397777016880864,2.683329835452,0,,,0,,,3,0.038515861613330996,0.409667427027,2026-07-17 02:00:00,0xc72b96e0e48ecd4dc75e1e45396e26300bc39681
0,,,0,,,0,,,0,,,2026-07-17 03:00:00,0xc72b96e0e48ecd4dc75e1e45396e26300bc39681
0,,,2,0.178826037119431,1.7220049285469998,0,,,0,,,2026-07-17 04:00:00,0xc72b96e0e48ecd4dc75e1e45396e26300bc39681
0,,,0,,,0,,,0,,,2026-07-17 05:00:00,0xc72b96e0e48ecd4dc75e1e45396e26300bc39681
0,,,0,,,1,1.856798073306e-06,1.8030132e-05,0,,,2026-07-17 06:00:00,0xc72b96e0e48ecd4dc75e1e45396e26300bc39681
0,,,2,0.000151803686182149,0.10504259573399999,1,0.000958327944287436,0.099621558465,0,,,2026-07-17 07:00:00,0xc72b96e0e48ecd4dc75e1e45396e26300bc39681
0,,,0,,,0,,,0,,,2026-07-17 08:00:00,0xc72b96e0e48ecd4dc75e1e45396e26300bc39681
0,,,1,0.000330935573186325,0.033688754556000004,0,,,0,,,2026-07-17 09:00:00,0xc72b96e0e48ecd4dc75e1e45396e26300bc39681
1,1.855414753854e-06,1.802304e-05,0,,,0,,,1,1.856798073306e-06,1.8030132e-05,2026-07-17 10:00:00,0xc72b96e0e48ecd4dc75e1e45396e26300bc39681
0,,,0,,,0,,,1,0.000958327944287436,0.099621558465,2026-07-17 11:00:00,0xc72b96e0e48ecd4dc75e1e45396e26300bc39681
0,,,2,0.0909938340026212,9.3586338804,2,0.178826037119431,1.7220049285469998,0,,,2026-07-17 12:00:00,0xc72b96e0e48ecd4dc75e1e45396e26300bc39681
0,,,0,,,0,,,0,,,2026-07-17 13:00:00,0xc72b96e0e48ecd4dc75e1e45396e26300bc39681
3,0.0011691714492415629,0.110946213554,0,,,0,,,0,,,2026-07-17 14:00:00,0xc72b96e0e48ecd4dc75e1e45396e26300bc39681
2,0.006035863035765959,0.5084710146239999,0,,,2,0.000151803686182149,0.10504259573399999,0,,,2026-07-17 15:00:00,0xc72b96e0e48ecd4dc75e1e45396e26300bc39681
0,,,0,,,0,,,2,0.178826037119431,1.7220049285469998,2026-07-17 16:00:00,0xc72b96e0e48ecd4dc75e1e45396e26300bc39681
0,,,0,,,1,0.000330935573186325,0.033688754556000004,0,,,2026-07-17 17:00:00,0xc72b96e0e48ecd4dc75e1e45396e26300bc39681
4,0.03632953835921959,1.9711693432290003,0,,,0,,,0,,,2026-07-17 18:00:00,0xc72b96e0e48ecd4dc75e1e45396e26300bc39681
1,1.1235e-05,0.001142261518,0,,,0,,,2,0.000151803686182149,0.10504259573399999,2026-07-17 19:00:00,0xc72b96e0e48ecd4dc75e1e45396e26300bc39681
0,,,0,,,2,0.0909938340026212,9.3586338804,0,,,2026-07-17 20:00:00,0xc72b96e0e48ecd4dc75e1e45396e26300bc39681
2,0.010234148616484518,0.318907686585,1,0.000408626136129097,0.003878647308,0,,,1,0.000330935573186325,0.033688754556000004,2026-07-17 21:00:00,0xc72b96e0e48ecd4dc75e1e45396e26300bc39681
1,0.00812744245369953,0.077305536216,0,,,0,,,0,,,2026-07-17 22:00:00,0xc72b96e0e48ecd4dc75e1e45396e26300bc39681
1,3.3466901839935e-05,0.003406328134,1,0.000411897623653919,0.060503222584,0,,,0,,,2026-07-17 23:00:00,0xc72b96e0e48ecd4dc75e1e45396e26300bc39681
12,0.43285127459724543,44.534250904295,0,,,0,,,2,0.0909938340026212,9.3586338804,2026-07-18 00:00:00,0xc72b96e0e48ecd4dc75e1e45396e26300bc39681
0,,,0,,,0,,,0,,,2026-07-18 01:00:00,0xc72b96e0e48ecd4dc75e1e45396e26300bc39681
1,0.005438519933391665,0.39569364458,1,0.002785839248962325,0.28934106528000003,0,,,0,,,2026-07-18 02:00:00,0xc72b96e0e48ecd4dc75e1e45396e26300bc39681
0,,,1,0.001325963519699584,0.13769775780500002,0,,,0,,,2026-07-18 03:00:00,0xc72b96e0e48ecd4dc75e1e45396e26300bc39681
2,0.03778722330082916,1.1631730923770003,0,,,0,,,0,,,2026-07-18 04:00:00,0xc72b96e0e48ecd4dc75e1e45396e26300bc39681
1,0.005447261871808318,0.4000627368,1,0.001764126409257109,0.18333416745,1,0.000408626136129097,0.003878647308,0,,,2026-07-18 05:00:00,0xc72b96e0e48ecd4dc75e1e45396e26300bc39681
0,,,0,,,0,,,0,,,2026-07-18 06:00:00,0xc72b96e0e48ecd4dc75e1e45396e26300bc39681
5,0.007539432305120825,0.5051771195220001,2,0.030807593141979773,2.8630637245100004,1,0.000411897623653919,0.060503222584,0,,,2026-07-18 07:00:00,0xc72b96e0e48ecd4dc75e1e45396e26300bc39681
2,0.013613587253621572,1.055209144637,0,,,0,,,0,,,2026-07-18 08:00:00,0xc72b96e0e48ecd4dc75e1e45396e26300bc39681
0,,,2,0.058844665396191154,6.053438939259999,0,,,1,0.000408626136129097,0.003878647308,2026-07-18 09:00:00,0xc72b96e0e48ecd4dc75e1e45396e26300bc39681
0,,,0,,,1,0.002785839248962325,0.28934106528000003,0,,,2026-07-18 10:00:00,0xc72b96e0e48ecd4dc75e1e45396e26300bc39681
0,,,10,0.7425897504800273,74.089513095549,1,0.001325963519699584,0.13769775780500002,1,0.000411897623653919,0.060503222584,2026-07-18 11:00:00,0xc72b96e0e48ecd4dc75e1e45396e26300bc39681
0,,,4,0.5287256813892273,51.71251557778599,0,,,0,,,2026-07-18 12:00:00,0xc72b96e0e48ecd4dc75e1e45396e26300bc39681
0,,,3,0.047202444349261415,4.354999302766,1,0.001764126409257109,0.18333416745,0,,,2026-07-18 13:00:00,0xc72b96e0e48ecd4dc75e1e45396e26300bc39681
1,0.002355764178669875,0.24464544465299998,0,,,0,,,1,0.002785839248962325,0.28934106528000003,2026-07-18 14:00:00,0xc72b96e0e48ecd4dc75e1e45396e26300bc39681
6,0.009433251879416639,0.98980007429,0,,,2,0.030807593141979773,2.8630637245100004,1,0.001325963519699584,0.13769775780500002,2026-07-18 15:00:00,0xc72b96e0e48ecd4dc75e1e45396e26300bc39681
0,,,0,,,0,,,0,,,2026-07-18 16:00:00,0xc72b96e0e48ecd4dc75e1e45396e26300bc39681
4,0.0220281976021887,2.169826996095,0,,,2,0.058844665396191154,6.053438939259999,1,0.001764126409257109,0.18333416745,2026-07-18 17:00:00,0xc72b96e0e48ecd4dc75e1e45396e26300bc39681
0,,,0,,,0,,,0,,,2026-07-18 18:00:00,0xc72b96e0e48ecd4dc75e1e45396e26300bc39681
0,,,2,0.05972180832437416,5.597054014443,10,0.7425897504800273,74.089513095549,2,0.030807593141979773,2.8630637245100004,2026-07-18 19:00:00,0xc72b96e0e48ecd4dc75e1e45396e26300bc39681
0,,,0,,,4,0.5287256813892273,51.71251557778599,0,,,2026-07-18 20:00:00,0xc72b96e0e48ecd4dc75e1e45396e26300bc39681
7,0.15279563800743534,14.816400833462563,1,0.06347115191411286,5.969173866039,3,0.047202444349261415,4.354999302766,2,0.058844665396191154,6.053438939259999,2026-07-18 21:00:00,0xc72b96e0e48ecd4dc75e1e45396e26300bc39681
0,,,0,,,0,,,0,,,2026-07-18 22:00:00,0xc72b96e0e48ecd4dc75e1e45396e26300bc39681
0,,,1,0.017320134739475614,1.6016568284000001,0,,,10,0.7425897504800273,74.089513095549,2026-07-18 23:00:00,0xc72b96e0e48ecd4dc75e1e45396e26300bc39681
9,0.8327425152094143,81.795841318969,2,0.11018727617267053,10.411197109482,0,,,4,0.5287256813892273,51.71251557778599,2026-07-19 00:00:00,0xc72b96e0e48ecd4dc75e1e45396e26300bc39681
2,0.15747098900672393,14.701411162941998,0,,,0,,,3,0.047202444349261415,4.354999302766,2026-07-19 01:00:00,0xc72b96e0e48ecd4dc75e1e45396e26300bc39681
0,,,2,0.004311823918831477,0.40612106804651493,0,,,0,,,2026-07-19 02:00:00,0xc72b96e0e48ecd4dc75e1e45396e26300bc39681
0,,,1,0.000198182133108598,0.018675923117005406,2,0.05972180832437416,5.597054014443,0,,,2026-07-19 03:00:00,0xc72b96e0e48ecd4dc75e1e45396e26300bc39681
2,0.0702341928404006,6.439487288265001,0,,,0,,,0,,,2026-07-19 04:00:00,0xc72b96e0e48ecd4dc75e1e45396e26300bc39681
1,0.001751228228391994,0.18200851117500003,1,0.002847207399676422,0.26724898280567333,1,0.06347115191411286,5.969173866039,0,,,2026-07-19 05:00:00,0xc72b96e0e48ecd4dc75e1e45396e26300bc39681
2,4.836935713123e-06,0.0004891410404846595,0,,,0,,,0,,,2026-07-19 06:00:00,0xc72b96e0e48ecd4dc75e1e45396e26300bc39681
0,,,3,0.915321812713068,83.39892034228717,1,0.017320134739475614,1.6016568284000001,2,0.05972180832437416,5.597054014443,2026-07-19 07:00:00,0xc72b96e0e48ecd4dc75e1e45396e26300bc39681
0,,,3,0.11250366520948707,10.529487934639999,2,0.11018727617267053,10.411197109482,0,,,2026-07-19 08:00:00,0xc72b96e0e48ecd4dc75e1e45396e26300bc39681
1,0.001747640569874863,0.15981190202474907,1,4.1996457951638e-05,0.004270410602,0,,,1,0.06347115191411286,5.969173866039,2026-07-19 09:00:00,0xc72b96e0e48ecd4dc75e1e45396e26300bc39681
0,,,14,5.240519048506135,650.2917278267706,2,0.004311823918831477,0.40612106804651493,0,,,2026-07-19 10:00:00,0xc72b96e0e48ecd4dc75e1e45396e26300bc39681
5,0.9917909442566339,103.31357826956763,0,,,1,0.000198182133108598,0.018675923117005406,1,0.017320134739475614,1.6016568284000001,2026-07-19 11:00:00,0xc72b96e0e48ecd4dc75e1e45396e26300bc39681
1,0.001268953395146044,0.11933959212292257,2,0.01951785370167465,1.8713917591818092,0,,,2,0.11018727617267053,10.411197109482,2026-07-19 12:00:00,0xc72b96e0e48ecd4dc75e1e45396e26300bc39681
0,,,0,,,1,0.002847207399676422,0.26724898280567333,0,,,2026-07-19 13:00:00,0xc72b96e0e48ecd4dc75e1e45396e26300bc39681
1,0.002324901833545307,0.23671529035,1,0.039351039177591106,3.688720243608,0,,,2,0.004311823918831477,0.40612106804651493,2026-07-19 14:00:00,0xc72b96e0e48ecd4dc75e1e45396e26300bc39681
0,,,1,0.001296460461333977,0.12032376277642257,3,0.915321812713068,83.39892034228717,1,0.000198182133108598,0.018675923117005406,2026-07-19 15:00:00,0xc72b96e0e48ecd4dc75e1e45396e26300bc39681
4,0.09012020037951482,8.432072857132187,1,0.0853396211469591,8.187480566229,3,0.11250366520948707,10.529487934639999,0,,,2026-07-19 16:00:00,0xc72b96e0e48ecd4dc75e1e45396e26300bc39681
2,0.002806811269195103,0.2634267144960505,4,0.7361633422671617,68.87988016710001,1,4.1996457951638e-05,0.004270410602,1,0.002847207399676422,0.26724898280567333,2026-07-19 17:00:00,0xc72b96e0e48ecd4dc75e1e45396e26300bc39681
0,,,0,,,14,5.240519048506135,650.2917278267706,0,,,2026-07-19 18:00:00,0xc72b96e0e48ecd4dc75e1e45396e26300bc39681
0,,,2,0.008505123377755096,0.7966229858810001,0,,,3,0.915321812713068,83.39892034228717,2026-07-19 19:00:00,0xc72b96e0e48ecd4dc75e1e45396e26300bc39681
0,,,1,0.013097470951616712,1.224465795648,2,0.01951785370167465,1.8713917591818092,3,0.11250366520948707,10.529487934639999,2026-07-19 20:00:00,0xc72b96e0e48ecd4dc75e1e45396e26300bc39681
0,,,0,,,0,,,1,4.1996457951638e-05,0.004270410602,2026-07-19 21:00:00,0xc72b96e0e48ecd4dc75e1e45396e26300bc39681
1,0.000310965470646175,0.029800386227999996,0,,,1,0.039351039177591106,3.688720243608,14,5.240519048506135,650.2917278267706,2026-07-19 22:00:00,0xc72b96e0e48ecd4dc75e1e45396e26300bc39681
0,,,0,,,1,0.001296460461333977,0.12032376277642257,0,,,2026-07-19 23:00:00,0xc72b96e0e48ecd4dc75e1e45396e26300bc39681
0,,,1,0.08211485023592915,7.964848290127999,1,0.0853396211469591,8.187480566229,2,0.01951785370167465,1.8713917591818092,2026-07-20 00:00:00,0xc72b96e0e48ecd4dc75e1e45396e26300bc39681
0,,,0,,,4,0.7361633422671617,68.87988016710001,0,,,2026-07-20 01:00:00,0xc72b96e0e48ecd4dc75e1e45396e26300bc39681
0,,,7,0.4593456359117385,45.695272906977,0,,,1,0.039351039177591106,3.688720243608,2026-07-20 02:00:00,0xc72b96e0e48ecd4dc75e1e45396e26300bc39681
1,0.000481273928634186,0.044733946400909635,1,0.004142877767294601,0.403467364224,2,0.008505123377755096,0.7966229858810001,1,0.001296460461333977,0.12032376277642257,2026-07-20 03:00:00,0xc72b96e0e48ecd4dc75e1e45396e26300bc39681
1,0.006819464983322793,0.6436104825600001,0,,,1,0.013097470951616712,1.224465795648,1,0.0853396211469591,8.187480566229,2026-07-20 04:00:00,0xc72b96e0e48ecd4dc75e1e45396e26300bc39681
0,,,0,,,0,,,4,0.7361633422671617,68.87988016710001,2026-07-20 05:00:00,0xc72b96e0e48ecd4dc75e1e45396e26300bc39681
2,0.07669725004962843,7.2075836538299995,2,0.10383851757983846,10.23130530125,0,,,0,,,2026-07-20 06:00:00,0xc72b96e0e48ecd4dc75e1e45396e26300bc39681
0,,,1,0.0001,0.00969374456,0,,,2,0.008505123377755096,0.7966229858810001,2026-07-20 07:00:00,0xc72b96e0e48ecd4dc75e1e45396e26300bc39681
1,0.12528594874253127,12.03280618554,1,0.02346093014250757,2.27412589833,1,0.08211485023592915,7.964848290127999,1,0.013097470951616712,1.224465795648,2026-07-20 08:00:00,0xc72b96e0e48ecd4dc75e1e45396e26300bc39681
0,,,1,0.010854169472564314,1.050131686584,0,,,0,,,2026-07-20 09:00:00,0xc72b96e0e48ecd4dc75e1e45396e26300bc39681
0,,,1,0.001916802543033379,0.18577926264599998,7,0.4593456359117385,45.695272906977,0,,,2026-07-20 10:00:00,0xc72b96e0e48ecd4dc75e1e45396e26300bc39681
0,,,0,,,1,0.004142877767294601,0.403467364224,0,,,2026-07-20 11:00:00,0xc72b96e0e48ecd4dc75e1e45396e26300bc39681
2,0.0038887198624708505,0.3644126112335177,0,,,0,,,1,0.08211485023592915,7.964848290127999,2026-07-20 12:00:00,0xc72b96e0e48ecd4dc75e1e45396e26300bc39681
0,,,6,1.1059179453122654,105.54816307840383,0,,,0,,,2026-07-20 13:00:00,0xc72b96e0e48ecd4dc75e1e45396e26300bc39681
5,0.20973960379342801,20.568223332423,1,0.2403316717514768,23.628425696824,2,0.10383851757983846,10.23130530125,7,0.4593456359117385,45.695272906977,2026-07-20 14:00:00,0xc72b96e0e48ecd4dc75e1e45396e26300bc39681
0,,,0,,,1,0.0001,0.00969374456,1,0.004142877767294601,0.403467364224,2026-07-20 15:00:00,0xc72b96e0e48ecd4dc75e1e45396e26300bc39681
2,0.00038299680721219404,0.037086156722,6,1.0389212613431225,104.27101286257698,1,0.02346093014250757,2.27412589833,0,,,2026-07-20 16:00:00,0xc72b96e0e48ecd4dc75e1e45396e26300bc39681
3,0.1326529461560919,12.842652242592997,2,0.03598763165412753,3.5697998134649995,1,0.010854169472564314,1.050131686584,0,,,2026-07-20 17:00:00,0xc72b96e0e48ecd4dc75e1e45396e26300bc39681
1,0.010385847760435387,1.008860694852,1,0.003562001151242469,0.35275783662599997,1,0.001916802543033379,0.18577926264599998,2,0.10383851757983846,10.23130530125,2026-07-20 18:00:00,0xc72b96e0e48ecd4dc75e1e45396e26300bc39681
0,,,1,0.33795677427388776,34.256890521364,0,,,1,0.0001,0.00969374456,2026-07-20 19:00:00,0xc72b96e0e48ecd4dc75e1e45396e26300bc39681
0,,,0,,,0,,,1,0.02346093014250757,2.27412589833,2026-07-20 20:00:00,0xc72b96e0e48ecd4dc75e1e45396e26300bc39681
1,0.000643915632530588,0.06062434623166374,4,0.6538055341871586,66.84197246963299,6,1.1059179453122654,105.54816307840383,1,0.010854169472564314,1.050131686584,2026-07-20 21:00:00,0xc72b96e0e48ecd4dc75e1e45396e26300bc39681
4,0.006712216806771837,0.6499067647400001,1,0.025268209260184936,2.600405512386,1,0.2403316717514768,23.628425696824,1,0.001916802543033379,0.18577926264599998,2026-07-20 22:00:00,0xc72b96e0e48ecd4dc75e1e45396e26300bc39681
0,,,0,,,0,,,0,,,2026-07-20 23:00:00,0xc72b96e0e48ecd4dc75e1e45396e26300bc39681
0,,,0,,,6,1.0389212613431225,104.27101286257698,0,,,2026-07-21 00:00:00,0xc72b96e0e48ecd4dc75e1e45396e26300bc39681
1,0.003929475629826981,0.37824096410999997,0,,,2,0.03598763165412753,3.5697998134649995,6,1.1059179453122654,105.54816307840383,2026-07-21 01:00:00,0xc72b96e0e48ecd4dc75e1e45396e26300bc39681
2,0.26765357758756697,26.41120535304,3,0.8252150212375209,85.369505184275,1,0.003562001151242469,0.35275783662599997,1,0.2403316717514768,23.628425696824,2026-07-21 02:00:00,0xc72b96e0e48ecd4dc75e1e45396e26300bc39681
4,0.5220150979872311,51.810418942304004,0,,,1,0.33795677427388776,34.256890521364,0,,,2026-07-21 03:00:00,0xc72b96e0e48ecd4dc75e1e45396e26300bc39681
0,,,1,0.00995134954994996,1.016849689632,0,,,6,1.0389212613431225,104.27101286257698,2026-07-21 04:00:00,0xc72b96e0e48ecd4dc75e1e45396e26300bc39681
0,,,4,0.6772679463536065,70.73875218719999,4,0.6538055341871586,66.84197246963299,2,0.03598763165412753,3.5697998134649995,2026-07-21 05:00:00,0xc72b96e0e48ecd4dc75e1e45396e26300bc39681
0,,,3,0.2422513165024047,24.998729030417998,1,0.025268209260184936,2.600405512386,1,0.003562001151242469,0.35275783662599997,2026-07-21 06:00:00,0xc72b96e0e48ecd4dc75e1e45396e26300bc39681
1,0.10831518539099462,10.99394505,2,0.11649507324212705,12.25146493286134,0,,,1,0.33795677427388776,34.256890521364,2026-07-21 07:00:00,0xc72b96e0e48ecd4dc75e1e45396e26300bc39681
2,0.01146311822499479,1.14397096593,6,1.28514665880764,135.904722029019,0,,,0,,,2026-07-21 08:00:00,0xc72b96e0e48ecd4dc75e1e45396e26300bc39681
1,0.000970119868239344,0.097920113976,0,,,0,,,4,0.6538055341871586,66.84197246963299,2026-07-21 09:00:00,0xc72b96e0e48ecd4dc75e1e45396e26300bc39681
1,0.04284009857942408,4.3202409052110005,6,0.22229683522471702,23.092045954150002,3,0.8252150212375209,85.369505184275,1,0.025268209260184936,2.600405512386,2026-07-21 10:00:00,0xc72b96e0e48ecd4dc75e1e45396e26300bc39681
0,,,1,0.01950748609235079,2.025057826764,0,,,0,,,2026-07-21 11:00:00,0xc72b96e0e48ecd4dc75e1e45396e26300bc39681
0,,,2,0.040769922267458125,4.298013845961,1,0.00995134954994996,1.016849689632,0,,,2026-07-21 12:00:00,0xc72b96e0e48ecd4dc75e1e45396e26300bc39681
1,0.000531834226214889,0.053538576000000004,0,,,4,0.6772679463536065,70.73875218719999,0,,,2026-07-21 13:00:00,0xc72b96e0e48ecd4dc75e1e45396e26300bc39681
1,0.43281333552463486,43.999227587448,0,,,3,0.2422513165024047,24.998729030417998,3,0.8252150212375209,85.369505184275,2026-07-21 14:00:00,0xc72b96e0e48ecd4dc75e1e45396e26300bc39681
4,1.0099718388589043,104.94583899989698,1,0.7226897214041601,76.35980974941201,2,0.11649507324212705,12.25146493286134,0,,,2026-07-21 15:00:00,0xc72b96e0e48ecd4dc75e1e45396e26300bc39681
0,,,1,0.000936110041593519,0.09790445522,6,1.28514665880764,135.904722029019,1,0.00995134954994996,1.016849689632,2026-07-21 16:00:00,0xc72b96e0e48ecd4dc75e1e45396e26300bc39681
6,1.3368277833700835,140.38464231167,0,,,0,,,4,0.6772679463536065,70.73875218719999,2026-07-21 17:00:00,0xc72b96e0e48ecd4dc75e1e45396e26300bc39681
0,,,3,1.0954377653646794,112.694309134544,6,0.22229683522471702,23.092045954150002,3,0.2422513165024047,24.998729030417998,2026-07-21 18:00:00,0xc72b96e0e48ecd4dc75e1e45396e26300bc39681
0,,,0,,,1,0.01950748609235079,2.025057826764,2,0.11649507324212705,12.25146493286134,2026-07-21 19:00:00,0xc72b96e0e48ecd4dc75e1e45396e26300bc39681
0,,,3,0.000290710325885896,0.030141440736,2,0.040769922267458125,4.298013845961,6,1.28514665880764,135.904722029019,2026-07-21 20:00:00,0xc72b96e0e48ecd4dc75e1e45396e26300bc39681
0,,,1,0.000423484934711188,0.043032070721,0,,,0,,,2026-07-21 21:00:00,0xc72b96e0e48ecd4dc75e1e45396e26300bc39681
0,,,3,1.5611549840634695,159.4810520277,0,,,6,0.22229683522471702,23.092045954150002,2026-07-21 22:00:00,0xc72b96e0e48ecd4dc75e1e45396e26300bc39681
7,5.982977251489476,633.104074470675,1,0.4735511686705358,47.906374951878,1,0.7226897214041601,76.35980974941201,1,0.01950748609235079,2.025057826764,2026-07-21 23:00:00,0xc72b96e0e48ecd4dc75e1e45396e26300bc39681
51,40.13059226871837,8477.433874572398,37,61.16928879363427,13059.187332101666,13,4.700114609573065,974.5408618384054,18,7.0831061761945975,1491.4493038511596,2026-07-15 00:00:00,0xd0601ce157db5bdc3162bbac2a2c8af5320d9eec
17,9.105865792644813,1882.7516946113683,46,80.96785198857485,17293.895601250137,24,4.069421439042705,857.686558069378,21,3.1651345233630637,672.1423048140251,2026-07-15 01:00:00,0xd0601ce157db5bdc3162bbac2a2c8af5320d9eec
25,3.77162071769363,769.1570798043839,189,159.13405855173212,34181.379288147255,164,252.98922869451275,53471.4108030643,15,0.6569689488205409,138.2457140608271,2026-07-15 02:00:00,0xd0601ce157db5bdc3162bbac2a2c8af5320d9eec
18,4.697860247527707,1000.2248106664607,63,38.74931075991414,8148.548893840894,93,44.58587144412098,9385.362763549922,12,2.0702514924671527,438.5957445666017,2026-07-15 03:00:00,0xd0601ce157db5bdc3162bbac2a2c8af5320d9eec
36,6.023598710769904,1274.2849232181775,80,59.03925803113618,12398.565829931309,53,20.937283913429376,4441.672218706049,13,4.700114609573065,974.5408618384054,2026-07-15 04:00:00,0xd0601ce157db5bdc3162bbac2a2c8af5320d9eec
21,7.495983844701578,1558.9597212328715,77,51.602898097838164,10648.013449035641,31,3.4552208413596763,727.4220979875735,24,4.069421439042705,857.686558069378,2026-07-15 05:00:00,0xd0601ce157db5bdc3162bbac2a2c8af5320d9eec
197,195.57476629337933,41345.59263421462,77,23.297882156650214,4866.292021046145,273,78.73074842843761,16599.674485555035,164,252.98922869451275,53471.4108030643,2026-07-15 06:00:00,0xd0601ce157db5bdc3162bbac2a2c8af5320d9eec
41,7.735987261915882,1630.8206709540573,18,9.51688744988979,1940.845648223302,79,32.80075192765154,6880.526825013736,93,44.58587144412098,9385.362763549922,2026-07-15 07:00:00,0xd0601ce157db5bdc3162bbac2a2c8af5320d9eec
62,17.074275864654673,3574.739887749002,49,152.7044026564119,33005.38333039123,37,61.16928879363427,13059.187332101666,53,20.937283913429376,4441.672218706049,2026-07-15 08:00:00,0xd0601ce157db5bdc3162bbac2a2c8af5320d9eec
28,8.067911980685425,1710.426945615852,23,1.0357275662404473,220.6332477978326,46,80.96785198857485,17293.895601250137,31,3.4552208413596763,727.4220979875735,2026-07-15 09:00:00,0xd0601ce157db5bdc3162bbac2a2c8af5320d9eec
106,37.997649144185246,7920.54626675921,26,22.087498718262975,4593.984717922474,189,159.13405855173212,34181.379288147255,273,78.73074842843761,16599.674485555035,2026-07-15 10:00:00,0xd0601ce157db5bdc3162bbac2a2c8af5320d9eec
28,38.830628784781645,8255.508699446793,24,7.405555500959909,1556.4695590866988,63,38.74931075991414,8148.548893840894,79,32.80075192765154,6880.526825013736,2026-07-15 11:00:00,0xd0601ce157db5bdc3162bbac2a2c8af5320d9eec
19,4.513719812881166,954.5203070123922,21,2.139967361380355,450.88205909485623,80,59.03925803113618,12398.565829931309,37,61.16928879363427,13059.187332101666,2026-07-15 12:00:00,0xd0601ce157db5bdc3162bbac2a2c8af5320d9eec
56,45.19179863836649,9790.971815165616,23,10.760383028294747,2233.497567470309,77,51.602898097838164,10648.013449035641,46,80.96785198857485,17293.895601250137,2026-07-15 13:00:00,0xd0601ce157db5bdc3162bbac2a2c8af5320d9eec
93,59.52261085826909,12435.793010537865,31,3.6463867184263066,771.4568277109317,77,23.297882156650214,4866.292021046145,189,159.13405855173212,34181.379288147255,2026-07-15 14:00:00,0xd0601ce157db5bdc3162bbac2a2c8af5320d9eec
65,67.86974242266564,14274.516861722652,33,0.8353076015182445,177.85592762468218,18,9.51688744988979,1940.845648223302,63,38.74931075991414,8148.548893840894,2026-07-15 15:00:00,0xd0601ce157db5bdc3162bbac2a2c8af5320d9eec
100,104.5503560250805,21783.999797663204,35,17.94079267345027,3811.755631726457,49,152.7044026564119,33005.38333039123,80,59.03925803113618,12398.565829931309,2026-07-15 16:00:00,0xd0601ce157db5bdc3162bbac2a2c8af5320d9eec
129,27.55245002259376,5717.8386235315775,22,4.302598259624802,911.9437269578033,23,1.0357275662404473,220.6332477978326,77,51.602898097838164,10648.013449035641,2026-07-15 17:00:00,0xd0601ce157db5bdc3162bbac2a2c8af5320d9eec
53,22.726926611300506,4741.692226199913,33,9.524905960251187,1999.5595088986001,26,22.087498718262975,4593.984717922474,77,23.297882156650214,4866.292021046145,2026-07-15 18:00:00,0xd0601ce157db5bdc3162bbac2a2c8af5320d9eec
238,35.44473871946095,7464.659281412226,19,1.7334130030105406,367.8319272601316,24,7.405555500959909,1556.4695590866988,18,9.51688744988979,1940.845648223302,2026-07-15 19:00:00,0xd0601ce157db5bdc3162bbac2a2c8af5320d9eec
77,36.56714407173415,7781.531369997485,13,0.4971569707057378,106.05127169498631,21,2.139967361380355,450.88205909485623,49,152.7044026564119,33005.38333039123,2026-07-15 20:00:00,0xd0601ce157db5bdc3162bbac2a2c8af5320d9eec
22,0.7556875084149787,160.24177043650457,19,1.3964699539834744,291.825601149904,23,10.760383028294747,2233.497567470309,23,1.0357275662404473,220.6332477978326,2026-07-15 21:00:00,0xd0601ce157db5bdc3162bbac2a2c8af5320d9eec
22,11.291964876040193,2317.4623710213846,20,1.8894454662036553,395.97093303240547,31,3.6463867184263066,771.4568277109317,26,22.087498718262975,4593.984717922474,2026-07-15 22:00:00,0xd0601ce157db5bdc3162bbac2a2c8af5320d9eec
23,8.588876941211096,1871.8974568685794,18,2.5233742868163653,530.3243596042378,33,0.8353076015182445,177.85592762468218,24,7.405555500959909,1556.4695590866988,2026-07-15 23:00:00,0xd0601ce157db5bdc3162bbac2a2c8af5320d9eec
25,3.071121549942246,645.5438846462824,26,6.379947622608411,1343.860330572332,35,17.94079267345027,3811.755631726457,21,2.139967361380355,450.88205909485623,2026-07-16 00:00:00,0xd0601ce157db5bdc3162bbac2a2c8af5320d9eec
30,5.812984193794174,1229.1643560689101,27,7.185831981666662,1525.2960869816372,22,4.302598259624802,911.9437269578033,23,10.760383028294747,2233.497567470309,2026-07-16 01:00:00,0xd0601ce157db5bdc3162bbac2a2c8af5320d9eec
44,38.06467029995718,8074.024967913852,54,45.742541136722224,9552.140985245314,33,9.524905960251187,1999.5595088986001,31,3.6463867184263066,771.4568277109317,2026-07-16 02:00:00,0xd0601ce157db5bdc3162bbac2a2c8af5320d9eec
32,11.35820753677764,2510.8267142315804,39,29.187526644009914,6036.933906311465,19,1.7334130030105406,367.8319272601316,33,0.8353076015182445,177.85592762468218,2026-07-16 03:00:00,0xd0601ce157db5bdc3162bbac2a2c8af5320d9eec
17,1.7045189165038583,363.15145022051667,42,11.383217009624225,2360.9792671766363,13,0.4971569707057378,106.05127169498631,35,17.94079267345027,3811.755631726457,2026-07-16 04:00:00,0xd0601ce157db5bdc3162bbac2a2c8af5320d9eec
36,4.723272732057012,997.2080500908758,26,3.3585426664691687,695.9132909701158,19,1.3964699539834744,291.825601149904,22,4.302598259624802,911.9437269578033,2026-07-16 05:00:00,0xd0601ce157db5bdc3162bbac2a2c8af5320d9eec
39,42.819399147795025,9024.806835574698,24,14.539202718123404,3003.285030222589,20,1.8894454662036553,395.97093303240547,33,9.524905960251187,1999.5595088986001,2026-07-16 06:00:00,0xd0601ce157db5bdc3162bbac2a2c8af5320d9eec
19,0.5103295269987727,108.24072820187767,51,31.408773663535225,6542.781519092438,18,2.5233742868163653,530.3243596042378,19,1.7334130030105406,367.8319272601316,2026-07-16 07:00:00,0xd0601ce157db5bdc3162bbac2a2c8af5320d9eec
31,19.775049196566762,4147.961867453996,74,83.78370203786132,17438.331182953265,26,6.379947622608411,1343.860330572332,13,0.4971569707057378,106.05127169498631,2026-07-16 08:00:00,0xd0601ce157db5bdc3162bbac2a2c8af5320d9eec
15,0.6172832604254346,130.25242872534676,47,5.530668207696873,1170.6219358539122,27,7.185831981666662,1525.2960869816372,19,1.3964699539834744,291.825601149904,2026-07-16 09:00:00,0xd0601ce157db5bdc3162bbac2a2c8af5320d9eec
22,4.057946998516153,847.8219554585528,46,9.739079624852916,2031.6473697763158,54,45.742541136722224,9552.140985245314,20,1.8894454662036553,395.97093303240547,2026-07-16 10:00:00,0xd0601ce157db5bdc3162bbac2a2c8af5320d9eec
21,4.458015252591085,956.6619166245057,25,4.844595427600247,1000.1896061363782,39,29.187526644009914,6036.933906311465,18,2.5233742868163653,530.3243596042378,2026-07-16 11:00:00,0xd0601ce157db5bdc3162bbac2a2c8af5320d9eec
12,1.0525666125366298,220.37647700087012,24,10.565483683320068,2168.838644025247,42,11.383217009624225,2360.9792671766363,26,6.379947622608411,1343.860330572332,2026-07-16 12:00:00,0xd0601ce157db5bdc3162bbac2a2c8af5320d9eec
41,18.037845980895796,3788.276573447011,87,28.399816125465843,5878.125676047522,26,3.3585426664691687,695.9132909701158,27,7.185831981666662,1525.2960869816372,2026-07-16 13:00:00,0xd0601ce157db5bdc3162bbac2a2c8af5320d9eec
34,18.395629143700862,3833.8916227240516,62,18.384067019527187,3704.633193699338,24,14.539202718123404,3003.285030222589,54,45.742541136722224,9552.140985245314,2026-07-16 14:00:00,0xd0601ce157db5bdc3162bbac2a2c8af5320d9eec
27,4.713599407919751,960.3785674185908,55,13.995560881530203,2848.2380183545924,51,31.408773663535225,6542.781519092438,39,29.187526644009914,6036.933906311465,2026-07-16 15:00:00,0xd0601ce157db5bdc3162bbac2a2c8af5320d9eec
46,14.777569655315357,3061.7452102980865,25,2.0666941243938606,423.5385809116604,74,83.78370203786132,17438.331182953265,42,11.383217009624225,2360.9792671766363,2026-07-16 16:00:00,0xd0601ce157db5bdc3162bbac2a2c8af5320d9eec
24,2.8527714297620053,600.0372266325006,39,6.69462493901043,1359.814964677383,47,5.530668207696873,1170.6219358539122,26,3.3585426664691687,695.9132909701158,2026-07-16 17:00:00,0xd0601ce157db5bdc3162bbac2a2c8af5320d9eec
68,28.88564710373713,5981.518363336103,45,11.464930054679387,2317.091541264755,46,9.739079624852916,2031.6473697763158,24,14.539202718123404,3003.285030222589,2026-07-16 18:00:00,0xd0601ce157db5bdc3162bbac2a2c8af5320d9eec
36,49.37573538073701,10213.309491919368,34,4.134334106131028,848.065637849167,25,4.844595427600247,1000.1896061363782,51,31.408773663535225,6542.781519092438,2026-07-16 19:00:00,0xd0601ce157db5bdc3162bbac2a2c8af5320d9eec
29,12.288974107152457,2561.779802715503,29,12.347068037908674,2487.5476226789087,24,10.565483683320068,2168.838644025247,74,83.78370203786132,17438.331182953265,2026-07-16 20:00:00,0xd0601ce157db5bdc3162bbac2a2c8af5320d9eec
26,10.501738964678147,2148.0119755079086,24,1.7986283083269807,359.2801589082962,87,28.399816125465843,5878.125676047522,47,5.530668207696873,1170.6219358539122,2026-07-16 21:00:00,0xd0601ce157db5bdc3162bbac2a2c8af5320d9eec
28,3.043765558587969,630.793649693287,20,7.4080779426277195,1495.9367759541092,62,18.384067019527187,3704.633193699338,46,9.739079624852916,2031.6473697763158,2026-07-16 22:00:00,0xd0601ce157db5bdc3162bbac2a2c8af5320d9eec
55,16.896349990168353,3478.642340095722,35,6.938920718111706,1407.7646933377264,55,13.995560881530203,2848.2380183545924,25,4.844595427600247,1000.1896061363782,2026-07-16 23:00:00,0xd0601ce157db5bdc3162bbac2a2c8af5320d9eec
53,75.33015967824072,15475.030854722356,42,6.867414462985796,1376.4110510371677,25,2.0666941243938606,423.5385809116604,24,10.565483683320068,2168.838644025247,2026-07-17 00:00:00,0xd0601ce157db5bdc3162bbac2a2c8af5320d9eec
85,3.880504276432115,799.5698058690695,22,2.863519477286754,579.6913939506308,39,6.69462493901043,1359.814964677383,87,28.399816125465843,5878.125676047522,2026-07-17 01:00:00,0xd0601ce157db5bdc3162bbac2a2c8af5320d9eec
48,28.004178830869492,5733.587503004524,99,120.4481705857121,24120.360998200733,45,11.464930054679387,2317.091541264755,62,18.384067019527187,3704.633193699338,2026-07-17 02:00:00,0xd0601ce157db5bdc3162bbac2a2c8af5320d9eec
47,11.496720571894512,2354.4659908170165,34,24.62950724128467,5024.038781507112,34,4.134334106131028,848.065637849167,55,13.995560881530203,2848.2380183545924,2026-07-17 03:00:00,0xd0601ce157db5bdc3162bbac2a2c8af5320d9eec
38,11.187402122520878,2274.820981890024,49,28.867196795304146,5913.844061437149,29,12.347068037908674,2487.5476226789087,25,2.0666941243938606,423.5385809116604,2026-07-17 04:00:00,0xd0601ce157db5bdc3162bbac2a2c8af5320d9eec
32,16.11419102574376,3272.1673321927083,506,826.1648699812704,170792.6201626445,24,1.7986283083269807,359.2801589082962,39,6.69462493901043,1359.814964677383,2026-07-17 05:00:00,0xd0601ce157db5bdc3162bbac2a2c8af5320d9eec
36,15.428095012768845,3093.968296830769,80,84.8622844034906,18162.979861440606,20,7.4080779426277195,1495.9367759541092,45,11.464930054679387,2317.091541264755,2026-07-17 06:00:00,0xd0601ce157db5bdc3162bbac2a2c8af5320d9eec
28,7.8655924863618925,1590.8990013134119,112,89.4476309344237,18074.736474458296,35,6.938920718111706,1407.7646933377264,34,4.134334106131028,848.065637849167,2026-07-17 07:00:00,0xd0601ce157db5bdc3162bbac2a2c8af5320d9eec
35,12.80346829000006,2570.9536709895174,135,111.87456377237123,22940.199811863007,42,6.867414462985796,1376.4110510371677,29,12.347068037908674,2487.5476226789087,2026-07-17 08:00:00,0xd0601ce157db5bdc3162bbac2a2c8af5320d9eec
17,2.5786180667040077,519.0510227482322,49,14.941416910212793,3015.97740175281,22,2.863519477286754,579.6913939506308,24,1.7986283083269807,359.2801589082962,2026-07-17 09:00:00,0xd0601ce157db5bdc3162bbac2a2c8af5320d9eec
28,7.016352266249227,1420.336536078525,27,3.33355664012949,676.4468883366454,99,120.4481705857121,24120.360998200733,20,7.4080779426277195,1495.9367759541092,2026-07-17 10:00:00,0xd0601ce157db5bdc3162bbac2a2c8af5320d9eec
21,3.2669067066613042,659.3862414534615,77,76.28789580104709,16087.622903105846,34,24.62950724128467,5024.038781507112,35,6.938920718111706,1407.7646933377264,2026-07-17 11:00:00,0xd0601ce157db5bdc3162bbac2a2c8af5320d9eec
24,8.075576442714409,1583.50619841786,89,62.727813165658596,12492.02201643072,49,28.867196795304146,5913.844061437149,42,6.867414462985796,1376.4110510371677,2026-07-17 12:00:00,0xd0601ce157db5bdc3162bbac2a2c8af5320d9eec
33,5.695108958548393,1152.884360221694,59,17.995182711897492,3681.6547460567294,506,826.1648699812704,170792.6201626445,22,2.863519477286754,579.6913939506308,2026-07-17 13:00:00,0xd0601ce157db5bdc3162bbac2a2c8af5320d9eec
97,106.60170302185801,21764.739902129455,103,30.29669150883105,6118.380992604895,80,84.8622844034906,18162.979861440606,99,120.4481705857121,24120.360998200733,2026-07-17 14:00:00,0xd0601ce157db5bdc3162bbac2a2c8af5320d9eec
41,11.721745313549441,2374.637668041543,49,21.502856944851516,4367.375764433209,112,89.4476309344237,18074.736474458296,34,24.62950724128467,5024.038781507112,2026-07-17 15:00:00,0xd0601ce157db5bdc3162bbac2a2c8af5320d9eec
39,7.673447440018854,1537.4526888448672,34,26.75779885169289,5405.363101866721,135,111.87456377237123,22940.199811863007,49,28.867196795304146,5913.844061437149,2026-07-17 16:00:00,0xd0601ce157db5bdc3162bbac2a2c8af5320d9eec
324,446.2281395015049,92103.23413639497,47,20.276074842281652,4115.28398976468,49,14.941416910212793,3015.97740175281,506,826.1648699812704,170792.6201626445,2026-07-17 17:00:00,0xd0601ce157db5bdc3162bbac2a2c8af5320d9eec
118,64.64364088249323,13021.431970840526,60,62.545497529689705,12598.282333366102,27,3.33355664012949,676.4468883366454,80,84.8622844034906,18162.979861440606,2026-07-17 18:00:00,0xd0601ce157db5bdc3162bbac2a2c8af5320d9eec
63,45.241830104946594,9131.781089332739,39,5.783158276705733,1150.0669611942897,77,76.28789580104709,16087.622903105846,112,89.4476309344237,18074.736474458296,2026-07-17 19:00:00,0xd0601ce157db5bdc3162bbac2a2c8af5320d9eec
65,60.429196366800475,12423.65392381142,30,4.149178818881362,839.5086970075054,89,62.727813165658596,12492.02201643072,135,111.87456377237123,22940.199811863007,2026-07-17 20:00:00,0xd0601ce157db5bdc3162bbac2a2c8af5320d9eec
47,6.61311001727739,1335.2703764476323,30,8.971558346497552,1797.8992660490298,59,17.995182711897492,3681.6547460567294,49,14.941416910212793,3015.97740175281,2026-07-17 21:00:00,0xd0601ce157db5bdc3162bbac2a2c8af5320d9eec
40,4.742297890687705,966.7785484006407,22,5.894683636660811,1186.8301370781892,103,30.29669150883105,6118.380992604895,27,3.33355664012949,676.4468883366454,2026-07-17 22:00:00,0xd0601ce157db5bdc3162bbac2a2c8af5320d9eec
66,45.510944111027136,9408.024081244363,21,5.844781655470861,1177.5367801571863,49,21.502856944851516,4367.375764433209,77,76.28789580104709,16087.622903105846,2026-07-17 23:00:00,0xd0601ce157db5bdc3162bbac2a2c8af5320d9eec
80,46.57580910220877,9342.632461634292,17,5.330983749132918,1079.268739284685,34,26.75779885169289,5405.363101866721,89,62.727813165658596,12492.02201643072,2026-07-18 00:00:00,0xd0601ce157db5bdc3162bbac2a2c8af5320d9eec
133,63.091612261319646,12743.394839753659,51,12.524662596196418,2539.0666130586837,47,20.276074842281652,4115.28398976468,59,17.995182711897492,3681.6547460567294,2026-07-18 01:00:00,0xd0601ce157db5bdc3162bbac2a2c8af5320d9eec
70,20.035103140247216,4040.4403152189107,60,19.359870940646474,3914.10338057922,60,62.545497529689705,12598.282333366102,103,30.29669150883105,6118.380992604895,2026-07-18 02:00:00,0xd0601ce157db5bdc3162bbac2a2c8af5320d9eec
85,26.402466559709,5404.903498610653,55,31.22862270537779,6408.138820456994,39,5.783158276705733,1150.0669611942897,49,21.502856944851516,4367.375764433209,2026-07-18 03:00:00,0xd0601ce157db5bdc3162bbac2a2c8af5320d9eec
39,13.676751895374185,2757.9158895333226,96,72.27271574508318,14735.273693646395,30,4.149178818881362,839.5086970075054,34,26.75779885169289,5405.363101866721,2026-07-18 04:00:00,0xd0601ce157db5bdc3162bbac2a2c8af5320d9eec
47,9.891152002044704,2031.1926339432277,64,15.721707236207525,3196.7716278628395,30,8.971558346497552,1797.8992660490298,47,20.276074842281652,4115.28398976468,2026-07-18 05:00:00,0xd0601ce157db5bdc3162bbac2a2c8af5320d9eec
56,11.459048042346822,2315.9629550598893,79,10.022692243812028,2010.555175418016,22,5.894683636660811,1186.8301370781892,60,62.545497529689705,12598.282333366102,2026-07-18 06:00:00,0xd0601ce157db5bdc3162bbac2a2c8af5320d9eec
53,12.160877192166632,2456.8953398262065,81,10.290753229981542,2140.366712240065,21,5.844781655470861,1177.5367801571863,39,5.783158276705733,1150.0669611942897,2026-07-18 07:00:00,0xd0601ce157db5bdc3162bbac2a2c8af5320d9eec
30,4.69494446543525,944.1604938197916,46,19.88180236041241,4012.5492915280056,17,5.330983749132918,1079.268739284685,30,4.149178818881362,839.5086970075054,2026-07-18 08:00:00,0xd0601ce157db5bdc3162bbac2a2c8af5320d9eec
24,2.092649054659318,422.9925993601269,67,42.5939067921247,8522.048297143652,51,12.524662596196418,2539.0666130586837,30,8.971558346497552,1797.8992660490298,2026-07-18 09:00:00,0xd0601ce157db5bdc3162bbac2a2c8af5320d9eec
20,1.7781863133812184,358.77115366100315,84,52.006082417268075,10425.599904944853,60,19.359870940646474,3914.10338057922,22,5.894683636660811,1186.8301370781892,2026-07-18 10:00:00,0xd0601ce157db5bdc3162bbac2a2c8af5320d9eec
36,4.287088498710223,864.4407576846428,46,11.683297081807027,2370.6421685035634,55,31.22862270537779,6408.138820456994,21,5.844781655470861,1177.5367801571863,2026-07-18 11:00:00,0xd0601ce157db5bdc3162bbac2a2c8af5320d9eec
30,2.9534373648583623,596.4270419742809,50,24.707325688774056,4992.596267586436,96,72.27271574508318,14735.273693646395,17,5.330983749132918,1079.268739284685,2026-07-18 12:00:00,0xd0601ce157db5bdc3162bbac2a2c8af5320d9eec
75,28.53810513625597,5772.883380733588,47,6.521612323067796,1305.6458226571576,64,15.721707236207525,3196.7716278628395,51,12.524662596196418,2539.0666130586837,2026-07-18 13:00:00,0xd0601ce157db5bdc3162bbac2a2c8af5320d9eec
36,3.7707650724286417,765.4555976453598,49,5.831041028871846,1178.8465941248942,79,10.022692243812028,2010.555175418016,60,19.359870940646474,3914.10338057922,2026-07-18 14:00:00,0xd0601ce157db5bdc3162bbac2a2c8af5320d9eec
57,11.691312301016515,2389.3685877674952,37,14.974698548184858,3241.623641991435,81,10.290753229981542,2140.366712240065,55,31.22862270537779,6408.138820456994,2026-07-18 15:00:00,0xd0601ce157db5bdc3162bbac2a2c8af5320d9eec
110,50.7765171606534,10530.9334730436,56,19.02421618961239,3913.0827031096246,46,19.88180236041241,4012.5492915280056,96,72.27271574508318,14735.273693646395,2026-07-18 16:00:00,0xd0601ce157db5bdc3162bbac2a2c8af5320d9eec
91,36.71362966866077,7381.059975251111,98,43.45217222032183,8812.548493074748,67,42.5939067921247,8522.048297143652,64,15.721707236207525,3196.7716278628395,2026-07-18 17:00:00,0xd0601ce157db5bdc3162bbac2a2c8af5320d9eec
78,8.606477421984788,1739.3633344595764,36,6.9831236703323665,1415.1813397101362,84,52.006082417268075,10425.599904944853,79,10.022692243812028,2010.555175418016,2026-07-18 18:00:00,0xd0601ce157db5bdc3162bbac2a2c8af5320d9eec
63,56.829375909324185,11399.422083171783,43,16.26080891411223,3288.64540859606,46,11.683297081807027,2370.6421685035634,81,10.290753229981542,2140.366712240065,2026-07-18 19:00:00,0xd0601ce157db5bdc3162bbac2a2c8af5320d9eec
64,14.927739189989076,3040.842311385715,55,6.243287010663589,1263.4671760473889,50,24.707325688774056,4992.596267586436,46,19.88180236041241,4012.5492915280056,2026-07-18 20:00:00,0xd0601ce157db5bdc3162bbac2a2c8af5320d9eec
80,11.509513158030037,2345.134500416333,53,19.818715408843325,4003.20022932637,47,6.521612323067796,1305.6458226571576,67,42.5939067921247,8522.048297143652,2026-07-18 21:00:00,0xd0601ce157db5bdc3162bbac2a2c8af5320d9eec
50,17.290508783919528,3492.9211219393433,26,29.934423355683357,6237.740985551338,49,5.831041028871846,1178.8465941248942,84,52.006082417268075,10425.599904944853,2026-07-18 22:00:00,0xd0601ce157db5bdc3162bbac2a2c8af5320d9eec
44,6.557244073862497,1329.1551219281255,45,28.465964924712104,5698.011733969821,37,14.974698548184858,3241.623641991435,46,11.683297081807027,2370.6421685035634,2026-07-18 23:00:00,0xd0601ce157db5bdc3162bbac2a2c8af5320d9eec
73,14.787959864071947,2986.9800057872058,28,22.883536832681713,4662.575373647663,56,19.02421618961239,3913.0827031096246,50,24.707325688774056,4992.596267586436,2026-07-19 00:00:00,0xd0601ce157db5bdc3162bbac2a2c8af5320d9eec
30,12.989146848328108,2635.756815341382,49,12.869980087158233,2631.4287210664797,98,43.45217222032183,8812.548493074748,47,6.521612323067796,1305.6458226571576,2026-07-19 01:00:00,0xd0601ce157db5bdc3162bbac2a2c8af5320d9eec
42,10.879409583426613,2167.185585507342,34,25.238868596925485,5135.662765540608,36,6.9831236703323665,1415.1813397101362,49,5.831041028871846,1178.8465941248942,2026-07-19 02:00:00,0xd0601ce157db5bdc3162bbac2a2c8af5320d9eec
23,2.052062585928737,413.56048256693697,32,5.484514900771147,1108.605369622965,43,16.26080891411223,3288.64540859606,37,14.974698548184858,3241.623641991435,2026-07-19 03:00:00,0xd0601ce157db5bdc3162bbac2a2c8af5320d9eec
84,52.13177896339563,10962.09917161497,57,22.52094637731778,4615.355830608557,55,6.243287010663589,1263.4671760473889,56,19.02421618961239,3913.0827031096246,2026-07-19 04:00:00,0xd0601ce157db5bdc3162bbac2a2c8af5320d9eec
45,13.136772212970241,2655.9376261294833,44,9.952544774764938,1997.5621226409767,53,19.818715408843325,4003.20022932637,98,43.45217222032183,8812.548493074748,2026-07-19 05:00:00,0xd0601ce157db5bdc3162bbac2a2c8af5320d9eec
33,22.836492642545295,4560.124378387531,325,502.2829571381381,103218.60588894058,26,29.934423355683357,6237.740985551338,36,6.9831236703323665,1415.1813397101362,2026-07-19 06:00:00,0xd0601ce157db5bdc3162bbac2a2c8af5320d9eec
46,11.2703539912233,2292.742117881771,201,360.03463241659745,74648.21383253977,45,28.465964924712104,5698.011733969821,43,16.26080891411223,3288.64540859606,2026-07-19 07:00:00,0xd0601ce157db5bdc3162bbac2a2c8af5320d9eec
40,17.17331959549549,3572.2523434730074,80,75.5214038479932,15497.635586960756,28,22.883536832681713,4662.575373647663,55,6.243287010663589,1263.4671760473889,2026-07-19 08:00:00,0xd0601ce157db5bdc3162bbac2a2c8af5320d9eec
45,49.79744314738897,10324.489816090743,62,99.65357058834648,19984.759907861797,49,12.869980087158233,2631.4287210664797,53,19.818715408843325,4003.20022932637,2026-07-19 09:00:00,0xd0601ce157db5bdc3162bbac2a2c8af5320d9eec
37,32.329454294787745,6620.579482533715,41,28.778303856460628,6013.948198903795,34,25.238868596925485,5135.662765540608,26,29.934423355683357,6237.740985551338,2026-07-19 10:00:00,0xd0601ce157db5bdc3162bbac2a2c8af5320d9eec
37,6.078875291273614,1244.1614085599886,30,60.29307528771608,12068.971622272174,32,5.484514900771147,1108.605369622965,45,28.465964924712104,5698.011733969821,2026-07-19 11:00:00,0xd0601ce157db5bdc3162bbac2a2c8af5320d9eec
51,61.19945069082211,12426.945224869067,73,36.23753017143755,7398.27842634685,57,22.52094637731778,4615.355830608557,28,22.883536832681713,4662.575373647663,2026-07-19 12:00:00,0xd0601ce157db5bdc3162bbac2a2c8af5320d9eec
26,15.809965298280389,3205.176396977645,37,25.234535601192736,5109.379549039014,44,9.952544774764938,1997.5621226409767,49,12.869980087158233,2631.4287210664797,2026-07-19 13:00:00,0xd0601ce157db5bdc3162bbac2a2c8af5320d9eec
38,32.771872397180104,6806.482774847359,23,38.197034076387766,7720.825262161235,325,502.2829571381381,103218.60588894058,34,25.238868596925485,5135.662765540608,2026-07-19 14:00:00,0xd0601ce157db5bdc3162bbac2a2c8af5320d9eec
46,40.23726185160377,8297.543619894273,26,6.624142327400637,1346.0409133060473,201,360.03463241659745,74648.21383253977,32,5.484514900771147,1108.605369622965,2026-07-19 15:00:00,0xd0601ce157db5bdc3162bbac2a2c8af5320d9eec
37,6.888734002612309,1387.4300526164297,30,14.635891178458579,2962.1458651115854,80,75.5214038479932,15497.635586960756,57,22.52094637731778,4615.355830608557,2026-07-19 16:00:00,0xd0601ce157db5bdc3162bbac2a2c8af5320d9eec
186,193.04560660006558,39887.81366720899,1024,497.8110659634117,101262.655805399,62,99.65357058834648,19984.759907861797,44,9.952544774764938,1997.5621226409767,2026-07-19 17:00:00,0xd0601ce157db5bdc3162bbac2a2c8af5320d9eec
463,921.3195206386928,187775.72306211476,677,381.7360599230117,78048.03968987736,41,28.778303856460628,6013.948198903795,325,502.2829571381381,103218.60588894058,2026-07-19 18:00:00,0xd0601ce157db5bdc3162bbac2a2c8af5320d9eec
78,116.42312730292531,24168.48641846363,4933,3736.7642239216502,762060.6609336536,30,60.29307528771608,12068.971622272174,201,360.03463241659745,74648.21383253977,2026-07-19 19:00:00,0xd0601ce157db5bdc3162bbac2a2c8af5320d9eec
80,167.85841790839063,34138.434433614515,632,726.2411982908245,149374.00479034448,73,36.23753017143755,7398.27842634685,80,75.5214038479932,15497.635586960756,2026-07-19 20:00:00,0xd0601ce157db5bdc3162bbac2a2c8af5320d9eec
59,32.08576761442647,6663.74045493892,611,352.21923074841527,72263.79678192794,37,25.234535601192736,5109.379549039014,62,99.65357058834648,19984.759907861797,2026-07-19 21:00:00,0xd0601ce157db5bdc3162bbac2a2c8af5320d9eec
61,69.07678732339434,14346.76073650033,177,250.3041046197528,51242.81217516788,23,38.197034076387766,7720.825262161235,41,28.778303856460628,6013.948198903795,2026-07-19 22:00:00,0xd0601ce157db5bdc3162bbac2a2c8af5320d9eec
33,23.1413511132115,4682.249214177448,685,708.3527526178203,145080.43485950687,26,6.624142327400637,1346.0409133060473,30,60.29307528771608,12068.971622272174,2026-07-19 23:00:00,0xd0601ce157db5bdc3162bbac2a2c8af5320d9eec
40,41.14334771541016,8361.434855626147,375,303.65806744337294,62410.79861167344,30,14.635891178458579,2962.1458651115854,73,36.23753017143755,7398.27842634685,2026-07-20 00:00:00,0xd0601ce157db5bdc3162bbac2a2c8af5320d9eec
34,29.59994476695552,5941.904822011117,213,177.2569601515932,36541.51537072573,1024,497.8110659634117,101262.655805399,37,25.234535601192736,5109.379549039014,2026-07-20 01:00:00,0xd0601ce157db5bdc3162bbac2a2c8af5320d9eec
34,55.659253359884204,11223.554326472586,354,496.2975196866939,102771.01912383841,677,381.7360599230117,78048.03968987736,23,38.197034076387766,7720.825262161235,2026-07-20 02:00:00,0xd0601ce157db5bdc3162bbac2a2c8af5320d9eec
23,25.042679819822073,5061.239029924936,398,460.49453893896975,94758.152741946,4933,3736.7642239216502,762060.6609336536,26,6.624142327400637,1346.0409133060473,2026-07-20 03:00:00,0xd0601ce157db5bdc3162bbac2a2c8af5320d9eec
1581,869.3825532514271,177276.93008323232,248,217.87032307125818,44781.62739667304,632,726.2411982908245,149374.00479034448,30,14.635891178458579,2962.1458651115854,2026-07-20 04:00:00,0xd0601ce157db5bdc3162bbac2a2c8af5320d9eec
2405,1348.3264330648528,275151.6882513989,291,406.06419586575765,83166.32923279157,611,352.21923074841527,72263.79678192794,1024,497.8110659634117,101262.655805399,2026-07-20 05:00:00,0xd0601ce157db5bdc3162bbac2a2c8af5320d9eec
4866,3243.516360154375,661213.7018838314,386,195.60760618419974,39980.071527293745,177,250.3041046197528,51242.81217516788,677,381.7360599230117,78048.03968987736,2026-07-20 06:00:00,0xd0601ce157db5bdc3162bbac2a2c8af5320d9eec
2298,1450.2606501975697,296674.1862791878,803,1118.4058142753856,228491.06497915005,685,708.3527526178203,145080.43485950687,4933,3736.7642239216502,762060.6609336536,2026-07-20 07:00:00,0xd0601ce157db5bdc3162bbac2a2c8af5320d9eec
456,461.5049626487406,94719.6895011569,313,489.74871922900667,99621.23410280615,375,303.65806744337294,62410.79861167344,632,726.2411982908245,149374.00479034448,2026-07-20 08:00:00,0xd0601ce157db5bdc3162bbac2a2c8af5320d9eec
242,194.60174107978253,39938.234506923545,170,222.69134962771247,45358.90335008925,213,177.2569601515932,36541.51537072573,611,352.21923074841527,72263.79678192794,2026-07-20 09:00:00,0xd0601ce157db5bdc3162bbac2a2c8af5320d9eec
267,217.6598199257117,44438.63236376463,261,265.97557594268756,54154.206306180226,354,496.2975196866939,102771.01912383841,177,250.3041046197528,51242.81217516788,2026-07-20 10:00:00,0xd0601ce157db5bdc3162bbac2a2c8af5320d9eec
437,486.67025278830806,100049.55937117814,262,286.39120092812806,58032.01576481255,398,460.49453893896975,94758.152741946,685,708.3527526178203,145080.43485950687,2026-07-20 11:00:00,0xd0601ce157db5bdc3162bbac2a2c8af5320d9eec
294,329.6658217878638,67756.45316370233,155,95.80706947561892,19459.684607294614,248,217.87032307125818,44781.62739667304,375,303.65806744337294,62410.79861167344,2026-07-20 12:00:00,0xd0601ce157db5bdc3162bbac2a2c8af5320d9eec
308,266.57929940942347,54867.95084663368,192,169.58622265649694,34399.2759410937,291,406.06419586575765,83166.32923279157,213,177.2569601515932,36541.51537072573,2026-07-20 13:00:00,0xd0601ce157db5bdc3162bbac2a2c8af5320d9eec
321,407.52268507437554,83901.22594189688,163,149.07988080192155,30259.20091011042,386,195.60760618419974,39980.071527293745,354,496.2975196866939,102771.01912383841,2026-07-20 14:00:00,0xd0601ce157db5bdc3162bbac2a2c8af5320d9eec
205,178.0200236198778,36738.94343243902,186,97.39323900066606,19821.31221117512,803,1118.4058142753856,228491.06497915005,398,460.49453893896975,94758.152741946,2026-07-20 15:00:00,0xd0601ce157db5bdc3162bbac2a2c8af5320d9eec
230,248.5437823080846,51292.94974786781,877,562.0136987918116,114847.12241433801,313,489.74871922900667,99621.23410280615,248,217.87032307125818,44781.62739667304,2026-07-20 16:00:00,0xd0601ce157db5bdc3162bbac2a2c8af5320d9eec
257,428.80509517297224,87405.97216314338,216,130.0253097602432,26636.00165643573,170,222.69134962771247,45358.90335008925,291,406.06419586575765,83166.32923279157,2026-07-20 17:00:00,0xd0601ce157db5bdc3162bbac2a2c8af5320d9eec
1101,1554.99290650457,319349.4848785813,350,223.20027281766525,45627.23654191119,261,265.97557594268756,54154.206306180226,386,195.60760618419974,39980.071527293745,2026-07-20 18:00:00,0xd0601ce157db5bdc3162bbac2a2c8af5320d9eec
423,553.5459635318214,112416.80525733123,168,101.14735210531856,20767.651118456826,262,286.39120092812806,58032.01576481255,803,1118.4058142753856,228491.06497915005,2026-07-20 19:00:00,0xd0601ce157db5bdc3162bbac2a2c8af5320d9eec
244,267.4778604255589,54351.45842512255,637,283.1069779410455,58165.39072481972,155,95.80706947561892,19459.684607294614,313,489.74871922900667,99621.23410280615,2026-07-20 20:00:00,0xd0601ce157db5bdc3162bbac2a2c8af5320d9eec
502,582.2908382155099,118254.49527972766,374,275.0505244026426,56512.165612878896,192,169.58622265649694,34399.2759410937,170,222.69134962771247,45358.90335008925,2026-07-20 21:00:00,0xd0601ce157db5bdc3162bbac2a2c8af5320d9eec
178,163.3388493498941,33091.13715343783,301,303.27307655702555,62376.39750759706,163,149.07988080192155,30259.20091011042,261,265.97557594268756,54154.206306180226,2026-07-20 22:00:00,0xd0601ce157db5bdc3162bbac2a2c8af5320d9eec
360,326.2774722586852,66135.87589911984,168,97.43985684288668,20032.7997875327,186,97.39323900066606,19821.31221117512,262,286.39120092812806,58032.01576481255,2026-07-20 23:00:00,0xd0601ce157db5bdc3162bbac2a2c8af5320d9eec
276,227.06188035353046,46075.82402359752,437,507.14090346159014,104185.12480800337,877,562.0136987918116,114847.12241433801,155,95.80706947561892,19459.684607294614,2026-07-21 00:00:00,0xd0601ce157db5bdc3162bbac2a2c8af5320d9eec
296,225.8110869737497,45862.56747665231,595,390.05162736778396,80236.48263283136,216,130.0253097602432,26636.00165643573,192,169.58622265649694,34399.2759410937,2026-07-21 01:00:00,0xd0601ce157db5bdc3162bbac2a2c8af5320d9eec
229,217.13973758807597,44200.322612988784,484,903.345698374772,186337.64068810586,350,223.20027281766525,45627.23654191119,163,149.07988080192155,30259.20091011042,2026-07-21 02:00:00,0xd0601ce157db5bdc3162bbac2a2c8af5320d9eec
1266,870.8590369568354,177718.48881226988,438,597.5296392093894,122523.3678989026,168,101.14735210531856,20767.651118456826,186,97.39323900066606,19821.31221117512,2026-07-21 03:00:00,0xd0601ce157db5bdc3162bbac2a2c8af5320d9eec
270,159.98316432924085,32770.82313587637,472,440.5941245148781,90990.60595476176,637,283.1069779410455,58165.39072481972,877,562.0136987918116,114847.12241433801,2026-07-21 04:00:00,0xd0601ce157db5bdc3162bbac2a2c8af5320d9eec
1310,955.4047815994618,195237.87189376366,368,439.4256569639879,90346.49904877943,374,275.0505244026426,56512.165612878896,216,130.0253097602432,26636.00165643573,2026-07-21 05:00:00,0xd0601ce157db5bdc3162bbac2a2c8af5320d9eec
185,235.74394528131322,48248.49969142471,527,503.9024866374627,103999.5278587796,301,303.27307655702555,62376.39750759706,350,223.20027281766525,45627.23654191119,2026-07-21 06:00:00,0xd0601ce157db5bdc3162bbac2a2c8af5320d9eec
500,349.135440825815,71608.61791930397,427,996.2672202709949,206716.30513932978,168,97.43985684288668,20032.7997875327,168,101.14735210531856,20767.651118456826,2026-07-21 07:00:00,0xd0601ce157db5bdc3162bbac2a2c8af5320d9eec
1582,682.0796486010164,139812.90328259196,387,572.246446821301,118574.6487078847,437,507.14090346159014,104185.12480800337,637,283.1069779410455,58165.39072481972,2026-07-21 08:00:00,0xd0601ce157db5bdc3162bbac2a2c8af5320d9eec
339,402.2335815666676,82745.25953233197,258,361.550639449039,74833.40145837738,595,390.05162736778396,80236.48263283136,374,275.0505244026426,56512.165612878896,2026-07-21 09:00:00,0xd0601ce157db5bdc3162bbac2a2c8af5320d9eec
268,179.18617872869316,36887.482254215174,393,1013.4693582785818,209241.29169055345,484,903.345698374772,186337.64068810586,301,303.27307655702555,62376.39750759706,2026-07-21 10:00:00,0xd0601ce157db5bdc3162bbac2a2c8af5320d9eec
318,202.89352016512288,41719.2195030915,425,680.1954106985269,140714.19865636967,438,597.5296392093894,122523.3678989026,168,97.43985684288668,20032.7997875327,2026-07-21 11:00:00,0xd0601ce157db5bdc3162bbac2a2c8af5320d9eec
1090,686.953029738339,141402.02818433332,253,285.1157572694141,58849.502411430665,472,440.5941245148781,90990.60595476176,437,507.14090346159014,104185.12480800337,2026-07-21 12:00:00,0xd0601ce157db5bdc3162bbac2a2c8af5320d9eec
541,611.5479068559987,126079.44962266782,322,206.7034295831911,42695.68973036993,368,439.4256569639879,90346.49904877943,595,390.05162736778396,80236.48263283136,2026-07-21 13:00:00,0xd0601ce157db5bdc3162bbac2a2c8af5320d9eec
474,712.1745643997956,145982.40874261386,605,949.3346764984378,196215.947849456,527,503.9024866374627,103999.5278587796,484,903.345698374772,186337.64068810586,2026-07-21 14:00:00,0xd0601ce157db5bdc3162bbac2a2c8af5320d9eec
370,488.97688651626714,100639.5578864041,353,276.55541528889137,57092.0558886909,427,996.2672202709949,206716.30513932978,438,597.5296392093894,122523.3678989026,2026-07-21 15:00:00,0xd0601ce157db5bdc3162bbac2a2c8af5320d9eec
531,551.2885572071626,113718.73124814406,706,398.0621183463617,82105.6532640936,387,572.246446821301,118574.6487078847,472,440.5941245148781,90990.60595476176,2026-07-21 16:00:00,0xd0601ce157db5bdc3162bbac2a2c8af5320d9eec
999,610.690964352489,125843.13858741026,437,293.31129143691356,60465.18373938527,258,361.550639449039,74833.40145837738,368,439.4256569639879,90346.49904877943,2026-07-21 17:00:00,0xd0601ce157db5bdc3162bbac2a2c8af5320d9eec
466,1039.542434156869,214895.7052591975,616,499.43998283136256,102531.75152607687,393,1013.4693582785818,209241.29169055345,527,503.9024866374627,103999.5278587796,2026-07-21 18:00:00,0xd0601ce157db5bdc3162bbac2a2c8af5320d9eec
856,1786.7367167423458,370392.9498395169,225,154.90060830978078,31761.53397247596,425,680.1954106985269,140714.19865636967,427,996.2672202709949,206716.30513932978,2026-07-21 19:00:00,0xd0601ce157db5bdc3162bbac2a2c8af5320d9eec
363,345.40615017479536,74507.07328681137,308,295.61549111038033,60686.77000039762,253,285.1157572694141,58849.502411430665,387,572.246446821301,118574.6487078847,2026-07-21 20:00:00,0xd0601ce157db5bdc3162bbac2a2c8af5320d9eec
230,174.12741860635523,36055.8018648008,278,452.3664514685519,92574.12166665666,322,206.7034295831911,42695.68973036993,258,361.550639449039,74833.40145837738,2026-07-21 21:00:00,0xd0601ce157db5bdc3162bbac2a2c8af5320d9eec
168,214.23296568451678,44334.3035505876,291,196.4306320080405,40286.74928413275,605,949.3346764984378,196215.947849456,393,1013.4693582785818,209241.29169055345,2026-07-21 22:00:00,0xd0601ce157db5bdc3162bbac2a2c8af5320d9eec
248,210.29904887996852,43415.83731029063,337,464.4431495225192,95397.91228528852,353,276.55541528889137,57092.0558886909,425,680.1954106985269,140714.19865636967,2026-07-21 23:00:00,0xd0601ce157db5bdc3162bbac2a2c8af5320d9eec
0,,,1,0.001388789058644379,1.000377,0,,,0,,,2026-07-15 00:00:00,0xd5f3879160bc7c32ebb4dc785f8a4f505888de68
0,,,0,,,0,,,1,0.015921857724771164,11.450936491499998,2026-07-15 01:00:00,0xd5f3879160bc7c32ebb4dc785f8a4f505888de68
0,,,13,0.04669930626699291,33.59591138911299,1,0.009792575761277572,7.011531302472,0,,,2026-07-15 02:00:00,0xd5f3879160bc7c32ebb4dc785f8a4f505888de68
0,,,8,0.2738240897271355,197.130733979795,0,,,0,,,2026-07-15 03:00:00,0xd5f3879160bc7c32ebb4dc785f8a4f505888de68
0,,,11,0.47292193114832315,352.28307551616206,2,0.025402708743841294,18.255150969363,0,,,2026-07-15 04:00:00,0xd5f3879160bc7c32ebb4dc785f8a4f505888de68
0,,,3,0.022442134111242136,15.990991794572,10,0.07543152928857742,54.51846378998799,0,,,2026-07-15 05:00:00,0xd5f3879160bc7c32ebb4dc785f8a4f505888de68
1,0.002504559680812381,1.8001458000000001,7,0.08260006678639159,58.6136460774472,1,0.003186804774847432,2.2598012745000005,1,0.009792575761277572,7.011531302472,2026-07-15 06:00:00,0xd5f3879160bc7c32ebb4dc785f8a4f505888de68
2,0.007677040616452703,5.565996671208,0,,,4,0.031927885442706604,22.831300339296,0,,,2026-07-15 07:00:00,0xd5f3879160bc7c32ebb4dc785f8a4f505888de68
4,0.05489012952803385,40.014722190258,0,,,1,0.001388789058644379,1.000377,2,0.025402708743841294,18.255150969363,2026-07-15 08:00:00,0xd5f3879160bc7c32ebb4dc785f8a4f505888de68
5,0.04351048507178008,31.485321585307,0,,,0,,,10,0.07543152928857742,54.51846378998799,2026-07-15 09:00:00,0xd5f3879160bc7c32ebb4dc785f8a4f505888de68
8,0.1530491354549275,108.266131388882,0,,,13,0.04669930626699291,33.59591138911299,1,0.003186804774847432,2.2598012745000005,2026-07-15 10:00:00,0xd5f3879160bc7c32ebb4dc785f8a4f505888de68
1,0.004754837795687326,3.40615054989,1,0.003657696899100665,2.603760417375,8,0.2738240897271355,197.130733979795,4,0.031927885442706604,22.831300339296,2026-07-15 11:00:00,0xd5f3879160bc7c32ebb4dc785f8a4f505888de68
0,,,0,,,11,0.47292193114832315,352.28307551616206,1,0.001388789058644379,1.000377,2026-07-15 12:00:00,0xd5f3879160bc7c32ebb4dc785f8a4f505888de68
0,,,1,0.005310308517573286,3.803196020306,3,0.022442134111242136,15.990991794572,0,,,2026-07-15 13:00:00,0xd5f3879160bc7c32ebb4dc785f8a4f505888de68
6,0.2700110088159018,200.599841972275,0,,,7,0.08260006678639159,58.6136460774472,13,0.04669930626699291,33.59591138911299,2026-07-15 14:00:00,0xd5f3879160bc7c32ebb4dc785f8a4f505888de68
27,1.0958081529650405,808.9962979471801,1,0.012713232864139886,9.128577,0,,,8,0.2738240897271355,197.130733979795,2026-07-15 15:00:00,0xd5f3879160bc7c32ebb4dc785f8a4f505888de68
0,,,0,,,0,,,11,0.47292193114832315,352.28307551616206,2026-07-15 16:00:00,0xd5f3879160bc7c32ebb4dc785f8a4f505888de68
0,,,1,0.00794711431735342,5.742662111472001,0,,,3,0.022442134111242136,15.990991794572,2026-07-15 17:00:00,0xd5f3879160bc7c32ebb4dc785f8a4f505888de68
0,,,0,,,0,,,7,0.08260006678639159,58.6136460774472,2026-07-15 18:00:00,0xd5f3879160bc7c32ebb4dc785f8a4f505888de68
1,0.008297932617736212,5.922367515274,0,,,1,0.003657696899100665,2.603760417375,0,,,2026-07-15 19:00:00,0xd5f3879160bc7c32ebb4dc785f8a4f505888de68
0,,,0,,,0,,,0,,,2026-07-15 20:00:00,0xd5f3879160bc7c32ebb4dc785f8a4f505888de68
0,,,1,0.001,0.709966930302,1,0.005310308517573286,3.803196020306,0,,,2026-07-15 21:00:00,0xd5f3879160bc7c32ebb4dc785f8a4f505888de68
0,,,0,,,0,,,0,,,2026-07-15 22:00:00,0xd5f3879160bc7c32ebb4dc785f8a4f505888de68
0,,,0,,,1,0.012713232864139886,9.128577,1,0.003657696899100665,2.603760417375,2026-07-15 23:00:00,0xd5f3879160bc7c32ebb4dc785f8a4f505888de68
0,,,0,,,0,,,0,,,2026-07-16 00:00:00,0xd5f3879160bc7c32ebb4dc785f8a4f505888de68
0,,,0,,,1,0.00794711431735342,5.742662111472001,1,0.005310308517573286,3.803196020306,2026-07-16 01:00:00,0xd5f3879160bc7c32ebb4dc785f8a4f505888de68
1,0.003807900345863406,2.713074941001,0,,,0,,,0,,,2026-07-16 02:00:00,0xd5f3879160bc7c32ebb4dc785f8a4f505888de68
0,,,3,0.08005145101081912,56.392174305304,0,,,1,0.012713232864139886,9.128577,2026-07-16 03:00:00,0xd5f3879160bc7c32ebb4dc785f8a4f505888de68
0,,,0,,,0,,,0,,,2026-07-16 04:00:00,0xd5f3879160bc7c32ebb4dc785f8a4f505888de68
0,,,1,0.0159919319653703,11.240116147725,1,0.001,0.709966930302,1,0.00794711431735342,5.742662111472001,2026-07-16 05:00:00,0xd5f3879160bc7c32ebb4dc785f8a4f505888de68
0,,,0,,,0,,,0,,,2026-07-16 06:00:00,0xd5f3879160bc7c32ebb4dc785f8a4f505888de68
3,0.11681514603482449,82.92664448483801,0,,,0,,,0,,,2026-07-16 07:00:00,0xd5f3879160bc7c32ebb4dc785f8a4f505888de68
2,0.06781781007818302,47.995117846368004,0,,,0,,,0,,,2026-07-16 08:00:00,0xd5f3879160bc7c32ebb4dc785f8a4f505888de68
0,,,3,0.07977530777999578,56.746136671364,0,,,1,0.001,0.709966930302,2026-07-16 09:00:00,0xd5f3879160bc7c32ebb4dc785f8a4f505888de68
0,,,2,0.09739596985618451,69.671655801926,0,,,0,,,2026-07-16 10:00:00,0xd5f3879160bc7c32ebb4dc785f8a4f505888de68
0,,,0,,,3,0.08005145101081912,56.392174305304,0,,,2026-07-16 11:00:00,0xd5f3879160bc7c32ebb4dc785f8a4f505888de68
0,,,1,0.0025896415464745,1.83247042195,0,,,0,,,2026-07-16 12:00:00,0xd5f3879160bc7c32ebb4dc785f8a4f505888de68
0,,,1,0.02211042823655148,15.540696804863998,1,0.0159919319653703,11.240116147725,0,,,2026-07-16 13:00:00,0xd5f3879160bc7c32ebb4dc785f8a4f505888de68
0,,,1,0.013094075806470583,9.257564414986,0,,,0,,,2026-07-16 14:00:00,0xd5f3879160bc7c32ebb4dc785f8a4f505888de68
1,0.00207439882888827,1.467494801276,0,,,0,,,3,0.08005145101081912,56.392174305304,2026-07-16 15:00:00,0xd5f3879160bc7c32ebb4dc785f8a4f505888de68
1,0.007294974788611815,5.151567541260001,0,,,0,,,0,,,2026-07-16 16:00:00,0xd5f3879160bc7c32ebb4dc785f8a4f505888de68
0,,,3,0.01902747891988292,13.292212881055,3,0.07977530777999578,56.746136671364,1,0.0159919319653703,11.240116147725,2026-07-16 17:00:00,0xd5f3879160bc7c32ebb4dc785f8a4f505888de68
0,,,2,0.004462861431881805,3.105738561912,2,0.09739596985618451,69.671655801926,0,,,2026-07-16 18:00:00,0xd5f3879160bc7c32ebb4dc785f8a4f505888de68
0,,,2,0.13172984439013524,90.489197854738,0,,,0,,,2026-07-16 19:00:00,0xd5f3879160bc7c32ebb4dc785f8a4f505888de68
0,,,3,0.04503798228038875,31.492660410048003,1,0.0025896415464745,1.83247042195,0,,,2026-07-16 20:00:00,0xd5f3879160bc7c32ebb4dc785f8a4f505888de68
5,0.2090077965446975,149.34293353242498,3,0.025443383293755978,17.618499016095,1,0.02211042823655148,15.540696804863998,3,0.07977530777999578,56.746136671364,2026-07-16 21:00:00,0xd5f3879160bc7c32ebb4dc785f8a4f505888de68
2,0.01597739202313245,11.291471836022001,0,,,1,0.013094075806470583,9.257564414986,2,0.09739596985618451,69.671655801926,2026-07-16 22:00:00,0xd5f3879160bc7c32ebb4dc785f8a4f505888de68
6,0.14960396254467373,106.658531513984,0,,,0,,,0,,,2026-07-16 23:00:00,0xd5f3879160bc7c32ebb4dc785f8a4f505888de68
0,,,9,0.0889742297895831,61.084734761650004,0,,,1,0.0025896415464745,1.83247042195,2026-07-17 00:00:00,0xd5f3879160bc7c32ebb4dc785f8a4f505888de68
1,0.00607353683283996,4.274772960082,0,,,3,0.01902747891988292,13.292212881055,1,0.02211042823655148,15.540696804863998,2026-07-17 01:00:00,0xd5f3879160bc7c32ebb4dc785f8a4f505888de68
2,0.011599765590748778,8.160825427472,2,0.027484149091304082,18.933482010562997,2,0.004462861431881805,3.105738561912,1,0.013094075806470583,9.257564414986,2026-07-17 02:00:00,0xd5f3879160bc7c32ebb4dc785f8a4f505888de68
0,,,0,,,2,0.13172984439013524,90.489197854738,0,,,2026-07-17 03:00:00,0xd5f3879160bc7c32ebb4dc785f8a4f505888de68
2,0.00922923762247689,6.462968798736,5,0.030113774448278154,20.962303731063997,3,0.04503798228038875,31.492660410048003,0,,,2026-07-17 04:00:00,0xd5f3879160bc7c32ebb4dc785f8a4f505888de68
2,0.1412416473479478,96.990727421854,2,0.018234472229525796,12.765457419329998,3,0.025443383293755978,17.618499016095,3,0.01902747891988292,13.292212881055,2026-07-17 05:00:00,0xd5f3879160bc7c32ebb4dc785f8a4f505888de68
0,,,0,,,0,,,2,0.004462861431881805,3.105738561912,2026-07-17 06:00:00,0xd5f3879160bc7c32ebb4dc785f8a4f505888de68
0,,,23,0.698642923181312,477.64494876458804,0,,,2,0.13172984439013524,90.489197854738,2026-07-17 07:00:00,0xd5f3879160bc7c32ebb4dc785f8a4f505888de68
3,0.016107234234370757,11.239469126311999,6,0.3495979142616656,233.25799436025002,9,0.0889742297895831,61.084734761650004,3,0.04503798228038875,31.492660410048003,2026-07-17 08:00:00,0xd5f3879160bc7c32ebb4dc785f8a4f505888de68
0,,,18,1.1209834306068192,789.548836108517,0,,,3,0.025443383293755978,17.618499016095,2026-07-17 09:00:00,0xd5f3879160bc7c32ebb4dc785f8a4f505888de68
12,0.4172430275696733,297.068182013338,9,0.20873341337614612,143.97269488632801,2,0.027484149091304082,18.933482010562997,0,,,2026-07-17 10:00:00,0xd5f3879160bc7c32ebb4dc785f8a4f505888de68
0,,,6,0.1163003981851278,80.029042597215,0,,,0,,,2026-07-17 11:00:00,0xd5f3879160bc7c32ebb4dc785f8a4f505888de68
0,,,22,1.6687887088138837,1077.8192388234418,5,0.030113774448278154,20.962303731063997,9,0.0889742297895831,61.084734761650004,2026-07-17 12:00:00,0xd5f3879160bc7c32ebb4dc785f8a4f505888de68
2,0.005404160382119171,3.74399980143,25,1.1180665664679668,757.4822164850759,2,0.018234472229525796,12.765457419329998,0,,,2026-07-17 13:00:00,0xd5f3879160bc7c32ebb4dc785f8a4f505888de68
2,0.02290926490928676,15.944333590740001,41,1.488907277892805,1007.7401951059405,0,,,2,0.027484149091304082,18.933482010562997,2026-07-17 14:00:00,0xd5f3879160bc7c32ebb4dc785f8a4f505888de68
1,0.000400546710167524,0.27799591213999997,13,0.09590749143504426,66.951300731846,23,0.698642923181312,477.64494876458804,0,,,2026-07-17 15:00:00,0xd5f3879160bc7c32ebb4dc785f8a4f505888de68
5,0.05330447962346212,37.9216234586,10,1.0092384763047775,699.377574809695,6,0.3495979142616656,233.25799436025002,5,0.030113774448278154,20.962303731063997,2026-07-17 16:00:00,0xd5f3879160bc7c32ebb4dc785f8a4f505888de68
1,0.006080701749662199,4.2390690463450005,14,1.3820415099318584,959.8328796073869,18,1.1209834306068192,789.548836108517,2,0.018234472229525796,12.765457419329998,2026-07-17 17:00:00,0xd5f3879160bc7c32ebb4dc785f8a4f505888de68
1,0.003693062422202225,2.5755941100540003,17,0.3271935829601445,226.484373012236,9,0.20873341337614612,143.97269488632801,0,,,2026-07-17 18:00:00,0xd5f3879160bc7c32ebb4dc785f8a4f505888de68
1,0.007839459742236767,5.46520915224,11,0.2646404571579485,183.91170530140698,6,0.1163003981851278,80.029042597215,23,0.698642923181312,477.64494876458804,2026-07-17 19:00:00,0xd5f3879160bc7c32ebb4dc785f8a4f505888de68
17,1.2050240549330185,854.370854379751,10,0.7281404447633643,506.57880083319,22,1.6687887088138837,1077.8192388234418,6,0.3495979142616656,233.25799436025002,2026-07-17 20:00:00,0xd5f3879160bc7c32ebb4dc785f8a4f505888de68
3,0.08525355065281785,59.172597380492995,4,0.23830127817621236,166.05355447963902,25,1.1180665664679668,757.4822164850759,18,1.1209834306068192,789.548836108517,2026-07-17 21:00:00,0xd5f3879160bc7c32ebb4dc785f8a4f505888de68
7,0.14867361242705507,102.939131854711,5,0.10895150533566729,75.131922964848,41,1.488907277892805,1007.7401951059405,9,0.20873341337614612,143.97269488632801,2026-07-17 22:00:00,0xd5f3879160bc7c32ebb4dc785f8a4f505888de68
26,1.6708860447679947,1192.370891973372,8,0.39766585584460595,271.180794871932,13,0.09590749143504426,66.951300731846,6,0.1163003981851278,80.029042597215,2026-07-17 23:00:00,0xd5f3879160bc7c32ebb4dc785f8a4f505888de68
32,1.2715099566353887,877.5746742629732,8,0.13872705717022701,96.65492143958501,10,1.0092384763047775,699.377574809695,22,1.6687887088138837,1077.8192388234418,2026-07-18 00:00:00,0xd5f3879160bc7c32ebb4dc785f8a4f505888de68
27,1.0004241132990819,661.7875121313641,7,0.16318117302644874,113.470581136731,14,1.3820415099318584,959.8328796073869,25,1.1180665664679668,757.4822164850759,2026-07-18 01:00:00,0xd5f3879160bc7c32ebb4dc785f8a4f505888de68
55,3.011482830216214,1982.4533089178092,2,0.003232454082760509,2.255747218964,17,0.3271935829601445,226.484373012236,41,1.488907277892805,1007.7401951059405,2026-07-18 02:00:00,0xd5f3879160bc7c32ebb4dc785f8a4f505888de68
4,0.024445401404118564,17.030658473552,5,0.027292159836598048,18.879189227662,11,0.2646404571579485,183.91170530140698,13,0.09590749143504426,66.951300731846,2026-07-18 03:00:00,0xd5f3879160bc7c32ebb4dc785f8a4f505888de68
9,2.4161117459750976,1673.2504307090437,22,0.694102573813242,488.154091103739,10,0.7281404447633643,506.57880083319,10,1.0092384763047775,699.377574809695,2026-07-18 04:00:00,0xd5f3879160bc7c32ebb4dc785f8a4f505888de68
17,0.5319754029725166,369.69288796654996,1,0.002070809680049418,1.4377705781130001,4,0.23830127817621236,166.05355447963902,14,1.3820415099318584,959.8328796073869,2026-07-18 05:00:00,0xd5f3879160bc7c32ebb4dc785f8a4f505888de68
12,0.12624347755482898,87.31970374610901,15,0.35921476833156873,251.45189723966897,5,0.10895150533566729,75.131922964848,17,0.3271935829601445,226.484373012236,2026-07-18 06:00:00,0xd5f3879160bc7c32ebb4dc785f8a4f505888de68
8,0.32886258452728284,228.48361236997798,10,0.4530747057469917,313.73106865152397,8,0.39766585584460595,271.180794871932,11,0.2646404571579485,183.91170530140698,2026-07-18 07:00:00,0xd5f3879160bc7c32ebb4dc785f8a4f505888de68
5,0.0282588148528272,19.590532002135998,5,0.04546206581715309,31.572557909609003,8,0.13872705717022701,96.65492143958501,10,0.7281404447633643,506.57880083319,2026-07-18 08:00:00,0xd5f3879160bc7c32ebb4dc785f8a4f505888de68
2,0.00659937549109717,4.571061046688,28,1.5631418948432012,1096.09719327361,7,0.16318117302644874,113.470581136731,4,0.23830127817621236,166.05355447963902,2026-07-18 09:00:00,0xd5f3879160bc7c32ebb4dc785f8a4f505888de68
3,0.06161504131677403,42.638846049975,16,1.2941072549792216,908.596709716477,2,0.003232454082760509,2.255747218964,5,0.10895150533566729,75.131922964848,2026-07-18 10:00:00,0xd5f3879160bc7c32ebb4dc785f8a4f505888de68
12,0.3684724803660825,253.32054921696403,17,0.5445571713443449,380.8532687975779,5,0.027292159836598048,18.879189227662,8,0.39766585584460595,271.180794871932,2026-07-18 11:00:00,0xd5f3879160bc7c32ebb4dc785f8a4f505888de68
7,0.07516375519842478,51.95390119239901,1,0.006095677675299406,4.194994740288,22,0.694102573813242,488.154091103739,8,0.13872705717022701,96.65492143958501,2026-07-18 12:00:00,0xd5f3879160bc7c32ebb4dc785f8a4f505888de68
4,0.11672797040281502,81.28879046709801,20,1.4352558880498976,944.1300594121963,1,0.002070809680049418,1.4377705781130001,7,0.16318117302644874,113.470581136731,2026-07-18 13:00:00,0xd5f3879160bc7c32ebb4dc785f8a4f505888de68
5,0.0649485635495971,45.125385736607,5,0.03884334672066182,26.926548588594002,15,0.35921476833156873,251.45189723966897,2,0.003232454082760509,2.255747218964,2026-07-18 14:00:00,0xd5f3879160bc7c32ebb4dc785f8a4f505888de68
2,0.0454233904912724,31.663438334945,6,0.05839244224727676,40.257844479261,10,0.4530747057469917,313.73106865152397,5,0.027292159836598048,18.879189227662,2026-07-18 15:00:00,0xd5f3879160bc7c32ebb4dc785f8a4f505888de68
10,0.19848733774371882,138.38813054909298,1,0.001949773357314408,1.3397475293399999,5,0.04546206581715309,31.572557909609003,22,0.694102573813242,488.154091103739,2026-07-18 16:00:00,0xd5f3879160bc7c32ebb4dc785f8a4f505888de68
9,0.08556924232174438,59.75427649915099,10,0.3844717559540825,269.30748816774803,28,1.5631418948432012,1096.09719327361,1,0.002070809680049418,1.4377705781130001,2026-07-18 17:00:00,0xd5f3879160bc7c32ebb4dc785f8a4f505888de68
12,0.6716075583883432,462.56910456936896,3,0.0327491904565049,22.871736218751,16,1.2941072549792216,908.596709716477,15,0.35921476833156873,251.45189723966897,2026-07-18 18:00:00,0xd5f3879160bc7c32ebb4dc785f8a4f505888de68
5,0.10333414446542073,71.846457790312,2,0.0072150667761830874,4.989560247504,17,0.5445571713443449,380.8532687975779,10,0.4530747057469917,313.73106865152397,2026-07-18 19:00:00,0xd5f3879160bc7c32ebb4dc785f8a4f505888de68
23,0.5947752278066255,415.49060228224295,2,0.004886533718525374,3.377009841141,1,0.006095677675299406,4.194994740288,5,0.04546206581715309,31.572557909609003,2026-07-18 20:00:00,0xd5f3879160bc7c32ebb4dc785f8a4f505888de68
32,2.500414561697981,1752.3091990964338,1,0.07136726953437421,49.620464131956,20,1.4352558880498976,944.1300594121963,28,1.5631418948432012,1096.09719327361,2026-07-18 21:00:00,0xd5f3879160bc7c32ebb4dc785f8a4f505888de68
25,3.0271278625606755,2091.2017364208277,1,0.002207354524936751,1.526554892809,5,0.03884334672066182,26.926548588594002,16,1.2941072549792216,908.596709716477,2026-07-18 22:00:00,0xd5f3879160bc7c32ebb4dc785f8a4f505888de68
4,0.024301043102543565,16.691287966683,2,0.00794722444065828,5.494105071108,6,0.05839244224727676,40.257844479261,17,0.5445571713443449,380.8532687975779,2026-07-18 23:00:00,0xd5f3879160bc7c32ebb4dc785f8a4f505888de68
2,0.045019101745219295,31.178453031384997,6,0.1951547981653325,136.556723599816,1,0.001949773357314408,1.3397475293399999,1,0.006095677675299406,4.194994740288,2026-07-19 00:00:00,0xd5f3879160bc7c32ebb4dc785f8a4f505888de68
1,0.008572826067806452,5.91526815369,2,0.001681238383483731,1.163004088144,10,0.3844717559540825,269.30748816774803,20,1.4352558880498976,944.1300594121963,2026-07-19 01:00:00,0xd5f3879160bc7c32ebb4dc785f8a4f505888de68
6,0.30055007702846975,206.723345462232,1,0.004022291615246875,2.786541671438,3,0.0327491904565049,22.871736218751,5,0.03884334672066182,26.926548588594002,2026-07-19 02:00:00,0xd5f3879160bc7c32ebb4dc785f8a4f505888de68
3,0.0077778261706132,5.350115893122,8,0.03650685815499444,25.283159921308997,2,0.0072150667761830874,4.989560247504,6,0.05839244224727676,40.257844479261,2026-07-19 03:00:00,0xd5f3879160bc7c32ebb4dc785f8a4f505888de68
6,0.12261774404378414,85.31765855493,1,0.00132679755481896,0.9184277621299999,2,0.004886533718525374,3.377009841141,1,0.001949773357314408,1.3397475293399999,2026-07-19 04:00:00,0xd5f3879160bc7c32ebb4dc785f8a4f505888de68
4,0.06578381127960402,45.767015174235,5,0.12664309643909077,87.40658617783102,1,0.07136726953437421,49.620464131956,10,0.3844717559540825,269.30748816774803,2026-07-19 05:00:00,0xd5f3879160bc7c32ebb4dc785f8a4f505888de68
5,0.04734861675311386,32.843339090714,4,0.3951151557724324,295.32851619103326,1,0.002207354524936751,1.526554892809,3,0.0327491904565049,22.871736218751,2026-07-19 06:00:00,0xd5f3879160bc7c32ebb4dc785f8a4f505888de68
5,0.02486173192091313,17.192465456364,4,0.0163188465457076,11.291950257456,2,0.00794722444065828,5.494105071108,2,0.0072150667761830874,4.989560247504,2026-07-19 07:00:00,0xd5f3879160bc7c32ebb4dc785f8a4f505888de68
6,0.039334239075325295,27.165267489772003,8,0.1636217683806581,113.56076151157,6,0.1951547981653325,136.556723599816,2,0.004886533718525374,3.377009841141,2026-07-19 08:00:00,0xd5f3879160bc7c32ebb4dc785f8a4f505888de68
2,0.005820306820671358,4.026985842679999,11,0.265524530730188,184.73037599028297,2,0.001681238383483731,1.163004088144,1,0.07136726953437421,49.620464131956,2026-07-19 09:00:00,0xd5f3879160bc7c32ebb4dc785f8a4f505888de68
4,0.010262535394104499,7.0949402000549995,2,0.000355052836222144,0.247168186881,1,0.004022291615246875,2.786541671438,1,0.002207354524936751,1.526554892809,2026-07-19 10:00:00,0xd5f3879160bc7c32ebb4dc785f8a4f505888de68
5,0.022049811216385717,15.309229748969,3,0.016022197183242357,11.195460931770002,8,0.03650685815499444,25.283159921308997,2,0.00794722444065828,5.494105071108,2026-07-19 11:00:00,0xd5f3879160bc7c32ebb4dc785f8a4f505888de68
3,0.0393983927841962,27.3436172007,0,,,1,0.00132679755481896,0.9184277621299999,6,0.1951547981653325,136.556723599816,2026-07-19 12:00:00,0xd5f3879160bc7c32ebb4dc785f8a4f505888de68
5,0.02680242858326341,18.62259342862,5,0.06349830350076528,44.233106719135996,5,0.12664309643909077,87.40658617783102,2,0.001681238383483731,1.163004088144,2026-07-19 13:00:00,0xd5f3879160bc7c32ebb4dc785f8a4f505888de68
0,,,5,0.011480105482774942,7.984786498416,4,0.3951151557724324,295.32851619103326,1,0.004022291615246875,2.786541671438,2026-07-19 14:00:00,0xd5f3879160bc7c32ebb4dc785f8a4f505888de68
4,0.005113853936578745,3.5371929357379996,2,0.04823328929856848,33.706523035396,4,0.0163188465457076,11.291950257456,8,0.03650685815499444,25.283159921308997,2026-07-19 15:00:00,0xd5f3879160bc7c32ebb4dc785f8a4f505888de68
4,0.047298766405642276,32.683749303407,2,0.029249448728331896,20.325934938011,8,0.1636217683806581,113.56076151157,1,0.00132679755481896,0.9184277621299999,2026-07-19 16:00:00,0xd5f3879160bc7c32ebb4dc785f8a4f505888de68
5,0.17637181263969862,122.43834057507,3,0.005409759348243663,3.76091425244,11,0.265524530730188,184.73037599028297,5,0.12664309643909077,87.40658617783102,2026-07-19 17:00:00,0xd5f3879160bc7c32ebb4dc785f8a4f505888de68
1,0.001085568241419648,0.7487396700000001,3,0.03046439528240804,21.079867360407,2,0.000355052836222144,0.247168186881,4,0.3951151557724324,295.32851619103326,2026-07-19 18:00:00,0xd5f3879160bc7c32ebb4dc785f8a4f505888de68
2,0.151212985689465,104.30202471733001,44,4.543932023814245,3289.7887215352857,3,0.016022197183242357,11.195460931770002,4,0.0163188465457076,11.291950257456,2026-07-19 19:00:00,0xd5f3879160bc7c32ebb4dc785f8a4f505888de68
8,0.5702902948645417,393.692649131852,3,0.1184302506009974,82.93491854791,0,,,8,0.1636217683806581,113.56076151157,2026-07-19 20:00:00,0xd5f3879160bc7c32ebb4dc785f8a4f505888de68
14,0.27007620065008986,187.38067636342,4,0.014490768371634065,10.117996392044999,5,0.06349830350076528,44.233106719135996,11,0.265524530730188,184.73037599028297,2026-07-19 21:00:00,0xd5f3879160bc7c32ebb4dc785f8a4f505888de68
4,0.05257777502384712,36.69124388194899,5,0.1467442115932021,103.34100851171101,5,0.011480105482774942,7.984786498416,2,0.000355052836222144,0.247168186881,2026-07-19 22:00:00,0xd5f3879160bc7c32ebb4dc785f8a4f505888de68
2,0.003269448560729726,2.275162360674,2,0.007728026198753008,5.397270156393,2,0.04823328929856848,33.706523035396,3,0.016022197183242357,11.195460931770002,2026-07-19 23:00:00,0xd5f3879160bc7c32ebb4dc785f8a4f505888de68
1,0.002141860986788444,1.4900641788620002,0,,,2,0.029249448728331896,20.325934938011,0,,,2026-07-20 00:00:00,0xd5f3879160bc7c32ebb4dc785f8a4f505888de68
4,0.010495582435744307,7.287213238598,2,0.05148533243079386,36.177802524696006,3,0.005409759348243663,3.76091425244,5,0.06349830350076528,44.233106719135996,2026-07-20 01:00:00,0xd5f3879160bc7c32ebb4dc785f8a4f505888de68
0,,,8,0.12896661100828474,90.39715390472499,3,0.03046439528240804,21.079867360407,5,0.011480105482774942,7.984786498416,2026-07-20 02:00:00,0xd5f3879160bc7c32ebb4dc785f8a4f505888de68
2,0.004166123639611746,2.90010391374,3,0.002270877476041301,1.589274883096,44,4.543932023814245,3289.7887215352857,2,0.04823328929856848,33.706523035396,2026-07-20 03:00:00,0xd5f3879160bc7c32ebb4dc785f8a4f505888de68
10,0.41865384392699634,290.47094933302304,4,0.08336652697740647,58.37356629718,3,0.1184302506009974,82.93491854791,2,0.029249448728331896,20.325934938011,2026-07-20 04:00:00,0xd5f3879160bc7c32ebb4dc785f8a4f505888de68
1,0.002915857358558259,2.023738962936,4,0.026345023794589133,18.415730838658998,4,0.014490768371634065,10.117996392044999,3,0.005409759348243663,3.76091425244,2026-07-20 05:00:00,0xd5f3879160bc7c32ebb4dc785f8a4f505888de68
7,0.04939714293162821,34.376665137915,82,4.181677233250354,2960.7273789076125,5,0.1467442115932021,103.34100851171101,3,0.03046439528240804,21.079867360407,2026-07-20 06:00:00,0xd5f3879160bc7c32ebb4dc785f8a4f505888de68
4,0.010630774836877506,7.381532592637001,14,0.47264720143835953,329.647740587702,2,0.007728026198753008,5.397270156393,44,4.543932023814245,3289.7887215352857,2026-07-20 07:00:00,0xd5f3879160bc7c32ebb4dc785f8a4f505888de68
10,0.8388001238254931,594.691898739856,56,1.3884232484545218,963.883873755903,0,,,3,0.1184302506009974,82.93491854791,2026-07-20 08:00:00,0xd5f3879160bc7c32ebb4dc785f8a4f505888de68
1,0.002558081038578711,1.782635608776,6,0.02505784969422077,17.340111950156,2,0.05148533243079386,36.177802524696006,4,0.014490768371634065,10.117996392044999,2026-07-20 09:00:00,0xd5f3879160bc7c32ebb4dc785f8a4f505888de68
6,0.025731355820887467,18.018137145498002,2,0.02532252128820265,17.546569604998,8,0.12896661100828474,90.39715390472499,5,0.1467442115932021,103.34100851171101,2026-07-20 10:00:00,0xd5f3879160bc7c32ebb4dc785f8a4f505888de68
1,0.004774263483386969,3.3347342393100003,0,,,3,0.002270877476041301,1.589274883096,2,0.007728026198753008,5.397270156393,2026-07-20 11:00:00,0xd5f3879160bc7c32ebb4dc785f8a4f505888de68
2,0.0046213018637191895,3.2289718392899998,4,0.10027291141738859,69.57852273578399,4,0.08336652697740647,58.37356629718,0,,,2026-07-20 12:00:00,0xd5f3879160bc7c32ebb4dc785f8a4f505888de68
2,0.006053811198154145,4.242523707912,4,0.08925387538547375,62.013081059636,4,0.026345023794589133,18.415730838658998,2,0.05148533243079386,36.177802524696006,2026-07-20 13:00:00,0xd5f3879160bc7c32ebb4dc785f8a4f505888de68
1,0.00217594454424283,1.52356449985,9,0.13853899847021056,96.256618018622,82,4.181677233250354,2960.7273789076125,8,0.12896661100828474,90.39715390472499,2026-07-20 14:00:00,0xd5f3879160bc7c32ebb4dc785f8a4f505888de68
3,0.06627443006346692,46.212999580033994,4,0.1814021478894064,126.99095634015599,14,0.47264720143835953,329.647740587702,3,0.002270877476041301,1.589274883096,2026-07-20 15:00:00,0xd5f3879160bc7c32ebb4dc785f8a4f505888de68
4,0.0844761173719587,59.381733792467,3,0.026635925563801916,18.640989273947,56,1.3884232484545218,963.883873755903,4,0.08336652697740647,58.37356629718,2026-07-20 16:00:00,0xd5f3879160bc7c32ebb4dc785f8a4f505888de68
1,0.000979788042416345,0.683716274875,1,0.006482847962113633,4.525533389594,6,0.02505784969422077,17.340111950156,4,0.026345023794589133,18.415730838658998,2026-07-20 17:00:00,0xd5f3879160bc7c32ebb4dc785f8a4f505888de68
28,1.4537943019510842,1017.2640676936487,7,1.9611062357130693,1353.989477994231,2,0.02532252128820265,17.546569604998,82,4.181677233250354,2960.7273789076125,2026-07-20 18:00:00,0xd5f3879160bc7c32ebb4dc785f8a4f505888de68
3,0.05329621255069103,37.203798557541,4,0.02342433288545397,16.387831532505,0,,,14,0.47264720143835953,329.647740587702,2026-07-20 19:00:00,0xd5f3879160bc7c32ebb4dc785f8a4f505888de68
18,0.7809237646779614,540.5477961699131,0,,,4,0.10027291141738859,69.57852273578399,56,1.3884232484545218,963.883873755903,2026-07-20 20:00:00,0xd5f3879160bc7c32ebb4dc785f8a4f505888de68
8,0.24411097760524586,169.15931913097904,3,0.05014440979973563,35.25731364570001,4,0.08925387538547375,62.013081059636,6,0.02505784969422077,17.340111950156,2026-07-20 21:00:00,0xd5f3879160bc7c32ebb4dc785f8a4f505888de68
17,0.403574860213076,278.986360943388,15,0.3116994017349862,221.01556493487098,9,0.13853899847021056,96.256618018622,2,0.02532252128820265,17.546569604998,2026-07-20 22:00:00,0xd5f3879160bc7c32ebb4dc785f8a4f505888de68
3,0.0646637817121079,44.907130194031,6,0.11707668425009185,82.95703853472,4,0.1814021478894064,126.99095634015599,0,,,2026-07-20 23:00:00,0xd5f3879160bc7c32ebb4dc785f8a4f505888de68
4,0.12917814606986877,89.434248838386,0,,,3,0.026635925563801916,18.640989273947,4,0.10027291141738859,69.57852273578399,2026-07-21 00:00:00,0xd5f3879160bc7c32ebb4dc785f8a4f505888de68
2,0.06858277600521122,47.884618963564,1,0.048138649488721645,33.821097839143,1,0.006482847962113633,4.525533389594,4,0.08925387538547375,62.013081059636,2026-07-21 01:00:00,0xd5f3879160bc7c32ebb4dc785f8a4f505888de68
7,0.18989738397178044,132.19697701651998,10,0.05965011904782663,42.16021871404799,7,1.9611062357130693,1353.989477994231,9,0.13853899847021056,96.256618018622,2026-07-21 02:00:00,0xd5f3879160bc7c32ebb4dc785f8a4f505888de68
0,,,11,0.4287080742200648,301.55914925226006,4,0.02342433288545397,16.387831532505,4,0.1814021478894064,126.99095634015599,2026-07-21 03:00:00,0xd5f3879160bc7c32ebb4dc785f8a4f505888de68
1,0.007869065962788772,5.49036819045,1,0.01606683514026729,11.367106863192,0,,,3,0.026635925563801916,18.640989273947,2026-07-21 04:00:00,0xd5f3879160bc7c32ebb4dc785f8a4f505888de68
3,0.12358219695159443,86.32464347317801,2,0.025813246656881308,18.254043726909,3,0.05014440979973563,35.25731364570001,1,0.006482847962113633,4.525533389594,2026-07-21 05:00:00,0xd5f3879160bc7c32ebb4dc785f8a4f505888de68
4,0.020191616405534768,14.180609474882,2,0.01976421950225706,14.013489455105999,15,0.3116994017349862,221.01556493487098,7,1.9611062357130693,1353.989477994231,2026-07-21 06:00:00,0xd5f3879160bc7c32ebb4dc785f8a4f505888de68
1,0.003352302249182234,2.341561344096,3,0.010536008643527885,7.426512365172,6,0.11707668425009185,82.95703853472,4,0.02342433288545397,16.387831532505,2026-07-21 07:00:00,0xd5f3879160bc7c32ebb4dc785f8a4f505888de68
2,0.0075046533660943805,5.24208262611,1,0.026466433284686054,18.78814276336,0,,,0,,,2026-07-21 08:00:00,0xd5f3879160bc7c32ebb4dc785f8a4f505888de68
10,0.0962468006809634,67.49241927200501,12,0.34111904362058065,243.37092865997204,1,0.048138649488721645,33.821097839143,3,0.05014440979973563,35.25731364570001,2026-07-21 09:00:00,0xd5f3879160bc7c32ebb4dc785f8a4f505888de68
4,0.141176053029103,100.277653471663,0,,,10,0.05965011904782663,42.16021871404799,15,0.3116994017349862,221.01556493487098,2026-07-21 10:00:00,0xd5f3879160bc7c32ebb4dc785f8a4f505888de68
1,0.000193854833703013,0.13661498281599999,0,,,11,0.4287080742200648,301.55914925226006,6,0.11707668425009185,82.95703853472,2026-07-21 11:00:00,0xd5f3879160bc7c32ebb4dc785f8a4f505888de68
1,0.006285652686430654,4.4301847604299995,8,0.04468532736826401,31.576446075691,1,0.01606683514026729,11.367106863192,0,,,2026-07-21 12:00:00,0xd5f3879160bc7c32ebb4dc785f8a4f505888de68
0,,,1,0.002035615677926183,1.4347300652679997,2,0.025813246656881308,18.254043726909,1,0.048138649488721645,33.821097839143,2026-07-21 13:00:00,0xd5f3879160bc7c32ebb4dc785f8a4f505888de68
5,0.22622357878408905,159.69995579583798,2,0.009859544679601703,6.960340767148999,2,0.01976421950225706,14.013489455105999,10,0.05965011904782663,42.16021871404799,2026-07-21 14:00:00,0xd5f3879160bc7c32ebb4dc785f8a4f505888de68
5,0.10705137293798947,75.31419082210802,1,0.004856132752574191,3.4258255106399997,3,0.010536008643527885,7.426512365172,11,0.4287080742200648,301.55914925226006,2026-07-21 15:00:00,0xd5f3879160bc7c32ebb4dc785f8a4f505888de68
1,0.013371270516680784,9.475294113552,2,0.010747566967701017,7.582357215216001,1,0.026466433284686054,18.78814276336,1,0.01606683514026729,11.367106863192,2026-07-21 16:00:00,0xd5f3879160bc7c32ebb4dc785f8a4f505888de68
1,0.005553150990629525,3.9131679898439997,0,,,12,0.34111904362058065,243.37092865997204,2,0.025813246656881308,18.254043726909,2026-07-21 17:00:00,0xd5f3879160bc7c32ebb4dc785f8a4f505888de68
3,0.01871650829546198,13.206094906287,0,,,0,,,2,0.01976421950225706,14.013489455105999,2026-07-21 18:00:00,0xd5f3879160bc7c32ebb4dc785f8a4f505888de68
1,0.004235434065302451,3.0000839999999998,2,0.01119180046856558,7.872847370724,0,,,3,0.010536008643527885,7.426512365172,2026-07-21 19:00:00,0xd5f3879160bc7c32ebb4dc785f8a4f505888de68
9,0.25736723332274825,181.458040530262,2,0.045127636935815924,31.686752210470004,8,0.04468532736826401,31.576446075691,1,0.026466433284686054,18.78814276336,2026-07-21 20:00:00,0xd5f3879160bc7c32ebb4dc785f8a4f505888de68
0,,,3,0.00397874578847467,2.794139699624,1,0.002035615677926183,1.4347300652679997,12,0.34111904362058065,243.37092865997204,2026-07-21 21:00:00,0xd5f3879160bc7c32ebb4dc785f8a4f505888de68
12,0.1233003938326579,87.16808160811001,1,0.00461731601165669,3.238942836504,2,0.009859544679601703,6.960340767148999,0,,,2026-07-21 22:00:00,0xd5f3879160bc7c32ebb4dc785f8a4f505888de68
1,0.07982008007487677,56.729357594516,4,0.004115940794049462,2.899543465269,1,0.004856132752574191,3.4258255106399997,0,,,2026-07-21 23:00:00,0xd5f3879160bc7c32ebb4dc785f8a4f505888de68
0,,,0,,,0,,,0,,,2026-07-15 00:00:00,0xd917b029c761d264c6a312bbbcda868658ef86a6
1,0.5731540590782508,1.2017211145020001,2,0.00044268506186992103,0.000903517527,0,,,0,,,2026-07-15 01:00:00,0xd917b029c761d264c6a312bbbcda868658ef86a6
1,0.016382460720460613,0.033529006836000005,0,,,0,,,0,,,2026-07-15 02:00:00,0xd917b029c761d264c6a312bbbcda868658ef86a6
0,,,0,,,1,0.000481233075741471,0.0009840223199999998,0,,,2026-07-15 03:00:00,0xd917b029c761d264c6a312bbbcda868658ef86a6
0,,,0,,,1,0.000811653878776528,0.001658545482,0,,,2026-07-15 04:00:00,0xd917b029c761d264c6a312bbbcda868658ef86a6
0,,,0,,,0,,,0,,,2026-07-15 05:00:00,0xd917b029c761d264c6a312bbbcda868658ef86a6
0,,,0,,,0,,,0,,,2026-07-15 06:00:00,0xd917b029c761d264c6a312bbbcda868658ef86a6
0,,,0,,,0,,,1,0.000481233075741471,0.0009840223199999998,2026-07-15 07:00:00,0xd917b029c761d264c6a312bbbcda868658ef86a6
0,,,0,,,0,,,1,0.000811653878776528,0.001658545482,2026-07-15 08:00:00,0xd917b029c761d264c6a312bbbcda868658ef86a6
1,0.002624818764522719,0.00536443971,0,,,2,0.00044268506186992103,0.000903517527,0,,,2026-07-15 09:00:00,0xd917b029c761d264c6a312bbbcda868658ef86a6
0,,,0,,,0,,,0,,,2026-07-15 10:00:00,0xd917b029c761d264c6a312bbbcda868658ef86a6
0,,,0,,,0,,,0,,,2026-07-15 11:00:00,0xd917b029c761d264c6a312bbbcda868658ef86a6
0,,,0,,,0,,,0,,,2026-07-15 12:00:00,0xd917b029c761d264c6a312bbbcda868658ef86a6
0,,,1,0.000424373487104434,0.000866774204,0,,,2,0.00044268506186992103,0.000903517527,2026-07-15 13:00:00,0xd917b029c761d264c6a312bbbcda868658ef86a6
0,,,0,,,0,,,0,,,2026-07-15 14:00:00,0xd917b029c761d264c6a312bbbcda868658ef86a6
0,,,0,,,0,,,0,,,2026-07-15 15:00:00,0xd917b029c761d264c6a312bbbcda868658ef86a6
0,,,0,,,0,,,0,,,2026-07-15 16:00:00,0xd917b029c761d264c6a312bbbcda868658ef86a6
0,,,0,,,0,,,0,,,2026-07-15 17:00:00,0xd917b029c761d264c6a312bbbcda868658ef86a6
0,,,0,,,0,,,0,,,2026-07-15 18:00:00,0xd917b029c761d264c6a312bbbcda868658ef86a6
0,,,0,,,0,,,0,,,2026-07-15 19:00:00,0xd917b029c761d264c6a312bbbcda868658ef86a6
0,,,0,,,0,,,0,,,2026-07-15 20:00:00,0xd917b029c761d264c6a312bbbcda868658ef86a6
0,,,0,,,1,0.000424373487104434,0.000866774204,0,,,2026-07-15 21:00:00,0xd917b029c761d264c6a312bbbcda868658ef86a6
0,,,0,,,0,,,0,,,2026-07-15 22:00:00,0xd917b029c761d264c6a312bbbcda868658ef86a6
0,,,0,,,0,,,0,,,2026-07-15 23:00:00,0xd917b029c761d264c6a312bbbcda868658ef86a6
0,,,1,0.00202482593830108,0.0041348474699999995,0,,,0,,,2026-07-16 00:00:00,0xd917b029c761d264c6a312bbbcda868658ef86a6
0,,,2,0.0965593445310288,0.196538971377,0,,,1,0.000424373487104434,0.000866774204,2026-07-16 01:00:00,0xd917b029c761d264c6a312bbbcda868658ef86a6
1,1.9394455073699e-05,3.9042822e-05,0,,,0,,,0,,,2026-07-16 02:00:00,0xd917b029c761d264c6a312bbbcda868658ef86a6
0,,,0,,,0,,,0,,,2026-07-16 03:00:00,0xd917b029c761d264c6a312bbbcda868658ef86a6
1,0.003298937108452608,0.006745122066000001,0,,,0,,,0,,,2026-07-16 04:00:00,0xd917b029c761d264c6a312bbbcda868658ef86a6
1,5.2993244634385e-05,0.00010806642,0,,,0,,,0,,,2026-07-16 05:00:00,0xd917b029c761d264c6a312bbbcda868658ef86a6
0,,,1,0.002202686641374028,0.004461638578,0,,,0,,,2026-07-16 06:00:00,0xd917b029c761d264c6a312bbbcda868658ef86a6
0,,,0,,,0,,,0,,,2026-07-16 07:00:00,0xd917b029c761d264c6a312bbbcda868658ef86a6
0,,,0,,,1,0.00202482593830108,0.0041348474699999995,0,,,2026-07-16 08:00:00,0xd917b029c761d264c6a312bbbcda868658ef86a6
0,,,0,,,2,0.0965593445310288,0.196538971377,0,,,2026-07-16 09:00:00,0xd917b029c761d264c6a312bbbcda868658ef86a6
0,,,0,,,0,,,0,,,2026-07-16 10:00:00,0xd917b029c761d264c6a312bbbcda868658ef86a6
0,,,0,,,0,,,0,,,2026-07-16 11:00:00,0xd917b029c761d264c6a312bbbcda868658ef86a6
0,,,1,3.8173025319360154,6.525830276462,0,,,1,0.00202482593830108,0.0041348474699999995,2026-07-16 12:00:00,0xd917b029c761d264c6a312bbbcda868658ef86a6
0,,,0,,,0,,,2,0.0965593445310288,0.196538971377,2026-07-16 13:00:00,0xd917b029c761d264c6a312bbbcda868658ef86a6
0,,,2,0.22830185535487316,0.350702469256,1,0.002202686641374028,0.004461638578,0,,,2026-07-16 14:00:00,0xd917b029c761d264c6a312bbbcda868658ef86a6
0,,,1,0.000100263054395241,0.00015129052400000002,0,,,0,,,2026-07-16 15:00:00,0xd917b029c761d264c6a312bbbcda868658ef86a6
0,,,0,,,0,,,0,,,2026-07-16 16:00:00,0xd917b029c761d264c6a312bbbcda868658ef86a6
0,,,0,,,0,,,0,,,2026-07-16 17:00:00,0xd917b029c761d264c6a312bbbcda868658ef86a6
4,0.1853195133286642,0.372681787668,1,0.001004181056244108,0.0015206165279999999,0,,,1,0.002202686641374028,0.004461638578,2026-07-16 18:00:00,0xd917b029c761d264c6a312bbbcda868658ef86a6
0,,,0,,,0,,,0,,,2026-07-16 19:00:00,0xd917b029c761d264c6a312bbbcda868658ef86a6
0,,,0,,,1,3.8173025319360154,6.525830276462,0,,,2026-07-16 20:00:00,0xd917b029c761d264c6a312bbbcda868658ef86a6
1,0.000744715018514444,0.0014876925539999998,0,,,0,,,0,,,2026-07-16 21:00:00,0xd917b029c761d264c6a312bbbcda868658ef86a6
0,,,3,0.02211253827057413,0.033420509671,2,0.22830185535487316,0.350702469256,0,,,2026-07-16 22:00:00,0xd917b029c761d264c6a312bbbcda868658ef86a6
1,0.18501269208832946,0.366931213542,0,,,1,0.000100263054395241,0.00015129052400000002,0,,,2026-07-16 23:00:00,0xd917b029c761d264c6a312bbbcda868658ef86a6
0,,,0,,,0,,,1,3.8173025319360154,6.525830276462,2026-07-17 00:00:00,0xd917b029c761d264c6a312bbbcda868658ef86a6
2,0.011641632751258516,0.017364133855000005,0,,,0,,,0,,,2026-07-17 01:00:00,0xd917b029c761d264c6a312bbbcda868658ef86a6
2,0.43133710730628017,0.658022694922,0,,,1,0.001004181056244108,0.0015206165279999999,2,0.22830185535487316,0.350702469256,2026-07-17 02:00:00,0xd917b029c761d264c6a312bbbcda868658ef86a6
0,,,2,0.024064466850876043,0.036388292606,0,,,1,0.000100263054395241,0.00015129052400000002,2026-07-17 03:00:00,0xd917b029c761d264c6a312bbbcda868658ef86a6
0,,,2,0.008268504357385768,0.012485577048,0,,,0,,,2026-07-17 04:00:00,0xd917b029c761d264c6a312bbbcda868658ef86a6
0,,,1,0.007220784707114529,0.010937351924000001,0,,,0,,,2026-07-17 05:00:00,0xd917b029c761d264c6a312bbbcda868658ef86a6
0,,,0,,,3,0.02211253827057413,0.033420509671,1,0.001004181056244108,0.0015206165279999999,2026-07-17 06:00:00,0xd917b029c761d264c6a312bbbcda868658ef86a6
0,,,1,0.000670929091128616,0.10022999355200002,0,,,0,,,2026-07-17 07:00:00,0xd917b029c761d264c6a312bbbcda868658ef86a6
0,,,0,,,0,,,0,,,2026-07-17 08:00:00,0xd917b029c761d264c6a312bbbcda868658ef86a6
0,,,0,,,0,,,0,,,2026-07-17 09:00:00,0xd917b029c761d264c6a312bbbcda868658ef86a6
0,,,0,,,0,,,3,0.02211253827057413,0.033420509671,2026-07-17 10:00:00,0xd917b029c761d264c6a312bbbcda868658ef86a6
0,,,0,,,2,0.024064466850876043,0.036388292606,0,,,2026-07-17 11:00:00,0xd917b029c761d264c6a312bbbcda868658ef86a6
0,,,0,,,2,0.008268504357385768,0.012485577048,0,,,2026-07-17 12:00:00,0xd917b029c761d264c6a312bbbcda868658ef86a6
0,,,0,,,1,0.007220784707114529,0.010937351924000001,0,,,2026-07-17 13:00:00,0xd917b029c761d264c6a312bbbcda868658ef86a6
3,0.033867357670611144,0.051248160285999995,0,,,0,,,0,,,2026-07-17 14:00:00,0xd917b029c761d264c6a312bbbcda868658ef86a6
1,0.021230933163455104,0.032058351407999994,0,,,1,0.000670929091128616,0.10022999355200002,2,0.024064466850876043,0.036388292606,2026-07-17 15:00:00,0xd917b029c761d264c6a312bbbcda868658ef86a6
0,,,0,,,0,,,2,0.008268504357385768,0.012485577048,2026-07-17 16:00:00,0xd917b029c761d264c6a312bbbcda868658ef86a6
1,0.012671567994945515,0.019134860541000002,0,,,0,,,1,0.007220784707114529,0.010937351924000001,2026-07-17 17:00:00,0xd917b029c761d264c6a312bbbcda868658ef86a6
0,,,1,0.002701604106695741,0.004031236404000001,0,,,0,,,2026-07-17 18:00:00,0xd917b029c761d264c6a312bbbcda868658ef86a6
5,0.026310388920426205,2.019717667212,1,0.002173998895686763,0.003242234821,0,,,1,0.000670929091128616,0.10022999355200002,2026-07-17 19:00:00,0xd917b029c761d264c6a312bbbcda868658ef86a6
0,,,0,,,0,,,0,,,2026-07-17 20:00:00,0xd917b029c761d264c6a312bbbcda868658ef86a6
1,0.04280257889250796,0.064478636151,2,0.192604895044345,0.28840318689100003,0,,,0,,,2026-07-17 21:00:00,0xd917b029c761d264c6a312bbbcda868658ef86a6
2,0.04820945967788012,0.072581903204,0,,,0,,,0,,,2026-07-17 22:00:00,0xd917b029c761d264c6a312bbbcda868658ef86a6
0,,,0,,,0,,,0,,,2026-07-17 23:00:00,0xd917b029c761d264c6a312bbbcda868658ef86a6
0,,,0,,,0,,,0,,,2026-07-18 00:00:00,0xd917b029c761d264c6a312bbbcda868658ef86a6
0,,,0,,,0,,,0,,,2026-07-18 01:00:00,0xd917b029c761d264c6a312bbbcda868658ef86a6
0,,,0,,,1,0.002701604106695741,0.004031236404000001,0,,,2026-07-18 02:00:00,0xd917b029c761d264c6a312bbbcda868658ef86a6
1,0.1000821596385957,0.14969848425599996,0,,,1,0.002173998895686763,0.003242234821,0,,,2026-07-18 03:00:00,0xd917b029c761d264c6a312bbbcda868658ef86a6
0,,,0,,,0,,,0,,,2026-07-18 04:00:00,0xd917b029c761d264c6a312bbbcda868658ef86a6
0,,,0,,,2,0.192604895044345,0.28840318689100003,0,,,2026-07-18 05:00:00,0xd917b029c761d264c6a312bbbcda868658ef86a6
0,,,0,,,0,,,1,0.002701604106695741,0.004031236404000001,2026-07-18 06:00:00,0xd917b029c761d264c6a312bbbcda868658ef86a6
0,,,0,,,0,,,1,0.002173998895686763,0.003242234821,2026-07-18 07:00:00,0xd917b029c761d264c6a312bbbcda868658ef86a6
1,0.007340552095128242,0.011027967460000001,0,,,0,,,0,,,2026-07-18 08:00:00,0xd917b029c761d264c6a312bbbcda868658ef86a6
0,,,0,,,0,,,2,0.192604895044345,0.28840318689100003,2026-07-18 09:00:00,0xd917b029c761d264c6a312bbbcda868658ef86a6
0,,,0,,,0,,,0,,,2026-07-18 10:00:00,0xd917b029c761d264c6a312bbbcda868658ef86a6
0,,,0,,,0,,,0,,,2026-07-18 11:00:00,0xd917b029c761d264c6a312bbbcda868658ef86a6
0,,,1,3.2107762853566e-05,4.7026038e-05,0,,,0,,,2026-07-18 12:00:00,0xd917b029c761d264c6a312bbbcda868658ef86a6
0,,,1,4.659153096162e-06,6.000282e-06,0,,,0,,,2026-07-18 13:00:00,0xd917b029c761d264c6a312bbbcda868658ef86a6
0,,,1,0.004274166809164395,0.00637343343,0,,,0,,,2026-07-18 14:00:00,0xd917b029c761d264c6a312bbbcda868658ef86a6
0,,,0,,,0,,,0,,,2026-07-18 15:00:00,0xd917b029c761d264c6a312bbbcda868658ef86a6
0,,,1,7.7655282610869e-05,0.000114926515,0,,,0,,,2026-07-18 16:00:00,0xd917b029c761d264c6a312bbbcda868658ef86a6
1,0.11492506161932896,0.171560353846,0,,,0,,,0,,,2026-07-18 17:00:00,0xd917b029c761d264c6a312bbbcda868658ef86a6
0,,,0,,,0,,,0,,,2026-07-18 18:00:00,0xd917b029c761d264c6a312bbbcda868658ef86a6
0,,,0,,,0,,,0,,,2026-07-18 19:00:00,0xd917b029c761d264c6a312bbbcda868658ef86a6
0,,,0,,,1,3.2107762853566e-05,4.7026038e-05,0,,,2026-07-18 20:00:00,0xd917b029c761d264c6a312bbbcda868658ef86a6
0,,,0,,,1,4.659153096162e-06,6.000282e-06,0,,,2026-07-18 21:00:00,0xd917b029c761d264c6a312bbbcda868658ef86a6
0,,,0,,,1,0.004274166809164395,0.00637343343,0,,,2026-07-18 22:00:00,0xd917b029c761d264c6a312bbbcda868658ef86a6
2,0.003797387488756979,0.0056613196919999996,0,,,0,,,0,,,2026-07-18 23:00:00,0xd917b029c761d264c6a312bbbcda868658ef86a6
0,,,0,,,1,7.7655282610869e-05,0.000114926515,1,3.2107762853566e-05,4.7026038e-05,2026-07-19 00:00:00,0xd917b029c761d264c6a312bbbcda868658ef86a6
0,,,0,,,0,,,1,4.659153096162e-06,6.000282e-06,2026-07-19 01:00:00,0xd917b029c761d264c6a312bbbcda868658ef86a6
0,,,0,,,0,,,1,0.004274166809164395,0.00637343343,2026-07-19 02:00:00,0xd917b029c761d264c6a312bbbcda868658ef86a6
0,,,1,0.007450664593593528,0.01110813886,0,,,0,,,2026-07-19 03:00:00,0xd917b029c761d264c6a312bbbcda868658ef86a6
0,,,0,,,0,,,1,7.7655282610869e-05,0.000114926515,2026-07-19 04:00:00,0xd917b029c761d264c6a312bbbcda868658ef86a6
0,,,0,,,0,,,0,,,2026-07-19 05:00:00,0xd917b029c761d264c6a312bbbcda868658ef86a6
0,,,0,,,0,,,0,,,2026-07-19 06:00:00,0xd917b029c761d264c6a312bbbcda868658ef86a6
1,0.000195705973752452,0.000291191187,0,,,0,,,0,,,2026-07-19 07:00:00,0xd917b029c761d264c6a312bbbcda868658ef86a6
0,,,0,,,0,,,0,,,2026-07-19 08:00:00,0xd917b029c761d264c6a312bbbcda868658ef86a6
0,,,1,0.000134233065057168,0.00019897253800000002,0,,,0,,,2026-07-19 09:00:00,0xd917b029c761d264c6a312bbbcda868658ef86a6
1,0.03467478958580681,0.051652328511,0,,,0,,,0,,,2026-07-19 10:00:00,0xd917b029c761d264c6a312bbbcda868658ef86a6
0,,,0,,,1,0.007450664593593528,0.01110813886,0,,,2026-07-19 11:00:00,0xd917b029c761d264c6a312bbbcda868658ef86a6
0,,,0,,,0,,,0,,,2026-07-19 12:00:00,0xd917b029c761d264c6a312bbbcda868658ef86a6
0,,,0,,,0,,,0,,,2026-07-19 13:00:00,0xd917b029c761d264c6a312bbbcda868658ef86a6
0,,,1,0.001317836152215272,0.00196074284,0,,,0,,,2026-07-19 14:00:00,0xd917b029c761d264c6a312bbbcda868658ef86a6
0,,,1,2.096558923293e-05,3.1013144e-05,0,,,1,0.007450664593593528,0.01110813886,2026-07-19 15:00:00,0xd917b029c761d264c6a312bbbcda868658ef86a6
0,,,1,1.4667095330591e-05,2.1009807e-05,0,,,0,,,2026-07-19 16:00:00,0xd917b029c761d264c6a312bbbcda868658ef86a6
1,0.01658410761068263,0.024680161455000002,0,,,1,0.000134233065057168,0.00019897253800000002,0,,,2026-07-19 17:00:00,0xd917b029c761d264c6a312bbbcda868658ef86a6
0,,,1,2.11612217327e-05,3.1007781e-05,0,,,0,,,2026-07-19 18:00:00,0xd917b029c761d264c6a312bbbcda868658ef86a6
0,,,1,0.00474063133406501,0.007056350175,0,,,0,,,2026-07-19 19:00:00,0xd917b029c761d264c6a312bbbcda868658ef86a6
0,,,0,,,0,,,0,,,2026-07-19 20:00:00,0xd917b029c761d264c6a312bbbcda868658ef86a6
0,,,0,,,0,,,1,0.000134233065057168,0.00019897253800000002,2026-07-19 21:00:00,0xd917b029c761d264c6a312bbbcda868658ef86a6
0,,,0,,,1,0.001317836152215272,0.00196074284,0,,,2026-07-19 22:00:00,0xd917b029c761d264c6a312bbbcda868658ef86a6
0,,,0,,,1,2.096558923293e-05,3.1013144e-05,0,,,2026-07-19 23:00:00,0xd917b029c761d264c6a312bbbcda868658ef86a6
0,,,0,,,1,1.4667095330591e-05,2.1009807e-05,0,,,2026-07-20 00:00:00,0xd917b029c761d264c6a312bbbcda868658ef86a6
1,0.000294207891952163,0.00043720539,0,,,0,,,0,,,2026-07-20 01:00:00,0xd917b029c761d264c6a312bbbcda868658ef86a6
0,,,0,,,1,2.11612217327e-05,3.1007781e-05,1,0.001317836152215272,0.00196074284,2026-07-20 02:00:00,0xd917b029c761d264c6a312bbbcda868658ef86a6
0,,,0,,,1,0.00474063133406501,0.007056350175,1,2.096558923293e-05,3.1013144e-05,2026-07-20 03:00:00,0xd917b029c761d264c6a312bbbcda868658ef86a6
0,,,0,,,0,,,1,1.4667095330591e-05,2.1009807e-05,2026-07-20 04:00:00,0xd917b029c761d264c6a312bbbcda868658ef86a6
0,,,0,,,0,,,0,,,2026-07-20 05:00:00,0xd917b029c761d264c6a312bbbcda868658ef86a6
1,0.41767759307608227,0.617895544905,0,,,0,,,1,2.11612217327e-05,3.1007781e-05,2026-07-20 06:00:00,0xd917b029c761d264c6a312bbbcda868658ef86a6
0,,,0,,,0,,,1,0.00474063133406501,0.007056350175,2026-07-20 07:00:00,0xd917b029c761d264c6a312bbbcda868658ef86a6
0,,,0,,,0,,,0,,,2026-07-20 08:00:00,0xd917b029c761d264c6a312bbbcda868658ef86a6
0,,,0,,,0,,,0,,,2026-07-20 09:00:00,0xd917b029c761d264c6a312bbbcda868658ef86a6
0,,,1,0.011398182262364645,0.026359480186494907,0,,,0,,,2026-07-20 10:00:00,0xd917b029c761d264c6a312bbbcda868658ef86a6
0,,,0,,,0,,,0,,,2026-07-20 11:00:00,0xd917b029c761d264c6a312bbbcda868658ef86a6
0,,,0,,,0,,,0,,,2026-07-20 12:00:00,0xd917b029c761d264c6a312bbbcda868658ef86a6
0,,,0,,,0,,,0,,,2026-07-20 13:00:00,0xd917b029c761d264c6a312bbbcda868658ef86a6
0,,,0,,,0,,,0,,,2026-07-20 14:00:00,0xd917b029c761d264c6a312bbbcda868658ef86a6
0,,,0,,,0,,,0,,,2026-07-20 15:00:00,0xd917b029c761d264c6a312bbbcda868658ef86a6
0,,,0,,,0,,,0,,,2026-07-20 16:00:00,0xd917b029c761d264c6a312bbbcda868658ef86a6
0,,,0,,,0,,,0,,,2026-07-20 17:00:00,0xd917b029c761d264c6a312bbbcda868658ef86a6
0,,,0,,,1,0.011398182262364645,0.026359480186494907,0,,,2026-07-20 18:00:00,0xd917b029c761d264c6a312bbbcda868658ef86a6
0,,,0,,,0,,,0,,,2026-07-20 19:00:00,0xd917b029c761d264c6a312bbbcda868658ef86a6
0,,,0,,,0,,,0,,,2026-07-20 20:00:00,0xd917b029c761d264c6a312bbbcda868658ef86a6
0,,,0,,,0,,,0,,,2026-07-20 21:00:00,0xd917b029c761d264c6a312bbbcda868658ef86a6
0,,,0,,,0,,,1,0.011398182262364645,0.026359480186494907,2026-07-20 22:00:00,0xd917b029c761d264c6a312bbbcda868658ef86a6
0,,,0,,,0,,,0,,,2026-07-20 23:00:00,0xd917b029c761d264c6a312bbbcda868658ef86a6
0,,,0,,,0,,,0,,,2026-07-21 00:00:00,0xd917b029c761d264c6a312bbbcda868658ef86a6
0,,,0,,,0,,,0,,,2026-07-21 01:00:00,0xd917b029c761d264c6a312bbbcda868658ef86a6
0,,,0,,,0,,,0,,,2026-07-21 02:00:00,0xd917b029c761d264c6a312bbbcda868658ef86a6
1,0.07278052418966256,0.16982088830571315,0,,,0,,,0,,,2026-07-21 03:00:00,0xd917b029c761d264c6a312bbbcda868658ef86a6
0,,,0,,,0,,,0,,,2026-07-21 04:00:00,0xd917b029c761d264c6a312bbbcda868658ef86a6
0,,,0,,,0,,,0,,,2026-07-21 05:00:00,0xd917b029c761d264c6a312bbbcda868658ef86a6
0,,,1,1.302860583171181,3.0073380428523167,0,,,0,,,2026-07-21 06:00:00,0xd917b029c761d264c6a312bbbcda868658ef86a6
0,,,0,,,0,,,0,,,2026-07-21 07:00:00,0xd917b029c761d264c6a312bbbcda868658ef86a6
0,,,0,,,0,,,0,,,2026-07-21 08:00:00,0xd917b029c761d264c6a312bbbcda868658ef86a6
0,,,0,,,0,,,0,,,2026-07-21 09:00:00,0xd917b029c761d264c6a312bbbcda868658ef86a6
0,,,0,,,0,,,0,,,2026-07-21 10:00:00,0xd917b029c761d264c6a312bbbcda868658ef86a6
0,,,0,,,0,,,0,,,2026-07-21 11:00:00,0xd917b029c761d264c6a312bbbcda868658ef86a6
0,,,0,,,0,,,0,,,2026-07-21 12:00:00,0xd917b029c761d264c6a312bbbcda868658ef86a6
1,0.003458280848911735,0.008152784465516778,0,,,0,,,0,,,2026-07-21 13:00:00,0xd917b029c761d264c6a312bbbcda868658ef86a6
0,,,0,,,1,1.302860583171181,3.0073380428523167,0,,,2026-07-21 14:00:00,0xd917b029c761d264c6a312bbbcda868658ef86a6
0,,,0,,,0,,,0,,,2026-07-21 15:00:00,0xd917b029c761d264c6a312bbbcda868658ef86a6
0,,,0,,,0,,,0,,,2026-07-21 16:00:00,0xd917b029c761d264c6a312bbbcda868658ef86a6
0,,,0,,,0,,,0,,,2026-07-21 17:00:00,0xd917b029c761d264c6a312bbbcda868658ef86a6
0,,,0,,,0,,,1,1.302860583171181,3.0073380428523167,2026-07-21 18:00:00,0xd917b029c761d264c6a312bbbcda868658ef86a6
0,,,0,,,0,,,0,,,2026-07-21 19:00:00,0xd917b029c761d264c6a312bbbcda868658ef86a6
0,,,0,,,0,,,0,,,2026-07-21 20:00:00,0xd917b029c761d264c6a312bbbcda868658ef86a6
0,,,1,0.002757728511308051,0.006264114266953676,0,,,0,,,2026-07-21 21:00:00,0xd917b029c761d264c6a312bbbcda868658ef86a6
0,,,0,,,0,,,0,,,2026-07-21 22:00:00,0xd917b029c761d264c6a312bbbcda868658ef86a6
0,,,1,2.8425678346165193,6.3255386653743875,0,,,0,,,2026-07-21 23:00:00,0xd917b029c761d264c6a312bbbcda868658ef86a6
0,,,0,,,0,,,0,,,2026-07-15 00:00:00,0xdf0992e440dd0be65bd8439b609d6d4366bf1cb5
0,,,0,,,0,,,0,,,2026-07-15 01:00:00,0xdf0992e440dd0be65bd8439b609d6d4366bf1cb5
0,,,0,,,0,,,0,,,2026-07-15 02:00:00,0xdf0992e440dd0be65bd8439b609d6d4366bf1cb5
0,,,0,,,0,,,0,,,2026-07-15 03:00:00,0xdf0992e440dd0be65bd8439b609d6d4366bf1cb5
0,,,0,,,0,,,0,,,2026-07-15 04:00:00,0xdf0992e440dd0be65bd8439b609d6d4366bf1cb5
0,,,1,5.96979646e-10,9.9983954915764e-07,0,,,0,,,2026-07-15 05:00:00,0xdf0992e440dd0be65bd8439b609d6d4366bf1cb5
0,,,0,,,0,,,0,,,2026-07-15 06:00:00,0xdf0992e440dd0be65bd8439b609d6d4366bf1cb5
0,,,0,,,0,,,0,,,2026-07-15 07:00:00,0xdf0992e440dd0be65bd8439b609d6d4366bf1cb5
0,,,0,,,0,,,0,,,2026-07-15 08:00:00,0xdf0992e440dd0be65bd8439b609d6d4366bf1cb5
0,,,0,,,0,,,0,,,2026-07-15 09:00:00,0xdf0992e440dd0be65bd8439b609d6d4366bf1cb5
0,,,0,,,0,,,0,,,2026-07-15 10:00:00,0xdf0992e440dd0be65bd8439b609d6d4366bf1cb5
0,,,0,,,0,,,0,,,2026-07-15 11:00:00,0xdf0992e440dd0be65bd8439b609d6d4366bf1cb5
0,,,0,,,0,,,0,,,2026-07-15 12:00:00,0xdf0992e440dd0be65bd8439b609d6d4366bf1cb5
0,,,0,,,1,5.96979646e-10,9.9983954915764e-07,0,,,2026-07-15 13:00:00,0xdf0992e440dd0be65bd8439b609d6d4366bf1cb5
0,,,0,,,0,,,0,,,2026-07-15 14:00:00,0xdf0992e440dd0be65bd8439b609d6d4366bf1cb5
0,,,0,,,0,,,0,,,2026-07-15 15:00:00,0xdf0992e440dd0be65bd8439b609d6d4366bf1cb5
0,,,0,,,0,,,0,,,2026-07-15 16:00:00,0xdf0992e440dd0be65bd8439b609d6d4366bf1cb5
0,,,0,,,0,,,1,5.96979646e-10,9.9983954915764e-07,2026-07-15 17:00:00,0xdf0992e440dd0be65bd8439b609d6d4366bf1cb5
0,,,0,,,0,,,0,,,2026-07-15 18:00:00,0xdf0992e440dd0be65bd8439b609d6d4366bf1cb5
0,,,0,,,0,,,0,,,2026-07-15 19:00:00,0xdf0992e440dd0be65bd8439b609d6d4366bf1cb5
0,,,0,,,0,,,0,,,2026-07-15 20:00:00,0xdf0992e440dd0be65bd8439b609d6d4366bf1cb5
0,,,0,,,0,,,0,,,2026-07-15 21:00:00,0xdf0992e440dd0be65bd8439b609d6d4366bf1cb5
0,,,0,,,0,,,0,,,2026-07-15 22:00:00,0xdf0992e440dd0be65bd8439b609d6d4366bf1cb5
0,,,0,,,0,,,0,,,2026-07-15 23:00:00,0xdf0992e440dd0be65bd8439b609d6d4366bf1cb5
0,,,0,,,0,,,0,,,2026-07-16 00:00:00,0xdf0992e440dd0be65bd8439b609d6d4366bf1cb5
0,,,0,,,0,,,0,,,2026-07-16 01:00:00,0xdf0992e440dd0be65bd8439b609d6d4366bf1cb5
0,,,0,,,0,,,0,,,2026-07-16 02:00:00,0xdf0992e440dd0be65bd8439b609d6d4366bf1cb5
0,,,0,,,0,,,0,,,2026-07-16 03:00:00,0xdf0992e440dd0be65bd8439b609d6d4366bf1cb5
0,,,0,,,0,,,0,,,2026-07-16 04:00:00,0xdf0992e440dd0be65bd8439b609d6d4366bf1cb5
0,,,0,,,0,,,0,,,2026-07-16 05:00:00,0xdf0992e440dd0be65bd8439b609d6d4366bf1cb5
0,,,0,,,0,,,0,,,2026-07-16 06:00:00,0xdf0992e440dd0be65bd8439b609d6d4366bf1cb5
0,,,0,,,0,,,0,,,2026-07-16 07:00:00,0xdf0992e440dd0be65bd8439b609d6d4366bf1cb5
0,,,0,,,0,,,0,,,2026-07-16 08:00:00,0xdf0992e440dd0be65bd8439b609d6d4366bf1cb5
0,,,0,,,0,,,0,,,2026-07-16 09:00:00,0xdf0992e440dd0be65bd8439b609d6d4366bf1cb5
0,,,0,,,0,,,0,,,2026-07-16 10:00:00,0xdf0992e440dd0be65bd8439b609d6d4366bf1cb5
0,,,0,,,0,,,0,,,2026-07-16 11:00:00,0xdf0992e440dd0be65bd8439b609d6d4366bf1cb5
0,,,0,,,0,,,0,,,2026-07-16 12:00:00,0xdf0992e440dd0be65bd8439b609d6d4366bf1cb5
0,,,0,,,0,,,0,,,2026-07-16 13:00:00,0xdf0992e440dd0be65bd8439b609d6d4366bf1cb5
0,,,0,,,0,,,0,,,2026-07-16 14:00:00,0xdf0992e440dd0be65bd8439b609d6d4366bf1cb5
0,,,0,,,0,,,0,,,2026-07-16 15:00:00,0xdf0992e440dd0be65bd8439b609d6d4366bf1cb5
0,,,0,,,0,,,0,,,2026-07-16 16:00:00,0xdf0992e440dd0be65bd8439b609d6d4366bf1cb5
0,,,0,,,0,,,0,,,2026-07-16 17:00:00,0xdf0992e440dd0be65bd8439b609d6d4366bf1cb5
0,,,0,,,0,,,0,,,2026-07-16 18:00:00,0xdf0992e440dd0be65bd8439b609d6d4366bf1cb5
0,,,0,,,0,,,0,,,2026-07-16 19:00:00,0xdf0992e440dd0be65bd8439b609d6d4366bf1cb5
0,,,0,,,0,,,0,,,2026-07-16 20:00:00,0xdf0992e440dd0be65bd8439b609d6d4366bf1cb5
0,,,0,,,0,,,0,,,2026-07-16 21:00:00,0xdf0992e440dd0be65bd8439b609d6d4366bf1cb5
0,,,0,,,0,,,0,,,2026-07-16 22:00:00,0xdf0992e440dd0be65bd8439b609d6d4366bf1cb5
0,,,1,0.00046759983011505,0.29860630169700003,0,,,0,,,2026-07-16 23:00:00,0xdf0992e440dd0be65bd8439b609d6d4366bf1cb5
0,,,0,,,0,,,0,,,2026-07-17 00:00:00,0xdf0992e440dd0be65bd8439b609d6d4366bf1cb5
0,,,0,,,0,,,0,,,2026-07-17 01:00:00,0xdf0992e440dd0be65bd8439b609d6d4366bf1cb5
0,,,0,,,0,,,0,,,2026-07-17 02:00:00,0xdf0992e440dd0be65bd8439b609d6d4366bf1cb5
0,,,0,,,0,,,0,,,2026-07-17 03:00:00,0xdf0992e440dd0be65bd8439b609d6d4366bf1cb5
0,,,0,,,0,,,0,,,2026-07-17 04:00:00,0xdf0992e440dd0be65bd8439b609d6d4366bf1cb5
0,,,0,,,0,,,0,,,2026-07-17 05:00:00,0xdf0992e440dd0be65bd8439b609d6d4366bf1cb5
0,,,0,,,0,,,0,,,2026-07-17 06:00:00,0xdf0992e440dd0be65bd8439b609d6d4366bf1cb5
0,,,1,0.000156572616462188,0.100211340405,1,0.00046759983011505,0.29860630169700003,0,,,2026-07-17 07:00:00,0xdf0992e440dd0be65bd8439b609d6d4366bf1cb5
0,,,0,,,0,,,0,,,2026-07-17 08:00:00,0xdf0992e440dd0be65bd8439b609d6d4366bf1cb5
0,,,0,,,0,,,0,,,2026-07-17 09:00:00,0xdf0992e440dd0be65bd8439b609d6d4366bf1cb5
0,,,0,,,0,,,0,,,2026-07-17 10:00:00,0xdf0992e440dd0be65bd8439b609d6d4366bf1cb5
0,,,0,,,0,,,1,0.00046759983011505,0.29860630169700003,2026-07-17 11:00:00,0xdf0992e440dd0be65bd8439b609d6d4366bf1cb5
0,,,0,,,0,,,0,,,2026-07-17 12:00:00,0xdf0992e440dd0be65bd8439b609d6d4366bf1cb5
0,,,0,,,0,,,0,,,2026-07-17 13:00:00,0xdf0992e440dd0be65bd8439b609d6d4366bf1cb5
0,,,0,,,0,,,0,,,2026-07-17 14:00:00,0xdf0992e440dd0be65bd8439b609d6d4366bf1cb5
0,,,0,,,1,0.000156572616462188,0.100211340405,0,,,2026-07-17 15:00:00,0xdf0992e440dd0be65bd8439b609d6d4366bf1cb5
0,,,0,,,0,,,0,,,2026-07-17 16:00:00,0xdf0992e440dd0be65bd8439b609d6d4366bf1cb5
0,,,0,,,0,,,0,,,2026-07-17 17:00:00,0xdf0992e440dd0be65bd8439b609d6d4366bf1cb5
0,,,0,,,0,,,0,,,2026-07-17 18:00:00,0xdf0992e440dd0be65bd8439b609d6d4366bf1cb5
0,,,0,,,0,,,1,0.000156572616462188,0.100211340405,2026-07-17 19:00:00,0xdf0992e440dd0be65bd8439b609d6d4366bf1cb5
0,,,0,,,0,,,0,,,2026-07-17 20:00:00,0xdf0992e440dd0be65bd8439b609d6d4366bf1cb5
0,,,0,,,0,,,0,,,2026-07-17 21:00:00,0xdf0992e440dd0be65bd8439b609d6d4366bf1cb5
0,,,0,,,0,,,0,,,2026-07-17 22:00:00,0xdf0992e440dd0be65bd8439b609d6d4366bf1cb5
0,,,0,,,0,,,0,,,2026-07-17 23:00:00,0xdf0992e440dd0be65bd8439b609d6d4366bf1cb5
0,,,0,,,0,,,0,,,2026-07-18 00:00:00,0xdf0992e440dd0be65bd8439b609d6d4366bf1cb5
0,,,0,,,0,,,0,,,2026-07-18 01:00:00,0xdf0992e440dd0be65bd8439b609d6d4366bf1cb5
0,,,0,,,0,,,0,,,2026-07-18 02:00:00,0xdf0992e440dd0be65bd8439b609d6d4366bf1cb5
0,,,0,,,0,,,0,,,2026-07-18 03:00:00,0xdf0992e440dd0be65bd8439b609d6d4366bf1cb5
0,,,0,,,0,,,0,,,2026-07-18 04:00:00,0xdf0992e440dd0be65bd8439b609d6d4366bf1cb5
0,,,0,,,0,,,0,,,2026-07-18 05:00:00,0xdf0992e440dd0be65bd8439b609d6d4366bf1cb5
0,,,0,,,0,,,0,,,2026-07-18 06:00:00,0xdf0992e440dd0be65bd8439b609d6d4366bf1cb5
0,,,0,,,0,,,0,,,2026-07-18 07:00:00,0xdf0992e440dd0be65bd8439b609d6d4366bf1cb5
0,,,0,,,0,,,0,,,2026-07-18 08:00:00,0xdf0992e440dd0be65bd8439b609d6d4366bf1cb5
0,,,0,,,0,,,0,,,2026-07-18 09:00:00,0xdf0992e440dd0be65bd8439b609d6d4366bf1cb5
0,,,0,,,0,,,0,,,2026-07-18 10:00:00,0xdf0992e440dd0be65bd8439b609d6d4366bf1cb5
0,,,0,,,0,,,0,,,2026-07-18 11:00:00,0xdf0992e440dd0be65bd8439b609d6d4366bf1cb5
0,,,0,,,0,,,0,,,2026-07-18 12:00:00,0xdf0992e440dd0be65bd8439b609d6d4366bf1cb5
0,,,0,,,0,,,0,,,2026-07-18 13:00:00,0xdf0992e440dd0be65bd8439b609d6d4366bf1cb5
0,,,0,,,0,,,0,,,2026-07-18 14:00:00,0xdf0992e440dd0be65bd8439b609d6d4366bf1cb5
0,,,0,,,0,,,0,,,2026-07-18 15:00:00,0xdf0992e440dd0be65bd8439b609d6d4366bf1cb5
0,,,0,,,0,,,0,,,2026-07-18 16:00:00,0xdf0992e440dd0be65bd8439b609d6d4366bf1cb5
0,,,0,,,0,,,0,,,2026-07-18 17:00:00,0xdf0992e440dd0be65bd8439b609d6d4366bf1cb5
0,,,0,,,0,,,0,,,2026-07-18 18:00:00,0xdf0992e440dd0be65bd8439b609d6d4366bf1cb5
0,,,0,,,0,,,0,,,2026-07-18 19:00:00,0xdf0992e440dd0be65bd8439b609d6d4366bf1cb5
0,,,0,,,0,,,0,,,2026-07-18 20:00:00,0xdf0992e440dd0be65bd8439b609d6d4366bf1cb5
0,,,0,,,0,,,0,,,2026-07-18 21:00:00,0xdf0992e440dd0be65bd8439b609d6d4366bf1cb5
0,,,0,,,0,,,0,,,2026-07-18 22:00:00,0xdf0992e440dd0be65bd8439b609d6d4366bf1cb5
0,,,0,,,0,,,0,,,2026-07-18 23:00:00,0xdf0992e440dd0be65bd8439b609d6d4366bf1cb5
0,,,0,,,0,,,0,,,2026-07-19 00:00:00,0xdf0992e440dd0be65bd8439b609d6d4366bf1cb5
0,,,0,,,0,,,0,,,2026-07-19 01:00:00,0xdf0992e440dd0be65bd8439b609d6d4366bf1cb5
0,,,0,,,0,,,0,,,2026-07-19 02:00:00,0xdf0992e440dd0be65bd8439b609d6d4366bf1cb5
0,,,0,,,0,,,0,,,2026-07-19 03:00:00,0xdf0992e440dd0be65bd8439b609d6d4366bf1cb5
0,,,0,,,0,,,0,,,2026-07-19 04:00:00,0xdf0992e440dd0be65bd8439b609d6d4366bf1cb5
0,,,0,,,0,,,0,,,2026-07-19 05:00:00,0xdf0992e440dd0be65bd8439b609d6d4366bf1cb5
0,,,0,,,0,,,0,,,2026-07-19 06:00:00,0xdf0992e440dd0be65bd8439b609d6d4366bf1cb5
0,,,0,,,0,,,0,,,2026-07-19 07:00:00,0xdf0992e440dd0be65bd8439b609d6d4366bf1cb5
0,,,0,,,0,,,0,,,2026-07-19 08:00:00,0xdf0992e440dd0be65bd8439b609d6d4366bf1cb5
0,,,0,,,0,,,0,,,2026-07-19 09:00:00,0xdf0992e440dd0be65bd8439b609d6d4366bf1cb5
0,,,0,,,0,,,0,,,2026-07-19 10:00:00,0xdf0992e440dd0be65bd8439b609d6d4366bf1cb5
0,,,0,,,0,,,0,,,2026-07-19 11:00:00,0xdf0992e440dd0be65bd8439b609d6d4366bf1cb5
0,,,0,,,0,,,0,,,2026-07-19 12:00:00,0xdf0992e440dd0be65bd8439b609d6d4366bf1cb5
0,,,0,,,0,,,0,,,2026-07-19 13:00:00,0xdf0992e440dd0be65bd8439b609d6d4366bf1cb5
0,,,0,,,0,,,0,,,2026-07-19 14:00:00,0xdf0992e440dd0be65bd8439b609d6d4366bf1cb5
0,,,0,,,0,,,0,,,2026-07-19 15:00:00,0xdf0992e440dd0be65bd8439b609d6d4366bf1cb5
0,,,0,,,0,,,0,,,2026-07-19 16:00:00,0xdf0992e440dd0be65bd8439b609d6d4366bf1cb5
0,,,0,,,0,,,0,,,2026-07-19 17:00:00,0xdf0992e440dd0be65bd8439b609d6d4366bf1cb5
0,,,0,,,0,,,0,,,2026-07-19 18:00:00,0xdf0992e440dd0be65bd8439b609d6d4366bf1cb5
0,,,0,,,0,,,0,,,2026-07-19 19:00:00,0xdf0992e440dd0be65bd8439b609d6d4366bf1cb5
0,,,0,,,0,,,0,,,2026-07-19 20:00:00,0xdf0992e440dd0be65bd8439b609d6d4366bf1cb5
0,,,0,,,0,,,0,,,2026-07-19 21:00:00,0xdf0992e440dd0be65bd8439b609d6d4366bf1cb5
0,,,0,,,0,,,0,,,2026-07-19 22:00:00,0xdf0992e440dd0be65bd8439b609d6d4366bf1cb5
0,,,0,,,0,,,0,,,2026-07-19 23:00:00,0xdf0992e440dd0be65bd8439b609d6d4366bf1cb5
0,,,0,,,0,,,0,,,2026-07-20 00:00:00,0xdf0992e440dd0be65bd8439b609d6d4366bf1cb5
0,,,0,,,0,,,0,,,2026-07-20 01:00:00,0xdf0992e440dd0be65bd8439b609d6d4366bf1cb5
0,,,0,,,0,,,0,,,2026-07-20 02:00:00,0xdf0992e440dd0be65bd8439b609d6d4366bf1cb5
0,,,0,,,0,,,0,,,2026-07-20 03:00:00,0xdf0992e440dd0be65bd8439b609d6d4366bf1cb5
0,,,0,,,0,,,0,,,2026-07-20 04:00:00,0xdf0992e440dd0be65bd8439b609d6d4366bf1cb5
0,,,0,,,0,,,0,,,2026-07-20 05:00:00,0xdf0992e440dd0be65bd8439b609d6d4366bf1cb5
0,,,0,,,0,,,0,,,2026-07-20 06:00:00,0xdf0992e440dd0be65bd8439b609d6d4366bf1cb5
0,,,0,,,0,,,0,,,2026-07-20 07:00:00,0xdf0992e440dd0be65bd8439b609d6d4366bf1cb5
0,,,0,,,0,,,0,,,2026-07-20 08:00:00,0xdf0992e440dd0be65bd8439b609d6d4366bf1cb5
0,,,0,,,0,,,0,,,2026-07-20 09:00:00,0xdf0992e440dd0be65bd8439b609d6d4366bf1cb5
0,,,0,,,0,,,0,,,2026-07-20 10:00:00,0xdf0992e440dd0be65bd8439b609d6d4366bf1cb5
0,,,0,,,0,,,0,,,2026-07-20 11:00:00,0xdf0992e440dd0be65bd8439b609d6d4366bf1cb5
0,,,0,,,0,,,0,,,2026-07-20 12:00:00,0xdf0992e440dd0be65bd8439b609d6d4366bf1cb5
0,,,0,,,0,,,0,,,2026-07-20 13:00:00,0xdf0992e440dd0be65bd8439b609d6d4366bf1cb5
0,,,0,,,0,,,0,,,2026-07-20 14:00:00,0xdf0992e440dd0be65bd8439b609d6d4366bf1cb5
0,,,0,,,0,,,0,,,2026-07-20 15:00:00,0xdf0992e440dd0be65bd8439b609d6d4366bf1cb5
0,,,0,,,0,,,0,,,2026-07-20 16:00:00,0xdf0992e440dd0be65bd8439b609d6d4366bf1cb5
0,,,0,,,0,,,0,,,2026-07-20 17:00:00,0xdf0992e440dd0be65bd8439b609d6d4366bf1cb5
0,,,0,,,0,,,0,,,2026-07-20 18:00:00,0xdf0992e440dd0be65bd8439b609d6d4366bf1cb5
0,,,0,,,0,,,0,,,2026-07-20 19:00:00,0xdf0992e440dd0be65bd8439b609d6d4366bf1cb5
0,,,0,,,0,,,0,,,2026-07-20 20:00:00,0xdf0992e440dd0be65bd8439b609d6d4366bf1cb5
0,,,0,,,0,,,0,,,2026-07-20 21:00:00,0xdf0992e440dd0be65bd8439b609d6d4366bf1cb5
0,,,0,,,0,,,0,,,2026-07-20 22:00:00,0xdf0992e440dd0be65bd8439b609d6d4366bf1cb5
0,,,0,,,0,,,0,,,2026-07-20 23:00:00,0xdf0992e440dd0be65bd8439b609d6d4366bf1cb5
0,,,0,,,0,,,0,,,2026-07-21 00:00:00,0xdf0992e440dd0be65bd8439b609d6d4366bf1cb5
0,,,0,,,0,,,0,,,2026-07-21 01:00:00,0xdf0992e440dd0be65bd8439b609d6d4366bf1cb5
0,,,0,,,0,,,0,,,2026-07-21 02:00:00,0xdf0992e440dd0be65bd8439b609d6d4366bf1cb5
0,,,0,,,0,,,0,,,2026-07-21 03:00:00,0xdf0992e440dd0be65bd8439b609d6d4366bf1cb5
0,,,0,,,0,,,0,,,2026-07-21 04:00:00,0xdf0992e440dd0be65bd8439b609d6d4366bf1cb5
0,,,4,8.2511738498893e-05,34.34626903477124,0,,,0,,,2026-07-21 05:00:00,0xdf0992e440dd0be65bd8439b609d6d4366bf1cb5
0,,,0,,,0,,,0,,,2026-07-21 06:00:00,0xdf0992e440dd0be65bd8439b609d6d4366bf1cb5
0,,,9,0.000156123469239036,79.85976643559296,0,,,0,,,2026-07-21 07:00:00,0xdf0992e440dd0be65bd8439b609d6d4366bf1cb5
0,,,0,,,0,,,0,,,2026-07-21 08:00:00,0xdf0992e440dd0be65bd8439b609d6d4366bf1cb5
0,,,0,,,0,,,0,,,2026-07-21 09:00:00,0xdf0992e440dd0be65bd8439b609d6d4366bf1cb5
0,,,0,,,0,,,0,,,2026-07-21 10:00:00,0xdf0992e440dd0be65bd8439b609d6d4366bf1cb5
0,,,0,,,0,,,0,,,2026-07-21 11:00:00,0xdf0992e440dd0be65bd8439b609d6d4366bf1cb5
0,,,0,,,0,,,0,,,2026-07-21 12:00:00,0xdf0992e440dd0be65bd8439b609d6d4366bf1cb5
0,,,0,,,4,8.2511738498893e-05,34.34626903477124,0,,,2026-07-21 13:00:00,0xdf0992e440dd0be65bd8439b609d6d4366bf1cb5
0,,,0,,,0,,,0,,,2026-07-21 14:00:00,0xdf0992e440dd0be65bd8439b609d6d4366bf1cb5
0,,,0,,,9,0.000156123469239036,79.85976643559296,0,,,2026-07-21 15:00:00,0xdf0992e440dd0be65bd8439b609d6d4366bf1cb5
0,,,0,,,0,,,0,,,2026-07-21 16:00:00,0xdf0992e440dd0be65bd8439b609d6d4366bf1cb5
0,,,0,,,0,,,4,8.2511738498893e-05,34.34626903477124,2026-07-21 17:00:00,0xdf0992e440dd0be65bd8439b609d6d4366bf1cb5
0,,,0,,,0,,,0,,,2026-07-21 18:00:00,0xdf0992e440dd0be65bd8439b609d6d4366bf1cb5
0,,,0,,,0,,,9,0.000156123469239036,79.85976643559296,2026-07-21 19:00:00,0xdf0992e440dd0be65bd8439b609d6d4366bf1cb5
0,,,0,,,0,,,0,,,2026-07-21 20:00:00,0xdf0992e440dd0be65bd8439b609d6d4366bf1cb5
0,,,0,,,0,,,0,,,2026-07-21 21:00:00,0xdf0992e440dd0be65bd8439b609d6d4366bf1cb5
0,,,0,,,0,,,0,,,2026-07-21 22:00:00,0xdf0992e440dd0be65bd8439b609d6d4366bf1cb5
0,,,0,,,0,,,0,,,2026-07-21 23:00:00,0xdf0992e440dd0be65bd8439b609d6d4366bf1cb5
3,0.10057532066782987,38.56074412920401,8,0.8087177396435068,305.59890925901703,1,0.0093609094612911,3.606724934064,1,0.020768418010851646,7.962941867920001,2026-07-15 00:00:00,0xe93237c50d904957cf27e7b1133b510c669c2e74
8,1.0741202998168549,403.71638519736837,12,0.3441003337627601,133.34533971408368,5,0.6429717703937287,242.41416562697694,2,0.012069670083470365,4.654222836653711,2026-07-15 01:00:00,0xe93237c50d904957cf27e7b1133b510c669c2e74
6,0.2911763516743875,111.27559104414001,5,0.24487090273284362,95.55038320750573,8,0.19498048190372497,74.24263611172746,4,0.04695947737101629,18.025049479198003,2026-07-15 02:00:00,0xe93237c50d904957cf27e7b1133b510c669c2e74
9,0.9090935717979629,344.264700684476,4,0.19571733692716384,75.53149498193925,16,1.0258961495636523,385.12215711255647,11,0.22444654103461414,85.16914123153418,2026-07-15 03:00:00,0xe93237c50d904957cf27e7b1133b510c669c2e74
2,0.00620659917072256,2.3814399672052557,23,0.8179277767447762,315.32685205451423,4,0.08183737867228887,31.226876461782002,1,0.0093609094612911,3.606724934064,2026-07-15 04:00:00,0xe93237c50d904957cf27e7b1133b510c669c2e74
0,,,11,0.14658308698191183,56.68660628722007,11,0.25934574228876517,98.20363839652096,5,0.6429717703937287,242.41416562697694,2026-07-15 05:00:00,0xe93237c50d904957cf27e7b1133b510c669c2e74
17,5.887988958373718,2110.0013162676532,4,0.42219456665237054,161.644512469224,7,0.18802101770257046,71.67549001501624,8,0.19498048190372497,74.24263611172746,2026-07-15 06:00:00,0xe93237c50d904957cf27e7b1133b510c669c2e74
8,0.3053944525192319,116.01352719202633,13,0.306949519725527,118.10275807036071,3,0.004105028863238147,1.5246451660079998,16,1.0258961495636523,385.12215711255647,2026-07-15 07:00:00,0xe93237c50d904957cf27e7b1133b510c669c2e74
10,0.4171120004169723,160.37467779369302,4,0.006632642191084788,2.602264968548383,8,0.8087177396435068,305.59890925901703,4,0.08183737867228887,31.226876461782002,2026-07-15 08:00:00,0xe93237c50d904957cf27e7b1133b510c669c2e74
9,0.1488303254761612,56.75470867297449,7,0.016352491766236103,6.464031338532069,12,0.3441003337627601,133.34533971408368,11,0.25934574228876517,98.20363839652096,2026-07-15 09:00:00,0xe93237c50d904957cf27e7b1133b510c669c2e74
8,0.30291801103277544,115.83203718348199,217,20.66964278938622,10563.812718527148,5,0.24487090273284362,95.55038320750573,7,0.18802101770257046,71.67549001501624,2026-07-15 10:00:00,0xe93237c50d904957cf27e7b1133b510c669c2e74
10,0.9940023046662771,375.64511252249196,4,0.058061669267378824,22.846320359074458,4,0.19571733692716384,75.53149498193925,3,0.004105028863238147,1.5246451660079998,2026-07-15 11:00:00,0xe93237c50d904957cf27e7b1133b510c669c2e74
1,0.1063426817446103,41.102153352,5,0.08358600246970072,32.94002647903043,23,0.8179277767447762,315.32685205451423,8,0.8087177396435068,305.59890925901703,2026-07-15 12:00:00,0xe93237c50d904957cf27e7b1133b510c669c2e74
8,0.2402386461573892,93.39757708453048,3,0.15618254401851928,1376.4395254486042,11,0.14658308698191183,56.68660628722007,12,0.3441003337627601,133.34533971408368,2026-07-15 13:00:00,0xe93237c50d904957cf27e7b1133b510c669c2e74
15,1.3065025051539632,513.3467285671044,4,0.16019675178386178,62.56298758205324,4,0.42219456665237054,161.644512469224,5,0.24487090273284362,95.55038320750573,2026-07-15 14:00:00,0xe93237c50d904957cf27e7b1133b510c669c2e74
4,0.15062027435081976,59.60219933775322,4,0.09877560936134883,38.384708859114966,13,0.306949519725527,118.10275807036071,4,0.19571733692716384,75.53149498193925,2026-07-15 15:00:00,0xe93237c50d904957cf27e7b1133b510c669c2e74
10,0.5789107522831659,226.44393644305742,10,0.28401696593690184,110.01406188670107,4,0.006632642191084788,2.602264968548383,23,0.8179277767447762,315.32685205451423,2026-07-15 16:00:00,0xe93237c50d904957cf27e7b1133b510c669c2e74
3,0.11045725270430228,42.153817151509,4,0.13871201131136768,55.422870384878514,7,0.016352491766236103,6.464031338532069,11,0.14658308698191183,56.68660628722007,2026-07-15 17:00:00,0xe93237c50d904957cf27e7b1133b510c669c2e74
12,0.4174369001549467,163.39133920529196,4,0.07679256487274697,30.49497807377664,217,20.66964278938622,10563.812718527148,4,0.42219456665237054,161.644512469224,2026-07-15 18:00:00,0xe93237c50d904957cf27e7b1133b510c669c2e74
5,0.08015218645320973,31.304293838036543,7,0.49059139956159004,203.02437132373126,4,0.058061669267378824,22.846320359074458,13,0.306949519725527,118.10275807036071,2026-07-15 19:00:00,0xe93237c50d904957cf27e7b1133b510c669c2e74
7,0.6184850870863569,239.1402520629795,3,0.020567704828348958,8.186035972097848,5,0.08358600246970072,32.94002647903043,4,0.006632642191084788,2.602264968548383,2026-07-15 20:00:00,0xe93237c50d904957cf27e7b1133b510c669c2e74
90,5.7500175698979445,2405.2343743575652,2,0.1406895519757975,56.310993127515,3,0.15618254401851928,1376.4395254486042,7,0.016352491766236103,6.464031338532069,2026-07-15 21:00:00,0xe93237c50d904957cf27e7b1133b510c669c2e74
41,3.3496188063728867,1386.4088944494931,6,0.5012644296193037,196.9053872200693,4,0.16019675178386178,62.56298758205324,217,20.66964278938622,10563.812718527148,2026-07-15 22:00:00,0xe93237c50d904957cf27e7b1133b510c669c2e74
3,0.012852809904166604,5.091372647696237,12,1.1532966991802134,481.702444963292,4,0.09877560936134883,38.384708859114966,4,0.058061669267378824,22.846320359074458,2026-07-15 23:00:00,0xe93237c50d904957cf27e7b1133b510c669c2e74
5,0.06758184147033411,27.203291111949337,23,1.3891838887882326,598.7548464491108,10,0.28401696593690184,110.01406188670107,5,0.08358600246970072,32.94002647903043,2026-07-16 00:00:00,0xe93237c50d904957cf27e7b1133b510c669c2e74
5,0.8582131647891974,331.6593947244377,6,0.09451290727653894,37.37057440357199,4,0.13871201131136768,55.422870384878514,3,0.15618254401851928,1376.4395254486042,2026-07-16 01:00:00,0xe93237c50d904957cf27e7b1133b510c669c2e74
1,1.3079137854898e-05,0.0050265130580000005,5,0.04715333295584162,18.47011987537612,4,0.07679256487274697,30.49497807377664,4,0.16019675178386178,62.56298758205324,2026-07-16 02:00:00,0xe93237c50d904957cf27e7b1133b510c669c2e74
0,,,4,0.017264316585095356,6.763419392005105,7,0.49059139956159004,203.02437132373126,4,0.09877560936134883,38.384708859114966,2026-07-16 03:00:00,0xe93237c50d904957cf27e7b1133b510c669c2e74
2,0.002726186848678266,1.0517492352920672,7,0.2762888844852281,114.36586146551258,3,0.020567704828348958,8.186035972097848,10,0.28401696593690184,110.01406188670107,2026-07-16 04:00:00,0xe93237c50d904957cf27e7b1133b510c669c2e74
9,0.3810054651187508,146.47443165426878,18,0.8613775081170894,358.1069002247809,2,0.1406895519757975,56.310993127515,4,0.13871201131136768,55.422870384878514,2026-07-16 05:00:00,0xe93237c50d904957cf27e7b1133b510c669c2e74
11,0.5250047657503605,202.65110334194978,3,0.0098307948968648,3.9355996305973213,6,0.5012644296193037,196.9053872200693,4,0.07679256487274697,30.49497807377664,2026-07-16 06:00:00,0xe93237c50d904957cf27e7b1133b510c669c2e74
3,0.011042961767707643,4.3630695225810205,4,0.011614577972112405,4.621526736767554,12,1.1532966991802134,481.702444963292,7,0.49059139956159004,203.02437132373126,2026-07-16 07:00:00,0xe93237c50d904957cf27e7b1133b510c669c2e74
3,0.30934818495363403,123.54776309466789,15,0.7631688691073893,320.1723603961227,23,1.3891838887882326,598.7548464491108,3,0.020567704828348958,8.186035972097848,2026-07-16 08:00:00,0xe93237c50d904957cf27e7b1133b510c669c2e74
4,0.1335539659572708,52.778640282444826,5,0.013892316870044389,5.594666196105384,6,0.09451290727653894,37.37057440357199,2,0.1406895519757975,56.310993127515,2026-07-16 09:00:00,0xe93237c50d904957cf27e7b1133b510c669c2e74
31,5.010275177781584,2237.5082955957246,7,0.22831653342151573,91.78444740603243,5,0.04715333295584162,18.47011987537612,6,0.5012644296193037,196.9053872200693,2026-07-16 10:00:00,0xe93237c50d904957cf27e7b1133b510c669c2e74
25,1.7884358073796338,762.987799182648,2,0.01583152553707436,6.251446841276211,4,0.017264316585095356,6.763419392005105,12,1.1532966991802134,481.702444963292,2026-07-16 11:00:00,0xe93237c50d904957cf27e7b1133b510c669c2e74
10,1.5200054786285677,641.4930562665147,3,2.6769942718801842,1047.3272036041083,7,0.2762888844852281,114.36586146551258,23,1.3891838887882326,598.7548464491108,2026-07-16 12:00:00,0xe93237c50d904957cf27e7b1133b510c669c2e74
5,0.21791819101135154,85.74535644753814,14,0.4383542540698567,171.69618855334622,18,0.8613775081170894,358.1069002247809,6,0.09451290727653894,37.37057440357199,2026-07-16 13:00:00,0xe93237c50d904957cf27e7b1133b510c669c2e74
4,0.142183539434348,55.69055020690156,34,1.0584532191060307,410.1178853717907,3,0.0098307948968648,3.9355996305973213,5,0.04715333295584162,18.47011987537612,2026-07-16 14:00:00,0xe93237c50d904957cf27e7b1133b510c669c2e74
5,0.02272141434102234,8.977715638069755,22,1.9633168606672693,758.1868328962336,4,0.011614577972112405,4.621526736767554,4,0.017264316585095356,6.763419392005105,2026-07-16 15:00:00,0xe93237c50d904957cf27e7b1133b510c669c2e74
14,0.14734744481032322,58.56922066691397,2,0.004738652666547018,1.8469528335664382,15,0.7631688691073893,320.1723603961227,7,0.2762888844852281,114.36586146551258,2026-07-16 16:00:00,0xe93237c50d904957cf27e7b1133b510c669c2e74
9,0.37274998268571646,156.12596569742334,1,0.23257310865372494,89.30990146302999,5,0.013892316870044389,5.594666196105384,18,0.8613775081170894,358.1069002247809,2026-07-16 17:00:00,0xe93237c50d904957cf27e7b1133b510c669c2e74
8,0.1348650371591081,52.81535260044566,7,0.07615428674847394,29.46299286395391,7,0.22831653342151573,91.78444740603243,3,0.0098307948968648,3.9355996305973213,2026-07-16 18:00:00,0xe93237c50d904957cf27e7b1133b510c669c2e74
12,0.8906461041188778,377.21114984732833,5,0.032322402578419694,12.58418876860816,2,0.01583152553707436,6.251446841276211,4,0.011614577972112405,4.621526736767554,2026-07-16 19:00:00,0xe93237c50d904957cf27e7b1133b510c669c2e74
1,0.002951657861361286,1.1853930696537778,5,0.19116067058655306,73.94157561399555,3,2.6769942718801842,1047.3272036041083,15,0.7631688691073893,320.1723603961227,2026-07-16 20:00:00,0xe93237c50d904957cf27e7b1133b510c669c2e74
11,0.4630384959961229,193.023273325232,5,0.013433575130246641,5.169482298575136,14,0.4383542540698567,171.69618855334622,5,0.013892316870044389,5.594666196105384,2026-07-16 21:00:00,0xe93237c50d904957cf27e7b1133b510c669c2e74
8,0.1731002764594592,68.32751007246894,10,0.46670198749115843,189.4062471270347,34,1.0584532191060307,410.1178853717907,7,0.22831653342151573,91.78444740603243,2026-07-16 22:00:00,0xe93237c50d904957cf27e7b1133b510c669c2e74
6,0.3520517336965733,138.37859258773574,4,0.028875755848599985,11.33543967649281,22,1.9633168606672693,758.1868328962336,2,0.01583152553707436,6.251446841276211,2026-07-16 23:00:00,0xe93237c50d904957cf27e7b1133b510c669c2e74
43,20.132363911280244,7835.305187185325,9,0.3834556449672317,148.08692622364345,2,0.004738652666547018,1.8469528335664382,3,2.6769942718801842,1047.3272036041083,2026-07-17 00:00:00,0xe93237c50d904957cf27e7b1133b510c669c2e74
44,1.3492333647326455,557.2636619835947,2,0.1765227517105594,67.652355965403,1,0.23257310865372494,89.30990146302999,14,0.4383542540698567,171.69618855334622,2026-07-17 01:00:00,0xe93237c50d904957cf27e7b1133b510c669c2e74
5,0.18259777352330292,72.53931746864235,12,0.28019454001067,109.18749773726245,7,0.07615428674847394,29.46299286395391,34,1.0584532191060307,410.1178853717907,2026-07-17 02:00:00,0xe93237c50d904957cf27e7b1133b510c669c2e74
11,0.061284791507647526,23.974760954990153,4,0.030355352104236302,11.802455571944957,5,0.032322402578419694,12.58418876860816,22,1.9633168606672693,758.1868328962336,2026-07-17 03:00:00,0xe93237c50d904957cf27e7b1133b510c669c2e74
17,0.382156607358572,148.32651824492544,2,0.023241976543096243,8.885503390191998,5,0.19116067058655306,73.94157561399555,2,0.004738652666547018,1.8469528335664382,2026-07-17 04:00:00,0xe93237c50d904957cf27e7b1133b510c669c2e74
11,3.6807608006976267,1423.1409617795362,4,0.9081955466736338,347.30489706079294,5,0.013433575130246641,5.169482298575136,1,0.23257310865372494,89.30990146302999,2026-07-17 05:00:00,0xe93237c50d904957cf27e7b1133b510c669c2e74
7,0.3026560952718474,118.18685680138935,10,0.09322106448476225,37.297884091341835,10,0.46670198749115843,189.4062471270347,7,0.07615428674847394,29.46299286395391,2026-07-17 06:00:00,0xe93237c50d904957cf27e7b1133b510c669c2e74
1,0.007872498968408533,3.081202137293452,34,0.44821450304484856,175.08640898951612,4,0.028875755848599985,11.33543967649281,5,0.032322402578419694,12.58418876860816,2026-07-17 07:00:00,0xe93237c50d904957cf27e7b1133b510c669c2e74
4,0.02005352061871679,7.7807041619279325,36,2.3367214160528036,989.7867524298924,9,0.3834556449672317,148.08692622364345,5,0.19116067058655306,73.94157561399555,2026-07-17 08:00:00,0xe93237c50d904957cf27e7b1133b510c669c2e74
2,0.002468995924397276,0.9808570794960001,41,2.6336529302450993,1035.1050973796596,2,0.1765227517105594,67.652355965403,5,0.013433575130246641,5.169482298575136,2026-07-17 09:00:00,0xe93237c50d904957cf27e7b1133b510c669c2e74
3,0.09238725591273808,36.67644659986492,20,0.9505724619032182,372.1524355712026,12,0.28019454001067,109.18749773726245,10,0.46670198749115843,189.4062471270347,2026-07-17 10:00:00,0xe93237c50d904957cf27e7b1133b510c669c2e74
11,0.7402366671791976,309.07960880837544,29,1.1922086511131669,497.0589262018661,4,0.030355352104236302,11.802455571944957,4,0.028875755848599985,11.33543967649281,2026-07-17 11:00:00,0xe93237c50d904957cf27e7b1133b510c669c2e74
4,0.0448900216597166,17.529330576096065,30,4.191555407130212,1604.3917134696153,2,0.023241976543096243,8.885503390191998,9,0.3834556449672317,148.08692622364345,2026-07-17 12:00:00,0xe93237c50d904957cf27e7b1133b510c669c2e74
3,0.03452504187852624,13.471749509314424,9,0.09107017996892423,36.266370782225536,4,0.9081955466736338,347.30489706079294,2,0.1765227517105594,67.652355965403,2026-07-17 13:00:00,0xe93237c50d904957cf27e7b1133b510c669c2e74
11,0.7729047042017069,298.8133054951344,9,0.10872953697582226,43.42457325972855,10,0.09322106448476225,37.297884091341835,12,0.28019454001067,109.18749773726245,2026-07-17 14:00:00,0xe93237c50d904957cf27e7b1133b510c669c2e74
10,0.12413548471315207,48.11481190555249,11,0.09199905852451859,36.08559527983846,34,0.44821450304484856,175.08640898951612,4,0.030355352104236302,11.802455571944957,2026-07-17 15:00:00,0xe93237c50d904957cf27e7b1133b510c669c2e74
7,0.9179850230530241,393.5805748399395,11,0.19105432351956608,74.45729478229266,36,2.3367214160528036,989.7867524298924,2,0.023241976543096243,8.885503390191998,2026-07-17 16:00:00,0xe93237c50d904957cf27e7b1133b510c669c2e74
7,0.028553392569604746,11.309157680038888,18,0.19547115517260144,76.22099680014082,41,2.6336529302450993,1035.1050973796596,4,0.9081955466736338,347.30489706079294,2026-07-17 17:00:00,0xe93237c50d904957cf27e7b1133b510c669c2e74
17,0.31331832430955636,123.85264414089986,9,0.1269247593614563,49.77063668634967,20,0.9505724619032182,372.1524355712026,10,0.09322106448476225,37.297884091341835,2026-07-17 18:00:00,0xe93237c50d904957cf27e7b1133b510c669c2e74
31,1.4265022937568923,572.8603924215686,10,1.234676347517178,471.2709797253465,29,1.1922086511131669,497.0589262018661,34,0.44821450304484856,175.08640898951612,2026-07-17 19:00:00,0xe93237c50d904957cf27e7b1133b510c669c2e74
20,1.4029267274689052,597.6320800700298,4,0.015817580790302176,6.052996305599686,30,4.191555407130212,1604.3917134696153,36,2.3367214160528036,989.7867524298924,2026-07-17 20:00:00,0xe93237c50d904957cf27e7b1133b510c669c2e74
29,2.1905193985028912,898.063005454305,5,0.15968392024200453,61.08417992669267,9,0.09107017996892423,36.266370782225536,41,2.6336529302450993,1035.1050973796596,2026-07-17 21:00:00,0xe93237c50d904957cf27e7b1133b510c669c2e74
17,0.29911838289761467,117.12755908160418,4,0.06432176534566929,25.431645364467425,9,0.10872953697582226,43.42457325972855,20,0.9505724619032182,372.1524355712026,2026-07-17 22:00:00,0xe93237c50d904957cf27e7b1133b510c669c2e74
54,15.470505690799818,6085.500613759014,8,0.0745724169606917,29.930390181555772,11,0.09199905852451859,36.08559527983846,29,1.1922086511131669,497.0589262018661,2026-07-17 23:00:00,0xe93237c50d904957cf27e7b1133b510c669c2e74
15,0.20416771739449247,79.1755462639165,9,0.019374810747026003,7.801337849497649,11,0.19105432351956608,74.45729478229266,30,4.191555407130212,1604.3917134696153,2026-07-18 00:00:00,0xe93237c50d904957cf27e7b1133b510c669c2e74
17,0.4269198772363045,165.24635357210303,13,0.526431136485835,211.85024383607498,18,0.19547115517260144,76.22099680014082,9,0.09107017996892423,36.266370782225536,2026-07-18 01:00:00,0xe93237c50d904957cf27e7b1133b510c669c2e74
16,0.2653162758033132,102.9941834730741,13,0.10981607258231249,43.544474365285176,9,0.1269247593614563,49.77063668634967,9,0.10872953697582226,43.42457325972855,2026-07-18 02:00:00,0xe93237c50d904957cf27e7b1133b510c669c2e74
10,0.02958942434378324,11.800109979369378,10,0.4545003969321382,178.55812526225947,10,1.234676347517178,471.2709797253465,11,0.09199905852451859,36.08559527983846,2026-07-18 03:00:00,0xe93237c50d904957cf27e7b1133b510c669c2e74
16,0.3929928360359676,151.92812096863773,8,0.3495483821868914,138.87135418346057,4,0.015817580790302176,6.052996305599686,11,0.19105432351956608,74.45729478229266,2026-07-18 04:00:00,0xe93237c50d904957cf27e7b1133b510c669c2e74
9,0.314654161610691,121.55973643697088,24,3.21037416372796,1286.4451059116677,5,0.15968392024200453,61.08417992669267,18,0.19547115517260144,76.22099680014082,2026-07-18 05:00:00,0xe93237c50d904957cf27e7b1133b510c669c2e74
9,0.10381135427360046,41.332959284421136,34,0.6276048752847726,257.0487669222691,4,0.06432176534566929,25.431645364467425,9,0.1269247593614563,49.77063668634967,2026-07-18 06:00:00,0xe93237c50d904957cf27e7b1133b510c669c2e74
17,1.5839398086245826,633.9854662525457,31,2.5135696998337824,982.9982379945085,8,0.0745724169606917,29.930390181555772,10,1.234676347517178,471.2709797253465,2026-07-18 07:00:00,0xe93237c50d904957cf27e7b1133b510c669c2e74
4,0.045514724764390356,17.662546758228572,11,0.06811206187673413,27.311248160918208,9,0.019374810747026003,7.801337849497649,4,0.015817580790302176,6.052996305599686,2026-07-18 08:00:00,0xe93237c50d904957cf27e7b1133b510c669c2e74
3,0.00555805069044839,2.227360349961118,15,0.2608534254285673,105.55244716498812,13,0.526431136485835,211.85024383607498,5,0.15968392024200453,61.08417992669267,2026-07-18 09:00:00,0xe93237c50d904957cf27e7b1133b510c669c2e74
9,0.559981520401805,224.01417507589497,17,0.2530523252138114,102.80252084086062,13,0.10981607258231249,43.544474365285176,4,0.06432176534566929,25.431645364467425,2026-07-18 10:00:00,0xe93237c50d904957cf27e7b1133b510c669c2e74
5,0.13913625523935386,53.186748444035906,21,0.2005750295163688,81.18749472565806,10,0.4545003969321382,178.55812526225947,8,0.0745724169606917,29.930390181555772,2026-07-18 11:00:00,0xe93237c50d904957cf27e7b1133b510c669c2e74
5,0.028599366618840365,11.311380514589555,16,0.25075183749466,99.49853091998615,8,0.3495483821868914,138.87135418346057,9,0.019374810747026003,7.801337849497649,2026-07-18 12:00:00,0xe93237c50d904957cf27e7b1133b510c669c2e74
27,0.7460055193031818,291.6174342013153,15,0.18349161384107698,72.63255830709973,24,3.21037416372796,1286.4451059116677,13,0.526431136485835,211.85024383607498,2026-07-18 13:00:00,0xe93237c50d904957cf27e7b1133b510c669c2e74
11,0.11770381393270613,46.693732301351,13,0.6160401177123287,243.29828021346282,34,0.6276048752847726,257.0487669222691,13,0.10981607258231249,43.544474365285176,2026-07-18 14:00:00,0xe93237c50d904957cf27e7b1133b510c669c2e74
15,0.24389047451577905,98.79025861555321,10,0.39578648781832754,156.18356704581308,31,2.5135696998337824,982.9982379945085,10,0.4545003969321382,178.55812526225947,2026-07-18 15:00:00,0xe93237c50d904957cf27e7b1133b510c669c2e74
26,9.28734447859619,3650.8372405903806,9,0.11758388764510999,46.71961486826611,11,0.06811206187673413,27.311248160918208,8,0.3495483821868914,138.87135418346057,2026-07-18 16:00:00,0xe93237c50d904957cf27e7b1133b510c669c2e74
17,0.09840816074472628,40.89092675488925,6,0.05179627503096447,20.584898269138446,15,0.2608534254285673,105.55244716498812,24,3.21037416372796,1286.4451059116677,2026-07-18 17:00:00,0xe93237c50d904957cf27e7b1133b510c669c2e74
41,2.320735930955262,936.6352701981157,7,0.041338890298982925,16.94447457121768,17,0.2530523252138114,102.80252084086062,34,0.6276048752847726,257.0487669222691,2026-07-18 18:00:00,0xe93237c50d904957cf27e7b1133b510c669c2e74
33,3.0198422741172353,1197.353667792173,6,0.11193775604481987,44.631335419285,21,0.2005750295163688,81.18749472565806,31,2.5135696998337824,982.9982379945085,2026-07-18 19:00:00,0xe93237c50d904957cf27e7b1133b510c669c2e74
16,0.10406519776524638,41.599729441831464,6,0.01346342198195026,5.449905752322467,16,0.25075183749466,99.49853091998615,11,0.06811206187673413,27.311248160918208,2026-07-18 20:00:00,0xe93237c50d904957cf27e7b1133b510c669c2e74
13,0.7766897478489747,309.81816500890534,6,0.014391653386708978,5.8729601724636495,15,0.18349161384107698,72.63255830709973,15,0.2608534254285673,105.55244716498812,2026-07-18 21:00:00,0xe93237c50d904957cf27e7b1133b510c669c2e74
13,2.9617673902691353,1155.0866621839964,9,0.13590089989519433,54.19180322644059,13,0.6160401177123287,243.29828021346282,17,0.2530523252138114,102.80252084086062,2026-07-18 22:00:00,0xe93237c50d904957cf27e7b1133b510c669c2e74
14,0.6451298668694637,254.2207724427046,14,0.1493440177717534,59.40386654359559,10,0.39578648781832754,156.18356704581308,21,0.2005750295163688,81.18749472565806,2026-07-18 23:00:00,0xe93237c50d904957cf27e7b1133b510c669c2e74
10,0.12621508768463888,49.94464661684615,8,0.07001019505003621,28.197524267489715,9,0.11758388764510999,46.71961486826611,16,0.25075183749466,99.49853091998615,2026-07-19 00:00:00,0xe93237c50d904957cf27e7b1133b510c669c2e74
9,0.587942619901449,232.29486968908884,8,0.17585747246288144,69.56215929215169,6,0.05179627503096447,20.584898269138446,15,0.18349161384107698,72.63255830709973,2026-07-19 01:00:00,0xe93237c50d904957cf27e7b1133b510c669c2e74
18,1.6056822027531839,631.6035987898289,23,1.2194885478914792,504.35731704501603,7,0.041338890298982925,16.94447457121768,13,0.6160401177123287,243.29828021346282,2026-07-19 02:00:00,0xe93237c50d904957cf27e7b1133b510c669c2e74
19,1.7041858342253637,681.1293260774852,26,5.028301043642488,2046.2386295799668,6,0.11193775604481987,44.631335419285,10,0.39578648781832754,156.18356704581308,2026-07-19 03:00:00,0xe93237c50d904957cf27e7b1133b510c669c2e74
15,0.13772117008456358,54.86104922478273,26,3.9745722422578433,1585.4095126463476,6,0.01346342198195026,5.449905752322467,9,0.11758388764510999,46.71961486826611,2026-07-19 04:00:00,0xe93237c50d904957cf27e7b1133b510c669c2e74
6,0.0269892429928258,10.722809634309197,23,5.107395613528546,2009.6056838802274,6,0.014391653386708978,5.8729601724636495,6,0.05179627503096447,20.584898269138446,2026-07-19 05:00:00,0xe93237c50d904957cf27e7b1133b510c669c2e74
10,0.38387914005336365,153.52974778020544,184,84.97089049152073,34067.88213986805,9,0.13590089989519433,54.19180322644059,7,0.041338890298982925,16.94447457121768,2026-07-19 06:00:00,0xe93237c50d904957cf27e7b1133b510c669c2e74
9,0.1846773054402832,73.43030718299627,97,44.103465275040605,17634.436214287856,14,0.1493440177717534,59.40386654359559,6,0.11193775604481987,44.631335419285,2026-07-19 07:00:00,0xe93237c50d904957cf27e7b1133b510c669c2e74
20,0.2964253254422548,118.21577171187775,38,12.937979490454973,5065.228078673418,8,0.07001019505003621,28.197524267489715,6,0.01346342198195026,5.449905752322467,2026-07-19 08:00:00,0xe93237c50d904957cf27e7b1133b510c669c2e74
8,0.026943893534114954,10.869053737240101,35,3.82549925801514,1491.8955121284698,8,0.17585747246288144,69.56215929215169,6,0.014391653386708978,5.8729601724636495,2026-07-19 09:00:00,0xe93237c50d904957cf27e7b1133b510c669c2e74
26,2.1164182089060444,909.895728563956,30,4.310420216341323,1708.7783268805538,23,1.2194885478914792,504.35731704501603,9,0.13590089989519433,54.19180322644059,2026-07-19 10:00:00,0xe93237c50d904957cf27e7b1133b510c669c2e74
7,0.12413696581879911,50.16063082627781,12,4.561728019376238,1785.6805976408646,26,5.028301043642488,2046.2386295799668,14,0.1493440177717534,59.40386654359559,2026-07-19 11:00:00,0xe93237c50d904957cf27e7b1133b510c669c2e74
12,2.097796490546918,839.2813773366468,38,11.290600359067641,4505.163550833435,26,3.9745722422578433,1585.4095126463476,8,0.07001019505003621,28.197524267489715,2026-07-19 12:00:00,0xe93237c50d904957cf27e7b1133b510c669c2e74
9,0.2015861614480663,80.075042222033,18,5.058111893112785,1970.0293497075759,23,5.107395613528546,2009.6056838802274,8,0.17585747246288144,69.56215929215169,2026-07-19 13:00:00,0xe93237c50d904957cf27e7b1133b510c669c2e74
39,10.543622263810903,4258.7944386646695,13,2.7180655710561177,1070.3172374895998,184,84.97089049152073,34067.88213986805,23,1.2194885478914792,504.35731704501603,2026-07-19 14:00:00,0xe93237c50d904957cf27e7b1133b510c669c2e74
86,20.82118839096843,8303.006142953971,16,3.3141550409749523,1282.3213858429044,97,44.103465275040605,17634.436214287856,26,5.028301043642488,2046.2386295799668,2026-07-19 15:00:00,0xe93237c50d904957cf27e7b1133b510c669c2e74
38,13.176236769645753,5299.042071361876,8,1.6923837455897148,670.1163658621192,38,12.937979490454973,5065.228078673418,26,3.9745722422578433,1585.4095126463476,2026-07-19 16:00:00,0xe93237c50d904957cf27e7b1133b510c669c2e74
51,28.141667450686633,11350.553978757029,10,1.2515876119533849,485.67602191104544,35,3.82549925801514,1491.8955121284698,23,5.107395613528546,2009.6056838802274,2026-07-19 17:00:00,0xe93237c50d904957cf27e7b1133b510c669c2e74
402,209.67499963873405,84003.08108724357,12,0.49555848531210306,193.84213263485412,30,4.310420216341323,1708.7783268805538,184,84.97089049152073,34067.88213986805,2026-07-19 18:00:00,0xe93237c50d904957cf27e7b1133b510c669c2e74
84,34.408380087286034,13626.936510743857,50,7.431198064804484,2938.9967392034405,12,4.561728019376238,1785.6805976408646,97,44.103465275040605,17634.436214287856,2026-07-19 19:00:00,0xe93237c50d904957cf27e7b1133b510c669c2e74
40,9.869454699726933,3860.8235978821426,13,6.88105065659489,2718.0322234830765,38,11.290600359067641,4505.163550833435,38,12.937979490454973,5065.228078673418,2026-07-19 20:00:00,0xe93237c50d904957cf27e7b1133b510c669c2e74
31,7.710746404633186,3022.2485707165642,18,2.6299136826322904,1036.7143829436743,18,5.058111893112785,1970.0293497075759,35,3.82549925801514,1491.8955121284698,2026-07-19 21:00:00,0xe93237c50d904957cf27e7b1133b510c669c2e74
49,13.09549506445129,5250.475746518671,21,1.5268516300508448,601.5582623345979,13,2.7180655710561177,1070.3172374895998,30,4.310420216341323,1708.7783268805538,2026-07-19 22:00:00,0xe93237c50d904957cf27e7b1133b510c669c2e74
8,0.49791107225139153,198.38171203510942,319,80.96131930787502,31886.861318104533,16,3.3141550409749523,1282.3213858429044,12,4.561728019376238,1785.6805976408646,2026-07-19 23:00:00,0xe93237c50d904957cf27e7b1133b510c669c2e74
15,9.448765516945322,3681.1884251395163,431,95.4119270514489,37361.463652651946,8,1.6923837455897148,670.1163658621192,38,11.290600359067641,4505.163550833435,2026-07-20 00:00:00,0xe93237c50d904957cf27e7b1133b510c669c2e74
19,4.183884549265274,1653.4425160873716,14,3.0249739272883542,1180.20024773223,10,1.2515876119533849,485.67602191104544,18,5.058111893112785,1970.0293497075759,2026-07-20 01:00:00,0xe93237c50d904957cf27e7b1133b510c669c2e74
10,3.205559706501424,1267.6414275597333,34,3.3471670257832087,1315.419529920433,12,0.49555848531210306,193.84213263485412,13,2.7180655710561177,1070.3172374895998,2026-07-20 02:00:00,0xe93237c50d904957cf27e7b1133b510c669c2e74
10,1.0049739335005499,395.4843113003715,23,4.46293111372439,1765.7242846888812,50,7.431198064804484,2938.9967392034405,16,3.3141550409749523,1282.3213858429044,2026-07-20 03:00:00,0xe93237c50d904957cf27e7b1133b510c669c2e74
14,4.101614101629106,1576.0175781055855,18,2.6050634650362188,1042.1052215481448,13,6.88105065659489,2718.0322234830765,8,1.6923837455897148,670.1163658621192,2026-07-20 04:00:00,0xe93237c50d904957cf27e7b1133b510c669c2e74
33,17.41105644562073,6779.261458123545,30,13.558252424520632,5468.763280925842,18,2.6299136826322904,1036.7143829436743,10,1.2515876119533849,485.67602191104544,2026-07-20 05:00:00,0xe93237c50d904957cf27e7b1133b510c669c2e74
9,0.08843733668194761,35.389617409594194,23,2.9459891825883764,1178.5801610824055,21,1.5268516300508448,601.5582623345979,12,0.49555848531210306,193.84213263485412,2026-07-20 06:00:00,0xe93237c50d904957cf27e7b1133b510c669c2e74
24,12.45973787517055,4908.518155516451,103,61.4594259142884,24632.839105491406,319,80.96131930787502,31886.861318104533,50,7.431198064804484,2938.9967392034405,2026-07-20 07:00:00,0xe93237c50d904957cf27e7b1133b510c669c2e74
13,5.903935128690166,2316.260643167118,70,23.592022222475954,9479.212659366094,431,95.4119270514489,37361.463652651946,13,6.88105065659489,2718.0322234830765,2026-07-20 08:00:00,0xe93237c50d904957cf27e7b1133b510c669c2e74
19,6.226952746972178,2491.3045121135883,30,16.17451989888489,6478.941441140025,14,3.0249739272883542,1180.20024773223,18,2.6299136826322904,1036.7143829436743,2026-07-20 09:00:00,0xe93237c50d904957cf27e7b1133b510c669c2e74
48,8.018167890238463,3208.377590554811,24,13.030940532993425,5212.239948006683,34,3.3471670257832087,1315.419529920433,21,1.5268516300508448,601.5582623345979,2026-07-20 10:00:00,0xe93237c50d904957cf27e7b1133b510c669c2e74
421,105.31466065476074,41229.194272372246,24,5.098852848695709,2040.8240473928815,23,4.46293111372439,1765.7242846888812,319,80.96131930787502,31886.861318104533,2026-07-20 11:00:00,0xe93237c50d904957cf27e7b1133b510c669c2e74
60,12.998161427737854,5082.178638166438,8,3.0827790811840172,1230.0309009618059,18,2.6050634650362188,1042.1052215481448,431,95.4119270514489,37361.463652651946,2026-07-20 12:00:00,0xe93237c50d904957cf27e7b1133b510c669c2e74
22,4.746417340013052,1842.9328083202454,7,2.117032696798334,853.5997311667379,30,13.558252424520632,5468.763280925842,14,3.0249739272883542,1180.20024773223,2026-07-20 13:00:00,0xe93237c50d904957cf27e7b1133b510c669c2e74
26,5.404813592489722,2128.8163859331985,25,2.0768565958318903,833.8211327311366,23,2.9459891825883764,1178.5801610824055,34,3.3471670257832087,1315.419529920433,2026-07-20 14:00:00,0xe93237c50d904957cf27e7b1133b510c669c2e74
23,14.438944902134718,5762.457766828588,28,14.48705574499575,5842.064383652509,103,61.4594259142884,24632.839105491406,23,4.46293111372439,1765.7242846888812,2026-07-20 15:00:00,0xe93237c50d904957cf27e7b1133b510c669c2e74
18,7.245994895547705,2902.220637830425,21,15.109377997084186,6046.944814294486,70,23.592022222475954,9479.212659366094,18,2.6050634650362188,1042.1052215481448,2026-07-20 16:00:00,0xe93237c50d904957cf27e7b1133b510c669c2e74
39,5.975690155722689,2394.0747696612234,11,3.892966526603469,1566.793259487253,30,16.17451989888489,6478.941441140025,30,13.558252424520632,5468.763280925842,2026-07-20 17:00:00,0xe93237c50d904957cf27e7b1133b510c669c2e74
85,41.55681491937695,16776.341767473365,4,3.6082073506214933,1444.7278605436181,24,13.030940532993425,5212.239948006683,23,2.9459891825883764,1178.5801610824055,2026-07-20 18:00:00,0xe93237c50d904957cf27e7b1133b510c669c2e74
149,37.73297260562564,15075.013915555453,19,1.698818179491487,680.1907764423985,24,5.098852848695709,2040.8240473928815,103,61.4594259142884,24632.839105491406,2026-07-20 19:00:00,0xe93237c50d904957cf27e7b1133b510c669c2e74
25,19.718917909534728,7855.203215004578,16,4.275969967681404,1713.101702090788,8,3.0827790811840172,1230.0309009618059,70,23.592022222475954,9479.212659366094,2026-07-20 20:00:00,0xe93237c50d904957cf27e7b1133b510c669c2e74
28,16.569986822924037,6732.927213184959,12,10.301177549092259,4124.784105751598,7,2.117032696798334,853.5997311667379,30,16.17451989888489,6478.941441140025,2026-07-20 21:00:00,0xe93237c50d904957cf27e7b1133b510c669c2e74
19,5.666508418162931,2262.3027072414106,7,1.9448702307208345,777.0286316061258,25,2.0768565958318903,833.8211327311366,24,13.030940532993425,5212.239948006683,2026-07-20 22:00:00,0xe93237c50d904957cf27e7b1133b510c669c2e74
17,5.811574595994949,2327.1774931713567,20,8.815128379143149,3522.279833870464,28,14.48705574499575,5842.064383652509,24,5.098852848695709,2040.8240473928815,2026-07-20 23:00:00,0xe93237c50d904957cf27e7b1133b510c669c2e74
32,24.604687600946857,9880.199391289498,22,6.6731131624568825,2676.286572804726,21,15.109377997084186,6046.944814294486,8,3.0827790811840172,1230.0309009618059,2026-07-21 00:00:00,0xe93237c50d904957cf27e7b1133b510c669c2e74
16,13.589598311985869,5442.8144980790785,14,20.302016108638476,8072.748047379016,11,3.892966526603469,1566.793259487253,7,2.117032696798334,853.5997311667379,2026-07-21 01:00:00,0xe93237c50d904957cf27e7b1133b510c669c2e74
19,1.513865587474587,606.0765442165599,21,37.1309029553147,14838.402490236378,4,3.6082073506214933,1444.7278605436181,25,2.0768565958318903,833.8211327311366,2026-07-21 02:00:00,0xe93237c50d904957cf27e7b1133b510c669c2e74
6,1.7921011886220064,722.6923213885273,47,26.441333284609225,10585.106292565082,19,1.698818179491487,680.1907764423985,28,14.48705574499575,5842.064383652509,2026-07-21 03:00:00,0xe93237c50d904957cf27e7b1133b510c669c2e74
7,3.541947690385059,1422.2314796113342,15,15.309847754817397,6133.944622851054,16,4.275969967681404,1713.101702090788,21,15.109377997084186,6046.944814294486,2026-07-21 04:00:00,0xe93237c50d904957cf27e7b1133b510c669c2e74
19,7.046402651530501,2837.781947943493,31,26.127368599772478,10413.540482280394,12,10.301177549092259,4124.784105751598,11,3.892966526603469,1566.793259487253,2026-07-21 05:00:00,0xe93237c50d904957cf27e7b1133b510c669c2e74
12,2.6365124995295908,1061.0900671246543,284,140.12576812738743,56171.31408093382,7,1.9448702307208345,777.0286316061258,4,3.6082073506214933,1444.7278605436181,2026-07-21 06:00:00,0xe93237c50d904957cf27e7b1133b510c669c2e74
14,9.542703691838422,3823.1725512639828,120,63.64176479834634,25342.96735320451,20,8.815128379143149,3522.279833870464,19,1.698818179491487,680.1907764423985,2026-07-21 07:00:00,0xe93237c50d904957cf27e7b1133b510c669c2e74
35,23.34925591856603,9342.02970951397,39,16.448560174330858,6551.313052220088,22,6.6731131624568825,2676.286572804726,16,4.275969967681404,1713.101702090788,2026-07-21 08:00:00,0xe93237c50d904957cf27e7b1133b510c669c2e74
15,8.558900279231574,3434.1901874778478,45,22.868662820801646,9229.15029934436,14,20.302016108638476,8072.748047379016,12,10.301177549092259,4124.784105751598,2026-07-21 09:00:00,0xe93237c50d904957cf27e7b1133b510c669c2e74
15,15.262392205877857,6102.474981714875,32,13.22669867956195,5247.137240555272,21,37.1309029553147,14838.402490236378,7,1.9448702307208345,777.0286316061258,2026-07-21 10:00:00,0xe93237c50d904957cf27e7b1133b510c669c2e74
18,15.059314125977338,6001.751405944891,33,17.697439922432235,7041.8929388985525,47,26.441333284609225,10585.106292565082,20,8.815128379143149,3522.279833870464,2026-07-21 11:00:00,0xe93237c50d904957cf27e7b1133b510c669c2e74
21,4.25358767170248,1694.831373273809,19,10.447430184621377,4150.290622595351,15,15.309847754817397,6133.944622851054,22,6.6731131624568825,2676.286572804726,2026-07-21 12:00:00,0xe93237c50d904957cf27e7b1133b510c669c2e74
18,13.024083961616881,5186.679102228964,12,5.044105175509675,2001.8405936057543,31,26.127368599772478,10413.540482280394,14,20.302016108638476,8072.748047379016,2026-07-21 13:00:00,0xe93237c50d904957cf27e7b1133b510c669c2e74
23,16.89933579455395,6750.627151376277,31,29.675422387345474,11793.69947761491,284,140.12576812738743,56171.31408093382,21,37.1309029553147,14838.402490236378,2026-07-21 14:00:00,0xe93237c50d904957cf27e7b1133b510c669c2e74
41,27.272728563158793,10900.729251901399,12,5.070040526959821,2014.8332603029073,120,63.64176479834634,25342.96735320451,47,26.441333284609225,10585.106292565082,2026-07-21 15:00:00,0xe93237c50d904957cf27e7b1133b510c669c2e74
31,25.245271067169565,10068.821388404527,34,13.914989601012639,5509.055450902831,39,16.448560174330858,6551.313052220088,15,15.309847754817397,6133.944622851054,2026-07-21 16:00:00,0xe93237c50d904957cf27e7b1133b510c669c2e74
19,6.4240378931271716,2565.8535193904427,13,3.402529802847164,1352.2759306734847,45,22.868662820801646,9229.15029934436,31,26.127368599772478,10413.540482280394,2026-07-21 17:00:00,0xe93237c50d904957cf27e7b1133b510c669c2e74
197,146.42883195225207,58637.94863286832,20,18.762166415978765,7491.049479182639,32,13.22669867956195,5247.137240555272,284,140.12576812738743,56171.31408093382,2026-07-21 18:00:00,0xe93237c50d904957cf27e7b1133b510c669c2e74
91,80.5771351918518,32031.20284602563,11,4.492393879349944,1784.686954338739,33,17.697439922432235,7041.8929388985525,120,63.64176479834634,25342.96735320451,2026-07-21 19:00:00,0xe93237c50d904957cf27e7b1133b510c669c2e74
28,11.645011449589308,4650.453351092748,28,5.897800485931298,2355.0278132795424,19,10.447430184621377,4150.290622595351,39,16.448560174330858,6551.313052220088,2026-07-21 20:00:00,0xe93237c50d904957cf27e7b1133b510c669c2e74
27,14.419417059292705,5737.062981147162,23,6.480034789876368,2583.886727507055,12,5.044105175509675,2001.8405936057543,45,22.868662820801646,9229.15029934436,2026-07-21 21:00:00,0xe93237c50d904957cf27e7b1133b510c669c2e74
22,6.706893718320421,2661.2798475102854,11,5.002415350810935,1998.2434990857141,31,29.675422387345474,11793.69947761491,32,13.22669867956195,5247.137240555272,2026-07-21 22:00:00,0xe93237c50d904957cf27e7b1133b510c669c2e74
39,7.19729019199004,2860.535732598516,36,4.750039001036961,1890.0316186444586,12,5.070040526959821,2014.8332603029073,33,17.697439922432235,7041.8929388985525,2026-07-21 23:00:00,0xe93237c50d904957cf27e7b1133b510c669c2e74
0,,,0,,,0,,,0,,,2026-07-15 00:00:00,0xec262a75e413fafd0df80480274532c79d42da09
0,,,0,,,0,,,0,,,2026-07-15 01:00:00,0xec262a75e413fafd0df80480274532c79d42da09
0,,,0,,,0,,,0,,,2026-07-15 02:00:00,0xec262a75e413fafd0df80480274532c79d42da09
0,,,0,,,0,,,0,,,2026-07-15 03:00:00,0xec262a75e413fafd0df80480274532c79d42da09
0,,,0,,,0,,,0,,,2026-07-15 04:00:00,0xec262a75e413fafd0df80480274532c79d42da09
0,,,0,,,0,,,0,,,2026-07-15 05:00:00,0xec262a75e413fafd0df80480274532c79d42da09
0,,,0,,,1,5.351204249625e-05,0.11121567642,0,,,2026-07-15 06:00:00,0xec262a75e413fafd0df80480274532c79d42da09
0,,,0,,,0,,,0,,,2026-07-15 07:00:00,0xec262a75e413fafd0df80480274532c79d42da09
0,,,0,,,0,,,0,,,2026-07-15 08:00:00,0xec262a75e413fafd0df80480274532c79d42da09
0,,,0,,,0,,,0,,,2026-07-15 09:00:00,0xec262a75e413fafd0df80480274532c79d42da09
0,,,0,,,0,,,1,5.351204249625e-05,0.11121567642,2026-07-15 10:00:00,0xec262a75e413fafd0df80480274532c79d42da09
0,,,0,,,0,,,0,,,2026-07-15 11:00:00,0xec262a75e413fafd0df80480274532c79d42da09
0,,,0,,,0,,,0,,,2026-07-15 12:00:00,0xec262a75e413fafd0df80480274532c79d42da09
0,,,0,,,0,,,0,,,2026-07-15 13:00:00,0xec262a75e413fafd0df80480274532c79d42da09
0,,,0,,,0,,,0,,,2026-07-15 14:00:00,0xec262a75e413fafd0df80480274532c79d42da09
0,,,0,,,0,,,0,,,2026-07-15 15:00:00,0xec262a75e413fafd0df80480274532c79d42da09
0,,,0,,,0,,,0,,,2026-07-15 16:00:00,0xec262a75e413fafd0df80480274532c79d42da09
0,,,0,,,0,,,0,,,2026-07-15 17:00:00,0xec262a75e413fafd0df80480274532c79d42da09
0,,,0,,,0,,,0,,,2026-07-15 18:00:00,0xec262a75e413fafd0df80480274532c79d42da09
0,,,0,,,0,,,0,,,2026-07-15 19:00:00,0xec262a75e413fafd0df80480274532c79d42da09
0,,,0,,,0,,,0,,,2026-07-15 20:00:00,0xec262a75e413fafd0df80480274532c79d42da09
0,,,0,,,0,,,0,,,2026-07-15 21:00:00,0xec262a75e413fafd0df80480274532c79d42da09
0,,,0,,,0,,,0,,,2026-07-15 22:00:00,0xec262a75e413fafd0df80480274532c79d42da09
0,,,0,,,0,,,0,,,2026-07-15 23:00:00,0xec262a75e413fafd0df80480274532c79d42da09
0,,,0,,,0,,,0,,,2026-07-16 00:00:00,0xec262a75e413fafd0df80480274532c79d42da09
0,,,0,,,0,,,0,,,2026-07-16 01:00:00,0xec262a75e413fafd0df80480274532c79d42da09
0,,,0,,,0,,,0,,,2026-07-16 02:00:00,0xec262a75e413fafd0df80480274532c79d42da09
0,,,0,,,0,,,0,,,2026-07-16 03:00:00,0xec262a75e413fafd0df80480274532c79d42da09
0,,,0,,,0,,,0,,,2026-07-16 04:00:00,0xec262a75e413fafd0df80480274532c79d42da09
0,,,0,,,0,,,0,,,2026-07-16 05:00:00,0xec262a75e413fafd0df80480274532c79d42da09
0,,,0,,,0,,,0,,,2026-07-16 06:00:00,0xec262a75e413fafd0df80480274532c79d42da09
0,,,0,,,0,,,0,,,2026-07-16 07:00:00,0xec262a75e413fafd0df80480274532c79d42da09
0,,,0,,,0,,,0,,,2026-07-16 08:00:00,0xec262a75e413fafd0df80480274532c79d42da09
0,,,0,,,0,,,0,,,2026-07-16 09:00:00,0xec262a75e413fafd0df80480274532c79d42da09
0,,,0,,,0,,,0,,,2026-07-16 10:00:00,0xec262a75e413fafd0df80480274532c79d42da09
0,,,0,,,0,,,0,,,2026-07-16 11:00:00,0xec262a75e413fafd0df80480274532c79d42da09
0,,,0,,,0,,,0,,,2026-07-16 12:00:00,0xec262a75e413fafd0df80480274532c79d42da09
0,,,0,,,0,,,0,,,2026-07-16 13:00:00,0xec262a75e413fafd0df80480274532c79d42da09
0,,,0,,,0,,,0,,,2026-07-16 14:00:00,0xec262a75e413fafd0df80480274532c79d42da09
0,,,0,,,0,,,0,,,2026-07-16 15:00:00,0xec262a75e413fafd0df80480274532c79d42da09
0,,,0,,,0,,,0,,,2026-07-16 16:00:00,0xec262a75e413fafd0df80480274532c79d42da09
0,,,0,,,0,,,0,,,2026-07-16 17:00:00,0xec262a75e413fafd0df80480274532c79d42da09
0,,,0,,,0,,,0,,,2026-07-16 18:00:00,0xec262a75e413fafd0df80480274532c79d42da09
0,,,0,,,0,,,0,,,2026-07-16 19:00:00,0xec262a75e413fafd0df80480274532c79d42da09
0,,,0,,,0,,,0,,,2026-07-16 20:00:00,0xec262a75e413fafd0df80480274532c79d42da09
0,,,0,,,0,,,0,,,2026-07-16 21:00:00,0xec262a75e413fafd0df80480274532c79d42da09
0,,,0,,,0,,,0,,,2026-07-16 22:00:00,0xec262a75e413fafd0df80480274532c79d42da09
0,,,0,,,0,,,0,,,2026-07-16 23:00:00,0xec262a75e413fafd0df80480274532c79d42da09
0,,,0,,,0,,,0,,,2026-07-17 00:00:00,0xec262a75e413fafd0df80480274532c79d42da09
0,,,0,,,0,,,0,,,2026-07-17 01:00:00,0xec262a75e413fafd0df80480274532c79d42da09
0,,,0,,,0,,,0,,,2026-07-17 02:00:00,0xec262a75e413fafd0df80480274532c79d42da09
0,,,0,,,0,,,0,,,2026-07-17 03:00:00,0xec262a75e413fafd0df80480274532c79d42da09
0,,,0,,,0,,,0,,,2026-07-17 04:00:00,0xec262a75e413fafd0df80480274532c79d42da09
0,,,0,,,0,,,0,,,2026-07-17 05:00:00,0xec262a75e413fafd0df80480274532c79d42da09
0,,,0,,,0,,,0,,,2026-07-17 06:00:00,0xec262a75e413fafd0df80480274532c79d42da09
0,,,0,,,0,,,0,,,2026-07-17 07:00:00,0xec262a75e413fafd0df80480274532c79d42da09
0,,,0,,,0,,,0,,,2026-07-17 08:00:00,0xec262a75e413fafd0df80480274532c79d42da09
0,,,0,,,0,,,0,,,2026-07-17 09:00:00,0xec262a75e413fafd0df80480274532c79d42da09
0,,,0,,,0,,,0,,,2026-07-17 10:00:00,0xec262a75e413fafd0df80480274532c79d42da09
0,,,0,,,0,,,0,,,2026-07-17 11:00:00,0xec262a75e413fafd0df80480274532c79d42da09
0,,,0,,,0,,,0,,,2026-07-17 12:00:00,0xec262a75e413fafd0df80480274532c79d42da09
0,,,0,,,0,,,0,,,2026-07-17 13:00:00,0xec262a75e413fafd0df80480274532c79d42da09
0,,,0,,,0,,,0,,,2026-07-17 14:00:00,0xec262a75e413fafd0df80480274532c79d42da09
0,,,0,,,0,,,0,,,2026-07-17 15:00:00,0xec262a75e413fafd0df80480274532c79d42da09
0,,,0,,,0,,,0,,,2026-07-17 16:00:00,0xec262a75e413fafd0df80480274532c79d42da09
0,,,0,,,0,,,0,,,2026-07-17 17:00:00,0xec262a75e413fafd0df80480274532c79d42da09
0,,,0,,,0,,,0,,,2026-07-17 18:00:00,0xec262a75e413fafd0df80480274532c79d42da09
0,,,0,,,0,,,0,,,2026-07-17 19:00:00,0xec262a75e413fafd0df80480274532c79d42da09
0,,,0,,,0,,,0,,,2026-07-17 20:00:00,0xec262a75e413fafd0df80480274532c79d42da09
0,,,0,,,0,,,0,,,2026-07-17 21:00:00,0xec262a75e413fafd0df80480274532c79d42da09
0,,,0,,,0,,,0,,,2026-07-17 22:00:00,0xec262a75e413fafd0df80480274532c79d42da09
0,,,0,,,0,,,0,,,2026-07-17 23:00:00,0xec262a75e413fafd0df80480274532c79d42da09
0,,,0,,,0,,,0,,,2026-07-18 00:00:00,0xec262a75e413fafd0df80480274532c79d42da09
0,,,0,,,0,,,0,,,2026-07-18 01:00:00,0xec262a75e413fafd0df80480274532c79d42da09
0,,,0,,,0,,,0,,,2026-07-18 02:00:00,0xec262a75e413fafd0df80480274532c79d42da09
0,,,0,,,0,,,0,,,2026-07-18 03:00:00,0xec262a75e413fafd0df80480274532c79d42da09
0,,,0,,,0,,,0,,,2026-07-18 04:00:00,0xec262a75e413fafd0df80480274532c79d42da09
0,,,0,,,0,,,0,,,2026-07-18 05:00:00,0xec262a75e413fafd0df80480274532c79d42da09
0,,,0,,,0,,,0,,,2026-07-18 06:00:00,0xec262a75e413fafd0df80480274532c79d42da09
0,,,0,,,0,,,0,,,2026-07-18 07:00:00,0xec262a75e413fafd0df80480274532c79d42da09
0,,,0,,,0,,,0,,,2026-07-18 08:00:00,0xec262a75e413fafd0df80480274532c79d42da09
0,,,0,,,0,,,0,,,2026-07-18 09:00:00,0xec262a75e413fafd0df80480274532c79d42da09
0,,,0,,,0,,,0,,,2026-07-18 10:00:00,0xec262a75e413fafd0df80480274532c79d42da09
0,,,0,,,0,,,0,,,2026-07-18 11:00:00,0xec262a75e413fafd0df80480274532c79d42da09
0,,,0,,,0,,,0,,,2026-07-18 12:00:00,0xec262a75e413fafd0df80480274532c79d42da09
0,,,0,,,0,,,0,,,2026-07-18 13:00:00,0xec262a75e413fafd0df80480274532c79d42da09
0,,,0,,,0,,,0,,,2026-07-18 14:00:00,0xec262a75e413fafd0df80480274532c79d42da09
0,,,0,,,0,,,0,,,2026-07-18 15:00:00,0xec262a75e413fafd0df80480274532c79d42da09
0,,,0,,,0,,,0,,,2026-07-18 16:00:00,0xec262a75e413fafd0df80480274532c79d42da09
0,,,0,,,0,,,0,,,2026-07-18 17:00:00,0xec262a75e413fafd0df80480274532c79d42da09
0,,,0,,,0,,,0,,,2026-07-18 18:00:00,0xec262a75e413fafd0df80480274532c79d42da09
0,,,1,0.016089196984619917,1.3668936419670001,0,,,0,,,2026-07-18 19:00:00,0xec262a75e413fafd0df80480274532c79d42da09
0,,,0,,,0,,,0,,,2026-07-18 20:00:00,0xec262a75e413fafd0df80480274532c79d42da09
0,,,0,,,0,,,0,,,2026-07-18 21:00:00,0xec262a75e413fafd0df80480274532c79d42da09
0,,,0,,,0,,,0,,,2026-07-18 22:00:00,0xec262a75e413fafd0df80480274532c79d42da09
0,,,0,,,0,,,0,,,2026-07-18 23:00:00,0xec262a75e413fafd0df80480274532c79d42da09
0,,,1,4.927574971e-08,5.999076e-06,0,,,0,,,2026-07-19 00:00:00,0xec262a75e413fafd0df80480274532c79d42da09
0,,,0,,,0,,,0,,,2026-07-19 01:00:00,0xec262a75e413fafd0df80480274532c79d42da09
0,,,1,4.6363552903e-08,3.0013379999999997e-06,0,,,0,,,2026-07-19 02:00:00,0xec262a75e413fafd0df80480274532c79d42da09
0,,,0,,,1,0.016089196984619917,1.3668936419670001,0,,,2026-07-19 03:00:00,0xec262a75e413fafd0df80480274532c79d42da09
0,,,0,,,0,,,0,,,2026-07-19 04:00:00,0xec262a75e413fafd0df80480274532c79d42da09
0,,,0,,,0,,,0,,,2026-07-19 05:00:00,0xec262a75e413fafd0df80480274532c79d42da09
0,,,0,,,0,,,0,,,2026-07-19 06:00:00,0xec262a75e413fafd0df80480274532c79d42da09
0,,,0,,,0,,,1,0.016089196984619917,1.3668936419670001,2026-07-19 07:00:00,0xec262a75e413fafd0df80480274532c79d42da09
0,,,0,,,1,4.927574971e-08,5.999076e-06,0,,,2026-07-19 08:00:00,0xec262a75e413fafd0df80480274532c79d42da09
0,,,0,,,0,,,0,,,2026-07-19 09:00:00,0xec262a75e413fafd0df80480274532c79d42da09
0,,,0,,,1,4.6363552903e-08,3.0013379999999997e-06,0,,,2026-07-19 10:00:00,0xec262a75e413fafd0df80480274532c79d42da09
2,0.044356633041744066,3.8220499716700003,0,,,0,,,0,,,2026-07-19 11:00:00,0xec262a75e413fafd0df80480274532c79d42da09
0,,,0,,,0,,,1,4.927574971e-08,5.999076e-06,2026-07-19 12:00:00,0xec262a75e413fafd0df80480274532c79d42da09
0,,,0,,,0,,,0,,,2026-07-19 13:00:00,0xec262a75e413fafd0df80480274532c79d42da09
0,,,0,,,0,,,1,4.6363552903e-08,3.0013379999999997e-06,2026-07-19 14:00:00,0xec262a75e413fafd0df80480274532c79d42da09
0,,,0,,,0,,,0,,,2026-07-19 15:00:00,0xec262a75e413fafd0df80480274532c79d42da09
0,,,0,,,0,,,0,,,2026-07-19 16:00:00,0xec262a75e413fafd0df80480274532c79d42da09
0,,,0,,,0,,,0,,,2026-07-19 17:00:00,0xec262a75e413fafd0df80480274532c79d42da09
0,,,0,,,0,,,0,,,2026-07-19 18:00:00,0xec262a75e413fafd0df80480274532c79d42da09
0,,,0,,,0,,,0,,,2026-07-19 19:00:00,0xec262a75e413fafd0df80480274532c79d42da09
0,,,0,,,0,,,0,,,2026-07-19 20:00:00,0xec262a75e413fafd0df80480274532c79d42da09
0,,,0,,,0,,,0,,,2026-07-19 21:00:00,0xec262a75e413fafd0df80480274532c79d42da09
0,,,0,,,0,,,0,,,2026-07-19 22:00:00,0xec262a75e413fafd0df80480274532c79d42da09
0,,,0,,,0,,,0,,,2026-07-19 23:00:00,0xec262a75e413fafd0df80480274532c79d42da09
0,,,0,,,0,,,0,,,2026-07-20 00:00:00,0xec262a75e413fafd0df80480274532c79d42da09
0,,,0,,,0,,,0,,,2026-07-20 01:00:00,0xec262a75e413fafd0df80480274532c79d42da09
0,,,0,,,0,,,0,,,2026-07-20 02:00:00,0xec262a75e413fafd0df80480274532c79d42da09
0,,,0,,,0,,,0,,,2026-07-20 03:00:00,0xec262a75e413fafd0df80480274532c79d42da09
0,,,0,,,0,,,0,,,2026-07-20 04:00:00,0xec262a75e413fafd0df80480274532c79d42da09
0,,,0,,,0,,,0,,,2026-07-20 05:00:00,0xec262a75e413fafd0df80480274532c79d42da09
0,,,0,,,0,,,0,,,2026-07-20 06:00:00,0xec262a75e413fafd0df80480274532c79d42da09
0,,,0,,,0,,,0,,,2026-07-20 07:00:00,0xec262a75e413fafd0df80480274532c79d42da09
0,,,0,,,0,,,0,,,2026-07-20 08:00:00,0xec262a75e413fafd0df80480274532c79d42da09
0,,,0,,,0,,,0,,,2026-07-20 09:00:00,0xec262a75e413fafd0df80480274532c79d42da09
0,,,0,,,0,,,0,,,2026-07-20 10:00:00,0xec262a75e413fafd0df80480274532c79d42da09
0,,,0,,,0,,,0,,,2026-07-20 11:00:00,0xec262a75e413fafd0df80480274532c79d42da09
0,,,0,,,0,,,0,,,2026-07-20 12:00:00,0xec262a75e413fafd0df80480274532c79d42da09
0,,,0,,,0,,,0,,,2026-07-20 13:00:00,0xec262a75e413fafd0df80480274532c79d42da09
0,,,0,,,0,,,0,,,2026-07-20 14:00:00,0xec262a75e413fafd0df80480274532c79d42da09
0,,,0,,,0,,,0,,,2026-07-20 15:00:00,0xec262a75e413fafd0df80480274532c79d42da09
0,,,0,,,0,,,0,,,2026-07-20 16:00:00,0xec262a75e413fafd0df80480274532c79d42da09
0,,,0,,,0,,,0,,,2026-07-20 17:00:00,0xec262a75e413fafd0df80480274532c79d42da09
0,,,0,,,0,,,0,,,2026-07-20 18:00:00,0xec262a75e413fafd0df80480274532c79d42da09
0,,,0,,,0,,,0,,,2026-07-20 19:00:00,0xec262a75e413fafd0df80480274532c79d42da09
0,,,0,,,0,,,0,,,2026-07-20 20:00:00,0xec262a75e413fafd0df80480274532c79d42da09
0,,,0,,,0,,,0,,,2026-07-20 21:00:00,0xec262a75e413fafd0df80480274532c79d42da09
0,,,0,,,0,,,0,,,2026-07-20 22:00:00,0xec262a75e413fafd0df80480274532c79d42da09
0,,,0,,,0,,,0,,,2026-07-20 23:00:00,0xec262a75e413fafd0df80480274532c79d42da09
0,,,0,,,0,,,0,,,2026-07-21 00:00:00,0xec262a75e413fafd0df80480274532c79d42da09
0,,,0,,,0,,,0,,,2026-07-21 01:00:00,0xec262a75e413fafd0df80480274532c79d42da09
0,,,0,,,0,,,0,,,2026-07-21 02:00:00,0xec262a75e413fafd0df80480274532c79d42da09
0,,,0,,,0,,,0,,,2026-07-21 03:00:00,0xec262a75e413fafd0df80480274532c79d42da09
0,,,0,,,0,,,0,,,2026-07-21 04:00:00,0xec262a75e413fafd0df80480274532c79d42da09
0,,,0,,,0,,,0,,,2026-07-21 05:00:00,0xec262a75e413fafd0df80480274532c79d42da09
0,,,0,,,0,,,0,,,2026-07-21 06:00:00,0xec262a75e413fafd0df80480274532c79d42da09
0,,,0,,,0,,,0,,,2026-07-21 07:00:00,0xec262a75e413fafd0df80480274532c79d42da09
0,,,0,,,0,,,0,,,2026-07-21 08:00:00,0xec262a75e413fafd0df80480274532c79d42da09
0,,,0,,,0,,,0,,,2026-07-21 09:00:00,0xec262a75e413fafd0df80480274532c79d42da09
0,,,0,,,0,,,0,,,2026-07-21 10:00:00,0xec262a75e413fafd0df80480274532c79d42da09
0,,,0,,,0,,,0,,,2026-07-21 11:00:00,0xec262a75e413fafd0df80480274532c79d42da09
0,,,0,,,0,,,0,,,2026-07-21 12:00:00,0xec262a75e413fafd0df80480274532c79d42da09
0,,,1,0.12971559137402944,11.013448113932,0,,,0,,,2026-07-21 13:00:00,0xec262a75e413fafd0df80480274532c79d42da09
0,,,0,,,0,,,0,,,2026-07-21 14:00:00,0xec262a75e413fafd0df80480274532c79d42da09
0,,,0,,,0,,,0,,,2026-07-21 15:00:00,0xec262a75e413fafd0df80480274532c79d42da09
0,,,0,,,0,,,0,,,2026-07-21 16:00:00,0xec262a75e413fafd0df80480274532c79d42da09
0,,,0,,,0,,,0,,,2026-07-21 17:00:00,0xec262a75e413fafd0df80480274532c79d42da09
0,,,0,,,0,,,0,,,2026-07-21 18:00:00,0xec262a75e413fafd0df80480274532c79d42da09
0,,,0,,,0,,,0,,,2026-07-21 19:00:00,0xec262a75e413fafd0df80480274532c79d42da09
0,,,0,,,0,,,0,,,2026-07-21 20:00:00,0xec262a75e413fafd0df80480274532c79d42da09
0,,,0,,,1,0.12971559137402944,11.013448113932,0,,,2026-07-21 21:00:00,0xec262a75e413fafd0df80480274532c79d42da09
1,0.1468900410925693,190.36651457441198,0,,,0,,,0,,,2026-07-21 22:00:00,0xec262a75e413fafd0df80480274532c79d42da09
0,,,0,,,0,,,0,,,2026-07-21 23:00:00,0xec262a75e413fafd0df80480274532c79d42da09
11,0.3475589508499776,346.432342830633,1,0.00107567671511433,1.040364902667,2,0.040250893316971154,40.160290443775004,0,,,2026-07-15 00:00:00,0xff080c8ce2e5feadaca0da81314ae59d232d4afd
1,0.018574659246505493,18.521847171864,0,,,0,,,1,0.018423773524022535,18.485426436375,2026-07-15 01:00:00,0xff080c8ce2e5feadaca0da81314ae59d232d4afd
4,0.002884592970199921,2.2614649738064125,1,0.012806317121872548,12.301333522883999,1,0.000887816767861149,0.8826153635,2,0.02950947769749657,29.32652284554,2026-07-15 02:00:00,0xff080c8ce2e5feadaca0da81314ae59d232d4afd
1,0.01905880971251049,18.868737003207,1,0.005970232278431498,5.471047817829,1,8.824251216511e-06,0.00869002824,0,,,2026-07-15 03:00:00,0xff080c8ce2e5feadaca0da81314ae59d232d4afd
0,,,1,0.002074874692513097,1.8633025412160003,0,,,2,0.040250893316971154,40.160290443775004,2026-07-15 04:00:00,0xff080c8ce2e5feadaca0da81314ae59d232d4afd
1,0.003501079744060708,3.481673682474,1,1.366674448497e-06,0.00063813014263668,3,0.29093834776504884,287.174094438383,0,,,2026-07-15 05:00:00,0xff080c8ce2e5feadaca0da81314ae59d232d4afd
0,,,0,,,3,0.07765266951321018,75.578432020892,1,0.000887816767861149,0.8826153635,2026-07-15 06:00:00,0xff080c8ce2e5feadaca0da81314ae59d232d4afd
1,0.0001425178325,0.14156580652800002,0,,,1,0.03630780404163878,35.136360013148,1,8.824251216511e-06,0.00869002824,2026-07-15 07:00:00,0xff080c8ce2e5feadaca0da81314ae59d232d4afd
8,0.3786721957585636,371.14762479043804,11,9.318149911278199e-05,112.42489256400059,1,0.00107567671511433,1.040364902667,0,,,2026-07-15 08:00:00,0xff080c8ce2e5feadaca0da81314ae59d232d4afd
1,4.81306488343e-05,0.046956355425,6,9.455065560816001e-06,33.70965177006294,0,,,3,0.29093834776504884,287.174094438383,2026-07-15 09:00:00,0xff080c8ce2e5feadaca0da81314ae59d232d4afd
2,0.07475033994346586,72.56800483821,2,3.5991760982710002e-06,7.95338021652185,1,0.012806317121872548,12.301333522883999,3,0.07765266951321018,75.578432020892,2026-07-15 10:00:00,0xff080c8ce2e5feadaca0da81314ae59d232d4afd
0,,,6,1.0508881774612001e-05,10.379049437483708,1,0.005970232278431498,5.471047817829,1,0.03630780404163878,35.136360013148,2026-07-15 11:00:00,0xff080c8ce2e5feadaca0da81314ae59d232d4afd
0,,,9,7.829706731695199e-05,40.367591869551546,1,0.002074874692513097,1.8633025412160003,1,0.00107567671511433,1.040364902667,2026-07-15 12:00:00,0xff080c8ce2e5feadaca0da81314ae59d232d4afd
0,,,6,1.1086610216788e-05,33.03176275576885,1,1.366674448497e-06,0.00063813014263668,0,,,2026-07-15 13:00:00,0xff080c8ce2e5feadaca0da81314ae59d232d4afd
4,0.0397795574020296,37.292891577328,2,0.010277051143400596,9.395561466816,0,,,1,0.012806317121872548,12.301333522883999,2026-07-15 14:00:00,0xff080c8ce2e5feadaca0da81314ae59d232d4afd
4,0.018232403130883233,16.725435911632,6,0.0015641696928116611,1.411614628041,0,,,1,0.005970232278431498,5.471047817829,2026-07-15 15:00:00,0xff080c8ce2e5feadaca0da81314ae59d232d4afd
3,0.025309037915940722,23.104469247127998,2,0.0068594937939379045,6.129292029370727,11,9.318149911278199e-05,112.42489256400059,1,0.002074874692513097,1.8633025412160003,2026-07-15 16:00:00,0xff080c8ce2e5feadaca0da81314ae59d232d4afd
0,,,1,0.001533972070743067,1.3605736641300001,6,9.455065560816001e-06,33.70965177006294,1,1.366674448497e-06,0.00063813014263668,2026-07-15 17:00:00,0xff080c8ce2e5feadaca0da81314ae59d232d4afd
1,0.001163379781471027,1.0579149588660002,0,,,2,3.5991760982710002e-06,7.95338021652185,0,,,2026-07-15 18:00:00,0xff080c8ce2e5feadaca0da81314ae59d232d4afd
2,3.260206649245e-06,22.844313602001947,0,,,6,1.0508881774612001e-05,10.379049437483708,0,,,2026-07-15 19:00:00,0xff080c8ce2e5feadaca0da81314ae59d232d4afd
11,0.03529615092686807,88.92252375375685,2,0.000722076672925759,0.639302637148,9,7.829706731695199e-05,40.367591869551546,11,9.318149911278199e-05,112.42489256400059,2026-07-15 20:00:00,0xff080c8ce2e5feadaca0da81314ae59d232d4afd
7,1.1714802079925e-05,16.702956713765346,1,0.000147667790106801,0.130766600248,6,1.1086610216788e-05,33.03176275576885,6,9.455065560816001e-06,33.70965177006294,2026-07-15 21:00:00,0xff080c8ce2e5feadaca0da81314ae59d232d4afd
5,8.756562149752e-06,16.818837529813443,0,,,2,0.010277051143400596,9.395561466816,2,3.5991760982710002e-06,7.95338021652185,2026-07-15 22:00:00,0xff080c8ce2e5feadaca0da81314ae59d232d4afd
3,5.452550012883e-06,16.963465969046908,0,,,6,0.0015641696928116611,1.411614628041,6,1.0508881774612001e-05,10.379049437483708,2026-07-15 23:00:00,0xff080c8ce2e5feadaca0da81314ae59d232d4afd
8,5.9397178647570994e-05,47.98822077676275,2,0.000412873024693898,0.35805267085400005,2,0.0068594937939379045,6.129292029370727,9,7.829706731695199e-05,40.367591869551546,2026-07-16 00:00:00,0xff080c8ce2e5feadaca0da81314ae59d232d4afd
0,,,6,0.15265377170129812,134.633468585989,1,0.001533972070743067,1.3605736641300001,6,1.1086610216788e-05,33.03176275576885,2026-07-16 01:00:00,0xff080c8ce2e5feadaca0da81314ae59d232d4afd
1,9.9980256399828e-05,0.090411425832,1,0.03443187988655126,30.05181,0,,,2,0.010277051143400596,9.395561466816,2026-07-16 02:00:00,0xff080c8ce2e5feadaca0da81314ae59d232d4afd
0,,,4,0.04879384766084281,42.249191644405,0,,,6,0.0015641696928116611,1.411614628041,2026-07-16 03:00:00,0xff080c8ce2e5feadaca0da81314ae59d232d4afd
2,7.312055029160699e-05,0.06624745292,107,1.6789950309832062,1454.113222741842,2,0.000722076672925759,0.639302637148,2,0.0068594937939379045,6.129292029370727,2026-07-16 04:00:00,0xff080c8ce2e5feadaca0da81314ae59d232d4afd
0,,,23,0.47151668141353403,404.078311236962,1,0.000147667790106801,0.130766600248,1,0.001533972070743067,1.3605736641300001,2026-07-16 05:00:00,0xff080c8ce2e5feadaca0da81314ae59d232d4afd
1,0.00018426582849702,0.162884150199,3,0.0886354677675549,74.668631460003,0,,,0,,,2026-07-16 06:00:00,0xff080c8ce2e5feadaca0da81314ae59d232d4afd
1,0.000370905233946918,0.334813198995,0,,,0,,,0,,,2026-07-16 07:00:00,0xff080c8ce2e5feadaca0da81314ae59d232d4afd
1,0.03432938234290126,30.081074571240002,0,,,2,0.000412873024693898,0.35805267085400005,2,0.000722076672925759,0.639302637148,2026-07-16 08:00:00,0xff080c8ce2e5feadaca0da81314ae59d232d4afd
0,,,0,,,6,0.15265377170129812,134.633468585989,1,0.000147667790106801,0.130766600248,2026-07-16 09:00:00,0xff080c8ce2e5feadaca0da81314ae59d232d4afd
0,,,1,0.006043393791657367,5.2099528,1,0.03443187988655126,30.05181,0,,,2026-07-16 10:00:00,0xff080c8ce2e5feadaca0da81314ae59d232d4afd
0,,,8,0.33623660558349255,283.09863897807696,4,0.04879384766084281,42.249191644405,0,,,2026-07-16 11:00:00,0xff080c8ce2e5feadaca0da81314ae59d232d4afd
1,0.03501066658250196,30.058216302294998,2,0.05791552461302628,48.067887899108,107,1.6789950309832062,1454.113222741842,2,0.000412873024693898,0.35805267085400005,2026-07-16 12:00:00,0xff080c8ce2e5feadaca0da81314ae59d232d4afd
2,0.06983569542510135,59.389776794690995,3,0.04878102489812208,40.942981980060004,23,0.47151668141353403,404.078311236962,6,0.15265377170129812,134.633468585989,2026-07-16 13:00:00,0xff080c8ce2e5feadaca0da81314ae59d232d4afd
2,0.020722806465577503,17.860838426056002,12,0.19197956377119108,160.45401871884002,3,0.0886354677675549,74.668631460003,1,0.03443187988655126,30.05181,2026-07-16 14:00:00,0xff080c8ce2e5feadaca0da81314ae59d232d4afd
15,0.58706820751602,509.422695275114,3,0.02347802952514208,19.908468339267003,0,,,4,0.04879384766084281,42.249191644405,2026-07-16 15:00:00,0xff080c8ce2e5feadaca0da81314ae59d232d4afd
70,1.4561891114039076,1248.7100146347088,6,0.06271068783880956,53.716261074719995,0,,,107,1.6789950309832062,1454.113222741842,2026-07-16 16:00:00,0xff080c8ce2e5feadaca0da81314ae59d232d4afd
8,0.30695271177161076,259.67444307491735,2,0.004999219725577368,4.088722092535,0,,,23,0.47151668141353403,404.078311236962,2026-07-16 17:00:00,0xff080c8ce2e5feadaca0da81314ae59d232d4afd
6,0.19429912614876557,167.09583342388,1,0.003882198470150497,3.0734568303749996,1,0.006043393791657367,5.2099528,3,0.0886354677675549,74.668631460003,2026-07-16 18:00:00,0xff080c8ce2e5feadaca0da81314ae59d232d4afd
2,0.07848402674599948,66.273223547493,2,0.004790105907141989,3.7939217073039995,8,0.33623660558349255,283.09863897807696,0,,,2026-07-16 19:00:00,0xff080c8ce2e5feadaca0da81314ae59d232d4afd
0,,,1,0.003731599709076215,3.007092,2,0.05791552461302628,48.067887899108,0,,,2026-07-16 20:00:00,0xff080c8ce2e5feadaca0da81314ae59d232d4afd
2,0.006535024534310118,5.628037598586,8,0.10418485237902494,89.84830886397498,3,0.04878102489812208,40.942981980060004,0,,,2026-07-16 21:00:00,0xff080c8ce2e5feadaca0da81314ae59d232d4afd
0,,,3,0.000138315058310591,0.111801036925,12,0.19197956377119108,160.45401871884002,1,0.006043393791657367,5.2099528,2026-07-16 22:00:00,0xff080c8ce2e5feadaca0da81314ae59d232d4afd
12,0.5035923563067768,422.676486877315,1,0.000174302117538598,0.149432838555,3,0.02347802952514208,19.908468339267003,8,0.33623660558349255,283.09863897807696,2026-07-16 23:00:00,0xff080c8ce2e5feadaca0da81314ae59d232d4afd
4,0.025351172464508076,20.639024147227,1,0.010540677728582923,9.01197,6,0.06271068783880956,53.716261074719995,2,0.05791552461302628,48.067887899108,2026-07-17 00:00:00,0xff080c8ce2e5feadaca0da81314ae59d232d4afd
2,0.10753666709143388,91.23785941238002,5,0.04347375170177853,37.039774486389994,2,0.004999219725577368,4.088722092535,3,0.04878102489812208,40.942981980060004,2026-07-17 01:00:00,0xff080c8ce2e5feadaca0da81314ae59d232d4afd
4,0.03090699994791954,25.602852960656,5,0.058209705189142216,48.224436226509006,1,0.003882198470150497,3.0734568303749996,12,0.19197956377119108,160.45401871884002,2026-07-17 02:00:00,0xff080c8ce2e5feadaca0da81314ae59d232d4afd
2,0.018430592871635412,14.73923115522,3,0.008806494344722257,7.684386272934,2,0.004790105907141989,3.7939217073039995,3,0.02347802952514208,19.908468339267003,2026-07-17 03:00:00,0xff080c8ce2e5feadaca0da81314ae59d232d4afd
3,0.017959573963326276,14.48120305164,3,0.014930741487409555,13.037662419518,1,0.003731599709076215,3.007092,6,0.06271068783880956,53.716261074719995,2026-07-17 04:00:00,0xff080c8ce2e5feadaca0da81314ae59d232d4afd
0,,,0,,,8,0.10418485237902494,89.84830886397498,2,0.004999219725577368,4.088722092535,2026-07-17 05:00:00,0xff080c8ce2e5feadaca0da81314ae59d232d4afd
1,0.004349572451820914,3.51817532712,1,0.00997993019572068,9.013895999999999,3,0.000138315058310591,0.111801036925,1,0.003882198470150497,3.0734568303749996,2026-07-17 06:00:00,0xff080c8ce2e5feadaca0da81314ae59d232d4afd
1,0.012365062649415984,9.86934572374,2,2.1745987049637e-05,0.009452597536002551,1,0.000174302117538598,0.149432838555,2,0.004790105907141989,3.7939217073039995,2026-07-17 07:00:00,0xff080c8ce2e5feadaca0da81314ae59d232d4afd
3,0.014615502234855556,12.225314170575999,0,,,1,0.010540677728582923,9.01197,1,0.003731599709076215,3.007092,2026-07-17 08:00:00,0xff080c8ce2e5feadaca0da81314ae59d232d4afd
0,,,1,0.003176184307924137,2.6632602426720005,5,0.04347375170177853,37.039774486389994,8,0.10418485237902494,89.84830886397498,2026-07-17 09:00:00,0xff080c8ce2e5feadaca0da81314ae59d232d4afd
1,0.011833286248687456,10.00270728,1,0.004200547344972676,3.50178520436,5,0.058209705189142216,48.224436226509006,3,0.000138315058310591,0.111801036925,2026-07-17 10:00:00,0xff080c8ce2e5feadaca0da81314ae59d232d4afd
8,0.11162298914978622,93.591003621563,1,0.001196451759558337,1.011302719,3,0.008806494344722257,7.684386272934,1,0.000174302117538598,0.149432838555,2026-07-17 11:00:00,0xff080c8ce2e5feadaca0da81314ae59d232d4afd
1,0.00930111767216236,7.802416524066,1,2.1688557124043e-05,0.018349491986999998,3,0.014930741487409555,13.037662419518,1,0.010540677728582923,9.01197,2026-07-17 12:00:00,0xff080c8ce2e5feadaca0da81314ae59d232d4afd
3,0.06224328974898727,53.410107455347,3,0.010504395145290666,8.619574345468001,0,,,5,0.04347375170177853,37.039774486389994,2026-07-17 13:00:00,0xff080c8ce2e5feadaca0da81314ae59d232d4afd
10,0.09054003636827293,77.479329013629,5,0.05610593521289834,41.11269602712,1,0.00997993019572068,9.013895999999999,5,0.058209705189142216,48.224436226509006,2026-07-17 14:00:00,0xff080c8ce2e5feadaca0da81314ae59d232d4afd
5,0.002617956242415901,2.257065771123,5,0.015141917064618295,12.389579577996,2,2.1745987049637e-05,0.009452597536002551,3,0.008806494344722257,7.684386272934,2026-07-17 15:00:00,0xff080c8ce2e5feadaca0da81314ae59d232d4afd
0,,,3,0.006648804779645806,5.374320380163,0,,,3,0.014930741487409555,13.037662419518,2026-07-17 16:00:00,0xff080c8ce2e5feadaca0da81314ae59d232d4afd
2,0.020207875956140653,17.776612002905,4,0.003687665946017112,3.004614015064,1,0.003176184307924137,2.6632602426720005,0,,,2026-07-17 17:00:00,0xff080c8ce2e5feadaca0da81314ae59d232d4afd
8,0.04622355167213578,41.453854361374,16,0.15402749183350326,115.97299088926201,1,0.004200547344972676,3.50178520436,1,0.00997993019572068,9.013895999999999,2026-07-17 18:00:00,0xff080c8ce2e5feadaca0da81314ae59d232d4afd
0,,,8,0.060944921752482846,46.73079933145501,1,0.001196451759558337,1.011302719,2,2.1745987049637e-05,0.009452597536002551,2026-07-17 19:00:00,0xff080c8ce2e5feadaca0da81314ae59d232d4afd
4,0.0459678494081911,39.995621931248,0,,,1,2.1688557124043e-05,0.018349491986999998,0,,,2026-07-17 20:00:00,0xff080c8ce2e5feadaca0da81314ae59d232d4afd
2,0.009622007067145189,7.968524695513,2,9.8463809843009e-05,0.08097076988999999,3,0.010504395145290666,8.619574345468001,1,0.003176184307924137,2.6632602426720005,2026-07-17 21:00:00,0xff080c8ce2e5feadaca0da81314ae59d232d4afd
2,0.0015777043340975691,1.3174700658600003,5,0.12012430659900099,88.430772660469,5,0.05610593521289834,41.11269602712,1,0.004200547344972676,3.50178520436,2026-07-17 22:00:00,0xff080c8ce2e5feadaca0da81314ae59d232d4afd
0,,,1,8.6652886712077e-05,0.07030755074,5,0.015141917064618295,12.389579577996,1,0.001196451759558337,1.011302719,2026-07-17 23:00:00,0xff080c8ce2e5feadaca0da81314ae59d232d4afd
7,0.07781829166475152,68.33492581102401,1,0.003812064024211374,3.108189844068,3,0.006648804779645806,5.374320380163,1,2.1688557124043e-05,0.018349491986999998,2026-07-18 00:00:00,0xff080c8ce2e5feadaca0da81314ae59d232d4afd
10,0.07121735521173721,63.70097453497701,3,0.010786615834832827,8.957223260131,4,0.003687665946017112,3.004614015064,3,0.010504395145290666,8.619574345468001,2026-07-18 01:00:00,0xff080c8ce2e5feadaca0da81314ae59d232d4afd
8,0.05968086129024153,48.381890575262005,1,0.000526542700114334,0.42911697164999996,16,0.15402749183350326,115.97299088926201,5,0.05610593521289834,41.11269602712,2026-07-18 02:00:00,0xff080c8ce2e5feadaca0da81314ae59d232d4afd
4,0.014219825672171055,11.978141101833998,3,0.005060658360843701,4.151734473597,8,0.060944921752482846,46.73079933145501,5,0.015141917064618295,12.389579577996,2026-07-18 03:00:00,0xff080c8ce2e5feadaca0da81314ae59d232d4afd
3,0.013846372550028357,11.345713466762001,8,0.04895340562827424,41.999567692236,0,,,3,0.006648804779645806,5.374320380163,2026-07-18 04:00:00,0xff080c8ce2e5feadaca0da81314ae59d232d4afd
9,0.05558569593394348,45.18288293845401,3,0.0029849704714203246,2.509461919224,2,9.8463809843009e-05,0.08097076988999999,4,0.003687665946017112,3.004614015064,2026-07-18 05:00:00,0xff080c8ce2e5feadaca0da81314ae59d232d4afd
9,0.040739967523264,33.302566950184996,3,0.027770965110526676,23.766709619053998,5,0.12012430659900099,88.430772660469,16,0.15402749183350326,115.97299088926201,2026-07-18 06:00:00,0xff080c8ce2e5feadaca0da81314ae59d232d4afd
13,0.12655683178657154,94.374856381903,7,0.10107925278695168,84.96899460412399,1,8.6652886712077e-05,0.07030755074,8,0.060944921752482846,46.73079933145501,2026-07-18 07:00:00,0xff080c8ce2e5feadaca0da81314ae59d232d4afd
3,0.002528432125186013,2.0930144420879997,6,0.0375114200008154,31.601286910526,1,0.003812064024211374,3.108189844068,0,,,2026-07-18 08:00:00,0xff080c8ce2e5feadaca0da81314ae59d232d4afd
3,0.01657623203366372,13.501576602906,0,,,3,0.010786615834832827,8.957223260131,2,9.8463809843009e-05,0.08097076988999999,2026-07-18 09:00:00,0xff080c8ce2e5feadaca0da81314ae59d232d4afd
1,0.001694699921068683,1.382243158556,13,0.18492058071159137,153.1480997986635,1,0.000526542700114334,0.42911697164999996,5,0.12012430659900099,88.430772660469,2026-07-18 10:00:00,0xff080c8ce2e5feadaca0da81314ae59d232d4afd
7,0.06541436054865625,49.971255509143,9,0.24709903889416102,213.91015654085302,3,0.005060658360843701,4.151734473597,1,8.6652886712077e-05,0.07030755074,2026-07-18 11:00:00,0xff080c8ce2e5feadaca0da81314ae59d232d4afd
1,0.0011946964378638,0.96210587891,1,0.005120651025101733,4.283392685633999,8,0.04895340562827424,41.999567692236,1,0.003812064024211374,3.108189844068,2026-07-18 12:00:00,0xff080c8ce2e5feadaca0da81314ae59d232d4afd
0,,,6,0.05349366819504272,44.679145417511,3,0.0029849704714203246,2.509461919224,3,0.010786615834832827,8.957223260131,2026-07-18 13:00:00,0xff080c8ce2e5feadaca0da81314ae59d232d4afd
5,0.026692287539504075,21.877479501002,3,0.010581944529026471,8.730329883905,3,0.027770965110526676,23.766709619053998,1,0.000526542700114334,0.42911697164999996,2026-07-18 14:00:00,0xff080c8ce2e5feadaca0da81314ae59d232d4afd
1,0.0245900250538619,20.874683258117,9,0.012235122417947279,10.23858930067,7,0.10107925278695168,84.96899460412399,3,0.005060658360843701,4.151734473597,2026-07-18 15:00:00,0xff080c8ce2e5feadaca0da81314ae59d232d4afd
3,0.023627620749349362,19.815893976292,4,0.0051893940240316655,4.273156506498999,6,0.0375114200008154,31.601286910526,8,0.04895340562827424,41.999567692236,2026-07-18 16:00:00,0xff080c8ce2e5feadaca0da81314ae59d232d4afd
6,0.016241036783459735,13.533903251037,4,0.12021014353230804,102.789280964308,0,,,3,0.0029849704714203246,2.509461919224,2026-07-18 17:00:00,0xff080c8ce2e5feadaca0da81314ae59d232d4afd
3,0.03673339827652481,31.421173117833998,8,0.19039469338524623,162.107656757097,13,0.18492058071159137,153.1480997986635,3,0.027770965110526676,23.766709619053998,2026-07-18 18:00:00,0xff080c8ce2e5feadaca0da81314ae59d232d4afd
3,0.019003897130379047,16.169836643926,3,0.02663623934815799,22.897826291005,9,0.24709903889416102,213.91015654085302,7,0.10107925278695168,84.96899460412399,2026-07-18 19:00:00,0xff080c8ce2e5feadaca0da81314ae59d232d4afd
4,0.011793517996132123,9.843962352497,4,0.008061561072341765,6.830424850016,1,0.005120651025101733,4.283392685633999,6,0.0375114200008154,31.601286910526,2026-07-18 20:00:00,0xff080c8ce2e5feadaca0da81314ae59d232d4afd
7,0.044193448862742436,37.382551479377994,0,,,6,0.05349366819504272,44.679145417511,0,,,2026-07-18 21:00:00,0xff080c8ce2e5feadaca0da81314ae59d232d4afd
1,0.016371380283246095,13.846962542048999,1,0.001827550361544995,1.5448140586910002,3,0.010581944529026471,8.730329883905,13,0.18492058071159137,153.1480997986635,2026-07-18 22:00:00,0xff080c8ce2e5feadaca0da81314ae59d232d4afd
10,0.3830516214505487,335.039723784478,3,0.01082890978142452,9.168168364512,9,0.012235122417947279,10.23858930067,9,0.24709903889416102,213.91015654085302,2026-07-18 23:00:00,0xff080c8ce2e5feadaca0da81314ae59d232d4afd
2,0.014458963806105831,12.014735271239001,4,0.05444559080497061,47.04017794496,4,0.0051893940240316655,4.273156506498999,1,0.005120651025101733,4.283392685633999,2026-07-19 00:00:00,0xff080c8ce2e5feadaca0da81314ae59d232d4afd
1,0.012748775435776363,10.725498357159,5,0.006736824565374841,5.706763306418999,4,0.12021014353230804,102.789280964308,6,0.05349366819504272,44.679145417511,2026-07-19 01:00:00,0xff080c8ce2e5feadaca0da81314ae59d232d4afd
5,0.05091609204949685,42.269105323836996,2,0.000478469026777928,0.40510249768800005,8,0.19039469338524623,162.107656757097,3,0.010581944529026471,8.730329883905,2026-07-19 02:00:00,0xff080c8ce2e5feadaca0da81314ae59d232d4afd
5,0.00999027436720743,8.292820526862,11,0.04911608976219279,42.036079000665,3,0.02663623934815799,22.897826291005,9,0.012235122417947279,10.23858930067,2026-07-19 03:00:00,0xff080c8ce2e5feadaca0da81314ae59d232d4afd
7,0.05230392433365006,43.29088043757,2,0.020834708673353516,18.011367,4,0.008061561072341765,6.830424850016,4,0.0051893940240316655,4.273156506498999,2026-07-19 04:00:00,0xff080c8ce2e5feadaca0da81314ae59d232d4afd
9,0.06068869343031116,52.209537900041994,4,0.03343690294599349,28.328932857972,0,,,4,0.12021014353230804,102.789280964308,2026-07-19 05:00:00,0xff080c8ce2e5feadaca0da81314ae59d232d4afd
6,0.09741178772266532,83.602346101938,4,0.12076050582963295,103.81603898196602,1,0.001827550361544995,1.5448140586910002,8,0.19039469338524623,162.107656757097,2026-07-19 06:00:00,0xff080c8ce2e5feadaca0da81314ae59d232d4afd
8,0.12612059192105157,108.770544290048,5,0.0054721700377362605,4.646761878495999,3,0.01082890978142452,9.168168364512,3,0.02663623934815799,22.897826291005,2026-07-19 07:00:00,0xff080c8ce2e5feadaca0da81314ae59d232d4afd
7,0.03886982609505892,32.893038600640004,3,0.006490386503428581,5.456386945234,4,0.05444559080497061,47.04017794496,4,0.008061561072341765,6.830424850016,2026-07-19 08:00:00,0xff080c8ce2e5feadaca0da81314ae59d232d4afd
2,0.005060047133984034,4.277064797543,19,0.262827419547475,220.686174340961,5,0.006736824565374841,5.706763306418999,0,,,2026-07-19 09:00:00,0xff080c8ce2e5feadaca0da81314ae59d232d4afd
5,0.05583926196979488,48.037215805612,6,0.0009948410974584521,435.1752335758922,2,0.000478469026777928,0.40510249768800005,1,0.001827550361544995,1.5448140586910002,2026-07-19 10:00:00,0xff080c8ce2e5feadaca0da81314ae59d232d4afd
9,0.018238308692589925,100.31185941841147,3,0.012852453990251785,11.069474453813003,11,0.04911608976219279,42.036079000665,3,0.01082890978142452,9.168168364512,2026-07-19 11:00:00,0xff080c8ce2e5feadaca0da81314ae59d232d4afd
3,0.01312760732825988,11.132030644003999,1,1.145069368104e-06,0.0006115459239602231,2,0.020834708673353516,18.011367,4,0.05444559080497061,47.04017794496,2026-07-19 12:00:00,0xff080c8ce2e5feadaca0da81314ae59d232d4afd
3,0.0056145245252951954,4.753315644055999,2,0.01007051090590441,8.634825696427999,4,0.03343690294599349,28.328932857972,5,0.006736824565374841,5.706763306418999,2026-07-19 13:00:00,0xff080c8ce2e5feadaca0da81314ae59d232d4afd
2,0.022440641258547833,19.172142765528,4,0.012685981330779266,10.725785598974,4,0.12076050582963295,103.81603898196602,2,0.000478469026777928,0.40510249768800005,2026-07-19 14:00:00,0xff080c8ce2e5feadaca0da81314ae59d232d4afd
5,0.018647454022458564,15.974279522599996,6,0.04280608506656748,36.046755472893004,5,0.0054721700377362605,4.646761878495999,11,0.04911608976219279,42.036079000665,2026-07-19 15:00:00,0xff080c8ce2e5feadaca0da81314ae59d232d4afd
17,0.22918018733779535,197.94454441476603,3,0.04521636756322423,38.712318415647005,3,0.006490386503428581,5.456386945234,2,0.020834708673353516,18.011367,2026-07-19 16:00:00,0xff080c8ce2e5feadaca0da81314ae59d232d4afd
7,0.04233540664440105,36.198905197939,5,0.09344140266475179,79.75987197408202,19,0.262827419547475,220.686174340961,4,0.03343690294599349,28.328932857972,2026-07-19 17:00:00,0xff080c8ce2e5feadaca0da81314ae59d232d4afd
4,0.05876739219593236,49.721655559125,1,0.001686411837467461,1.43284523053,6,0.0009948410974584521,435.1752335758922,4,0.12076050582963295,103.81603898196602,2026-07-19 18:00:00,0xff080c8ce2e5feadaca0da81314ae59d232d4afd
4,0.12310090714354179,102.700011573533,2,0.000944255969105348,0.796451143494,3,0.012852453990251785,11.069474453813003,5,0.0054721700377362605,4.646761878495999,2026-07-19 19:00:00,0xff080c8ce2e5feadaca0da81314ae59d232d4afd
14,0.3299259252293201,284.749096173292,1,0.000538622279794154,0.455713091379,1,1.145069368104e-06,0.0006115459239602231,3,0.006490386503428581,5.456386945234,2026-07-19 20:00:00,0xff080c8ce2e5feadaca0da81314ae59d232d4afd
14,0.14389058566852644,120.90087904091202,4,0.020029622472360335,17.154609633065,2,0.01007051090590441,8.634825696427999,19,0.262827419547475,220.686174340961,2026-07-19 21:00:00,0xff080c8ce2e5feadaca0da81314ae59d232d4afd
5,0.027679594182787173,23.554919896256,6,0.013724840283055866,11.968254745399001,4,0.012685981330779266,10.725785598974,6,0.0009948410974584521,435.1752335758922,2026-07-19 22:00:00,0xff080c8ce2e5feadaca0da81314ae59d232d4afd
1,0.002179983691067547,1.853331122682,2,0.00781371047351223,6.858726375889,6,0.04280608506656748,36.046755472893004,3,0.012852453990251785,11.069474453813003,2026-07-19 23:00:00,0xff080c8ce2e5feadaca0da81314ae59d232d4afd
2,0.022947490074405486,20.002714635908,1,0.000103783213854259,0.09355542406399998,3,0.04521636756322423,38.712318415647005,1,1.145069368104e-06,0.0006115459239602231,2026-07-20 00:00:00,0xff080c8ce2e5feadaca0da81314ae59d232d4afd
4,0.008643697850071791,7.362639776600999,0,,,5,0.09344140266475179,79.75987197408202,2,0.01007051090590441,8.634825696427999,2026-07-20 01:00:00,0xff080c8ce2e5feadaca0da81314ae59d232d4afd
0,,,2,0.005946390037729804,5.240039818695,1,0.001686411837467461,1.43284523053,4,0.012685981330779266,10.725785598974,2026-07-20 02:00:00,0xff080c8ce2e5feadaca0da81314ae59d232d4afd
3,0.009394012953617656,8.032445213016999,4,0.032040770181084345,28.521040343175002,2,0.000944255969105348,0.796451143494,6,0.04280608506656748,36.046755472893004,2026-07-20 03:00:00,0xff080c8ce2e5feadaca0da81314ae59d232d4afd
6,0.015709653719132063,13.347154338188,1,0.00802145943048379,7.106093928620001,1,0.000538622279794154,0.455713091379,3,0.04521636756322423,38.712318415647005,2026-07-20 04:00:00,0xff080c8ce2e5feadaca0da81314ae59d232d4afd
0,,,2,0.007690736066477867,6.738259517714001,4,0.020029622472360335,17.154609633065,5,0.09344140266475179,79.75987197408202,2026-07-20 05:00:00,0xff080c8ce2e5feadaca0da81314ae59d232d4afd
7,0.011345059053836228,9.599599055943,6,0.03244498289388182,28.748356836574683,6,0.013724840283055866,11.968254745399001,1,0.001686411837467461,1.43284523053,2026-07-20 06:00:00,0xff080c8ce2e5feadaca0da81314ae59d232d4afd
6,0.0267175233433333,22.754998486922,1,0.001525348897167575,1.3321823551289997,2,0.00781371047351223,6.858726375889,2,0.000944255969105348,0.796451143494,2026-07-20 07:00:00,0xff080c8ce2e5feadaca0da81314ae59d232d4afd
4,0.01711301881332867,14.776152081412,0,,,1,0.000103783213854259,0.09355542406399998,1,0.000538622279794154,0.455713091379,2026-07-20 08:00:00,0xff080c8ce2e5feadaca0da81314ae59d232d4afd
1,0.002363238569869452,2.05612759443,3,0.020161972819709863,17.375501159175325,0,,,4,0.020029622472360335,17.154609633065,2026-07-20 09:00:00,0xff080c8ce2e5feadaca0da81314ae59d232d4afd
1,2.459834258951e-06,0.00216680142,6,0.027197148795378226,23.121024411664568,2,0.005946390037729804,5.240039818695,6,0.013724840283055866,11.968254745399001,2026-07-20 10:00:00,0xff080c8ce2e5feadaca0da81314ae59d232d4afd
9,0.5833292934982882,556.3430856762053,1,0.007051504084779122,6.136954374628001,4,0.032040770181084345,28.521040343175002,2,0.00781371047351223,6.858726375889,2026-07-20 11:00:00,0xff080c8ce2e5feadaca0da81314ae59d232d4afd
1,0.000301189780318743,0.265974552504,2,0.007283887411432748,5.08238250129703,1,0.00802145943048379,7.106093928620001,1,0.000103783213854259,0.09355542406399998,2026-07-20 12:00:00,0xff080c8ce2e5feadaca0da81314ae59d232d4afd
1,0.000476837331109262,0.421075679964,3,0.06973386425611158,61.197902949249,2,0.007690736066477867,6.738259517714001,0,,,2026-07-20 13:00:00,0xff080c8ce2e5feadaca0da81314ae59d232d4afd
3,0.009824746508766864,8.562567787496674,3,0.03056568213410515,27.001158733758153,6,0.03244498289388182,28.748356836574683,2,0.005946390037729804,5.240039818695,2026-07-20 14:00:00,0xff080c8ce2e5feadaca0da81314ae59d232d4afd
3,0.024085699228759284,20.953861778746003,4,0.027533259380908733,24.319049797124755,1,0.001525348897167575,1.3321823551289997,4,0.032040770181084345,28.521040343175002,2026-07-20 15:00:00,0xff080c8ce2e5feadaca0da81314ae59d232d4afd
2,0.007964569826635206,7.120776870511,8,0.09994287781454714,89.58850124698354,0,,,1,0.00802145943048379,7.106093928620001,2026-07-20 16:00:00,0xff080c8ce2e5feadaca0da81314ae59d232d4afd
2,0.0043572480176401595,3.799813850019226,2,0.009160175782802479,8.239142088123819,3,0.020161972819709863,17.375501159175325,2,0.007690736066477867,6.738259517714001,2026-07-20 17:00:00,0xff080c8ce2e5feadaca0da81314ae59d232d4afd
4,0.015727956287833765,13.864917792774,0,,,6,0.027197148795378226,23.121024411664568,6,0.03244498289388182,28.748356836574683,2026-07-20 18:00:00,0xff080c8ce2e5feadaca0da81314ae59d232d4afd
1,0.009253854075182175,8.031139782974,2,0.003869880958061164,3.457393983263966,1,0.007051504084779122,6.136954374628001,1,0.001525348897167575,1.3321823551289997,2026-07-20 19:00:00,0xff080c8ce2e5feadaca0da81314ae59d232d4afd
1,0.000576460846508627,0.49827372891199995,0,,,2,0.007283887411432748,5.08238250129703,0,,,2026-07-20 20:00:00,0xff080c8ce2e5feadaca0da81314ae59d232d4afd
1,0.005650314964811853,4.862372438107311,1,0.01081275880544286,9.89618443195001,3,0.06973386425611158,61.197902949249,3,0.020161972819709863,17.375501159175325,2026-07-20 21:00:00,0xff080c8ce2e5feadaca0da81314ae59d232d4afd
30,0.4595008764597174,371.23844348276,1,0.002840210074161095,2.600375484366,3,0.03056568213410515,27.001158733758153,6,0.027197148795378226,23.121024411664568,2026-07-20 22:00:00,0xff080c8ce2e5feadaca0da81314ae59d232d4afd
4,0.024641332727897182,21.41290727152,0,,,4,0.027533259380908733,24.319049797124755,1,0.007051504084779122,6.136954374628001,2026-07-20 23:00:00,0xff080c8ce2e5feadaca0da81314ae59d232d4afd
4,0.24304047118374697,210.17928324598125,3,0.1863958350286704,181.93010703887597,8,0.09994287781454714,89.58850124698354,2,0.007283887411432748,5.08238250129703,2026-07-21 00:00:00,0xff080c8ce2e5feadaca0da81314ae59d232d4afd
4,0.05302610236855404,46.8436369365658,3,0.4191826525533518,376.5146173884151,2,0.009160175782802479,8.239142088123819,3,0.06973386425611158,61.197902949249,2026-07-21 01:00:00,0xff080c8ce2e5feadaca0da81314ae59d232d4afd
0,,,16,0.08436230223067946,78.19172096920911,0,,,3,0.03056568213410515,27.001158733758153,2026-07-21 02:00:00,0xff080c8ce2e5feadaca0da81314ae59d232d4afd
3,0.03848299978688541,34.294626727996736,7,0.03868749037394465,36.207852406257004,2,0.003869880958061164,3.457393983263966,4,0.027533259380908733,24.319049797124755,2026-07-21 03:00:00,0xff080c8ce2e5feadaca0da81314ae59d232d4afd
4,0.07708851994537574,69.80290279145609,72,5.405795970968892,5879.209974764715,0,,,8,0.09994287781454714,89.58850124698354,2026-07-21 04:00:00,0xff080c8ce2e5feadaca0da81314ae59d232d4afd
1,0.000318297117028477,0.28369785704,6,0.13898432000996702,135.228314540644,1,0.01081275880544286,9.89618443195001,2,0.009160175782802479,8.239142088123819,2026-07-21 05:00:00,0xff080c8ce2e5feadaca0da81314ae59d232d4afd
2,0.002738744017599632,2.467147748901767,4,0.008531613678145077,8.289992640877,1,0.002840210074161095,2.600375484366,0,,,2026-07-21 06:00:00,0xff080c8ce2e5feadaca0da81314ae59d232d4afd
2,0.022542747870119638,20.508367132300442,4,0.05641529146999704,55.205837239758004,0,,,2,0.003869880958061164,3.457393983263966,2026-07-21 07:00:00,0xff080c8ce2e5feadaca0da81314ae59d232d4afd
5,0.0163243940323316,14.809314599611069,14,0.3941803742643072,377.57361346293993,3,0.1863958350286704,181.93010703887597,0,,,2026-07-21 08:00:00,0xff080c8ce2e5feadaca0da81314ae59d232d4afd
6,0.06969553882406254,64.22340707719758,118,9.599782727399736,9690.347837075218,3,0.4191826525533518,376.5146173884151,1,0.01081275880544286,9.89618443195001,2026-07-21 09:00:00,0xff080c8ce2e5feadaca0da81314ae59d232d4afd
3,0.03965606926920645,36.15021855563697,20,0.7851265270230947,759.2281517791092,16,0.08436230223067946,78.19172096920911,1,0.002840210074161095,2.600375484366,2026-07-21 10:00:00,0xff080c8ce2e5feadaca0da81314ae59d232d4afd
0,,,4,0.20903387001806326,206.9139413443408,7,0.03868749037394465,36.207852406257004,0,,,2026-07-21 11:00:00,0xff080c8ce2e5feadaca0da81314ae59d232d4afd
4,0.029137029131484117,26.393651877968676,8,0.5506792737197294,543.095992646067,72,5.405795970968892,5879.209974764715,3,0.1863958350286704,181.93010703887597,2026-07-21 12:00:00,0xff080c8ce2e5feadaca0da81314ae59d232d4afd
1,5.9366460699116e-05,0.05337087293454317,1,2.025201940068e-06,0.0021554582273033943,6,0.13898432000996702,135.228314540644,3,0.4191826525533518,376.5146173884151,2026-07-21 13:00:00,0xff080c8ce2e5feadaca0da81314ae59d232d4afd
15,0.801140991408182,799.2415682212373,3,0.2008388670263349,198.15909489017403,4,0.008531613678145077,8.289992640877,16,0.08436230223067946,78.19172096920911,2026-07-21 14:00:00,0xff080c8ce2e5feadaca0da81314ae59d232d4afd
6,0.03687357731934934,35.022691855904,3,0.05197980936714407,50.44048708761048,4,0.05641529146999704,55.205837239758004,7,0.03868749037394465,36.207852406257004,2026-07-21 15:00:00,0xff080c8ce2e5feadaca0da81314ae59d232d4afd
55,3.5449455741094513,3221.114868942568,1,0.000104160101643536,0.10018327874,14,0.3941803742643072,377.57361346293993,72,5.405795970968892,5879.209974764715,2026-07-21 16:00:00,0xff080c8ce2e5feadaca0da81314ae59d232d4afd
2,0.06277155204313775,61.931848242187,8,0.9488196132074894,927.302400152395,118,9.599782727399736,9690.347837075218,6,0.13898432000996702,135.228314540644,2026-07-21 17:00:00,0xff080c8ce2e5feadaca0da81314ae59d232d4afd
1,0.019176366634226127,19.011424611855,3,1.4520982904237063,1425.33295334892,20,0.7851265270230947,759.2281517791092,4,0.008531613678145077,8.289992640877,2026-07-21 18:00:00,0xff080c8ce2e5feadaca0da81314ae59d232d4afd
2,0.06836517634509483,66.18919373638201,7,0.40434393167753,380.67114685951793,4,0.20903387001806326,206.9139413443408,4,0.05641529146999704,55.205837239758004,2026-07-21 19:00:00,0xff080c8ce2e5feadaca0da81314ae59d232d4afd
14,1.9724640447869168,2039.8572136168632,9,0.07010016129860674,65.49744709312401,8,0.5506792737197294,543.095992646067,14,0.3941803742643072,377.57361346293993,2026-07-21 20:00:00,0xff080c8ce2e5feadaca0da81314ae59d232d4afd
16,1.267523916075867,1753.1666802132547,142,20.9529276465053,19987.854270127584,1,2.025201940068e-06,0.0021554582273033943,118,9.599782727399736,9690.347837075218,2026-07-21 21:00:00,0xff080c8ce2e5feadaca0da81314ae59d232d4afd
3,0.13021109624459445,130.10866616617,25,4.940108153839065,4663.83152756092,3,0.2008388670263349,198.15909489017403,20,0.7851265270230947,759.2281517791092,2026-07-21 22:00:00,0xff080c8ce2e5feadaca0da81314ae59d232d4afd
13,0.13581140357325636,132.04096179460697,75,17.5670696020647,16772.674502621678,3,0.05197980936714407,50.44048708761048,4,0.20903387001806326,206.9139413443408,2026-07-21 23:00:00,0xff080c8ce2e5feadaca0da81314ae59d232d4afd
