entry_n,entry_qty,entry_vol,exit12h_n,exit12h_qty,exit12h_vol,exit4h_n,exit4h_qty,exit4h_vol,p_n,p_qty,p_vol,t_checkpoint,token_address
78,2.9409239341172873,2190.869821772897,22,6.5393417844080695,4859.790885656844,13,0.3290327191116266,243.43504550384844,33,6.523318884032116,4847.614850103936,2026-07-29 00:00:00,0x117cc2133c37b721f49de2a7a74833232b3b4c0c
29,0.7076657223684069,524.8722702842983,9,0.20777554347102878,154.3025018876271,21,1.21041872264354,894.4681363702238,61,2.535605022135387,1885.9361891250671,2026-07-29 01:00:00,0x117cc2133c37b721f49de2a7a74833232b3b4c0c
12,0.08103953611319004,59.91284160349599,32,20.70447911477404,15296.402539357108,12,0.26666862394198787,198.02204379867757,14,0.11685316445699778,88.41063984948457,2026-07-29 02:00:00,0x117cc2133c37b721f49de2a7a74833232b3b4c0c
11,0.13266675326796537,98.09962969190205,29,8.44300934321323,6210.259802635352,8,0.18900590068393922,140.21489000833114,9,0.5659358344287561,419.40054578793627,2026-07-29 03:00:00,0x117cc2133c37b721f49de2a7a74833232b3b4c0c
33,1.0202312927585862,754.1497352050276,24,12.710137018954402,9339.881379841994,13,4.881177102075271,3607.20097977762,13,0.3290327191116266,243.43504550384844,2026-07-29 04:00:00,0x117cc2133c37b721f49de2a7a74833232b3b4c0c
2,0.0697615674971283,51.56717330714387,6,0.0185356839302101,13.922512302464401,16,0.10805710060070506,80.0949173846016,21,1.21041872264354,894.4681363702238,2026-07-29 05:00:00,0x117cc2133c37b721f49de2a7a74833232b3b4c0c
10,0.2683732831054985,198.34585040809398,18,0.561218314297228,414.55744538788207,13,5.417661391120192,4028.0371656594302,12,0.26666862394198787,198.02204379867757,2026-07-29 06:00:00,0x117cc2133c37b721f49de2a7a74833232b3b4c0c
8,0.04771443305454226,35.25581293024346,56,63.72762298950669,47280.61682849255,4,0.02445817128423412,18.157562259906,8,0.18900590068393922,140.21489000833114,2026-07-29 07:00:00,0x117cc2133c37b721f49de2a7a74833232b3b4c0c
4,0.4334881284731269,322.35922352621026,73,57.830450618895746,42396.31769816588,22,6.5393417844080695,4859.790885656844,13,4.881177102075271,3607.20097977762,2026-07-29 08:00:00,0x117cc2133c37b721f49de2a7a74833232b3b4c0c
18,0.5054005076295689,375.36810302126605,7,0.5624776403629743,411.26316336418995,9,0.20777554347102878,154.3025018876271,16,0.10805710060070506,80.0949173846016,2026-07-29 09:00:00,0x117cc2133c37b721f49de2a7a74833232b3b4c0c
8,0.43097656894218583,320.47232288339796,168,56.74584892331394,41398.639170580354,32,20.70447911477404,15296.402539357108,13,5.417661391120192,4028.0371656594302,2026-07-29 10:00:00,0x117cc2133c37b721f49de2a7a74833232b3b4c0c
7,5.719629554971428,4227.179488562223,4,0.0277366249071102,20.255192515646275,29,8.44300934321323,6210.259802635352,4,0.02445817128423412,18.157562259906,2026-07-29 11:00:00,0x117cc2133c37b721f49de2a7a74833232b3b4c0c
2,0.004983883138051111,3.702975320912,12,0.344605249173511,252.9816923377874,24,12.710137018954402,9339.881379841994,22,6.5393417844080695,4859.790885656844,2026-07-29 12:00:00,0x117cc2133c37b721f49de2a7a74833232b3b4c0c
14,0.5712910053143943,424.7972902941045,13,0.7491596479189835,547.8132685133652,6,0.0185356839302101,13.922512302464401,9,0.20777554347102878,154.3025018876271,2026-07-29 13:00:00,0x117cc2133c37b721f49de2a7a74833232b3b4c0c
54,33.525207444242156,24705.937984978835,42,1.0605614395999743,776.3896909848131,18,0.561218314297228,414.55744538788207,32,20.70447911477404,15296.402539357108,2026-07-29 14:00:00,0x117cc2133c37b721f49de2a7a74833232b3b4c0c
14,1.1435298418278532,840.5421352296041,6,3.3571338107264874,2462.6466685426235,56,63.72762298950669,47280.61682849255,29,8.44300934321323,6210.259802635352,2026-07-29 15:00:00,0x117cc2133c37b721f49de2a7a74833232b3b4c0c
33,22.633438987050894,16599.578482259978,11,0.027201836275718726,20.41345067663512,73,57.830450618895746,42396.31769816588,24,12.710137018954402,9339.881379841994,2026-07-29 16:00:00,0x117cc2133c37b721f49de2a7a74833232b3b4c0c
22,5.628314549474508,4151.652124883208,5,0.16928514211494933,123.98207848430063,7,0.5624776403629743,411.26316336418995,6,0.0185356839302101,13.922512302464401,2026-07-29 17:00:00,0x117cc2133c37b721f49de2a7a74833232b3b4c0c
61,14.589560725082514,10776.651365029806,5,0.1494845664084508,109.58301596719463,168,56.74584892331394,41398.639170580354,18,0.561218314297228,414.55744538788207,2026-07-29 18:00:00,0x117cc2133c37b721f49de2a7a74833232b3b4c0c
47,43.09768928510534,31773.164485391477,9,0.04753939771382907,34.78189057077887,4,0.0277366249071102,20.255192515646275,56,63.72762298950669,47280.61682849255,2026-07-29 19:00:00,0x117cc2133c37b721f49de2a7a74833232b3b4c0c
38,15.605970300335255,11388.619988368378,19,10.938926139957593,8043.481423127977,12,0.344605249173511,252.9816923377874,73,57.830450618895746,42396.31769816588,2026-07-29 20:00:00,0x117cc2133c37b721f49de2a7a74833232b3b4c0c
16,0.8215141544310641,598.7413987838971,18,1.3462273612984963,987.8345530736037,13,0.7491596479189835,547.8132685133652,7,0.5624776403629743,411.26316336418995,2026-07-29 21:00:00,0x117cc2133c37b721f49de2a7a74833232b3b4c0c
57,15.102733280367806,11052.894070024346,11,0.6566486499240775,481.65376274484953,42,1.0605614395999743,776.3896909848131,168,56.74584892331394,41398.639170580354,2026-07-29 22:00:00,0x117cc2133c37b721f49de2a7a74833232b3b4c0c
13,0.6286434307909855,459.6274085989402,21,3.4085236597642767,2494.3421254045475,6,3.3571338107264874,2462.6466685426235,4,0.0277366249071102,20.255192515646275,2026-07-29 23:00:00,0x117cc2133c37b721f49de2a7a74833232b3b4c0c
19,0.14849308790205268,108.84185225143193,19,71.69005089877743,52820.25463884218,11,0.027201836275718726,20.41345067663512,12,0.344605249173511,252.9816923377874,2026-07-30 00:00:00,0x117cc2133c37b721f49de2a7a74833232b3b4c0c
37,3.472367395701088,2566.8149497794784,6,0.14666272534141175,107.73281142772832,5,0.16928514211494933,123.98207848430063,13,0.7491596479189835,547.8132685133652,2026-07-30 01:00:00,0x117cc2133c37b721f49de2a7a74833232b3b4c0c
23,0.5954463131741251,437.8637394321895,63,22.893999726103726,16876.73103981473,5,0.1494845664084508,109.58301596719463,42,1.0605614395999743,776.3896909848131,2026-07-30 02:00:00,0x117cc2133c37b721f49de2a7a74833232b3b4c0c
5,0.04720085747621977,34.53144366503578,274,30.586123076601194,22532.298177144123,9,0.04753939771382907,34.78189057077887,6,3.3571338107264874,2462.6466685426235,2026-07-30 03:00:00,0x117cc2133c37b721f49de2a7a74833232b3b4c0c
4,0.030408228049919342,22.376897202718553,54,2.635699727579505,1939.1930413465786,19,10.938926139957593,8043.481423127977,11,0.027201836275718726,20.41345067663512,2026-07-30 04:00:00,0x117cc2133c37b721f49de2a7a74833232b3b4c0c
8,0.06599920540736454,48.41936665205388,29,7.164041320685917,5297.109169351429,18,1.3462273612984963,987.8345530736037,5,0.16928514211494933,123.98207848430063,2026-07-30 05:00:00,0x117cc2133c37b721f49de2a7a74833232b3b4c0c
7,0.09620129999986364,70.65645146031216,20,0.9554606635912151,706.9558641958164,11,0.6566486499240775,481.65376274484953,5,0.1494845664084508,109.58301596719463,2026-07-30 06:00:00,0x117cc2133c37b721f49de2a7a74833232b3b4c0c
7,0.7263813991831428,529.8417797631857,65,4.923717011336368,3644.9713880820614,21,3.4085236597642767,2494.3421254045475,9,0.04753939771382907,34.78189057077887,2026-07-30 07:00:00,0x117cc2133c37b721f49de2a7a74833232b3b4c0c
16,0.994057652785206,727.0071323390425,21,1.0142786201626997,750.3953264429216,19,71.69005089877743,52820.25463884218,19,10.938926139957593,8043.481423127977,2026-07-30 08:00:00,0x117cc2133c37b721f49de2a7a74833232b3b4c0c
12,4.140523476171897,3042.7838620690436,185,19.96877603809698,14851.00780883849,6,0.14666272534141175,107.73281142772832,18,1.3462273612984963,987.8345530736037,2026-07-30 09:00:00,0x117cc2133c37b721f49de2a7a74833232b3b4c0c
9,0.776022049724321,566.7563276662222,3492,445.9012231328919,330661.7069611932,63,22.893999726103726,16876.73103981473,11,0.6566486499240775,481.65376274484953,2026-07-30 10:00:00,0x117cc2133c37b721f49de2a7a74833232b3b4c0c
18,4.690275158978194,3446.419345322664,328,54.67478004488836,40505.026412834566,274,30.586123076601194,22532.298177144123,21,3.4085236597642767,2494.3421254045475,2026-07-30 11:00:00,0x117cc2133c37b721f49de2a7a74833232b3b4c0c
13,0.6170120089756728,452.9736099239597,144,14.853698676942393,11038.934763462816,54,2.635699727579505,1939.1930413465786,19,71.69005089877743,52820.25463884218,2026-07-30 12:00:00,0x117cc2133c37b721f49de2a7a74833232b3b4c0c
11,3.791768432948816,2793.000691026933,69,8.968170453411204,6660.8117395485,29,7.164041320685917,5297.109169351429,6,0.14666272534141175,107.73281142772832,2026-07-30 13:00:00,0x117cc2133c37b721f49de2a7a74833232b3b4c0c
49,23.926991470162932,17632.248809551536,85,40.42225450839933,29937.141058334266,20,0.9554606635912151,706.9558641958164,63,22.893999726103726,16876.73103981473,2026-07-30 14:00:00,0x117cc2133c37b721f49de2a7a74833232b3b4c0c
29,2.1769923551788577,1598.2728158197183,57,2.95264038280841,2196.226762134638,65,4.923717011336368,3644.9713880820614,274,30.586123076601194,22532.298177144123,2026-07-30 15:00:00,0x117cc2133c37b721f49de2a7a74833232b3b4c0c
62,13.370499946589106,9875.026973561497,57,5.360882492177095,4010.4635498110483,21,1.0142786201626997,750.3953264429216,54,2.635699727579505,1939.1930413465786,2026-07-30 16:00:00,0x117cc2133c37b721f49de2a7a74833232b3b4c0c
35,12.268653844591107,9079.559964978731,22,5.702021453439887,4245.593233984313,185,19.96877603809698,14851.00780883849,29,7.164041320685917,5297.109169351429,2026-07-30 17:00:00,0x117cc2133c37b721f49de2a7a74833232b3b4c0c
105,49.365721884481424,36383.727967155064,12,1.4173131146569145,1056.3766103950456,3492,445.9012231328919,330661.7069611932,20,0.9554606635912151,706.9558641958164,2026-07-30 18:00:00,0x117cc2133c37b721f49de2a7a74833232b3b4c0c
61,31.388355782568016,23277.27992833768,12,0.6995654903695069,520.5441398703438,328,54.67478004488836,40505.026412834566,65,4.923717011336368,3644.9713880820614,2026-07-30 19:00:00,0x117cc2133c37b721f49de2a7a74833232b3b4c0c
59,22.524378200320232,16729.519996713207,354,29.94491626132026,22286.80356922128,144,14.853698676942393,11038.934763462816,21,1.0142786201626997,750.3953264429216,2026-07-30 20:00:00,0x117cc2133c37b721f49de2a7a74833232b3b4c0c
2565,318.56244871136954,236694.14127069942,22,2.138867145313947,1595.1250496967064,69,8.968170453411204,6660.8117395485,185,19.96877603809698,14851.00780883849,2026-07-30 21:00:00,0x117cc2133c37b721f49de2a7a74833232b3b4c0c
237,38.1808053083214,28349.577472858575,8,0.3186687733409436,236.54023971815704,85,40.42225450839933,29937.141058334266,3492,445.9012231328919,330661.7069611932,2026-07-30 22:00:00,0x117cc2133c37b721f49de2a7a74833232b3b4c0c
131,13.368967779206736,9940.867755756226,19,0.2741873325877198,204.10595953448902,57,2.95264038280841,2196.226762134638,328,54.67478004488836,40505.026412834566,2026-07-30 23:00:00,0x117cc2133c37b721f49de2a7a74833232b3b4c0c
65,8.400252578970465,6242.662351698304,37,6.1753464451309625,4602.362100905513,57,5.360882492177095,4010.4635498110483,144,14.853698676942393,11038.934763462816,2026-07-31 00:00:00,0x117cc2133c37b721f49de2a7a74833232b3b4c0c
58,3.99431717518462,2970.138979226811,31,3.6683180675214877,2724.7386002362605,22,5.702021453439887,4245.593233984313,69,8.968170453411204,6660.8117395485,2026-07-31 01:00:00,0x117cc2133c37b721f49de2a7a74833232b3b4c0c
57,3.776559224333014,2807.317525003614,33,1.311711225629788,975.2983429510421,12,1.4173131146569145,1056.3766103950456,85,40.42225450839933,29937.141058334266,2026-07-31 02:00:00,0x117cc2133c37b721f49de2a7a74833232b3b4c0c
46,8.119071692405196,6037.536561670695,62,6.275425086068324,4674.514272055432,12,0.6995654903695069,520.5441398703438,57,2.95264038280841,2196.226762134638,2026-07-31 03:00:00,0x117cc2133c37b721f49de2a7a74833232b3b4c0c
33,2.134666857209377,1588.835797548848,23,3.426113627969186,2545.257716410863,354,29.94491626132026,22286.80356922128,57,5.360882492177095,4010.4635498110483,2026-07-31 04:00:00,0x117cc2133c37b721f49de2a7a74833232b3b4c0c
27,2.0703823678380227,1542.5910747461453,20,3.06678691587936,2285.2252081095776,22,2.138867145313947,1595.1250496967064,22,5.702021453439887,4245.593233984313,2026-07-31 05:00:00,0x117cc2133c37b721f49de2a7a74833232b3b4c0c
33,4.443085735436664,3312.3279802627862,49,7.547491612186858,5627.844721202314,8,0.3186687733409436,236.54023971815704,12,1.4173131146569145,1056.3766103950456,2026-07-31 06:00:00,0x117cc2133c37b721f49de2a7a74833232b3b4c0c
38,5.167896201887916,3855.6806837400986,31,1.9893064455863259,1483.760417487775,19,0.2741873325877198,204.10595953448902,12,0.6995654903695069,520.5441398703438,2026-07-31 07:00:00,0x117cc2133c37b721f49de2a7a74833232b3b4c0c
39,5.269169901662659,3913.7187597108755,37,18.330309504338135,13703.708417201715,37,6.1753464451309625,4602.362100905513,354,29.94491626132026,22286.80356922128,2026-07-31 08:00:00,0x117cc2133c37b721f49de2a7a74833232b3b4c0c
32,3.3244789562355175,2481.2145608588694,45,2.830218948083006,2113.9437717513683,31,3.6683180675214877,2724.7386002362605,22,2.138867145313947,1595.1250496967064,2026-07-31 09:00:00,0x117cc2133c37b721f49de2a7a74833232b3b4c0c
24,3.5894522951697923,2678.5852307606915,10,1.071803368149074,800.8480627780862,33,1.311711225629788,975.2983429510421,8,0.3186687733409436,236.54023971815704,2026-07-31 10:00:00,0x117cc2133c37b721f49de2a7a74833232b3b4c0c
12,0.1437984039215137,106.97035410655354,10,0.4462059044606012,332.09733572382976,62,6.275425086068324,4674.514272055432,19,0.2741873325877198,204.10595953448902,2026-07-31 11:00:00,0x117cc2133c37b721f49de2a7a74833232b3b4c0c
10,0.09534727776600475,71.57646168347823,11,2.2232770590056106,1661.0103337816392,23,3.426113627969186,2545.257716410863,37,6.1753464451309625,4602.362100905513,2026-07-31 12:00:00,0x117cc2133c37b721f49de2a7a74833232b3b4c0c
20,0.5391999843296962,400.65585409938996,19,0.7445653479635592,555.311494915819,20,3.06678691587936,2285.2252081095776,31,3.6683180675214877,2724.7386002362605,2026-07-31 13:00:00,0x117cc2133c37b721f49de2a7a74833232b3b4c0c
101,34.72049849763547,25704.807714360133,1593,168.15721455306985,125731.9809607248,49,7.547491612186858,5627.844721202314,33,1.311711225629788,975.2983429510421,2026-07-31 14:00:00,0x117cc2133c37b721f49de2a7a74833232b3b4c0c
89,1.969875659188309,1469.5062029845906,52,5.6554918164324475,4215.022557848505,31,1.9893064455863259,1483.760417487775,62,6.275425086068324,4674.514272055432,2026-07-31 15:00:00,0x117cc2133c37b721f49de2a7a74833232b3b4c0c
31,12.017816280647518,8942.90611207257,51,4.230741633170774,3167.706698119305,37,18.330309504338135,13703.708417201715,23,3.426113627969186,2545.257716410863,2026-07-31 16:00:00,0x117cc2133c37b721f49de2a7a74833232b3b4c0c
60,13.576915670368392,10105.0600535423,512,39.073498470403834,29182.776035023293,45,2.830218948083006,2113.9437717513683,20,3.06678691587936,2285.2252081095776,2026-07-31 17:00:00,0x117cc2133c37b721f49de2a7a74833232b3b4c0c
32,9.705858089718317,7246.642165361816,31,1.9163870551646605,1427.458993762297,10,1.071803368149074,800.8480627780862,49,7.547491612186858,5627.844721202314,2026-07-31 18:00:00,0x117cc2133c37b721f49de2a7a74833232b3b4c0c
14,1.114574213623326,830.8888829520391,46,3.5027391063947317,2613.3871779448073,10,0.4462059044606012,332.09733572382976,31,1.9893064455863259,1483.760417487775,2026-07-31 19:00:00,0x117cc2133c37b721f49de2a7a74833232b3b4c0c
13,1.1229092068602935,838.0898563680514,42,33.53702575063589,25156.367863006046,11,2.2232770590056106,1661.0103337816392,37,18.330309504338135,13703.708417201715,2026-07-31 20:00:00,0x117cc2133c37b721f49de2a7a74833232b3b4c0c
38,3.627343486063071,2712.498815412528,18,1.303954479570159,977.1912005779716,19,0.7445653479635592,555.311494915819,45,2.830218948083006,2113.9437717513683,2026-07-31 21:00:00,0x117cc2133c37b721f49de2a7a74833232b3b4c0c
10,1.029758515744993,769.1467975648447,53,4.456439638910915,3329.9091508816937,1593,168.15721455306985,125731.9809607248,10,1.071803368149074,800.8480627780862,2026-07-31 22:00:00,0x117cc2133c37b721f49de2a7a74833232b3b4c0c
62,12.076520959313976,9022.007076064414,85,7.556031192402315,5648.212751386949,52,5.6554918164324475,4215.022557848505,10,0.4462059044606012,332.09733572382976,2026-07-31 23:00:00,0x117cc2133c37b721f49de2a7a74833232b3b4c0c
16,11.722209319603138,8727.333133560775,34,7.1638664477410625,5372.089911482425,51,4.230741633170774,3167.706698119305,11,2.2232770590056106,1661.0103337816392,2026-08-01 00:00:00,0x117cc2133c37b721f49de2a7a74833232b3b4c0c
3371,352.03939455745723,263208.3433966596,24,3.441629087837053,2570.5890547588865,512,39.073498470403834,29182.776035023293,19,0.7445653479635592,555.311494915819,2026-08-01 01:00:00,0x117cc2133c37b721f49de2a7a74833232b3b4c0c
306,34.155731240829404,25500.38293397835,50,5.214597693531644,3888.2711885180165,31,1.9163870551646605,1427.458993762297,1593,168.15721455306985,125731.9809607248,2026-08-01 02:00:00,0x117cc2133c37b721f49de2a7a74833232b3b4c0c
97,13.346163288793921,9966.900342284698,26,3.680472985381781,2743.620225136882,46,3.5027391063947317,2613.3871779448073,52,5.6554918164324475,4215.022557848505,2026-08-01 03:00:00,0x117cc2133c37b721f49de2a7a74833232b3b4c0c
976,155.30540728706643,116205.9740086971,9,0.3064834625418916,228.92820764426799,42,33.53702575063589,25156.367863006046,51,4.230741633170774,3167.706698119305,2026-08-01 04:00:00,0x117cc2133c37b721f49de2a7a74833232b3b4c0c
60,5.230991123698311,3898.9666760559653,13,0.3876793904567789,288.7835386419158,18,1.303954479570159,977.1912005779716,512,39.073498470403834,29182.776035023293,2026-08-01 05:00:00,0x117cc2133c37b721f49de2a7a74833232b3b4c0c
19,3.257619907642474,2438.9033243078393,15,2.5331497364352966,1884.8274209531655,53,4.456439638910915,3329.9091508816937,31,1.9163870551646605,1427.458993762297,2026-08-01 06:00:00,0x117cc2133c37b721f49de2a7a74833232b3b4c0c
66,2.480080459794185,1853.5586632742354,65,3.375653892161114,2517.080623169736,85,7.556031192402315,5648.212751386949,46,3.5027391063947317,2613.3871779448073,2026-08-01 07:00:00,0x117cc2133c37b721f49de2a7a74833232b3b4c0c
59,3.2245079186718097,2415.6996352583747,27,3.75853186369508,2792.409105710787,34,7.1638664477410625,5372.089911482425,42,33.53702575063589,25156.367863006046,2026-08-01 08:00:00,0x117cc2133c37b721f49de2a7a74833232b3b4c0c
46,4.01273247278657,2997.4000714828485,12,3.2994501381587993,2453.9358395451886,24,3.441629087837053,2570.5890547588865,18,1.303954479570159,977.1912005779716,2026-08-01 09:00:00,0x117cc2133c37b721f49de2a7a74833232b3b4c0c
29,6.9083681901261,5156.708081068029,28,1.4190734826474944,1054.531909241816,50,5.214597693531644,3888.2711885180165,53,4.456439638910915,3329.9091508816937,2026-08-01 10:00:00,0x117cc2133c37b721f49de2a7a74833232b3b4c0c
20,0.8421489527098409,629.045153465167,32,3.0629546490806088,2281.654975629955,26,3.680472985381781,2743.620225136882,85,7.556031192402315,5648.212751386949,2026-08-01 11:00:00,0x117cc2133c37b721f49de2a7a74833232b3b4c0c
48,5.296903297275397,3952.0110451455407,46,7.149078701014359,5341.617281456027,9,0.3064834625418916,228.92820764426799,34,7.1638664477410625,5372.089911482425,2026-08-01 12:00:00,0x117cc2133c37b721f49de2a7a74833232b3b4c0c
23,1.6232525976530325,1210.7128253218154,16,1.0890667214191845,811.6352528955774,13,0.3876793904567789,288.7835386419158,24,3.441629087837053,2570.5890547588865,2026-08-01 13:00:00,0x117cc2133c37b721f49de2a7a74833232b3b4c0c
29,3.6145159357443792,2694.8506623073727,10,0.5135386130104116,382.5061671177334,15,2.5331497364352966,1884.8274209531655,50,5.214597693531644,3888.2711885180165,2026-08-01 14:00:00,0x117cc2133c37b721f49de2a7a74833232b3b4c0c
32,2.657659272008506,1978.942360729925,23,2.086312356753897,1559.9513698545204,65,3.375653892161114,2517.080623169736,26,3.680472985381781,2743.620225136882,2026-08-01 15:00:00,0x117cc2133c37b721f49de2a7a74833232b3b4c0c
15,4.247341839639036,3162.1620524844693,32,7.428343472172454,5558.158235960813,27,3.75853186369508,2792.409105710787,9,0.3064834625418916,228.92820764426799,2026-08-01 16:00:00,0x117cc2133c37b721f49de2a7a74833232b3b4c0c
24,1.4056592381253827,1047.484085963036,23,1.0502509066383932,786.6190406071064,12,3.2994501381587993,2453.9358395451886,13,0.3876793904567789,288.7835386419158,2026-08-01 17:00:00,0x117cc2133c37b721f49de2a7a74833232b3b4c0c
21,2.9049047035912405,2161.6165786999704,13,0.2626171673242987,196.38796148935054,28,1.4190734826474944,1054.531909241816,15,2.5331497364352966,1884.8274209531655,2026-08-01 18:00:00,0x117cc2133c37b721f49de2a7a74833232b3b4c0c
18,0.898780854677141,668.6355578805458,27,1.0052140987152285,750.0610764707961,32,3.0629546490806088,2281.654975629955,65,3.375653892161114,2517.080623169736,2026-08-01 19:00:00,0x117cc2133c37b721f49de2a7a74833232b3b4c0c
23,2.2271021290564605,1653.5058939187677,15,0.5921266889644606,443.2502313538421,46,7.149078701014359,5341.617281456027,27,3.75853186369508,2792.409105710787,2026-08-01 20:00:00,0x117cc2133c37b721f49de2a7a74833232b3b4c0c
19,2.0160982397871092,1498.4507856580694,16,1.0474107625988986,783.7007976607096,16,1.0890667214191845,811.6352528955774,12,3.2994501381587993,2453.9358395451886,2026-08-01 21:00:00,0x117cc2133c37b721f49de2a7a74833232b3b4c0c
23,1.3920123541995169,1034.450916083962,35,2.124616708598466,1586.6358674885382,10,0.5135386130104116,382.5061671177334,28,1.4190734826474944,1054.531909241816,2026-08-01 22:00:00,0x117cc2133c37b721f49de2a7a74833232b3b4c0c
52,3.513536873502521,2617.841550936258,17,0.8263995114657515,616.9336913923439,23,2.086312356753897,1559.9513698545204,32,3.0629546490806088,2281.654975629955,2026-08-01 23:00:00,0x117cc2133c37b721f49de2a7a74833232b3b4c0c
13,1.1673231846906766,868.943847128335,30,6.14652404682331,4584.242601927997,32,7.428343472172454,5558.158235960813,46,7.149078701014359,5341.617281456027,2026-08-02 00:00:00,0x117cc2133c37b721f49de2a7a74833232b3b4c0c
32,1.9752194641366057,1470.5636290335217,21,2.3562680969615455,1747.4902586361964,23,1.0502509066383932,786.6190406071064,16,1.0890667214191845,811.6352528955774,2026-08-02 01:00:00,0x117cc2133c37b721f49de2a7a74833232b3b4c0c
35,2.4629164512747206,1835.6192030058016,7,0.919785708737156,685.372971143746,13,0.2626171673242987,196.38796148935054,10,0.5135386130104116,382.5061671177334,2026-08-02 02:00:00,0x117cc2133c37b721f49de2a7a74833232b3b4c0c
20,1.0047102056310981,750.8336780532042,73,7.0904998832441555,5293.489090931043,27,1.0052140987152285,750.0610764707961,23,2.086312356753897,1559.9513698545204,2026-08-02 03:00:00,0x117cc2133c37b721f49de2a7a74833232b3b4c0c
47,8.66659631915353,6490.842424923779,20,1.9917308646217249,1486.7191342152887,15,0.5921266889644606,443.2502313538421,32,7.428343472172454,5558.158235960813,2026-08-02 04:00:00,0x117cc2133c37b721f49de2a7a74833232b3b4c0c
24,1.2604765023823783,939.8782635859628,75,13.595181261608273,10191.93943074089,16,1.0474107625988986,783.7007976607096,23,1.0502509066383932,786.6190406071064,2026-08-02 05:00:00,0x117cc2133c37b721f49de2a7a74833232b3b4c0c
15,0.2815411726675424,210.91276436107447,20,1.6785312420113219,1260.0531326630821,35,2.124616708598466,1586.6358674885382,13,0.2626171673242987,196.38796148935054,2026-08-02 06:00:00,0x117cc2133c37b721f49de2a7a74833232b3b4c0c
9,1.3661272513054066,1023.7908983653417,22,0.9646432131891758,721.0997402568229,17,0.8263995114657515,616.9336913923439,27,1.0052140987152285,750.0610764707961,2026-08-02 07:00:00,0x117cc2133c37b721f49de2a7a74833232b3b4c0c
20,0.2557118469241341,191.70937003036576,11,0.1669117336976014,125.18969818251199,30,6.14652404682331,4584.242601927997,15,0.5921266889644606,443.2502313538421,2026-08-02 08:00:00,0x117cc2133c37b721f49de2a7a74833232b3b4c0c
19,2.068034818556132,1543.2831436461975,14,0.47122494395022496,352.6302331305377,21,2.3562680969615455,1747.4902586361964,16,1.0474107625988986,783.7007976607096,2026-08-02 09:00:00,0x117cc2133c37b721f49de2a7a74833232b3b4c0c
17,1.1377114305169258,852.1578647250341,47,3.631920918629219,2722.3212630538037,7,0.919785708737156,685.372971143746,35,2.124616708598466,1586.6358674885382,2026-08-02 10:00:00,0x117cc2133c37b721f49de2a7a74833232b3b4c0c
25,2.4465320550242993,1831.2149769513398,15,0.3104301903569346,232.34562551276224,73,7.0904998832441555,5293.489090931043,17,0.8263995114657515,616.9336913923439,2026-08-02 11:00:00,0x117cc2133c37b721f49de2a7a74833232b3b4c0c
15,1.1182513921115929,836.6414220392307,19,0.6415870972677913,480.5741358443069,20,1.9917308646217249,1486.7191342152887,30,6.14652404682331,4584.242601927997,2026-08-02 12:00:00,0x117cc2133c37b721f49de2a7a74833232b3b4c0c
5,1.572825452891316,1174.5618253547473,31,0.7889781418507534,591.0767606211897,75,13.595181261608273,10191.93943074089,21,2.3562680969615455,1747.4902586361964,2026-08-02 13:00:00,0x117cc2133c37b721f49de2a7a74833232b3b4c0c
13,0.5434873540255001,406.810802506406,18,0.5993318970058359,449.6619386717543,20,1.6785312420113219,1260.0531326630821,7,0.919785708737156,685.372971143746,2026-08-02 14:00:00,0x117cc2133c37b721f49de2a7a74833232b3b4c0c
24,1.0141802680346759,756.8603163080699,27,10.306676308148509,7739.029635265763,22,0.9646432131891758,721.0997402568229,73,7.0904998832441555,5293.489090931043,2026-08-02 15:00:00,0x117cc2133c37b721f49de2a7a74833232b3b4c0c
20,3.4834635536618506,2609.567314295741,31,1.7387261048603342,1306.4084423039026,11,0.1669117336976014,125.18969818251199,20,1.9917308646217249,1486.7191342152887,2026-08-02 16:00:00,0x117cc2133c37b721f49de2a7a74833232b3b4c0c
35,1.6991118100596276,1274.1504967899596,33,2.6350010038444496,1979.7497522690646,14,0.47122494395022496,352.6302331305377,75,13.595181261608273,10191.93943074089,2026-08-02 17:00:00,0x117cc2133c37b721f49de2a7a74833232b3b4c0c
30,2.0220278607838855,1515.5109353910652,32,1.6756178041428356,1259.2171939808193,47,3.631920918629219,2722.3212630538037,20,1.6785312420113219,1260.0531326630821,2026-08-02 18:00:00,0x117cc2133c37b721f49de2a7a74833232b3b4c0c
14,1.4013226021508802,1051.2310278640252,30,1.045542689581548,784.8205463270393,15,0.3104301903569346,232.34562551276224,22,0.9646432131891758,721.0997402568229,2026-08-02 19:00:00,0x117cc2133c37b721f49de2a7a74833232b3b4c0c
18,2.426426420409983,1816.5406635584538,14,0.44292607129132155,332.63065464418725,19,0.6415870972677913,480.5741358443069,11,0.1669117336976014,125.18969818251199,2026-08-02 20:00:00,0x117cc2133c37b721f49de2a7a74833232b3b4c0c
13,1.0050598963406985,752.0254555188296,25,1.3669814470104424,1023.9373629975196,31,0.7889781418507534,591.0767606211897,14,0.47122494395022496,352.6302331305377,2026-08-02 21:00:00,0x117cc2133c37b721f49de2a7a74833232b3b4c0c
23,0.5169577213097111,386.6362690267657,18,0.30827068214058256,231.05985309758987,18,0.5993318970058359,449.6619386717543,47,3.631920918629219,2722.3212630538037,2026-08-02 22:00:00,0x117cc2133c37b721f49de2a7a74833232b3b4c0c
23,0.3456532996318351,258.80084344044053,22,1.4829410414806259,1113.9528292822667,27,10.306676308148509,7739.029635265763,15,0.3104301903569346,232.34562551276224,2026-08-02 23:00:00,0x117cc2133c37b721f49de2a7a74833232b3b4c0c
22,1.7683007029141746,1326.3650807513336,15,1.2462100167772654,936.832846749931,31,1.7387261048603342,1306.4084423039026,19,0.6415870972677913,480.5741358443069,2026-08-03 00:00:00,0x117cc2133c37b721f49de2a7a74833232b3b4c0c
25,0.5722439565181906,428.2761088822379,28,5.1691697099519125,3890.197035715673,33,2.6350010038444496,1979.7497522690646,31,0.7889781418507534,591.0767606211897,2026-08-03 01:00:00,0x117cc2133c37b721f49de2a7a74833232b3b4c0c
20,0.30332149671851527,227.64501559573065,48,4.19212201809736,3153.424746694007,32,1.6756178041428356,1259.2171939808193,18,0.5993318970058359,449.6619386717543,2026-08-03 02:00:00,0x117cc2133c37b721f49de2a7a74833232b3b4c0c
32,0.6789820862009012,509.4537558814203,136,14.75081692710757,11125.182911318245,30,1.045542689581548,784.8205463270393,27,10.306676308148509,7739.029635265763,2026-08-03 03:00:00,0x117cc2133c37b721f49de2a7a74833232b3b4c0c
23,1.0440444039466747,784.0439035282841,45,3.8792671037668773,2930.767461970905,14,0.44292607129132155,332.63065464418725,31,1.7387261048603342,1306.4084423039026,2026-08-03 04:00:00,0x117cc2133c37b721f49de2a7a74833232b3b4c0c
21,0.21884888112618192,164.433059364198,631,60.0772238157452,45390.17744817362,25,1.3669814470104424,1023.9373629975196,33,2.6350010038444496,1979.7497522690646,2026-08-03 05:00:00,0x117cc2133c37b721f49de2a7a74833232b3b4c0c
22,0.8400754865937565,628.8072464197137,34,3.189044308417018,2418.152022466339,18,0.30827068214058256,231.05985309758987,32,1.6756178041428356,1259.2171939808193,2026-08-03 06:00:00,0x117cc2133c37b721f49de2a7a74833232b3b4c0c
21,1.8549479068146675,1391.9646936697084,60,4.463675219830748,3383.3824309241522,22,1.4829410414806259,1113.9528292822667,30,1.045542689581548,784.8205463270393,2026-08-03 07:00:00,0x117cc2133c37b721f49de2a7a74833232b3b4c0c
38,1.995332152202318,1493.4721454649612,22,0.7642751828413159,580.0654757991175,15,1.2462100167772654,936.832846749931,14,0.44292607129132155,332.63065464418725,2026-08-03 08:00:00,0x117cc2133c37b721f49de2a7a74833232b3b4c0c
13,0.06850849945096235,51.356632008794286,55,5.4964010962184,4166.427604880136,28,5.1691697099519125,3890.197035715673,25,1.3669814470104424,1023.9373629975196,2026-08-03 09:00:00,0x117cc2133c37b721f49de2a7a74833232b3b4c0c
40,2.2754911947743577,1709.5340403543414,18,0.46152156927838195,350.1155565247509,48,4.19212201809736,3153.424746694007,18,0.30827068214058256,231.05985309758987,2026-08-03 10:00:00,0x117cc2133c37b721f49de2a7a74833232b3b4c0c
13,0.731491518270998,548.5209841575802,16,0.5723837651228831,433.11103967899277,136,14.75081692710757,11125.182911318245,22,1.4829410414806259,1113.9528292822667,2026-08-03 11:00:00,0x117cc2133c37b721f49de2a7a74833232b3b4c0c
17,0.9088054123764185,683.0076471243561,22,0.4930919527064992,373.80975158918193,45,3.8792671037668773,2930.767461970905,15,1.2462100167772654,936.832846749931,2026-08-03 12:00:00,0x117cc2133c37b721f49de2a7a74833232b3b4c0c
34,2.068374054105082,1553.9666718807791,31,0.7944159915889493,602.106684696998,631,60.0772238157452,45390.17744817362,28,5.1691697099519125,3890.197035715673,2026-08-03 13:00:00,0x117cc2133c37b721f49de2a7a74833232b3b4c0c
120,6.696999096075498,5043.2452175620765,29,0.7919856116218582,601.0109272694161,34,3.189044308417018,2418.152022466339,48,4.19212201809736,3153.424746694007,2026-08-03 14:00:00,0x117cc2133c37b721f49de2a7a74833232b3b4c0c
45,4.3840608880640595,3310.7942485909653,45,3.6839651702093628,2792.6487016183273,60,4.463675219830748,3383.3824309241522,136,14.75081692710757,11125.182911318245,2026-08-03 15:00:00,0x117cc2133c37b721f49de2a7a74833232b3b4c0c
71,6.077315223335141,4595.146355270367,23,0.7060503847914996,536.6137698864086,22,0.7642751828413159,580.0654757991175,45,3.8792671037668773,2930.767461970905,2026-08-03 16:00:00,0x117cc2133c37b721f49de2a7a74833232b3b4c0c
47,2.8299404655306057,2141.777347062851,30,1.1654061063706953,885.1790826998127,55,5.4964010962184,4166.427604880136,631,60.0772238157452,45390.17744817362,2026-08-03 17:00:00,0x117cc2133c37b721f49de2a7a74833232b3b4c0c
34,3.5287508655997666,2675.9745613920795,19,1.5888915336831309,1207.4876580605744,18,0.46152156927838195,350.1155565247509,34,3.189044308417018,2418.152022466339,2026-08-03 18:00:00,0x117cc2133c37b721f49de2a7a74833232b3b4c0c
33,1.2262515033395522,928.7915880314575,28,1.285684551027928,976.5532967544405,16,0.5723837651228831,433.11103967899277,60,4.463675219830748,3383.3824309241522,2026-08-03 19:00:00,0x117cc2133c37b721f49de2a7a74833232b3b4c0c
18,0.5769381232461891,437.77679131972053,19,0.7367830578439342,559.903044918044,22,0.4930919527064992,373.80975158918193,22,0.7642751828413159,580.0654757991175,2026-08-03 20:00:00,0x117cc2133c37b721f49de2a7a74833232b3b4c0c
30,1.5769983784689487,1196.83996017107,23,2.14145934277101,1629.1628655192073,31,0.7944159915889493,602.106684696998,55,5.4964010962184,4166.427604880136,2026-08-03 21:00:00,0x117cc2133c37b721f49de2a7a74833232b3b4c0c
43,3.5471640456448412,2692.683898750779,23,2.064948855167845,1564.0862729703883,29,0.7919856116218582,601.0109272694161,18,0.46152156927838195,350.1155565247509,2026-08-03 22:00:00,0x117cc2133c37b721f49de2a7a74833232b3b4c0c
15,0.46666257466867617,353.43705842577276,27,3.5494895395527117,2686.2365868249312,45,3.6839651702093628,2792.6487016183273,16,0.5723837651228831,433.11103967899277,2026-08-03 23:00:00,0x117cc2133c37b721f49de2a7a74833232b3b4c0c
15,0.8524672250424634,645.63187186834,45,5.051552458040102,3834.7897291224313,23,0.7060503847914996,536.6137698864086,22,0.4930919527064992,373.80975158918193,2026-08-04 00:00:00,0x117cc2133c37b721f49de2a7a74833232b3b4c0c
8,0.09641989378251054,73.20227375715714,33,1.3843106199539528,1052.4067952435023,30,1.1654061063706953,885.1790826998127,31,0.7944159915889493,602.106684696998,2026-08-04 01:00:00,0x117cc2133c37b721f49de2a7a74833232b3b4c0c
38,0.95283040298613,724.2324992987025,88,15.016744623068279,11444.60186830764,19,1.5888915336831309,1207.4876580605744,29,0.7919856116218582,601.0109272694161,2026-08-04 02:00:00,0x117cc2133c37b721f49de2a7a74833232b3b4c0c
21,0.6064334645535039,459.55009214698885,69,7.460593021770331,5708.744086344193,28,1.285684551027928,976.5532967544405,45,3.6839651702093628,2792.6487016183273,2026-08-04 03:00:00,0x117cc2133c37b721f49de2a7a74833232b3b4c0c
17,0.26783213206558476,203.2578586244826,71,11.713773807835564,8994.357871475142,19,0.7367830578439342,559.903044918044,23,0.7060503847914996,536.6137698864086,2026-08-04 04:00:00,0x117cc2133c37b721f49de2a7a74833232b3b4c0c
12,0.5134677664853056,390.1193180990393,99,18.172749996700603,13999.532824419495,23,2.14145934277101,1629.1628655192073,30,1.1654061063706953,885.1790826998127,2026-08-04 05:00:00,0x117cc2133c37b721f49de2a7a74833232b3b4c0c
31,1.566902533706976,1188.9980523411473,63,3.6724813460651493,2833.177429813305,23,2.064948855167845,1564.0862729703883,19,1.5888915336831309,1207.4876580605744,2026-08-04 06:00:00,0x117cc2133c37b721f49de2a7a74833232b3b4c0c
119,0.034593808003817665,26.293921246284977,169,13.388547100934815,10331.862834086856,27,3.5494895395527117,2686.2365868249312,28,1.285684551027928,976.5532967544405,2026-08-04 07:00:00,0x117cc2133c37b721f49de2a7a74833232b3b4c0c
27,1.006476391392742,764.9125553820254,377,64.07419302922364,49673.013855333855,45,5.051552458040102,3834.7897291224313,19,0.7367830578439342,559.903044918044,2026-08-04 08:00:00,0x117cc2133c37b721f49de2a7a74833232b3b4c0c
11,0.4245710782226218,322.1405598723065,105,11.254971595622933,8709.361294180131,33,1.3843106199539528,1052.4067952435023,23,2.14145934277101,1629.1628655192073,2026-08-04 09:00:00,0x117cc2133c37b721f49de2a7a74833232b3b4c0c
24,1.7031505746401692,1294.462909210017,111,20.500281989802346,15877.036684202878,88,15.016744623068279,11444.60186830764,23,2.064948855167845,1564.0862729703883,2026-08-04 10:00:00,0x117cc2133c37b721f49de2a7a74833232b3b4c0c
27,4.558654722981489,3451.814035914728,37,2.2477458443064493,1742.1010711424913,69,7.460593021770331,5708.744086344193,27,3.5494895395527117,2686.2365868249312,2026-08-04 11:00:00,0x117cc2133c37b721f49de2a7a74833232b3b4c0c
32,2.657354115359095,2021.4266993041306,94,8.727518857777302,6733.982802791425,71,11.713773807835564,8994.357871475142,45,5.051552458040102,3834.7897291224313,2026-08-04 12:00:00,0x117cc2133c37b721f49de2a7a74833232b3b4c0c
44,3.59917382229872,2736.5537435767187,34,0.9831235703780119,759.4075159750287,99,18.172749996700603,13999.532824419495,33,1.3843106199539528,1052.4067952435023,2026-08-04 13:00:00,0x117cc2133c37b721f49de2a7a74833232b3b4c0c
112,19.64500565476299,15005.018841067447,21,0.5881764229027835,453.61953202995204,63,3.6724813460651493,2833.177429813305,88,15.016744623068279,11444.60186830764,2026-08-04 14:00:00,0x117cc2133c37b721f49de2a7a74833232b3b4c0c
77,6.823811435348789,5229.940704597659,37,2.59175445928662,2000.7953116151825,169,13.388547100934815,10331.862834086856,69,7.460593021770331,5708.744086344193,2026-08-04 15:00:00,0x117cc2133c37b721f49de2a7a74833232b3b4c0c
62,5.084116558099123,3901.7177268883256,320,44.53078484752026,34512.039714512204,377,64.07419302922364,49673.013855333855,71,11.713773807835564,8994.357871475142,2026-08-04 16:00:00,0x117cc2133c37b721f49de2a7a74833232b3b4c0c
62,2.4662930914367123,1900.8305228266759,211,22.128966718392615,17117.826709532637,105,11.254971595622933,8709.361294180131,99,18.172749996700603,13999.532824419495,2026-08-04 17:00:00,0x117cc2133c37b721f49de2a7a74833232b3b4c0c
1100,110.57417028560285,85436.11492286819,177,10.073418219016112,7800.745777345138,111,20.500281989802346,15877.036684202878,63,3.6724813460651493,2833.177429813305,2026-08-04 18:00:00,0x117cc2133c37b721f49de2a7a74833232b3b4c0c
58,25.32764739055576,19664.24069119824,181,17.672992460120103,13653.708224027132,37,2.2477458443064493,1742.1010711424913,169,13.388547100934815,10331.862834086856,2026-08-04 19:00:00,0x117cc2133c37b721f49de2a7a74833232b3b4c0c
303,76.8854030853381,59730.1564671823,95,11.58669053591186,8973.269020869824,94,8.727518857777302,6733.982802791425,377,64.07419302922364,49673.013855333855,2026-08-04 20:00:00,0x117cc2133c37b721f49de2a7a74833232b3b4c0c
74,7.2758618843961065,5635.464252412362,102,9.458474114483861,7318.950176989868,34,0.9831235703780119,759.4075159750287,105,11.254971595622933,8709.361294180131,2026-08-04 21:00:00,0x117cc2133c37b721f49de2a7a74833232b3b4c0c
44,2.508731412591372,1937.316163647192,24,0.7536868854589899,582.649846859518,21,0.5881764229027835,453.61953202995204,111,20.500281989802346,15877.036684202878,2026-08-04 22:00:00,0x117cc2133c37b721f49de2a7a74833232b3b4c0c
42,1.279295190546187,988.6445593310857,63,5.783015100333214,4470.128276132289,37,2.59175445928662,2000.7953116151825,37,2.2477458443064493,1742.1010711424913,2026-08-04 23:00:00,0x117cc2133c37b721f49de2a7a74833232b3b4c0c
24,1.9082244539767155,442.601302817652,2,0.024630212239543064,5.671888813051769,6,0.5687639840455426,131.233751117937,27,2.1529164876138025,499.05987102054104,2026-07-29 00:00:00,0x12f190a9f9d7d37a250758b26824b97ce941bf54
18,0.7266544699814832,167.91257086944802,18,0.6737411853290689,155.65132054891933,4,0.6873028722166471,158.44498135448,32,2.8518823373419084,659.2626521088812,2026-07-29 01:00:00,0x12f190a9f9d7d37a250758b26824b97ce941bf54
8,0.035591548946249815,8.227441719713,20,7.058555366866233,1616.849099411961,1,0.000283455831314184,0.065281340624,10,0.6395020890406445,147.56413318103205,2026-07-29 02:00:00,0x12f190a9f9d7d37a250758b26824b97ce941bf54
4,0.06972838697402073,16.119168427084002,24,2.857293537416073,650.6869149477757,6,0.2625736508756531,60.76575602362399,5,0.18162174196070702,41.900857942211,2026-07-29 03:00:00,0x12f190a9f9d7d37a250758b26824b97ce941bf54
5,0.06825328656623869,15.760006890113438,9,0.47794208267086025,109.08173918072899,6,0.8746099563686176,202.96902758517803,6,0.5687639840455426,131.233751117937,2026-07-29 04:00:00,0x12f190a9f9d7d37a250758b26824b97ce941bf54
3,0.11933215873362514,27.612839497248,36,8.105712524793413,1858.4510982159168,11,2.503623708828375,578.1469838316751,4,0.6873028722166471,158.44498135448,2026-07-29 05:00:00,0x12f190a9f9d7d37a250758b26824b97ce941bf54
1,0.001683860273810989,0.38804530875500004,6,0.20572595264428678,47.399227653453295,4,0.004470741803281616,1.0308876906475066,1,0.000283455831314184,0.065281340624,2026-07-29 06:00:00,0x12f190a9f9d7d37a250758b26824b97ce941bf54
4,0.06840936936267887,15.851255657966002,34,9.287278838821072,2158.799315266668,4,0.06751505243688671,15.554626006208002,6,0.2625736508756531,60.76575602362399,2026-07-29 07:00:00,0x12f190a9f9d7d37a250758b26824b97ce941bf54
8,0.20275481926986916,46.97320899538,73,33.017364771712145,7531.717093042552,2,0.024630212239543064,5.671888813051769,6,0.8746099563686176,202.96902758517803,2026-07-29 08:00:00,0x12f190a9f9d7d37a250758b26824b97ce941bf54
4,0.030594751784439142,7.0730996545250004,27,13.498250643564539,3057.7912740598986,18,0.6737411853290689,155.65132054891933,11,2.503623708828375,578.1469838316751,2026-07-29 09:00:00,0x12f190a9f9d7d37a250758b26824b97ce941bf54
3,0.03650923472095755,8.468042193916272,24,5.442437388766978,1224.4514247385084,20,7.058555366866233,1616.849099411961,4,0.004470741803281616,1.0308876906475066,2026-07-29 10:00:00,0x12f190a9f9d7d37a250758b26824b97ce941bf54
8,0.09185914235475855,21.201048555584,12,0.9023148218766534,208.54931819752272,24,2.857293537416073,650.6869149477757,4,0.06751505243688671,15.554626006208002,2026-07-29 11:00:00,0x12f190a9f9d7d37a250758b26824b97ce941bf54
1,0.010668975218022958,2.45993981842,15,2.3274314251217465,534.9744490036848,9,0.47794208267086025,109.08173918072899,2,0.024630212239543064,5.671888813051769,2026-07-29 12:00:00,0x12f190a9f9d7d37a250758b26824b97ce941bf54
19,8.279384764793823,1904.2981512271735,26,0.9869162941519164,226.7157351538537,36,8.105712524793413,1858.4510982159168,18,0.6737411853290689,155.65132054891933,2026-07-29 13:00:00,0x12f190a9f9d7d37a250758b26824b97ce941bf54
35,12.018475385300267,2743.424715627151,16,0.1306723951114742,30.058087961942256,6,0.20572595264428678,47.399227653453295,20,7.058555366866233,1616.849099411961,2026-07-29 14:00:00,0x12f190a9f9d7d37a250758b26824b97ce941bf54
7,0.45667030001795395,103.80574498582789,7,0.20224291711605236,46.44297554506457,34,9.287278838821072,2158.799315266668,24,2.857293537416073,650.6869149477757,2026-07-29 15:00:00,0x12f190a9f9d7d37a250758b26824b97ce941bf54
11,1.1945905440584788,272.99087129048996,2,0.12239056326393806,28.111446794061997,73,33.017364771712145,7531.717093042552,9,0.47794208267086025,109.08173918072899,2026-07-29 16:00:00,0x12f190a9f9d7d37a250758b26824b97ce941bf54
32,9.42390130687923,2168.5945953310656,5,0.24993934569305573,57.59426496872296,27,13.498250643564539,3057.7912740598986,36,8.105712524793413,1858.4510982159168,2026-07-29 17:00:00,0x12f190a9f9d7d37a250758b26824b97ce941bf54
38,10.280421591941845,2376.7323696963576,3,0.36656960614150125,84.39055294673501,24,5.442437388766978,1224.4514247385084,6,0.20572595264428678,47.399227653453295,2026-07-29 18:00:00,0x12f190a9f9d7d37a250758b26824b97ce941bf54
37,11.660795646464239,2688.425298598263,2,0.1634304553702289,37.654783999,12,0.9023148218766534,208.54931819752272,34,9.287278838821072,2158.799315266668,2026-07-29 19:00:00,0x12f190a9f9d7d37a250758b26824b97ce941bf54
22,10.085342264664265,2279.7309188743493,13,1.9034834042424311,438.5832601779656,15,2.3274314251217465,534.9744490036848,73,33.017364771712145,7531.717093042552,2026-07-29 20:00:00,0x12f190a9f9d7d37a250758b26824b97ce941bf54
40,11.771145421865366,2657.3343251042274,6,1.5638795631627256,363.0395142439306,26,0.9869162941519164,226.7157351538537,27,13.498250643564539,3057.7912740598986,2026-07-29 21:00:00,0x12f190a9f9d7d37a250758b26824b97ce941bf54
117,64.24085841372265,14716.127554466128,45,12.790361024719857,2980.1979039023563,16,0.1306723951114742,30.058087961942256,24,5.442437388766978,1224.4514247385084,2026-07-29 22:00:00,0x12f190a9f9d7d37a250758b26824b97ce941bf54
7,0.5511790785559386,127.38715310555808,4,0.123972503411022,29.056355222636004,7,0.20224291711605236,46.44297554506457,12,0.9023148218766534,208.54931819752272,2026-07-29 23:00:00,0x12f190a9f9d7d37a250758b26824b97ce941bf54
11,0.16446316403831052,37.76139367855398,21,217.88337703635108,51154.90932885711,2,0.12239056326393806,28.111446794061997,15,2.3274314251217465,534.9744490036848,2026-07-30 00:00:00,0x12f190a9f9d7d37a250758b26824b97ce941bf54
8,0.04046319687033148,9.287270642996063,25,7.321019616535564,1707.1524482297687,5,0.24993934569305573,57.59426496872296,26,0.9869162941519164,226.7157351538537,2026-07-30 01:00:00,0x12f190a9f9d7d37a250758b26824b97ce941bf54
7,0.19269091963767548,44.35099940048224,117,52.42488596946883,12274.776796378941,3,0.36656960614150125,84.39055294673501,16,0.1306723951114742,30.058087961942256,2026-07-30 02:00:00,0x12f190a9f9d7d37a250758b26824b97ce941bf54
2,0.05822017499733106,13.375100723928002,1,0.003211334721946957,0.7592828125318616,2,0.1634304553702289,37.654783999,7,0.20224291711605236,46.44297554506457,2026-07-30 03:00:00,0x12f190a9f9d7d37a250758b26824b97ce941bf54
1,0.001179645646125758,0.27113234097600003,31,8.373508697082839,1993.5068321467552,13,1.9034834042424311,438.5832601779656,2,0.12239056326393806,28.111446794061997,2026-07-30 04:00:00,0x12f190a9f9d7d37a250758b26824b97ce941bf54
7,0.14574787538140097,33.664470700960784,9,0.3003681654531647,71.73655662825003,6,1.5638795631627256,363.0395142439306,5,0.24993934569305573,57.59426496872296,2026-07-30 05:00:00,0x12f190a9f9d7d37a250758b26824b97ce941bf54
8,0.017482139790071943,4.364914407991051,11,0.17679416167776194,41.96808450733382,45,12.790361024719857,2980.1979039023563,3,0.36656960614150125,84.39055294673501,2026-07-30 06:00:00,0x12f190a9f9d7d37a250758b26824b97ce941bf54
2,0.09099066599741547,21.005829040212,17,0.7666383582547914,181.8497541178863,4,0.123972503411022,29.056355222636004,2,0.1634304553702289,37.654783999,2026-07-30 07:00:00,0x12f190a9f9d7d37a250758b26824b97ce941bf54
27,10.736415390454045,2485.6405959130966,74,32.63404970470673,7727.901988177637,21,217.88337703635108,51154.90932885711,13,1.9034834042424311,438.5832601779656,2026-07-30 08:00:00,0x12f190a9f9d7d37a250758b26824b97ce941bf54
13,0.6581300426746354,152.83863030355545,116,46.013498223321335,11683.16523567539,25,7.321019616535564,1707.1524482297687,6,1.5638795631627256,363.0395142439306,2026-07-30 09:00:00,0x12f190a9f9d7d37a250758b26824b97ce941bf54
18,5.244930839056763,1226.776503131334,51,14.790446650513797,3808.367073904996,117,52.42488596946883,12274.776796378941,45,12.790361024719857,2980.1979039023563,2026-07-30 10:00:00,0x12f190a9f9d7d37a250758b26824b97ce941bf54
5,0.03909451902602218,9.137823993859,16,3.1725041020554428,816.8816768503087,1,0.003211334721946957,0.7592828125318616,4,0.123972503411022,29.056355222636004,2026-07-30 11:00:00,0x12f190a9f9d7d37a250758b26824b97ce941bf54
10,0.4974496547284027,116.22637242831868,9,0.44936501589123196,115.91581233094615,31,8.373508697082839,1993.5068321467552,21,217.88337703635108,51154.90932885711,2026-07-30 12:00:00,0x12f190a9f9d7d37a250758b26824b97ce941bf54
31,10.643611219236302,2495.85113813535,10,0.133652721002455,34.38932293008307,9,0.3003681654531647,71.73655662825003,25,7.321019616535564,1707.1524482297687,2026-07-30 13:00:00,0x12f190a9f9d7d37a250758b26824b97ce941bf54
42,15.281371371097446,3624.1964402444473,17,0.9210812427639294,237.35383190433612,11,0.17679416167776194,41.96808450733382,117,52.42488596946883,12274.776796378941,2026-07-30 14:00:00,0x12f190a9f9d7d37a250758b26824b97ce941bf54
9,1.2794602016364605,302.6910709315522,56,12.058025034976257,3128.339371753583,17,0.7666383582547914,181.8497541178863,1,0.003211334721946957,0.7592828125318616,2026-07-30 15:00:00,0x12f190a9f9d7d37a250758b26824b97ce941bf54
24,6.389321637658307,1525.3605679520385,15,1.292048451583241,334.9758400143165,74,32.63404970470673,7727.901988177637,31,8.373508697082839,1993.5068321467552,2026-07-30 16:00:00,0x12f190a9f9d7d37a250758b26824b97ce941bf54
13,1.1540922413897854,274.8306007841894,5,0.02869228905081657,7.477171076057181,116,46.013498223321335,11683.16523567539,9,0.3003681654531647,71.73655662825003,2026-07-30 17:00:00,0x12f190a9f9d7d37a250758b26824b97ce941bf54
17,2.6656053721946957,633.3938264328765,3,0.10825287840759552,28.023840675005566,51,14.790446650513797,3808.367073904996,11,0.17679416167776194,41.96808450733382,2026-07-30 18:00:00,0x12f190a9f9d7d37a250758b26824b97ce941bf54
28,9.967953382026156,2383.126877780709,2,0.01500987709062029,3.9072299365739998,16,3.1725041020554428,816.8816768503087,17,0.7666383582547914,181.8497541178863,2026-07-30 19:00:00,0x12f190a9f9d7d37a250758b26824b97ce941bf54
451,286.08092676150534,70873.20869421183,11,1.2929538392441162,337.24249458700695,9,0.44936501589123196,115.91581233094615,74,32.63404970470673,7727.901988177637,2026-07-30 20:00:00,0x12f190a9f9d7d37a250758b26824b97ce941bf54
181,89.36227483913639,22737.45746279452,10,2.0924686577764415,549.5613244209246,10,0.133652721002455,34.38932293008307,116,46.013498223321335,11683.16523567539,2026-07-30 21:00:00,0x12f190a9f9d7d37a250758b26824b97ce941bf54
27,1.8877051304141155,484.96574682550875,44,1.2175100993737273,321.48044787683784,17,0.9210812427639294,237.35383190433612,51,14.790446650513797,3808.367073904996,2026-07-30 22:00:00,0x12f190a9f9d7d37a250758b26824b97ce941bf54
6,0.08512993709505369,20.75073106602034,154,12.221388247785118,3234.706622984011,56,12.058025034976257,3128.339371753583,16,3.1725041020554428,816.8816768503087,2026-07-30 23:00:00,0x12f190a9f9d7d37a250758b26824b97ce941bf54
11,0.22261435517002529,57.34264121352241,19,9.414889147770742,2465.393535754917,15,1.292048451583241,334.9758400143165,9,0.44936501589123196,115.91581233094615,2026-07-31 00:00:00,0x12f190a9f9d7d37a250758b26824b97ce941bf54
13,0.9719697705714304,249.1817302315321,26,5.182943863848431,1348.0795248639479,5,0.02869228905081657,7.477171076057181,10,0.133652721002455,34.38932293008307,2026-07-31 01:00:00,0x12f190a9f9d7d37a250758b26824b97ce941bf54
13,0.5340128290962054,137.45281289172047,122,40.831685114776995,10861.484065911607,3,0.10825287840759552,28.023840675005566,17,0.9210812427639294,237.35383190433612,2026-07-31 02:00:00,0x12f190a9f9d7d37a250758b26824b97ce941bf54
5,0.01184877237882118,3.078988764583,25,5.379392771348585,1455.5156776206256,2,0.01500987709062029,3.9072299365739998,56,12.058025034976257,3128.339371753583,2026-07-31 03:00:00,0x12f190a9f9d7d37a250758b26824b97ce941bf54
8,0.029181491973511244,7.562654748118705,37,5.855929204869806,1566.553311777014,11,1.2929538392441162,337.24249458700695,15,1.292048451583241,334.9758400143165,2026-07-31 04:00:00,0x12f190a9f9d7d37a250758b26824b97ce941bf54
14,0.13335231083704643,34.567017173418755,8,0.10821312093859231,29.29692278388876,10,2.0924686577764415,549.5613244209246,5,0.02869228905081657,7.477171076057181,2026-07-31 05:00:00,0x12f190a9f9d7d37a250758b26824b97ce941bf54
6,0.11641552635612844,30.21362106608404,5,0.2087612206340434,56.5000859858205,44,1.2175100993737273,321.48044787683784,3,0.10825287840759552,28.023840675005566,2026-07-31 06:00:00,0x12f190a9f9d7d37a250758b26824b97ce941bf54
18,1.3026391635885606,338.2965861055415,7,0.44473450229902767,120.80362749717577,154,12.221388247785118,3234.706622984011,2,0.01500987709062029,3.9072299365739998,2026-07-31 07:00:00,0x12f190a9f9d7d37a250758b26824b97ce941bf54
45,11.415614773699367,3000.4789837118415,38,16.97883751602212,4589.276400598056,19,9.414889147770742,2465.393535754917,11,1.2929538392441162,337.24249458700695,2026-07-31 08:00:00,0x12f190a9f9d7d37a250758b26824b97ce941bf54
62,5.079824246019445,1346.2799053548656,5,0.03495295152378478,9.491965083367,26,5.182943863848431,1348.0795248639479,10,2.0924686577764415,549.5613244209246,2026-07-31 09:00:00,0x12f190a9f9d7d37a250758b26824b97ce941bf54
82,3.6664763033655294,975.648190978493,20,1.6377661829093555,443.38066511005,122,40.831685114776995,10861.484065911607,44,1.2175100993737273,321.48044787683784,2026-07-31 10:00:00,0x12f190a9f9d7d37a250758b26824b97ce941bf54
18,4.011817966328842,1051.177946002205,6,0.2110466662137525,56.9679464000341,25,5.379392771348585,1455.5156776206256,154,12.221388247785118,3234.706622984011,2026-07-31 11:00:00,0x12f190a9f9d7d37a250758b26824b97ce941bf54
23,4.011067359831797,1047.4691394571926,4,0.015218505529598268,4.127751690579149,37,5.855929204869806,1566.553311777014,19,9.414889147770742,2465.393535754917,2026-07-31 12:00:00,0x12f190a9f9d7d37a250758b26824b97ce941bf54
58,18.640159618447242,4915.918126476513,14,2.870901215276498,777.4637885894856,8,0.10821312093859231,29.29692278388876,26,5.182943863848431,1348.0795248639479,2026-07-31 13:00:00,0x12f190a9f9d7d37a250758b26824b97ce941bf54
50,11.436056502272749,3074.154861043552,31,1.1978719326953036,323.16688041644335,5,0.2087612206340434,56.5000859858205,122,40.831685114776995,10861.484065911607,2026-07-31 14:00:00,0x12f190a9f9d7d37a250758b26824b97ce941bf54
28,4.948973457054691,1331.2197495762691,7,0.18972576832234544,51.16311055359392,7,0.44473450229902767,120.80362749717577,25,5.379392771348585,1455.5156776206256,2026-07-31 15:00:00,0x12f190a9f9d7d37a250758b26824b97ce941bf54
38,7.8453477528230255,2114.399651169788,10,0.3316265212115211,89.44977107958566,38,16.97883751602212,4589.276400598056,37,5.855929204869806,1566.553311777014,2026-07-31 16:00:00,0x12f190a9f9d7d37a250758b26824b97ce941bf54
21,1.1052987944111208,299.4993039004742,7,0.7662756743896727,206.72066689470947,5,0.03495295152378478,9.491965083367,8,0.10821312093859231,29.29692278388876,2026-07-31 17:00:00,0x12f190a9f9d7d37a250758b26824b97ce941bf54
7,0.5668913396588715,153.87673899859402,5,0.09092333134309184,24.574365243101997,20,1.6377661829093555,443.38066511005,5,0.2087612206340434,56.5000859858205,2026-07-31 18:00:00,0x12f190a9f9d7d37a250758b26824b97ce941bf54
9,1.027173247564003,279.22708444392794,7,0.13205820092005338,35.598213707506,6,0.2110466662137525,56.9679464000341,7,0.44473450229902767,120.80362749717577,2026-07-31 19:00:00,0x12f190a9f9d7d37a250758b26824b97ce941bf54
29,5.861854416337481,1591.959878878185,7,1.3001729057418216,350.3687815849,4,0.015218505529598268,4.127751690579149,38,16.97883751602212,4589.276400598056,2026-07-31 20:00:00,0x12f190a9f9d7d37a250758b26824b97ce941bf54
5,0.02048896457271512,5.568742096325218,10,2.348907561295575,636.4499690039586,14,2.870901215276498,777.4637885894856,5,0.03495295152378478,9.491965083367,2026-07-31 21:00:00,0x12f190a9f9d7d37a250758b26824b97ce941bf54
15,0.2641481633112565,71.4039431334228,9,2.169581717684838,584.386475160632,31,1.1978719326953036,323.16688041644335,20,1.6377661829093555,443.38066511005,2026-07-31 22:00:00,0x12f190a9f9d7d37a250758b26824b97ce941bf54
8,0.22863885140978032,61.756140249089384,21,8.773766199795482,2367.7857632757828,7,0.18972576832234544,51.16311055359392,6,0.2110466662137525,56.9679464000341,2026-07-31 23:00:00,0x12f190a9f9d7d37a250758b26824b97ce941bf54
13,0.2596316494587704,70.11207102425033,3,0.47751022292593687,128.77405756353463,10,0.3316265212115211,89.44977107958566,4,0.015218505529598268,4.127751690579149,2026-08-01 00:00:00,0x12f190a9f9d7d37a250758b26824b97ce941bf54
32,0.5512491461444338,148.967925827328,3,0.05533294749820401,14.903077107436314,7,0.7662756743896727,206.72066689470947,14,2.870901215276498,777.4637885894856,2026-08-01 01:00:00,0x12f190a9f9d7d37a250758b26824b97ce941bf54
18,0.2883684338883876,77.85477339413177,4,0.20641543236428114,55.60521829974,5,0.09092333134309184,24.574365243101997,31,1.1978719326953036,323.16688041644335,2026-08-01 02:00:00,0x12f190a9f9d7d37a250758b26824b97ce941bf54
4,0.26365080283968967,71.10999903786787,4,0.04742285985173071,12.788658095141855,7,0.13205820092005338,35.598213707506,7,0.18972576832234544,51.16311055359392,2026-08-01 03:00:00,0x12f190a9f9d7d37a250758b26824b97ce941bf54
6,0.05978183559435483,16.132698828175002,10,0.6511690249982446,175.1538653604499,7,1.3001729057418216,350.3687815849,10,0.3316265212115211,89.44977107958566,2026-08-01 04:00:00,0x12f190a9f9d7d37a250758b26824b97ce941bf54
6,0.2056084134521353,55.417177569793395,11,3.389274528877267,912.0991158617362,10,2.348907561295575,636.4499690039586,7,0.7662756743896727,206.72066689470947,2026-08-01 05:00:00,0x12f190a9f9d7d37a250758b26824b97ce941bf54
4,0.05966764345905452,16.085722418809432,5,0.061300981852196866,16.51676908870768,9,2.169581717684838,584.386475160632,5,0.09092333134309184,24.574365243101997,2026-08-01 06:00:00,0x12f190a9f9d7d37a250758b26824b97ce941bf54
6,0.5049134097535416,136.01699662508165,16,5.477771939428547,1472.5421664593525,21,8.773766199795482,2367.7857632757828,7,0.13205820092005338,35.598213707506,2026-08-01 07:00:00,0x12f190a9f9d7d37a250758b26824b97ce941bf54
12,7.078323872630586,1914.8981179908387,9,0.07677623337385091,20.640105548526872,3,0.47751022292593687,128.77405756353463,7,1.3001729057418216,350.3687815849,2026-08-01 08:00:00,0x12f190a9f9d7d37a250758b26824b97ce941bf54
13,1.5096322996623215,408.39883465589105,3,0.0653539124477894,17.558251699488,3,0.05533294749820401,14.903077107436314,10,2.348907561295575,636.4499690039586,2026-08-01 09:00:00,0x12f190a9f9d7d37a250758b26824b97ce941bf54
12,2.1935760153132464,594.4592343506292,3,0.045666146804643995,12.261920511918,4,0.20641543236428114,55.60521829974,9,2.169581717684838,584.386475160632,2026-08-01 10:00:00,0x12f190a9f9d7d37a250758b26824b97ce941bf54
5,0.745065345624893,202.06439185547902,4,0.1071438735293385,28.787472407511697,4,0.04742285985173071,12.788658095141855,21,8.773766199795482,2367.7857632757828,2026-08-01 11:00:00,0x12f190a9f9d7d37a250758b26824b97ce941bf54
6,0.39436238260565054,106.27159648670465,5,0.3269231151359449,87.78318241025198,10,0.6511690249982446,175.1538653604499,3,0.47751022292593687,128.77405756353463,2026-08-01 12:00:00,0x12f190a9f9d7d37a250758b26824b97ce941bf54
3,0.010572604713563406,2.8603003626320005,8,0.07981141095832017,21.456797998189415,11,3.389274528877267,912.0991158617362,3,0.05533294749820401,14.903077107436314,2026-08-01 13:00:00,0x12f190a9f9d7d37a250758b26824b97ce941bf54
8,0.6061657797074097,163.2647116998084,13,1.3233606619725995,357.9001529319832,5,0.061300981852196866,16.51676908870768,4,0.20641543236428114,55.60521829974,2026-08-01 14:00:00,0x12f190a9f9d7d37a250758b26824b97ce941bf54
8,0.5837919342852573,157.16245641736901,18,3.9583156973831635,1072.762594949229,16,5.477771939428547,1472.5421664593525,4,0.04742285985173071,12.788658095141855,2026-08-01 15:00:00,0x12f190a9f9d7d37a250758b26824b97ce941bf54
10,0.2759590777317316,74.60094949091902,11,1.1175981862299005,303.172691617179,9,0.07677623337385091,20.640105548526872,10,0.6511690249982446,175.1538653604499,2026-08-01 16:00:00,0x12f190a9f9d7d37a250758b26824b97ce941bf54
3,0.025261457782804635,6.806815822906788,4,0.11991337047961464,32.525550325522,3,0.0653539124477894,17.558251699488,11,3.389274528877267,912.0991158617362,2026-08-01 17:00:00,0x12f190a9f9d7d37a250758b26824b97ce941bf54
2,0.1667979456897272,45.068471786173,1,0.006626976903994564,1.802204481168,3,0.045666146804643995,12.261920511918,5,0.061300981852196866,16.51676908870768,2026-08-01 18:00:00,0x12f190a9f9d7d37a250758b26824b97ce941bf54
8,0.4259987543630204,114.91095598083301,7,0.08578624415094283,23.265672296701595,4,0.1071438735293385,28.787472407511697,16,5.477771939428547,1472.5421664593525,2026-08-01 19:00:00,0x12f190a9f9d7d37a250758b26824b97ce941bf54
7,0.11491028338133412,31.01342673675347,4,0.03412937778593407,9.254837107867,5,0.3269231151359449,87.78318241025198,9,0.07677623337385091,20.640105548526872,2026-08-01 20:00:00,0x12f190a9f9d7d37a250758b26824b97ce941bf54
1,0.006477089427577177,1.738803480917558,8,0.24140086839382244,65.66635697622107,8,0.07981141095832017,21.456797998189415,3,0.0653539124477894,17.558251699488,2026-08-01 21:00:00,0x12f190a9f9d7d37a250758b26824b97ce941bf54
2,0.05372578622879832,14.420833777524999,15,16.177894427375556,4398.072083784281,13,1.3233606619725995,357.9001529319832,3,0.045666146804643995,12.261920511918,2026-08-01 22:00:00,0x12f190a9f9d7d37a250758b26824b97ce941bf54
3,1.177219522576606,316.087676028902,2,0.049711231886676976,13.49420255454,18,3.9583156973831635,1072.762594949229,4,0.1071438735293385,28.787472407511697,2026-08-01 23:00:00,0x12f190a9f9d7d37a250758b26824b97ce941bf54
20,1.434191002984241,387.05681833892413,4,0.02685440898239045,7.294897884440261,11,1.1175981862299005,303.172691617179,5,0.3269231151359449,87.78318241025198,2026-08-02 00:00:00,0x12f190a9f9d7d37a250758b26824b97ce941bf54
7,0.08216717823832999,22.173200018488956,5,0.05316710014485931,14.433289099193,4,0.11991337047961464,32.525550325522,8,0.07981141095832017,21.456797998189415,2026-08-02 01:00:00,0x12f190a9f9d7d37a250758b26824b97ce941bf54
23,0.35327545160426715,95.30931081266867,5,0.6129091578345833,167.3219880467089,1,0.006626976903994564,1.802204481168,13,1.3233606619725995,357.9001529319832,2026-08-02 02:00:00,0x12f190a9f9d7d37a250758b26824b97ce941bf54
36,1.4002177350448102,380.167097657411,4,0.08888259312455432,24.229349950267,7,0.08578624415094283,23.265672296701595,18,3.9583156973831635,1072.762594949229,2026-08-02 03:00:00,0x12f190a9f9d7d37a250758b26824b97ce941bf54
9,2.0813340270269,566.7197378555489,6,0.09340388472200536,25.40270686824561,4,0.03412937778593407,9.254837107867,11,1.1175981862299005,303.172691617179,2026-08-02 04:00:00,0x12f190a9f9d7d37a250758b26824b97ce941bf54
6,0.06988824469249132,18.954343277589977,7,0.16771340905266824,45.789669207994386,8,0.24140086839382244,65.66635697622107,4,0.11991337047961464,32.525550325522,2026-08-02 05:00:00,0x12f190a9f9d7d37a250758b26824b97ce941bf54
7,0.09359944781377509,25.383907697812003,29,1.523724010924013,416.9034311057991,15,16.177894427375556,4398.072083784281,1,0.006626976903994564,1.802204481168,2026-08-02 06:00:00,0x12f190a9f9d7d37a250758b26824b97ce941bf54
4,0.018632547720297522,5.071573365991999,6,0.15481241032329163,42.21801841977295,2,0.049711231886676976,13.49420255454,7,0.08578624415094283,23.265672296701595,2026-08-02 07:00:00,0x12f190a9f9d7d37a250758b26824b97ce941bf54
9,0.36118150283265593,98.19581877410702,8,0.2886454749412761,79.02492912373401,4,0.02685440898239045,7.294897884440261,4,0.03412937778593407,9.254837107867,2026-08-02 08:00:00,0x12f190a9f9d7d37a250758b26824b97ce941bf54
13,3.838875445053972,1044.03361301772,7,0.009330994189757398,2.5492951774255896,5,0.05316710014485931,14.433289099193,8,0.24140086839382244,65.66635697622107,2026-08-02 09:00:00,0x12f190a9f9d7d37a250758b26824b97ce941bf54
7,0.7844096449212545,213.61281505074805,12,0.5478781230978222,150.21384543906711,5,0.6129091578345833,167.3219880467089,15,16.177894427375556,4398.072083784281,2026-08-02 10:00:00,0x12f190a9f9d7d37a250758b26824b97ce941bf54
2,0.0010292484920487498,0.279193479987,12,1.9430042620201915,533.5650222143565,4,0.08888259312455432,24.229349950267,2,0.049711231886676976,13.49420255454,2026-08-02 11:00:00,0x12f190a9f9d7d37a250758b26824b97ce941bf54
2,0.0061918640696863635,1.679856025496,53,117.94896180784392,32208.16103570259,6,0.09340388472200536,25.40270686824561,4,0.02685440898239045,7.294897884440261,2026-08-02 12:00:00,0x12f190a9f9d7d37a250758b26824b97ce941bf54
3,0.03873297741324454,10.559052753874,25,9.060465086179166,2493.5939960819996,7,0.16771340905266824,45.789669207994386,5,0.05316710014485931,14.433289099193,2026-08-02 13:00:00,0x12f190a9f9d7d37a250758b26824b97ce941bf54
9,0.6144710615463735,167.05095807000185,4,0.014932290099591506,4.094541902718951,29,1.523724010924013,416.9034311057991,5,0.6129091578345833,167.3219880467089,2026-08-02 14:00:00,0x12f190a9f9d7d37a250758b26824b97ce941bf54
4,0.5302541004524309,144.71517955069697,2,0.021435956223632195,5.9243805913737955,6,0.15481241032329163,42.21801841977295,4,0.08888259312455432,24.229349950267,2026-08-02 15:00:00,0x12f190a9f9d7d37a250758b26824b97ce941bf54
9,1.2006796448449517,327.553755393243,9,0.39073436785693305,108.07227930633566,8,0.2886454749412761,79.02492912373401,6,0.09340388472200536,25.40270686824561,2026-08-02 16:00:00,0x12f190a9f9d7d37a250758b26824b97ce941bf54
13,0.1915167607907713,52.358178421115,7,0.08405512141069818,23.223732547088524,7,0.009330994189757398,2.5492951774255896,7,0.16771340905266824,45.789669207994386,2026-08-02 17:00:00,0x12f190a9f9d7d37a250758b26824b97ce941bf54
7,0.20355927945764327,55.574003561092,6,0.039364366022775016,10.83207884541,12,0.5478781230978222,150.21384543906711,29,1.523724010924013,416.9034311057991,2026-08-02 18:00:00,0x12f190a9f9d7d37a250758b26824b97ce941bf54
3,0.026784514162267414,7.316182235375001,5,0.046150012527049714,12.662912405460023,12,1.9430042620201915,533.5650222143565,6,0.15481241032329163,42.21801841977295,2026-08-02 19:00:00,0x12f190a9f9d7d37a250758b26824b97ce941bf54
3,0.6373332771716805,174.714803125471,3,0.026198884191952716,7.206025349902999,53,117.94896180784392,32208.16103570259,8,0.2886454749412761,79.02492912373401,2026-08-02 20:00:00,0x12f190a9f9d7d37a250758b26824b97ce941bf54
7,0.057162427499217267,15.595530840875059,5,0.3028297284621176,83.08972561950557,25,9.060465086179166,2493.5939960819996,7,0.009330994189757398,2.5492951774255896,2026-08-02 21:00:00,0x12f190a9f9d7d37a250758b26824b97ce941bf54
15,0.6720253658255899,183.7601506468626,2,0.054193042888649574,14.945626410708,4,0.014932290099591506,4.094541902718951,12,0.5478781230978222,150.21384543906711,2026-08-02 22:00:00,0x12f190a9f9d7d37a250758b26824b97ce941bf54
2,0.021272728315982713,5.811424588774,6,0.07785482469524828,21.4464119028,2,0.021435956223632195,5.9243805913737955,12,1.9430042620201915,533.5650222143565,2026-08-02 23:00:00,0x12f190a9f9d7d37a250758b26824b97ce941bf54
28,5.535939204525251,1513.083826249947,20,0.3393345876772663,93.84606976007409,9,0.39073436785693305,108.07227930633566,53,117.94896180784392,32208.16103570259,2026-08-03 00:00:00,0x12f190a9f9d7d37a250758b26824b97ce941bf54
10,0.055614099029156774,15.271417051368267,14,3.348394951245033,928.7422278524563,7,0.08405512141069818,23.223732547088524,25,9.060465086179166,2493.5939960819996,2026-08-03 01:00:00,0x12f190a9f9d7d37a250758b26824b97ce941bf54
17,2.2648513178809075,626.0672137850845,107,24.58270375916224,6957.569454103964,6,0.039364366022775016,10.83207884541,4,0.014932290099591506,4.094541902718951,2026-08-03 02:00:00,0x12f190a9f9d7d37a250758b26824b97ce941bf54
7,0.09209434047920906,25.45658714040679,29,5.903413967449378,1679.7572441976197,5,0.046150012527049714,12.662912405460023,2,0.021435956223632195,5.9243805913737955,2026-08-03 03:00:00,0x12f190a9f9d7d37a250758b26824b97ce941bf54
7,1.0409149846436458,286.10454109522857,6,0.9668433849494126,276.443358618175,3,0.026198884191952716,7.206025349902999,9,0.39073436785693305,108.07227930633566,2026-08-03 04:00:00,0x12f190a9f9d7d37a250758b26824b97ce941bf54
4,0.58392537150066,160.35909191734362,4,0.06476054546861627,18.409312947794998,5,0.3028297284621176,83.08972561950557,7,0.08405512141069818,23.223732547088524,2026-08-03 05:00:00,0x12f190a9f9d7d37a250758b26824b97ce941bf54
0,,,15,1.4645650221113726,415.5181946564331,2,0.054193042888649574,14.945626410708,6,0.039364366022775016,10.83207884541,2026-08-03 06:00:00,0x12f190a9f9d7d37a250758b26824b97ce941bf54
8,0.6321506711634912,174.4381861317884,10,1.917740628614053,543.4431056049309,6,0.07785482469524828,21.4464119028,5,0.046150012527049714,12.662912405460023,2026-08-03 07:00:00,0x12f190a9f9d7d37a250758b26824b97ce941bf54
11,2.01741660496229,553.567583447502,18,3.6630176398937877,1043.5392692853684,20,0.3393345876772663,93.84606976007409,3,0.026198884191952716,7.206025349902999,2026-08-03 08:00:00,0x12f190a9f9d7d37a250758b26824b97ce941bf54
6,0.5864764654499569,161.69865486836747,8,0.27763263364794244,78.42706817440006,14,3.348394951245033,928.7422278524563,5,0.3028297284621176,83.08972561950557,2026-08-03 09:00:00,0x12f190a9f9d7d37a250758b26824b97ce941bf54
8,2.403764280542744,664.2016151539466,23,3.256072191360604,918.15233637311,107,24.58270375916224,6957.569454103964,2,0.054193042888649574,14.945626410708,2026-08-03 10:00:00,0x12f190a9f9d7d37a250758b26824b97ce941bf54
4,0.2691280947386363,74.337806547501,14,5.653139562118271,1579.1879709762334,29,5.903413967449378,1679.7572441976197,6,0.07785482469524828,21.4464119028,2026-08-03 11:00:00,0x12f190a9f9d7d37a250758b26824b97ce941bf54
6,0.242103202920488,66.975704900023,3,0.06852143777980989,19.108976947342008,6,0.9668433849494126,276.443358618175,20,0.3393345876772663,93.84606976007409,2026-08-03 12:00:00,0x12f190a9f9d7d37a250758b26824b97ce941bf54
21,7.092421962063289,1967.1763738209486,12,0.12421107318898987,34.88194610486464,4,0.06476054546861627,18.409312947794998,14,3.348394951245033,928.7422278524563,2026-08-03 13:00:00,0x12f190a9f9d7d37a250758b26824b97ce941bf54
251,115.9316604678478,32952.36787866579,21,2.654597244633541,746.4145625089253,15,1.4645650221113726,415.5181946564331,107,24.58270375916224,6957.569454103964,2026-08-03 14:00:00,0x12f190a9f9d7d37a250758b26824b97ce941bf54
11,0.7954854415232198,227.12290465002786,8,0.09364847048583366,26.218199293230626,10,1.917740628614053,543.4431056049309,29,5.903413967449378,1679.7572441976197,2026-08-03 15:00:00,0x12f190a9f9d7d37a250758b26824b97ce941bf54
9,0.08564524138260904,24.336051878173,5,0.15578261781213576,43.60370732199791,18,3.6630176398937877,1043.5392692853684,6,0.9668433849494126,276.443358618175,2026-08-03 16:00:00,0x12f190a9f9d7d37a250758b26824b97ce941bf54
7,1.5686155658295315,445.3074651870551,6,0.2250501812549444,63.48404333959199,8,0.27763263364794244,78.42706817440006,4,0.06476054546861627,18.409312947794998,2026-08-03 17:00:00,0x12f190a9f9d7d37a250758b26824b97ce941bf54
15,2.9582384189530924,837.3586486710146,6,1.1707925447148475,328.7749855588942,23,3.256072191360604,918.15233637311,15,1.4645650221113726,415.5181946564331,2026-08-03 18:00:00,0x12f190a9f9d7d37a250758b26824b97ce941bf54
7,0.05468580349242913,15.53728814282493,4,0.024080638005566805,6.766510866764201,14,5.653139562118271,1579.1879709762334,10,1.917740628614053,543.4431056049309,2026-08-03 19:00:00,0x12f190a9f9d7d37a250758b26824b97ce941bf54
15,4.044950072719724,1144.9012674041544,5,0.06575890966099616,18.458857031867,3,0.06852143777980989,19.108976947342008,18,3.6630176398937877,1043.5392692853684,2026-08-03 20:00:00,0x12f190a9f9d7d37a250758b26824b97ce941bf54
11,1.1977916929307115,338.1296549958391,2,0.017902052248511803,4.976626935819618,12,0.12421107318898987,34.88194610486464,8,0.27763263364794244,78.42706817440006,2026-08-03 21:00:00,0x12f190a9f9d7d37a250758b26824b97ce941bf54
38,10.818471971008648,3040.8527757378106,7,0.19270619852088613,53.77003014145858,21,2.654597244633541,746.4145625089253,23,3.256072191360604,918.15233637311,2026-08-03 22:00:00,0x12f190a9f9d7d37a250758b26824b97ce941bf54
3,0.014204595455391404,3.960862648384698,12,1.809841440609879,503.2120729297094,8,0.09364847048583366,26.218199293230626,14,5.653139562118271,1579.1879709762334,2026-08-03 23:00:00,0x12f190a9f9d7d37a250758b26824b97ce941bf54
14,2.059639084689999,578.560603832386,16,0.5188957545451757,143.71100690100243,5,0.15578261781213576,43.60370732199791,3,0.06852143777980989,19.108976947342008,2026-08-04 00:00:00,0x12f190a9f9d7d37a250758b26824b97ce941bf54
12,0.22749693918109776,63.833276083980174,5,1.1544054514817024,319.73668370414697,6,0.2250501812549444,63.48404333959199,12,0.12421107318898987,34.88194610486464,2026-08-04 01:00:00,0x12f190a9f9d7d37a250758b26824b97ce941bf54
4,0.012704813451078337,3.5515681801772434,54,26.397745665453886,7334.260987496399,6,1.1707925447148475,328.7749855588942,21,2.654597244633541,746.4145625089253,2026-08-04 02:00:00,0x12f190a9f9d7d37a250758b26824b97ce941bf54
3,0.027044135737777465,7.572005168484249,21,6.778162321492436,1881.169280437516,4,0.024080638005566805,6.766510866764201,8,0.09364847048583366,26.218199293230626,2026-08-04 03:00:00,0x12f190a9f9d7d37a250758b26824b97ce941bf54
2,0.02827365751869477,7.948757307792,5,0.05523772032834894,15.317769642562784,5,0.06575890966099616,18.458857031867,5,0.15578261781213576,43.60370732199791,2026-08-04 04:00:00,0x12f190a9f9d7d37a250758b26824b97ce941bf54
9,4.3367103035905,1212.1590818424409,10,1.426314814722723,397.6536107475621,2,0.017902052248511803,4.976626935819618,6,0.2250501812549444,63.48404333959199,2026-08-04 05:00:00,0x12f190a9f9d7d37a250758b26824b97ce941bf54
5,0.24047552587809368,67.17583457175736,2,0.03243798170511942,9.055799821870998,7,0.19270619852088613,53.77003014145858,6,1.1707925447148475,328.7749855588942,2026-08-04 06:00:00,0x12f190a9f9d7d37a250758b26824b97ce941bf54
4,0.3032073801342555,84.75210271750052,10,0.3626888087037102,100.59254219350963,12,1.809841440609879,503.2120729297094,4,0.024080638005566805,6.766510866764201,2026-08-04 07:00:00,0x12f190a9f9d7d37a250758b26824b97ce941bf54
14,3.172340314131726,885.6917754385298,3,0.05637313640087975,15.646533482700304,16,0.5188957545451757,143.71100690100243,5,0.06575890966099616,18.458857031867,2026-08-04 08:00:00,0x12f190a9f9d7d37a250758b26824b97ce941bf54
8,0.01899200134321346,5.3011873282219995,1,0.026761051109861073,7.419077226365999,5,1.1544054514817024,319.73668370414697,2,0.017902052248511803,4.976626935819618,2026-08-04 09:00:00,0x12f190a9f9d7d37a250758b26824b97ce941bf54
15,3.6826953604579535,1025.4188064734751,7,1.3501646754302896,373.929216484662,54,26.397745665453886,7334.260987496399,7,0.19270619852088613,53.77003014145858,2026-08-04 10:00:00,0x12f190a9f9d7d37a250758b26824b97ce941bf54
32,13.233947272819472,3663.8374006557724,2,0.0072787874274503036,2.0255884022629997,21,6.778162321492436,1881.169280437516,12,1.809841440609879,503.2120729297094,2026-08-04 11:00:00,0x12f190a9f9d7d37a250758b26824b97ce941bf54
15,2.3470818519157843,651.8062763847303,1,0.07216436383555253,19.9733855585,5,0.05523772032834894,15.317769642562784,16,0.5188957545451757,143.71100690100243,2026-08-04 12:00:00,0x12f190a9f9d7d37a250758b26824b97ce941bf54
23,13.272608983100726,3671.935219380795,26,0.5961015773524913,185.01879125338843,10,1.426314814722723,397.6536107475621,5,1.1544054514817024,319.73668370414697,2026-08-04 13:00:00,0x12f190a9f9d7d37a250758b26824b97ce941bf54
50,20.581303171684954,5742.052321653346,25,0.5081554444441568,143.66385638413342,2,0.03243798170511942,9.055799821870998,54,26.397745665453886,7334.260987496399,2026-08-04 14:00:00,0x12f190a9f9d7d37a250758b26824b97ce941bf54
5,0.12673958249370398,35.213795668955214,11,1.831521488053606,510.92079876424793,10,0.3626888087037102,100.59254219350963,21,6.778162321492436,1881.169280437516,2026-08-04 15:00:00,0x12f190a9f9d7d37a250758b26824b97ce941bf54
1,0.01838822546588015,5.0948708568029994,1,7.914714192384e-05,0.021919750343662676,3,0.05637313640087975,15.646533482700304,5,0.05523772032834894,15.317769642562784,2026-08-04 16:00:00,0x12f190a9f9d7d37a250758b26824b97ce941bf54
9,0.19242249945693754,53.717296956613,6,0.025298411778949217,7.020417117635738,1,0.026761051109861073,7.419077226365999,10,1.426314814722723,397.6536107475621,2026-08-04 17:00:00,0x12f190a9f9d7d37a250758b26824b97ce941bf54
2,0.00902312764349658,2.499598846896692,19,0.07700745228487299,21.460152524192,7,1.3501646754302896,373.929216484662,2,0.03243798170511942,9.055799821870998,2026-08-04 18:00:00,0x12f190a9f9d7d37a250758b26824b97ce941bf54
10,2.3918731999732694,664.651654290275,0,,,2,0.0072787874274503036,2.0255884022629997,10,0.3626888087037102,100.59254219350963,2026-08-04 19:00:00,0x12f190a9f9d7d37a250758b26824b97ce941bf54
5,0.6842454119089698,190.2962974357406,4,0.4549849323329164,126.161989821876,1,0.07216436383555253,19.9733855585,3,0.05637313640087975,15.646533482700304,2026-08-04 20:00:00,0x12f190a9f9d7d37a250758b26824b97ce941bf54
6,0.2241678903853744,62.14382913723701,6,0.19421762079256283,54.107417471506245,26,0.5961015773524913,185.01879125338843,1,0.026761051109861073,7.419077226365999,2026-08-04 21:00:00,0x12f190a9f9d7d37a250758b26824b97ce941bf54
8,0.37773808538113907,104.63861843470403,5,0.09015484903457306,25.141776220612,25,0.5081554444441568,143.66385638413342,7,1.3501646754302896,373.929216484662,2026-08-04 22:00:00,0x12f190a9f9d7d37a250758b26824b97ce941bf54
3,0.18458115648340406,51.10228386310557,15,2.0881546353491163,584.3105963410129,11,1.831521488053606,510.92079876424793,2,0.0072787874274503036,2.0255884022629997,2026-08-04 23:00:00,0x12f190a9f9d7d37a250758b26824b97ce941bf54
170,584.0450258644937,12933.472358835337,47,580.1998202102703,12676.481799896916,129,518.7195632007731,11488.059697330746,130,772.8356123334887,17130.6476194317,2026-07-29 00:00:00,0x1b0e319c6a659f002271b69db8a7df2f911c153e
175,922.8496864992853,20371.70073636661,105,800.4028093433468,17777.10219609319,212,1018.6758423757433,22535.45657761706,111,282.3483518334875,6255.395425927687,2026-07-29 01:00:00,0x1b0e319c6a659f002271b69db8a7df2f911c153e
131,412.69319781632356,9124.221620750814,199,2575.3764942812777,56901.39481918783,29,94.99681309161149,2102.058975345975,94,287.96745374928304,6367.499697465551,2026-07-29 02:00:00,0x1b0e319c6a659f002271b69db8a7df2f911c153e
92,451.21154019560674,9976.284931990042,463,7024.4863499783805,154073.22815267206,957,2853.4878761983896,63315.431296748386,117,543.7271846251883,12039.49327801803,2026-07-29 03:00:00,0x1b0e319c6a659f002271b69db8a7df2f911c153e
95,386.3571926144329,8540.719828175133,122,1280.2632759335843,28106.717132648355,92,535.1207728838867,11879.018811170949,129,518.7195632007731,11488.059697330746,2026-07-29 04:00:00,0x1b0e319c6a659f002271b69db8a7df2f911c153e
75,277.7085949385115,6148.3702676581615,689,2093.872698602178,46027.86351419702,53,68.22690718592233,1516.3050744846691,212,1018.6758423757433,22535.45657761706,2026-07-29 05:00:00,0x1b0e319c6a659f002271b69db8a7df2f911c153e
66,213.84569997295873,4737.352319654007,389,1455.1278765837988,31955.121724364755,56,294.2362285891923,6542.609134600264,29,94.99681309161149,2102.058975345975,2026-07-29 06:00:00,0x1b0e319c6a659f002271b69db8a7df2f911c153e
113,413.3890819844233,9164.652293879068,179,1259.6742195849065,27687.252328841474,107,666.7742724773121,14838.95276093841,957,2853.4878761983896,63315.431296748386,2026-07-29 07:00:00,0x1b0e319c6a659f002271b69db8a7df2f911c153e
96,917.3078250541953,20767.629766916656,175,1300.6476923739453,28472.034873062,47,580.1998202102703,12676.481799896916,92,535.1207728838867,11879.018811170949,2026-07-29 08:00:00,0x1b0e319c6a659f002271b69db8a7df2f911c153e
73,332.09979430857913,7382.675869216015,123,1834.520564291919,40066.77896138993,105,800.4028093433468,17777.10219609319,53,68.22690718592233,1516.3050744846691,2026-07-29 09:00:00,0x1b0e319c6a659f002271b69db8a7df2f911c153e
86,1216.1790188234888,28640.96636079633,472,8393.242278360734,183475.33351226794,199,2575.3764942812777,56901.39481918783,56,294.2362285891923,6542.609134600264,2026-07-29 10:00:00,0x1b0e319c6a659f002271b69db8a7df2f911c153e
301,842.4483328121479,18742.353509022305,44,171.3513044261108,3752.095113201464,463,7024.4863499783805,154073.22815267206,107,666.7742724773121,14838.95276093841,2026-07-29 11:00:00,0x1b0e319c6a659f002271b69db8a7df2f911c153e
153,984.1062689661236,21896.18785504516,52,116.33166267376707,2546.0188933188356,122,1280.2632759335843,28106.717132648355,47,580.1998202102703,12676.481799896916,2026-07-29 12:00:00,0x1b0e319c6a659f002271b69db8a7df2f911c153e
73,402.9536273966386,8955.262753434185,91,784.1347536178268,17159.4701278951,689,2093.872698602178,46027.86351419702,105,800.4028093433468,17777.10219609319,2026-07-29 13:00:00,0x1b0e319c6a659f002271b69db8a7df2f911c153e
184,2736.8950624579793,60117.30274301511,101,1043.5280667462564,22805.84948432464,389,1455.1278765837988,31955.121724364755,199,2575.3764942812777,56901.39481918783,2026-07-29 14:00:00,0x1b0e319c6a659f002271b69db8a7df2f911c153e
230,2235.8666524569685,48951.878950959406,90,107.66975943358324,2351.0377869026374,179,1259.6742195849065,27687.252328841474,463,7024.4863499783805,154073.22815267206,2026-07-29 15:00:00,0x1b0e319c6a659f002271b69db8a7df2f911c153e
122,929.2987026466119,20386.156703549263,94,488.4102703602884,10683.161779897295,175,1300.6476923739453,28472.034873062,122,1280.2632759335843,28106.717132648355,2026-07-29 16:00:00,0x1b0e319c6a659f002271b69db8a7df2f911c153e
272,2232.6559689914993,49055.53242307915,117,505.31441249811314,11055.18323071732,123,1834.520564291919,40066.77896138993,689,2093.872698602178,46027.86351419702,2026-07-29 17:00:00,0x1b0e319c6a659f002271b69db8a7df2f911c153e
230,1784.021599861653,39185.94260776543,60,266.62992841018405,5826.733578455393,472,8393.242278360734,183475.33351226794,389,1455.1278765837988,31955.121724364755,2026-07-29 18:00:00,0x1b0e319c6a659f002271b69db8a7df2f911c153e
144,1072.221827753769,23553.644844693797,316,3445.3187083767157,75429.83719923235,44,171.3513044261108,3752.095113201464,179,1259.6742195849065,27687.252328841474,2026-07-29 19:00:00,0x1b0e319c6a659f002271b69db8a7df2f911c153e
180,782.6012312354287,17125.42534163214,549,5580.461161399156,122168.33357618908,52,116.33166267376707,2546.0188933188356,175,1300.6476923739453,28472.034873062,2026-07-29 20:00:00,0x1b0e319c6a659f002271b69db8a7df2f911c153e
233,2415.1396462405714,52770.96955887401,200,1725.467022214407,37816.853402233035,91,784.1347536178268,17159.4701278951,123,1834.520564291919,40066.77896138993,2026-07-29 21:00:00,0x1b0e319c6a659f002271b69db8a7df2f911c153e
179,1860.6261291909066,40709.82668018047,78,456.9305328262787,10000.001762309557,101,1043.5280667462564,22805.84948432464,472,8393.242278360734,183475.33351226794,2026-07-29 22:00:00,0x1b0e319c6a659f002271b69db8a7df2f911c153e
125,892.0435551930285,19513.591469660732,362,4340.781467422117,95090.76416720058,90,107.66975943358324,2351.0377869026374,44,171.3513044261108,3752.095113201464,2026-07-29 23:00:00,0x1b0e319c6a659f002271b69db8a7df2f911c153e
133,834.7001742109211,18250.03581626733,161,5077.002068255836,111334.05407668217,94,488.4102703602884,10683.161779897295,52,116.33166267376707,2546.0188933188356,2026-07-30 00:00:00,0x1b0e319c6a659f002271b69db8a7df2f911c153e
97,764.6996456668684,16702.79866050637,97,783.073507513598,17172.821340677896,117,505.31441249811314,11055.18323071732,91,784.1347536178268,17159.4701278951,2026-07-30 01:00:00,0x1b0e319c6a659f002271b69db8a7df2f911c153e
60,215.3997614290352,4709.195142900933,230,3014.6191224144604,65893.59477331504,60,266.62992841018405,5826.733578455393,101,1043.5280667462564,22805.84948432464,2026-07-30 02:00:00,0x1b0e319c6a659f002271b69db8a7df2f911c153e
254,754.6648314309925,16503.974753565843,133,807.0867129100633,17605.234318797975,316,3445.3187083767157,75429.83719923235,90,107.66975943358324,2351.0377869026374,2026-07-30 03:00:00,0x1b0e319c6a659f002271b69db8a7df2f911c153e
657,1426.9612970209714,31267.955974239918,884,3855.1554297357206,84249.14679790179,549,5580.461161399156,122168.33357618908,94,488.4102703602884,10683.161779897295,2026-07-30 04:00:00,0x1b0e319c6a659f002271b69db8a7df2f911c153e
201,885.2479361178151,19395.029607340417,198,1437.6409647644032,31512.372337866465,200,1725.467022214407,37816.853402233035,117,505.31441249811314,11055.18323071732,2026-07-30 05:00:00,0x1b0e319c6a659f002271b69db8a7df2f911c153e
54,455.5770374614131,9951.614765083727,560,1897.6416911117483,41510.20995290025,78,456.9305328262787,10000.001762309557,60,266.62992841018405,5826.733578455393,2026-07-30 06:00:00,0x1b0e319c6a659f002271b69db8a7df2f911c153e
490,7413.062159859508,162332.9497063854,138,929.7164926909257,20347.398762444875,362,4340.781467422117,95090.76416720058,316,3445.3187083767157,75429.83719923235,2026-07-30 07:00:00,0x1b0e319c6a659f002271b69db8a7df2f911c153e
340,4408.167480257073,96519.66369088605,270,1096.1751473475304,24047.081568898757,161,5077.002068255836,111334.05407668217,549,5580.461161399156,122168.33357618908,2026-07-30 08:00:00,0x1b0e319c6a659f002271b69db8a7df2f911c153e
116,878.1546953080814,19207.61419284054,177,898.452591656274,19669.6938511157,97,783.073507513598,17172.821340677896,200,1725.467022214407,37816.853402233035,2026-07-30 09:00:00,0x1b0e319c6a659f002271b69db8a7df2f911c153e
89,727.1408215073751,15919.124512043854,280,1035.5552804997228,22707.277026519714,230,3014.6191224144604,65893.59477331504,78,456.9305328262787,10000.001762309557,2026-07-30 10:00:00,0x1b0e319c6a659f002271b69db8a7df2f911c153e
115,1358.2210880114933,29778.283184727417,102,423.2415126085674,9276.084822958885,133,807.0867129100633,17605.234318797975,362,4340.781467422117,95090.76416720058,2026-07-30 11:00:00,0x1b0e319c6a659f002271b69db8a7df2f911c153e
64,291.85256710283323,6415.014071228387,143,406.45539781735897,8919.858015142072,884,3855.1554297357206,84249.14679790179,161,5077.002068255836,111334.05407668217,2026-07-30 12:00:00,0x1b0e319c6a659f002271b69db8a7df2f911c153e
108,512.7757312720925,11229.879336560492,103,284.00752784093334,6232.572857443107,198,1437.6409647644032,31512.372337866465,97,783.073507513598,17172.821340677896,2026-07-30 13:00:00,0x1b0e319c6a659f002271b69db8a7df2f911c153e
225,1708.1987690666292,37298.22082371365,464,5324.063155637617,116960.12940011425,560,1897.6416911117483,41510.20995290025,230,3014.6191224144604,65893.59477331504,2026-07-30 14:00:00,0x1b0e319c6a659f002271b69db8a7df2f911c153e
1309,6754.935471774994,147228.23940390168,407,2787.628289729902,61300.39178329869,138,929.7164926909257,20347.398762444875,133,807.0867129100633,17605.234318797975,2026-07-30 15:00:00,0x1b0e319c6a659f002271b69db8a7df2f911c153e
684,3293.825159805173,72045.06906525185,135,983.6452356914806,21601.830625235794,270,1096.1751473475304,24047.081568898757,884,3855.1554297357206,84249.14679790179,2026-07-30 16:00:00,0x1b0e319c6a659f002271b69db8a7df2f911c153e
554,2683.230771077722,58748.04024909058,130,760.8708922621821,16741.93630636305,177,898.452591656274,19669.6938511157,198,1437.6409647644032,31512.372337866465,2026-07-30 17:00:00,0x1b0e319c6a659f002271b69db8a7df2f911c153e
179,879.3475083851266,19213.145935602442,132,1074.2112650754186,23625.767334042594,280,1035.5552804997228,22707.277026519714,560,1897.6416911117483,41510.20995290025,2026-07-30 18:00:00,0x1b0e319c6a659f002271b69db8a7df2f911c153e
320,2049.123379781585,44883.40961291892,123,1031.1655784536192,22686.962773364605,102,423.2415126085674,9276.084822958885,138,929.7164926909257,20347.398762444875,2026-07-30 19:00:00,0x1b0e319c6a659f002271b69db8a7df2f911c153e
317,3541.3495257392224,77804.14266671671,189,1573.3947499254816,34650.831437360095,143,406.45539781735897,8919.858015142072,270,1096.1751473475304,24047.081568898757,2026-07-30 20:00:00,0x1b0e319c6a659f002271b69db8a7df2f911c153e
176,1079.4116803836212,23626.700345710524,194,1721.7903281804113,37838.343367489644,103,284.00752784093334,6232.572857443107,177,898.452591656274,19669.6938511157,2026-07-30 21:00:00,0x1b0e319c6a659f002271b69db8a7df2f911c153e
117,431.89805179949843,9470.753946839557,59,502.86215094971317,11065.91216101715,464,5324.063155637617,116960.12940011425,280,1035.5552804997228,22707.277026519714,2026-07-30 22:00:00,0x1b0e319c6a659f002271b69db8a7df2f911c153e
113,556.6653596157765,12200.22639614343,68,355.34830875163726,7817.38737223511,407,2787.628289729902,61300.39178329869,102,423.2415126085674,9276.084822958885,2026-07-30 23:00:00,0x1b0e319c6a659f002271b69db8a7df2f911c153e
117,510.5048816405092,11201.311662911767,96,488.76072834329904,10759.00129666773,135,983.6452356914806,21601.830625235794,143,406.45539781735897,8919.858015142072,2026-07-31 00:00:00,0x1b0e319c6a659f002271b69db8a7df2f911c153e
268,2830.6789615386506,62138.03515330558,158,1434.54133616698,31553.213319322655,130,760.8708922621821,16741.93630636305,103,284.00752784093334,6232.572857443107,2026-07-31 01:00:00,0x1b0e319c6a659f002271b69db8a7df2f911c153e
380,3354.60049614,73723.01912559968,348,2125.5933334443757,46637.726212093396,132,1074.2112650754186,23625.767334042594,464,5324.063155637617,116960.12940011425,2026-07-31 02:00:00,0x1b0e319c6a659f002271b69db8a7df2f911c153e
215,1751.477938734752,38536.87152393207,308,2809.10787577702,61375.14996840316,123,1031.1655784536192,22686.962773364605,407,2787.628289729902,61300.39178329869,2026-07-31 03:00:00,0x1b0e319c6a659f002271b69db8a7df2f911c153e
251,3048.2459792780323,66989.78747424205,652,8333.96414622791,182090.18914143334,189,1573.3947499254816,34650.831437360095,135,983.6452356914806,21601.830625235794,2026-07-31 04:00:00,0x1b0e319c6a659f002271b69db8a7df2f911c153e
258,2763.021560526486,60872.15136546184,341,4840.645479506048,105853.60555795219,194,1721.7903281804113,37838.343367489644,130,760.8708922621821,16741.93630636305,2026-07-31 05:00:00,0x1b0e319c6a659f002271b69db8a7df2f911c153e
83,508.45935875848375,11162.015975924833,197,1838.2199114589407,40072.64867919332,59,502.86215094971317,11065.91216101715,132,1074.2112650754186,23625.767334042594,2026-07-31 06:00:00,0x1b0e319c6a659f002271b69db8a7df2f911c153e
480,4271.597549964062,94147.4455259942,139,1250.8735879522958,27278.894234344614,68,355.34830875163726,7817.38737223511,123,1031.1655784536192,22686.962773364605,2026-07-31 07:00:00,0x1b0e319c6a659f002271b69db8a7df2f911c153e
198,1795.647242105055,39492.32753328699,767,3621.0793581066637,78868.97679943153,96,488.76072834329904,10759.00129666773,189,1573.3947499254816,34650.831437360095,2026-07-31 08:00:00,0x1b0e319c6a659f002271b69db8a7df2f911c153e
114,1157.0230747337328,25527.69357321688,304,1599.82014911538,34882.7624443545,158,1434.54133616698,31553.213319322655,194,1721.7903281804113,37838.343367489644,2026-07-31 09:00:00,0x1b0e319c6a659f002271b69db8a7df2f911c153e
79,405.5196166107534,8923.60938779537,182,2040.3398760146429,44382.602239053886,348,2125.5933334443757,46637.726212093396,59,502.86215094971317,11065.91216101715,2026-07-31 10:00:00,0x1b0e319c6a659f002271b69db8a7df2f911c153e
56,527.3140671814891,11613.114511974296,580,4740.399533412793,103354.56792756572,308,2809.10787577702,61375.14996840316,68,355.34830875163726,7817.38737223511,2026-07-31 11:00:00,0x1b0e319c6a659f002271b69db8a7df2f911c153e
173,1072.9932749982486,23601.88314430571,267,3218.610745782529,69946.70701104171,652,8333.96414622791,182090.18914143334,96,488.76072834329904,10759.00129666773,2026-07-31 12:00:00,0x1b0e319c6a659f002271b69db8a7df2f911c153e
184,1486.3020928048086,32704.173488032786,145,1303.295779104206,28287.56734065383,341,4840.645479506048,105853.60555795219,158,1434.54133616698,31553.213319322655,2026-07-31 13:00:00,0x1b0e319c6a659f002271b69db8a7df2f911c153e
486,5401.701575996847,118470.73028243716,2732,11772.591821255435,256163.98457362253,197,1838.2199114589407,40072.64867919332,348,2125.5933334443757,46637.726212093396,2026-07-31 14:00:00,0x1b0e319c6a659f002271b69db8a7df2f911c153e
425,5678.127842651303,124052.43429064954,304,1782.7166026703514,38738.19285400246,139,1250.8735879522958,27278.894234344614,308,2809.10787577702,61375.14996840316,2026-07-31 15:00:00,0x1b0e319c6a659f002271b69db8a7df2f911c153e
484,8779.88087864373,191917.2305514986,320,1864.442650218927,40595.05735197534,767,3621.0793581066637,78868.97679943153,652,8333.96414622791,182090.18914143334,2026-07-31 16:00:00,0x1b0e319c6a659f002271b69db8a7df2f911c153e
256,2089.3918655800394,45666.23144156719,159,682.6614450603196,14840.792161112413,304,1599.82014911538,34882.7624443545,341,4840.645479506048,105853.60555795219,2026-07-31 17:00:00,0x1b0e319c6a659f002271b69db8a7df2f911c153e
247,2852.732427353225,62175.49695172805,109,823.872775554365,17890.870955674236,182,2040.3398760146429,44382.602239053886,197,1838.2199114589407,40072.64867919332,2026-07-31 18:00:00,0x1b0e319c6a659f002271b69db8a7df2f911c153e
333,3765.7160899227065,82028.8268556953,59,272.3450121396843,5920.2315023674055,580,4740.399533412793,103354.56792756572,139,1250.8735879522958,27278.894234344614,2026-07-31 19:00:00,0x1b0e319c6a659f002271b69db8a7df2f911c153e
2601,16035.947348744854,349513.6811702885,116,2343.181238753917,50723.88767883869,267,3218.610745782529,69946.70701104171,767,3621.0793581066637,78868.97679943153,2026-07-31 20:00:00,0x1b0e319c6a659f002271b69db8a7df2f911c153e
266,1035.2575533311108,22542.275334146212,54,386.3237580679252,8400.647539797741,145,1303.295779104206,28287.56734065383,304,1599.82014911538,34882.7624443545,2026-07-31 21:00:00,0x1b0e319c6a659f002271b69db8a7df2f911c153e
273,2312.526901424478,50352.18732818179,69,227.8749143718374,4956.965698977907,2732,11772.591821255435,256163.98457362253,182,2040.3398760146429,44382.602239053886,2026-07-31 22:00:00,0x1b0e319c6a659f002271b69db8a7df2f911c153e
274,2363.135244453602,51520.12497410293,82,640.8338893420362,13916.476467302906,304,1782.7166026703514,38738.19285400246,580,4740.399533412793,103354.56792756572,2026-07-31 23:00:00,0x1b0e319c6a659f002271b69db8a7df2f911c153e
148,1364.3331012295284,29602.528945341408,47,186.49198991247815,4047.4489979786376,320,1864.442650218927,40595.05735197534,267,3218.610745782529,69946.70701104171,2026-08-01 00:00:00,0x1b0e319c6a659f002271b69db8a7df2f911c153e
7002,56071.195853575075,1224000.8562924615,75,515.1829977092918,11183.446753691262,159,682.6614450603196,14840.792161112413,145,1303.295779104206,28287.56734065383,2026-08-01 01:00:00,0x1b0e319c6a659f002271b69db8a7df2f911c153e
1152,5378.414502539792,116045.48980091885,75,562.8984268564772,12239.437376482376,109,823.872775554365,17890.870955674236,2732,11772.591821255435,256163.98457362253,2026-08-01 02:00:00,0x1b0e319c6a659f002271b69db8a7df2f911c153e
302,3526.622425340346,76450.52787080598,128,611.239601928433,13264.12878843955,59,272.3450121396843,5920.2315023674055,304,1782.7166026703514,38738.19285400246,2026-08-01 03:00:00,0x1b0e319c6a659f002271b69db8a7df2f911c153e
402,1241.9962342438769,27067.029263851593,76,425.5531293550016,9245.329278599906,116,2343.181238753917,50723.88767883869,320,1864.442650218927,40595.05735197534,2026-08-01 04:00:00,0x1b0e319c6a659f002271b69db8a7df2f911c153e
112,515.3040052515436,11172.253262626238,152,1304.2518117870322,28328.083478645203,54,386.3237580679252,8400.647539797741,159,682.6614450603196,14840.792161112413,2026-08-01 05:00:00,0x1b0e319c6a659f002271b69db8a7df2f911c153e
124,1000.4429229368835,21749.650427906337,115,810.2022012761545,17586.11253371576,69,227.8749143718374,4956.965698977907,109,823.872775554365,17890.870955674236,2026-08-01 06:00:00,0x1b0e319c6a659f002271b69db8a7df2f911c153e
85,276.6089415339894,6012.550937987157,189,1563.9199871580256,33938.12530244004,82,640.8338893420362,13916.476467302906,59,272.3450121396843,5920.2315023674055,2026-08-01 07:00:00,0x1b0e319c6a659f002271b69db8a7df2f911c153e
76,376.46694304783847,8177.180350746055,83,283.51109803332156,6149.414141837991,47,186.49198991247815,4047.4489979786376,116,2343.181238753917,50723.88767883869,2026-08-01 08:00:00,0x1b0e319c6a659f002271b69db8a7df2f911c153e
123,1127.3544936245582,24513.247995432142,53,300.8652225123891,6534.3515242507865,75,515.1829977092918,11183.446753691262,54,386.3237580679252,8400.647539797741,2026-08-01 09:00:00,0x1b0e319c6a659f002271b69db8a7df2f911c153e
93,855.4204231462434,18600.245485361476,63,440.4136466711038,9572.28088710463,75,562.8984268564772,12239.437376482376,69,227.8749143718374,4956.965698977907,2026-08-01 10:00:00,0x1b0e319c6a659f002271b69db8a7df2f911c153e
59,407.59620273482676,8849.558115904958,53,199.19421481793623,4336.770109228345,128,611.239601928433,13264.12878843955,82,640.8338893420362,13916.476467302906,2026-08-01 11:00:00,0x1b0e319c6a659f002271b69db8a7df2f911c153e
60,423.86261223015714,9201.017881294612,87,634.9109871327067,13786.51526829279,76,425.5531293550016,9245.329278599906,47,186.49198991247815,4047.4489979786376,2026-08-01 12:00:00,0x1b0e319c6a659f002271b69db8a7df2f911c153e
83,514.6605475061106,11188.224913030519,89,543.3863254157477,11803.601349851466,152,1304.2518117870322,28328.083478645203,75,515.1829977092918,11183.446753691262,2026-08-01 13:00:00,0x1b0e319c6a659f002271b69db8a7df2f911c153e
188,1549.5942197785555,33656.480672540616,65,624.5076740184961,13538.174638213708,115,810.2022012761545,17586.11253371576,75,562.8984268564772,12239.437376482376,2026-08-01 14:00:00,0x1b0e319c6a659f002271b69db8a7df2f911c153e
196,1278.5524583453184,27722.06159289792,45,171.54255220396678,3720.8047763822315,189,1563.9199871580256,33938.12530244004,128,611.239601928433,13264.12878843955,2026-08-01 15:00:00,0x1b0e319c6a659f002271b69db8a7df2f911c153e
100,349.87212002110573,7596.9928706551955,61,510.63878461770236,11141.218926241092,83,283.51109803332156,6149.414141837991,76,425.5531293550016,9245.329278599906,2026-08-01 16:00:00,0x1b0e319c6a659f002271b69db8a7df2f911c153e
99,430.2828244086764,9351.496002283004,192,1789.5939733123387,39054.066094148046,53,300.8652225123891,6534.3515242507865,152,1304.2518117870322,28328.083478645203,2026-08-01 17:00:00,0x1b0e319c6a659f002271b69db8a7df2f911c153e
132,569.0393091650504,12348.15256040071,122,1052.4635150499273,22824.744808158306,63,440.4136466711038,9572.28088710463,115,810.2022012761545,17586.11253371576,2026-08-01 18:00:00,0x1b0e319c6a659f002271b69db8a7df2f911c153e
146,1633.5531538776413,35442.87825804313,68,830.6942097178528,18043.996645350715,53,199.19421481793623,4336.770109228345,189,1563.9199871580256,33938.12530244004,2026-08-01 19:00:00,0x1b0e319c6a659f002271b69db8a7df2f911c153e
175,1348.204963049601,29274.789771631913,41,358.7363971719092,7785.1180000445,87,634.9109871327067,13786.51526829279,83,283.51109803332156,6149.414141837991,2026-08-01 20:00:00,0x1b0e319c6a659f002271b69db8a7df2f911c153e
80,547.1678689219779,11879.800863570445,83,548.3628296831182,11904.900134610452,89,543.3863254157477,11803.601349851466,53,300.8652225123891,6534.3515242507865,2026-08-01 21:00:00,0x1b0e319c6a659f002271b69db8a7df2f911c153e
60,259.6906764491584,5640.224809335452,33,418.49498351305823,9089.58916337206,65,624.5076740184961,13538.174638213708,63,440.4136466711038,9572.28088710463,2026-08-01 22:00:00,0x1b0e319c6a659f002271b69db8a7df2f911c153e
60,80.58817226053195,1752.0392317003036,23,56.98396090426328,1240.8265745414149,45,171.54255220396678,3720.8047763822315,53,199.19421481793623,4336.770109228345,2026-08-01 23:00:00,0x1b0e319c6a659f002271b69db8a7df2f911c153e
193,1197.8833841286632,25991.72677839425,217,676.9672670229968,14744.951260364496,61,510.63878461770236,11141.218926241092,87,634.9109871327067,13786.51526829279,2026-08-02 00:00:00,0x1b0e319c6a659f002271b69db8a7df2f911c153e
86,377.09139212985167,8183.5013211105015,44,236.74879708228733,5155.939692981215,192,1789.5939733123387,39054.066094148046,89,543.3863254157477,11803.601349851466,2026-08-02 01:00:00,0x1b0e319c6a659f002271b69db8a7df2f911c153e
142,604.3853839854286,13087.665043961846,54,342.3258433152139,7480.264185966187,122,1052.4635150499273,22824.744808158306,65,624.5076740184961,13538.174638213708,2026-08-02 02:00:00,0x1b0e319c6a659f002271b69db8a7df2f911c153e
86,314.126788436315,6813.395158203566,91,260.3046095744836,5663.651894705007,68,830.6942097178528,18043.996645350715,45,171.54255220396678,3720.8047763822315,2026-08-02 03:00:00,0x1b0e319c6a659f002271b69db8a7df2f911c153e
87,780.6202376749458,17061.89222510027,78,138.15159948670612,3004.865961407151,41,358.7363971719092,7785.1180000445,61,510.63878461770236,11141.218926241092,2026-08-02 04:00:00,0x1b0e319c6a659f002271b69db8a7df2f911c153e
62,241.55264603250492,5245.928484673325,185,1149.3359674827304,25028.458570838648,83,548.3628296831182,11904.900134610452,192,1789.5939733123387,39054.066094148046,2026-08-02 05:00:00,0x1b0e319c6a659f002271b69db8a7df2f911c153e
125,665.9146151305507,14447.487017601956,92,248.66798303768422,5408.01246185072,33,418.49498351305823,9089.58916337206,122,1052.4635150499273,22824.744808158306,2026-08-02 06:00:00,0x1b0e319c6a659f002271b69db8a7df2f911c153e
81,558.7915891031198,12135.314735468733,95,2294.3860348771796,49606.00770684931,23,56.98396090426328,1240.8265745414149,68,830.6942097178528,18043.996645350715,2026-08-02 07:00:00,0x1b0e319c6a659f002271b69db8a7df2f911c153e
43,180.2561937566642,3911.102616706595,152,565.6086408455855,12348.115546036217,217,676.9672670229968,14744.951260364496,41,358.7363971719092,7785.1180000445,2026-08-02 08:00:00,0x1b0e319c6a659f002271b69db8a7df2f911c153e
160,2484.306774409929,53985.0421911854,145,695.6889717016284,15157.667651001686,44,236.74879708228733,5155.939692981215,83,548.3628296831182,11904.900134610452,2026-08-02 09:00:00,0x1b0e319c6a659f002271b69db8a7df2f911c153e
133,1273.3351700865571,27710.954336843224,187,4090.4955991018683,89798.0337706327,54,342.3258433152139,7480.264185966187,33,418.49498351305823,9089.58916337206,2026-08-02 10:00:00,0x1b0e319c6a659f002271b69db8a7df2f911c153e
29,116.96284588572783,2544.3110951891626,278,4299.599426039068,93911.50914804409,91,260.3046095744836,5663.651894705007,23,56.98396090426328,1240.8265745414149,2026-08-02 11:00:00,0x1b0e319c6a659f002271b69db8a7df2f911c153e
74,171.65228182597002,3743.090792934438,84,573.3744736010051,12528.722227203032,78,138.15159948670612,3004.865961407151,217,676.9672670229968,14744.951260364496,2026-08-02 12:00:00,0x1b0e319c6a659f002271b69db8a7df2f911c153e
76,499.04568779417195,10860.462504078676,67,485.3655309363452,10593.1257056349,185,1149.3359674827304,25028.458570838648,44,236.74879708228733,5155.939692981215,2026-08-02 13:00:00,0x1b0e319c6a659f002271b69db8a7df2f911c153e
76,321.59570396811995,6995.258191669444,290,4225.614001217685,92267.28770205792,92,248.66798303768422,5408.01246185072,54,342.3258433152139,7480.264185966187,2026-08-02 14:00:00,0x1b0e319c6a659f002271b69db8a7df2f911c153e
30,44.770116219645395,974.1677557248623,87,644.2189813992669,14054.934242894198,95,2294.3860348771796,49606.00770684931,91,260.3046095744836,5663.651894705007,2026-08-02 15:00:00,0x1b0e319c6a659f002271b69db8a7df2f911c153e
323,986.9313559361093,21496.510912371086,196,2414.406427009767,52650.85451290018,152,565.6086408455855,12348.115546036217,78,138.15159948670612,3004.865961407151,2026-08-02 16:00:00,0x1b0e319c6a659f002271b69db8a7df2f911c153e
79,631.6731935880515,13738.581900643981,60,381.94943159338027,8328.111555462472,145,695.6889717016284,15157.667651001686,185,1149.3359674827304,25028.458570838648,2026-08-02 17:00:00,0x1b0e319c6a659f002271b69db8a7df2f911c153e
103,877.0757330509517,19076.620663494818,134,939.2832274180727,20489.936289346704,187,4090.4955991018683,89798.0337706327,92,248.66798303768422,5408.01246185072,2026-08-02 18:00:00,0x1b0e319c6a659f002271b69db8a7df2f911c153e
98,242.07100823130455,5269.303786240498,73,424.2230725523303,9256.43323687211,278,4299.599426039068,93911.50914804409,95,2294.3860348771796,49606.00770684931,2026-08-02 19:00:00,0x1b0e319c6a659f002271b69db8a7df2f911c153e
255,1471.8894772320762,32070.752996088693,54,351.9726926328462,7679.313633874054,84,573.3744736010051,12528.722227203032,152,565.6086408455855,12348.115546036217,2026-08-02 20:00:00,0x1b0e319c6a659f002271b69db8a7df2f911c153e
103,808.3632173192532,17598.243044131537,122,853.2576982574668,18570.07169316864,67,485.3655309363452,10593.1257056349,145,695.6889717016284,15157.667651001686,2026-08-02 21:00:00,0x1b0e319c6a659f002271b69db8a7df2f911c153e
124,746.619817648634,16387.02625478988,1147,7293.302886505757,159230.79923977458,290,4225.614001217685,92267.28770205792,187,4090.4955991018683,89798.0337706327,2026-08-02 22:00:00,0x1b0e319c6a659f002271b69db8a7df2f911c153e
209,1403.2276605465515,30665.656521347744,755,5679.349353288547,122897.28547980957,87,644.2189813992669,14054.934242894198,278,4299.599426039068,93911.50914804409,2026-08-02 23:00:00,0x1b0e319c6a659f002271b69db8a7df2f911c153e
136,1083.5095257286735,23668.7696454826,542,2786.819756716214,60247.06708042992,196,2414.406427009767,52650.85451290018,84,573.3744736010051,12528.722227203032,2026-08-03 00:00:00,0x1b0e319c6a659f002271b69db8a7df2f911c153e
78,439.92637482819254,9622.066318972402,665,5387.94950204057,116374.80058451217,60,381.94943159338027,8328.111555462472,67,485.3655309363452,10593.1257056349,2026-08-03 01:00:00,0x1b0e319c6a659f002271b69db8a7df2f911c153e
186,1477.9098558883009,32216.35667381094,501,6753.512871497791,144046.71117743797,134,939.2832274180727,20489.936289346704,290,4225.614001217685,92267.28770205792,2026-08-03 02:00:00,0x1b0e319c6a659f002271b69db8a7df2f911c153e
56,341.7388456899062,7470.0097711782055,1176,6250.734987065396,132576.21994765446,73,424.2230725523303,9256.43323687211,87,644.2189813992669,14054.934242894198,2026-08-03 03:00:00,0x1b0e319c6a659f002271b69db8a7df2f911c153e
64,282.7198353036373,6167.824128369322,1433,8859.940045437488,182310.14714275018,54,351.9726926328462,7679.313633874054,196,2414.406427009767,52650.85451290018,2026-08-03 04:00:00,0x1b0e319c6a659f002271b69db8a7df2f911c153e
39,476.5728462705758,10386.415196918666,730,4025.673377826432,80092.55519113953,122,853.2576982574668,18570.07169316864,60,381.94943159338027,8328.111555462472,2026-08-03 05:00:00,0x1b0e319c6a659f002271b69db8a7df2f911c153e
62,95.5267522834251,2086.855200796503,539,2997.7399399089436,58591.0411834102,1147,7293.302886505757,159230.79923977458,134,939.2832274180727,20489.936289346704,2026-08-03 06:00:00,0x1b0e319c6a659f002271b69db8a7df2f911c153e
92,590.8288330085518,12899.984463621708,449,2246.0763336154832,43078.88535619703,755,5679.349353288547,122897.28547980957,73,424.2230725523303,9256.43323687211,2026-08-03 07:00:00,0x1b0e319c6a659f002271b69db8a7df2f911c153e
134,828.5131845259104,18061.240703591066,201,1811.9078910785563,34538.4370269091,542,2786.819756716214,60247.06708042992,54,351.9726926328462,7679.313633874054,2026-08-03 08:00:00,0x1b0e319c6a659f002271b69db8a7df2f911c153e
428,3131.7855254964625,68407.684016252,363,2476.6432066959164,47128.689586398796,665,5387.94950204057,116374.80058451217,122,853.2576982574668,18570.07169316864,2026-08-03 09:00:00,0x1b0e319c6a659f002271b69db8a7df2f911c153e
385,5206.368058653046,112753.99375327844,359,916.6016650708293,17513.405583986958,501,6753.512871497791,144046.71117743797,1147,7293.302886505757,159230.79923977458,2026-08-03 10:00:00,0x1b0e319c6a659f002271b69db8a7df2f911c153e
1392,9633.949105900381,208368.3236881252,148,615.3327312590753,11733.715612996948,1176,6250.734987065396,132576.21994765446,755,5679.349353288547,122897.28547980957,2026-08-03 11:00:00,0x1b0e319c6a659f002271b69db8a7df2f911c153e
362,1983.3772674049378,42783.6341228761,431,3736.6786128547315,71700.30164772198,1433,8859.940045437488,182310.14714275018,542,2786.819756716214,60247.06708042992,2026-08-03 12:00:00,0x1b0e319c6a659f002271b69db8a7df2f911c153e
375,2147.912996751659,46301.638387639876,396,2722.4678726763013,52025.44339863493,730,4025.673377826432,80092.55519113953,665,5387.94950204057,116374.80058451217,2026-08-03 13:00:00,0x1b0e319c6a659f002271b69db8a7df2f911c153e
1134,8115.2287480179475,172312.00520786888,205,1009.5512001596159,19328.158304833072,539,2997.7399399089436,58591.0411834102,501,6753.512871497791,144046.71117743797,2026-08-03 14:00:00,0x1b0e319c6a659f002271b69db8a7df2f911c153e
1251,5484.257406271991,114800.69511345454,299,1726.486495743881,33104.62809015703,449,2246.0763336154832,43078.88535619703,1176,6250.734987065396,132576.21994765446,2026-08-03 15:00:00,0x1b0e319c6a659f002271b69db8a7df2f911c153e
856,4255.793758507658,86192.5472937034,344,2338.8801379576134,44936.800881654635,201,1811.9078910785563,34538.4370269091,1433,8859.940045437488,182310.14714275018,2026-08-03 16:00:00,0x1b0e319c6a659f002271b69db8a7df2f911c153e
515,2611.95557677685,50801.777518753755,265,1060.2484040372158,20373.93123725524,363,2476.6432066959164,47128.689586398796,730,4025.673377826432,80092.55519113953,2026-08-03 17:00:00,0x1b0e319c6a659f002271b69db8a7df2f911c153e
309,2158.426420456008,41568.06177481041,419,3112.718094873723,59499.28686890021,359,916.6016650708293,17513.405583986958,539,2997.7399399089436,58591.0411834102,2026-08-03 18:00:00,0x1b0e319c6a659f002271b69db8a7df2f911c153e
130,568.9303081678866,10882.61263756288,220,688.4960152736497,13193.459541961787,148,615.3327312590753,11733.715612996948,449,2246.0763336154832,43078.88535619703,2026-08-03 19:00:00,0x1b0e319c6a659f002271b69db8a7df2f911c153e
411,2038.823520126428,38952.222516410184,150,566.3415576691373,10863.799224967983,431,3736.6786128547315,71700.30164772198,201,1811.9078910785563,34538.4370269091,2026-08-03 20:00:00,0x1b0e319c6a659f002271b69db8a7df2f911c153e
339,1734.4300225671166,33050.94181821409,767,6328.4190705475385,121870.66853064294,396,2722.4678726763013,52025.44339863493,363,2476.6432066959164,47128.689586398796,2026-08-03 21:00:00,0x1b0e319c6a659f002271b69db8a7df2f911c153e
169,748.4065113253611,14277.424168832182,513,3922.9152032231905,75552.36545675242,205,1009.5512001596159,19328.158304833072,359,916.6016650708293,17513.405583986958,2026-08-03 22:00:00,0x1b0e319c6a659f002271b69db8a7df2f911c153e
287,1131.529237100591,21629.46257638856,576,4067.9295107448474,78207.7481267477,299,1726.486495743881,33104.62809015703,148,615.3327312590753,11733.715612996948,2026-08-03 23:00:00,0x1b0e319c6a659f002271b69db8a7df2f911c153e
499,3729.7546962086985,71736.88201349856,533,2743.7390530162306,52631.18274726114,344,2338.8801379576134,44936.800881654635,431,3736.6786128547315,71700.30164772198,2026-08-04 00:00:00,0x1b0e319c6a659f002271b69db8a7df2f911c153e
305,1382.0561750851264,26533.6003763384,389,2548.2031338812794,48735.350224868576,265,1060.2484040372158,20373.93123725524,396,2722.4678726763013,52025.44339863493,2026-08-04 01:00:00,0x1b0e319c6a659f002271b69db8a7df2f911c153e
236,1181.8750796552813,22596.78634865916,506,3189.4614532339406,61009.98875289907,419,3112.718094873723,59499.28686890021,205,1009.5512001596159,19328.158304833072,2026-08-04 02:00:00,0x1b0e319c6a659f002271b69db8a7df2f911c153e
237,1283.5688487055427,24554.850214392183,767,5205.042073904943,99597.23292427229,220,688.4960152736497,13193.459541961787,299,1726.486495743881,33104.62809015703,2026-08-04 03:00:00,0x1b0e319c6a659f002271b69db8a7df2f911c153e
477,2859.8773885018427,54874.93302640252,671,5483.665252074031,104662.17641531985,150,566.3415576691373,10863.799224967983,344,2338.8801379576134,44936.800881654635,2026-08-04 04:00:00,0x1b0e319c6a659f002271b69db8a7df2f911c153e
255,1731.1629567766477,33189.56143606682,681,3552.2592188955164,67868.45301777158,767,6328.4190705475385,121870.66853064294,265,1060.2484040372158,20373.93123725524,2026-08-04 05:00:00,0x1b0e319c6a659f002271b69db8a7df2f911c153e
367,1641.1166250203491,31464.66521454983,681,5682.164024312702,109565.50405193702,513,3922.9152032231905,75552.36545675242,419,3112.718094873723,59499.28686890021,2026-08-04 06:00:00,0x1b0e319c6a659f002271b69db8a7df2f911c153e
168,675.7512508005744,12925.929122987294,1311,10995.844921835598,212432.06881718765,576,4067.9295107448474,78207.7481267477,220,688.4960152736497,13193.459541961787,2026-08-04 07:00:00,0x1b0e319c6a659f002271b69db8a7df2f911c153e
357,2229.5980686210796,42977.350516071296,584,3771.006334342114,72506.93184990351,533,2743.7390530162306,52631.18274726114,150,566.3415576691373,10863.799224967983,2026-08-04 08:00:00,0x1b0e319c6a659f002271b69db8a7df2f911c153e
579,3690.335084665868,70992.35164024249,460,3086.4603776801823,59416.755639898234,389,2548.2031338812794,48735.350224868576,767,6328.4190705475385,121870.66853064294,2026-08-04 09:00:00,0x1b0e319c6a659f002271b69db8a7df2f911c153e
470,3262.5946431734887,62820.5326684249,316,2466.943931629292,47488.10652034848,506,3189.4614532339406,61009.98875289907,513,3922.9152032231905,75552.36545675242,2026-08-04 10:00:00,0x1b0e319c6a659f002271b69db8a7df2f911c153e
925,4581.946775173301,87869.39246973359,553,2738.5891905665094,52917.41048126278,767,5205.042073904943,99597.23292427229,576,4067.9295107448474,78207.7481267477,2026-08-04 11:00:00,0x1b0e319c6a659f002271b69db8a7df2f911c153e
383,2225.0597478391805,42645.773446379775,300,1902.6692500489132,36671.0150391147,671,5483.665252074031,104662.17641531985,533,2743.7390530162306,52631.18274726114,2026-08-04 12:00:00,0x1b0e319c6a659f002271b69db8a7df2f911c153e
246,1241.4418763107924,23777.59528254218,411,1752.3945754063461,33793.50363649596,681,3552.2592188955164,67868.45301777158,389,2548.2031338812794,48735.350224868576,2026-08-04 13:00:00,0x1b0e319c6a659f002271b69db8a7df2f911c153e
987,8685.497247820169,167151.7738449718,5421,22490.635941462016,436984.3355465779,681,5682.164024312702,109565.50405193702,506,3189.4614532339406,61009.98875289907,2026-08-04 14:00:00,0x1b0e319c6a659f002271b69db8a7df2f911c153e
746,5660.059747410621,108242.59438212724,770,3943.40656524258,76351.49454378008,1311,10995.844921835598,212432.06881718765,767,5205.042073904943,99597.23292427229,2026-08-04 15:00:00,0x1b0e319c6a659f002271b69db8a7df2f911c153e
495,3964.1650729378985,75749.8480741432,964,4886.90907071661,94780.03680818643,584,3771.006334342114,72506.93184990351,671,5483.665252074031,104662.17641531985,2026-08-04 16:00:00,0x1b0e319c6a659f002271b69db8a7df2f911c153e
453,3350.5195594734028,64306.94822776851,331,1652.588985103837,31987.91712160452,460,3086.4603776801823,59416.755639898234,681,3552.2592188955164,67868.45301777158,2026-08-04 17:00:00,0x1b0e319c6a659f002271b69db8a7df2f911c153e
2120,10632.370543868505,205434.2560391,408,3205.2683568729594,61912.658079326706,316,2466.943931629292,47488.10652034848,681,5682.164024312702,109565.50405193702,2026-08-04 18:00:00,0x1b0e319c6a659f002271b69db8a7df2f911c153e
1022,6656.288060812104,128138.1910317987,694,3885.652447921956,75197.13484996324,553,2738.5891905665094,52917.41048126278,1311,10995.844921835598,212432.06881718765,2026-08-04 19:00:00,0x1b0e319c6a659f002271b69db8a7df2f911c153e
660,3808.3728490069802,73448.29967358764,269,1354.049500086369,26110.788372273473,300,1902.6692500489132,36671.0150391147,584,3771.006334342114,72506.93184990351,2026-08-04 20:00:00,0x1b0e319c6a659f002271b69db8a7df2f911c153e
405,2818.931170947288,54403.84694624253,243,1757.5378166704918,33899.03434700591,411,1752.3945754063461,33793.50363649596,460,3086.4603776801823,59416.755639898234,2026-08-04 21:00:00,0x1b0e319c6a659f002271b69db8a7df2f911c153e
242,1448.071583187071,27954.706872877323,303,1888.7329887816966,36398.42062041591,5421,22490.635941462016,436984.3355465779,316,2466.943931629292,47488.10652034848,2026-08-04 22:00:00,0x1b0e319c6a659f002271b69db8a7df2f911c153e
342,1904.310372107928,36718.77137021267,229,1197.8579777501132,23061.69767991755,770,3943.40656524258,76351.49454378008,553,2738.5891905665094,52917.41048126278,2026-08-04 23:00:00,0x1b0e319c6a659f002271b69db8a7df2f911c153e
27,1.3426333444404326,448.8355506453944,21,0.4454304017198843,149.5783829154097,27,2.6735733622581033,885.6088881387901,28,15.11799061527387,5065.297842815063,2026-07-29 00:00:00,0x2e0847e8910a9732eb3fb1bb4b70a580adad4fe3
18,0.7433863159741988,247.9563222458104,30,0.9635139263648406,323.95691981515796,8,0.181157943644906,59.84921460290107,25,0.5369148780321541,179.37260603935277,2026-07-29 01:00:00,0x2e0847e8910a9732eb3fb1bb4b70a580adad4fe3
20,7.085833225755151,2351.0456213318707,67,78.23250612120246,26090.326992738865,17,0.3676886338399398,122.26806228900915,51,29.79232925092917,9899.054529946196,2026-07-29 02:00:00,0x2e0847e8910a9732eb3fb1bb4b70a580adad4fe3
24,6.309723602958965,2091.306585666989,31,4.158173174756567,1388.9094490442565,44,21.849013989953455,7286.529574198532,14,0.502344584006704,166.61957459093168,2026-07-29 03:00:00,0x2e0847e8910a9732eb3fb1bb4b70a580adad4fe3
26,9.318429178017048,3084.44676437342,34,14.681758341946425,4887.540551816882,14,0.9020165632255461,301.6336367410095,27,2.6735733622581033,885.6088881387901,2026-07-29 04:00:00,0x2e0847e8910a9732eb3fb1bb4b70a580adad4fe3
6,0.5607327216587815,186.3150038407616,63,48.45451832224265,16275.58630757245,35,6.613610782158201,2216.1151138509813,8,0.181157943644906,59.84921460290107,2026-07-29 05:00:00,0x2e0847e8910a9732eb3fb1bb4b70a580adad4fe3
14,1.0815181420776598,359.90676512961085,30,0.7820656957681058,263.2352411253949,16,1.1040682211282082,369.0076651866137,17,0.3676886338399398,122.26806228900915,2026-07-29 06:00:00,0x2e0847e8910a9732eb3fb1bb4b70a580adad4fe3
25,11.42103097976023,3818.0763597658174,117,61.836082161975376,21098.24188059328,9,0.1548152564996998,51.672488666691834,44,21.849013989953455,7286.529574198532,2026-07-29 07:00:00,0x2e0847e8910a9732eb3fb1bb4b70a580adad4fe3
24,7.928154823052813,2653.729322619211,58,44.788733725514575,15063.718900292162,21,0.4454304017198843,149.5783829154097,14,0.9020165632255461,301.6336367410095,2026-07-29 08:00:00,0x2e0847e8910a9732eb3fb1bb4b70a580adad4fe3
20,0.5021570512110853,168.22979236367843,43,3.2515339407178425,1082.9460557697407,30,0.9635139263648406,323.95691981515796,35,6.613610782158201,2216.1151138509813,2026-07-29 09:00:00,0x2e0847e8910a9732eb3fb1bb4b70a580adad4fe3
7,0.0348022173198165,11.644097359663261,114,59.79494733750953,19789.612793143588,67,78.23250612120246,26090.326992738865,16,1.1040682211282082,369.0076651866137,2026-07-29 10:00:00,0x2e0847e8910a9732eb3fb1bb4b70a580adad4fe3
26,24.464938002847703,8214.774356176662,70,32.36299924919294,10879.501156803908,31,4.158173174756567,1388.9094490442565,9,0.1548152564996998,51.672488666691834,2026-07-29 11:00:00,0x2e0847e8910a9732eb3fb1bb4b70a580adad4fe3
21,8.61246837930105,2896.806610531773,9,0.09312447550669486,31.22145030614388,34,14.681758341946425,4887.540551816882,21,0.4454304017198843,149.5783829154097,2026-07-29 12:00:00,0x2e0847e8910a9732eb3fb1bb4b70a580adad4fe3
29,7.462922010094644,2496.800593686998,31,1.1718803072900863,393.7471001153526,63,48.45451832224265,16275.58630757245,30,0.9635139263648406,323.95691981515796,2026-07-29 13:00:00,0x2e0847e8910a9732eb3fb1bb4b70a580adad4fe3
44,12.205678663545136,4057.8856327982166,49,28.27687330064134,9548.203009413388,30,0.7820656957681058,263.2352411253949,67,78.23250612120246,26090.326992738865,2026-07-29 14:00:00,0x2e0847e8910a9732eb3fb1bb4b70a580adad4fe3
57,27.411349172279486,9180.922528238247,19,2.272429647561534,763.2995741810024,117,61.836082161975376,21098.24188059328,31,4.158173174756567,1388.9094490442565,2026-07-29 15:00:00,0x2e0847e8910a9732eb3fb1bb4b70a580adad4fe3
36,20.48611061542583,6863.030065959361,20,2.3622259237387406,791.6202802653147,58,44.788733725514575,15063.718900292162,34,14.681758341946425,4887.540551816882,2026-07-29 16:00:00,0x2e0847e8910a9732eb3fb1bb4b70a580adad4fe3
73,70.49404668783959,23766.31695074126,16,5.214721103643719,1745.98745970364,43,3.2515339407178425,1082.9460557697407,63,48.45451832224265,16275.58630757245,2026-07-29 17:00:00,0x2e0847e8910a9732eb3fb1bb4b70a580adad4fe3
94,99.55565087076027,33771.625066287204,20,0.8050051712668574,269.3436640202851,114,59.79494733750953,19789.612793143588,30,0.7820656957681058,263.2352411253949,2026-07-29 18:00:00,0x2e0847e8910a9732eb3fb1bb4b70a580adad4fe3
105,104.56103180059158,35363.52765185914,24,12.687924796529998,4244.933521949059,70,32.36299924919294,10879.501156803908,117,61.836082161975376,21098.24188059328,2026-07-29 19:00:00,0x2e0847e8910a9732eb3fb1bb4b70a580adad4fe3
127,150.23511243483,50198.111746041264,23,1.2157107527786815,406.8517367140191,9,0.09312447550669486,31.22145030614388,58,44.788733725514575,15063.718900292162,2026-07-29 20:00:00,0x2e0847e8910a9732eb3fb1bb4b70a580adad4fe3
68,15.89074219103612,5281.525926911778,21,0.4905175442704644,164.40228578754613,31,1.1718803072900863,393.7471001153526,43,3.2515339407178425,1082.9460557697407,2026-07-29 21:00:00,0x2e0847e8910a9732eb3fb1bb4b70a580adad4fe3
129,100.03635675929668,33417.856363967905,47,15.229263066398598,5126.311216022485,49,28.27687330064134,9548.203009413388,114,59.79494733750953,19789.612793143588,2026-07-29 22:00:00,0x2e0847e8910a9732eb3fb1bb4b70a580adad4fe3
28,0.772971406380819,258.81611332103284,44,6.045298075922815,2036.046842450439,19,2.272429647561534,763.2995741810024,70,32.36299924919294,10879.501156803908,2026-07-29 23:00:00,0x2e0847e8910a9732eb3fb1bb4b70a580adad4fe3
19,2.107393770031095,709.3041912787311,102,279.2399252285792,94798.33495024059,20,2.3622259237387406,791.6202802653147,9,0.09312447550669486,31.22145030614388,2026-07-30 00:00:00,0x2e0847e8910a9732eb3fb1bb4b70a580adad4fe3
43,10.142508782155828,3416.9987798581487,46,27.349298592777885,9142.781198924988,16,5.214721103643719,1745.98745970364,31,1.1718803072900863,393.7471001153526,2026-07-30 01:00:00,0x2e0847e8910a9732eb3fb1bb4b70a580adad4fe3
27,1.4922269307304172,502.02319078243204,149,97.09376264997545,32296.2783296729,20,0.8050051712668574,269.3436640202851,49,28.27687330064134,9548.203009413388,2026-07-30 02:00:00,0x2e0847e8910a9732eb3fb1bb4b70a580adad4fe3
45,19.417108000797903,6508.853113505923,27,5.407079354477003,1797.2168626559924,24,12.687924796529998,4244.933521949059,19,2.272429647561534,763.2995741810024,2026-07-30 03:00:00,0x2e0847e8910a9732eb3fb1bb4b70a580adad4fe3
32,1.7574783669120069,589.2052857876114,96,5.623216744175813,1873.909346723917,23,1.2157107527786815,406.8517367140191,20,2.3622259237387406,791.6202802653147,2026-07-30 04:00:00,0x2e0847e8910a9732eb3fb1bb4b70a580adad4fe3
26,2.0257905959832927,678.9034712180885,235,22.516749222381474,7544.6934596644305,21,0.4905175442704644,164.40228578754613,16,5.214721103643719,1745.98745970364,2026-07-30 05:00:00,0x2e0847e8910a9732eb3fb1bb4b70a580adad4fe3
9,0.2414264986692124,80.84653699892044,76,17.46822889962532,5821.85929382944,47,15.229263066398598,5126.311216022485,20,0.8050051712668574,269.3436640202851,2026-07-30 06:00:00,0x2e0847e8910a9732eb3fb1bb4b70a580adad4fe3
31,8.285054057953325,2784.8017273920173,55,6.632160402044445,2216.4104845669526,44,6.045298075922815,2036.046842450439,24,12.687924796529998,4244.933521949059,2026-07-30 07:00:00,0x2e0847e8910a9732eb3fb1bb4b70a580adad4fe3
33,1.8149041984061083,607.5970032778155,8,0.4124841282716146,137.77647738189756,102,279.2399252285792,94798.33495024059,23,1.2157107527786815,406.8517367140191,2026-07-30 08:00:00,0x2e0847e8910a9732eb3fb1bb4b70a580adad4fe3
21,1.163881747150065,391.22940341449464,65,45.70899653466719,15316.920058261161,46,27.349298592777885,9142.781198924988,21,0.4905175442704644,164.40228578754613,2026-07-30 09:00:00,0x2e0847e8910a9732eb3fb1bb4b70a580adad4fe3
10,0.37726497482093574,127.04553736932873,16,0.9504640203998571,318.7834510760291,149,97.09376264997545,32296.2783296729,47,15.229263066398598,5126.311216022485,2026-07-30 10:00:00,0x2e0847e8910a9732eb3fb1bb4b70a580adad4fe3
45,8.143002626761081,2746.149423615466,14,0.7630514451181808,256.2332664221001,27,5.407079354477003,1797.2168626559924,44,6.045298075922815,2036.046842450439,2026-07-30 11:00:00,0x2e0847e8910a9732eb3fb1bb4b70a580adad4fe3
119,83.84272317060247,28155.908754732667,42,2.485959243437892,833.8692307908857,96,5.623216744175813,1873.909346723917,102,279.2399252285792,94798.33495024059,2026-07-30 12:00:00,0x2e0847e8910a9732eb3fb1bb4b70a580adad4fe3
33,3.667919005218336,1229.8619252722601,137,49.51092961415611,16693.815487394575,235,22.516749222381474,7544.6934596644305,46,27.349298592777885,9142.781198924988,2026-07-30 13:00:00,0x2e0847e8910a9732eb3fb1bb4b70a580adad4fe3
115,67.44888302450178,22500.754104736403,78,9.642350741121854,3264.5121585277207,76,17.46822889962532,5821.85929382944,149,97.09376264997545,32296.2783296729,2026-07-30 14:00:00,0x2e0847e8910a9732eb3fb1bb4b70a580adad4fe3
43,10.83981497628337,3599.197350742856,27,1.387660864086914,470.5576036245367,55,6.632160402044445,2216.4104845669526,27,5.407079354477003,1797.2168626559924,2026-07-30 15:00:00,0x2e0847e8910a9732eb3fb1bb4b70a580adad4fe3
410,27.068866197382285,9050.964160276422,78,32.85195645897206,11184.59365874227,8,0.4124841282716146,137.77647738189756,96,5.623216744175813,1873.909346723917,2026-07-30 16:00:00,0x2e0847e8910a9732eb3fb1bb4b70a580adad4fe3
72,3.2737444592422995,1094.7848040596311,37,16.753343137166564,5722.092171876001,65,45.70899653466719,15316.920058261161,235,22.516749222381474,7544.6934596644305,2026-07-30 17:00:00,0x2e0847e8910a9732eb3fb1bb4b70a580adad4fe3
33,14.491072957288296,4815.351885589731,36,6.122135791579616,2092.0246721409344,16,0.9504640203998571,318.7834510760291,76,17.46822889962532,5821.85929382944,2026-07-30 18:00:00,0x2e0847e8910a9732eb3fb1bb4b70a580adad4fe3
33,1.813053367749207,606.5466690047663,46,16.235429017958364,5512.627248331735,14,0.7630514451181808,256.2332664221001,55,6.632160402044445,2216.4104845669526,2026-07-30 19:00:00,0x2e0847e8910a9732eb3fb1bb4b70a580adad4fe3
23,2.665697596801485,889.0351416654169,11,0.2305847228649877,78.4409037121023,42,2.485959243437892,833.8692307908857,8,0.4124841282716146,137.77647738189756,2026-07-30 20:00:00,0x2e0847e8910a9732eb3fb1bb4b70a580adad4fe3
28,1.6627201151157949,556.2068765725647,29,1.1675700252040024,398.9155707534957,137,49.51092961415611,16693.815487394575,65,45.70899653466719,15316.920058261161,2026-07-30 21:00:00,0x2e0847e8910a9732eb3fb1bb4b70a580adad4fe3
30,1.7371866374455578,582.4300347856373,14,0.7093678023891321,242.6371910304629,78,9.642350741121854,3264.5121585277207,16,0.9504640203998571,318.7834510760291,2026-07-30 22:00:00,0x2e0847e8910a9732eb3fb1bb4b70a580adad4fe3
32,6.8654791383211835,2298.3414401638433,48,19.497173598958323,6640.789837478612,27,1.387660864086914,470.5576036245367,14,0.7630514451181808,256.2332664221001,2026-07-30 23:00:00,0x2e0847e8910a9732eb3fb1bb4b70a580adad4fe3
46,22.58466928569079,7596.667325673304,49,25.142281522352338,8537.681990506539,78,32.85195645897206,11184.59365874227,42,2.485959243437892,833.8692307908857,2026-07-31 00:00:00,0x2e0847e8910a9732eb3fb1bb4b70a580adad4fe3
109,53.52223705190596,18129.844636700607,36,15.730778571251522,5313.5532378175185,37,16.753343137166564,5722.092171876001,137,49.51092961415611,16693.815487394575,2026-07-31 01:00:00,0x2e0847e8910a9732eb3fb1bb4b70a580adad4fe3
44,3.277278858451295,1107.225471464238,275,247.94463928649515,85116.06774114183,36,6.122135791579616,2092.0246721409344,78,9.642350741121854,3264.5121585277207,2026-07-31 02:00:00,0x2e0847e8910a9732eb3fb1bb4b70a580adad4fe3
53,19.84450132932987,6745.325102673585,189,125.00280876706466,43756.22294909131,46,16.235429017958364,5512.627248331735,27,1.387660864086914,470.5576036245367,2026-07-31 03:00:00,0x2e0847e8910a9732eb3fb1bb4b70a580adad4fe3
42,5.890903347167836,2010.0709818360071,56,35.46148158071682,12452.645491968646,11,0.2305847228649877,78.4409037121023,78,32.85195645897206,11184.59365874227,2026-07-31 04:00:00,0x2e0847e8910a9732eb3fb1bb4b70a580adad4fe3
35,1.3206820389615264,451.16280154013015,25,2.21546124788183,785.1387964098722,29,1.1675700252040024,398.9155707534957,37,16.753343137166564,5722.092171876001,2026-07-31 05:00:00,0x2e0847e8910a9732eb3fb1bb4b70a580adad4fe3
41,6.520572348104353,2228.528226100604,7,2.192238693488701,777.0758036951819,14,0.7093678023891321,242.6371910304629,36,6.122135791579616,2092.0246721409344,2026-07-31 06:00:00,0x2e0847e8910a9732eb3fb1bb4b70a580adad4fe3
28,1.9953714294102451,679.1890840050842,27,3.0466125008398683,1084.803822046666,48,19.497173598958323,6640.789837478612,46,16.235429017958364,5512.627248331735,2026-07-31 07:00:00,0x2e0847e8910a9732eb3fb1bb4b70a580adad4fe3
82,57.743443508931,19773.649846134238,100,29.16053517849418,10410.304088169993,49,25.142281522352338,8537.681990506539,11,0.2305847228649877,78.4409037121023,2026-07-31 08:00:00,0x2e0847e8910a9732eb3fb1bb4b70a580adad4fe3
36,0.8636567217953293,294.8878777603059,26,4.706293813183993,1678.1936936084405,36,15.730778571251522,5313.5532378175185,29,1.1675700252040024,398.9155707534957,2026-07-31 09:00:00,0x2e0847e8910a9732eb3fb1bb4b70a580adad4fe3
30,3.46964287622607,1184.3344819692277,78,18.73553378693653,6626.858302299661,275,247.94463928649515,85116.06774114183,14,0.7093678023891321,242.6371910304629,2026-07-31 10:00:00,0x2e0847e8910a9732eb3fb1bb4b70a580adad4fe3
74,45.55626228697627,15475.602590184848,12,0.3475907153323791,122.82963164759806,189,125.00280876706466,43756.22294909131,48,19.497173598958323,6640.789837478612,2026-07-31 11:00:00,0x2e0847e8910a9732eb3fb1bb4b70a580adad4fe3
58,28.721621172500566,9715.8778327502,15,0.7587463024250828,269.1937553269551,56,35.46148158071682,12452.645491968646,49,25.142281522352338,8537.681990506539,2026-07-31 12:00:00,0x2e0847e8910a9732eb3fb1bb4b70a580adad4fe3
73,58.34391089130381,19861.813526674083,34,0.8723253175547097,308.57833445230693,25,2.21546124788183,785.1387964098722,36,15.730778571251522,5313.5532378175185,2026-07-31 13:00:00,0x2e0847e8910a9732eb3fb1bb4b70a580adad4fe3
147,100.23412719670733,34703.805891328695,38,4.701200457452103,1663.7647063718994,7,2.192238693488701,777.0758036951819,275,247.94463928649515,85116.06774114183,2026-07-31 14:00:00,0x2e0847e8910a9732eb3fb1bb4b70a580adad4fe3
122,44.18453025345526,15476.489409679645,32,5.384632288876238,1900.811491465329,27,3.0466125008398683,1084.803822046666,189,125.00280876706466,43756.22294909131,2026-07-31 15:00:00,0x2e0847e8910a9732eb3fb1bb4b70a580adad4fe3
80,27.350032164319696,9662.864182425066,21,0.7638472546475829,270.7424552138284,100,29.16053517849418,10410.304088169993,56,35.46148158071682,12452.645491968646,2026-07-31 16:00:00,0x2e0847e8910a9732eb3fb1bb4b70a580adad4fe3
15,1.2210926851044805,434.2773845307902,26,3.505950972245124,1244.044312491543,26,4.706293813183993,1678.1936936084405,25,2.21546124788183,785.1387964098722,2026-07-31 17:00:00,0x2e0847e8910a9732eb3fb1bb4b70a580adad4fe3
57,24.424982291524483,8683.439237171124,8,0.18377292215706667,65.18909123581167,78,18.73553378693653,6626.858302299661,7,2.192238693488701,777.0758036951819,2026-07-31 18:00:00,0x2e0847e8910a9732eb3fb1bb4b70a580adad4fe3
15,0.42673292648403327,151.60280345554426,7,0.06254423828939235,22.176650611014217,12,0.3475907153323791,122.82963164759806,27,3.0466125008398683,1084.803822046666,2026-07-31 19:00:00,0x2e0847e8910a9732eb3fb1bb4b70a580adad4fe3
74,23.501493046878277,8347.316726002327,13,0.5920073798818829,209.6877825126143,15,0.7587463024250828,269.1937553269551,100,29.16053517849418,10410.304088169993,2026-07-31 20:00:00,0x2e0847e8910a9732eb3fb1bb4b70a580adad4fe3
35,4.767830131783348,1690.0243261454466,17,9.584578788282874,3385.531486232412,34,0.8723253175547097,308.57833445230693,26,4.706293813183993,1678.1936936084405,2026-07-31 21:00:00,0x2e0847e8910a9732eb3fb1bb4b70a580adad4fe3
53,2.7770593207894487,980.6347600962107,8,0.9093221422490347,321.3588848035188,38,4.701200457452103,1663.7647063718994,78,18.73553378693653,6626.858302299661,2026-07-31 22:00:00,0x2e0847e8910a9732eb3fb1bb4b70a580adad4fe3
21,1.1329690035186335,401.33946202452233,25,9.981733864175288,3532.780260340155,32,5.384632288876238,1900.811491465329,12,0.3475907153323791,122.82963164759806,2026-07-31 23:00:00,0x2e0847e8910a9732eb3fb1bb4b70a580adad4fe3
23,0.24263482537745107,85.95122679322782,21,6.724639164487629,2388.709972850374,21,0.7638472546475829,270.7424552138284,15,0.7587463024250828,269.1937553269551,2026-08-01 00:00:00,0x2e0847e8910a9732eb3fb1bb4b70a580adad4fe3
308,83.31367715452174,29489.449819998685,24,3.4282258941246777,1211.9777662547258,26,3.505950972245124,1244.044312491543,34,0.8723253175547097,308.57833445230693,2026-08-01 01:00:00,0x2e0847e8910a9732eb3fb1bb4b70a580adad4fe3
91,16.379856841874453,5816.112328406125,30,12.461933651778725,4396.354625768223,8,0.18377292215706667,65.18909123581167,38,4.701200457452103,1663.7647063718994,2026-08-01 02:00:00,0x2e0847e8910a9732eb3fb1bb4b70a580adad4fe3
28,1.1579985568384612,409.9944392563243,11,0.563253044311111,198.99940416680246,7,0.06254423828939235,22.176650611014217,32,5.384632288876238,1900.811491465329,2026-08-01 03:00:00,0x2e0847e8910a9732eb3fb1bb4b70a580adad4fe3
21,0.6410725033111161,227.13782111323354,28,1.713036477062093,604.689382067155,13,0.5920073798818829,209.6877825126143,21,0.7638472546475829,270.7424552138284,2026-08-01 04:00:00,0x2e0847e8910a9732eb3fb1bb4b70a580adad4fe3
30,2.2584774788554816,801.4481959280135,26,1.602052277103041,565.0963236008881,17,9.584578788282874,3385.531486232412,26,3.505950972245124,1244.044312491543,2026-08-01 05:00:00,0x2e0847e8910a9732eb3fb1bb4b70a580adad4fe3
6,0.2493074065024046,88.26019546426495,19,0.7489030500332994,264.1157054122004,8,0.9093221422490347,321.3588848035188,8,0.18377292215706667,65.18909123581167,2026-08-01 06:00:00,0x2e0847e8910a9732eb3fb1bb4b70a580adad4fe3
13,0.32875823854761344,116.39299691091186,69,17.751078788606257,6246.711874933585,25,9.981733864175288,3532.780260340155,7,0.06254423828939235,22.176650611014217,2026-08-01 07:00:00,0x2e0847e8910a9732eb3fb1bb4b70a580adad4fe3
64,42.630994531385824,15185.627597437917,22,3.56330929723903,1257.409849638536,21,6.724639164487629,2388.709972850374,13,0.5920073798818829,209.6877825126143,2026-08-01 08:00:00,0x2e0847e8910a9732eb3fb1bb4b70a580adad4fe3
30,0.9607592515966042,340.75470099567247,18,1.0776697794056453,378.50857155125556,24,3.4282258941246777,1211.9777662547258,17,9.584578788282874,3385.531486232412,2026-08-01 09:00:00,0x2e0847e8910a9732eb3fb1bb4b70a580adad4fe3
14,0.4206106072202298,149.50809296031002,18,1.175707260071991,414.2850615346743,30,12.461933651778725,4396.354625768223,8,0.9093221422490347,321.3588848035188,2026-08-01 10:00:00,0x2e0847e8910a9732eb3fb1bb4b70a580adad4fe3
46,3.1875900917753963,1130.4285218235254,17,0.924053295163861,324.43844400619065,11,0.563253044311111,198.99940416680246,25,9.981733864175288,3532.780260340155,2026-08-01 11:00:00,0x2e0847e8910a9732eb3fb1bb4b70a580adad4fe3
7,1.29596605913941,457.7579700886252,19,1.856032675104325,653.0744269999196,28,1.713036477062093,604.689382067155,21,6.724639164487629,2388.709972850374,2026-08-01 12:00:00,0x2e0847e8910a9732eb3fb1bb4b70a580adad4fe3
15,0.223179317400162,78.96008328308673,8,0.11309690344527527,39.79205509275107,26,1.602052277103041,565.0963236008881,24,3.4282258941246777,1211.9777662547258,2026-08-01 13:00:00,0x2e0847e8910a9732eb3fb1bb4b70a580adad4fe3
9,0.05547641759463476,19.590447838046703,17,2.140518822136013,754.6060756675255,19,0.7489030500332994,264.1157054122004,30,12.461933651778725,4396.354625768223,2026-08-01 14:00:00,0x2e0847e8910a9732eb3fb1bb4b70a580adad4fe3
19,0.5240526498885241,185.0265177672095,48,18.98312119039157,6743.905866884656,69,17.751078788606257,6246.711874933585,11,0.563253044311111,198.99940416680246,2026-08-01 15:00:00,0x2e0847e8910a9732eb3fb1bb4b70a580adad4fe3
25,1.142838871421961,403.77725903678595,17,3.587515443238038,1276.5787933512695,22,3.56330929723903,1257.409849638536,28,1.713036477062093,604.689382067155,2026-08-01 16:00:00,0x2e0847e8910a9732eb3fb1bb4b70a580adad4fe3
10,2.221230371517402,782.6183162290205,17,0.9107229071783892,324.6418479561437,18,1.0776697794056453,378.50857155125556,26,1.602052277103041,565.0963236008881,2026-08-01 17:00:00,0x2e0847e8910a9732eb3fb1bb4b70a580adad4fe3
20,3.232858950701382,1137.8854724360415,17,1.524006063291263,541.6296327440363,18,1.175707260071991,414.2850615346743,19,0.7489030500332994,264.1157054122004,2026-08-01 18:00:00,0x2e0847e8910a9732eb3fb1bb4b70a580adad4fe3
29,5.102879827449633,1796.3582815321847,17,0.608801389886834,216.5601135741195,17,0.924053295163861,324.43844400619065,69,17.751078788606257,6246.711874933585,2026-08-01 19:00:00,0x2e0847e8910a9732eb3fb1bb4b70a580adad4fe3
36,25.401685798908332,8907.309903255711,8,0.09334052565479894,33.152308256398484,19,1.856032675104325,653.0744269999196,22,3.56330929723903,1257.409849638536,2026-08-01 20:00:00,0x2e0847e8910a9732eb3fb1bb4b70a580adad4fe3
14,2.291994196568654,807.968855104566,15,1.1692220123520565,415.725307758826,8,0.11309690344527527,39.79205509275107,18,1.0776697794056453,378.50857155125556,2026-08-01 21:00:00,0x2e0847e8910a9732eb3fb1bb4b70a580adad4fe3
15,1.4029091439635755,494.4537902506481,17,1.1577635554720243,411.005696328785,17,2.140518822136013,754.6060756675255,18,1.175707260071991,414.2850615346743,2026-08-01 22:00:00,0x2e0847e8910a9732eb3fb1bb4b70a580adad4fe3
12,0.4093565218961836,144.0141218637305,18,6.73965302172333,2385.015394671875,48,18.98312119039157,6743.905866884656,17,0.924053295163861,324.43844400619065,2026-08-01 23:00:00,0x2e0847e8910a9732eb3fb1bb4b70a580adad4fe3
12,1.9123572747219133,674.3756426113471,31,3.9686576779650147,1418.4750241537647,17,3.587515443238038,1276.5787933512695,19,1.856032675104325,653.0744269999196,2026-08-02 00:00:00,0x2e0847e8910a9732eb3fb1bb4b70a580adad4fe3
23,14.662140038736542,5178.669650522844,27,2.11888357357183,751.6907750854033,17,0.9107229071783892,324.6418479561437,8,0.11309690344527527,39.79205509275107,2026-08-02 01:00:00,0x2e0847e8910a9732eb3fb1bb4b70a580adad4fe3
56,25.22439478970733,8929.037610160445,8,2.162071934826003,766.4631740015794,17,1.524006063291263,541.6296327440363,17,2.140518822136013,754.6060756675255,2026-08-02 02:00:00,0x2e0847e8910a9732eb3fb1bb4b70a580adad4fe3
12,0.6246615017031134,221.82899983336296,18,0.8117199738372769,288.454105100034,17,0.608801389886834,216.5601135741195,48,18.98312119039157,6743.905866884656,2026-08-02 03:00:00,0x2e0847e8910a9732eb3fb1bb4b70a580adad4fe3
29,5.331041331570753,1899.6327795808645,19,1.5555644669810056,553.2126823755422,8,0.09334052565479894,33.152308256398484,17,3.587515443238038,1276.5787933512695,2026-08-02 04:00:00,0x2e0847e8910a9732eb3fb1bb4b70a580adad4fe3
13,0.2680280484000699,95.44795032402965,8,0.1370083419016941,48.72451853323237,15,1.1692220123520565,415.725307758826,17,0.9107229071783892,324.6418479561437,2026-08-02 05:00:00,0x2e0847e8910a9732eb3fb1bb4b70a580adad4fe3
17,0.4369022594441514,155.61158648838483,10,0.15592226120950992,55.29100913233151,17,1.1577635554720243,411.005696328785,17,1.524006063291263,541.6296327440363,2026-08-02 06:00:00,0x2e0847e8910a9732eb3fb1bb4b70a580adad4fe3
7,0.12720978843584727,45.2323308097218,11,0.5185168457004525,184.22178418712318,18,6.73965302172333,2385.015394671875,17,0.608801389886834,216.5601135741195,2026-08-02 07:00:00,0x2e0847e8910a9732eb3fb1bb4b70a580adad4fe3
11,1.3275867306279328,471.1957956380437,16,2.920310286857282,1039.229167826829,31,3.9686576779650147,1418.4750241537647,8,0.09334052565479894,33.152308256398484,2026-08-02 08:00:00,0x2e0847e8910a9732eb3fb1bb4b70a580adad4fe3
6,0.9435066857592648,335.5907200331098,32,6.565628725997832,2336.1512088489358,27,2.11888357357183,751.6907750854033,15,1.1692220123520565,415.725307758826,2026-08-02 09:00:00,0x2e0847e8910a9732eb3fb1bb4b70a580adad4fe3
13,0.290890892775991,103.56083792996131,29,0.8846751282267385,314.0441636423661,8,2.162071934826003,766.4631740015794,17,1.1577635554720243,411.005696328785,2026-08-02 10:00:00,0x2e0847e8910a9732eb3fb1bb4b70a580adad4fe3
12,9.036473652716559,3223.5984530538362,50,11.124202207452935,3978.605102508805,18,0.8117199738372769,288.454105100034,18,6.73965302172333,2385.015394671875,2026-08-02 11:00:00,0x2e0847e8910a9732eb3fb1bb4b70a580adad4fe3
10,1.5427280197722872,547.3440226610177,41,4.349249114457038,1552.6447959171257,19,1.5555644669810056,553.2126823755422,31,3.9686576779650147,1418.4750241537647,2026-08-02 12:00:00,0x2e0847e8910a9732eb3fb1bb4b70a580adad4fe3
15,0.9079892588584025,321.4252039622374,28,0.5404715547402091,194.46274607649283,8,0.1370083419016941,48.72451853323237,27,2.11888357357183,751.6907750854033,2026-08-02 13:00:00,0x2e0847e8910a9732eb3fb1bb4b70a580adad4fe3
10,0.516594640880196,183.29707593952415,10,0.19134954994918046,68.71993358010387,10,0.15592226120950992,55.29100913233151,8,2.162071934826003,766.4631740015794,2026-08-02 14:00:00,0x2e0847e8910a9732eb3fb1bb4b70a580adad4fe3
11,0.4642834213101255,164.62533361167155,28,6.0454597737135805,2181.7495534575896,11,0.5185168457004525,184.22178418712318,18,0.8117199738372769,288.454105100034,2026-08-02 15:00:00,0x2e0847e8910a9732eb3fb1bb4b70a580adad4fe3
14,0.248220963778172,88.22061431249749,13,0.6576758684307089,237.35784658233223,16,2.920310286857282,1039.229167826829,19,1.5555644669810056,553.2126823755422,2026-08-02 16:00:00,0x2e0847e8910a9732eb3fb1bb4b70a580adad4fe3
20,1.5630841497931212,556.5199641711729,8,0.11988853969552478,43.19775326419023,32,6.565628725997832,2336.1512088489358,8,0.1370083419016941,48.72451853323237,2026-08-02 17:00:00,0x2e0847e8910a9732eb3fb1bb4b70a580adad4fe3
6,0.14631681790307058,52.04463036076281,9,0.46115211545142487,165.88916860075037,29,0.8846751282267385,314.0441636423661,10,0.15592226120950992,55.29100913233151,2026-08-02 18:00:00,0x2e0847e8910a9732eb3fb1bb4b70a580adad4fe3
16,0.4675846123240298,166.4066100933901,20,1.7571087291017768,634.5060764292816,50,11.124202207452935,3978.605102508805,11,0.5185168457004525,184.22178418712318,2026-08-02 19:00:00,0x2e0847e8910a9732eb3fb1bb4b70a580adad4fe3
12,7.35821595109608,2606.5617263721756,14,0.11250835626621616,40.60875358614375,41,4.349249114457038,1552.6447959171257,16,2.920310286857282,1039.229167826829,2026-08-02 20:00:00,0x2e0847e8910a9732eb3fb1bb4b70a580adad4fe3
20,0.6026412186589511,213.82613327387088,28,10.227988112757023,3678.462380951513,28,0.5404715547402091,194.46274607649283,32,6.565628725997832,2336.1512088489358,2026-08-02 21:00:00,0x2e0847e8910a9732eb3fb1bb4b70a580adad4fe3
40,17.04714441867634,6079.756583367021,36,16.964434579134117,6135.0035017179625,10,0.19134954994918046,68.71993358010387,29,0.8846751282267385,314.0441636423661,2026-08-02 22:00:00,0x2e0847e8910a9732eb3fb1bb4b70a580adad4fe3
28,1.2620692049902187,450.6885583672763,23,0.8935411715565739,324.1346785817425,28,6.0454597737135805,2181.7495534575896,50,11.124202207452935,3978.605102508805,2026-08-02 23:00:00,0x2e0847e8910a9732eb3fb1bb4b70a580adad4fe3
131,34.038236278730494,12224.643233800314,90,31.996548331236223,11623.815604607764,13,0.6576758684307089,237.35784658233223,41,4.349249114457038,1552.6447959171257,2026-08-03 00:00:00,0x2e0847e8910a9732eb3fb1bb4b70a580adad4fe3
18,4.691917891094418,1679.245878523619,38,2.901405224366208,1051.834904397137,8,0.11988853969552478,43.19775326419023,28,0.5404715547402091,194.46274607649283,2026-08-03 01:00:00,0x2e0847e8910a9732eb3fb1bb4b70a580adad4fe3
37,8.114876077811761,2927.21608364024,252,115.5878015847494,42659.590797993646,9,0.46115211545142487,165.88916860075037,10,0.19134954994918046,68.71993358010387,2026-08-03 02:00:00,0x2e0847e8910a9732eb3fb1bb4b70a580adad4fe3
17,1.0086234062120387,363.0481506321878,41,6.212742428961139,2289.0015815355428,20,1.7571087291017768,634.5060764292816,28,6.0454597737135805,2181.7495534575896,2026-08-03 03:00:00,0x2e0847e8910a9732eb3fb1bb4b70a580adad4fe3
24,0.3004867584545752,108.22756439812775,62,21.555638575563847,8061.506342632613,14,0.11250835626621616,40.60875358614375,13,0.6576758684307089,237.35784658233223,2026-08-03 04:00:00,0x2e0847e8910a9732eb3fb1bb4b70a580adad4fe3
19,0.8420615160393411,302.7555462292686,44,6.46062107223229,2426.00483859236,28,10.227988112757023,3678.462380951513,8,0.11988853969552478,43.19775326419023,2026-08-03 05:00:00,0x2e0847e8910a9732eb3fb1bb4b70a580adad4fe3
14,1.1290004848425748,406.95510397488215,22,1.8649925446459037,697.3315056342641,36,16.964434579134117,6135.0035017179625,9,0.46115211545142487,165.88916860075037,2026-08-03 06:00:00,0x2e0847e8910a9732eb3fb1bb4b70a580adad4fe3
22,1.8386449298703906,664.4470557431048,28,5.051839906094683,1898.5099475889856,23,0.8935411715565739,324.1346785817425,20,1.7571087291017768,634.5060764292816,2026-08-03 07:00:00,0x2e0847e8910a9732eb3fb1bb4b70a580adad4fe3
63,27.64568048739693,9907.296791897197,29,8.851057558254945,3305.596804576209,90,31.996548331236223,11623.815604607764,14,0.11250835626621616,40.60875358614375,2026-08-03 08:00:00,0x2e0847e8910a9732eb3fb1bb4b70a580adad4fe3
30,13.928577800013931,5023.131651313624,35,11.506548221398933,4278.85403679491,38,2.901405224366208,1051.834904397137,28,10.227988112757023,3678.462380951513,2026-08-03 09:00:00,0x2e0847e8910a9732eb3fb1bb4b70a580adad4fe3
66,27.232422082425334,9879.849176699252,28,6.469407255614718,2403.0386900076737,252,115.5878015847494,42659.590797993646,36,16.964434579134117,6135.0035017179625,2026-08-03 10:00:00,0x2e0847e8910a9732eb3fb1bb4b70a580adad4fe3
38,2.7525310086582335,990.4848694762297,6,0.22151766319425434,82.46089315807968,41,6.212742428961139,2289.0015815355428,23,0.8935411715565739,324.1346785817425,2026-08-03 11:00:00,0x2e0847e8910a9732eb3fb1bb4b70a580adad4fe3
25,0.8195303919189393,296.7176657309745,28,9.01261697826375,3340.852012399848,62,21.555638575563847,8061.506342632613,90,31.996548331236223,11623.815604607764,2026-08-03 12:00:00,0x2e0847e8910a9732eb3fb1bb4b70a580adad4fe3
103,63.029673996615884,22885.862524112665,9,0.5599600351475976,208.00447530614022,44,6.46062107223229,2426.00483859236,38,2.901405224366208,1051.834904397137,2026-08-03 13:00:00,0x2e0847e8910a9732eb3fb1bb4b70a580adad4fe3
151,307.46922990471074,112042.04096474223,50,14.219014985136873,5311.151563203221,22,1.8649925446459037,697.3315056342641,252,115.5878015847494,42659.590797993646,2026-08-03 14:00:00,0x2e0847e8910a9732eb3fb1bb4b70a580adad4fe3
98,40.118680276466314,14860.822349547088,20,1.5237423651381496,569.1538134195655,28,5.051839906094683,1898.5099475889856,41,6.212742428961139,2289.0015815355428,2026-08-03 15:00:00,0x2e0847e8910a9732eb3fb1bb4b70a580adad4fe3
15,0.5707349869143179,213.82077785721637,35,4.626432492888229,1730.043818788481,29,8.851057558254945,3305.596804576209,62,21.555638575563847,8061.506342632613,2026-08-03 16:00:00,0x2e0847e8910a9732eb3fb1bb4b70a580adad4fe3
17,0.4887340425010394,183.142277336959,7,0.15609570406530623,58.352624438024144,35,11.506548221398933,4278.85403679491,44,6.46062107223229,2426.00483859236,2026-08-03 17:00:00,0x2e0847e8910a9732eb3fb1bb4b70a580adad4fe3
25,4.093239007801319,1525.0871513436498,7,0.2727664892022379,101.92037311840478,28,6.469407255614718,2403.0386900076737,22,1.8649925446459037,697.3315056342641,2026-08-03 18:00:00,0x2e0847e8910a9732eb3fb1bb4b70a580adad4fe3
7,0.9351666549465516,349.46828800961646,14,0.571683820807962,213.17357866805875,6,0.22151766319425434,82.46089315807968,28,5.051839906094683,1898.5099475889856,2026-08-03 19:00:00,0x2e0847e8910a9732eb3fb1bb4b70a580adad4fe3
34,10.249027498247214,3819.1969147726645,25,4.360916330468464,1619.363278437736,28,9.01261697826375,3340.852012399848,29,8.851057558254945,3305.596804576209,2026-08-03 20:00:00,0x2e0847e8910a9732eb3fb1bb4b70a580adad4fe3
19,1.2882402354337936,480.39665729530464,10,0.21148577123920947,78.19158273103609,9,0.5599600351475976,208.00447530614022,35,11.506548221398933,4278.85403679491,2026-08-03 21:00:00,0x2e0847e8910a9732eb3fb1bb4b70a580adad4fe3
8,0.26737562579141244,99.22390952983416,10,0.6161998296277803,227.93276129720147,50,14.219014985136873,5311.151563203221,28,6.469407255614718,2403.0386900076737,2026-08-03 22:00:00,0x2e0847e8910a9732eb3fb1bb4b70a580adad4fe3
4,0.06256781074985776,23.259337813104672,27,14.513238301867748,5334.607833787924,20,1.5237423651381496,569.1538134195655,6,0.22151766319425434,82.46089315807968,2026-08-03 23:00:00,0x2e0847e8910a9732eb3fb1bb4b70a580adad4fe3
7,0.03735800906926621,13.86463685106611,38,16.987875083495048,6254.2786912306165,35,4.626432492888229,1730.043818788481,28,9.01261697826375,3340.852012399848,2026-08-04 00:00:00,0x2e0847e8910a9732eb3fb1bb4b70a580adad4fe3
23,3.5581429890662526,1326.4426134786036,16,1.0135734658130575,373.9914814124792,7,0.15609570406530623,58.352624438024144,9,0.5599600351475976,208.00447530614022,2026-08-04 01:00:00,0x2e0847e8910a9732eb3fb1bb4b70a580adad4fe3
15,0.5316396802941574,198.3295375794312,195,128.39145869619455,47731.762096573635,7,0.2727664892022379,101.92037311840478,50,14.219014985136873,5311.151563203221,2026-08-04 02:00:00,0x2e0847e8910a9732eb3fb1bb4b70a580adad4fe3
17,0.8754738946881118,327.1725414708441,35,5.45532131289634,2045.222420171127,14,0.571683820807962,213.17357866805875,20,1.5237423651381496,569.1538134195655,2026-08-04 03:00:00,0x2e0847e8910a9732eb3fb1bb4b70a580adad4fe3
14,1.2424708913562708,464.68070780377684,24,0.46457053268443993,174.74563442586202,25,4.360916330468464,1619.363278437736,35,4.626432492888229,1730.043818788481,2026-08-04 04:00:00,0x2e0847e8910a9732eb3fb1bb4b70a580adad4fe3
11,1.478846493350164,543.7774988374233,166,38.47410127229109,14497.635901952852,10,0.21148577123920947,78.19158273103609,7,0.15609570406530623,58.352624438024144,2026-08-04 05:00:00,0x2e0847e8910a9732eb3fb1bb4b70a580adad4fe3
17,0.3584866527429528,133.8775253655129,44,7.422558880521646,2809.3405507035777,10,0.6161998296277803,227.93276129720147,7,0.2727664892022379,101.92037311840478,2026-08-04 06:00:00,0x2e0847e8910a9732eb3fb1bb4b70a580adad4fe3
32,7.439813591720533,2765.4023609147343,69,9.150329562882748,3474.5678205390727,27,14.513238301867748,5334.607833787924,14,0.571683820807962,213.17357866805875,2026-08-04 07:00:00,0x2e0847e8910a9732eb3fb1bb4b70a580adad4fe3
76,39.59788380532208,14643.71292349858,29,10.2959558378069,3899.7774768239715,38,16.987875083495048,6254.2786912306165,25,4.360916330468464,1619.363278437736,2026-08-04 08:00:00,0x2e0847e8910a9732eb3fb1bb4b70a580adad4fe3
12,7.618050231007363,2804.890603551858,30,6.4264318997704715,2442.499361576323,16,1.0135734658130575,373.9914814124792,10,0.21148577123920947,78.19158273103609,2026-08-04 09:00:00,0x2e0847e8910a9732eb3fb1bb4b70a580adad4fe3
54,18.294073733304533,6757.883882972663,41,1.5139362067072224,570.4479700255063,195,128.39145869619455,47731.762096573635,10,0.6161998296277803,227.93276129720147,2026-08-04 10:00:00,0x2e0847e8910a9732eb3fb1bb4b70a580adad4fe3
99,332.5811489300213,120891.86756484941,196,34.4763680541622,13123.460364918954,35,5.45532131289634,2045.222420171127,27,14.513238301867748,5334.607833787924,2026-08-04 11:00:00,0x2e0847e8910a9732eb3fb1bb4b70a580adad4fe3
25,5.65427223224696,2085.7717662853443,82,13.362901454641387,5072.385959245726,24,0.46457053268443993,174.74563442586202,38,16.987875083495048,6254.2786912306165,2026-08-04 12:00:00,0x2e0847e8910a9732eb3fb1bb4b70a580adad4fe3
26,10.443321375560311,3827.1651527834765,57,7.283538025886133,2753.640958301332,166,38.47410127229109,14497.635901952852,16,1.0135734658130575,373.9914814124792,2026-08-04 13:00:00,0x2e0847e8910a9732eb3fb1bb4b70a580adad4fe3
91,26.43167047590829,9944.438998000855,46,2.3148952937736422,878.7715985495499,44,7.422558880521646,2809.3405507035777,195,128.39145869619455,47731.762096573635,2026-08-04 14:00:00,0x2e0847e8910a9732eb3fb1bb4b70a580adad4fe3
24,2.7364966767817633,1031.2131933521564,32,1.302454022490666,495.022609490904,69,9.150329562882748,3474.5678205390727,35,5.45532131289634,2045.222420171127,2026-08-04 15:00:00,0x2e0847e8910a9732eb3fb1bb4b70a580adad4fe3
20,0.24642476474517075,92.67042020711291,175,31.136756091494902,11834.480054442776,29,10.2959558378069,3899.7774768239715,24,0.46457053268443993,174.74563442586202,2026-08-04 16:00:00,0x2e0847e8910a9732eb3fb1bb4b70a580adad4fe3
43,7.182115543922875,2714.4506863726806,269,40.27484044589656,15307.26379751119,30,6.4264318997704715,2442.499361576323,166,38.47410127229109,14497.635901952852,2026-08-04 17:00:00,0x2e0847e8910a9732eb3fb1bb4b70a580adad4fe3
66,19.682343331296856,7463.058295230413,76,3.773713701085124,1431.9198792031484,41,1.5139362067072224,570.4479700255063,44,7.422558880521646,2809.3405507035777,2026-08-04 18:00:00,0x2e0847e8910a9732eb3fb1bb4b70a580adad4fe3
22,1.757118986609262,666.2494873497469,45,2.648166503108027,1005.2039849849401,196,34.4763680541622,13123.460364918954,69,9.150329562882748,3474.5678205390727,2026-08-04 19:00:00,0x2e0847e8910a9732eb3fb1bb4b70a580adad4fe3
49,20.677971700717972,7818.916233834529,52,2.411504881875611,916.6447540470708,82,13.362901454641387,5072.385959245726,29,10.2959558378069,3899.7774768239715,2026-08-04 20:00:00,0x2e0847e8910a9732eb3fb1bb4b70a580adad4fe3
24,0.9409512506685835,357.3525200058201,59,11.057447219718824,4213.518391934895,57,7.283538025886133,2753.640958301332,30,6.4264318997704715,2442.499361576323,2026-08-04 21:00:00,0x2e0847e8910a9732eb3fb1bb4b70a580adad4fe3
34,3.31613373048145,1261.6523217707847,32,1.0816015575941538,412.17523197368854,46,2.3148952937736422,878.7715985495499,41,1.5139362067072224,570.4479700255063,2026-08-04 22:00:00,0x2e0847e8910a9732eb3fb1bb4b70a580adad4fe3
102,15.44799133895467,5862.590070682111,96,20.980317156589493,8023.621679496495,32,1.302454022490666,495.022609490904,196,34.4763680541622,13123.460364918954,2026-08-04 23:00:00,0x2e0847e8910a9732eb3fb1bb4b70a580adad4fe3
56,104.31218877272748,32100.249216629403,10,27.38995560882288,8196.95460651587,92,65.9318811883534,19936.596857100125,36,72.48323989063864,22202.570140200536,2026-07-29 00:00:00,0x322f0929c4625ed5bad873c95208d54e1c003b2d
36,43.90882452538566,13441.029025892478,12,8.461387970273648,2594.5374492691158,16,0.8496312611250668,257.010966751279,8,3.3689154528608958,1032.7539394139442,2026-07-29 01:00:00,0x322f0929c4625ed5bad873c95208d54e1c003b2d
30,60.26087658803801,18215.071646324133,125,304.75112205876076,93273.7414358628,34,41.33562515108712,12588.587479655056,34,70.81707841895138,21612.884559428876,2026-07-29 02:00:00,0x322f0929c4625ed5bad873c95208d54e1c003b2d
114,39.098061652988825,11911.29380892255,47,59.17128279481337,17924.76843295017,44,70.55936193294154,21546.389112992736,2330,810.4019956423631,247983.80469982888,2026-07-29 03:00:00,0x322f0929c4625ed5bad873c95208d54e1c003b2d
53,80.15120717658178,24260.303664534007,54,82.13132100061736,24773.57487507804,34,29.4936188127677,9048.839833183627,92,65.9318811883534,19936.596857100125,2026-07-29 04:00:00,0x322f0929c4625ed5bad873c95208d54e1c003b2d
17,13.221523596459356,4022.6319023121814,27,7.859256986555626,2373.3099493179916,21,1.4341629794297799,437.6046253309299,16,0.8496312611250668,257.010966751279,2026-07-29 05:00:00,0x322f0929c4625ed5bad873c95208d54e1c003b2d
17,2.3095893898177597,702.7095676572338,44,28.871097118146775,8728.331819736082,56,66.36151005117644,20386.281983979086,34,41.33562515108712,12588.587479655056,2026-07-29 06:00:00,0x322f0929c4625ed5bad873c95208d54e1c003b2d
37,47.39328231847031,14509.035452127124,130,226.9342097910907,69329.41931622224,19,2.204989393792806,677.6319644356777,44,70.55936193294154,21546.389112992736,2026-07-29 07:00:00,0x322f0929c4625ed5bad873c95208d54e1c003b2d
33,43.07046954265911,13340.119840704801,142,148.8177846136523,44654.55159555545,10,27.38995560882288,8196.95460651587,34,29.4936188127677,9048.839833183627,2026-07-29 08:00:00,0x322f0929c4625ed5bad873c95208d54e1c003b2d
23,19.325207965649273,5926.220864026217,32,16.349457207817032,4842.5654310561085,12,8.461387970273648,2594.5374492691158,21,1.4341629794297799,437.6046253309299,2026-07-29 09:00:00,0x322f0929c4625ed5bad873c95208d54e1c003b2d
5,16.959258783894665,5652.890186141122,35,8.663513078305446,2549.4207095490924,125,304.75112205876076,93273.7414358628,56,66.36151005117644,20386.281983979086,2026-07-29 10:00:00,0x322f0929c4625ed5bad873c95208d54e1c003b2d
67,99.56154013836228,30705.359068605598,14,2.5342626233244054,752.9179351156012,47,59.17128279481337,17924.76843295017,19,2.204989393792806,677.6319644356777,2026-07-29 11:00:00,0x322f0929c4625ed5bad873c95208d54e1c003b2d
28,32.100301269721506,9860.92530938348,19,2.468232565127604,729.8810741674494,54,82.13132100061736,24773.57487507804,10,27.38995560882288,8196.95460651587,2026-07-29 12:00:00,0x322f0929c4625ed5bad873c95208d54e1c003b2d
9,0.051600785457980185,15.845645901347263,25,20.623038192475555,6109.83942423072,27,7.859256986555626,2373.3099493179916,12,8.461387970273648,2594.5374492691158,2026-07-29 13:00:00,0x322f0929c4625ed5bad873c95208d54e1c003b2d
78,170.04798471961954,51843.58157695144,73,53.973895444937355,16207.685732477754,44,28.871097118146775,8728.331819736082,125,304.75112205876076,93273.7414358628,2026-07-29 14:00:00,0x322f0929c4625ed5bad873c95208d54e1c003b2d
26,2.5421526023697445,766.012825332996,16,1.0829933422638593,324.32497371500097,130,226.9342097910907,69329.41931622224,47,59.17128279481337,17924.76843295017,2026-07-29 15:00:00,0x322f0929c4625ed5bad873c95208d54e1c003b2d
34,20.912647384663167,6286.671464200986,46,0.7016016339597486,210.68671150386785,142,148.8177846136523,44654.55159555545,54,82.13132100061736,24773.57487507804,2026-07-29 16:00:00,0x322f0929c4625ed5bad873c95208d54e1c003b2d
80,84.18787710657074,25528.967862431447,25,17.835293051335864,5318.952077376361,32,16.349457207817032,4842.5654310561085,27,7.859256986555626,2373.3099493179916,2026-07-29 17:00:00,0x322f0929c4625ed5bad873c95208d54e1c003b2d
93,131.8700066824872,40104.09900385843,7,0.7899782426500856,235.80315135149496,35,8.663513078305446,2549.4207095490924,44,28.871097118146775,8728.331819736082,2026-07-29 18:00:00,0x322f0929c4625ed5bad873c95208d54e1c003b2d
137,261.13613270387026,79475.56860298882,6,0.6793967439856837,203.36948554769702,14,2.5342626233244054,752.9179351156012,130,226.9342097910907,69329.41931622224,2026-07-29 19:00:00,0x322f0929c4625ed5bad873c95208d54e1c003b2d
132,73.09644501127913,21661.273386224748,7,1.112532892461219,332.8176210212197,19,2.468232565127604,729.8810741674494,142,148.8177846136523,44654.55159555545,2026-07-29 20:00:00,0x322f0929c4625ed5bad873c95208d54e1c003b2d
35,5.898227531372349,1962.7332515057442,41,13.241206811111727,3983.940305793755,25,20.623038192475555,6109.83942423072,32,16.349457207817032,4842.5654310561085,2026-07-29 21:00:00,0x322f0929c4625ed5bad873c95208d54e1c003b2d
51,22.727856502718826,6745.62753689023,24,10.375666384220587,3124.364889501172,73,53.973895444937355,16207.685732477754,35,8.663513078305446,2549.4207095490924,2026-07-29 22:00:00,0x322f0929c4625ed5bad873c95208d54e1c003b2d
10,1.2656631200964064,376.66542929384605,95,40.66338821362293,12304.780130065878,16,1.0829933422638593,324.32497371500097,14,2.5342626233244054,752.9179351156012,2026-07-29 23:00:00,0x322f0929c4625ed5bad873c95208d54e1c003b2d
40,16.65149963611813,4960.950405741742,23,173.68126164096742,52801.501363073265,46,0.7016016339597486,210.68671150386785,19,2.468232565127604,729.8810741674494,2026-07-30 00:00:00,0x322f0929c4625ed5bad873c95208d54e1c003b2d
52,59.36742810863684,17728.253139016273,23,56.96771477085939,17345.534797647768,25,17.835293051335864,5318.952077376361,25,20.623038192475555,6109.83942423072,2026-07-30 01:00:00,0x322f0929c4625ed5bad873c95208d54e1c003b2d
17,4.921336162749046,1481.089962437111,206,535.5843389033558,163465.0951302743,7,0.7899782426500856,235.80315135149496,73,53.973895444937355,16207.685732477754,2026-07-30 02:00:00,0x322f0929c4625ed5bad873c95208d54e1c003b2d
73,13.783232029798636,4119.482920787454,153,230.72148772837443,70484.94837571087,6,0.6793967439856837,203.36948554769702,16,1.0829933422638593,324.32497371500097,2026-07-30 03:00:00,0x322f0929c4625ed5bad873c95208d54e1c003b2d
22,21.39740025674881,6392.512294434057,64,19.110315682751647,5844.885294490291,7,1.112532892461219,332.8176210212197,46,0.7016016339597486,210.68671150386785,2026-07-30 04:00:00,0x322f0929c4625ed5bad873c95208d54e1c003b2d
39,24.434438624630534,7271.672554624802,74,39.59174058719754,12088.823012030298,41,13.241206811111727,3983.940305793755,25,17.835293051335864,5318.952077376361,2026-07-30 05:00:00,0x322f0929c4625ed5bad873c95208d54e1c003b2d
6,0.24773797030359135,74.377552877698,41,56.973030851352796,17536.69263090999,24,10.375666384220587,3124.364889501172,7,0.7899782426500856,235.80315135149496,2026-07-30 06:00:00,0x322f0929c4625ed5bad873c95208d54e1c003b2d
30,15.03789532530711,4502.574421529825,15,3.5484227320029658,1092.3483500885466,95,40.66338821362293,12304.780130065878,6,0.6793967439856837,203.36948554769702,2026-07-30 07:00:00,0x322f0929c4625ed5bad873c95208d54e1c003b2d
86,82.51402664296435,24719.568334932326,32,29.69011607986562,9202.080249111596,23,173.68126164096742,52801.501363073265,7,1.112532892461219,332.8176210212197,2026-07-30 08:00:00,0x322f0929c4625ed5bad873c95208d54e1c003b2d
16,2.5749826553954103,775.234467004946,7,0.4680348442565042,144.48739831593215,23,56.96771477085939,17345.534797647768,41,13.241206811111727,3983.940305793755,2026-07-30 09:00:00,0x322f0929c4625ed5bad873c95208d54e1c003b2d
79,45.13017494765686,13610.292708605735,9,1.106134044699659,341.92525041451904,206,535.5843389033558,163465.0951302743,24,10.375666384220587,3124.364889501172,2026-07-30 10:00:00,0x322f0929c4625ed5bad873c95208d54e1c003b2d
42,28.785994977310764,8729.360275226183,21,13.8992627774609,4311.738657698739,153,230.72148772837443,70484.94837571087,95,40.66338821362293,12304.780130065878,2026-07-30 11:00:00,0x322f0929c4625ed5bad873c95208d54e1c003b2d
10,2.4411318032014377,741.7993912819779,24,1.7791990938649924,548.8361307527512,64,19.110315682751647,5844.885294490291,23,173.68126164096742,52801.501363073265,2026-07-30 12:00:00,0x322f0929c4625ed5bad873c95208d54e1c003b2d
15,20.419175987949465,6215.541206367234,76,109.97539026298693,34185.31536733683,74,39.59174058719754,12088.823012030298,23,56.96771477085939,17345.534797647768,2026-07-30 13:00:00,0x322f0929c4625ed5bad873c95208d54e1c003b2d
108,245.41582792631098,75460.26359166643,84,53.55460213426314,16900.916611185872,41,56.973030851352796,17536.69263090999,206,535.5843389033558,163465.0951302743,2026-07-30 14:00:00,0x322f0929c4625ed5bad873c95208d54e1c003b2d
85,49.17537873199674,15012.811660970186,34,11.480545091138298,3611.4193293542703,15,3.5484227320029658,1092.3483500885466,153,230.72148772837443,70484.94837571087,2026-07-30 15:00:00,0x322f0929c4625ed5bad873c95208d54e1c003b2d
52,76.54348864555767,23491.157853978733,237,496.40099580099815,153377.629194808,32,29.69011607986562,9202.080249111596,64,19.110315682751647,5844.885294490291,2026-07-30 16:00:00,0x322f0929c4625ed5bad873c95208d54e1c003b2d
77,44.52755372116584,13666.161867567871,63,14.585035060798209,4580.252997464757,7,0.4680348442565042,144.48739831593215,74,39.59174058719754,12088.823012030298,2026-07-30 17:00:00,0x322f0929c4625ed5bad873c95208d54e1c003b2d
59,4.745934299581181,1458.6358785921477,555,119.07809165959263,37520.95509302188,9,1.106134044699659,341.92525041451904,41,56.973030851352796,17536.69263090999,2026-07-30 18:00:00,0x322f0929c4625ed5bad873c95208d54e1c003b2d
77,149.64309205667178,46271.38817165333,51,7.606494323968155,2394.2380386165632,21,13.8992627774609,4311.738657698739,15,3.5484227320029658,1092.3483500885466,2026-07-30 19:00:00,0x322f0929c4625ed5bad873c95208d54e1c003b2d
37,81.78809548745102,25164.54649681983,20,0.8550718809586113,270.1685356510028,24,1.7791990938649924,548.8361307527512,32,29.69011607986562,9202.080249111596,2026-07-30 20:00:00,0x322f0929c4625ed5bad873c95208d54e1c003b2d
21,19.054063587494163,5886.636394042275,26,13.102335302763668,4136.282647250095,76,109.97539026298693,34185.31536733683,7,0.4680348442565042,144.48739831593215,2026-07-30 21:00:00,0x322f0929c4625ed5bad873c95208d54e1c003b2d
29,22.369592160734825,6926.468015639726,224,59.85530096331322,18889.379549801302,84,53.55460213426314,16900.916611185872,9,1.106134044699659,341.92525041451904,2026-07-30 22:00:00,0x322f0929c4625ed5bad873c95208d54e1c003b2d
51,9.70378400720547,2998.784146705153,96,18.365645517908106,5799.358881211864,34,11.480545091138298,3611.4193293542703,21,13.8992627774609,4311.738657698739,2026-07-30 23:00:00,0x322f0929c4625ed5bad873c95208d54e1c003b2d
50,37.04669474700773,11488.783859318184,149,42.56318277790625,13323.220592258427,237,496.40099580099815,153377.629194808,24,1.7791990938649924,548.8361307527512,2026-07-31 00:00:00,0x322f0929c4625ed5bad873c95208d54e1c003b2d
402,259.8372021062602,82435.2760832149,202,61.35891026436913,19154.36194907025,63,14.585035060798209,4580.252997464757,76,109.97539026298693,34185.31536733683,2026-07-31 01:00:00,0x322f0929c4625ed5bad873c95208d54e1c003b2d
73,35.00115938504044,10961.570912257721,312,470.04092475154755,145684.33716680962,555,119.07809165959263,37520.95509302188,84,53.55460213426314,16900.916611185872,2026-07-31 02:00:00,0x322f0929c4625ed5bad873c95208d54e1c003b2d
14,4.001369669706745,1251.916672954603,260,546.8917608337734,168316.84522219613,51,7.606494323968155,2394.2380386165632,34,11.480545091138298,3611.4193293542703,2026-07-31 03:00:00,0x322f0929c4625ed5bad873c95208d54e1c003b2d
116,87.09390343744941,27065.941540681775,51,29.01847483767944,8921.039125080108,20,0.8550718809586113,270.1685356510028,237,496.40099580099815,153377.629194808,2026-07-31 04:00:00,0x322f0929c4625ed5bad873c95208d54e1c003b2d
48,57.16737356372747,18114.478740998507,64,31.961343777177206,9910.597979256263,26,13.102335302763668,4136.282647250095,63,14.585035060798209,4580.252997464757,2026-07-31 05:00:00,0x322f0929c4625ed5bad873c95208d54e1c003b2d
197,40.90208654281994,12882.176206476375,68,26.090816506990777,8109.427452899192,224,59.85530096331322,18889.379549801302,555,119.07809165959263,37520.95509302188,2026-07-31 06:00:00,0x322f0929c4625ed5bad873c95208d54e1c003b2d
48,5.905821212694735,1861.0338181694597,30,4.473569828876678,1390.313558975578,96,18.365645517908106,5799.358881211864,51,7.606494323968155,2394.2380386165632,2026-07-31 07:00:00,0x322f0929c4625ed5bad873c95208d54e1c003b2d
33,54.51527276973581,17167.25110903192,113,48.67985637563542,15188.916460619039,149,42.56318277790625,13323.220592258427,20,0.8550718809586113,270.1685356510028,2026-07-31 08:00:00,0x322f0929c4625ed5bad873c95208d54e1c003b2d
37,8.431662295006813,2655.5819284720283,29,4.836878682588543,1800.7636660442029,202,61.35891026436913,19154.36194907025,26,13.102335302763668,4136.282647250095,2026-07-31 09:00:00,0x322f0929c4625ed5bad873c95208d54e1c003b2d
168,33.226361800768174,10450.43347060424,45,9.827733379588484,3047.6890363004522,312,470.04092475154755,145684.33716680962,224,59.85530096331322,18889.379549801302,2026-07-31 10:00:00,0x322f0929c4625ed5bad873c95208d54e1c003b2d
125,38.362629074852755,12058.221378197632,13,0.3923536411494841,121.45057060410744,260,546.8917608337734,168316.84522219613,96,18.365645517908106,5799.358881211864,2026-07-31 11:00:00,0x322f0929c4625ed5bad873c95208d54e1c003b2d
163,34.113930923409704,10684.182728626569,13,2.8790537955791087,892.4483282614469,51,29.01847483767944,8921.039125080108,149,42.56318277790625,13323.220592258427,2026-07-31 12:00:00,0x322f0929c4625ed5bad873c95208d54e1c003b2d
105,32.59296735263203,10105.591482392256,11,0.23144031629510115,71.72513315226334,64,31.961343777177206,9910.597979256263,202,61.35891026436913,19154.36194907025,2026-07-31 13:00:00,0x322f0929c4625ed5bad873c95208d54e1c003b2d
177,358.5977609904414,109206.97366804618,172,32.182101120626776,9984.599807437047,68,26.090816506990777,8109.427452899192,312,470.04092475154755,145684.33716680962,2026-07-31 14:00:00,0x322f0929c4625ed5bad873c95208d54e1c003b2d
138,143.2874594351159,43945.62037968417,16,4.038723659833484,1251.4420432634167,30,4.473569828876678,1390.313558975578,260,546.8917608337734,168316.84522219613,2026-07-31 15:00:00,0x322f0929c4625ed5bad873c95208d54e1c003b2d
73,84.34282652895588,26025.997326390898,14,0.49546037243131835,153.53888711740996,113,48.67985637563542,15188.916460619039,51,29.01847483767944,8921.039125080108,2026-07-31 16:00:00,0x322f0929c4625ed5bad873c95208d54e1c003b2d
48,35.643983403677545,11077.037242677105,15,0.31850456999647503,98.2220429673261,29,4.836878682588543,1800.7636660442029,64,31.961343777177206,9910.597979256263,2026-07-31 17:00:00,0x322f0929c4625ed5bad873c95208d54e1c003b2d
39,18.746665720916702,5848.170732798546,8,0.8149225740826153,252.43382070709626,45,9.827733379588484,3047.6890363004522,68,26.090816506990777,8109.427452899192,2026-07-31 18:00:00,0x322f0929c4625ed5bad873c95208d54e1c003b2d
37,8.270715325361275,2569.8921861245694,12,11.462183925400955,3572.4882431393726,13,0.3923536411494841,121.45057060410744,30,4.473569828876678,1390.313558975578,2026-07-31 19:00:00,0x322f0929c4625ed5bad873c95208d54e1c003b2d
42,37.696512625558945,11693.91828477089,6,0.1476191305543818,45.78295572471399,13,2.8790537955791087,892.4483282614469,113,48.67985637563542,15188.916460619039,2026-07-31 20:00:00,0x322f0929c4625ed5bad873c95208d54e1c003b2d
56,11.047522563583387,3436.509933255255,4,0.2786632430002376,86.32401014648599,11,0.23144031629510115,71.72513315226334,29,4.836878682588543,1800.7636660442029,2026-07-31 21:00:00,0x322f0929c4625ed5bad873c95208d54e1c003b2d
24,0.5047611282840258,157.0469359231296,19,1.390145072339045,431.1651757011142,172,32.182101120626776,9984.599807437047,45,9.827733379588484,3047.6890363004522,2026-07-31 22:00:00,0x322f0929c4625ed5bad873c95208d54e1c003b2d
22,3.466064742927643,1072.1529279547951,7,0.3906575032298096,121.14054761108702,16,4.038723659833484,1251.4420432634167,13,0.3923536411494841,121.45057060410744,2026-07-31 23:00:00,0x322f0929c4625ed5bad873c95208d54e1c003b2d
15,4.951986594081277,1534.3212647535518,7,0.04101090438794881,12.71602376109,14,0.49546037243131835,153.53888711740996,13,2.8790537955791087,892.4483282614469,2026-08-01 00:00:00,0x322f0929c4625ed5bad873c95208d54e1c003b2d
676,128.18778919740015,39887.08968829852,19,9.979361024980467,3087.0677963517596,15,0.31850456999647503,98.2220429673261,11,0.23144031629510115,71.72513315226334,2026-08-01 01:00:00,0x322f0929c4625ed5bad873c95208d54e1c003b2d
44,7.368089365291362,2284.424318188397,54,11.760408804267298,3645.57978591419,8,0.8149225740826153,252.43382070709626,172,32.182101120626776,9984.599807437047,2026-08-01 02:00:00,0x322f0929c4625ed5bad873c95208d54e1c003b2d
21,6.764812094477335,2090.6279531306836,34,2.469708141005163,760.6371837272368,12,11.462183925400955,3572.4882431393726,16,4.038723659833484,1251.4420432634167,2026-08-01 03:00:00,0x322f0929c4625ed5bad873c95208d54e1c003b2d
17,2.344654753886465,737.6039386637578,30,5.678389185551027,1755.8192934169545,6,0.1476191305543818,45.78295572471399,14,0.49546037243131835,153.53888711740996,2026-08-01 04:00:00,0x322f0929c4625ed5bad873c95208d54e1c003b2d
15,1.655596654085965,515.2027559358984,177,48.32486556172119,14985.151940953307,4,0.2786632430002376,86.32401014648599,15,0.31850456999647503,98.2220429673261,2026-08-01 05:00:00,0x322f0929c4625ed5bad873c95208d54e1c003b2d
7,0.43421332288030606,134.6106399391092,33,8.15715497727041,2516.763628889536,19,1.390145072339045,431.1651757011142,8,0.8149225740826153,252.43382070709626,2026-08-01 06:00:00,0x322f0929c4625ed5bad873c95208d54e1c003b2d
8,1.2092294786064817,375.40908578861496,55,16.09768735172542,4954.689646606104,7,0.3906575032298096,121.14054761108702,12,11.462183925400955,3572.4882431393726,2026-08-01 07:00:00,0x322f0929c4625ed5bad873c95208d54e1c003b2d
17,1.9146527832077516,593.226938876543,16,3.7362385953186243,1149.8945226534322,7,0.04101090438794881,12.71602376109,6,0.1476191305543818,45.78295572471399,2026-08-01 08:00:00,0x322f0929c4625ed5bad873c95208d54e1c003b2d
21,2.9212551223544665,905.3862791949193,8,2.1892979286823544,672.9349089949258,19,9.979361024980467,3087.0677963517596,4,0.2786632430002376,86.32401014648599,2026-08-01 09:00:00,0x322f0929c4625ed5bad873c95208d54e1c003b2d
9,1.7452135986754544,540.353895499931,11,0.6435031803776019,197.57943002191524,54,11.760408804267298,3645.57978591419,19,1.390145072339045,431.1651757011142,2026-08-01 10:00:00,0x322f0929c4625ed5bad873c95208d54e1c003b2d
11,0.7792427454259849,242.3998844470933,9,1.0714449781003235,330.7275944524225,34,2.469708141005163,760.6371837272368,7,0.3906575032298096,121.14054761108702,2026-08-01 11:00:00,0x322f0929c4625ed5bad873c95208d54e1c003b2d
13,4.199403653913386,1299.351314509436,11,0.20485917058830097,63.26074435186153,30,5.678389185551027,1755.8192934169545,7,0.04101090438794881,12.71602376109,2026-08-01 12:00:00,0x322f0929c4625ed5bad873c95208d54e1c003b2d
65,10.898425787235514,3382.6079754578363,38,2.849251063469196,880.8110292518865,177,48.32486556172119,14985.151940953307,19,9.979361024980467,3087.0677963517596,2026-08-01 13:00:00,0x322f0929c4625ed5bad873c95208d54e1c003b2d
37,9.683938191655463,2997.9454632351826,21,3.303044252415544,1020.8461919716038,33,8.15715497727041,2516.763628889536,54,11.760408804267298,3645.57978591419,2026-08-01 14:00:00,0x322f0929c4625ed5bad873c95208d54e1c003b2d
21,2.6781621975491374,827.9041781518664,23,5.742487359261349,1789.4226445243426,55,16.09768735172542,4954.689646606104,34,2.469708141005163,760.6371837272368,2026-08-01 15:00:00,0x322f0929c4625ed5bad873c95208d54e1c003b2d
108,28.769883642045553,8930.739703950383,29,8.87184151993464,2773.5229321947136,16,3.7362385953186243,1149.8945226534322,30,5.678389185551027,1755.8192934169545,2026-08-01 16:00:00,0x322f0929c4625ed5bad873c95208d54e1c003b2d
128,45.676266645848834,14117.94414077837,59,13.469921736383279,4186.263085052376,8,2.1892979286823544,672.9349089949258,177,48.32486556172119,14985.151940953307,2026-08-01 17:00:00,0x322f0929c4625ed5bad873c95208d54e1c003b2d
37,10.738028985800366,3306.1038830315783,19,1.2015476389425341,375.51536005496934,11,0.6435031803776019,197.57943002191524,33,8.15715497727041,2516.763628889536,2026-08-01 18:00:00,0x322f0929c4625ed5bad873c95208d54e1c003b2d
27,1.2629373674443896,388.62668000848356,17,0.5395780810660924,168.09313985434298,9,1.0714449781003235,330.7275944524225,55,16.09768735172542,4954.689646606104,2026-08-01 19:00:00,0x322f0929c4625ed5bad873c95208d54e1c003b2d
23,1.4986517304688485,461.9438397766747,27,1.5729337230510003,490.6544904825108,11,0.20485917058830097,63.26074435186153,16,3.7362385953186243,1149.8945226534322,2026-08-01 20:00:00,0x322f0929c4625ed5bad873c95208d54e1c003b2d
26,12.017320345475241,1756.771864465042,12,7.417065243722927,2310.888767708845,38,2.849251063469196,880.8110292518865,8,2.1892979286823544,672.9349089949258,2026-08-01 21:00:00,0x322f0929c4625ed5bad873c95208d54e1c003b2d
14,1.2115323824401143,372.3581006440385,24,3.0066092081631046,937.8555571197328,21,3.303044252415544,1020.8461919716038,11,0.6435031803776019,197.57943002191524,2026-08-01 22:00:00,0x322f0929c4625ed5bad873c95208d54e1c003b2d
14,0.3059883002010697,94.43362488973197,9,0.27736020668405753,86.60394108896482,23,5.742487359261349,1789.4226445243426,9,1.0714449781003235,330.7275944524225,2026-08-01 23:00:00,0x322f0929c4625ed5bad873c95208d54e1c003b2d
22,0.6383431308085188,196.98548591232705,8,0.3322019668432776,103.40352510455575,29,8.87184151993464,2773.5229321947136,11,0.20485917058830097,63.26074435186153,2026-08-02 00:00:00,0x322f0929c4625ed5bad873c95208d54e1c003b2d
19,10.836959641886809,3338.5242051898404,4,0.08176953337067862,25.567958199237985,59,13.469921736383279,4186.263085052376,38,2.849251063469196,880.8110292518865,2026-08-02 01:00:00,0x322f0929c4625ed5bad873c95208d54e1c003b2d
84,79.3761839101505,24644.19864018081,6,0.2559450743614972,79.73288481857075,19,1.2015476389425341,375.51536005496934,21,3.303044252415544,1020.8461919716038,2026-08-02 02:00:00,0x322f0929c4625ed5bad873c95208d54e1c003b2d
85,13.707417142461075,4276.9811860897025,8,0.5906495694684291,184.023752402726,17,0.5395780810660924,168.09313985434298,23,5.742487359261349,1789.4226445243426,2026-08-02 03:00:00,0x322f0929c4625ed5bad873c95208d54e1c003b2d
12,3.9061422844842415,1220.6874618453883,14,0.4191778481942918,131.10840988902754,27,1.5729337230510003,490.6544904825108,29,8.87184151993464,2773.5229321947136,2026-08-02 04:00:00,0x322f0929c4625ed5bad873c95208d54e1c003b2d
14,8.27298655803018,2559.416750913382,30,4.259699223365773,1331.8185885497126,12,7.417065243722927,2310.888767708845,59,13.469921736383279,4186.263085052376,2026-08-02 05:00:00,0x322f0929c4625ed5bad873c95208d54e1c003b2d
16,1.5392514098965058,481.0689856202839,24,6.152528618824103,1928.1807656351134,24,3.0066092081631046,937.8555571197328,19,1.2015476389425341,375.51536005496934,2026-08-02 06:00:00,0x322f0929c4625ed5bad873c95208d54e1c003b2d
3,0.4542429228451337,141.142303647638,8,0.5285251987777824,165.67383303058273,9,0.27736020668405753,86.60394108896482,17,0.5395780810660924,168.09313985434298,2026-08-02 07:00:00,0x322f0929c4625ed5bad873c95208d54e1c003b2d
28,3.890318005412463,1217.1732910581782,24,10.439988232753546,3276.752811990106,8,0.3322019668432776,103.40352510455575,27,1.5729337230510003,490.6544904825108,2026-08-02 08:00:00,0x322f0929c4625ed5bad873c95208d54e1c003b2d
14,0.789618342541377,246.23820056335717,53,10.446743547020844,3282.8576227096346,4,0.08176953337067862,25.567958199237985,12,7.417065243722927,2310.888767708845,2026-08-02 09:00:00,0x322f0929c4625ed5bad873c95208d54e1c003b2d
20,1.3650391153210795,425.70125179922854,36,5.735657775206142,1798.5863519271797,6,0.2559450743614972,79.73288481857075,24,3.0066092081631046,937.8555571197328,2026-08-02 10:00:00,0x322f0929c4625ed5bad873c95208d54e1c003b2d
20,1.5550797340465279,486.43711337102405,21,1.4231325543963402,446.1945404941216,8,0.5906495694684291,184.023752402726,9,0.27736020668405753,86.60394108896482,2026-08-02 11:00:00,0x322f0929c4625ed5bad873c95208d54e1c003b2d
9,1.0773172419955876,335.82341441434204,34,11.512508761034493,3617.687375844394,14,0.4191778481942918,131.10840988902754,8,0.3322019668432776,103.40352510455575,2026-08-02 12:00:00,0x322f0929c4625ed5bad873c95208d54e1c003b2d
6,0.055287539467862454,17.179906992751278,12,0.651394634209034,203.8173963409351,30,4.259699223365773,1331.8185885497126,4,0.08176953337067862,25.567958199237985,2026-08-02 13:00:00,0x322f0929c4625ed5bad873c95208d54e1c003b2d
8,0.9875298415782334,307.96569644193954,18,1.9997071468332013,628.2814311391032,24,6.152528618824103,1928.1807656351134,6,0.2559450743614972,79.73288481857075,2026-08-02 14:00:00,0x322f0929c4625ed5bad873c95208d54e1c003b2d
17,3.660796454214455,1144.6317924329417,12,11.52903102359009,3632.3728325297197,8,0.5285251987777824,165.67383303058273,8,0.5906495694684291,184.023752402726,2026-08-02 15:00:00,0x322f0929c4625ed5bad873c95208d54e1c003b2d
7,0.6695812097057211,209.52765949198272,10,0.22738383955446434,71.37521663616276,24,10.439988232753546,3276.752811990106,14,0.4191778481942918,131.10840988902754,2026-08-02 16:00:00,0x322f0929c4625ed5bad873c95208d54e1c003b2d
50,14.333105938181392,4488.608438165965,7,0.6458531019591582,203.44181581917007,53,10.446743547020844,3282.8576227096346,30,4.259699223365773,1331.8185885497126,2026-08-02 17:00:00,0x322f0929c4625ed5bad873c95208d54e1c003b2d
13,4.33193551671855,1357.8866158131887,3,0.04179604934734996,13.157855654463726,36,5.735657775206142,1798.5863519271797,24,6.152528618824103,1928.1807656351134,2026-08-02 18:00:00,0x322f0929c4625ed5bad873c95208d54e1c003b2d
16,1.5073812833870956,472.13667606754154,11,7.477329374787571,2347.3402165843418,21,1.4231325543963402,446.1945404941216,8,0.5285251987777824,165.67383303058273,2026-08-02 19:00:00,0x322f0929c4625ed5bad873c95208d54e1c003b2d
70,24.00772426793711,7546.042726115625,31,2.730430903781862,856.7161154388689,34,11.512508761034493,3617.687375844394,24,10.439988232753546,3276.752811990106,2026-08-02 20:00:00,0x322f0929c4625ed5bad873c95208d54e1c003b2d
24,1.9361629107052898,608.6556613835724,7,0.512299414164028,161.0474682570797,12,0.651394634209034,203.8173963409351,53,10.446743547020844,3282.8576227096346,2026-08-02 21:00:00,0x322f0929c4625ed5bad873c95208d54e1c003b2d
20,3.450118074413126,1079.7998141423354,6,0.12191766051483924,38.32322765269919,18,1.9997071468332013,628.2814311391032,36,5.735657775206142,1798.5863519271797,2026-08-02 22:00:00,0x322f0929c4625ed5bad873c95208d54e1c003b2d
16,6.552696281487449,2049.445544325402,13,2.281992463857813,715.5007158202001,12,11.52903102359009,3632.3728325297197,21,1.4231325543963402,446.1945404941216,2026-08-02 23:00:00,0x322f0929c4625ed5bad873c95208d54e1c003b2d
36,24.640655886717198,7696.182849567846,37,13.673868875282844,4268.661775183254,10,0.22738383955446434,71.37521663616276,34,11.512508761034493,3617.687375844394,2026-08-03 00:00:00,0x322f0929c4625ed5bad873c95208d54e1c003b2d
8,0.36265207946479283,113.61543012422744,17,0.6194053456207002,193.49756772753724,7,0.6458531019591582,203.44181581917007,12,0.651394634209034,203.8173963409351,2026-08-03 01:00:00,0x322f0929c4625ed5bad873c95208d54e1c003b2d
28,20.40303228203158,6417.833702767242,287,261.2997498263976,82487.8716510486,3,0.04179604934734996,13.157855654463726,18,1.9997071468332013,628.2814311391032,2026-08-03 02:00:00,0x322f0929c4625ed5bad873c95208d54e1c003b2d
13,3.5330266362307894,1110.7873855321632,107,57.578659963739646,18467.77924587266,11,7.477329374787571,2347.3402165843418,12,11.52903102359009,3632.3728325297197,2026-08-03 03:00:00,0x322f0929c4625ed5bad873c95208d54e1c003b2d
41,25.717786864394746,8115.230114403308,19,3.853969688957041,1243.4754368271306,31,2.730430903781862,856.7161154388689,10,0.22738383955446434,71.37521663616276,2026-08-03 04:00:00,0x322f0929c4625ed5bad873c95208d54e1c003b2d
15,0.796826341749373,250.82574589989525,62,27.04798464115126,8671.112381042927,7,0.512299414164028,161.0474682570797,7,0.6458531019591582,203.44181581917007,2026-08-03 05:00:00,0x322f0929c4625ed5bad873c95208d54e1c003b2d
13,0.7101045928386772,223.25534389064265,115,35.79294014544515,11534.936975781979,6,0.12191766051483924,38.32322765269919,3,0.04179604934734996,13.157855654463726,2026-08-03 06:00:00,0x322f0929c4625ed5bad873c95208d54e1c003b2d
10,0.2750196304832902,86.52894346097489,32,9.540911204396386,3084.1101985852465,13,2.281992463857813,715.5007158202001,11,7.477329374787571,2347.3402165843418,2026-08-03 07:00:00,0x322f0929c4625ed5bad873c95208d54e1c003b2d
44,11.342295424825943,3545.4336661418083,37,11.673509205450552,3758.791982120729,37,13.673868875282844,4268.661775183254,31,2.730430903781862,856.7161154388689,2026-08-03 08:00:00,0x322f0929c4625ed5bad873c95208d54e1c003b2d
11,0.36604057621845776,115.169816484696,13,1.5858521790649693,513.0870671920143,17,0.6194053456207002,193.49756772753724,7,0.512299414164028,161.0474682570797,2026-08-03 09:00:00,0x322f0929c4625ed5bad873c95208d54e1c003b2d
17,1.0933963793589294,343.70941197239245,25,2.6646455348482667,856.9903984400831,287,261.2997498263976,82487.8716510486,6,0.12191766051483924,38.32322765269919,2026-08-03 10:00:00,0x322f0929c4625ed5bad873c95208d54e1c003b2d
40,35.214068086222206,11012.929646504417,10,0.7682460864050638,248.1996994479537,107,57.578659963739646,18467.77924587266,13,2.281992463857813,715.5007158202001,2026-08-03 11:00:00,0x322f0929c4625ed5bad873c95208d54e1c003b2d
36,21.76066068588989,6779.149625623951,10,0.26601950793078033,85.53454599609897,19,3.853969688957041,1243.4754368271306,37,13.673868875282844,4268.661775183254,2026-08-03 12:00:00,0x322f0929c4625ed5bad873c95208d54e1c003b2d
52,51.43515743026605,15977.408265814072,17,5.237881855625318,1682.9489371810428,62,27.04798464115126,8671.112381042927,17,0.6194053456207002,193.49756772753724,2026-08-03 13:00:00,0x322f0929c4625ed5bad873c95208d54e1c003b2d
23,3.6126494282477846,1149.1323941959772,27,7.805585624616768,2525.0035732956276,115,35.79294014544515,11534.936975781979,287,261.2997498263976,82487.8716510486,2026-08-03 14:00:00,0x322f0929c4625ed5bad873c95208d54e1c003b2d
106,31.721902496527413,10239.254584153796,7,1.5892987536884415,516.5654145268356,32,9.540911204396386,3084.1101985852465,107,57.578659963739646,18467.77924587266,2026-08-03 15:00:00,0x322f0929c4625ed5bad873c95208d54e1c003b2d
75,7.598324404474456,2453.9499656333937,37,4.507048785657537,1459.1051128969932,37,11.673509205450552,3758.791982120729,19,3.853969688957041,1243.4754368271306,2026-08-03 16:00:00,0x322f0929c4625ed5bad873c95208d54e1c003b2d
48,20.36680914650297,6536.55360327563,26,4.925335842849425,1597.1234046130298,13,1.5858521790649693,513.0870671920143,62,27.04798464115126,8671.112381042927,2026-08-03 17:00:00,0x322f0929c4625ed5bad873c95208d54e1c003b2d
14,0.8152955831338863,262.4445612655092,22,12.659946543623379,4118.312415341144,25,2.6646455348482667,856.9903984400831,115,35.79294014544515,11534.936975781979,2026-08-03 18:00:00,0x322f0929c4625ed5bad873c95208d54e1c003b2d
29,8.581622170488243,2783.3314123520713,26,2.1376612233538372,698.3766216637806,10,0.7682460864050638,248.1996994479537,32,9.540911204396386,3084.1101985852465,2026-08-03 19:00:00,0x322f0929c4625ed5bad873c95208d54e1c003b2d
13,0.24904409026567287,80.220144856529,10,0.20280805906270521,67.13831539828796,10,0.26601950793078033,85.53454599609897,37,11.673509205450552,3758.791982120729,2026-08-03 20:00:00,0x322f0929c4625ed5bad873c95208d54e1c003b2d
8,0.1428246599306939,46.158021136530664,12,0.707810720895095,227.82784917903746,17,5.237881855625318,1682.9489371810428,13,1.5858521790649693,513.0870671920143,2026-08-03 21:00:00,0x322f0929c4625ed5bad873c95208d54e1c003b2d
19,4.590301481298384,1477.2178909885251,10,0.7318431920043298,238.03364232008133,27,7.805585624616768,2525.0035732956276,25,2.6646455348482667,856.9903984400831,2026-08-03 22:00:00,0x322f0929c4625ed5bad873c95208d54e1c003b2d
11,1.2366345999090347,398.6110543669515,21,5.238256638458858,1692.4409916238342,7,1.5892987536884415,516.5654145268356,10,0.7682460864050638,248.1996994479537,2026-08-03 23:00:00,0x322f0929c4625ed5bad873c95208d54e1c003b2d
9,0.12900161061311705,41.54519965369189,46,11.320336317507476,3677.648111981141,37,4.507048785657537,1459.1051128969932,10,0.26601950793078033,85.53454599609897,2026-08-04 00:00:00,0x322f0929c4625ed5bad873c95208d54e1c003b2d
22,6.6881179547918785,2154.591273271662,59,10.635303629933127,3452.5978397119643,26,4.925335842849425,1597.1234046130298,17,5.237881855625318,1682.9489371810428,2026-08-04 01:00:00,0x322f0929c4625ed5bad873c95208d54e1c003b2d
7,0.9261797540937736,299.671392420469,176,122.51263852363155,39680.42315780447,22,12.659946543623379,4118.312415341144,27,7.805585624616768,2525.0035732956276,2026-08-04 02:00:00,0x322f0929c4625ed5bad873c95208d54e1c003b2d
5,0.03332795365623941,10.804078992932256,20,0.1802293272484112,58.295038586064386,26,2.1376612233538372,698.3766216637806,7,1.5892987536884415,516.5654145268356,2026-08-04 03:00:00,0x322f0929c4625ed5bad873c95208d54e1c003b2d
22,3.186411750551812,1031.4020331606534,24,2.4745260564255647,799.3191714007095,10,0.20280805906270521,67.13831539828796,37,4.507048785657537,1459.1051128969932,2026-08-04 04:00:00,0x322f0929c4625ed5bad873c95208d54e1c003b2d
14,2.303220101316078,737.5580870860754,3623,2284.41706108188,743068.5213307324,12,0.707810720895095,227.82784917903746,26,4.925335842849425,1597.1234046130298,2026-08-04 05:00:00,0x322f0929c4625ed5bad873c95208d54e1c003b2d
23,2.0500056966684577,667.0460901344612,1019,644.3376083244568,210576.94068872102,10,0.7318431920043298,238.03364232008133,22,12.659946543623379,4118.312415341144,2026-08-04 06:00:00,0x322f0929c4625ed5bad873c95208d54e1c003b2d
21,0.11903291679614485,39.43664707427184,365,274.3279090335976,89877.63489888523,21,5.238256638458858,1692.4409916238342,26,2.1376612233538372,698.3766216637806,2026-08-04 07:00:00,0x322f0929c4625ed5bad873c95208d54e1c003b2d
15,2.241668226954681,727.584966852938,164,111.6762423317897,36613.8885985873,46,11.320336317507476,3677.648111981141,10,0.20280805906270521,67.13831539828796,2026-08-04 08:00:00,0x322f0929c4625ed5bad873c95208d54e1c003b2d
27,9.962293878668861,3223.2197638992475,99,45.159798225084025,14701.114467333138,59,10.635303629933127,3452.5978397119643,12,0.707810720895095,227.82784917903746,2026-08-04 09:00:00,0x322f0929c4625ed5bad873c95208d54e1c003b2d
10,0.21169717323204296,71.15533102480849,116,78.54281570227413,25537.26555811995,176,122.51263852363155,39680.42315780447,10,0.7318431920043298,238.03364232008133,2026-08-04 10:00:00,0x322f0929c4625ed5bad873c95208d54e1c003b2d
21,0.5095956022383533,165.26666999074263,38,19.481547186697057,6327.561551353653,20,0.1802293272484112,58.295038586064386,21,5.238256638458858,1692.4409916238342,2026-08-04 11:00:00,0x322f0929c4625ed5bad873c95208d54e1c003b2d
69,11.622826942928771,3781.1749688227355,59,20.506973518692075,6641.793486674673,24,2.4745260564255647,799.3191714007095,46,11.320336317507476,3677.648111981141,2026-08-04 12:00:00,0x322f0929c4625ed5bad873c95208d54e1c003b2d
9,1.450026486049015,455.42705209574484,250,133.75510087018196,43695.01541979812,3623,2284.41706108188,743068.5213307324,59,10.635303629933127,3452.5978397119643,2026-08-04 13:00:00,0x322f0929c4625ed5bad873c95208d54e1c003b2d
82,40.41249924096636,13075.698456456377,42,12.272958959356515,4004.875625316813,1019,644.3376083244568,210576.94068872102,176,122.51263852363155,39680.42315780447,2026-08-04 14:00:00,0x322f0929c4625ed5bad873c95208d54e1c003b2d
16,0.52828878053426,171.5150857335774,110,83.82494323956116,27233.052239750967,365,274.3279090335976,89877.63489888523,20,0.1802293272484112,58.295038586064386,2026-08-04 15:00:00,0x322f0929c4625ed5bad873c95208d54e1c003b2d
1734,771.5945484458207,250895.38747726637,66,22.962372501194558,7494.933059690693,164,111.6762423317897,36613.8885985873,24,2.4745260564255647,799.3191714007095,2026-08-04 16:00:00,0x322f0929c4625ed5bad873c95208d54e1c003b2d
2082,1280.203336959401,416526.31804941286,28,4.089754709753935,1334.692594191289,99,45.159798225084025,14701.114467333138,3623,2284.41706108188,743068.5213307324,2026-08-04 17:00:00,0x322f0929c4625ed5bad873c95208d54e1c003b2d
819,336.75357687189575,110184.2055334236,117,48.0848399371241,15734.28820999829,116,78.54281570227413,25537.26555811995,1019,644.3376083244568,210576.94068872102,2026-08-04 18:00:00,0x322f0929c4625ed5bad873c95208d54e1c003b2d
363,293.1947139865303,96949.79661745107,72,35.64207622539432,11698.099628742637,38,19.481547186697057,6327.561551353653,365,274.3279090335976,89877.63489888523,2026-08-04 19:00:00,0x322f0929c4625ed5bad873c95208d54e1c003b2d
189,110.33534917239635,36032.02394002391,74,20.1337631313458,6613.153740319112,59,20.506973518692075,6641.793486674673,164,111.6762423317897,36613.8885985873,2026-08-04 20:00:00,0x322f0929c4625ed5bad873c95208d54e1c003b2d
107,55.185713847915835,17954.484716750343,134,53.943135198510845,17490.720055891634,250,133.75510087018196,43695.01541979812,99,45.159798225084025,14701.114467333138,2026-08-04 21:00:00,0x322f0929c4625ed5bad873c95208d54e1c003b2d
63,21.561468574248437,6998.2387745440865,32,3.6135226138525844,1169.8283422552065,42,12.272958959356515,4004.875625316813,116,78.54281570227413,25537.26555811995,2026-08-04 22:00:00,0x322f0929c4625ed5bad873c95208d54e1c003b2d
91,45.86211417623426,14929.841861073697,37,15.398639138951044,4972.464739737015,110,83.82494323956116,27233.052239750967,38,19.481547186697057,6327.561551353653,2026-08-04 23:00:00,0x322f0929c4625ed5bad873c95208d54e1c003b2d
0,,,0,,,0,,,0,,,2026-07-29 00:00:00,0x3b14c39e89d60d627b42a1a4ca45b5bb45fc12e2
1,0.00143443748224752,0.09999512047828074,0,,,0,,,0,,,2026-07-29 01:00:00,0x3b14c39e89d60d627b42a1a4ca45b5bb45fc12e2
0,,,0,,,0,,,0,,,2026-07-29 02:00:00,0x3b14c39e89d60d627b42a1a4ca45b5bb45fc12e2
0,,,1,0.6729470793311809,38.18398679017658,0,,,0,,,2026-07-29 03:00:00,0x3b14c39e89d60d627b42a1a4ca45b5bb45fc12e2
0,,,0,,,0,,,0,,,2026-07-29 04:00:00,0x3b14c39e89d60d627b42a1a4ca45b5bb45fc12e2
3,1.9475318109994224,117.94143320953407,0,,,0,,,0,,,2026-07-29 05:00:00,0x3b14c39e89d60d627b42a1a4ca45b5bb45fc12e2
0,,,0,,,0,,,0,,,2026-07-29 06:00:00,0x3b14c39e89d60d627b42a1a4ca45b5bb45fc12e2
0,,,0,,,0,,,0,,,2026-07-29 07:00:00,0x3b14c39e89d60d627b42a1a4ca45b5bb45fc12e2
0,,,0,,,0,,,0,,,2026-07-29 08:00:00,0x3b14c39e89d60d627b42a1a4ca45b5bb45fc12e2
0,,,0,,,0,,,0,,,2026-07-29 09:00:00,0x3b14c39e89d60d627b42a1a4ca45b5bb45fc12e2
0,,,0,,,0,,,0,,,2026-07-29 10:00:00,0x3b14c39e89d60d627b42a1a4ca45b5bb45fc12e2
0,,,0,,,1,0.6729470793311809,38.18398679017658,0,,,2026-07-29 11:00:00,0x3b14c39e89d60d627b42a1a4ca45b5bb45fc12e2
0,,,0,,,0,,,0,,,2026-07-29 12:00:00,0x3b14c39e89d60d627b42a1a4ca45b5bb45fc12e2
0,,,0,,,0,,,0,,,2026-07-29 13:00:00,0x3b14c39e89d60d627b42a1a4ca45b5bb45fc12e2
0,,,1,0.3098929102197106,19.669824002764752,0,,,0,,,2026-07-29 14:00:00,0x3b14c39e89d60d627b42a1a4ca45b5bb45fc12e2
0,,,0,,,0,,,1,0.6729470793311809,38.18398679017658,2026-07-29 15:00:00,0x3b14c39e89d60d627b42a1a4ca45b5bb45fc12e2
0,,,0,,,0,,,0,,,2026-07-29 16:00:00,0x3b14c39e89d60d627b42a1a4ca45b5bb45fc12e2
0,,,0,,,0,,,0,,,2026-07-29 17:00:00,0x3b14c39e89d60d627b42a1a4ca45b5bb45fc12e2
0,,,0,,,0,,,0,,,2026-07-29 18:00:00,0x3b14c39e89d60d627b42a1a4ca45b5bb45fc12e2
0,,,0,,,0,,,0,,,2026-07-29 19:00:00,0x3b14c39e89d60d627b42a1a4ca45b5bb45fc12e2
0,,,0,,,0,,,0,,,2026-07-29 20:00:00,0x3b14c39e89d60d627b42a1a4ca45b5bb45fc12e2
0,,,0,,,0,,,0,,,2026-07-29 21:00:00,0x3b14c39e89d60d627b42a1a4ca45b5bb45fc12e2
0,,,0,,,1,0.3098929102197106,19.669824002764752,0,,,2026-07-29 22:00:00,0x3b14c39e89d60d627b42a1a4ca45b5bb45fc12e2
0,,,0,,,0,,,0,,,2026-07-29 23:00:00,0x3b14c39e89d60d627b42a1a4ca45b5bb45fc12e2
0,,,0,,,0,,,0,,,2026-07-30 00:00:00,0x3b14c39e89d60d627b42a1a4ca45b5bb45fc12e2
0,,,0,,,0,,,0,,,2026-07-30 01:00:00,0x3b14c39e89d60d627b42a1a4ca45b5bb45fc12e2
0,,,0,,,0,,,1,0.3098929102197106,19.669824002764752,2026-07-30 02:00:00,0x3b14c39e89d60d627b42a1a4ca45b5bb45fc12e2
0,,,0,,,0,,,0,,,2026-07-30 03:00:00,0x3b14c39e89d60d627b42a1a4ca45b5bb45fc12e2
0,,,0,,,0,,,0,,,2026-07-30 04:00:00,0x3b14c39e89d60d627b42a1a4ca45b5bb45fc12e2
0,,,0,,,0,,,0,,,2026-07-30 05:00:00,0x3b14c39e89d60d627b42a1a4ca45b5bb45fc12e2
0,,,0,,,0,,,0,,,2026-07-30 06:00:00,0x3b14c39e89d60d627b42a1a4ca45b5bb45fc12e2
0,,,0,,,0,,,0,,,2026-07-30 07:00:00,0x3b14c39e89d60d627b42a1a4ca45b5bb45fc12e2
0,,,0,,,0,,,0,,,2026-07-30 08:00:00,0x3b14c39e89d60d627b42a1a4ca45b5bb45fc12e2
0,,,0,,,0,,,0,,,2026-07-30 09:00:00,0x3b14c39e89d60d627b42a1a4ca45b5bb45fc12e2
0,,,0,,,0,,,0,,,2026-07-30 10:00:00,0x3b14c39e89d60d627b42a1a4ca45b5bb45fc12e2
0,,,1,1.531888244414301,103.52634234406588,0,,,0,,,2026-07-30 11:00:00,0x3b14c39e89d60d627b42a1a4ca45b5bb45fc12e2
0,,,0,,,0,,,0,,,2026-07-30 12:00:00,0x3b14c39e89d60d627b42a1a4ca45b5bb45fc12e2
0,,,0,,,0,,,0,,,2026-07-30 13:00:00,0x3b14c39e89d60d627b42a1a4ca45b5bb45fc12e2
0,,,0,,,0,,,0,,,2026-07-30 14:00:00,0x3b14c39e89d60d627b42a1a4ca45b5bb45fc12e2
0,,,0,,,0,,,0,,,2026-07-30 15:00:00,0x3b14c39e89d60d627b42a1a4ca45b5bb45fc12e2
0,,,0,,,0,,,0,,,2026-07-30 16:00:00,0x3b14c39e89d60d627b42a1a4ca45b5bb45fc12e2
0,,,0,,,0,,,0,,,2026-07-30 17:00:00,0x3b14c39e89d60d627b42a1a4ca45b5bb45fc12e2
0,,,0,,,0,,,0,,,2026-07-30 18:00:00,0x3b14c39e89d60d627b42a1a4ca45b5bb45fc12e2
0,,,0,,,1,1.531888244414301,103.52634234406588,0,,,2026-07-30 19:00:00,0x3b14c39e89d60d627b42a1a4ca45b5bb45fc12e2
1,0.38874157745892457,25.000565940842165,0,,,0,,,0,,,2026-07-30 20:00:00,0x3b14c39e89d60d627b42a1a4ca45b5bb45fc12e2
1,0.6135993746369395,40.00734856121359,0,,,0,,,0,,,2026-07-30 21:00:00,0x3b14c39e89d60d627b42a1a4ca45b5bb45fc12e2
0,,,0,,,0,,,0,,,2026-07-30 22:00:00,0x3b14c39e89d60d627b42a1a4ca45b5bb45fc12e2
1,0.03564379234595041,2.2134291032840165,3,0.01844161292384946,1.3114459659431394,0,,,1,1.531888244414301,103.52634234406588,2026-07-30 23:00:00,0x3b14c39e89d60d627b42a1a4ca45b5bb45fc12e2
0,,,0,,,0,,,0,,,2026-07-31 00:00:00,0x3b14c39e89d60d627b42a1a4ca45b5bb45fc12e2
0,,,0,,,0,,,0,,,2026-07-31 01:00:00,0x3b14c39e89d60d627b42a1a4ca45b5bb45fc12e2
0,,,0,,,0,,,0,,,2026-07-31 02:00:00,0x3b14c39e89d60d627b42a1a4ca45b5bb45fc12e2
0,,,0,,,0,,,0,,,2026-07-31 03:00:00,0x3b14c39e89d60d627b42a1a4ca45b5bb45fc12e2
0,,,0,,,0,,,0,,,2026-07-31 04:00:00,0x3b14c39e89d60d627b42a1a4ca45b5bb45fc12e2
0,,,0,,,0,,,0,,,2026-07-31 05:00:00,0x3b14c39e89d60d627b42a1a4ca45b5bb45fc12e2
0,,,0,,,0,,,0,,,2026-07-31 06:00:00,0x3b14c39e89d60d627b42a1a4ca45b5bb45fc12e2
0,,,0,,,3,0.01844161292384946,1.3114459659431394,0,,,2026-07-31 07:00:00,0x3b14c39e89d60d627b42a1a4ca45b5bb45fc12e2
0,,,0,,,0,,,0,,,2026-07-31 08:00:00,0x3b14c39e89d60d627b42a1a4ca45b5bb45fc12e2
0,,,0,,,0,,,0,,,2026-07-31 09:00:00,0x3b14c39e89d60d627b42a1a4ca45b5bb45fc12e2
2,0.8227818513209434,53.09069141774971,0,,,0,,,0,,,2026-07-31 10:00:00,0x3b14c39e89d60d627b42a1a4ca45b5bb45fc12e2
0,,,0,,,0,,,3,0.01844161292384946,1.3114459659431394,2026-07-31 11:00:00,0x3b14c39e89d60d627b42a1a4ca45b5bb45fc12e2
3,0.026576839043839,1.8915561835303127,0,,,0,,,0,,,2026-07-31 12:00:00,0x3b14c39e89d60d627b42a1a4ca45b5bb45fc12e2
0,,,0,,,0,,,0,,,2026-07-31 13:00:00,0x3b14c39e89d60d627b42a1a4ca45b5bb45fc12e2
0,,,0,,,0,,,0,,,2026-07-31 14:00:00,0x3b14c39e89d60d627b42a1a4ca45b5bb45fc12e2
0,,,0,,,0,,,0,,,2026-07-31 15:00:00,0x3b14c39e89d60d627b42a1a4ca45b5bb45fc12e2
0,,,0,,,0,,,0,,,2026-07-31 16:00:00,0x3b14c39e89d60d627b42a1a4ca45b5bb45fc12e2
0,,,0,,,0,,,0,,,2026-07-31 17:00:00,0x3b14c39e89d60d627b42a1a4ca45b5bb45fc12e2
0,,,0,,,0,,,0,,,2026-07-31 18:00:00,0x3b14c39e89d60d627b42a1a4ca45b5bb45fc12e2
0,,,0,,,0,,,0,,,2026-07-31 19:00:00,0x3b14c39e89d60d627b42a1a4ca45b5bb45fc12e2
0,,,0,,,0,,,0,,,2026-07-31 20:00:00,0x3b14c39e89d60d627b42a1a4ca45b5bb45fc12e2
0,,,0,,,0,,,0,,,2026-07-31 21:00:00,0x3b14c39e89d60d627b42a1a4ca45b5bb45fc12e2
0,,,0,,,0,,,0,,,2026-07-31 22:00:00,0x3b14c39e89d60d627b42a1a4ca45b5bb45fc12e2
2,0.007075367409470014,0.516929719107,0,,,0,,,0,,,2026-07-31 23:00:00,0x3b14c39e89d60d627b42a1a4ca45b5bb45fc12e2
0,,,0,,,0,,,0,,,2026-08-01 00:00:00,0x3b14c39e89d60d627b42a1a4ca45b5bb45fc12e2
0,,,0,,,0,,,0,,,2026-08-01 01:00:00,0x3b14c39e89d60d627b42a1a4ca45b5bb45fc12e2
0,,,0,,,0,,,0,,,2026-08-01 02:00:00,0x3b14c39e89d60d627b42a1a4ca45b5bb45fc12e2
0,,,0,,,0,,,0,,,2026-08-01 03:00:00,0x3b14c39e89d60d627b42a1a4ca45b5bb45fc12e2
0,,,0,,,0,,,0,,,2026-08-01 04:00:00,0x3b14c39e89d60d627b42a1a4ca45b5bb45fc12e2
0,,,0,,,0,,,0,,,2026-08-01 05:00:00,0x3b14c39e89d60d627b42a1a4ca45b5bb45fc12e2
0,,,0,,,0,,,0,,,2026-08-01 06:00:00,0x3b14c39e89d60d627b42a1a4ca45b5bb45fc12e2
0,,,0,,,0,,,0,,,2026-08-01 07:00:00,0x3b14c39e89d60d627b42a1a4ca45b5bb45fc12e2
2,0.011153225989715163,0.746976,0,,,0,,,0,,,2026-08-01 08:00:00,0x3b14c39e89d60d627b42a1a4ca45b5bb45fc12e2
0,,,0,,,0,,,0,,,2026-08-01 09:00:00,0x3b14c39e89d60d627b42a1a4ca45b5bb45fc12e2
0,,,0,,,0,,,0,,,2026-08-01 10:00:00,0x3b14c39e89d60d627b42a1a4ca45b5bb45fc12e2
0,,,0,,,0,,,0,,,2026-08-01 11:00:00,0x3b14c39e89d60d627b42a1a4ca45b5bb45fc12e2
0,,,0,,,0,,,0,,,2026-08-01 12:00:00,0x3b14c39e89d60d627b42a1a4ca45b5bb45fc12e2
0,,,0,,,0,,,0,,,2026-08-01 13:00:00,0x3b14c39e89d60d627b42a1a4ca45b5bb45fc12e2
0,,,0,,,0,,,0,,,2026-08-01 14:00:00,0x3b14c39e89d60d627b42a1a4ca45b5bb45fc12e2
0,,,0,,,0,,,0,,,2026-08-01 15:00:00,0x3b14c39e89d60d627b42a1a4ca45b5bb45fc12e2
0,,,0,,,0,,,0,,,2026-08-01 16:00:00,0x3b14c39e89d60d627b42a1a4ca45b5bb45fc12e2
0,,,0,,,0,,,0,,,2026-08-01 17:00:00,0x3b14c39e89d60d627b42a1a4ca45b5bb45fc12e2
0,,,0,,,0,,,0,,,2026-08-01 18:00:00,0x3b14c39e89d60d627b42a1a4ca45b5bb45fc12e2
0,,,0,,,0,,,0,,,2026-08-01 19:00:00,0x3b14c39e89d60d627b42a1a4ca45b5bb45fc12e2
0,,,0,,,0,,,0,,,2026-08-01 20:00:00,0x3b14c39e89d60d627b42a1a4ca45b5bb45fc12e2
0,,,0,,,0,,,0,,,2026-08-01 21:00:00,0x3b14c39e89d60d627b42a1a4ca45b5bb45fc12e2
1,1.5401935236819586,104.30315941155231,0,,,0,,,0,,,2026-08-01 22:00:00,0x3b14c39e89d60d627b42a1a4ca45b5bb45fc12e2
0,,,0,,,0,,,0,,,2026-08-01 23:00:00,0x3b14c39e89d60d627b42a1a4ca45b5bb45fc12e2
0,,,0,,,0,,,0,,,2026-08-02 00:00:00,0x3b14c39e89d60d627b42a1a4ca45b5bb45fc12e2
0,,,0,,,0,,,0,,,2026-08-02 01:00:00,0x3b14c39e89d60d627b42a1a4ca45b5bb45fc12e2
0,,,0,,,0,,,0,,,2026-08-02 02:00:00,0x3b14c39e89d60d627b42a1a4ca45b5bb45fc12e2
0,,,0,,,0,,,0,,,2026-08-02 03:00:00,0x3b14c39e89d60d627b42a1a4ca45b5bb45fc12e2
0,,,0,,,0,,,0,,,2026-08-02 04:00:00,0x3b14c39e89d60d627b42a1a4ca45b5bb45fc12e2
0,,,0,,,0,,,0,,,2026-08-02 05:00:00,0x3b14c39e89d60d627b42a1a4ca45b5bb45fc12e2
0,,,0,,,0,,,0,,,2026-08-02 06:00:00,0x3b14c39e89d60d627b42a1a4ca45b5bb45fc12e2
0,,,0,,,0,,,0,,,2026-08-02 07:00:00,0x3b14c39e89d60d627b42a1a4ca45b5bb45fc12e2
0,,,0,,,0,,,0,,,2026-08-02 08:00:00,0x3b14c39e89d60d627b42a1a4ca45b5bb45fc12e2
0,,,0,,,0,,,0,,,2026-08-02 09:00:00,0x3b14c39e89d60d627b42a1a4ca45b5bb45fc12e2
0,,,0,,,0,,,0,,,2026-08-02 10:00:00,0x3b14c39e89d60d627b42a1a4ca45b5bb45fc12e2
0,,,0,,,0,,,0,,,2026-08-02 11:00:00,0x3b14c39e89d60d627b42a1a4ca45b5bb45fc12e2
0,,,0,,,0,,,0,,,2026-08-02 12:00:00,0x3b14c39e89d60d627b42a1a4ca45b5bb45fc12e2
0,,,0,,,0,,,0,,,2026-08-02 13:00:00,0x3b14c39e89d60d627b42a1a4ca45b5bb45fc12e2
0,,,0,,,0,,,0,,,2026-08-02 14:00:00,0x3b14c39e89d60d627b42a1a4ca45b5bb45fc12e2
0,,,0,,,0,,,0,,,2026-08-02 15:00:00,0x3b14c39e89d60d627b42a1a4ca45b5bb45fc12e2
0,,,0,,,0,,,0,,,2026-08-02 16:00:00,0x3b14c39e89d60d627b42a1a4ca45b5bb45fc12e2
0,,,0,,,0,,,0,,,2026-08-02 17:00:00,0x3b14c39e89d60d627b42a1a4ca45b5bb45fc12e2
0,,,0,,,0,,,0,,,2026-08-02 18:00:00,0x3b14c39e89d60d627b42a1a4ca45b5bb45fc12e2
0,,,0,,,0,,,0,,,2026-08-02 19:00:00,0x3b14c39e89d60d627b42a1a4ca45b5bb45fc12e2
0,,,0,,,0,,,0,,,2026-08-02 20:00:00,0x3b14c39e89d60d627b42a1a4ca45b5bb45fc12e2
0,,,0,,,0,,,0,,,2026-08-02 21:00:00,0x3b14c39e89d60d627b42a1a4ca45b5bb45fc12e2
0,,,0,,,0,,,0,,,2026-08-02 22:00:00,0x3b14c39e89d60d627b42a1a4ca45b5bb45fc12e2
0,,,0,,,0,,,0,,,2026-08-02 23:00:00,0x3b14c39e89d60d627b42a1a4ca45b5bb45fc12e2
0,,,0,,,0,,,0,,,2026-08-03 00:00:00,0x3b14c39e89d60d627b42a1a4ca45b5bb45fc12e2
0,,,0,,,0,,,0,,,2026-08-03 01:00:00,0x3b14c39e89d60d627b42a1a4ca45b5bb45fc12e2
0,,,0,,,0,,,0,,,2026-08-03 02:00:00,0x3b14c39e89d60d627b42a1a4ca45b5bb45fc12e2
0,,,0,,,0,,,0,,,2026-08-03 03:00:00,0x3b14c39e89d60d627b42a1a4ca45b5bb45fc12e2
0,,,0,,,0,,,0,,,2026-08-03 04:00:00,0x3b14c39e89d60d627b42a1a4ca45b5bb45fc12e2
0,,,0,,,0,,,0,,,2026-08-03 05:00:00,0x3b14c39e89d60d627b42a1a4ca45b5bb45fc12e2
0,,,0,,,0,,,0,,,2026-08-03 06:00:00,0x3b14c39e89d60d627b42a1a4ca45b5bb45fc12e2
0,,,0,,,0,,,0,,,2026-08-03 07:00:00,0x3b14c39e89d60d627b42a1a4ca45b5bb45fc12e2
0,,,0,,,0,,,0,,,2026-08-03 08:00:00,0x3b14c39e89d60d627b42a1a4ca45b5bb45fc12e2
0,,,0,,,0,,,0,,,2026-08-03 09:00:00,0x3b14c39e89d60d627b42a1a4ca45b5bb45fc12e2
0,,,0,,,0,,,0,,,2026-08-03 10:00:00,0x3b14c39e89d60d627b42a1a4ca45b5bb45fc12e2
0,,,0,,,0,,,0,,,2026-08-03 11:00:00,0x3b14c39e89d60d627b42a1a4ca45b5bb45fc12e2
0,,,0,,,0,,,0,,,2026-08-03 12:00:00,0x3b14c39e89d60d627b42a1a4ca45b5bb45fc12e2
0,,,0,,,0,,,0,,,2026-08-03 13:00:00,0x3b14c39e89d60d627b42a1a4ca45b5bb45fc12e2
0,,,0,,,0,,,0,,,2026-08-03 14:00:00,0x3b14c39e89d60d627b42a1a4ca45b5bb45fc12e2
0,,,0,,,0,,,0,,,2026-08-03 15:00:00,0x3b14c39e89d60d627b42a1a4ca45b5bb45fc12e2
0,,,0,,,0,,,0,,,2026-08-03 16:00:00,0x3b14c39e89d60d627b42a1a4ca45b5bb45fc12e2
0,,,0,,,0,,,0,,,2026-08-03 17:00:00,0x3b14c39e89d60d627b42a1a4ca45b5bb45fc12e2
0,,,0,,,0,,,0,,,2026-08-03 18:00:00,0x3b14c39e89d60d627b42a1a4ca45b5bb45fc12e2
0,,,0,,,0,,,0,,,2026-08-03 19:00:00,0x3b14c39e89d60d627b42a1a4ca45b5bb45fc12e2
2,0.3531772891410747,24.997515765006447,0,,,0,,,0,,,2026-08-03 20:00:00,0x3b14c39e89d60d627b42a1a4ca45b5bb45fc12e2
0,,,0,,,0,,,0,,,2026-08-03 21:00:00,0x3b14c39e89d60d627b42a1a4ca45b5bb45fc12e2
1,0.3519679277887392,25.007901275490543,0,,,0,,,0,,,2026-08-03 22:00:00,0x3b14c39e89d60d627b42a1a4ca45b5bb45fc12e2
0,,,1,0.037759718322273345,2.5028540182307837,0,,,0,,,2026-08-03 23:00:00,0x3b14c39e89d60d627b42a1a4ca45b5bb45fc12e2
0,,,0,,,0,,,0,,,2026-08-04 00:00:00,0x3b14c39e89d60d627b42a1a4ca45b5bb45fc12e2
0,,,0,,,0,,,0,,,2026-08-04 01:00:00,0x3b14c39e89d60d627b42a1a4ca45b5bb45fc12e2
0,,,9,6.599266683788066,487.7649012746259,0,,,0,,,2026-08-04 02:00:00,0x3b14c39e89d60d627b42a1a4ca45b5bb45fc12e2
0,,,0,,,0,,,0,,,2026-08-04 03:00:00,0x3b14c39e89d60d627b42a1a4ca45b5bb45fc12e2
0,,,0,,,0,,,0,,,2026-08-04 04:00:00,0x3b14c39e89d60d627b42a1a4ca45b5bb45fc12e2
0,,,1,0.05162564164703476,3.84530615056,0,,,0,,,2026-08-04 05:00:00,0x3b14c39e89d60d627b42a1a4ca45b5bb45fc12e2
0,,,1,0.03909029036749498,2.9179049887679995,0,,,0,,,2026-08-04 06:00:00,0x3b14c39e89d60d627b42a1a4ca45b5bb45fc12e2
1,0.014043555640434049,1.0001010721937444,1,0.6691785714969672,50.032650000000004,1,0.037759718322273345,2.5028540182307837,0,,,2026-08-04 07:00:00,0x3b14c39e89d60d627b42a1a4ca45b5bb45fc12e2
1,0.3470527878590838,24.98324558426562,0,,,0,,,0,,,2026-08-04 08:00:00,0x3b14c39e89d60d627b42a1a4ca45b5bb45fc12e2
1,0.34453595241695784,24.988968769046817,0,,,0,,,0,,,2026-08-04 09:00:00,0x3b14c39e89d60d627b42a1a4ca45b5bb45fc12e2
1,0.34140930738897807,24.995907237401347,2,0.10273587905725533,7.613866394492,9,6.599266683788066,487.7649012746259,0,,,2026-08-04 10:00:00,0x3b14c39e89d60d627b42a1a4ca45b5bb45fc12e2
0,,,0,,,0,,,1,0.037759718322273345,2.5028540182307837,2026-08-04 11:00:00,0x3b14c39e89d60d627b42a1a4ca45b5bb45fc12e2
0,,,11,7.6389795325312235,575.094414741291,0,,,0,,,2026-08-04 12:00:00,0x3b14c39e89d60d627b42a1a4ca45b5bb45fc12e2
0,,,0,,,1,0.05162564164703476,3.84530615056,0,,,2026-08-04 13:00:00,0x3b14c39e89d60d627b42a1a4ca45b5bb45fc12e2
0,,,0,,,1,0.03909029036749498,2.9179049887679995,9,6.599266683788066,487.7649012746259,2026-08-04 14:00:00,0x3b14c39e89d60d627b42a1a4ca45b5bb45fc12e2
2,0.6726214302056672,50.03195,0,,,1,0.6691785714969672,50.032650000000004,0,,,2026-08-04 15:00:00,0x3b14c39e89d60d627b42a1a4ca45b5bb45fc12e2
2,0.0667259187327137,4.969022341712,1,0.000129875035332986,0.009917019870298194,0,,,0,,,2026-08-04 16:00:00,0x3b14c39e89d60d627b42a1a4ca45b5bb45fc12e2
2,0.37004480618967606,27.605613570106996,0,,,0,,,1,0.05162564164703476,3.84530615056,2026-08-04 17:00:00,0x3b14c39e89d60d627b42a1a4ca45b5bb45fc12e2
0,,,0,,,2,0.10273587905725533,7.613866394492,1,0.03909029036749498,2.9179049887679995,2026-08-04 18:00:00,0x3b14c39e89d60d627b42a1a4ca45b5bb45fc12e2
3,3.703592455681732,274.699848716491,0,,,0,,,1,0.6691785714969672,50.032650000000004,2026-08-04 19:00:00,0x3b14c39e89d60d627b42a1a4ca45b5bb45fc12e2
2,2.7493457619106256,200.762098970316,0,,,11,7.6389795325312235,575.094414741291,0,,,2026-08-04 20:00:00,0x3b14c39e89d60d627b42a1a4ca45b5bb45fc12e2
1,0.030414275189406426,2.2530584409960004,1,1.3231013495633765,100.40241349372,0,,,0,,,2026-08-04 21:00:00,0x3b14c39e89d60d627b42a1a4ca45b5bb45fc12e2
0,,,0,,,0,,,2,0.10273587905725533,7.613866394492,2026-08-04 22:00:00,0x3b14c39e89d60d627b42a1a4ca45b5bb45fc12e2
0,,,0,,,0,,,0,,,2026-08-04 23:00:00,0x3b14c39e89d60d627b42a1a4ca45b5bb45fc12e2
3,5.458449162730185,283.744071401398,1,0.10093333821466516,5.249989420577999,6,21.40331703713893,1111.4399821601028,3,0.3206895882167514,16.603037197867998,2026-07-29 00:00:00,0x411efb0e7f985935daec3d4c3ebaea0d0ad7d89f
3,5.042129693762556,263.301409687114,8,60.68881196828692,3126.170622753999,1,0.23184544991572523,12.087232871285002,6,4.750302209270882,248.4429202931341,2026-07-29 01:00:00,0x411efb0e7f985935daec3d4c3ebaea0d0ad7d89f
7,10.522540836212896,548.816281373988,5,9.500485049554191,489.863193034652,7,32.71766902442655,1713.599310883077,13,22.391978231604647,1163.925923300685,2026-07-29 02:00:00,0x411efb0e7f985935daec3d4c3ebaea0d0ad7d89f
5,2.211854580652691,115.489001327144,6,80.79247607903751,4154.530383888837,11,94.64467215869429,4969.276594853279,11,53.428103137418404,2795.728316458416,2026-07-29 03:00:00,0x411efb0e7f985935daec3d4c3ebaea0d0ad7d89f
1,0.02125316671268228,1.101409851408,4,4.81958587312936,250.473225713953,1,0.001885242328439809,0.099119206972,6,21.40331703713893,1111.4399821601028,2026-07-29 04:00:00,0x411efb0e7f985935daec3d4c3ebaea0d0ad7d89f
5,10.122273885074376,528.4337646814159,21,96.1281191327457,5020.916639328838,7,12.169966890060113,638.2201725951179,1,0.23184544991572523,12.087232871285002,2026-07-29 05:00:00,0x411efb0e7f985935daec3d4c3ebaea0d0ad7d89f
3,2.0903746382412667,109.62493304537199,8,3.4982171059150726,182.821511355923,5,7.772722101820464,408.64832745991794,7,32.71766902442655,1713.599310883077,2026-07-29 06:00:00,0x411efb0e7f985935daec3d4c3ebaea0d0ad7d89f
5,30.965577586504224,1628.5570839409402,33,197.95704901236056,10541.450411845377,17,13.149641086614531,684.590758499911,11,94.64467215869429,4969.276594853279,2026-07-29 07:00:00,0x411efb0e7f985935daec3d4c3ebaea0d0ad7d89f
2,2.356465516805035,123.951133443852,54,678.0770181827296,35383.578802637116,1,0.10093333821466516,5.249989420577999,1,0.001885242328439809,0.099119206972,2026-07-29 08:00:00,0x411efb0e7f985935daec3d4c3ebaea0d0ad7d89f
1,0.14730718635236487,7.692392415036,12,33.263470759155986,1730.66900637742,8,60.68881196828692,3126.170622753999,7,12.169966890060113,638.2201725951179,2026-07-29 09:00:00,0x411efb0e7f985935daec3d4c3ebaea0d0ad7d89f
7,14.966707806787577,777.4366642374409,1,0.49458583183976734,25.710834588416002,5,9.500485049554191,489.863193034652,5,7.772722101820464,408.64832745991794,2026-07-29 10:00:00,0x411efb0e7f985935daec3d4c3ebaea0d0ad7d89f
3,1.4326413153196038,74.91257110727474,7,19.195067867614377,1011.470766743878,6,80.79247607903751,4154.530383888837,17,13.149641086614531,684.590758499911,2026-07-29 11:00:00,0x411efb0e7f985935daec3d4c3ebaea0d0ad7d89f
21,96.39497379370735,4995.700580031781,2,1.3500111949112747,71.40172896197,4,4.81958587312936,250.473225713953,1,0.10093333821466516,5.249989420577999,2026-07-29 12:00:00,0x411efb0e7f985935daec3d4c3ebaea0d0ad7d89f
5,8.093791027306594,419.817685360763,10,25.873982954496796,1358.4461503147008,21,96.1281191327457,5020.916639328838,8,60.68881196828692,3126.170622753999,2026-07-29 13:00:00,0x411efb0e7f985935daec3d4c3ebaea0d0ad7d89f
2,0.2047715756096382,10.551097273106999,4,19.08422401653887,1012.1488722176581,8,3.4982171059150726,182.821511355923,5,9.500485049554191,489.863193034652,2026-07-29 14:00:00,0x411efb0e7f985935daec3d4c3ebaea0d0ad7d89f
3,1.367175515880796,71.48348655453199,28,41.596367150240305,2179.7657458483095,33,197.95704901236056,10541.450411845377,6,80.79247607903751,4154.530383888837,2026-07-29 15:00:00,0x411efb0e7f985935daec3d4c3ebaea0d0ad7d89f
4,0.4801197188115239,24.673184749603998,1,0.01995,1.0366664146370002,54,678.0770181827296,35383.578802637116,4,4.81958587312936,250.473225713953,2026-07-29 16:00:00,0x411efb0e7f985935daec3d4c3ebaea0d0ad7d89f
9,97.89080463029828,5139.681529919024,20,149.0691879523452,7723.709219020098,12,33.263470759155986,1730.66900637742,21,96.1281191327457,5020.916639328838,2026-07-29 17:00:00,0x411efb0e7f985935daec3d4c3ebaea0d0ad7d89f
43,687.570240303388,36409.393170611016,8,41.46798073205552,2142.092482043971,1,0.49458583183976734,25.710834588416002,8,3.4982171059150726,182.821511355923,2026-07-29 18:00:00,0x411efb0e7f985935daec3d4c3ebaea0d0ad7d89f
18,140.86647316760295,7527.934203667982,1,0.04,2.064771935757,7,19.195067867614377,1011.470766743878,33,197.95704901236056,10541.450411845377,2026-07-29 19:00:00,0x411efb0e7f985935daec3d4c3ebaea0d0ad7d89f
14,174.82529306143152,9049.961589174793,10,32.71679757516603,1689.4691350753933,2,1.3500111949112747,71.40172896197,54,678.0770181827296,35383.578802637116,2026-07-29 20:00:00,0x411efb0e7f985935daec3d4c3ebaea0d0ad7d89f
3,4.4140568180118525,232.57964382797,4,10.891041401739448,568.4111927984061,10,25.873982954496796,1358.4461503147008,12,33.263470759155986,1730.66900637742,2026-07-29 21:00:00,0x411efb0e7f985935daec3d4c3ebaea0d0ad7d89f
11,35.30738015376385,1853.045307482642,12,11.614213898892512,607.346393985427,4,19.08422401653887,1012.1488722176581,1,0.49458583183976734,25.710834588416002,2026-07-29 22:00:00,0x411efb0e7f985935daec3d4c3ebaea0d0ad7d89f
16,163.9667787859638,8656.370334167004,6,10.922675351449895,573.8326182509679,28,41.596367150240305,2179.7657458483095,7,19.195067867614377,1011.470766743878,2026-07-29 23:00:00,0x411efb0e7f985935daec3d4c3ebaea0d0ad7d89f
5,6.639806152430489,348.555756102581,0,,,1,0.01995,1.0366664146370002,2,1.3500111949112747,71.40172896197,2026-07-30 00:00:00,0x411efb0e7f985935daec3d4c3ebaea0d0ad7d89f
18,114.37789829699076,6050.344037926456,1,1.8517626475313929,97.5137475,20,149.0691879523452,7723.709219020098,10,25.873982954496796,1358.4461503147008,2026-07-30 01:00:00,0x411efb0e7f985935daec3d4c3ebaea0d0ad7d89f
2,0.14319800879912975,7.547165211697999,17,190.3442356892122,10053.166774734602,8,41.46798073205552,2142.092482043971,4,19.08422401653887,1012.1488722176581,2026-07-30 02:00:00,0x411efb0e7f985935daec3d4c3ebaea0d0ad7d89f
16,106.54201079656022,5548.116122532237,1,0.05949014008171302,3.14224245685,1,0.04,2.064771935757,28,41.596367150240305,2179.7657458483095,2026-07-30 03:00:00,0x411efb0e7f985935daec3d4c3ebaea0d0ad7d89f
14,41.25515255484637,2156.6908935552697,3,2.7117551267129665,143.57755559780603,10,32.71679757516603,1689.4691350753933,1,0.01995,1.0366664146370002,2026-07-30 04:00:00,0x411efb0e7f985935daec3d4c3ebaea0d0ad7d89f
9,101.89906556018303,5273.877865405063,0,,,4,10.891041401739448,568.4111927984061,20,149.0691879523452,7723.709219020098,2026-07-30 05:00:00,0x411efb0e7f985935daec3d4c3ebaea0d0ad7d89f
5,1.3893339716805087,71.715091890056,5,18.994345921086044,1012.7194556861159,12,11.614213898892512,607.346393985427,8,41.46798073205552,2142.092482043971,2026-07-30 06:00:00,0x411efb0e7f985935daec3d4c3ebaea0d0ad7d89f
4,11.244028087741038,584.668788030444,9,17.262171650826733,920.3764499918819,6,10.922675351449895,573.8326182509679,1,0.04,2.064771935757,2026-07-30 07:00:00,0x411efb0e7f985935daec3d4c3ebaea0d0ad7d89f
13,26.92013892272996,1399.2261012288338,1,1.452597296593488,77.83695312176,0,,,10,32.71679757516603,1689.4691350753933,2026-07-30 08:00:00,0x411efb0e7f985935daec3d4c3ebaea0d0ad7d89f
4,4.8835251738837355,256.78653458602497,3,0.24983087661514433,13.310684117626,1,1.8517626475313929,97.5137475,4,10.891041401739448,568.4111927984061,2026-07-30 09:00:00,0x411efb0e7f985935daec3d4c3ebaea0d0ad7d89f
5,13.25854787478703,694.645921398509,0,,,17,190.3442356892122,10053.166774734602,12,11.614213898892512,607.346393985427,2026-07-30 10:00:00,0x411efb0e7f985935daec3d4c3ebaea0d0ad7d89f
5,19.373305898016906,1019.413193763063,0,,,1,0.05949014008171302,3.14224245685,6,10.922675351449895,573.8326182509679,2026-07-30 11:00:00,0x411efb0e7f985935daec3d4c3ebaea0d0ad7d89f
7,63.64612278875339,3351.8887211161164,2,0.037954140058763255,2.023907859981,3,2.7117551267129665,143.57755559780603,0,,,2026-07-30 12:00:00,0x411efb0e7f985935daec3d4c3ebaea0d0ad7d89f
0,,,4,2.4291315928162756,129.447782866284,0,,,1,1.8517626475313929,97.5137475,2026-07-30 13:00:00,0x411efb0e7f985935daec3d4c3ebaea0d0ad7d89f
24,177.31115571738022,9383.010634753746,4,5.005990323406391,266.31489280990496,5,18.994345921086044,1012.7194556861159,17,190.3442356892122,10053.166774734602,2026-07-30 14:00:00,0x411efb0e7f985935daec3d4c3ebaea0d0ad7d89f
5,8.808313469411306,465.9415963392391,9,10.478263732120613,555.643592713223,9,17.262171650826733,920.3764499918819,1,0.05949014008171302,3.14224245685,2026-07-30 15:00:00,0x411efb0e7f985935daec3d4c3ebaea0d0ad7d89f
24,244.51240553591495,12989.792581927804,7,7.152870638872185,377.812524035616,1,1.452597296593488,77.83695312176,3,2.7117551267129665,143.57755559780603,2026-07-30 16:00:00,0x411efb0e7f985935daec3d4c3ebaea0d0ad7d89f
3,0.7073708336257916,37.578629887427,0,,,3,0.24983087661514433,13.310684117626,0,,,2026-07-30 17:00:00,0x411efb0e7f985935daec3d4c3ebaea0d0ad7d89f
3,6.5649956823934055,349.56929072450794,4,1.5236414415704298,80.531788991485,0,,,5,18.994345921086044,1012.7194556861159,2026-07-30 18:00:00,0x411efb0e7f985935daec3d4c3ebaea0d0ad7d89f
21,250.5096416156365,13389.497596347097,1,0.2098635373925295,11.08441022502,0,,,9,17.262171650826733,920.3764499918819,2026-07-30 19:00:00,0x411efb0e7f985935daec3d4c3ebaea0d0ad7d89f
8,73.51551575581898,3942.5247150989085,1,0.05440972855006481,2.861130226522,2,0.037954140058763255,2.023907859981,1,1.452597296593488,77.83695312176,2026-07-30 20:00:00,0x411efb0e7f985935daec3d4c3ebaea0d0ad7d89f
1,0.04060848860572443,2.165364590588,5,2.8016953524444577,147.320143245116,4,2.4291315928162756,129.447782866284,3,0.24983087661514433,13.310684117626,2026-07-30 21:00:00,0x411efb0e7f985935daec3d4c3ebaea0d0ad7d89f
1,1.5112283613038282,81.122562630741,10,96.56825209908996,5071.4134374807045,4,5.005990323406391,266.31489280990496,0,,,2026-07-30 22:00:00,0x411efb0e7f985935daec3d4c3ebaea0d0ad7d89f
2,0.9619889199082923,51.62326970995,4,77.79022716089129,4077.0703128909418,9,10.478263732120613,555.643592713223,0,,,2026-07-30 23:00:00,0x411efb0e7f985935daec3d4c3ebaea0d0ad7d89f
5,0.06071458560820498,3.2475825325909997,9,84.55979771750222,4420.644557503984,7,7.152870638872185,377.812524035616,2,0.037954140058763255,2.023907859981,2026-07-31 00:00:00,0x411efb0e7f985935daec3d4c3ebaea0d0ad7d89f
5,4.845256679347011,257.745342136057,5,14.012251949199726,732.828969805644,0,,,4,2.4291315928162756,129.447782866284,2026-07-31 01:00:00,0x411efb0e7f985935daec3d4c3ebaea0d0ad7d89f
4,1.9449625025488495,103.538875583937,16,124.26553877913506,6427.416451874746,4,1.5236414415704298,80.531788991485,4,5.005990323406391,266.31489280990496,2026-07-31 02:00:00,0x411efb0e7f985935daec3d4c3ebaea0d0ad7d89f
3,4.301516885633259,227.58112556614,7,7.2559951197386745,378.004931232879,1,0.2098635373925295,11.08441022502,9,10.478263732120613,555.643592713223,2026-07-31 03:00:00,0x411efb0e7f985935daec3d4c3ebaea0d0ad7d89f
3,3.0941685591186805,164.505950591724,1,0.4823473856839668,25.019339248176,1,0.05440972855006481,2.861130226522,7,7.152870638872185,377.812524035616,2026-07-31 04:00:00,0x411efb0e7f985935daec3d4c3ebaea0d0ad7d89f
3,2.169217839401884,115.337899264699,5,2.1593883004823606,112.57491022529098,5,2.8016953524444577,147.320143245116,0,,,2026-07-31 05:00:00,0x411efb0e7f985935daec3d4c3ebaea0d0ad7d89f
1,0.1105359385942954,5.840243017999999,4,7.06280395611911,369.351846768344,10,96.56825209908996,5071.4134374807045,4,1.5236414415704298,80.531788991485,2026-07-31 06:00:00,0x411efb0e7f985935daec3d4c3ebaea0d0ad7d89f
7,52.848436616090865,2779.932557391586,2,3.8507446539596817,201.819667441216,4,77.79022716089129,4077.0703128909418,1,0.2098635373925295,11.08441022502,2026-07-31 07:00:00,0x411efb0e7f985935daec3d4c3ebaea0d0ad7d89f
2,1.5207416141960006,80.384668378846,0,,,9,84.55979771750222,4420.644557503984,1,0.05440972855006481,2.861130226522,2026-07-31 08:00:00,0x411efb0e7f985935daec3d4c3ebaea0d0ad7d89f
2,0.14186009050475493,7.457835858239999,3,4.163514154516602,217.43770186313,5,14.012251949199726,732.828969805644,5,2.8016953524444577,147.320143245116,2026-07-31 09:00:00,0x411efb0e7f985935daec3d4c3ebaea0d0ad7d89f
2,0.570914993490537,29.976799940794002,7,21.231907288841516,1118.0552552066827,16,124.26553877913506,6427.416451874746,10,96.56825209908996,5071.4134374807045,2026-07-31 10:00:00,0x411efb0e7f985935daec3d4c3ebaea0d0ad7d89f
8,99.1616689665836,5190.009079714409,0,,,7,7.2559951197386745,378.004931232879,4,77.79022716089129,4077.0703128909418,2026-07-31 11:00:00,0x411efb0e7f985935daec3d4c3ebaea0d0ad7d89f
2,38.49247701091984,2008.824667249492,25,8.323096462889152,435.4001236966619,1,0.4823473856839668,25.019339248176,9,84.55979771750222,4420.644557503984,2026-07-31 12:00:00,0x411efb0e7f985935daec3d4c3ebaea0d0ad7d89f
26,417.2536984716844,21690.19739018726,6,1.441137183189761,75.206158461802,5,2.1593883004823606,112.57491022529098,5,14.012251949199726,732.828969805644,2026-07-31 13:00:00,0x411efb0e7f985935daec3d4c3ebaea0d0ad7d89f
1,0.6459992360114988,34.061294745016,26,22.334463807672567,1169.972133104223,4,7.06280395611911,369.351846768344,16,124.26553877913506,6427.416451874746,2026-07-31 14:00:00,0x411efb0e7f985935daec3d4c3ebaea0d0ad7d89f
3,0.29375527838582616,15.299857392954,7,5.924263765408053,311.4439579470819,2,3.8507446539596817,201.819667441216,7,7.2559951197386745,378.004931232879,2026-07-31 15:00:00,0x411efb0e7f985935daec3d4c3ebaea0d0ad7d89f
3,3.5724571306559056,186.223572229918,8,26.161689886630054,1371.854522033172,0,,,1,0.4823473856839668,25.019339248176,2026-07-31 16:00:00,0x411efb0e7f985935daec3d4c3ebaea0d0ad7d89f
0,,,4,1.3123418769635873,69.09486865784599,3,4.163514154516602,217.43770186313,5,2.1593883004823606,112.57491022529098,2026-07-31 17:00:00,0x411efb0e7f985935daec3d4c3ebaea0d0ad7d89f
0,,,1,0.22478806792371006,11.874984828126,7,21.231907288841516,1118.0552552066827,4,7.06280395611911,369.351846768344,2026-07-31 18:00:00,0x411efb0e7f985935daec3d4c3ebaea0d0ad7d89f
2,0.9548592471317843,49.79898175343144,3,5.278845053484808,277.848567048691,0,,,2,3.8507446539596817,201.819667441216,2026-07-31 19:00:00,0x411efb0e7f985935daec3d4c3ebaea0d0ad7d89f
5,15.735569647810683,825.3465062075269,1,1.0603610602202866,54.88400442945,25,8.323096462889152,435.4001236966619,0,,,2026-07-31 20:00:00,0x411efb0e7f985935daec3d4c3ebaea0d0ad7d89f
8,1.6782078391089228,87.871265966705,11,20.40833325606054,1066.296715778662,6,1.441137183189761,75.206158461802,3,4.163514154516602,217.43770186313,2026-07-31 21:00:00,0x411efb0e7f985935daec3d4c3ebaea0d0ad7d89f
1,0.4070529743804662,21.230092012794,3,2.872124335903618,149.98972138489,26,22.334463807672567,1169.972133104223,7,21.231907288841516,1118.0552552066827,2026-07-31 22:00:00,0x411efb0e7f985935daec3d4c3ebaea0d0ad7d89f
2,1.0603853008434605,55.806380984382,1,0.7638026674221429,40.34022642786601,7,5.924263765408053,311.4439579470819,0,,,2026-07-31 23:00:00,0x411efb0e7f985935daec3d4c3ebaea0d0ad7d89f
3,1.3010469070241355,68.22048289712201,3,1.0544007978547798,55.240707891346,8,26.161689886630054,1371.854522033172,25,8.323096462889152,435.4001236966619,2026-08-01 00:00:00,0x411efb0e7f985935daec3d4c3ebaea0d0ad7d89f
10,7.415565339587721,387.485701176332,4,0.8359567631093843,44.142353446033,4,1.3123418769635873,69.09486865784599,6,1.441137183189761,75.206158461802,2026-08-01 01:00:00,0x411efb0e7f985935daec3d4c3ebaea0d0ad7d89f
4,7.036974207017957,370.8069939791997,6,2.123999639770404,111.78397260249,1,0.22478806792371006,11.874984828126,26,22.334463807672567,1169.972133104223,2026-08-01 02:00:00,0x411efb0e7f985935daec3d4c3ebaea0d0ad7d89f
8,7.893141433472025,415.068131402219,4,9.265034838658636,488.528788047068,3,5.278845053484808,277.848567048691,7,5.924263765408053,311.4439579470819,2026-08-01 03:00:00,0x411efb0e7f985935daec3d4c3ebaea0d0ad7d89f
20,26.77527548826367,1397.8685778103222,6,8.24781139433961,432.800175940353,1,1.0603610602202866,54.88400442945,8,26.161689886630054,1371.854522033172,2026-08-01 04:00:00,0x411efb0e7f985935daec3d4c3ebaea0d0ad7d89f
2,0.6532797114578217,34.466023615177,8,13.950974723686699,726.3635970185,11,20.40833325606054,1066.296715778662,4,1.3123418769635873,69.09486865784599,2026-08-01 05:00:00,0x411efb0e7f985935daec3d4c3ebaea0d0ad7d89f
4,4.242509924737797,223.787444177111,3,0.47613703571951765,24.734675950380005,3,2.872124335903618,149.98972138489,1,0.22478806792371006,11.874984828126,2026-08-01 06:00:00,0x411efb0e7f985935daec3d4c3ebaea0d0ad7d89f
1,0.037404960247418496,1.948733821896,3,9.250283947847102,480.18223370056097,1,0.7638026674221429,40.34022642786601,3,5.278845053484808,277.848567048691,2026-08-01 07:00:00,0x411efb0e7f985935daec3d4c3ebaea0d0ad7d89f
4,7.14590941973642,373.26658145009594,2,2.1689267579225793,113.30549896359001,3,1.0544007978547798,55.240707891346,1,1.0603610602202866,54.88400442945,2026-08-01 08:00:00,0x411efb0e7f985935daec3d4c3ebaea0d0ad7d89f
11,10.38257787895095,542.242358425967,4,1.6569778429897022,86.86410814034662,4,0.8359567631093843,44.142353446033,11,20.40833325606054,1066.296715778662,2026-08-01 09:00:00,0x411efb0e7f985935daec3d4c3ebaea0d0ad7d89f
6,0.7570445726975643,39.47013776298299,11,8.095301215840019,425.1399388179622,6,2.123999639770404,111.78397260249,3,2.872124335903618,149.98972138489,2026-08-01 10:00:00,0x411efb0e7f985935daec3d4c3ebaea0d0ad7d89f
3,2.177921022577806,114.99571851109998,4,1.9688488423467831,103.08896403103867,4,9.265034838658636,488.528788047068,1,0.7638026674221429,40.34022642786601,2026-08-01 11:00:00,0x411efb0e7f985935daec3d4c3ebaea0d0ad7d89f
1,0.2785007374022901,14.69993759856,2,0.08133630018121323,4.2222854591556,6,8.24781139433961,432.800175940353,3,1.0544007978547798,55.240707891346,2026-08-01 12:00:00,0x411efb0e7f985935daec3d4c3ebaea0d0ad7d89f
3,0.8899919013558684,46.998640849296,6,21.25155888080945,1116.946692756664,8,13.950974723686699,726.3635970185,4,0.8359567631093843,44.142353446033,2026-08-01 13:00:00,0x411efb0e7f985935daec3d4c3ebaea0d0ad7d89f
5,1.001158769318118,52.77981810059801,5,0.8244565895435391,43.377454560661,3,0.47613703571951765,24.734675950380005,6,2.123999639770404,111.78397260249,2026-08-01 14:00:00,0x411efb0e7f985935daec3d4c3ebaea0d0ad7d89f
3,0.6604532820386078,34.871956635078,2,2.199208569532616,115.080252883155,3,9.250283947847102,480.18223370056097,4,9.265034838658636,488.528788047068,2026-08-01 15:00:00,0x411efb0e7f985935daec3d4c3ebaea0d0ad7d89f
10,5.915369643979256,310.8938529339971,1,0.4158396292507487,21.874894363135,2,2.1689267579225793,113.30549896359001,6,8.24781139433961,432.800175940353,2026-08-01 16:00:00,0x411efb0e7f985935daec3d4c3ebaea0d0ad7d89f
4,9.391423760778569,495.88828262373806,2,1.0058267195650907,53.45021217467101,4,1.6569778429897022,86.86410814034662,8,13.950974723686699,726.3635970185,2026-08-01 17:00:00,0x411efb0e7f985935daec3d4c3ebaea0d0ad7d89f
0,,,1,6.510381114908334,345.90371244796097,11,8.095301215840019,425.1399388179622,3,0.47613703571951765,24.734675950380005,2026-08-01 18:00:00,0x411efb0e7f985935daec3d4c3ebaea0d0ad7d89f
6,10.40185367333261,546.6595041188699,5,3.0227421538049306,160.46701084550904,4,1.9688488423467831,103.08896403103867,3,9.250283947847102,480.18223370056097,2026-08-01 19:00:00,0x411efb0e7f985935daec3d4c3ebaea0d0ad7d89f
1,0.01217494290536902,0.633272940818,4,2.8117536982625757,149.22546359977207,2,0.08133630018121323,4.2222854591556,2,2.1689267579225793,113.30549896359001,2026-08-01 20:00:00,0x411efb0e7f985935daec3d4c3ebaea0d0ad7d89f
4,1.7631592919562948,92.06589077299137,2,0.6152433107688265,32.68663845342999,6,21.25155888080945,1116.946692756664,4,1.6569778429897022,86.86410814034662,2026-08-01 21:00:00,0x411efb0e7f985935daec3d4c3ebaea0d0ad7d89f
2,0.5338692341499585,27.656905003566827,4,5.2832753705798705,280.76668398158597,5,0.8244565895435391,43.377454560661,11,8.095301215840019,425.1399388179622,2026-08-01 22:00:00,0x411efb0e7f985935daec3d4c3ebaea0d0ad7d89f
3,4.601727671714825,243.19987064186037,2,0.10264321259205869,5.417837237697,2,2.199208569532616,115.080252883155,4,1.9688488423467831,103.08896403103867,2026-08-01 23:00:00,0x411efb0e7f985935daec3d4c3ebaea0d0ad7d89f
7,16.477271842071595,869.13850082805,2,0.15548268335621626,8.247350466983,1,0.4158396292507487,21.874894363135,2,0.08133630018121323,4.2222854591556,2026-08-02 00:00:00,0x411efb0e7f985935daec3d4c3ebaea0d0ad7d89f
2,2.1675244996134735,114.547912075505,6,1.104553571073517,58.132135460399006,2,1.0058267195650907,53.45021217467101,6,21.25155888080945,1116.946692756664,2026-08-02 01:00:00,0x411efb0e7f985935daec3d4c3ebaea0d0ad7d89f
2,0.04716566998792704,2.473390659551555,6,5.852726604182906,308.93918621292096,1,6.510381114908334,345.90371244796097,5,0.8244565895435391,43.377454560661,2026-08-02 02:00:00,0x411efb0e7f985935daec3d4c3ebaea0d0ad7d89f
6,84.51980171389725,4462.2666694566,4,4.282514551631319,227.36976617054398,5,3.0227421538049306,160.46701084550904,2,2.199208569532616,115.080252883155,2026-08-02 03:00:00,0x411efb0e7f985935daec3d4c3ebaea0d0ad7d89f
24,223.3255604720168,11845.950815449418,5,11.909264965838942,630.1933326551141,4,2.8117536982625757,149.22546359977207,1,0.4158396292507487,21.874894363135,2026-08-02 04:00:00,0x411efb0e7f985935daec3d4c3ebaea0d0ad7d89f
2,2.370780383111172,125.94489952898499,6,8.398732924065499,445.332133523307,2,0.6152433107688265,32.68663845342999,2,1.0058267195650907,53.45021217467101,2026-08-02 05:00:00,0x411efb0e7f985935daec3d4c3ebaea0d0ad7d89f
1,0.023515621986167176,1.2404098871760003,7,0.8445524357347393,44.583622053233,4,5.2832753705798705,280.76668398158597,1,6.510381114908334,345.90371244796097,2026-08-02 06:00:00,0x411efb0e7f985935daec3d4c3ebaea0d0ad7d89f
2,0.11937334678843836,6.328062442264,2,2.3753994296380987,126.476357709272,2,0.10264321259205869,5.417837237697,5,3.0227421538049306,160.46701084550904,2026-08-02 07:00:00,0x411efb0e7f985935daec3d4c3ebaea0d0ad7d89f
5,0.5676413926573135,29.984415442370004,12,6.756872466827633,359.35891047166206,2,0.15548268335621626,8.247350466983,4,2.8117536982625757,149.22546359977207,2026-08-02 08:00:00,0x411efb0e7f985935daec3d4c3ebaea0d0ad7d89f
3,0.8300167045148323,43.837705860896,11,73.79837980574716,3936.773384146886,6,1.104553571073517,58.132135460399006,2,0.6152433107688265,32.68663845342999,2026-08-02 09:00:00,0x411efb0e7f985935daec3d4c3ebaea0d0ad7d89f
0,,,23,85.27007779250008,4550.6106109646225,6,5.852726604182906,308.93918621292096,4,5.2832753705798705,280.76668398158597,2026-08-02 10:00:00,0x411efb0e7f985935daec3d4c3ebaea0d0ad7d89f
2,5.647756982461361,300.225245302384,8,1.6798889220852937,88.782758913509,4,4.282514551631319,227.36976617054398,2,0.10264321259205869,5.417837237697,2026-08-02 11:00:00,0x411efb0e7f985935daec3d4c3ebaea0d0ad7d89f
5,6.713977498449628,353.98861827317,18,10.889475349473226,572.6812061960644,5,11.909264965838942,630.1933326551141,2,0.15548268335621626,8.247350466983,2026-08-02 12:00:00,0x411efb0e7f985935daec3d4c3ebaea0d0ad7d89f
9,35.352279589063606,1866.9839044380349,9,15.057038080856097,797.433511836667,6,8.398732924065499,445.332133523307,6,1.104553571073517,58.132135460399006,2026-08-02 13:00:00,0x411efb0e7f985935daec3d4c3ebaea0d0ad7d89f
8,6.942316504710719,367.274861415448,2,0.13349859354366406,7.0119918775059995,7,0.8445524357347393,44.583622053233,6,5.852726604182906,308.93918621292096,2026-08-02 14:00:00,0x411efb0e7f985935daec3d4c3ebaea0d0ad7d89f
1,0.9909896453114918,52.518637500000004,1,3.333392119226092,174.992479625054,2,2.3753994296380987,126.476357709272,4,4.282514551631319,227.36976617054398,2026-08-02 15:00:00,0x411efb0e7f985935daec3d4c3ebaea0d0ad7d89f
7,4.0446137768074655,213.76313981285398,4,5.711716866796543,302.057485048875,12,6.756872466827633,359.35891047166206,5,11.909264965838942,630.1933326551141,2026-08-02 16:00:00,0x411efb0e7f985935daec3d4c3ebaea0d0ad7d89f
4,4.033856590405095,214.31989892045897,10,8.103569463846432,429.3794210396521,11,73.79837980574716,3936.773384146886,6,8.398732924065499,445.332133523307,2026-08-02 17:00:00,0x411efb0e7f985935daec3d4c3ebaea0d0ad7d89f
12,83.95385803091081,4466.476498650022,10,37.05299667397035,1941.4401865018854,23,85.27007779250008,4550.6106109646225,7,0.8445524357347393,44.583622053233,2026-08-02 18:00:00,0x411efb0e7f985935daec3d4c3ebaea0d0ad7d89f
4,1.4252419691309706,75.396407052193,5,6.36155643174753,339.319541836323,8,1.6798889220852937,88.782758913509,2,2.3753994296380987,126.476357709272,2026-08-02 19:00:00,0x411efb0e7f985935daec3d4c3ebaea0d0ad7d89f
13,53.97798924846091,2875.196387674936,4,10.9980956575355,579.858830066236,18,10.889475349473226,572.6812061960644,12,6.756872466827633,359.35891047166206,2026-08-02 20:00:00,0x411efb0e7f985935daec3d4c3ebaea0d0ad7d89f
1,1.9251408795007277,102.80919971868002,7,2.328228441012348,122.61308026168487,9,15.057038080856097,797.433511836667,11,73.79837980574716,3936.773384146886,2026-08-02 21:00:00,0x411efb0e7f985935daec3d4c3ebaea0d0ad7d89f
16,21.702767187150766,1147.9091285629488,2,2.556555673510458,133.83997925441102,2,0.13349859354366406,7.0119918775059995,23,85.27007779250008,4550.6106109646225,2026-08-02 22:00:00,0x411efb0e7f985935daec3d4c3ebaea0d0ad7d89f
5,1.2611656875501074,66.403328118418,5,3.7644016863164897,199.235223748949,1,3.333392119226092,174.992479625054,8,1.6798889220852937,88.782758913509,2026-08-02 23:00:00,0x411efb0e7f985935daec3d4c3ebaea0d0ad7d89f
9,3.353491517802006,176.810463692077,10,24.872687059449518,1300.7494716424267,4,5.711716866796543,302.057485048875,18,10.889475349473226,572.6812061960644,2026-08-03 00:00:00,0x411efb0e7f985935daec3d4c3ebaea0d0ad7d89f
7,41.83756071992621,2191.8877327618,34,303.17238895767025,15799.095640598172,10,8.103569463846432,429.3794210396521,9,15.057038080856097,797.433511836667,2026-08-03 01:00:00,0x411efb0e7f985935daec3d4c3ebaea0d0ad7d89f
3,0.600423149444712,31.461500182834996,32,40.86431318829566,2097.894571601256,10,37.05299667397035,1941.4401865018854,2,0.13349859354366406,7.0119918775059995,2026-08-03 02:00:00,0x411efb0e7f985935daec3d4c3ebaea0d0ad7d89f
3,2.073637782121946,110.547036143444,6,7.291263796890744,377.2097186603444,5,6.36155643174753,339.319541836323,1,3.333392119226092,174.992479625054,2026-08-03 03:00:00,0x411efb0e7f985935daec3d4c3ebaea0d0ad7d89f
3,2.0369766022473796,108.593573467365,5,1.3920526016485133,72.115887529327,4,10.9980956575355,579.858830066236,4,5.711716866796543,302.057485048875,2026-08-03 04:00:00,0x411efb0e7f985935daec3d4c3ebaea0d0ad7d89f
3,5.766047927949889,303.01732167652625,13,13.939927468150433,725.9019766918001,7,2.328228441012348,122.61308026168487,10,8.103569463846432,429.3794210396521,2026-08-03 05:00:00,0x411efb0e7f985935daec3d4c3ebaea0d0ad7d89f
9,13.424610602772022,708.7751346305769,9,1.848841915383003,96.05936141252901,2,2.556555673510458,133.83997925441102,10,37.05299667397035,1941.4401865018854,2026-08-03 06:00:00,0x411efb0e7f985935daec3d4c3ebaea0d0ad7d89f
10,11.325790236422103,594.7518072945732,18,27.914538513420673,1460.2273137627844,5,3.7644016863164897,199.235223748949,5,6.36155643174753,339.319541836323,2026-08-03 07:00:00,0x411efb0e7f985935daec3d4c3ebaea0d0ad7d89f
2,0.6147984571736032,32.326018861796996,17,27.020753680113067,1421.5851866219448,10,24.872687059449518,1300.7494716424267,4,10.9980956575355,579.858830066236,2026-08-03 08:00:00,0x411efb0e7f985935daec3d4c3ebaea0d0ad7d89f
5,11.466191804234153,603.238307562664,7,9.884671571530982,519.82078066612,34,303.17238895767025,15799.095640598172,7,2.328228441012348,122.61308026168487,2026-08-03 09:00:00,0x411efb0e7f985935daec3d4c3ebaea0d0ad7d89f
3,5.588155812665026,294.301643819083,5,0.7274861918362923,38.182601639005185,32,40.86431318829566,2097.894571601256,2,2.556555673510458,133.83997925441102,2026-08-03 10:00:00,0x411efb0e7f985935daec3d4c3ebaea0d0ad7d89f
7,19.328161050669173,1013.4966359934051,6,1.99455673812241,104.81088703983325,6,7.291263796890744,377.2097186603444,5,3.7644016863164897,199.235223748949,2026-08-03 11:00:00,0x411efb0e7f985935daec3d4c3ebaea0d0ad7d89f
12,59.13502695455285,3091.8682318335746,11,12.243310750045561,644.4217876369459,5,1.3920526016485133,72.115887529327,10,24.872687059449518,1300.7494716424267,2026-08-03 12:00:00,0x411efb0e7f985935daec3d4c3ebaea0d0ad7d89f
107,664.2085670793283,34313.239765290185,6,0.7922416088691433,41.65842043212785,13,13.939927468150433,725.9019766918001,34,303.17238895767025,15799.095640598172,2026-08-03 13:00:00,0x411efb0e7f985935daec3d4c3ebaea0d0ad7d89f
4,3.774991490346854,195.214068323,42,255.95247446732697,13583.396395217545,9,1.848841915383003,96.05936141252901,32,40.86431318829566,2097.894571601256,2026-08-03 14:00:00,0x411efb0e7f985935daec3d4c3ebaea0d0ad7d89f
6,8.256141686817758,428.3664233047462,12,8.49443329738552,450.9760860018921,18,27.914538513420673,1460.2273137627844,6,7.291263796890744,377.2097186603444,2026-08-03 15:00:00,0x411efb0e7f985935daec3d4c3ebaea0d0ad7d89f
1,0.028956875367677104,1.49650663932,4,0.23355147181501767,12.335366134114505,17,27.020753680113067,1421.5851866219448,5,1.3920526016485133,72.115887529327,2026-08-03 16:00:00,0x411efb0e7f985935daec3d4c3ebaea0d0ad7d89f
8,7.545847757800305,392.95020760631377,24,120.20574784478406,6402.873607985049,7,9.884671571530982,519.82078066612,13,13.939927468150433,725.9019766918001,2026-08-03 17:00:00,0x411efb0e7f985935daec3d4c3ebaea0d0ad7d89f
10,40.4280408389344,2114.615634353195,7,2.9367440291464777,156.49741141829998,5,0.7274861918362923,38.182601639005185,9,1.848841915383003,96.05936141252901,2026-08-03 18:00:00,0x411efb0e7f985935daec3d4c3ebaea0d0ad7d89f
27,154.88553033523428,8134.0969356324285,3,0.2954250809392418,15.74391648150807,6,1.99455673812241,104.81088703983325,18,27.914538513420673,1460.2273137627844,2026-08-03 19:00:00,0x411efb0e7f985935daec3d4c3ebaea0d0ad7d89f
1,0.014313850349178491,0.7485529254,4,0.7762983133737793,41.32952186325699,11,12.243310750045561,644.4217876369459,17,27.020753680113067,1421.5851866219448,2026-08-03 20:00:00,0x411efb0e7f985935daec3d4c3ebaea0d0ad7d89f
5,8.034016313475457,422.7121788532701,2,0.05566254155524364,2.959116241812,6,0.7922416088691433,41.65842043212785,7,9.884671571530982,519.82078066612,2026-08-03 21:00:00,0x411efb0e7f985935daec3d4c3ebaea0d0ad7d89f
8,2.0672323552905687,107.50838504119474,8,3.9413570947946175,209.95336869630916,42,255.95247446732697,13583.396395217545,5,0.7274861918362923,38.182601639005185,2026-08-03 22:00:00,0x411efb0e7f985935daec3d4c3ebaea0d0ad7d89f
3,2.0397134785230753,106.97251335804,3,0.5475703111270986,29.028222384521,12,8.49443329738552,450.9760860018921,6,1.99455673812241,104.81088703983325,2026-08-03 23:00:00,0x411efb0e7f985935daec3d4c3ebaea0d0ad7d89f
50,263.6785559760062,13923.898615839185,33,276.43658951720596,14814.938064529766,4,0.23355147181501767,12.335366134114505,11,12.243310750045561,644.4217876369459,2026-08-04 00:00:00,0x411efb0e7f985935daec3d4c3ebaea0d0ad7d89f
6,2.279403728512734,119.79851387057103,50,319.4044073148784,17245.480464888195,24,120.20574784478406,6402.873607985049,6,0.7922416088691433,41.65842043212785,2026-08-04 01:00:00,0x411efb0e7f985935daec3d4c3ebaea0d0ad7d89f
5,0.44385698030293197,23.560314147641996,18,42.49924858212244,2302.5519483003945,7,2.9367440291464777,156.49741141829998,42,255.95247446732697,13583.396395217545,2026-08-04 02:00:00,0x411efb0e7f985935daec3d4c3ebaea0d0ad7d89f
1,0.3761547574024826,20.00368,12,3.1436858520693467,168.764830303436,3,0.2954250809392418,15.74391648150807,12,8.49443329738552,450.9760860018921,2026-08-04 03:00:00,0x411efb0e7f985935daec3d4c3ebaea0d0ad7d89f
11,63.0731465596882,3353.2748207571976,16,10.17008617787643,548.9333300469709,4,0.7762983133737793,41.32952186325699,4,0.23355147181501767,12.335366134114505,2026-08-04 04:00:00,0x411efb0e7f985935daec3d4c3ebaea0d0ad7d89f
9,30.926272652117888,1648.266082278853,12,2.150778125097764,116.60970116481593,2,0.05566254155524364,2.959116241812,24,120.20574784478406,6402.873607985049,2026-08-04 05:00:00,0x411efb0e7f985935daec3d4c3ebaea0d0ad7d89f
7,48.017878264711584,2564.4011324996422,6,0.7467269549088131,40.537437443594996,8,3.9413570947946175,209.95336869630916,7,2.9367440291464777,156.49741141829998,2026-08-04 06:00:00,0x411efb0e7f985935daec3d4c3ebaea0d0ad7d89f
15,28.672539050744213,1522.2920818229652,5,1.9440854840830384,104.860417174103,3,0.5475703111270986,29.028222384521,3,0.2954250809392418,15.74391648150807,2026-08-04 07:00:00,0x411efb0e7f985935daec3d4c3ebaea0d0ad7d89f
2,31.173546326609735,1666.6239502947037,5,0.537801476523786,29.024307558335224,33,276.43658951720596,14814.938064529766,4,0.7762983133737793,41.32952186325699,2026-08-04 08:00:00,0x411efb0e7f985935daec3d4c3ebaea0d0ad7d89f
6,5.783981738088279,306.942771951393,7,1.5650977394379886,84.15242539977493,50,319.4044073148784,17245.480464888195,2,0.05566254155524364,2.959116241812,2026-08-04 09:00:00,0x411efb0e7f985935daec3d4c3ebaea0d0ad7d89f
7,2.056330595959355,109.04683557217983,5,0.5971676804504602,32.086939943985,18,42.49924858212244,2302.5519483003945,8,3.9413570947946175,209.95336869630916,2026-08-04 10:00:00,0x411efb0e7f985935daec3d4c3ebaea0d0ad7d89f
6,2.8951567958516993,154.57079415432,1,0.006077233034618455,0.326357577628,12,3.1436858520693467,168.764830303436,3,0.5475703111270986,29.028222384521,2026-08-04 11:00:00,0x411efb0e7f985935daec3d4c3ebaea0d0ad7d89f
10,50.44670913911334,2713.510759040148,5,1.429983878378045,76.80486419458799,16,10.17008617787643,548.9333300469709,33,276.43658951720596,14814.938064529766,2026-08-04 12:00:00,0x411efb0e7f985935daec3d4c3ebaea0d0ad7d89f
8,5.066065664026169,272.57704738364606,6,2.088356424556062,112.393384787717,12,2.150778125097764,116.60970116481593,50,319.4044073148784,17245.480464888195,2026-08-04 13:00:00,0x411efb0e7f985935daec3d4c3ebaea0d0ad7d89f
10,13.446514247653825,721.5927025152181,16,7.500489041401296,405.406213770342,6,0.7467269549088131,40.537437443594996,18,42.49924858212244,2302.5519483003945,2026-08-04 14:00:00,0x411efb0e7f985935daec3d4c3ebaea0d0ad7d89f
5,2.8003253624277846,150.38679562535674,62,476.305464132683,26019.104971398363,5,1.9440854840830384,104.860417174103,12,3.1436858520693467,168.764830303436,2026-08-04 15:00:00,0x411efb0e7f985935daec3d4c3ebaea0d0ad7d89f
6,4.444533506669875,240.6848837441344,2,0.1507017969437806,8.251475978888,5,0.537801476523786,29.024307558335224,16,10.17008617787643,548.9333300469709,2026-08-04 16:00:00,0x411efb0e7f985935daec3d4c3ebaea0d0ad7d89f
17,69.24853059495476,3760.111417836291,1,1.132130904258062,61.96150090207,7,1.5650977394379886,84.15242539977493,12,2.150778125097764,116.60970116481593,2026-08-04 17:00:00,0x411efb0e7f985935daec3d4c3ebaea0d0ad7d89f
7,1.9583390808666314,105.68866773546657,48,248.3466976486098,13754.939891552709,5,0.5971676804504602,32.086939943985,6,0.7467269549088131,40.537437443594996,2026-08-04 18:00:00,0x411efb0e7f985935daec3d4c3ebaea0d0ad7d89f
2,0.7047501294105323,37.97647543122,24,85.81504675254307,4788.0368262439715,1,0.006077233034618455,0.326357577628,5,1.9440854840830384,104.860417174103,2026-08-04 19:00:00,0x411efb0e7f985935daec3d4c3ebaea0d0ad7d89f
9,10.416008426116646,562.4073289531121,3,0.07873867082900957,4.380728615815363,5,1.429983878378045,76.80486419458799,5,0.537801476523786,29.024307558335224,2026-08-04 20:00:00,0x411efb0e7f985935daec3d4c3ebaea0d0ad7d89f
5,0.7331866667327559,39.39454302711828,3,4.558077774784103,253.20492439101,6,2.088356424556062,112.393384787717,7,1.5650977394379886,84.15242539977493,2026-08-04 21:00:00,0x411efb0e7f985935daec3d4c3ebaea0d0ad7d89f
7,1.14330101493055,61.48349526043101,1,0.11584832411403476,6.420951946349001,16,7.500489041401296,405.406213770342,5,0.5971676804504602,32.086939943985,2026-08-04 22:00:00,0x411efb0e7f985935daec3d4c3ebaea0d0ad7d89f
8,32.30338257697588,1748.2650413558201,5,1.17773829394887,65.13313622987599,62,476.305464132683,26019.104971398363,1,0.006077233034618455,0.326357577628,2026-08-04 23:00:00,0x411efb0e7f985935daec3d4c3ebaea0d0ad7d89f
1,0.1596934206342264,12.006625,0,,,9,0.7213139958526527,47.317811663365134,3,2.434354330460196,177.98801167629614,2026-07-29 00:00:00,0x5f10a1c971b69e47e059e1dc91901b59b3fb49c3
5,0.12411114754972766,8.333540203740077,1,0.001383630691309507,0.09042729713963044,4,0.9288093571339324,60.63327554207966,4,0.4072229710973326,28.964276038946764,2026-07-29 01:00:00,0x5f10a1c971b69e47e059e1dc91901b59b3fb49c3
8,0.4968409449072509,32.933580990107664,11,9.353865732036772,605.5039397466473,0,,,4,1.932976922280032,128.64413925397514,2026-07-29 02:00:00,0x5f10a1c971b69e47e059e1dc91901b59b3fb49c3
6,1.0772152307671232,71.38628632131068,3,0.22347491113823573,14.732996981730663,1,0.01560732392310932,1.0270578425362094,2,0.22800817418683755,15.448395588771849,2026-07-29 03:00:00,0x5f10a1c971b69e47e059e1dc91901b59b3fb49c3
8,3.406500463322359,222.56817659845078,6,2.7521382364213207,169.5401050222992,0,,,9,0.7213139958526527,47.317811663365134,2026-07-29 04:00:00,0x5f10a1c971b69e47e059e1dc91901b59b3fb49c3
1,0.02049908476034471,1.4892812500000001,0,,,0,,,4,0.9288093571339324,60.63327554207966,2026-07-29 05:00:00,0x5f10a1c971b69e47e059e1dc91901b59b3fb49c3
1,0.020498081932093848,1.492234375,2,0.13958686084795371,8.644011999500343,0,,,0,,,2026-07-29 06:00:00,0x5f10a1c971b69e47e059e1dc91901b59b3fb49c3
3,0.052381480903375674,3.7448628694157695,2,1.5083227321094308,102.40862176470841,1,2.1740304295984e-05,0.001429603871443445,1,0.01560732392310932,1.0270578425362094,2026-07-29 07:00:00,0x5f10a1c971b69e47e059e1dc91901b59b3fb49c3
0,,,3,1.0904929684873936,66.54315455727188,0,,,0,,,2026-07-29 08:00:00,0x5f10a1c971b69e47e059e1dc91901b59b3fb49c3
0,,,11,0.9989355920071719,60.51603591577887,1,0.001383630691309507,0.09042729713963044,0,,,2026-07-29 09:00:00,0x5f10a1c971b69e47e059e1dc91901b59b3fb49c3
0,,,8,3.0770678430363327,182.38025514007452,11,9.353865732036772,605.5039397466473,0,,,2026-07-29 10:00:00,0x5f10a1c971b69e47e059e1dc91901b59b3fb49c3
0,,,0,,,3,0.22347491113823573,14.732996981730663,1,2.1740304295984e-05,0.001429603871443445,2026-07-29 11:00:00,0x5f10a1c971b69e47e059e1dc91901b59b3fb49c3
0,,,2,0.06451796176070836,4.148582048359143,6,2.7521382364213207,169.5401050222992,0,,,2026-07-29 12:00:00,0x5f10a1c971b69e47e059e1dc91901b59b3fb49c3
3,0.1324023561284717,9.243157317254006,1,1.436105913012971,94.738,0,,,1,0.001383630691309507,0.09042729713963044,2026-07-29 13:00:00,0x5f10a1c971b69e47e059e1dc91901b59b3fb49c3
6,3.951225178992801,250.83479937669998,2,1.4295736354115185,95.83185706839815,2,0.13958686084795371,8.644011999500343,11,9.353865732036772,605.5039397466473,2026-07-29 14:00:00,0x5f10a1c971b69e47e059e1dc91901b59b3fb49c3
15,10.641155537126748,664.7274462501396,1,0.17741692980160537,11.9475,2,1.5083227321094308,102.40862176470841,3,0.22347491113823573,14.732996981730663,2026-07-29 15:00:00,0x5f10a1c971b69e47e059e1dc91901b59b3fb49c3
22,5.970489892217005,363.95495794395174,1,0.022167808130460383,1.4905625000000002,3,1.0904929684873936,66.54315455727188,6,2.7521382364213207,169.5401050222992,2026-07-29 16:00:00,0x5f10a1c971b69e47e059e1dc91901b59b3fb49c3
0,,,4,0.682699135287692,41.527814979801605,11,0.9989355920071719,60.51603591577887,0,,,2026-07-29 17:00:00,0x5f10a1c971b69e47e059e1dc91901b59b3fb49c3
0,,,2,0.04463770200870562,2.991806715851,8,3.0770678430363327,182.38025514007452,2,0.13958686084795371,8.644011999500343,2026-07-29 18:00:00,0x5f10a1c971b69e47e059e1dc91901b59b3fb49c3
1,0.08744666138888883,5.970125,3,0.08139586579825209,4.902379132971048,0,,,2,1.5083227321094308,102.40862176470841,2026-07-29 19:00:00,0x5f10a1c971b69e47e059e1dc91901b59b3fb49c3
0,,,2,0.23858504482770193,15.574362258749908,2,0.06451796176070836,4.148582048359143,3,1.0904929684873936,66.54315455727188,2026-07-29 20:00:00,0x5f10a1c971b69e47e059e1dc91901b59b3fb49c3
22,9.131886597488322,546.1503845677005,1,0.04435994761828704,2.989140625,1,1.436105913012971,94.738,11,0.9989355920071719,60.51603591577887,2026-07-29 21:00:00,0x5f10a1c971b69e47e059e1dc91901b59b3fb49c3
1,0.02249022366795633,1.4880390625000002,1,0.02217620136288991,1.4968125,2,1.4295736354115185,95.83185706839815,8,3.0770678430363327,182.38025514007452,2026-07-29 22:00:00,0x5f10a1c971b69e47e059e1dc91901b59b3fb49c3
1,0.1798796187288357,11.878250000000001,1,0.011087696553208033,0.74942578125,1,0.17741692980160537,11.9475,0,,,2026-07-29 23:00:00,0x5f10a1c971b69e47e059e1dc91901b59b3fb49c3
1,0.04495544466187024,2.9839375,1,0.17735789419108497,11.991687500000001,1,0.022167808130460383,1.4905625000000002,2,0.06451796176070836,4.148582048359143,2026-07-30 00:00:00,0x5f10a1c971b69e47e059e1dc91901b59b3fb49c3
1,1.431335027094859,94.95850000000002,0,,,4,0.682699135287692,41.527814979801605,1,1.436105913012971,94.738,2026-07-30 01:00:00,0x5f10a1c971b69e47e059e1dc91901b59b3fb49c3
2,1.4221812431141998,95.73688868829139,49,44.860602946464276,3119.4006203813356,2,0.04463770200870562,2.991806715851,2,1.4295736354115185,95.83185706839815,2026-07-30 02:00:00,0x5f10a1c971b69e47e059e1dc91901b59b3fb49c3
1,0.08868218074014256,5.95990625,1,0.8178467419480218,60.95078866088397,3,0.08139586579825209,4.902379132971048,1,0.17741692980160537,11.9475,2026-07-30 03:00:00,0x5f10a1c971b69e47e059e1dc91901b59b3fb49c3
1,0.044332332363077494,2.9763750000000004,10,6.439007413758059,482.88463416755127,2,0.23858504482770193,15.574362258749908,1,0.022167808130460383,1.4905625000000002,2026-07-30 04:00:00,0x5f10a1c971b69e47e059e1dc91901b59b3fb49c3
1,0.02219227233009335,1.4846640625,2,1.4744824095290712,109.91607283453494,1,0.04435994761828704,2.989140625,4,0.682699135287692,41.527814979801605,2026-07-30 05:00:00,0x5f10a1c971b69e47e059e1dc91901b59b3fb49c3
1,0.04437699353107218,2.970890625,4,13.696031348546654,1055.9073328425156,1,0.02217620136288991,1.4968125,2,0.04463770200870562,2.991806715851,2026-07-30 06:00:00,0x5f10a1c971b69e47e059e1dc91901b59b3fb49c3
1,0.04438018926970668,2.9725312500000003,2,1.4042987887814726,109.6208890985973,1,0.011087696553208033,0.74942578125,3,0.08139586579825209,4.902379132971048,2026-07-30 07:00:00,0x5f10a1c971b69e47e059e1dc91901b59b3fb49c3
1,0.04436425983862239,2.97259375,2,1.2511912340780655,99.53929585877579,1,0.17735789419108497,11.991687500000001,2,0.23858504482770193,15.574362258749908,2026-07-30 08:00:00,0x5f10a1c971b69e47e059e1dc91901b59b3fb49c3
1,0.04435563602664493,2.99184375,3,1.370540545165935,109.03813318374496,0,,,1,0.04435994761828704,2.989140625,2026-07-30 09:00:00,0x5f10a1c971b69e47e059e1dc91901b59b3fb49c3
0,,,1,1.191392835779539,95.979,49,44.860602946464276,3119.4006203813356,1,0.02217620136288991,1.4968125,2026-07-30 10:00:00,0x5f10a1c971b69e47e059e1dc91901b59b3fb49c3
1,0.0221745848990386,1.4975546875,1,1.1861893173201556,96.3925,1,0.8178467419480218,60.95078866088397,1,0.011087696553208033,0.74942578125,2026-07-30 11:00:00,0x5f10a1c971b69e47e059e1dc91901b59b3fb49c3
2,0.16135274842876823,9.996820882807777,5,1.4185660017850246,114.61724442218862,10,6.439007413758059,482.88463416755127,1,0.17735789419108497,11.991687500000001,2026-07-30 12:00:00,0x5f10a1c971b69e47e059e1dc91901b59b3fb49c3
9,4.956769181753271,337.1936834978519,3,1.3294905750255555,107.88054035786794,2,1.4744824095290712,109.91607283453494,0,,,2026-07-30 13:00:00,0x5f10a1c971b69e47e059e1dc91901b59b3fb49c3
12,8.734011612876536,644.7748159484897,2,1.1663217236897148,96.19502697719703,4,13.696031348546654,1055.9073328425156,49,44.860602946464276,3119.4006203813356,2026-07-30 14:00:00,0x5f10a1c971b69e47e059e1dc91901b59b3fb49c3
1,0.08040312486453592,5.9854062500000005,1,1.1597219470155307,95.209,2,1.4042987887814726,109.6208890985973,1,0.8178467419480218,60.95078866088397,2026-07-30 15:00:00,0x5f10a1c971b69e47e059e1dc91901b59b3fb49c3
0,,,3,1.2013201601309735,98.84025858177301,2,1.2511912340780655,99.53929585877579,10,6.439007413758059,482.88463416755127,2026-07-30 16:00:00,0x5f10a1c971b69e47e059e1dc91901b59b3fb49c3
3,0.09060228394326242,6.181931075986934,2,0.06509936059800221,4.859635491806714,3,1.370540545165935,109.03813318374496,2,1.4744824095290712,109.91607283453494,2026-07-30 17:00:00,0x5f10a1c971b69e47e059e1dc91901b59b3fb49c3
6,4.348905380946401,341.68149396861304,2,1.1439306088071084,95.13577256614154,1,1.191392835779539,95.979,4,13.696031348546654,1055.9073328425156,2026-07-30 18:00:00,0x5f10a1c971b69e47e059e1dc91901b59b3fb49c3
1,1.2084180639023097,95.88,3,0.031472546854735474,2.3583145940167207,1,1.1861893173201556,96.3925,2,1.4042987887814726,109.6208890985973,2026-07-30 19:00:00,0x5f10a1c971b69e47e059e1dc91901b59b3fb49c3
1,1.2016386119211389,96.185,0,,,5,1.4185660017850246,114.61724442218862,2,1.2511912340780655,99.53929585877579,2026-07-30 20:00:00,0x5f10a1c971b69e47e059e1dc91901b59b3fb49c3
2,1.1955298970223822,96.08848618568939,1,0.14250097352139393,11.15176018301025,3,1.3294905750255555,107.88054035786794,3,1.370540545165935,109.03813318374496,2026-07-30 21:00:00,0x5f10a1c971b69e47e059e1dc91901b59b3fb49c3
3,1.7657913720303968,138.19228908332886,1,0.008923424847455985,0.7349765625,2,1.1663217236897148,96.19502697719703,1,1.191392835779539,95.979,2026-07-30 22:00:00,0x5f10a1c971b69e47e059e1dc91901b59b3fb49c3
1,1.1828244504010423,96.2285,0,,,1,1.1597219470155307,95.209,1,1.1861893173201556,96.3925,2026-07-30 23:00:00,0x5f10a1c971b69e47e059e1dc91901b59b3fb49c3
3,1.3384487734244361,108.38566805055542,1,0.07138040383275501,5.88196875,3,1.2013201601309735,98.84025858177301,5,1.4185660017850246,114.61724442218862,2026-07-31 00:00:00,0x5f10a1c971b69e47e059e1dc91901b59b3fb49c3
3,1.203936430854211,98.78096599301371,1,0.01784237892305698,1.4632968750000002,2,0.06509936059800221,4.859635491806714,3,1.3294905750255555,107.88054035786794,2026-07-31 01:00:00,0x5f10a1c971b69e47e059e1dc91901b59b3fb49c3
3,1.1834203631634237,96.80935883838728,10,8.900718325962378,650.2215056637589,2,1.1439306088071084,95.13577256614154,2,1.1663217236897148,96.19502697719703,2026-07-31 02:00:00,0x5f10a1c971b69e47e059e1dc91901b59b3fb49c3
2,1.1777714886186046,96.64493697449245,2,0.05226052676590877,3.9489690329411173,3,0.031472546854735474,2.3583145940167207,1,1.1597219470155307,95.209,2026-07-31 03:00:00,0x5f10a1c971b69e47e059e1dc91901b59b3fb49c3
3,1.295365492608559,106.50732895957812,1,0.07485959792183124,5.79959375,0,,,3,1.2013201601309735,98.84025858177301,2026-07-31 04:00:00,0x5f10a1c971b69e47e059e1dc91901b59b3fb49c3
2,1.2906018068462082,106.43540948511426,0,,,1,0.14250097352139393,11.15176018301025,2,0.06509936059800221,4.859635491806714,2026-07-31 05:00:00,0x5f10a1c971b69e47e059e1dc91901b59b3fb49c3
2,0.21993920790478505,17.523058212062754,1,1.1957784912275404,93.59100000000001,1,0.008923424847455985,0.7349765625,2,1.1439306088071084,95.13577256614154,2026-07-31 06:00:00,0x5f10a1c971b69e47e059e1dc91901b59b3fb49c3
1,0.035857661408414565,2.6653469456752013,1,1.1889812664589763,93.40650000000001,0,,,3,0.031472546854735474,2.3583145940167207,2026-07-31 07:00:00,0x5f10a1c971b69e47e059e1dc91901b59b3fb49c3
1,0.14991776818938718,11.656056532734384,0,,,1,0.07138040383275501,5.88196875,0,,,2026-07-31 08:00:00,0x5f10a1c971b69e47e059e1dc91901b59b3fb49c3
3,0.20839063208579137,16.53731470881013,1,0.5927090629435754,46.654,1,0.01784237892305698,1.4632968750000002,1,0.14250097352139393,11.15176018301025,2026-07-31 09:00:00,0x5f10a1c971b69e47e059e1dc91901b59b3fb49c3
1,3.4280957550435e-05,0.0025475227024290645,2,0.07455501516752613,5.853044928201188,10,8.900718325962378,650.2215056637589,1,0.008923424847455985,0.7349765625,2026-07-31 10:00:00,0x5f10a1c971b69e47e059e1dc91901b59b3fb49c3
2,0.27094804676124445,21.499469919095297,1,1.1826350346695609,93.17000000000002,2,0.05226052676590877,3.9489690329411173,0,,,2026-07-31 11:00:00,0x5f10a1c971b69e47e059e1dc91901b59b3fb49c3
1,0.017843156574744907,1.46890625,1,0.004738534789114081,0.337018397029146,1,0.07485959792183124,5.79959375,1,0.07138040383275501,5.88196875,2026-07-31 12:00:00,0x5f10a1c971b69e47e059e1dc91901b59b3fb49c3
1,0.035682425094393955,2.9420156250000002,1,0.020235474429911273,1.4408880800499502,0,,,1,0.01784237892305698,1.4632968750000002,2026-07-31 13:00:00,0x5f10a1c971b69e47e059e1dc91901b59b3fb49c3
16,12.364995531880872,875.06510145731,2,0.16141811926082628,11.493536812399103,1,1.1957784912275404,93.59100000000001,10,8.900718325962378,650.2215056637589,2026-07-31 14:00:00,0x5f10a1c971b69e47e059e1dc91901b59b3fb49c3
1,0.000223428926861343,0.015623308033944435,1,0.5364096359576078,38.19620613692437,1,1.1889812664589763,93.40650000000001,2,0.05226052676590877,3.9489690329411173,2026-07-31 15:00:00,0x5f10a1c971b69e47e059e1dc91901b59b3fb49c3
1,0.037424787255738654,2.907765625,3,0.23807023109231146,18.104856027679435,0,,,1,0.07485959792183124,5.79959375,2026-07-31 16:00:00,0x5f10a1c971b69e47e059e1dc91901b59b3fb49c3
2,0.019124758173011153,1.48490517717,1,0.3074803659964834,21.89992052625557,1,0.5927090629435754,46.654,0,,,2026-07-31 17:00:00,0x5f10a1c971b69e47e059e1dc91901b59b3fb49c3
1,1.1923726135933548,93.683,1,0.14771681733941192,11.670000000000002,2,0.07455501516752613,5.853044928201188,1,1.1957784912275404,93.59100000000001,2026-07-31 18:00:00,0x5f10a1c971b69e47e059e1dc91901b59b3fb49c3
2,0.07447164930199557,5.860226852567384,0,,,1,1.1826350346695609,93.17000000000002,1,1.1889812664589763,93.40650000000001,2026-07-31 19:00:00,0x5f10a1c971b69e47e059e1dc91901b59b3fb49c3
2,0.3055883159603448,23.969106423745608,0,,,1,0.004738534789114081,0.337018397029146,0,,,2026-07-31 20:00:00,0x5f10a1c971b69e47e059e1dc91901b59b3fb49c3
1,0.01850859229878135,1.4529218750000001,0,,,1,0.020235474429911273,1.4408880800499502,1,0.5927090629435754,46.654,2026-07-31 21:00:00,0x5f10a1c971b69e47e059e1dc91901b59b3fb49c3
0,,,3,0.18487500719769176,12.997282904508957,2,0.16141811926082628,11.493536812399103,2,0.07455501516752613,5.853044928201188,2026-07-31 22:00:00,0x5f10a1c971b69e47e059e1dc91901b59b3fb49c3
1,0.5900604079161113,46.54025,0,,,1,0.5364096359576078,38.19620613692437,1,1.1826350346695609,93.17000000000002,2026-07-31 23:00:00,0x5f10a1c971b69e47e059e1dc91901b59b3fb49c3
1,0.0421899087746296,2.958881075172217,0,,,3,0.23807023109231146,18.104856027679435,1,0.004738534789114081,0.337018397029146,2026-08-01 00:00:00,0x5f10a1c971b69e47e059e1dc91901b59b3fb49c3
0,,,1,0.03691503960109122,2.915765625,1,0.3074803659964834,21.89992052625557,1,0.020235474429911273,1.4408880800499502,2026-08-01 01:00:00,0x5f10a1c971b69e47e059e1dc91901b59b3fb49c3
0,,,0,,,1,0.14771681733941192,11.670000000000002,2,0.16141811926082628,11.493536812399103,2026-08-01 02:00:00,0x5f10a1c971b69e47e059e1dc91901b59b3fb49c3
0,,,2,0.08734193250810142,6.808847924635948,0,,,1,0.5364096359576078,38.19620613692437,2026-08-01 03:00:00,0x5f10a1c971b69e47e059e1dc91901b59b3fb49c3
1,0.03690631600014578,2.9183281250000004,1,0.000670579319624303,0.04777264300765863,0,,,3,0.23807023109231146,18.104856027679435,2026-08-01 04:00:00,0x5f10a1c971b69e47e059e1dc91901b59b3fb49c3
4,0.07366152387728749,5.324694710855894,1,0.005857259820219456,0.4174182025418026,0,,,1,0.3074803659964834,21.89992052625557,2026-08-01 05:00:00,0x5f10a1c971b69e47e059e1dc91901b59b3fb49c3
0,,,0,,,3,0.18487500719769176,12.997282904508957,1,0.14771681733941192,11.670000000000002,2026-08-01 06:00:00,0x5f10a1c971b69e47e059e1dc91901b59b3fb49c3
2,0.046280085984430716,3.2697645011589973,1,0.036922218779046535,2.8738593750000003,0,,,0,,,2026-08-01 07:00:00,0x5f10a1c971b69e47e059e1dc91901b59b3fb49c3
0,,,1,0.013337646247175984,0.9327086944917629,0,,,0,,,2026-08-01 08:00:00,0x5f10a1c971b69e47e059e1dc91901b59b3fb49c3
1,0.14767131021504207,11.672062500000001,1,0.018460442943693856,1.433515625,1,0.03691503960109122,2.915765625,0,,,2026-08-01 09:00:00,0x5f10a1c971b69e47e059e1dc91901b59b3fb49c3
1,0.014838901642516816,1.0538163704902226,0,,,0,,,3,0.18487500719769176,12.997282904508957,2026-08-01 10:00:00,0x5f10a1c971b69e47e059e1dc91901b59b3fb49c3
0,,,1,0.017132998284174493,1.205498394994014,2,0.08734193250810142,6.808847924635948,0,,,2026-08-01 11:00:00,0x5f10a1c971b69e47e059e1dc91901b59b3fb49c3
0,,,0,,,1,0.000670579319624303,0.04777264300765863,0,,,2026-08-01 12:00:00,0x5f10a1c971b69e47e059e1dc91901b59b3fb49c3
2,0.06170889478306661,4.392811806206634,0,,,1,0.005857259820219456,0.4174182025418026,1,0.03691503960109122,2.915765625,2026-08-01 13:00:00,0x5f10a1c971b69e47e059e1dc91901b59b3fb49c3
2,0.05698522946766864,4.057669958580359,0,,,0,,,0,,,2026-08-01 14:00:00,0x5f10a1c971b69e47e059e1dc91901b59b3fb49c3
2,0.04290293596259458,3.060459005884707,1,0.004435977628014697,0.31686511809871604,1,0.036922218779046535,2.8738593750000003,2,0.08734193250810142,6.808847924635948,2026-08-01 15:00:00,0x5f10a1c971b69e47e059e1dc91901b59b3fb49c3
0,,,1,2.889026505783e-06,0.00020638955373071907,1,0.013337646247175984,0.9327086944917629,1,0.000670579319624303,0.04777264300765863,2026-08-01 16:00:00,0x5f10a1c971b69e47e059e1dc91901b59b3fb49c3
0,,,1,0.02136325721104989,1.5287410056840107,1,0.018460442943693856,1.433515625,1,0.005857259820219456,0.4174182025418026,2026-08-01 17:00:00,0x5f10a1c971b69e47e059e1dc91901b59b3fb49c3
1,0.020399408061437776,1.4463902086797409,0,,,0,,,0,,,2026-08-01 18:00:00,0x5f10a1c971b69e47e059e1dc91901b59b3fb49c3
0,,,1,0.001289368852339882,0.09212643360664617,1,0.017132998284174493,1.205498394994014,1,0.036922218779046535,2.8738593750000003,2026-08-01 19:00:00,0x5f10a1c971b69e47e059e1dc91901b59b3fb49c3
1,0.000258075912267795,0.018191346684,0,,,0,,,1,0.013337646247175984,0.9327086944917629,2026-08-01 20:00:00,0x5f10a1c971b69e47e059e1dc91901b59b3fb49c3
1,0.00217812718472473,0.1526064333470848,0,,,0,,,1,0.018460442943693856,1.433515625,2026-08-01 21:00:00,0x5f10a1c971b69e47e059e1dc91901b59b3fb49c3
0,,,0,,,0,,,0,,,2026-08-01 22:00:00,0x5f10a1c971b69e47e059e1dc91901b59b3fb49c3
0,,,0,,,1,0.004435977628014697,0.31686511809871604,1,0.017132998284174493,1.205498394994014,2026-08-01 23:00:00,0x5f10a1c971b69e47e059e1dc91901b59b3fb49c3
0,,,0,,,1,2.889026505783e-06,0.00020638955373071907,0,,,2026-08-02 00:00:00,0x5f10a1c971b69e47e059e1dc91901b59b3fb49c3
1,0.006409844537467875,0.45205019827907783,0,,,1,0.02136325721104989,1.5287410056840107,0,,,2026-08-02 01:00:00,0x5f10a1c971b69e47e059e1dc91901b59b3fb49c3
1,0.01592934662335478,1.126086344078802,0,,,0,,,0,,,2026-08-02 02:00:00,0x5f10a1c971b69e47e059e1dc91901b59b3fb49c3
0,,,0,,,1,0.001289368852339882,0.09212643360664617,1,0.004435977628014697,0.31686511809871604,2026-08-02 03:00:00,0x5f10a1c971b69e47e059e1dc91901b59b3fb49c3
0,,,0,,,0,,,1,2.889026505783e-06,0.00020638955373071907,2026-08-02 04:00:00,0x5f10a1c971b69e47e059e1dc91901b59b3fb49c3
0,,,0,,,0,,,1,0.02136325721104989,1.5287410056840107,2026-08-02 05:00:00,0x5f10a1c971b69e47e059e1dc91901b59b3fb49c3
0,,,0,,,0,,,0,,,2026-08-02 06:00:00,0x5f10a1c971b69e47e059e1dc91901b59b3fb49c3
0,,,0,,,0,,,1,0.001289368852339882,0.09212643360664617,2026-08-02 07:00:00,0x5f10a1c971b69e47e059e1dc91901b59b3fb49c3
1,0.001608036439075851,0.11331627028600001,0,,,0,,,0,,,2026-08-02 08:00:00,0x5f10a1c971b69e47e059e1dc91901b59b3fb49c3
0,,,0,,,0,,,0,,,2026-08-02 09:00:00,0x5f10a1c971b69e47e059e1dc91901b59b3fb49c3
0,,,0,,,0,,,0,,,2026-08-02 10:00:00,0x5f10a1c971b69e47e059e1dc91901b59b3fb49c3
0,,,1,0.008143015576696869,0.5857669592159549,0,,,0,,,2026-08-02 11:00:00,0x5f10a1c971b69e47e059e1dc91901b59b3fb49c3
0,,,0,,,0,,,0,,,2026-08-02 12:00:00,0x5f10a1c971b69e47e059e1dc91901b59b3fb49c3
0,,,1,0.07375003923546063,5.85740625,0,,,0,,,2026-08-02 13:00:00,0x5f10a1c971b69e47e059e1dc91901b59b3fb49c3
0,,,0,,,0,,,0,,,2026-08-02 14:00:00,0x5f10a1c971b69e47e059e1dc91901b59b3fb49c3
0,,,0,,,0,,,0,,,2026-08-02 15:00:00,0x5f10a1c971b69e47e059e1dc91901b59b3fb49c3
0,,,0,,,0,,,0,,,2026-08-02 16:00:00,0x5f10a1c971b69e47e059e1dc91901b59b3fb49c3
1,0.009171426374739049,0.6509775810681724,1,0.2948695701997612,23.259375000000002,0,,,0,,,2026-08-02 17:00:00,0x5f10a1c971b69e47e059e1dc91901b59b3fb49c3
0,,,0,,,0,,,0,,,2026-08-02 18:00:00,0x5f10a1c971b69e47e059e1dc91901b59b3fb49c3
0,,,0,,,1,0.008143015576696869,0.5857669592159549,0,,,2026-08-02 19:00:00,0x5f10a1c971b69e47e059e1dc91901b59b3fb49c3
0,,,0,,,0,,,0,,,2026-08-02 20:00:00,0x5f10a1c971b69e47e059e1dc91901b59b3fb49c3
1,0.009362367769572352,0.6719701673109101,0,,,1,0.07375003923546063,5.85740625,0,,,2026-08-02 21:00:00,0x5f10a1c971b69e47e059e1dc91901b59b3fb49c3
2,0.02984317834552292,2.147063452772947,1,0.00966597000080713,0.6792593713550926,0,,,0,,,2026-08-02 22:00:00,0x5f10a1c971b69e47e059e1dc91901b59b3fb49c3
0,,,0,,,0,,,1,0.008143015576696869,0.5857669592159549,2026-08-02 23:00:00,0x5f10a1c971b69e47e059e1dc91901b59b3fb49c3
1,0.5904709678465367,47.0075,0,,,0,,,0,,,2026-08-03 00:00:00,0x5f10a1c971b69e47e059e1dc91901b59b3fb49c3
0,,,2,0.07097416646714125,4.990732159446579,1,0.2948695701997612,23.259375000000002,1,0.07375003923546063,5.85740625,2026-08-03 01:00:00,0x5f10a1c971b69e47e059e1dc91901b59b3fb49c3
0,,,22,13.699170288448652,1077.003793851748,0,,,0,,,2026-08-03 02:00:00,0x5f10a1c971b69e47e059e1dc91901b59b3fb49c3
0,,,1,0.037149617772745946,2.97981840244,0,,,0,,,2026-08-03 03:00:00,0x5f10a1c971b69e47e059e1dc91901b59b3fb49c3
0,,,2,0.8366484369428204,69.13748394759939,0,,,0,,,2026-08-03 04:00:00,0x5f10a1c971b69e47e059e1dc91901b59b3fb49c3
0,,,1,1.1087241841038227,93.349,0,,,1,0.2948695701997612,23.259375000000002,2026-08-03 05:00:00,0x5f10a1c971b69e47e059e1dc91901b59b3fb49c3
1,0.19792507151325509,14.035615506555828,3,1.12397696983939,95.0099293508114,1,0.00966597000080713,0.6792593713550926,0,,,2026-08-03 06:00:00,0x5f10a1c971b69e47e059e1dc91901b59b3fb49c3
0,,,3,2.0523444235230013,167.63101799279886,0,,,0,,,2026-08-03 07:00:00,0x5f10a1c971b69e47e059e1dc91901b59b3fb49c3
1,0.004145275361610308,0.2913604710622637,1,0.2716524979833224,23.376,0,,,0,,,2026-08-03 08:00:00,0x5f10a1c971b69e47e059e1dc91901b59b3fb49c3
0,,,1,0.03382880050794949,2.917921875,2,0.07097416646714125,4.990732159446579,0,,,2026-08-03 09:00:00,0x5f10a1c971b69e47e059e1dc91901b59b3fb49c3
0,,,0,,,22,13.699170288448652,1077.003793851748,1,0.00966597000080713,0.6792593713550926,2026-08-03 10:00:00,0x5f10a1c971b69e47e059e1dc91901b59b3fb49c3
1,0.000213030523073353,0.01500918,0,,,1,0.037149617772745946,2.97981840244,0,,,2026-08-03 11:00:00,0x5f10a1c971b69e47e059e1dc91901b59b3fb49c3
0,,,1,0.03359856878091853,2.901734375,2,0.8366484369428204,69.13748394759939,0,,,2026-08-03 12:00:00,0x5f10a1c971b69e47e059e1dc91901b59b3fb49c3
1,0.7614950122978666,53.65516646435947,1,0.008398536599598083,0.7233242187500001,1,1.1087241841038227,93.349,2,0.07097416646714125,4.990732159446579,2026-08-03 13:00:00,0x5f10a1c971b69e47e059e1dc91901b59b3fb49c3
3,1.299592939376295,104.94709692385197,3,1.1100081072698518,96.08930197988602,3,1.12397696983939,95.0099293508114,22,13.699170288448652,1077.003793851748,2026-08-03 14:00:00,0x5f10a1c971b69e47e059e1dc91901b59b3fb49c3
12,7.646286133588003,626.9281338461199,0,,,3,2.0523444235230013,167.63101799279886,1,0.037149617772745946,2.97981840244,2026-08-03 15:00:00,0x5f10a1c971b69e47e059e1dc91901b59b3fb49c3
12,5.8706204153824295,489.6140985635286,0,,,1,0.2716524979833224,23.376,2,0.8366484369428204,69.13748394759939,2026-08-03 16:00:00,0x5f10a1c971b69e47e059e1dc91901b59b3fb49c3
1,1.1057478700813779,93.393,0,,,1,0.03382880050794949,2.917921875,1,1.1087241841038227,93.349,2026-08-03 17:00:00,0x5f10a1c971b69e47e059e1dc91901b59b3fb49c3
3,9.631663242004915,785.0555866672896,4,2.417281363762054,210.45682267602984,0,,,3,1.12397696983939,95.0099293508114,2026-08-03 18:00:00,0x5f10a1c971b69e47e059e1dc91901b59b3fb49c3
7,3.9333745470033197,336.4560389583001,0,,,0,,,3,2.0523444235230013,167.63101799279886,2026-08-03 19:00:00,0x5f10a1c971b69e47e059e1dc91901b59b3fb49c3
9,1.752156976483193,150.2053446203454,1,0.013955515021722717,1.0960849579718515,1,0.03359856878091853,2.901734375,1,0.2716524979833224,23.376,2026-08-03 20:00:00,0x5f10a1c971b69e47e059e1dc91901b59b3fb49c3
3,0.00047874433544734896,0.03903967881309242,0,,,1,0.008398536599598083,0.7233242187500001,1,0.03382880050794949,2.917921875,2026-08-03 21:00:00,0x5f10a1c971b69e47e059e1dc91901b59b3fb49c3
5,2.1004675193201843,180.6569471138718,3,0.1741583574751784,13.697143642680853,3,1.1100081072698518,96.08930197988602,0,,,2026-08-03 22:00:00,0x5f10a1c971b69e47e059e1dc91901b59b3fb49c3
2,0.8493241444028763,73.32553167786142,0,,,0,,,0,,,2026-08-03 23:00:00,0x5f10a1c971b69e47e059e1dc91901b59b3fb49c3
1,0.03359584721936132,2.8998281250000004,0,,,0,,,1,0.03359856878091853,2.901734375,2026-08-04 00:00:00,0x5f10a1c971b69e47e059e1dc91901b59b3fb49c3
1,8.0855179287663e-05,0.0062125274700000005,0,,,0,,,1,0.008398536599598083,0.7233242187500001,2026-08-04 01:00:00,0x5f10a1c971b69e47e059e1dc91901b59b3fb49c3
1,0.07628733819732317,5.975811792855872,37,21.004699715805938,1857.6958309679565,4,2.417281363762054,210.45682267602984,3,1.1100081072698518,96.08930197988602,2026-08-04 02:00:00,0x5f10a1c971b69e47e059e1dc91901b59b3fb49c3
0,,,5,0.7492652213801007,68.1339471068346,0,,,0,,,2026-08-04 03:00:00,0x5f10a1c971b69e47e059e1dc91901b59b3fb49c3
0,,,5,1.6344420107102215,149.4476018401875,1,0.013955515021722717,1.0960849579718515,0,,,2026-08-04 04:00:00,0x5f10a1c971b69e47e059e1dc91901b59b3fb49c3
0,,,6,0.7558892001102163,69.26278084878615,0,,,0,,,2026-08-04 05:00:00,0x5f10a1c971b69e47e059e1dc91901b59b3fb49c3
1,0.00083578871059523,0.06581676192851932,6,2.725730245036525,255.50431806698896,3,0.1741583574751784,13.697143642680853,4,2.417281363762054,210.45682267602984,2026-08-04 06:00:00,0x5f10a1c971b69e47e059e1dc91901b59b3fb49c3
4,1.1536316528707005,100.34935963254935,2,0.00531792800965946,0.498288172487827,0,,,0,,,2026-08-04 07:00:00,0x5f10a1c971b69e47e059e1dc91901b59b3fb49c3
2,0.6207171235872219,53.89723858231996,3,0.038805713824859915,3.350500297755506,0,,,1,0.013955515021722717,1.0960849579718515,2026-08-04 08:00:00,0x5f10a1c971b69e47e059e1dc91901b59b3fb49c3
0,,,1,5.5e-17,3.73962e-15,0,,,0,,,2026-08-04 09:00:00,0x5f10a1c971b69e47e059e1dc91901b59b3fb49c3
0,,,5,0.0435115089293199,3.691625383877531,37,21.004699715805938,1857.6958309679565,3,0.1741583574751784,13.697143642680853,2026-08-04 10:00:00,0x5f10a1c971b69e47e059e1dc91901b59b3fb49c3
2,0.008363002950579483,0.6609141855658224,0,,,5,0.7492652213801007,68.1339471068346,0,,,2026-08-04 11:00:00,0x5f10a1c971b69e47e059e1dc91901b59b3fb49c3
0,,,0,,,5,1.6344420107102215,149.4476018401875,0,,,2026-08-04 12:00:00,0x5f10a1c971b69e47e059e1dc91901b59b3fb49c3
2,0.057485433677904874,2.7173541078666674,0,,,6,0.7558892001102163,69.26278084878615,0,,,2026-08-04 13:00:00,0x5f10a1c971b69e47e059e1dc91901b59b3fb49c3
3,0.6531196257198197,59.13878985574324,0,,,6,2.725730245036525,255.50431806698896,37,21.004699715805938,1857.6958309679565,2026-08-04 14:00:00,0x5f10a1c971b69e47e059e1dc91901b59b3fb49c3
3,0.5941931493848079,54.31173518903686,1,0.001181108067895658,0.10031824653257189,2,0.00531792800965946,0.498288172487827,5,0.7492652213801007,68.1339471068346,2026-08-04 15:00:00,0x5f10a1c971b69e47e059e1dc91901b59b3fb49c3
10,3.952928517485404,364.2086614820363,0,,,3,0.038805713824859915,3.350500297755506,5,1.6344420107102215,149.4476018401875,2026-08-04 16:00:00,0x5f10a1c971b69e47e059e1dc91901b59b3fb49c3
11,3.6454870836645146,339.6774290126724,2,0.005299011127492652,0.49453309657079664,1,5.5e-17,3.73962e-15,6,0.7558892001102163,69.26278084878615,2026-08-04 17:00:00,0x5f10a1c971b69e47e059e1dc91901b59b3fb49c3
2,0.005318001570723974,0.4990551528165981,2,0.005298898824736754,0.4958866254706434,5,0.0435115089293199,3.691625383877531,6,2.725730245036525,255.50431806698896,2026-08-04 18:00:00,0x5f10a1c971b69e47e059e1dc91901b59b3fb49c3
3,0.010346304242558885,0.9246027344072603,2,0.005298755476161173,0.4951907960272628,0,,,2,0.00531792800965946,0.498288172487827,2026-08-04 19:00:00,0x5f10a1c971b69e47e059e1dc91901b59b3fb49c3
1,0.000344416192212206,0.029282404565884948,2,0.005299099141667631,0.4936796146480532,0,,,3,0.038805713824859915,3.350500297755506,2026-08-04 20:00:00,0x5f10a1c971b69e47e059e1dc91901b59b3fb49c3
1,0.000315531464862869,0.02679598671166999,0,,,0,,,1,5.5e-17,3.73962e-15,2026-08-04 21:00:00,0x5f10a1c971b69e47e059e1dc91901b59b3fb49c3
0,,,0,,,0,,,5,0.0435115089293199,3.691625383877531,2026-08-04 22:00:00,0x5f10a1c971b69e47e059e1dc91901b59b3fb49c3
0,,,0,,,1,0.001181108067895658,0.10031824653257189,0,,,2026-08-04 23:00:00,0x5f10a1c971b69e47e059e1dc91901b59b3fb49c3
16,12.491186261424302,2099.4994345607975,5,0.18146798594051836,30.35285255908794,37,19.438981996912077,3198.4959008870505,8,1.2985930296398511,217.82518088657793,2026-07-29 00:00:00,0x6330d8c3178a418788df01a47479c0ce7ccf450b
6,0.018021556747809732,3.0172429477493212,2,0.11430394242447246,19.13805866247365,9,2.1548618538567323,354.7216823509841,4,0.24197727945193823,40.6705834396215,2026-07-29 01:00:00,0x6330d8c3178a418788df01a47479c0ce7ccf450b
5,1.3653225920816248,227.58366295683672,62,47.46350643828718,7979.050611351229,8,0.5677746353399492,94.11144319231944,8,4.087685516953362,682.299825880607,2026-07-29 02:00:00,0x6330d8c3178a418788df01a47479c0ce7ccf450b
13,1.1282445048903333,186.85794950652266,38,21.22475285260942,3499.6886394948033,34,14.176124029473163,2369.2938036051064,18,1.588103241887875,263.70087718161614,2026-07-29 03:00:00,0x6330d8c3178a418788df01a47479c0ce7ccf450b
22,23.468090981558504,3851.390571268629,28,20.957556867268984,3433.6083170473653,27,3.853622508571391,646.9510689229886,37,19.438981996912077,3198.4959008870505,2026-07-29 04:00:00,0x6330d8c3178a418788df01a47479c0ce7ccf450b
15,2.792423661152508,462.4958827168312,8,1.6643530305532281,274.14230447762,10,7.679157348589585,1285.7412088027145,9,2.1548618538567323,354.7216823509841,2026-07-29 05:00:00,0x6330d8c3178a418788df01a47479c0ce7ccf450b
5,0.8891903755247819,147.77497208852301,21,3.995946782511243,654.8559374939133,16,27.330001777116497,4609.391884747367,8,0.5677746353399492,94.11144319231944,2026-07-29 06:00:00,0x6330d8c3178a418788df01a47479c0ce7ccf450b
16,20.023806325071927,3359.3933405517655,66,31.64419269429399,5223.620238094693,6,0.9406962717027633,157.74255137961,34,14.176124029473163,2369.2938036051064,2026-07-29 07:00:00,0x6330d8c3178a418788df01a47479c0ce7ccf450b
5,0.7894624415998149,132.16115101995544,101,91.48671155525433,14675.175786874797,5,0.18146798594051836,30.35285255908794,27,3.853622508571391,646.9510689229886,2026-07-29 08:00:00,0x6330d8c3178a418788df01a47479c0ce7ccf450b
1,0.01128475999627426,1.9004024627379998,18,16.77479621058079,2656.2298212784704,2,0.11430394242447246,19.13805866247365,10,7.679157348589585,1285.7412088027145,2026-07-29 09:00:00,0x6330d8c3178a418788df01a47479c0ce7ccf450b
2,0.06602557484120847,11.161638734399999,23,13.713932421930435,2180.666818348732,62,47.46350643828718,7979.050611351229,16,27.330001777116497,4609.391884747367,2026-07-29 10:00:00,0x6330d8c3178a418788df01a47479c0ce7ccf450b
1,8.2302025562251e-05,0.013787327862,5,0.06593951170102912,10.447861965224808,38,21.22475285260942,3499.6886394948033,6,0.9406962717027633,157.74255137961,2026-07-29 11:00:00,0x6330d8c3178a418788df01a47479c0ce7ccf450b
13,1.4979819597374127,250.12734448113702,11,4.078408009028919,652.3120670865959,28,20.957556867268984,3433.6083170473653,5,0.18146798594051836,30.35285255908794,2026-07-29 12:00:00,0x6330d8c3178a418788df01a47479c0ce7ccf450b
16,4.973583708745684,825.9368506392085,7,2.1706704438249966,346.01530574977903,8,1.6643530305532281,274.14230447762,2,0.11430394242447246,19.13805866247365,2026-07-29 13:00:00,0x6330d8c3178a418788df01a47479c0ce7ccf450b
82,48.97448677913393,8182.570777123657,34,14.578286074435812,2345.9135741070413,21,3.995946782511243,654.8559374939133,62,47.46350643828718,7979.050611351229,2026-07-29 14:00:00,0x6330d8c3178a418788df01a47479c0ce7ccf450b
34,12.252891243783537,2012.4072979962757,12,4.691949923652871,755.6255286929254,66,31.64419269429399,5223.620238094693,38,21.22475285260942,3499.6886394948033,2026-07-29 15:00:00,0x6330d8c3178a418788df01a47479c0ce7ccf450b
16,1.8653892432564443,305.0078263093691,5,0.03925229908444609,6.468775882991243,101,91.48671155525433,14675.175786874797,28,20.957556867268984,3433.6083170473653,2026-07-29 16:00:00,0x6330d8c3178a418788df01a47479c0ce7ccf450b
24,5.018399577182096,827.3790611886616,2,0.009346504925545118,1.49364552753,18,16.77479621058079,2656.2298212784704,8,1.6643530305532281,274.14230447762,2026-07-29 17:00:00,0x6330d8c3178a418788df01a47479c0ce7ccf450b
60,39.76503389544023,6547.160610869494,6,0.04289135594514666,7.168187741543644,23,13.713932421930435,2180.666818348732,21,3.995946782511243,654.8559374939133,2026-07-29 18:00:00,0x6330d8c3178a418788df01a47479c0ce7ccf450b
72,55.29262367415656,9027.198190933956,6,0.17291214191541948,28.08655974938483,5,0.06593951170102912,10.447861965224808,66,31.64419269429399,5223.620238094693,2026-07-29 19:00:00,0x6330d8c3178a418788df01a47479c0ce7ccf450b
49,32.0478737829725,5112.331116521217,5,0.6600224813354246,112.32258520334999,11,4.078408009028919,652.3120670865959,101,91.48671155525433,14675.175786874797,2026-07-29 20:00:00,0x6330d8c3178a418788df01a47479c0ce7ccf450b
27,18.076445412401693,2860.2932173329996,6,3.469093811031829,559.408220039916,7,2.1706704438249966,346.01530574977903,18,16.77479621058079,2656.2298212784704,2026-07-29 21:00:00,0x6330d8c3178a418788df01a47479c0ce7ccf450b
25,9.186985703786869,1461.685483184664,11,4.266362441918656,690.0621106718921,34,14.578286074435812,2345.9135741070413,23,13.713932421930435,2180.666818348732,2026-07-29 22:00:00,0x6330d8c3178a418788df01a47479c0ce7ccf450b
30,12.722715572030209,2039.2190096985412,22,17.117971500656527,2775.9230455882366,12,4.691949923652871,755.6255286929254,5,0.06593951170102912,10.447861965224808,2026-07-29 23:00:00,0x6330d8c3178a418788df01a47479c0ce7ccf450b
14,3.697753318944854,592.4420060560876,8,308.6096123279976,50262.30733432914,5,0.03925229908444609,6.468775882991243,11,4.078408009028919,652.3120670865959,2026-07-30 00:00:00,0x6330d8c3178a418788df01a47479c0ce7ccf450b
4,1.6573989919557033,264.2240229619609,0,,,2,0.009346504925545118,1.49364552753,7,2.1706704438249966,346.01530574977903,2026-07-30 01:00:00,0x6330d8c3178a418788df01a47479c0ce7ccf450b
3,0.03166848047956246,5.071677235743804,122,60.659303927245304,9888.132927693418,6,0.04289135594514666,7.168187741543644,34,14.578286074435812,2345.9135741070413,2026-07-30 02:00:00,0x6330d8c3178a418788df01a47479c0ce7ccf450b
0,,,36,6.802310602268245,1097.734354715693,6,0.17291214191541948,28.08655974938483,12,4.691949923652871,755.6255286929254,2026-07-30 03:00:00,0x6330d8c3178a418788df01a47479c0ce7ccf450b
2,0.057925584767565645,9.302322441578,41,4.364349751138788,704.7762900016153,5,0.6600224813354246,112.32258520334999,5,0.03925229908444609,6.468775882991243,2026-07-30 04:00:00,0x6330d8c3178a418788df01a47479c0ce7ccf450b
9,3.395480248468374,543.4889783912688,28,17.273882125947978,2822.73748088474,6,3.469093811031829,559.408220039916,2,0.009346504925545118,1.49364552753,2026-07-30 05:00:00,0x6330d8c3178a418788df01a47479c0ce7ccf450b
4,0.04854238559297993,8.027710807116792,7,1.2556452475459985,201.19027453967212,11,4.266362441918656,690.0621106718921,6,0.04289135594514666,7.168187741543644,2026-07-30 06:00:00,0x6330d8c3178a418788df01a47479c0ce7ccf450b
7,0.18861610650960134,30.304121828846952,4,0.9597410414544773,156.56366707844455,22,17.117971500656527,2775.9230455882366,6,0.17291214191541948,28.08655974938483,2026-07-30 07:00:00,0x6330d8c3178a418788df01a47479c0ce7ccf450b
13,1.977715218206372,318.32801842593994,75,40.8511402660016,6686.240209532996,8,308.6096123279976,50262.30733432914,5,0.6600224813354246,112.32258520334999,2026-07-30 08:00:00,0x6330d8c3178a418788df01a47479c0ce7ccf450b
15,4.879686377920496,788.3660092741354,71,25.202689274385744,3906.4571048483576,0,,,6,3.469093811031829,559.408220039916,2026-07-30 09:00:00,0x6330d8c3178a418788df01a47479c0ce7ccf450b
5,0.21177504333123992,34.250971914355596,21,3.7852178087909105,582.0263853693623,122,60.659303927245304,9888.132927693418,11,4.266362441918656,690.0621106718921,2026-07-30 10:00:00,0x6330d8c3178a418788df01a47479c0ce7ccf450b
21,10.878973209362574,1767.4872775633507,20,4.2399174393162395,657.7526959010106,36,6.802310602268245,1097.734354715693,22,17.117971500656527,2775.9230455882366,2026-07-30 11:00:00,0x6330d8c3178a418788df01a47479c0ce7ccf450b
5,0.12205083684670115,19.808043726648723,12,1.2803389154935294,198.54542783370093,41,4.364349751138788,704.7762900016153,8,308.6096123279976,50262.30733432914,2026-07-30 12:00:00,0x6330d8c3178a418788df01a47479c0ce7ccf450b
19,4.48699404371148,726.0007150694368,18,0.589844736732592,91.87350698692696,28,17.273882125947978,2822.73748088474,0,,,2026-07-30 13:00:00,0x6330d8c3178a418788df01a47479c0ce7ccf450b
107,48.32482017605343,7770.765420904153,25,2.6855322467049687,418.89977933116313,7,1.2556452475459985,201.19027453967212,122,60.659303927245304,9888.132927693418,2026-07-30 14:00:00,0x6330d8c3178a418788df01a47479c0ce7ccf450b
15,1.616466987313429,259.2112553571365,7,0.5126990595331022,79.650388039646,4,0.9597410414544773,156.56366707844455,36,6.802310602268245,1097.734354715693,2026-07-30 15:00:00,0x6330d8c3178a418788df01a47479c0ce7ccf450b
37,8.430413343580154,1366.173812972291,3,0.048761770620912095,7.600215000441507,75,40.8511402660016,6686.240209532996,41,4.364349751138788,704.7762900016153,2026-07-30 16:00:00,0x6330d8c3178a418788df01a47479c0ce7ccf450b
14,1.4042805287000233,229.48697628394945,11,1.7476797020298704,270.50649951623296,71,25.202689274385744,3906.4571048483576,28,17.273882125947978,2822.73748088474,2026-07-30 17:00:00,0x6330d8c3178a418788df01a47479c0ce7ccf450b
17,3.177155439673264,516.0952409750571,5,0.15059451310844896,23.45227553607419,21,3.7852178087909105,582.0263853693623,7,1.2556452475459985,201.19027453967212,2026-07-30 18:00:00,0x6330d8c3178a418788df01a47479c0ce7ccf450b
89,45.54315928567664,7455.26545809183,3,0.01958867830115346,3.0635247954729996,20,4.2399174393162395,657.7526959010106,4,0.9597410414544773,156.56366707844455,2026-07-30 19:00:00,0x6330d8c3178a418788df01a47479c0ce7ccf450b
307,262.1573988503943,41201.22476571935,2,0.017167269470977735,2.6888230680069998,12,1.2803389154935294,198.54542783370093,75,40.8511402660016,6686.240209532996,2026-07-30 20:00:00,0x6330d8c3178a418788df01a47479c0ce7ccf450b
68,45.090158526132605,6883.3482942271285,16,9.182730426468376,1441.6883044662777,18,0.589844736732592,91.87350698692696,71,25.202689274385744,3906.4571048483576,2026-07-30 21:00:00,0x6330d8c3178a418788df01a47479c0ce7ccf450b
32,7.372844992797764,1137.9244534126162,12,2.1542772234732857,335.73958834802875,25,2.6855322467049687,418.89977933116313,21,3.7852178087909105,582.0263853693623,2026-07-30 22:00:00,0x6330d8c3178a418788df01a47479c0ce7ccf450b
14,4.71189287174427,732.0117426144775,8,1.0200040709598666,158.0586630971359,7,0.5126990595331022,79.650388039646,20,4.2399174393162395,657.7526959010106,2026-07-30 23:00:00,0x6330d8c3178a418788df01a47479c0ce7ccf450b
24,11.53975024626298,1797.710528328322,16,1.6297953948512889,253.41741116995755,3,0.048761770620912095,7.600215000441507,12,1.2803389154935294,198.54542783370093,2026-07-31 00:00:00,0x6330d8c3178a418788df01a47479c0ce7ccf450b
49,19.2559600024326,3007.8876394368594,13,2.3090884729736656,353.5317712380887,11,1.7476797020298704,270.50649951623296,18,0.589844736732592,91.87350698692696,2026-07-31 01:00:00,0x6330d8c3178a418788df01a47479c0ce7ccf450b
15,1.128969206693062,175.57651807757833,215,242.55041042035867,36118.40459316986,5,0.15059451310844896,23.45227553607419,25,2.6855322467049687,418.89977933116313,2026-07-31 02:00:00,0x6330d8c3178a418788df01a47479c0ce7ccf450b
4,1.9305264061421556,299.9331612494109,22,2.6990038766843436,381.5273125834731,3,0.01958867830115346,3.0635247954729996,7,0.5126990595331022,79.650388039646,2026-07-31 03:00:00,0x6330d8c3178a418788df01a47479c0ce7ccf450b
3,0.014398446149397153,2.240912105448926,13,2.7204571551614625,384.1688911358287,2,0.017167269470977735,2.6888230680069998,3,0.048761770620912095,7.600215000441507,2026-07-31 04:00:00,0x6330d8c3178a418788df01a47479c0ce7ccf450b
9,0.6659478247850723,103.65326023027836,15,13.318192373931682,1920.2076384360105,16,9.182730426468376,1441.6883044662777,11,1.7476797020298704,270.50649951623296,2026-07-31 05:00:00,0x6330d8c3178a418788df01a47479c0ce7ccf450b
21,2.290128265693989,357.2631179480689,68,54.612794843102094,8061.4816931662435,12,2.1542772234732857,335.73958834802875,5,0.15059451310844896,23.45227553607419,2026-07-31 06:00:00,0x6330d8c3178a418788df01a47479c0ce7ccf450b
20,4.747522699916868,740.895837904956,34,17.320390881015957,2605.669107994594,8,1.0200040709598666,158.0586630971359,3,0.01958867830115346,3.0635247954729996,2026-07-31 07:00:00,0x6330d8c3178a418788df01a47479c0ce7ccf450b
24,8.21484367246805,1286.9329665160567,235,138.2159668139039,20566.326420802583,16,1.6297953948512889,253.41741116995755,2,0.017167269470977735,2.6888230680069998,2026-07-31 08:00:00,0x6330d8c3178a418788df01a47479c0ce7ccf450b
12,0.9234243939341508,144.68295551445658,20,3.74338688988546,547.1099904994912,13,2.3090884729736656,353.5317712380887,16,9.182730426468376,1441.6883044662777,2026-07-31 09:00:00,0x6330d8c3178a418788df01a47479c0ce7ccf450b
17,4.013057810580121,623.0081580277385,34,2.8746961528652757,417.9089296944032,215,242.55041042035867,36118.40459316986,12,2.1542772234732857,335.73958834802875,2026-07-31 10:00:00,0x6330d8c3178a418788df01a47479c0ce7ccf450b
24,4.252209080808984,658.1621698661374,11,7.432608877198065,1090.9836509743513,22,2.6990038766843436,381.5273125834731,8,1.0200040709598666,158.0586630971359,2026-07-31 11:00:00,0x6330d8c3178a418788df01a47479c0ce7ccf450b
33,26.110698224892857,4011.8012132131644,3,0.04679700471086777,6.846330478426796,13,2.7204571551614625,384.1688911358287,16,1.6297953948512889,253.41741116995755,2026-07-31 12:00:00,0x6330d8c3178a418788df01a47479c0ce7ccf450b
47,17.88454696594138,2758.9579247157467,5,0.18730592942710955,27.382733831448302,15,13.318192373931682,1920.2076384360105,13,2.3090884729736656,353.5317712380887,2026-07-31 13:00:00,0x6330d8c3178a418788df01a47479c0ce7ccf450b
52,21.372481292333823,3014.1491317840955,8,0.2189637750352858,32.247788851303,68,54.612794843102094,8061.4816931662435,215,242.55041042035867,36118.40459316986,2026-07-31 14:00:00,0x6330d8c3178a418788df01a47479c0ce7ccf450b
17,2.9009708496703155,411.3191781619322,0,,,34,17.320390881015957,2605.669107994594,22,2.6990038766843436,381.5273125834731,2026-07-31 15:00:00,0x6330d8c3178a418788df01a47479c0ce7ccf450b
26,23.15712728857498,3316.229617138615,3,0.3093841188849093,45.12752624261309,235,138.2159668139039,20566.326420802583,13,2.7204571551614625,384.1688911358287,2026-07-31 16:00:00,0x6330d8c3178a418788df01a47479c0ce7ccf450b
57,55.30470820106345,8065.598743117931,1,0.8864214203977379,128.130857680708,20,3.74338688988546,547.1099904994912,15,13.318192373931682,1920.2076384360105,2026-07-31 17:00:00,0x6330d8c3178a418788df01a47479c0ce7ccf450b
47,44.162192254488964,6587.503882775414,3,1.3073241098110284,190.94459742577143,34,2.8746961528652757,417.9089296944032,68,54.612794843102094,8061.4816931662435,2026-07-31 18:00:00,0x6330d8c3178a418788df01a47479c0ce7ccf450b
30,15.785222971872168,2387.1464583362044,3,0.008603409875145279,1.2547089628958423,11,7.432608877198065,1090.9836509743513,34,17.320390881015957,2605.669107994594,2026-07-31 19:00:00,0x6330d8c3178a418788df01a47479c0ce7ccf450b
89,56.42062567292206,8226.2416140979,7,2.177591122517361,316.6420893979439,3,0.04679700471086777,6.846330478426796,235,138.2159668139039,20566.326420802583,2026-07-31 20:00:00,0x6330d8c3178a418788df01a47479c0ce7ccf450b
4,1.0164671408714725,147.04057039842002,1,0.3975145079131784,58.098605043808,5,0.18730592942710955,27.382733831448302,20,3.74338688988546,547.1099904994912,2026-07-31 21:00:00,0x6330d8c3178a418788df01a47479c0ce7ccf450b
8,3.121230566393292,455.30300448369746,10,9.121010622634161,1339.9903278567344,8,0.2189637750352858,32.247788851303,34,2.8746961528652757,417.9089296944032,2026-07-31 22:00:00,0x6330d8c3178a418788df01a47479c0ce7ccf450b
10,2.246433558609346,325.80148506764516,5,2.725893279119618,399.2006333803314,0,,,11,7.432608877198065,1090.9836509743513,2026-07-31 23:00:00,0x6330d8c3178a418788df01a47479c0ce7ccf450b
11,2.6954800464324804,389.5799385056326,1,0.008787621812131517,1.283943184993043,3,0.3093841188849093,45.12752624261309,3,0.04679700471086777,6.846330478426796,2026-08-01 00:00:00,0x6330d8c3178a418788df01a47479c0ce7ccf450b
4,1.3989229690118403,203.99571061799742,11,2.722766833336716,396.79534507074834,1,0.8864214203977379,128.130857680708,5,0.18730592942710955,27.382733831448302,2026-08-01 01:00:00,0x6330d8c3178a418788df01a47479c0ce7ccf450b
18,2.384286245883415,344.98259282300916,0,,,3,1.3073241098110284,190.94459742577143,8,0.2189637750352858,32.247788851303,2026-08-01 02:00:00,0x6330d8c3178a418788df01a47479c0ce7ccf450b
1,0.753481249740446,105.48113156309539,8,2.0541548087800163,299.85069139593355,3,0.008603409875145279,1.2547089628958423,0,,,2026-08-01 03:00:00,0x6330d8c3178a418788df01a47479c0ce7ccf450b
0,,,3,0.03507647802199924,5.117953421671879,7,2.177591122517361,316.6420893979439,3,0.3093841188849093,45.12752624261309,2026-08-01 04:00:00,0x6330d8c3178a418788df01a47479c0ce7ccf450b
3,1.1161314589581717,163.74972286612285,2,0.017280565438960314,2.5431668697439997,1,0.3975145079131784,58.098605043808,1,0.8864214203977379,128.130857680708,2026-08-01 05:00:00,0x6330d8c3178a418788df01a47479c0ce7ccf450b
3,0.3974783791097405,57.901359973338806,6,1.5617498164393246,228.43621324267167,10,9.121010622634161,1339.9903278567344,3,1.3073241098110284,190.94459742577143,2026-08-01 06:00:00,0x6330d8c3178a418788df01a47479c0ce7ccf450b
3,0.7379148508267417,107.99558535856349,36,22.26713414882935,3231.431662770695,5,2.725893279119618,399.2006333803314,3,0.008603409875145279,1.2547089628958423,2026-08-01 07:00:00,0x6330d8c3178a418788df01a47479c0ce7ccf450b
3,0.047722955741240344,6.9755813657487415,4,2.632602167269947,380.01211250185406,1,0.008787621812131517,1.283943184993043,7,2.177591122517361,316.6420893979439,2026-08-01 08:00:00,0x6330d8c3178a418788df01a47479c0ce7ccf450b
5,0.09216890426171048,13.482345035152727,5,0.41410349664213103,59.996145413833474,11,2.722766833336716,396.79534507074834,1,0.3975145079131784,58.098605043808,2026-08-01 09:00:00,0x6330d8c3178a418788df01a47479c0ce7ccf450b
29,10.499489121435706,1540.1251308689832,4,1.495703611910003,216.2344556636645,0,,,10,9.121010622634161,1339.9903278567344,2026-08-01 10:00:00,0x6330d8c3178a418788df01a47479c0ce7ccf450b
1,0.00803282086653317,1.186616543,0,,,8,2.0541548087800163,299.85069139593355,5,2.725893279119618,399.2006333803314,2026-08-01 11:00:00,0x6330d8c3178a418788df01a47479c0ce7ccf450b
4,0.1560659110333162,22.829269995194267,0,,,3,0.03507647802199924,5.117953421671879,1,0.008787621812131517,1.283943184993043,2026-08-01 12:00:00,0x6330d8c3178a418788df01a47479c0ce7ccf450b
2,0.025873231635040773,3.805491159881109,0,,,2,0.017280565438960314,2.5431668697439997,11,2.722766833336716,396.79534507074834,2026-08-01 13:00:00,0x6330d8c3178a418788df01a47479c0ce7ccf450b
38,7.073843220713824,1034.8680278276372,4,0.24288334261636024,35.18398214170333,6,1.5617498164393246,228.43621324267167,0,,,2026-08-01 14:00:00,0x6330d8c3178a418788df01a47479c0ce7ccf450b
3,0.42357100261124975,61.22905301376699,2,0.006642504378542635,0.968923519146708,36,22.26713414882935,3231.431662770695,8,2.0541548087800163,299.85069139593355,2026-08-01 15:00:00,0x6330d8c3178a418788df01a47479c0ce7ccf450b
4,0.5962524373125657,87.38476031315659,4,0.2468101100723087,36.25116415226,4,2.632602167269947,380.01211250185406,3,0.03507647802199924,5.117953421671879,2026-08-01 16:00:00,0x6330d8c3178a418788df01a47479c0ce7ccf450b
4,2.002162625585908,293.41816913656976,4,0.035481181081901236,5.187022993661,5,0.41410349664213103,59.996145413833474,2,0.017280565438960314,2.5431668697439997,2026-08-01 17:00:00,0x6330d8c3178a418788df01a47479c0ce7ccf450b
49,16.899796141749,2461.546703153966,3,0.6864854840667914,101.08391860388869,4,1.495703611910003,216.2344556636645,6,1.5617498164393246,228.43621324267167,2026-08-01 18:00:00,0x6330d8c3178a418788df01a47479c0ce7ccf450b
3,0.4450273129061354,64.2964074371543,1,0.001489096515950542,0.21817290579070528,0,,,36,22.26713414882935,3231.431662770695,2026-08-01 19:00:00,0x6330d8c3178a418788df01a47479c0ce7ccf450b
6,1.4956703765916712,216.52266445389887,5,2.1976781924392763,323.96905020527265,0,,,4,2.632602167269947,380.01211250185406,2026-08-01 20:00:00,0x6330d8c3178a418788df01a47479c0ce7ccf450b
4,0.42037742017510993,60.767126390236434,5,16.448763380655862,2401.572567058088,0,,,5,0.41410349664213103,59.996145413833474,2026-08-01 21:00:00,0x6330d8c3178a418788df01a47479c0ce7ccf450b
14,6.500993772213748,944.5770267969256,2,0.017911936978241574,2.640424238806,4,0.24288334261636024,35.18398214170333,4,1.495703611910003,216.2344556636645,2026-08-01 22:00:00,0x6330d8c3178a418788df01a47479c0ce7ccf450b
6,4.2245997241183,614.2649649693741,2,1.478370586691212,217.88858892781303,2,0.006642504378542635,0.968923519146708,0,,,2026-08-01 23:00:00,0x6330d8c3178a418788df01a47479c0ce7ccf450b
6,1.7950409351544663,260.5502263471432,7,3.4296629549367177,504.29055959234745,4,0.2468101100723087,36.25116415226,0,,,2026-08-02 00:00:00,0x6330d8c3178a418788df01a47479c0ce7ccf450b
13,3.0497887627542943,441.9231425739115,3,0.6193584806418523,90.52710855779718,4,0.035481181081901236,5.187022993661,0,,,2026-08-02 01:00:00,0x6330d8c3178a418788df01a47479c0ce7ccf450b
25,9.261647254715612,1350.3134564973616,2,0.03906363343761256,5.735559750866067,3,0.6864854840667914,101.08391860388869,4,0.24288334261636024,35.18398214170333,2026-08-02 02:00:00,0x6330d8c3178a418788df01a47479c0ce7ccf450b
1,1.4748067562894738,216.79608837297135,1,0.145333297,21.241379507410603,1,0.001489096515950542,0.21817290579070528,2,0.006642504378542635,0.968923519146708,2026-08-02 03:00:00,0x6330d8c3178a418788df01a47479c0ce7ccf450b
3,1.317962127312936,194.10758106394,1,0.011464077249579409,1.692087924436,5,2.1976781924392763,323.96905020527265,4,0.2468101100723087,36.25116415226,2026-08-02 04:00:00,0x6330d8c3178a418788df01a47479c0ce7ccf450b
2,0.002614009186824915,0.38526829959365816,2,0.10055506027243546,14.675913629588308,5,16.448763380655862,2401.572567058088,4,0.035481181081901236,5.187022993661,2026-08-02 05:00:00,0x6330d8c3178a418788df01a47479c0ce7ccf450b
2,0.02308388612445251,3.401092926576,11,5.674602977004932,831.2331219715393,2,0.017911936978241574,2.640424238806,3,0.6864854840667914,101.08391860388869,2026-08-02 06:00:00,0x6330d8c3178a418788df01a47479c0ce7ccf450b
1,0.015050629513946453,2.2177082843369997,8,3.1868341952541313,467.3819063821712,2,1.478370586691212,217.88858892781303,1,0.001489096515950542,0.21817290579070528,2026-08-02 07:00:00,0x6330d8c3178a418788df01a47479c0ce7ccf450b
5,0.15046196558295774,22.110526544796457,10,2.113155416976926,309.16698237590253,7,3.4296629549367177,504.29055959234745,5,2.1976781924392763,323.96905020527265,2026-08-02 08:00:00,0x6330d8c3178a418788df01a47479c0ce7ccf450b
3,1.4982459610568448,220.43429134832837,6,2.610068823054988,383.9054228354494,3,0.6193584806418523,90.52710855779718,5,16.448763380655862,2401.572567058088,2026-08-02 09:00:00,0x6330d8c3178a418788df01a47479c0ce7ccf450b
2,0.00860489030824428,1.2681634398481643,8,2.9583546328568024,434.1222599102389,2,0.03906363343761256,5.735559750866067,2,0.017911936978241574,2.640424238806,2026-08-02 10:00:00,0x6330d8c3178a418788df01a47479c0ce7ccf450b
1,1.3395351615835684,197.440824598272,5,0.06347000518869893,9.330406423137287,1,0.145333297,21.241379507410603,2,1.478370586691212,217.88858892781303,2026-08-02 11:00:00,0x6330d8c3178a418788df01a47479c0ce7ccf450b
2,0.01540386846883485,2.258179766296,12,7.036991426039725,1036.1676040772834,1,0.011464077249579409,1.692087924436,7,3.4296629549367177,504.29055959234745,2026-08-02 12:00:00,0x6330d8c3178a418788df01a47479c0ce7ccf450b
9,2.42141954608289,353.44237403349933,0,,,2,0.10055506027243546,14.675913629588308,3,0.6193584806418523,90.52710855779718,2026-08-02 13:00:00,0x6330d8c3178a418788df01a47479c0ce7ccf450b
13,16.986190999159078,2492.6178785398524,2,0.08013755556467336,11.857565675958835,11,5.674602977004932,831.2331219715393,2,0.03906363343761256,5.735559750866067,2026-08-02 14:00:00,0x6330d8c3178a418788df01a47479c0ce7ccf450b
1,0.002761125,0.4034525603213221,1,0.022030056094283417,3.2613409837296654,8,3.1868341952541313,467.3819063821712,1,0.145333297,21.241379507410603,2026-08-02 15:00:00,0x6330d8c3178a418788df01a47479c0ce7ccf450b
0,,,11,17.64445635998606,2593.2369376765746,10,2.113155416976926,309.16698237590253,1,0.011464077249579409,1.692087924436,2026-08-02 16:00:00,0x6330d8c3178a418788df01a47479c0ce7ccf450b
2,0.6057486651756507,88.86726133474369,0,,,6,2.610068823054988,383.9054228354494,2,0.10055506027243546,14.675913629588308,2026-08-02 17:00:00,0x6330d8c3178a418788df01a47479c0ce7ccf450b
1,0.008220162154692078,1.2019647036197618,2,0.07996307183935589,11.77184575038,8,2.9583546328568024,434.1222599102389,11,5.674602977004932,831.2331219715393,2026-08-02 18:00:00,0x6330d8c3178a418788df01a47479c0ce7ccf450b
1,0.03161291144015292,4.631592045805,4,3.347501396148973,491.152522292305,5,0.06347000518869893,9.330406423137287,8,3.1868341952541313,467.3819063821712,2026-08-02 19:00:00,0x6330d8c3178a418788df01a47479c0ce7ccf450b
4,0.7988886744011376,117.16589026757855,1,0.007135621319084949,1.059234509168,12,7.036991426039725,1036.1676040772834,10,2.113155416976926,309.16698237590253,2026-08-02 20:00:00,0x6330d8c3178a418788df01a47479c0ce7ccf450b
4,0.9338694658727946,136.9952068072235,7,4.883859065898741,707.677460399756,0,,,6,2.610068823054988,383.9054228354494,2026-08-02 21:00:00,0x6330d8c3178a418788df01a47479c0ce7ccf450b
5,4.788718746240164,704.849691062898,16,28.42977429711715,4109.730018886161,2,0.08013755556467336,11.857565675958835,8,2.9583546328568024,434.1222599102389,2026-08-02 22:00:00,0x6330d8c3178a418788df01a47479c0ce7ccf450b
11,9.103682454786027,1329.0986289887267,3,2.3898901714130787,345.3559162038111,1,0.022030056094283417,3.2613409837296654,5,0.06347000518869893,9.330406423137287,2026-08-02 23:00:00,0x6330d8c3178a418788df01a47479c0ce7ccf450b
32,25.236152137065798,3736.467374979222,9,0.9203315573250823,133.61915725101645,11,17.64445635998606,2593.2369376765746,12,7.036991426039725,1036.1676040772834,2026-08-03 00:00:00,0x6330d8c3178a418788df01a47479c0ce7ccf450b
1,0.6061096951392823,89.90393728025539,1,0.00988549426732933,1.451990684112,0,,,0,,,2026-08-03 01:00:00,0x6330d8c3178a418788df01a47479c0ce7ccf450b
13,3.032740760791783,448.8082097698638,170,181.64167246045218,26148.053848869473,2,0.07996307183935589,11.77184575038,2,0.08013755556467336,11.857565675958835,2026-08-03 02:00:00,0x6330d8c3178a418788df01a47479c0ce7ccf450b
3,0.029995320620256602,4.436892402615558,55,52.92645225024204,7856.6894621534375,4,3.347501396148973,491.152522292305,1,0.022030056094283417,3.2613409837296654,2026-08-03 03:00:00,0x6330d8c3178a418788df01a47479c0ce7ccf450b
3,0.12248781714789048,18.068881625623412,13,5.955137138581673,888.378505613606,1,0.007135621319084949,1.059234509168,11,17.64445635998606,2593.2369376765746,2026-08-03 04:00:00,0x6330d8c3178a418788df01a47479c0ce7ccf450b
1,0.02239443639769823,3.3016626593750003,17,18.7379413334797,2822.7534160826685,7,4.883859065898741,707.677460399756,0,,,2026-08-03 05:00:00,0x6330d8c3178a418788df01a47479c0ce7ccf450b
3,0.17029035328401013,25.035940991087998,4,0.8144585826758505,123.76678150231166,16,28.42977429711715,4109.730018886161,2,0.07996307183935589,11.77184575038,2026-08-03 06:00:00,0x6330d8c3178a418788df01a47479c0ce7ccf450b
4,2.8848979861768926,423.00431335592623,18,4.7154916215820215,710.6630890881355,3,2.3898901714130787,345.3559162038111,4,3.347501396148973,491.152522292305,2026-08-03 07:00:00,0x6330d8c3178a418788df01a47479c0ce7ccf450b
372,2774.6224207016658,414173.22000133025,90,84.529146745057,12511.367348322228,9,0.9203315573250823,133.61915725101645,1,0.007135621319084949,1.059234509168,2026-08-03 08:00:00,0x6330d8c3178a418788df01a47479c0ce7ccf450b
2,0.018010511481963518,2.6655914854189997,9,9.941966439942705,1468.3653651684708,1,0.00988549426732933,1.451990684112,7,4.883859065898741,707.677460399756,2026-08-03 09:00:00,0x6330d8c3178a418788df01a47479c0ce7ccf450b
25,21.23792950350905,3060.2095539708243,2,0.2666570519383593,39.41966932889531,170,181.64167246045218,26148.053848869473,16,28.42977429711715,4109.730018886161,2026-08-03 10:00:00,0x6330d8c3178a418788df01a47479c0ce7ccf450b
12,6.167125935776121,892.4331468377129,2,0.02932514560229753,4.343054592261622,55,52.92645225024204,7856.6894621534375,3,2.3898901714130787,345.3559162038111,2026-08-03 11:00:00,0x6330d8c3178a418788df01a47479c0ce7ccf450b
3,4.528533605145469,651.3656310900585,1,0.00211062916117348,0.3106974166147324,13,5.955137138581673,888.378505613606,9,0.9203315573250823,133.61915725101645,2026-08-03 12:00:00,0x6330d8c3178a418788df01a47479c0ce7ccf450b
6,2.323135736241109,335.46469212799747,3,0.2299472005766642,33.87019879953425,17,18.7379413334797,2822.7534160826685,1,0.00988549426732933,1.451990684112,2026-08-03 13:00:00,0x6330d8c3178a418788df01a47479c0ce7ccf450b
54,35.291262548795075,5161.093371101119,3,0.36106398746995944,53.458298009313,4,0.8144585826758505,123.76678150231166,170,181.64167246045218,26148.053848869473,2026-08-03 14:00:00,0x6330d8c3178a418788df01a47479c0ce7ccf450b
39,28.35890157495214,4223.737081343653,2,0.03415969441587653,5.088237863888368,18,4.7154916215820215,710.6630890881355,55,52.92645225024204,7856.6894621534375,2026-08-03 15:00:00,0x6330d8c3178a418788df01a47479c0ce7ccf450b
22,18.352084654072,2754.033322045358,5,1.4616925028555883,216.95304101811377,90,84.529146745057,12511.367348322228,13,5.955137138581673,888.378505613606,2026-08-03 16:00:00,0x6330d8c3178a418788df01a47479c0ce7ccf450b
36,36.264003957986596,5495.569366069237,3,0.2069605365665778,30.70884282764508,9,9.941966439942705,1468.3653651684708,17,18.7379413334797,2822.7534160826685,2026-08-03 17:00:00,0x6330d8c3178a418788df01a47479c0ce7ccf450b
7,2.4631099834273447,374.02634457897835,1,0.24222810779562728,35.98205314939386,2,0.2666570519383593,39.41966932889531,4,0.8144585826758505,123.76678150231166,2026-08-03 18:00:00,0x6330d8c3178a418788df01a47479c0ce7ccf450b
34,8.700211930291829,1305.0728311365167,6,2.223999247878648,330.1668669056116,2,0.02932514560229753,4.343054592261622,18,4.7154916215820215,710.6630890881355,2026-08-03 19:00:00,0x6330d8c3178a418788df01a47479c0ce7ccf450b
9,12.429496605997857,1822.025995200963,5,2.7400064866829954,404.0676122065847,1,0.00211062916117348,0.3106974166147324,90,84.529146745057,12511.367348322228,2026-08-03 20:00:00,0x6330d8c3178a418788df01a47479c0ce7ccf450b
5,6.030752082917129,891.9098842453462,2,0.03270038111114844,4.843140799826161,3,0.2299472005766642,33.87019879953425,9,9.941966439942705,1468.3653651684708,2026-08-03 21:00:00,0x6330d8c3178a418788df01a47479c0ce7ccf450b
7,10.32046408963423,1526.6988910277282,7,2.609493371959964,383.6786708226902,3,0.36106398746995944,53.458298009313,2,0.2666570519383593,39.41966932889531,2026-08-03 22:00:00,0x6330d8c3178a418788df01a47479c0ce7ccf450b
1,0.009891529913460251,1.45946636262,5,2.4198279191166123,354.53139242566573,2,0.03415969441587653,5.088237863888368,2,0.02932514560229753,4.343054592261622,2026-08-03 23:00:00,0x6330d8c3178a418788df01a47479c0ce7ccf450b
3,0.00953404373584857,1.4273174030136426,7,0.8535073072009826,125.89518647457048,5,1.4616925028555883,216.95304101811377,1,0.00211062916117348,0.3106974166147324,2026-08-04 00:00:00,0x6330d8c3178a418788df01a47479c0ce7ccf450b
3,0.025605567474228482,3.7694540737384883,11,3.1563418394040146,465.95131178471104,3,0.2069605365665778,30.70884282764508,3,0.2299472005766642,33.87019879953425,2026-08-04 01:00:00,0x6330d8c3178a418788df01a47479c0ce7ccf450b
0,,,197,234.6315884890027,34939.391188930465,1,0.24222810779562728,35.98205314939386,3,0.36106398746995944,53.458298009313,2026-08-04 02:00:00,0x6330d8c3178a418788df01a47479c0ce7ccf450b
5,2.51949502759803,373.56549209538764,45,33.97455727897754,5059.751220962283,6,2.223999247878648,330.1668669056116,2,0.03415969441587653,5.088237863888368,2026-08-04 03:00:00,0x6330d8c3178a418788df01a47479c0ce7ccf450b
4,0.022157522084395982,3.3008690056418506,59,73.44735555762193,11069.40985488768,5,2.7400064866829954,404.0676122065847,5,1.4616925028555883,216.95304101811377,2026-08-04 04:00:00,0x6330d8c3178a418788df01a47479c0ce7ccf450b
1,0.000125398830131984,0.018644300000000003,33,15.913997089639984,2390.4241141893185,2,0.03270038111114844,4.843140799826161,3,0.2069605365665778,30.70884282764508,2026-08-04 05:00:00,0x6330d8c3178a418788df01a47479c0ce7ccf450b
4,0.2086395416817108,31.012764347089263,7,2.2816665121022273,345.48197270594056,7,2.609493371959964,383.6786708226902,1,0.24222810779562728,35.98205314939386,2026-08-04 06:00:00,0x6330d8c3178a418788df01a47479c0ce7ccf450b
7,1.85969543007919,275.22260033327944,4,4.035484939478319,611.9494393779562,5,2.4198279191166123,354.53139242566573,6,2.223999247878648,330.1668669056116,2026-08-04 07:00:00,0x6330d8c3178a418788df01a47479c0ce7ccf450b
3,0.2471877158233787,36.55796086801747,37,23.400035197910228,3558.62976177492,7,0.8535073072009826,125.89518647457048,5,2.7400064866829954,404.0676122065847,2026-08-04 08:00:00,0x6330d8c3178a418788df01a47479c0ce7ccf450b
11,10.398264166562972,1528.2814079697625,12,14.096061097589697,2140.7361713306423,11,3.1563418394040146,465.95131178471104,2,0.03270038111114844,4.843140799826161,2026-08-04 09:00:00,0x6330d8c3178a418788df01a47479c0ce7ccf450b
4,1.8092391363908624,265.31778695822965,9,0.21246424903067943,32.0423956830197,197,234.6315884890027,34939.391188930465,7,2.609493371959964,383.6786708226902,2026-08-04 10:00:00,0x6330d8c3178a418788df01a47479c0ce7ccf450b
7,0.552901438938987,81.36532302660139,1,0.007048053207373309,1.076626569092,45,33.97455727897754,5059.751220962283,5,2.4198279191166123,354.53139242566573,2026-08-04 11:00:00,0x6330d8c3178a418788df01a47479c0ce7ccf450b
6,0.4804365222688103,70.82639814461345,1,0.3135910106336225,47.4293778841758,59,73.44735555762193,11069.40985488768,7,0.8535073072009826,125.89518647457048,2026-08-04 12:00:00,0x6330d8c3178a418788df01a47479c0ce7ccf450b
6,0.9568778126921001,141.26093093592456,6,3.594440991386346,543.9634771886965,33,15.913997089639984,2390.4241141893185,11,3.1563418394040146,465.95131178471104,2026-08-04 13:00:00,0x6330d8c3178a418788df01a47479c0ce7ccf450b
17,15.795328646094372,2323.0568652455277,5,0.8538368449661938,129.18571066115734,7,2.2816665121022273,345.48197270594056,197,234.6315884890027,34939.391188930465,2026-08-04 14:00:00,0x6330d8c3178a418788df01a47479c0ce7ccf450b
20,24.680252218278934,3686.860438956946,2,0.002825482892972374,0.42850342457519497,4,4.035484939478319,611.9494393779562,45,33.97455727897754,5059.751220962283,2026-08-04 15:00:00,0x6330d8c3178a418788df01a47479c0ce7ccf450b
16,2.5743641195842795,390.82375219002836,1,0.000122559279178545,0.018492086022124148,37,23.400035197910228,3558.62976177492,59,73.44735555762193,11069.40985488768,2026-08-04 16:00:00,0x6330d8c3178a418788df01a47479c0ce7ccf450b
13,7.946704347615306,1199.8691878455495,1,0.005972915651329915,0.912691728568,12,14.096061097589697,2140.7361713306423,33,15.913997089639984,2390.4241141893185,2026-08-04 17:00:00,0x6330d8c3178a418788df01a47479c0ce7ccf450b
9,7.147484125653485,1084.6270656043312,12,0.7917396445272712,120.67070667274474,9,0.21246424903067943,32.0423956830197,7,2.2816665121022273,345.48197270594056,2026-08-04 18:00:00,0x6330d8c3178a418788df01a47479c0ce7ccf450b
14,7.149972816672422,1086.9450238711688,12,1.6661090124628821,254.04787768193964,1,0.007048053207373309,1.076626569092,4,4.035484939478319,611.9494393779562,2026-08-04 19:00:00,0x6330d8c3178a418788df01a47479c0ce7ccf450b
17,13.183860181623132,1986.9373942807433,6,3.992722818435135,606.4466503246877,1,0.3135910106336225,47.4293778841758,37,23.400035197910228,3558.62976177492,2026-08-04 20:00:00,0x6330d8c3178a418788df01a47479c0ce7ccf450b
7,3.7172670022421364,561.6375807456471,12,15.244325820510584,2306.5611142137273,6,3.594440991386346,543.9634771886965,12,14.096061097589697,2140.7361713306423,2026-08-04 21:00:00,0x6330d8c3178a418788df01a47479c0ce7ccf450b
5,0.19255247115727758,29.030322032165454,2,0.015391852625857298,2.3278634103892153,5,0.8538368449661938,129.18571066115734,9,0.21246424903067943,32.0423956830197,2026-08-04 22:00:00,0x6330d8c3178a418788df01a47479c0ce7ccf450b
4,2.564997032992871,388.0534145828035,16,5.890319725883434,901.3446494161865,2,0.002825482892972374,0.42850342457519497,1,0.007048053207373309,1.076626569092,2026-08-04 23:00:00,0x6330d8c3178a418788df01a47479c0ce7ccf450b
45,7.512263833556725,3485.856784809619,2,0.01358121471628228,6.180848503901655,23,4.14254658430007,1840.8319323788082,33,6.535812155544101,2988.8315505570145,2026-07-29 00:00:00,0x86923f96303d656e4aa86d9d42d1e57ad2023fdc
30,4.424108567910234,2015.5051784139728,20,4.090416812983491,1849.6897068081626,9,0.2355343718202662,104.40200757659841,22,0.12557384386491932,57.77180098030623,2026-07-29 01:00:00,0x86923f96303d656e4aa86d9d42d1e57ad2023fdc
5,0.4641436046586086,208.08583441605862,102,13.513311621848638,6013.129176499701,8,1.389417650877216,626.1081912230554,49,6.4821961445078085,2894.449559963954,2026-07-29 02:00:00,0x86923f96303d656e4aa86d9d42d1e57ad2023fdc
11,1.2405787638248533,554.3008446428094,36,2.414858071455608,1041.3796840821744,19,2.5196363034621823,1140.6465098661174,8,0.03154158160779982,14.191482533512183,2026-07-29 03:00:00,0x86923f96303d656e4aa86d9d42d1e57ad2023fdc
21,4.834056641050502,2128.2314088075973,34,3.9657217237120563,1696.6772952213878,10,0.11959685959335553,54.05036716123597,23,4.14254658430007,1840.8319323788082,2026-07-29 04:00:00,0x86923f96303d656e4aa86d9d42d1e57ad2023fdc
15,2.1802961436269155,979.0211929046557,5,0.10724984303176982,46.09055158502143,3,0.08881659026733521,39.95649463839148,9,0.2355343718202662,104.40200757659841,2026-07-29 05:00:00,0x86923f96303d656e4aa86d9d42d1e57ad2023fdc
9,0.10856969514353025,48.509137135104964,12,0.6381523728369572,279.5970039942576,26,3.9062496124399,1794.3436697908166,8,1.389417650877216,626.1081912230554,2026-07-29 06:00:00,0x86923f96303d656e4aa86d9d42d1e57ad2023fdc
11,0.13480425825835787,61.09502447269543,42,7.210387737644994,3231.3967277585484,14,0.17864364896012586,81.55945307308174,19,2.5196363034621823,1140.6465098661174,2026-07-29 07:00:00,0x86923f96303d656e4aa86d9d42d1e57ad2023fdc
9,0.27945316569402123,125.65791322742625,65,11.255228865731459,4883.7135709925,2,0.01358121471628228,6.180848503901655,10,0.11959685959335553,54.05036716123597,2026-07-29 08:00:00,0x86923f96303d656e4aa86d9d42d1e57ad2023fdc
35,3.6067692495993953,1641.4552891773717,3,0.0026404654931834514,1.122274436777865,20,4.090416812983491,1849.6897068081626,3,0.08881659026733521,39.95649463839148,2026-07-29 09:00:00,0x86923f96303d656e4aa86d9d42d1e57ad2023fdc
5,0.03435221947076132,15.800308882758005,39,4.410238241676106,1860.0931653900054,102,13.513311621848638,6013.129176499701,26,3.9062496124399,1794.3436697908166,2026-07-29 10:00:00,0x86923f96303d656e4aa86d9d42d1e57ad2023fdc
3,0.03204622390785753,14.68114788818163,7,0.10280408128448443,43.640989153132594,36,2.414858071455608,1041.3796840821744,14,0.17864364896012586,81.55945307308174,2026-07-29 11:00:00,0x86923f96303d656e4aa86d9d42d1e57ad2023fdc
7,0.15605139670524876,70.78085724589697,5,0.2566705566670887,110.06135427964374,34,3.9657217237120563,1696.6772952213878,2,0.01358121471628228,6.180848503901655,2026-07-29 12:00:00,0x86923f96303d656e4aa86d9d42d1e57ad2023fdc
7,0.2169051056723261,98.50278723613908,6,0.37765667038542394,164.80737138405635,5,0.10724984303176982,46.09055158502143,20,4.090416812983491,1849.6897068081626,2026-07-29 13:00:00,0x86923f96303d656e4aa86d9d42d1e57ad2023fdc
52,5.0197796865750215,2191.68316632369,33,5.248371862231713,2315.2595633881124,12,0.6381523728369572,279.5970039942576,102,13.513311621848638,6013.129176499701,2026-07-29 14:00:00,0x86923f96303d656e4aa86d9d42d1e57ad2023fdc
11,0.4592599266857027,207.53753138713563,12,0.9994188636006845,433.46245538921704,42,7.210387737644994,3231.3967277585484,36,2.414858071455608,1041.3796840821744,2026-07-29 15:00:00,0x86923f96303d656e4aa86d9d42d1e57ad2023fdc
30,2.422512860483749,1031.0403329304686,4,0.02590862350186831,11.304583623145,65,11.255228865731459,4883.7135709925,34,3.9657217237120563,1696.6772952213878,2026-07-29 16:00:00,0x86923f96303d656e4aa86d9d42d1e57ad2023fdc
35,5.583778222179599,2433.3339710137698,21,2.477878196789589,1061.8680941579591,3,0.0026404654931834514,1.122274436777865,5,0.10724984303176982,46.09055158502143,2026-07-29 17:00:00,0x86923f96303d656e4aa86d9d42d1e57ad2023fdc
38,7.14933363585252,3160.5826900777374,7,0.19093557290160207,82.34342412372047,39,4.410238241676106,1860.0931653900054,12,0.6381523728369572,279.5970039942576,2026-07-29 18:00:00,0x86923f96303d656e4aa86d9d42d1e57ad2023fdc
46,7.681673843278714,3415.4807550638743,5,0.027713581088226944,11.884305712595646,7,0.10280408128448443,43.640989153132594,42,7.210387737644994,3231.3967277585484,2026-07-29 19:00:00,0x86923f96303d656e4aa86d9d42d1e57ad2023fdc
35,6.638733540802,2829.6347553847168,17,2.803154518323773,1193.1000403458947,5,0.2566705566670887,110.06135427964374,65,11.255228865731459,4883.7135709925,2026-07-29 20:00:00,0x86923f96303d656e4aa86d9d42d1e57ad2023fdc
8,0.02235290899013838,9.50047507922781,1,0.006892415183663712,2.986196324372,6,0.37765667038542394,164.80737138405635,3,0.0026404654931834514,1.122274436777865,2026-07-29 21:00:00,0x86923f96303d656e4aa86d9d42d1e57ad2023fdc
12,0.4423743385501588,188.412164651759,4,0.0590228850862898,25.348101694798807,33,5.248371862231713,2315.2595633881124,39,4.410238241676106,1860.0931653900054,2026-07-29 22:00:00,0x86923f96303d656e4aa86d9d42d1e57ad2023fdc
2,0.03078950262529653,13.318079146750645,29,2.238617677860491,982.187590131456,12,0.9994188636006845,433.46245538921704,7,0.10280408128448443,43.640989153132594,2026-07-29 23:00:00,0x86923f96303d656e4aa86d9d42d1e57ad2023fdc
42,7.306986443606319,3160.2228807908546,33,117.80132393131595,52608.087634104355,4,0.02590862350186831,11.304583623145,5,0.2566705566670887,110.06135427964374,2026-07-30 00:00:00,0x86923f96303d656e4aa86d9d42d1e57ad2023fdc
29,4.526318660582883,1979.659181657119,25,4.88900314577665,2214.3774973797194,21,2.477878196789589,1061.8680941579591,6,0.37765667038542394,164.80737138405635,2026-07-30 01:00:00,0x86923f96303d656e4aa86d9d42d1e57ad2023fdc
15,0.3927892969258577,172.6153593004189,152,26.70148721639525,12542.573740640908,7,0.19093557290160207,82.34342412372047,33,5.248371862231713,2315.2595633881124,2026-07-30 02:00:00,0x86923f96303d656e4aa86d9d42d1e57ad2023fdc
20,3.461662631691326,1493.8026630017105,54,5.604125287697447,2735.2237808730583,5,0.027713581088226944,11.884305712595646,12,0.9994188636006845,433.46245538921704,2026-07-30 03:00:00,0x86923f96303d656e4aa86d9d42d1e57ad2023fdc
10,1.667669298053304,717.7863784548051,6,0.33163324795934696,161.18317560218333,17,2.803154518323773,1193.1000403458947,4,0.02590862350186831,11.304583623145,2026-07-30 04:00:00,0x86923f96303d656e4aa86d9d42d1e57ad2023fdc
16,1.3824501779108525,588.7770716753903,12,0.7816220421068164,385.51621540091935,1,0.006892415183663712,2.986196324372,21,2.477878196789589,1061.8680941579591,2026-07-30 05:00:00,0x86923f96303d656e4aa86d9d42d1e57ad2023fdc
4,0.09413367491831005,40.485881570176,14,2.0332991180149116,1001.3561759450401,4,0.0590228850862898,25.348101694798807,7,0.19093557290160207,82.34342412372047,2026-07-30 06:00:00,0x86923f96303d656e4aa86d9d42d1e57ad2023fdc
9,0.17015627203472894,72.894424375924,7,0.4774168045615699,233.92252276038192,29,2.238617677860491,982.187590131456,5,0.027713581088226944,11.884305712595646,2026-07-30 07:00:00,0x86923f96303d656e4aa86d9d42d1e57ad2023fdc
15,0.9206269389834307,391.864794806053,16,1.3637222874355883,664.385123749789,33,117.80132393131595,52608.087634104355,17,2.803154518323773,1193.1000403458947,2026-07-30 08:00:00,0x86923f96303d656e4aa86d9d42d1e57ad2023fdc
5,0.14805805242001815,63.842229570508,3,0.1995651350627812,98.860818681981,25,4.88900314577665,2214.3774973797194,1,0.006892415183663712,2.986196324372,2026-07-30 09:00:00,0x86923f96303d656e4aa86d9d42d1e57ad2023fdc
31,5.9677521220093945,2599.0492447985644,1,0.1931603748851706,95.87285795255,152,26.70148721639525,12542.573740640908,4,0.0590228850862898,25.348101694798807,2026-07-30 10:00:00,0x86923f96303d656e4aa86d9d42d1e57ad2023fdc
41,6.889701215359455,3046.05528310337,5,0.401946734261406,200.6624483916837,54,5.604125287697447,2735.2237808730583,29,2.238617677860491,982.187590131456,2026-07-30 11:00:00,0x86923f96303d656e4aa86d9d42d1e57ad2023fdc
18,3.3627941068676734,1512.7511965085555,4,0.22800515214909597,113.99277914516001,6,0.33163324795934696,161.18317560218333,33,117.80132393131595,52608.087634104355,2026-07-30 12:00:00,0x86923f96303d656e4aa86d9d42d1e57ad2023fdc
36,10.214664378240178,4675.753699095485,53,4.904105809231387,2481.183947814262,12,0.7816220421068164,385.51621540091935,25,4.88900314577665,2214.3774973797194,2026-07-30 13:00:00,0x86923f96303d656e4aa86d9d42d1e57ad2023fdc
131,17.541455560023245,8583.45887324756,44,8.696310005859793,4334.073384112869,14,2.0332991180149116,1001.3561759450401,152,26.70148721639525,12542.573740640908,2026-07-30 14:00:00,0x86923f96303d656e4aa86d9d42d1e57ad2023fdc
15,1.3811535889442472,667.5322276783234,2,0.196982605642395,99.372421914084,7,0.4774168045615699,233.92252276038192,54,5.604125287697447,2735.2237808730583,2026-07-30 15:00:00,0x86923f96303d656e4aa86d9d42d1e57ad2023fdc
0,,,7,0.20122935182885232,101.49698682021214,16,1.3637222874355883,664.385123749789,6,0.33163324795934696,161.18317560218333,2026-07-30 16:00:00,0x86923f96303d656e4aa86d9d42d1e57ad2023fdc
16,0.2055180592417955,99.8384539303591,19,0.1629711980964024,82.12726200441938,3,0.1995651350627812,98.860818681981,12,0.7816220421068164,385.51621540091935,2026-07-30 17:00:00,0x86923f96303d656e4aa86d9d42d1e57ad2023fdc
3,1.767732333770058,875.371931033254,11,0.23070011837643206,116.34889183534919,1,0.1931603748851706,95.87285795255,14,2.0332991180149116,1001.3561759450401,2026-07-30 18:00:00,0x86923f96303d656e4aa86d9d42d1e57ad2023fdc
9,0.39122190213731467,192.84976401475308,18,0.20577759925797107,103.10089933311565,5,0.401946734261406,200.6624483916837,7,0.4774168045615699,233.92252276038192,2026-07-30 19:00:00,0x86923f96303d656e4aa86d9d42d1e57ad2023fdc
4,0.68470333016305,334.3290431168403,16,0.15634692344501291,78.6978491154488,4,0.22800515214909597,113.99277914516001,16,1.3637222874355883,664.385123749789,2026-07-30 20:00:00,0x86923f96303d656e4aa86d9d42d1e57ad2023fdc
20,0.6297704301322983,310.7564204119848,21,0.4205794909993982,213.2779905831155,53,4.904105809231387,2481.183947814262,3,0.1995651350627812,98.860818681981,2026-07-30 21:00:00,0x86923f96303d656e4aa86d9d42d1e57ad2023fdc
25,4.089860026172671,2036.1086475832835,7,0.04221251714052339,21.043991377714,44,8.696310005859793,4334.073384112869,1,0.1931603748851706,95.87285795255,2026-07-30 22:00:00,0x86923f96303d656e4aa86d9d42d1e57ad2023fdc
4,0.22477228299489493,112.34163589741881,8,0.034993619332478715,17.786836848967,2,0.196982605642395,99.372421914084,5,0.401946734261406,200.6624483916837,2026-07-30 23:00:00,0x86923f96303d656e4aa86d9d42d1e57ad2023fdc
23,3.559044545433801,1786.3269716457698,9,1.9947609969188742,1019.0610536488084,7,0.20122935182885232,101.49698682021214,4,0.22800515214909597,113.99277914516001,2026-07-31 00:00:00,0x86923f96303d656e4aa86d9d42d1e57ad2023fdc
30,2.2700763469413925,1158.249833387634,11,0.03532456269941756,17.401214849031895,19,0.1629711980964024,82.12726200441938,53,4.904105809231387,2481.183947814262,2026-07-31 01:00:00,0x86923f96303d656e4aa86d9d42d1e57ad2023fdc
16,4.15535205404003,2057.7178018715886,117,27.921250087893487,13996.533184714242,11,0.23070011837643206,116.34889183534919,44,8.696310005859793,4334.073384112869,2026-07-31 02:00:00,0x86923f96303d656e4aa86d9d42d1e57ad2023fdc
7,0.22683715389248665,114.26818767591601,19,1.3486180443278921,666.445692570706,18,0.20577759925797107,103.10089933311565,2,0.196982605642395,99.372421914084,2026-07-31 03:00:00,0x86923f96303d656e4aa86d9d42d1e57ad2023fdc
23,0.2903855001433639,146.2135242144118,24,0.16306110375076543,79.67989279423641,16,0.15634692344501291,78.6978491154488,7,0.20122935182885232,101.49698682021214,2026-07-31 04:00:00,0x86923f96303d656e4aa86d9d42d1e57ad2023fdc
20,1.2372103101164218,625.5527996774612,9,0.06932784342805492,34.099241692421806,21,0.4205794909993982,213.2779905831155,19,0.1629711980964024,82.12726200441938,2026-07-31 05:00:00,0x86923f96303d656e4aa86d9d42d1e57ad2023fdc
14,2.122674530932597,1076.0132114680443,11,0.2630081767189659,129.91732140949156,7,0.04221251714052339,21.043991377714,11,0.23070011837643206,116.34889183534919,2026-07-31 06:00:00,0x86923f96303d656e4aa86d9d42d1e57ad2023fdc
15,0.1434212363433348,71.99689679538487,4,0.19003497242121345,94.19477710769125,8,0.034993619332478715,17.786836848967,18,0.20577759925797107,103.10089933311565,2026-07-31 07:00:00,0x86923f96303d656e4aa86d9d42d1e57ad2023fdc
10,0.10028232991726059,50.6737900782399,70,16.062726031298727,7712.963745355586,9,1.9947609969188742,1019.0610536488084,16,0.15634692344501291,78.6978491154488,2026-07-31 08:00:00,0x86923f96303d656e4aa86d9d42d1e57ad2023fdc
14,0.5582216674176985,283.40640706382715,15,0.7259095064579936,350.34529007089947,11,0.03532456269941756,17.401214849031895,21,0.4205794909993982,213.2779905831155,2026-07-31 09:00:00,0x86923f96303d656e4aa86d9d42d1e57ad2023fdc
15,4.154159696514718,2114.3578904801675,7,0.08949819210998905,42.85190191468201,117,27.921250087893487,13996.533184714242,7,0.04221251714052339,21.043991377714,2026-07-31 10:00:00,0x86923f96303d656e4aa86d9d42d1e57ad2023fdc
12,0.1364442506252237,69.33222317809816,7,0.22925408652468238,111.01150180490902,19,1.3486180443278921,666.445692570706,8,0.034993619332478715,17.786836848967,2026-07-31 11:00:00,0x86923f96303d656e4aa86d9d42d1e57ad2023fdc
8,0.15047695428348606,76.10317831606301,32,3.37466137886284,1599.5473855573634,24,0.16306110375076543,79.67989279423641,9,1.9947609969188742,1019.0610536488084,2026-07-31 12:00:00,0x86923f96303d656e4aa86d9d42d1e57ad2023fdc
19,0.8071785768666088,412.45260051408576,8,0.03859436558586497,18.35701844760416,9,0.06932784342805492,34.099241692421806,11,0.03532456269941756,17.401214849031895,2026-07-31 13:00:00,0x86923f96303d656e4aa86d9d42d1e57ad2023fdc
69,16.744217590316193,8167.598466268047,22,0.04454188785849168,21.034633982995004,11,0.2630081767189659,129.91732140949156,117,27.921250087893487,13996.533184714242,2026-07-31 14:00:00,0x86923f96303d656e4aa86d9d42d1e57ad2023fdc
23,0.8793372182975832,433.75528884399114,5,0.01984306698489962,9.45127926066,4,0.19003497242121345,94.19477710769125,19,1.3486180443278921,666.445692570706,2026-07-31 15:00:00,0x86923f96303d656e4aa86d9d42d1e57ad2023fdc
3,0.031652840209979195,15.621121560629998,6,0.08972959062750879,42.735583613165,70,16.062726031298727,7712.963745355586,24,0.16306110375076543,79.67989279423641,2026-07-31 16:00:00,0x86923f96303d656e4aa86d9d42d1e57ad2023fdc
13,0.18872991935887798,93.02595354623938,8,0.03121018080318594,14.809850725948039,15,0.7259095064579936,350.34529007089947,9,0.06932784342805492,34.099241692421806,2026-07-31 17:00:00,0x86923f96303d656e4aa86d9d42d1e57ad2023fdc
7,0.2367895550915643,116.96959368803314,8,0.14992969032768383,70.9807706522176,7,0.08949819210998905,42.85190191468201,11,0.2630081767189659,129.91732140949156,2026-07-31 18:00:00,0x86923f96303d656e4aa86d9d42d1e57ad2023fdc
9,0.10084698506679306,49.52041808961415,3,0.009154848257466666,4.362665132188592,7,0.22925408652468238,111.01150180490902,4,0.19003497242121345,94.19477710769125,2026-07-31 19:00:00,0x86923f96303d656e4aa86d9d42d1e57ad2023fdc
22,2.117845126187569,1007.6044435306612,4,0.016858869929285994,8.005904000000001,32,3.37466137886284,1599.5473855573634,70,16.062726031298727,7712.963745355586,2026-07-31 20:00:00,0x86923f96303d656e4aa86d9d42d1e57ad2023fdc
1,0.023892623380237947,11.608156105736,5,0.018336909058512606,8.73321664272,8,0.03859436558586497,18.35701844760416,15,0.7259095064579936,350.34529007089947,2026-07-31 21:00:00,0x86923f96303d656e4aa86d9d42d1e57ad2023fdc
10,0.08818058060113718,42.263117151907,6,0.06425195861549889,30.348253645979995,22,0.04454188785849168,21.034633982995004,7,0.08949819210998905,42.85190191468201,2026-07-31 22:00:00,0x86923f96303d656e4aa86d9d42d1e57ad2023fdc
22,1.449047865750689,689.1703887412882,0,,,5,0.01984306698489962,9.45127926066,7,0.22925408652468238,111.01150180490902,2026-07-31 23:00:00,0x86923f96303d656e4aa86d9d42d1e57ad2023fdc
10,0.05292135804503045,25.208322061760494,6,0.02066235313802502,9.863689377667,6,0.08972959062750879,42.735583613165,32,3.37466137886284,1599.5473855573634,2026-08-01 00:00:00,0x86923f96303d656e4aa86d9d42d1e57ad2023fdc
8,0.2049778557223944,97.18130790622509,5,0.026675133697402507,12.653493236044,8,0.03121018080318594,14.809850725948039,8,0.03859436558586497,18.35701844760416,2026-08-01 01:00:00,0x86923f96303d656e4aa86d9d42d1e57ad2023fdc
7,0.020489860891063808,9.722069991653001,1,0.00179661854038008,0.85054707176,8,0.14992969032768383,70.9807706522176,22,0.04454188785849168,21.034633982995004,2026-08-01 02:00:00,0x86923f96303d656e4aa86d9d42d1e57ad2023fdc
4,0.020584649378850624,9.876938832012,10,0.053476586148790216,25.336246517510794,3,0.009154848257466666,4.362665132188592,5,0.01984306698489962,9.45127926066,2026-08-01 03:00:00,0x86923f96303d656e4aa86d9d42d1e57ad2023fdc
4,0.6556485424704953,310.172030327245,10,0.0666620663795055,31.52983318751945,4,0.016858869929285994,8.005904000000001,6,0.08972959062750879,42.735583613165,2026-08-01 04:00:00,0x86923f96303d656e4aa86d9d42d1e57ad2023fdc
3,0.00857945956001533,4.0862998930500005,6,0.011563855510799704,5.459581509623776,5,0.018336909058512606,8.73321664272,8,0.03121018080318594,14.809850725948039,2026-08-01 05:00:00,0x86923f96303d656e4aa86d9d42d1e57ad2023fdc
4,0.018799896540393615,8.987766302502,5,0.10197817873388106,48.10791613717536,6,0.06425195861549889,30.348253645979995,8,0.14992969032768383,70.9807706522176,2026-08-01 06:00:00,0x86923f96303d656e4aa86d9d42d1e57ad2023fdc
12,0.37090195838602613,176.096948322701,16,3.570563638869552,1681.0446654151885,0,,,3,0.009154848257466666,4.362665132188592,2026-08-01 07:00:00,0x86923f96303d656e4aa86d9d42d1e57ad2023fdc
6,0.023329951512949094,11.102823768209765,6,0.4615936955020409,216.754006492297,6,0.02066235313802502,9.863689377667,4,0.016858869929285994,8.005904000000001,2026-08-01 08:00:00,0x86923f96303d656e4aa86d9d42d1e57ad2023fdc
6,0.03679681058846093,17.66431255121,7,0.10948764710154399,51.484768816418374,5,0.026675133697402507,12.653493236044,5,0.018336909058512606,8.73321664272,2026-08-01 09:00:00,0x86923f96303d656e4aa86d9d42d1e57ad2023fdc
5,0.017739300864213218,8.436012220437,1,0.001294672916872571,0.60727314375,1,0.00179661854038008,0.85054707176,6,0.06425195861549889,30.348253645979995,2026-08-01 10:00:00,0x86923f96303d656e4aa86d9d42d1e57ad2023fdc
2,0.00840160617461978,4.002824,3,0.013092486212366774,6.168973687036001,10,0.053476586148790216,25.336246517510794,0,,,2026-08-01 11:00:00,0x86923f96303d656e4aa86d9d42d1e57ad2023fdc
8,0.031235935977406284,14.775063016748001,4,0.009906325733550655,4.71982714224,10,0.0666620663795055,31.52983318751945,6,0.02066235313802502,9.863689377667,2026-08-01 12:00:00,0x86923f96303d656e4aa86d9d42d1e57ad2023fdc
5,0.01974783480181528,9.38390919495,7,0.06883209083932729,32.717065577311615,6,0.011563855510799704,5.459581509623776,5,0.026675133697402507,12.653493236044,2026-08-01 13:00:00,0x86923f96303d656e4aa86d9d42d1e57ad2023fdc
8,0.03733181511285389,17.7023084493127,6,0.015366107852234499,7.332507205136035,5,0.10197817873388106,48.10791613717536,1,0.00179661854038008,0.85054707176,2026-08-01 14:00:00,0x86923f96303d656e4aa86d9d42d1e57ad2023fdc
12,0.04829259189325226,22.934412842266312,12,0.9869085415541043,478.82595227262635,16,3.570563638869552,1681.0446654151885,10,0.053476586148790216,25.336246517510794,2026-08-01 15:00:00,0x86923f96303d656e4aa86d9d42d1e57ad2023fdc
5,0.02179708671108122,10.32331810972314,1,0.000640633207923023,0.30429078778699997,6,0.4615936955020409,216.754006492297,10,0.0666620663795055,31.52983318751945,2026-08-01 16:00:00,0x86923f96303d656e4aa86d9d42d1e57ad2023fdc
2,0.003878130579261627,1.8625737546249999,2,0.03010245912191194,14.525735052216325,7,0.10948764710154399,51.484768816418374,6,0.011563855510799704,5.459581509623776,2026-08-01 17:00:00,0x86923f96303d656e4aa86d9d42d1e57ad2023fdc
7,0.10203631960822221,48.144424525284,12,0.03987462517507106,18.936289976733,1,0.001294672916872571,0.60727314375,5,0.10197817873388106,48.10791613717536,2026-08-01 18:00:00,0x86923f96303d656e4aa86d9d42d1e57ad2023fdc
7,0.39890726605178717,187.48492912947873,3,0.05036409168332332,24.37871645605231,3,0.013092486212366774,6.168973687036001,16,3.570563638869552,1681.0446654151885,2026-08-01 19:00:00,0x86923f96303d656e4aa86d9d42d1e57ad2023fdc
7,0.7822238109131896,367.166969192046,1,0.005321747739772783,2.7300140791246683,4,0.009906325733550655,4.71982714224,6,0.4615936955020409,216.754006492297,2026-08-01 20:00:00,0x86923f96303d656e4aa86d9d42d1e57ad2023fdc
5,0.013904723801870375,6.565378874726635,10,2.0468699440559917,979.6357100538163,7,0.06883209083932729,32.717065577311615,7,0.10948764710154399,51.484768816418374,2026-08-01 21:00:00,0x86923f96303d656e4aa86d9d42d1e57ad2023fdc
1,0.014886405766291222,7.0151438066870835,17,1.5188928750780866,738.9430057522684,6,0.015366107852234499,7.332507205136035,1,0.001294672916872571,0.60727314375,2026-08-01 22:00:00,0x86923f96303d656e4aa86d9d42d1e57ad2023fdc
8,0.041348372235370974,19.52405808091123,0,,,12,0.9869085415541043,478.82595227262635,3,0.013092486212366774,6.168973687036001,2026-08-01 23:00:00,0x86923f96303d656e4aa86d9d42d1e57ad2023fdc
8,0.034747167650328634,16.46667419193787,0,,,1,0.000640633207923023,0.30429078778699997,4,0.009906325733550655,4.71982714224,2026-08-02 00:00:00,0x86923f96303d656e4aa86d9d42d1e57ad2023fdc
5,0.01676128490983811,7.9997278026,0,,,2,0.03010245912191194,14.525735052216325,7,0.06883209083932729,32.717065577311615,2026-08-02 01:00:00,0x86923f96303d656e4aa86d9d42d1e57ad2023fdc
28,10.507165466798572,5064.596940548171,0,,,12,0.03987462517507106,18.936289976733,6,0.015366107852234499,7.332507205136035,2026-08-02 02:00:00,0x86923f96303d656e4aa86d9d42d1e57ad2023fdc
7,0.0568797900076067,27.52016047982306,0,,,3,0.05036409168332332,24.37871645605231,12,0.9869085415541043,478.82595227262635,2026-08-02 03:00:00,0x86923f96303d656e4aa86d9d42d1e57ad2023fdc
3,0.005720116149251785,2.7583529254280004,3,0.016580491989516433,7.916676233240968,1,0.005321747739772783,2.7300140791246683,1,0.000640633207923023,0.30429078778699997,2026-08-02 04:00:00,0x86923f96303d656e4aa86d9d42d1e57ad2023fdc
0,,,1,0.21761569865835528,103.900645593528,10,2.0468699440559917,979.6357100538163,2,0.03010245912191194,14.525735052216325,2026-08-02 05:00:00,0x86923f96303d656e4aa86d9d42d1e57ad2023fdc
0,,,4,0.016996996547926673,8.28245955398967,17,1.5188928750780866,738.9430057522684,12,0.03987462517507106,18.936289976733,2026-08-02 06:00:00,0x86923f96303d656e4aa86d9d42d1e57ad2023fdc
0,,,5,0.1144130008503382,55.78875829784933,0,,,3,0.05036409168332332,24.37871645605231,2026-08-02 07:00:00,0x86923f96303d656e4aa86d9d42d1e57ad2023fdc
3,0.0211291633876417,10.272092594471001,6,0.08663834622611727,42.31201975573464,0,,,1,0.005321747739772783,2.7300140791246683,2026-08-02 08:00:00,0x86923f96303d656e4aa86d9d42d1e57ad2023fdc
12,0.21571773221668314,104.59808294776583,5,0.044054102518210084,21.524106410809,0,,,10,2.0468699440559917,979.6357100538163,2026-08-02 09:00:00,0x86923f96303d656e4aa86d9d42d1e57ad2023fdc
2,0.02581590063526109,12.321981475375,16,1.4081627629010152,689.078662941848,0,,,17,1.5188928750780866,738.9430057522684,2026-08-02 10:00:00,0x86923f96303d656e4aa86d9d42d1e57ad2023fdc
3,0.005152965992291015,2.5048663578045103,42,14.33725611434676,7055.9819512971135,0,,,0,,,2026-08-02 11:00:00,0x86923f96303d656e4aa86d9d42d1e57ad2023fdc
2,0.02068869836142513,9.999682979262685,17,1.7246813727533765,845.5936506019204,3,0.016580491989516433,7.916676233240968,0,,,2026-08-02 12:00:00,0x86923f96303d656e4aa86d9d42d1e57ad2023fdc
0,,,5,0.0971335205793606,47.27393333301866,1,0.21761569865835528,103.900645593528,0,,,2026-08-02 13:00:00,0x86923f96303d656e4aa86d9d42d1e57ad2023fdc
1,0.43108966580265523,205.58807675005602,2,0.000668949119387315,0.322892379654,4,0.016996996547926673,8.28245955398967,0,,,2026-08-02 14:00:00,0x86923f96303d656e4aa86d9d42d1e57ad2023fdc
2,0.6159656577065076,300.2478797687409,7,0.026818919848223086,13.051756414837904,5,0.1144130008503382,55.78875829784933,0,,,2026-08-02 15:00:00,0x86923f96303d656e4aa86d9d42d1e57ad2023fdc
1,0.010688381301628963,5.104620591594,3,0.022908915727514557,11.165799590662129,6,0.08663834622611727,42.31201975573464,3,0.016580491989516433,7.916676233240968,2026-08-02 16:00:00,0x86923f96303d656e4aa86d9d42d1e57ad2023fdc
17,0.7596225625480048,370.84182171094267,4,0.044110873726038224,21.627350698204,5,0.044054102518210084,21.524106410809,1,0.21761569865835528,103.900645593528,2026-08-02 17:00:00,0x86923f96303d656e4aa86d9d42d1e57ad2023fdc
2,0.35147402742322387,167.98503121102448,3,0.05166182118182599,25.138361420364,16,1.4081627629010152,689.078662941848,4,0.016996996547926673,8.28245955398967,2026-08-02 18:00:00,0x86923f96303d656e4aa86d9d42d1e57ad2023fdc
3,0.02101802581644041,10.263540603136,1,0.000206541076169814,0.09952955150000001,42,14.33725611434676,7055.9819512971135,5,0.1144130008503382,55.78875829784933,2026-08-02 19:00:00,0x86923f96303d656e4aa86d9d42d1e57ad2023fdc
8,0.4210185626430708,205.76828324619598,0,,,17,1.7246813727533765,845.5936506019204,6,0.08663834622611727,42.31201975573464,2026-08-02 20:00:00,0x86923f96303d656e4aa86d9d42d1e57ad2023fdc
1,0.014807485718800792,7.226005712268636,3,0.09718616543875316,46.41021773830314,5,0.0971335205793606,47.27393333301866,5,0.044054102518210084,21.524106410809,2026-08-02 21:00:00,0x86923f96303d656e4aa86d9d42d1e57ad2023fdc
15,0.5434679182359446,266.2544913175982,5,0.08258117698898597,39.37271769918092,2,0.000668949119387315,0.322892379654,16,1.4081627629010152,689.078662941848,2026-08-02 22:00:00,0x86923f96303d656e4aa86d9d42d1e57ad2023fdc
18,35.6719384138087,17543.86635177824,5,0.025092224495351832,11.83468134616156,7,0.026818919848223086,13.051756414837904,42,14.33725611434676,7055.9819512971135,2026-08-02 23:00:00,0x86923f96303d656e4aa86d9d42d1e57ad2023fdc
13,0.34436538708379283,167.51007941998822,24,3.4592900514544453,1607.084626483181,3,0.022908915727514557,11.165799590662129,17,1.7246813727533765,845.5936506019204,2026-08-03 00:00:00,0x86923f96303d656e4aa86d9d42d1e57ad2023fdc
0,,,7,0.03584601363871524,16.66541038675,4,0.044110873726038224,21.627350698204,5,0.0971335205793606,47.27393333301866,2026-08-03 01:00:00,0x86923f96303d656e4aa86d9d42d1e57ad2023fdc
8,0.04764783346506775,23.22362681463865,104,8.533243675167872,3949.9627271777163,3,0.05166182118182599,25.138361420364,2,0.000668949119387315,0.322892379654,2026-08-03 02:00:00,0x86923f96303d656e4aa86d9d42d1e57ad2023fdc
6,0.028737343943425822,13.94033250909187,70,9.230041858004856,4446.758641434052,1,0.000206541076169814,0.09952955150000001,7,0.026818919848223086,13.051756414837904,2026-08-03 03:00:00,0x86923f96303d656e4aa86d9d42d1e57ad2023fdc
10,0.05868843609101574,28.3599182037376,0,,,0,,,3,0.022908915727514557,11.165799590662129,2026-08-03 04:00:00,0x86923f96303d656e4aa86d9d42d1e57ad2023fdc
3,0.010382789339680289,5.06623712675,6,1.7727914486517,847.5552986290661,3,0.09718616543875316,46.41021773830314,4,0.044110873726038224,21.627350698204,2026-08-03 05:00:00,0x86923f96303d656e4aa86d9d42d1e57ad2023fdc
2,0.0216276955396783,10.397274964649998,23,2.121876225967406,1035.4191013982906,5,0.08258117698898597,39.37271769918092,3,0.05166182118182599,25.138361420364,2026-08-03 06:00:00,0x86923f96303d656e4aa86d9d42d1e57ad2023fdc
5,0.04732392222254333,22.93185926477088,2,0.04602755770431474,22.45191826380926,5,0.025092224495351832,11.83468134616156,1,0.000206541076169814,0.09952955150000001,2026-08-03 07:00:00,0x86923f96303d656e4aa86d9d42d1e57ad2023fdc
48,4.550536311366883,2171.8247750422993,5,0.06340278669721704,30.681006658708633,24,3.4592900514544453,1607.084626483181,0,,,2026-08-03 08:00:00,0x86923f96303d656e4aa86d9d42d1e57ad2023fdc
7,0.03967796540487665,18.966191821734323,9,0.0325365223818303,15.752042046302218,7,0.03584601363871524,16.66541038675,3,0.09718616543875316,46.41021773830314,2026-08-03 09:00:00,0x86923f96303d656e4aa86d9d42d1e57ad2023fdc
42,11.825801060830123,5576.9404089006275,13,0.43468376543975495,213.2569062345711,104,8.533243675167872,3949.9627271777163,5,0.08258117698898597,39.37271769918092,2026-08-03 10:00:00,0x86923f96303d656e4aa86d9d42d1e57ad2023fdc
27,2.7200991876774405,1272.286300020324,27,2.1620236716226544,1065.451519023944,70,9.230041858004856,4446.758641434052,5,0.025092224495351832,11.83468134616156,2026-08-03 11:00:00,0x86923f96303d656e4aa86d9d42d1e57ad2023fdc
7,0.5769666778533689,266.4499171525855,17,1.3593807029069584,672.8056715486387,0,,,24,3.4592900514544453,1607.084626483181,2026-08-03 12:00:00,0x86923f96303d656e4aa86d9d42d1e57ad2023fdc
20,0.7914720280811873,365.1267990402759,5,0.06462057014637662,31.498599005227,6,1.7727914486517,847.5552986290661,7,0.03584601363871524,16.66541038675,2026-08-03 13:00:00,0x86923f96303d656e4aa86d9d42d1e57ad2023fdc
37,4.19678556877187,1989.12832074414,19,1.1524535370908415,569.2975457494206,23,2.121876225967406,1035.4191013982906,104,8.533243675167872,3949.9627271777163,2026-08-03 14:00:00,0x86923f96303d656e4aa86d9d42d1e57ad2023fdc
23,0.18158664879925573,87.17477299860748,6,0.03663927770862069,17.959268680202392,2,0.04602755770431474,22.45191826380926,70,9.230041858004856,4446.758641434052,2026-08-03 15:00:00,0x86923f96303d656e4aa86d9d42d1e57ad2023fdc
5,1.0223101419050127,498.803257429223,4,0.07995439870518681,39.34938879479108,5,0.06340278669721704,30.681006658708633,0,,,2026-08-03 16:00:00,0x86923f96303d656e4aa86d9d42d1e57ad2023fdc
6,0.12079053232465338,58.683750137861,2,0.018979908813456008,9.329279440877194,9,0.0325365223818303,15.752042046302218,6,1.7727914486517,847.5552986290661,2026-08-03 17:00:00,0x86923f96303d656e4aa86d9d42d1e57ad2023fdc
22,1.2628519364078867,618.6005288923373,31,3.826252551302991,1899.4563198758162,13,0.43468376543975495,213.2569062345711,23,2.121876225967406,1035.4191013982906,2026-08-03 18:00:00,0x86923f96303d656e4aa86d9d42d1e57ad2023fdc
3,0.030368751829705897,15.21024356194169,4,0.021772569026257238,10.84937007236422,27,2.1620236716226544,1065.451519023944,2,0.04602755770431474,22.45191826380926,2026-08-03 19:00:00,0x86923f96303d656e4aa86d9d42d1e57ad2023fdc
9,0.044086481438625424,21.362058390035813,6,0.023258240399620756,11.550404282243866,17,1.3593807029069584,672.8056715486387,5,0.06340278669721704,30.681006658708633,2026-08-03 20:00:00,0x86923f96303d656e4aa86d9d42d1e57ad2023fdc
8,0.021785327835331422,10.617677342127438,3,0.019895016836813863,9.998908884433998,5,0.06462057014637662,31.498599005227,9,0.0325365223818303,15.752042046302218,2026-08-03 21:00:00,0x86923f96303d656e4aa86d9d42d1e57ad2023fdc
12,0.7922682088606459,389.2455745715433,4,0.04302363114283734,21.302811709732996,19,1.1524535370908415,569.2975457494206,13,0.43468376543975495,213.2569062345711,2026-08-03 22:00:00,0x86923f96303d656e4aa86d9d42d1e57ad2023fdc
7,0.06661831353415801,32.88332355826641,38,4.045169410039232,2040.7286865991034,6,0.03663927770862069,17.959268680202392,27,2.1620236716226544,1065.451519023944,2026-08-03 23:00:00,0x86923f96303d656e4aa86d9d42d1e57ad2023fdc
16,0.21795678966970675,107.50242166704135,22,2.18738376185804,1101.350036702037,4,0.07995439870518681,39.34938879479108,17,1.3593807029069584,672.8056715486387,2026-08-04 00:00:00,0x86923f96303d656e4aa86d9d42d1e57ad2023fdc
13,1.825608868778938,883.8459398339814,10,0.16167061712793038,81.44659267169527,2,0.018979908813456008,9.329279440877194,5,0.06462057014637662,31.498599005227,2026-08-04 01:00:00,0x86923f96303d656e4aa86d9d42d1e57ad2023fdc
7,0.027265108006658774,13.444174405690749,68,6.9993438435169475,3581.923142447656,31,3.826252551302991,1899.4563198758162,19,1.1524535370908415,569.2975457494206,2026-08-04 02:00:00,0x86923f96303d656e4aa86d9d42d1e57ad2023fdc
2,0.0013519928035003038,0.6608834473524714,5,0.7609500626196883,393.90912612825406,4,0.021772569026257238,10.84937007236422,6,0.03663927770862069,17.959268680202392,2026-08-04 03:00:00,0x86923f96303d656e4aa86d9d42d1e57ad2023fdc
1,0.0010186319183195,0.49947758018766414,16,2.2922134761422863,1195.957792225801,6,0.023258240399620756,11.550404282243866,4,0.07995439870518681,39.34938879479108,2026-08-04 04:00:00,0x86923f96303d656e4aa86d9d42d1e57ad2023fdc
2,0.000263416309795755,0.12952156619545585,11,0.7215908930685502,378.64923348537457,3,0.019895016836813863,9.998908884433998,2,0.018979908813456008,9.329279440877194,2026-08-04 05:00:00,0x86923f96303d656e4aa86d9d42d1e57ad2023fdc
20,1.3347999581513195,666.2099860102559,35,2.4493130379807013,1293.9403286039967,4,0.04302363114283734,21.302811709732996,31,3.826252551302991,1899.4563198758162,2026-08-04 06:00:00,0x86923f96303d656e4aa86d9d42d1e57ad2023fdc
6,0.04726411615367893,23.580407166234654,6,0.008921346173188054,4.70277006648452,38,4.045169410039232,2040.7286865991034,4,0.021772569026257238,10.84937007236422,2026-08-04 07:00:00,0x86923f96303d656e4aa86d9d42d1e57ad2023fdc
18,2.3124628856526668,1158.8479693414258,15,0.3565005046442059,186.64366856514482,22,2.18738376185804,1101.350036702037,6,0.023258240399620756,11.550404282243866,2026-08-04 08:00:00,0x86923f96303d656e4aa86d9d42d1e57ad2023fdc
11,0.12834053923034933,63.63695155174642,52,6.0961840359688075,2919.329171328663,10,0.16167061712793038,81.44659267169527,3,0.019895016836813863,9.998908884433998,2026-08-04 09:00:00,0x86923f96303d656e4aa86d9d42d1e57ad2023fdc
6,0.06324442170572818,31.62000245560406,12,0.048015504303568476,22.684499184310702,68,6.9993438435169475,3581.923142447656,4,0.04302363114283734,21.302811709732996,2026-08-04 10:00:00,0x86923f96303d656e4aa86d9d42d1e57ad2023fdc
31,2.4508693256574796,1245.6468726774096,6,0.039544921647089434,18.659086063434103,5,0.7609500626196883,393.90912612825406,38,4.045169410039232,2040.7286865991034,2026-08-04 11:00:00,0x86923f96303d656e4aa86d9d42d1e57ad2023fdc
7,0.09891928546109229,49.51998205335291,2,0.001044175847093051,0.49815467443399997,16,2.2922134761422863,1195.957792225801,22,2.18738376185804,1101.350036702037,2026-08-04 12:00:00,0x86923f96303d656e4aa86d9d42d1e57ad2023fdc
7,0.0707468632972543,35.79606856555425,4,0.02196823314776636,10.502067982407999,11,0.7215908930685502,378.64923348537457,10,0.16167061712793038,81.44659267169527,2026-08-04 13:00:00,0x86923f96303d656e4aa86d9d42d1e57ad2023fdc
37,1.3963892168975547,717.2273096406929,2,0.0010405668044006129,0.49816936607999995,35,2.4493130379807013,1293.9403286039967,68,6.9993438435169475,3581.923142447656,2026-08-04 14:00:00,0x86923f96303d656e4aa86d9d42d1e57ad2023fdc
40,8.358594168279826,4319.263000720709,3,0.001176543066481213,0.562162331876,6,0.008921346173188054,4.70277006648452,5,0.7609500626196883,393.90912612825406,2026-08-04 15:00:00,0x86923f96303d656e4aa86d9d42d1e57ad2023fdc
27,5.487956462650784,2871.9623008367503,8,0.04292810942954847,20.500613449576,15,0.3565005046442059,186.64366856514482,16,2.2922134761422863,1195.957792225801,2026-08-04 16:00:00,0x86923f96303d656e4aa86d9d42d1e57ad2023fdc
18,1.0982792681610818,577.7464122341336,3,0.003479620082070406,1.641046523064,52,6.0961840359688075,2919.329171328663,11,0.7215908930685502,378.64923348537457,2026-08-04 17:00:00,0x86923f96303d656e4aa86d9d42d1e57ad2023fdc
4,0.0022662132831060408,1.1946873816660002,6,0.026960953522883583,13.107103851201359,12,0.048015504303568476,22.684499184310702,35,2.4493130379807013,1293.9403286039967,2026-08-04 18:00:00,0x86923f96303d656e4aa86d9d42d1e57ad2023fdc
8,0.047382014185350235,24.83897253263055,2,0.00102167034530922,0.497235640392,6,0.039544921647089434,18.659086063434103,6,0.008921346173188054,4.70277006648452,2026-08-04 19:00:00,0x86923f96303d656e4aa86d9d42d1e57ad2023fdc
552,95.65736484573073,47026.10222715369,3,0.042941416179273315,20.48530024554,2,0.001044175847093051,0.49815467443399997,15,0.3565005046442059,186.64366856514482,2026-08-04 20:00:00,0x86923f96303d656e4aa86d9d42d1e57ad2023fdc
82,8.958780595127113,4226.6459309664415,17,2.0464847591839894,970.7483770266888,4,0.02196823314776636,10.502067982407999,52,6.0961840359688075,2919.329171328663,2026-08-04 21:00:00,0x86923f96303d656e4aa86d9d42d1e57ad2023fdc
6,0.2016566508007576,96.14640479965799,3,0.0039618654321641866,1.8842350353280002,2,0.0010405668044006129,0.49816936607999995,12,0.048015504303568476,22.684499184310702,2026-08-04 22:00:00,0x86923f96303d656e4aa86d9d42d1e57ad2023fdc
10,0.15092763441206503,71.2717082748068,17,1.7151895543106808,809.721469848458,3,0.001176543066481213,0.562162331876,6,0.039544921647089434,18.659086063434103,2026-08-04 23:00:00,0x86923f96303d656e4aa86d9d42d1e57ad2023fdc
4,0.4901843569493737,59.82085770090393,3,0.003409630562437559,0.41246930891213823,6,0.6875050581715342,84.4763625466317,4,0.6282640828716972,76.5532580746945,2026-07-29 00:00:00,0x894e1ec2d74ffe5aef8dc8a9e84686accb964f2a
4,0.20071312334405503,24.39753025271739,13,1.5282007423019561,182.22715912774171,7,0.4334157104414976,53.400026352806066,2,0.02621659250734737,3.193139278156,2026-07-29 01:00:00,0x894e1ec2d74ffe5aef8dc8a9e84686accb964f2a
3,0.3382529000249645,41.18786188682729,30,11.13574351313616,1387.7035177585255,10,0.42476166931313275,52.064630799221355,4,0.1359570328432794,16.550951311316,2026-07-29 02:00:00,0x894e1ec2d74ffe5aef8dc8a9e84686accb964f2a
2,0.01701759432825675,2.071977840311,4,1.0187551736177773,126.12593693620038,4,0.06384740436435771,7.776201822849,4,0.7496528158683896,91.23622826856399,2026-07-29 03:00:00,0x894e1ec2d74ffe5aef8dc8a9e84686accb964f2a
8,0.8119186178850583,99.18544487558891,6,0.17874474485321434,22.18131278888589,4,12.310572062173918,1537.784716057472,6,0.6875050581715342,84.4763625466317,2026-07-29 04:00:00,0x894e1ec2d74ffe5aef8dc8a9e84686accb964f2a
3,3.4006263383130055,423.19375042457006,0,,,6,0.24008811280389308,29.382576804763033,7,0.4334157104414976,53.400026352806066,2026-07-29 05:00:00,0x894e1ec2d74ffe5aef8dc8a9e84686accb964f2a
1,0.005587757663790088,0.6669238133954423,5,0.71849046232754,89.56488234592447,6,0.6065111927459296,74.34317536731146,10,0.42476166931313275,52.064630799221355,2026-07-29 06:00:00,0x894e1ec2d74ffe5aef8dc8a9e84686accb964f2a
4,5.175129276535234,644.9547281048203,18,19.840549245403047,2514.400323695227,7,0.6476331557257694,79.68764846911829,4,0.06384740436435771,7.776201822849,2026-07-29 07:00:00,0x894e1ec2d74ffe5aef8dc8a9e84686accb964f2a
2,0.03108580097138077,3.724383351791881,30,50.7404847710737,6261.828137999911,3,0.003409630562437559,0.41246930891213823,4,12.310572062173918,1537.784716057472,2026-07-29 08:00:00,0x894e1ec2d74ffe5aef8dc8a9e84686accb964f2a
15,1.372417733537141,169.04627093872529,3,0.03017602029166356,3.641005104048,13,1.5282007423019561,182.22715912774171,6,0.24008811280389308,29.382576804763033,2026-07-29 09:00:00,0x894e1ec2d74ffe5aef8dc8a9e84686accb964f2a
1,0.02301769159997538,2.8372295774547163,17,7.870841665754998,947.6913301758254,30,11.13574351313616,1387.7035177585255,6,0.6065111927459296,74.34317536731146,2026-07-29 10:00:00,0x894e1ec2d74ffe5aef8dc8a9e84686accb964f2a
15,1.5968878240723563,197.28527360126293,6,0.4208784501998451,51.39250777538992,4,1.0187551736177773,126.12593693620038,7,0.6476331557257694,79.68764846911829,2026-07-29 11:00:00,0x894e1ec2d74ffe5aef8dc8a9e84686accb964f2a
1,0.799564849107224,100.01729999999999,2,0.030600772615345863,3.686025563609,6,0.17874474485321434,22.18131278888589,3,0.003409630562437559,0.41246930891213823,2026-07-29 12:00:00,0x894e1ec2d74ffe5aef8dc8a9e84686accb964f2a
6,0.2221920446143383,27.446819412295802,5,0.9324377076690753,113.29245934416201,0,,,13,1.5282007423019561,182.22715912774171,2026-07-29 13:00:00,0x894e1ec2d74ffe5aef8dc8a9e84686accb964f2a
7,0.6103664575698113,75.09497148981986,12,0.4805900253532118,59.03850360559229,5,0.71849046232754,89.56488234592447,30,11.13574351313616,1387.7035177585255,2026-07-29 14:00:00,0x894e1ec2d74ffe5aef8dc8a9e84686accb964f2a
5,1.092491487062533,134.38614346173637,2,0.18665171966346572,22.547100249354,18,19.840549245403047,2514.400323695227,4,1.0187551736177773,126.12593693620038,2026-07-29 15:00:00,0x894e1ec2d74ffe5aef8dc8a9e84686accb964f2a
20,2.3359016953823497,291.30209089623355,1,0.006570732572976266,0.794315801365,30,50.7404847710737,6261.828137999911,6,0.17874474485321434,22.18131278888589,2026-07-29 16:00:00,0x894e1ec2d74ffe5aef8dc8a9e84686accb964f2a
11,18.848531460581395,2369.1053230380526,3,0.38732669054436464,47.568847784936224,3,0.03017602029166356,3.641005104048,0,,,2026-07-29 17:00:00,0x894e1ec2d74ffe5aef8dc8a9e84686accb964f2a
12,12.493049909044423,1574.6396392272939,0,,,17,7.870841665754998,947.6913301758254,5,0.71849046232754,89.56488234592447,2026-07-29 18:00:00,0x894e1ec2d74ffe5aef8dc8a9e84686accb964f2a
11,5.070214214430872,642.3359637496119,0,,,6,0.4208784501998451,51.39250777538992,18,19.840549245403047,2514.400323695227,2026-07-29 19:00:00,0x894e1ec2d74ffe5aef8dc8a9e84686accb964f2a
33,70.74223373884796,8602.876736719694,3,0.07271918414279394,8.786772420154207,2,0.030600772615345863,3.686025563609,30,50.7404847710737,6261.828137999911,2026-07-29 20:00:00,0x894e1ec2d74ffe5aef8dc8a9e84686accb964f2a
3,0.1370079394524865,16.47557522432725,4,0.11370599849268936,13.764294027133685,5,0.9324377076690753,113.29245934416201,3,0.03017602029166356,3.641005104048,2026-07-29 21:00:00,0x894e1ec2d74ffe5aef8dc8a9e84686accb964f2a
3,0.3971763908278372,48.2397269122754,10,0.4623189436691936,56.53968367520772,12,0.4805900253532118,59.03850360559229,17,7.870841665754998,947.6913301758254,2026-07-29 22:00:00,0x894e1ec2d74ffe5aef8dc8a9e84686accb964f2a
3,0.21586446799292397,25.984943230192954,2,0.17975816160786193,21.836100657954,2,0.18665171966346572,22.547100249354,6,0.4208784501998451,51.39250777538992,2026-07-29 23:00:00,0x894e1ec2d74ffe5aef8dc8a9e84686accb964f2a
9,16.02678230283417,1976.2993238346326,4,0.41416981989005625,50.507329574585015,1,0.006570732572976266,0.794315801365,2,0.030600772615345863,3.686025563609,2026-07-30 00:00:00,0x894e1ec2d74ffe5aef8dc8a9e84686accb964f2a
1,0.01683658840377482,2.0351684518199997,696,306.7527541909346,37728.26389671376,3,0.38732669054436464,47.568847784936224,5,0.9324377076690753,113.29245934416201,2026-07-30 01:00:00,0x894e1ec2d74ffe5aef8dc8a9e84686accb964f2a
0,,,93,66.39128825240564,8077.496063918822,0,,,12,0.4805900253532118,59.03850360559229,2026-07-30 02:00:00,0x894e1ec2d74ffe5aef8dc8a9e84686accb964f2a
2,0.14099278979620017,16.62374297162298,29,19.56374045494844,2389.580141720967,0,,,2,0.18665171966346572,22.547100249354,2026-07-30 03:00:00,0x894e1ec2d74ffe5aef8dc8a9e84686accb964f2a
3,0.03077941737855577,3.7217377948259998,13,6.273345139650531,761.9110502375304,3,0.07271918414279394,8.786772420154207,1,0.006570732572976266,0.794315801365,2026-07-30 04:00:00,0x894e1ec2d74ffe5aef8dc8a9e84686accb964f2a
1,0.000635828334137012,0.0781898612,3,1.1425965708180048,139.432337232086,4,0.11370599849268936,13.764294027133685,3,0.38732669054436464,47.568847784936224,2026-07-30 05:00:00,0x894e1ec2d74ffe5aef8dc8a9e84686accb964f2a
1,0.004749594014221575,0.5541156072999022,6,0.06757004155634863,8.231747885248556,10,0.4623189436691936,56.53968367520772,0,,,2026-07-30 06:00:00,0x894e1ec2d74ffe5aef8dc8a9e84686accb964f2a
1,0.06344312228837229,7.666660186086,5,0.06003959017134983,7.280129671512595,2,0.17975816160786193,21.836100657954,0,,,2026-07-30 07:00:00,0x894e1ec2d74ffe5aef8dc8a9e84686accb964f2a
5,0.7467280336774506,91.7171129615769,3,0.48383876986549323,58.860090078704,4,0.41416981989005625,50.507329574585015,3,0.07271918414279394,8.786772420154207,2026-07-30 08:00:00,0x894e1ec2d74ffe5aef8dc8a9e84686accb964f2a
7,0.20314354418986438,24.86411169293736,281,161.0998402472802,19762.198632305655,696,306.7527541909346,37728.26389671376,4,0.11370599849268936,13.764294027133685,2026-07-30 09:00:00,0x894e1ec2d74ffe5aef8dc8a9e84686accb964f2a
6,0.518444262718689,63.18094585673514,65,25.665541371305043,3153.641266106038,93,66.39128825240564,8077.496063918822,10,0.4623189436691936,56.53968367520772,2026-07-30 10:00:00,0x894e1ec2d74ffe5aef8dc8a9e84686accb964f2a
3,0.4016363200411989,48.66732226331649,52,26.79801231497342,3280.5522330224117,29,19.56374045494844,2389.580141720967,2,0.17975816160786193,21.836100657954,2026-07-30 11:00:00,0x894e1ec2d74ffe5aef8dc8a9e84686accb964f2a
11,3.9648918047683988,485.9619096120748,21,1.2480143502510104,152.9754421016271,13,6.273345139650531,761.9110502375304,4,0.41416981989005625,50.507329574585015,2026-07-30 12:00:00,0x894e1ec2d74ffe5aef8dc8a9e84686accb964f2a
282,162.30127964524192,19898.147170993183,20,5.485994831192491,673.5661567706185,3,1.1425965708180048,139.432337232086,696,306.7527541909346,37728.26389671376,2026-07-30 13:00:00,0x894e1ec2d74ffe5aef8dc8a9e84686accb964f2a
39,8.327407186383383,1008.5547830075733,16,1.55374992599919,190.608575402158,6,0.06757004155634863,8.231747885248556,93,66.39128825240564,8077.496063918822,2026-07-30 14:00:00,0x894e1ec2d74ffe5aef8dc8a9e84686accb964f2a
19,9.72703945802847,1173.3036901823557,11,2.2893503370747426,281.766357345228,5,0.06003959017134983,7.280129671512595,29,19.56374045494844,2389.580141720967,2026-07-30 15:00:00,0x894e1ec2d74ffe5aef8dc8a9e84686accb964f2a
9,0.7918582611580599,95.55825358919127,3,0.10014527172771014,12.349237669259,3,0.48383876986549323,58.860090078704,13,6.273345139650531,761.9110502375304,2026-07-30 16:00:00,0x894e1ec2d74ffe5aef8dc8a9e84686accb964f2a
27,5.21991475845596,637.2614455564138,14,0.2521478797940066,31.167998821729498,281,161.0998402472802,19762.198632305655,3,1.1425965708180048,139.432337232086,2026-07-30 17:00:00,0x894e1ec2d74ffe5aef8dc8a9e84686accb964f2a
5,1.116520554995165,136.44690723577799,4,0.1491059539995318,18.411832937093045,65,25.665541371305043,3153.641266106038,6,0.06757004155634863,8.231747885248556,2026-07-30 18:00:00,0x894e1ec2d74ffe5aef8dc8a9e84686accb964f2a
8,1.3305815862000772,162.20315958507848,7,2.6785573764944934,328.2394189408571,52,26.79801231497342,3280.5522330224117,5,0.06003959017134983,7.280129671512595,2026-07-30 19:00:00,0x894e1ec2d74ffe5aef8dc8a9e84686accb964f2a
7,4.41628670318807,541.767593597289,13,6.396257911470545,788.0422105659604,21,1.2480143502510104,152.9754421016271,3,0.48383876986549323,58.860090078704,2026-07-30 20:00:00,0x894e1ec2d74ffe5aef8dc8a9e84686accb964f2a
278,209.4056083881572,25695.249112389833,9,0.21561551886695365,26.641356879364,20,5.485994831192491,673.5661567706185,281,161.0998402472802,19762.198632305655,2026-07-30 21:00:00,0x894e1ec2d74ffe5aef8dc8a9e84686accb964f2a
42,5.826843553089994,718.1999453018004,2,0.04128641955565933,5.066951479376,16,1.55374992599919,190.608575402158,65,25.665541371305043,3153.641266106038,2026-07-30 22:00:00,0x894e1ec2d74ffe5aef8dc8a9e84686accb964f2a
23,7.116683193581363,874.5149698603901,5,0.24323926315183306,29.923590291037353,11,2.2893503370747426,281.766357345228,52,26.79801231497342,3280.5522330224117,2026-07-30 23:00:00,0x894e1ec2d74ffe5aef8dc8a9e84686accb964f2a
12,2.712675202775563,333.33727719136033,2,0.05617288367368568,6.985441495142,3,0.10014527172771014,12.349237669259,21,1.2480143502510104,152.9754421016271,2026-07-31 00:00:00,0x894e1ec2d74ffe5aef8dc8a9e84686accb964f2a
41,4.203496358042885,518.9822869831604,4,0.3798187821148809,46.29444527149515,14,0.2521478797940066,31.167998821729498,20,5.485994831192491,673.5661567706185,2026-07-31 01:00:00,0x894e1ec2d74ffe5aef8dc8a9e84686accb964f2a
4,0.0742391927856825,9.160938275208121,63,87.09127465085868,10620.241630148506,4,0.1491059539995318,18.411832937093045,16,1.55374992599919,190.608575402158,2026-07-31 02:00:00,0x894e1ec2d74ffe5aef8dc8a9e84686accb964f2a
3,0.42034651645205906,51.66297863467586,14,8.68448362480179,1042.2056354476033,7,2.6785573764944934,328.2394189408571,11,2.2893503370747426,281.766357345228,2026-07-31 03:00:00,0x894e1ec2d74ffe5aef8dc8a9e84686accb964f2a
8,0.11767340292132678,14.344404408771998,28,23.353682878962875,2833.8106554625138,13,6.396257911470545,788.0422105659604,3,0.10014527172771014,12.349237669259,2026-07-31 04:00:00,0x894e1ec2d74ffe5aef8dc8a9e84686accb964f2a
8,1.5052698101160455,185.878420718917,7,0.6070544162333229,74.95946852844584,9,0.21561551886695365,26.641356879364,14,0.2521478797940066,31.167998821729498,2026-07-31 05:00:00,0x894e1ec2d74ffe5aef8dc8a9e84686accb964f2a
14,1.1888446841610965,146.190443647508,13,12.390767360102378,1522.0319595049193,2,0.04128641955565933,5.066951479376,4,0.1491059539995318,18.411832937093045,2026-07-31 06:00:00,0x894e1ec2d74ffe5aef8dc8a9e84686accb964f2a
18,25.58719633134659,3170.20819028017,8,3.629735829461014,444.96693693959105,5,0.24323926315183306,29.923590291037353,7,2.6785573764944934,328.2394189408571,2026-07-31 07:00:00,0x894e1ec2d74ffe5aef8dc8a9e84686accb964f2a
5,0.5189105810833902,64.01556898032881,6,10.334736477936556,1272.6303932433839,2,0.05617288367368568,6.985441495142,13,6.396257911470545,788.0422105659604,2026-07-31 08:00:00,0x894e1ec2d74ffe5aef8dc8a9e84686accb964f2a
2,0.034080413768209,4.227985887399236,2,0.03848351272648838,4.7259396080839995,4,0.3798187821148809,46.29444527149515,9,0.21561551886695365,26.641356879364,2026-07-31 09:00:00,0x894e1ec2d74ffe5aef8dc8a9e84686accb964f2a
11,0.7598298381855307,93.65542335730898,22,36.201331031220576,4462.763551598494,63,87.09127465085868,10620.241630148506,2,0.04128641955565933,5.066951479376,2026-07-31 10:00:00,0x894e1ec2d74ffe5aef8dc8a9e84686accb964f2a
14,6.549351387968821,804.0418376852695,10,0.30739945533900004,37.79081936356653,14,8.68448362480179,1042.2056354476033,5,0.24323926315183306,29.923590291037353,2026-07-31 11:00:00,0x894e1ec2d74ffe5aef8dc8a9e84686accb964f2a
4,1.7734051290048405,217.2385146828554,3,0.33132612473293865,38.78113698818536,28,23.353682878962875,2833.8106554625138,2,0.05617288367368568,6.985441495142,2026-07-31 12:00:00,0x894e1ec2d74ffe5aef8dc8a9e84686accb964f2a
74,62.10224123604554,7698.136862247445,2,0.08143618188294437,10.057761034697998,7,0.6070544162333229,74.95946852844584,4,0.3798187821148809,46.29444527149515,2026-07-31 13:00:00,0x894e1ec2d74ffe5aef8dc8a9e84686accb964f2a
63,65.78598525764157,7952.722359759432,6,0.05333237806040995,6.537211415371,13,12.390767360102378,1522.0319595049193,63,87.09127465085868,10620.241630148506,2026-07-31 14:00:00,0x894e1ec2d74ffe5aef8dc8a9e84686accb964f2a
2,0.901697486619499,108.865586627264,4,0.33343601567580816,40.730924288013696,8,3.629735829461014,444.96693693959105,14,8.68448362480179,1042.2056354476033,2026-07-31 15:00:00,0x894e1ec2d74ffe5aef8dc8a9e84686accb964f2a
12,8.133293660518193,993.8940532621727,14,69.02535256479285,8428.19547564128,6,10.334736477936556,1272.6303932433839,28,23.353682878962875,2833.8106554625138,2026-07-31 16:00:00,0x894e1ec2d74ffe5aef8dc8a9e84686accb964f2a
17,16.4788036931699,2021.021301230376,7,0.45740071486430045,56.429474652652,2,0.03848351272648838,4.7259396080839995,7,0.6070544162333229,74.95946852844584,2026-07-31 17:00:00,0x894e1ec2d74ffe5aef8dc8a9e84686accb964f2a
3,8.347324614410837,1018.252140662182,1,0.02925423578176013,3.620154018238,22,36.201331031220576,4462.763551598494,13,12.390767360102378,1522.0319595049193,2026-07-31 18:00:00,0x894e1ec2d74ffe5aef8dc8a9e84686accb964f2a
10,8.347161995725838,1026.0386285392958,3,16.507855299123484,2026.0251655918232,10,0.30739945533900004,37.79081936356653,8,3.629735829461014,444.96693693959105,2026-07-31 19:00:00,0x894e1ec2d74ffe5aef8dc8a9e84686accb964f2a
7,0.07388538021938439,9.07567587456134,1,0.020617009518450927,2.5498533290059995,3,0.33132612473293865,38.78113698818536,6,10.334736477936556,1272.6303932433839,2026-07-31 20:00:00,0x894e1ec2d74ffe5aef8dc8a9e84686accb964f2a
2,0.03735675939822808,4.602938606266999,1,0.009005843703106265,1.1092539908,2,0.08143618188294437,10.057761034697998,2,0.03848351272648838,4.7259396080839995,2026-07-31 21:00:00,0x894e1ec2d74ffe5aef8dc8a9e84686accb964f2a
18,2.001550115915982,245.46746867397803,3,0.0369219835475723,4.519705228012393,6,0.05333237806040995,6.537211415371,22,36.201331031220576,4462.763551598494,2026-07-31 22:00:00,0x894e1ec2d74ffe5aef8dc8a9e84686accb964f2a
5,0.12512659705427437,15.387068486635002,1,0.04282092177932931,5.297086684011999,4,0.33343601567580816,40.730924288013696,10,0.30739945533900004,37.79081936356653,2026-07-31 23:00:00,0x894e1ec2d74ffe5aef8dc8a9e84686accb964f2a
3,0.7608215302762453,93.31999822868701,2,0.006228872627547178,0.7656462096779999,14,69.02535256479285,8428.19547564128,3,0.33132612473293865,38.78113698818536,2026-08-01 00:00:00,0x894e1ec2d74ffe5aef8dc8a9e84686accb964f2a
2,0.47854985818070755,59.009345448015,7,3.570743024600911,437.10350979731044,7,0.45740071486430045,56.429474652652,2,0.08143618188294437,10.057761034697998,2026-08-01 01:00:00,0x894e1ec2d74ffe5aef8dc8a9e84686accb964f2a
2,0.10209853607839887,12.540942728847,0,,,1,0.02925423578176013,3.620154018238,6,0.05333237806040995,6.537211415371,2026-08-01 02:00:00,0x894e1ec2d74ffe5aef8dc8a9e84686accb964f2a
1,0.02377868869874718,2.930841524675,4,0.6166951436938661,76.23457892202042,3,16.507855299123484,2026.0251655918232,4,0.33343601567580816,40.730924288013696,2026-08-01 03:00:00,0x894e1ec2d74ffe5aef8dc8a9e84686accb964f2a
3,1.6346698881186743,201.6245486637036,5,0.033140646333872016,4.086535729221021,1,0.020617009518450927,2.5498533290059995,14,69.02535256479285,8428.19547564128,2026-08-01 04:00:00,0x894e1ec2d74ffe5aef8dc8a9e84686accb964f2a
5,2.9716282347520115,366.31489868469106,5,0.45646141771149523,56.455140268055,1,0.009005843703106265,1.1092539908,7,0.45740071486430045,56.429474652652,2026-08-01 05:00:00,0x894e1ec2d74ffe5aef8dc8a9e84686accb964f2a
4,0.028549872387065196,3.5071868901339998,0,,,3,0.0369219835475723,4.519705228012393,1,0.02925423578176013,3.620154018238,2026-08-01 06:00:00,0x894e1ec2d74ffe5aef8dc8a9e84686accb964f2a
9,19.68330832414087,2432.569159186773,19,3.783275181967647,466.01882150962285,1,0.04282092177932931,5.297086684011999,3,16.507855299123484,2026.0251655918232,2026-08-01 07:00:00,0x894e1ec2d74ffe5aef8dc8a9e84686accb964f2a
9,0.4291765766438016,52.8971434793,2,0.006517223364629349,0.800582892492,2,0.006228872627547178,0.7656462096779999,1,0.020617009518450927,2.5498533290059995,2026-08-01 08:00:00,0x894e1ec2d74ffe5aef8dc8a9e84686accb964f2a
2,0.017606311303668958,2.168306402514,7,20.29987434557634,2486.5367050271725,7,3.570743024600911,437.10350979731044,1,0.009005843703106265,1.1092539908,2026-08-01 09:00:00,0x894e1ec2d74ffe5aef8dc8a9e84686accb964f2a
5,0.4014646395724884,49.47083166790896,12,4.450940153708793,547.77764056329,0,,,3,0.0369219835475723,4.519705228012393,2026-08-01 10:00:00,0x894e1ec2d74ffe5aef8dc8a9e84686accb964f2a
3,0.05923260767551185,7.304241979784,2,2.4421392554630383,301.24598802156396,4,0.6166951436938661,76.23457892202042,1,0.04282092177932931,5.297086684011999,2026-08-01 11:00:00,0x894e1ec2d74ffe5aef8dc8a9e84686accb964f2a
4,1.6211571725355098,199.58457904515097,5,0.8767535561537922,108.20100875477999,5,0.033140646333872016,4.086535729221021,2,0.006228872627547178,0.7656462096779999,2026-08-01 12:00:00,0x894e1ec2d74ffe5aef8dc8a9e84686accb964f2a
7,2.778345121457933,341.70362680801804,2,0.09124028918147917,11.221068330085606,5,0.45646141771149523,56.455140268055,7,3.570743024600911,437.10350979731044,2026-08-01 13:00:00,0x894e1ec2d74ffe5aef8dc8a9e84686accb964f2a
3,0.16223954409927138,19.97040404087601,3,1.6401801334886816,202.77788250023002,0,,,0,,,2026-08-01 14:00:00,0x894e1ec2d74ffe5aef8dc8a9e84686accb964f2a
4,0.1948070610217736,23.990723813066857,7,0.9853962109826736,121.57363689147002,19,3.783275181967647,466.01882150962285,4,0.6166951436938661,76.23457892202042,2026-08-01 15:00:00,0x894e1ec2d74ffe5aef8dc8a9e84686accb964f2a
1,0.09774610639303888,12.014546632287999,3,1.7757920055841852,220.092304155064,2,0.006517223364629349,0.800582892492,5,0.033140646333872016,4.086535729221021,2026-08-01 16:00:00,0x894e1ec2d74ffe5aef8dc8a9e84686accb964f2a
2,0.2633676974641054,32.590086941379,5,0.47333848530419764,58.65829089961979,7,20.29987434557634,2486.5367050271725,5,0.45646141771149523,56.455140268055,2026-08-01 17:00:00,0x894e1ec2d74ffe5aef8dc8a9e84686accb964f2a
9,0.9972989474590599,122.65570971231946,9,3.506747805381108,434.93421927859606,12,4.450940153708793,547.77764056329,0,,,2026-08-01 18:00:00,0x894e1ec2d74ffe5aef8dc8a9e84686accb964f2a
9,0.6588602680872704,80.37197623964089,5,0.18217349807215605,22.56677938492478,2,2.4421392554630383,301.24598802156396,19,3.783275181967647,466.01882150962285,2026-08-01 19:00:00,0x894e1ec2d74ffe5aef8dc8a9e84686accb964f2a
6,0.18311904963696696,22.50616416991129,7,0.19125845156771593,23.640137691774942,5,0.8767535561537922,108.20100875477999,2,0.006517223364629349,0.800582892492,2026-08-01 20:00:00,0x894e1ec2d74ffe5aef8dc8a9e84686accb964f2a
12,3.9457612373110633,484.68416367189104,11,9.484400506538277,1177.7262092542267,2,0.09124028918147917,11.221068330085606,7,20.29987434557634,2486.5367050271725,2026-08-01 21:00:00,0x894e1ec2d74ffe5aef8dc8a9e84686accb964f2a
8,3.442844086093908,424.39354542977196,5,0.12255267338654952,15.173641713197998,3,1.6401801334886816,202.77788250023002,12,4.450940153708793,547.77764056329,2026-08-01 22:00:00,0x894e1ec2d74ffe5aef8dc8a9e84686accb964f2a
3,0.06200757847640163,7.627145947852763,3,0.07860493145073212,9.727816073802,7,0.9853962109826736,121.57363689147002,2,2.4421392554630383,301.24598802156396,2026-08-01 23:00:00,0x894e1ec2d74ffe5aef8dc8a9e84686accb964f2a
1,0.002710357962563124,0.33264733470400004,7,0.6665587719335431,82.56945930678121,3,1.7757920055841852,220.092304155064,5,0.8767535561537922,108.20100875477999,2026-08-02 00:00:00,0x894e1ec2d74ffe5aef8dc8a9e84686accb964f2a
7,0.2979579482898146,36.700402761344264,2,0.029085510521925536,3.6060825814129993,5,0.47333848530419764,58.65829089961979,2,0.09124028918147917,11.221068330085606,2026-08-02 01:00:00,0x894e1ec2d74ffe5aef8dc8a9e84686accb964f2a
17,16.52470411045211,2044.2517289575871,4,0.07508848082854808,9.291306453134277,9,3.506747805381108,434.93421927859606,3,1.6401801334886816,202.77788250023002,2026-08-02 02:00:00,0x894e1ec2d74ffe5aef8dc8a9e84686accb964f2a
3,0.2884322954939016,35.741309869364,4,0.8595655581251397,106.16257061551299,5,0.18217349807215605,22.56677938492478,7,0.9853962109826736,121.57363689147002,2026-08-02 03:00:00,0x894e1ec2d74ffe5aef8dc8a9e84686accb964f2a
3,0.09535717094567142,11.818753385274,2,0.0880413314669639,10.92224672479595,7,0.19125845156771593,23.640137691774942,3,1.7757920055841852,220.092304155064,2026-08-02 04:00:00,0x894e1ec2d74ffe5aef8dc8a9e84686accb964f2a
6,1.207921407531458,149.81647624604375,3,0.33882800565860116,41.881154628951776,11,9.484400506538277,1177.7262092542267,5,0.47333848530419764,58.65829089961979,2026-08-02 05:00:00,0x894e1ec2d74ffe5aef8dc8a9e84686accb964f2a
4,0.07247299988750477,8.98870832242018,9,0.7048812295577717,86.77647368922494,5,0.12255267338654952,15.173641713197998,9,3.506747805381108,434.93421927859606,2026-08-02 06:00:00,0x894e1ec2d74ffe5aef8dc8a9e84686accb964f2a
3,0.10807429840108113,13.389811745157795,6,1.3821477881446542,171.76273789809227,3,0.07860493145073212,9.727816073802,5,0.18217349807215605,22.56677938492478,2026-08-02 07:00:00,0x894e1ec2d74ffe5aef8dc8a9e84686accb964f2a
6,0.04930625469068982,6.0959916143070005,3,0.08105381059483077,10.123201672086884,7,0.6665587719335431,82.56945930678121,7,0.19125845156771593,23.640137691774942,2026-08-02 08:00:00,0x894e1ec2d74ffe5aef8dc8a9e84686accb964f2a
6,0.12084775587149164,15.020758015601732,3,0.11675094258420703,14.447880077299,2,0.029085510521925536,3.6060825814129993,11,9.484400506538277,1177.7262092542267,2026-08-02 09:00:00,0x894e1ec2d74ffe5aef8dc8a9e84686accb964f2a
11,1.8079235872870218,224.72120987084435,7,1.0248725413904385,127.48319049921857,4,0.07508848082854808,9.291306453134277,5,0.12255267338654952,15.173641713197998,2026-08-02 10:00:00,0x894e1ec2d74ffe5aef8dc8a9e84686accb964f2a
0,,,19,13.362249701203911,1755.3119575594753,4,0.8595655581251397,106.16257061551299,3,0.07860493145073212,9.727816073802,2026-08-02 11:00:00,0x894e1ec2d74ffe5aef8dc8a9e84686accb964f2a
2,0.053602165801498874,6.628921124589031,8,1.7240089643741214,214.14144839238253,2,0.0880413314669639,10.92224672479595,7,0.6665587719335431,82.56945930678121,2026-08-02 12:00:00,0x894e1ec2d74ffe5aef8dc8a9e84686accb964f2a
5,0.030760303261149355,3.8095350871799427,9,0.5016787918084271,62.78834213824001,3,0.33882800565860116,41.881154628951776,2,0.029085510521925536,3.6060825814129993,2026-08-02 13:00:00,0x894e1ec2d74ffe5aef8dc8a9e84686accb964f2a
8,2.320194623832484,287.4985391987863,6,1.2450770383625551,155.3063065860283,9,0.7048812295577717,86.77647368922494,4,0.07508848082854808,9.291306453134277,2026-08-02 14:00:00,0x894e1ec2d74ffe5aef8dc8a9e84686accb964f2a
0,,,3,0.8226293318643909,102.85949701005079,6,1.3821477881446542,171.76273789809227,4,0.8595655581251397,106.16257061551299,2026-08-02 15:00:00,0x894e1ec2d74ffe5aef8dc8a9e84686accb964f2a
1,0.018520835821682544,2.3014085961130006,7,0.8408269001570361,105.28445637416495,3,0.08105381059483077,10.123201672086884,2,0.0880413314669639,10.92224672479595,2026-08-02 16:00:00,0x894e1ec2d74ffe5aef8dc8a9e84686accb964f2a
16,9.563385301628593,1189.3602705072688,7,0.20385751345939995,25.516251576028385,3,0.11675094258420703,14.447880077299,3,0.33882800565860116,41.881154628951776,2026-08-02 17:00:00,0x894e1ec2d74ffe5aef8dc8a9e84686accb964f2a
7,2.719846708322221,338.58701142593065,3,0.05899362338343917,7.380064553235664,7,1.0248725413904385,127.48319049921857,9,0.7048812295577717,86.77647368922494,2026-08-02 18:00:00,0x894e1ec2d74ffe5aef8dc8a9e84686accb964f2a
2,0.005344198438445953,0.6643561696134936,10,1.4577629753607562,182.39916349388992,19,13.362249701203911,1755.3119575594753,6,1.3821477881446542,171.76273789809227,2026-08-02 19:00:00,0x894e1ec2d74ffe5aef8dc8a9e84686accb964f2a
4,0.04728958376905211,5.868768392693999,4,0.4563921984999578,56.91626256591788,8,1.7240089643741214,214.14144839238253,3,0.08105381059483077,10.123201672086884,2026-08-02 20:00:00,0x894e1ec2d74ffe5aef8dc8a9e84686accb964f2a
2,3.8167780459161493,475.508141446001,3,0.2954802843558004,37.05477075426251,9,0.5016787918084271,62.78834213824001,3,0.11675094258420703,14.447880077299,2026-08-02 21:00:00,0x894e1ec2d74ffe5aef8dc8a9e84686accb964f2a
11,2.183952437940169,271.91160831701734,6,1.5049380317669907,191.14781863860998,6,1.2450770383625551,155.3063065860283,7,1.0248725413904385,127.48319049921857,2026-08-02 22:00:00,0x894e1ec2d74ffe5aef8dc8a9e84686accb964f2a
16,7.349958086082583,942.4293946499427,4,1.6767413201360637,212.154611258542,3,0.8226293318643909,102.85949701005079,19,13.362249701203911,1755.3119575594753,2026-08-02 23:00:00,0x894e1ec2d74ffe5aef8dc8a9e84686accb964f2a
78,53.92434384225027,6745.588143992453,20,4.556226863902108,573.7384329857944,7,0.8408269001570361,105.28445637416495,8,1.7240089643741214,214.14144839238253,2026-08-03 00:00:00,0x894e1ec2d74ffe5aef8dc8a9e84686accb964f2a
10,5.004961695686349,623.999799462587,16,7.420419892782037,937.1130604289914,7,0.20385751345939995,25.516251576028385,9,0.5016787918084271,62.78834213824001,2026-08-03 01:00:00,0x894e1ec2d74ffe5aef8dc8a9e84686accb964f2a
3,0.06339564484027722,7.936267165404458,81,108.01133963418624,13516.594973550711,3,0.05899362338343917,7.380064553235664,6,1.2450770383625551,155.3063065860283,2026-08-03 02:00:00,0x894e1ec2d74ffe5aef8dc8a9e84686accb964f2a
9,0.133955732642907,16.705177975357234,15,2.5261345792706282,316.2614298142168,10,1.4577629753607562,182.39916349388992,3,0.8226293318643909,102.85949701005079,2026-08-03 03:00:00,0x894e1ec2d74ffe5aef8dc8a9e84686accb964f2a
9,0.2267939389153426,28.394929367690477,7,2.8072929213700744,350.3631386974156,4,0.4563921984999578,56.91626256591788,7,0.8408269001570361,105.28445637416495,2026-08-03 04:00:00,0x894e1ec2d74ffe5aef8dc8a9e84686accb964f2a
4,0.0627916983726451,7.819902633532001,7,6.510439719997409,814.1417619530308,3,0.2954802843558004,37.05477075426251,7,0.20385751345939995,25.516251576028385,2026-08-03 05:00:00,0x894e1ec2d74ffe5aef8dc8a9e84686accb964f2a
3,0.14507558418501518,18.101288215107758,4,1.6564588183886113,208.510296553285,6,1.5049380317669907,191.14781863860998,3,0.05899362338343917,7.380064553235664,2026-08-03 06:00:00,0x894e1ec2d74ffe5aef8dc8a9e84686accb964f2a
3,0.38119777556495055,47.72859514800382,7,1.6698984202765212,210.27911625989796,4,1.6767413201360637,212.154611258542,10,1.4577629753607562,182.39916349388992,2026-08-03 07:00:00,0x894e1ec2d74ffe5aef8dc8a9e84686accb964f2a
28,18.73951954072905,2356.2164059693314,6,2.533107016383566,319.5561590755232,20,4.556226863902108,573.7384329857944,4,0.4563921984999578,56.91626256591788,2026-08-03 08:00:00,0x894e1ec2d74ffe5aef8dc8a9e84686accb964f2a
38,31.96685028871914,4047.1783545632816,113,67.11350879488607,9424.108750279433,16,7.420419892782037,937.1130604289914,3,0.2954802843558004,37.05477075426251,2026-08-03 09:00:00,0x894e1ec2d74ffe5aef8dc8a9e84686accb964f2a
18,15.55222775074198,1980.0118077325455,25,9.40656647109348,1317.6612063803025,81,108.01133963418624,13516.594973550711,6,1.5049380317669907,191.14781863860998,2026-08-03 10:00:00,0x894e1ec2d74ffe5aef8dc8a9e84686accb964f2a
6,1.8684868316752894,235.91889949728673,20,6.111284599098179,881.1215165754711,15,2.5261345792706282,316.2614298142168,4,1.6767413201360637,212.154611258542,2026-08-03 11:00:00,0x894e1ec2d74ffe5aef8dc8a9e84686accb964f2a
4,0.24197709428131114,30.407428396522995,23,19.32927166176293,2768.7077381351583,7,2.8072929213700744,350.3631386974156,20,4.556226863902108,573.7384329857944,2026-08-03 12:00:00,0x894e1ec2d74ffe5aef8dc8a9e84686accb964f2a
16,1.8055754138304514,228.6016900238244,10,3.561438697655274,509.1911475454919,7,6.510439719997409,814.1417619530308,16,7.420419892782037,937.1130604289914,2026-08-03 13:00:00,0x894e1ec2d74ffe5aef8dc8a9e84686accb964f2a
45,37.18082575074822,4656.075408306539,13,1.9929713462503498,286.11178839808576,4,1.6564588183886113,208.510296553285,81,108.01133963418624,13516.594973550711,2026-08-03 14:00:00,0x894e1ec2d74ffe5aef8dc8a9e84686accb964f2a
5,2.8005601495999395,350.77560375855,7,0.20638349322659436,29.692896946340998,7,1.6698984202765212,210.27911625989796,15,2.5261345792706282,316.2614298142168,2026-08-03 15:00:00,0x894e1ec2d74ffe5aef8dc8a9e84686accb964f2a
13,7.850316095940597,985.0482952431593,11,2.77634183444114,399.5149176010717,6,2.533107016383566,319.5561590755232,7,2.8072929213700744,350.3631386974156,2026-08-03 16:00:00,0x894e1ec2d74ffe5aef8dc8a9e84686accb964f2a
11,3.9474088152963542,496.02370504281004,4,0.12532614006055026,17.99655402829961,113,67.11350879488607,9424.108750279433,7,6.510439719997409,814.1417619530308,2026-08-03 17:00:00,0x894e1ec2d74ffe5aef8dc8a9e84686accb964f2a
6,1.5103611663494807,190.10001450364672,11,2.1478767120386797,310.87724650458864,25,9.40656647109348,1317.6612063803025,4,1.6564588183886113,208.510296553285,2026-08-03 18:00:00,0x894e1ec2d74ffe5aef8dc8a9e84686accb964f2a
6,6.960250736144895,875.927796047711,19,7.949868113468403,1154.7390884165939,20,6.111284599098179,881.1215165754711,7,1.6698984202765212,210.27911625989796,2026-08-03 19:00:00,0x894e1ec2d74ffe5aef8dc8a9e84686accb964f2a
337,345.28584907170836,45320.93550930321,11,0.2199206103495844,31.68926852811722,23,19.32927166176293,2768.7077381351583,6,2.533107016383566,319.5561590755232,2026-08-03 20:00:00,0x894e1ec2d74ffe5aef8dc8a9e84686accb964f2a
59,36.836517780745204,5122.931593920018,6,0.30037746816788125,43.63303088461362,10,3.561438697655274,509.1911475454919,113,67.11350879488607,9424.108750279433,2026-08-03 21:00:00,0x894e1ec2d74ffe5aef8dc8a9e84686accb964f2a
56,42.14334106908247,6008.228992808126,9,0.2960821515587769,42.95861155677282,13,1.9929713462503498,286.11178839808576,25,9.40656647109348,1317.6612063803025,2026-08-03 22:00:00,0x894e1ec2d74ffe5aef8dc8a9e84686accb964f2a
5,0.207752042495729,29.752904039943168,8,0.21784711983398658,31.638598280305406,7,0.20638349322659436,29.692896946340998,20,6.111284599098179,881.1215165754711,2026-08-03 23:00:00,0x894e1ec2d74ffe5aef8dc8a9e84686accb964f2a
10,1.7990654308274545,258.19149970957744,10,3.543102352687658,512.453609767845,11,2.77634183444114,399.5149176010717,23,19.32927166176293,2768.7077381351583,2026-08-04 00:00:00,0x894e1ec2d74ffe5aef8dc8a9e84686accb964f2a
4,0.14282263300731157,20.38406586069,3,0.4182115917993091,60.71535766582443,4,0.12532614006055026,17.99655402829961,10,3.561438697655274,509.1911475454919,2026-08-04 01:00:00,0x894e1ec2d74ffe5aef8dc8a9e84686accb964f2a
4,0.14673245301164226,21.095520021718997,172,107.40208682958017,15962.8245430448,11,2.1478767120386797,310.87724650458864,13,1.9929713462503498,286.11178839808576,2026-08-04 02:00:00,0x894e1ec2d74ffe5aef8dc8a9e84686accb964f2a
1,0.03764771851130998,5.385753729180001,26,1.9585074908514994,310.80511470933607,19,7.949868113468403,1154.7390884165939,7,0.20638349322659436,29.692896946340998,2026-08-04 03:00:00,0x894e1ec2d74ffe5aef8dc8a9e84686accb964f2a
20,3.5791848970834907,516.9819280901249,12,2.9290070994473956,469.6101704229821,11,0.2199206103495844,31.68926852811722,11,2.77634183444114,399.5149176010717,2026-08-04 04:00:00,0x894e1ec2d74ffe5aef8dc8a9e84686accb964f2a
2,0.023616386483246314,3.3890359076529997,34,4.5929209621712985,743.0989781994796,6,0.30037746816788125,43.63303088461362,4,0.12532614006055026,17.99655402829961,2026-08-04 05:00:00,0x894e1ec2d74ffe5aef8dc8a9e84686accb964f2a
10,2.02394950434076,293.26258384018286,23,3.6737337525839657,599.8249377826639,9,0.2960821515587769,42.95861155677282,11,2.1478767120386797,310.87724650458864,2026-08-04 06:00:00,0x894e1ec2d74ffe5aef8dc8a9e84686accb964f2a
13,0.7826785737508766,113.85365396151273,5,0.1850205245738442,30.013052087778725,8,0.21784711983398658,31.638598280305406,19,7.949868113468403,1154.7390884165939,2026-08-04 07:00:00,0x894e1ec2d74ffe5aef8dc8a9e84686accb964f2a
23,11.359452711708144,1658.651627380313,3,0.6244747115850977,101.491208954005,10,3.543102352687658,512.453609767845,11,0.2199206103495844,31.68926852811722,2026-08-04 08:00:00,0x894e1ec2d74ffe5aef8dc8a9e84686accb964f2a
18,14.729133178339973,2163.9254706610436,4,0.1397209010160868,22.35145871447576,3,0.4182115917993091,60.71535766582443,6,0.30037746816788125,43.63303088461362,2026-08-04 09:00:00,0x894e1ec2d74ffe5aef8dc8a9e84686accb964f2a
10,0.2990686641938437,43.69377106496897,23,4.7527647727839595,761.8720111394271,172,107.40208682958017,15962.8245430448,9,0.2960821515587769,42.95861155677282,2026-08-04 10:00:00,0x894e1ec2d74ffe5aef8dc8a9e84686accb964f2a
47,27.982084999568077,4029.491097129882,8,2.219900161309491,354.34442523815454,26,1.9585074908514994,310.80511470933607,8,0.21784711983398658,31.638598280305406,2026-08-04 11:00:00,0x894e1ec2d74ffe5aef8dc8a9e84686accb964f2a
18,7.024188816682152,1015.8363069974864,14,1.3090323857524344,209.750422728023,12,2.9290070994473956,469.6101704229821,10,3.543102352687658,512.453609767845,2026-08-04 12:00:00,0x894e1ec2d74ffe5aef8dc8a9e84686accb964f2a
24,10.015530212976529,1454.223195752499,5,0.08053624930992993,12.909066899274048,34,4.5929209621712985,743.0989781994796,3,0.4182115917993091,60.71535766582443,2026-08-04 13:00:00,0x894e1ec2d74ffe5aef8dc8a9e84686accb964f2a
66,7.404530613993383,1148.560122276488,9,0.3750278304574263,59.75772832854407,23,3.6737337525839657,599.8249377826639,172,107.40208682958017,15962.8245430448,2026-08-04 14:00:00,0x894e1ec2d74ffe5aef8dc8a9e84686accb964f2a
18,0.7838616967551858,124.44655967603639,4,0.14033470201775924,22.353321674765,5,0.1850205245738442,30.013052087778725,26,1.9585074908514994,310.80511470933607,2026-08-04 15:00:00,0x894e1ec2d74ffe5aef8dc8a9e84686accb964f2a
18,4.536523789401163,722.7642793057438,9,1.1336779292092816,180.658738519292,3,0.6244747115850977,101.491208954005,12,2.9290070994473956,469.6101704229821,2026-08-04 16:00:00,0x894e1ec2d74ffe5aef8dc8a9e84686accb964f2a
6,0.04757782304843333,7.729446735208,4,0.02361194024913654,3.7908674594820004,4,0.1397209010160868,22.35145871447576,34,4.5929209621712985,743.0989781994796,2026-08-04 17:00:00,0x894e1ec2d74ffe5aef8dc8a9e84686accb964f2a
13,3.769725288634448,616.1358347085632,0,,,23,4.7527647727839595,761.8720111394271,23,3.6737337525839657,599.8249377826639,2026-08-04 18:00:00,0x894e1ec2d74ffe5aef8dc8a9e84686accb964f2a
13,3.3345250484819626,544.4009228753571,5,0.019100480669433373,3.044223104614,8,2.219900161309491,354.34442523815454,5,0.1850205245738442,30.013052087778725,2026-08-04 19:00:00,0x894e1ec2d74ffe5aef8dc8a9e84686accb964f2a
28,13.480660981040156,2174.106871333029,4,0.044999774374147566,7.206530504702815,14,1.3090323857524344,209.750422728023,3,0.6244747115850977,101.491208954005,2026-08-04 20:00:00,0x894e1ec2d74ffe5aef8dc8a9e84686accb964f2a
11,0.2788164072806814,44.802562538193,9,1.7083115355339138,271.0570999863728,5,0.08053624930992993,12.909066899274048,4,0.1397209010160868,22.35145871447576,2026-08-04 21:00:00,0x894e1ec2d74ffe5aef8dc8a9e84686accb964f2a
16,6.4386248090246125,1029.7658562646704,11,6.042848243127057,960.384651794122,9,0.3750278304574263,59.75772832854407,23,4.7527647727839595,761.8720111394271,2026-08-04 22:00:00,0x894e1ec2d74ffe5aef8dc8a9e84686accb964f2a
13,0.1911142923065137,30.430327266141312,13,4.5423149986579725,728.791670271847,4,0.14033470201775924,22.353321674765,8,2.219900161309491,354.34442523815454,2026-08-04 23:00:00,0x894e1ec2d74ffe5aef8dc8a9e84686accb964f2a
0,,,0,,,0,,,0,,,2026-07-29 00:00:00,0x92fd66527192e3e61d4ddd13322aa222de86f9b5
1,0.000988620869029884,0.09998970000000001,0,,,0,,,0,,,2026-07-29 01:00:00,0x92fd66527192e3e61d4ddd13322aa222de86f9b5
0,,,0,,,0,,,0,,,2026-07-29 02:00:00,0x92fd66527192e3e61d4ddd13322aa222de86f9b5
0,,,0,,,0,,,3,0.07583006054607022,7.62653032007,2026-07-29 03:00:00,0x92fd66527192e3e61d4ddd13322aa222de86f9b5
0,,,0,,,0,,,0,,,2026-07-29 04:00:00,0x92fd66527192e3e61d4ddd13322aa222de86f9b5
0,,,0,,,0,,,0,,,2026-07-29 05:00:00,0x92fd66527192e3e61d4ddd13322aa222de86f9b5
0,,,0,,,0,,,0,,,2026-07-29 06:00:00,0x92fd66527192e3e61d4ddd13322aa222de86f9b5
0,,,0,,,0,,,0,,,2026-07-29 07:00:00,0x92fd66527192e3e61d4ddd13322aa222de86f9b5
0,,,0,,,0,,,0,,,2026-07-29 08:00:00,0x92fd66527192e3e61d4ddd13322aa222de86f9b5
0,,,0,,,0,,,0,,,2026-07-29 09:00:00,0x92fd66527192e3e61d4ddd13322aa222de86f9b5
2,0.00375956187993053,0.38014664380799995,0,,,0,,,0,,,2026-07-29 10:00:00,0x92fd66527192e3e61d4ddd13322aa222de86f9b5
0,,,0,,,0,,,0,,,2026-07-29 11:00:00,0x92fd66527192e3e61d4ddd13322aa222de86f9b5
0,,,0,,,0,,,0,,,2026-07-29 12:00:00,0x92fd66527192e3e61d4ddd13322aa222de86f9b5
0,,,0,,,0,,,0,,,2026-07-29 13:00:00,0x92fd66527192e3e61d4ddd13322aa222de86f9b5
1,0.003363056267564017,0.33819121792,0,,,0,,,0,,,2026-07-29 14:00:00,0x92fd66527192e3e61d4ddd13322aa222de86f9b5
0,,,0,,,0,,,0,,,2026-07-29 15:00:00,0x92fd66527192e3e61d4ddd13322aa222de86f9b5
0,,,1,4.9099999999999e-05,0.0007437518151300437,0,,,0,,,2026-07-29 16:00:00,0x92fd66527192e3e61d4ddd13322aa222de86f9b5
0,,,0,,,0,,,0,,,2026-07-29 17:00:00,0x92fd66527192e3e61d4ddd13322aa222de86f9b5
0,,,0,,,0,,,0,,,2026-07-29 18:00:00,0x92fd66527192e3e61d4ddd13322aa222de86f9b5
4,0.6191697718519269,62.36681440920001,0,,,0,,,0,,,2026-07-29 19:00:00,0x92fd66527192e3e61d4ddd13322aa222de86f9b5
0,,,0,,,0,,,0,,,2026-07-29 20:00:00,0x92fd66527192e3e61d4ddd13322aa222de86f9b5
0,,,0,,,0,,,0,,,2026-07-29 21:00:00,0x92fd66527192e3e61d4ddd13322aa222de86f9b5
0,,,0,,,0,,,0,,,2026-07-29 22:00:00,0x92fd66527192e3e61d4ddd13322aa222de86f9b5
0,,,0,,,0,,,0,,,2026-07-29 23:00:00,0x92fd66527192e3e61d4ddd13322aa222de86f9b5
0,,,1,0.000188926865520165,0.019100754903999997,1,4.9099999999999e-05,0.0007437518151300437,0,,,2026-07-30 00:00:00,0x92fd66527192e3e61d4ddd13322aa222de86f9b5
0,,,0,,,0,,,0,,,2026-07-30 01:00:00,0x92fd66527192e3e61d4ddd13322aa222de86f9b5
0,,,0,,,0,,,0,,,2026-07-30 02:00:00,0x92fd66527192e3e61d4ddd13322aa222de86f9b5
0,,,0,,,0,,,0,,,2026-07-30 03:00:00,0x92fd66527192e3e61d4ddd13322aa222de86f9b5
0,,,0,,,0,,,1,4.9099999999999e-05,0.0007437518151300437,2026-07-30 04:00:00,0x92fd66527192e3e61d4ddd13322aa222de86f9b5
0,,,0,,,0,,,0,,,2026-07-30 05:00:00,0x92fd66527192e3e61d4ddd13322aa222de86f9b5
0,,,0,,,0,,,0,,,2026-07-30 06:00:00,0x92fd66527192e3e61d4ddd13322aa222de86f9b5
0,,,0,,,0,,,0,,,2026-07-30 07:00:00,0x92fd66527192e3e61d4ddd13322aa222de86f9b5
0,,,0,,,1,0.000188926865520165,0.019100754903999997,0,,,2026-07-30 08:00:00,0x92fd66527192e3e61d4ddd13322aa222de86f9b5
0,,,0,,,0,,,0,,,2026-07-30 09:00:00,0x92fd66527192e3e61d4ddd13322aa222de86f9b5
0,,,0,,,0,,,0,,,2026-07-30 10:00:00,0x92fd66527192e3e61d4ddd13322aa222de86f9b5
0,,,0,,,0,,,0,,,2026-07-30 11:00:00,0x92fd66527192e3e61d4ddd13322aa222de86f9b5
0,,,0,,,0,,,1,0.000188926865520165,0.019100754903999997,2026-07-30 12:00:00,0x92fd66527192e3e61d4ddd13322aa222de86f9b5
0,,,0,,,0,,,0,,,2026-07-30 13:00:00,0x92fd66527192e3e61d4ddd13322aa222de86f9b5
0,,,0,,,0,,,0,,,2026-07-30 14:00:00,0x92fd66527192e3e61d4ddd13322aa222de86f9b5
0,,,0,,,0,,,0,,,2026-07-30 15:00:00,0x92fd66527192e3e61d4ddd13322aa222de86f9b5
0,,,0,,,0,,,0,,,2026-07-30 16:00:00,0x92fd66527192e3e61d4ddd13322aa222de86f9b5
0,,,0,,,0,,,0,,,2026-07-30 17:00:00,0x92fd66527192e3e61d4ddd13322aa222de86f9b5
0,,,0,,,0,,,0,,,2026-07-30 18:00:00,0x92fd66527192e3e61d4ddd13322aa222de86f9b5
0,,,1,0.003481684470654999,0.35180153993,0,,,0,,,2026-07-30 19:00:00,0x92fd66527192e3e61d4ddd13322aa222de86f9b5
0,,,0,,,0,,,0,,,2026-07-30 20:00:00,0x92fd66527192e3e61d4ddd13322aa222de86f9b5
0,,,0,,,0,,,0,,,2026-07-30 21:00:00,0x92fd66527192e3e61d4ddd13322aa222de86f9b5
0,,,0,,,0,,,0,,,2026-07-30 22:00:00,0x92fd66527192e3e61d4ddd13322aa222de86f9b5
0,,,0,,,0,,,0,,,2026-07-30 23:00:00,0x92fd66527192e3e61d4ddd13322aa222de86f9b5
0,,,0,,,0,,,0,,,2026-07-31 00:00:00,0x92fd66527192e3e61d4ddd13322aa222de86f9b5
0,,,0,,,0,,,0,,,2026-07-31 01:00:00,0x92fd66527192e3e61d4ddd13322aa222de86f9b5
0,,,0,,,0,,,0,,,2026-07-31 02:00:00,0x92fd66527192e3e61d4ddd13322aa222de86f9b5
0,,,0,,,1,0.003481684470654999,0.35180153993,0,,,2026-07-31 03:00:00,0x92fd66527192e3e61d4ddd13322aa222de86f9b5
0,,,0,,,0,,,0,,,2026-07-31 04:00:00,0x92fd66527192e3e61d4ddd13322aa222de86f9b5
0,,,0,,,0,,,0,,,2026-07-31 05:00:00,0x92fd66527192e3e61d4ddd13322aa222de86f9b5
0,,,0,,,0,,,0,,,2026-07-31 06:00:00,0x92fd66527192e3e61d4ddd13322aa222de86f9b5
4,0.025412810860211108,2.566295815504,0,,,0,,,1,0.003481684470654999,0.35180153993,2026-07-31 07:00:00,0x92fd66527192e3e61d4ddd13322aa222de86f9b5
0,,,0,,,0,,,0,,,2026-07-31 08:00:00,0x92fd66527192e3e61d4ddd13322aa222de86f9b5
0,,,0,,,0,,,0,,,2026-07-31 09:00:00,0x92fd66527192e3e61d4ddd13322aa222de86f9b5
0,,,0,,,0,,,0,,,2026-07-31 10:00:00,0x92fd66527192e3e61d4ddd13322aa222de86f9b5
0,,,0,,,0,,,0,,,2026-07-31 11:00:00,0x92fd66527192e3e61d4ddd13322aa222de86f9b5
0,,,0,,,0,,,0,,,2026-07-31 12:00:00,0x92fd66527192e3e61d4ddd13322aa222de86f9b5
0,,,0,,,0,,,0,,,2026-07-31 13:00:00,0x92fd66527192e3e61d4ddd13322aa222de86f9b5
0,,,0,,,0,,,0,,,2026-07-31 14:00:00,0x92fd66527192e3e61d4ddd13322aa222de86f9b5
0,,,0,,,0,,,0,,,2026-07-31 15:00:00,0x92fd66527192e3e61d4ddd13322aa222de86f9b5
0,,,0,,,0,,,0,,,2026-07-31 16:00:00,0x92fd66527192e3e61d4ddd13322aa222de86f9b5
1,0.4968154315583727,49.841820301000006,0,,,0,,,0,,,2026-07-31 17:00:00,0x92fd66527192e3e61d4ddd13322aa222de86f9b5
0,,,0,,,0,,,0,,,2026-07-31 18:00:00,0x92fd66527192e3e61d4ddd13322aa222de86f9b5
0,,,0,,,0,,,0,,,2026-07-31 19:00:00,0x92fd66527192e3e61d4ddd13322aa222de86f9b5
0,,,0,,,0,,,0,,,2026-07-31 20:00:00,0x92fd66527192e3e61d4ddd13322aa222de86f9b5
0,,,0,,,0,,,0,,,2026-07-31 21:00:00,0x92fd66527192e3e61d4ddd13322aa222de86f9b5
0,,,0,,,0,,,0,,,2026-07-31 22:00:00,0x92fd66527192e3e61d4ddd13322aa222de86f9b5
1,0.07113559281971664,7.16701108959,0,,,0,,,0,,,2026-07-31 23:00:00,0x92fd66527192e3e61d4ddd13322aa222de86f9b5
0,,,0,,,0,,,0,,,2026-08-01 00:00:00,0x92fd66527192e3e61d4ddd13322aa222de86f9b5
0,,,0,,,0,,,0,,,2026-08-01 01:00:00,0x92fd66527192e3e61d4ddd13322aa222de86f9b5
0,,,0,,,0,,,0,,,2026-08-01 02:00:00,0x92fd66527192e3e61d4ddd13322aa222de86f9b5
0,,,0,,,0,,,0,,,2026-08-01 03:00:00,0x92fd66527192e3e61d4ddd13322aa222de86f9b5
0,,,0,,,0,,,0,,,2026-08-01 04:00:00,0x92fd66527192e3e61d4ddd13322aa222de86f9b5
0,,,0,,,0,,,0,,,2026-08-01 05:00:00,0x92fd66527192e3e61d4ddd13322aa222de86f9b5
0,,,0,,,0,,,0,,,2026-08-01 06:00:00,0x92fd66527192e3e61d4ddd13322aa222de86f9b5
0,,,1,0.18960345033263312,19.056989621942,0,,,0,,,2026-08-01 07:00:00,0x92fd66527192e3e61d4ddd13322aa222de86f9b5
0,,,1,1.1181672543820922,112.83112761860001,0,,,0,,,2026-08-01 08:00:00,0x92fd66527192e3e61d4ddd13322aa222de86f9b5
1,0.001830965418349028,0.18479026843800003,0,,,0,,,0,,,2026-08-01 09:00:00,0x92fd66527192e3e61d4ddd13322aa222de86f9b5
0,,,0,,,0,,,0,,,2026-08-01 10:00:00,0x92fd66527192e3e61d4ddd13322aa222de86f9b5
0,,,0,,,0,,,0,,,2026-08-01 11:00:00,0x92fd66527192e3e61d4ddd13322aa222de86f9b5
0,,,0,,,0,,,0,,,2026-08-01 12:00:00,0x92fd66527192e3e61d4ddd13322aa222de86f9b5
1,0.13900931893279392,14.028727659567998,0,,,0,,,0,,,2026-08-01 13:00:00,0x92fd66527192e3e61d4ddd13322aa222de86f9b5
0,,,1,0.16596187831704592,16.810402752423002,0,,,0,,,2026-08-01 14:00:00,0x92fd66527192e3e61d4ddd13322aa222de86f9b5
0,,,0,,,1,0.18960345033263312,19.056989621942,0,,,2026-08-01 15:00:00,0x92fd66527192e3e61d4ddd13322aa222de86f9b5
0,,,0,,,1,1.1181672543820922,112.83112761860001,0,,,2026-08-01 16:00:00,0x92fd66527192e3e61d4ddd13322aa222de86f9b5
0,,,1,0.10256495359177811,10.403034383139,0,,,0,,,2026-08-01 17:00:00,0x92fd66527192e3e61d4ddd13322aa222de86f9b5
3,6.277653515186508,628.766032843366,0,,,0,,,0,,,2026-08-01 18:00:00,0x92fd66527192e3e61d4ddd13322aa222de86f9b5
4,3.3510717451808034,337.30645118781,0,,,0,,,1,0.18960345033263312,19.056989621942,2026-08-01 19:00:00,0x92fd66527192e3e61d4ddd13322aa222de86f9b5
0,,,0,,,0,,,1,1.1181672543820922,112.83112761860001,2026-08-01 20:00:00,0x92fd66527192e3e61d4ddd13322aa222de86f9b5
1,0.2984049566663837,30.093066109388996,0,,,0,,,0,,,2026-08-01 21:00:00,0x92fd66527192e3e61d4ddd13322aa222de86f9b5
0,,,0,,,1,0.16596187831704592,16.810402752423002,0,,,2026-08-01 22:00:00,0x92fd66527192e3e61d4ddd13322aa222de86f9b5
0,,,0,,,0,,,0,,,2026-08-01 23:00:00,0x92fd66527192e3e61d4ddd13322aa222de86f9b5
1,0.2428711393853424,24.556800277329003,1,0.16093991626237936,16.280335657648003,0,,,0,,,2026-08-02 00:00:00,0x92fd66527192e3e61d4ddd13322aa222de86f9b5
1,0.22300909199828778,22.587641021615998,0,,,1,0.10256495359177811,10.403034383139,0,,,2026-08-02 01:00:00,0x92fd66527192e3e61d4ddd13322aa222de86f9b5
0,,,1,0.2680427650931085,27.136027004030005,0,,,1,0.16596187831704592,16.810402752423002,2026-08-02 02:00:00,0x92fd66527192e3e61d4ddd13322aa222de86f9b5
0,,,0,,,0,,,0,,,2026-08-02 03:00:00,0x92fd66527192e3e61d4ddd13322aa222de86f9b5
0,,,1,0.14220617055134155,14.411249397479999,0,,,0,,,2026-08-02 04:00:00,0x92fd66527192e3e61d4ddd13322aa222de86f9b5
0,,,0,,,0,,,1,0.10256495359177811,10.403034383139,2026-08-02 05:00:00,0x92fd66527192e3e61d4ddd13322aa222de86f9b5
0,,,1,0.024607181747055125,2.4963800860379997,0,,,0,,,2026-08-02 06:00:00,0x92fd66527192e3e61d4ddd13322aa222de86f9b5
1,0.5415686894366135,54.532544885213994,0,,,0,,,0,,,2026-08-02 07:00:00,0x92fd66527192e3e61d4ddd13322aa222de86f9b5
0,,,1,0.04371591999541922,4.435462011615,1,0.16093991626237936,16.280335657648003,0,,,2026-08-02 08:00:00,0x92fd66527192e3e61d4ddd13322aa222de86f9b5
0,,,0,,,0,,,0,,,2026-08-02 09:00:00,0x92fd66527192e3e61d4ddd13322aa222de86f9b5
0,,,0,,,1,0.2680427650931085,27.136027004030005,0,,,2026-08-02 10:00:00,0x92fd66527192e3e61d4ddd13322aa222de86f9b5
0,,,5,1.2960718749720233,130.16554939509,0,,,0,,,2026-08-02 11:00:00,0x92fd66527192e3e61d4ddd13322aa222de86f9b5
1,0.099867573,10.046621557756,1,0.005417677060293268,0.5429137137,1,0.14220617055134155,14.411249397479999,1,0.16093991626237936,16.280335657648003,2026-08-02 12:00:00,0x92fd66527192e3e61d4ddd13322aa222de86f9b5
0,,,0,,,0,,,0,,,2026-08-02 13:00:00,0x92fd66527192e3e61d4ddd13322aa222de86f9b5
0,,,1,0.08670579002264457,8.744593068607,1,0.024607181747055125,2.4963800860379997,1,0.2680427650931085,27.136027004030005,2026-08-02 14:00:00,0x92fd66527192e3e61d4ddd13322aa222de86f9b5
0,,,0,,,0,,,0,,,2026-08-02 15:00:00,0x92fd66527192e3e61d4ddd13322aa222de86f9b5
0,,,1,0.036119494963813614,3.6453454461379997,1,0.04371591999541922,4.435462011615,1,0.14220617055134155,14.411249397479999,2026-08-02 16:00:00,0x92fd66527192e3e61d4ddd13322aa222de86f9b5
0,,,0,,,0,,,0,,,2026-08-02 17:00:00,0x92fd66527192e3e61d4ddd13322aa222de86f9b5
0,,,1,0.021739228389890817,2.195651171338,0,,,1,0.024607181747055125,2.4963800860379997,2026-08-02 18:00:00,0x92fd66527192e3e61d4ddd13322aa222de86f9b5
0,,,1,0.346422929302143,35.013405,5,1.2960718749720233,130.16554939509,0,,,2026-08-02 19:00:00,0x92fd66527192e3e61d4ddd13322aa222de86f9b5
0,,,1,0.03695978787829784,3.739282494419,1,0.005417677060293268,0.5429137137,1,0.04371591999541922,4.435462011615,2026-08-02 20:00:00,0x92fd66527192e3e61d4ddd13322aa222de86f9b5
0,,,0,,,0,,,0,,,2026-08-02 21:00:00,0x92fd66527192e3e61d4ddd13322aa222de86f9b5
0,,,4,3.086482726585664,309.170452193119,1,0.08670579002264457,8.744593068607,0,,,2026-08-02 22:00:00,0x92fd66527192e3e61d4ddd13322aa222de86f9b5
0,,,0,,,0,,,5,1.2960718749720233,130.16554939509,2026-08-02 23:00:00,0x92fd66527192e3e61d4ddd13322aa222de86f9b5
0,,,1,0.01725841549883969,1.736092829029,1,0.036119494963813614,3.6453454461379997,1,0.005417677060293268,0.5429137137,2026-08-03 00:00:00,0x92fd66527192e3e61d4ddd13322aa222de86f9b5
0,,,1,0.010328264,1.0367525103,0,,,0,,,2026-08-03 01:00:00,0x92fd66527192e3e61d4ddd13322aa222de86f9b5
0,,,4,2.2742224572879457,229.114806962762,1,0.021739228389890817,2.195651171338,1,0.08670579002264457,8.744593068607,2026-08-03 02:00:00,0x92fd66527192e3e61d4ddd13322aa222de86f9b5
2,0.011885298532681714,1.1950248431519999,4,4.083385499282354,409.837254929036,1,0.346422929302143,35.013405,0,,,2026-08-03 03:00:00,0x92fd66527192e3e61d4ddd13322aa222de86f9b5
0,,,3,0.7428959739677274,74.51486310443599,1,0.03695978787829784,3.739282494419,1,0.036119494963813614,3.6453454461379997,2026-08-03 04:00:00,0x92fd66527192e3e61d4ddd13322aa222de86f9b5
0,,,0,,,0,,,0,,,2026-08-03 05:00:00,0x92fd66527192e3e61d4ddd13322aa222de86f9b5
1,0.039831268,3.9973631731520003,1,0.039081070599427024,3.942511230632,4,3.086482726585664,309.170452193119,1,0.021739228389890817,2.195651171338,2026-08-03 06:00:00,0x92fd66527192e3e61d4ddd13322aa222de86f9b5
1,0.01016373,1.0227297750700002,2,0.3203456749089085,32.287495321116,0,,,1,0.346422929302143,35.013405,2026-08-03 07:00:00,0x92fd66527192e3e61d4ddd13322aa222de86f9b5
0,,,2,1.512360845290438,151.69677660502802,1,0.01725841549883969,1.736092829029,1,0.03695978787829784,3.739282494419,2026-08-03 08:00:00,0x92fd66527192e3e61d4ddd13322aa222de86f9b5
0,,,0,,,1,0.010328264,1.0367525103,0,,,2026-08-03 09:00:00,0x92fd66527192e3e61d4ddd13322aa222de86f9b5
0,,,1,0.01125403553235815,1.1358200425950002,4,2.2742224572879457,229.114806962762,4,3.086482726585664,309.170452193119,2026-08-03 10:00:00,0x92fd66527192e3e61d4ddd13322aa222de86f9b5
0,,,0,,,4,4.083385499282354,409.837254929036,0,,,2026-08-03 11:00:00,0x92fd66527192e3e61d4ddd13322aa222de86f9b5
7,6.009024078147855,606.8107118337331,2,0.07615085710506038,7.642701037489999,3,0.7428959739677274,74.51486310443599,1,0.01725841549883969,1.736092829029,2026-08-03 12:00:00,0x92fd66527192e3e61d4ddd13322aa222de86f9b5
1,0.6012443149335722,60.730931145129006,0,,,0,,,1,0.010328264,1.0367525103,2026-08-03 13:00:00,0x92fd66527192e3e61d4ddd13322aa222de86f9b5
7,17.827744596595316,1800.332712134225,1,0.016137460257770353,1.6273438837439997,1,0.039081070599427024,3.942511230632,4,2.2742224572879457,229.114806962762,2026-08-03 14:00:00,0x92fd66527192e3e61d4ddd13322aa222de86f9b5
2,3.988169798190675,400.517592223803,0,,,2,0.3203456749089085,32.287495321116,4,4.083385499282354,409.837254929036,2026-08-03 15:00:00,0x92fd66527192e3e61d4ddd13322aa222de86f9b5
1,1.0164956954019841,102.45207237881101,1,0.009420433603491552,0.949443102328,2,1.512360845290438,151.69677660502802,3,0.7428959739677274,74.51486310443599,2026-08-03 16:00:00,0x92fd66527192e3e61d4ddd13322aa222de86f9b5
2,1.4757031910448586,148.203229414782,0,,,0,,,0,,,2026-08-03 17:00:00,0x92fd66527192e3e61d4ddd13322aa222de86f9b5
1,0.003091977328676574,0.3102981490350001,2,0.019250526130077817,1.940346080404,1,0.01125403553235815,1.1358200425950002,1,0.039081070599427024,3.942511230632,2026-08-03 18:00:00,0x92fd66527192e3e61d4ddd13322aa222de86f9b5
0,,,1,0.000247907121417696,0.00022812651292120704,0,,,2,0.3203456749089085,32.287495321116,2026-08-03 19:00:00,0x92fd66527192e3e61d4ddd13322aa222de86f9b5
0,,,3,0.33926595623112926,34.052216638224,2,0.07615085710506038,7.642701037489999,2,1.512360845290438,151.69677660502802,2026-08-03 20:00:00,0x92fd66527192e3e61d4ddd13322aa222de86f9b5
0,,,0,,,0,,,0,,,2026-08-03 21:00:00,0x92fd66527192e3e61d4ddd13322aa222de86f9b5
0,,,1,0.001043307198080002,0.10521394482299999,1,0.016137460257770353,1.6273438837439997,1,0.01125403553235815,1.1358200425950002,2026-08-03 22:00:00,0x92fd66527192e3e61d4ddd13322aa222de86f9b5
0,,,0,,,0,,,0,,,2026-08-03 23:00:00,0x92fd66527192e3e61d4ddd13322aa222de86f9b5
0,,,6,0.24627806392369506,24.786052778488997,1,0.009420433603491552,0.949443102328,2,0.07615085710506038,7.642701037489999,2026-08-04 00:00:00,0x92fd66527192e3e61d4ddd13322aa222de86f9b5
0,,,2,1.9441601343074644,194.86795284941402,0,,,0,,,2026-08-04 01:00:00,0x92fd66527192e3e61d4ddd13322aa222de86f9b5
1,0.34851194010412767,34.948097556007994,2,20.487239390787764,2052.1934156475,2,0.019250526130077817,1.940346080404,1,0.016137460257770353,1.6273438837439997,2026-08-04 02:00:00,0x92fd66527192e3e61d4ddd13322aa222de86f9b5
0,,,0,,,1,0.000247907121417696,0.00022812651292120704,0,,,2026-08-04 03:00:00,0x92fd66527192e3e61d4ddd13322aa222de86f9b5
1,0.00123,0.12308078549,1,0.001787360803424268,0.179921563944,3,0.33926595623112926,34.052216638224,1,0.009420433603491552,0.949443102328,2026-08-04 04:00:00,0x92fd66527192e3e61d4ddd13322aa222de86f9b5
1,0.000495814242835391,0.0499652,1,0.4425928781025277,44.332553589990006,0,,,0,,,2026-08-04 05:00:00,0x92fd66527192e3e61d4ddd13322aa222de86f9b5
0,,,1,0.00376173608982013,0.37890872496899997,1,0.001043307198080002,0.10521394482299999,2,0.019250526130077817,1.940346080404,2026-08-04 06:00:00,0x92fd66527192e3e61d4ddd13322aa222de86f9b5
2,0.0317770903288811,3.189585619078,0,,,0,,,1,0.000247907121417696,0.00022812651292120704,2026-08-04 07:00:00,0x92fd66527192e3e61d4ddd13322aa222de86f9b5
0,,,1,0.008056215692240125,0.8111458884600001,6,0.24627806392369506,24.786052778488997,3,0.33926595623112926,34.052216638224,2026-08-04 08:00:00,0x92fd66527192e3e61d4ddd13322aa222de86f9b5
1,0.21894299987507795,21.945993964998,0,,,2,1.9441601343074644,194.86795284941402,0,,,2026-08-04 09:00:00,0x92fd66527192e3e61d4ddd13322aa222de86f9b5
1,0.000199524,0.020003619769000003,1,0.00694448737924884,0.699868971958,2,20.487239390787764,2052.1934156475,1,0.001043307198080002,0.10521394482299999,2026-08-04 10:00:00,0x92fd66527192e3e61d4ddd13322aa222de86f9b5
2,0.0062352596052230105,0.627062799953,1,0.5988731954834772,60.35752619999999,0,,,0,,,2026-08-04 11:00:00,0x92fd66527192e3e61d4ddd13322aa222de86f9b5
0,,,1,0.003656482272488953,0.36813944594599995,1,0.001787360803424268,0.179921563944,6,0.24627806392369506,24.786052778488997,2026-08-04 12:00:00,0x92fd66527192e3e61d4ddd13322aa222de86f9b5
0,,,0,,,1,0.4425928781025277,44.332553589990006,2,1.9441601343074644,194.86795284941402,2026-08-04 13:00:00,0x92fd66527192e3e61d4ddd13322aa222de86f9b5
0,,,1,0.000100309397325125,0.010104353532000001,1,0.00376173608982013,0.37890872496899997,2,20.487239390787764,2052.1934156475,2026-08-04 14:00:00,0x92fd66527192e3e61d4ddd13322aa222de86f9b5
0,,,0,,,0,,,0,,,2026-08-04 15:00:00,0x92fd66527192e3e61d4ddd13322aa222de86f9b5
0,,,1,0.005246110656265477,0.528393245788,1,0.008056215692240125,0.8111458884600001,1,0.001787360803424268,0.179921563944,2026-08-04 16:00:00,0x92fd66527192e3e61d4ddd13322aa222de86f9b5
1,1.8599526148984122,187.39121750166402,0,,,0,,,1,0.4425928781025277,44.332553589990006,2026-08-04 17:00:00,0x92fd66527192e3e61d4ddd13322aa222de86f9b5
1,0.3476178804239179,35.01113,2,0.104667575,10.476695470058,1,0.00694448737924884,0.699868971958,1,0.00376173608982013,0.37890872496899997,2026-08-04 18:00:00,0x92fd66527192e3e61d4ddd13322aa222de86f9b5
0,,,0,,,1,0.5988731954834772,60.35752619999999,0,,,2026-08-04 19:00:00,0x92fd66527192e3e61d4ddd13322aa222de86f9b5
0,,,2,0.0076560008785195414,0.7695359915440001,1,0.003656482272488953,0.36813944594599995,1,0.008056215692240125,0.8111458884600001,2026-08-04 20:00:00,0x92fd66527192e3e61d4ddd13322aa222de86f9b5
0,,,0,,,0,,,0,,,2026-08-04 21:00:00,0x92fd66527192e3e61d4ddd13322aa222de86f9b5
0,,,3,0.03641102233289592,3.654822088526,1,0.000100309397325125,0.010104353532000001,1,0.00694448737924884,0.699868971958,2026-08-04 22:00:00,0x92fd66527192e3e61d4ddd13322aa222de86f9b5
0,,,1,0.001798498,0.180089729548,0,,,1,0.5988731954834772,60.35752619999999,2026-08-04 23:00:00,0x92fd66527192e3e61d4ddd13322aa222de86f9b5
8,2.0167947831612945,800.328,0,,,2,5.193495650605241,1985.377979304964,0,,,2026-07-29 00:00:00,0x941ae714ec6d8130c7b75d67160ca08f1e7d11dd
2,0.25629267124685057,100.368014902457,0,,,1,0.265625415039711,99.75251705062702,0,,,2026-07-29 01:00:00,0x941ae714ec6d8130c7b75d67160ca08f1e7d11dd
3,0.5415292839964998,208.376791869491,6,2.0740912652580232,801.794962156635,0,,,8,2.0707681949056287,803.659750598609,2026-07-29 02:00:00,0x941ae714ec6d8130c7b75d67160ca08f1e7d11dd
5,1.0438899063672804,403.148992727562,19,4.77055689982838,1807.655349472153,3,3.120772559162952,1200.1441,29,13.74558117835422,5434.902021003388,2026-07-29 03:00:00,0x941ae714ec6d8130c7b75d67160ca08f1e7d11dd
15,3.98605091229492,1505.533358269434,11,4.021410408225261,1503.9025896667808,2,0.5176985613257072,200.13729999999998,2,5.193495650605241,1985.377979304964,2026-07-29 04:00:00,0x941ae714ec6d8130c7b75d67160ca08f1e7d11dd
0,,,6,0.505084812051887,185.570915257868,3,0.7752533288253334,300.0408,1,0.265625415039711,99.75251705062702,2026-07-29 05:00:00,0x941ae714ec6d8130c7b75d67160ca08f1e7d11dd
0,,,0,,,1,1.7943301877272013,700.714172705248,0,,,2026-07-29 06:00:00,0x941ae714ec6d8130c7b75d67160ca08f1e7d11dd
0,,,23,6.6605607887306535,2552.3184284735,0,,,3,3.120772559162952,1200.1441,2026-07-29 07:00:00,0x941ae714ec6d8130c7b75d67160ca08f1e7d11dd
0,,,18,8.069642543809838,3034.696802849152,0,,,2,0.5176985613257072,200.13729999999998,2026-07-29 08:00:00,0x941ae714ec6d8130c7b75d67160ca08f1e7d11dd
8,2.0593186081698613,800.045777,14,9.367825764805152,3496.2323201839517,0,,,3,0.7752533288253334,300.0408,2026-07-29 09:00:00,0x941ae714ec6d8130c7b75d67160ca08f1e7d11dd
0,,,0,,,6,2.0740912652580232,801.794962156635,1,1.7943301877272013,700.714172705248,2026-07-29 10:00:00,0x941ae714ec6d8130c7b75d67160ca08f1e7d11dd
1,0.10204440037868126,39.125126433329996,1,0.054172443499410736,19.9996,19,4.77055689982838,1807.655349472153,0,,,2026-07-29 11:00:00,0x941ae714ec6d8130c7b75d67160ca08f1e7d11dd
0,,,1,0.5412277199335561,200.06599999999997,11,4.021410408225261,1503.9025896667808,0,,,2026-07-29 12:00:00,0x941ae714ec6d8130c7b75d67160ca08f1e7d11dd
1,0.001790159654144994,0.7003675,0,,,6,0.505084812051887,185.570915257868,0,,,2026-07-29 13:00:00,0x941ae714ec6d8130c7b75d67160ca08f1e7d11dd
8,1.9716865123317382,753.257715534372,7,4.180394665513958,1574.33680879104,0,,,6,2.0740912652580232,801.794962156635,2026-07-29 14:00:00,0x941ae714ec6d8130c7b75d67160ca08f1e7d11dd
3,0.8000926768479113,301.026914834431,0,,,23,6.6605607887306535,2552.3184284735,19,4.77055689982838,1807.655349472153,2026-07-29 15:00:00,0x941ae714ec6d8130c7b75d67160ca08f1e7d11dd
10,2.2062637370898237,811.0603226890511,0,,,18,8.069642543809838,3034.696802849152,11,4.021410408225261,1503.9025896667808,2026-07-29 16:00:00,0x941ae714ec6d8130c7b75d67160ca08f1e7d11dd
6,1.6083049874642554,599.7422727000001,0,,,14,9.367825764805152,3496.2323201839517,6,0.505084812051887,185.570915257868,2026-07-29 17:00:00,0x941ae714ec6d8130c7b75d67160ca08f1e7d11dd
5,1.327129842908537,500.52250000000004,1,0.030699521839047977,11.391215039332,0,,,0,,,2026-07-29 18:00:00,0x941ae714ec6d8130c7b75d67160ca08f1e7d11dd
6,1.5585878666595616,601.2523220632,0,,,1,0.054172443499410736,19.9996,23,6.6605607887306535,2552.3184284735,2026-07-29 19:00:00,0x941ae714ec6d8130c7b75d67160ca08f1e7d11dd
5,2.7782543533440927,1027.674133611498,0,,,1,0.5412277199335561,200.06599999999997,18,8.069642543809838,3034.696802849152,2026-07-29 20:00:00,0x941ae714ec6d8130c7b75d67160ca08f1e7d11dd
6,6.601355531905491,2403.555857992394,0,,,0,,,14,9.367825764805152,3496.2323201839517,2026-07-29 21:00:00,0x941ae714ec6d8130c7b75d67160ca08f1e7d11dd
4,1.2159766809153534,448.494355042288,0,,,7,4.180394665513958,1574.33680879104,0,,,2026-07-29 22:00:00,0x941ae714ec6d8130c7b75d67160ca08f1e7d11dd
0,,,1,1.0627926025439274,400.14799999999997,0,,,1,0.054172443499410736,19.9996,2026-07-29 23:00:00,0x941ae714ec6d8130c7b75d67160ca08f1e7d11dd
7,3.6013056189436528,1339.7356591340001,0,,,0,,,1,0.5412277199335561,200.06599999999997,2026-07-30 00:00:00,0x941ae714ec6d8130c7b75d67160ca08f1e7d11dd
0,,,11,2.8818315802415793,1100.0675274,0,,,0,,,2026-07-30 01:00:00,0x941ae714ec6d8130c7b75d67160ca08f1e7d11dd
0,,,38,23.877598746466333,9385.027099240106,1,0.030699521839047977,11.391215039332,7,4.180394665513958,1574.33680879104,2026-07-30 02:00:00,0x941ae714ec6d8130c7b75d67160ca08f1e7d11dd
0,,,1,0.013683526893390025,5.6288849961850005,0,,,0,,,2026-07-30 03:00:00,0x941ae714ec6d8130c7b75d67160ca08f1e7d11dd
0,,,0,,,0,,,0,,,2026-07-30 04:00:00,0x941ae714ec6d8130c7b75d67160ca08f1e7d11dd
0,,,0,,,0,,,0,,,2026-07-30 05:00:00,0x941ae714ec6d8130c7b75d67160ca08f1e7d11dd
0,,,0,,,0,,,1,0.030699521839047977,11.391215039332,2026-07-30 06:00:00,0x941ae714ec6d8130c7b75d67160ca08f1e7d11dd
0,,,1,0.002562918411973893,1.05276787678,1,1.0627926025439274,400.14799999999997,0,,,2026-07-30 07:00:00,0x941ae714ec6d8130c7b75d67160ca08f1e7d11dd
6,2.443987480316525,903.6043766580539,0,,,0,,,0,,,2026-07-30 08:00:00,0x941ae714ec6d8130c7b75d67160ca08f1e7d11dd
1,0.0374616312896487,13.79689596338,1,0.01380950885028909,5.562437406072,11,2.8818315802415793,1100.0675274,0,,,2026-07-30 09:00:00,0x941ae714ec6d8130c7b75d67160ca08f1e7d11dd
0,,,0,,,38,23.877598746466333,9385.027099240106,0,,,2026-07-30 10:00:00,0x941ae714ec6d8130c7b75d67160ca08f1e7d11dd
2,1.9901765095770134,749.1260211401279,2,0.4995005147671542,200.524109795453,1,0.013683526893390025,5.6288849961850005,1,1.0627926025439274,400.14799999999997,2026-07-30 11:00:00,0x941ae714ec6d8130c7b75d67160ca08f1e7d11dd
4,2.3712290197420614,899.9871,4,2.381851113435553,942.381310084115,0,,,0,,,2026-07-30 12:00:00,0x941ae714ec6d8130c7b75d67160ca08f1e7d11dd
3,0.7838282849076323,299.9538,3,0.5010261427861029,202.9948454064,0,,,11,2.8818315802415793,1100.0675274,2026-07-30 13:00:00,0x941ae714ec6d8130c7b75d67160ca08f1e7d11dd
0,,,4,1.1701181331034436,475.66175884639597,0,,,38,23.877598746466333,9385.027099240106,2026-07-30 14:00:00,0x941ae714ec6d8130c7b75d67160ca08f1e7d11dd
0,,,0,,,1,0.002562918411973893,1.05276787678,1,0.013683526893390025,5.6288849961850005,2026-07-30 15:00:00,0x941ae714ec6d8130c7b75d67160ca08f1e7d11dd
1,0.010738041045782486,4.3275406200479996,0,,,0,,,0,,,2026-07-30 16:00:00,0x941ae714ec6d8130c7b75d67160ca08f1e7d11dd
1,0.02446610234428793,9.858591338205999,1,0.08180452741122196,32.791175767932,1,0.01380950885028909,5.562437406072,0,,,2026-07-30 17:00:00,0x941ae714ec6d8130c7b75d67160ca08f1e7d11dd
0,,,0,,,0,,,0,,,2026-07-30 18:00:00,0x941ae714ec6d8130c7b75d67160ca08f1e7d11dd
0,,,0,,,2,0.4995005147671542,200.524109795453,1,0.002562918411973893,1.05276787678,2026-07-30 19:00:00,0x941ae714ec6d8130c7b75d67160ca08f1e7d11dd
0,,,0,,,4,2.381851113435553,942.381310084115,0,,,2026-07-30 20:00:00,0x941ae714ec6d8130c7b75d67160ca08f1e7d11dd
0,,,0,,,3,0.5010261427861029,202.9948454064,1,0.01380950885028909,5.562437406072,2026-07-30 21:00:00,0x941ae714ec6d8130c7b75d67160ca08f1e7d11dd
0,,,2,0.3177414461262647,128.75828549266,4,1.1701181331034436,475.66175884639597,0,,,2026-07-30 22:00:00,0x941ae714ec6d8130c7b75d67160ca08f1e7d11dd
2,0.325741877074741,130.019275949748,1,0.7428178576130492,305.10431,0,,,2,0.4995005147671542,200.524109795453,2026-07-30 23:00:00,0x941ae714ec6d8130c7b75d67160ca08f1e7d11dd
6,1.8600754129523889,750.32955,0,,,0,,,4,2.381851113435553,942.381310084115,2026-07-31 00:00:00,0x941ae714ec6d8130c7b75d67160ca08f1e7d11dd
3,2.4242476492835534,999.6251354562,1,0.7467212924855149,301.611787561602,1,0.08180452741122196,32.791175767932,3,0.5010261427861029,202.9948454064,2026-07-31 01:00:00,0x941ae714ec6d8130c7b75d67160ca08f1e7d11dd
3,0.43603292485612904,175.176326102304,19,2.4020296212112404,1010.4471046267316,0,,,4,1.1701181331034436,475.66175884639597,2026-07-31 02:00:00,0x941ae714ec6d8130c7b75d67160ca08f1e7d11dd
0,,,6,1.3296635420552259,544.2153698676535,0,,,0,,,2026-07-31 03:00:00,0x941ae714ec6d8130c7b75d67160ca08f1e7d11dd
0,,,4,3.1066063197490283,1255.923676857395,0,,,0,,,2026-07-31 04:00:00,0x941ae714ec6d8130c7b75d67160ca08f1e7d11dd
0,,,1,0.00653,2.6340795592440003,0,,,1,0.08180452741122196,32.791175767932,2026-07-31 05:00:00,0x941ae714ec6d8130c7b75d67160ca08f1e7d11dd
3,0.18910462821569393,76.56832902461,2,0.3844327284161625,155.046100307558,2,0.3177414461262647,128.75828549266,0,,,2026-07-31 06:00:00,0x941ae714ec6d8130c7b75d67160ca08f1e7d11dd
0,,,0,,,1,0.7428178576130492,305.10431,0,,,2026-07-31 07:00:00,0x941ae714ec6d8130c7b75d67160ca08f1e7d11dd
0,,,0,,,0,,,0,,,2026-07-31 08:00:00,0x941ae714ec6d8130c7b75d67160ca08f1e7d11dd
0,,,0,,,1,0.7467212924855149,301.611787561602,0,,,2026-07-31 09:00:00,0x941ae714ec6d8130c7b75d67160ca08f1e7d11dd
1,0.019386869600505445,7.767053538464,0,,,19,2.4020296212112404,1010.4471046267316,2,0.3177414461262647,128.75828549266,2026-07-31 10:00:00,0x941ae714ec6d8130c7b75d67160ca08f1e7d11dd
0,,,1,0.4977972471812231,200.522636593565,6,1.3296635420552259,544.2153698676535,1,0.7428178576130492,305.10431,2026-07-31 11:00:00,0x941ae714ec6d8130c7b75d67160ca08f1e7d11dd
0,,,0,,,4,3.1066063197490283,1255.923676857395,0,,,2026-07-31 12:00:00,0x941ae714ec6d8130c7b75d67160ca08f1e7d11dd
6,1.4511266819536355,600.1279,0,,,1,0.00653,2.6340795592440003,1,0.7467212924855149,301.611787561602,2026-07-31 13:00:00,0x941ae714ec6d8130c7b75d67160ca08f1e7d11dd
20,6.106934431113877,2518.783932041419,0,,,2,0.3844327284161625,155.046100307558,19,2.4020296212112404,1010.4471046267316,2026-07-31 14:00:00,0x941ae714ec6d8130c7b75d67160ca08f1e7d11dd
11,6.9648883585407155,2861.051527404201,0,,,0,,,6,1.3296635420552259,544.2153698676535,2026-07-31 15:00:00,0x941ae714ec6d8130c7b75d67160ca08f1e7d11dd
0,,,0,,,0,,,4,3.1066063197490283,1255.923676857395,2026-07-31 16:00:00,0x941ae714ec6d8130c7b75d67160ca08f1e7d11dd
2,5.163591545820909,2107.881548214276,0,,,0,,,1,0.00653,2.6340795592440003,2026-07-31 17:00:00,0x941ae714ec6d8130c7b75d67160ca08f1e7d11dd
0,,,0,,,0,,,2,0.3844327284161625,155.046100307558,2026-07-31 18:00:00,0x941ae714ec6d8130c7b75d67160ca08f1e7d11dd
0,,,1,0.010024274280304118,4.21284363490656,1,0.4977972471812231,200.522636593565,0,,,2026-07-31 19:00:00,0x941ae714ec6d8130c7b75d67160ca08f1e7d11dd
0,,,0,,,0,,,0,,,2026-07-31 20:00:00,0x941ae714ec6d8130c7b75d67160ca08f1e7d11dd
0,,,0,,,0,,,0,,,2026-07-31 21:00:00,0x941ae714ec6d8130c7b75d67160ca08f1e7d11dd
0,,,0,,,0,,,0,,,2026-07-31 22:00:00,0x941ae714ec6d8130c7b75d67160ca08f1e7d11dd
0,,,0,,,0,,,1,0.4977972471812231,200.522636593565,2026-07-31 23:00:00,0x941ae714ec6d8130c7b75d67160ca08f1e7d11dd
0,,,0,,,0,,,0,,,2026-08-01 00:00:00,0x941ae714ec6d8130c7b75d67160ca08f1e7d11dd
0,,,0,,,0,,,0,,,2026-08-01 01:00:00,0x941ae714ec6d8130c7b75d67160ca08f1e7d11dd
0,,,0,,,0,,,0,,,2026-08-01 02:00:00,0x941ae714ec6d8130c7b75d67160ca08f1e7d11dd
0,,,0,,,1,0.010024274280304118,4.21284363490656,0,,,2026-08-01 03:00:00,0x941ae714ec6d8130c7b75d67160ca08f1e7d11dd
0,,,1,0.000225779563676459,0.0910155766,0,,,0,,,2026-08-01 04:00:00,0x941ae714ec6d8130c7b75d67160ca08f1e7d11dd
0,,,0,,,0,,,0,,,2026-08-01 05:00:00,0x941ae714ec6d8130c7b75d67160ca08f1e7d11dd
0,,,0,,,0,,,0,,,2026-08-01 06:00:00,0x941ae714ec6d8130c7b75d67160ca08f1e7d11dd
0,,,0,,,0,,,1,0.010024274280304118,4.21284363490656,2026-08-01 07:00:00,0x941ae714ec6d8130c7b75d67160ca08f1e7d11dd
0,,,2,0.48077627824407415,195.787329423377,0,,,0,,,2026-08-01 08:00:00,0x941ae714ec6d8130c7b75d67160ca08f1e7d11dd
1,0.09596417346036734,38.682122472930004,0,,,0,,,0,,,2026-08-01 09:00:00,0x941ae714ec6d8130c7b75d67160ca08f1e7d11dd
0,,,0,,,0,,,0,,,2026-08-01 10:00:00,0x941ae714ec6d8130c7b75d67160ca08f1e7d11dd
0,,,1,0.6114642559547483,250.1735,0,,,0,,,2026-08-01 11:00:00,0x941ae714ec6d8130c7b75d67160ca08f1e7d11dd
0,,,0,,,1,0.000225779563676459,0.0910155766,0,,,2026-08-01 12:00:00,0x941ae714ec6d8130c7b75d67160ca08f1e7d11dd
3,0.07052809201920679,28.715407172488,0,,,0,,,0,,,2026-08-01 13:00:00,0x941ae714ec6d8130c7b75d67160ca08f1e7d11dd
0,,,1,0.48882281169005226,199.98860000000002,0,,,0,,,2026-08-01 14:00:00,0x941ae714ec6d8130c7b75d67160ca08f1e7d11dd
0,,,1,0.21259622808372255,85.307988146517,0,,,0,,,2026-08-01 15:00:00,0x941ae714ec6d8130c7b75d67160ca08f1e7d11dd
0,,,0,,,2,0.48077627824407415,195.787329423377,1,0.000225779563676459,0.0910155766,2026-08-01 16:00:00,0x941ae714ec6d8130c7b75d67160ca08f1e7d11dd
0,,,0,,,0,,,0,,,2026-08-01 17:00:00,0x941ae714ec6d8130c7b75d67160ca08f1e7d11dd
0,,,0,,,0,,,0,,,2026-08-01 18:00:00,0x941ae714ec6d8130c7b75d67160ca08f1e7d11dd
0,,,0,,,1,0.6114642559547483,250.1735,0,,,2026-08-01 19:00:00,0x941ae714ec6d8130c7b75d67160ca08f1e7d11dd
0,,,0,,,0,,,2,0.48077627824407415,195.787329423377,2026-08-01 20:00:00,0x941ae714ec6d8130c7b75d67160ca08f1e7d11dd
1,4.484287341855501,1803.4336674101219,0,,,0,,,0,,,2026-08-01 21:00:00,0x941ae714ec6d8130c7b75d67160ca08f1e7d11dd
0,,,0,,,1,0.48882281169005226,199.98860000000002,0,,,2026-08-01 22:00:00,0x941ae714ec6d8130c7b75d67160ca08f1e7d11dd
0,,,0,,,1,0.21259622808372255,85.307988146517,1,0.6114642559547483,250.1735,2026-08-01 23:00:00,0x941ae714ec6d8130c7b75d67160ca08f1e7d11dd
0,,,0,,,0,,,0,,,2026-08-02 00:00:00,0x941ae714ec6d8130c7b75d67160ca08f1e7d11dd
0,,,0,,,0,,,0,,,2026-08-02 01:00:00,0x941ae714ec6d8130c7b75d67160ca08f1e7d11dd
0,,,0,,,0,,,1,0.48882281169005226,199.98860000000002,2026-08-02 02:00:00,0x941ae714ec6d8130c7b75d67160ca08f1e7d11dd
0,,,0,,,0,,,1,0.21259622808372255,85.307988146517,2026-08-02 03:00:00,0x941ae714ec6d8130c7b75d67160ca08f1e7d11dd
0,,,0,,,0,,,0,,,2026-08-02 04:00:00,0x941ae714ec6d8130c7b75d67160ca08f1e7d11dd
0,,,0,,,0,,,0,,,2026-08-02 05:00:00,0x941ae714ec6d8130c7b75d67160ca08f1e7d11dd
2,0.44952624002212915,182.17158985863,0,,,0,,,0,,,2026-08-02 06:00:00,0x941ae714ec6d8130c7b75d67160ca08f1e7d11dd
2,0.43370874406403354,175.845425812791,0,,,0,,,0,,,2026-08-02 07:00:00,0x941ae714ec6d8130c7b75d67160ca08f1e7d11dd
1,0.007708071931420176,3.0948688285199997,2,0.009506214357151379,3.811006082506,0,,,0,,,2026-08-02 08:00:00,0x941ae714ec6d8130c7b75d67160ca08f1e7d11dd
0,,,0,,,0,,,0,,,2026-08-02 09:00:00,0x941ae714ec6d8130c7b75d67160ca08f1e7d11dd
2,0.06967705780251725,28.174036857262,0,,,0,,,0,,,2026-08-02 10:00:00,0x941ae714ec6d8130c7b75d67160ca08f1e7d11dd
1,0.000810930922514387,0.325303965072,0,,,0,,,0,,,2026-08-02 11:00:00,0x941ae714ec6d8130c7b75d67160ca08f1e7d11dd
5,1.17584804435775,475.16113046463505,0,,,0,,,0,,,2026-08-02 12:00:00,0x941ae714ec6d8130c7b75d67160ca08f1e7d11dd
0,,,3,1.945975093530091,799.7264901033,0,,,0,,,2026-08-02 13:00:00,0x941ae714ec6d8130c7b75d67160ca08f1e7d11dd
0,,,0,,,0,,,0,,,2026-08-02 14:00:00,0x941ae714ec6d8130c7b75d67160ca08f1e7d11dd
0,,,0,,,0,,,0,,,2026-08-02 15:00:00,0x941ae714ec6d8130c7b75d67160ca08f1e7d11dd
0,,,0,,,2,0.009506214357151379,3.811006082506,0,,,2026-08-02 16:00:00,0x941ae714ec6d8130c7b75d67160ca08f1e7d11dd
0,,,0,,,0,,,0,,,2026-08-02 17:00:00,0x941ae714ec6d8130c7b75d67160ca08f1e7d11dd
1,0.004737560712745224,1.938866022704,0,,,0,,,0,,,2026-08-02 18:00:00,0x941ae714ec6d8130c7b75d67160ca08f1e7d11dd
0,,,1,0.08499469273435616,35.01274,0,,,0,,,2026-08-02 19:00:00,0x941ae714ec6d8130c7b75d67160ca08f1e7d11dd
0,,,0,,,0,,,2,0.009506214357151379,3.811006082506,2026-08-02 20:00:00,0x941ae714ec6d8130c7b75d67160ca08f1e7d11dd
1,0.08372947219183982,33.57439541578,0,,,3,1.945975093530091,799.7264901033,0,,,2026-08-02 21:00:00,0x941ae714ec6d8130c7b75d67160ca08f1e7d11dd
2,0.12206782015208424,49.63797397998,0,,,0,,,0,,,2026-08-02 22:00:00,0x941ae714ec6d8130c7b75d67160ca08f1e7d11dd
0,,,1,0.13579576317218903,54.817122285504,0,,,0,,,2026-08-02 23:00:00,0x941ae714ec6d8130c7b75d67160ca08f1e7d11dd
14,3.964870291971331,1619.250349626627,0,,,0,,,0,,,2026-08-03 00:00:00,0x941ae714ec6d8130c7b75d67160ca08f1e7d11dd
2,0.5466200668766729,224.87175,2,2.0514038433217916,821.921251029276,0,,,3,1.945975093530091,799.7264901033,2026-08-03 01:00:00,0x941ae714ec6d8130c7b75d67160ca08f1e7d11dd
0,,,0,,,0,,,0,,,2026-08-03 02:00:00,0x941ae714ec6d8130c7b75d67160ca08f1e7d11dd
0,,,7,17.75049266091346,7326.227289413197,1,0.08499469273435616,35.01274,0,,,2026-08-03 03:00:00,0x941ae714ec6d8130c7b75d67160ca08f1e7d11dd
0,,,2,0.05261901627453652,21.784064229872,0,,,0,,,2026-08-03 04:00:00,0x941ae714ec6d8130c7b75d67160ca08f1e7d11dd
0,,,0,,,0,,,0,,,2026-08-03 05:00:00,0x941ae714ec6d8130c7b75d67160ca08f1e7d11dd
0,,,10,2.8800667210308655,1221.3249640425286,0,,,0,,,2026-08-03 06:00:00,0x941ae714ec6d8130c7b75d67160ca08f1e7d11dd
0,,,1,0.233870667588165,99.9242,1,0.13579576317218903,54.817122285504,1,0.08499469273435616,35.01274,2026-08-03 07:00:00,0x941ae714ec6d8130c7b75d67160ca08f1e7d11dd
0,,,0,,,0,,,0,,,2026-08-03 08:00:00,0x941ae714ec6d8130c7b75d67160ca08f1e7d11dd
0,,,0,,,2,2.0514038433217916,821.921251029276,0,,,2026-08-03 09:00:00,0x941ae714ec6d8130c7b75d67160ca08f1e7d11dd
0,,,0,,,0,,,0,,,2026-08-03 10:00:00,0x941ae714ec6d8130c7b75d67160ca08f1e7d11dd
2,1.4928715384041202,601.41544450128,0,,,7,17.75049266091346,7326.227289413197,1,0.13579576317218903,54.817122285504,2026-08-03 11:00:00,0x941ae714ec6d8130c7b75d67160ca08f1e7d11dd
4,2.9991210584871517,1206.049994843082,5,0.37930295720462176,163.024649401327,2,0.05261901627453652,21.784064229872,0,,,2026-08-03 12:00:00,0x941ae714ec6d8130c7b75d67160ca08f1e7d11dd
8,3.144974075119229,1255.2233582450372,0,,,0,,,2,2.0514038433217916,821.921251029276,2026-08-03 13:00:00,0x941ae714ec6d8130c7b75d67160ca08f1e7d11dd
1,1.5052093801088366,612.615698824416,0,,,10,2.8800667210308655,1221.3249640425286,0,,,2026-08-03 14:00:00,0x941ae714ec6d8130c7b75d67160ca08f1e7d11dd
6,7.679017635405738,3164.15190621357,0,,,1,0.233870667588165,99.9242,7,17.75049266091346,7326.227289413197,2026-08-03 15:00:00,0x941ae714ec6d8130c7b75d67160ca08f1e7d11dd
3,3.575073986659209,1500.5095000000001,0,,,0,,,2,0.05261901627453652,21.784064229872,2026-08-03 16:00:00,0x941ae714ec6d8130c7b75d67160ca08f1e7d11dd
0,,,0,,,0,,,0,,,2026-08-03 17:00:00,0x941ae714ec6d8130c7b75d67160ca08f1e7d11dd
6,0.41221201048416495,176.06454,1,0.1730166705114384,74.967675,0,,,10,2.8800667210308655,1221.3249640425286,2026-08-03 18:00:00,0x941ae714ec6d8130c7b75d67160ca08f1e7d11dd
0,,,0,,,0,,,1,0.233870667588165,99.9242,2026-08-03 19:00:00,0x941ae714ec6d8130c7b75d67160ca08f1e7d11dd
3,0.9870993235501846,423.35108857904254,1,0.00907301719046656,3.9732574374067693,5,0.37930295720462176,163.024649401327,0,,,2026-08-03 20:00:00,0x941ae714ec6d8130c7b75d67160ca08f1e7d11dd
0,,,0,,,0,,,0,,,2026-08-03 21:00:00,0x941ae714ec6d8130c7b75d67160ca08f1e7d11dd
0,,,0,,,0,,,0,,,2026-08-03 22:00:00,0x941ae714ec6d8130c7b75d67160ca08f1e7d11dd
2,0.05809940725981503,25.03130586545007,0,,,0,,,0,,,2026-08-03 23:00:00,0x941ae714ec6d8130c7b75d67160ca08f1e7d11dd
0,,,4,0.39547190598690324,174.97539999999998,0,,,5,0.37930295720462176,163.024649401327,2026-08-04 00:00:00,0x941ae714ec6d8130c7b75d67160ca08f1e7d11dd
0,,,1,0.024740464914209427,10.996918790000002,0,,,0,,,2026-08-04 01:00:00,0x941ae714ec6d8130c7b75d67160ca08f1e7d11dd
0,,,13,1.3198960021913155,594.621319073689,1,0.1730166705114384,74.967675,0,,,2026-08-04 02:00:00,0x941ae714ec6d8130c7b75d67160ca08f1e7d11dd
0,,,0,,,0,,,0,,,2026-08-04 03:00:00,0x941ae714ec6d8130c7b75d67160ca08f1e7d11dd
0,,,1,0.10823973382601636,50.02355000000001,1,0.00907301719046656,3.9732574374067693,0,,,2026-08-04 04:00:00,0x941ae714ec6d8130c7b75d67160ca08f1e7d11dd
0,,,0,,,0,,,0,,,2026-08-04 05:00:00,0x941ae714ec6d8130c7b75d67160ca08f1e7d11dd
2,0.11501368885671451,49.986125,4,1.4338723817547823,665.2798941095939,0,,,1,0.1730166705114384,74.967675,2026-08-04 06:00:00,0x941ae714ec6d8130c7b75d67160ca08f1e7d11dd
1,0.002297582591889954,0.999795,6,0.7979599007423556,372.348511637198,0,,,0,,,2026-08-04 07:00:00,0x941ae714ec6d8130c7b75d67160ca08f1e7d11dd
0,,,12,5.310523589018588,2454.351305286408,4,0.39547190598690324,174.97539999999998,1,0.00907301719046656,3.9732574374067693,2026-08-04 08:00:00,0x941ae714ec6d8130c7b75d67160ca08f1e7d11dd
0,,,0,,,1,0.024740464914209427,10.996918790000002,0,,,2026-08-04 09:00:00,0x941ae714ec6d8130c7b75d67160ca08f1e7d11dd
1,0.4574064385161686,200.04240000000001,0,,,13,1.3198960021913155,594.621319073689,0,,,2026-08-04 10:00:00,0x941ae714ec6d8130c7b75d67160ca08f1e7d11dd
2,0.17366791112160887,76.42181581077,0,,,0,,,0,,,2026-08-04 11:00:00,0x941ae714ec6d8130c7b75d67160ca08f1e7d11dd
1,0.009679940425628687,4.2625476225,1,0.7560437428335463,349.9643,1,0.10823973382601636,50.02355000000001,4,0.39547190598690324,174.97539999999998,2026-08-04 12:00:00,0x941ae714ec6d8130c7b75d67160ca08f1e7d11dd
0,,,4,2.586288237983736,1200.9426,0,,,1,0.024740464914209427,10.996918790000002,2026-08-04 13:00:00,0x941ae714ec6d8130c7b75d67160ca08f1e7d11dd
2,0.02958859949340223,13.26189319593,3,0.8054274037932074,375.15749999999997,4,1.4338723817547823,665.2798941095939,13,1.3198960021913155,594.621319073689,2026-08-04 14:00:00,0x941ae714ec6d8130c7b75d67160ca08f1e7d11dd
7,0.25167947259811063,115.39185252212401,2,0.000268612887975315,0.12364949798399999,6,0.7979599007423556,372.348511637198,0,,,2026-08-04 15:00:00,0x941ae714ec6d8130c7b75d67160ca08f1e7d11dd
11,0.5881887285969538,275.0510764800809,1,0.010188562532711677,4.787296377852,12,5.310523589018588,2454.351305286408,1,0.10823973382601636,50.02355000000001,2026-08-04 16:00:00,0x941ae714ec6d8130c7b75d67160ca08f1e7d11dd
1,0.10560465643029496,50.03680000000001,1,0.15961786387649174,75.01027500000001,0,,,0,,,2026-08-04 17:00:00,0x941ae714ec6d8130c7b75d67160ca08f1e7d11dd
5,1.720351509673607,793.908387145874,1,0.011150347700419337,5.139423794673,0,,,4,1.4338723817547823,665.2798941095939,2026-08-04 18:00:00,0x941ae714ec6d8130c7b75d67160ca08f1e7d11dd
4,1.812882204985149,839.454032777898,0,,,0,,,6,0.7979599007423556,372.348511637198,2026-08-04 19:00:00,0x941ae714ec6d8130c7b75d67160ca08f1e7d11dd
5,7.744697861831204,3514.2488252215694,0,,,1,0.7560437428335463,349.9643,12,5.310523589018588,2454.351305286408,2026-08-04 20:00:00,0x941ae714ec6d8130c7b75d67160ca08f1e7d11dd
0,,,0,,,4,2.586288237983736,1200.9426,0,,,2026-08-04 21:00:00,0x941ae714ec6d8130c7b75d67160ca08f1e7d11dd
7,1.4406562187808027,664.275690277266,1,0.017924911628779988,8.257925828138,3,0.8054274037932074,375.15749999999997,0,,,2026-08-04 22:00:00,0x941ae714ec6d8130c7b75d67160ca08f1e7d11dd
1,2.164395353333113,1000.34,0,,,2,0.000268612887975315,0.12364949798399999,0,,,2026-08-04 23:00:00,0x941ae714ec6d8130c7b75d67160ca08f1e7d11dd
4,3.96529832426203,494.190682416058,1,0.009857534540236104,1.239747166665,4,0.26738108079883754,33.707961163105,8,33.57268148096384,4253.865414520587,2026-07-29 00:00:00,0xa30fa36db767ad9ed3f7a60fc79526fb4d56d344
2,0.16080063353652882,20.253058585551,10,9.755155836881269,1255.9577107979628,3,3.3966808553222743,424.6714317424861,2,0.18881272315833605,23.674046316928,2026-07-29 01:00:00,0xa30fa36db767ad9ed3f7a60fc79526fb4d56d344
3,0.40695096864554264,50.966935272042996,5,3.768496660117064,486.2635943454201,1,0.16026925234393782,19.994379707150003,4,12.642783975421363,1610.5164903453801,2026-07-29 02:00:00,0xa30fa36db767ad9ed3f7a60fc79526fb4d56d344
1,0.001431971777958928,0.179029827222,22,15.479403276205803,2005.9292471972444,3,2.146342449740487,267.638495159866,7,2.2572060832270546,282.415515108686,2026-07-29 03:00:00,0xa30fa36db767ad9ed3f7a60fc79526fb4d56d344
0,,,2,0.033427250361126114,4.310355201028999,3,4.3549245036598645,541.744312068148,4,0.26738108079883754,33.707961163105,2026-07-29 04:00:00,0xa30fa36db767ad9ed3f7a60fc79526fb4d56d344
4,2.108255297127142,263.128663036923,3,0.12174019958920536,15.629699729141997,4,1.5938626939188554,200.406381800315,3,3.3966808553222743,424.6714317424861,2026-07-29 05:00:00,0xa30fa36db767ad9ed3f7a60fc79526fb4d56d344
1,0.002806101461996641,0.35008245207,10,119.4242599290896,15325.459648420176,2,0.16800579834892848,20.921035494591997,1,0.16026925234393782,19.994379707150003,2026-07-29 06:00:00,0xa30fa36db767ad9ed3f7a60fc79526fb4d56d344
4,3.1071984614586103,387.12655679677505,2,3.0096168855464858,387.64389387102005,3,0.7278057415323627,92.266119938563,3,2.146342449740487,267.638495159866,2026-07-29 07:00:00,0xa30fa36db767ad9ed3f7a60fc79526fb4d56d344
1,0.008831647138761303,1.09885959456,4,111.87502622959954,14254.302805811705,1,0.009857534540236104,1.239747166665,3,4.3549245036598645,541.744312068148,2026-07-29 08:00:00,0xa30fa36db767ad9ed3f7a60fc79526fb4d56d344
1,3.7761220608237154,479.126388126421,94,136.7188441970655,17683.441129320337,10,9.755155836881269,1255.9577107979628,4,1.5938626939188554,200.406381800315,2026-07-29 09:00:00,0xa30fa36db767ad9ed3f7a60fc79526fb4d56d344
6,6.173589673295016,781.717460740565,0,,,5,3.768496660117064,486.2635943454201,2,0.16800579834892848,20.921035494591997,2026-07-29 10:00:00,0xa30fa36db767ad9ed3f7a60fc79526fb4d56d344
1,1.5791231535370864,200.994585399993,1,0.587109939136578,75.38212877355198,22,15.479403276205803,2005.9292471972444,3,0.7278057415323627,92.266119938563,2026-07-29 11:00:00,0xa30fa36db767ad9ed3f7a60fc79526fb4d56d344
15,24.997126592001845,3198.0819790006108,74,143.5000057037284,18563.503787718906,2,0.033427250361126114,4.310355201028999,1,0.009857534540236104,1.239747166665,2026-07-29 12:00:00,0xa30fa36db767ad9ed3f7a60fc79526fb4d56d344
2,0.09775795231212048,12.56053608546,4,0.47972919153121524,61.705409381217,3,0.12174019958920536,15.629699729141997,10,9.755155836881269,1255.9577107979628,2026-07-29 13:00:00,0xa30fa36db767ad9ed3f7a60fc79526fb4d56d344
3,2.9475410346674153,380.840731147875,2,0.17280306782014362,22.076414941041,10,119.4242599290896,15325.459648420176,5,3.768496660117064,486.2635943454201,2026-07-29 14:00:00,0xa30fa36db767ad9ed3f7a60fc79526fb4d56d344
9,5.327578672560962,692.3399725951739,5,5.9170228389729616,751.192212697802,2,3.0096168855464858,387.64389387102005,22,15.479403276205803,2005.9292471972444,2026-07-29 15:00:00,0xa30fa36db767ad9ed3f7a60fc79526fb4d56d344
2,0.40989539480603987,52.462410327832,0,,,4,111.87502622959954,14254.302805811705,2,0.033427250361126114,4.310355201028999,2026-07-29 16:00:00,0xa30fa36db767ad9ed3f7a60fc79526fb4d56d344
5,1.614261009581923,205.775152841859,1,0.2978311686133082,38.117826346792995,94,136.7188441970655,17683.441129320337,3,0.12174019958920536,15.629699729141997,2026-07-29 17:00:00,0xa30fa36db767ad9ed3f7a60fc79526fb4d56d344
12,117.23585004598186,15210.425666407178,7,11.06834291910181,1434.462840557982,0,,,10,119.4242599290896,15325.459648420176,2026-07-29 18:00:00,0xa30fa36db767ad9ed3f7a60fc79526fb4d56d344
8,18.993824414878492,2456.708204064986,5,1.5199898117832762,197.725578330903,1,0.587109939136578,75.38212877355198,2,3.0096168855464858,387.64389387102005,2026-07-29 19:00:00,0xa30fa36db767ad9ed3f7a60fc79526fb4d56d344
36,113.81827102780294,14688.455844768218,6,2.362822617755226,308.6547621133329,74,143.5000057037284,18563.503787718906,4,111.87502622959954,14254.302805811705,2026-07-29 20:00:00,0xa30fa36db767ad9ed3f7a60fc79526fb4d56d344
32,70.67175804516837,9219.93599456994,3,9.197711689527097,1176.327111019788,4,0.47972919153121524,61.705409381217,94,136.7188441970655,17683.441129320337,2026-07-29 21:00:00,0xa30fa36db767ad9ed3f7a60fc79526fb4d56d344
5,8.632492048963949,1110.560751492306,1,2.2063286168327765,287.60344327219997,2,0.17280306782014362,22.076414941041,0,,,2026-07-29 22:00:00,0xa30fa36db767ad9ed3f7a60fc79526fb4d56d344
3,2.6367387106010645,338.503573867581,7,18.262603923959116,2327.276770846089,5,5.9170228389729616,751.192212697802,1,0.587109939136578,75.38212877355198,2026-07-29 23:00:00,0xa30fa36db767ad9ed3f7a60fc79526fb4d56d344
12,24.807391186467797,3162.842346599647,4,399.45804336555744,50823.21833450544,0,,,74,143.5000057037284,18563.503787718906,2026-07-30 00:00:00,0xa30fa36db767ad9ed3f7a60fc79526fb4d56d344
0,,,5,1.6564144518690445,212.03867317405798,1,0.2978311686133082,38.117826346792995,4,0.47972919153121524,61.705409381217,2026-07-30 01:00:00,0xa30fa36db767ad9ed3f7a60fc79526fb4d56d344
1,0.007497010659815972,0.9433305098910001,1,0.04415823569380652,5.5938262532100005,7,11.06834291910181,1434.462840557982,2,0.17280306782014362,22.076414941041,2026-07-30 02:00:00,0xa30fa36db767ad9ed3f7a60fc79526fb4d56d344
1,0.013043874580639383,1.656223839184,2,0.8295782039804586,106.427573862724,5,1.5199898117832762,197.725578330903,5,5.9170228389729616,751.192212697802,2026-07-30 03:00:00,0xa30fa36db767ad9ed3f7a60fc79526fb4d56d344
0,,,3,1.6106725340690666,205.79340125604398,6,2.362822617755226,308.6547621133329,0,,,2026-07-30 04:00:00,0xa30fa36db767ad9ed3f7a60fc79526fb4d56d344
3,0.6555281078621511,83.689760829722,2,0.07556660714115726,9.906809675981,3,9.197711689527097,1176.327111019788,1,0.2978311686133082,38.117826346792995,2026-07-30 05:00:00,0xa30fa36db767ad9ed3f7a60fc79526fb4d56d344
8,18.367876735536605,2390.729957873178,2,0.29831741640788256,38.283190516146995,1,2.2063286168327765,287.60344327219997,7,11.06834291910181,1434.462840557982,2026-07-30 06:00:00,0xa30fa36db767ad9ed3f7a60fc79526fb4d56d344
2,0.3202137245597165,41.470755002274004,122,223.88848803953758,28584.366072236313,7,18.262603923959116,2327.276770846089,5,1.5199898117832762,197.725578330903,2026-07-30 07:00:00,0xa30fa36db767ad9ed3f7a60fc79526fb4d56d344
1,0.1667290732967194,21.617883836928,2,4.859426393777829,621.901713413376,4,399.45804336555744,50823.21833450544,6,2.362822617755226,308.6547621133329,2026-07-30 08:00:00,0xa30fa36db767ad9ed3f7a60fc79526fb4d56d344
2,0.27964519275445177,35.898837535279995,1,0.7616598545546602,97.41215249999999,5,1.6564144518690445,212.03867317405798,3,9.197711689527097,1176.327111019788,2026-07-30 09:00:00,0xa30fa36db767ad9ed3f7a60fc79526fb4d56d344
1,2.499e-07,3.1956992e-05,0,,,1,0.04415823569380652,5.5938262532100005,1,2.2063286168327765,287.60344327219997,2026-07-30 10:00:00,0xa30fa36db767ad9ed3f7a60fc79526fb4d56d344
1,0.41794091858126936,53.118996600479996,3,2.5360645950412257,322.675977600073,2,0.8295782039804586,106.427573862724,7,18.262603923959116,2327.276770846089,2026-07-30 11:00:00,0xa30fa36db767ad9ed3f7a60fc79526fb4d56d344
4,1.6418605548389733,210.50882580437997,1,0.01,1.27779431692,3,1.6106725340690666,205.79340125604398,4,399.45804336555744,50823.21833450544,2026-07-30 12:00:00,0xa30fa36db767ad9ed3f7a60fc79526fb4d56d344
8,10.805214986123943,1370.6950529330732,121,59.080230748820114,7564.049553260093,2,0.07556660714115726,9.906809675981,5,1.6564144518690445,212.03867317405798,2026-07-30 13:00:00,0xa30fa36db767ad9ed3f7a60fc79526fb4d56d344
3,1.5233910419690764,194.65565113939203,3,3.88429257559104,487.590923732134,2,0.29831741640788256,38.283190516146995,1,0.04415823569380652,5.5938262532100005,2026-07-30 14:00:00,0xa30fa36db767ad9ed3f7a60fc79526fb4d56d344
6,1.4867659745500161,190.730887438843,2,1.0480105653380238,131.515250826939,122,223.88848803953758,28584.366072236313,2,0.8295782039804586,106.427573862724,2026-07-30 15:00:00,0xa30fa36db767ad9ed3f7a60fc79526fb4d56d344
4,0.8414360685190378,107.767164610265,1,0.6445282120654858,80.885797664256,2,4.859426393777829,621.901713413376,3,1.6106725340690666,205.79340125604398,2026-07-30 16:00:00,0xa30fa36db767ad9ed3f7a60fc79526fb4d56d344
6,14.690550840071333,1897.009027672245,4,6.227064420355355,775.208845767207,1,0.7616598545546602,97.41215249999999,2,0.07556660714115726,9.906809675981,2026-07-30 17:00:00,0xa30fa36db767ad9ed3f7a60fc79526fb4d56d344
2,0.029965341455644404,3.8187187689489996,11,21.972795569551902,2725.54349877945,0,,,2,0.29831741640788256,38.283190516146995,2026-07-30 18:00:00,0xa30fa36db767ad9ed3f7a60fc79526fb4d56d344
85,168.557289000254,21434.540934527802,2,0.5671496788360093,70.909625342547,3,2.5360645950412257,322.675977600073,122,223.88848803953758,28584.366072236313,2026-07-30 19:00:00,0xa30fa36db767ad9ed3f7a60fc79526fb4d56d344
3,2.334920804664917,297.508206752487,1,0.16640470761187737,20.798365509691003,1,0.01,1.27779431692,2,4.859426393777829,621.901713413376,2026-07-30 20:00:00,0xa30fa36db767ad9ed3f7a60fc79526fb4d56d344
0,,,5,2.0811195007783736,261.918342057987,121,59.080230748820114,7564.049553260093,1,0.7616598545546602,97.41215249999999,2026-07-30 21:00:00,0xa30fa36db767ad9ed3f7a60fc79526fb4d56d344
2,12.341003339770168,1586.2581523169802,26,31.51436838721896,4005.479133281013,3,3.88429257559104,487.590923732134,0,,,2026-07-30 22:00:00,0xa30fa36db767ad9ed3f7a60fc79526fb4d56d344
0,,,23,30.904201410881473,3957.4027307805495,2,1.0480105653380238,131.515250826939,3,2.5360645950412257,322.675977600073,2026-07-30 23:00:00,0xa30fa36db767ad9ed3f7a60fc79526fb4d56d344
221,99.49085025477139,12747.025929154343,8,9.90716660969533,1281.448594054722,1,0.6445282120654858,80.885797664256,1,0.01,1.27779431692,2026-07-31 00:00:00,0xa30fa36db767ad9ed3f7a60fc79526fb4d56d344
18,38.10704186593822,4806.502956998208,170,88.780389212422,11555.955433792777,4,6.227064420355355,775.208845767207,121,59.080230748820114,7564.049553260093,2026-07-31 01:00:00,0xa30fa36db767ad9ed3f7a60fc79526fb4d56d344
17,35.76054380946511,4468.854702163392,2,0.18501414564225802,24.062569997703996,11,21.972795569551902,2725.54349877945,3,3.88429257559104,487.590923732134,2026-07-31 02:00:00,0xa30fa36db767ad9ed3f7a60fc79526fb4d56d344
0,,,9,2.7742565904671928,360.23264410811106,2,0.5671496788360093,70.909625342547,2,1.0480105653380238,131.515250826939,2026-07-31 03:00:00,0xa30fa36db767ad9ed3f7a60fc79526fb4d56d344
0,,,22,27.807479812458,3577.51485330874,1,0.16640470761187737,20.798365509691003,1,0.6445282120654858,80.885797664256,2026-07-31 04:00:00,0xa30fa36db767ad9ed3f7a60fc79526fb4d56d344
4,4.098442207381876,510.22831530797396,271,123.60811893835952,15955.929714719725,5,2.0811195007783736,261.918342057987,4,6.227064420355355,775.208845767207,2026-07-31 05:00:00,0xa30fa36db767ad9ed3f7a60fc79526fb4d56d344
4,4.619895780495797,576.761787380445,1,0.14994771042355035,19.414651311168,26,31.51436838721896,4005.479133281013,11,21.972795569551902,2725.54349877945,2026-07-31 06:00:00,0xa30fa36db767ad9ed3f7a60fc79526fb4d56d344
14,5.238642007649358,657.093248678478,0,,,23,30.904201410881473,3957.4027307805495,2,0.5671496788360093,70.909625342547,2026-07-31 07:00:00,0xa30fa36db767ad9ed3f7a60fc79526fb4d56d344
3,1.0438583792640554,131.16764639264298,0,,,8,9.90716660969533,1281.448594054722,1,0.16640470761187737,20.798365509691003,2026-07-31 08:00:00,0xa30fa36db767ad9ed3f7a60fc79526fb4d56d344
10,12.690597352326575,1604.3089528006308,41,57.97838813304833,7606.349078238234,170,88.780389212422,11555.955433792777,5,2.0811195007783736,261.918342057987,2026-07-31 09:00:00,0xa30fa36db767ad9ed3f7a60fc79526fb4d56d344
15,17.56462458065378,2244.316501389274,299,146.04594970617413,19518.468842166516,2,0.18501414564225802,24.062569997703996,26,31.51436838721896,4005.479133281013,2026-07-31 10:00:00,0xa30fa36db767ad9ed3f7a60fc79526fb4d56d344
17,25.074559401844866,3230.142489898945,8,10.141886122699557,1339.74658215224,9,2.7742565904671928,360.23264410811106,23,30.904201410881473,3957.4027307805495,2026-07-31 11:00:00,0xa30fa36db767ad9ed3f7a60fc79526fb4d56d344
28,35.110419989193275,4553.008712127231,3,1.4812545726492903,195.96842786585202,22,27.807479812458,3577.51485330874,8,9.90716660969533,1281.448594054722,2026-07-31 12:00:00,0xa30fa36db767ad9ed3f7a60fc79526fb4d56d344
188,96.46827374893113,12565.861660928247,4,0.19159982676852438,25.458741944853003,271,123.60811893835952,15955.929714719725,170,88.780389212422,11555.955433792777,2026-07-31 13:00:00,0xa30fa36db767ad9ed3f7a60fc79526fb4d56d344
7,2.7969134037388788,362.88555454717243,16,12.423870300275166,1654.1770009630511,1,0.14994771042355035,19.414651311168,2,0.18501414564225802,24.062569997703996,2026-07-31 14:00:00,0xa30fa36db767ad9ed3f7a60fc79526fb4d56d344
7,4.6673321384558015,612.9640293380243,6,3.687265485183177,487.1535508835841,0,,,9,2.7742565904671928,360.23264410811106,2026-07-31 15:00:00,0xa30fa36db767ad9ed3f7a60fc79526fb4d56d344
42,17.084197330981727,2200.7270007487195,11,15.026401322179899,1995.680745159349,0,,,22,27.807479812458,3577.51485330874,2026-07-31 16:00:00,0xa30fa36db767ad9ed3f7a60fc79526fb4d56d344
37,14.524020113475112,1880.7780677339135,9,1.8537459877259888,246.68890930162502,41,57.97838813304833,7606.349078238234,271,123.60811893835952,15955.929714719725,2026-07-31 17:00:00,0xa30fa36db767ad9ed3f7a60fc79526fb4d56d344
12,2.3285030646080376,297.916363584687,4,0.8191573048996253,108.876805934665,299,146.04594970617413,19518.468842166516,1,0.14994771042355035,19.414651311168,2026-07-31 18:00:00,0xa30fa36db767ad9ed3f7a60fc79526fb4d56d344
0,,,2,0.5925387051845304,78.85130760227001,8,10.141886122699557,1339.74658215224,0,,,2026-07-31 19:00:00,0xa30fa36db767ad9ed3f7a60fc79526fb4d56d344
1,0.042135856264165425,5.419129506084,2,1.4161863099323408,187.18657123635,3,1.4812545726492903,195.96842786585202,0,,,2026-07-31 20:00:00,0xa30fa36db767ad9ed3f7a60fc79526fb4d56d344
57,37.8843781554793,5026.051400545132,1,0.05233363138582446,6.905906532,4,0.19159982676852438,25.458741944853003,41,57.97838813304833,7606.349078238234,2026-07-31 21:00:00,0xa30fa36db767ad9ed3f7a60fc79526fb4d56d344
70,28.961103869440063,3855.7076367648074,6,11.788465807231312,1563.9162808826022,16,12.423870300275166,1654.1770009630511,299,146.04594970617413,19518.468842166516,2026-07-31 22:00:00,0xa30fa36db767ad9ed3f7a60fc79526fb4d56d344
7,1.257144458321248,167.785916250066,2,2.1830490555652324,287.19950863780196,6,3.687265485183177,487.1535508835841,8,10.141886122699557,1339.74658215224,2026-07-31 23:00:00,0xa30fa36db767ad9ed3f7a60fc79526fb4d56d344
1,0.022449894325120495,2.98262593361,0,,,11,15.026401322179899,1995.680745159349,3,1.4812545726492903,195.96842786585202,2026-08-01 00:00:00,0xa30fa36db767ad9ed3f7a60fc79526fb4d56d344
6,0.1353927582439263,18.003593183042,1,0.8344454444452205,110.486585937732,9,1.8537459877259888,246.68890930162502,4,0.19159982676852438,25.458741944853003,2026-08-01 01:00:00,0xa30fa36db767ad9ed3f7a60fc79526fb4d56d344
9,6.63639272963796,878.291956201989,173,106.9409489513798,14281.037888781797,4,0.8191573048996253,108.876805934665,16,12.423870300275166,1654.1770009630511,2026-08-01 02:00:00,0xa30fa36db767ad9ed3f7a60fc79526fb4d56d344
8,3.3657992696598837,448.098399871829,0,,,2,0.5925387051845304,78.85130760227001,6,3.687265485183177,487.1535508835841,2026-08-01 03:00:00,0xa30fa36db767ad9ed3f7a60fc79526fb4d56d344
15,7.077298963812848,941.9699387609891,222,163.14678131567047,21647.323232172585,2,1.4161863099323408,187.18657123635,11,15.026401322179899,1995.680745159349,2026-08-01 04:00:00,0xa30fa36db767ad9ed3f7a60fc79526fb4d56d344
7,1.942403208743587,257.11649767772906,61,83.71646870229624,11138.085790084077,1,0.05233363138582446,6.905906532,9,1.8537459877259888,246.68890930162502,2026-08-01 05:00:00,0xa30fa36db767ad9ed3f7a60fc79526fb4d56d344
1,0.055931568543599895,7.395027280784,106,147.83617834575415,19673.528262224143,6,11.788465807231312,1563.9162808826022,4,0.8191573048996253,108.876805934665,2026-08-01 06:00:00,0xa30fa36db767ad9ed3f7a60fc79526fb4d56d344
0,,,6,14.923524472545925,1983.0580601487577,2,2.1830490555652324,287.19950863780196,2,0.5925387051845304,78.85130760227001,2026-08-01 07:00:00,0xa30fa36db767ad9ed3f7a60fc79526fb4d56d344
2,0.12253601472122591,16.174150714199,70,89.80352230783407,12029.427940540014,0,,,2,1.4161863099323408,187.18657123635,2026-08-01 08:00:00,0xa30fa36db767ad9ed3f7a60fc79526fb4d56d344
2,0.16447712721259117,21.701078955854,16,74.41750916670355,10103.850759640174,1,0.8344454444452205,110.486585937732,1,0.05233363138582446,6.905906532,2026-08-01 09:00:00,0xa30fa36db767ad9ed3f7a60fc79526fb4d56d344
3,8.287828897767826,1099.797804601104,14,28.79905739503228,3824.6874210082115,173,106.9409489513798,14281.037888781797,6,11.788465807231312,1563.9162808826022,2026-08-01 10:00:00,0xa30fa36db767ad9ed3f7a60fc79526fb4d56d344
1,3.348160682389102,445.04689012338804,130,245.0946484678665,32741.537404909584,0,,,2,2.1830490555652324,287.19950863780196,2026-08-01 11:00:00,0xa30fa36db767ad9ed3f7a60fc79526fb4d56d344
1,0.09312582799281084,12.33963373579,114,157.76875068877376,21034.512889918024,222,163.14678131567047,21647.323232172585,0,,,2026-08-01 12:00:00,0xa30fa36db767ad9ed3f7a60fc79526fb4d56d344
185,109.03872241253923,14560.707752136883,4,11.442535826518366,1516.8290140794502,61,83.71646870229624,11138.085790084077,1,0.8344454444452205,110.486585937732,2026-08-01 13:00:00,0xa30fa36db767ad9ed3f7a60fc79526fb4d56d344
7,5.341733151230414,708.453814979018,0,,,106,147.83617834575415,19673.528262224143,173,106.9409489513798,14281.037888781797,2026-08-01 14:00:00,0xa30fa36db767ad9ed3f7a60fc79526fb4d56d344
153,75.17547307492298,9953.36812882634,3,6.1558712969367715,777.585069530038,6,14.923524472545925,1983.0580601487577,0,,,2026-08-01 15:00:00,0xa30fa36db767ad9ed3f7a60fc79526fb4d56d344
114,152.0486286836843,20193.056588430067,6,1.0565219785582447,133.30673969629495,70,89.80352230783407,12029.427940540014,222,163.14678131567047,21647.323232172585,2026-08-01 16:00:00,0xa30fa36db767ad9ed3f7a60fc79526fb4d56d344
19,24.9382686315398,3328.0562513599807,8,13.450804556129707,1687.560093411889,16,74.41750916670355,10103.850759640174,61,83.71646870229624,11138.085790084077,2026-08-01 17:00:00,0xa30fa36db767ad9ed3f7a60fc79526fb4d56d344
4,1.5640765140599588,208.770656358006,14,20.53131521071527,2577.1685446514057,14,28.79905739503228,3824.6874210082115,106,147.83617834575415,19673.528262224143,2026-08-01 18:00:00,0xa30fa36db767ad9ed3f7a60fc79526fb4d56d344
53,68.2236136032098,9135.81891484211,5,8.4457491677785,1059.815114457749,130,245.0946484678665,32741.537404909584,6,14.923524472545925,1983.0580601487577,2026-08-01 19:00:00,0xa30fa36db767ad9ed3f7a60fc79526fb4d56d344
4,0.16559659751325378,22.171004586782,7,11.829594107085338,1482.2058949463792,114,157.76875068877376,21034.512889918024,70,89.80352230783407,12029.427940540014,2026-08-01 20:00:00,0xa30fa36db767ad9ed3f7a60fc79526fb4d56d344
5,6.85612071244085,916.6265061921761,5,12.811844514252115,1602.454291221746,4,11.442535826518366,1516.8290140794502,16,74.41750916670355,10103.850759640174,2026-08-01 21:00:00,0xa30fa36db767ad9ed3f7a60fc79526fb4d56d344
9,7.967349242187052,1061.670463201702,21,24.723973560554306,3093.7151912565582,0,,,14,28.79905739503228,3824.6874210082115,2026-08-01 22:00:00,0xa30fa36db767ad9ed3f7a60fc79526fb4d56d344
11,16.93493393907311,2247.917246664441,16,16.037358637847227,2023.3187891319242,3,6.1558712969367715,777.585069530038,130,245.0946484678665,32741.537404909584,2026-08-01 23:00:00,0xa30fa36db767ad9ed3f7a60fc79526fb4d56d344
6,0.3825616771401237,50.840531144573006,34,59.273684541982114,7458.376342128565,6,1.0565219785582447,133.30673969629495,114,157.76875068877376,21034.512889918024,2026-08-02 00:00:00,0xa30fa36db767ad9ed3f7a60fc79526fb4d56d344
1,0.8370565920750216,111.1185707052,15,14.564233255466156,1830.133289930281,8,13.450804556129707,1687.560093411889,4,11.442535826518366,1516.8290140794502,2026-08-02 01:00:00,0xa30fa36db767ad9ed3f7a60fc79526fb4d56d344
46,143.0084008785227,18448.71131294404,146,197.57233225325882,24742.530458731748,14,20.53131521071527,2577.1685446514057,0,,,2026-08-02 02:00:00,0xa30fa36db767ad9ed3f7a60fc79526fb4d56d344
7,6.923158905470193,875.947766375902,23,28.056087772189787,3507.3172125072374,5,8.4457491677785,1059.815114457749,3,6.1558712969367715,777.585069530038,2026-08-02 03:00:00,0xa30fa36db767ad9ed3f7a60fc79526fb4d56d344
64,44.59604286776163,5593.2514016268515,63,48.57533130303318,6075.507155895775,7,11.829594107085338,1482.2058949463792,6,1.0565219785582447,133.30673969629495,2026-08-02 04:00:00,0xa30fa36db767ad9ed3f7a60fc79526fb4d56d344
4,2.6706381366621557,333.48878832406797,165,202.03277394655126,25057.120455161523,5,12.811844514252115,1602.454291221746,8,13.450804556129707,1687.560093411889,2026-08-02 05:00:00,0xa30fa36db767ad9ed3f7a60fc79526fb4d56d344
41,73.29723759542779,9158.861180187561,33,24.70985628618902,3074.8031856386074,21,24.723973560554306,3093.7151912565582,14,20.53131521071527,2577.1685446514057,2026-08-02 06:00:00,0xa30fa36db767ad9ed3f7a60fc79526fb4d56d344
9,7.621017764384297,954.2032266574649,2,0.03179032239098765,3.93640395372,16,16.037358637847227,2023.3187891319242,5,8.4457491677785,1059.815114457749,2026-08-02 07:00:00,0xa30fa36db767ad9ed3f7a60fc79526fb4d56d344
49,87.91171699100929,10942.113576701122,185,241.12939577765187,29905.09943544144,34,59.273684541982114,7458.376342128565,7,11.829594107085338,1482.2058949463792,2026-08-02 08:00:00,0xa30fa36db767ad9ed3f7a60fc79526fb4d56d344
2,3.2421143428862607,404.982758649762,90,89.71784297782314,11187.10742531846,15,14.564233255466156,1830.133289930281,5,12.811844514252115,1602.454291221746,2026-08-02 09:00:00,0xa30fa36db767ad9ed3f7a60fc79526fb4d56d344
35,43.41056520749805,5439.87971145205,74,87.51270441893557,10819.997801521571,146,197.57233225325882,24742.530458731748,21,24.723973560554306,3093.7151912565582,2026-08-02 10:00:00,0xa30fa36db767ad9ed3f7a60fc79526fb4d56d344
5,2.848570814840685,359.767071770638,100,175.97166123177308,21663.956106840404,23,28.056087772189787,3507.3172125072374,16,16.037358637847227,2023.3187891319242,2026-08-02 11:00:00,0xa30fa36db767ad9ed3f7a60fc79526fb4d56d344
37,70.45817560351314,8876.280204977831,5,2.124772364630833,261.273438833427,63,48.57533130303318,6075.507155895775,34,59.273684541982114,7458.376342128565,2026-08-02 12:00:00,0xa30fa36db767ad9ed3f7a60fc79526fb4d56d344
18,36.25452041483557,4557.608313224452,8,36.739274056990936,4473.781292005829,165,202.03277394655126,25057.120455161523,15,14.564233255466156,1830.133289930281,2026-08-02 13:00:00,0xa30fa36db767ad9ed3f7a60fc79526fb4d56d344
115,133.5039404366489,16635.782431490217,5,5.016843564184431,612.961740321067,33,24.70985628618902,3074.8031856386074,146,197.57233225325882,24742.530458731748,2026-08-02 14:00:00,0xa30fa36db767ad9ed3f7a60fc79526fb4d56d344
82,55.12899231975042,6899.117376709312,7,3.180153279107967,386.625252235005,2,0.03179032239098765,3.93640395372,23,28.056087772189787,3507.3172125072374,2026-08-02 15:00:00,0xa30fa36db767ad9ed3f7a60fc79526fb4d56d344
78,70.69706608278821,8840.949119296418,0,,,185,241.12939577765187,29905.09943544144,63,48.57533130303318,6075.507155895775,2026-08-02 16:00:00,0xa30fa36db767ad9ed3f7a60fc79526fb4d56d344
81,65.7196377230562,8184.302610653255,3,7.209615481685164,872.5832607343041,90,89.71784297782314,11187.10742531846,165,202.03277394655126,25057.120455161523,2026-08-02 17:00:00,0xa30fa36db767ad9ed3f7a60fc79526fb4d56d344
15,41.700085771265165,5204.90465772066,0,,,74,87.51270441893557,10819.997801521571,33,24.70985628618902,3074.8031856386074,2026-08-02 18:00:00,0xa30fa36db767ad9ed3f7a60fc79526fb4d56d344
141,183.83092127527945,22835.32203146595,12,10.816634764712047,1304.016764288303,100,175.97166123177308,21663.956106840404,2,0.03179032239098765,3.93640395372,2026-08-02 19:00:00,0xa30fa36db767ad9ed3f7a60fc79526fb4d56d344
43,61.92361936502522,7698.158766750503,3,1.9149080741214042,232.072944925836,5,2.124772364630833,261.273438833427,185,241.12939577765187,29905.09943544144,2026-08-02 20:00:00,0xa30fa36db767ad9ed3f7a60fc79526fb4d56d344
187,220.8954459137202,27561.678020218566,7,6.0865780763109925,743.625709248222,8,36.739274056990936,4473.781292005829,90,89.71784297782314,11187.10742531846,2026-08-02 21:00:00,0xa30fa36db767ad9ed3f7a60fc79526fb4d56d344
51,66.79094907216947,8164.846911490306,5,38.76733615677957,4760.466406912334,5,5.016843564184431,612.961740321067,74,87.51270441893557,10819.997801521571,2026-08-02 22:00:00,0xa30fa36db767ad9ed3f7a60fc79526fb4d56d344
2,2.0134526860734474,247.99073960380198,1,1.2356625544084283,149.476993255968,7,3.180153279107967,386.625252235005,100,175.97166123177308,21663.956106840404,2026-08-02 23:00:00,0xa30fa36db767ad9ed3f7a60fc79526fb4d56d344
21,37.30551206333271,4550.831381849502,8,9.480713448959019,1144.588049888297,0,,,5,2.124772364630833,261.273438833427,2026-08-03 00:00:00,0xa30fa36db767ad9ed3f7a60fc79526fb4d56d344
1,0.23313221665795936,28.525244637813,2,0.24135362357619355,29.102072910246,3,7.209615481685164,872.5832607343041,8,36.739274056990936,4473.781292005829,2026-08-03 01:00:00,0xa30fa36db767ad9ed3f7a60fc79526fb4d56d344
19,16.162848302151126,1965.5859755175338,167,224.22428551089808,26888.116335098694,0,,,5,5.016843564184431,612.961740321067,2026-08-03 02:00:00,0xa30fa36db767ad9ed3f7a60fc79526fb4d56d344
0,,,108,319.5082915695335,38633.49390230241,12,10.816634764712047,1304.016764288303,7,3.180153279107967,386.625252235005,2026-08-03 03:00:00,0xa30fa36db767ad9ed3f7a60fc79526fb4d56d344
1,0.21610378912685327,26.22179683407,7,3.534603752147669,428.74593137832505,3,1.9149080741214042,232.072944925836,0,,,2026-08-03 04:00:00,0xa30fa36db767ad9ed3f7a60fc79526fb4d56d344
0,,,68,223.49583173911284,26996.637327537894,7,6.0865780763109925,743.625709248222,3,7.209615481685164,872.5832607343041,2026-08-03 05:00:00,0xa30fa36db767ad9ed3f7a60fc79526fb4d56d344
2,0.7415759833078832,89.602399274302,66,172.64494336178666,21015.795493630165,5,38.76733615677957,4760.466406912334,0,,,2026-08-03 06:00:00,0xa30fa36db767ad9ed3f7a60fc79526fb4d56d344
16,10.794503768773763,1314.1174616832468,99,295.21411998726484,36088.2358611695,1,1.2356625544084283,149.476993255968,12,10.816634764712047,1304.016764288303,2026-08-03 07:00:00,0xa30fa36db767ad9ed3f7a60fc79526fb4d56d344
1,0.19709795895064153,23.999423999999998,13,16.15268497692407,1983.8443000940908,8,9.480713448959019,1144.588049888297,3,1.9149080741214042,232.072944925836,2026-08-03 08:00:00,0xa30fa36db767ad9ed3f7a60fc79526fb4d56d344
7,38.503456339855305,4661.431933610877,40,88.52307730376788,10786.773615399672,2,0.24135362357619355,29.102072910246,7,6.0865780763109925,743.625709248222,2026-08-03 09:00:00,0xa30fa36db767ad9ed3f7a60fc79526fb4d56d344
0,,,23,281.6773167801322,34439.079487424046,167,224.22428551089808,26888.116335098694,5,38.76733615677957,4760.466406912334,2026-08-03 10:00:00,0xa30fa36db767ad9ed3f7a60fc79526fb4d56d344
5,62.905353537212214,7725.6753626155005,5,12.228921845189701,1490.343936554933,108,319.5082915695335,38633.49390230241,1,1.2356625544084283,149.476993255968,2026-08-03 11:00:00,0xa30fa36db767ad9ed3f7a60fc79526fb4d56d344
6,7.8680743129420625,946.800329787985,254,190.65338838321807,23191.4913496929,7,3.534603752147669,428.74593137832505,8,9.480713448959019,1144.588049888297,2026-08-03 12:00:00,0xa30fa36db767ad9ed3f7a60fc79526fb4d56d344
4,5.358177644962416,644.5613973236719,193,267.170873543843,32875.98405870851,68,223.49583173911284,26996.637327537894,2,0.24135362357619355,29.102072910246,2026-08-03 13:00:00,0xa30fa36db767ad9ed3f7a60fc79526fb4d56d344
96,135.50351164009192,16375.388240729553,1,0.12302372578644091,15.227437047936,66,172.64494336178666,21015.795493630165,167,224.22428551089808,26888.116335098694,2026-08-03 14:00:00,0xa30fa36db767ad9ed3f7a60fc79526fb4d56d344
8,7.1324887323763,867.0300052720919,0,,,99,295.21411998726484,36088.2358611695,108,319.5082915695335,38633.49390230241,2026-08-03 15:00:00,0xa30fa36db767ad9ed3f7a60fc79526fb4d56d344
36,103.56338646096113,12552.977507096704,6,11.578963627269891,1425.990417752008,13,16.15268497692407,1983.8443000940908,7,3.534603752147669,428.74593137832505,2026-08-03 16:00:00,0xa30fa36db767ad9ed3f7a60fc79526fb4d56d344
41,97.98604167730153,11973.684375126088,7,2.2963089646210846,283.86880731269196,40,88.52307730376788,10786.773615399672,68,223.49583173911284,26996.637327537894,2026-08-03 17:00:00,0xa30fa36db767ad9ed3f7a60fc79526fb4d56d344
91,304.9368714106387,37049.85586977988,5,2.7000302355879597,334.651170173192,23,281.6773167801322,34439.079487424046,66,172.64494336178666,21015.795493630165,2026-08-03 18:00:00,0xa30fa36db767ad9ed3f7a60fc79526fb4d56d344
130,311.2101564922982,38092.590945414864,12,10.143357361853093,1246.9306707739352,5,12.228921845189701,1490.343936554933,99,295.21411998726484,36088.2358611695,2026-08-03 19:00:00,0xa30fa36db767ad9ed3f7a60fc79526fb4d56d344
3,1.6451875200440909,200.83337611647,95,169.4838307748285,20894.522441496927,254,190.65338838321807,23191.4913496929,13,16.15268497692407,1983.8443000940908,2026-08-03 20:00:00,0xa30fa36db767ad9ed3f7a60fc79526fb4d56d344
202,385.3826390341216,47029.15483513807,78,108.71443925377838,13528.966586429387,193,267.170873543843,32875.98405870851,40,88.52307730376788,10786.773615399672,2026-08-03 21:00:00,0xa30fa36db767ad9ed3f7a60fc79526fb4d56d344
234,284.97966927844556,34921.94546407371,7,10.407484510810384,1301.3832079095992,1,0.12302372578644091,15.227437047936,23,281.6773167801322,34439.079487424046,2026-08-03 22:00:00,0xa30fa36db767ad9ed3f7a60fc79526fb4d56d344
214,161.18385907948397,19676.67306322534,86,681.7143944156734,84409.30825926243,0,,,5,12.228921845189701,1490.343936554933,2026-08-03 23:00:00,0xa30fa36db767ad9ed3f7a60fc79526fb4d56d344
230,231.71417251461003,28404.504561687252,111,156.76039575711619,18669.82670152053,6,11.578963627269891,1425.990417752008,254,190.65338838321807,23191.4913496929,2026-08-04 00:00:00,0xa30fa36db767ad9ed3f7a60fc79526fb4d56d344
13,3.7592691244087004,463.16212193440003,6,10.281312874669652,1213.1987092041682,7,2.2963089646210846,283.86880731269196,193,267.170873543843,32875.98405870851,2026-08-04 01:00:00,0xa30fa36db767ad9ed3f7a60fc79526fb4d56d344
2,0.027672311712438922,3.4075618603480002,33,32.029477362341524,3718.1812165633532,5,2.7000302355879597,334.651170173192,1,0.12302372578644091,15.227437047936,2026-08-04 02:00:00,0xa30fa36db767ad9ed3f7a60fc79526fb4d56d344
2,0.23076090459943827,28.563083842508,15,15.39208350073747,1798.9715549827233,12,10.143357361853093,1246.9306707739352,0,,,2026-08-04 03:00:00,0xa30fa36db767ad9ed3f7a60fc79526fb4d56d344
8,10.524228968434125,1284.031514404006,40,35.22056798701799,4070.8505048421825,95,169.4838307748285,20894.522441496927,6,11.578963627269891,1425.990417752008,2026-08-04 04:00:00,0xa30fa36db767ad9ed3f7a60fc79526fb4d56d344
19,6.213679398784812,769.3095408840101,6,2.9252361822051767,340.86952115308503,78,108.71443925377838,13528.966586429387,7,2.2963089646210846,283.86880731269196,2026-08-04 05:00:00,0xa30fa36db767ad9ed3f7a60fc79526fb4d56d344
4,1.81062318719335,223.131536991961,71,131.21312420147848,15196.209666421319,7,10.407484510810384,1301.3832079095992,5,2.7000302355879597,334.651170173192,2026-08-04 06:00:00,0xa30fa36db767ad9ed3f7a60fc79526fb4d56d344
8,9.889160625804337,1214.7024252043911,202,375.51346667310816,43390.310248113674,86,681.7143944156734,84409.30825926243,12,10.143357361853093,1246.9306707739352,2026-08-04 07:00:00,0xa30fa36db767ad9ed3f7a60fc79526fb4d56d344
3,1.910177463992124,235.638251921859,9,4.733489899139611,548.6916518374509,111,156.76039575711619,18669.82670152053,95,169.4838307748285,20894.522441496927,2026-08-04 08:00:00,0xa30fa36db767ad9ed3f7a60fc79526fb4d56d344
1,0.1596398472175298,19.99964,3,1.8962617871246596,218.28010696617898,6,10.281312874669652,1213.1987092041682,78,108.71443925377838,13528.966586429387,2026-08-04 09:00:00,0xa30fa36db767ad9ed3f7a60fc79526fb4d56d344
10,7.3507888191372155,915.1110152271091,213,368.4857004658431,42420.76024726554,33,32.029477362341524,3718.1812165633532,7,10.407484510810384,1301.3832079095992,2026-08-04 10:00:00,0xa30fa36db767ad9ed3f7a60fc79526fb4d56d344
76,533.3755309067403,65458.058101281495,15,1.538178142292727,176.88512641365097,15,15.39208350073747,1798.9715549827233,86,681.7143944156734,84409.30825926243,2026-08-04 11:00:00,0xa30fa36db767ad9ed3f7a60fc79526fb4d56d344
22,30.440289846845594,3599.933748971519,14,0.6655109889479535,76.487192921405,40,35.22056798701799,4070.8505048421825,111,156.76039575711619,18669.82670152053,2026-08-04 12:00:00,0xa30fa36db767ad9ed3f7a60fc79526fb4d56d344
26,40.55816987420851,4755.469397687721,244,665.1154296115574,76686.97814934562,6,2.9252361822051767,340.86952115308503,6,10.281312874669652,1213.1987092041682,2026-08-04 13:00:00,0xa30fa36db767ad9ed3f7a60fc79526fb4d56d344
18,8.710446352501178,1011.025604277181,205,283.80978676795735,32992.027080888816,71,131.21312420147848,15196.209666421319,33,32.029477362341524,3718.1812165633532,2026-08-04 14:00:00,0xa30fa36db767ad9ed3f7a60fc79526fb4d56d344
17,8.754446321122618,1023.0543572018449,35,30.197715834388315,3443.34578946244,202,375.51346667310816,43390.310248113674,15,15.39208350073747,1798.9715549827233,2026-08-04 15:00:00,0xa30fa36db767ad9ed3f7a60fc79526fb4d56d344
35,11.685694016956743,1355.645800543481,15,0.7209729672709171,82.30549256265898,9,4.733489899139611,548.6916518374509,40,35.22056798701799,4070.8505048421825,2026-08-04 16:00:00,0xa30fa36db767ad9ed3f7a60fc79526fb4d56d344
39,76.18538983750571,8821.118562468006,20,7.2403670775542395,830.7527820522621,3,1.8962617871246596,218.28010696617898,6,2.9252361822051767,340.86952115308503,2026-08-04 17:00:00,0xa30fa36db767ad9ed3f7a60fc79526fb4d56d344
66,117.2459141037311,13502.001480820847,16,0.7650573355976141,87.74247912332399,213,368.4857004658431,42420.76024726554,71,131.21312420147848,15196.209666421319,2026-08-04 18:00:00,0xa30fa36db767ad9ed3f7a60fc79526fb4d56d344
12,5.856227909300726,676.7470381347,16,3.840512797888466,442.1046688790291,15,1.538178142292727,176.88512641365097,202,375.51346667310816,43390.310248113674,2026-08-04 19:00:00,0xa30fa36db767ad9ed3f7a60fc79526fb4d56d344
8,4.768566870608713,549.7186568804772,20,11.583825241947,1346.3403017663,14,0.6655109889479535,76.487192921405,9,4.733489899139611,548.6916518374509,2026-08-04 20:00:00,0xa30fa36db767ad9ed3f7a60fc79526fb4d56d344
63,130.9984766368783,15134.905325632943,27,12.74254096971544,1485.2070775407267,244,665.1154296115574,76686.97814934562,3,1.8962617871246596,218.28010696617898,2026-08-04 21:00:00,0xa30fa36db767ad9ed3f7a60fc79526fb4d56d344
118,156.28128437959504,17943.52472184875,19,3.929828271470803,458.38335028916595,205,283.80978676795735,32992.027080888816,213,368.4857004658431,42420.76024726554,2026-08-04 22:00:00,0xa30fa36db767ad9ed3f7a60fc79526fb4d56d344
14,0.6674395483288059,76.73862906127201,12,0.22585068879695694,26.357209279112,35,30.197715834388315,3443.34578946244,15,1.538178142292727,176.88512641365097,2026-08-04 23:00:00,0xa30fa36db767ad9ed3f7a60fc79526fb4d56d344
53,3.1198915169343255,1055.907684656355,41,2.697184722364501,918.6638511294758,88,11.972900643995683,4102.761308225772,59,42.47421839091745,14478.781224329316,2026-07-29 00:00:00,0xaf3d76f1834a1d425780943c99ea8a608f8a93f9
54,5.780528316801616,1959.4155084506276,82,55.32566812915306,18744.31148104065,63,10.936727832295386,3743.6233990155406,36,1.332130349860493,453.3939448097052,2026-07-29 01:00:00,0xaf3d76f1834a1d425780943c99ea8a608f8a93f9
84,11.079793678920362,3779.3377600041017,222,154.46411577647498,52780.47089819235,88,39.98866226566818,13627.11867212236,59,5.8290553751469565,1984.031511462432,2026-07-29 02:00:00,0xaf3d76f1834a1d425780943c99ea8a608f8a93f9
132,67.71106522907387,23168.18446961786,190,44.24107384934313,15086.150047788866,49,10.012825017909133,3411.539415486296,54,5.1913282125577656,1771.5049477080997,2026-07-29 03:00:00,0xaf3d76f1834a1d425780943c99ea8a608f8a93f9
91,52.8062115503325,18129.949916512713,105,8.614045727016997,2933.9583077853317,81,4.5208831981276365,1544.0942535254621,88,11.972900643995683,4102.761308225772,2026-07-29 04:00:00,0xaf3d76f1834a1d425780943c99ea8a608f8a93f9
59,19.887052207781686,6792.649433801839,142,19.57829972135066,6668.171074718537,36,2.2481134264305704,766.8877280088135,63,10.936727832295386,3743.6233990155406,2026-07-29 05:00:00,0xaf3d76f1834a1d425780943c99ea8a608f8a93f9
72,19.05623569363628,6485.572553158389,110,12.63419138439916,4328.981052084157,80,61.59934053451672,20928.61551515535,88,39.98866226566818,13627.11867212236,2026-07-29 06:00:00,0xaf3d76f1834a1d425780943c99ea8a608f8a93f9
36,10.287473759639425,3518.824862603412,128,17.367706594740994,5972.901736348785,67,11.606919549024697,3948.341100034608,49,10.012825017909133,3411.539415486296,2026-07-29 07:00:00,0xaf3d76f1834a1d425780943c99ea8a608f8a93f9
45,4.190826888048245,1429.0663224110724,228,199.09976738303268,67616.91223351471,41,2.697184722364501,918.6638511294758,81,4.5208831981276365,1544.0942535254621,2026-07-29 08:00:00,0xaf3d76f1834a1d425780943c99ea8a608f8a93f9
44,3.6347357269025014,1240.5648562945864,93,13.263602473289984,4484.4695773008225,82,55.32566812915306,18744.31148104065,36,2.2481134264305704,766.8877280088135,2026-07-29 09:00:00,0xaf3d76f1834a1d425780943c99ea8a608f8a93f9
25,5.741822707437811,1950.6985119422711,104,26.442126361857866,8963.02912023579,222,154.46411577647498,52780.47089819235,80,61.59934053451672,20928.61551515535,2026-07-29 10:00:00,0xaf3d76f1834a1d425780943c99ea8a608f8a93f9
53,25.28301871238015,8613.2542087338,38,3.7939333618296285,1287.1957754750317,190,44.24107384934313,15086.150047788866,67,11.606919549024697,3948.341100034608,2026-07-29 11:00:00,0xaf3d76f1834a1d425780943c99ea8a608f8a93f9
51,11.47794370665789,3904.0051945714977,28,1.345419218165846,456.392582212736,105,8.614045727016997,2933.9583077853317,41,2.697184722364501,918.6638511294758,2026-07-29 12:00:00,0xaf3d76f1834a1d425780943c99ea8a608f8a93f9
69,11.70984567671207,3975.0843771898035,73,7.504414276519905,2546.326895015897,142,19.57829972135066,6668.171074718537,82,55.32566812915306,18744.31148104065,2026-07-29 13:00:00,0xaf3d76f1834a1d425780943c99ea8a608f8a93f9
169,22.306938486340595,7642.746589806323,144,44.17364304471729,14974.337976125365,110,12.63419138439916,4328.981052084157,222,154.46411577647498,52780.47089819235,2026-07-29 14:00:00,0xaf3d76f1834a1d425780943c99ea8a608f8a93f9
189,46.27205777083864,15740.059188846955,51,8.25026149422534,2796.1355738017464,128,17.367706594740994,5972.901736348785,190,44.24107384934313,15086.150047788866,2026-07-29 15:00:00,0xaf3d76f1834a1d425780943c99ea8a608f8a93f9
84,6.28592180773845,2145.1138954870535,35,3.430374978823574,1162.4405618266273,228,199.09976738303268,67616.91223351471,105,8.614045727016997,2933.9583077853317,2026-07-29 16:00:00,0xaf3d76f1834a1d425780943c99ea8a608f8a93f9
124,64.76605422184085,22172.10234100137,44,11.554668454919934,3916.6840338440593,93,13.263602473289984,4484.4695773008225,142,19.57829972135066,6668.171074718537,2026-07-29 17:00:00,0xaf3d76f1834a1d425780943c99ea8a608f8a93f9
176,41.9447102044649,14397.294740373489,59,21.98051379341339,7423.873027997174,104,26.442126361857866,8963.02912023579,110,12.63419138439916,4328.981052084157,2026-07-29 18:00:00,0xaf3d76f1834a1d425780943c99ea8a608f8a93f9
133,36.94502781925867,12667.01770151995,37,4.08818712865269,1382.498380554345,38,3.7939333618296285,1287.1957754750317,128,17.367706594740994,5972.901736348785,2026-07-29 19:00:00,0xaf3d76f1834a1d425780943c99ea8a608f8a93f9
138,43.46034308479487,14671.239946272828,46,19.893620322874323,6724.746742484148,28,1.345419218165846,456.392582212736,228,199.09976738303268,67616.91223351471,2026-07-29 20:00:00,0xaf3d76f1834a1d425780943c99ea8a608f8a93f9
98,52.74142715701287,17881.27177045476,47,4.757261343895461,1610.8073822830681,73,7.504414276519905,2546.326895015897,93,13.263602473289984,4484.4695773008225,2026-07-29 21:00:00,0xaf3d76f1834a1d425780943c99ea8a608f8a93f9
117,46.9634012773937,15963.279349517243,34,9.572968746885337,3249.065811086887,144,44.17364304471729,14974.337976125365,104,26.442126361857866,8963.02912023579,2026-07-29 22:00:00,0xaf3d76f1834a1d425780943c99ea8a608f8a93f9
48,4.600962122050945,1561.949007643475,151,84.71563226731986,28526.5413358398,51,8.25026149422534,2796.1355738017464,38,3.7939333618296285,1287.1957754750317,2026-07-29 23:00:00,0xaf3d76f1834a1d425780943c99ea8a608f8a93f9
69,16.79604087624543,5703.333569384639,55,163.85269072485272,55174.9079333314,35,3.430374978823574,1162.4405618266273,28,1.345419218165846,456.392582212736,2026-07-30 00:00:00,0xaf3d76f1834a1d425780943c99ea8a608f8a93f9
67,12.936203485324212,4402.097848466557,123,59.10855996706891,19854.89706826285,44,11.554668454919934,3916.6840338440593,73,7.504414276519905,2546.326895015897,2026-07-30 01:00:00,0xaf3d76f1834a1d425780943c99ea8a608f8a93f9
51,7.625711074475982,2583.59082515805,181,124.16238648619998,41268.74554695476,59,21.98051379341339,7423.873027997174,144,44.17364304471729,14974.337976125365,2026-07-30 02:00:00,0xaf3d76f1834a1d425780943c99ea8a608f8a93f9
43,3.6138450076986683,1224.0114198512545,103,51.83791211133215,17150.771010645585,37,4.08818712865269,1382.498380554345,51,8.25026149422534,2796.1355738017464,2026-07-30 03:00:00,0xaf3d76f1834a1d425780943c99ea8a608f8a93f9
25,4.543051238575001,1537.6103470403011,130,16.984496015939644,5634.217488188254,46,19.893620322874323,6724.746742484148,35,3.430374978823574,1162.4405618266273,2026-07-30 04:00:00,0xaf3d76f1834a1d425780943c99ea8a608f8a93f9
19,0.5296893446065012,179.257890666694,72,5.541375666942653,1853.503700819008,47,4.757261343895461,1610.8073822830681,44,11.554668454919934,3916.6840338440593,2026-07-30 05:00:00,0xaf3d76f1834a1d425780943c99ea8a608f8a93f9
30,4.759688268236632,1608.9030797287523,86,18.18263699503154,6050.455577839064,34,9.572968746885337,3249.065811086887,59,21.98051379341339,7423.873027997174,2026-07-30 06:00:00,0xaf3d76f1834a1d425780943c99ea8a608f8a93f9
59,8.049534749352556,2725.9773131130005,421,81.33716876512982,27160.680420090215,151,84.71563226731986,28526.5413358398,37,4.08818712865269,1382.498380554345,2026-07-30 07:00:00,0xaf3d76f1834a1d425780943c99ea8a608f8a93f9
75,7.910909488359941,2680.4025900757692,91,21.637962277187547,7211.795167789018,55,163.85269072485272,55174.9079333314,46,19.893620322874323,6724.746742484148,2026-07-30 08:00:00,0xaf3d76f1834a1d425780943c99ea8a608f8a93f9
39,6.710159786870785,2272.4281691783012,787,1110.167780360777,366026.78512091574,123,59.10855996706891,19854.89706826285,47,4.757261343895461,1610.8073822830681,2026-07-30 09:00:00,0xaf3d76f1834a1d425780943c99ea8a608f8a93f9
102,32.95614178066768,11123.335890862936,191,217.9125012180885,67374.08262485669,181,124.16238648619998,41268.74554695476,34,9.572968746885337,3249.065811086887,2026-07-30 10:00:00,0xaf3d76f1834a1d425780943c99ea8a608f8a93f9
66,13.344859904190514,4484.887427322354,170,73.10037509319287,22856.00048704405,103,51.83791211133215,17150.771010645585,151,84.71563226731986,28526.5413358398,2026-07-30 11:00:00,0xaf3d76f1834a1d425780943c99ea8a608f8a93f9
45,13.167077221254951,4422.290546054236,161,55.00899404108879,17220.94438663874,130,16.984496015939644,5634.217488188254,55,163.85269072485272,55174.9079333314,2026-07-30 12:00:00,0xaf3d76f1834a1d425780943c99ea8a608f8a93f9
215,135.39938096531947,45317.10416155944,47,4.065422427098174,1276.6983328352192,72,5.541375666942653,1853.503700819008,123,59.10855996706891,19854.89706826285,2026-07-30 13:00:00,0xaf3d76f1834a1d425780943c99ea8a608f8a93f9
102,45.82238153742019,15188.994041442937,86,28.181572156524858,8880.470663076781,86,18.18263699503154,6050.455577839064,181,124.16238648619998,41268.74554695476,2026-07-30 14:00:00,0xaf3d76f1834a1d425780943c99ea8a608f8a93f9
113,41.26643372387989,13702.57496710529,71,6.754169464424437,2124.4504193741864,421,81.33716876512982,27160.680420090215,103,51.83791211133215,17150.771010645585,2026-07-30 15:00:00,0xaf3d76f1834a1d425780943c99ea8a608f8a93f9
119,13.98844315651719,4638.285420447013,40,2.432910747902394,764.3843919855367,91,21.637962277187547,7211.795167789018,130,16.984496015939644,5634.217488188254,2026-07-30 16:00:00,0xaf3d76f1834a1d425780943c99ea8a608f8a93f9
87,11.625670025088251,3863.9817421282573,63,14.650142239194187,4594.991577267529,787,1110.167780360777,366026.78512091574,72,5.541375666942653,1853.503700819008,2026-07-30 17:00:00,0xaf3d76f1834a1d425780943c99ea8a608f8a93f9
102,35.48559397153413,11819.64939669495,41,3.867286891045588,1208.7247964985,191,217.9125012180885,67374.08262485669,86,18.18263699503154,6050.455577839064,2026-07-30 18:00:00,0xaf3d76f1834a1d425780943c99ea8a608f8a93f9
118,22.197562796754962,7416.748894716668,33,2.0930494947885525,654.3516421499401,170,73.10037509319287,22856.00048704405,421,81.33716876512982,27160.680420090215,2026-07-30 19:00:00,0xaf3d76f1834a1d425780943c99ea8a608f8a93f9
204,108.94009327867514,36509.708344527455,46,77.9942566554728,24408.295632559184,161,55.00899404108879,17220.94438663874,91,21.637962277187547,7211.795167789018,2026-07-30 20:00:00,0xaf3d76f1834a1d425780943c99ea8a608f8a93f9
468,424.13308538255774,133739.83568177276,104,21.475114228867827,6652.565888904833,47,4.065422427098174,1276.6983328352192,787,1110.167780360777,366026.78512091574,2026-07-30 21:00:00,0xaf3d76f1834a1d425780943c99ea8a608f8a93f9
95,32.354305494853726,10107.264794601308,31,2.25897936008498,698.9554141943551,86,28.181572156524858,8880.470663076781,191,217.9125012180885,67374.08262485669,2026-07-30 22:00:00,0xaf3d76f1834a1d425780943c99ea8a608f8a93f9
119,54.729209655547635,17216.215831164543,69,24.20371622031871,7470.704798434646,71,6.754169464424437,2124.4504193741864,170,73.10037509319287,22856.00048704405,2026-07-30 23:00:00,0xaf3d76f1834a1d425780943c99ea8a608f8a93f9
64,23.615864818129996,7402.41627746566,67,18.685535279312425,5764.524286191372,40,2.432910747902394,764.3843919855367,161,55.00899404108879,17220.94438663874,2026-07-31 00:00:00,0xaf3d76f1834a1d425780943c99ea8a608f8a93f9
92,8.466325605168164,2651.574933866707,46,9.613670533932098,2958.2752589340166,63,14.650142239194187,4594.991577267529,47,4.065422427098174,1276.6983328352192,2026-07-31 01:00:00,0xaf3d76f1834a1d425780943c99ea8a608f8a93f9
71,10.447130248531755,3289.731522080966,289,196.77017981564322,59742.14182175024,41,3.867286891045588,1208.7247964985,86,28.181572156524858,8880.470663076781,2026-07-31 02:00:00,0xaf3d76f1834a1d425780943c99ea8a608f8a93f9
45,6.692406006201174,2108.669531356582,116,18.257262848105853,5536.48742922158,33,2.0930494947885525,654.3516421499401,71,6.754169464424437,2124.4504193741864,2026-07-31 03:00:00,0xaf3d76f1834a1d425780943c99ea8a608f8a93f9
42,1.2605970033912215,395.8943106609914,112,24.92359720955118,7519.319846160076,46,77.9942566554728,24408.295632559184,40,2.432910747902394,764.3843919855367,2026-07-31 04:00:00,0xaf3d76f1834a1d425780943c99ea8a608f8a93f9
47,58.3471532786393,18207.805070372902,73,11.969642852508777,3610.9443774731876,104,21.475114228867827,6652.565888904833,63,14.650142239194187,4594.991577267529,2026-07-31 05:00:00,0xaf3d76f1834a1d425780943c99ea8a608f8a93f9
50,2.292083143844015,715.3829989708099,6747,3923.566530670604,1182418.6402272221,31,2.25897936008498,698.9554141943551,41,3.867286891045588,1208.7247964985,2026-07-31 06:00:00,0xaf3d76f1834a1d425780943c99ea8a608f8a93f9
58,6.894319239351735,2151.14447144465,1100,382.83563135817224,115551.22317217683,69,24.20371622031871,7470.704798434646,33,2.0930494947885525,654.3516421499401,2026-07-31 07:00:00,0xaf3d76f1834a1d425780943c99ea8a608f8a93f9
103,80.59194273238909,25004.945453973294,335,230.21729711543216,70769.67499370025,67,18.685535279312425,5764.524286191372,46,77.9942566554728,24408.295632559184,2026-07-31 08:00:00,0xaf3d76f1834a1d425780943c99ea8a608f8a93f9
43,3.943684374982824,1221.2952728396813,735,190.86521254447868,58836.38368470606,46,9.613670533932098,2958.2752589340166,104,21.475114228867827,6652.565888904833,2026-07-31 09:00:00,0xaf3d76f1834a1d425780943c99ea8a608f8a93f9
42,5.081382075194553,1575.841643507811,1230,354.98488074234433,108761.022058441,289,196.77017981564322,59742.14182175024,31,2.25897936008498,698.9554141943551,2026-07-31 10:00:00,0xaf3d76f1834a1d425780943c99ea8a608f8a93f9
92,36.611339780247974,11276.725621776526,579,123.63014806433206,37961.74148289994,116,18.257262848105853,5536.48742922158,69,24.20371622031871,7470.704798434646,2026-07-31 11:00:00,0xaf3d76f1834a1d425780943c99ea8a608f8a93f9
42,3.460859206716797,1067.288084631988,370,92.4075539567681,28448.13966610322,112,24.92359720955118,7519.319846160076,67,18.685535279312425,5764.524286191372,2026-07-31 12:00:00,0xaf3d76f1834a1d425780943c99ea8a608f8a93f9
117,76.0018427501164,23267.696167506994,397,79.03320932799241,24289.246445368062,73,11.969642852508777,3610.9443774731876,46,9.613670533932098,2958.2752589340166,2026-07-31 13:00:00,0xaf3d76f1834a1d425780943c99ea8a608f8a93f9
173,86.47384314639172,26133.42484158494,1467,377.46155459002796,115969.92470301385,6747,3923.566530670604,1182418.6402272221,289,196.77017981564322,59742.14182175024,2026-07-31 14:00:00,0xaf3d76f1834a1d425780943c99ea8a608f8a93f9
109,12.008876709758196,3641.6394247911867,278,75.81819930085285,23263.643013470726,1100,382.83563135817224,115551.22317217683,116,18.257262848105853,5536.48742922158,2026-07-31 15:00:00,0xaf3d76f1834a1d425780943c99ea8a608f8a93f9
71,22.012367632469907,6640.269811237434,104,20.871231095504836,6422.9349674373025,335,230.21729711543216,70769.67499370025,112,24.92359720955118,7519.319846160076,2026-07-31 16:00:00,0xaf3d76f1834a1d425780943c99ea8a608f8a93f9
55,5.401968913156847,1626.6355049438353,160,60.7420055036983,18726.803330088915,735,190.86521254447868,58836.38368470606,73,11.969642852508777,3610.9443774731876,2026-07-31 17:00:00,0xaf3d76f1834a1d425780943c99ea8a608f8a93f9
1813,575.2183915071533,173321.49258214745,97,24.60121206093762,7569.786456226705,1230,354.98488074234433,108761.022058441,6747,3923.566530670604,1182418.6402272221,2026-07-31 18:00:00,0xaf3d76f1834a1d425780943c99ea8a608f8a93f9
1328,343.1796695265875,104266.78484566275,124,26.42369384261818,8124.8266229459805,579,123.63014806433206,37961.74148289994,1100,382.83563135817224,115551.22317217683,2026-07-31 19:00:00,0xaf3d76f1834a1d425780943c99ea8a608f8a93f9
510,136.3212135552642,42072.7779780023,93,13.04772503952082,4019.086833538602,370,92.4075539567681,28448.13966610322,335,230.21729711543216,70769.67499370025,2026-07-31 20:00:00,0xaf3d76f1834a1d425780943c99ea8a608f8a93f9
538,129.79953503309048,39853.94852265257,86,12.078514545457272,3715.6265739693654,397,79.03320932799241,24289.246445368062,735,190.86521254447868,58836.38368470606,2026-07-31 21:00:00,0xaf3d76f1834a1d425780943c99ea8a608f8a93f9
654,206.41648875382077,63509.3517324753,72,10.193427612687854,3135.492379834719,1467,377.46155459002796,115969.92470301385,1230,354.98488074234433,108761.022058441,2026-07-31 22:00:00,0xaf3d76f1834a1d425780943c99ea8a608f8a93f9
681,256.5974286410686,79046.22270901468,89,22.2616849079988,6847.014287650911,278,75.81819930085285,23263.643013470726,579,123.63014806433206,37961.74148289994,2026-07-31 23:00:00,0xaf3d76f1834a1d425780943c99ea8a608f8a93f9
367,93.34366810455249,28744.897558395354,49,3.7962642376863878,1170.680524198934,104,20.871231095504836,6422.9349674373025,370,92.4075539567681,28448.13966610322,2026-08-01 00:00:00,0xaf3d76f1834a1d425780943c99ea8a608f8a93f9
1916,766.9875638856497,235776.5738431005,81,13.761508067981842,4239.899122527194,160,60.7420055036983,18726.803330088915,397,79.03320932799241,24289.246445368062,2026-08-01 01:00:00,0xaf3d76f1834a1d425780943c99ea8a608f8a93f9
410,92.33135679725939,28356.002938518533,85,14.320555120200213,4409.48181456209,97,24.60121206093762,7569.786456226705,1467,377.46155459002796,115969.92470301385,2026-08-01 02:00:00,0xaf3d76f1834a1d425780943c99ea8a608f8a93f9
363,108.26100874062112,33223.478638898334,48,4.21370275480764,1298.4260174314068,124,26.42369384261818,8124.8266229459805,278,75.81819930085285,23263.643013470726,2026-08-01 03:00:00,0xaf3d76f1834a1d425780943c99ea8a608f8a93f9
145,47.138648718806046,14479.281847790848,89,24.606295073583826,7599.161076262353,93,13.04772503952082,4019.086833538602,104,20.871231095504836,6422.9349674373025,2026-08-01 04:00:00,0xaf3d76f1834a1d425780943c99ea8a608f8a93f9
84,23.30597278602153,7174.20071964018,96,17.702272976309747,5448.936863168068,86,12.078514545457272,3715.6265739693654,160,60.7420055036983,18726.803330088915,2026-08-01 05:00:00,0xaf3d76f1834a1d425780943c99ea8a608f8a93f9
101,22.340093151480858,6882.457376331974,64,8.346509340724612,2570.644499114276,72,10.193427612687854,3135.492379834719,97,24.60121206093762,7569.786456226705,2026-08-01 06:00:00,0xaf3d76f1834a1d425780943c99ea8a608f8a93f9
106,21.045919393251683,6464.574158357303,135,17.248866652155925,5312.734203432754,89,22.2616849079988,6847.014287650911,124,26.42369384261818,8124.8266229459805,2026-08-01 07:00:00,0xaf3d76f1834a1d425780943c99ea8a608f8a93f9
149,30.87499870313139,9509.013612500637,68,11.785477821817695,3619.4263418429864,49,3.7962642376863878,1170.680524198934,93,13.04772503952082,4019.086833538602,2026-08-01 08:00:00,0xaf3d76f1834a1d425780943c99ea8a608f8a93f9
125,19.68666303621993,6047.050170589938,75,19.891018988439406,6115.125247504659,81,13.761508067981842,4239.899122527194,86,12.078514545457272,3715.6265739693654,2026-08-01 09:00:00,0xaf3d76f1834a1d425780943c99ea8a608f8a93f9
76,11.620220934548282,3581.4020266226034,42,9.868267330581572,3039.2648277663343,85,14.320555120200213,4409.48181456209,72,10.193427612687854,3135.492379834719,2026-08-01 10:00:00,0xaf3d76f1834a1d425780943c99ea8a608f8a93f9
85,36.61101264006479,11300.29281383806,67,7.3259023719310825,2251.237686372647,48,4.21370275480764,1298.4260174314068,89,22.2616849079988,6847.014287650911,2026-08-01 11:00:00,0xaf3d76f1834a1d425780943c99ea8a608f8a93f9
96,19.852873932862654,6124.388545813245,82,17.09034497750793,5254.33871461832,89,24.606295073583826,7599.161076262353,49,3.7962642376863878,1170.680524198934,2026-08-01 12:00:00,0xaf3d76f1834a1d425780943c99ea8a608f8a93f9
91,22.329734601728962,6882.617791641384,140,25.837274718892267,7939.677657202909,96,17.702272976309747,5448.936863168068,81,13.761508067981842,4239.899122527194,2026-08-01 13:00:00,0xaf3d76f1834a1d425780943c99ea8a608f8a93f9
291,102.14471831105882,31494.22110154766,112,16.81427796946986,5177.90413154977,64,8.346509340724612,2570.644499114276,85,14.320555120200213,4409.48181456209,2026-08-01 14:00:00,0xaf3d76f1834a1d425780943c99ea8a608f8a93f9
173,48.29143028275106,14875.740313257857,360,120.93341859761836,37321.930450679465,135,17.248866652155925,5312.734203432754,48,4.21370275480764,1298.4260174314068,2026-08-01 15:00:00,0xaf3d76f1834a1d425780943c99ea8a608f8a93f9
81,16.422788277542722,5059.5341126587255,132,18.56800525367197,5737.565049776609,68,11.785477821817695,3619.4263418429864,89,24.606295073583826,7599.161076262353,2026-08-01 16:00:00,0xaf3d76f1834a1d425780943c99ea8a608f8a93f9
79,16.654182728484304,5130.336881265066,123,15.434774519628009,4776.026864691793,75,19.891018988439406,6115.125247504659,96,17.702272976309747,5448.936863168068,2026-08-01 17:00:00,0xaf3d76f1834a1d425780943c99ea8a608f8a93f9
96,13.001966843185807,3999.213461231706,115,29.800173910995174,9211.301815339471,42,9.868267330581572,3039.2648277663343,64,8.346509340724612,2570.644499114276,2026-08-01 18:00:00,0xaf3d76f1834a1d425780943c99ea8a608f8a93f9
103,19.458698030261523,5992.934850523228,101,15.292183086224567,4743.014270567187,67,7.3259023719310825,2251.237686372647,135,17.248866652155925,5312.734203432754,2026-08-01 19:00:00,0xaf3d76f1834a1d425780943c99ea8a608f8a93f9
81,12.901951811774474,3960.5066961000875,97,24.157814629021054,7495.793315322029,82,17.09034497750793,5254.33871461832,68,11.785477821817695,3619.4263418429864,2026-08-01 20:00:00,0xaf3d76f1834a1d425780943c99ea8a608f8a93f9
77,9.928823719499048,3049.5822446738416,66,15.711165592953538,4872.464483305417,140,25.837274718892267,7939.677657202909,75,19.891018988439406,6115.125247504659,2026-08-01 21:00:00,0xaf3d76f1834a1d425780943c99ea8a608f8a93f9
64,15.761586032323251,4849.747690541992,74,8.872791411252356,2756.520139935957,112,16.81427796946986,5177.90413154977,42,9.868267330581572,3039.2648277663343,2026-08-01 22:00:00,0xaf3d76f1834a1d425780943c99ea8a608f8a93f9
48,9.180077547524663,2829.1145549213215,103,33.02092407746044,10245.445428779185,360,120.93341859761836,37321.930450679465,67,7.3259023719310825,2251.237686372647,2026-08-01 23:00:00,0xaf3d76f1834a1d425780943c99ea8a608f8a93f9
160,33.64943449130454,10309.53904855961,94,14.41961252209683,4476.036917773504,132,18.56800525367197,5737.565049776609,82,17.09034497750793,5254.33871461832,2026-08-02 00:00:00,0xaf3d76f1834a1d425780943c99ea8a608f8a93f9
99,13.29038589423893,4095.9373372131545,82,22.656276673256702,7030.437628235394,123,15.434774519628009,4776.026864691793,140,25.837274718892267,7939.677657202909,2026-08-02 01:00:00,0xaf3d76f1834a1d425780943c99ea8a608f8a93f9
113,14.618156864678106,4507.606532140427,50,6.879941331541177,2135.2777478705825,115,29.800173910995174,9211.301815339471,112,16.81427796946986,5177.90413154977,2026-08-02 02:00:00,0xaf3d76f1834a1d425780943c99ea8a608f8a93f9
213,46.306962065222216,14282.867660848211,81,12.062128124305403,3739.36891995883,101,15.292183086224567,4743.014270567187,360,120.93341859761836,37321.930450679465,2026-08-02 03:00:00,0xaf3d76f1834a1d425780943c99ea8a608f8a93f9
78,20.108801416235753,6225.825036748131,60,9.656499225198305,2998.3788212714603,97,24.157814629021054,7495.793315322029,132,18.56800525367197,5737.565049776609,2026-08-02 04:00:00,0xaf3d76f1834a1d425780943c99ea8a608f8a93f9
112,21.246372653996538,6569.294786695238,82,9.843592563403687,3054.842374370675,66,15.711165592953538,4872.464483305417,123,15.434774519628009,4776.026864691793,2026-08-02 05:00:00,0xaf3d76f1834a1d425780943c99ea8a608f8a93f9
108,28.25671099856087,8757.770080848379,108,28.779472747418286,8932.243323695404,74,8.872791411252356,2756.520139935957,115,29.800173910995174,9211.301815339471,2026-08-02 06:00:00,0xaf3d76f1834a1d425780943c99ea8a608f8a93f9
82,26.43613829230624,8210.213259005433,92,14.596807627538244,4537.102617433691,103,33.02092407746044,10245.445428779185,101,15.292183086224567,4743.014270567187,2026-08-02 07:00:00,0xaf3d76f1834a1d425780943c99ea8a608f8a93f9
49,6.076563715739966,1885.343066301504,78,15.28825403333714,4753.455477199994,94,14.41961252209683,4476.036917773504,97,24.157814629021054,7495.793315322029,2026-08-02 08:00:00,0xaf3d76f1834a1d425780943c99ea8a608f8a93f9
113,27.893835711382845,8669.04149807583,101,25.49405597494035,7912.439560513966,82,22.656276673256702,7030.437628235394,66,15.711165592953538,4872.464483305417,2026-08-02 09:00:00,0xaf3d76f1834a1d425780943c99ea8a608f8a93f9
83,14.906561818728216,4635.913211136649,64,8.981240520623375,2789.1321864031556,50,6.879941331541177,2135.2777478705825,74,8.872791411252356,2756.520139935957,2026-08-02 10:00:00,0xaf3d76f1834a1d425780943c99ea8a608f8a93f9
56,9.597733479598036,2982.431144996063,71,8.716030829615852,2704.411539570193,81,12.062128124305403,3739.36891995883,103,33.02092407746044,10245.445428779185,2026-08-02 11:00:00,0xaf3d76f1834a1d425780943c99ea8a608f8a93f9
113,22.675249782801842,7027.947966365001,132,42.043253145060575,13031.25679295112,60,9.656499225198305,2998.3788212714603,94,14.41961252209683,4476.036917773504,2026-08-02 12:00:00,0xaf3d76f1834a1d425780943c99ea8a608f8a93f9
55,5.599999340343329,1733.8470573189782,165,36.74826679914361,11344.759486146197,82,9.843592563403687,3054.842374370675,82,22.656276673256702,7030.437628235394,2026-08-02 13:00:00,0xaf3d76f1834a1d425780943c99ea8a608f8a93f9
114,15.14145957232048,4679.956950888582,65,4.058766182724139,1251.9017639459437,108,28.779472747418286,8932.243323695404,50,6.879941331541177,2135.2777478705825,2026-08-02 14:00:00,0xaf3d76f1834a1d425780943c99ea8a608f8a93f9
109,30.734552482739787,9538.836720102294,77,13.828673616898751,4268.023407789367,92,14.596807627538244,4537.102617433691,81,12.062128124305403,3739.36891995883,2026-08-02 15:00:00,0xaf3d76f1834a1d425780943c99ea8a608f8a93f9
95,19.541734001870307,6051.511959669256,105,29.688104598513522,9188.423017253896,78,15.28825403333714,4753.455477199994,60,9.656499225198305,2998.3788212714603,2026-08-02 16:00:00,0xaf3d76f1834a1d425780943c99ea8a608f8a93f9
214,55.90161349987846,17378.913667924076,55,6.695475515196566,2068.921311171974,101,25.49405597494035,7912.439560513966,82,9.843592563403687,3054.842374370675,2026-08-02 17:00:00,0xaf3d76f1834a1d425780943c99ea8a608f8a93f9
114,19.339010516064075,6014.563739813257,45,7.54571615700347,2328.964445270275,64,8.981240520623375,2789.1321864031556,108,28.779472747418286,8932.243323695404,2026-08-02 18:00:00,0xaf3d76f1834a1d425780943c99ea8a608f8a93f9
159,14.97622736894516,4646.120556866011,56,15.224416470400103,4710.751770802798,71,8.716030829615852,2704.411539570193,92,14.596807627538244,4537.102617433691,2026-08-02 19:00:00,0xaf3d76f1834a1d425780943c99ea8a608f8a93f9
68,14.370861795595522,4459.137902448546,61,14.555326164758288,4490.676268974619,132,42.043253145060575,13031.25679295112,78,15.28825403333714,4753.455477199994,2026-08-02 20:00:00,0xaf3d76f1834a1d425780943c99ea8a608f8a93f9
81,32.86212676957214,10195.98563118938,66,7.515760429353682,2314.8603901911565,165,36.74826679914361,11344.759486146197,101,25.49405597494035,7912.439560513966,2026-08-02 21:00:00,0xaf3d76f1834a1d425780943c99ea8a608f8a93f9
113,20.45478358316504,6344.336806211948,73,18.25278393234505,5636.833878960409,65,4.058766182724139,1251.9017639459437,64,8.981240520623375,2789.1321864031556,2026-08-02 22:00:00,0xaf3d76f1834a1d425780943c99ea8a608f8a93f9
275,87.87686513510567,27293.702332374327,82,27.907678052754083,8657.696941774906,77,13.828673616898751,4268.023407789367,71,8.716030829615852,2704.411539570193,2026-08-02 23:00:00,0xaf3d76f1834a1d425780943c99ea8a608f8a93f9
213,71.41982318459215,22069.70606076339,280,78.48631604547796,24431.18894716451,105,29.688104598513522,9188.423017253896,132,42.043253145060575,13031.25679295112,2026-08-03 00:00:00,0xaf3d76f1834a1d425780943c99ea8a608f8a93f9
115,25.15880495563381,7766.534895101957,84,43.66108419935241,13617.27820415444,55,6.695475515196566,2068.921311171974,165,36.74826679914361,11344.759486146197,2026-08-03 01:00:00,0xaf3d76f1834a1d425780943c99ea8a608f8a93f9
54,12.18882856828494,3766.314249107258,397,383.01043354368346,117865.63169027328,45,7.54571615700347,2328.964445270275,65,4.058766182724139,1251.9017639459437,2026-08-03 02:00:00,0xaf3d76f1834a1d425780943c99ea8a608f8a93f9
55,8.636468598821972,2668.493768563222,161,48.49426194061024,14830.6045525354,56,15.224416470400103,4710.751770802798,77,13.828673616898751,4268.023407789367,2026-08-03 03:00:00,0xaf3d76f1834a1d425780943c99ea8a608f8a93f9
63,22.829010001090783,7059.25392808079,231,104.77445682790302,31822.215139472508,61,14.555326164758288,4490.676268974619,105,29.688104598513522,9188.423017253896,2026-08-03 04:00:00,0xaf3d76f1834a1d425780943c99ea8a608f8a93f9
61,14.049200268541298,4337.721249319851,127,55.06978444154882,16875.510984865035,66,7.515760429353682,2314.8603901911565,55,6.695475515196566,2068.921311171974,2026-08-03 05:00:00,0xaf3d76f1834a1d425780943c99ea8a608f8a93f9
43,6.362525458905475,1969.780970454884,76,14.309282321651299,4384.514075190939,73,18.25278393234505,5636.833878960409,45,7.54571615700347,2328.964445270275,2026-08-03 06:00:00,0xaf3d76f1834a1d425780943c99ea8a608f8a93f9
57,7.795330520851821,2409.5428460337944,163,64.4719844428404,19714.308992157996,82,27.907678052754083,8657.696941774906,56,15.224416470400103,4710.751770802798,2026-08-03 07:00:00,0xaf3d76f1834a1d425780943c99ea8a608f8a93f9
245,346.50634297601704,106875.83824018174,264,200.03482320026566,60868.18705146035,280,78.48631604547796,24431.18894716451,61,14.555326164758288,4490.676268974619,2026-08-03 08:00:00,0xaf3d76f1834a1d425780943c99ea8a608f8a93f9
73,9.593182443245404,2958.242902206678,91,16.41390931964337,4985.8788374942,84,43.66108419935241,13617.27820415444,66,7.515760429353682,2314.8603901911565,2026-08-03 09:00:00,0xaf3d76f1834a1d425780943c99ea8a608f8a93f9
90,45.794543266739886,14184.945920065917,41,15.827932806381936,4799.304345161538,397,383.01043354368346,117865.63169027328,73,18.25278393234505,5636.833878960409,2026-08-03 10:00:00,0xaf3d76f1834a1d425780943c99ea8a608f8a93f9
133,44.58694701572152,13841.311827497082,33,3.160042257002418,961.1912580486728,161,48.49426194061024,14830.6045525354,82,27.907678052754083,8657.696941774906,2026-08-03 11:00:00,0xaf3d76f1834a1d425780943c99ea8a608f8a93f9
105,45.263993450796804,14128.451381618745,47,3.9423203394141866,1197.6459517374465,231,104.77445682790302,31822.215139472508,280,78.48631604547796,24431.18894716451,2026-08-03 12:00:00,0xaf3d76f1834a1d425780943c99ea8a608f8a93f9
125,65.5147204056511,20309.423749725946,46,14.10099767297888,4296.425845685745,127,55.06978444154882,16875.510984865035,84,43.66108419935241,13617.27820415444,2026-08-03 13:00:00,0xaf3d76f1834a1d425780943c99ea8a608f8a93f9
196,123.46642348707832,37766.21172864772,163,32.76361034208598,9968.133820410916,76,14.309282321651299,4384.514075190939,397,383.01043354368346,117865.63169027328,2026-08-03 14:00:00,0xaf3d76f1834a1d425780943c99ea8a608f8a93f9
115,46.27633202283092,14105.658381570345,317,97.10140120789906,29586.96388882932,163,64.4719844428404,19714.308992157996,161,48.49426194061024,14830.6045525354,2026-08-03 15:00:00,0xaf3d76f1834a1d425780943c99ea8a608f8a93f9
172,112.03672153770242,34153.23897539324,167,49.59584189436808,15103.983403830141,264,200.03482320026566,60868.18705146035,231,104.77445682790302,31822.215139472508,2026-08-03 16:00:00,0xaf3d76f1834a1d425780943c99ea8a608f8a93f9
95,32.1366335125105,9862.436568298786,87,20.651076605586727,6288.155912132265,91,16.41390931964337,4985.8788374942,127,55.06978444154882,16875.510984865035,2026-08-03 17:00:00,0xaf3d76f1834a1d425780943c99ea8a608f8a93f9
78,9.277075388998034,2839.9352986552803,73,27.967005045410907,8531.191940320581,41,15.827932806381936,4799.304345161538,76,14.309282321651299,4384.514075190939,2026-08-03 18:00:00,0xaf3d76f1834a1d425780943c99ea8a608f8a93f9
127,43.48536847539268,13282.074997667036,71,21.61235156573502,6567.339109921789,33,3.160042257002418,961.1912580486728,163,64.4719844428404,19714.308992157996,2026-08-03 19:00:00,0xaf3d76f1834a1d425780943c99ea8a608f8a93f9
65,8.649635084465396,2626.9589001655345,66,10.586039402174084,3214.0945260832696,47,3.9423203394141866,1197.6459517374465,264,200.03482320026566,60868.18705146035,2026-08-03 20:00:00,0xaf3d76f1834a1d425780943c99ea8a608f8a93f9
51,8.636823202313417,2620.8108442340967,33,4.6896310473246965,1422.917664150143,46,14.10099767297888,4296.425845685745,91,16.41390931964337,4985.8788374942,2026-08-03 21:00:00,0xaf3d76f1834a1d425780943c99ea8a608f8a93f9
71,15.797993248208252,4797.742527679687,60,12.952581774415467,3939.406460765098,163,32.76361034208598,9968.133820410916,41,15.827932806381936,4799.304345161538,2026-08-03 22:00:00,0xaf3d76f1834a1d425780943c99ea8a608f8a93f9
51,9.499351423683157,2888.7971954590544,107,34.8454800568706,10555.614163442888,317,97.10140120789906,29586.96388882932,33,3.160042257002418,961.1912580486728,2026-08-03 23:00:00,0xaf3d76f1834a1d425780943c99ea8a608f8a93f9
84,25.671935958204877,7812.666794501735,68,11.016126774414078,3336.9564005466514,167,49.59584189436808,15103.983403830141,47,3.9423203394141866,1197.6459517374465,2026-08-04 00:00:00,0xaf3d76f1834a1d425780943c99ea8a608f8a93f9
1100,406.6310283750915,123870.9946241903,77,11.012614354262924,3334.781577248299,87,20.651076605586727,6288.155912132265,46,14.10099767297888,4296.425845685745,2026-08-04 01:00:00,0xaf3d76f1834a1d425780943c99ea8a608f8a93f9
145,42.2170248978305,12861.378222813177,281,177.92651562761276,54085.71889621736,73,27.967005045410907,8531.191940320581,163,32.76361034208598,9968.133820410916,2026-08-04 02:00:00,0xaf3d76f1834a1d425780943c99ea8a608f8a93f9
203,72.83372871170519,22198.104627330606,232,61.37019856538167,18787.211316506462,71,21.61235156573502,6567.339109921789,317,97.10140120789906,29586.96388882932,2026-08-04 03:00:00,0xaf3d76f1834a1d425780943c99ea8a608f8a93f9
186,83.59117824661108,25483.652819362997,111,144.17047966531473,44001.06305155757,66,10.586039402174084,3214.0945260832696,167,49.59584189436808,15103.983403830141,2026-08-04 04:00:00,0xaf3d76f1834a1d425780943c99ea8a608f8a93f9
113,35.17695363037373,10711.702159908566,180,114.03342928587145,35058.338459625455,33,4.6896310473246965,1422.917664150143,87,20.651076605586727,6288.155912132265,2026-08-04 05:00:00,0xaf3d76f1834a1d425780943c99ea8a608f8a93f9
101,48.74337941131111,14804.911997349522,79,11.731609193673762,3632.827080952272,60,12.952581774415467,3939.406460765098,73,27.967005045410907,8531.191940320581,2026-08-04 06:00:00,0xaf3d76f1834a1d425780943c99ea8a608f8a93f9
88,25.50089640925428,7738.84453713665,203,47.4559203353841,14684.442665398163,107,34.8454800568706,10555.614163442888,71,21.61235156573502,6567.339109921789,2026-08-04 07:00:00,0xaf3d76f1834a1d425780943c99ea8a608f8a93f9
53,11.0098895352491,3344.6969329705053,285,71.9975396564688,22289.134510126853,68,11.016126774414078,3336.9564005466514,66,10.586039402174084,3214.0945260832696,2026-08-04 08:00:00,0xaf3d76f1834a1d425780943c99ea8a608f8a93f9
48,12.604693154833202,3832.4565305682986,238,67.97198163357162,21106.38805311222,77,11.012614354262924,3334.781577248299,33,4.6896310473246965,1422.917664150143,2026-08-04 09:00:00,0xaf3d76f1834a1d425780943c99ea8a608f8a93f9
65,9.816108948281284,2985.000770898404,117,26.39301153287004,8173.733839730315,281,177.92651562761276,54085.71889621736,60,12.952581774415467,3939.406460765098,2026-08-04 10:00:00,0xaf3d76f1834a1d425780943c99ea8a608f8a93f9
152,98.35047667735179,29801.801612216263,73,6.077063889159321,1887.7227559745754,232,61.37019856538167,18787.211316506462,107,34.8454800568706,10555.614163442888,2026-08-04 11:00:00,0xaf3d76f1834a1d425780943c99ea8a608f8a93f9
66,8.80809621488213,2664.669046737821,105,17.498734960547385,5405.256178953968,111,144.17047966531473,44001.06305155757,68,11.016126774414078,3336.9564005466514,2026-08-04 12:00:00,0xaf3d76f1834a1d425780943c99ea8a608f8a93f9
97,42.11696707735725,12760.86494833888,91,11.249006464482251,3478.8454681701764,180,114.03342928587145,35058.338459625455,77,11.012614354262924,3334.781577248299,2026-08-04 13:00:00,0xaf3d76f1834a1d425780943c99ea8a608f8a93f9
223,121.16989867312205,37054.184662480955,150,23.516856710262253,7309.177421344047,79,11.731609193673762,3632.827080952272,281,177.92651562761276,54085.71889621736,2026-08-04 14:00:00,0xaf3d76f1834a1d425780943c99ea8a608f8a93f9
94,14.462864067710811,4427.544296504468,83,12.95246549417926,4009.994087638652,203,47.4559203353841,14684.442665398163,232,61.37019856538167,18787.211316506462,2026-08-04 15:00:00,0xaf3d76f1834a1d425780943c99ea8a608f8a93f9
92,26.814352537304572,8205.610466291673,67,4.259019258886266,1322.5326564229247,285,71.9975396564688,22289.134510126853,111,144.17047966531473,44001.06305155757,2026-08-04 16:00:00,0xaf3d76f1834a1d425780943c99ea8a608f8a93f9
233,122.34955840820294,37837.88930528973,103,19.61595419260656,6101.052726655615,238,67.97198163357162,21106.38805311222,180,114.03342928587145,35058.338459625455,2026-08-04 17:00:00,0xaf3d76f1834a1d425780943c99ea8a608f8a93f9
743,145.58315243506695,45083.86760388369,78,10.159818633339029,3161.206922323521,117,26.39301153287004,8173.733839730315,79,11.731609193673762,3632.827080952272,2026-08-04 18:00:00,0xaf3d76f1834a1d425780943c99ea8a608f8a93f9
511,144.68813803253244,44744.22586857882,97,25.294172744833844,7860.666331817081,73,6.077063889159321,1887.7227559745754,203,47.4559203353841,14684.442665398163,2026-08-04 19:00:00,0xaf3d76f1834a1d425780943c99ea8a608f8a93f9
302,94.79121211527321,29341.921532661287,92,10.025755967883683,3114.7802284876966,105,17.498734960547385,5405.256178953968,285,71.9975396564688,22289.134510126853,2026-08-04 20:00:00,0xaf3d76f1834a1d425780943c99ea8a608f8a93f9
92,21.36076474162401,6631.327264294199,290,155.0898576123105,48440.15669271696,91,11.249006464482251,3478.8454681701764,238,67.97198163357162,21106.38805311222,2026-08-04 21:00:00,0xaf3d76f1834a1d425780943c99ea8a608f8a93f9
91,14.545441080881236,4511.601037400639,167,161.4479497884715,50579.23385339777,150,23.516856710262253,7309.177421344047,117,26.39301153287004,8173.733839730315,2026-08-04 22:00:00,0xaf3d76f1834a1d425780943c99ea8a608f8a93f9
89,16.88003980598932,5241.334179325929,144,24.983743109338718,7788.189574144976,83,12.95246549417926,4009.994087638652,73,6.077063889159321,1887.7227559745754,2026-08-04 23:00:00,0xaf3d76f1834a1d425780943c99ea8a608f8a93f9
0,,,0,,,2,0.006841706131360737,0.798943307212,0,,,2026-07-29 00:00:00,0xb0992820e760d836549ba69bc7598b4af75dee03
4,0.15548751105478353,18.221272924956995,4,0.756493578730693,90.54630108340533,1,0.3597481376458874,41.995961868031,0,,,2026-07-29 01:00:00,0xb0992820e760d836549ba69bc7598b4af75dee03
1,0.146710023680476,17.140741378596,0,,,0,,,2,0.13274373731957728,15.514214587511002,2026-07-29 02:00:00,0xb0992820e760d836549ba69bc7598b4af75dee03
1,0.004358702787690028,0.50906784788,0,,,2,0.029853478243352927,3.482962123824,1,0.001307866119462412,0.15275585568,2026-07-29 03:00:00,0xb0992820e760d836549ba69bc7598b4af75dee03
1,0.017622809614217985,2.0577382056,0,,,0,,,2,0.006841706131360737,0.798943307212,2026-07-29 04:00:00,0xb0992820e760d836549ba69bc7598b4af75dee03
0,,,1,0.002061079188457822,0.24014662136,1,0.00389863716439945,0.455142648972,1,0.3597481376458874,41.995961868031,2026-07-29 05:00:00,0xb0992820e760d836549ba69bc7598b4af75dee03
1,0.001923987472707262,0.22451352732000002,0,,,1,0.005488656916311623,0.640463996406,0,,,2026-07-29 06:00:00,0xb0992820e760d836549ba69bc7598b4af75dee03
1,0.00155414006047618,0.181337371896,1,0.005368162399005436,0.62623721746,1,3.8135617332858e-05,0.0044483825279999995,2,0.029853478243352927,3.482962123824,2026-07-29 07:00:00,0xb0992820e760d836549ba69bc7598b4af75dee03
0,,,0,,,0,,,0,,,2026-07-29 08:00:00,0xb0992820e760d836549ba69bc7598b4af75dee03
0,,,0,,,4,0.756493578730693,90.54630108340533,1,0.00389863716439945,0.455142648972,2026-07-29 09:00:00,0xb0992820e760d836549ba69bc7598b4af75dee03
1,0.001498184968672971,0.1747798937,0,,,0,,,1,0.005488656916311623,0.640463996406,2026-07-29 10:00:00,0xb0992820e760d836549ba69bc7598b4af75dee03
0,,,2,0.018616217730745642,2.1559532428550003,0,,,1,3.8135617332858e-05,0.0044483825279999995,2026-07-29 11:00:00,0xb0992820e760d836549ba69bc7598b4af75dee03
0,,,1,0.017898080541764384,2.06932441905,0,,,0,,,2026-07-29 12:00:00,0xb0992820e760d836549ba69bc7598b4af75dee03
0,,,0,,,1,0.002061079188457822,0.24014662136,4,0.756493578730693,90.54630108340533,2026-07-29 13:00:00,0xb0992820e760d836549ba69bc7598b4af75dee03
0,,,0,,,0,,,0,,,2026-07-29 14:00:00,0xb0992820e760d836549ba69bc7598b4af75dee03
0,,,0,,,1,0.005368162399005436,0.62623721746,0,,,2026-07-29 15:00:00,0xb0992820e760d836549ba69bc7598b4af75dee03
1,0.6857266843194492,79.95163247173201,1,0.005667448373573059,0.656621579835,0,,,0,,,2026-07-29 16:00:00,0xb0992820e760d836549ba69bc7598b4af75dee03
0,,,1,0.003069207339241529,0.35573813157399997,0,,,1,0.002061079188457822,0.24014662136,2026-07-29 17:00:00,0xb0992820e760d836549ba69bc7598b4af75dee03
0,,,1,0.000431470995414117,0.049988545358,0,,,0,,,2026-07-29 18:00:00,0xb0992820e760d836549ba69bc7598b4af75dee03
1,0.5572989438807366,67.90951670335001,0,,,2,0.018616217730745642,2.1559532428550003,1,0.005368162399005436,0.62623721746,2026-07-29 19:00:00,0xb0992820e760d836549ba69bc7598b4af75dee03
0,,,0,,,1,0.017898080541764384,2.06932441905,0,,,2026-07-29 20:00:00,0xb0992820e760d836549ba69bc7598b4af75dee03
8,4.008973240153214,465.75466859676897,1,1.510479274116388,174.628113450804,0,,,0,,,2026-07-29 21:00:00,0xb0992820e760d836549ba69bc7598b4af75dee03
1,0.006526316475016894,0.75549449954,0,,,0,,,0,,,2026-07-29 22:00:00,0xb0992820e760d836549ba69bc7598b4af75dee03
1,0.002980981260637577,0.34457290908,0,,,0,,,2,0.018616217730745642,2.1559532428550003,2026-07-29 23:00:00,0xb0992820e760d836549ba69bc7598b4af75dee03
3,0.008388310193114493,0.9680603134164603,6,3.810683234772021,460.82944733868703,1,0.005667448373573059,0.656621579835,1,0.017898080541764384,2.06932441905,2026-07-30 00:00:00,0xb0992820e760d836549ba69bc7598b4af75dee03
1,0.0193252011261285,2.2345974108699997,3,4.76057116363607,581.917965858373,1,0.003069207339241529,0.35573813157399997,0,,,2026-07-30 01:00:00,0xb0992820e760d836549ba69bc7598b4af75dee03
1,0.8570920293975555,103.61832513449998,30,12.56199658552754,1570.7597877169223,1,0.000431470995414117,0.049988545358,0,,,2026-07-30 02:00:00,0xb0992820e760d836549ba69bc7598b4af75dee03
0,,,0,,,0,,,0,,,2026-07-30 03:00:00,0xb0992820e760d836549ba69bc7598b4af75dee03
0,,,0,,,0,,,1,0.005667448373573059,0.656621579835,2026-07-30 04:00:00,0xb0992820e760d836549ba69bc7598b4af75dee03
0,,,1,0.008417178702053897,1.033496021896,1,1.510479274116388,174.628113450804,1,0.003069207339241529,0.35573813157399997,2026-07-30 05:00:00,0xb0992820e760d836549ba69bc7598b4af75dee03
0,,,2,0.002390534960115006,0.29356109775399997,0,,,1,0.000431470995414117,0.049988545358,2026-07-30 06:00:00,0xb0992820e760d836549ba69bc7598b4af75dee03
1,0.1001982384032419,11.610481563954,4,0.07641321293058183,9.377063735283,0,,,0,,,2026-07-30 07:00:00,0xb0992820e760d836549ba69bc7598b4af75dee03
0,,,0,,,6,3.810683234772021,460.82944733868703,0,,,2026-07-30 08:00:00,0xb0992820e760d836549ba69bc7598b4af75dee03
1,2.6199999999999e-05,0.0028982521947542223,3,0.7740046826553416,99.9452209198825,3,4.76057116363607,581.917965858373,1,1.510479274116388,174.628113450804,2026-07-30 09:00:00,0xb0992820e760d836549ba69bc7598b4af75dee03
0,,,0,,,30,12.56199658552754,1570.7597877169223,0,,,2026-07-30 10:00:00,0xb0992820e760d836549ba69bc7598b4af75dee03
0,,,2,0.325530918759082,42.117820318454,0,,,0,,,2026-07-30 11:00:00,0xb0992820e760d836549ba69bc7598b4af75dee03
0,,,0,,,0,,,6,3.810683234772021,460.82944733868703,2026-07-30 12:00:00,0xb0992820e760d836549ba69bc7598b4af75dee03
1,0.5600357179113049,68.91726104818599,9,1.5776373498126899,205.2022285091368,1,0.008417178702053897,1.033496021896,3,4.76057116363607,581.917965858373,2026-07-30 13:00:00,0xb0992820e760d836549ba69bc7598b4af75dee03
11,3.705613823162284,472.719306439963,0,,,2,0.002390534960115006,0.29356109775399997,30,12.56199658552754,1570.7597877169223,2026-07-30 14:00:00,0xb0992820e760d836549ba69bc7598b4af75dee03
0,,,0,,,4,0.07641321293058183,9.377063735283,0,,,2026-07-30 15:00:00,0xb0992820e760d836549ba69bc7598b4af75dee03
0,,,1,0.08125277781159694,10.170819259847999,0,,,0,,,2026-07-30 16:00:00,0xb0992820e760d836549ba69bc7598b4af75dee03
3,0.1514334426212092,18.599296397581,3,0.096457636809052,12.509678842987645,3,0.7740046826553416,99.9452209198825,1,0.008417178702053897,1.033496021896,2026-07-30 17:00:00,0xb0992820e760d836549ba69bc7598b4af75dee03
1,0.000775562294963833,0.0952571432,2,0.005406492381980397,0.705804377667,0,,,2,0.002390534960115006,0.29356109775399997,2026-07-30 18:00:00,0xb0992820e760d836549ba69bc7598b4af75dee03
0,,,3,0.005910131604392976,0.739863985383,2,0.325530918759082,42.117820318454,4,0.07641321293058183,9.377063735283,2026-07-30 19:00:00,0xb0992820e760d836549ba69bc7598b4af75dee03
9,3.1661923698915144,407.1058378770163,0,,,0,,,0,,,2026-07-30 20:00:00,0xb0992820e760d836549ba69bc7598b4af75dee03
1,0.001185700420038584,0.147049029015,9,2.655528149168835,350.98261486835366,9,1.5776373498126899,205.2022285091368,3,0.7740046826553416,99.9452209198825,2026-07-30 21:00:00,0xb0992820e760d836549ba69bc7598b4af75dee03
1,0.015036353474062184,1.8658506830850001,0,,,0,,,0,,,2026-07-30 22:00:00,0xb0992820e760d836549ba69bc7598b4af75dee03
3,0.06752051961443878,8.743777917184387,0,,,0,,,2,0.325530918759082,42.117820318454,2026-07-30 23:00:00,0xb0992820e760d836549ba69bc7598b4af75dee03
2,0.7608712874211128,98.735582035199,0,,,1,0.08125277781159694,10.170819259847999,0,,,2026-07-31 00:00:00,0xb0992820e760d836549ba69bc7598b4af75dee03
13,0.7512400355095034,97.984287482234,0,,,3,0.096457636809052,12.509678842987645,9,1.5776373498126899,205.2022285091368,2026-07-31 01:00:00,0xb0992820e760d836549ba69bc7598b4af75dee03
1,0.019362696626997154,2.425066252185,0,,,2,0.005406492381980397,0.705804377667,0,,,2026-07-31 02:00:00,0xb0992820e760d836549ba69bc7598b4af75dee03
2,0.00877794720340881,1.099602339799,2,0.04026938446268079,5.072389665500001,3,0.005910131604392976,0.739863985383,0,,,2026-07-31 03:00:00,0xb0992820e760d836549ba69bc7598b4af75dee03
2,0.002309682224213364,0.2895603178258661,0,,,0,,,1,0.08125277781159694,10.170819259847999,2026-07-31 04:00:00,0xb0992820e760d836549ba69bc7598b4af75dee03
1,0.013642753316870397,1.7081298993880003,0,,,9,2.655528149168835,350.98261486835366,3,0.096457636809052,12.509678842987645,2026-07-31 05:00:00,0xb0992820e760d836549ba69bc7598b4af75dee03
4,0.11932303952297009,15.591054422615,0,,,0,,,2,0.005406492381980397,0.705804377667,2026-07-31 06:00:00,0xb0992820e760d836549ba69bc7598b4af75dee03
1,0.08907084449712212,11.545460742944398,1,0.000425744421942331,0.053656697908000005,0,,,3,0.005910131604392976,0.739863985383,2026-07-31 07:00:00,0xb0992820e760d836549ba69bc7598b4af75dee03
10,3.151468804191093,413.3588820876596,0,,,0,,,0,,,2026-07-31 08:00:00,0xb0992820e760d836549ba69bc7598b4af75dee03
8,0.8495020031321622,112.76240309183402,1,0.007738116721359187,0.974504914756,0,,,9,2.655528149168835,350.98261486835366,2026-07-31 09:00:00,0xb0992820e760d836549ba69bc7598b4af75dee03
4,0.03755392697276833,3.858135887616,2,0.13426262974333067,16.904019605570998,0,,,0,,,2026-07-31 10:00:00,0xb0992820e760d836549ba69bc7598b4af75dee03
0,,,1,0.012672251195333292,1.59489209397,2,0.04026938446268079,5.072389665500001,0,,,2026-07-31 11:00:00,0xb0992820e760d836549ba69bc7598b4af75dee03
0,,,0,,,0,,,0,,,2026-07-31 12:00:00,0xb0992820e760d836549ba69bc7598b4af75dee03
0,,,0,,,0,,,0,,,2026-07-31 13:00:00,0xb0992820e760d836549ba69bc7598b4af75dee03
9,4.063292897743713,514.841071666251,7,0.08770321463721614,11.039701285505,0,,,0,,,2026-07-31 14:00:00,0xb0992820e760d836549ba69bc7598b4af75dee03
2,0.0009316360937241961,0.10961094741652916,0,,,1,0.000425744421942331,0.053656697908000005,2,0.04026938446268079,5.072389665500001,2026-07-31 15:00:00,0xb0992820e760d836549ba69bc7598b4af75dee03
1,0.000374172346128206,0.047131648272,2,0.03149044767635708,3.968540784335,0,,,0,,,2026-07-31 16:00:00,0xb0992820e760d836549ba69bc7598b4af75dee03
1,0.000684618729382801,0.08624844116000001,2,0.00314066830243653,0.3958626984279999,1,0.007738116721359187,0.974504914756,0,,,2026-07-31 17:00:00,0xb0992820e760d836549ba69bc7598b4af75dee03
0,,,0,,,2,0.13426262974333067,16.904019605570998,0,,,2026-07-31 18:00:00,0xb0992820e760d836549ba69bc7598b4af75dee03
0,,,0,,,1,0.012672251195333292,1.59489209397,1,0.000425744421942331,0.053656697908000005,2026-07-31 19:00:00,0xb0992820e760d836549ba69bc7598b4af75dee03
0,,,0,,,0,,,0,,,2026-07-31 20:00:00,0xb0992820e760d836549ba69bc7598b4af75dee03
0,,,1,0.005851906323267392,0.736746136896,0,,,1,0.007738116721359187,0.974504914756,2026-07-31 21:00:00,0xb0992820e760d836549ba69bc7598b4af75dee03
1,0.013115640632769808,1.6515153699299998,0,,,7,0.08770321463721614,11.039701285505,2,0.13426262974333067,16.904019605570998,2026-07-31 22:00:00,0xb0992820e760d836549ba69bc7598b4af75dee03
0,,,0,,,0,,,1,0.012672251195333292,1.59489209397,2026-07-31 23:00:00,0xb0992820e760d836549ba69bc7598b4af75dee03
6,0.11207325920617775,14.106158097431999,2,0.009097868058779109,1.145768806956,2,0.03149044767635708,3.968540784335,0,,,2026-08-01 00:00:00,0xb0992820e760d836549ba69bc7598b4af75dee03
1,0.007390297319076706,0.930279062107,1,0.08073800417942051,10.163386614405999,2,0.00314066830243653,0.3958626984279999,0,,,2026-08-01 01:00:00,0xb0992820e760d836549ba69bc7598b4af75dee03
1,0.001649349338771693,0.20760177473100003,0,,,0,,,7,0.08770321463721614,11.039701285505,2026-08-01 02:00:00,0xb0992820e760d836549ba69bc7598b4af75dee03
0,,,0,,,0,,,0,,,2026-08-01 03:00:00,0xb0992820e760d836549ba69bc7598b4af75dee03
0,,,3,0.012580143247949123,1.583724157172,0,,,2,0.03149044767635708,3.968540784335,2026-08-01 04:00:00,0xb0992820e760d836549ba69bc7598b4af75dee03
1,0.007060551586157013,0.9280328843090001,1,0.000924007815169762,0.11627984903099998,1,0.005851906323267392,0.736746136896,2,0.00314066830243653,0.3958626984279999,2026-08-01 05:00:00,0xb0992820e760d836549ba69bc7598b4af75dee03
0,,,0,,,0,,,0,,,2026-08-01 06:00:00,0xb0992820e760d836549ba69bc7598b4af75dee03
1,0.03352763546945702,4.22232893289,0,,,0,,,0,,,2026-08-01 07:00:00,0xb0992820e760d836549ba69bc7598b4af75dee03
0,,,0,,,2,0.009097868058779109,1.145768806956,0,,,2026-08-01 08:00:00,0xb0992820e760d836549ba69bc7598b4af75dee03
0,,,0,,,1,0.08073800417942051,10.163386614405999,1,0.005851906323267392,0.736746136896,2026-08-01 09:00:00,0xb0992820e760d836549ba69bc7598b4af75dee03
0,,,0,,,0,,,0,,,2026-08-01 10:00:00,0xb0992820e760d836549ba69bc7598b4af75dee03
0,,,0,,,0,,,0,,,2026-08-01 11:00:00,0xb0992820e760d836549ba69bc7598b4af75dee03
0,,,0,,,3,0.012580143247949123,1.583724157172,2,0.009097868058779109,1.145768806956,2026-08-01 12:00:00,0xb0992820e760d836549ba69bc7598b4af75dee03
0,,,1,0.009503983426509323,1.233898989499511,1,0.000924007815169762,0.11627984903099998,1,0.08073800417942051,10.163386614405999,2026-08-01 13:00:00,0xb0992820e760d836549ba69bc7598b4af75dee03
0,,,0,,,0,,,0,,,2026-08-01 14:00:00,0xb0992820e760d836549ba69bc7598b4af75dee03
1,0.011314948098796103,1.424424131658,1,0.007004295932580775,0.881009928848,0,,,0,,,2026-08-01 15:00:00,0xb0992820e760d836549ba69bc7598b4af75dee03
0,,,2,0.00731243207826164,0.9200129694779999,0,,,3,0.012580143247949123,1.583724157172,2026-08-01 16:00:00,0xb0992820e760d836549ba69bc7598b4af75dee03
0,,,1,0.010575817769311996,1.3311592166,0,,,1,0.000924007815169762,0.11627984903099998,2026-08-01 17:00:00,0xb0992820e760d836549ba69bc7598b4af75dee03
0,,,10,0.13770445426038327,17.312914878894,0,,,0,,,2026-08-01 18:00:00,0xb0992820e760d836549ba69bc7598b4af75dee03
1,0.000408416402193207,0.05140764244,1,0.001943842909136578,0.24460707357600003,0,,,0,,,2026-08-01 19:00:00,0xb0992820e760d836549ba69bc7598b4af75dee03
1,0.010210594835336421,1.2857015915100003,0,,,0,,,0,,,2026-08-01 20:00:00,0xb0992820e760d836549ba69bc7598b4af75dee03
0,,,1,0.004323070403810995,0.5678154347040001,1,0.009503983426509323,1.233898989499511,0,,,2026-08-01 21:00:00,0xb0992820e760d836549ba69bc7598b4af75dee03
0,,,2,0.019927988484045426,2.5077891008159994,0,,,0,,,2026-08-01 22:00:00,0xb0992820e760d836549ba69bc7598b4af75dee03
1,0.000256764785030182,0.030023636182146665,0,,,1,0.007004295932580775,0.881009928848,0,,,2026-08-01 23:00:00,0xb0992820e760d836549ba69bc7598b4af75dee03
0,,,0,,,2,0.00731243207826164,0.9200129694779999,0,,,2026-08-02 00:00:00,0xb0992820e760d836549ba69bc7598b4af75dee03
0,,,0,,,1,0.010575817769311996,1.3311592166,1,0.009503983426509323,1.233898989499511,2026-08-02 01:00:00,0xb0992820e760d836549ba69bc7598b4af75dee03
1,0.000399127963102347,0.050213514699999996,1,0.002983749356771387,0.37517250068399993,10,0.13770445426038327,17.312914878894,0,,,2026-08-02 02:00:00,0xb0992820e760d836549ba69bc7598b4af75dee03
0,,,2,0.026049749964460012,3.3343127346620003,1,0.001943842909136578,0.24460707357600003,1,0.007004295932580775,0.881009928848,2026-08-02 03:00:00,0xb0992820e760d836549ba69bc7598b4af75dee03
0,,,0,,,0,,,2,0.00731243207826164,0.9200129694779999,2026-08-02 04:00:00,0xb0992820e760d836549ba69bc7598b4af75dee03
0,,,0,,,1,0.004323070403810995,0.5678154347040001,1,0.010575817769311996,1.3311592166,2026-08-02 05:00:00,0xb0992820e760d836549ba69bc7598b4af75dee03
0,,,2,4.53075711765354,598.7264160000001,2,0.019927988484045426,2.5077891008159994,10,0.13770445426038327,17.312914878894,2026-08-02 06:00:00,0xb0992820e760d836549ba69bc7598b4af75dee03
0,,,0,,,0,,,1,0.001943842909136578,0.24460707357600003,2026-08-02 07:00:00,0xb0992820e760d836549ba69bc7598b4af75dee03
1,0.004950557663375902,0.6496926636339999,0,,,0,,,0,,,2026-08-02 08:00:00,0xb0992820e760d836549ba69bc7598b4af75dee03
0,,,0,,,0,,,1,0.004323070403810995,0.5678154347040001,2026-08-02 09:00:00,0xb0992820e760d836549ba69bc7598b4af75dee03
0,,,2,0.03949415269043673,5.128318527379999,1,0.002983749356771387,0.37517250068399993,2,0.019927988484045426,2.5077891008159994,2026-08-02 10:00:00,0xb0992820e760d836549ba69bc7598b4af75dee03
0,,,1,0.004079241247701745,0.532167743286,2,0.026049749964460012,3.3343127346620003,0,,,2026-08-02 11:00:00,0xb0992820e760d836549ba69bc7598b4af75dee03
0,,,0,,,0,,,0,,,2026-08-02 12:00:00,0xb0992820e760d836549ba69bc7598b4af75dee03
0,,,0,,,0,,,0,,,2026-08-02 13:00:00,0xb0992820e760d836549ba69bc7598b4af75dee03
1,0.005078718,0.651091616892,0,,,2,4.53075711765354,598.7264160000001,1,0.002983749356771387,0.37517250068399993,2026-08-02 14:00:00,0xb0992820e760d836549ba69bc7598b4af75dee03
0,,,0,,,0,,,2,0.026049749964460012,3.3343127346620003,2026-08-02 15:00:00,0xb0992820e760d836549ba69bc7598b4af75dee03
0,,,1,0.10335176810055784,13.66550905324574,0,,,0,,,2026-08-02 16:00:00,0xb0992820e760d836549ba69bc7598b4af75dee03
0,,,0,,,0,,,0,,,2026-08-02 17:00:00,0xb0992820e760d836549ba69bc7598b4af75dee03
2,4.472636414404566,598.6115616000001,0,,,2,0.03949415269043673,5.128318527379999,2,4.53075711765354,598.7264160000001,2026-08-02 18:00:00,0xb0992820e760d836549ba69bc7598b4af75dee03
0,,,0,,,1,0.004079241247701745,0.532167743286,0,,,2026-08-02 19:00:00,0xb0992820e760d836549ba69bc7598b4af75dee03
0,,,0,,,0,,,0,,,2026-08-02 20:00:00,0xb0992820e760d836549ba69bc7598b4af75dee03
0,,,0,,,0,,,0,,,2026-08-02 21:00:00,0xb0992820e760d836549ba69bc7598b4af75dee03
0,,,0,,,0,,,2,0.03949415269043673,5.128318527379999,2026-08-02 22:00:00,0xb0992820e760d836549ba69bc7598b4af75dee03
0,,,0,,,0,,,1,0.004079241247701745,0.532167743286,2026-08-02 23:00:00,0xb0992820e760d836549ba69bc7598b4af75dee03
1,0.006809980685647242,0.87799056276,14,0.12474238902080852,16.53101710071952,1,0.10335176810055784,13.66550905324574,0,,,2026-08-03 00:00:00,0xb0992820e760d836549ba69bc7598b4af75dee03
0,,,1,0.002849839285803054,0.367788458765,0,,,0,,,2026-08-03 01:00:00,0xb0992820e760d836549ba69bc7598b4af75dee03
1,0.10865324021689264,14.319094214906162,34,11.074869534160145,1513.8395888244677,0,,,0,,,2026-08-03 02:00:00,0xb0992820e760d836549ba69bc7598b4af75dee03
0,,,4,1.5418421042502453,204.82423928863994,0,,,0,,,2026-08-03 03:00:00,0xb0992820e760d836549ba69bc7598b4af75dee03
0,,,0,,,0,,,1,0.10335176810055784,13.66550905324574,2026-08-03 04:00:00,0xb0992820e760d836549ba69bc7598b4af75dee03
1,0.01908859743749423,2.46382958975,0,,,0,,,0,,,2026-08-03 05:00:00,0xb0992820e760d836549ba69bc7598b4af75dee03
0,,,5,0.013552927234381599,1.8229578508470001,0,,,0,,,2026-08-03 06:00:00,0xb0992820e760d836549ba69bc7598b4af75dee03
0,,,0,,,0,,,0,,,2026-08-03 07:00:00,0xb0992820e760d836549ba69bc7598b4af75dee03
1,0.18915506186687145,24.99235925291517,9,0.758113998480876,107.4000397762574,14,0.12474238902080852,16.53101710071952,0,,,2026-08-03 08:00:00,0xb0992820e760d836549ba69bc7598b4af75dee03
0,,,0,,,1,0.002849839285803054,0.367788458765,0,,,2026-08-03 09:00:00,0xb0992820e760d836549ba69bc7598b4af75dee03
1,0.007731591419425445,0.99705218313,6,14.631240719292432,1993.433967579056,34,11.074869534160145,1513.8395888244677,0,,,2026-08-03 10:00:00,0xb0992820e760d836549ba69bc7598b4af75dee03
0,,,1,0.000131396062629172,0.017964296783999998,4,1.5418421042502453,204.82423928863994,0,,,2026-08-03 11:00:00,0xb0992820e760d836549ba69bc7598b4af75dee03
1,0.000422256585012297,0.05450517915,1,0.00441061079585601,0.628742632648,0,,,14,0.12474238902080852,16.53101710071952,2026-08-03 12:00:00,0xb0992820e760d836549ba69bc7598b4af75dee03
5,0.009812192460084447,1.265925342822,0,,,0,,,1,0.002849839285803054,0.367788458765,2026-08-03 13:00:00,0xb0992820e760d836549ba69bc7598b4af75dee03
1,0.06158102832744682,8.194348091232,4,0.25387150815475806,36.240281277733,5,0.013552927234381599,1.8229578508470001,34,11.074869534160145,1513.8395888244677,2026-08-03 14:00:00,0xb0992820e760d836549ba69bc7598b4af75dee03
0,,,2,0.013431640847272063,1.8403567618840002,0,,,4,1.5418421042502453,204.82423928863994,2026-08-03 15:00:00,0xb0992820e760d836549ba69bc7598b4af75dee03
8,1.757669998567569,243.78260075922293,3,0.20002682027042046,28.584119445891524,9,0.758113998480876,107.4000397762574,0,,,2026-08-03 16:00:00,0xb0992820e760d836549ba69bc7598b4af75dee03
1,0.000106760228477348,0.013666122993999998,4,0.47869621307550864,68.667877718181,0,,,0,,,2026-08-03 17:00:00,0xb0992820e760d836549ba69bc7598b4af75dee03
3,0.19253294375006885,27.058681376797004,2,0.22908820973565414,33.04060258276823,6,14.631240719292432,1993.433967579056,5,0.013552927234381599,1.8229578508470001,2026-08-03 18:00:00,0xb0992820e760d836549ba69bc7598b4af75dee03
5,0.5505233369948507,77.72791392593739,2,0.007715760307161328,1.0682956987680001,1,0.000131396062629172,0.017964296783999998,0,,,2026-08-03 19:00:00,0xb0992820e760d836549ba69bc7598b4af75dee03
4,0.25708577723909487,36.119113807358,2,0.022201227222206653,3.1525458514752165,1,0.00441061079585601,0.628742632648,9,0.758113998480876,107.4000397762574,2026-08-03 20:00:00,0xb0992820e760d836549ba69bc7598b4af75dee03
3,2.7099799313302286,373.90969987093,2,0.01852353408380649,2.563118899858,0,,,0,,,2026-08-03 21:00:00,0xb0992820e760d836549ba69bc7598b4af75dee03
1,0.000361941551015902,0.005023314681,1,0.002541119853567271,0.351696605605,4,0.25387150815475806,36.240281277733,6,14.631240719292432,1993.433967579056,2026-08-03 22:00:00,0xb0992820e760d836549ba69bc7598b4af75dee03
0,,,0,,,2,0.013431640847272063,1.8403567618840002,1,0.000131396062629172,0.017964296783999998,2026-08-03 23:00:00,0xb0992820e760d836549ba69bc7598b4af75dee03
1,0.006920823060006922,0.9458975164600001,0,,,3,0.20002682027042046,28.584119445891524,1,0.00441061079585601,0.628742632648,2026-08-04 00:00:00,0xb0992820e760d836549ba69bc7598b4af75dee03
1,0.000128348803661226,0.017538135117000003,0,,,4,0.47869621307550864,68.667877718181,0,,,2026-08-04 01:00:00,0xb0992820e760d836549ba69bc7598b4af75dee03
0,,,17,5.649745134809576,789.6551335515751,2,0.22908820973565414,33.04060258276823,4,0.25387150815475806,36.240281277733,2026-08-04 02:00:00,0xb0992820e760d836549ba69bc7598b4af75dee03
0,,,1,0.007367256935974394,1.0270662065100002,2,0.007715760307161328,1.0682956987680001,2,0.013431640847272063,1.8403567618840002,2026-08-04 03:00:00,0xb0992820e760d836549ba69bc7598b4af75dee03
1,0.000235399127900113,0.032261021142,6,2.470565357490469,360.079267929323,2,0.022201227222206653,3.1525458514752165,3,0.20002682027042046,28.584119445891524,2026-08-04 04:00:00,0xb0992820e760d836549ba69bc7598b4af75dee03
2,0.19395872425639663,27.888955996510724,10,5.806593974548525,859.573940609838,2,0.01852353408380649,2.563118899858,4,0.47869621307550864,68.667877718181,2026-08-04 05:00:00,0xb0992820e760d836549ba69bc7598b4af75dee03
5,0.011630058676766055,1.6441642867449997,2,0.022468957397416552,3.341664277645,1,0.002541119853567271,0.351696605605,2,0.22908820973565414,33.04060258276823,2026-08-04 06:00:00,0xb0992820e760d836549ba69bc7598b4af75dee03
1,0.006957644648409087,0.9996903222445381,0,,,0,,,2,0.007715760307161328,1.0682956987680001,2026-08-04 07:00:00,0xb0992820e760d836549ba69bc7598b4af75dee03
0,,,0,,,0,,,2,0.022201227222206653,3.1525458514752165,2026-08-04 08:00:00,0xb0992820e760d836549ba69bc7598b4af75dee03
0,,,0,,,0,,,2,0.01852353408380649,2.563118899858,2026-08-04 09:00:00,0xb0992820e760d836549ba69bc7598b4af75dee03
1,0.014790610950935732,2.0461526856259997,4,0.06275748053149295,8.944515935835001,17,5.649745134809576,789.6551335515751,1,0.002541119853567271,0.351696605605,2026-08-04 10:00:00,0xb0992820e760d836549ba69bc7598b4af75dee03
0,,,0,,,1,0.007367256935974394,1.0270662065100002,0,,,2026-08-04 11:00:00,0xb0992820e760d836549ba69bc7598b4af75dee03
0,,,0,,,6,2.470565357490469,360.079267929323,0,,,2026-08-04 12:00:00,0xb0992820e760d836549ba69bc7598b4af75dee03
86,30.86573143054809,4384.872810310177,1,0.007053958036227029,1.000241010098,10,5.806593974548525,859.573940609838,0,,,2026-08-04 13:00:00,0xb0992820e760d836549ba69bc7598b4af75dee03
8,1.5577986804598107,225.443900019629,0,,,2,0.022468957397416552,3.341664277645,17,5.649745134809576,789.6551335515751,2026-08-04 14:00:00,0xb0992820e760d836549ba69bc7598b4af75dee03
1,0.007754892032511535,1.080340578774,2,0.11679916809186,16.569991810618998,0,,,1,0.007367256935974394,1.0270662065100002,2026-08-04 15:00:00,0xb0992820e760d836549ba69bc7598b4af75dee03
17,6.20572374484533,911.0944012624617,0,,,0,,,6,2.470565357490469,360.079267929323,2026-08-04 16:00:00,0xb0992820e760d836549ba69bc7598b4af75dee03
5,1.4399212236580166,214.051161793757,0,,,0,,,10,5.806593974548525,859.573940609838,2026-08-04 17:00:00,0xb0992820e760d836549ba69bc7598b4af75dee03
0,,,0,,,4,0.06275748053149295,8.944515935835001,2,0.022468957397416552,3.341664277645,2026-08-04 18:00:00,0xb0992820e760d836549ba69bc7598b4af75dee03
0,,,0,,,0,,,0,,,2026-08-04 19:00:00,0xb0992820e760d836549ba69bc7598b4af75dee03
1,0.008747982851960628,1.300641778183,0,,,0,,,0,,,2026-08-04 20:00:00,0xb0992820e760d836549ba69bc7598b4af75dee03
1,0.000485688554113533,0.069196200852,0,,,1,0.007053958036227029,1.000241010098,0,,,2026-08-04 21:00:00,0xb0992820e760d836549ba69bc7598b4af75dee03
1,0.002355422525766706,0.335619354994,0,,,0,,,4,0.06275748053149295,8.944515935835001,2026-08-04 22:00:00,0xb0992820e760d836549ba69bc7598b4af75dee03
0,,,0,,,2,0.11679916809186,16.569991810618998,0,,,2026-08-04 23:00:00,0xb0992820e760d836549ba69bc7598b4af75dee03
123,7.202608481569108,8215.577849487656,0,,,42,4.7446713203471935,4849.65671567263,52,5.730565096287824,6343.3004620334,2026-07-29 00:00:00,0xb90a19ff0af67f7779aff50a882a9cff42446400
50,3.7579394492068396,4095.8885706554615,1,8.30328644021e-05,0.08938964244,38,5.6108345448794426,5682.236792078267,31,2.441538942176278,2717.8204892884983,2026-07-29 01:00:00,0xb90a19ff0af67f7779aff50a882a9cff42446400
15,1.7205351874857973,1826.872790329525,190,38.18487589794776,40870.56738659123,20,2.642188834620438,2780.361888294533,30,3.113472037803751,3313.63573330489,2026-07-29 02:00:00,0xb90a19ff0af67f7779aff50a882a9cff42446400
22,1.9803607200319164,2057.064481219263,13,2.356349411738872,2408.8806087441862,7,1.0379789011033056,1102.442678908176,7,1.2532131263687114,1308.1481300626058,2026-07-29 03:00:00,0xb90a19ff0af67f7779aff50a882a9cff42446400
163,16.732971297323164,16787.945022284068,13,3.2913328082992015,3323.1978426727082,0,,,42,4.7446713203471935,4849.65671567263,2026-07-29 04:00:00,0xb90a19ff0af67f7779aff50a882a9cff42446400
21,2.0452887626027363,2124.8678907974036,6,0.874857445445486,900.301159540576,3,0.1906358985928533,205.0572610169927,38,5.6108345448794426,5682.236792078267,2026-07-29 05:00:00,0xb90a19ff0af67f7779aff50a882a9cff42446400
3,0.27831159305129377,288.519743164158,2,0.05377890286678977,56.88976483836,31,1.8367021449345913,2052.926366949084,20,2.642188834620438,2780.361888294533,2026-07-29 06:00:00,0xb90a19ff0af67f7779aff50a882a9cff42446400
17,1.6295753468413792,1744.2542037652784,79,15.600680824002657,17026.962533649385,54,5.726519056966453,6220.415898319851,7,1.0379789011033056,1102.442678908176,2026-07-29 07:00:00,0xb90a19ff0af67f7779aff50a882a9cff42446400
7,3.3465744437363614,3580.7981033745223,75,15.558611639297654,15961.799335817817,0,,,0,,,2026-07-29 08:00:00,0xb90a19ff0af67f7779aff50a882a9cff42446400
63,7.427336241203797,8123.754961784009,6,1.060071161132428,1063.0148078529871,1,8.30328644021e-05,0.08938964244,3,0.1906358985928533,205.0572610169927,2026-07-29 09:00:00,0xb90a19ff0af67f7779aff50a882a9cff42446400
2,0.4414450190935411,494.396766163268,6,2.480716942403608,2474.4477197617925,190,38.18487589794776,40870.56738659123,31,1.8367021449345913,2052.926366949084,2026-07-29 10:00:00,0xb90a19ff0af67f7779aff50a882a9cff42446400
14,2.0809733946743587,2291.5901312955107,6,1.4446501308357094,1451.7132754725499,13,2.356349411738872,2408.8806087441862,54,5.726519056966453,6220.415898319851,2026-07-29 11:00:00,0xb90a19ff0af67f7779aff50a882a9cff42446400
6,1.427218849903059,1540.190541177061,1,0.001366999008354447,1.361725555734,13,3.2913328082992015,3323.1978426727082,0,,,2026-07-29 12:00:00,0xb90a19ff0af67f7779aff50a882a9cff42446400
48,6.794128039042986,7554.740592172968,2,0.1561989294171322,156.61646269413302,6,0.874857445445486,900.301159540576,1,8.30328644021e-05,0.08938964244,2026-07-29 13:00:00,0xb90a19ff0af67f7779aff50a882a9cff42446400
114,21.660439043668994,22516.82607887512,39,6.9975641419633865,7406.030405697349,2,0.05377890286678977,56.88976483836,190,38.18487589794776,40870.56738659123,2026-07-29 14:00:00,0xb90a19ff0af67f7779aff50a882a9cff42446400
11,3.6106871057168073,3711.9398200686624,25,5.049737935376385,5184.587731833632,79,15.600680824002657,17026.962533649385,13,2.356349411738872,2408.8806087441862,2026-07-29 15:00:00,0xb90a19ff0af67f7779aff50a882a9cff42446400
26,5.840709593531373,5928.3370387382865,5,0.5125215355522047,529.987187695762,75,15.558611639297654,15961.799335817817,13,3.2913328082992015,3323.1978426727082,2026-07-29 16:00:00,0xb90a19ff0af67f7779aff50a882a9cff42446400
51,9.258235963846147,9658.269090558886,1,0.000942242424548606,0.9539469861879999,6,1.060071161132428,1063.0148078529871,6,0.874857445445486,900.301159540576,2026-07-29 17:00:00,0xb90a19ff0af67f7779aff50a882a9cff42446400
38,7.58214411561361,8089.623287277775,1,0.000631165568274616,0.6380606795529999,6,2.480716942403608,2474.4477197617925,2,0.05377890286678977,56.88976483836,2026-07-29 18:00:00,0xb90a19ff0af67f7779aff50a882a9cff42446400
104,21.04451342330145,22663.764675563616,6,1.5646074912183403,1579.031808572208,6,1.4446501308357094,1451.7132754725499,79,15.600680824002657,17026.962533649385,2026-07-29 19:00:00,0xb90a19ff0af67f7779aff50a882a9cff42446400
37,8.32884620880467,8294.707519504916,9,1.953121919465923,1968.4018622052713,1,0.001366999008354447,1.361725555734,75,15.558611639297654,15961.799335817817,2026-07-29 20:00:00,0xb90a19ff0af67f7779aff50a882a9cff42446400
39,6.221569915087285,6096.808672058649,4,0.9640483812236943,986.2767726062941,2,0.1561989294171322,156.61646269413302,6,1.060071161132428,1063.0148078529871,2026-07-29 21:00:00,0xb90a19ff0af67f7779aff50a882a9cff42446400
33,9.920922408942138,10005.256511305502,6,0.9164757166238497,942.653442308347,39,6.9975641419633865,7406.030405697349,6,2.480716942403608,2474.4477197617925,2026-07-29 22:00:00,0xb90a19ff0af67f7779aff50a882a9cff42446400
0,,,5,0.6513070908094345,681.861830833092,25,5.049737935376385,5184.587731833632,6,1.4446501308357094,1451.7132754725499,2026-07-29 23:00:00,0xb90a19ff0af67f7779aff50a882a9cff42446400
16,3.461397038705066,3518.988618020369,27,54.3453630799421,58528.08393056387,5,0.5125215355522047,529.987187695762,1,0.001366999008354447,1.361725555734,2026-07-30 00:00:00,0xb90a19ff0af67f7779aff50a882a9cff42446400
49,9.653574165067788,10004.337049468299,37,5.292071276209738,5797.59798754655,1,0.000942242424548606,0.9539469861879999,2,0.1561989294171322,156.61646269413302,2026-07-30 01:00:00,0xb90a19ff0af67f7779aff50a882a9cff42446400
17,3.9876511718270073,4143.548466185848,212,27.139092634958807,32311.00315471842,1,0.000631165568274616,0.6380606795529999,39,6.9975641419633865,7406.030405697349,2026-07-30 02:00:00,0xb90a19ff0af67f7779aff50a882a9cff42446400
21,4.0584217335181085,4121.118052146938,37,6.658328104289997,8334.409439204817,6,1.5646074912183403,1579.031808572208,25,5.049737935376385,5184.587731833632,2026-07-30 03:00:00,0xb90a19ff0af67f7779aff50a882a9cff42446400
0,,,4,0.9277517455130434,1164.6640261787961,9,1.953121919465923,1968.4018622052713,5,0.5125215355522047,529.987187695762,2026-07-30 04:00:00,0xb90a19ff0af67f7779aff50a882a9cff42446400
1,0.2979543444958767,301.47584674363,0,,,4,0.9640483812236943,986.2767726062941,1,0.000942242424548606,0.9539469861879999,2026-07-30 05:00:00,0xb90a19ff0af67f7779aff50a882a9cff42446400
0,,,3,0.0623485907180804,77.48897335712158,6,0.9164757166238497,942.653442308347,1,0.000631165568274616,0.6380606795529999,2026-07-30 06:00:00,0xb90a19ff0af67f7779aff50a882a9cff42446400
0,,,1,0.024764524339720487,30.768546122624997,5,0.6513070908094345,681.861830833092,6,1.5646074912183403,1579.031808572208,2026-07-30 07:00:00,0xb90a19ff0af67f7779aff50a882a9cff42446400
8,1.643265798226105,1646.3070535099878,24,5.4884101517362875,6991.194271702607,27,54.3453630799421,58528.08393056387,9,1.953121919465923,1968.4018622052713,2026-07-30 08:00:00,0xb90a19ff0af67f7779aff50a882a9cff42446400
11,1.4846663784020944,1523.523910325564,0,,,37,5.292071276209738,5797.59798754655,4,0.9640483812236943,986.2767726062941,2026-07-30 09:00:00,0xb90a19ff0af67f7779aff50a882a9cff42446400
31,6.211006121905417,6444.741629396501,25,3.4426857068556753,4664.115048265373,212,27.139092634958807,32311.00315471842,6,0.9164757166238497,942.653442308347,2026-07-30 10:00:00,0xb90a19ff0af67f7779aff50a882a9cff42446400
29,5.546438532040826,5858.846126842306,1,0.08682233125451551,115.427358344602,37,6.658328104289997,8334.409439204817,5,0.6513070908094345,681.861830833092,2026-07-30 11:00:00,0xb90a19ff0af67f7779aff50a882a9cff42446400
9,2.131843795139278,2307.7267504713964,0,,,4,0.9277517455130434,1164.6640261787961,27,54.3453630799421,58528.08393056387,2026-07-30 12:00:00,0xb90a19ff0af67f7779aff50a882a9cff42446400
53,7.421050307269117,8298.555680442018,2,0.0014041812348708509,1.940057558576,0,,,37,5.292071276209738,5797.59798754655,2026-07-30 13:00:00,0xb90a19ff0af67f7779aff50a882a9cff42446400
88,15.01530746462293,18399.98495802773,34,7.461261275138637,10141.904012977047,3,0.0623485907180804,77.48897335712158,212,27.139092634958807,32311.00315471842,2026-07-30 14:00:00,0xb90a19ff0af67f7779aff50a882a9cff42446400
13,1.8527418691889272,2278.056925403024,1,0.000200241782978378,0.272860551008,1,0.024764524339720487,30.768546122624997,37,6.658328104289997,8334.409439204817,2026-07-30 15:00:00,0xb90a19ff0af67f7779aff50a882a9cff42446400
18,3.0113592358317907,3797.8491598660135,2,0.000741940743081766,1.0110832720560001,24,5.4884101517362875,6991.194271702607,4,0.9277517455130434,1164.6640261787961,2026-07-30 16:00:00,0xb90a19ff0af67f7779aff50a882a9cff42446400
16,1.6876032546148771,2141.2304187905247,17,2.4285367406405873,3321.623486014697,0,,,0,,,2026-07-30 17:00:00,0xb90a19ff0af67f7779aff50a882a9cff42446400
2,0.008842680774360213,10.965231721415,1,0.31652506033217714,439.54283614450003,25,3.4426857068556753,4664.115048265373,3,0.0623485907180804,77.48897335712158,2026-07-30 18:00:00,0xb90a19ff0af67f7779aff50a882a9cff42446400
7,0.956149423484286,1216.4696337723508,44,18.678538001067306,24822.639552992903,1,0.08682233125451551,115.427358344602,1,0.024764524339720487,30.768546122624997,2026-07-30 19:00:00,0xb90a19ff0af67f7779aff50a882a9cff42446400
95,10.621211753980237,13850.900499294214,21,3.6034042378366884,4820.487396619308,0,,,24,5.4884101517362875,6991.194271702607,2026-07-30 20:00:00,0xb90a19ff0af67f7779aff50a882a9cff42446400
22,3.5819956881136683,4789.398487306679,33,6.5847078273908854,8841.395591234168,2,0.0014041812348708509,1.940057558576,0,,,2026-07-30 21:00:00,0xb90a19ff0af67f7779aff50a882a9cff42446400
3,0.4654573879836691,619.9739149656119,26,5.288014720255046,7049.1598372554345,34,7.461261275138637,10141.904012977047,25,3.4426857068556753,4664.115048265373,2026-07-30 22:00:00,0xb90a19ff0af67f7779aff50a882a9cff42446400
4,0.11696830903713751,155.450192401726,0,,,1,0.000200241782978378,0.272860551008,1,0.08682233125451551,115.427358344602,2026-07-30 23:00:00,0xb90a19ff0af67f7779aff50a882a9cff42446400
97,22.134217964859943,30726.131490288888,0,,,2,0.000741940743081766,1.0110832720560001,0,,,2026-07-31 00:00:00,0xb90a19ff0af67f7779aff50a882a9cff42446400
28,5.581818088515539,7780.496933831187,8,1.6312502596295748,2164.12358806457,17,2.4285367406405873,3321.623486014697,2,0.0014041812348708509,1.940057558576,2026-07-31 01:00:00,0xb90a19ff0af67f7779aff50a882a9cff42446400
8,3.0911900492388775,4138.174979217984,331,62.700366281287366,82485.37845401482,1,0.31652506033217714,439.54283614450003,34,7.461261275138637,10141.904012977047,2026-07-31 02:00:00,0xb90a19ff0af67f7779aff50a882a9cff42446400
3,0.000860629680096969,1.172744920669,43,9.54601551815148,11792.967047029546,44,18.678538001067306,24822.639552992903,1,0.000200241782978378,0.272860551008,2026-07-31 03:00:00,0xb90a19ff0af67f7779aff50a882a9cff42446400
2,0.000542870134018832,0.7369653127319999,0,,,21,3.6034042378366884,4820.487396619308,2,0.000741940743081766,1.0110832720560001,2026-07-31 04:00:00,0xb90a19ff0af67f7779aff50a882a9cff42446400
20,3.97484510671156,5486.5532575693605,14,2.655762761863644,3295.36932428246,33,6.5847078273908854,8841.395591234168,17,2.4285367406405873,3321.623486014697,2026-07-31 05:00:00,0xb90a19ff0af67f7779aff50a882a9cff42446400
6,0.804517961958619,1119.4260308757239,34,6.18106614165127,7817.9653900777375,26,5.288014720255046,7049.1598372554345,1,0.31652506033217714,439.54283614450003,2026-07-31 06:00:00,0xb90a19ff0af67f7779aff50a882a9cff42446400
0,,,2,0.000893498326628215,1.0495929781065108,0,,,44,18.678538001067306,24822.639552992903,2026-07-31 07:00:00,0xb90a19ff0af67f7779aff50a882a9cff42446400
4,3.4909200553493984,4568.748392629365,29,8.252087770139575,10060.909121085633,0,,,21,3.6034042378366884,4820.487396619308,2026-07-31 08:00:00,0xb90a19ff0af67f7779aff50a882a9cff42446400
21,5.787183326832398,7883.767875147088,0,,,8,1.6312502596295748,2164.12358806457,33,6.5847078273908854,8841.395591234168,2026-07-31 09:00:00,0xb90a19ff0af67f7779aff50a882a9cff42446400
4,0.20271024351363306,274.810193187784,0,,,331,62.700366281287366,82485.37845401482,26,5.288014720255046,7049.1598372554345,2026-07-31 10:00:00,0xb90a19ff0af67f7779aff50a882a9cff42446400
20,3.592443172011913,4888.222784291368,1,0.000900476941858865,1.0830640366700002,43,9.54601551815148,11792.967047029546,0,,,2026-07-31 11:00:00,0xb90a19ff0af67f7779aff50a882a9cff42446400
10,2.6516018988246928,3533.7802409338333,2,0.001453470271729513,1.743988232731974,0,,,0,,,2026-07-31 12:00:00,0xb90a19ff0af67f7779aff50a882a9cff42446400
41,11.354538254814738,15568.535846382074,2,0.0019853238009630387,2.3912205017609995,14,2.655762761863644,3295.36932428246,8,1.6312502596295748,2164.12358806457,2026-07-31 13:00:00,0xb90a19ff0af67f7779aff50a882a9cff42446400
127,26.013568331479988,31627.647283815626,7,0.010727484719598092,12.909159928812,34,6.18106614165127,7817.9653900777375,331,62.700366281287366,82485.37845401482,2026-07-31 14:00:00,0xb90a19ff0af67f7779aff50a882a9cff42446400
88,20.15091345994285,24829.130424879448,0,,,2,0.000893498326628215,1.0495929781065108,43,9.54601551815148,11792.967047029546,2026-07-31 15:00:00,0xb90a19ff0af67f7779aff50a882a9cff42446400
14,3.114614599306967,3840.9901303484116,2,0.0043422723790797,5.234591028195,29,8.252087770139575,10060.909121085633,0,,,2026-07-31 16:00:00,0xb90a19ff0af67f7779aff50a882a9cff42446400
21,4.177094011599469,5223.683940467781,1,0.001516457989017399,1.8694696932449997,0,,,14,2.655762761863644,3295.36932428246,2026-07-31 17:00:00,0xb90a19ff0af67f7779aff50a882a9cff42446400
24,5.1944491253657645,6434.2326993558045,0,,,0,,,34,6.18106614165127,7817.9653900777375,2026-07-31 18:00:00,0xb90a19ff0af67f7779aff50a882a9cff42446400
0,,,1,0.000227626805072024,0.274277473527,1,0.000900476941858865,1.0830640366700002,2,0.000893498326628215,1.0495929781065108,2026-07-31 19:00:00,0xb90a19ff0af67f7779aff50a882a9cff42446400
11,2.405059606851805,2900.1229087643705,2,0.001624909436118908,2.001354,2,0.001453470271729513,1.743988232731974,29,8.252087770139575,10060.909121085633,2026-07-31 20:00:00,0xb90a19ff0af67f7779aff50a882a9cff42446400
2,0.0038863658175905848,4.679084664189,1,0.003545674104202383,4.271138232368,2,0.0019853238009630387,2.3912205017609995,0,,,2026-07-31 21:00:00,0xb90a19ff0af67f7779aff50a882a9cff42446400
2,0.004582024296207365,5.519663496466,3,0.014134402930515393,17.02781286572,7,0.010727484719598092,12.909159928812,0,,,2026-07-31 22:00:00,0xb90a19ff0af67f7779aff50a882a9cff42446400
1,0.1644967151616858,202.244670048798,0,,,0,,,1,0.000900476941858865,1.0830640366700002,2026-07-31 23:00:00,0xb90a19ff0af67f7779aff50a882a9cff42446400
0,,,2,0.0007377236847409519,0.894770349705,2,0.0043422723790797,5.234591028195,2,0.001453470271729513,1.743988232731974,2026-08-01 00:00:00,0xb90a19ff0af67f7779aff50a882a9cff42446400
2,0.015614371063785128,19.211839303096,0,,,1,0.001516457989017399,1.8694696932449997,2,0.0019853238009630387,2.3912205017609995,2026-08-01 01:00:00,0xb90a19ff0af67f7779aff50a882a9cff42446400
0,,,0,,,0,,,7,0.010727484719598092,12.909159928812,2026-08-01 02:00:00,0xb90a19ff0af67f7779aff50a882a9cff42446400
1,0.015150574723752856,18.638558658264,0,,,1,0.000227626805072024,0.274277473527,0,,,2026-08-01 03:00:00,0xb90a19ff0af67f7779aff50a882a9cff42446400
0,,,0,,,2,0.001624909436118908,2.001354,2,0.0043422723790797,5.234591028195,2026-08-01 04:00:00,0xb90a19ff0af67f7779aff50a882a9cff42446400
1,0.002315890113829812,2.8586297325600003,1,0.00031511728558119,0.379495261875,1,0.003545674104202383,4.271138232368,1,0.001516457989017399,1.8694696932449997,2026-08-01 05:00:00,0xb90a19ff0af67f7779aff50a882a9cff42446400
0,,,1,2.082446347902e-06,0.002527916576,3,0.014134402930515393,17.02781286572,0,,,2026-08-01 06:00:00,0xb90a19ff0af67f7779aff50a882a9cff42446400
1,0.000936356697188939,1.128070807614,46,54.99121714904962,65702.90961092015,0,,,1,0.000227626805072024,0.274277473527,2026-08-01 07:00:00,0xb90a19ff0af67f7779aff50a882a9cff42446400
1,0.00048747268965846,0.600324,3,0.007379812994820538,8.849085021622,2,0.0007377236847409519,0.894770349705,2,0.001624909436118908,2.001354,2026-08-01 08:00:00,0xb90a19ff0af67f7779aff50a882a9cff42446400
2,0.0011197462354855421,1.35078311012,1,7.09645e-07,0.000861358176,0,,,1,0.003545674104202383,4.271138232368,2026-08-01 09:00:00,0xb90a19ff0af67f7779aff50a882a9cff42446400
0,,,18,6.119869405723027,7432.2184127425535,0,,,3,0.014134402930515393,17.02781286572,2026-08-01 10:00:00,0xb90a19ff0af67f7779aff50a882a9cff42446400
0,,,1,2.81660567216e-05,0.033428503608,0,,,0,,,2026-08-01 11:00:00,0xb90a19ff0af67f7779aff50a882a9cff42446400
2,0.02909939485853218,35.03368526724,6,8.022229630595929,9778.2272019595,0,,,2,0.0007377236847409519,0.894770349705,2026-08-01 12:00:00,0xb90a19ff0af67f7779aff50a882a9cff42446400
0,,,2,0.001300285088716699,1.579551701197,1,0.00031511728558119,0.379495261875,0,,,2026-08-01 13:00:00,0xb90a19ff0af67f7779aff50a882a9cff42446400
0,,,0,,,1,2.082446347902e-06,0.002527916576,0,,,2026-08-01 14:00:00,0xb90a19ff0af67f7779aff50a882a9cff42446400
1,0.004062322865415326,5.0035050000000005,1,0.000111598530062601,0.135904786318,46,54.99121714904962,65702.90961092015,0,,,2026-08-01 15:00:00,0xb90a19ff0af67f7779aff50a882a9cff42446400
1,4.1260485852023e-05,0.049691485247999996,0,,,3,0.007379812994820538,8.849085021622,0,,,2026-08-01 16:00:00,0xb90a19ff0af67f7779aff50a882a9cff42446400
0,,,2,0.009148725989269756,11.110257811,1,7.09645e-07,0.000861358176,1,0.00031511728558119,0.379495261875,2026-08-01 17:00:00,0xb90a19ff0af67f7779aff50a882a9cff42446400
1,0.000810424248766529,0.975942087228,1,0.000433460610144888,0.53993770306,18,6.119869405723027,7432.2184127425535,1,2.082446347902e-06,0.002527916576,2026-08-01 18:00:00,0xb90a19ff0af67f7779aff50a882a9cff42446400
0,,,1,0.008055935091637038,10.00273,1,2.81660567216e-05,0.033428503608,46,54.99121714904962,65702.90961092015,2026-08-01 19:00:00,0xb90a19ff0af67f7779aff50a882a9cff42446400
0,,,4,0.17874699356576673,222.688891922923,6,8.022229630595929,9778.2272019595,3,0.007379812994820538,8.849085021622,2026-08-01 20:00:00,0xb90a19ff0af67f7779aff50a882a9cff42446400
6,0.29729485733239797,358.27805391831504,5,1.583395788969826,1952.1055110121843,2,0.001300285088716699,1.579551701197,1,7.09645e-07,0.000861358176,2026-08-01 21:00:00,0xb90a19ff0af67f7779aff50a882a9cff42446400
0,,,5,0.15672004779494353,196.78641944484298,0,,,18,6.119869405723027,7432.2184127425535,2026-08-01 22:00:00,0xb90a19ff0af67f7779aff50a882a9cff42446400
1,0.001019031241016578,1.2364089952130002,1,0.04613171217301855,60.46847231686871,1,0.000111598530062601,0.135904786318,1,2.81660567216e-05,0.033428503608,2026-08-01 23:00:00,0xb90a19ff0af67f7779aff50a882a9cff42446400
11,8.574940988373866,10475.185757910025,6,1.505689890568319,1848.0420719000958,0,,,6,8.022229630595929,9778.2272019595,2026-08-02 00:00:00,0xb90a19ff0af67f7779aff50a882a9cff42446400
0,,,0,,,2,0.009148725989269756,11.110257811,2,0.001300285088716699,1.579551701197,2026-08-02 01:00:00,0xb90a19ff0af67f7779aff50a882a9cff42446400
41,54.70941255821605,67360.07526245883,0,,,1,0.000433460610144888,0.53993770306,0,,,2026-08-02 02:00:00,0xb90a19ff0af67f7779aff50a882a9cff42446400
0,,,0,,,1,0.008055935091637038,10.00273,1,0.000111598530062601,0.135904786318,2026-08-02 03:00:00,0xb90a19ff0af67f7779aff50a882a9cff42446400
0,,,0,,,4,0.17874699356576673,222.688891922923,0,,,2026-08-02 04:00:00,0xb90a19ff0af67f7779aff50a882a9cff42446400
0,,,4,1.1826426188070485,1482.4886496273202,5,1.583395788969826,1952.1055110121843,2,0.009148725989269756,11.110257811,2026-08-02 05:00:00,0xb90a19ff0af67f7779aff50a882a9cff42446400
0,,,0,,,5,0.15672004779494353,196.78641944484298,1,0.000433460610144888,0.53993770306,2026-08-02 06:00:00,0xb90a19ff0af67f7779aff50a882a9cff42446400
0,,,2,0.002614386659789092,3.245322757752,1,0.04613171217301855,60.46847231686871,1,0.008055935091637038,10.00273,2026-08-02 07:00:00,0xb90a19ff0af67f7779aff50a882a9cff42446400
4,1.6644701536861968,2079.51420795993,2,0.09714542248496562,122.274295948873,6,1.505689890568319,1848.0420719000958,4,0.17874699356576673,222.688891922923,2026-08-02 08:00:00,0xb90a19ff0af67f7779aff50a882a9cff42446400
3,0.10486576076316312,131.64907865990202,1,0.000820707478626282,1.018817324406,0,,,5,1.583395788969826,1952.1055110121843,2026-08-02 09:00:00,0xb90a19ff0af67f7779aff50a882a9cff42446400
8,0.5891448973383057,736.5600369166029,4,0.11275189103328712,140.531077780713,0,,,5,0.15672004779494353,196.78641944484298,2026-08-02 10:00:00,0xb90a19ff0af67f7779aff50a882a9cff42446400
1,0.000249352186445189,0.306774815436,4,0.30058337438701077,376.172518617456,0,,,1,0.04613171217301855,60.46847231686871,2026-08-02 11:00:00,0xb90a19ff0af67f7779aff50a882a9cff42446400
2,0.06222883115769133,76.24017206439399,0,,,0,,,6,1.505689890568319,1848.0420719000958,2026-08-02 12:00:00,0xb90a19ff0af67f7779aff50a882a9cff42446400
0,,,26,3.417704772152811,4293.396258950916,4,1.1826426188070485,1482.4886496273202,0,,,2026-08-02 13:00:00,0xb90a19ff0af67f7779aff50a882a9cff42446400
0,,,2,0.4418708081376288,558.9300982668859,0,,,0,,,2026-08-02 14:00:00,0xb90a19ff0af67f7779aff50a882a9cff42446400
0,,,5,0.35237135784956514,446.17267639572606,2,0.002614386659789092,3.245322757752,0,,,2026-08-02 15:00:00,0xb90a19ff0af67f7779aff50a882a9cff42446400
0,,,5,0.7513623254875361,955.282505305711,2,0.09714542248496562,122.274295948873,0,,,2026-08-02 16:00:00,0xb90a19ff0af67f7779aff50a882a9cff42446400
0,,,5,0.15678781821101465,195.15741964679398,1,0.000820707478626282,1.018817324406,4,1.1826426188070485,1482.4886496273202,2026-08-02 17:00:00,0xb90a19ff0af67f7779aff50a882a9cff42446400
0,,,1,8.1015040453201e-05,0.100247324411,4,0.11275189103328712,140.531077780713,0,,,2026-08-02 18:00:00,0xb90a19ff0af67f7779aff50a882a9cff42446400
0,,,4,0.5494517453667928,679.79267091303,4,0.30058337438701077,376.172518617456,2,0.002614386659789092,3.245322757752,2026-08-02 19:00:00,0xb90a19ff0af67f7779aff50a882a9cff42446400
1,2.515971520306e-06,0.003120753441,13,2.5588800820022546,3159.1249902539275,0,,,2,0.09714542248496562,122.274295948873,2026-08-02 20:00:00,0xb90a19ff0af67f7779aff50a882a9cff42446400
2,0.000624510277578858,0.768217758188,1,0.03472192546563283,42.685316147319995,26,3.417704772152811,4293.396258950916,1,0.000820707478626282,1.018817324406,2026-08-02 21:00:00,0xb90a19ff0af67f7779aff50a882a9cff42446400
0,,,1,0.13234782427716185,159.541287686488,2,0.4418708081376288,558.9300982668859,4,0.11275189103328712,140.531077780713,2026-08-02 22:00:00,0xb90a19ff0af67f7779aff50a882a9cff42446400
2,0.000864838824301839,1.065692867742,0,,,5,0.35237135784956514,446.17267639572606,4,0.30058337438701077,376.172518617456,2026-08-02 23:00:00,0xb90a19ff0af67f7779aff50a882a9cff42446400
11,2.1768012991675816,2674.7340178314103,17,4.195020629698361,4865.202983241525,5,0.7513623254875361,955.282505305711,0,,,2026-08-03 00:00:00,0xb90a19ff0af67f7779aff50a882a9cff42446400
5,0.2500709040124682,315.905925873765,2,0.775329163521097,912.251006198256,5,0.15678781821101465,195.15741964679398,26,3.417704772152811,4293.396258950916,2026-08-03 01:00:00,0xb90a19ff0af67f7779aff50a882a9cff42446400
0,,,357,167.29067806684947,197004.09390075092,1,8.1015040453201e-05,0.100247324411,2,0.4418708081376288,558.9300982668859,2026-08-03 02:00:00,0xb90a19ff0af67f7779aff50a882a9cff42446400
2,0.15548093071241897,196.95855674805196,55,19.690368538033333,24788.14818543566,4,0.5494517453667928,679.79267091303,5,0.35237135784956514,446.17267639572606,2026-08-03 03:00:00,0xb90a19ff0af67f7779aff50a882a9cff42446400
6,0.011205799322434165,13.901281387711999,1,0.7480824837676349,924.259041136824,13,2.5588800820022546,3159.1249902539275,5,0.7513623254875361,955.282505305711,2026-08-03 04:00:00,0xb90a19ff0af67f7779aff50a882a9cff42446400
6,0.8232076856908866,1019.8543516292,4,0.6254703776519974,803.4540654301419,1,0.03472192546563283,42.685316147319995,5,0.15678781821101465,195.15741964679398,2026-08-03 05:00:00,0xb90a19ff0af67f7779aff50a882a9cff42446400
0,,,67,8.489973769275656,11060.199980373092,1,0.13234782427716185,159.541287686488,1,8.1015040453201e-05,0.100247324411,2026-08-03 06:00:00,0xb90a19ff0af67f7779aff50a882a9cff42446400
0,,,0,,,0,,,4,0.5494517453667928,679.79267091303,2026-08-03 07:00:00,0xb90a19ff0af67f7779aff50a882a9cff42446400
77,37.0801587398741,44936.30763875566,3,0.6141118151776188,788.114541806868,17,4.195020629698361,4865.202983241525,13,2.5588800820022546,3159.1249902539275,2026-08-03 08:00:00,0xb90a19ff0af67f7779aff50a882a9cff42446400
4,0.6501439174722234,799.7325264868321,0,,,2,0.775329163521097,912.251006198256,1,0.03472192546563283,42.685316147319995,2026-08-03 09:00:00,0xb90a19ff0af67f7779aff50a882a9cff42446400
91,53.88383548488813,64358.47935878946,31,7.77716731051281,10215.178148803478,357,167.29067806684947,197004.09390075092,1,0.13234782427716185,159.541287686488,2026-08-03 10:00:00,0xb90a19ff0af67f7779aff50a882a9cff42446400
24,3.1105783959001956,3628.8439464730573,2,0.002830751605639005,3.718481009601529,55,19.690368538033333,24788.14818543566,0,,,2026-08-03 11:00:00,0xb90a19ff0af67f7779aff50a882a9cff42446400
17,8.422187015609524,9722.146953309915,21,1.1999948043122561,1591.548206281179,1,0.7480824837676349,924.259041136824,17,4.195020629698361,4865.202983241525,2026-08-03 12:00:00,0xb90a19ff0af67f7779aff50a882a9cff42446400
0,,,47,7.1440033567376195,9167.322186520385,4,0.6254703776519974,803.4540654301419,2,0.775329163521097,912.251006198256,2026-08-03 13:00:00,0xb90a19ff0af67f7779aff50a882a9cff42446400
126,62.99338573796551,77186.4515245047,47,6.978607381869921,9097.36380051491,67,8.489973769275656,11060.199980373092,357,167.29067806684947,197004.09390075092,2026-08-03 14:00:00,0xb90a19ff0af67f7779aff50a882a9cff42446400
21,4.923515385235765,6097.477519937911,0,,,0,,,55,19.690368538033333,24788.14818543566,2026-08-03 15:00:00,0xb90a19ff0af67f7779aff50a882a9cff42446400
55,9.948777889336604,12650.657302961099,0,,,3,0.6141118151776188,788.114541806868,1,0.7480824837676349,924.259041136824,2026-08-03 16:00:00,0xb90a19ff0af67f7779aff50a882a9cff42446400
11,1.6136942851251408,2079.04396192088,1,3.271661335081e-06,0.018683900000000003,0,,,4,0.6254703776519974,803.4540654301419,2026-08-03 17:00:00,0xb90a19ff0af67f7779aff50a882a9cff42446400
6,0.3571049388751155,469.66811133921726,0,,,31,7.77716731051281,10215.178148803478,67,8.489973769275656,11060.199980373092,2026-08-03 18:00:00,0xb90a19ff0af67f7779aff50a882a9cff42446400
8,1.1571407548087709,1487.5411213077236,3,0.015208297561334672,19.99735011332843,2,0.002830751605639005,3.718481009601529,0,,,2026-08-03 19:00:00,0xb90a19ff0af67f7779aff50a882a9cff42446400
17,2.5688382559200633,3284.2120782555594,1,0.000573208317061893,0.74282558724,21,1.1999948043122561,1591.548206281179,3,0.6141118151776188,788.114541806868,2026-08-03 20:00:00,0xb90a19ff0af67f7779aff50a882a9cff42446400
0,,,1,0.001753298525615181,2.336850963725085,47,7.1440033567376195,9167.322186520385,0,,,2026-08-03 21:00:00,0xb90a19ff0af67f7779aff50a882a9cff42446400
0,,,0,,,47,6.978607381869921,9097.36380051491,31,7.77716731051281,10215.178148803478,2026-08-03 22:00:00,0xb90a19ff0af67f7779aff50a882a9cff42446400
1,0.0,0.0,33,14.157157167094818,18952.14461194266,0,,,2,0.002830751605639005,3.718481009601529,2026-08-03 23:00:00,0xb90a19ff0af67f7779aff50a882a9cff42446400
39,5.864820324422153,7669.793172977371,16,2.7574028668012303,3761.989750111168,0,,,21,1.1999948043122561,1591.548206281179,2026-08-04 00:00:00,0xb90a19ff0af67f7779aff50a882a9cff42446400
17,2.966451992674429,3769.661901959784,1,0.027622156417183935,37.79418496998,1,3.271661335081e-06,0.018683900000000003,47,7.1440033567376195,9167.322186520385,2026-08-04 01:00:00,0xb90a19ff0af67f7779aff50a882a9cff42446400
1,0.000233159820835117,0.2998001333,120,17.290138971471972,23899.896495583318,0,,,47,6.978607381869921,9097.36380051491,2026-08-04 02:00:00,0xb90a19ff0af67f7779aff50a882a9cff42446400
4,0.25949127992484566,333.28519619317,0,,,3,0.015208297561334672,19.99735011332843,0,,,2026-08-04 03:00:00,0xb90a19ff0af67f7779aff50a882a9cff42446400
0,,,38,5.4910997343427494,7800.048100769148,1,0.000573208317061893,0.74282558724,0,,,2026-08-04 04:00:00,0xb90a19ff0af67f7779aff50a882a9cff42446400
4,0.5606437572193116,718.611370433407,31,4.015080492066207,5764.787732065196,1,0.001753298525615181,2.336850963725085,1,3.271661335081e-06,0.018683900000000003,2026-08-04 05:00:00,0xb90a19ff0af67f7779aff50a882a9cff42446400
16,2.065741040206066,2711.5256796689805,8,1.0155917970428459,1466.9499202330117,0,,,0,,,2026-08-04 06:00:00,0xb90a19ff0af67f7779aff50a882a9cff42446400
23,3.2197487308974186,4253.425328509732,0,,,33,14.157157167094818,18952.14461194266,3,0.015208297561334672,19.99735011332843,2026-08-04 07:00:00,0xb90a19ff0af67f7779aff50a882a9cff42446400
34,5.255413868459747,7004.644274274139,4,0.029687686316418084,42.084060975472006,16,2.7574028668012303,3761.989750111168,1,0.000573208317061893,0.74282558724,2026-08-04 08:00:00,0xb90a19ff0af67f7779aff50a882a9cff42446400
36,17.92469215768361,23568.42016461368,0,,,1,0.027622156417183935,37.79418496998,1,0.001753298525615181,2.336850963725085,2026-08-04 09:00:00,0xb90a19ff0af67f7779aff50a882a9cff42446400
4,0.1228793047923397,163.419389597221,39,12.530841569764421,17819.95361885894,120,17.290138971471972,23899.896495583318,0,,,2026-08-04 10:00:00,0xb90a19ff0af67f7779aff50a882a9cff42446400
43,5.360213140884227,7261.875913318596,0,,,0,,,33,14.157157167094818,18952.14461194266,2026-08-04 11:00:00,0xb90a19ff0af67f7779aff50a882a9cff42446400
5,0.03347027296942039,45.712448533849006,14,2.71333363785013,3893.698358139592,38,5.4910997343427494,7800.048100769148,16,2.7574028668012303,3761.989750111168,2026-08-04 12:00:00,0xb90a19ff0af67f7779aff50a882a9cff42446400
27,3.0269589590170374,4158.7064100864,2,0.001375397369177406,1.963635598223,31,4.015080492066207,5764.787732065196,1,0.027622156417183935,37.79418496998,2026-08-04 13:00:00,0xb90a19ff0af67f7779aff50a882a9cff42446400
23,2.007906625495196,2756.9217504264243,0,,,8,1.0155917970428459,1466.9499202330117,120,17.290138971471972,23899.896495583318,2026-08-04 14:00:00,0xb90a19ff0af67f7779aff50a882a9cff42446400
22,3.4502566736650615,4851.61712810604,1,4.5973530195937e-05,0.06456413577600001,0,,,0,,,2026-08-04 15:00:00,0xb90a19ff0af67f7779aff50a882a9cff42446400
0,,,0,,,4,0.029687686316418084,42.084060975472006,38,5.4910997343427494,7800.048100769148,2026-08-04 16:00:00,0xb90a19ff0af67f7779aff50a882a9cff42446400
4,0.1597127557085892,230.358457856256,11,1.4934973247618262,2150.8474856996245,0,,,31,4.015080492066207,5764.787732065196,2026-08-04 17:00:00,0xb90a19ff0af67f7779aff50a882a9cff42446400
2,0.0518936623283199,75.019420591896,2,0.3364722583695911,498.48348178497,39,12.530841569764421,17819.95361885894,8,1.0155917970428459,1466.9499202330117,2026-08-04 18:00:00,0xb90a19ff0af67f7779aff50a882a9cff42446400
0,,,15,3.8410789325665267,5561.044656937902,0,,,0,,,2026-08-04 19:00:00,0xb90a19ff0af67f7779aff50a882a9cff42446400
77,21.01037524855345,29296.517290669944,10,2.7875707073567333,3996.935418655332,14,2.71333363785013,3893.698358139592,4,0.029687686316418084,42.084060975472006,2026-08-04 20:00:00,0xb90a19ff0af67f7779aff50a882a9cff42446400
9,2.3242438864439516,3284.036684576328,23,3.1278711705635747,4396.8139595551365,2,0.001375397369177406,1.963635598223,0,,,2026-08-04 21:00:00,0xb90a19ff0af67f7779aff50a882a9cff42446400
1,0.000270377292472466,0.379462097503,1,0.000383969275224309,0.541312550468,0,,,39,12.530841569764421,17819.95361885894,2026-08-04 22:00:00,0xb90a19ff0af67f7779aff50a882a9cff42446400
0,,,49,14.471454488249956,20186.173650676574,1,4.5973530195937e-05,0.06456413577600001,0,,,2026-08-04 23:00:00,0xb90a19ff0af67f7779aff50a882a9cff42446400
15,0.7049320060274684,420.896691882786,1,0.000141837770096574,0.08193587982937059,4,0.014435421983957104,8.59176001954602,11,1.0715186302767685,638.8169648960424,2026-07-29 00:00:00,0xc0d6457c16cc70d6790dd43521c899c87ce02f35
8,0.14950914758751757,88.74907049759189,2,0.018243833600585402,10.831629782075002,5,0.1852035220262696,109.8860410123369,21,0.20979638541122206,125.32424206840598,2026-07-29 01:00:00,0xc0d6457c16cc70d6790dd43521c899c87ce02f35
3,0.011574087599132503,6.8968634722939575,57,17.760571009382545,10511.869177580596,1,0.004297670508631645,2.564863294490572,3,0.018857397872213785,11.189081586933,2026-07-29 02:00:00,0xc0d6457c16cc70d6790dd43521c899c87ce02f35
1,0.000438482739460198,0.26013445034000005,4,0.05205335072642484,30.69444817581909,13,0.12742517865209266,75.99895748675979,3,0.0037691591200550607,2.236810143466,2026-07-29 03:00:00,0xc0d6457c16cc70d6790dd43521c899c87ce02f35
6,0.5493479820706232,326.4241078403897,20,2.3736983327800614,1395.1300577873965,3,0.22773983464919573,136.207094113519,4,0.014435421983957104,8.59176001954602,2026-07-29 04:00:00,0xc0d6457c16cc70d6790dd43521c899c87ce02f35
3,0.04099165435138796,24.384301248327745,18,2.741964661262901,1622.1481488139234,5,0.031237480319881626,18.595232231665,5,0.1852035220262696,109.8860410123369,2026-07-29 05:00:00,0xc0d6457c16cc70d6790dd43521c899c87ce02f35
0,,,8,0.0543783416940151,32.21343874143499,3,0.020206245559313548,12.077009871731743,1,0.004297670508631645,2.564863294490572,2026-07-29 06:00:00,0xc0d6457c16cc70d6790dd43521c899c87ce02f35
8,1.070833821744268,639.865389139164,26,3.142733248990901,1881.1774002669874,4,0.08710916810448636,51.7065980133813,13,0.12742517865209266,75.99895748675979,2026-07-29 07:00:00,0xc0d6457c16cc70d6790dd43521c899c87ce02f35
2,0.010803430470058306,6.453112263022001,42,5.513022387964553,3233.3986289295776,1,0.000141837770096574,0.08193587982937059,3,0.22773983464919573,136.207094113519,2026-07-29 08:00:00,0xc0d6457c16cc70d6790dd43521c899c87ce02f35
2,0.0040394930924450845,2.39868981761,74,17.310781747143615,9456.03802639683,2,0.018243833600585402,10.831629782075002,5,0.031237480319881626,18.595232231665,2026-07-29 09:00:00,0xc0d6457c16cc70d6790dd43521c899c87ce02f35
4,0.01034448202113322,6.255152542205192,10,0.05810393719644108,30.71972010275421,57,17.760571009382545,10511.869177580596,3,0.020206245559313548,12.077009871731743,2026-07-29 10:00:00,0xc0d6457c16cc70d6790dd43521c899c87ce02f35
3,0.018565405450687165,11.087390237183,21,3.2608590130229675,1764.2841414766,4,0.05205335072642484,30.69444817581909,4,0.08710916810448636,51.7065980133813,2026-07-29 11:00:00,0xc0d6457c16cc70d6790dd43521c899c87ce02f35
4,1.0311943764054714,613.3615342095029,16,1.701908335495581,926.1008961705681,20,2.3736983327800614,1395.1300577873965,1,0.000141837770096574,0.08193587982937059,2026-07-29 12:00:00,0xc0d6457c16cc70d6790dd43521c899c87ce02f35
8,0.7649554688033836,454.1926450416024,6,0.8903578287737857,488.42573430821903,18,2.741964661262901,1622.1481488139234,2,0.018243833600585402,10.831629782075002,2026-07-29 13:00:00,0xc0d6457c16cc70d6790dd43521c899c87ce02f35
1,0.008456459344301235,4.998234999999999,15,0.02662826612373066,14.554604402816278,8,0.0543783416940151,32.21343874143499,57,17.760571009382545,10511.869177580596,2026-07-29 14:00:00,0xc0d6457c16cc70d6790dd43521c899c87ce02f35
14,1.4239654770382042,842.6866650226682,4,0.04142227174640874,22.501239380279,26,3.142733248990901,1881.1774002669874,4,0.05205335072642484,30.69444817581909,2026-07-29 15:00:00,0xc0d6457c16cc70d6790dd43521c899c87ce02f35
5,0.37259543900778425,219.60779152715898,1,0.00509533898624524,2.7678732310540006,42,5.513022387964553,3233.3986289295776,20,2.3736983327800614,1395.1300577873965,2026-07-29 16:00:00,0xc0d6457c16cc70d6790dd43521c899c87ce02f35
18,3.3149179916519764,1968.691451937491,12,1.0292750032981175,558.0093687672191,74,17.310781747143615,9456.03802639683,18,2.741964661262901,1622.1481488139234,2026-07-29 17:00:00,0xc0d6457c16cc70d6790dd43521c899c87ce02f35
25,3.86721356948221,2304.352272316527,0,,,10,0.05810393719644108,30.71972010275421,8,0.0543783416940151,32.21343874143499,2026-07-29 18:00:00,0xc0d6457c16cc70d6790dd43521c899c87ce02f35
39,9.139927669393456,5415.094124293575,2,0.05962188872934296,32.251781157065004,21,3.2608590130229675,1764.2841414766,26,3.142733248990901,1881.1774002669874,2026-07-29 19:00:00,0xc0d6457c16cc70d6790dd43521c899c87ce02f35
345,92.0008156637175,51367.53709812037,7,0.7998090627854472,429.96524309254556,16,1.701908335495581,926.1008961705681,42,5.513022387964553,3233.3986289295776,2026-07-29 20:00:00,0xc0d6457c16cc70d6790dd43521c899c87ce02f35
79,13.113217389794348,6934.357975078658,28,2.2701570670519557,1211.4018534332192,6,0.8903578287737857,488.42573430821903,74,17.310781747143615,9456.03802639683,2026-07-29 21:00:00,0xc0d6457c16cc70d6790dd43521c899c87ce02f35
25,3.1853137352609355,1702.2593976491003,17,1.484393371769884,797.3412723508006,15,0.02662826612373066,14.554604402816278,10,0.05810393719644108,30.71972010275421,2026-07-29 22:00:00,0xc0d6457c16cc70d6790dd43521c899c87ce02f35
25,3.9685189175421436,2167.832144179793,19,1.428710473898081,763.676312024742,4,0.04142227174640874,22.501239380279,21,3.2608590130229675,1764.2841414766,2026-07-29 23:00:00,0xc0d6457c16cc70d6790dd43521c899c87ce02f35
17,2.5154098622933474,1375.0705305729493,46,98.11538198072606,52202.83359706442,1,0.00509533898624524,2.7678732310540006,16,1.701908335495581,926.1008961705681,2026-07-30 00:00:00,0xc0d6457c16cc70d6790dd43521c899c87ce02f35
1,0.004177555947976236,2.2776704257700002,21,2.1803405487462806,1149.3831733052773,12,1.0292750032981175,558.0093687672191,6,0.8903578287737857,488.42573430821903,2026-07-30 01:00:00,0xc0d6457c16cc70d6790dd43521c899c87ce02f35
14,1.4968975044883455,814.6785520862711,114,19.543971289679785,10404.654320434103,0,,,15,0.02662826612373066,14.554604402816278,2026-07-30 02:00:00,0xc0d6457c16cc70d6790dd43521c899c87ce02f35
2,0.010715713058676753,5.826745621888,15,1.8157390443053356,970.9145725802099,2,0.05962188872934296,32.251781157065004,4,0.04142227174640874,22.501239380279,2026-07-30 03:00:00,0xc0d6457c16cc70d6790dd43521c899c87ce02f35
4,0.30617370023673013,166.43225355259676,16,1.5005252528945916,803.5964223901481,7,0.7998090627854472,429.96524309254556,1,0.00509533898624524,2.7678732310540006,2026-07-30 04:00:00,0xc0d6457c16cc70d6790dd43521c899c87ce02f35
5,0.43840154337116655,237.382320190331,16,1.5332950486764039,815.0724967530657,28,2.2701570670519557,1211.4018534332192,12,1.0292750032981175,558.0093687672191,2026-07-30 05:00:00,0xc0d6457c16cc70d6790dd43521c899c87ce02f35
0,,,7,0.41620856674314566,222.531057261995,17,1.484393371769884,797.3412723508006,0,,,2026-07-30 06:00:00,0xc0d6457c16cc70d6790dd43521c899c87ce02f35
24,1.98066260184355,1068.160144545789,6,0.030410506807767572,16.15603212720757,19,1.428710473898081,763.676312024742,2,0.05962188872934296,32.251781157065004,2026-07-30 07:00:00,0xc0d6457c16cc70d6790dd43521c899c87ce02f35
18,1.2029742615542445,645.02652853364,43,4.009296595438702,2152.939139889047,46,98.11538198072606,52202.83359706442,7,0.7998090627854472,429.96524309254556,2026-07-30 08:00:00,0xc0d6457c16cc70d6790dd43521c899c87ce02f35
4,0.3842492050554112,205.820571250132,2,0.01188326439902067,6.400172560308822,21,2.1803405487462806,1149.3831733052773,28,2.2701570670519557,1211.4018534332192,2026-07-30 09:00:00,0xc0d6457c16cc70d6790dd43521c899c87ce02f35
18,3.204308717914647,1703.5258168246178,0,,,114,19.543971289679785,10404.654320434103,17,1.484393371769884,797.3412723508006,2026-07-30 10:00:00,0xc0d6457c16cc70d6790dd43521c899c87ce02f35
55,5.900495705326883,3174.904559201098,3,0.027601966988192686,14.973849161072,15,1.8157390443053356,970.9145725802099,19,1.428710473898081,763.676312024742,2026-07-30 11:00:00,0xc0d6457c16cc70d6790dd43521c899c87ce02f35
23,2.7413646045317615,1447.596885390995,11,0.05661538250354833,30.765784741261744,16,1.5005252528945916,803.5964223901481,46,98.11538198072606,52202.83359706442,2026-07-30 12:00:00,0xc0d6457c16cc70d6790dd43521c899c87ce02f35
72,9.830733236353261,5222.223626793625,26,1.543668471745829,840.9638572420575,16,1.5332950486764039,815.0724967530657,21,2.1803405487462806,1149.3831733052773,2026-07-30 13:00:00,0xc0d6457c16cc70d6790dd43521c899c87ce02f35
36,4.688016771752399,2489.5286996340033,10,0.08568075545284924,46.88345577029661,7,0.41620856674314566,222.531057261995,114,19.543971289679785,10404.654320434103,2026-07-30 14:00:00,0xc0d6457c16cc70d6790dd43521c899c87ce02f35
30,3.4020591697470257,1824.1149767910422,3,0.010393414663928655,5.681760871824798,6,0.030410506807767572,16.15603212720757,15,1.8157390443053356,970.9145725802099,2026-07-30 15:00:00,0xc0d6457c16cc70d6790dd43521c899c87ce02f35
16,0.9034633946753651,481.23441344887294,4,0.20514717305714059,111.486014478071,43,4.009296595438702,2152.939139889047,16,1.5005252528945916,803.5964223901481,2026-07-30 16:00:00,0xc0d6457c16cc70d6790dd43521c899c87ce02f35
3,0.07340442276328267,38.939804402559,9,0.13076689608263012,71.54308558047498,2,0.01188326439902067,6.400172560308822,16,1.5332950486764039,815.0724967530657,2026-07-30 17:00:00,0xc0d6457c16cc70d6790dd43521c899c87ce02f35
2,0.000596940725740922,0.31774990074000004,8,0.13944068547732086,73.81918645472237,0,,,7,0.41620856674314566,222.531057261995,2026-07-30 18:00:00,0xc0d6457c16cc70d6790dd43521c899c87ce02f35
5,0.605316699724731,324.05745882619505,2,0.008082642616977708,4.442463313344,3,0.027601966988192686,14.973849161072,6,0.030410506807767572,16.15603212720757,2026-07-30 19:00:00,0xc0d6457c16cc70d6790dd43521c899c87ce02f35
37,3.14175808904741,1700.158296378118,2,0.01796536036546627,9.882889020654867,11,0.05661538250354833,30.765784741261744,43,4.009296595438702,2152.939139889047,2026-07-30 20:00:00,0xc0d6457c16cc70d6790dd43521c899c87ce02f35
2,0.0019431398333764089,1.0501683780434328,17,0.16745628824593595,92.512824635589,26,1.543668471745829,840.9638572420575,2,0.01188326439902067,6.400172560308822,2026-07-30 21:00:00,0xc0d6457c16cc70d6790dd43521c899c87ce02f35
3,0.008340385455072381,4.498592601189,42,2.820453530812227,1550.2363656545324,10,0.08568075545284924,46.88345577029661,0,,,2026-07-30 22:00:00,0xc0d6457c16cc70d6790dd43521c899c87ce02f35
14,1.0523436028893607,572.1672532560829,14,0.2227092475793555,122.00791990346092,3,0.010393414663928655,5.681760871824798,3,0.027601966988192686,14.973849161072,2026-07-30 23:00:00,0xc0d6457c16cc70d6790dd43521c899c87ce02f35
2,0.0931347268926895,50.642754326697,26,1.919344869906667,1046.0392175704833,4,0.20514717305714059,111.486014478071,11,0.05661538250354833,30.765784741261744,2026-07-31 00:00:00,0xc0d6457c16cc70d6790dd43521c899c87ce02f35
33,0.5848402726958457,319.4076732855583,0,,,9,0.13076689608263012,71.54308558047498,26,1.543668471745829,840.9638572420575,2026-07-31 01:00:00,0xc0d6457c16cc70d6790dd43521c899c87ce02f35
9,0.0624916945643856,34.09442600891821,93,13.322425850645688,7342.730402173069,8,0.13944068547732086,73.81918645472237,10,0.08568075545284924,46.88345577029661,2026-07-31 02:00:00,0xc0d6457c16cc70d6790dd43521c899c87ce02f35
8,0.2866810854470422,156.8385054440674,22,3.487312214754362,1913.865247538226,2,0.008082642616977708,4.442463313344,3,0.010393414663928655,5.681760871824798,2026-07-31 03:00:00,0xc0d6457c16cc70d6790dd43521c899c87ce02f35
10,0.10502953938030998,57.44053844440501,10,1.4305521955062792,779.149950996374,2,0.01796536036546627,9.882889020654867,4,0.20514717305714059,111.486014478071,2026-07-31 04:00:00,0xc0d6457c16cc70d6790dd43521c899c87ce02f35
6,0.4251048468096155,232.69923167871303,24,1.9696239231503916,1084.234584018572,17,0.16745628824593595,92.512824635589,9,0.13076689608263012,71.54308558047498,2026-07-31 05:00:00,0xc0d6457c16cc70d6790dd43521c899c87ce02f35
24,2.5249332709587895,1386.156929516984,0,,,42,2.820453530812227,1550.2363656545324,8,0.13944068547732086,73.81918645472237,2026-07-31 06:00:00,0xc0d6457c16cc70d6790dd43521c899c87ce02f35
7,0.07834071586793162,42.86120176906326,2,0.2743379793847267,151.44817256583337,14,0.2227092475793555,122.00791990346092,2,0.008082642616977708,4.442463313344,2026-07-31 07:00:00,0xc0d6457c16cc70d6790dd43521c899c87ce02f35
30,6.613669133637366,3662.4223156658877,38,2.8133373864987736,1561.8977272942764,26,1.919344869906667,1046.0392175704833,2,0.01796536036546627,9.882889020654867,2026-07-31 08:00:00,0xc0d6457c16cc70d6790dd43521c899c87ce02f35
44,0.9573163323027152,528.261387981235,8,0.3132989526559003,174.9085523279085,0,,,17,0.16745628824593595,92.512824635589,2026-07-31 09:00:00,0xc0d6457c16cc70d6790dd43521c899c87ce02f35
2,0.00425422294339384,2.3316137632540004,5,1.0684991263526833,593.002896182305,93,13.322425850645688,7342.730402173069,42,2.820453530812227,1550.2363656545324,2026-07-31 10:00:00,0xc0d6457c16cc70d6790dd43521c899c87ce02f35
13,1.5205168448993331,831.269443807887,1,0.002461176199322648,1.3626138943479997,22,3.487312214754362,1913.865247538226,14,0.2227092475793555,122.00791990346092,2026-07-31 11:00:00,0xc0d6457c16cc70d6790dd43521c899c87ce02f35
9,0.1645568436023751,89.85612003152457,3,0.031173339108308346,17.257275150948,10,1.4305521955062792,779.149950996374,26,1.919344869906667,1046.0392175704833,2026-07-31 12:00:00,0xc0d6457c16cc70d6790dd43521c899c87ce02f35
13,2.5866705510007635,1414.5307529581983,3,0.1849208140702445,102.370413842297,24,1.9696239231503916,1084.234584018572,0,,,2026-07-31 13:00:00,0xc0d6457c16cc70d6790dd43521c899c87ce02f35
38,4.459867141751363,2440.7501378654497,7,0.04254358366762392,23.542827601712002,0,,,93,13.322425850645688,7342.730402173069,2026-07-31 14:00:00,0xc0d6457c16cc70d6790dd43521c899c87ce02f35
60,7.176160999905354,3918.9336872993035,0,,,2,0.2743379793847267,151.44817256583337,22,3.487312214754362,1913.865247538226,2026-07-31 15:00:00,0xc0d6457c16cc70d6790dd43521c899c87ce02f35
21,2.604879682257873,1427.257491398627,6,0.48692163757021667,269.46767008196,38,2.8133373864987736,1561.8977272942764,10,1.4305521955062792,779.149950996374,2026-07-31 16:00:00,0xc0d6457c16cc70d6790dd43521c899c87ce02f35
5,0.06924983040651503,37.93242792773599,4,0.02205635082516956,12.226098592319987,8,0.3132989526559003,174.9085523279085,24,1.9696239231503916,1084.234584018572,2026-07-31 17:00:00,0xc0d6457c16cc70d6790dd43521c899c87ce02f35
2,0.014635734127861939,8.077861988075,2,0.011124801230085747,6.163734895470944,5,1.0684991263526833,593.002896182305,0,,,2026-07-31 18:00:00,0xc0d6457c16cc70d6790dd43521c899c87ce02f35
18,1.2615347038090512,697.5596220258318,2,0.002327311816938289,1.2888544559209527,1,0.002461176199322648,1.3626138943479997,2,0.2743379793847267,151.44817256583337,2026-07-31 19:00:00,0xc0d6457c16cc70d6790dd43521c899c87ce02f35
3,0.02206632479684375,12.298677223132415,0,,,3,0.031173339108308346,17.257275150948,38,2.8133373864987736,1561.8977272942764,2026-07-31 20:00:00,0xc0d6457c16cc70d6790dd43521c899c87ce02f35
1,0.004868290084170678,2.709344376371742,0,,,3,0.1849208140702445,102.370413842297,8,0.3132989526559003,174.9085523279085,2026-07-31 21:00:00,0xc0d6457c16cc70d6790dd43521c899c87ce02f35
0,,,13,2.96175203757669,1652.336557103731,7,0.04254358366762392,23.542827601712002,5,1.0684991263526833,593.002896182305,2026-07-31 22:00:00,0xc0d6457c16cc70d6790dd43521c899c87ce02f35
3,0.015436504324801315,8.564351973680697,2,0.010544982822583796,5.861936553144,0,,,1,0.002461176199322648,1.3626138943479997,2026-07-31 23:00:00,0xc0d6457c16cc70d6790dd43521c899c87ce02f35
6,0.05029899549071391,27.850212998838,3,0.010293379202544308,5.712548677425163,6,0.48692163757021667,269.46767008196,3,0.031173339108308346,17.257275150948,2026-08-01 00:00:00,0xc0d6457c16cc70d6790dd43521c899c87ce02f35
3,0.07294101158720753,40.38329596938,20,1.4207344373603674,777.6889632560244,4,0.02205635082516956,12.226098592319987,3,0.1849208140702445,102.370413842297,2026-08-01 01:00:00,0xc0d6457c16cc70d6790dd43521c899c87ce02f35
1,0.000465638688446485,0.257442508949,2,0.006660055461214608,3.6927538901963,2,0.011124801230085747,6.163734895470944,7,0.04254358366762392,23.542827601712002,2026-08-01 02:00:00,0xc0d6457c16cc70d6790dd43521c899c87ce02f35
1,0.005762808677398026,3.204813380612649,4,0.3628625185743107,202.53607041180894,2,0.002327311816938289,1.2888544559209527,0,,,2026-08-01 03:00:00,0xc0d6457c16cc70d6790dd43521c899c87ce02f35
0,,,4,0.02498824356992607,13.901119209408495,0,,,6,0.48692163757021667,269.46767008196,2026-08-01 04:00:00,0xc0d6457c16cc70d6790dd43521c899c87ce02f35
9,0.9032769185233657,499.5649043998426,6,0.5145731714017601,285.2096043609219,0,,,4,0.02205635082516956,12.226098592319987,2026-08-01 05:00:00,0xc0d6457c16cc70d6790dd43521c899c87ce02f35
0,,,10,0.3911657973281241,217.02862502379767,13,2.96175203757669,1652.336557103731,2,0.011124801230085747,6.163734895470944,2026-08-01 06:00:00,0xc0d6457c16cc70d6790dd43521c899c87ce02f35
1,0.020518555574696184,11.344373958042002,15,0.721316300191099,399.50597289565036,2,0.010544982822583796,5.861936553144,2,0.002327311816938289,1.2888544559209527,2026-08-01 07:00:00,0xc0d6457c16cc70d6790dd43521c899c87ce02f35
4,0.012008516935010915,6.670075352685906,5,0.12380573463673726,68.539297118502,3,0.010293379202544308,5.712548677425163,0,,,2026-08-01 08:00:00,0xc0d6457c16cc70d6790dd43521c899c87ce02f35
1,0.004350850739608566,2.417197167405,5,0.10396566398973997,57.4779944516,20,1.4207344373603674,777.6889632560244,0,,,2026-08-01 09:00:00,0xc0d6457c16cc70d6790dd43521c899c87ce02f35
11,0.31866209754972563,177.01026613255294,2,0.10946049908503894,60.7537154985,2,0.006660055461214608,3.6927538901963,13,2.96175203757669,1652.336557103731,2026-08-01 10:00:00,0xc0d6457c16cc70d6790dd43521c899c87ce02f35
2,0.0021420313995605222,1.18949870181,0,,,4,0.3628625185743107,202.53607041180894,2,0.010544982822583796,5.861936553144,2026-08-01 11:00:00,0xc0d6457c16cc70d6790dd43521c899c87ce02f35
2,0.009899073073399024,5.494426044904,1,1.1251994582458e-05,0.006225973189753368,4,0.02498824356992607,13.901119209408495,3,0.010293379202544308,5.712548677425163,2026-08-01 12:00:00,0xc0d6457c16cc70d6790dd43521c899c87ce02f35
1,0.001159767971949667,0.64310096151,1,0.005833574701416488,3.23972820008,6,0.5145731714017601,285.2096043609219,20,1.4207344373603674,777.6889632560244,2026-08-01 13:00:00,0xc0d6457c16cc70d6790dd43521c899c87ce02f35
1,0.000681212116583442,0.377372428083,4,0.11173057050001645,62.066967154659054,10,0.3911657973281241,217.02862502379767,2,0.006660055461214608,3.6927538901963,2026-08-01 14:00:00,0xc0d6457c16cc70d6790dd43521c899c87ce02f35
2,0.019801381495521228,10.99591890429,3,0.004351420725906556,2.411205397058521,15,0.721316300191099,399.50597289565036,4,0.3628625185743107,202.53607041180894,2026-08-01 15:00:00,0xc0d6457c16cc70d6790dd43521c899c87ce02f35
3,0.000538080262779622,0.2977926192634189,29,0.4606121345532769,257.19199553747694,5,0.12380573463673726,68.539297118502,4,0.02498824356992607,13.901119209408495,2026-08-01 16:00:00,0xc0d6457c16cc70d6790dd43521c899c87ce02f35
3,1.00659194125892,562.2631879793299,6,0.06640341018495052,37.127950234324366,5,0.10396566398973997,57.4779944516,6,0.5145731714017601,285.2096043609219,2026-08-01 17:00:00,0xc0d6457c16cc70d6790dd43521c899c87ce02f35
9,0.5704574017821196,316.1638804464867,13,0.03598248357646798,19.9900874004177,2,0.10946049908503894,60.7537154985,10,0.3911657973281241,217.02862502379767,2026-08-01 18:00:00,0xc0d6457c16cc70d6790dd43521c899c87ce02f35
7,0.04051092891654569,21.534451760895227,6,0.5997668149185461,335.947291110084,0,,,15,0.721316300191099,399.50597289565036,2026-08-01 19:00:00,0xc0d6457c16cc70d6790dd43521c899c87ce02f35
11,1.3343489019388606,736.6628686090319,0,,,1,1.1251994582458e-05,0.006225973189753368,5,0.12380573463673726,68.539297118502,2026-08-01 20:00:00,0xc0d6457c16cc70d6790dd43521c899c87ce02f35
5,0.005805462407742623,3.2058316561888396,2,0.025402033353875038,14.213493127426998,1,0.005833574701416488,3.23972820008,5,0.10396566398973997,57.4779944516,2026-08-01 21:00:00,0xc0d6457c16cc70d6790dd43521c899c87ce02f35
2,0.009337937091926029,5.1756890335,0,,,4,0.11173057050001645,62.066967154659054,2,0.10946049908503894,60.7537154985,2026-08-01 22:00:00,0xc0d6457c16cc70d6790dd43521c899c87ce02f35
1,0.002039767161087592,1.130364399253341,5,3.7424793108874224,2071.9714811583517,3,0.004351420725906556,2.411205397058521,0,,,2026-08-01 23:00:00,0xc0d6457c16cc70d6790dd43521c899c87ce02f35
1,0.002226229123897486,1.23593435916,13,0.017007099282416022,9.461803623702771,29,0.4606121345532769,257.19199553747694,1,1.1251994582458e-05,0.006225973189753368,2026-08-02 00:00:00,0xc0d6457c16cc70d6790dd43521c899c87ce02f35
4,0.0811257579540338,45.05196594019482,0,,,6,0.06640341018495052,37.127950234324366,1,0.005833574701416488,3.23972820008,2026-08-02 01:00:00,0xc0d6457c16cc70d6790dd43521c899c87ce02f35
19,2.219863027441677,1236.365762995921,3,0.00320487099905711,1.7659829179957252,13,0.03598248357646798,19.9900874004177,4,0.11173057050001645,62.066967154659054,2026-08-02 02:00:00,0xc0d6457c16cc70d6790dd43521c899c87ce02f35
5,0.03592722803527948,20.02488811068,1,0.003911076911026124,2.176610372196,6,0.5997668149185461,335.947291110084,3,0.004351420725906556,2.411205397058521,2026-08-02 03:00:00,0xc0d6457c16cc70d6790dd43521c899c87ce02f35
21,0.25864159882167026,144.62498955295965,3,0.01574476850121372,8.763978227292002,0,,,29,0.4606121345532769,257.19199553747694,2026-08-02 04:00:00,0xc0d6457c16cc70d6790dd43521c899c87ce02f35
2,0.000696861913692864,0.38734764922599996,2,0.47820731491140156,268.057015079036,2,0.025402033353875038,14.213493127426998,6,0.06640341018495052,37.127950234324366,2026-08-02 05:00:00,0xc0d6457c16cc70d6790dd43521c899c87ce02f35
4,0.37637383157637505,210.52258644117242,4,0.5446124757345056,305.7900985983557,0,,,13,0.03598248357646798,19.9900874004177,2026-08-02 06:00:00,0xc0d6457c16cc70d6790dd43521c899c87ce02f35
2,0.5377973039240704,299.053040301692,3,0.46791605254769136,263.3792248018837,5,3.7424793108874224,2071.9714811583517,6,0.5997668149185461,335.947291110084,2026-08-02 07:00:00,0xc0d6457c16cc70d6790dd43521c899c87ce02f35
1,0.000945340009790624,0.5253252745579999,5,0.689359116601101,386.27138349808445,13,0.017007099282416022,9.461803623702771,0,,,2026-08-02 08:00:00,0xc0d6457c16cc70d6790dd43521c899c87ce02f35
2,0.000650391544557949,0.3597430254834686,0,,,0,,,2,0.025402033353875038,14.213493127426998,2026-08-02 09:00:00,0xc0d6457c16cc70d6790dd43521c899c87ce02f35
0,,,12,0.4688675705601234,262.24581009870457,3,0.00320487099905711,1.7659829179957252,0,,,2026-08-02 10:00:00,0xc0d6457c16cc70d6790dd43521c899c87ce02f35
3,0.79475895652212,445.01347494722813,12,1.0736694927933783,597.4264410238131,1,0.003911076911026124,2.176610372196,5,3.7424793108874224,2071.9714811583517,2026-08-02 11:00:00,0xc0d6457c16cc70d6790dd43521c899c87ce02f35
3,0.003706343114300713,2.030363095161554,5,0.07733299966327582,42.94767805159088,3,0.01574476850121372,8.763978227292002,13,0.017007099282416022,9.461803623702771,2026-08-02 12:00:00,0xc0d6457c16cc70d6790dd43521c899c87ce02f35
0,,,21,1.27042360564545,715.123791783195,2,0.47820731491140156,268.057015079036,0,,,2026-08-02 13:00:00,0xc0d6457c16cc70d6790dd43521c899c87ce02f35
1,0.001004,0.5588210630141063,6,0.006710660788317642,3.7975400381590667,4,0.5446124757345056,305.7900985983557,3,0.00320487099905711,1.7659829179957252,2026-08-02 14:00:00,0xc0d6457c16cc70d6790dd43521c899c87ce02f35
0,,,34,2.2353447979530903,1262.9623595747007,3,0.46791605254769136,263.3792248018837,1,0.003911076911026124,2.176610372196,2026-08-02 15:00:00,0xc0d6457c16cc70d6790dd43521c899c87ce02f35
7,0.04259378838206796,23.736840938936496,3,0.0024940065103872667,1.4110650875750883,5,0.689359116601101,386.27138349808445,3,0.01574476850121372,8.763978227292002,2026-08-02 16:00:00,0xc0d6457c16cc70d6790dd43521c899c87ce02f35
1,0.00277452316897992,1.5532646380719999,0,,,0,,,2,0.47820731491140156,268.057015079036,2026-08-02 17:00:00,0xc0d6457c16cc70d6790dd43521c899c87ce02f35
15,2.095628604776556,1177.5706540580989,1,0.003066853005576747,1.7281996187550002,12,0.4688675705601234,262.24581009870457,4,0.5446124757345056,305.7900985983557,2026-08-02 18:00:00,0xc0d6457c16cc70d6790dd43521c899c87ce02f35
9,0.691318632493562,389.502859692715,1,0.002647484810087365,1.49087265771,12,1.0736694927933783,597.4264410238131,3,0.46791605254769136,263.3792248018837,2026-08-02 19:00:00,0xc0d6457c16cc70d6790dd43521c899c87ce02f35
5,0.015539239997307578,8.588337518249928,1,0.012999075997901389,7.33282705782,5,0.07733299966327582,42.94767805159088,5,0.689359116601101,386.27138349808445,2026-08-02 20:00:00,0xc0d6457c16cc70d6790dd43521c899c87ce02f35
3,0.006712718766890317,3.764054042051,7,0.07475120069784076,42.108660735296,21,1.27042360564545,715.123791783195,0,,,2026-08-02 21:00:00,0xc0d6457c16cc70d6790dd43521c899c87ce02f35
8,1.7883985906783215,997.6118896387816,27,0.39120929767017426,220.32334584850898,6,0.006710660788317642,3.7975400381590667,12,0.4688675705601234,262.24581009870457,2026-08-02 22:00:00,0xc0d6457c16cc70d6790dd43521c899c87ce02f35
5,0.5411983123979824,300.849945656195,4,0.026721480364325388,15.347332895165696,34,2.2353447979530903,1262.9623595747007,12,1.0736694927933783,597.4264410238131,2026-08-02 23:00:00,0xc0d6457c16cc70d6790dd43521c899c87ce02f35
36,3.3283069128388587,1866.2561375663213,14,0.02592036989325699,14.659956786799999,3,0.0024940065103872667,1.4110650875750883,5,0.07733299966327582,42.94767805159088,2026-08-03 00:00:00,0xc0d6457c16cc70d6790dd43521c899c87ce02f35
1,0.005939556558086776,3.3228939963119997,664,72.0583029400808,41056.49512970426,0,,,21,1.27042360564545,715.123791783195,2026-08-03 01:00:00,0xc0d6457c16cc70d6790dd43521c899c87ce02f35
11,0.23381044338868928,131.91301506041174,233,26.97292960876991,15589.72153539959,1,0.003066853005576747,1.7281996187550002,6,0.006710660788317642,3.7975400381590667,2026-08-03 02:00:00,0xc0d6457c16cc70d6790dd43521c899c87ce02f35
14,0.10529486161750415,59.584973655880795,45,4.579749687148564,2681.0863037968616,1,0.002647484810087365,1.49087265771,34,2.2353447979530903,1262.9623595747007,2026-08-03 03:00:00,0xc0d6457c16cc70d6790dd43521c899c87ce02f35
2,0.01171789571192462,6.619659259288647,11,0.06403586745334178,38.01306767714544,1,0.012999075997901389,7.33282705782,3,0.0024940065103872667,1.4110650875750883,2026-08-03 04:00:00,0xc0d6457c16cc70d6790dd43521c899c87ce02f35
2,0.004333498251506584,2.4419746777820617,184,35.59047011389428,21132.887212192887,7,0.07475120069784076,42.108660735296,0,,,2026-08-03 05:00:00,0xc0d6457c16cc70d6790dd43521c899c87ce02f35
2,0.5320944385446832,301.7675029216133,27,2.2096467778952773,1305.8491770088092,27,0.39120929767017426,220.32334584850898,1,0.003066853005576747,1.7281996187550002,2026-08-03 06:00:00,0xc0d6457c16cc70d6790dd43521c899c87ce02f35
3,0.07668622912968533,43.245163148449166,13,0.7446788396998145,442.0124971812687,4,0.026721480364325388,15.347332895165696,1,0.002647484810087365,1.49087265771,2026-08-03 07:00:00,0xc0d6457c16cc70d6790dd43521c899c87ce02f35
17,1.509359355685117,855.0377281160465,7,0.5444396194775852,323.49497939177184,14,0.02592036989325699,14.659956786799999,1,0.012999075997901389,7.33282705782,2026-08-03 08:00:00,0xc0d6457c16cc70d6790dd43521c899c87ce02f35
11,0.12309275677324105,69.16985187109707,9,0.1642796639922277,96.86171718126003,664,72.0583029400808,41056.49512970426,7,0.07475120069784076,42.108660735296,2026-08-03 09:00:00,0xc0d6457c16cc70d6790dd43521c899c87ce02f35
2,0.002086146487184016,1.173835549872,3,0.6112926574083744,360.16891487053476,233,26.97292960876991,15589.72153539959,27,0.39120929767017426,220.32334584850898,2026-08-03 10:00:00,0xc0d6457c16cc70d6790dd43521c899c87ce02f35
2,0.01578974584122764,8.89068630243349,9,0.7094971896891876,419.27723656929834,45,4.579749687148564,2681.0863037968616,4,0.026721480364325388,15.347332895165696,2026-08-03 11:00:00,0xc0d6457c16cc70d6790dd43521c899c87ce02f35
19,1.9015478803031791,1079.8806324310706,12,0.2766478811403581,163.66807959571997,11,0.06403586745334178,38.01306767714544,14,0.02592036989325699,14.659956786799999,2026-08-03 12:00:00,0xc0d6457c16cc70d6790dd43521c899c87ce02f35
55,4.479731823818472,2525.450348758181,5,0.04712655775459487,27.79545508496425,184,35.59047011389428,21132.887212192887,664,72.0583029400808,41056.49512970426,2026-08-03 13:00:00,0xc0d6457c16cc70d6790dd43521c899c87ce02f35
41,55.91869130845754,33006.66881551387,5,0.28273870843986537,166.51881073860346,27,2.2096467778952773,1305.8491770088092,233,26.97292960876991,15589.72153539959,2026-08-03 14:00:00,0xc0d6457c16cc70d6790dd43521c899c87ce02f35
65,6.966813051695293,4121.019416167274,2,0.003539549147440769,2.082802536415219,13,0.7446788396998145,442.0124971812687,45,4.579749687148564,2681.0863037968616,2026-08-03 15:00:00,0xc0d6457c16cc70d6790dd43521c899c87ce02f35
95,27.74622554802931,16590.083420506227,3,0.032828062767502456,19.33317483609882,7,0.5444396194775852,323.49497939177184,11,0.06403586745334178,38.01306767714544,2026-08-03 16:00:00,0xc0d6457c16cc70d6790dd43521c899c87ce02f35
20,3.699780100065566,2193.43923483058,0,,,9,0.1642796639922277,96.86171718126003,184,35.59047011389428,21132.887212192887,2026-08-03 17:00:00,0xc0d6457c16cc70d6790dd43521c899c87ce02f35
24,1.6501291952999646,973.5311427883461,7,0.15628527051129737,92.56651764389163,3,0.6112926574083744,360.16891487053476,27,2.2096467778952773,1305.8491770088092,2026-08-03 18:00:00,0xc0d6457c16cc70d6790dd43521c899c87ce02f35
11,0.4019099783850797,238.7840719501644,11,0.2944120562884027,174.13643524788557,9,0.7094971896891876,419.27723656929834,13,0.7446788396998145,442.0124971812687,2026-08-03 19:00:00,0xc0d6457c16cc70d6790dd43521c899c87ce02f35
16,1.9243933776234554,1135.263542020447,19,0.4795351706211211,282.4540846200044,12,0.2766478811403581,163.66807959571997,7,0.5444396194775852,323.49497939177184,2026-08-03 20:00:00,0xc0d6457c16cc70d6790dd43521c899c87ce02f35
3,0.07496243608880346,44.17129968818551,0,,,5,0.04712655775459487,27.79545508496425,9,0.1642796639922277,96.86171718126003,2026-08-03 21:00:00,0xc0d6457c16cc70d6790dd43521c899c87ce02f35
7,0.14473236410305654,85.25877787954423,10,0.17942258423095114,105.25352052391806,5,0.28273870843986537,166.51881073860346,3,0.6112926574083744,360.16891487053476,2026-08-03 22:00:00,0xc0d6457c16cc70d6790dd43521c899c87ce02f35
5,0.09305495525844837,54.82740880306105,22,6.397958984641748,3723.3968863244218,2,0.003539549147440769,2.082802536415219,9,0.7094971896891876,419.27723656929834,2026-08-03 23:00:00,0xc0d6457c16cc70d6790dd43521c899c87ce02f35
10,0.14354225994271425,84.78271712049121,32,2.9915346927634943,1729.0977102689533,3,0.032828062767502456,19.33317483609882,12,0.2766478811403581,163.66807959571997,2026-08-04 00:00:00,0xc0d6457c16cc70d6790dd43521c899c87ce02f35
6,0.025619829610447613,15.112677500803716,7,0.07263326566299887,42.21388296891577,0,,,5,0.04712655775459487,27.79545508496425,2026-08-04 01:00:00,0xc0d6457c16cc70d6790dd43521c899c87ce02f35
4,0.005400927766778105,3.197779161676346,20,2.2169668712789217,1298.0087225943032,7,0.15628527051129737,92.56651764389163,5,0.28273870843986537,166.51881073860346,2026-08-04 02:00:00,0xc0d6457c16cc70d6790dd43521c899c87ce02f35
6,0.08486714810814386,50.01252606955181,14,0.2750453276357619,160.20620275890957,11,0.2944120562884027,174.13643524788557,2,0.003539549147440769,2.082802536415219,2026-08-04 03:00:00,0xc0d6457c16cc70d6790dd43521c899c87ce02f35
6,0.08205851692390809,48.37962615236882,28,13.089228448034774,7601.474569029149,19,0.4795351706211211,282.4540846200044,3,0.032828062767502456,19.33317483609882,2026-08-04 04:00:00,0xc0d6457c16cc70d6790dd43521c899c87ce02f35
1,0.00084653312,0.49809889639357796,18,1.3498982857516304,783.1458934816709,0,,,0,,,2026-08-04 05:00:00,0xc0d6457c16cc70d6790dd43521c899c87ce02f35
9,0.09856326720131303,58.410677421949416,21,3.518569433511985,2070.518851389887,10,0.17942258423095114,105.25352052391806,7,0.15628527051129737,92.56651764389163,2026-08-04 06:00:00,0xc0d6457c16cc70d6790dd43521c899c87ce02f35
5,0.15543933803967666,92.04867763933464,4,0.023705526004849174,13.951617701513541,22,6.397958984641748,3723.3968863244218,11,0.2944120562884027,174.13643524788557,2026-08-04 07:00:00,0xc0d6457c16cc70d6790dd43521c899c87ce02f35
44,5.079274047424984,2983.5630188377395,30,5.655983096510085,3345.098641012333,32,2.9915346927634943,1729.0977102689533,19,0.4795351706211211,282.4540846200044,2026-08-04 08:00:00,0xc0d6457c16cc70d6790dd43521c899c87ce02f35
12,0.23359772504648058,136.89264112304812,6,4.243155992870116,2550.2482100003213,7,0.07263326566299887,42.21388296891577,0,,,2026-08-04 09:00:00,0xc0d6457c16cc70d6790dd43521c899c87ce02f35
34,4.475332058078793,2617.242841971472,8,0.12372693580804894,72.67105461123366,20,2.2169668712789217,1298.0087225943032,10,0.17942258423095114,105.25352052391806,2026-08-04 10:00:00,0xc0d6457c16cc70d6790dd43521c899c87ce02f35
41,12.609825189171112,7293.095576378779,3,0.009810077312502804,5.76012741721221,14,0.2750453276357619,160.20620275890957,22,6.397958984641748,3723.3968863244218,2026-08-04 11:00:00,0xc0d6457c16cc70d6790dd43521c899c87ce02f35
16,2.078738802717053,1206.9555870647625,7,0.04717901211945403,27.82052937913509,28,13.089228448034774,7601.474569029149,32,2.9915346927634943,1729.0977102689533,2026-08-04 12:00:00,0xc0d6457c16cc70d6790dd43521c899c87ce02f35
51,10.824832891695374,6313.926380630073,9,0.0859023623211031,50.58166199327866,18,1.3498982857516304,783.1458934816709,7,0.07263326566299887,42.21388296891577,2026-08-04 13:00:00,0xc0d6457c16cc70d6790dd43521c899c87ce02f35
13,0.7404775441098786,430.5778861783599,9,0.11979742640914601,70.8281851484086,21,3.518569433511985,2070.518851389887,20,2.2169668712789217,1298.0087225943032,2026-08-04 14:00:00,0xc0d6457c16cc70d6790dd43521c899c87ce02f35
9,0.13070013455264468,76.05900220730169,7,0.178230331345746,105.11736550518381,4,0.023705526004849174,13.951617701513541,14,0.2750453276357619,160.20620275890957,2026-08-04 15:00:00,0xc0d6457c16cc70d6790dd43521c899c87ce02f35
11,0.44042920245238326,257.39600827171313,9,0.041785568070856385,24.66265417430715,30,5.655983096510085,3345.098641012333,28,13.089228448034774,7601.474569029149,2026-08-04 16:00:00,0xc0d6457c16cc70d6790dd43521c899c87ce02f35
50,9.111051237860956,5341.635452247394,2,0.002710756064944782,1.6070456043595236,6,4.243155992870116,2550.2482100003213,18,1.3498982857516304,783.1458934816709,2026-08-04 17:00:00,0xc0d6457c16cc70d6790dd43521c899c87ce02f35
5,0.3779074219855168,222.95134012831804,13,0.0166569148938221,9.848740895514,8,0.12372693580804894,72.67105461123366,21,3.518569433511985,2070.518851389887,2026-08-04 18:00:00,0xc0d6457c16cc70d6790dd43521c899c87ce02f35
13,1.5927250464393805,940.1760204239963,3,0.008419925648187998,4.9792419376809995,3,0.009810077312502804,5.76012741721221,4,0.023705526004849174,13.951617701513541,2026-08-04 19:00:00,0xc0d6457c16cc70d6790dd43521c899c87ce02f35
14,4.976446640183182,2924.8392361406277,5,0.10432251325083809,61.72999392683049,7,0.04717901211945403,27.82052937913509,30,5.655983096510085,3345.098641012333,2026-08-04 20:00:00,0xc0d6457c16cc70d6790dd43521c899c87ce02f35
6,0.1293227267486388,76.13216196922053,3,0.008155250407753178,4.8041388971122485,9,0.0859023623211031,50.58166199327866,6,4.243155992870116,2550.2482100003213,2026-08-04 21:00:00,0xc0d6457c16cc70d6790dd43521c899c87ce02f35
4,0.011734144423215628,6.902806839561636,3,0.2932070255916846,172.3681786044441,9,0.11979742640914601,70.8281851484086,8,0.12372693580804894,72.67105461123366,2026-08-04 22:00:00,0xc0d6457c16cc70d6790dd43521c899c87ce02f35
2,0.001798105976262041,1.0558767426375202,55,5.633623703441355,3351.419632302251,7,0.178230331345746,105.11736550518381,3,0.009810077312502804,5.76012741721221,2026-08-04 23:00:00,0xc0d6457c16cc70d6790dd43521c899c87ce02f35
72,248.24884748968222,21913.13928829924,10,7.590218237818778,662.211877160827,76,255.33722189853472,21362.07866481104,69,239.99775211655583,20764.490985499142,2026-07-29 00:00:00,0xc72b96e0e48ecd4dc75e1e45396e26300bc39681
32,84.42749745049662,7321.962325263114,12,45.87205814801362,3967.9282917228675,27,33.525086686140476,2780.56742942207,16,23.86532830442272,2079.9623303754393,2026-07-29 01:00:00,0xc72b96e0e48ecd4dc75e1e45396e26300bc39681
20,30.954638161813403,2639.2533868032638,118,565.3967923923595,48334.24485465904,19,47.428098240556366,4038.128908696825,51,167.9933321964777,14424.081867722074,2026-07-29 02:00:00,0xc72b96e0e48ecd4dc75e1e45396e26300bc39681
27,95.88253286859995,8131.426149707617,47,134.34118698879809,11252.626051393207,47,106.61839385929055,9159.244980579098,6,1.9114513264516284,163.207939583283,2026-07-29 03:00:00,0xc72b96e0e48ecd4dc75e1e45396e26300bc39681
50,122.0720658291038,10064.4671567877,39,235.51363251980416,19498.280483348313,12,26.498848227561684,2300.248388422325,76,255.33722189853472,21362.07866481104,2026-07-29 04:00:00,0xc72b96e0e48ecd4dc75e1e45396e26300bc39681
64,170.78933392257207,14429.26261100873,21,21.431331679830667,1780.699508388562,27,13.625616865559554,1170.574791713218,27,33.525086686140476,2780.56742942207,2026-07-29 05:00:00,0xc72b96e0e48ecd4dc75e1e45396e26300bc39681
29,46.62975606407917,3976.1666230219107,4,1.5627224653502465,131.864375932194,56,189.41428224334015,16689.167269362144,19,47.428098240556366,4038.128908696825,2026-07-29 06:00:00,0xc72b96e0e48ecd4dc75e1e45396e26300bc39681
24,62.76792903591473,5428.055727084444,79,363.7565466200096,31310.735085156546,8,1.3573094530554901,119.15751450372301,47,106.61839385929055,9159.244980579098,2026-07-29 07:00:00,0xc72b96e0e48ecd4dc75e1e45396e26300bc39681
45,141.11216414951997,12176.481503433934,152,722.2431712633606,60096.39899156898,10,7.590218237818778,662.211877160827,12,26.498848227561684,2300.248388422325,2026-07-29 08:00:00,0xc72b96e0e48ecd4dc75e1e45396e26300bc39681
50,138.20636463900968,12048.441020126575,13,15.606852557298588,1255.4889527841215,12,45.87205814801362,3967.9282917228675,27,13.625616865559554,1170.574791713218,2026-07-29 09:00:00,0xc72b96e0e48ecd4dc75e1e45396e26300bc39681
10,53.83435394782214,4770.771493537619,28,12.899203963633509,1025.7645691242715,118,565.3967923923595,48334.24485465904,56,189.41428224334015,16689.167269362144,2026-07-29 10:00:00,0xc72b96e0e48ecd4dc75e1e45396e26300bc39681
10,32.01750273722928,2847.573855554058,4,2.41000363390311,194.885839979138,47,134.34118698879809,11252.626051393207,8,1.3573094530554901,119.15751450372301,2026-07-29 11:00:00,0xc72b96e0e48ecd4dc75e1e45396e26300bc39681
31,145.75688120580512,12694.247936666392,8,4.327781298365706,351.26178717945805,39,235.51363251980416,19498.280483348313,10,7.590218237818778,662.211877160827,2026-07-29 12:00:00,0xc72b96e0e48ecd4dc75e1e45396e26300bc39681
8,1.3932959912314593,121.47729858493801,27,30.70575436609238,2512.506218155157,21,21.431331679830667,1780.699508388562,12,45.87205814801362,3967.9282917228675,2026-07-29 13:00:00,0xc72b96e0e48ecd4dc75e1e45396e26300bc39681
58,222.76430488950788,18778.4676972764,65,257.1173991524045,21509.34427254509,4,1.5627224653502465,131.864375932194,118,565.3967923923595,48334.24485465904,2026-07-29 14:00:00,0xc72b96e0e48ecd4dc75e1e45396e26300bc39681
30,78.33324515263304,6536.6707474008335,26,33.708592817805695,2780.9782418287,79,363.7565466200096,31310.735085156546,47,134.34118698879809,11252.626051393207,2026-07-29 15:00:00,0xc72b96e0e48ecd4dc75e1e45396e26300bc39681
51,137.0854817730149,11329.62222666066,15,31.93895478804565,2589.804767846086,152,722.2431712633606,60096.39899156898,39,235.51363251980416,19498.280483348313,2026-07-29 16:00:00,0xc72b96e0e48ecd4dc75e1e45396e26300bc39681
50,180.85890979398394,15222.084946180861,41,92.07110597596989,7409.698316599208,13,15.606852557298588,1255.4889527841215,21,21.431331679830667,1780.699508388562,2026-07-29 17:00:00,0xc72b96e0e48ecd4dc75e1e45396e26300bc39681
53,289.97070197680523,24650.272499933217,14,11.74105155464189,950.5390671331669,28,12.899203963633509,1025.7645691242715,4,1.5627224653502465,131.864375932194,2026-07-29 18:00:00,0xc72b96e0e48ecd4dc75e1e45396e26300bc39681
86,342.4966624242681,29310.985181232478,4,2.4085007438655293,194.48799026926602,4,2.41000363390311,194.885839979138,79,363.7565466200096,31310.735085156546,2026-07-29 19:00:00,0xc72b96e0e48ecd4dc75e1e45396e26300bc39681
125,473.3119469451686,38404.91611882655,25,50.23018700765282,4028.74557529085,8,4.327781298365706,351.26178717945805,152,722.2431712633606,60096.39899156898,2026-07-29 20:00:00,0xc72b96e0e48ecd4dc75e1e45396e26300bc39681
65,225.67394413523087,17976.21673897227,9,9.249690084283689,746.5073344613229,27,30.70575436609238,2512.506218155157,13,15.606852557298588,1255.4889527841215,2026-07-29 21:00:00,0xc72b96e0e48ecd4dc75e1e45396e26300bc39681
43,128.85959149496267,10462.788931585328,6,0.18808219797405515,15.210239729284998,65,257.1173991524045,21509.34427254509,28,12.899203963633509,1025.7645691242715,2026-07-29 22:00:00,0xc72b96e0e48ecd4dc75e1e45396e26300bc39681
6,0.23986498854803073,19.48085736572,30,77.04343063977774,6336.578170510188,26,33.708592817805695,2780.9782418287,4,2.41000363390311,194.885839979138,2026-07-29 23:00:00,0xc72b96e0e48ecd4dc75e1e45396e26300bc39681
74,322.1105683373539,26432.43913516592,32,679.3876427610435,57278.25270737477,15,31.93895478804565,2589.804767846086,8,4.327781298365706,351.26178717945805,2026-07-30 00:00:00,0xc72b96e0e48ecd4dc75e1e45396e26300bc39681
52,159.1341320263493,13185.408083336395,68,203.79703472116083,17463.609715021143,41,92.07110597596989,7409.698316599208,27,30.70575436609238,2512.506218155157,2026-07-30 01:00:00,0xc72b96e0e48ecd4dc75e1e45396e26300bc39681
18,14.888954187096521,1240.6161770063661,219,876.7549911819433,77816.63569484297,14,11.74105155464189,950.5390671331669,65,257.1173991524045,21509.34427254509,2026-07-30 02:00:00,0xc72b96e0e48ecd4dc75e1e45396e26300bc39681
78,374.00558643603256,30469.009671883803,43,46.57069152568551,4324.514809515116,4,2.4085007438655293,194.48799026926602,26,33.708592817805695,2780.9782418287,2026-07-30 03:00:00,0xc72b96e0e48ecd4dc75e1e45396e26300bc39681
23,75.97590862773711,6138.963741503817,45,29.572563993290938,2740.1648179096974,25,50.23018700765282,4028.74557529085,15,31.93895478804565,2589.804767846086,2026-07-30 04:00:00,0xc72b96e0e48ecd4dc75e1e45396e26300bc39681
17,49.860779671672894,4003.363337842242,30,18.56474183859996,1713.1980188020282,9,9.249690084283689,746.5073344613229,41,92.07110597596989,7409.698316599208,2026-07-30 05:00:00,0xc72b96e0e48ecd4dc75e1e45396e26300bc39681
5,4.092383890995108,332.346086012004,17,20.486006130502386,1914.7137480362258,6,0.18808219797405515,15.210239729284998,14,11.74105155464189,950.5390671331669,2026-07-30 06:00:00,0xc72b96e0e48ecd4dc75e1e45396e26300bc39681
4,0.6266912215912911,50.28241905760979,53,136.75249312398242,12518.776484721253,30,77.04343063977774,6336.578170510188,4,2.4085007438655293,194.48799026926602,2026-07-30 07:00:00,0xc72b96e0e48ecd4dc75e1e45396e26300bc39681
37,122.61981135311153,9799.507347950523,27,62.987861421971836,5747.560945928548,32,679.3876427610435,57278.25270737477,25,50.23018700765282,4028.74557529085,2026-07-30 08:00:00,0xc72b96e0e48ecd4dc75e1e45396e26300bc39681
17,10.822090005644334,877.101891026799,11,2.382993340420914,220.8878066757773,68,203.79703472116083,17463.609715021143,9,9.249690084283689,746.5073344613229,2026-07-30 09:00:00,0xc72b96e0e48ecd4dc75e1e45396e26300bc39681
55,202.16386396179166,16529.06926234206,21,38.721900441859944,3619.978926102268,219,876.7549911819433,77816.63569484297,6,0.18808219797405515,15.210239729284998,2026-07-30 10:00:00,0xc72b96e0e48ecd4dc75e1e45396e26300bc39681
113,507.1548738900282,42196.32643504248,3,1.1282958770170388,107.43829401323501,43,46.57069152568551,4324.514809515116,30,77.04343063977774,6336.578170510188,2026-07-30 11:00:00,0xc72b96e0e48ecd4dc75e1e45396e26300bc39681
62,260.15704491482705,22051.753120213845,11,2.4590611342171216,234.2840940398076,45,29.572563993290938,2740.1648179096974,32,679.3876427610435,57278.25270737477,2026-07-30 12:00:00,0xc72b96e0e48ecd4dc75e1e45396e26300bc39681
139,483.2850628303542,41249.34915108436,42,47.40411630428394,4561.139728548618,30,18.56474183859996,1713.1980188020282,68,203.79703472116083,17463.609715021143,2026-07-30 13:00:00,0xc72b96e0e48ecd4dc75e1e45396e26300bc39681
135,240.289681961331,22249.09052650036,83,110.97504409797675,10555.594524466718,17,20.486006130502386,1914.7137480362258,219,876.7549911819433,77816.63569484297,2026-07-30 14:00:00,0xc72b96e0e48ecd4dc75e1e45396e26300bc39681
33,14.371395702096555,1334.6566210241197,13,3.146790979255867,298.181105805668,53,136.75249312398242,12518.776484721253,43,46.57069152568551,4324.514809515116,2026-07-30 15:00:00,0xc72b96e0e48ecd4dc75e1e45396e26300bc39681
23,9.062442140145606,838.6472819004039,4,0.15219274890559764,14.592388478335998,27,62.987861421971836,5747.560945928548,45,29.572563993290938,2740.1648179096974,2026-07-30 16:00:00,0xc72b96e0e48ecd4dc75e1e45396e26300bc39681
15,5.656804098925726,524.200607520926,42,25.058517275658776,2388.7336085577026,11,2.382993340420914,220.8878066757773,30,18.56474183859996,1713.1980188020282,2026-07-30 17:00:00,0xc72b96e0e48ecd4dc75e1e45396e26300bc39681
15,17.404904705138943,1615.5851859197362,2,1.0621047511591342,101.939671365395,21,38.721900441859944,3619.978926102268,17,20.486006130502386,1914.7137480362258,2026-07-30 18:00:00,0xc72b96e0e48ecd4dc75e1e45396e26300bc39681
14,13.10174734844108,1207.2182183166472,66,80.36620565314198,7610.49320508812,3,1.1282958770170388,107.43829401323501,53,136.75249312398242,12518.776484721253,2026-07-30 19:00:00,0xc72b96e0e48ecd4dc75e1e45396e26300bc39681
21,22.214264350383267,2043.0559671040967,17,8.903572921087592,849.993192599991,11,2.4590611342171216,234.2840940398076,27,62.987861421971836,5747.560945928548,2026-07-30 20:00:00,0xc72b96e0e48ecd4dc75e1e45396e26300bc39681
47,80.1814934228967,7467.954323164543,14,4.796742361793111,460.2311839578985,42,47.40411630428394,4561.139728548618,11,2.382993340420914,220.8878066757773,2026-07-30 21:00:00,0xc72b96e0e48ecd4dc75e1e45396e26300bc39681
117,209.4892238096813,19749.44527299573,11,7.434952824570496,714.4811665971503,83,110.97504409797675,10555.594524466718,21,38.721900441859944,3619.978926102268,2026-07-30 22:00:00,0xc72b96e0e48ecd4dc75e1e45396e26300bc39681
3,3.057036025903922,290.08724870051805,10,9.709695161805296,934.2346341315055,13,3.146790979255867,298.181105805668,3,1.1282958770170388,107.43829401323501,2026-07-30 23:00:00,0xc72b96e0e48ecd4dc75e1e45396e26300bc39681
78,101.72976388781811,9743.065922016076,6,2.496823647385879,239.92998321933996,4,0.15219274890559764,14.592388478335998,11,2.4590611342171216,234.2840940398076,2026-07-31 00:00:00,0xc72b96e0e48ecd4dc75e1e45396e26300bc39681
86,81.01843712222225,7854.90760759134,38,50.41655067057183,4780.077538394108,42,25.058517275658776,2388.7336085577026,42,47.40411630428394,4561.139728548618,2026-07-31 01:00:00,0xc72b96e0e48ecd4dc75e1e45396e26300bc39681
62,93.71224090649615,8832.556044075855,263,678.2862648332505,64091.21687196537,2,1.0621047511591342,101.939671365395,83,110.97504409797675,10555.594524466718,2026-07-31 02:00:00,0xc72b96e0e48ecd4dc75e1e45396e26300bc39681
12,7.695926302622887,727.663204377703,63,114.99574223751384,10718.653847177571,66,80.36620565314198,7610.49320508812,13,3.146790979255867,298.181105805668,2026-07-31 03:00:00,0xc72b96e0e48ecd4dc75e1e45396e26300bc39681
21,9.013701224899677,854.6459246821922,23,56.89696177886239,5249.1631925374495,17,8.903572921087592,849.993192599991,4,0.15219274890559764,14.592388478335998,2026-07-31 04:00:00,0xc72b96e0e48ecd4dc75e1e45396e26300bc39681
21,15.512187671109842,1487.1066633649991,16,28.929688507489765,2670.9403282004077,14,4.796742361793111,460.2311839578985,42,25.058517275658776,2388.7336085577026,2026-07-31 05:00:00,0xc72b96e0e48ecd4dc75e1e45396e26300bc39681
21,33.24350399677829,3198.7523036493194,38,65.98610197449527,6125.685490728538,11,7.434952824570496,714.4811665971503,2,1.0621047511591342,101.939671365395,2026-07-31 06:00:00,0xc72b96e0e48ecd4dc75e1e45396e26300bc39681
17,18.786702289253377,1787.0106405593779,8,4.421709757246689,412.26458130402494,10,9.709695161805296,934.2346341315055,66,80.36620565314198,7610.49320508812,2026-07-31 07:00:00,0xc72b96e0e48ecd4dc75e1e45396e26300bc39681
27,37.607747842301926,3592.3570926636785,111,452.8250614176586,41174.89334434133,6,2.496823647385879,239.92998321933996,17,8.903572921087592,849.993192599991,2026-07-31 08:00:00,0xc72b96e0e48ecd4dc75e1e45396e26300bc39681
47,71.58036499401203,6912.141791297303,9,8.892290289945649,798.5811600198659,38,50.41655067057183,4780.077538394108,14,4.796742361793111,460.2311839578985,2026-07-31 09:00:00,0xc72b96e0e48ecd4dc75e1e45396e26300bc39681
7,1.8579703945247794,178.1030384913414,27,35.264654010415505,3162.069369065027,263,678.2862648332505,64091.21687196537,11,7.434952824570496,714.4811665971503,2026-07-31 10:00:00,0xc72b96e0e48ecd4dc75e1e45396e26300bc39681
8,5.085929827519074,490.7522114501899,8,3.014286629916529,270.34155637473305,63,114.99574223751384,10718.653847177571,10,9.709695161805296,934.2346341315055,2026-07-31 11:00:00,0xc72b96e0e48ecd4dc75e1e45396e26300bc39681
35,35.90073693006868,3428.8719011546727,5,0.8024763674671337,71.443900723243,23,56.89696177886239,5249.1631925374495,6,2.496823647385879,239.92998321933996,2026-07-31 12:00:00,0xc72b96e0e48ecd4dc75e1e45396e26300bc39681
96,120.06781433876544,11576.816105596776,1,0.03167054700472055,2.88451307584,16,28.929688507489765,2670.9403282004077,38,50.41655067057183,4780.077538394108,2026-07-31 13:00:00,0xc72b96e0e48ecd4dc75e1e45396e26300bc39681
96,351.0949775869642,32551.37738479912,9,0.12736571438694982,11.462574339395998,38,65.98610197449527,6125.685490728538,263,678.2862648332505,64091.21687196537,2026-07-31 14:00:00,0xc72b96e0e48ecd4dc75e1e45396e26300bc39681
75,270.0891847670934,24886.007355828056,5,0.03200516997533126,2.8748447807641666,8,4.421709757246689,412.26458130402494,63,114.99574223751384,10718.653847177571,2026-07-31 15:00:00,0xc72b96e0e48ecd4dc75e1e45396e26300bc39681
15,44.01108583801813,4056.8995656772704,4,0.28722039138011296,26.159735911111813,111,452.8250614176586,41174.89334434133,23,56.89696177886239,5249.1631925374495,2026-07-31 16:00:00,0xc72b96e0e48ecd4dc75e1e45396e26300bc39681
7,0.5055771285675107,46.6776515386129,4,2.2568941356192997,203.6817914422149,9,8.892290289945649,798.5811600198659,16,28.929688507489765,2670.9403282004077,2026-07-31 17:00:00,0xc72b96e0e48ecd4dc75e1e45396e26300bc39681
12,23.018470790549998,2129.2833727714396,3,0.13275102713111345,12.02269974905,27,35.264654010415505,3162.069369065027,38,65.98610197449527,6125.685490728538,2026-07-31 18:00:00,0xc72b96e0e48ecd4dc75e1e45396e26300bc39681
6,1.3986775023611142,129.9224462189594,7,0.8116015039968133,73.45822425102999,8,3.014286629916529,270.34155637473305,8,4.421709757246689,412.26458130402494,2026-07-31 19:00:00,0xc72b96e0e48ecd4dc75e1e45396e26300bc39681
40,134.5830098204091,12108.45873427571,1,0.010491674002102745,0.9561368430359999,5,0.8024763674671337,71.443900723243,111,452.8250614176586,41174.89334434133,2026-07-31 20:00:00,0xc72b96e0e48ecd4dc75e1e45396e26300bc39681
6,0.34143973856076054,31.193178287377002,3,0.05489524355883035,4.9495156095690005,1,0.03167054700472055,2.88451307584,9,8.892290289945649,798.5811600198659,2026-07-31 21:00:00,0xc72b96e0e48ecd4dc75e1e45396e26300bc39681
54,157.85706345390543,14103.175982251698,2,0.02600933345857424,2.3696154509359997,9,0.12736571438694982,11.462574339395998,27,35.264654010415505,3162.069369065027,2026-07-31 22:00:00,0xc72b96e0e48ecd4dc75e1e45396e26300bc39681
2,0.2802968300294905,25.516798297176003,10,0.5884117997604766,53.288410719988995,5,0.03200516997533126,2.8748447807641666,8,3.014286629916529,270.34155637473305,2026-07-31 23:00:00,0xc72b96e0e48ecd4dc75e1e45396e26300bc39681
13,21.552576838062244,1936.2359157450383,5,17.719543903853836,1608.6752777958704,4,0.28722039138011296,26.159735911111813,5,0.8024763674671337,71.443900723243,2026-08-01 00:00:00,0xc72b96e0e48ecd4dc75e1e45396e26300bc39681
4,0.09546102489500777,8.580061685616,3,1.2459682153355278,112.537692038618,4,2.2568941356192997,203.6817914422149,1,0.03167054700472055,2.88451307584,2026-08-01 01:00:00,0xc72b96e0e48ecd4dc75e1e45396e26300bc39681
2,8.88648833282003,801.106402789848,3,1.6886716457296023,152.73182854834198,3,0.13275102713111345,12.02269974905,9,0.12736571438694982,11.462574339395998,2026-08-01 02:00:00,0xc72b96e0e48ecd4dc75e1e45396e26300bc39681
11,47.16854958455965,4226.25481770619,2,0.047357652218909294,4.304563674549605,7,0.8116015039968133,73.45822425102999,5,0.03200516997533126,2.8748447807641666,2026-08-01 03:00:00,0xc72b96e0e48ecd4dc75e1e45396e26300bc39681
3,4.472627453279185,403.46542995220597,10,11.87979531637051,1072.219793738947,1,0.010491674002102745,0.9561368430359999,4,0.28722039138011296,26.159735911111813,2026-08-01 04:00:00,0xc72b96e0e48ecd4dc75e1e45396e26300bc39681
3,0.35874669787058994,32.33555670868877,13,24.893570364550435,2243.1279353065265,3,0.05489524355883035,4.9495156095690005,4,2.2568941356192997,203.6817914422149,2026-08-01 05:00:00,0xc72b96e0e48ecd4dc75e1e45396e26300bc39681
14,22.62456137271647,2044.7391216742167,2,2.220274753667197,199.74864472645302,2,0.02600933345857424,2.3696154509359997,3,0.13275102713111345,12.02269974905,2026-08-01 06:00:00,0xc72b96e0e48ecd4dc75e1e45396e26300bc39681
3,0.2557847804391846,23.014545104813998,12,44.342022828714775,3976.4354964877475,10,0.5884117997604766,53.288410719988995,7,0.8116015039968133,73.45822425102999,2026-08-01 07:00:00,0xc72b96e0e48ecd4dc75e1e45396e26300bc39681
11,31.07209688465431,2815.4061964242965,8,10.562273975148178,945.9642889612701,5,17.719543903853836,1608.6752777958704,1,0.010491674002102745,0.9561368430359999,2026-08-01 08:00:00,0xc72b96e0e48ecd4dc75e1e45396e26300bc39681
5,2.4473627616999094,221.22108209509702,4,2.02915842531832,181.38488122083302,3,1.2459682153355278,112.537692038618,3,0.05489524355883035,4.9495156095690005,2026-08-01 09:00:00,0xc72b96e0e48ecd4dc75e1e45396e26300bc39681
1,0.007982202562065967,0.727532142953,12,37.8953143714632,3410.7154697942497,3,1.6886716457296023,152.73182854834198,2,0.02600933345857424,2.3696154509359997,2026-08-01 10:00:00,0xc72b96e0e48ecd4dc75e1e45396e26300bc39681
7,10.062028916893006,912.7023568234741,3,0.3528137751161061,31.793610761948784,2,0.047357652218909294,4.304563674549605,10,0.5884117997604766,53.288410719988995,2026-08-01 11:00:00,0xc72b96e0e48ecd4dc75e1e45396e26300bc39681
2,0.013025754647336896,1.18461450158,2,0.04804114856550855,4.313624487595828,10,11.87979531637051,1072.219793738947,5,17.719543903853836,1608.6752777958704,2026-08-01 12:00:00,0xc72b96e0e48ecd4dc75e1e45396e26300bc39681
4,0.051899074183423884,4.699788203200001,1,3.053719323981453,276.69544728794796,13,24.893570364550435,2243.1279353065265,3,1.2459682153355278,112.537692038618,2026-08-01 13:00:00,0xc72b96e0e48ecd4dc75e1e45396e26300bc39681
3,0.09398880539529855,8.502238493965,3,0.14236386733973344,12.914548818719998,2,2.220274753667197,199.74864472645302,3,1.6886716457296023,152.73182854834198,2026-08-01 14:00:00,0xc72b96e0e48ecd4dc75e1e45396e26300bc39681
4,0.06250258358225343,5.630451850097,3,0.007721200092329194,0.7091217876763238,12,44.342022828714775,3976.4354964877475,2,0.047357652218909294,4.304563674549605,2026-08-01 15:00:00,0xc72b96e0e48ecd4dc75e1e45396e26300bc39681
5,10.3407243783473,932.2164111614251,1,2.291560847649e-06,0.00021008946,8,10.562273975148178,945.9642889612701,10,11.87979531637051,1072.219793738947,2026-08-01 16:00:00,0xc72b96e0e48ecd4dc75e1e45396e26300bc39681
4,2.2444267073396773,202.053434064593,5,0.2520297368460218,23.222354793972997,4,2.02915842531832,181.38488122083302,13,24.893570364550435,2243.1279353065265,2026-08-01 17:00:00,0xc72b96e0e48ecd4dc75e1e45396e26300bc39681
19,31.612797884211197,2842.128802582512,3,0.36184199726865984,33.385169668066,12,37.8953143714632,3410.7154697942497,2,2.220274753667197,199.74864472645302,2026-08-01 18:00:00,0xc72b96e0e48ecd4dc75e1e45396e26300bc39681
3,0.0630370793996396,5.672900870827121,4,0.022408319364499947,2.0574414374596,3,0.3528137751161061,31.793610761948784,12,44.342022828714775,3976.4354964877475,2026-08-01 19:00:00,0xc72b96e0e48ecd4dc75e1e45396e26300bc39681
13,18.421098105450685,1647.93682566701,4,0.6758430426202097,62.41148313234,2,0.04804114856550855,4.313624487595828,8,10.562273975148178,945.9642889612701,2026-08-01 20:00:00,0xc72b96e0e48ecd4dc75e1e45396e26300bc39681
3,1.6696365846065808,149.1468988543315,7,17.41782895361073,1611.1114974026068,1,3.053719323981453,276.69544728794796,4,2.02915842531832,181.38488122083302,2026-08-01 21:00:00,0xc72b96e0e48ecd4dc75e1e45396e26300bc39681
1,0.6657141020208683,60.01032000000001,27,89.93760662948458,8290.957552501788,3,0.14236386733973344,12.914548818719998,12,37.8953143714632,3410.7154697942497,2026-08-01 22:00:00,0xc72b96e0e48ecd4dc75e1e45396e26300bc39681
7,5.56086801010172,498.2759143957941,21,47.198551407521464,4366.4050537856365,3,0.007721200092329194,0.7091217876763238,3,0.3528137751161061,31.793610761948784,2026-08-01 23:00:00,0xc72b96e0e48ecd4dc75e1e45396e26300bc39681
20,86.2032429496849,7788.006823718444,6,5.521244242812702,508.62440982334186,1,2.291560847649e-06,0.00021008946,2,0.04804114856550855,4.313624487595828,2026-08-02 00:00:00,0xc72b96e0e48ecd4dc75e1e45396e26300bc39681
6,0.7516209406971888,67.86542073291652,1,0.008402758934600078,0.779220484757,5,0.2520297368460218,23.222354793972997,1,3.053719323981453,276.69544728794796,2026-08-02 01:00:00,0xc72b96e0e48ecd4dc75e1e45396e26300bc39681
93,519.7972864264458,47586.82934950025,2,0.07362124084749386,6.7892223885,3,0.36184199726865984,33.385169668066,3,0.14236386733973344,12.914548818719998,2026-08-02 02:00:00,0xc72b96e0e48ecd4dc75e1e45396e26300bc39681
0,,,0,,,4,0.022408319364499947,2.0574414374596,3,0.007721200092329194,0.7091217876763238,2026-08-02 03:00:00,0xc72b96e0e48ecd4dc75e1e45396e26300bc39681
1,0.015521182356685304,1.4243001595200002,2,0.011170146904343191,1.0359481661569998,4,0.6758430426202097,62.41148313234,1,2.291560847649e-06,0.00021008946,2026-08-02 04:00:00,0xc72b96e0e48ecd4dc75e1e45396e26300bc39681
1,0.8322438367320816,76.847146433619,7,22.37163219958945,2075.3818,7,17.41782895361073,1611.1114974026068,5,0.2520297368460218,23.222354793972997,2026-08-02 05:00:00,0xc72b96e0e48ecd4dc75e1e45396e26300bc39681
7,0.7419503323993476,68.56624047201899,7,6.623091331791393,616.5291409712057,27,89.93760662948458,8290.957552501788,3,0.36184199726865984,33.385169668066,2026-08-02 06:00:00,0xc72b96e0e48ecd4dc75e1e45396e26300bc39681
2,0.017560293379351877,1.621390814497,2,2.6862901064578244,249.930907977618,21,47.198551407521464,4366.4050537856365,4,0.022408319364499947,2.0574414374596,2026-08-02 07:00:00,0xc72b96e0e48ecd4dc75e1e45396e26300bc39681
6,14.165261444829081,1309.7119615712872,8,13.265373426007299,1228.929650496423,6,5.521244242812702,508.62440982334186,4,0.6758430426202097,62.41148313234,2026-08-02 08:00:00,0xc72b96e0e48ecd4dc75e1e45396e26300bc39681
5,0.07703107497741953,7.127133615526,10,15.637092545845858,1454.0746869488319,1,0.008402758934600078,0.779220484757,7,17.41782895361073,1611.1114974026068,2026-08-02 09:00:00,0xc72b96e0e48ecd4dc75e1e45396e26300bc39681
32,173.02652892965096,15918.01990418934,46,113.2689841397439,10562.32349818205,2,0.07362124084749386,6.7892223885,27,89.93760662948458,8290.957552501788,2026-08-02 10:00:00,0xc72b96e0e48ecd4dc75e1e45396e26300bc39681
4,5.4528762217791105,505.49020606428996,12,11.723437814429431,1089.684343476348,0,,,21,47.198551407521464,4366.4050537856365,2026-08-02 11:00:00,0xc72b96e0e48ecd4dc75e1e45396e26300bc39681
6,11.346094720140673,1051.9279275467657,12,31.12899140610111,2885.1561078014024,2,0.011170146904343191,1.0359481661569998,6,5.521244242812702,508.62440982334186,2026-08-02 12:00:00,0xc72b96e0e48ecd4dc75e1e45396e26300bc39681
1,0.00179226991444912,0.165151397565,13,32.4600273991228,2992.87942150968,7,22.37163219958945,2075.3818,1,0.008402758934600078,0.779220484757,2026-08-02 13:00:00,0xc72b96e0e48ecd4dc75e1e45396e26300bc39681
2,10.688855552615774,989.9735387964301,7,19.283103602751854,1769.6049458976279,7,6.623091331791393,616.5291409712057,2,0.07362124084749386,6.7892223885,2026-08-02 14:00:00,0xc72b96e0e48ecd4dc75e1e45396e26300bc39681
0,,,0,,,2,2.6862901064578244,249.930907977618,0,,,2026-08-02 15:00:00,0xc72b96e0e48ecd4dc75e1e45396e26300bc39681
1,0.003745791996620856,0.347059144905,2,0.1590025185023582,14.719062639502917,8,13.265373426007299,1228.929650496423,2,0.011170146904343191,1.0359481661569998,2026-08-02 16:00:00,0xc72b96e0e48ecd4dc75e1e45396e26300bc39681
19,63.23299970659041,5878.162151589669,1,0.12437496924923815,11.629091031812,10,15.637092545845858,1454.0746869488319,7,22.37163219958945,2075.3818,2026-08-02 17:00:00,0xc72b96e0e48ecd4dc75e1e45396e26300bc39681
3,8.079785641272153,752.205783339824,1,0.007543290386665564,0.7056274059800001,46,113.2689841397439,10562.32349818205,7,6.623091331791393,616.5291409712057,2026-08-02 18:00:00,0xc72b96e0e48ecd4dc75e1e45396e26300bc39681
6,4.704128168109064,437.37306004881805,6,7.79905743987747,712.6006799438171,12,11.723437814429431,1089.684343476348,2,2.6862901064578244,249.930907977618,2026-08-02 19:00:00,0xc72b96e0e48ecd4dc75e1e45396e26300bc39681
12,70.3149113169696,6510.043800777429,38,97.25767427351227,8871.740396057854,12,31.12899140610111,2885.1561078014024,8,13.265373426007299,1228.929650496423,2026-08-02 20:00:00,0xc72b96e0e48ecd4dc75e1e45396e26300bc39681
9,20.06985353358762,1870.402270398671,28,55.716682396027075,5035.810801685962,13,32.4600273991228,2992.87942150968,10,15.637092545845858,1454.0746869488319,2026-08-02 21:00:00,0xc72b96e0e48ecd4dc75e1e45396e26300bc39681
6,42.88430836679887,4012.827863655491,15,20.804741909614233,1874.8933927853066,7,19.283103602751854,1769.6049458976279,46,113.2689841397439,10562.32349818205,2026-08-02 22:00:00,0xc72b96e0e48ecd4dc75e1e45396e26300bc39681
23,56.01268895354363,5237.188833756333,8,18.18251661559413,1619.716384864061,0,,,12,11.723437814429431,1089.684343476348,2026-08-02 23:00:00,0xc72b96e0e48ecd4dc75e1e45396e26300bc39681
74,207.94624613269306,19091.53966254952,53,209.39561295938054,18443.78796585751,2,0.1590025185023582,14.719062639502917,12,31.12899140610111,2885.1561078014024,2026-08-03 00:00:00,0xc72b96e0e48ecd4dc75e1e45396e26300bc39681
8,10.506933559970644,967.724902579238,5,0.06484021948522035,5.701237999263999,1,0.12437496924923815,11.629091031812,13,32.4600273991228,2992.87942150968,2026-08-03 01:00:00,0xc72b96e0e48ecd4dc75e1e45396e26300bc39681
16,28.47558244708417,2631.639298949919,301,851.162558151191,74139.13032548841,1,0.007543290386665564,0.7056274059800001,7,19.283103602751854,1769.6049458976279,2026-08-03 02:00:00,0xc72b96e0e48ecd4dc75e1e45396e26300bc39681
1,0.000543931306541059,0.049991546562,131,523.8105561007969,47221.814688367565,6,7.79905743987747,712.6006799438171,0,,,2026-08-03 03:00:00,0xc72b96e0e48ecd4dc75e1e45396e26300bc39681
1,0.007878649506240502,0.736654975575,9,10.590278006277636,953.5893140239119,38,97.25767427351227,8871.740396057854,2,0.1590025185023582,14.719062639502917,2026-08-03 04:00:00,0xc72b96e0e48ecd4dc75e1e45396e26300bc39681
6,19.601153575380074,1801.902802607273,5,4.019026533619208,363.125229476859,28,55.716682396027075,5035.810801685962,1,0.12437496924923815,11.629091031812,2026-08-03 05:00:00,0xc72b96e0e48ecd4dc75e1e45396e26300bc39681
23,70.0583322669148,6411.686149062398,40,122.89049700773782,11196.797759354353,15,20.804741909614233,1874.8933927853066,1,0.007543290386665564,0.7056274059800001,2026-08-03 06:00:00,0xc72b96e0e48ecd4dc75e1e45396e26300bc39681
1,0.11295546331514464,10.34119329901971,18,23.362529386966244,2118.500624789624,8,18.18251661559413,1619.716384864061,6,7.79905743987747,712.6006799438171,2026-08-03 07:00:00,0xc72b96e0e48ecd4dc75e1e45396e26300bc39681
128,588.2826709094402,53137.58297659483,7,9.975676336471228,908.829695049375,53,209.39561295938054,18443.78796585751,38,97.25767427351227,8871.740396057854,2026-08-03 08:00:00,0xc72b96e0e48ecd4dc75e1e45396e26300bc39681
4,2.3920222149121466,215.9311763253211,2,0.020324900129625904,1.8599618893079999,5,0.06484021948522035,5.701237999263999,28,55.716682396027075,5035.810801685962,2026-08-03 09:00:00,0xc72b96e0e48ecd4dc75e1e45396e26300bc39681
65,266.681781169969,23797.124063754334,12,9.42483048938395,856.7712886803399,301,851.162558151191,74139.13032548841,15,20.804741909614233,1874.8933927853066,2026-08-03 10:00:00,0xc72b96e0e48ecd4dc75e1e45396e26300bc39681
30,90.58978753681059,8023.3251560898,21,44.58702928891148,4084.2835159164883,131,523.8105561007969,47221.814688367565,8,18.18251661559413,1619.716384864061,2026-08-03 11:00:00,0xc72b96e0e48ecd4dc75e1e45396e26300bc39681
39,104.30030435986153,9133.649988657113,66,210.92377500923917,19432.734327270075,9,10.590278006277636,953.5893140239119,53,209.39561295938054,18443.78796585751,2026-08-03 12:00:00,0xc72b96e0e48ecd4dc75e1e45396e26300bc39681
13,15.317916021569324,1349.3872223479088,33,81.1796787885516,7344.627286004118,5,4.019026533619208,363.125229476859,5,0.06484021948522035,5.701237999263999,2026-08-03 13:00:00,0xc72b96e0e48ecd4dc75e1e45396e26300bc39681
103,422.78054965212056,37554.007799452986,65,95.54442682697216,8732.25106004263,40,122.89049700773782,11196.797759354353,301,851.162558151191,74139.13032548841,2026-08-03 14:00:00,0xc72b96e0e48ecd4dc75e1e45396e26300bc39681
33,105.84297022257107,9569.188730553544,3,0.26998422992033777,24.595157470052992,18,23.362529386966244,2118.500624789624,131,523.8105561007969,47221.814688367565,2026-08-03 15:00:00,0xc72b96e0e48ecd4dc75e1e45396e26300bc39681
25,34.96348128543114,3164.9133990936275,8,8.104928087076349,742.9989432639101,7,9.975676336471228,908.829695049375,9,10.590278006277636,953.5893140239119,2026-08-03 16:00:00,0xc72b96e0e48ecd4dc75e1e45396e26300bc39681
6,6.36461120582556,575.237439859695,10,6.110697929465534,559.8854152340667,2,0.020324900129625904,1.8599618893079999,5,4.019026533619208,363.125229476859,2026-08-03 17:00:00,0xc72b96e0e48ecd4dc75e1e45396e26300bc39681
44,135.75802549371724,12404.843584739998,96,288.4163023980535,26626.272463137277,12,9.42483048938395,856.7712886803399,40,122.89049700773782,11196.797759354353,2026-08-03 18:00:00,0xc72b96e0e48ecd4dc75e1e45396e26300bc39681
4,2.27843749915455,206.40995845386203,5,1.0035300647041543,93.39646209041665,21,44.58702928891148,4084.2835159164883,18,23.362529386966244,2118.500624789624,2026-08-03 19:00:00,0xc72b96e0e48ecd4dc75e1e45396e26300bc39681
8,5.187529153433751,473.08847593181696,24,58.645500742777195,5465.863246877278,66,210.92377500923917,19432.734327270075,7,9.975676336471228,908.829695049375,2026-08-03 20:00:00,0xc72b96e0e48ecd4dc75e1e45396e26300bc39681
1,0.009313146889667443,0.8461901619164414,13,25.980648256067894,2450.2380154215575,33,81.1796787885516,7344.627286004118,2,0.020324900129625904,1.8599618893079999,2026-08-03 21:00:00,0xc72b96e0e48ecd4dc75e1e45396e26300bc39681
20,16.00354597632955,1461.9613185125693,21,16.942648568273594,1594.2519422865328,65,95.54442682697216,8732.25106004263,12,9.42483048938395,856.7712886803399,2026-08-03 22:00:00,0xc72b96e0e48ecd4dc75e1e45396e26300bc39681
16,60.65753314145401,5563.833542765076,29,102.7930753832306,9795.645205374909,3,0.26998422992033777,24.595157470052992,21,44.58702928891148,4084.2835159164883,2026-08-03 23:00:00,0xc72b96e0e48ecd4dc75e1e45396e26300bc39681
53,85.16983277185005,7791.336862084678,69,158.70438016822354,15192.84907075059,8,8.104928087076349,742.9989432639101,66,210.92377500923917,19432.734327270075,2026-08-04 00:00:00,0xc72b96e0e48ecd4dc75e1e45396e26300bc39681
32,109.68347858912604,9903.883433307888,23,12.910233469204185,1230.6966728224593,10,6.110697929465534,559.8854152340667,33,81.1796787885516,7344.627286004118,2026-08-04 01:00:00,0xc72b96e0e48ecd4dc75e1e45396e26300bc39681
18,35.03850821281645,3197.8948155019234,262,361.65274207421453,34981.29957218472,96,288.4163023980535,26626.272463137277,65,95.54442682697216,8732.25106004263,2026-08-04 02:00:00,0xc72b96e0e48ecd4dc75e1e45396e26300bc39681
4,2.3706671084837487,216.895507711992,30,13.23218885385392,1313.3697131065571,5,1.0035300647041543,93.39646209041665,3,0.26998422992033777,24.595157470052992,2026-08-04 03:00:00,0xc72b96e0e48ecd4dc75e1e45396e26300bc39681
2,0.2319810240010592,21.256213598044003,32,21.84942080338928,2186.891297209607,24,58.645500742777195,5465.863246877278,8,8.104928087076349,742.9989432639101,2026-08-04 04:00:00,0xc72b96e0e48ecd4dc75e1e45396e26300bc39681
5,3.307917893615964,297.947641359468,21,29.525175917137773,2969.516787489971,13,25.980648256067894,2450.2380154215575,10,6.110697929465534,559.8854152340667,2026-08-04 05:00:00,0xc72b96e0e48ecd4dc75e1e45396e26300bc39681
61,146.04958603151118,13569.83520791562,15,5.7200056356108835,576.1399505620436,21,16.942648568273594,1594.2519422865328,96,288.4163023980535,26626.272463137277,2026-08-04 06:00:00,0xc72b96e0e48ecd4dc75e1e45396e26300bc39681
12,0.5237469944103521,48.60466845369289,38,57.427518388958504,5747.658627184389,29,102.7930753832306,9795.645205374909,5,1.0035300647041543,93.39646209041665,2026-08-04 07:00:00,0xc72b96e0e48ecd4dc75e1e45396e26300bc39681
87,383.8869667476684,36037.106791990525,13,0.6094392661799372,61.32051128350188,69,158.70438016822354,15192.84907075059,24,58.645500742777195,5465.863246877278,2026-08-04 08:00:00,0xc72b96e0e48ecd4dc75e1e45396e26300bc39681
28,25.766815064065337,2409.8516437855924,64,110.3679234790046,10839.712035083312,23,12.910233469204185,1230.6966728224593,13,25.980648256067894,2450.2380154215575,2026-08-04 09:00:00,0xc72b96e0e48ecd4dc75e1e45396e26300bc39681
75,206.05943206527303,19527.478607377117,37,62.72656223641602,6117.958181246641,262,361.65274207421453,34981.29957218472,21,16.942648568273594,1594.2519422865328,2026-08-04 10:00:00,0xc72b96e0e48ecd4dc75e1e45396e26300bc39681
14,8.073780851996597,770.8795187210742,22,55.01483484660567,5351.420227341023,30,13.23218885385392,1313.3697131065571,29,102.7930753832306,9795.645205374909,2026-08-04 11:00:00,0xc72b96e0e48ecd4dc75e1e45396e26300bc39681
11,13.063632637181689,1248.238312953398,29,30.192703953578473,2948.554151284939,32,21.84942080338928,2186.891297209607,69,158.70438016822354,15192.84907075059,2026-08-04 12:00:00,0xc72b96e0e48ecd4dc75e1e45396e26300bc39681
19,16.602820577779184,1583.9862433863434,9,5.3914318257579765,530.6186024208129,21,29.525175917137773,2969.516787489971,23,12.910233469204185,1230.6966728224593,2026-08-04 13:00:00,0xc72b96e0e48ecd4dc75e1e45396e26300bc39681
144,114.99383757827084,11376.410225429987,24,25.648566328320346,2521.1885037791753,15,5.7200056356108835,576.1399505620436,262,361.65274207421453,34981.29957218472,2026-08-04 14:00:00,0xc72b96e0e48ecd4dc75e1e45396e26300bc39681
25,7.5715486840463235,752.7555454326118,7,0.4179830073352883,41.007145767797994,38,57.427518388958504,5747.658627184389,30,13.23218885385392,1313.3697131065571,2026-08-04 15:00:00,0xc72b96e0e48ecd4dc75e1e45396e26300bc39681
4,0.08093667526871315,8.094208964572125,56,99.16106367472938,9829.957358421887,13,0.6094392661799372,61.32051128350188,32,21.84942080338928,2186.891297209607,2026-08-04 16:00:00,0xc72b96e0e48ecd4dc75e1e45396e26300bc39681
8,2.7708142811602428,278.46468155755,83,139.81121695581928,14079.39914551775,64,110.3679234790046,10839.712035083312,21,29.525175917137773,2969.516787489971,2026-08-04 17:00:00,0xc72b96e0e48ecd4dc75e1e45396e26300bc39681
14,15.15634867527914,1505.411335646435,21,15.908722315826175,1612.2086085576336,37,62.72656223641602,6117.958181246641,15,5.7200056356108835,576.1399505620436,2026-08-04 18:00:00,0xc72b96e0e48ecd4dc75e1e45396e26300bc39681
29,24.862954851863748,2513.638304330476,18,23.893504367435977,2399.154633501227,22,55.01483484660567,5351.420227341023,38,57.427518388958504,5747.658627184389,2026-08-04 19:00:00,0xc72b96e0e48ecd4dc75e1e45396e26300bc39681
190,354.2325811143079,35188.174518905646,10,1.8307146795200542,182.229903563893,29,30.192703953578473,2948.554151284939,13,0.6094392661799372,61.32051128350188,2026-08-04 20:00:00,0xc72b96e0e48ecd4dc75e1e45396e26300bc39681
44,78.55442822945592,7728.57813874553,25,24.98797100229147,2463.340692066817,9,5.3914318257579765,530.6186024208129,64,110.3679234790046,10839.712035083312,2026-08-04 21:00:00,0xc72b96e0e48ecd4dc75e1e45396e26300bc39681
4,0.055738921637072864,5.442496345621098,12,11.66954177377136,1159.443418215528,24,25.648566328320346,2521.1885037791753,37,62.72656223641602,6117.958181246641,2026-08-04 22:00:00,0xc72b96e0e48ecd4dc75e1e45396e26300bc39681
22,41.50009778405985,4027.2531120530675,50,61.150506736260596,6015.338859736107,7,0.4179830073352883,41.007145767797994,22,55.01483484660567,5351.420227341023,2026-08-04 23:00:00,0xc72b96e0e48ecd4dc75e1e45396e26300bc39681
550,1421.3927522251827,281401.3224762579,182,248.27134271942452,48879.30445441352,313,933.2555062556413,182076.42935025654,729,1463.7804895464594,287803.4759413476,2026-07-29 00:00:00,0xd0601ce157db5bdc3162bbac2a2c8af5320d9eec
454,1041.6536796591026,204966.02297938385,225,461.33718517513057,90770.63050590215,272,289.7101655132957,56355.19920709519,437,1182.1169855296134,233290.61060217724,2026-07-29 01:00:00,0xd0601ce157db5bdc3162bbac2a2c8af5320d9eec
309,980.7063445798566,191871.00456280512,2211,8120.419640843225,1590428.9167118256,292,663.131470504557,129790.25922813533,362,1036.0642711653477,203035.9159847532,2026-07-29 02:00:00,0xd0601ce157db5bdc3162bbac2a2c8af5320d9eec
385,1100.8866864061492,215741.95895210534,655,870.0494219175605,167032.58954019743,287,630.4998975612303,123611.38810253335,318,617.7468274415128,121271.33120650875,2026-07-29 03:00:00,0xd0601ce157db5bdc3162bbac2a2c8af5320d9eec
321,451.17773493719903,87827.62659060165,508,727.7638608121545,139602.9019977987,215,435.44507863006504,85637.19057115857,313,933.2555062556413,182076.42935025654,2026-07-29 04:00:00,0xd0601ce157db5bdc3162bbac2a2c8af5320d9eec
242,759.4256780091537,148407.80863224601,564,502.028460082934,96293.00297113281,231,524.2603567031279,102957.550033257,272,289.7101655132957,56355.19920709519,2026-07-29 05:00:00,0xd0601ce157db5bdc3162bbac2a2c8af5320d9eec
358,577.3355732245249,112648.03610200371,445,459.03616361088206,88220.87597679709,438,770.7528189380891,152403.87988276503,292,663.131470504557,129790.25922813533,2026-07-29 06:00:00,0xd0601ce157db5bdc3162bbac2a2c8af5320d9eec
282,642.1988338125486,126317.80168634634,1316,3661.188846676544,714365.6964931967,226,527.3969707680548,104033.80733572689,287,630.4998975612303,123611.38810253335,2026-07-29 07:00:00,0xd0601ce157db5bdc3162bbac2a2c8af5320d9eec
314,1486.6612244395299,291936.49404556036,1191,2183.8913411456665,419081.69040810247,182,248.27134271942452,48879.30445441352,215,435.44507863006504,85637.19057115857,2026-07-29 08:00:00,0xd0601ce157db5bdc3162bbac2a2c8af5320d9eec
265,585.1139895516342,115399.33225325968,277,339.8595535206081,64462.62402837068,225,461.33718517513057,90770.63050590215,231,524.2603567031279,102957.550033257,2026-07-29 09:00:00,0xd0601ce157db5bdc3162bbac2a2c8af5320d9eec
218,576.9882463838753,114761.69251057404,811,1240.7794700262195,234829.21549674947,2211,8120.419640843225,1590428.9167118256,438,770.7528189380891,152403.87988276503,2026-07-29 10:00:00,0xd0601ce157db5bdc3162bbac2a2c8af5320d9eec
213,574.5431263028094,113335.46599693582,230,135.4244943372958,25903.858289999178,655,870.0494219175605,167032.58954019743,226,527.3969707680548,104033.80733572689,2026-07-29 11:00:00,0xd0601ce157db5bdc3162bbac2a2c8af5320d9eec
253,931.1355588399794,183308.50850014386,242,203.03697906632792,38839.83228544958,508,727.7638608121545,139602.9019977987,182,248.27134271942452,48879.30445441352,2026-07-29 12:00:00,0xd0601ce157db5bdc3162bbac2a2c8af5320d9eec
493,2103.28761264372,411960.6263038279,325,315.32047492535617,60373.069656132895,564,502.028460082934,96293.00297113281,225,461.33718517513057,90770.63050590215,2026-07-29 13:00:00,0xd0601ce157db5bdc3162bbac2a2c8af5320d9eec
1077,1757.023895312346,338203.5754922876,440,808.1311387213262,155863.17661824258,445,459.03616361088206,88220.87597679709,2211,8120.419640843225,1590428.9167118256,2026-07-29 14:00:00,0xd0601ce157db5bdc3162bbac2a2c8af5320d9eec
709,984.118593108014,189646.8336154226,1366,1082.1106723559433,207533.87457346646,1316,3661.188846676544,714365.6964931967,655,870.0494219175605,167032.58954019743,2026-07-29 15:00:00,0xd0601ce157db5bdc3162bbac2a2c8af5320d9eec
543,650.396604851392,124504.43468541902,198,111.9547522145676,21407.934953906617,1191,2183.8913411456665,419081.69040810247,508,727.7638608121545,139602.9019977987,2026-07-29 16:00:00,0xd0601ce157db5bdc3162bbac2a2c8af5320d9eec
435,717.2734029935226,138120.44663001836,203,349.0208889777744,66633.00780533913,277,339.8595535206081,64462.62402837068,564,502.028460082934,96293.00297113281,2026-07-29 17:00:00,0xd0601ce157db5bdc3162bbac2a2c8af5320d9eec
1161,2790.2235374813604,539235.4055233961,201,239.7312264696375,45897.44608847625,811,1240.7794700262195,234829.21549674947,445,459.03616361088206,88220.87597679709,2026-07-29 18:00:00,0xd0601ce157db5bdc3162bbac2a2c8af5320d9eec
832,2993.434217459343,582617.7591833224,302,464.55821191325515,88888.55009699639,230,135.4244943372958,25903.858289999178,1316,3661.188846676544,714365.6964931967,2026-07-29 19:00:00,0xd0601ce157db5bdc3162bbac2a2c8af5320d9eec
1000,911.8329874420953,173094.05737061807,639,1165.8933936095436,222853.00270873486,242,203.03697906632792,38839.83228544958,1191,2183.8913411456665,419081.69040810247,2026-07-29 20:00:00,0xd0601ce157db5bdc3162bbac2a2c8af5320d9eec
443,733.7950222349211,139328.86312057867,307,394.30238784439746,75503.7159213993,325,315.32047492535617,60373.069656132895,277,339.8595535206081,64462.62402837068,2026-07-29 21:00:00,0xd0601ce157db5bdc3162bbac2a2c8af5320d9eec
743,1246.7385805583529,238331.36506731968,300,363.23457562187275,69840.3103901741,440,808.1311387213262,155863.17661824258,811,1240.7794700262195,234829.21549674947,2026-07-29 22:00:00,0xd0601ce157db5bdc3162bbac2a2c8af5320d9eec
199,104.00457429853157,19881.23851162301,516,1012.3227367016804,194837.80733702466,1366,1082.1106723559433,207533.87457346646,230,135.4244943372958,25903.858289999178,2026-07-29 23:00:00,0xd0601ce157db5bdc3162bbac2a2c8af5320d9eec
466,685.6384925846673,131388.730332317,231,668.4328037345091,129248.24539611614,198,111.9547522145676,21407.934953906617,242,203.03697906632792,38839.83228544958,2026-07-30 00:00:00,0xd0601ce157db5bdc3162bbac2a2c8af5320d9eec
276,392.56569222978374,75330.0804291226,399,391.1172400175434,75847.25810942333,203,349.0208889777744,66633.00780533913,325,315.32047492535617,60373.069656132895,2026-07-30 01:00:00,0xd0601ce157db5bdc3162bbac2a2c8af5320d9eec
220,358.275151097513,68852.32398950457,1924,4970.017553544047,960261.1333252024,201,239.7312264696375,45897.44608847625,440,808.1311387213262,155863.17661824258,2026-07-30 02:00:00,0xd0601ce157db5bdc3162bbac2a2c8af5320d9eec
297,549.6565603856119,105087.24373288777,888,2365.921305303148,463231.8189239494,302,464.55821191325515,88888.55009699639,1366,1082.1106723559433,207533.87457346646,2026-07-30 03:00:00,0xd0601ce157db5bdc3162bbac2a2c8af5320d9eec
179,126.53368253367385,24214.07201339,507,852.2695913875287,164717.0161738598,639,1165.8933936095436,222853.00270873486,198,111.9547522145676,21407.934953906617,2026-07-30 04:00:00,0xd0601ce157db5bdc3162bbac2a2c8af5320d9eec
179,168.14000792128994,32085.954119233265,349,640.3574533173115,123889.1997704303,307,394.30238784439746,75503.7159213993,203,349.0208889777744,66633.00780533913,2026-07-30 05:00:00,0xd0601ce157db5bdc3162bbac2a2c8af5320d9eec
116,122.93812117304688,23565.284256186656,1108,841.2948516157052,163494.0267326445,300,363.23457562187275,69840.3103901741,201,239.7312264696375,45897.44608847625,2026-07-30 06:00:00,0xd0601ce157db5bdc3162bbac2a2c8af5320d9eec
613,915.0999562151545,175163.0244080713,747,349.8151782009391,67708.79868513063,516,1012.3227367016804,194837.80733702466,302,464.55821191325515,88888.55009699639,2026-07-30 07:00:00,0xd0601ce157db5bdc3162bbac2a2c8af5320d9eec
498,666.6546500319341,127267.82900185225,402,972.2761845994901,189614.20762003594,231,668.4328037345091,129248.24539611614,639,1165.8933936095436,222853.00270873486,2026-07-30 08:00:00,0xd0601ce157db5bdc3162bbac2a2c8af5320d9eec
446,591.5218393413467,113540.30874157074,309,622.9383798544907,122030.44666081786,399,391.1172400175434,75847.25810942333,307,394.30238784439746,75503.7159213993,2026-07-30 09:00:00,0xd0601ce157db5bdc3162bbac2a2c8af5320d9eec
272,409.56634975394326,78557.07159800666,649,669.0465968863081,130891.70948092302,1924,4970.017553544047,960261.1333252024,300,363.23457562187275,69840.3103901741,2026-07-30 10:00:00,0xd0601ce157db5bdc3162bbac2a2c8af5320d9eec
340,584.1020034484297,112544.33652454484,274,641.918595701911,125395.39754131206,888,2365.921305303148,463231.8189239494,516,1012.3227367016804,194837.80733702466,2026-07-30 11:00:00,0xd0601ce157db5bdc3162bbac2a2c8af5320d9eec
287,685.8743745828414,132925.05427317877,395,536.948853938015,105575.29395914638,507,852.2695913875287,164717.0161738598,231,668.4328037345091,129248.24539611614,2026-07-30 12:00:00,0xd0601ce157db5bdc3162bbac2a2c8af5320d9eec
643,874.97109584237,169571.9604815553,350,406.0858306408057,80240.9236153191,349,640.3574533173115,123889.1997704303,399,391.1172400175434,75847.25810942333,2026-07-30 13:00:00,0xd0601ce157db5bdc3162bbac2a2c8af5320d9eec
1096,3346.5282752487574,655794.3043854283,378,639.811445033865,126538.17372827431,1108,841.2948516157052,163494.0267326445,1924,4970.017553544047,960261.1333252024,2026-07-30 14:00:00,0xd0601ce157db5bdc3162bbac2a2c8af5320d9eec
760,1631.710566340665,317280.83011384675,720,669.7938133641293,132039.68946473036,747,349.8151782009391,67708.79868513063,888,2365.921305303148,463231.8189239494,2026-07-30 15:00:00,0xd0601ce157db5bdc3162bbac2a2c8af5320d9eec
312,555.7444986393642,107790.84100368708,271,301.45769581658647,59526.70485140553,402,972.2761845994901,189614.20762003594,507,852.2695913875287,164717.0161738598,2026-07-30 16:00:00,0xd0601ce157db5bdc3162bbac2a2c8af5320d9eec
593,754.9591997541554,146350.62998356076,426,711.4079250419,141073.88893447173,309,622.9383798544907,122030.44666081786,349,640.3574533173115,123889.1997704303,2026-07-30 17:00:00,0xd0601ce157db5bdc3162bbac2a2c8af5320d9eec
706,336.8286230524393,65253.02987834414,242,417.4080593103281,82743.47443901387,649,669.0465968863081,130891.70948092302,1108,841.2948516157052,163494.0267326445,2026-07-30 18:00:00,0xd0601ce157db5bdc3162bbac2a2c8af5320d9eec
417,689.1715248417883,133989.76687135038,440,847.0239662757617,167341.52837872205,274,641.918595701911,125395.39754131206,747,349.8151782009391,67708.79868513063,2026-07-30 19:00:00,0xd0601ce157db5bdc3162bbac2a2c8af5320d9eec
601,1302.8920448031108,254989.60467649353,274,768.540633118421,152478.8427402008,395,536.948853938015,105575.29395914638,402,972.2761845994901,189614.20762003594,2026-07-30 20:00:00,0xd0601ce157db5bdc3162bbac2a2c8af5320d9eec
446,966.8772973382365,189584.99201814702,153,138.10963347855312,27379.574438241896,350,406.0858306408057,80240.9236153191,309,622.9383798544907,122030.44666081786,2026-07-30 21:00:00,0xd0601ce157db5bdc3162bbac2a2c8af5320d9eec
338,593.5580368656629,116034.57646164828,569,167.3399199371515,33158.487594866645,378,639.811445033865,126538.17372827431,649,669.0465968863081,130891.70948092302,2026-07-30 22:00:00,0xd0601ce157db5bdc3162bbac2a2c8af5320d9eec
810,590.5838755705804,115885.47539250116,441,251.41595629087,49756.67828824224,720,669.7938133641293,132039.68946473036,274,641.918595701911,125395.39754131206,2026-07-30 23:00:00,0xd0601ce157db5bdc3162bbac2a2c8af5320d9eec
521,1193.6577927743226,235394.60201808924,2282,1640.7948137098997,324129.7588062965,271,301.45769581658647,59526.70485140553,395,536.948853938015,105575.29395914638,2026-07-31 00:00:00,0xd0601ce157db5bdc3162bbac2a2c8af5320d9eec
569,763.1880897209641,151229.34999067854,285,353.0768419514083,69524.5923758237,426,711.4079250419,141073.88893447173,350,406.0858306408057,80240.9236153191,2026-07-31 01:00:00,0xd0601ce157db5bdc3162bbac2a2c8af5320d9eec
1767,2190.255205359748,432250.88875895005,2212,6200.5980361111015,1229909.2225938686,242,417.4080593103281,82743.47443901387,378,639.811445033865,126538.17372827431,2026-07-31 02:00:00,0xd0601ce157db5bdc3162bbac2a2c8af5320d9eec
445,539.6723709491963,106607.0569541571,1116,2172.732262507623,429983.6597623862,440,847.0239662757617,167341.52837872205,720,669.7938133641293,132039.68946473036,2026-07-31 03:00:00,0xd0601ce157db5bdc3162bbac2a2c8af5320d9eec
307,527.5251416409291,104259.11183178032,595,770.3042503824198,151024.18266541453,274,768.540633118421,152478.8427402008,271,301.45769581658647,59526.70485140553,2026-07-31 04:00:00,0xd0601ce157db5bdc3162bbac2a2c8af5320d9eec
329,379.14793015725434,75270.76806241192,774,727.9375518063138,144140.4168899952,153,138.10963347855312,27379.574438241896,426,711.4079250419,141073.88893447173,2026-07-31 05:00:00,0xd0601ce157db5bdc3162bbac2a2c8af5320d9eec
229,247.72758172235066,49174.62457699759,430,586.2595741534541,116882.19585728047,569,167.3399199371515,33158.487594866645,242,417.4080593103281,82743.47443901387,2026-07-31 06:00:00,0xd0601ce157db5bdc3162bbac2a2c8af5320d9eec
1178,853.4095536043445,168799.88080601362,314,571.0745500320941,113523.43614090196,441,251.41595629087,49756.67828824224,440,847.0239662757617,167341.52837872205,2026-07-31 07:00:00,0xd0601ce157db5bdc3162bbac2a2c8af5320d9eec
444,2156.811408097979,428200.17192031076,877,1105.6461418529439,222297.6248273166,2282,1640.7948137098997,324129.7588062965,274,768.540633118421,152478.8427402008,2026-07-31 08:00:00,0xd0601ce157db5bdc3162bbac2a2c8af5320d9eec
463,178.08906511750698,35385.81637069554,180,175.69291453560453,35153.95110528393,285,353.0768419514083,69524.5923758237,153,138.10963347855312,27379.574438241896,2026-07-31 09:00:00,0xd0601ce157db5bdc3162bbac2a2c8af5320d9eec
780,170.38300566745053,33758.08847711236,416,425.641526609678,84838.06173051159,2212,6200.5980361111015,1229909.2225938686,569,167.3399199371515,33158.487594866645,2026-07-31 10:00:00,0xd0601ce157db5bdc3162bbac2a2c8af5320d9eec
500,493.61404942852687,97612.80185720747,243,310.7647691950297,61863.42981902112,1116,2172.732262507623,429983.6597623862,441,251.41595629087,49756.67828824224,2026-07-31 11:00:00,0xd0601ce157db5bdc3162bbac2a2c8af5320d9eec
577,792.8896130255547,156292.51390504546,415,353.37364790413926,70394.36342197869,595,770.3042503824198,151024.18266541453,2282,1640.7948137098997,324129.7588062965,2026-07-31 12:00:00,0xd0601ce157db5bdc3162bbac2a2c8af5320d9eec
1132,1835.452393365313,362698.5843672998,258,141.67700288180922,28237.205112737964,774,727.9375518063138,144140.4168899952,285,353.0768419514083,69524.5923758237,2026-07-31 13:00:00,0xd0601ce157db5bdc3162bbac2a2c8af5320d9eec
1775,3159.3148769425698,620131.5099325351,1161,503.4325186036673,100277.51939679528,430,586.2595741534541,116882.19585728047,2212,6200.5980361111015,1229909.2225938686,2026-07-31 14:00:00,0xd0601ce157db5bdc3162bbac2a2c8af5320d9eec
1012,1588.010324087705,312508.06130604295,227,143.81560301120643,28692.583241809523,314,571.0745500320941,113523.43614090196,1116,2172.732262507623,429983.6597623862,2026-07-31 15:00:00,0xd0601ce157db5bdc3162bbac2a2c8af5320d9eec
644,1208.202959564292,238069.76585797625,241,198.54995522687605,39686.17208913584,877,1105.6461418529439,222297.6248273166,595,770.3042503824198,151024.18266541453,2026-07-31 16:00:00,0xd0601ce157db5bdc3162bbac2a2c8af5320d9eec
704,908.7452536544484,180614.29292290573,192,94.98032875688358,18982.978789329416,180,175.69291453560453,35153.95110528393,774,727.9375518063138,144140.4168899952,2026-07-31 17:00:00,0xd0601ce157db5bdc3162bbac2a2c8af5320d9eec
333,458.47472654096293,91225.59602766299,268,259.87739578120886,51897.36695810988,416,425.641526609678,84838.06173051159,430,586.2595741534541,116882.19585728047,2026-07-31 18:00:00,0xd0601ce157db5bdc3162bbac2a2c8af5320d9eec
836,1594.5247650082194,318299.4308016515,92,39.562619453632095,7899.08823362354,243,310.7647691950297,61863.42981902112,314,571.0745500320941,113523.43614090196,2026-07-31 19:00:00,0xd0601ce157db5bdc3162bbac2a2c8af5320d9eec
954,801.9582240081224,160446.17699902036,208,110.25804340655992,22025.183255374846,415,353.37364790413926,70394.36342197869,877,1105.6461418529439,222297.6248273166,2026-07-31 20:00:00,0xd0601ce157db5bdc3162bbac2a2c8af5320d9eec
239,159.74913594805207,31936.72189644885,124,91.9125943825196,18342.520671499697,258,141.67700288180922,28237.205112737964,180,175.69291453560453,35153.95110528393,2026-07-31 21:00:00,0xd0601ce157db5bdc3162bbac2a2c8af5320d9eec
297,134.3853478342752,26755.96689873241,155,206.22664668115016,41215.86678943908,1161,503.4325186036673,100277.51939679528,416,425.641526609678,84838.06173051159,2026-07-31 22:00:00,0xd0601ce157db5bdc3162bbac2a2c8af5320d9eec
215,172.3879502107289,34324.26154688567,125,171.61204350096753,34310.919637208935,227,143.81560301120643,28692.583241809523,243,310.7647691950297,61863.42981902112,2026-07-31 23:00:00,0xd0601ce157db5bdc3162bbac2a2c8af5320d9eec
284,204.62420878012134,40773.91352761458,189,171.71465771263902,34353.333622662256,241,198.54995522687605,39686.17208913584,415,353.37364790413926,70394.36342197869,2026-08-01 00:00:00,0xd0601ce157db5bdc3162bbac2a2c8af5320d9eec
3098,2012.0604231748653,400848.4162009462,118,57.657512699458806,11513.608510438355,192,94.98032875688358,18982.978789329416,258,141.67700288180922,28237.205112737964,2026-08-01 01:00:00,0xd0601ce157db5bdc3162bbac2a2c8af5320d9eec
472,228.32101154744103,45520.24909843202,85,47.420644313395584,9487.614414617487,268,259.87739578120886,51897.36695810988,1161,503.4325186036673,100277.51939679528,2026-08-01 02:00:00,0xd0601ce157db5bdc3162bbac2a2c8af5320d9eec
338,471.9966824955908,94208.88556072285,132,83.90067838002237,16745.872506702028,92,39.562619453632095,7899.08823362354,227,143.81560301120643,28692.583241809523,2026-08-01 03:00:00,0xd0601ce157db5bdc3162bbac2a2c8af5320d9eec
204,298.15369648084237,59509.83990733999,166,90.41940175765926,18043.66752840969,208,110.25804340655992,22025.183255374846,241,198.54995522687605,39686.17208913584,2026-08-01 04:00:00,0xd0601ce157db5bdc3162bbac2a2c8af5320d9eec
123,72.02248727521226,14391.47972845114,203,108.42779837958746,21636.67950127829,124,91.9125943825196,18342.520671499697,192,94.98032875688358,18982.978789329416,2026-08-01 05:00:00,0xd0601ce157db5bdc3162bbac2a2c8af5320d9eec
311,485.6269730122386,96978.50554600671,145,102.94148933005935,20529.568471266903,155,206.22664668115016,41215.86678943908,268,259.87739578120886,51897.36695810988,2026-08-01 06:00:00,0xd0601ce157db5bdc3162bbac2a2c8af5320d9eec
149,99.90682320297388,19952.63551386824,550,439.2727929904194,87541.56478769054,125,171.61204350096753,34310.919637208935,92,39.562619453632095,7899.08823362354,2026-08-01 07:00:00,0xd0601ce157db5bdc3162bbac2a2c8af5320d9eec
233,332.48834620860333,66420.57112068708,217,189.1624333779128,37619.540425571664,189,171.71465771263902,34353.333622662256,208,110.25804340655992,22025.183255374846,2026-08-01 08:00:00,0xd0601ce157db5bdc3162bbac2a2c8af5320d9eec
143,68.14179008357134,13606.848960619118,158,161.46301357905278,32117.407871099353,118,57.657512699458806,11513.608510438355,124,91.9125943825196,18342.520671499697,2026-08-01 09:00:00,0xd0601ce157db5bdc3162bbac2a2c8af5320d9eec
138,105.26965261184759,21050.4465775908,137,91.60646419714075,18244.72321355725,85,47.420644313395584,9487.614414617487,155,206.22664668115016,41215.86678943908,2026-08-01 10:00:00,0xd0601ce157db5bdc3162bbac2a2c8af5320d9eec
138,153.20473370457864,30629.560252401232,162,133.05853549909722,26458.241206360057,132,83.90067838002237,16745.872506702028,125,171.61204350096753,34310.919637208935,2026-08-01 11:00:00,0xd0601ce157db5bdc3162bbac2a2c8af5320d9eec
277,353.13275035161365,70595.09020660266,79,85.77344739197682,17066.811870194397,166,90.41940175765926,18043.66752840969,189,171.71465771263902,34353.333622662256,2026-08-01 12:00:00,0xd0601ce157db5bdc3162bbac2a2c8af5320d9eec
112,52.425824894589624,10487.909211263002,142,106.60264405976244,21246.56033106311,203,108.42779837958746,21636.67950127829,118,57.657512699458806,11513.608510438355,2026-08-01 13:00:00,0xd0601ce157db5bdc3162bbac2a2c8af5320d9eec
234,223.5184825440198,44660.90087219195,145,74.57153971954038,14856.35945259645,145,102.94148933005935,20529.568471266903,85,47.420644313395584,9487.614414617487,2026-08-01 14:00:00,0xd0601ce157db5bdc3162bbac2a2c8af5320d9eec
171,90.07352484616409,17978.182837384993,206,203.3776680431707,40671.39884844103,550,439.2727929904194,87541.56478769054,132,83.90067838002237,16745.872506702028,2026-08-01 15:00:00,0xd0601ce157db5bdc3162bbac2a2c8af5320d9eec
143,151.9960807887966,30309.334951165485,134,90.82875897591325,18189.43995636698,217,189.1624333779128,37619.540425571664,166,90.41940175765926,18043.66752840969,2026-08-01 16:00:00,0xd0601ce157db5bdc3162bbac2a2c8af5320d9eec
478,280.61275098290264,55970.047950917775,87,37.42438267487331,7492.496469418129,158,161.46301357905278,32117.407871099353,203,108.42779837958746,21636.67950127829,2026-08-01 17:00:00,0xd0601ce157db5bdc3162bbac2a2c8af5320d9eec
211,226.04525354409756,45037.55127647212,103,198.16130947609096,39731.84203416155,137,91.60646419714075,18244.72321355725,145,102.94148933005935,20529.568471266903,2026-08-01 18:00:00,0xd0601ce157db5bdc3162bbac2a2c8af5320d9eec
248,296.769687599609,59060.529959693995,174,162.28623947435165,32529.024896266874,162,133.05853549909722,26458.241206360057,550,439.2727929904194,87541.56478769054,2026-08-01 19:00:00,0xd0601ce157db5bdc3162bbac2a2c8af5320d9eec
161,117.94069149468015,23446.48210823927,118,49.971193651927514,10015.007481063314,79,85.77344739197682,17066.811870194397,217,189.1624333779128,37619.540425571664,2026-08-01 20:00:00,0xd0601ce157db5bdc3162bbac2a2c8af5320d9eec
380,804.7614422219223,160097.64749617857,170,174.77896169423482,35034.91740884302,142,106.60264405976244,21246.56033106311,158,161.46301357905278,32117.407871099353,2026-08-01 21:00:00,0xd0601ce157db5bdc3162bbac2a2c8af5320d9eec
112,99.86315090220329,19898.44631599419,125,90.8061573254063,18197.35753582769,145,74.57153971954038,14856.35945259645,137,91.60646419714075,18244.72321355725,2026-08-01 22:00:00,0xd0601ce157db5bdc3162bbac2a2c8af5320d9eec
181,166.6756664554164,33199.30354530272,164,137.46470802156807,27514.180363132313,206,203.3776680431707,40671.39884844103,162,133.05853549909722,26458.241206360057,2026-08-01 23:00:00,0xd0601ce157db5bdc3162bbac2a2c8af5320d9eec
221,250.09527590324387,49768.88835570603,161,125.90292815846902,25195.271597153576,134,90.82875897591325,18189.43995636698,79,85.77344739197682,17066.811870194397,2026-08-02 00:00:00,0xd0601ce157db5bdc3162bbac2a2c8af5320d9eec
184,116.72915724197588,23268.446639927195,123,77.77652704548413,15596.09026737973,87,37.42438267487331,7492.496469418129,142,106.60264405976244,21246.56033106311,2026-08-02 01:00:00,0xd0601ce157db5bdc3162bbac2a2c8af5320d9eec
457,530.3321956395855,105777.15030090418,178,56.79891620003108,11394.317443691585,103,198.16130947609096,39731.84203416155,145,74.57153971954038,14856.35945259645,2026-08-02 02:00:00,0xd0601ce157db5bdc3162bbac2a2c8af5320d9eec
97,48.57138484616083,9724.65723697001,168,143.1424252898366,28710.32297215672,174,162.28623947435165,32529.024896266874,206,203.3776680431707,40671.39884844103,2026-08-02 03:00:00,0xd0601ce157db5bdc3162bbac2a2c8af5320d9eec
106,101.9276195012982,20440.546359526124,232,193.21661269520604,38763.827415007894,118,49.971193651927514,10015.007481063314,134,90.82875897591325,18189.43995636698,2026-08-02 04:00:00,0xd0601ce157db5bdc3162bbac2a2c8af5320d9eec
104,104.91070720313088,21044.665624468675,122,100.91393034844978,20269.048196378506,170,174.77896169423482,35034.91740884302,87,37.42438267487331,7492.496469418129,2026-08-02 05:00:00,0xd0601ce157db5bdc3162bbac2a2c8af5320d9eec
90,48.91383960573953,9811.71219524342,125,45.707813638410926,9178.289833752002,125,90.8061573254063,18197.35753582769,103,198.16130947609096,39731.84203416155,2026-08-02 06:00:00,0xd0601ce157db5bdc3162bbac2a2c8af5320d9eec
104,77.42721022562918,15503.902837131198,186,123.50320609530009,24782.080416052646,164,137.46470802156807,27514.180363132313,174,162.28623947435165,32529.024896266874,2026-08-02 07:00:00,0xd0601ce157db5bdc3162bbac2a2c8af5320d9eec
110,80.51028484374362,16148.33955911552,405,470.36587187750143,94720.29510097372,161,125.90292815846902,25195.271597153576,118,49.971193651927514,10015.007481063314,2026-08-02 08:00:00,0xd0601ce157db5bdc3162bbac2a2c8af5320d9eec
111,68.45121423358722,13719.769444294121,481,577.2203560546377,116326.94171566547,123,77.77652704548413,15596.09026737973,170,174.77896169423482,35034.91740884302,2026-08-02 09:00:00,0xd0601ce157db5bdc3162bbac2a2c8af5320d9eec
164,168.29708388340316,33737.61393769298,1099,1657.2350913522139,329659.1012785428,178,56.79891620003108,11394.317443691585,125,90.8061573254063,18197.35753582769,2026-08-02 10:00:00,0xd0601ce157db5bdc3162bbac2a2c8af5320d9eec
91,76.42951634208751,15301.500785137874,195,125.06244153532133,25002.130016867377,168,143.1424252898366,28710.32297215672,164,137.46470802156807,27514.180363132313,2026-08-02 11:00:00,0xd0601ce157db5bdc3162bbac2a2c8af5320d9eec
81,54.34846847395023,10897.492832184356,257,608.7365505700935,121925.84589044898,232,193.21661269520604,38763.827415007894,161,125.90292815846902,25195.271597153576,2026-08-02 12:00:00,0xd0601ce157db5bdc3162bbac2a2c8af5320d9eec
125,52.641435749350265,10536.063303263787,167,137.82467303589547,27711.88441148171,122,100.91393034844978,20269.048196378506,123,77.77652704548413,15596.09026737973,2026-08-02 13:00:00,0xd0601ce157db5bdc3162bbac2a2c8af5320d9eec
195,149.48322098892112,29992.249703164274,204,200.61002631088724,40462.045267966074,125,45.707813638410926,9178.289833752002,178,56.79891620003108,11394.317443691585,2026-08-02 14:00:00,0xd0601ce157db5bdc3162bbac2a2c8af5320d9eec
152,90.98727159969486,18258.44161032777,140,89.65308051739706,18098.733665254855,186,123.50320609530009,24782.080416052646,168,143.1424252898366,28710.32297215672,2026-08-02 15:00:00,0xd0601ce157db5bdc3162bbac2a2c8af5320d9eec
179,184.94465270938963,37136.969257613986,181,210.53353725798362,42489.79585713603,405,470.36587187750143,94720.29510097372,232,193.21661269520604,38763.827415007894,2026-08-02 16:00:00,0xd0601ce157db5bdc3162bbac2a2c8af5320d9eec
138,108.85278539736166,21847.244533091998,193,126.52137776567376,25634.385272569743,481,577.2203560546377,116326.94171566547,122,100.91393034844978,20269.048196378506,2026-08-02 17:00:00,0xd0601ce157db5bdc3162bbac2a2c8af5320d9eec
212,311.94415704706614,62650.08495441996,164,121.82511111101958,24631.529116913967,1099,1657.2350913522139,329659.1012785428,125,45.707813638410926,9178.289833752002,2026-08-02 18:00:00,0xd0601ce157db5bdc3162bbac2a2c8af5320d9eec
273,204.29276109450717,41068.787453270445,180,143.81985615061845,29028.394537409342,195,125.06244153532133,25002.130016867377,186,123.50320609530009,24782.080416052646,2026-08-02 19:00:00,0xd0601ce157db5bdc3162bbac2a2c8af5320d9eec
362,819.0970270326844,165212.42583587946,194,233.88901777582723,47121.58577964862,257,608.7365505700935,121925.84589044898,405,470.36587187750143,94720.29510097372,2026-08-02 20:00:00,0xd0601ce157db5bdc3162bbac2a2c8af5320d9eec
1369,2498.131790776249,498180.60110508936,193,210.3043035524336,42110.65193037323,167,137.82467303589547,27711.88441148171,481,577.2203560546377,116326.94171566547,2026-08-02 21:00:00,0xd0601ce157db5bdc3162bbac2a2c8af5320d9eec
295,386.28091032426096,77216.53897206143,148,105.74598100379151,21211.86734847451,204,200.61002631088724,40462.045267966074,1099,1657.2350913522139,329659.1012785428,2026-08-02 22:00:00,0xd0601ce157db5bdc3162bbac2a2c8af5320d9eec
127,102.41267060079296,20464.883285653515,192,236.02296772248224,47229.68815480503,140,89.65308051739706,18098.733665254855,195,125.06244153532133,25002.130016867377,2026-08-02 23:00:00,0xd0601ce157db5bdc3162bbac2a2c8af5320d9eec
524,1209.2806982648337,243137.24831175097,395,867.863043047057,172747.1925689531,181,210.53353725798362,42489.79585713603,257,608.7365505700935,121925.84589044898,2026-08-03 00:00:00,0xd0601ce157db5bdc3162bbac2a2c8af5320d9eec
138,123.72735182787879,24928.867360687964,323,753.1936558762031,149640.87747527566,193,126.52137776567376,25634.385272569743,167,137.82467303589547,27711.88441148171,2026-08-03 01:00:00,0xd0601ce157db5bdc3162bbac2a2c8af5320d9eec
196,258.5080714481266,52202.26065637131,2394,6854.42250891618,1365521.4418190809,164,121.82511111101958,24631.529116913967,204,200.61002631088724,40462.045267966074,2026-08-03 02:00:00,0xd0601ce157db5bdc3162bbac2a2c8af5320d9eec
97,32.36187978246594,6530.202091779842,690,960.1963196886092,197680.76075451472,180,143.81985615061845,29028.394537409342,140,89.65308051739706,18098.733665254855,2026-08-03 03:00:00,0xd0601ce157db5bdc3162bbac2a2c8af5320d9eec
189,233.8743335150931,47299.08934750432,539,493.03054232578705,101876.54498180705,194,233.88901777582723,47121.58577964862,181,210.53353725798362,42489.79585713603,2026-08-03 04:00:00,0xd0601ce157db5bdc3162bbac2a2c8af5320d9eec
163,157.53524006312125,31898.71389100848,321,277.66377738514296,57415.01619168442,193,210.3043035524336,42110.65193037323,193,126.52137776567376,25634.385272569743,2026-08-03 05:00:00,0xd0601ce157db5bdc3162bbac2a2c8af5320d9eec
212,177.13588819952315,35866.51342576446,331,270.5311425620837,56295.14885395193,148,105.74598100379151,21211.86734847451,164,121.82511111101958,24631.529116913967,2026-08-03 06:00:00,0xd0601ce157db5bdc3162bbac2a2c8af5320d9eec
204,188.83363461351507,38103.996501556016,350,232.78073405051796,48361.026174728395,192,236.02296772248224,47229.68815480503,180,143.81985615061845,29028.394537409342,2026-08-03 07:00:00,0xd0601ce157db5bdc3162bbac2a2c8af5320d9eec
710,2773.9784611158725,556825.164966701,587,993.7324391353346,205454.3102094665,395,867.863043047057,172747.1925689531,194,233.88901777582723,47121.58577964862,2026-08-03 08:00:00,0xd0601ce157db5bdc3162bbac2a2c8af5320d9eec
221,150.9568718730916,30297.891812639675,229,249.772252420795,51615.09246515012,323,753.1936558762031,149640.87747527566,193,210.3043035524336,42110.65193037323,2026-08-03 09:00:00,0xd0601ce157db5bdc3162bbac2a2c8af5320d9eec
202,219.11491898352287,43859.902238314295,127,58.97672697235271,12155.63099351974,2394,6854.42250891618,1365521.4418190809,148,105.74598100379151,21211.86734847451,2026-08-03 10:00:00,0xd0601ce157db5bdc3162bbac2a2c8af5320d9eec
264,395.01041332595537,78864.71156355478,244,283.0835757563301,58595.26967548815,690,960.1963196886092,197680.76075451472,192,236.02296772248224,47229.68815480503,2026-08-03 11:00:00,0xd0601ce157db5bdc3162bbac2a2c8af5320d9eec
332,807.5231758894606,160425.00791904744,136,171.5173244970878,35502.27653164475,539,493.03054232578705,101876.54498180705,395,867.863043047057,172747.1925689531,2026-08-03 12:00:00,0xd0601ce157db5bdc3162bbac2a2c8af5320d9eec
542,1512.2400693012098,299516.7979579932,151,177.64713576985812,36591.72818704992,321,277.66377738514296,57415.01619168442,323,753.1936558762031,149640.87747527566,2026-08-03 13:00:00,0xd0601ce157db5bdc3162bbac2a2c8af5320d9eec
1755,2901.6440656927193,591812.6912560613,308,314.5094968371967,65083.940128374714,331,270.5311425620837,56295.14885395193,2394,6854.42250891618,1365521.4418190809,2026-08-03 14:00:00,0xd0601ce157db5bdc3162bbac2a2c8af5320d9eec
712,1061.015553449772,219218.92414353543,201,159.87656607929927,33072.737240563096,350,232.78073405051796,48361.026174728395,690,960.1963196886092,197680.76075451472,2026-08-03 15:00:00,0xd0601ce157db5bdc3162bbac2a2c8af5320d9eec
463,345.7919085483761,71523.35795460045,245,229.6633995399965,47515.61661913955,587,993.7324391353346,205454.3102094665,539,493.03054232578705,101876.54498180705,2026-08-03 16:00:00,0xd0601ce157db5bdc3162bbac2a2c8af5320d9eec
531,575.2261673659069,119579.05713802022,122,46.262077513317436,9576.233490417522,229,249.772252420795,51615.09246515012,321,277.66377738514296,57415.01619168442,2026-08-03 17:00:00,0xd0601ce157db5bdc3162bbac2a2c8af5320d9eec
414,402.7249872307217,83788.32281326383,239,306.4868196214186,63585.32352334233,127,58.97672697235271,12155.63099351974,331,270.5311425620837,56295.14885395193,2026-08-03 18:00:00,0xd0601ce157db5bdc3162bbac2a2c8af5320d9eec
273,225.99949009403838,47014.177412451034,173,142.21296619323817,29527.22319858573,244,283.0835757563301,58595.26967548815,350,232.78073405051796,48361.026174728395,2026-08-03 19:00:00,0xd0601ce157db5bdc3162bbac2a2c8af5320d9eec
329,304.7538814222792,62992.454619162934,164,183.0394237026621,38104.01133780608,136,171.5173244970878,35502.27653164475,587,993.7324391353346,205454.3102094665,2026-08-03 20:00:00,0xd0601ce157db5bdc3162bbac2a2c8af5320d9eec
191,130.58913030051446,26986.443042217696,100,76.09417266165873,15836.078961177394,151,177.64713576985812,36591.72818704992,229,249.772252420795,51615.09246515012,2026-08-03 21:00:00,0xd0601ce157db5bdc3162bbac2a2c8af5320d9eec
180,84.66177085860456,17514.491006727803,140,60.82386937078452,12677.252677687267,308,314.5094968371967,65083.940128374714,127,58.97672697235271,12155.63099351974,2026-08-03 22:00:00,0xd0601ce157db5bdc3162bbac2a2c8af5320d9eec
134,111.39558995786285,23055.649032940335,215,152.42955721315397,31781.31809202866,201,159.87656607929927,33072.737240563096,244,283.0835757563301,58595.26967548815,2026-08-03 23:00:00,0xd0601ce157db5bdc3162bbac2a2c8af5320d9eec
195,176.25335203341314,36383.67428235393,485,465.49317759304375,97691.74389530766,245,229.6633995399965,47515.61661913955,136,171.5173244970878,35502.27653164475,2026-08-04 00:00:00,0xd0601ce157db5bdc3162bbac2a2c8af5320d9eec
132,102.63795637707527,21136.560851845792,265,130.14174301310342,27324.500393379207,122,46.262077513317436,9576.233490417522,151,177.64713576985812,36591.72818704992,2026-08-04 01:00:00,0xd0601ce157db5bdc3162bbac2a2c8af5320d9eec
167,121.44320457375616,25134.436232455115,1556,2160.4541382584166,455472.27175497793,239,306.4868196214186,63585.32352334233,308,314.5094968371967,65083.940128374714,2026-08-04 02:00:00,0xd0601ce157db5bdc3162bbac2a2c8af5320d9eec
238,297.5423439418951,61414.05660917664,1475,1069.1894421237316,224567.14149007722,173,142.21296619323817,29527.22319858573,201,159.87656607929927,33072.737240563096,2026-08-04 03:00:00,0xd0601ce157db5bdc3162bbac2a2c8af5320d9eec
170,97.24269820890478,20124.51632125196,1738,509.2260758580581,107104.35083416288,164,183.0394237026621,38104.01133780608,245,229.6633995399965,47515.61661913955,2026-08-04 04:00:00,0xd0601ce157db5bdc3162bbac2a2c8af5320d9eec
169,69.05245510242246,14300.683442566684,378,320.4221305882782,67425.47088729974,100,76.09417266165873,15836.078961177394,122,46.262077513317436,9576.233490417522,2026-08-04 05:00:00,0xd0601ce157db5bdc3162bbac2a2c8af5320d9eec
307,328.7909011282502,68327.92362115161,1388,678.8044755032331,143736.49742171404,140,60.82386937078452,12677.252677687267,239,306.4868196214186,63585.32352334233,2026-08-04 06:00:00,0xd0601ce157db5bdc3162bbac2a2c8af5320d9eec
269,207.88131641736783,43195.37438739599,1110,584.2544194417321,124251.46499821494,215,152.42955721315397,31781.31809202866,173,142.21296619323817,29527.22319858573,2026-08-04 07:00:00,0xd0601ce157db5bdc3162bbac2a2c8af5320d9eec
165,229.96735999332284,47920.5665063383,719,749.9277706676962,159384.39650348344,485,465.49317759304375,97691.74389530766,164,183.0394237026621,38104.01133780608,2026-08-04 08:00:00,0xd0601ce157db5bdc3162bbac2a2c8af5320d9eec
119,119.3573785909998,24830.930784759006,1370,2322.0445650189504,492099.3259165834,265,130.14174301310342,27324.500393379207,100,76.09417266165873,15836.078961177394,2026-08-04 09:00:00,0xd0601ce157db5bdc3162bbac2a2c8af5320d9eec
153,167.27009941018292,34864.547282784864,495,453.120129966886,97678.63813964324,1556,2160.4541382584166,455472.27175497793,140,60.82386937078452,12677.252677687267,2026-08-04 10:00:00,0xd0601ce157db5bdc3162bbac2a2c8af5320d9eec
280,337.86021396443317,70642.72338914115,374,239.1487282059028,51651.360612113465,1475,1069.1894421237316,224567.14149007722,215,152.42955721315397,31781.31809202866,2026-08-04 11:00:00,0xd0601ce157db5bdc3162bbac2a2c8af5320d9eec
253,155.35840424932042,32616.995863351887,349,180.39980742198395,39026.27344313722,1738,509.2260758580581,107104.35083416288,485,465.49317759304375,97691.74389530766,2026-08-04 12:00:00,0xd0601ce157db5bdc3162bbac2a2c8af5320d9eec
510,685.7559407190349,144478.05917802823,192,107.95026147525124,23370.27958709193,378,320.4221305882782,67425.47088729974,265,130.14174301310342,27324.500393379207,2026-08-04 13:00:00,0xd0601ce157db5bdc3162bbac2a2c8af5320d9eec
657,841.8502356220768,176622.8872246264,507,421.869560055131,91209.95270732336,1388,678.8044755032331,143736.49742171404,1556,2160.4541382584166,455472.27175497793,2026-08-04 14:00:00,0xd0601ce157db5bdc3162bbac2a2c8af5320d9eec
517,439.0618189016914,92163.4065908428,315,224.2949914418416,48517.61020117158,1110,584.2544194417321,124251.46499821494,1475,1069.1894421237316,224567.14149007722,2026-08-04 15:00:00,0xd0601ce157db5bdc3162bbac2a2c8af5320d9eec
312,210.6567755986736,44346.65835944482,965,533.3602223517865,115546.45463134091,719,749.9277706676962,159384.39650348344,1738,509.2260758580581,107104.35083416288,2026-08-04 16:00:00,0xd0601ce157db5bdc3162bbac2a2c8af5320d9eec
395,357.573668120089,75543.92903245584,320,155.17118053033784,33624.405559270235,1370,2322.0445650189504,492099.3259165834,378,320.4221305882782,67425.47088729974,2026-08-04 17:00:00,0xd0601ce157db5bdc3162bbac2a2c8af5320d9eec
1735,938.0676111053556,198681.7102930295,444,220.74385497003178,47920.0879347425,495,453.120129966886,97678.63813964324,1388,678.8044755032331,143736.49742171404,2026-08-04 18:00:00,0xd0601ce157db5bdc3162bbac2a2c8af5320d9eec
606,283.92559468517067,60407.17940167674,564,230.93000144852613,50133.9039464247,374,239.1487282059028,51651.360612113465,1110,584.2544194417321,124251.46499821494,2026-08-04 19:00:00,0xd0601ce157db5bdc3162bbac2a2c8af5320d9eec
1496,2650.364672137546,559360.6667709241,546,423.58973144123865,91742.60657326237,349,180.39980742198395,39026.27344313722,719,749.9277706676962,159384.39650348344,2026-08-04 20:00:00,0xd0601ce157db5bdc3162bbac2a2c8af5320d9eec
1674,2189.612308916542,471192.62138202594,345,293.1645399185017,63278.530906239364,192,107.95026147525124,23370.27958709193,1370,2322.0445650189504,492099.3259165834,2026-08-04 21:00:00,0xd0601ce157db5bdc3162bbac2a2c8af5320d9eec
314,166.37629766003363,35803.65149654372,246,139.31458613321948,30045.9276942474,507,421.869560055131,91209.95270732336,495,453.120129966886,97678.63813964324,2026-08-04 22:00:00,0xd0601ce157db5bdc3162bbac2a2c8af5320d9eec
456,414.3176496748395,89776.405701951,672,355.89895612062395,76965.09753031311,315,224.2949914418416,48517.61020117158,374,239.1487282059028,51651.360612113465,2026-08-04 23:00:00,0xd0601ce157db5bdc3162bbac2a2c8af5320d9eec
23,4.9696552069753555,3382.8499614404586,2,0.23466590842640048,159.261594877791,16,3.5474486611836316,2385.182158069611,9,6.502675354993161,4407.223265769092,2026-07-29 00:00:00,0xd5f3879160bc7c32ebb4dc785f8a4f505888de68
16,2.8379163584200677,1921.596750559483,3,0.0844707480460677,56.98567209537908,10,0.20047798610312226,134.6634984096271,26,0.17139963489823615,116.163589371129,2026-07-29 01:00:00,0xd5f3879160bc7c32ebb4dc785f8a4f505888de68
7,0.8326511085533411,561.335784684123,20,6.654614018030811,4477.56981362266,5,0.2059900774691799,138.83853978773902,20,5.866065719355615,3959.246623293837,2026-07-29 02:00:00,0xd5f3879160bc7c32ebb4dc785f8a4f505888de68
10,0.19406575122152267,130.646941950404,14,0.8234854354312772,550.6217254900829,9,1.932300921866027,1304.537834380962,3,0.01541956651808017,10.385553186151999,2026-07-29 03:00:00,0xd5f3879160bc7c32ebb4dc785f8a4f505888de68
17,1.4611265231371982,979.7847653805609,16,1.050964952053356,700.8890933096649,6,1.072449099269421,725.4459040356974,16,3.5474486611836316,2385.182158069611,2026-07-29 04:00:00,0xd5f3879160bc7c32ebb4dc785f8a4f505888de68
2,0.016731976617435695,11.28136824066569,5,0.08903286708609999,59.19872245544201,3,0.016102978663346187,10.851717487822999,10,0.20047798610312226,134.6634984096271,2026-07-29 05:00:00,0xd5f3879160bc7c32ebb4dc785f8a4f505888de68
7,0.2521320756645939,169.68487372247,2,0.0031168378154664508,2.078889034985,10,2.9471013593887667,1997.0793371384812,5,0.2059900774691799,138.83853978773902,2026-07-29 06:00:00,0xd5f3879160bc7c32ebb4dc785f8a4f505888de68
4,0.10978958916026157,74.1219736342,28,10.835833974456053,7341.657173382081,0,,,9,1.932300921866027,1304.537834380962,2026-07-29 07:00:00,0xd5f3879160bc7c32ebb4dc785f8a4f505888de68
2,0.005214379544411769,3.50896231030632,32,8.92634672251833,5954.881381473188,2,0.23466590842640048,159.261594877791,6,1.072449099269421,725.4459040356974,2026-07-29 08:00:00,0xd5f3879160bc7c32ebb4dc785f8a4f505888de68
8,1.1070515803341254,749.112709949629,3,0.35515607921482856,235.88375836558998,3,0.0844707480460677,56.98567209537908,3,0.016102978663346187,10.851717487822999,2026-07-29 09:00:00,0xd5f3879160bc7c32ebb4dc785f8a4f505888de68
4,0.23750259945830557,161.10234159451602,10,0.15628823100445657,102.948254602784,20,6.654614018030811,4477.56981362266,10,2.9471013593887667,1997.0793371384812,2026-07-29 10:00:00,0xd5f3879160bc7c32ebb4dc785f8a4f505888de68
5,0.3426418575838159,232.51806045625,14,0.3356490727779801,222.72533642801997,14,0.8234854354312772,550.6217254900829,0,,,2026-07-29 11:00:00,0xd5f3879160bc7c32ebb4dc785f8a4f505888de68
3,0.3855339946942191,260.094376181378,5,0.8529671787717339,568.193730389972,16,1.050964952053356,700.8890933096649,2,0.23466590842640048,159.261594877791,2026-07-29 12:00:00,0xd5f3879160bc7c32ebb4dc785f8a4f505888de68
6,0.21118302875067524,142.47871605908097,3,0.3104622649116124,207.35883794811,5,0.08903286708609999,59.19872245544201,3,0.0844707480460677,56.98567209537908,2026-07-29 13:00:00,0xd5f3879160bc7c32ebb4dc785f8a4f505888de68
22,2.6146917046077776,1750.715345651958,14,1.6986429319592704,1135.9600836971472,2,0.0031168378154664508,2.078889034985,20,6.654614018030811,4477.56981362266,2026-07-29 14:00:00,0xd5f3879160bc7c32ebb4dc785f8a4f505888de68
11,0.5477835318614691,366.797452841169,2,0.0375281447333764,24.981019985688,28,10.835833974456053,7341.657173382081,14,0.8234854354312772,550.6217254900829,2026-07-29 15:00:00,0xd5f3879160bc7c32ebb4dc785f8a4f505888de68
12,1.3056913598516662,869.0338078051111,3,0.013429542606304936,8.935721422757002,32,8.92634672251833,5954.881381473188,16,1.050964952053356,700.8890933096649,2026-07-29 16:00:00,0xd5f3879160bc7c32ebb4dc785f8a4f505888de68
15,2.177540804737554,1458.516667348424,4,0.35787883436065054,238.027816068676,3,0.35515607921482856,235.88375836558998,5,0.08903286708609999,59.19872245544201,2026-07-29 17:00:00,0xd5f3879160bc7c32ebb4dc785f8a4f505888de68
10,4.859480292724447,3271.166501573423,1,0.07462430591274376,49.916444147854,10,0.15628823100445657,102.948254602784,2,0.0031168378154664508,2.078889034985,2026-07-29 18:00:00,0xd5f3879160bc7c32ebb4dc785f8a4f505888de68
30,10.877065457544452,7322.559075812704,9,0.44298333033161663,294.48428816527803,14,0.3356490727779801,222.72533642801997,28,10.835833974456053,7341.657173382081,2026-07-29 19:00:00,0xd5f3879160bc7c32ebb4dc785f8a4f505888de68
15,2.4993053268716965,1653.1490942626367,5,0.0655700432799584,43.492945895905,5,0.8529671787717339,568.193730389972,32,8.92634672251833,5954.881381473188,2026-07-29 20:00:00,0xd5f3879160bc7c32ebb4dc785f8a4f505888de68
17,1.5341413501769043,1011.7989027700669,5,0.014592301028634621,9.673989863007,3,0.3104622649116124,207.35883794811,3,0.35515607921482856,235.88375836558998,2026-07-29 21:00:00,0xd5f3879160bc7c32ebb4dc785f8a4f505888de68
15,3.1565438742842615,2096.796568939346,2,0.0327553826681582,21.84224472672,14,1.6986429319592704,1135.9600836971472,10,0.15628823100445657,102.948254602784,2026-07-29 22:00:00,0xd5f3879160bc7c32ebb4dc785f8a4f505888de68
10,2.0104595377737198,1337.6842653577621,7,0.5130416541976761,342.67444013414297,2,0.0375281447333764,24.981019985688,14,0.3356490727779801,222.72533642801997,2026-07-29 23:00:00,0xd5f3879160bc7c32ebb4dc785f8a4f505888de68
12,2.5358775525475745,1691.765530504297,12,77.3163132549054,52000.43986362744,3,0.013429542606304936,8.935721422757002,5,0.8529671787717339,568.193730389972,2026-07-30 00:00:00,0xd5f3879160bc7c32ebb4dc785f8a4f505888de68
17,2.3265028467106106,1554.6678891592614,9,1.0196683972176577,685.5513684313361,4,0.35787883436065054,238.027816068676,3,0.3104622649116124,207.35883794811,2026-07-30 01:00:00,0xd5f3879160bc7c32ebb4dc785f8a4f505888de68
3,0.04688109934902808,31.382275480376002,36,10.794467875525154,7312.602812345132,1,0.07462430591274376,49.916444147854,14,1.6986429319592704,1135.9600836971472,2026-07-30 02:00:00,0xd5f3879160bc7c32ebb4dc785f8a4f505888de68
4,0.24525020308507056,163.137790445009,6,0.03220417894374647,21.885231629219,9,0.44298333033161663,294.48428816527803,2,0.0375281447333764,24.981019985688,2026-07-30 03:00:00,0xd5f3879160bc7c32ebb4dc785f8a4f505888de68
1,0.000594383446285076,0.395754648996,5,0.1948553508628442,132.944291805461,5,0.0655700432799584,43.492945895905,3,0.013429542606304936,8.935721422757002,2026-07-30 04:00:00,0xd5f3879160bc7c32ebb4dc785f8a4f505888de68
4,0.6404974593479671,425.975534479891,1,2.0985397594233e-05,0.014255063821,5,0.014592301028634621,9.673989863007,4,0.35787883436065054,238.027816068676,2026-07-30 05:00:00,0xd5f3879160bc7c32ebb4dc785f8a4f505888de68
3,0.02645301962821557,17.585359497764,3,0.017208842526900404,11.691843631733946,2,0.0327553826681582,21.84224472672,1,0.07462430591274376,49.916444147854,2026-07-30 06:00:00,0xd5f3879160bc7c32ebb4dc785f8a4f505888de68
4,3.2998736025506394,2191.379519699666,4,0.019387463923846444,13.248870313805998,7,0.5130416541976761,342.67444013414297,9,0.44298333033161663,294.48428816527803,2026-07-30 07:00:00,0xd5f3879160bc7c32ebb4dc785f8a4f505888de68
1,0.27344838638180574,182.347472137223,3,0.02220213432960622,15.179849831634,12,77.3163132549054,52000.43986362744,5,0.0655700432799584,43.492945895905,2026-07-30 08:00:00,0xd5f3879160bc7c32ebb4dc785f8a4f505888de68
2,0.04338776083979816,28.944371261858002,6,0.43551223371564673,298.89313569697646,9,1.0196683972176577,685.5513684313361,5,0.014592301028634621,9.673989863007,2026-07-30 09:00:00,0xd5f3879160bc7c32ebb4dc785f8a4f505888de68
10,2.6635093743669094,1777.8847708302876,2,0.04023210549727291,27.645484597337997,36,10.794467875525154,7312.602812345132,2,0.0327553826681582,21.84224472672,2026-07-30 10:00:00,0xd5f3879160bc7c32ebb4dc785f8a4f505888de68
16,4.243122426245032,2839.9261980029523,5,0.4000138659268755,275.26604491954095,6,0.03220417894374647,21.885231629219,7,0.5130416541976761,342.67444013414297,2026-07-30 11:00:00,0xd5f3879160bc7c32ebb4dc785f8a4f505888de68
9,0.7249196563276641,486.391155859446,2,0.0299701059833289,20.5878606348,5,0.1948553508628442,132.944291805461,12,77.3163132549054,52000.43986362744,2026-07-30 12:00:00,0xd5f3879160bc7c32ebb4dc785f8a4f505888de68
13,2.7022199225994266,1819.5561250737749,9,0.9067236362515643,625.142471952565,1,2.0985397594233e-05,0.014255063821,9,1.0196683972176577,685.5513684313361,2026-07-30 13:00:00,0xd5f3879160bc7c32ebb4dc785f8a4f505888de68
14,3.180800168108314,2168.803845557478,4,0.036783547159442175,25.399596961104443,3,0.017208842526900404,11.691843631733946,36,10.794467875525154,7312.602812345132,2026-07-30 14:00:00,0xd5f3879160bc7c32ebb4dc785f8a4f505888de68
14,0.7318673814542132,496.03532365693405,3,0.09215867460775157,63.364885420045994,4,0.019387463923846444,13.248870313805998,6,0.03220417894374647,21.885231629219,2026-07-30 15:00:00,0xd5f3879160bc7c32ebb4dc785f8a4f505888de68
4,0.04501637759891325,30.53798857207,0,,,3,0.02220213432960622,15.179849831634,5,0.1948553508628442,132.944291805461,2026-07-30 16:00:00,0xd5f3879160bc7c32ebb4dc785f8a4f505888de68
4,0.5992565360546361,409.303434862102,0,,,6,0.43551223371564673,298.89313569697646,1,2.0985397594233e-05,0.014255063821,2026-07-30 17:00:00,0xd5f3879160bc7c32ebb4dc785f8a4f505888de68
10,0.33476835511141484,228.485675126267,2,0.04036825673016514,27.943604048165,2,0.04023210549727291,27.645484597337997,3,0.017208842526900404,11.691843631733946,2026-07-30 18:00:00,0xd5f3879160bc7c32ebb4dc785f8a4f505888de68
9,1.418264585060122,970.418032435764,0,,,5,0.4000138659268755,275.26604491954095,4,0.019387463923846444,13.248870313805998,2026-07-30 19:00:00,0xd5f3879160bc7c32ebb4dc785f8a4f505888de68
15,2.096013150175922,1437.18164326869,26,6.478719840182961,4458.808321527949,2,0.0299701059833289,20.5878606348,3,0.02220213432960622,15.179849831634,2026-07-30 20:00:00,0xd5f3879160bc7c32ebb4dc785f8a4f505888de68
0,,,6,0.3271260255944228,226.402513742843,9,0.9067236362515643,625.142471952565,6,0.43551223371564673,298.89313569697646,2026-07-30 21:00:00,0xd5f3879160bc7c32ebb4dc785f8a4f505888de68
6,0.907528354181555,624.178546264932,0,,,4,0.036783547159442175,25.399596961104443,2,0.04023210549727291,27.645484597337997,2026-07-30 22:00:00,0xd5f3879160bc7c32ebb4dc785f8a4f505888de68
0,,,1,0.002541466507736986,1.752368075898,3,0.09215867460775157,63.364885420045994,5,0.4000138659268755,275.26604491954095,2026-07-30 23:00:00,0xd5f3879160bc7c32ebb4dc785f8a4f505888de68
7,0.5809340968914242,400.175314091997,0,,,0,,,2,0.0299701059833289,20.5878606348,2026-07-31 00:00:00,0xd5f3879160bc7c32ebb4dc785f8a4f505888de68
9,1.40937138018353,973.470878882489,5,0.16043833592391202,110.5917987854,0,,,9,0.9067236362515643,625.142471952565,2026-07-31 01:00:00,0xd5f3879160bc7c32ebb4dc785f8a4f505888de68
1,0.001320773795460206,0.908609354526,23,5.285782404721049,3642.3185010074576,2,0.04036825673016514,27.943604048165,4,0.036783547159442175,25.399596961104443,2026-07-31 02:00:00,0xd5f3879160bc7c32ebb4dc785f8a4f505888de68
3,0.030707391830564125,21.129867182863997,4,0.8526934842215594,584.549171019745,0,,,3,0.09215867460775157,63.364885420045994,2026-07-31 03:00:00,0xd5f3879160bc7c32ebb4dc785f8a4f505888de68
1,0.012310860157715197,8.460298330044,3,0.013302657154982484,9.077388038676,26,6.478719840182961,4458.808321527949,0,,,2026-07-31 04:00:00,0xd5f3879160bc7c32ebb4dc785f8a4f505888de68
1,0.2978468328509743,206.05238293999503,11,2.685671125069465,1845.8795524403065,6,0.3271260255944228,226.402513742843,0,,,2026-07-31 05:00:00,0xd5f3879160bc7c32ebb4dc785f8a4f505888de68
6,0.09512804870235086,65.78943032057,9,1.6894250942743387,1165.1816365567006,0,,,2,0.04036825673016514,27.943604048165,2026-07-31 06:00:00,0xd5f3879160bc7c32ebb4dc785f8a4f505888de68
1,0.016832463017568865,11.583305252064001,1,0.004081393114041376,2.796658284994,1,0.002541466507736986,1.752368075898,0,,,2026-07-31 07:00:00,0xd5f3879160bc7c32ebb4dc785f8a4f505888de68
7,1.4835567445370212,1025.938932568232,9,0.6069786167675507,418.8903701521579,0,,,26,6.478719840182961,4458.808321527949,2026-07-31 08:00:00,0xd5f3879160bc7c32ebb4dc785f8a4f505888de68
5,0.6791182534314485,470.60029952094106,15,0.9375312950958049,644.2725673393909,5,0.16043833592391202,110.5917987854,6,0.3271260255944228,226.402513742843,2026-07-31 09:00:00,0xd5f3879160bc7c32ebb4dc785f8a4f505888de68
4,0.003055171716776172,2.1066909770880002,21,2.058039883091487,1409.9563038997542,23,5.285782404721049,3642.3185010074576,0,,,2026-07-31 10:00:00,0xd5f3879160bc7c32ebb4dc785f8a4f505888de68
1,0.000640994524487461,0.44190864574,6,0.05126061641332275,35.053337381126,4,0.8526934842215594,584.549171019745,1,0.002541466507736986,1.752368075898,2026-07-31 11:00:00,0xd5f3879160bc7c32ebb4dc785f8a4f505888de68
2,0.0385096147563848,26.544821079282,4,0.13373176387819785,91.51506972172801,3,0.013302657154982484,9.077388038676,0,,,2026-07-31 12:00:00,0xd5f3879160bc7c32ebb4dc785f8a4f505888de68
1,0.07556764435190005,52.078483133709994,3,0.03019553054764628,20.665103968148003,11,2.685671125069465,1845.8795524403065,5,0.16043833592391202,110.5917987854,2026-07-31 13:00:00,0xd5f3879160bc7c32ebb4dc785f8a4f505888de68
26,10.111924978609988,6916.910149498676,1,0.001665274731182308,1.139518830621,9,1.6894250942743387,1165.1816365567006,23,5.285782404721049,3642.3185010074576,2026-07-31 14:00:00,0xd5f3879160bc7c32ebb4dc785f8a4f505888de68
7,0.43298183299487963,296.7704125330027,2,0.003458651274234195,2.3701421977429997,1,0.004081393114041376,2.796658284994,4,0.8526934842215594,584.549171019745,2026-07-31 15:00:00,0xd5f3879160bc7c32ebb4dc785f8a4f505888de68
7,1.0229585942470933,702.031907748286,1,0.009006807081869015,6.1716219138,9,0.6069786167675507,418.8903701521579,3,0.013302657154982484,9.077388038676,2026-07-31 16:00:00,0xd5f3879160bc7c32ebb4dc785f8a4f505888de68
13,3.0746725994898214,2116.731762073721,2,0.2715849692387207,187.23786687971602,15,0.9375312950958049,644.2725673393909,11,2.685671125069465,1845.8795524403065,2026-07-31 17:00:00,0xd5f3879160bc7c32ebb4dc785f8a4f505888de68
1,0.005,3.4312010007800002,1,0.17282016454034246,119.12228528976799,21,2.058039883091487,1409.9563038997542,9,1.6894250942743387,1165.1816365567006,2026-07-31 18:00:00,0xd5f3879160bc7c32ebb4dc785f8a4f505888de68
3,0.2865199423351112,197.80437542955934,2,0.7290463324833326,502.59943994866904,6,0.05126061641332275,35.053337381126,1,0.004081393114041376,2.796658284994,2026-07-31 19:00:00,0xd5f3879160bc7c32ebb4dc785f8a4f505888de68
1,0.000733496484369412,0.5029510592159999,0,,,4,0.13373176387819785,91.51506972172801,9,0.6069786167675507,418.8903701521579,2026-07-31 20:00:00,0xd5f3879160bc7c32ebb4dc785f8a4f505888de68
7,0.30548425026319254,209.484008851198,4,0.06522872879852962,44.780153248922005,3,0.03019553054764628,20.665103968148003,15,0.9375312950958049,644.2725673393909,2026-07-31 21:00:00,0xd5f3879160bc7c32ebb4dc785f8a4f505888de68
9,0.41646782172592617,285.151567426042,1,2.048363696368338,1405.093273265174,1,0.001665274731182308,1.139518830621,21,2.058039883091487,1409.9563038997542,2026-07-31 22:00:00,0xd5f3879160bc7c32ebb4dc785f8a4f505888de68
6,0.3800361642518031,260.032277167573,1,0.22815,156.383650448302,2,0.003458651274234195,2.3701421977429997,6,0.05126061641332275,35.053337381126,2026-07-31 23:00:00,0xd5f3879160bc7c32ebb4dc785f8a4f505888de68
8,0.12863355698737822,88.134229544739,2,0.04328616627910772,29.654802657397997,1,0.009006807081869015,6.1716219138,4,0.13373176387819785,91.51506972172801,2026-08-01 00:00:00,0xd5f3879160bc7c32ebb4dc785f8a4f505888de68
1,0.003961207116921969,2.710524623144,1,0.005468744625680295,3.7475276504000004,2,0.2715849692387207,187.23786687971602,3,0.03019553054764628,20.665103968148003,2026-08-01 01:00:00,0xd5f3879160bc7c32ebb4dc785f8a4f505888de68
9,0.07910886161904705,54.131297750228995,1,0.005,3.4264341097519995,1,0.17282016454034246,119.12228528976799,1,0.001665274731182308,1.139518830621,2026-08-01 02:00:00,0xd5f3879160bc7c32ebb4dc785f8a4f505888de68
4,0.1345555764052856,92.08470557417,3,0.023610959219168205,16.174085898351997,2,0.7290463324833326,502.59943994866904,2,0.003458651274234195,2.3701421977429997,2026-08-01 03:00:00,0xd5f3879160bc7c32ebb4dc785f8a4f505888de68
2,0.00812051594164356,5.564448321440999,5,0.133788372569131,92.056747121931,0,,,1,0.009006807081869015,6.1716219138,2026-08-01 04:00:00,0xd5f3879160bc7c32ebb4dc785f8a4f505888de68
0,,,6,0.09309054138922207,63.704667188458,4,0.06522872879852962,44.780153248922005,2,0.2715849692387207,187.23786687971602,2026-08-01 05:00:00,0xd5f3879160bc7c32ebb4dc785f8a4f505888de68
1,0.003125900055939679,2.142596403168,3,0.18876646423973376,129.74402376307,1,2.048363696368338,1405.093273265174,1,0.17282016454034246,119.12228528976799,2026-08-01 06:00:00,0xd5f3879160bc7c32ebb4dc785f8a4f505888de68
4,0.005163043277835054,3.5384302956780003,5,0.056769006480618174,38.862376471794256,1,0.22815,156.383650448302,2,0.7290463324833326,502.59943994866904,2026-08-01 07:00:00,0xd5f3879160bc7c32ebb4dc785f8a4f505888de68
1,2.6101036652399157,1801.0115999999998,7,0.32754222678656975,223.918013984939,2,0.04328616627910772,29.654802657397997,0,,,2026-08-01 08:00:00,0xd5f3879160bc7c32ebb4dc785f8a4f505888de68
12,0.23785397508510495,163.391222464668,7,0.22775768499925858,155.84229232618503,1,0.005468744625680295,3.7475276504000004,4,0.06522872879852962,44.780153248922005,2026-08-01 09:00:00,0xd5f3879160bc7c32ebb4dc785f8a4f505888de68
0,,,12,0.705048637808719,482.16163668459,1,0.005,3.4264341097519995,1,2.048363696368338,1405.093273265174,2026-08-01 10:00:00,0xd5f3879160bc7c32ebb4dc785f8a4f505888de68
0,,,11,1.0001628148699606,682.676262955811,3,0.023610959219168205,16.174085898351997,1,0.22815,156.383650448302,2026-08-01 11:00:00,0xd5f3879160bc7c32ebb4dc785f8a4f505888de68
0,,,0,,,5,0.133788372569131,92.056747121931,2,0.04328616627910772,29.654802657397997,2026-08-01 12:00:00,0xd5f3879160bc7c32ebb4dc785f8a4f505888de68
1,0.001916796738943387,1.313289551119,2,0.26294677314452125,180.70527365475397,6,0.09309054138922207,63.704667188458,1,0.005468744625680295,3.7475276504000004,2026-08-01 13:00:00,0xd5f3879160bc7c32ebb4dc785f8a4f505888de68
4,0.029445438462876207,20.180826611315002,5,0.7148415030063282,491.63939217207104,3,0.18876646423973376,129.74402376307,1,0.005,3.4264341097519995,2026-08-01 14:00:00,0xd5f3879160bc7c32ebb4dc785f8a4f505888de68
17,1.4291143750335764,978.7993942941339,4,2.083411197145698,1439.7671538150912,5,0.056769006480618174,38.862376471794256,3,0.023610959219168205,16.174085898351997,2026-08-01 15:00:00,0xd5f3879160bc7c32ebb4dc785f8a4f505888de68
4,0.3744785737895296,256.15445044702,6,0.5125612757814315,354.44922567011,7,0.32754222678656975,223.918013984939,5,0.133788372569131,92.056747121931,2026-08-01 16:00:00,0xd5f3879160bc7c32ebb4dc785f8a4f505888de68
2,0.04770386483948373,32.646097097296,1,0.013257304621284037,9.175795104372,7,0.22775768499925858,155.84229232618503,6,0.09309054138922207,63.704667188458,2026-08-01 17:00:00,0xd5f3879160bc7c32ebb4dc785f8a4f505888de68
6,0.1886335411893275,129.704722534643,2,0.07060314121087745,48.53955075633446,12,0.705048637808719,482.16163668459,3,0.18876646423973376,129.74402376307,2026-08-01 18:00:00,0xd5f3879160bc7c32ebb4dc785f8a4f505888de68
6,0.22293588575206388,152.546060231356,2,0.0948258214741331,65.672840482092,11,1.0001628148699606,682.676262955811,5,0.056769006480618174,38.862376471794256,2026-08-01 19:00:00,0xd5f3879160bc7c32ebb4dc785f8a4f505888de68
9,0.31530228102765684,215.699263275182,2,0.06084333899749731,42.115641888084,0,,,7,0.32754222678656975,223.918013984939,2026-08-01 20:00:00,0xd5f3879160bc7c32ebb4dc785f8a4f505888de68
1,0.08770262961717802,59.94456305128001,3,0.092043360827634,63.390908322809,2,0.26294677314452125,180.70527365475397,7,0.22775768499925858,155.84229232618503,2026-08-01 21:00:00,0xd5f3879160bc7c32ebb4dc785f8a4f505888de68
21,1.7021991502906602,1164.636593063614,14,2.436792826429617,1679.7789338190073,5,0.7148415030063282,491.63939217207104,12,0.705048637808719,482.16163668459,2026-08-01 22:00:00,0xd5f3879160bc7c32ebb4dc785f8a4f505888de68
0,,,5,2.8119810183525873,1945.750180377472,4,2.083411197145698,1439.7671538150912,11,1.0001628148699606,682.676262955811,2026-08-01 23:00:00,0xd5f3879160bc7c32ebb4dc785f8a4f505888de68
9,1.3348582062222694,916.945966148547,1,0.00671080293163782,4.65152390202,6,0.5125612757814315,354.44922567011,0,,,2026-08-02 00:00:00,0xd5f3879160bc7c32ebb4dc785f8a4f505888de68
6,0.13377544320047907,91.969929041989,3,0.11407902889901896,78.55681772286201,1,0.013257304621284037,9.175795104372,2,0.26294677314452125,180.70527365475397,2026-08-02 01:00:00,0xd5f3879160bc7c32ebb4dc785f8a4f505888de68
6,5.627478944931787,3877.1049001334823,1,0.01119221712511086,7.753150572580001,2,0.07060314121087745,48.53955075633446,5,0.7148415030063282,491.63939217207104,2026-08-02 02:00:00,0xd5f3879160bc7c32ebb4dc785f8a4f505888de68
7,0.2596481810905706,179.526268613326,4,0.06198260142241256,42.658204324429,2,0.0948258214741331,65.672840482092,4,2.083411197145698,1439.7671538150912,2026-08-02 03:00:00,0xd5f3879160bc7c32ebb4dc785f8a4f505888de68
4,0.17988943749877623,124.525579174028,4,0.046588720895949474,32.086276758097,2,0.06084333899749731,42.115641888084,6,0.5125612757814315,354.44922567011,2026-08-02 04:00:00,0xd5f3879160bc7c32ebb4dc785f8a4f505888de68
1,0.10057535007860237,69.63645320138,3,0.28349180355246106,196.328471405745,3,0.092043360827634,63.390908322809,1,0.013257304621284037,9.175795104372,2026-08-02 05:00:00,0xd5f3879160bc7c32ebb4dc785f8a4f505888de68
2,0.09633765798054124,66.680473666698,2,0.003736507512140219,2.5893571670579996,14,2.436792826429617,1679.7789338190073,2,0.07060314121087745,48.53955075633446,2026-08-02 06:00:00,0xd5f3879160bc7c32ebb4dc785f8a4f505888de68
1,0.003540906533276648,2.4521208112679997,2,0.010674617431095157,7.350644348962,5,2.8119810183525873,1945.750180377472,2,0.0948258214741331,65.672840482092,2026-08-02 07:00:00,0xd5f3879160bc7c32ebb4dc785f8a4f505888de68
6,0.5242109077098831,362.67381997617997,4,0.09743144114215142,67.51918634185701,1,0.00671080293163782,4.65152390202,2,0.06084333899749731,42.115641888084,2026-08-02 08:00:00,0xd5f3879160bc7c32ebb4dc785f8a4f505888de68
2,0.11424971667381686,78.685747499196,1,0.00175640385,1.2121477308286626,3,0.11407902889901896,78.55681772286201,3,0.092043360827634,63.390908322809,2026-08-02 09:00:00,0xd5f3879160bc7c32ebb4dc785f8a4f505888de68
3,0.10114707298772253,69.990866754059,16,0.08378148366356034,57.82079236170199,1,0.01119221712511086,7.753150572580001,14,2.436792826429617,1679.7789338190073,2026-08-02 10:00:00,0xd5f3879160bc7c32ebb4dc785f8a4f505888de68
6,0.15013443895038756,103.47477971434898,8,0.009362245017313049,6.491825200707,4,0.06198260142241256,42.658204324429,5,2.8119810183525873,1945.750180377472,2026-08-02 11:00:00,0xd5f3879160bc7c32ebb4dc785f8a4f505888de68
13,0.2312689217553538,159.41945910608598,7,0.026853838279087917,18.613443204372,4,0.046588720895949474,32.086276758097,1,0.00671080293163782,4.65152390202,2026-08-02 12:00:00,0xd5f3879160bc7c32ebb4dc785f8a4f505888de68
0,,,14,0.038751149442816823,26.859115109781,3,0.28349180355246106,196.328471405745,3,0.11407902889901896,78.55681772286201,2026-08-02 13:00:00,0xd5f3879160bc7c32ebb4dc785f8a4f505888de68
2,0.2737143416342829,188.38713270073302,12,0.18281919270256253,126.872249379918,2,0.003736507512140219,2.5893571670579996,1,0.01119221712511086,7.753150572580001,2026-08-02 14:00:00,0xd5f3879160bc7c32ebb4dc785f8a4f505888de68
3,0.008930449687921827,6.181323090466,24,0.2854475964667443,198.17910596816563,2,0.010674617431095157,7.350644348962,4,0.06198260142241256,42.658204324429,2026-08-02 15:00:00,0xd5f3879160bc7c32ebb4dc785f8a4f505888de68
0,,,15,0.45865300083622124,318.94323977273996,4,0.09743144114215142,67.51918634185701,4,0.046588720895949474,32.086276758097,2026-08-02 16:00:00,0xd5f3879160bc7c32ebb4dc785f8a4f505888de68
7,0.386367141862386,267.608465416002,13,0.08412880539978146,58.558055079111,1,0.00175640385,1.2121477308286626,3,0.28349180355246106,196.328471405745,2026-08-02 17:00:00,0xd5f3879160bc7c32ebb4dc785f8a4f505888de68
2,0.08660035373802022,60.03444640185,16,0.8450683245359083,588.569421032918,16,0.08378148366356034,57.82079236170199,2,0.003736507512140219,2.5893571670579996,2026-08-02 18:00:00,0xd5f3879160bc7c32ebb4dc785f8a4f505888de68
2,0.008989799984183196,6.198091181752,15,0.5007853315581922,347.40692504922936,8,0.009362245017313049,6.491825200707,2,0.010674617431095157,7.350644348962,2026-08-02 19:00:00,0xd5f3879160bc7c32ebb4dc785f8a4f505888de68
3,0.03521330931551371,24.417334291448,13,0.20644748613051747,143.09693505912497,7,0.026853838279087917,18.613443204372,4,0.09743144114215142,67.51918634185701,2026-08-02 20:00:00,0xd5f3879160bc7c32ebb4dc785f8a4f505888de68
4,0.05562901991086873,38.323467165664,9,0.33745450870672666,232.970174929184,14,0.038751149442816823,26.859115109781,1,0.00175640385,1.2121477308286626,2026-08-02 21:00:00,0xd5f3879160bc7c32ebb4dc785f8a4f505888de68
14,0.4532216274954698,314.04898603171404,8,0.017503604984420353,12.146199100319,12,0.18281919270256253,126.872249379918,16,0.08378148366356034,57.82079236170199,2026-08-02 22:00:00,0xd5f3879160bc7c32ebb4dc785f8a4f505888de68
16,0.11016442854779387,76.16142010493999,11,0.20668907543551304,142.73909751977104,24,0.2854475964667443,198.17910596816563,8,0.009362245017313049,6.491825200707,2026-08-02 23:00:00,0xd5f3879160bc7c32ebb4dc785f8a4f505888de68
7,0.033294681878874556,23.081007727865,18,2.606146669506065,1796.0983212499373,15,0.45865300083622124,318.94323977273996,7,0.026853838279087917,18.613443204372,2026-08-03 00:00:00,0xd5f3879160bc7c32ebb4dc785f8a4f505888de68
13,0.0616570905945864,42.765341739174,6,0.016431852363234585,11.371218342172,13,0.08412880539978146,58.558055079111,14,0.038751149442816823,26.859115109781,2026-08-03 01:00:00,0xd5f3879160bc7c32ebb4dc785f8a4f505888de68
10,0.07268388336155737,50.463957885465,20,5.619220749435722,3875.0610471100626,16,0.8450683245359083,588.569421032918,12,0.18281919270256253,126.872249379918,2026-08-03 02:00:00,0xd5f3879160bc7c32ebb4dc785f8a4f505888de68
19,0.257408688642566,178.746079737637,36,5.844851844484796,4063.283337696736,15,0.5007853315581922,347.40692504922936,24,0.2854475964667443,198.17910596816563,2026-08-03 03:00:00,0xd5f3879160bc7c32ebb4dc785f8a4f505888de68
17,0.22088994189949077,153.591157348612,11,0.43771657414666093,305.239472835502,13,0.20644748613051747,143.09693505912497,15,0.45865300083622124,318.94323977273996,2026-08-03 04:00:00,0xd5f3879160bc7c32ebb4dc785f8a4f505888de68
9,0.08292048351728946,57.71223979103199,10,0.08220119211516842,57.40642478354102,9,0.33745450870672666,232.970174929184,13,0.08412880539978146,58.558055079111,2026-08-03 05:00:00,0xd5f3879160bc7c32ebb4dc785f8a4f505888de68
11,0.07511426459985668,52.309788445037,20,0.5838227584260577,409.06726526302197,8,0.017503604984420353,12.146199100319,16,0.8450683245359083,588.569421032918,2026-08-03 06:00:00,0xd5f3879160bc7c32ebb4dc785f8a4f505888de68
14,0.4534391412411873,314.144188963997,11,3.57256424058244,2512.7690481155955,11,0.20668907543551304,142.73909751977104,15,0.5007853315581922,347.40692504922936,2026-08-03 07:00:00,0xd5f3879160bc7c32ebb4dc785f8a4f505888de68
22,3.2354696107654752,2236.3187656656296,8,0.2439849354856249,170.88258269525298,18,2.606146669506065,1796.0983212499373,13,0.20644748613051747,143.09693505912497,2026-08-03 08:00:00,0xd5f3879160bc7c32ebb4dc785f8a4f505888de68
7,0.020080112661125527,13.941012640283,9,0.05175530096375203,36.338655056652,6,0.016431852363234585,11.371218342172,9,0.33745450870672666,232.970174929184,2026-08-03 09:00:00,0xd5f3879160bc7c32ebb4dc785f8a4f505888de68
11,0.19727278541253496,136.26105006266,6,0.027518597101517467,18.976419991728886,20,5.619220749435722,3875.0610471100626,8,0.017503604984420353,12.146199100319,2026-08-03 10:00:00,0xd5f3879160bc7c32ebb4dc785f8a4f505888de68
15,0.8627002922709894,595.230958251689,2,0.002033114076810476,1.4311340445149998,36,5.844851844484796,4063.283337696736,11,0.20668907543551304,142.73909751977104,2026-08-03 11:00:00,0xd5f3879160bc7c32ebb4dc785f8a4f505888de68
8,0.9876515901909797,679.759996387456,6,0.011978244556355573,8.408785044737,11,0.43771657414666093,305.239472835502,18,2.606146669506065,1796.0983212499373,2026-08-03 12:00:00,0xd5f3879160bc7c32ebb4dc785f8a4f505888de68
11,0.12631347942777882,87.287596938713,8,0.5069906429395739,354.6255816139627,10,0.08220119211516842,57.40642478354102,6,0.016431852363234585,11.371218342172,2026-08-03 13:00:00,0xd5f3879160bc7c32ebb4dc785f8a4f505888de68
16,2.5405933731060864,1761.088499930511,16,0.13920617540915892,97.85463130175701,20,0.5838227584260577,409.06726526302197,20,5.619220749435722,3875.0610471100626,2026-08-03 14:00:00,0xd5f3879160bc7c32ebb4dc785f8a4f505888de68
10,0.11489493929320603,80.071817301165,9,0.038723857077544506,27.10923983413358,11,3.57256424058244,2512.7690481155955,36,5.844851844484796,4063.283337696736,2026-08-03 15:00:00,0xd5f3879160bc7c32ebb4dc785f8a4f505888de68
17,0.5801211079633278,405.03302520654506,6,0.006822876419779028,4.79507902179,8,0.2439849354856249,170.88258269525298,11,0.43771657414666093,305.239472835502,2026-08-03 16:00:00,0xd5f3879160bc7c32ebb4dc785f8a4f505888de68
13,0.7331359979756238,512.788751040722,6,0.0378591862119742,26.597263080683998,9,0.05175530096375203,36.338655056652,10,0.08220119211516842,57.40642478354102,2026-08-03 17:00:00,0xd5f3879160bc7c32ebb4dc785f8a4f505888de68
11,0.5281403094405619,370.4019081539129,15,0.5444311428921934,382.612490621687,6,0.027518597101517467,18.976419991728886,20,0.5838227584260577,409.06726526302197,2026-08-03 18:00:00,0xd5f3879160bc7c32ebb4dc785f8a4f505888de68
10,0.8537400295739883,598.2368087206261,7,0.3769218283828057,265.3983723042555,2,0.002033114076810476,1.4311340445149998,11,3.57256424058244,2512.7690481155955,2026-08-03 19:00:00,0xd5f3879160bc7c32ebb4dc785f8a4f505888de68
1,0.000641142182814001,0.451280486494,7,0.14211080575838453,100.19321592241499,6,0.011978244556355573,8.408785044737,8,0.2439849354856249,170.88258269525298,2026-08-03 20:00:00,0xd5f3879160bc7c32ebb4dc785f8a4f505888de68
4,0.00365371654984721,2.5634074200449994,4,0.06896247269834613,48.641966839585834,8,0.5069906429395739,354.6255816139627,9,0.05175530096375203,36.338655056652,2026-08-03 21:00:00,0xd5f3879160bc7c32ebb4dc785f8a4f505888de68
7,0.005766607439274922,4.049099891914977,3,0.0058793642151699545,4.134936624876781,16,0.13920617540915892,97.85463130175701,6,0.027518597101517467,18.976419991728886,2026-08-03 22:00:00,0xd5f3879160bc7c32ebb4dc785f8a4f505888de68
7,0.012291020201661517,8.640105818249001,5,0.39282744893070254,277.27752817893804,9,0.038723857077544506,27.10923983413358,2,0.002033114076810476,1.4311340445149998,2026-08-03 23:00:00,0xd5f3879160bc7c32ebb4dc785f8a4f505888de68
3,0.022277527846737803,15.600646800004,25,1.9866963598438914,1404.1097128899125,6,0.006822876419779028,4.79507902179,6,0.011978244556355573,8.408785044737,2026-08-04 00:00:00,0xd5f3879160bc7c32ebb4dc785f8a4f505888de68
9,0.18665485197784318,130.4978094725853,2,0.001951055253680446,1.382403285155,6,0.0378591862119742,26.597263080683998,8,0.5069906429395739,354.6255816139627,2026-08-04 01:00:00,0xd5f3879160bc7c32ebb4dc785f8a4f505888de68
6,0.050890534845277405,35.77512070483268,36,3.380727756863186,2404.489933203334,15,0.5444311428921934,382.612490621687,16,0.13920617540915892,97.85463130175701,2026-08-04 02:00:00,0xd5f3879160bc7c32ebb4dc785f8a4f505888de68
2,0.00124779261443365,0.877791880894,10,0.43402832195978014,310.397380680976,7,0.3769218283828057,265.3983723042555,9,0.038723857077544506,27.10923983413358,2026-08-04 03:00:00,0xd5f3879160bc7c32ebb4dc785f8a4f505888de68
10,0.05637470367725371,39.566213964717996,20,0.6308829746205432,453.1560871459217,7,0.14211080575838453,100.19321592241499,6,0.006822876419779028,4.79507902179,2026-08-04 04:00:00,0xd5f3879160bc7c32ebb4dc785f8a4f505888de68
4,0.07280755198974725,51.16869453525,19,5.084317960551797,3677.328439583136,4,0.06896247269834613,48.641966839585834,6,0.0378591862119742,26.597263080683998,2026-08-04 05:00:00,0xd5f3879160bc7c32ebb4dc785f8a4f505888de68
14,1.2550987035864705,883.328017385582,8,0.020893680033046716,15.108763345088065,3,0.0058793642151699545,4.134936624876781,15,0.5444311428921934,382.612490621687,2026-08-04 06:00:00,0xd5f3879160bc7c32ebb4dc785f8a4f505888de68
12,0.438006746038427,308.7081937582285,5,0.35895086191547193,260.19226207709994,5,0.39282744893070254,277.27752817893804,7,0.3769218283828057,265.3983723042555,2026-08-04 07:00:00,0xd5f3879160bc7c32ebb4dc785f8a4f505888de68
9,0.2869780620149794,202.369467887482,4,0.02988602047769407,21.683079621199,25,1.9866963598438914,1404.1097128899125,7,0.14211080575838453,100.19321592241499,2026-08-04 08:00:00,0xd5f3879160bc7c32ebb4dc785f8a4f505888de68
3,0.006902708946392739,4.86736545389,12,0.17471730227553373,125.97714647508899,2,0.001951055253680446,1.382403285155,4,0.06896247269834613,48.641966839585834,2026-08-04 09:00:00,0xd5f3879160bc7c32ebb4dc785f8a4f505888de68
11,0.4573478325699359,322.50346523228905,24,1.564798474226501,1129.8275054388928,36,3.380727756863186,2404.489933203334,3,0.0058793642151699545,4.134936624876781,2026-08-04 10:00:00,0xd5f3879160bc7c32ebb4dc785f8a4f505888de68
11,0.32701503097219997,230.975654420117,3,0.01804470103038748,13.076215524863425,10,0.43402832195978014,310.397380680976,5,0.39282744893070254,277.27752817893804,2026-08-04 11:00:00,0xd5f3879160bc7c32ebb4dc785f8a4f505888de68
9,0.9142410870815421,647.3853250199504,5,0.003914854999096325,2.841438970624,20,0.6308829746205432,453.1560871459217,25,1.9866963598438914,1404.1097128899125,2026-08-04 12:00:00,0xd5f3879160bc7c32ebb4dc785f8a4f505888de68
4,0.042181995002403404,29.884434029932997,6,0.04896400420828955,35.775242192394145,19,5.084317960551797,3677.328439583136,2,0.001951055253680446,1.382403285155,2026-08-04 13:00:00,0xd5f3879160bc7c32ebb4dc785f8a4f505888de68
25,0.7151501882097255,510.58795899062164,4,0.14945855836774485,108.44952185221801,8,0.020893680033046716,15.108763345088065,36,3.380727756863186,2404.489933203334,2026-08-04 14:00:00,0xd5f3879160bc7c32ebb4dc785f8a4f505888de68
17,1.0324027397459696,739.9443823788281,7,0.04193383181721706,30.32137231850555,5,0.35895086191547193,260.19226207709994,10,0.43402832195978014,310.397380680976,2026-08-04 15:00:00,0xd5f3879160bc7c32ebb4dc785f8a4f505888de68
21,0.8546166119760201,615.2377608492255,8,0.20231044590224193,146.12261313166331,4,0.02988602047769407,21.683079621199,20,0.6308829746205432,453.1560871459217,2026-08-04 16:00:00,0xd5f3879160bc7c32ebb4dc785f8a4f505888de68
5,0.007674041406563318,5.553478552672,2,0.05225688148181383,37.64556459615519,12,0.17471730227553373,125.97714647508899,19,5.084317960551797,3677.328439583136,2026-08-04 17:00:00,0xd5f3879160bc7c32ebb4dc785f8a4f505888de68
4,0.010287796854841887,7.450122954726001,5,0.1293732546386787,93.92666616049098,24,1.564798474226501,1129.8275054388928,8,0.020893680033046716,15.108763345088065,2026-08-04 18:00:00,0xd5f3879160bc7c32ebb4dc785f8a4f505888de68
9,0.2981223669452132,216.247445138278,8,0.18394613441558635,133.64110799419905,3,0.01804470103038748,13.076215524863425,5,0.35895086191547193,260.19226207709994,2026-08-04 19:00:00,0xd5f3879160bc7c32ebb4dc785f8a4f505888de68
5,0.12433206926518907,89.68427556809144,0,,,5,0.003914854999096325,2.841438970624,4,0.02988602047769407,21.683079621199,2026-08-04 20:00:00,0xd5f3879160bc7c32ebb4dc785f8a4f505888de68
20,29.64274031829319,21603.37058666679,14,0.6185719375486515,446.9904854362757,6,0.04896400420828955,35.775242192394145,12,0.17471730227553373,125.97714647508899,2026-08-04 21:00:00,0xd5f3879160bc7c32ebb4dc785f8a4f505888de68
6,0.017910064321385956,12.945898173186999,1,0.005965998596900765,4.305960304388,4,0.14945855836774485,108.44952185221801,24,1.564798474226501,1129.8275054388928,2026-08-04 22:00:00,0xd5f3879160bc7c32ebb4dc785f8a4f505888de68
6,0.010768616497241774,7.786550888323486,2,0.011334406039729988,8.171987491636147,7,0.04193383181721706,30.32137231850555,3,0.01804470103038748,13.076215524863425,2026-08-04 23:00:00,0xd5f3879160bc7c32ebb4dc785f8a4f505888de68
46,432.9868450920865,6183.897932151129,2,9.58982624585655,136.4582458096,10,25.071999749904943,351.48328900348906,13,73.12016143273678,1033.0033921872807,2026-07-29 00:00:00,0xd917b029c761d264c6a312bbbcda868658ef86a6
15,148.5805341277838,2103.423065147222,3,5.578123702416633,78.609092108307,4,25.34894027973732,351.84671955609696,6,15.074062859843684,214.74355112623743,2026-07-29 01:00:00,0xd917b029c761d264c6a312bbbcda868658ef86a6
4,10.012401298425617,140.86161566429098,106,678.900265488896,9412.375837967986,5,15.033173963560648,211.609200722175,10,150.5283084436924,2109.4438867785807,2026-07-29 02:00:00,0xd917b029c761d264c6a312bbbcda868658ef86a6
0,,,55,355.3669190035032,4859.721865384178,19,68.83768590381105,974.8619990349376,1,0.8550198679791884,11.938704815746876,2026-07-29 03:00:00,0xd917b029c761d264c6a312bbbcda868658ef86a6
20,164.38638418850405,2285.639288290896,24,179.71619394758656,2389.1884486000304,3,11.146770035670912,155.92999709828,10,25.071999749904943,351.48328900348906,2026-07-29 04:00:00,0xd917b029c761d264c6a312bbbcda868658ef86a6
11,67.62141275908984,940.7240463527066,2,26.782710743059774,355.778072673296,2,0.0589050205694777,0.836672771069,4,25.34894027973732,351.84671955609696,2026-07-29 05:00:00,0xd917b029c761d264c6a312bbbcda868658ef86a6
0,,,0,,,23,136.13821276887148,1943.625952575259,5,15.033173963560648,211.609200722175,2026-07-29 06:00:00,0xd917b029c761d264c6a312bbbcda868658ef86a6
3,13.166234524235904,186.85795680726613,38,245.37103867873725,3350.476194862652,0,,,19,68.83768590381105,974.8619990349376,2026-07-29 07:00:00,0xd917b029c761d264c6a312bbbcda868658ef86a6
5,36.16056150344869,513.7143811664855,43,409.099527659726,5371.443566970747,2,9.58982624585655,136.4582458096,3,11.146770035670912,155.92999709828,2026-07-29 08:00:00,0xd917b029c761d264c6a312bbbcda868658ef86a6
7,67.29148697566686,957.1326229519918,0,,,3,5.578123702416633,78.609092108307,2,0.0589050205694777,0.836672771069,2026-07-29 09:00:00,0xd917b029c761d264c6a312bbbcda868658ef86a6
0,,,8,19.34461141097455,250.5748602269639,106,678.900265488896,9412.375837967986,23,136.13821276887148,1943.625952575259,2026-07-29 10:00:00,0xd917b029c761d264c6a312bbbcda868658ef86a6
0,,,5,24.802447509438903,322.9630650537182,55,355.3669190035032,4859.721865384178,0,,,2026-07-29 11:00:00,0xd917b029c761d264c6a312bbbcda868658ef86a6
12,39.824920962625924,563.7009469453551,0,,,24,179.71619394758656,2389.1884486000304,2,9.58982624585655,136.4582458096,2026-07-29 12:00:00,0xd917b029c761d264c6a312bbbcda868658ef86a6
6,20.044161125207097,281.720786036205,2,2.7625557230250837,35.773597232973,2,26.782710743059774,355.778072673296,3,5.578123702416633,78.609092108307,2026-07-29 13:00:00,0xd917b029c761d264c6a312bbbcda868658ef86a6
53,207.25541432189976,2897.5730607813643,7,66.80160313645312,888.4156426401695,0,,,106,678.900265488896,9412.375837967986,2026-07-29 14:00:00,0xd917b029c761d264c6a312bbbcda868658ef86a6
55,393.1771647875198,5306.342991824899,0,,,38,245.37103867873725,3350.476194862652,55,355.3669190035032,4859.721865384178,2026-07-29 15:00:00,0xd917b029c761d264c6a312bbbcda868658ef86a6
40,177.15945546682795,2330.7196230922214,0,,,43,409.099527659726,5371.443566970747,24,179.71619394758656,2389.1884486000304,2026-07-29 16:00:00,0xd917b029c761d264c6a312bbbcda868658ef86a6
14,82.10121697779736,1095.712265616073,2,0.011674731889175616,0.152191705024918,0,,,2,26.782710743059774,355.778072673296,2026-07-29 17:00:00,0xd917b029c761d264c6a312bbbcda868658ef86a6
16,152.3257528950231,2052.83514178282,1,0.07047996554583015,0.9205230300209999,8,19.34461141097455,250.5748602269639,0,,,2026-07-29 18:00:00,0xd917b029c761d264c6a312bbbcda868658ef86a6
71,402.0491861662656,5442.260438919843,0,,,5,24.802447509438903,322.9630650537182,38,245.37103867873725,3350.476194862652,2026-07-29 19:00:00,0xd917b029c761d264c6a312bbbcda868658ef86a6
3,11.441406417594742,148.11548343100364,2,0.36463930940116845,4.759105212326,0,,,43,409.099527659726,5371.443566970747,2026-07-29 20:00:00,0xd917b029c761d264c6a312bbbcda868658ef86a6
2,0.17158832868847576,2.22641592743651,0,,,2,2.7625557230250837,35.773597232973,0,,,2026-07-29 21:00:00,0xd917b029c761d264c6a312bbbcda868658ef86a6
0,,,3,8.127448770456844,108.171769068903,7,66.80160313645312,888.4156426401695,8,19.34461141097455,250.5748602269639,2026-07-29 22:00:00,0xd917b029c761d264c6a312bbbcda868658ef86a6
0,,,4,0.21059477385396608,2.8075330204989997,0,,,5,24.802447509438903,322.9630650537182,2026-07-29 23:00:00,0xd917b029c761d264c6a312bbbcda868658ef86a6
0,,,6,21.114040172766575,284.5284134030354,0,,,0,,,2026-07-30 00:00:00,0xd917b029c761d264c6a312bbbcda868658ef86a6
5,46.8184664583246,620.2845985657211,5,12.208291197931263,165.49106649572875,2,0.011674731889175616,0.152191705024918,2,2.7625557230250837,35.773597232973,2026-07-30 01:00:00,0xd917b029c761d264c6a312bbbcda868658ef86a6
0,,,154,732.0740273278972,10265.503230270857,1,0.07047996554583015,0.9205230300209999,7,66.80160313645312,888.4156426401695,2026-07-30 02:00:00,0xd917b029c761d264c6a312bbbcda868658ef86a6
0,,,79,295.3681964114783,4235.790240016764,0,,,0,,,2026-07-30 03:00:00,0xd917b029c761d264c6a312bbbcda868658ef86a6
2,0.6567440745710408,8.832577308277,16,55.434159877104555,791.472929652002,2,0.36463930940116845,4.759105212326,0,,,2026-07-30 04:00:00,0xd917b029c761d264c6a312bbbcda868658ef86a6
0,,,20,74.69551145108741,1072.069991220077,0,,,2,0.011674731889175616,0.152191705024918,2026-07-30 05:00:00,0xd917b029c761d264c6a312bbbcda868658ef86a6
0,,,11,26.225318657315608,379.204314697324,3,8.127448770456844,108.171769068903,1,0.07047996554583015,0.9205230300209999,2026-07-30 06:00:00,0xd917b029c761d264c6a312bbbcda868658ef86a6
0,,,15,55.08139496824421,797.3626234199301,4,0.21059477385396608,2.8075330204989997,0,,,2026-07-30 07:00:00,0xd917b029c761d264c6a312bbbcda868658ef86a6
0,,,8,35.13899070111413,515.7178715563895,6,21.114040172766575,284.5284134030354,2,0.36463930940116845,4.759105212326,2026-07-30 08:00:00,0xd917b029c761d264c6a312bbbcda868658ef86a6
2,0.1004866533152046,1.3391104570680001,3,6.573769646091451,97.07324077012842,5,12.208291197931263,165.49106649572875,0,,,2026-07-30 09:00:00,0xd917b029c761d264c6a312bbbcda868658ef86a6
0,,,4,10.658676080906703,157.31773700848,154,732.0740273278972,10265.503230270857,3,8.127448770456844,108.171769068903,2026-07-30 10:00:00,0xd917b029c761d264c6a312bbbcda868658ef86a6
13,172.38571401102033,2310.78785914631,18,52.698088241352586,785.2968959844698,79,295.3681964114783,4235.790240016764,4,0.21059477385396608,2.8075330204989997,2026-07-30 11:00:00,0xd917b029c761d264c6a312bbbcda868658ef86a6
12,103.32377271461708,1397.6188186872716,46,150.45770783133545,2264.069732428484,16,55.434159877104555,791.472929652002,6,21.114040172766575,284.5284134030354,2026-07-30 12:00:00,0xd917b029c761d264c6a312bbbcda868658ef86a6
50,262.1667232852375,3584.4412416451332,17,12.875853867006075,194.00027407014093,20,74.69551145108741,1072.069991220077,5,12.208291197931263,165.49106649572875,2026-07-30 13:00:00,0xd917b029c761d264c6a312bbbcda868658ef86a6
62,218.3445015066003,3084.6312241073642,13,36.912263184523255,554.457404063258,11,26.225318657315608,379.204314697324,154,732.0740273278972,10265.503230270857,2026-07-30 14:00:00,0xd917b029c761d264c6a312bbbcda868658ef86a6
54,158.6632703054332,2259.084254018112,0,,,15,55.08139496824421,797.3626234199301,79,295.3681964114783,4235.790240016764,2026-07-30 15:00:00,0xd917b029c761d264c6a312bbbcda868658ef86a6
15,43.83966386523922,630.9397144191375,0,,,8,35.13899070111413,515.7178715563895,16,55.434159877104555,791.472929652002,2026-07-30 16:00:00,0xd917b029c761d264c6a312bbbcda868658ef86a6
9,19.86781297950098,286.05693229715297,10,29.621975697611575,445.38875193278517,3,6.573769646091451,97.07324077012842,20,74.69551145108741,1072.069991220077,2026-07-30 17:00:00,0xd917b029c761d264c6a312bbbcda868658ef86a6
18,70.26817937540358,1014.9059856649721,1,0.12823291544952337,1.9288938914891782,4,10.658676080906703,157.31773700848,11,26.225318657315608,379.204314697324,2026-07-30 18:00:00,0xd917b029c761d264c6a312bbbcda868658ef86a6
34,134.86343262747567,1966.7187691226184,6,13.06185878529235,194.993469544112,18,52.698088241352586,785.2968959844698,15,55.08139496824421,797.3626234199301,2026-07-30 19:00:00,0xd917b029c761d264c6a312bbbcda868658ef86a6
46,204.35543204411897,3022.9213425397866,16,57.23654981611337,860.2535372923364,46,150.45770783133545,2264.069732428484,8,35.13899070111413,515.7178715563895,2026-07-30 20:00:00,0xd917b029c761d264c6a312bbbcda868658ef86a6
1,0.003264145232547772,0.04769958131028336,34,98.90779608754313,1500.4836424593639,17,12.875853867006075,194.00027407014093,3,6.573769646091451,97.07324077012842,2026-07-30 21:00:00,0xd917b029c761d264c6a312bbbcda868658ef86a6
16,43.67200197810776,644.9872940551925,3,7.634395794900307,117.20351764396952,13,36.912263184523255,554.457404063258,4,10.658676080906703,157.31773700848,2026-07-30 22:00:00,0xd917b029c761d264c6a312bbbcda868658ef86a6
3,3.2773191479448114,49.00286851463973,0,,,0,,,18,52.698088241352586,785.2968959844698,2026-07-30 23:00:00,0xd917b029c761d264c6a312bbbcda868658ef86a6
1,0.13800602851986105,2.066388409584,6,34.76629180881994,532.149502677828,0,,,46,150.45770783133545,2264.069732428484,2026-07-31 00:00:00,0xd917b029c761d264c6a312bbbcda868658ef86a6
42,63.4120136827134,960.2136194445543,25,75.50920164976574,1131.710314914463,10,29.621975697611575,445.38875193278517,17,12.875853867006075,194.00027407014093,2026-07-31 01:00:00,0xd917b029c761d264c6a312bbbcda868658ef86a6
8,17.417447136875587,259.988665561693,99,407.6669795754877,6101.7247718254985,1,0.12823291544952337,1.9288938914891782,13,36.912263184523255,554.457404063258,2026-07-31 02:00:00,0xd917b029c761d264c6a312bbbcda868658ef86a6
0,,,30,76.5585081699388,1114.6825248421794,6,13.06185878529235,194.993469544112,0,,,2026-07-31 03:00:00,0xd917b029c761d264c6a312bbbcda868658ef86a6
1,0.011322306336372531,0.1669453335274515,21,59.86966183331573,865.9894716558271,16,57.23654981611337,860.2535372923364,0,,,2026-07-31 04:00:00,0xd917b029c761d264c6a312bbbcda868658ef86a6
5,10.272604191142726,154.81641750126403,28,101.1238117235486,1487.0707106151015,34,98.90779608754313,1500.4836424593639,10,29.621975697611575,445.38875193278517,2026-07-31 05:00:00,0xd917b029c761d264c6a312bbbcda868658ef86a6
0,,,28,113.44583922803665,1688.179483145247,3,7.634395794900307,117.20351764396952,1,0.12823291544952337,1.9288938914891782,2026-07-31 06:00:00,0xd917b029c761d264c6a312bbbcda868658ef86a6
7,19.29307531372188,288.2537990124761,1,4.359667632627787,65.00643188325,0,,,6,13.06185878529235,194.993469544112,2026-07-31 07:00:00,0xd917b029c761d264c6a312bbbcda868658ef86a6
3,29.646167140153153,447.5139364676347,5,11.826910229472059,176.175754454847,6,34.76629180881994,532.149502677828,16,57.23654981611337,860.2535372923364,2026-07-31 08:00:00,0xd917b029c761d264c6a312bbbcda868658ef86a6
31,118.76048074816006,1816.4164307599979,2,1.9086992082263792,28.4685827988601,25,75.50920164976574,1131.710314914463,34,98.90779608754313,1500.4836424593639,2026-07-31 09:00:00,0xd917b029c761d264c6a312bbbcda868658ef86a6
1,0.05356791093697726,0.8167355405260001,6,9.265440021074404,128.642256704689,99,407.6669795754877,6101.7247718254985,3,7.634395794900307,117.20351764396952,2026-07-31 10:00:00,0xd917b029c761d264c6a312bbbcda868658ef86a6
7,12.471151010179424,189.75305451872902,0,,,30,76.5585081699388,1114.6825248421794,0,,,2026-07-31 11:00:00,0xd917b029c761d264c6a312bbbcda868658ef86a6
14,47.74592228300287,720.450118142224,1,1.6897441840414347,25.1528448717,21,59.86966183331573,865.9894716558271,6,34.76629180881994,532.149502677828,2026-07-31 12:00:00,0xd917b029c761d264c6a312bbbcda868658ef86a6
28,71.14371107332734,1078.1141819179327,1,0.14377237923712052,2.1411347484219996,28,101.1238117235486,1487.0707106151015,25,75.50920164976574,1131.710314914463,2026-07-31 13:00:00,0xd917b029c761d264c6a312bbbcda868658ef86a6
160,702.5876756110889,10360.046114314799,6,0.25093419771887393,3.6911844296857863,28,113.44583922803665,1688.179483145247,99,407.6669795754877,6101.7247718254985,2026-07-31 14:00:00,0xd917b029c761d264c6a312bbbcda868658ef86a6
51,205.46480872717711,3003.2692898022638,2,2.3045311414628586,32.17930918759801,1,4.359667632627787,65.00643188325,30,76.5585081699388,1114.6825248421794,2026-07-31 15:00:00,0xd917b029c761d264c6a312bbbcda868658ef86a6
8,17.837641727654592,259.98232708573,2,0.1066107106810616,1.5781191720712306,5,11.826910229472059,176.175754454847,21,59.86966183331573,865.9894716558271,2026-07-31 16:00:00,0xd917b029c761d264c6a312bbbcda868658ef86a6
14,41.54551718358191,613.9549637017533,3,0.16270201113359928,2.4435163962460003,2,1.9086992082263792,28.4685827988601,28,101.1238117235486,1487.0707106151015,2026-07-31 17:00:00,0xd917b029c761d264c6a312bbbcda868658ef86a6
27,108.78155690068529,1626.045154955812,3,2.1877526250542942,30.926571853055997,6,9.265440021074404,128.642256704689,28,113.44583922803665,1688.179483145247,2026-07-31 18:00:00,0xd917b029c761d264c6a312bbbcda868658ef86a6
9,17.436853096261004,260.715481894321,1,0.021052687369553933,0.31058466664431267,0,,,1,4.359667632627787,65.00643188325,2026-07-31 19:00:00,0xd917b029c761d264c6a312bbbcda868658ef86a6
10,41.770695899145885,626.4332235259842,0,,,1,1.6897441840414347,25.1528448717,5,11.826910229472059,176.175754454847,2026-07-31 20:00:00,0xd917b029c761d264c6a312bbbcda868658ef86a6
0,,,1,0.012446145376166956,0.18662426467999998,1,0.14377237923712052,2.1411347484219996,2,1.9086992082263792,28.4685827988601,2026-07-31 21:00:00,0xd917b029c761d264c6a312bbbcda868658ef86a6
3,3.377950195617043,50.31041951131,1,0.003302493517490124,0.048724242055160405,6,0.25093419771887393,3.6911844296857863,6,9.265440021074404,128.642256704689,2026-07-31 22:00:00,0xd917b029c761d264c6a312bbbcda868658ef86a6
0,,,5,0.9702991616469148,14.588635995162868,2,2.3045311414628586,32.17930918759801,0,,,2026-07-31 23:00:00,0xd917b029c761d264c6a312bbbcda868658ef86a6
0,,,1,0.01786300618749466,0.268552408542,2,0.1066107106810616,1.5781191720712306,1,1.6897441840414347,25.1528448717,2026-08-01 00:00:00,0xd917b029c761d264c6a312bbbcda868658ef86a6
3,0.5424025284585113,8.03098757187284,4,1.04554896227101,15.719585312928,3,0.16270201113359928,2.4435163962460003,1,0.14377237923712052,2.1411347484219996,2026-08-01 01:00:00,0xd917b029c761d264c6a312bbbcda868658ef86a6
1,3.0046399224243268,45.18574475339928,0,,,3,2.1877526250542942,30.926571853055997,6,0.25093419771887393,3.6911844296857863,2026-08-01 02:00:00,0xd917b029c761d264c6a312bbbcda868658ef86a6
1,2.347162777789998,35.3038812688354,1,0.022560397674646553,0.339143290075,1,0.021052687369553933,0.31058466664431267,2,2.3045311414628586,32.17930918759801,2026-08-01 03:00:00,0xd917b029c761d264c6a312bbbcda868658ef86a6
4,12.989631490783772,165.68863350916797,1,0.033686894152449576,0.5006922394,0,,,2,0.1066107106810616,1.5781191720712306,2026-08-01 04:00:00,0xd917b029c761d264c6a312bbbcda868658ef86a6
1,0.020536419234346057,0.30847064094,1,0.028997407783500306,0.42834507521992454,1,0.012446145376166956,0.18662426467999998,3,0.16270201113359928,2.4435163962460003,2026-08-01 05:00:00,0xd917b029c761d264c6a312bbbcda868658ef86a6
4,0.2813789558928035,4.224003848094,5,2.4908290114427873,37.116258369568996,1,0.003302493517490124,0.048724242055160405,3,2.1877526250542942,30.926571853055997,2026-08-01 06:00:00,0xd917b029c761d264c6a312bbbcda868658ef86a6
2,0.21341088163857652,3.1400303309204634,12,91.76148556802747,1372.1586385469388,5,0.9702991616469148,14.588635995162868,1,0.021052687369553933,0.31058466664431267,2026-08-01 07:00:00,0xd917b029c761d264c6a312bbbcda868658ef86a6
3,2.7981060609234962,41.095608759612,0,,,1,0.01786300618749466,0.268552408542,0,,,2026-08-01 08:00:00,0xd917b029c761d264c6a312bbbcda868658ef86a6
3,4.623104530631366,68.56385789436,0,,,4,1.04554896227101,15.719585312928,1,0.012446145376166956,0.18662426467999998,2026-08-01 09:00:00,0xd917b029c761d264c6a312bbbcda868658ef86a6
4,11.27526628569043,169.159270397828,1,0.021195228598609672,0.315033222,0,,,1,0.003302493517490124,0.048724242055160405,2026-08-01 10:00:00,0xd917b029c761d264c6a312bbbcda868658ef86a6
6,5.987328305735206,89.89239583822757,0,,,1,0.022560397674646553,0.339143290075,5,0.9702991616469148,14.588635995162868,2026-08-01 11:00:00,0xd917b029c761d264c6a312bbbcda868658ef86a6
2,1.0145747445388957,15.253528997628,1,0.146974275,2.1852675470559997,1,0.033686894152449576,0.5006922394,1,0.01786300618749466,0.268552408542,2026-08-01 12:00:00,0xd917b029c761d264c6a312bbbcda868658ef86a6
1,0.019144212734007127,0.2877588422,0,,,1,0.028997407783500306,0.42834507521992454,4,1.04554896227101,15.719585312928,2026-08-01 13:00:00,0xd917b029c761d264c6a312bbbcda868658ef86a6
1,0.019016713406925796,0.285768702765,6,0.6266668010415873,9.226560494400001,5,2.4908290114427873,37.116258369568996,0,,,2026-08-01 14:00:00,0xd917b029c761d264c6a312bbbcda868658ef86a6
0,,,12,29.92095617302802,454.4679787606872,12,91.76148556802747,1372.1586385469388,1,0.022560397674646553,0.339143290075,2026-08-01 15:00:00,0xd917b029c761d264c6a312bbbcda868658ef86a6
1,0.12128373313269684,1.8091906110079998,1,1.3757868999661e-05,0.00020634998354489487,0,,,1,0.033686894152449576,0.5006922394,2026-08-01 16:00:00,0xd917b029c761d264c6a312bbbcda868658ef86a6
1,0.09270099985232431,1.3675606304880001,0,,,0,,,1,0.028997407783500306,0.42834507521992454,2026-08-01 17:00:00,0xd917b029c761d264c6a312bbbcda868658ef86a6
2,2.5042692101925645,37.32163792935,1,0.04328473462391448,0.64919711409,1,0.021195228598609672,0.315033222,5,2.4908290114427873,37.116258369568996,2026-08-01 18:00:00,0xd917b029c761d264c6a312bbbcda868658ef86a6
3,0.5018588532927207,7.463988039218,0,,,0,,,12,91.76148556802747,1372.1586385469388,2026-08-01 19:00:00,0xd917b029c761d264c6a312bbbcda868658ef86a6
2,0.10701547004869785,1.580016972926,0,,,1,0.146974275,2.1852675470559997,0,,,2026-08-01 20:00:00,0xd917b029c761d264c6a312bbbcda868658ef86a6
0,,,0,,,0,,,0,,,2026-08-01 21:00:00,0xd917b029c761d264c6a312bbbcda868658ef86a6
1,0.01648567954195611,0.24150803754999997,4,1.4325529384078428,21.140071275651,6,0.6266668010415873,9.226560494400001,1,0.021195228598609672,0.315033222,2026-08-01 22:00:00,0xd917b029c761d264c6a312bbbcda868658ef86a6
1,0.01030354971372257,0.1522444730898171,2,0.10706082291541806,1.6105063500180001,12,29.92095617302802,454.4679787606872,0,,,2026-08-01 23:00:00,0xd917b029c761d264c6a312bbbcda868658ef86a6
4,5.5829952711632185,83.62736840291547,0,,,1,1.3757868999661e-05,0.00020634998354489487,1,0.146974275,2.1852675470559997,2026-08-02 00:00:00,0xd917b029c761d264c6a312bbbcda868658ef86a6
1,0.03642792906922852,0.5400471544277686,4,0.41319554873113074,6.238314834580462,0,,,0,,,2026-08-02 01:00:00,0xd917b029c761d264c6a312bbbcda868658ef86a6
25,72.76227962225276,1096.885058064587,0,,,1,0.04328473462391448,0.64919711409,6,0.6266668010415873,9.226560494400001,2026-08-02 02:00:00,0xd917b029c761d264c6a312bbbcda868658ef86a6
0,,,3,12.918092260713797,196.4998654908484,0,,,12,29.92095617302802,454.4679787606872,2026-08-02 03:00:00,0xd917b029c761d264c6a312bbbcda868658ef86a6
0,,,3,13.996099834581722,213.20335618946802,0,,,1,1.3757868999661e-05,0.00020634998354489487,2026-08-02 04:00:00,0xd917b029c761d264c6a312bbbcda868658ef86a6
1,0.02528679173374674,0.38506558756799997,1614,13126.846570305574,199895.15647562713,0,,,0,,,2026-08-02 05:00:00,0xd917b029c761d264c6a312bbbcda868658ef86a6
2,0.31061921884159993,4.717869516176,128,681.9586887198923,10318.99644199838,4,1.4325529384078428,21.140071275651,1,0.04328473462391448,0.64919711409,2026-08-02 06:00:00,0xd917b029c761d264c6a312bbbcda868658ef86a6
1,0.10608081449545216,1.595901732204,24,143.7134014966287,2184.89029025042,2,0.10706082291541806,1.6105063500180001,0,,,2026-08-02 07:00:00,0xd917b029c761d264c6a312bbbcda868658ef86a6
6,8.037301425684882,122.42685411029701,14,8.785144833173513,133.55645540673817,0,,,0,,,2026-08-02 08:00:00,0xd917b029c761d264c6a312bbbcda868658ef86a6
1,0.01903852899211203,0.29029914200400003,19,77.74421419468813,1193.8807178396382,4,0.41319554873113074,6.238314834580462,0,,,2026-08-02 09:00:00,0xd917b029c761d264c6a312bbbcda868658ef86a6
1,20.968684611898418,320.109022056376,35,228.95739587914304,3774.649438000492,0,,,4,1.4325529384078428,21.140071275651,2026-08-02 10:00:00,0xd917b029c761d264c6a312bbbcda868658ef86a6
1,0.00131815186977238,0.019825579908,17,22.817764985167976,351.7898862659772,3,12.918092260713797,196.4998654908484,2,0.10706082291541806,1.6105063500180001,2026-08-02 11:00:00,0xd917b029c761d264c6a312bbbcda868658ef86a6
1,0.12671156199418487,1.921231873596,5,2.5668578918651628,39.41152562967299,3,13.996099834581722,213.20335618946802,0,,,2026-08-02 12:00:00,0xd917b029c761d264c6a312bbbcda868658ef86a6
3,5.797867651595952,88.10972211632993,6,25.863718607464957,395.04797730988105,1614,13126.846570305574,199895.15647562713,4,0.41319554873113074,6.238314834580462,2026-08-02 13:00:00,0xd917b029c761d264c6a312bbbcda868658ef86a6
6,94.36348100163147,1411.9064219188065,6,3.616927678968886,55.21326482475299,128,681.9586887198923,10318.99644199838,0,,,2026-08-02 14:00:00,0xd917b029c761d264c6a312bbbcda868658ef86a6
1,0.01439872626892036,0.21443861888080556,5,37.90891870576859,580.524956473804,24,143.7134014966287,2184.89029025042,3,12.918092260713797,196.4998654908484,2026-08-02 15:00:00,0xd917b029c761d264c6a312bbbcda868658ef86a6
1504,14304.70580279433,219265.58744147056,11,24.055483654432436,367.89012608235606,14,8.785144833173513,133.55645540673817,3,13.996099834581722,213.20335618946802,2026-08-02 16:00:00,0xd917b029c761d264c6a312bbbcda868658ef86a6
226,1570.3230945677694,24081.2650595683,7,25.518767019948353,382.9827999644647,19,77.74421419468813,1193.8807178396382,1614,13126.846570305574,199895.15647562713,2026-08-02 17:00:00,0xd917b029c761d264c6a312bbbcda868658ef86a6
76,438.2770058332562,6611.096682080976,2,0.9690808675346234,14.693195199975001,35,228.95739587914304,3774.649438000492,128,681.9586887198923,10318.99644199838,2026-08-02 18:00:00,0xd917b029c761d264c6a312bbbcda868658ef86a6
13,11.671114494420118,176.61425680844917,11,39.511474465782584,598.2431213348589,17,22.817764985167976,351.7898862659772,24,143.7134014966287,2184.89029025042,2026-08-02 19:00:00,0xd917b029c761d264c6a312bbbcda868658ef86a6
13,52.68236162782159,799.9334342839472,3,3.8993489666994354,59.05230229424508,5,2.5668578918651628,39.41152562967299,14,8.785144833173513,133.55645540673817,2026-08-02 20:00:00,0xd917b029c761d264c6a312bbbcda868658ef86a6
6,6.457645156413415,98.72383384977562,6,17.519541432385562,263.61886803428,6,25.863718607464957,395.04797730988105,19,77.74421419468813,1193.8807178396382,2026-08-02 21:00:00,0xd917b029c761d264c6a312bbbcda868658ef86a6
30,114.19167607144465,1750.3890747415428,6,21.99244179583139,332.72589696055854,6,3.616927678968886,55.21326482475299,35,228.95739587914304,3774.649438000492,2026-08-02 22:00:00,0xd917b029c761d264c6a312bbbcda868658ef86a6
5,9.480624879071893,146.01321083171487,7,6.161081639433494,92.210451216637,5,37.90891870576859,580.524956473804,17,22.817764985167976,351.7898862659772,2026-08-02 23:00:00,0xd917b029c761d264c6a312bbbcda868658ef86a6
26,132.89328641141813,2013.9371709188867,8,18.1151887859553,270.36934212855414,11,24.055483654432436,367.89012608235606,5,2.5668578918651628,39.41152562967299,2026-08-03 00:00:00,0xd917b029c761d264c6a312bbbcda868658ef86a6
7,27.715011375148567,423.3705238665342,12,6.040107269192711,89.87739096559561,7,25.518767019948353,382.9827999644647,6,25.863718607464957,395.04797730988105,2026-08-03 01:00:00,0xd917b029c761d264c6a312bbbcda868658ef86a6
10,18.465508610290172,279.8804991009966,254,978.6106203055749,14380.023439302331,2,0.9690808675346234,14.693195199975001,6,3.616927678968886,55.21326482475299,2026-08-03 02:00:00,0xd917b029c761d264c6a312bbbcda868658ef86a6
9,10.412871767685015,158.64202541224034,110,339.40536637546444,5301.554630784041,11,39.511474465782584,598.2431213348589,5,37.90891870576859,580.524956473804,2026-08-03 03:00:00,0xd917b029c761d264c6a312bbbcda868658ef86a6
4,13.064255822316824,198.51206171424298,90,641.3173713356741,10054.762052185559,3,3.8993489666994354,59.05230229424508,11,24.055483654432436,367.89012608235606,2026-08-03 04:00:00,0xd917b029c761d264c6a312bbbcda868658ef86a6
4,5.489033159600898,83.5597738047615,29,88.65156957464819,1404.6543726153814,6,17.519541432385562,263.61886803428,7,25.518767019948353,382.9827999644647,2026-08-03 05:00:00,0xd917b029c761d264c6a312bbbcda868658ef86a6
0,,,41,93.1542531690704,1487.8502810271325,6,21.99244179583139,332.72589696055854,2,0.9690808675346234,14.693195199975001,2026-08-03 06:00:00,0xd917b029c761d264c6a312bbbcda868658ef86a6
10,34.47586169557139,524.5036845777016,14,16.26006813482786,257.565587431496,7,6.161081639433494,92.210451216637,11,39.511474465782584,598.2431213348589,2026-08-03 07:00:00,0xd917b029c761d264c6a312bbbcda868658ef86a6
30,144.94540978473745,2205.3317830804594,14,41.83521612200918,664.1329509265039,8,18.1151887859553,270.36934212855414,3,3.8993489666994354,59.05230229424508,2026-08-03 08:00:00,0xd917b029c761d264c6a312bbbcda868658ef86a6
4,9.208650367696276,139.71671057556583,15,73.61874966943523,1184.6409135028919,12,6.040107269192711,89.87739096559561,6,17.519541432385562,263.61886803428,2026-08-03 09:00:00,0xd917b029c761d264c6a312bbbcda868658ef86a6
50,172.65652773000818,2596.936539263792,15,43.37615153843301,693.7345436514271,254,978.6106203055749,14380.023439302331,6,21.99244179583139,332.72589696055854,2026-08-03 10:00:00,0xd917b029c761d264c6a312bbbcda868658ef86a6
3,0.8594350338535951,12.862018824947,11,45.062216908933166,725.6713997866266,110,339.40536637546444,5301.554630784041,7,6.161081639433494,92.210451216637,2026-08-03 11:00:00,0xd917b029c761d264c6a312bbbcda868658ef86a6
11,17.183767754666693,256.5056409832893,9,5.679553574659424,91.6440268808945,90,641.3173713356741,10054.762052185559,8,18.1151887859553,270.36934212855414,2026-08-03 12:00:00,0xd917b029c761d264c6a312bbbcda868658ef86a6
80,371.39177516980845,5476.7363813249885,13,21.385316002770505,341.504531457535,29,88.65156957464819,1404.6543726153814,12,6.040107269192711,89.87739096559561,2026-08-03 13:00:00,0xd917b029c761d264c6a312bbbcda868658ef86a6
93,385.9921867230471,5879.814917394398,35,50.9213489155763,818.8312247480446,41,93.1542531690704,1487.8502810271325,254,978.6106203055749,14380.023439302331,2026-08-03 14:00:00,0xd917b029c761d264c6a312bbbcda868658ef86a6
39,64.5729445732455,1006.3464071180739,9,20.860663067010528,335.015915313813,14,16.26006813482786,257.565587431496,110,339.40536637546444,5301.554630784041,2026-08-03 15:00:00,0xd917b029c761d264c6a312bbbcda868658ef86a6
79,278.0972413270555,4389.797372927982,3,0.15441731621473337,2.480007882505558,14,41.83521612200918,664.1329509265039,90,641.3173713356741,10054.762052185559,2026-08-03 16:00:00,0xd917b029c761d264c6a312bbbcda868658ef86a6
11,30.188331562646773,475.2744278768801,5,0.09920748624996226,1.590993425355696,15,73.61874966943523,1184.6409135028919,29,88.65156957464819,1404.6543726153814,2026-08-03 17:00:00,0xd917b029c761d264c6a312bbbcda868658ef86a6
4,9.458444773940188,151.13428937698703,5,19.641209214745917,317.257614917866,15,43.37615153843301,693.7345436514271,41,93.1542531690704,1487.8502810271325,2026-08-03 18:00:00,0xd917b029c761d264c6a312bbbcda868658ef86a6
5,12.260150526385658,193.02619467719163,2,0.09149846224379386,1.4729545377375026,11,45.062216908933166,725.6713997866266,14,16.26006813482786,257.565587431496,2026-08-03 19:00:00,0xd917b029c761d264c6a312bbbcda868658ef86a6
7,11.614798586920966,184.8124162090773,12,16.601280733976225,268.9454619166095,9,5.679553574659424,91.6440268808945,14,41.83521612200918,664.1329509265039,2026-08-03 20:00:00,0xd917b029c761d264c6a312bbbcda868658ef86a6
9,7.162441406652013,113.18156079688252,7,3.2690223229314532,53.23661701598526,13,21.385316002770505,341.504531457535,15,73.61874966943523,1184.6409135028919,2026-08-03 21:00:00,0xd917b029c761d264c6a312bbbcda868658ef86a6
50,215.5234079472492,3467.1672247700094,4,0.44179137445652317,7.149513388832608,35,50.9213489155763,818.8312247480446,15,43.37615153843301,693.7345436514271,2026-08-03 22:00:00,0xd917b029c761d264c6a312bbbcda868658ef86a6
5,1.2283110530455,19.754137251533997,34,58.73570550935474,958.547013872238,9,20.860663067010528,335.015915313813,11,45.062216908933166,725.6713997866266,2026-08-03 23:00:00,0xd917b029c761d264c6a312bbbcda868658ef86a6
14,39.31775544133277,630.7186940082731,4,1.054067780053122,17.322830223611998,3,0.15441731621473337,2.480007882505558,9,5.679553574659424,91.6440268808945,2026-08-04 00:00:00,0xd917b029c761d264c6a312bbbcda868658ef86a6
9,3.3817485076365026,53.82131533187012,2,0.5573635653229977,9.168424236726768,5,0.09920748624996226,1.590993425355696,13,21.385316002770505,341.504531457535,2026-08-04 01:00:00,0xd917b029c761d264c6a312bbbcda868658ef86a6
13,23.265023796623986,376.05921534726895,119,231.54656528311432,3825.6477941475187,5,19.641209214745917,317.257614917866,35,50.9213489155763,818.8312247480446,2026-08-04 02:00:00,0xd917b029c761d264c6a312bbbcda868658ef86a6
2,4.625840835564572,73.70940556035563,38,73.72287330643111,1220.9470475031999,2,0.09149846224379386,1.4729545377375026,9,20.860663067010528,335.015915313813,2026-08-04 03:00:00,0xd917b029c761d264c6a312bbbcda868658ef86a6
2,0.41573147868361165,6.6688374975169555,29,20.905139975481468,352.66516037424,12,16.601280733976225,268.9454619166095,3,0.15441731621473337,2.480007882505558,2026-08-04 04:00:00,0xd917b029c761d264c6a312bbbcda868658ef86a6
4,9.236557430221088,148.457067847408,14,24.369820444729438,421.6720222263016,7,3.2690223229314532,53.23661701598526,5,0.09920748624996226,1.590993425355696,2026-08-04 05:00:00,0xd917b029c761d264c6a312bbbcda868658ef86a6
3,0.03581189368140977,0.578302636105,9,7.0489036549379644,122.62936916473967,4,0.44179137445652317,7.149513388832608,5,19.641209214745917,317.257614917866,2026-08-04 06:00:00,0xd917b029c761d264c6a312bbbcda868658ef86a6
12,15.623454475779464,252.25880035909347,4,7.085679050873604,123.13216969317001,34,58.73570550935474,958.547013872238,2,0.09149846224379386,1.4729545377375026,2026-08-04 07:00:00,0xd917b029c761d264c6a312bbbcda868658ef86a6
21,35.68732789995297,580.9141235633447,12,45.519011101957,786.5495289803758,4,1.054067780053122,17.322830223611998,12,16.601280733976225,268.9454619166095,2026-08-04 08:00:00,0xd917b029c761d264c6a312bbbcda868658ef86a6
7,4.620254903815255,74.65647328232215,17,31.348563056848157,535.3071686526644,2,0.5573635653229977,9.168424236726768,7,3.2690223229314532,53.23661701598526,2026-08-04 09:00:00,0xd917b029c761d264c6a312bbbcda868658ef86a6
6,0.7380140700442821,11.9476070145414,14,0.5048559005312157,8.634782999507449,119,231.54656528311432,3825.6477941475187,4,0.44179137445652317,7.149513388832608,2026-08-04 10:00:00,0xd917b029c761d264c6a312bbbcda868658ef86a6
44,92.33707671123413,1523.5648958704198,22,31.666712293965446,547.072296715537,38,73.72287330643111,1220.9470475031999,34,58.73570550935474,958.547013872238,2026-08-04 11:00:00,0xd917b029c761d264c6a312bbbcda868658ef86a6
5,8.776169584749955,145.05896871745801,10,20.046737875011896,347.0710651413379,29,20.905139975481468,352.66516037424,4,1.054067780053122,17.322830223611998,2026-08-04 12:00:00,0xd917b029c761d264c6a312bbbcda868658ef86a6
3,4.522391007130757,74.28098142342296,10,25.00344057979177,435.4605777612956,14,24.369820444729438,421.6720222263016,2,0.5573635653229977,9.168424236726768,2026-08-04 13:00:00,0xd917b029c761d264c6a312bbbcda868658ef86a6
62,130.95014617758062,2157.0991376990128,7,6.610945297991923,114.77380427956638,9,7.0489036549379644,122.62936916473967,119,231.54656528311432,3825.6477941475187,2026-08-04 14:00:00,0xd917b029c761d264c6a312bbbcda868658ef86a6
38,81.00534559174243,1360.821101842595,4,0.7743062195663908,13.458261263737754,4,7.085679050873604,123.13216969317001,38,73.72287330643111,1220.9470475031999,2026-08-04 15:00:00,0xd917b029c761d264c6a312bbbcda868658ef86a6
93,207.6380534625463,3551.5407675299693,12,19.27151903272252,338.8246806078547,12,45.519011101957,786.5495289803758,29,20.905139975481468,352.66516037424,2026-08-04 16:00:00,0xd917b029c761d264c6a312bbbcda868658ef86a6
9,22.00445215680282,382.68517655323143,16,53.2108015721546,941.8030990333323,17,31.348563056848157,535.3071686526644,14,24.369820444729438,421.6720222263016,2026-08-04 17:00:00,0xd917b029c761d264c6a312bbbcda868658ef86a6
6,23.780399475410746,414.7767767941428,0,,,14,0.5048559005312157,8.634782999507449,9,7.0489036549379644,122.62936916473967,2026-08-04 18:00:00,0xd917b029c761d264c6a312bbbcda868658ef86a6
27,69.7053219510137,1219.2224800783954,1,0.44417,7.83399631872,22,31.666712293965446,547.072296715537,4,7.085679050873604,123.13216969317001,2026-08-04 19:00:00,0xd917b029c761d264c6a312bbbcda868658ef86a6
18,93.11640659999247,1600.9420707331774,3,6.76399945547222,118.72008435969,10,20.046737875011896,347.0710651413379,12,45.519011101957,786.5495289803758,2026-08-04 20:00:00,0xd917b029c761d264c6a312bbbcda868658ef86a6
9,7.53134486826371,129.26976730999715,4,20.45181164148861,357.639180489245,10,25.00344057979177,435.4605777612956,17,31.348563056848157,535.3071686526644,2026-08-04 21:00:00,0xd917b029c761d264c6a312bbbcda868658ef86a6
5,2.5954051746723055,44.6153328626722,4,3.956159960610293,69.72743049202786,7,6.610945297991923,114.77380427956638,14,0.5048559005312157,8.634782999507449,2026-08-04 22:00:00,0xd917b029c761d264c6a312bbbcda868658ef86a6
15,25.69292047928437,444.042973494255,3,0.2296199959144884,4.029381619438,4,0.7743062195663908,13.458261263737754,22,31.666712293965446,547.072296715537,2026-08-04 23:00:00,0xd917b029c761d264c6a312bbbcda868658ef86a6
1,0.5238448222848308,33.664431657996,0,,,2,0.805037631496939,50.763189002299995,0,,,2026-07-29 00:00:00,0xdf0992e440dd0be65bd8439b609d6d4366bf1cb5
1,0.001554236702457731,0.10001890000000001,0,,,2,0.5433872903019544,34.399552435085,0,,,2026-07-29 01:00:00,0xdf0992e440dd0be65bd8439b609d6d4366bf1cb5
1,0.3788419813444211,24.08300413596,11,26.71330305624901,1715.578094614941,1,0.060322595419944586,3.814370958528,3,2.3053392369866437,146.374679097714,2026-07-29 02:00:00,0xdf0992e440dd0be65bd8439b609d6d4366bf1cb5
0,,,1,1.1409166386804965,71.44207307390401,3,1.0109649470269413,64.694584116326,0,,,2026-07-29 03:00:00,0xdf0992e440dd0be65bd8439b609d6d4366bf1cb5
1,0.4265721622404971,26.812884598064,1,1.2902650455901976,80.54107970095201,0,,,2,0.805037631496939,50.763189002299995,2026-07-29 04:00:00,0xdf0992e440dd0be65bd8439b609d6d4366bf1cb5
2,0.7555918822291313,48.007468899128,1,1.92048677963543,120.21766395447199,0,,,2,0.5433872903019544,34.399552435085,2026-07-29 05:00:00,0xdf0992e440dd0be65bd8439b609d6d4366bf1cb5
1,0.44525925025922364,28.376004617324003,0,,,1,0.4257193542185737,27.552066419503,1,0.060322595419944586,3.814370958528,2026-07-29 06:00:00,0xdf0992e440dd0be65bd8439b609d6d4366bf1cb5
1,0.3806036694166615,24.460593378646003,12,17.736715926158976,1123.799589524212,1,0.3978295685353199,25.568346107824,3,1.0109649470269413,64.694584116326,2026-07-29 07:00:00,0xdf0992e440dd0be65bd8439b609d6d4366bf1cb5
1,0.48699226772896015,31.364553351330002,15,23.347705596481557,1433.7341731096121,0,,,0,,,2026-07-29 08:00:00,0xdf0992e440dd0be65bd8439b609d6d4366bf1cb5
1,0.41478397368599335,26.786304949852,0,,,0,,,0,,,2026-07-29 09:00:00,0xdf0992e440dd0be65bd8439b609d6d4366bf1cb5
0,,,2,1.6518004625041296,100.347659153404,11,26.71330305624901,1715.578094614941,1,0.4257193542185737,27.552066419503,2026-07-29 10:00:00,0xdf0992e440dd0be65bd8439b609d6d4366bf1cb5
0,,,1,1.1886623423211349,73.07846740142,1,1.1409166386804965,71.44207307390401,1,0.3978295685353199,25.568346107824,2026-07-29 11:00:00,0xdf0992e440dd0be65bd8439b609d6d4366bf1cb5
2,1.038446843085432,66.525864396985,1,1.3580461423628531,83.89598954329,1,1.2902650455901976,80.54107970095201,0,,,2026-07-29 12:00:00,0xdf0992e440dd0be65bd8439b609d6d4366bf1cb5
2,3.3374193705633215,212.19355845684998,3,4.044159226986186,248.892047013181,1,1.92048677963543,120.21766395447199,0,,,2026-07-29 13:00:00,0xdf0992e440dd0be65bd8439b609d6d4366bf1cb5
14,19.649359942429417,1245.5914097107916,5,5.404989781545109,335.816462613199,0,,,11,26.71330305624901,1715.578094614941,2026-07-29 14:00:00,0xdf0992e440dd0be65bd8439b609d6d4366bf1cb5
1,1.660219819469801,103.770017726778,0,,,12,17.736715926158976,1123.799589524212,1,1.1409166386804965,71.44207307390401,2026-07-29 15:00:00,0xdf0992e440dd0be65bd8439b609d6d4366bf1cb5
5,6.632444137154046,412.86748172964,1,0.9749756256093598,60.11248908180001,15,23.347705596481557,1433.7341731096121,1,1.2902650455901976,80.54107970095201,2026-07-29 16:00:00,0xdf0992e440dd0be65bd8439b609d6d4366bf1cb5
0,,,2,2.386842269593207,146.769577937826,0,,,1,1.92048677963543,120.21766395447199,2026-07-29 17:00:00,0xdf0992e440dd0be65bd8439b609d6d4366bf1cb5
10,15.88233414041181,1000.1890437363478,0,,,2,1.6518004625041296,100.347659153404,0,,,2026-07-29 18:00:00,0xdf0992e440dd0be65bd8439b609d6d4366bf1cb5
12,20.315805441079007,1275.9053727050368,0,,,1,1.1886623423211349,73.07846740142,12,17.736715926158976,1123.799589524212,2026-07-29 19:00:00,0xdf0992e440dd0be65bd8439b609d6d4366bf1cb5
7,10.33566233003554,636.390905139882,0,,,1,1.3580461423628531,83.89598954329,15,23.347705596481557,1433.7341731096121,2026-07-29 20:00:00,0xdf0992e440dd0be65bd8439b609d6d4366bf1cb5
6,7.968654965624328,486.07274738647504,1,1.0927050340004343,67.737689009406,3,4.044159226986186,248.892047013181,0,,,2026-07-29 21:00:00,0xdf0992e440dd0be65bd8439b609d6d4366bf1cb5
4,5.667850225588699,347.421437447244,1,1.3556160867286042,84.27850620727999,5,5.404989781545109,335.816462613199,2,1.6518004625041296,100.347659153404,2026-07-29 22:00:00,0xdf0992e440dd0be65bd8439b609d6d4366bf1cb5
2,2.869682037966987,176.781425954516,3,1.3748410971320948,85.568162469345,0,,,1,1.1886623423211349,73.07846740142,2026-07-29 23:00:00,0xdf0992e440dd0be65bd8439b609d6d4366bf1cb5
3,4.7212814448924325,292.428849433672,0,,,1,0.9749756256093598,60.11248908180001,1,1.3580461423628531,83.89598954329,2026-07-30 00:00:00,0xdf0992e440dd0be65bd8439b609d6d4366bf1cb5
1,1.179649616847594,73.033049170114,0,,,2,2.386842269593207,146.769577937826,3,4.044159226986186,248.892047013181,2026-07-30 01:00:00,0xdf0992e440dd0be65bd8439b609d6d4366bf1cb5
0,,,16,27.48014105422844,1704.581483586251,0,,,5,5.404989781545109,335.816462613199,2026-07-30 02:00:00,0xdf0992e440dd0be65bd8439b609d6d4366bf1cb5
3,3.536691536229329,218.33693669485302,6,7.135405025284011,443.07144234028,0,,,0,,,2026-07-30 03:00:00,0xdf0992e440dd0be65bd8439b609d6d4366bf1cb5
0,,,3,4.03482522675482,251.34370498255902,0,,,1,0.9749756256093598,60.11248908180001,2026-07-30 04:00:00,0xdf0992e440dd0be65bd8439b609d6d4366bf1cb5
1,1.209843959710856,74.25043890174001,6,6.802687830270385,428.701623661762,1,1.0927050340004343,67.737689009406,2,2.386842269593207,146.769577937826,2026-07-30 05:00:00,0xdf0992e440dd0be65bd8439b609d6d4366bf1cb5
1,6.4355159997853e-05,0.00037221051684190726,3,3.8229147616703703,243.08115174504798,1,1.3556160867286042,84.27850620727999,0,,,2026-07-30 06:00:00,0xdf0992e440dd0be65bd8439b609d6d4366bf1cb5
0,,,0,,,3,1.3748410971320948,85.568162469345,0,,,2026-07-30 07:00:00,0xdf0992e440dd0be65bd8439b609d6d4366bf1cb5
2,3.191025361998514,197.45796279683,5,3.9381725031234347,253.23047459800298,0,,,0,,,2026-07-30 08:00:00,0xdf0992e440dd0be65bd8439b609d6d4366bf1cb5
1,1.2307882935322565,76.386794332288,0,,,0,,,1,1.0927050340004343,67.737689009406,2026-07-30 09:00:00,0xdf0992e440dd0be65bd8439b609d6d4366bf1cb5
0,,,0,,,16,27.48014105422844,1704.581483586251,1,1.3556160867286042,84.27850620727999,2026-07-30 10:00:00,0xdf0992e440dd0be65bd8439b609d6d4366bf1cb5
3,3.0443452987775674,189.960064275,3,4.1059815574099385,261.99944895969,6,7.135405025284011,443.07144234028,3,1.3748410971320948,85.568162469345,2026-07-30 11:00:00,0xdf0992e440dd0be65bd8439b609d6d4366bf1cb5
1,1.1335227752968213,70.890649698188,0,,,3,4.03482522675482,251.34370498255902,0,,,2026-07-30 12:00:00,0xdf0992e440dd0be65bd8439b609d6d4366bf1cb5
6,9.818734178188489,609.9169945264559,0,,,6,6.802687830270385,428.701623661762,0,,,2026-07-30 13:00:00,0xdf0992e440dd0be65bd8439b609d6d4366bf1cb5
11,16.944639715090197,1050.9682895641579,4,2.629751229774779,167.445935703311,3,3.8229147616703703,243.08115174504798,16,27.48014105422844,1704.581483586251,2026-07-30 14:00:00,0xdf0992e440dd0be65bd8439b609d6d4366bf1cb5
2,0.3350218069442573,20.681156912314,0,,,0,,,6,7.135405025284011,443.07144234028,2026-07-30 15:00:00,0xdf0992e440dd0be65bd8439b609d6d4366bf1cb5
4,4.6680223374234,292.46312210194,0,,,5,3.9381725031234347,253.23047459800298,3,4.03482522675482,251.34370498255902,2026-07-30 16:00:00,0xdf0992e440dd0be65bd8439b609d6d4366bf1cb5
1,1.0225829078981392,64.797585928036,0,,,0,,,6,6.802687830270385,428.701623661762,2026-07-30 17:00:00,0xdf0992e440dd0be65bd8439b609d6d4366bf1cb5
1,1.4931492051101793,94.394731193007,0,,,0,,,3,3.8229147616703703,243.08115174504798,2026-07-30 18:00:00,0xdf0992e440dd0be65bd8439b609d6d4366bf1cb5
6,5.791285214299984,369.85143971972104,0,,,3,4.1059815574099385,261.99944895969,0,,,2026-07-30 19:00:00,0xdf0992e440dd0be65bd8439b609d6d4366bf1cb5
9,12.73982482823444,808.106724892376,1,0.739239528026495,46.75364838576,0,,,5,3.9381725031234347,253.23047459800298,2026-07-30 20:00:00,0xdf0992e440dd0be65bd8439b609d6d4366bf1cb5
7,4.212028181361226,267.56546777798195,0,,,0,,,0,,,2026-07-30 21:00:00,0xdf0992e440dd0be65bd8439b609d6d4366bf1cb5
1,0.00342830238810691,0.21687750613,0,,,4,2.629751229774779,167.445935703311,0,,,2026-07-30 22:00:00,0xdf0992e440dd0be65bd8439b609d6d4366bf1cb5
0,,,0,,,0,,,3,4.1059815574099385,261.99944895969,2026-07-30 23:00:00,0xdf0992e440dd0be65bd8439b609d6d4366bf1cb5
0,,,1,0.7486770172544465,47.374806782309996,0,,,0,,,2026-07-31 00:00:00,0xdf0992e440dd0be65bd8439b609d6d4366bf1cb5
3,2.847660232693152,182.71597017568496,0,,,0,,,0,,,2026-07-31 01:00:00,0xdf0992e440dd0be65bd8439b609d6d4366bf1cb5
2,1.5546791770859967,98.439700881394,32,27.659100392874493,1717.9982908220743,0,,,4,2.629751229774779,167.445935703311,2026-07-31 02:00:00,0xdf0992e440dd0be65bd8439b609d6d4366bf1cb5
0,,,4,2.7522127073866325,164.62261685726787,0,,,0,,,2026-07-31 03:00:00,0xdf0992e440dd0be65bd8439b609d6d4366bf1cb5
0,,,13,13.84088313751454,819.6169435227778,1,0.739239528026495,46.75364838576,0,,,2026-07-31 04:00:00,0xdf0992e440dd0be65bd8439b609d6d4366bf1cb5
1,0.7622273359048013,48.580948583591,13,10.78627109344521,653.361508511497,0,,,0,,,2026-07-31 05:00:00,0xdf0992e440dd0be65bd8439b609d6d4366bf1cb5
1,0.7196541519921894,45.966343796139995,2,1.2116640703207708,74.88240438421799,0,,,0,,,2026-07-31 06:00:00,0xdf0992e440dd0be65bd8439b609d6d4366bf1cb5
1,1.0168963053865268,64.44174716187001,2,1.9647815846828698,122.311602198852,0,,,0,,,2026-07-31 07:00:00,0xdf0992e440dd0be65bd8439b609d6d4366bf1cb5
0,,,5,4.195881138962482,262.68743855543596,1,0.7486770172544465,47.374806782309996,1,0.739239528026495,46.75364838576,2026-07-31 08:00:00,0xdf0992e440dd0be65bd8439b609d6d4366bf1cb5
1,0.0333212194601061,2.1206703251139998,2,1.7319115223079073,107.312151754383,0,,,0,,,2026-07-31 09:00:00,0xdf0992e440dd0be65bd8439b609d6d4366bf1cb5
2,1.9144573783805536,120.71540551738,2,1.2745220659425285,78.618418917067,32,27.659100392874493,1717.9982908220743,0,,,2026-07-31 10:00:00,0xdf0992e440dd0be65bd8439b609d6d4366bf1cb5
1,0.82556402299616,51.883231987920006,0,,,4,2.7522127073866325,164.62261685726787,0,,,2026-07-31 11:00:00,0xdf0992e440dd0be65bd8439b609d6d4366bf1cb5
14,11.31310411873553,718.2578414256931,0,,,13,13.84088313751454,819.6169435227778,1,0.7486770172544465,47.374806782309996,2026-07-31 12:00:00,0xdf0992e440dd0be65bd8439b609d6d4366bf1cb5
2,1.8275803467563971,114.846669756726,0,,,13,10.78627109344521,653.361508511497,0,,,2026-07-31 13:00:00,0xdf0992e440dd0be65bd8439b609d6d4366bf1cb5
22,17.120710661031705,1031.098346433092,0,,,2,1.2116640703207708,74.88240438421799,32,27.659100392874493,1717.9982908220743,2026-07-31 14:00:00,0xdf0992e440dd0be65bd8439b609d6d4366bf1cb5
10,6.901599926389479,410.16989081246095,0,,,2,1.9647815846828698,122.311602198852,4,2.7522127073866325,164.62261685726787,2026-07-31 15:00:00,0xdf0992e440dd0be65bd8439b609d6d4366bf1cb5
4,3.568484809019051,213.92537093003,0,,,5,4.195881138962482,262.68743855543596,13,13.84088313751454,819.6169435227778,2026-07-31 16:00:00,0xdf0992e440dd0be65bd8439b609d6d4366bf1cb5
11,8.327640386924271,511.060294960816,0,,,2,1.7319115223079073,107.312151754383,13,10.78627109344521,653.361508511497,2026-07-31 17:00:00,0xdf0992e440dd0be65bd8439b609d6d4366bf1cb5
3,1.8831155244025881,116.702194877767,0,,,2,1.2745220659425285,78.618418917067,2,1.2116640703207708,74.88240438421799,2026-07-31 18:00:00,0xdf0992e440dd0be65bd8439b609d6d4366bf1cb5
2,1.0067477479551659,62.875500447819,0,,,0,,,2,1.9647815846828698,122.311602198852,2026-07-31 19:00:00,0xdf0992e440dd0be65bd8439b609d6d4366bf1cb5
2,1.8611777251108856,115.719941009088,0,,,0,,,5,4.195881138962482,262.68743855543596,2026-07-31 20:00:00,0xdf0992e440dd0be65bd8439b609d6d4366bf1cb5
1,0.19237033139626206,11.89028621938,0,,,0,,,2,1.7319115223079073,107.312151754383,2026-07-31 21:00:00,0xdf0992e440dd0be65bd8439b609d6d4366bf1cb5
1,0.6096474198293237,37.522773868289995,0,,,0,,,2,1.2745220659425285,78.618418917067,2026-07-31 22:00:00,0xdf0992e440dd0be65bd8439b609d6d4366bf1cb5
1,1.5420986517225876,94.654040161356,0,,,0,,,0,,,2026-07-31 23:00:00,0xdf0992e440dd0be65bd8439b609d6d4366bf1cb5
0,,,0,,,0,,,0,,,2026-08-01 00:00:00,0xdf0992e440dd0be65bd8439b609d6d4366bf1cb5
0,,,0,,,0,,,0,,,2026-08-01 01:00:00,0xdf0992e440dd0be65bd8439b609d6d4366bf1cb5
0,,,0,,,0,,,0,,,2026-08-01 02:00:00,0xdf0992e440dd0be65bd8439b609d6d4366bf1cb5
0,,,0,,,0,,,0,,,2026-08-01 03:00:00,0xdf0992e440dd0be65bd8439b609d6d4366bf1cb5
0,,,0,,,0,,,0,,,2026-08-01 04:00:00,0xdf0992e440dd0be65bd8439b609d6d4366bf1cb5
2,1.653556669411759,102.401248012659,1,0.48315641774172263,29.653125804276005,0,,,0,,,2026-08-01 05:00:00,0xdf0992e440dd0be65bd8439b609d6d4366bf1cb5
0,,,3,0.8714599141194213,53.350175733525,0,,,0,,,2026-08-01 06:00:00,0xdf0992e440dd0be65bd8439b609d6d4366bf1cb5
0,,,5,2.56671691330662,154.006970176472,0,,,0,,,2026-08-01 07:00:00,0xdf0992e440dd0be65bd8439b609d6d4366bf1cb5
0,,,1,0.4549544691964256,27.505197243458998,0,,,0,,,2026-08-01 08:00:00,0xdf0992e440dd0be65bd8439b609d6d4366bf1cb5
0,,,0,,,0,,,0,,,2026-08-01 09:00:00,0xdf0992e440dd0be65bd8439b609d6d4366bf1cb5
0,,,1,0.6430929588839409,38.9682934905,0,,,0,,,2026-08-01 10:00:00,0xdf0992e440dd0be65bd8439b609d6d4366bf1cb5
1,1.5711046006171838,96.5504745474,3,1.5007898092810452,91.16416702154,0,,,0,,,2026-08-01 11:00:00,0xdf0992e440dd0be65bd8439b609d6d4366bf1cb5
0,,,1,0.16621917562119803,10.038460159827999,0,,,0,,,2026-08-01 12:00:00,0xdf0992e440dd0be65bd8439b609d6d4366bf1cb5
0,,,0,,,1,0.48315641774172263,29.653125804276005,0,,,2026-08-01 13:00:00,0xdf0992e440dd0be65bd8439b609d6d4366bf1cb5
0,,,1,0.020270997943588304,1.235158859092,3,0.8714599141194213,53.350175733525,0,,,2026-08-01 14:00:00,0xdf0992e440dd0be65bd8439b609d6d4366bf1cb5
0,,,3,1.781817613922843,109.246834034813,5,2.56671691330662,154.006970176472,0,,,2026-08-01 15:00:00,0xdf0992e440dd0be65bd8439b609d6d4366bf1cb5
1,0.023542774663467412,1.4455186435199998,0,,,1,0.4549544691964256,27.505197243458998,0,,,2026-08-01 16:00:00,0xdf0992e440dd0be65bd8439b609d6d4366bf1cb5
1,1.539436118818345,94.24237434157001,0,,,0,,,1,0.48315641774172263,29.653125804276005,2026-08-01 17:00:00,0xdf0992e440dd0be65bd8439b609d6d4366bf1cb5
27,21.271630076987943,1280.904430039022,0,,,1,0.6430929588839409,38.9682934905,3,0.8714599141194213,53.350175733525,2026-08-01 18:00:00,0xdf0992e440dd0be65bd8439b609d6d4366bf1cb5
7,6.01678618830808,363.029640009624,0,,,3,1.5007898092810452,91.16416702154,5,2.56671691330662,154.006970176472,2026-08-01 19:00:00,0xdf0992e440dd0be65bd8439b609d6d4366bf1cb5
0,,,0,,,1,0.16621917562119803,10.038460159827999,1,0.4549544691964256,27.505197243458998,2026-08-01 20:00:00,0xdf0992e440dd0be65bd8439b609d6d4366bf1cb5
0,,,0,,,0,,,0,,,2026-08-01 21:00:00,0xdf0992e440dd0be65bd8439b609d6d4366bf1cb5
1,0.16621917562119803,10.096059869361,0,,,1,0.020270997943588304,1.235158859092,1,0.6430929588839409,38.9682934905,2026-08-01 22:00:00,0xdf0992e440dd0be65bd8439b609d6d4366bf1cb5
0,,,0,,,3,1.781817613922843,109.246834034813,3,1.5007898092810452,91.16416702154,2026-08-01 23:00:00,0xdf0992e440dd0be65bd8439b609d6d4366bf1cb5
3,1.3156671206689572,80.13583395925801,3,1.6171271767025535,98.50537405651801,0,,,1,0.16621917562119803,10.038460159827999,2026-08-02 00:00:00,0xdf0992e440dd0be65bd8439b609d6d4366bf1cb5
0,,,0,,,0,,,0,,,2026-08-02 01:00:00,0xdf0992e440dd0be65bd8439b609d6d4366bf1cb5
5,3.3493534283487625,204.43896723506,4,3.381703310153691,207.01422023687897,0,,,1,0.020270997943588304,1.235158859092,2026-08-02 02:00:00,0xdf0992e440dd0be65bd8439b609d6d4366bf1cb5
1,0.2182507224704145,13.399462916945,0,,,0,,,3,1.781817613922843,109.246834034813,2026-08-02 03:00:00,0xdf0992e440dd0be65bd8439b609d6d4366bf1cb5
0,,,0,,,0,,,0,,,2026-08-02 04:00:00,0xdf0992e440dd0be65bd8439b609d6d4366bf1cb5
2,1.5365089128988116,94.44080559120499,1,0.1642134219874996,10.00184,0,,,0,,,2026-08-02 05:00:00,0xdf0992e440dd0be65bd8439b609d6d4366bf1cb5
4,0.030429856375650127,1.872996178186,0,,,0,,,0,,,2026-08-02 06:00:00,0xdf0992e440dd0be65bd8439b609d6d4366bf1cb5
0,,,1,0.8201009534739744,50.0186,0,,,0,,,2026-08-02 07:00:00,0xdf0992e440dd0be65bd8439b609d6d4366bf1cb5
0,,,1,0.8184941631115439,50.01065,3,1.6171271767025535,98.50537405651801,0,,,2026-08-02 08:00:00,0xdf0992e440dd0be65bd8439b609d6d4366bf1cb5
4,1.210289039843289,73.86607575791899,6,3.2888381008015335,200.576358107923,0,,,0,,,2026-08-02 09:00:00,0xdf0992e440dd0be65bd8439b609d6d4366bf1cb5
0,,,6,1.7886695491647686,110.01832,4,3.381703310153691,207.01422023687897,0,,,2026-08-02 10:00:00,0xdf0992e440dd0be65bd8439b609d6d4366bf1cb5
0,,,0,,,0,,,0,,,2026-08-02 11:00:00,0xdf0992e440dd0be65bd8439b609d6d4366bf1cb5
1,0.6876856121731828,41.826080731497,0,,,0,,,3,1.6171271767025535,98.50537405651801,2026-08-02 12:00:00,0xdf0992e440dd0be65bd8439b609d6d4366bf1cb5
2,2.4259716216216214,147.124722314064,1,0.39333634299485337,24.237748592784,1,0.1642134219874996,10.00184,0,,,2026-08-02 13:00:00,0xdf0992e440dd0be65bd8439b609d6d4366bf1cb5
0,,,0,,,0,,,4,3.381703310153691,207.01422023687897,2026-08-02 14:00:00,0xdf0992e440dd0be65bd8439b609d6d4366bf1cb5
1,0.1724602009371729,10.461322812077999,0,,,1,0.8201009534739744,50.0186,0,,,2026-08-02 15:00:00,0xdf0992e440dd0be65bd8439b609d6d4366bf1cb5
0,,,2,1.3651222122860962,84.082580630982,1,0.8184941631115439,50.01065,0,,,2026-08-02 16:00:00,0xdf0992e440dd0be65bd8439b609d6d4366bf1cb5
0,,,1,1.6129264574248863,100.0496,6,3.2888381008015335,200.576358107923,1,0.1642134219874996,10.00184,2026-08-02 17:00:00,0xdf0992e440dd0be65bd8439b609d6d4366bf1cb5
0,,,0,,,6,1.7886695491647686,110.01832,0,,,2026-08-02 18:00:00,0xdf0992e440dd0be65bd8439b609d6d4366bf1cb5
0,,,0,,,0,,,1,0.8201009534739744,50.0186,2026-08-02 19:00:00,0xdf0992e440dd0be65bd8439b609d6d4366bf1cb5
5,2.8573336501861126,175.04442500000002,0,,,0,,,1,0.8184941631115439,50.01065,2026-08-02 20:00:00,0xdf0992e440dd0be65bd8439b609d6d4366bf1cb5
1,0.32188067485258026,19.775876592400003,3,1.2105449180748464,74.2815001502,1,0.39333634299485337,24.237748592784,6,3.2888381008015335,200.576358107923,2026-08-02 21:00:00,0xdf0992e440dd0be65bd8439b609d6d4366bf1cb5
1,0.5193316284867441,31.999552,27,20.722276939349612,1246.3811022887353,0,,,6,1.7886695491647686,110.01832,2026-08-02 22:00:00,0xdf0992e440dd0be65bd8439b609d6d4366bf1cb5
0,,,2,0.8499067312834374,50.156688310237996,0,,,0,,,2026-08-02 23:00:00,0xdf0992e440dd0be65bd8439b609d6d4366bf1cb5
11,6.392236533294294,395.356216155535,0,,,2,1.3651222122860962,84.082580630982,0,,,2026-08-03 00:00:00,0xdf0992e440dd0be65bd8439b609d6d4366bf1cb5
2,0.0791224269836034,4.908535837171,3,1.7959717476572834,105.455207318504,1,1.6129264574248863,100.0496,1,0.39333634299485337,24.237748592784,2026-08-03 01:00:00,0xdf0992e440dd0be65bd8439b609d6d4366bf1cb5
0,,,99,55.41046556970405,3262.4329728413018,0,,,0,,,2026-08-03 02:00:00,0xdf0992e440dd0be65bd8439b609d6d4366bf1cb5
0,,,14,6.773298387587399,403.99099420365604,0,,,0,,,2026-08-03 03:00:00,0xdf0992e440dd0be65bd8439b609d6d4366bf1cb5
0,,,4,2.1267827595053133,127.24207446349101,0,,,2,1.3651222122860962,84.082580630982,2026-08-03 04:00:00,0xdf0992e440dd0be65bd8439b609d6d4366bf1cb5
0,,,0,,,3,1.2105449180748464,74.2815001502,1,1.6129264574248863,100.0496,2026-08-03 05:00:00,0xdf0992e440dd0be65bd8439b609d6d4366bf1cb5
0,,,7,3.244140622515167,196.78743178506602,27,20.722276939349612,1246.3811022887353,0,,,2026-08-03 06:00:00,0xdf0992e440dd0be65bd8439b609d6d4366bf1cb5
0,,,0,,,2,0.8499067312834374,50.156688310237996,0,,,2026-08-03 07:00:00,0xdf0992e440dd0be65bd8439b609d6d4366bf1cb5
11,8.03358245362304,491.91749110538296,10,4.645601965448052,281.13313623200395,0,,,0,,,2026-08-03 08:00:00,0xdf0992e440dd0be65bd8439b609d6d4366bf1cb5
1,0.2729952533416452,16.76045768586,1,0.33009898746324373,20.0034,3,1.7959717476572834,105.455207318504,3,1.2105449180748464,74.2815001502,2026-08-03 09:00:00,0xdf0992e440dd0be65bd8439b609d6d4366bf1cb5
4,2.8443863303482004,168.34433321716799,2,1.2256547382136835,74.33668674668799,99,55.41046556970405,3262.4329728413018,27,20.722276939349612,1246.3811022887353,2026-08-03 10:00:00,0xdf0992e440dd0be65bd8439b609d6d4366bf1cb5
0,,,0,,,14,6.773298387587399,403.99099420365604,2,0.8499067312834374,50.156688310237996,2026-08-03 11:00:00,0xdf0992e440dd0be65bd8439b609d6d4366bf1cb5
3,2.476968659747276,145.850691462606,1,0.061091028289545435,3.710301225904,4,2.1267827595053133,127.24207446349101,0,,,2026-08-03 12:00:00,0xdf0992e440dd0be65bd8439b609d6d4366bf1cb5
7,4.108432793352202,243.385355996636,4,2.484354715693422,148.825751778385,0,,,3,1.7959717476572834,105.455207318504,2026-08-03 13:00:00,0xdf0992e440dd0be65bd8439b609d6d4366bf1cb5
50,29.190131868829745,1716.4341773384203,4,2.1139058686447183,127.39808543398598,7,3.244140622515167,196.78743178506602,99,55.41046556970405,3262.4329728413018,2026-08-03 14:00:00,0xdf0992e440dd0be65bd8439b609d6d4366bf1cb5
14,6.9618032199407205,414.646389963143,1,0.42013384047096874,25.354781747656002,0,,,14,6.773298387587399,403.99099420365604,2026-08-03 15:00:00,0xdf0992e440dd0be65bd8439b609d6d4366bf1cb5
6,2.3932257935045,143.57254553988898,1,0.3787344564765118,22.88402931613,10,4.645601965448052,281.13313623200395,4,2.1267827595053133,127.24207446349101,2026-08-03 16:00:00,0xdf0992e440dd0be65bd8439b609d6d4366bf1cb5
10,4.634515575971465,279.475800119671,8,3.652319123365532,221.03355187923898,1,0.33009898746324373,20.0034,0,,,2026-08-03 17:00:00,0xdf0992e440dd0be65bd8439b609d6d4366bf1cb5
9,5.569014211895609,339.796286483691,0,,,2,1.2256547382136835,74.33668674668799,7,3.244140622515167,196.78743178506602,2026-08-03 18:00:00,0xdf0992e440dd0be65bd8439b609d6d4366bf1cb5
6,2.860441254067654,173.63365941477502,1,0.164767002195048,9.99799,0,,,0,,,2026-08-03 19:00:00,0xdf0992e440dd0be65bd8439b609d6d4366bf1cb5
5,2.610904972410135,157.377426049142,0,,,1,0.061091028289545435,3.710301225904,10,4.645601965448052,281.13313623200395,2026-08-03 20:00:00,0xdf0992e440dd0be65bd8439b609d6d4366bf1cb5
0,,,1,0.4184619534270627,25.20129317558,4,2.484354715693422,148.825751778385,1,0.33009898746324373,20.0034,2026-08-03 21:00:00,0xdf0992e440dd0be65bd8439b609d6d4366bf1cb5
0,,,2,1.468,88.121310630432,4,2.1139058686447183,127.39808543398598,2,1.2256547382136835,74.33668674668799,2026-08-03 22:00:00,0xdf0992e440dd0be65bd8439b609d6d4366bf1cb5
0,,,0,,,1,0.42013384047096874,25.354781747656002,0,,,2026-08-03 23:00:00,0xdf0992e440dd0be65bd8439b609d6d4366bf1cb5
7,3.5409889999333286,213.02125683979,7,3.5490818091178675,214.944811350945,1,0.3787344564765118,22.88402931613,1,0.061091028289545435,3.710301225904,2026-08-04 00:00:00,0xdf0992e440dd0be65bd8439b609d6d4366bf1cb5
2,0.7885597582675434,47.13428394304201,4,3.1891002136661477,193.735412766428,8,3.652319123365532,221.03355187923898,4,2.484354715693422,148.825751778385,2026-08-04 01:00:00,0xdf0992e440dd0be65bd8439b609d6d4366bf1cb5
0,,,63,36.41411383007422,2253.05797277667,0,,,4,2.1139058686447183,127.39808543398598,2026-08-04 02:00:00,0xdf0992e440dd0be65bd8439b609d6d4366bf1cb5
0,,,16,9.503704642467634,587.5445479738,1,0.164767002195048,9.99799,1,0.42013384047096874,25.354781747656002,2026-08-04 03:00:00,0xdf0992e440dd0be65bd8439b609d6d4366bf1cb5
0,,,8,4.911011959097166,308.57810773523,0,,,1,0.3787344564765118,22.88402931613,2026-08-04 04:00:00,0xdf0992e440dd0be65bd8439b609d6d4366bf1cb5
0,,,5,3.2624888787396342,205.23729020904798,1,0.4184619534270627,25.20129317558,8,3.652319123365532,221.03355187923898,2026-08-04 05:00:00,0xdf0992e440dd0be65bd8439b609d6d4366bf1cb5
0,,,5,3.2413464635390374,205.44383286917204,2,1.468,88.121310630432,0,,,2026-08-04 06:00:00,0xdf0992e440dd0be65bd8439b609d6d4366bf1cb5
1,0.016471723791761827,0.999793,2,1.6813864791129818,107.524229053776,0,,,1,0.164767002195048,9.99799,2026-08-04 07:00:00,0xdf0992e440dd0be65bd8439b609d6d4366bf1cb5
1,0.45144028442611117,27.224910406748,5,3.921411765019521,250.02913207849198,7,3.5490818091178675,214.944811350945,0,,,2026-08-04 08:00:00,0xdf0992e440dd0be65bd8439b609d6d4366bf1cb5
4,1.5284100995800523,91.898798558484,0,,,4,3.1891002136661477,193.735412766428,1,0.4184619534270627,25.20129317558,2026-08-04 09:00:00,0xdf0992e440dd0be65bd8439b609d6d4366bf1cb5
0,,,0,,,63,36.41411383007422,2253.05797277667,2,1.468,88.121310630432,2026-08-04 10:00:00,0xdf0992e440dd0be65bd8439b609d6d4366bf1cb5
2,0.5578890042289727,33.713506243013995,0,,,16,9.503704642467634,587.5445479738,0,,,2026-08-04 11:00:00,0xdf0992e440dd0be65bd8439b609d6d4366bf1cb5
1,0.16463811351803045,9.99553,1,0.31329466512084575,20.00442,8,4.911011959097166,308.57810773523,7,3.5490818091178675,214.944811350945,2026-08-04 12:00:00,0xdf0992e440dd0be65bd8439b609d6d4366bf1cb5
8,4.071456870291341,245.17477038852604,5,3.9591274178026397,249.84530093723998,5,3.2624888787396342,205.23729020904798,4,3.1891002136661477,193.735412766428,2026-08-04 13:00:00,0xdf0992e440dd0be65bd8439b609d6d4366bf1cb5
14,7.082153742052861,433.00737320600007,4,2.1540729658200855,136.12012943437801,5,3.2413464635390374,205.44383286917204,63,36.41411383007422,2253.05797277667,2026-08-04 14:00:00,0xdf0992e440dd0be65bd8439b609d6d4366bf1cb5
3,2.4739083186810817,154.856538650573,1,0.5096294888147035,32.288292687486,2,1.6813864791129818,107.524229053776,16,9.503704642467634,587.5445479738,2026-08-04 15:00:00,0xdf0992e440dd0be65bd8439b609d6d4366bf1cb5
3,1.8675814176133998,118.39099252336,1,1.005,63.29802506168,5,3.921411765019521,250.02913207849198,8,4.911011959097166,308.57810773523,2026-08-04 16:00:00,0xdf0992e440dd0be65bd8439b609d6d4366bf1cb5
5,3.1171120940890344,197.3921613287,2,1.5413127789213763,97.782276150204,0,,,5,3.2624888787396342,205.23729020904798,2026-08-04 17:00:00,0xdf0992e440dd0be65bd8439b609d6d4366bf1cb5
3,3.0662259160831313,195.196867334452,1,0.22766465381549655,14.521553918088001,0,,,5,3.2413464635390374,205.44383286917204,2026-08-04 18:00:00,0xdf0992e440dd0be65bd8439b609d6d4366bf1cb5
4,3.5282364303511944,226.57659152835998,0,,,0,,,2,1.6813864791129818,107.524229053776,2026-08-04 19:00:00,0xdf0992e440dd0be65bd8439b609d6d4366bf1cb5
4,1.2606864798316277,79.99220317455,0,,,1,0.31329466512084575,20.00442,5,3.921411765019521,250.02913207849198,2026-08-04 20:00:00,0xdf0992e440dd0be65bd8439b609d6d4366bf1cb5
0,,,9,6.1773907354589115,392.96023980092104,5,3.9591274178026397,249.84530093723998,0,,,2026-08-04 21:00:00,0xdf0992e440dd0be65bd8439b609d6d4366bf1cb5
0,,,6,3.292298639966843,212.01982099920514,4,2.1540729658200855,136.12012943437801,0,,,2026-08-04 22:00:00,0xdf0992e440dd0be65bd8439b609d6d4366bf1cb5
0,,,41,44.43733062204194,3039.685023357569,1,0.5096294888147035,32.288292687486,0,,,2026-08-04 23:00:00,0xdf0992e440dd0be65bd8439b609d6d4366bf1cb5
14,0.8655683042643365,341.3965285650465,4,0.3137268478885601,123.2133958840791,10,0.3025544790123541,119.5512286506269,15,4.582081181646908,1813.245459947307,2026-07-29 00:00:00,0xe93237c50d904957cf27e7b1133b510c669c2e74
18,0.7811389113240378,303.1268803494052,5,0.06916028179099283,27.33187820203716,8,0.052486939664262225,20.741305484262675,17,0.30829444251185323,122.05926318949824,2026-07-29 01:00:00,0xe93237c50d904957cf27e7b1133b510c669c2e74
14,1.880939172440749,739.4244384193037,98,69.1651107112196,27054.293750763572,3,1.4519076823274424,573.249580446401,6,0.11178194656498433,43.9783472147462,2026-07-29 02:00:00,0xe93237c50d904957cf27e7b1133b510c669c2e74
10,0.2954802445795663,116.22788080979088,469,146.7309131593849,57923.795228555784,9,0.15582667911320752,61.5635695678227,3,0.1523645268285688,59.93198423425523,2026-07-29 03:00:00,0xe93237c50d904957cf27e7b1133b510c669c2e74
21,14.443491940338976,5717.464221246308,49,15.14013257091651,5960.485232761718,27,15.332475522158367,6092.590899201263,10,0.3025544790123541,119.5512286506269,2026-07-29 04:00:00,0xe93237c50d904957cf27e7b1133b510c669c2e74
5,0.06378316302239624,25.23602594818503,33,11.29851876673808,4454.936449189546,11,1.0323934581986525,409.174579813922,8,0.052486939664262225,20.741305484262675,2026-07-29 05:00:00,0xe93237c50d904957cf27e7b1133b510c669c2e74
4,0.5237030137460659,206.80902926012163,13,0.392108488858242,155.41059777801468,24,21.991053679628507,8646.643511129223,3,1.4519076823274424,573.249580446401,2026-07-29 06:00:00,0xe93237c50d904957cf27e7b1133b510c669c2e74
19,2.9140177323704766,1154.9251832585392,60,21.204878803888786,8485.739159327886,20,9.329435154673524,3686.155920256565,9,0.15582667911320752,61.5635695678227,2026-07-29 07:00:00,0xe93237c50d904957cf27e7b1133b510c669c2e74
12,1.1865564914869715,472.25458963242613,86,70.94537515100296,27883.432767971986,4,0.3137268478885601,123.2133958840791,27,15.332475522158367,6092.590899201263,2026-07-29 08:00:00,0xe93237c50d904957cf27e7b1133b510c669c2e74
21,15.61174845682627,6161.786748566849,122,61.400355326869594,24688.85870835473,5,0.06916028179099283,27.33187820203716,11,1.0323934581986525,409.174579813922,2026-07-29 09:00:00,0xe93237c50d904957cf27e7b1133b510c669c2e74
4,0.010506462923201518,4.146416519096526,31,18.5235441895044,7383.134571842301,98,69.1651107112196,27054.293750763572,24,21.991053679628507,8646.643511129223,2026-07-29 10:00:00,0xe93237c50d904957cf27e7b1133b510c669c2e74
7,0.6116115854657627,241.33108516627848,73,30.033881633656783,12660.832676140191,469,146.7309131593849,57923.795228555784,20,9.329435154673524,3686.155920256565,2026-07-29 11:00:00,0xe93237c50d904957cf27e7b1133b510c669c2e74
4,0.005792718735396261,2.277712215614832,87,44.62769334555556,18892.32746003818,49,15.14013257091651,5960.485232761718,4,0.3137268478885601,123.2133958840791,2026-07-29 12:00:00,0xe93237c50d904957cf27e7b1133b510c669c2e74
5,0.2993893591560811,117.95057800104699,71,25.740421409906965,10804.419333858381,33,11.29851876673808,4454.936449189546,5,0.06916028179099283,27.33187820203716,2026-07-29 13:00:00,0xe93237c50d904957cf27e7b1133b510c669c2e74
234,78.98827803219889,31046.899390748506,110,8.85226411692555,3708.212208650758,13,0.392108488858242,155.41059777801468,98,69.1651107112196,27054.293750763572,2026-07-29 14:00:00,0xe93237c50d904957cf27e7b1133b510c669c2e74
59,28.204787398067886,11113.619860850675,26,10.33768732787154,4351.8224620466935,60,21.204878803888786,8485.739159327886,469,146.7309131593849,57923.795228555784,2026-07-29 15:00:00,0xe93237c50d904957cf27e7b1133b510c669c2e74
35,11.370407002592163,4483.8940829897,2,0.011707457768103835,4.898281530310314,86,70.94537515100296,27883.432767971986,49,15.14013257091651,5960.485232761718,2026-07-29 16:00:00,0xe93237c50d904957cf27e7b1133b510c669c2e74
34,19.856063045556855,7858.587930877111,2,0.00968107833306232,4.065247789948,122,61.400355326869594,24688.85870835473,33,11.29851876673808,4454.936449189546,2026-07-29 17:00:00,0xe93237c50d904957cf27e7b1133b510c669c2e74
52,23.997552216996432,9545.19728641597,3,0.020368583060192774,8.528410164659663,31,18.5235441895044,7383.134571842301,13,0.392108488858242,155.41059777801468,2026-07-29 18:00:00,0xe93237c50d904957cf27e7b1133b510c669c2e74
38,17.704796033980514,7036.116747032089,4,0.02169951525781931,9.139717496518,73,30.033881633656783,12660.832676140191,60,21.204878803888786,8485.739159327886,2026-07-29 19:00:00,0xe93237c50d904957cf27e7b1133b510c669c2e74
564,428.8542037477115,170706.2021358199,31,12.67733337234346,5310.106855960628,87,44.62769334555556,18892.32746003818,86,70.94537515100296,27883.432767971986,2026-07-29 20:00:00,0xe93237c50d904957cf27e7b1133b510c669c2e74
63,39.347965169302846,15745.07955698465,35,16.960600073727633,7170.376461660622,71,25.740421409906965,10804.419333858381,122,61.400355326869594,24688.85870835473,2026-07-29 21:00:00,0xe93237c50d904957cf27e7b1133b510c669c2e74
370,159.28118350547277,66078.28372090291,10,0.4534606684292472,191.91577629536602,110,8.85226411692555,3708.212208650758,31,18.5235441895044,7383.134571842301,2026-07-29 22:00:00,0xe93237c50d904957cf27e7b1133b510c669c2e74
55,21.51348426452954,9109.782060075144,24,12.41223486073101,5291.807753425768,26,10.33768732787154,4351.8224620466935,73,30.033881633656783,12660.832676140191,2026-07-29 23:00:00,0xe93237c50d904957cf27e7b1133b510c669c2e74
51,13.04426264575151,5504.959572046722,32,123.36739970600907,53027.78042009307,2,0.011707457768103835,4.898281530310314,87,44.62769334555556,18892.32746003818,2026-07-30 00:00:00,0xe93237c50d904957cf27e7b1133b510c669c2e74
15,4.237282353200744,1773.3877600348837,95,6.4012478306739755,2728.9813450044144,2,0.00968107833306232,4.065247789948,71,25.740421409906965,10804.419333858381,2026-07-30 01:00:00,0xe93237c50d904957cf27e7b1133b510c669c2e74
8,0.4008123813462051,168.1155458980073,514,145.80016591918923,65130.793632167144,3,0.020368583060192774,8.528410164659663,110,8.85226411692555,3708.212208650758,2026-07-30 02:00:00,0xe93237c50d904957cf27e7b1133b510c669c2e74
9,2.274677563691012,958.1233765545569,83,21.8854787673405,9844.71979976957,4,0.02169951525781931,9.139717496518,26,10.33768732787154,4351.8224620466935,2026-07-30 03:00:00,0xe93237c50d904957cf27e7b1133b510c669c2e74
13,5.406015864984185,2267.546769315849,52,19.643931469099364,8807.476328537017,31,12.67733337234346,5310.106855960628,2,0.011707457768103835,4.898281530310314,2026-07-30 04:00:00,0xe93237c50d904957cf27e7b1133b510c669c2e74
11,0.9171444542709798,386.4017045115051,43,13.750323569215812,6277.921915172311,35,16.960600073727633,7170.376461660622,2,0.00968107833306232,4.065247789948,2026-07-30 05:00:00,0xe93237c50d904957cf27e7b1133b510c669c2e74
5,0.48961930835548023,205.03031138350656,45,18.176209865095053,8326.546262323409,10,0.4534606684292472,191.91577629536602,3,0.020368583060192774,8.528410164659663,2026-07-30 06:00:00,0xe93237c50d904957cf27e7b1133b510c669c2e74
21,5.466708070447427,2285.667522803216,16,3.0035526774441053,1376.1256052545405,24,12.41223486073101,5291.807753425768,4,0.02169951525781931,9.139717496518,2026-07-30 07:00:00,0xe93237c50d904957cf27e7b1133b510c669c2e74
22,9.9303205754882,4173.022633291433,51,17.383103159382106,7874.606791061513,32,123.36739970600907,53027.78042009307,31,12.67733337234346,5310.106855960628,2026-07-30 08:00:00,0xe93237c50d904957cf27e7b1133b510c669c2e74
16,4.142150702403092,1754.6391853723358,26,1.3429532188792601,603.008555094134,95,6.4012478306739755,2728.9813450044144,35,16.960600073727633,7170.376461660622,2026-07-30 09:00:00,0xe93237c50d904957cf27e7b1133b510c669c2e74
29,3.363445687394356,1428.348498220096,23,3.801141763330507,1698.8575684736654,514,145.80016591918923,65130.793632167144,10,0.4534606684292472,191.91577629536602,2026-07-30 10:00:00,0xe93237c50d904957cf27e7b1133b510c669c2e74
15,1.063593726272991,454.5186810999003,45,18.20781830004476,8052.558619829011,83,21.8854787673405,9844.71979976957,24,12.41223486073101,5291.807753425768,2026-07-30 11:00:00,0xe93237c50d904957cf27e7b1133b510c669c2e74
12,2.4578681717986046,1051.8795638279184,17,0.5522326188546802,246.84200903041082,52,19.643931469099364,8807.476328537017,32,123.36739970600907,53027.78042009307,2026-07-30 12:00:00,0xe93237c50d904957cf27e7b1133b510c669c2e74
81,50.53452904086107,21877.544861470895,9,0.6697189985174495,298.58273665086847,43,13.750323569215812,6277.921915172311,95,6.4012478306739755,2728.9813450044144,2026-07-30 13:00:00,0xe93237c50d904957cf27e7b1133b510c669c2e74
119,47.15458312674067,21086.92771518318,17,0.5925863273643972,265.35220690430765,45,18.176209865095053,8326.546262323409,514,145.80016591918923,65130.793632167144,2026-07-30 14:00:00,0xe93237c50d904957cf27e7b1133b510c669c2e74
89,46.778737000196266,20875.678925683624,3,0.23710928323506736,106.24648897704401,16,3.0035526774441053,1376.1256052545405,83,21.8854787673405,9844.71979976957,2026-07-30 15:00:00,0xe93237c50d904957cf27e7b1133b510c669c2e74
98,40.372792556986376,18290.00630752189,21,0.6462546372180996,288.21711597522443,51,17.383103159382106,7874.606791061513,52,19.643931469099364,8807.476328537017,2026-07-30 16:00:00,0xe93237c50d904957cf27e7b1133b510c669c2e74
15,0.94892165061489,430.471737415635,5,0.02240787124631539,10.025528984618038,26,1.3429532188792601,603.008555094134,43,13.750323569215812,6277.921915172311,2026-07-30 17:00:00,0xe93237c50d904957cf27e7b1133b510c669c2e74
24,2.3155355518292393,1060.273084777209,7,0.13453526618727857,60.2828937654146,23,3.801141763330507,1698.8575684736654,45,18.176209865095053,8326.546262323409,2026-07-30 18:00:00,0xe93237c50d904957cf27e7b1133b510c669c2e74
23,5.104224680765276,2328.1161001816445,6,0.1301991699746394,57.972166284309104,45,18.20781830004476,8052.558619829011,16,3.0035526774441053,1376.1256052545405,2026-07-30 19:00:00,0xe93237c50d904957cf27e7b1133b510c669c2e74
86,17.807475397704177,8012.502537109759,8,0.24157083292375092,107.91184761528092,17,0.5522326188546802,246.84200903041082,51,17.383103159382106,7874.606791061513,2026-07-30 20:00:00,0xe93237c50d904957cf27e7b1133b510c669c2e74
43,10.359964822682223,4638.122437279984,10,2.8188818009113246,1260.4531570318704,9,0.6697189985174495,298.58273665086847,26,1.3429532188792601,603.008555094134,2026-07-30 21:00:00,0xe93237c50d904957cf27e7b1133b510c669c2e74
53,7.866061594443723,3515.7347905926986,10,1.437222966773602,640.5558215753899,17,0.5925863273643972,265.35220690430765,23,3.801141763330507,1698.8575684736654,2026-07-30 22:00:00,0xe93237c50d904957cf27e7b1133b510c669c2e74
25,6.317669579711419,2818.4885710277867,12,1.0620465698889714,476.8132967489387,3,0.23710928323506736,106.24648897704401,45,18.20781830004476,8052.558619829011,2026-07-30 23:00:00,0xe93237c50d904957cf27e7b1133b510c669c2e74
13,0.3099161422573877,138.61315957022703,32,10.761713710644283,4837.058305018166,21,0.6462546372180996,288.21711597522443,17,0.5522326188546802,246.84200903041082,2026-07-31 00:00:00,0xe93237c50d904957cf27e7b1133b510c669c2e74
7,0.14313130615482275,63.7660792879646,27,3.857744703852568,1735.051812841676,5,0.02240787124631539,10.025528984618038,9,0.6697189985174495,298.58273665086847,2026-07-31 01:00:00,0xe93237c50d904957cf27e7b1133b510c669c2e74
11,0.8605624734926758,383.98683084831606,140,71.06060652274215,32464.61678075006,7,0.13453526618727857,60.2828937654146,17,0.5925863273643972,265.35220690430765,2026-07-31 02:00:00,0xe93237c50d904957cf27e7b1133b510c669c2e74
4,0.1296413827758134,57.827358152620995,36,12.838770749498847,5825.735468071305,6,0.1301991699746394,57.972166284309104,3,0.23710928323506736,106.24648897704401,2026-07-31 03:00:00,0xe93237c50d904957cf27e7b1133b510c669c2e74
7,0.39217756731080505,174.6767047313752,59,25.386735819849694,11695.602807763273,8,0.24157083292375092,107.91184761528092,21,0.6462546372180996,288.21711597522443,2026-07-31 04:00:00,0xe93237c50d904957cf27e7b1133b510c669c2e74
14,0.23792975809294425,106.23295281086837,11,0.282911719622395,130.8645480893632,10,2.8188818009113246,1260.4531570318704,5,0.02240787124631539,10.025528984618038,2026-07-31 05:00:00,0xe93237c50d904957cf27e7b1133b510c669c2e74
8,3.0198442048194956,1347.974215135282,9,0.5521770665889885,255.07389396797726,10,1.437222966773602,640.5558215753899,7,0.13453526618727857,60.2828937654146,2026-07-31 06:00:00,0xe93237c50d904957cf27e7b1133b510c669c2e74
16,5.071549392166945,2273.1254465745997,7,0.04927651388936948,22.727340668518263,12,1.0620465698889714,476.8132967489387,6,0.1301991699746394,57.972166284309104,2026-07-31 07:00:00,0xe93237c50d904957cf27e7b1133b510c669c2e74
19,4.09193452075006,1836.3179075660942,38,11.535047000525195,5360.98467871315,32,10.761713710644283,4837.058305018166,8,0.24157083292375092,107.91184761528092,2026-07-31 08:00:00,0xe93237c50d904957cf27e7b1133b510c669c2e74
13,1.9223661674788315,857.4180721007872,14,0.739561557564504,344.0889388099046,27,3.857744703852568,1735.051812841676,10,2.8188818009113246,1260.4531570318704,2026-07-31 09:00:00,0xe93237c50d904957cf27e7b1133b510c669c2e74
11,0.5208163344383349,233.93697836514247,25,10.845102126345074,5047.669172461018,140,71.06060652274215,32464.61678075006,10,1.437222966773602,640.5558215753899,2026-07-31 10:00:00,0xe93237c50d904957cf27e7b1133b510c669c2e74
20,5.915201038573499,2658.804741307606,15,1.3932913040813781,642.2542704466739,36,12.838770749498847,5825.735468071305,12,1.0620465698889714,476.8132967489387,2026-07-31 11:00:00,0xe93237c50d904957cf27e7b1133b510c669c2e74
25,5.439825425937121,2453.9389210558647,10,1.976613040208799,917.262833994996,59,25.386735819849694,11695.602807763273,32,10.761713710644283,4837.058305018166,2026-07-31 12:00:00,0xe93237c50d904957cf27e7b1133b510c669c2e74
20,5.231359314073825,2362.693198664161,9,1.011749151903154,467.592264896622,11,0.282911719622395,130.8645480893632,27,3.857744703852568,1735.051812841676,2026-07-31 13:00:00,0xe93237c50d904957cf27e7b1133b510c669c2e74
59,28.814513762012698,13145.56725622255,58,6.27036638819172,2889.5885989997555,9,0.5521770665889885,255.07389396797726,140,71.06060652274215,32464.61678075006,2026-07-31 14:00:00,0xe93237c50d904957cf27e7b1133b510c669c2e74
70,29.123067137062158,13259.056950984757,6,0.4229382767557404,195.205140806203,7,0.04927651388936948,22.727340668518263,36,12.838770749498847,5825.735468071305,2026-07-31 15:00:00,0xe93237c50d904957cf27e7b1133b510c669c2e74
36,4.904531337717811,2272.6897236724512,12,2.266192879885862,1050.631899249147,38,11.535047000525195,5360.98467871315,59,25.386735819849694,11695.602807763273,2026-07-31 16:00:00,0xe93237c50d904957cf27e7b1133b510c669c2e74
8,0.3017117518420378,139.40063083850995,4,0.11852927864861844,54.9038529903641,14,0.739561557564504,344.0889388099046,11,0.282911719622395,130.8645480893632,2026-07-31 17:00:00,0xe93237c50d904957cf27e7b1133b510c669c2e74
27,2.9777214135785157,1374.4376412046101,6,0.32224328487523984,148.55963434343798,25,10.845102126345074,5047.669172461018,9,0.5521770665889885,255.07389396797726,2026-07-31 18:00:00,0xe93237c50d904957cf27e7b1133b510c669c2e74
13,1.7813043324796007,816.8961460496729,8,0.22875341793621845,105.7855021783791,15,1.3932913040813781,642.2542704466739,7,0.04927651388936948,22.727340668518263,2026-07-31 19:00:00,0xe93237c50d904957cf27e7b1133b510c669c2e74
7,0.8970348779702794,415.350046455048,15,15.520047520514314,7206.583057928587,10,1.976613040208799,917.262833994996,38,11.535047000525195,5360.98467871315,2026-07-31 20:00:00,0xe93237c50d904957cf27e7b1133b510c669c2e74
12,0.6038968807803636,279.7576765736264,14,2.7247312409999305,1253.8301784707894,9,1.011749151903154,467.592264896622,14,0.739561557564504,344.0889388099046,2026-07-31 21:00:00,0xe93237c50d904957cf27e7b1133b510c669c2e74
28,2.6439112727263105,1220.7257837813254,7,1.5695474213088043,724.2238782467429,58,6.27036638819172,2889.5885989997555,25,10.845102126345074,5047.669172461018,2026-07-31 22:00:00,0xe93237c50d904957cf27e7b1133b510c669c2e74
8,0.20643017763193217,95.19261318926601,7,2.746635985799802,1263.972177925216,6,0.4229382767557404,195.205140806203,15,1.3932913040813781,642.2542704466739,2026-07-31 23:00:00,0xe93237c50d904957cf27e7b1133b510c669c2e74
14,0.28891624565172613,133.61501510224463,5,0.02407855756652793,11.100165136140856,12,2.266192879885862,1050.631899249147,10,1.976613040208799,917.262833994996,2026-08-01 00:00:00,0xe93237c50d904957cf27e7b1133b510c669c2e74
23,4.019464771137213,1862.0091127675937,23,3.3903141045947467,1569.4007245870773,4,0.11852927864861844,54.9038529903641,9,1.011749151903154,467.592264896622,2026-08-01 01:00:00,0xe93237c50d904957cf27e7b1133b510c669c2e74
53,10.69399854191083,4935.412609967377,8,1.0295645218979925,475.0279747803645,6,0.32224328487523984,148.55963434343798,58,6.27036638819172,2889.5885989997555,2026-08-01 02:00:00,0xe93237c50d904957cf27e7b1133b510c669c2e74
4,1.246321152803232,577.87477326896,14,3.2287230145598067,1491.880907822256,8,0.22875341793621845,105.7855021783791,6,0.4229382767557404,195.205140806203,2026-08-01 03:00:00,0xe93237c50d904957cf27e7b1133b510c669c2e74
25,2.047186361246633,947.4267516590733,7,0.5155864251265831,238.94243717675155,15,15.520047520514314,7206.583057928587,12,2.266192879885862,1050.631899249147,2026-08-01 04:00:00,0xe93237c50d904957cf27e7b1133b510c669c2e74
12,3.4387763541835445,1594.4889213611912,18,3.199115679560942,1473.379396146114,14,2.7247312409999305,1253.8301784707894,4,0.11852927864861844,54.9038529903641,2026-08-01 05:00:00,0xe93237c50d904957cf27e7b1133b510c669c2e74
1,0.005405932897757261,2.490772287391266,13,0.559143156644,261.7401446656607,7,1.5695474213088043,724.2238782467429,6,0.32224328487523984,148.55963434343798,2026-08-01 06:00:00,0xe93237c50d904957cf27e7b1133b510c669c2e74
3,0.23794202102319661,109.68135642928564,34,2.0877279216825366,960.9998185918822,7,2.746635985799802,1263.972177925216,8,0.22875341793621845,105.7855021783791,2026-08-01 07:00:00,0xe93237c50d904957cf27e7b1133b510c669c2e74
9,3.262411629595259,1506.1510354509048,12,0.33735309346963693,155.23071846678366,5,0.02407855756652793,11.100165136140856,15,15.520047520514314,7206.583057928587,2026-08-01 08:00:00,0xe93237c50d904957cf27e7b1133b510c669c2e74
13,0.5908362919431658,273.524302556799,4,0.6701486943832674,308.972622371007,23,3.3903141045947467,1569.4007245870773,14,2.7247312409999305,1253.8301784707894,2026-08-01 09:00:00,0xe93237c50d904957cf27e7b1133b510c669c2e74
7,1.4093139397157677,649.257425984349,10,0.15851532134729548,72.97747388090731,8,1.0295645218979925,475.0279747803645,7,1.5695474213088043,724.2238782467429,2026-08-01 10:00:00,0xe93237c50d904957cf27e7b1133b510c669c2e74
16,4.426870274467739,2048.107070380475,10,2.286654666640797,1050.9665364473456,14,3.2287230145598067,1491.880907822256,7,2.746635985799802,1263.972177925216,2026-08-01 11:00:00,0xe93237c50d904957cf27e7b1133b510c669c2e74
9,2.5192256129602506,1168.1803756787622,2,0.1465528368850478,67.410710644278,7,0.5155864251265831,238.94243717675155,5,0.02407855756652793,11.100165136140856,2026-08-01 12:00:00,0xe93237c50d904957cf27e7b1133b510c669c2e74
14,2.8453632805470472,1315.5668786681636,14,0.6347027223240076,292.84735512444036,18,3.199115679560942,1473.379396146114,23,3.3903141045947467,1569.4007245870773,2026-08-01 13:00:00,0xe93237c50d904957cf27e7b1133b510c669c2e74
27,1.2122810120860334,558.794240904359,7,0.18070060205572974,83.36974283204054,13,0.559143156644,261.7401446656607,8,1.0295645218979925,475.0279747803645,2026-08-01 14:00:00,0xe93237c50d904957cf27e7b1133b510c669c2e74
5,0.9528203487882532,439.206279124526,2,0.005282246559043529,2.4276735454914045,34,2.0877279216825366,960.9998185918822,14,3.2287230145598067,1491.880907822256,2026-08-01 15:00:00,0xe93237c50d904957cf27e7b1133b510c669c2e74
8,0.469250990538287,217.2630150746276,7,0.7145923427197854,329.5493476059722,12,0.33735309346963693,155.23071846678366,7,0.5155864251265831,238.94243717675155,2026-08-01 16:00:00,0xe93237c50d904957cf27e7b1133b510c669c2e74
10,0.3723820275074075,172.129526810991,4,0.4419109712294673,203.88775033721532,4,0.6701486943832674,308.972622371007,18,3.199115679560942,1473.379396146114,2026-08-01 17:00:00,0xe93237c50d904957cf27e7b1133b510c669c2e74
9,0.8601838140725437,395.80327566859376,13,0.0685965784132456,31.63275028189105,10,0.15851532134729548,72.97747388090731,13,0.559143156644,261.7401446656607,2026-08-01 18:00:00,0xe93237c50d904957cf27e7b1133b510c669c2e74
9,1.399299403477364,645.5388348436334,8,1.4346675656810246,664.9225528408089,10,2.286654666640797,1050.9665364473456,34,2.0877279216825366,960.9998185918822,2026-08-01 19:00:00,0xe93237c50d904957cf27e7b1133b510c669c2e74
4,0.0651198550138192,30.008521905417002,11,2.558308912026962,1180.5461275627872,2,0.1465528368850478,67.410710644278,12,0.33735309346963693,155.23071846678366,2026-08-01 20:00:00,0xe93237c50d904957cf27e7b1133b510c669c2e74
18,1.2413700004451687,572.5973182128909,12,2.64945382338609,1228.4144976086625,14,0.6347027223240076,292.84735512444036,4,0.6701486943832674,308.972622371007,2026-08-01 21:00:00,0xe93237c50d904957cf27e7b1133b510c669c2e74
2,0.01603136652676075,7.369818392417437,11,1.7051420825756982,789.2776508705658,7,0.18070060205572974,83.36974283204054,10,0.15851532134729548,72.97747388090731,2026-08-01 22:00:00,0xe93237c50d904957cf27e7b1133b510c669c2e74
10,0.6056458490864295,279.7923056802921,6,1.6896931328344778,779.6736715512158,2,0.005282246559043529,2.4276735454914045,10,2.286654666640797,1050.9665364473456,2026-08-01 23:00:00,0xe93237c50d904957cf27e7b1133b510c669c2e74
4,0.9516968644954416,440.03859164523305,32,5.608249363607817,2637.1529957287494,7,0.7145923427197854,329.5493476059722,2,0.1465528368850478,67.410710644278,2026-08-02 00:00:00,0xe93237c50d904957cf27e7b1133b510c669c2e74
5,1.0703348141867592,495.38909204814297,7,0.504430138213057,233.449082266517,4,0.4419109712294673,203.88775033721532,14,0.6347027223240076,292.84735512444036,2026-08-02 01:00:00,0xe93237c50d904957cf27e7b1133b510c669c2e74
23,7.077309423127662,3275.483489905872,11,1.1411743085282946,528.8971009251962,13,0.0685965784132456,31.63275028189105,7,0.18070060205572974,83.36974283204054,2026-08-02 02:00:00,0xe93237c50d904957cf27e7b1133b510c669c2e74
3,0.22772171298072585,105.38942654835736,10,0.6262451526295698,290.11559274063177,8,1.4346675656810246,664.9225528408089,2,0.005282246559043529,2.4276735454914045,2026-08-02 03:00:00,0xe93237c50d904957cf27e7b1133b510c669c2e74
6,0.9444954230010421,438.3268202474499,6,0.75952525736977,352.37551886612334,11,2.558308912026962,1180.5461275627872,7,0.7145923427197854,329.5493476059722,2026-08-02 04:00:00,0xe93237c50d904957cf27e7b1133b510c669c2e74
5,0.3499147610110294,162.26818833354824,8,0.7104714715018219,329.1856189306801,12,2.64945382338609,1228.4144976086625,4,0.4419109712294673,203.88775033721532,2026-08-02 05:00:00,0xe93237c50d904957cf27e7b1133b510c669c2e74
5,0.126483185718391,58.641068177512366,13,0.5011434784892878,231.6879297774334,11,1.7051420825756982,789.2776508705658,13,0.0685965784132456,31.63275028189105,2026-08-02 06:00:00,0xe93237c50d904957cf27e7b1133b510c669c2e74
5,0.241241398771082,111.43056059066463,10,0.635035185644636,294.17080320916034,6,1.6896931328344778,779.6736715512158,8,1.4346675656810246,664.9225528408089,2026-08-02 07:00:00,0xe93237c50d904957cf27e7b1133b510c669c2e74
12,0.9928210733581301,459.1788520311529,4,0.024888264559350594,11.507077910600815,32,5.608249363607817,2637.1529957287494,11,2.558308912026962,1180.5461275627872,2026-08-02 08:00:00,0xe93237c50d904957cf27e7b1133b510c669c2e74
25,4.467067487179695,2059.2557470628913,6,0.940913247372242,435.26973485006636,7,0.504430138213057,233.449082266517,12,2.64945382338609,1228.4144976086625,2026-08-02 09:00:00,0xe93237c50d904957cf27e7b1133b510c669c2e74
5,0.01946492951347473,9.0021517274978,11,0.753290417348528,350.00787418233347,11,1.1411743085282946,528.8971009251962,11,1.7051420825756982,789.2776508705658,2026-08-02 10:00:00,0xe93237c50d904957cf27e7b1133b510c669c2e74
12,3.493744591438055,1614.7131595947085,10,2.8903732213637565,1342.8937854682176,10,0.6262451526295698,290.11559274063177,6,1.6896931328344778,779.6736715512158,2026-08-02 11:00:00,0xe93237c50d904957cf27e7b1133b510c669c2e74
7,0.7778742001613769,359.4378912280711,6,0.135770382924749,63.06367970649527,6,0.75952525736977,352.37551886612334,32,5.608249363607817,2637.1529957287494,2026-08-02 12:00:00,0xe93237c50d904957cf27e7b1133b510c669c2e74
8,2.145356057457608,988.2204080420338,17,1.431539471580242,669.3434343210358,8,0.7104714715018219,329.1856189306801,7,0.504430138213057,233.449082266517,2026-08-02 13:00:00,0xe93237c50d904957cf27e7b1133b510c669c2e74
9,0.1476049982640505,68.31810664768257,32,6.989454777224151,3279.2338127021108,13,0.5011434784892878,231.6879297774334,11,1.1411743085282946,528.8971009251962,2026-08-02 14:00:00,0xe93237c50d904957cf27e7b1133b510c669c2e74
7,0.4474155441809687,207.13681207859435,6,3.5615094735335595,1675.2768336014406,10,0.635035185644636,294.17080320916034,10,0.6262451526295698,290.11559274063177,2026-08-02 15:00:00,0xe93237c50d904957cf27e7b1133b510c669c2e74
21,0.16200984567800614,74.86689118690302,5,0.15706809607576,73.88130291208688,4,0.024888264559350594,11.507077910600815,6,0.75952525736977,352.37551886612334,2026-08-02 16:00:00,0xe93237c50d904957cf27e7b1133b510c669c2e74
8,0.7813725635485713,361.6139354438021,6,0.2517147506214017,118.39266416960166,6,0.940913247372242,435.26973485006636,8,0.7104714715018219,329.1856189306801,2026-08-02 17:00:00,0xe93237c50d904957cf27e7b1133b510c669c2e74
7,0.6723727298176074,311.8894719827506,11,2.6178762915747833,1224.198495324157,11,0.753290417348528,350.00787418233347,13,0.5011434784892878,231.6879297774334,2026-08-02 18:00:00,0xe93237c50d904957cf27e7b1133b510c669c2e74
3,0.026195388977923385,12.10713102733703,7,2.0288047620041088,950.19771976378,10,2.8903732213637565,1342.8937854682176,10,0.635035185644636,294.17080320916034,2026-08-02 19:00:00,0xe93237c50d904957cf27e7b1133b510c669c2e74
9,0.5227324159549737,242.54306198023565,2,0.011212493894702063,5.2601360774272905,6,0.135770382924749,63.06367970649527,4,0.024888264559350594,11.507077910600815,2026-08-02 20:00:00,0xe93237c50d904957cf27e7b1133b510c669c2e74
24,11.130070233701133,5157.5617845842735,7,0.17611647948382977,82.38974899146739,17,1.431539471580242,669.3434343210358,6,0.940913247372242,435.26973485006636,2026-08-02 21:00:00,0xe93237c50d904957cf27e7b1133b510c669c2e74
24,6.455001201246564,2982.6623888232575,16,4.305166772708617,2023.2431715616215,32,6.989454777224151,3279.2338127021108,11,0.753290417348528,350.00787418233347,2026-08-02 22:00:00,0xe93237c50d904957cf27e7b1133b510c669c2e74
5,0.26350654074425806,122.242750345274,8,1.1687698260932855,551.8988743766092,6,3.5615094735335595,1675.2768336014406,10,2.8903732213637565,1342.8937854682176,2026-08-02 23:00:00,0xe93237c50d904957cf27e7b1133b510c669c2e74
47,12.761155440033878,5949.994410636365,30,4.533966236483905,2153.1015593779243,5,0.15706809607576,73.88130291208688,6,0.135770382924749,63.06367970649527,2026-08-03 00:00:00,0xe93237c50d904957cf27e7b1133b510c669c2e74
14,2.1699545920597876,1015.8338908617882,13,0.7220540140915975,343.1191584091255,6,0.2517147506214017,118.39266416960166,17,1.431539471580242,669.3434343210358,2026-08-03 01:00:00,0xe93237c50d904957cf27e7b1133b510c669c2e74
13,0.8962186808065316,420.9525521654386,144,31.039943354016952,14972.394919665003,11,2.6178762915747833,1224.198495324157,32,6.989454777224151,3279.2338127021108,2026-08-03 02:00:00,0xe93237c50d904957cf27e7b1133b510c669c2e74
8,0.34321853712495287,161.35210047595947,28,4.571816119841354,2213.243206777301,7,2.0288047620041088,950.19771976378,6,3.5615094735335595,1675.2768336014406,2026-08-03 03:00:00,0xe93237c50d904957cf27e7b1133b510c669c2e74
10,0.3033022917330512,142.56122070464684,25,8.111303772245861,3945.5284148475607,2,0.011212493894702063,5.2601360774272905,5,0.15706809607576,73.88130291208688,2026-08-03 04:00:00,0xe93237c50d904957cf27e7b1133b510c669c2e74
5,0.7058067254564123,330.478239447333,15,3.769241416177942,1840.976681207182,7,0.17611647948382977,82.38974899146739,6,0.2517147506214017,118.39266416960166,2026-08-03 05:00:00,0xe93237c50d904957cf27e7b1133b510c669c2e74
4,0.2858804739334594,133.710234338488,6,0.018659320559374498,9.133925947588487,16,4.305166772708617,2023.2431715616215,11,2.6178762915747833,1224.198495324157,2026-08-03 06:00:00,0xe93237c50d904957cf27e7b1133b510c669c2e74
7,0.20315054612459302,95.01499301415613,35,7.127312402875981,3470.8927192830643,8,1.1687698260932855,551.8988743766092,7,2.0288047620041088,950.19771976378,2026-08-03 07:00:00,0xe93237c50d904957cf27e7b1133b510c669c2e74
13,0.7034121430779743,329.57103462906986,13,3.7706908460476893,1839.1543819807316,30,4.533966236483905,2153.1015593779243,2,0.011212493894702063,5.2601360774272905,2026-08-03 08:00:00,0xe93237c50d904957cf27e7b1133b510c669c2e74
9,0.45104798674855723,211.80502793932385,17,1.2918440599825987,630.4024154233732,13,0.7220540140915975,343.1191584091255,7,0.17611647948382977,82.38974899146739,2026-08-03 09:00:00,0xe93237c50d904957cf27e7b1133b510c669c2e74
35,5.548148597006173,2614.410729064971,20,3.3770451071300447,1641.4466740842006,144,31.039943354016952,14972.394919665003,16,4.305166772708617,2023.2431715616215,2026-08-03 10:00:00,0xe93237c50d904957cf27e7b1133b510c669c2e74
27,5.165248642191479,2443.628697030768,19,1.9772372885610636,960.3567701112763,28,4.571816119841354,2213.243206777301,8,1.1687698260932855,551.8988743766092,2026-08-03 11:00:00,0xe93237c50d904957cf27e7b1133b510c669c2e74
6,0.08133647064982018,38.494420029815096,12,0.7793312731505265,377.12891677621406,25,8.111303772245861,3945.5284148475607,30,4.533966236483905,2153.1015593779243,2026-08-03 12:00:00,0xe93237c50d904957cf27e7b1133b510c669c2e74
27,7.904721267137712,3749.943563714477,2,0.002135473364256558,1.032951695565,15,3.769241416177942,1840.976681207182,13,0.7220540140915975,343.1191584091255,2026-08-03 13:00:00,0xe93237c50d904957cf27e7b1133b510c669c2e74
86,36.697522463714186,17879.667851548817,17,0.4144638059648064,201.17461275994864,6,0.018659320559374498,9.133925947588487,144,31.039943354016952,14972.394919665003,2026-08-03 14:00:00,0xe93237c50d904957cf27e7b1133b510c669c2e74
26,3.8977628157177815,1880.638439764513,6,0.0831026981899683,40.29542192917212,35,7.127312402875981,3470.8927192830643,28,4.571816119841354,2213.243206777301,2026-08-03 15:00:00,0xe93237c50d904957cf27e7b1133b510c669c2e74
14,1.1669754744673009,567.5938876856961,14,0.7204058934062139,349.87704358230224,13,3.7706908460476893,1839.1543819807316,25,8.111303772245861,3945.5284148475607,2026-08-03 16:00:00,0xe93237c50d904957cf27e7b1133b510c669c2e74
7,0.7007191172891902,342.92028279417093,1,0.009022812112816327,4.392207233289,17,1.2918440599825987,630.4024154233732,15,3.769241416177942,1840.976681207182,2026-08-03 17:00:00,0xe93237c50d904957cf27e7b1133b510c669c2e74
13,1.7602005556936593,862.341674770199,5,0.05096778407464073,24.777313642352,20,3.3770451071300447,1641.4466740842006,6,0.018659320559374498,9.133925947588487,2026-08-03 18:00:00,0xe93237c50d904957cf27e7b1133b510c669c2e74
17,0.8632258913253792,421.81773788602663,11,0.18468886175615212,89.65343508900325,19,1.9772372885610636,960.3567701112763,35,7.127312402875981,3470.8927192830643,2026-08-03 19:00:00,0xe93237c50d904957cf27e7b1133b510c669c2e74
16,3.278209274713358,1596.1017285951286,7,0.2799440734925481,135.347357330181,12,0.7793312731505265,377.12891677621406,13,3.7706908460476893,1839.1543819807316,2026-08-03 20:00:00,0xe93237c50d904957cf27e7b1133b510c669c2e74
3,0.08377382043716525,40.766452340800996,11,2.5910730050724426,1247.5490966846035,2,0.002135473364256558,1.032951695565,17,1.2918440599825987,630.4024154233732,2026-08-03 21:00:00,0xe93237c50d904957cf27e7b1133b510c669c2e74
23,4.659369231205975,2259.833633589627,4,0.0581051086626304,27.99699028044295,17,0.4144638059648064,201.17461275994864,20,3.3770451071300447,1641.4466740842006,2026-08-03 22:00:00,0xe93237c50d904957cf27e7b1133b510c669c2e74
18,2.006667284722698,971.27105366738,28,6.843302400947092,3283.457115759322,6,0.0831026981899683,40.29542192917212,19,1.9772372885610636,960.3567701112763,2026-08-03 23:00:00,0xe93237c50d904957cf27e7b1133b510c669c2e74
11,0.2885991215460838,139.62102390977554,10,0.5015360381778557,239.04291114897487,14,0.7204058934062139,349.87704358230224,12,0.7793312731505265,377.12891677621406,2026-08-04 00:00:00,0xe93237c50d904957cf27e7b1133b510c669c2e74
6,0.04552575730221706,22.05318968468248,5,0.22988829797965277,109.77106802296954,1,0.009022812112816327,4.392207233289,2,0.002135473364256558,1.032951695565,2026-08-04 01:00:00,0xe93237c50d904957cf27e7b1133b510c669c2e74
7,0.17780199138596842,86.47718048316644,129,83.66808969124536,40631.10292717104,5,0.05096778407464073,24.777313642352,17,0.4144638059648064,201.17461275994864,2026-08-04 02:00:00,0xe93237c50d904957cf27e7b1133b510c669c2e74
4,0.013044108618297787,6.340208343301726,23,2.6945601470441405,1338.3572119143885,11,0.18468886175615212,89.65343508900325,6,0.0831026981899683,40.29542192917212,2026-08-04 03:00:00,0xe93237c50d904957cf27e7b1133b510c669c2e74
6,0.8060490030054792,392.43863437958,6,0.037223268571576006,18.4724793015394,7,0.2799440734925481,135.347357330181,14,0.7204058934062139,349.87704358230224,2026-08-04 04:00:00,0xe93237c50d904957cf27e7b1133b510c669c2e74
3,0.3978180242699925,192.43163781515202,20,2.2387949507191824,1108.7624732254433,11,2.5910730050724426,1247.5490966846035,1,0.009022812112816327,4.392207233289,2026-08-04 05:00:00,0xe93237c50d904957cf27e7b1133b510c669c2e74
11,0.09586476597262954,46.54450715744076,4,0.2020197446138031,100.07785161813598,4,0.0581051086626304,27.99699028044295,5,0.05096778407464073,24.777313642352,2026-08-04 06:00:00,0xe93237c50d904957cf27e7b1133b510c669c2e74
21,2.315571199558624,1119.937436897532,5,0.15313513305886883,75.84656061843842,28,6.843302400947092,3283.457115759322,11,0.18468886175615212,89.65343508900325,2026-08-04 07:00:00,0xe93237c50d904957cf27e7b1133b510c669c2e74
33,7.030594140025373,3392.972769970254,20,3.831121991858609,1892.6016714776242,10,0.5015360381778557,239.04291114897487,7,0.2799440734925481,135.347357330181,2026-08-04 08:00:00,0xe93237c50d904957cf27e7b1133b510c669c2e74
9,0.012909580475920127,6.225642507568999,22,3.273761647215068,1615.9823954990711,5,0.22988829797965277,109.77106802296954,11,2.5910730050724426,1247.5490966846035,2026-08-04 09:00:00,0xe93237c50d904957cf27e7b1133b510c669c2e74
18,2.852429559667611,1370.540131864872,16,0.7443112462774908,366.1895850462289,129,83.66808969124536,40631.10292717104,4,0.0581051086626304,27.99699028044295,2026-08-04 10:00:00,0xe93237c50d904957cf27e7b1133b510c669c2e74
41,13.303968083613006,6361.675978106283,14,3.8187728423345235,1873.5783665364809,23,2.6945601470441405,1338.3572119143885,28,6.843302400947092,3283.457115759322,2026-08-04 11:00:00,0xe93237c50d904957cf27e7b1133b510c669c2e74
10,1.3703946562131517,655.400107377147,2,0.05970212851717331,29.239637470514005,6,0.037223268571576006,18.4724793015394,10,0.5015360381778557,239.04291114897487,2026-08-04 12:00:00,0xe93237c50d904957cf27e7b1133b510c669c2e74
27,6.135747392347205,2937.3002007402197,6,0.30993166534455,151.88467899450202,20,2.2387949507191824,1108.7624732254433,5,0.22988829797965277,109.77106802296954,2026-08-04 13:00:00,0xe93237c50d904957cf27e7b1133b510c669c2e74
69,17.59754891699667,8665.1607423607,4,0.007034021279670798,3.459918557178,4,0.2020197446138031,100.07785161813598,129,83.66808969124536,40631.10292717104,2026-08-04 14:00:00,0xe93237c50d904957cf27e7b1133b510c669c2e74
20,1.9949931868383117,992.073833367139,3,0.0567329955816821,27.789240613475002,5,0.15313513305886883,75.84656061843842,23,2.6945601470441405,1338.3572119143885,2026-08-04 15:00:00,0xe93237c50d904957cf27e7b1133b510c669c2e74
11,0.3005439159783928,149.77801530033173,23,4.88546104565858,2409.3203164372894,20,3.831121991858609,1892.6016714776242,6,0.037223268571576006,18.4724793015394,2026-08-04 16:00:00,0xe93237c50d904957cf27e7b1133b510c669c2e74
5,0.012127402632967303,6.028714803894815,8,0.14861386109818914,73.01846631242002,22,3.273761647215068,1615.9823954990711,20,2.2387949507191824,1108.7624732254433,2026-08-04 17:00:00,0xe93237c50d904957cf27e7b1133b510c669c2e74
12,1.547841173842634,766.3738529969278,19,0.061840343754428914,30.425445543791003,16,0.7443112462774908,366.1895850462289,4,0.2020197446138031,100.07785161813598,2026-08-04 18:00:00,0xe93237c50d904957cf27e7b1133b510c669c2e74
9,0.22692942987874465,112.784138420844,5,0.5158716134824765,252.765247408139,14,3.8187728423345235,1873.5783665364809,5,0.15313513305886883,75.84656061843842,2026-08-04 19:00:00,0xe93237c50d904957cf27e7b1133b510c669c2e74
22,5.565475578168006,2736.9699151742143,25,1.6143454824020478,795.7657215271079,2,0.05970212851717331,29.239637470514005,20,3.831121991858609,1892.6016714776242,2026-08-04 20:00:00,0xe93237c50d904957cf27e7b1133b510c669c2e74
8,0.07290194448962456,35.91485416245095,7,0.4810495625088558,237.4288229991721,6,0.30993166534455,151.88467899450202,22,3.273761647215068,1615.9823954990711,2026-08-04 21:00:00,0xe93237c50d904957cf27e7b1133b510c669c2e74
2,0.03211258248825129,15.777030148998,17,2.094164815281556,1034.419799307678,4,0.007034021279670798,3.459918557178,16,0.7443112462774908,366.1895850462289,2026-08-04 22:00:00,0xe93237c50d904957cf27e7b1133b510c669c2e74
9,1.0201624923208332,500.69415709662627,18,1.1827910096425778,585.5004808439601,3,0.0567329955816821,27.789240613475002,14,3.8187728423345235,1873.5783665364809,2026-08-04 23:00:00,0xe93237c50d904957cf27e7b1133b510c669c2e74
3,0.2975417245876653,28.69278054584366,6,1.1621748927604876,111.89289009279233,2,12.962900330242627,1241.4559001443408,10,34.20256509356645,3326.3497074826364,2026-07-29 00:00:00,0xec262a75e413fafd0df80480274532c79d42da09
2,1.2984337889697164,126.99947768276668,3,0.25796743558146634,24.74292723602983,2,0.19332200253821313,18.827569453955,0,,,2026-07-29 01:00:00,0xec262a75e413fafd0df80480274532c79d42da09
1,7.526687573856898,733.6315424036633,4,17.497042099232626,1674.3840677851724,0,,,0,,,2026-07-29 02:00:00,0xec262a75e413fafd0df80480274532c79d42da09
3,1.388035573444617,133.72145262647302,3,10.123133743813227,964.8245795748858,5,0.5362325004452015,51.99001293289265,0,,,2026-07-29 03:00:00,0xec262a75e413fafd0df80480274532c79d42da09
2,2.086812465486296,200.513053306896,2,0.5252765304971798,50.687104845342446,0,,,2,12.962900330242627,1241.4559001443408,2026-07-29 04:00:00,0xec262a75e413fafd0df80480274532c79d42da09
5,0.7805332571575383,75.34778508611224,2,5.735139205760197,543.6083968990697,3,0.7883813562627527,75.7893591325074,2,0.19332200253821313,18.827569453955,2026-07-29 05:00:00,0xec262a75e413fafd0df80480274532c79d42da09
1,0.004045279788895556,0.3881528771179798,11,11.428344803369594,1107.7810396510124,7,4.649522000233061,453.1358366803325,0,,,2026-07-29 06:00:00,0xec262a75e413fafd0df80480274532c79d42da09
3,0.5745986518197681,55.33458637524865,34,73.72832120997772,7301.9053963836695,1,0.5872186111664934,57.394456498806,5,0.5362325004452015,51.99001293289265,2026-07-29 07:00:00,0xec262a75e413fafd0df80480274532c79d42da09
1,0.06925932061181131,6.658687775045895,50,188.25575087580657,17910.233710279732,6,1.1621748927604876,111.89289009279233,0,,,2026-07-29 08:00:00,0xec262a75e413fafd0df80480274532c79d42da09
3,0.038510780654801464,3.7459742231243225,1,0.001166276324333181,0.10820061080400001,3,0.25796743558146634,24.74292723602983,3,0.7883813562627527,75.7893591325074,2026-07-29 09:00:00,0xec262a75e413fafd0df80480274532c79d42da09
0,,,3,1.32842017412452,123.14863140904458,4,17.497042099232626,1674.3840677851724,7,4.649522000233061,453.1358366803325,2026-07-29 10:00:00,0xec262a75e413fafd0df80480274532c79d42da09
1,1.9544459639304126,191.264696240772,6,7.269887617788873,680.1497502095708,3,10.123133743813227,964.8245795748858,1,0.5872186111664934,57.394456498806,2026-07-29 11:00:00,0xec262a75e413fafd0df80480274532c79d42da09
0,,,21,11.157738858669294,1059.8364230991647,2,0.5252765304971798,50.687104845342446,6,1.1621748927604876,111.89289009279233,2026-07-29 12:00:00,0xec262a75e413fafd0df80480274532c79d42da09
0,,,103,65.50195755359803,6199.206138080475,2,5.735139205760197,543.6083968990697,3,0.25796743558146634,24.74292723602983,2026-07-29 13:00:00,0xec262a75e413fafd0df80480274532c79d42da09
1,0.5104088457957074,48.799886267607995,2,11.257705544125692,1076.6714107293383,11,11.428344803369594,1107.7810396510124,4,17.497042099232626,1674.3840677851724,2026-07-29 14:00:00,0xec262a75e413fafd0df80480274532c79d42da09
0,,,1,0.1,9.406774806078,34,73.72832120997772,7301.9053963836695,3,10.123133743813227,964.8245795748858,2026-07-29 15:00:00,0xec262a75e413fafd0df80480274532c79d42da09
3,8.436539710510965,800.0026797290461,2,2.2787517454452653,214.463687746786,50,188.25575087580657,17910.233710279732,2,0.5252765304971798,50.687104845342446,2026-07-29 16:00:00,0xec262a75e413fafd0df80480274532c79d42da09
0,,,8,8.584559458586462,812.1667082888005,1,0.001166276324333181,0.10820061080400001,2,5.735139205760197,543.6083968990697,2026-07-29 17:00:00,0xec262a75e413fafd0df80480274532c79d42da09
16,68.18084641657705,6699.5462353092535,6,10.727451691573998,1025.919651797675,3,1.32842017412452,123.14863140904458,11,11.428344803369594,1107.7810396510124,2026-07-29 18:00:00,0xec262a75e413fafd0df80480274532c79d42da09
9,28.01697900558824,2710.5792098007587,5,1.6593367999416067,158.40192647135007,6,7.269887617788873,680.1497502095708,34,73.72832120997772,7301.9053963836695,2026-07-29 19:00:00,0xec262a75e413fafd0df80480274532c79d42da09
35,129.86241889256542,12088.977861887297,3,0.7033001901390504,65.95955615763337,21,11.157738858669294,1059.8364230991647,50,188.25575087580657,17910.233710279732,2026-07-29 20:00:00,0xec262a75e413fafd0df80480274532c79d42da09
3,2.983810256504392,277.65510766080797,5,6.857863324447969,645.8305051751485,103,65.50195755359803,6199.206138080475,1,0.001166276324333181,0.10820061080400001,2026-07-29 21:00:00,0xec262a75e413fafd0df80480274532c79d42da09
0,,,4,1.6327406697794202,154.2751832220729,2,11.257705544125692,1076.6714107293383,3,1.32842017412452,123.14863140904458,2026-07-29 22:00:00,0xec262a75e413fafd0df80480274532c79d42da09
2,1.7415022583761088,162.91433308516946,5,1.4740480834316978,140.8930328790135,1,0.1,9.406774806078,6,7.269887617788873,680.1497502095708,2026-07-29 23:00:00,0xec262a75e413fafd0df80480274532c79d42da09
3,1.6003509382295507,150.94251058546922,6,10.886035915890623,1041.0216347171627,2,2.2787517454452653,214.463687746786,21,11.157738858669294,1059.8364230991647,2026-07-30 00:00:00,0xec262a75e413fafd0df80480274532c79d42da09
4,0.9964963948634246,93.09691285769198,2,1.9226492610670942,183.52817504621757,8,8.584559458586462,812.1667082888005,103,65.50195755359803,6199.206138080475,2026-07-30 01:00:00,0xec262a75e413fafd0df80480274532c79d42da09
1,4.87829922e-10,4.5887464369380005e-08,8,11.20943857233855,1078.7475856885417,6,10.727451691573998,1025.919651797675,2,11.257705544125692,1076.6714107293383,2026-07-30 02:00:00,0xec262a75e413fafd0df80480274532c79d42da09
1,0.029265384555614712,2.754080393,16,32.23399025248998,2970.848296734172,5,1.6593367999416067,158.40192647135007,1,0.1,9.406774806078,2026-07-30 03:00:00,0xec262a75e413fafd0df80480274532c79d42da09
214,246.4045270010484,23420.46133371808,4,2.57040232038949,247.6162941393424,3,0.7033001901390504,65.95955615763337,2,2.2787517454452653,214.463687746786,2026-07-30 04:00:00,0xec262a75e413fafd0df80480274532c79d42da09
6,2.638198545448762,250.38872707484938,9,20.1248732022978,1941.3547168961725,5,6.857863324447969,645.8305051751485,8,8.584559458586462,812.1667082888005,2026-07-30 05:00:00,0xec262a75e413fafd0df80480274532c79d42da09
2,0.10477258527912774,9.915620577968,9,22.293010913060765,2160.2296749652446,4,1.6327406697794202,154.2751832220729,6,10.727451691573998,1025.919651797675,2026-07-30 06:00:00,0xec262a75e413fafd0df80480274532c79d42da09
11,5.693254192813709,533.318350065115,0,,,5,1.4740480834316978,140.8930328790135,5,1.6593367999416067,158.40192647135007,2026-07-30 07:00:00,0xec262a75e413fafd0df80480274532c79d42da09
2,0.03977228958159965,3.762737582936073,11,40.563082162624205,3945.5506880437442,6,10.886035915890623,1041.0216347171627,3,0.7033001901390504,65.95955615763337,2026-07-30 08:00:00,0xec262a75e413fafd0df80480274532c79d42da09
0,,,2,0.0076145662113964495,0.7306175042658454,2,1.9226492610670942,183.52817504621757,5,6.857863324447969,645.8305051751485,2026-07-30 09:00:00,0xec262a75e413fafd0df80480274532c79d42da09
1,0.05303847443691755,5.006053289273291,1,0.014143249792826627,1.3540355402200002,8,11.20943857233855,1078.7475856885417,4,1.6327406697794202,154.2751832220729,2026-07-30 10:00:00,0xec262a75e413fafd0df80480274532c79d42da09
5,11.919956633014923,1136.8958217561324,2,2.070317007167785,202.6192402485605,16,32.23399025248998,2970.848296734172,5,1.4740480834316978,140.8930328790135,2026-07-30 11:00:00,0xec262a75e413fafd0df80480274532c79d42da09
1,3.859343747461171,364.87344381618846,5,1.8366934053136141,177.88890380326833,4,2.57040232038949,247.6162941393424,6,10.886035915890623,1041.0216347171627,2026-07-30 12:00:00,0xec262a75e413fafd0df80480274532c79d42da09
2,1.0690539528494392,102.83975002804077,4,1.633245913220924,158.5404266828515,9,20.1248732022978,1941.3547168961725,2,1.9226492610670942,183.52817504621757,2026-07-30 13:00:00,0xec262a75e413fafd0df80480274532c79d42da09
11,30.652663913599323,2920.3949517950514,0,,,9,22.293010913060765,2160.2296749652446,8,11.20943857233855,1078.7475856885417,2026-07-30 14:00:00,0xec262a75e413fafd0df80480274532c79d42da09
8,9.484743642414918,912.4253604908823,4,0.6920708996017546,66.584108048656,0,,,16,32.23399025248998,2970.848296734172,2026-07-30 15:00:00,0xec262a75e413fafd0df80480274532c79d42da09
5,6.21091719795445,599.1824059404879,2,8.052824411913964,782.4236359553211,11,40.563082162624205,3945.5506880437442,4,2.57040232038949,247.6162941393424,2026-07-30 16:00:00,0xec262a75e413fafd0df80480274532c79d42da09
7,10.506948989129576,1015.4301198166394,2,0.27922115864397207,26.848520062838,2,0.0076145662113964495,0.7306175042658454,9,20.1248732022978,1941.3547168961725,2026-07-30 17:00:00,0xec262a75e413fafd0df80480274532c79d42da09
6,7.412138595590057,717.9695577334045,0,,,1,0.014143249792826627,1.3540355402200002,9,22.293010913060765,2160.2296749652446,2026-07-30 18:00:00,0xec262a75e413fafd0df80480274532c79d42da09
4,9.778572066267332,949.1374437984348,0,,,2,2.070317007167785,202.6192402485605,0,,,2026-07-30 19:00:00,0xec262a75e413fafd0df80480274532c79d42da09
10,9.45297127837405,921.3427850503568,2,2.0888522543168397,200.211263466088,5,1.8366934053136141,177.88890380326833,11,40.563082162624205,3945.5506880437442,2026-07-30 20:00:00,0xec262a75e413fafd0df80480274532c79d42da09
1,0.04332410001836286,4.148063523719999,1,0.023437674305398927,2.2124292839729134,4,1.633245913220924,158.5404266828515,2,0.0076145662113964495,0.7306175042658454,2026-07-30 21:00:00,0xec262a75e413fafd0df80480274532c79d42da09
2,1.5868251997243044,152.2296496755216,0,,,0,,,1,0.014143249792826627,1.3540355402200002,2026-07-30 22:00:00,0xec262a75e413fafd0df80480274532c79d42da09
1,0.02315039984477947,2.217918630052518,0,,,4,0.6920708996017546,66.584108048656,2,2.070317007167785,202.6192402485605,2026-07-30 23:00:00,0xec262a75e413fafd0df80480274532c79d42da09
2,1.0531159325405255,102.764089591368,4,15.15716687615921,1455.4935220690666,2,8.052824411913964,782.4236359553211,5,1.8366934053136141,177.88890380326833,2026-07-31 00:00:00,0xec262a75e413fafd0df80480274532c79d42da09
16,38.132787722336865,3738.107631600467,1,1.0053307172440216,95.86866864110002,2,0.27922115864397207,26.848520062838,4,1.633245913220924,158.5404266828515,2026-07-31 01:00:00,0xec262a75e413fafd0df80480274532c79d42da09
2,0.57683442169737,55.701752622960406,59,182.48648654732528,17016.830474134404,0,,,0,,,2026-07-31 02:00:00,0xec262a75e413fafd0df80480274532c79d42da09
1,1.0232131931308988,98.437228232035,7,12.961853859053411,1173.2990999525566,0,,,4,0.6920708996017546,66.584108048656,2026-07-31 03:00:00,0xec262a75e413fafd0df80480274532c79d42da09
0,,,4,2.6402769323984843,239.36784196219344,2,2.0888522543168397,200.211263466088,2,8.052824411913964,782.4236359553211,2026-07-31 04:00:00,0xec262a75e413fafd0df80480274532c79d42da09
5,0.4362140226322847,42.154076878935,17,28.571598732935062,2634.6541429572485,1,0.023437674305398927,2.2124292839729134,2,0.27922115864397207,26.848520062838,2026-07-31 05:00:00,0xec262a75e413fafd0df80480274532c79d42da09
0,,,17,99.77586013064098,9366.687914255659,0,,,0,,,2026-07-31 06:00:00,0xec262a75e413fafd0df80480274532c79d42da09
4,5.80804942,557.49746308139,9,51.4881890077185,4857.824259870224,0,,,0,,,2026-07-31 07:00:00,0xec262a75e413fafd0df80480274532c79d42da09
3,6.233663910000001,596.513947879488,1,0.035056776467529346,3.2451145549484344,4,15.15716687615921,1455.4935220690666,2,2.0888522543168397,200.211263466088,2026-07-31 08:00:00,0xec262a75e413fafd0df80480274532c79d42da09
1,0.4938329203136701,47.179936355630005,0,,,1,1.0053307172440216,95.86866864110002,1,0.023437674305398927,2.2124292839729134,2026-07-31 09:00:00,0xec262a75e413fafd0df80480274532c79d42da09
2,2.2125848427837225,211.31014358239202,1,0.7006444491424315,66.05751494026106,59,182.48648654732528,17016.830474134404,0,,,2026-07-31 10:00:00,0xec262a75e413fafd0df80480274532c79d42da09
1,0.05997048248247048,5.723526254248,2,0.5515576606881275,51.071249240072,7,12.961853859053411,1173.2990999525566,0,,,2026-07-31 11:00:00,0xec262a75e413fafd0df80480274532c79d42da09
2,2.6618047679816845,253.99444206468402,1,5.295435601275869,499.07013348830617,4,2.6402769323984843,239.36784196219344,4,15.15716687615921,1455.4935220690666,2026-07-31 12:00:00,0xec262a75e413fafd0df80480274532c79d42da09
4,4.2082701799999995,400.7875486866179,1,0.04151018961123519,3.8427054558645835,17,28.571598732935062,2634.6541429572485,1,1.0053307172440216,95.86866864110002,2026-07-31 13:00:00,0xec262a75e413fafd0df80480274532c79d42da09
72,160.12802410510776,14621.845870391418,0,,,17,99.77586013064098,9366.687914255659,59,182.48648654732528,17016.830474134404,2026-07-31 14:00:00,0xec262a75e413fafd0df80480274532c79d42da09
10,35.4545553943664,3201.7035745076364,0,,,9,51.4881890077185,4857.824259870224,7,12.961853859053411,1173.2990999525566,2026-07-31 15:00:00,0xec262a75e413fafd0df80480274532c79d42da09
4,5.508777636799612,502.6158783033204,0,,,1,0.035056776467529346,3.2451145549484344,4,2.6402769323984843,239.36784196219344,2026-07-31 16:00:00,0xec262a75e413fafd0df80480274532c79d42da09
26,70.70843354721431,6554.48287135364,0,,,0,,,17,28.571598732935062,2634.6541429572485,2026-07-31 17:00:00,0xec262a75e413fafd0df80480274532c79d42da09
0,,,0,,,1,0.7006444491424315,66.05751494026106,17,99.77586013064098,9366.687914255659,2026-07-31 18:00:00,0xec262a75e413fafd0df80480274532c79d42da09
2,2.143408348935245,203.01970372788003,2,1.078087526822562,99.94727608286442,2,0.5515576606881275,51.071249240072,9,51.4881890077185,4857.824259870224,2026-07-31 19:00:00,0xec262a75e413fafd0df80480274532c79d42da09
6,5.113627908386128,474.3877515688713,2,1.6016343916514841,148.4571367891148,1,5.295435601275869,499.07013348830617,1,0.035056776467529346,3.2451145549484344,2026-07-31 20:00:00,0xec262a75e413fafd0df80480274532c79d42da09
0,,,0,,,1,0.04151018961123519,3.8427054558645835,0,,,2026-07-31 21:00:00,0xec262a75e413fafd0df80480274532c79d42da09
1,0.07789765543069707,7.193812253746172,2,0.35997370167814535,33.362056841341165,0,,,1,0.7006444491424315,66.05751494026106,2026-07-31 22:00:00,0xec262a75e413fafd0df80480274532c79d42da09
1,0.018924850949466363,1.7470664929257964,1,1.058980526569286,99.88608888531596,0,,,2,0.5515576606881275,51.071249240072,2026-07-31 23:00:00,0xec262a75e413fafd0df80480274532c79d42da09
2,1.397731363491657,129.326476120755,2,1.6170813231750127,152.2377036583529,0,,,1,5.295435601275869,499.07013348830617,2026-08-01 00:00:00,0xec262a75e413fafd0df80480274532c79d42da09
2,0.8475211693381302,79.229627906535,1,0.15881917647171423,15.00657,0,,,1,0.04151018961123519,3.8427054558645835,2026-08-01 01:00:00,0xec262a75e413fafd0df80480274532c79d42da09
1,0.06022463621995514,5.578498140127702,0,,,0,,,0,,,2026-08-01 02:00:00,0xec262a75e413fafd0df80480274532c79d42da09
2,1.1538442530935815,106.92263888833097,2,0.07853070376370694,7.3329187144689305,2,1.078087526822562,99.94727608286442,0,,,2026-08-01 03:00:00,0xec262a75e413fafd0df80480274532c79d42da09
0,,,60,55.402134777971504,5207.166694900802,2,1.6016343916514841,148.4571367891148,0,,,2026-08-01 04:00:00,0xec262a75e413fafd0df80480274532c79d42da09
0,,,9,10.639165449183158,987.1939218491979,0,,,0,,,2026-08-01 05:00:00,0xec262a75e413fafd0df80480274532c79d42da09
1,0.7205679328531118,66.77316712157779,0,,,2,0.35997370167814535,33.362056841341165,0,,,2026-08-01 06:00:00,0xec262a75e413fafd0df80480274532c79d42da09
0,,,5,5.843291711519828,541.3295868034729,1,1.058980526569286,99.88608888531596,2,1.078087526822562,99.94727608286442,2026-08-01 07:00:00,0xec262a75e413fafd0df80480274532c79d42da09
0,,,1,0.03816455621954477,3.4817849140149404,2,1.6170813231750127,152.2377036583529,2,1.6016343916514841,148.4571367891148,2026-08-01 08:00:00,0xec262a75e413fafd0df80480274532c79d42da09
0,,,0,,,1,0.15881917647171423,15.00657,0,,,2026-08-01 09:00:00,0xec262a75e413fafd0df80480274532c79d42da09
2,0.8047240195137402,74.52731444045713,0,,,0,,,2,0.35997370167814535,33.362056841341165,2026-08-01 10:00:00,0xec262a75e413fafd0df80480274532c79d42da09
2,1.1065248503696834,102.67508660990936,1,0.03927750799540683,3.5983900234135286,2,0.07853070376370694,7.3329187144689305,1,1.058980526569286,99.88608888531596,2026-08-01 11:00:00,0xec262a75e413fafd0df80480274532c79d42da09
0,,,1,0.000106936235887183,0.01000128,60,55.402134777971504,5207.166694900802,2,1.6170813231750127,152.2377036583529,2026-08-01 12:00:00,0xec262a75e413fafd0df80480274532c79d42da09
1,0.15881917647171423,14.703489703174998,1,0.10695552031756463,9.992844361876793,9,10.639165449183158,987.1939218491979,1,0.15881917647171423,15.00657,2026-08-01 13:00:00,0xec262a75e413fafd0df80480274532c79d42da09
3,0.3451369935286684,32.331527007328546,3,0.41200236306849325,38.38209160705693,0,,,0,,,2026-08-01 14:00:00,0xec262a75e413fafd0df80480274532c79d42da09
52,97.7781627651144,9202.611673565756,2,1.0935727561725745,102.603984959852,5,5.843291711519828,541.3295868034729,2,0.07853070376370694,7.3329187144689305,2026-08-01 15:00:00,0xec262a75e413fafd0df80480274532c79d42da09
4,2.1135513252797997,196.28088945319797,0,,,1,0.03816455621954477,3.4817849140149404,60,55.402134777971504,5207.166694900802,2026-08-01 16:00:00,0xec262a75e413fafd0df80480274532c79d42da09
3,1.0963583775462,103.46838309243671,1,0.01065918249476794,1.000491,0,,,9,10.639165449183158,987.1939218491979,2026-08-01 17:00:00,0xec262a75e413fafd0df80480274532c79d42da09
3,2.6846194343599814,251.30872327996752,1,0.4446771916854808,41.74496892573,0,,,0,,,2026-08-01 18:00:00,0xec262a75e413fafd0df80480274532c79d42da09
2,0.38224500230520314,35.341795155104,0,,,1,0.03927750799540683,3.5983900234135286,5,5.843291711519828,541.3295868034729,2026-08-01 19:00:00,0xec262a75e413fafd0df80480274532c79d42da09
0,,,0,,,1,0.000106936235887183,0.01000128,1,0.03816455621954477,3.4817849140149404,2026-08-01 20:00:00,0xec262a75e413fafd0df80480274532c79d42da09
0,,,2,15.93533365633054,1491.6891899303369,1,0.10695552031756463,9.992844361876793,0,,,2026-08-01 21:00:00,0xec262a75e413fafd0df80480274532c79d42da09
71,62.687318286127855,5788.28149367587,0,,,3,0.41200236306849325,38.38209160705693,0,,,2026-08-01 22:00:00,0xec262a75e413fafd0df80480274532c79d42da09
2,0.27110402491095126,24.85642574830314,1,0.07386112825833321,6.830894669761643,2,1.0935727561725745,102.603984959852,1,0.03927750799540683,3.5983900234135286,2026-08-01 23:00:00,0xec262a75e413fafd0df80480274532c79d42da09
1,2.8,261.43546856125846,0,,,0,,,1,0.000106936235887183,0.01000128,2026-08-02 00:00:00,0xec262a75e413fafd0df80480274532c79d42da09
2,0.7484642663735035,69.96993851001912,3,2.453791770521187,228.4096349907112,1,0.01065918249476794,1.000491,1,0.10695552031756463,9.992844361876793,2026-08-02 01:00:00,0xec262a75e413fafd0df80480274532c79d42da09
4,4.245241605559611,397.52506854450803,2,1.5520827619640374,143.46982222644434,1,0.4446771916854808,41.74496892573,3,0.41200236306849325,38.38209160705693,2026-08-02 02:00:00,0xec262a75e413fafd0df80480274532c79d42da09
1,0.34433048435304026,32.039053491434665,4,2.319729050094786,213.95088207616735,0,,,2,1.0935727561725745,102.603984959852,2026-08-02 03:00:00,0xec262a75e413fafd0df80480274532c79d42da09
3,0.42468112666172303,39.279733672655,4,2.540135945095627,233.85131981052638,0,,,0,,,2026-08-02 04:00:00,0xec262a75e413fafd0df80480274532c79d42da09
1,0.3197482522330321,30.01662,0,,,2,15.93533365633054,1491.6891899303369,1,0.01065918249476794,1.000491,2026-08-02 05:00:00,0xec262a75e413fafd0df80480274532c79d42da09
1,0.3196223165957257,30.01239,0,,,0,,,1,0.4446771916854808,41.74496892573,2026-08-02 06:00:00,0xec262a75e413fafd0df80480274532c79d42da09
2,12.478333023753434,1161.107882393553,0,,,1,0.07386112825833321,6.830894669761643,0,,,2026-08-02 07:00:00,0xec262a75e413fafd0df80480274532c79d42da09
7,1.9174991492291888,178.84628267284478,2,0.04078667104954242,3.7947570261294166,0,,,0,,,2026-08-02 08:00:00,0xec262a75e413fafd0df80480274532c79d42da09
0,,,2,13.630420094594015,1284.5285555837302,3,2.453791770521187,228.4096349907112,2,15.93533365633054,1491.6891899303369,2026-08-02 09:00:00,0xec262a75e413fafd0df80480274532c79d42da09
0,,,2,5.274889426688889,500.2565130959679,2,1.5520827619640374,143.46982222644434,0,,,2026-08-02 10:00:00,0xec262a75e413fafd0df80480274532c79d42da09
2,0.054243753936239765,5.012612499229621,1,0.07198288621035884,6.701702295474,4,2.319729050094786,213.95088207616735,1,0.07386112825833321,6.830894669761643,2026-08-02 11:00:00,0xec262a75e413fafd0df80480274532c79d42da09
0,,,2,4.444228901107147,413.7479772468836,4,2.540135945095627,233.85131981052638,0,,,2026-08-02 12:00:00,0xec262a75e413fafd0df80480274532c79d42da09
1,0.06037118035562127,5.5790311161199995,1,1.718624744250724,159.97706407872002,0,,,3,2.453791770521187,228.4096349907112,2026-08-02 13:00:00,0xec262a75e413fafd0df80480274532c79d42da09
1,0.0987726090037106,9.127760969436,0,,,0,,,2,1.5520827619640374,143.46982222644434,2026-08-02 14:00:00,0xec262a75e413fafd0df80480274532c79d42da09
3,1.7716503156574226,163.13119010969922,0,,,0,,,4,2.319729050094786,213.95088207616735,2026-08-02 15:00:00,0xec262a75e413fafd0df80480274532c79d42da09
0,,,2,4.9101547825212295,454.08602628359495,2,0.04078667104954242,3.7947570261294166,4,2.540135945095627,233.85131981052638,2026-08-02 16:00:00,0xec262a75e413fafd0df80480274532c79d42da09
1,0.36,33.2689906256,3,3.874242301778103,360.69661869432923,2,13.630420094594015,1284.5285555837302,0,,,2026-08-02 17:00:00,0xec262a75e413fafd0df80480274532c79d42da09
0,,,0,,,2,5.274889426688889,500.2565130959679,0,,,2026-08-02 18:00:00,0xec262a75e413fafd0df80480274532c79d42da09
1,2.581383889887054,243.148541003922,1,0.10707912064522201,9.991782432356251,1,0.07198288621035884,6.701702295474,0,,,2026-08-02 19:00:00,0xec262a75e413fafd0df80480274532c79d42da09
1,0.32560062676188306,30.736535339588002,0,,,2,4.444228901107147,413.7479772468836,2,0.04078667104954242,3.7947570261294166,2026-08-02 20:00:00,0xec262a75e413fafd0df80480274532c79d42da09
1,0.030896169993887383,2.879047201710352,9,6.270897277574358,577.0531884210061,1,1.718624744250724,159.97706407872002,2,13.630420094594015,1284.5285555837302,2026-08-02 21:00:00,0xec262a75e413fafd0df80480274532c79d42da09
3,3.1068814272164236,294.53142715840636,1,0.03348631894432519,3.119228620204208,0,,,2,5.274889426688889,500.2565130959679,2026-08-02 22:00:00,0xec262a75e413fafd0df80480274532c79d42da09
0,,,0,,,0,,,1,0.07198288621035884,6.701702295474,2026-08-02 23:00:00,0xec262a75e413fafd0df80480274532c79d42da09
0,,,12,47.770159355301246,4451.293176189911,2,4.9101547825212295,454.08602628359495,2,4.444228901107147,413.7479772468836,2026-08-03 00:00:00,0xec262a75e413fafd0df80480274532c79d42da09
3,1.1764207726400613,109.32291815786971,3,5.6661743463080425,517.6131812337723,3,3.874242301778103,360.69661869432923,1,1.718624744250724,159.97706407872002,2026-08-03 01:00:00,0xec262a75e413fafd0df80480274532c79d42da09
3,13.90944478910963,1291.1933578954645,33,123.801395096683,11637.905064478926,0,,,0,,,2026-08-03 02:00:00,0xec262a75e413fafd0df80480274532c79d42da09
0,,,12,13.18850013504642,1250.6803130296244,1,0.10707912064522201,9.991782432356251,0,,,2026-08-03 03:00:00,0xec262a75e413fafd0df80480274532c79d42da09
0,,,2,4.3617238610253315,406.59986441420523,0,,,2,4.9101547825212295,454.08602628359495,2026-08-03 04:00:00,0xec262a75e413fafd0df80480274532c79d42da09
0,,,2,0.000494,0.0460996992486596,9,6.270897277574358,577.0531884210061,3,3.874242301778103,360.69661869432923,2026-08-03 05:00:00,0xec262a75e413fafd0df80480274532c79d42da09
1,0.6568520881278975,60.37695407783632,0,,,1,0.03348631894432519,3.119228620204208,0,,,2026-08-03 06:00:00,0xec262a75e413fafd0df80480274532c79d42da09
1,0.872115344364153,80.484222956165,0,,,0,,,1,0.10707912064522201,9.991782432356251,2026-08-03 07:00:00,0xec262a75e413fafd0df80480274532c79d42da09
6,3.099610612074768,285.8596231879741,0,,,12,47.770159355301246,4451.293176189911,0,,,2026-08-03 08:00:00,0xec262a75e413fafd0df80480274532c79d42da09
0,,,1,0.32721453116825244,30.720942803817,3,5.6661743463080425,517.6131812337723,9,6.270897277574358,577.0531884210061,2026-08-03 09:00:00,0xec262a75e413fafd0df80480274532c79d42da09
0,,,3,15.350778175618021,1467.1119960319093,33,123.801395096683,11637.905064478926,1,0.03348631894432519,3.119228620204208,2026-08-03 10:00:00,0xec262a75e413fafd0df80480274532c79d42da09
1,0.028296763441137247,2.6316634237967933,0,,,12,13.18850013504642,1250.6803130296244,0,,,2026-08-03 11:00:00,0xec262a75e413fafd0df80480274532c79d42da09
55,41.192666902519534,3768.7346027693634,0,,,2,4.3617238610253315,406.59986441420523,12,47.770159355301246,4451.293176189911,2026-08-03 12:00:00,0xec262a75e413fafd0df80480274532c79d42da09
1,0.04266914663551984,3.909583682978367,1,0.5343891926037952,49.979193064849994,2,0.000494,0.0460996992486596,3,5.6661743463080425,517.6131812337723,2026-08-03 13:00:00,0xec262a75e413fafd0df80480274532c79d42da09
0,,,1,5.335894562723441,499.77673303462575,0,,,33,123.801395096683,11637.905064478926,2026-08-03 14:00:00,0xec262a75e413fafd0df80480274532c79d42da09
5,3.137301505964666,298.77935077671907,5,5.052900728705541,480.77425248491153,0,,,12,13.18850013504642,1250.6803130296244,2026-08-03 15:00:00,0xec262a75e413fafd0df80480274532c79d42da09
0,,,0,,,0,,,2,4.3617238610253315,406.59986441420523,2026-08-03 16:00:00,0xec262a75e413fafd0df80480274532c79d42da09
7,31.46879513609107,3003.4058335133914,0,,,1,0.32721453116825244,30.720942803817,2,0.000494,0.0460996992486596,2026-08-03 17:00:00,0xec262a75e413fafd0df80480274532c79d42da09
0,,,0,,,3,15.350778175618021,1467.1119960319093,0,,,2026-08-03 18:00:00,0xec262a75e413fafd0df80480274532c79d42da09
2,0.09332290196496502,8.746810476628394,4,0.3662111354117169,34.83680294700434,0,,,0,,,2026-08-03 19:00:00,0xec262a75e413fafd0df80480274532c79d42da09
0,,,3,0.8834892444760597,82.62959354460695,0,,,0,,,2026-08-03 20:00:00,0xec262a75e413fafd0df80480274532c79d42da09
3,0.40476870140825705,38.001417052371,1,0.008019944861831434,0.7621479261925636,1,0.5343891926037952,49.979193064849994,1,0.32721453116825244,30.720942803817,2026-08-03 21:00:00,0xec262a75e413fafd0df80480274532c79d42da09
4,15.191794755119792,1429.1083694484948,1,0.10549788535843707,10.01619,1,5.335894562723441,499.77673303462575,3,15.350778175618021,1467.1119960319093,2026-08-03 22:00:00,0xec262a75e413fafd0df80480274532c79d42da09
0,,,1,0.004346617777272206,0.41514694088387055,5,5.052900728705541,480.77425248491153,0,,,2026-08-03 23:00:00,0xec262a75e413fafd0df80480274532c79d42da09
1,0.9164293070738144,85.695224347568,0,,,0,,,0,,,2026-08-04 00:00:00,0xec262a75e413fafd0df80480274532c79d42da09
1,0.0867832328220165,8.238038138703033,8,13.25946528804502,1246.2724673698374,0,,,1,0.5343891926037952,49.979193064849994,2026-08-04 01:00:00,0xec262a75e413fafd0df80480274532c79d42da09
2,9.265284740395074,866.8987259976888,4,8.392342933348539,798.2176167067917,0,,,1,5.335894562723441,499.77673303462575,2026-08-04 02:00:00,0xec262a75e413fafd0df80480274532c79d42da09
1,1.1249499925414148,105.14729652500662,7,21.013826883013504,2000.3697156,4,0.3662111354117169,34.83680294700434,5,5.052900728705541,480.77425248491153,2026-08-04 03:00:00,0xec262a75e413fafd0df80480274532c79d42da09
1,0.7403415477782476,69.120834946218,7,12.201664183543544,1167.4185365041535,3,0.8834892444760597,82.62959354460695,0,,,2026-08-04 04:00:00,0xec262a75e413fafd0df80480274532c79d42da09
0,,,2,3.096241979452568,296.6415340774371,1,0.008019944861831434,0.7621479261925636,0,,,2026-08-04 05:00:00,0xec262a75e413fafd0df80480274532c79d42da09
1,0.15141104127762772,14.44420939530027,14,13.824182085478611,1327.190631058976,1,0.10549788535843707,10.01619,0,,,2026-08-04 06:00:00,0xec262a75e413fafd0df80480274532c79d42da09
3,0.037249778868000544,3.5224073141343535,35,81.0858689215545,7861.093273559352,1,0.004346617777272206,0.41514694088387055,4,0.3662111354117169,34.83680294700434,2026-08-04 07:00:00,0xec262a75e413fafd0df80480274532c79d42da09
2,0.051482189980086496,4.906535818001295,6,15.894404502809966,1549.1676778928754,0,,,3,0.8834892444760597,82.62959354460695,2026-08-04 08:00:00,0xec262a75e413fafd0df80480274532c79d42da09
2,10.722434986604327,999.497729837194,8,11.51929296562081,1116.9678909764289,8,13.25946528804502,1246.2724673698374,1,0.008019944861831434,0.7621479261925636,2026-08-04 09:00:00,0xec262a75e413fafd0df80480274532c79d42da09
1,0.01826013744652212,1.698636058264,5,7.418477930123579,708.7357227467096,4,8.392342933348539,798.2176167067917,1,0.10549788535843707,10.01619,2026-08-04 10:00:00,0xec262a75e413fafd0df80480274532c79d42da09
2,0.005543196307044787,0.5187883994807949,0,,,7,21.013826883013504,2000.3697156,1,0.004346617777272206,0.41514694088387055,2026-08-04 11:00:00,0xec262a75e413fafd0df80480274532c79d42da09
1,5.326799126404943,498.84041970611935,0,,,7,12.201664183543544,1167.4185365041535,0,,,2026-08-04 12:00:00,0xec262a75e413fafd0df80480274532c79d42da09
1,0.023726110271034183,2.226708390713618,0,,,2,3.096241979452568,296.6415340774371,8,13.25946528804502,1246.2724673698374,2026-08-04 13:00:00,0xec262a75e413fafd0df80480274532c79d42da09
9,21.351795407729814,1989.285162330576,1,0.009669055884434272,0.92403916809,14,13.824182085478611,1327.190631058976,4,8.392342933348539,798.2176167067917,2026-08-04 14:00:00,0xec262a75e413fafd0df80480274532c79d42da09
9,26.963166709764707,2577.5593942293526,0,,,35,81.0858689215545,7861.093273559352,7,21.013826883013504,2000.3697156,2026-08-04 15:00:00,0xec262a75e413fafd0df80480274532c79d42da09
11,14.966677868206501,1436.6072399390519,1,0.000930833256632162,0.08895227772799999,6,15.894404502809966,1549.1676778928754,7,12.201664183543544,1167.4185365041535,2026-08-04 16:00:00,0xec262a75e413fafd0df80480274532c79d42da09
19,29.65954259135908,2845.0722927428674,2,1.1308098006824678,109.92372871595097,8,11.51929296562081,1116.9678909764289,2,3.096241979452568,296.6415340774371,2026-08-04 17:00:00,0xec262a75e413fafd0df80480274532c79d42da09
1,7.243580256797218,700.1260000000001,1,0.01838966325483171,1.7927728673899999,5,7.418477930123579,708.7357227467096,14,13.824182085478611,1327.190631058976,2026-08-04 18:00:00,0xec262a75e413fafd0df80480274532c79d42da09
3,9.897663140862939,945.2510742520147,0,,,0,,,35,81.0858689215545,7861.093273559352,2026-08-04 19:00:00,0xec262a75e413fafd0df80480274532c79d42da09
3,5.366415487261245,516.9648638458917,11,2.5082130430212897,241.47709097529173,0,,,6,15.894404502809966,1549.1676778928754,2026-08-04 20:00:00,0xec262a75e413fafd0df80480274532c79d42da09
0,,,5,3.0956013600381356,296.34614817043973,0,,,8,11.51929296562081,1116.9678909764289,2026-08-04 21:00:00,0xec262a75e413fafd0df80480274532c79d42da09
3,0.6254740714575857,60.88316240165799,0,,,1,0.009669055884434272,0.92403916809,5,7.418477930123579,708.7357227467096,2026-08-04 22:00:00,0xec262a75e413fafd0df80480274532c79d42da09
5,9.885844117557825,954.3531554488798,2,1.5739511063483087,151.16853721800712,0,,,0,,,2026-08-04 23:00:00,0xec262a75e413fafd0df80480274532c79d42da09
97,33.64308085581294,28297.8459908234,11,1.1303870313776345,930.393188688054,36,11.97625606781239,9375.618465455911,94,33.79062370468442,27659.157787952343,2026-07-29 00:00:00,0xff080c8ce2e5feadaca0da81314ae59d232d4afd
56,12.986232431759664,10570.136907341475,23,3.3262835381622486,2741.26293304959,62,13.99853411055182,10896.81200466278,69,14.046017430016674,11568.973731458294,2026-07-29 01:00:00,0xff080c8ce2e5feadaca0da81314ae59d232d4afd
42,6.7013436750199995,5301.3162171279855,131,70.64052294517086,57489.88054844385,44,10.86313717310854,8737.424685459522,77,30.047725873068533,24115.951429890658,2026-07-29 02:00:00,0xff080c8ce2e5feadaca0da81314ae59d232d4afd
10,0.7747785034039544,613.226140580063,87,17.383227402078138,13631.645353840226,31,6.313421541465362,5096.884089800176,16,1.9599215521010818,1571.248231762399,2026-07-29 03:00:00,0xff080c8ce2e5feadaca0da81314ae59d232d4afd
93,18.01888461908218,13826.804943296818,62,14.682610273056582,11361.40522919511,3,0.1538229998089224,124.753809908234,36,11.97625606781239,9375.618465455911,2026-07-29 04:00:00,0xff080c8ce2e5feadaca0da81314ae59d232d4afd
48,16.063006027787416,12738.38727049509,24,10.670489641287505,8185.0493281358,19,1.9857722457835902,1610.697090188413,62,13.99853411055182,10896.81200466278,2026-07-29 05:00:00,0xff080c8ce2e5feadaca0da81314ae59d232d4afd
21,6.169719120503016,4879.643194668578,21,4.277257954073727,3301.74350772871,46,21.214765531508956,17714.13993842986,44,10.86313717310854,8737.424685459522,2026-07-29 06:00:00,0xff080c8ce2e5feadaca0da81314ae59d232d4afd
12,1.9492497508678277,1580.2824661078869,124,37.27023039728741,29251.863538660615,52,18.052300977928617,14771.902632885864,31,6.313421541465362,5096.884089800176,2026-07-29 07:00:00,0xff080c8ce2e5feadaca0da81314ae59d232d4afd
20,2.6418329871938253,2139.3864877385436,118,29.89824915122948,22453.253513086533,11,1.1303870313776345,930.393188688054,3,0.1538229998089224,124.753809908234,2026-07-29 08:00:00,0xff080c8ce2e5feadaca0da81314ae59d232d4afd
56,19.140099650382503,15742.809071829704,29,4.7251574615045255,3392.4611440056838,23,3.3262835381622486,2741.26293304959,19,1.9857722457835902,1610.697090188413,2026-07-29 09:00:00,0xff080c8ce2e5feadaca0da81314ae59d232d4afd
6,0.4431347769555774,368.641923238117,25,2.32816282820487,1670.1156080076455,131,70.64052294517086,57489.88054844385,46,21.214765531508956,17714.13993842986,2026-07-29 10:00:00,0xff080c8ce2e5feadaca0da81314ae59d232d4afd
30,4.834361531473787,3944.8732540274386,15,2.0659755600625687,1511.6621386598708,87,17.383227402078138,13631.645353840226,52,18.052300977928617,14771.902632885864,2026-07-29 11:00:00,0xff080c8ce2e5feadaca0da81314ae59d232d4afd
12,1.7681165855727454,1457.436350241419,11,1.2927246710005038,944.8229816003409,62,14.682610273056582,11361.40522919511,11,1.1303870313776345,930.393188688054,2026-07-29 12:00:00,0xff080c8ce2e5feadaca0da81314ae59d232d4afd
19,7.64928274418602,6368.996908502903,36,5.303063823078708,3873.1895402867463,24,10.670489641287505,8185.0493281358,23,3.3262835381622486,2741.26293304959,2026-07-29 13:00:00,0xff080c8ce2e5feadaca0da81314ae59d232d4afd
70,26.72780594334485,21233.81402716826,81,21.852296852382093,16637.27792040603,21,4.277257954073727,3301.74350772871,131,70.64052294517086,57489.88054844385,2026-07-29 14:00:00,0xff080c8ce2e5feadaca0da81314ae59d232d4afd
18,1.4939060328931464,1175.172984338252,70,18.273855207641517,13462.367627171827,124,37.27023039728741,29251.863538660615,87,17.383227402078138,13631.645353840226,2026-07-29 15:00:00,0xff080c8ce2e5feadaca0da81314ae59d232d4afd
51,13.619637663301267,10428.926944070214,6,0.7214135599130199,529.906242427001,118,29.89824915122948,22453.253513086533,62,14.682610273056582,11361.40522919511,2026-07-29 16:00:00,0xff080c8ce2e5feadaca0da81314ae59d232d4afd
54,20.728441721624566,16201.319657230037,20,2.347873415022385,1700.4089790890425,29,4.7251574615045255,3392.4611440056838,24,10.670489641287505,8185.0493281358,2026-07-29 17:00:00,0xff080c8ce2e5feadaca0da81314ae59d232d4afd
98,22.967466119740074,17762.102451646704,14,1.5393596544194066,1123.179142561812,25,2.32816282820487,1670.1156080076455,21,4.277257954073727,3301.74350772871,2026-07-29 18:00:00,0xff080c8ce2e5feadaca0da81314ae59d232d4afd
140,44.10416166156618,33993.294012486695,12,1.1177670033471263,813.4598074955001,15,2.0659755600625687,1511.6621386598708,124,37.27023039728741,29251.863538660615,2026-07-29 19:00:00,0xff080c8ce2e5feadaca0da81314ae59d232d4afd
113,25.945587759413883,18912.746554836634,4,0.18548944454567767,133.848676536584,11,1.2927246710005038,944.8229816003409,118,29.89824915122948,22453.253513086533,2026-07-29 20:00:00,0xff080c8ce2e5feadaca0da81314ae59d232d4afd
67,11.698677214832282,8322.616292859477,13,1.2103937606822095,884.56125325669,36,5.303063823078708,3873.1895402867463,29,4.7251574615045255,3392.4611440056838,2026-07-29 21:00:00,0xff080c8ce2e5feadaca0da81314ae59d232d4afd
73,17.44583372796828,12752.587931726317,7,0.1784820061816339,130.55866032316,81,21.852296852382093,16637.27792040603,25,2.32816282820487,1670.1156080076455,2026-07-29 22:00:00,0xff080c8ce2e5feadaca0da81314ae59d232d4afd
9,1.4511667976364169,1061.7072999486638,58,10.956213833428635,8209.251906741496,70,18.273855207641517,13462.367627171827,15,2.0659755600625687,1511.6621386598708,2026-07-29 23:00:00,0xff080c8ce2e5feadaca0da81314ae59d232d4afd
61,10.069237256167298,7425.641721330682,89,107.55028875211008,83703.99489638941,6,0.7214135599130199,529.906242427001,11,1.2927246710005038,944.8229816003409,2026-07-30 00:00:00,0xff080c8ce2e5feadaca0da81314ae59d232d4afd
79,15.148888600566785,11304.557312950255,94,21.744192863859805,17027.93766467416,20,2.347873415022385,1700.4089790890425,36,5.303063823078708,3873.1895402867463,2026-07-30 01:00:00,0xff080c8ce2e5feadaca0da81314ae59d232d4afd
58,12.157725908414942,9111.139185973709,229,58.36769521290172,47467.61507516334,14,1.5393596544194066,1123.179142561812,81,21.852296852382093,16637.27792040603,2026-07-30 02:00:00,0xff080c8ce2e5feadaca0da81314ae59d232d4afd
31,7.13739888365025,5202.931338534054,80,16.479286147281904,14037.287682177042,12,1.1177670033471263,813.4598074955001,70,18.273855207641517,13462.367627171827,2026-07-30 03:00:00,0xff080c8ce2e5feadaca0da81314ae59d232d4afd
49,9.431915218422079,6857.878087404438,137,14.23182219443834,12092.9917956377,4,0.18548944454567767,133.848676536584,6,0.7214135599130199,529.906242427001,2026-07-30 04:00:00,0xff080c8ce2e5feadaca0da81314ae59d232d4afd
21,4.393555058347582,3167.9606396294844,13,0.9831247166863208,842.172066602219,13,1.2103937606822095,884.56125325669,20,2.347873415022385,1700.4089790890425,2026-07-30 05:00:00,0xff080c8ce2e5feadaca0da81314ae59d232d4afd
6,0.5729576717114725,417.69247161740395,21,1.7420013029167885,1524.328494625065,7,0.1784820061816339,130.55866032316,14,1.5393596544194066,1123.179142561812,2026-07-30 06:00:00,0xff080c8ce2e5feadaca0da81314ae59d232d4afd
15,13.951470851847171,9988.960217842767,13,0.7847413558833786,680.9713250508009,58,10.956213833428635,8209.251906741496,12,1.1177670033471263,813.4598074955001,2026-07-30 07:00:00,0xff080c8ce2e5feadaca0da81314ae59d232d4afd
45,10.71139539060859,7796.733938835932,11,0.9225744747077091,807.8443557597991,89,107.55028875211008,83703.99489638941,4,0.18548944454567767,133.848676536584,2026-07-30 08:00:00,0xff080c8ce2e5feadaca0da81314ae59d232d4afd
31,5.817944314614325,4266.936680153408,9,0.4195528969569128,373.010709339078,94,21.744192863859805,17027.93766467416,13,1.2103937606822095,884.56125325669,2026-07-30 09:00:00,0xff080c8ce2e5feadaca0da81314ae59d232d4afd
54,14.664430722504633,10852.715375149499,30,4.41129932360274,3979.01874143845,229,58.36769521290172,47467.61507516334,7,0.1784820061816339,130.55866032316,2026-07-30 10:00:00,0xff080c8ce2e5feadaca0da81314ae59d232d4afd
41,10.83743787899773,8174.668948568213,9,0.8224237620106776,747.7016420626469,80,16.479286147281904,14037.287682177042,58,10.956213833428635,8209.251906741496,2026-07-30 11:00:00,0xff080c8ce2e5feadaca0da81314ae59d232d4afd
53,9.96063962613711,7641.151953424295,23,1.854054441920269,1670.293491172461,137,14.23182219443834,12092.9917956377,89,107.55028875211008,83703.99489638941,2026-07-30 12:00:00,0xff080c8ce2e5feadaca0da81314ae59d232d4afd
48,10.781431675850161,8503.019750392397,22,1.437904853731879,1315.8972045111582,13,0.9831247166863208,842.172066602219,94,21.744192863859805,17027.93766467416,2026-07-30 13:00:00,0xff080c8ce2e5feadaca0da81314ae59d232d4afd
199,35.85436661420567,30288.59216184544,75,17.34847469963315,15641.09680567862,21,1.7420013029167885,1524.328494625065,229,58.36769521290172,47467.61507516334,2026-07-30 14:00:00,0xff080c8ce2e5feadaca0da81314ae59d232d4afd
67,8.059619740979034,6821.136268075261,18,2.067318357153956,1851.4792308642552,13,0.7847413558833786,680.9713250508009,80,16.479286147281904,14037.287682177042,2026-07-30 15:00:00,0xff080c8ce2e5feadaca0da81314ae59d232d4afd
51,8.77562252785087,7546.871236219759,7,0.3522225841531414,315.14960939976805,11,0.9225744747077091,807.8443557597991,137,14.23182219443834,12092.9917956377,2026-07-30 16:00:00,0xff080c8ce2e5feadaca0da81314ae59d232d4afd
81,14.21089291386678,12364.027756836751,19,1.7543837522651053,1594.412617079409,9,0.4195528969569128,373.010709339078,13,0.9831247166863208,842.172066602219,2026-07-30 17:00:00,0xff080c8ce2e5feadaca0da81314ae59d232d4afd
12,1.7348727220391216,1520.0703504697858,13,1.0323687991155055,942.14153294619,30,4.41129932360274,3979.01874143845,21,1.7420013029167885,1524.328494625065,2026-07-30 18:00:00,0xff080c8ce2e5feadaca0da81314ae59d232d4afd
38,5.055586583366712,4441.390576659388,141,28.92786362132947,25847.912341898184,9,0.8224237620106776,747.7016420626469,13,0.7847413558833786,680.9713250508009,2026-07-30 19:00:00,0xff080c8ce2e5feadaca0da81314ae59d232d4afd
87,12.742753735917569,11301.32911048518,29,7.250993886652266,6566.331225256609,23,1.854054441920269,1670.293491172461,11,0.9225744747077091,807.8443557597991,2026-07-30 20:00:00,0xff080c8ce2e5feadaca0da81314ae59d232d4afd
31,5.560042251009696,4985.418670965575,18,3.3345351283457716,3026.147493670517,22,1.437904853731879,1315.8972045111582,9,0.4195528969569128,373.010709339078,2026-07-30 21:00:00,0xff080c8ce2e5feadaca0da81314ae59d232d4afd
42,6.262428460560268,5678.330025686126,13,1.0599187371427896,958.9522751464037,75,17.34847469963315,15641.09680567862,30,4.41129932360274,3979.01874143845,2026-07-30 22:00:00,0xff080c8ce2e5feadaca0da81314ae59d232d4afd
37,6.1507109175372445,5488.628907015744,2,0.014319239329801526,13.10767701508,18,2.067318357153956,1851.4792308642552,9,0.8224237620106776,747.7016420626469,2026-07-30 23:00:00,0xff080c8ce2e5feadaca0da81314ae59d232d4afd
121,27.04937582054732,24752.076766165806,11,0.6558459248873606,601.450482202406,7,0.3522225841531414,315.14960939976805,23,1.854054441920269,1670.293491172461,2026-07-31 00:00:00,0xff080c8ce2e5feadaca0da81314ae59d232d4afd
30,1.664238386924889,1530.4698291395441,27,4.043776161258683,3647.8529241383767,19,1.7543837522651053,1594.412617079409,22,1.437904853731879,1315.8972045111582,2026-07-31 01:00:00,0xff080c8ce2e5feadaca0da81314ae59d232d4afd
45,8.528299384267747,7621.583664687909,305,69.49563338369896,61875.864964412685,13,1.0323687991155055,942.14153294619,75,17.34847469963315,15641.09680567862,2026-07-31 02:00:00,0xff080c8ce2e5feadaca0da81314ae59d232d4afd
15,1.4510830506547183,1299.5265883166383,52,6.170997879571174,5234.778397013058,141,28.92786362132947,25847.912341898184,18,2.067318357153956,1851.4792308642552,2026-07-31 03:00:00,0xff080c8ce2e5feadaca0da81314ae59d232d4afd
21,1.1343567055153942,1022.6921702907023,49,4.717120532732389,3892.4093528258286,29,7.250993886652266,6566.331225256609,7,0.3522225841531414,315.14960939976805,2026-07-31 04:00:00,0xff080c8ce2e5feadaca0da81314ae59d232d4afd
45,9.35744965171476,8554.179255297227,37,12.665722837852192,10620.93407210508,18,3.3345351283457716,3026.147493670517,19,1.7543837522651053,1594.412617079409,2026-07-31 05:00:00,0xff080c8ce2e5feadaca0da81314ae59d232d4afd
21,3.707960325233173,3413.2817795700676,25,4.952316253192331,4217.320768710564,13,1.0599187371427896,958.9522751464037,13,1.0323687991155055,942.14153294619,2026-07-31 06:00:00,0xff080c8ce2e5feadaca0da81314ae59d232d4afd
17,1.338114898071117,1197.68100911544,7,0.7519388090066773,629.1836616283078,2,0.014319239329801526,13.10767701508,141,28.92786362132947,25847.912341898184,2026-07-31 07:00:00,0xff080c8ce2e5feadaca0da81314ae59d232d4afd
42,4.238129951715634,3799.8596594068417,43,12.081113591629125,10007.251887475086,11,0.6558459248873606,601.450482202406,29,7.250993886652266,6566.331225256609,2026-07-31 08:00:00,0xff080c8ce2e5feadaca0da81314ae59d232d4afd
29,8.309697372534883,7577.911614700491,9,1.0725329932725167,877.0419979338576,27,4.043776161258683,3647.8529241383767,18,3.3345351283457716,3026.147493670517,2026-07-31 09:00:00,0xff080c8ce2e5feadaca0da81314ae59d232d4afd
21,0.9173477936179271,833.4868486812867,8,0.9864190348230263,805.2584005455378,305,69.49563338369896,61875.864964412685,13,1.0599187371427896,958.9522751464037,2026-07-31 10:00:00,0xff080c8ce2e5feadaca0da81314ae59d232d4afd
42,8.13716527796152,7466.182832514891,10,0.2813770438583396,231.306926649468,52,6.170997879571174,5234.778397013058,2,0.014319239329801526,13.10767701508,2026-07-31 11:00:00,0xff080c8ce2e5feadaca0da81314ae59d232d4afd
23,1.7929190982593934,1631.803999545557,5,0.6677586862141437,542.9979137353488,49,4.717120532732389,3892.4093528258286,11,0.6558459248873606,601.450482202406,2026-07-31 12:00:00,0xff080c8ce2e5feadaca0da81314ae59d232d4afd
35,5.404459203100648,4964.86601696402,3,0.15941559751404533,129.914947909344,37,12.665722837852192,10620.93407210508,27,4.043776161258683,3647.8529241383767,2026-07-31 13:00:00,0xff080c8ce2e5feadaca0da81314ae59d232d4afd
204,47.63112136306431,40320.59708009042,8,0.005653496084652429,4.606004958790384,25,4.952316253192331,4217.320768710564,305,69.49563338369896,61875.864964412685,2026-07-31 14:00:00,0xff080c8ce2e5feadaca0da81314ae59d232d4afd
130,24.607258168161938,20442.903035066665,1,0.001597784486572061,1.3041509282167412,7,0.7519388090066773,629.1836616283078,52,6.170997879571174,5234.778397013058,2026-07-31 15:00:00,0xff080c8ce2e5feadaca0da81314ae59d232d4afd
18,1.4779815061071235,1226.125393619537,6,0.09065430071571738,74.49502004850284,43,12.081113591629125,10007.251887475086,49,4.717120532732389,3892.4093528258286,2026-07-31 16:00:00,0xff080c8ce2e5feadaca0da81314ae59d232d4afd
47,10.213672446361171,8632.39860779839,2,0.001014974659249148,0.8422375182575351,9,1.0725329932725167,877.0419979338576,37,12.665722837852192,10620.93407210508,2026-07-31 17:00:00,0xff080c8ce2e5feadaca0da81314ae59d232d4afd
24,4.741174205211572,3968.8084082518144,2,0.009191943870490611,7.64334832728,8,0.9864190348230263,805.2584005455378,25,4.952316253192331,4217.320768710564,2026-07-31 18:00:00,0xff080c8ce2e5feadaca0da81314ae59d232d4afd
8,1.0952632231428856,920.8715375359391,1,0.000345750203718535,0.28117526969900003,10,0.2813770438583396,231.306926649468,7,0.7519388090066773,629.1836616283078,2026-07-31 19:00:00,0xff080c8ce2e5feadaca0da81314ae59d232d4afd
34,5.601401047467191,4594.171848199346,6,5.773533660992286,4724.235686786366,5,0.6677586862141437,542.9979137353488,43,12.081113591629125,10007.251887475086,2026-07-31 20:00:00,0xff080c8ce2e5feadaca0da81314ae59d232d4afd
11,0.06392973289167218,52.84195219562201,1,0.001754206186337682,1.458217263936,3,0.15941559751404533,129.914947909344,9,1.0725329932725167,877.0419979338576,2026-07-31 21:00:00,0xff080c8ce2e5feadaca0da81314ae59d232d4afd
20,3.5172816010317076,2864.4863962726395,2,0.0023398731328784454,1.9440927992019996,8,0.005653496084652429,4.606004958790384,8,0.9864190348230263,805.2584005455378,2026-07-31 22:00:00,0xff080c8ce2e5feadaca0da81314ae59d232d4afd
2,0.03162027095496319,26.279054795813998,2,0.004061267162444492,3.3762949986899993,1,0.001597784486572061,1.3041509282167412,10,0.2813770438583396,231.306926649468,2026-07-31 23:00:00,0xff080c8ce2e5feadaca0da81314ae59d232d4afd
18,1.6443915465417331,1344.4334039152131,17,0.7514516050995952,618.1756703719199,6,0.09065430071571738,74.49502004850284,5,0.6677586862141437,542.9979137353488,2026-08-01 00:00:00,0xff080c8ce2e5feadaca0da81314ae59d232d4afd
3,0.00926662811104286,7.690646073089377,33,6.967335558981205,5699.314726912804,2,0.001014974659249148,0.8422375182575351,3,0.15941559751404533,129.914947909344,2026-08-01 01:00:00,0xff080c8ce2e5feadaca0da81314ae59d232d4afd
5,0.004320594180794032,3.5467833343110002,0,,,2,0.009191943870490611,7.64334832728,8,0.005653496084652429,4.606004958790384,2026-08-01 02:00:00,0xff080c8ce2e5feadaca0da81314ae59d232d4afd
1,0.007013381003436187,5.822896895883001,4,0.0087833092699778,7.198071693556072,1,0.000345750203718535,0.28117526969900003,1,0.001597784486572061,1.3041509282167412,2026-08-01 03:00:00,0xff080c8ce2e5feadaca0da81314ae59d232d4afd
1,0.007017569012317063,5.83698158067,4,0.17554137736068914,143.56653929677802,6,5.773533660992286,4724.235686786366,6,0.09065430071571738,74.49502004850284,2026-08-01 04:00:00,0xff080c8ce2e5feadaca0da81314ae59d232d4afd
0,,,9,0.19150869889824437,156.29773859238483,1,0.001754206186337682,1.458217263936,2,0.001014974659249148,0.8422375182575351,2026-08-01 05:00:00,0xff080c8ce2e5feadaca0da81314ae59d232d4afd
4,0.024725777637909258,20.29307992879738,7,2.4417052323705137,1988.6027683117827,2,0.0023398731328784454,1.9440927992019996,2,0.009191943870490611,7.64334832728,2026-08-01 06:00:00,0xff080c8ce2e5feadaca0da81314ae59d232d4afd
12,3.7840662695224787,3105.705532773453,37,28.792067601163946,23325.53017986255,2,0.004061267162444492,3.3762949986899993,1,0.000345750203718535,0.28117526969900003,2026-08-01 07:00:00,0xff080c8ce2e5feadaca0da81314ae59d232d4afd
7,2.5701892144860423,2112.4208606848038,3,0.008647638120309884,7.056764477377,17,0.7514516050995952,618.1756703719199,6,5.773533660992286,4724.235686786366,2026-08-01 08:00:00,0xff080c8ce2e5feadaca0da81314ae59d232d4afd
4,0.19587077409168344,160.752954291572,12,4.307151219528626,3485.2592622556394,33,6.967335558981205,5699.314726912804,1,0.001754206186337682,1.458217263936,2026-08-01 09:00:00,0xff080c8ce2e5feadaca0da81314ae59d232d4afd
1,0.05002530760369199,40.898861625180004,17,8.524219762388029,6992.79255243681,0,,,2,0.0023398731328784454,1.9440927992019996,2026-08-01 10:00:00,0xff080c8ce2e5feadaca0da81314ae59d232d4afd
22,3.622254872729611,2977.7805020558953,3,0.027753249653657473,22.810833881418,4,0.0087833092699778,7.198071693556072,2,0.004061267162444492,3.3762949986899993,2026-08-01 11:00:00,0xff080c8ce2e5feadaca0da81314ae59d232d4afd
11,3.3086691866941735,2705.583541228528,1,0.001215637731468736,1.000258,4,0.17554137736068914,143.56653929677802,17,0.7514516050995952,618.1756703719199,2026-08-01 12:00:00,0xff080c8ce2e5feadaca0da81314ae59d232d4afd
3,0.006360025715418908,5.195383150144,15,0.8532506939085173,700.381566090256,9,0.19150869889824437,156.29773859238483,33,6.967335558981205,5699.314726912804,2026-08-01 13:00:00,0xff080c8ce2e5feadaca0da81314ae59d232d4afd
5,2.4776782780901874,2020.746231266907,7,0.46112364515189114,381.388633235304,7,2.4417052323705137,1988.6027683117827,0,,,2026-08-01 14:00:00,0xff080c8ce2e5feadaca0da81314ae59d232d4afd
9,0.022769863708193096,18.771780523010005,2,0.02031983188505918,17.095342917044004,37,28.792067601163946,23325.53017986255,4,0.0087833092699778,7.198071693556072,2026-08-01 15:00:00,0xff080c8ce2e5feadaca0da81314ae59d232d4afd
1,0.08692858369582904,71.01977261223,9,0.3776856352448659,318.423818658019,3,0.008647638120309884,7.056764477377,4,0.17554137736068914,143.56653929677802,2026-08-01 16:00:00,0xff080c8ce2e5feadaca0da81314ae59d232d4afd
3,0.003761902549623569,3.120320427027,1,0.0121281468,10.156993155625,12,4.307151219528626,3485.2592622556394,9,0.19150869889824437,156.29773859238483,2026-08-01 17:00:00,0xff080c8ce2e5feadaca0da81314ae59d232d4afd
161,4.673703892335374,3805.0470439658147,2,0.00179752386829992,1.5181022632519998,17,8.524219762388029,6992.79255243681,7,2.4417052323705137,1988.6027683117827,2026-08-01 18:00:00,0xff080c8ce2e5feadaca0da81314ae59d232d4afd
3,0.019410752056104708,15.782802497150001,2,0.001984377620736027,1.661332165679,3,0.027753249653657473,22.810833881418,37,28.792067601163946,23325.53017986255,2026-08-01 19:00:00,0xff080c8ce2e5feadaca0da81314ae59d232d4afd
118,27.795925939190898,22812.26983305345,6,0.19709517092405743,165.361330110142,1,0.001215637731468736,1.000258,3,0.008647638120309884,7.056764477377,2026-08-01 20:00:00,0xff080c8ce2e5feadaca0da81314ae59d232d4afd
8,1.2711289137252284,1034.700670121537,15,2.07072119364674,1764.3297299916571,15,0.8532506939085173,700.381566090256,12,4.307151219528626,3485.2592622556394,2026-08-01 21:00:00,0xff080c8ce2e5feadaca0da81314ae59d232d4afd
5,1.686016289327951,1386.390600531096,4,0.007486428827664844,6.315533472056998,7,0.46112364515189114,381.388633235304,17,8.524219762388029,6992.79255243681,2026-08-01 22:00:00,0xff080c8ce2e5feadaca0da81314ae59d232d4afd
1,0.001608835160247058,1.329899630983,6,0.4607870218957205,391.520480539791,2,0.02031983188505918,17.095342917044004,3,0.027753249653657473,22.810833881418,2026-08-01 23:00:00,0xff080c8ce2e5feadaca0da81314ae59d232d4afd
7,1.3712021873804972,1128.837115011184,8,1.821717815065081,1526.604227496972,9,0.3776856352448659,318.423818658019,1,0.001215637731468736,1.000258,2026-08-02 00:00:00,0xff080c8ce2e5feadaca0da81314ae59d232d4afd
0,,,1,0.001214761435532188,1.038983989966,1,0.0121281468,10.156993155625,15,0.8532506939085173,700.381566090256,2026-08-02 01:00:00,0xff080c8ce2e5feadaca0da81314ae59d232d4afd
80,47.596187506420954,39617.44823112347,2,0.022965035543033224,19.641919498156003,2,0.00179752386829992,1.5181022632519998,7,0.46112364515189114,381.388633235304,2026-08-02 02:00:00,0xff080c8ce2e5feadaca0da81314ae59d232d4afd
5,0.07282453208733722,61.098015826791,0,,,2,0.001984377620736027,1.661332165679,2,0.02031983188505918,17.095342917044004,2026-08-02 03:00:00,0xff080c8ce2e5feadaca0da81314ae59d232d4afd
2,0.00257523404661378,2.1518448598770004,6,0.04036697672863327,33.900644044408,6,0.19709517092405743,165.361330110142,9,0.3776856352448659,318.423818658019,2026-08-02 04:00:00,0xff080c8ce2e5feadaca0da81314ae59d232d4afd
1,0.000881177065636411,0.7384284719040001,8,0.7345420911332267,619.850624535676,15,2.07072119364674,1764.3297299916571,1,0.0121281468,10.156993155625,2026-08-02 05:00:00,0xff080c8ce2e5feadaca0da81314ae59d232d4afd
4,0.004730960954837158,3.9979939128320003,7,0.14122746129280522,120.378758541774,4,0.007486428827664844,6.315533472056998,2,0.00179752386829992,1.5181022632519998,2026-08-02 06:00:00,0xff080c8ce2e5feadaca0da81314ae59d232d4afd
1,0.002090588395594503,1.7742230585460002,5,0.08113083669225986,69.202645748376,6,0.4607870218957205,391.520480539791,2,0.001984377620736027,1.661332165679,2026-08-02 07:00:00,0xff080c8ce2e5feadaca0da81314ae59d232d4afd
19,3.550356665585703,3015.026446139094,4,2.75234226742775,2297.724011234066,8,1.821717815065081,1526.604227496972,6,0.19709517092405743,165.361330110142,2026-08-02 08:00:00,0xff080c8ce2e5feadaca0da81314ae59d232d4afd
7,0.21178754582591633,179.185586734472,2,0.6270227837499387,534.936609766901,1,0.001214761435532188,1.038983989966,15,2.07072119364674,1764.3297299916571,2026-08-02 09:00:00,0xff080c8ce2e5feadaca0da81314ae59d232d4afd
4,0.0035260394353044838,2.9538773281358885,8,2.3923037149614736,2044.2995401633736,2,0.022965035543033224,19.641919498156003,4,0.007486428827664844,6.315533472056998,2026-08-02 10:00:00,0xff080c8ce2e5feadaca0da81314ae59d232d4afd
22,6.434232068044093,5479.419341547202,1,0.000674980848676539,0.5727082706850001,0,,,6,0.4607870218957205,391.520480539791,2026-08-02 11:00:00,0xff080c8ce2e5feadaca0da81314ae59d232d4afd
1,0.002312216829540421,1.946934009059,9,0.29320517101437177,249.49328814021897,6,0.04036697672863327,33.900644044408,8,1.821717815065081,1526.604227496972,2026-08-02 12:00:00,0xff080c8ce2e5feadaca0da81314ae59d232d4afd
1,0.000886928587516051,0.746360445,8,0.4056222430180323,342.253470291278,8,0.7345420911332267,619.850624535676,1,0.001214761435532188,1.038983989966,2026-08-02 13:00:00,0xff080c8ce2e5feadaca0da81314ae59d232d4afd
0,,,6,0.27850190946652165,233.49557089098695,7,0.14122746129280522,120.378758541774,2,0.022965035543033224,19.641919498156003,2026-08-02 14:00:00,0xff080c8ce2e5feadaca0da81314ae59d232d4afd
0,,,5,0.0046279654185008776,3.8902546227930004,5,0.08113083669225986,69.202645748376,0,,,2026-08-02 15:00:00,0xff080c8ce2e5feadaca0da81314ae59d232d4afd
3,0.11377663609663952,95.877990221338,1,0.02200611053651627,18.594457740432,4,2.75234226742775,2297.724011234066,6,0.04036697672863327,33.900644044408,2026-08-02 16:00:00,0xff080c8ce2e5feadaca0da81314ae59d232d4afd
9,0.5470742856016546,463.92699246932193,4,0.19446468121155455,163.298731300183,2,0.6270227837499387,534.936609766901,8,0.7345420911332267,619.850624535676,2026-08-02 17:00:00,0xff080c8ce2e5feadaca0da81314ae59d232d4afd
1,0.001755807562043356,1.4880512493899998,1,0.001101491936507047,0.9408648903650001,8,2.3923037149614736,2044.2995401633736,7,0.14122746129280522,120.378758541774,2026-08-02 18:00:00,0xff080c8ce2e5feadaca0da81314ae59d232d4afd
4,0.04565487666128055,38.942577971357004,23,5.944563931361165,4952.410387982167,1,0.000674980848676539,0.5727082706850001,5,0.08113083669225986,69.202645748376,2026-08-02 19:00:00,0xff080c8ce2e5feadaca0da81314ae59d232d4afd
7,0.9360983806214461,797.7658447441689,12,3.7827128537728383,3140.665653436025,9,0.29320517101437177,249.49328814021897,4,2.75234226742775,2297.724011234066,2026-08-02 20:00:00,0xff080c8ce2e5feadaca0da81314ae59d232d4afd
3,0.20466474174531915,174.25811470751597,23,1.2366825506667871,1009.030101866208,8,0.4056222430180323,342.253470291278,2,0.6270227837499387,534.936609766901,2026-08-02 21:00:00,0xff080c8ce2e5feadaca0da81314ae59d232d4afd
13,1.5696934283162174,1343.031813571212,12,0.7984078080288214,648.2595110953553,6,0.27850190946652165,233.49557089098695,8,2.3923037149614736,2044.2995401633736,2026-08-02 22:00:00,0xff080c8ce2e5feadaca0da81314ae59d232d4afd
35,5.832217906296157,5011.886495390405,15,0.6379494156041078,512.198623752862,5,0.0046279654185008776,3.8902546227930004,1,0.000674980848676539,0.5727082706850001,2026-08-02 23:00:00,0xff080c8ce2e5feadaca0da81314ae59d232d4afd
84,12.641194359879073,10621.682161768973,59,14.332292923662456,11275.123492147139,1,0.02200611053651627,18.594457740432,9,0.29320517101437177,249.49328814021897,2026-08-03 00:00:00,0xff080c8ce2e5feadaca0da81314ae59d232d4afd
5,0.3602987778199559,302.144305041263,12,0.673015647932163,531.840189558196,4,0.19446468121155455,163.298731300183,8,0.4056222430180323,342.253470291278,2026-08-03 01:00:00,0xff080c8ce2e5feadaca0da81314ae59d232d4afd
7,0.32386861293538477,273.460036252925,275,90.55881685507738,71154.01649513227,1,0.001101491936507047,0.9408648903650001,6,0.27850190946652165,233.49557089098695,2026-08-03 02:00:00,0xff080c8ce2e5feadaca0da81314ae59d232d4afd
13,0.3946299503489559,333.13626863196794,116,47.129414766782475,38691.34716011917,23,5.944563931361165,4952.410387982167,5,0.0046279654185008776,3.8902546227930004,2026-08-03 03:00:00,0xff080c8ce2e5feadaca0da81314ae59d232d4afd
1,0.001150478571422674,0.98223730368,16,2.050438051205411,1661.1899623933407,12,3.7827128537728383,3140.665653436025,1,0.02200611053651627,18.594457740432,2026-08-03 04:00:00,0xff080c8ce2e5feadaca0da81314ae59d232d4afd
4,0.13452583484342726,112.77281986508498,4,0.9689032780679373,783.623783933272,23,1.2366825506667871,1009.030101866208,4,0.19446468121155455,163.298731300183,2026-08-03 05:00:00,0xff080c8ce2e5feadaca0da81314ae59d232d4afd
1,0.012352732663680107,10.319306842275,55,26.9736513795407,22420.09567537534,12,0.7984078080288214,648.2595110953553,1,0.001101491936507047,0.9408648903650001,2026-08-03 06:00:00,0xff080c8ce2e5feadaca0da81314ae59d232d4afd
3,0.1656622157496845,138.192784147559,5,0.2978989292334638,245.682887261607,15,0.6379494156041078,512.198623752862,23,5.944563931361165,4952.410387982167,2026-08-03 07:00:00,0xff080c8ce2e5feadaca0da81314ae59d232d4afd
136,71.7631602570932,58413.45486405378,28,2.2285557130235794,1851.564471292964,59,14.332292923662456,11275.123492147139,12,3.7827128537728383,3140.665653436025,2026-08-03 08:00:00,0xff080c8ce2e5feadaca0da81314ae59d232d4afd
16,0.9052904628249502,738.509425713613,4,0.004284783434934491,3.5372365927289997,12,0.673015647932163,531.840189558196,23,1.2366825506667871,1009.030101866208,2026-08-03 09:00:00,0xff080c8ce2e5feadaca0da81314ae59d232d4afd
99,60.355545180517595,48350.434090885756,12,1.1274071302405722,939.3356404857659,275,90.55881685507738,71154.01649513227,12,0.7984078080288214,648.2595110953553,2026-08-03 10:00:00,0xff080c8ce2e5feadaca0da81314ae59d232d4afd
21,1.5160523784610092,1205.210998738612,1,0.001622102548060817,1.359668276736,116,47.129414766782475,38691.34716011917,15,0.6379494156041078,512.198623752862,2026-08-03 11:00:00,0xff080c8ce2e5feadaca0da81314ae59d232d4afd
22,7.121560041997659,5577.590288701472,19,8.445526542366263,7095.0634242836695,16,2.050438051205411,1661.1899623933407,59,14.332292923662456,11275.123492147139,2026-08-03 12:00:00,0xff080c8ce2e5feadaca0da81314ae59d232d4afd
53,8.532282861682539,6791.774220639785,141,52.88292655821293,43408.53088311381,4,0.9689032780679373,783.623783933272,12,0.673015647932163,531.840189558196,2026-08-03 13:00:00,0xff080c8ce2e5feadaca0da81314ae59d232d4afd
194,74.78395528262008,59967.99255406664,81,29.049095369902687,24242.608886352267,55,26.9736513795407,22420.09567537534,275,90.55881685507738,71154.01649513227,2026-08-03 14:00:00,0xff080c8ce2e5feadaca0da81314ae59d232d4afd
71,22.986365455202247,18566.413944679094,8,0.45727224688490814,379.311060923829,5,0.2978989292334638,245.682887261607,116,47.129414766782475,38691.34716011917,2026-08-03 15:00:00,0xff080c8ce2e5feadaca0da81314ae59d232d4afd
34,10.798154296947127,8884.08880523483,5,0.5057316426214745,418.51773181298097,28,2.2285557130235794,1851.564471292964,16,2.050438051205411,1661.1899623933407,2026-08-03 16:00:00,0xff080c8ce2e5feadaca0da81314ae59d232d4afd
16,5.648160801186552,4662.7792000017225,12,0.9750667366963952,807.7242950432678,4,0.004284783434934491,3.5372365927289997,4,0.9689032780679373,783.623783933272,2026-08-03 17:00:00,0xff080c8ce2e5feadaca0da81314ae59d232d4afd
24,5.113318840530996,4262.570192927955,33,5.559084095389308,4652.0932396265625,12,1.1274071302405722,939.3356404857659,55,26.9736513795407,22420.09567537534,2026-08-03 18:00:00,0xff080c8ce2e5feadaca0da81314ae59d232d4afd
9,0.5563085593006525,458.0572608934409,2,0.08238423395064784,69.87825761575861,1,0.001622102548060817,1.359668276736,5,0.2978989292334638,245.682887261607,2026-08-03 19:00:00,0xff080c8ce2e5feadaca0da81314ae59d232d4afd
14,0.8426656552001879,696.83931975151,3,0.012740549421742827,10.845275758755001,19,8.445526542366263,7095.0634242836695,28,2.2285557130235794,1851.564471292964,2026-08-03 20:00:00,0xff080c8ce2e5feadaca0da81314ae59d232d4afd
1,0.11908686951098493,98.864410640765,18,1.8386808654833857,1577.249749986383,141,52.88292655821293,43408.53088311381,4,0.004284783434934491,3.5372365927289997,2026-08-03 21:00:00,0xff080c8ce2e5feadaca0da81314ae59d232d4afd
18,6.713886459163281,5623.7966796328965,18,1.380659964277321,1175.542560028507,81,29.049095369902687,24242.608886352267,12,1.1274071302405722,939.3356404857659,2026-08-03 22:00:00,0xff080c8ce2e5feadaca0da81314ae59d232d4afd
3,0.00805146644334891,6.7291063961679995,13,2.278963775903388,1965.9638825002298,8,0.45727224688490814,379.311060923829,1,0.001622102548060817,1.359668276736,2026-08-03 23:00:00,0xff080c8ce2e5feadaca0da81314ae59d232d4afd
56,14.325103250183,12064.754651610801,27,2.0508831342014964,1765.7360328327084,5,0.5057316426214745,418.51773181298097,19,8.445526542366263,7095.0634242836695,2026-08-04 00:00:00,0xff080c8ce2e5feadaca0da81314ae59d232d4afd
29,7.401822535313064,6038.154621929748,4,0.20293362155746775,175.39746936083802,12,0.9750667366963952,807.7242950432678,141,52.88292655821293,43408.53088311381,2026-08-04 01:00:00,0xff080c8ce2e5feadaca0da81314ae59d232d4afd
28,1.9349024888130564,1602.6022833788902,162,20.29920618712455,17813.756079615036,33,5.559084095389308,4652.0932396265625,81,29.049095369902687,24242.608886352267,2026-08-04 02:00:00,0xff080c8ce2e5feadaca0da81314ae59d232d4afd
15,2.5593880590475027,2103.080117531714,7,0.2962045731466712,260.357942760073,2,0.08238423395064784,69.87825761575861,8,0.45727224688490814,379.311060923829,2026-08-04 03:00:00,0xff080c8ce2e5feadaca0da81314ae59d232d4afd
3,0.24463125815241135,201.24326197801,22,2.4918486674302924,2234.3614676281218,3,0.012740549421742827,10.845275758755001,5,0.5057316426214745,418.51773181298097,2026-08-04 04:00:00,0xff080c8ce2e5feadaca0da81314ae59d232d4afd
8,0.6051129244736382,498.9654269142479,12,3.5447730839506573,3190.2528949841258,18,1.8386808654833857,1577.249749986383,12,0.9750667366963952,807.7242950432678,2026-08-04 05:00:00,0xff080c8ce2e5feadaca0da81314ae59d232d4afd
64,26.565082722093663,22414.49709077687,8,0.815217110123578,734.0030265946909,18,1.380659964277321,1175.542560028507,33,5.559084095389308,4652.0932396265625,2026-08-04 06:00:00,0xff080c8ce2e5feadaca0da81314ae59d232d4afd
25,3.6631306320406187,3115.641324543073,9,0.2437483703276355,219.07730858841097,13,2.278963775903388,1965.9638825002298,2,0.08238423395064784,69.87825761575861,2026-08-04 07:00:00,0xff080c8ce2e5feadaca0da81314ae59d232d4afd
60,11.320615199191609,9716.472157969485,12,0.5493184422965559,489.35600987051504,27,2.0508831342014964,1765.7360328327084,3,0.012740549421742827,10.845275758755001,2026-08-04 08:00:00,0xff080c8ce2e5feadaca0da81314ae59d232d4afd
30,4.990570068302401,4221.091588759514,11,0.6877595089115295,604.9451372969551,4,0.20293362155746775,175.39746936083802,18,1.8386808654833857,1577.249749986383,2026-08-04 09:00:00,0xff080c8ce2e5feadaca0da81314ae59d232d4afd
8,0.5413316847985368,464.09348903783297,10,0.013783371152366483,12.074042116528,162,20.29920618712455,17813.756079615036,18,1.380659964277321,1175.542560028507,2026-08-04 10:00:00,0xff080c8ce2e5feadaca0da81314ae59d232d4afd
50,8.076005935754477,6994.947329592415,4,0.001556753845824574,1.3908088996360002,7,0.2962045731466712,260.357942760073,13,2.278963775903388,1965.9638825002298,2026-08-04 11:00:00,0xff080c8ce2e5feadaca0da81314ae59d232d4afd
10,0.713329344408112,620.0295119960523,26,2.8979979921693086,2589.2445250814976,22,2.4918486674302924,2234.3614676281218,27,2.0508831342014964,1765.7360328327084,2026-08-04 12:00:00,0xff080c8ce2e5feadaca0da81314ae59d232d4afd
32,4.2771705602205214,3723.837143641341,10,0.6378644233579122,567.33486658574,12,3.5447730839506573,3190.2528949841258,4,0.20293362155746775,175.39746936083802,2026-08-04 13:00:00,0xff080c8ce2e5feadaca0da81314ae59d232d4afd
59,3.2655235325454166,2858.4554298578087,21,1.101217509974647,975.5773253952659,8,0.815217110123578,734.0030265946909,162,20.29920618712455,17813.756079615036,2026-08-04 14:00:00,0xff080c8ce2e5feadaca0da81314ae59d232d4afd
54,9.162839641282428,8165.397077241329,4,0.000669229193325531,0.596666891106,9,0.2437483703276355,219.07730858841097,7,0.2962045731466712,260.357942760073,2026-08-04 15:00:00,0xff080c8ce2e5feadaca0da81314ae59d232d4afd
3,0.07659809488198997,68.28851507919799,5,0.004382659069133942,3.886563152476,12,0.5493184422965559,489.35600987051504,22,2.4918486674302924,2234.3614676281218,2026-08-04 16:00:00,0xff080c8ce2e5feadaca0da81314ae59d232d4afd
11,0.3025824054295506,271.469767110985,23,7.760009920270686,6961.25603879692,11,0.6877595089115295,604.9451372969551,12,3.5447730839506573,3190.2528949841258,2026-08-04 17:00:00,0xff080c8ce2e5feadaca0da81314ae59d232d4afd
12,0.5529704360916048,493.70317018173597,5,0.1229519282777853,111.09984414715201,10,0.013783371152366483,12.074042116528,8,0.815217110123578,734.0030265946909,2026-08-04 18:00:00,0xff080c8ce2e5feadaca0da81314ae59d232d4afd
11,0.3710842207255856,332.86299561487,10,0.4287330569404614,386.51070552110195,4,0.001556753845824574,1.3908088996360002,9,0.2437483703276355,219.07730858841097,2026-08-04 19:00:00,0xff080c8ce2e5feadaca0da81314ae59d232d4afd
92,19.42678156549205,17086.747124375066,23,2.0268411116209926,1805.0034169848093,26,2.8979979921693086,2589.2445250814976,12,0.5493184422965559,489.35600987051504,2026-08-04 20:00:00,0xff080c8ce2e5feadaca0da81314ae59d232d4afd
22,0.9327990179998698,825.6103809950428,58,16.99364965975008,14808.185078766523,10,0.6378644233579122,567.33486658574,11,0.6877595089115295,604.9451372969551,2026-08-04 21:00:00,0xff080c8ce2e5feadaca0da81314ae59d232d4afd
4,0.09812627926733142,86.46059542782,10,0.3028793099457097,266.50644561257496,21,1.101217509974647,975.5773253952659,10,0.013783371152366483,12.074042116528,2026-08-04 22:00:00,0xff080c8ce2e5feadaca0da81314ae59d232d4afd
13,0.657180927935701,581.824390128825,12,0.6775164683535638,591.835461004659,4,0.000669229193325531,0.596666891106,4,0.001556753845824574,1.3908088996360002,2026-08-04 23:00:00,0xff080c8ce2e5feadaca0da81314ae59d232d4afd
