block_number,block_time,data,topic1,topic2,topic3,tx_hash
9019252,2026-07-13 22:16:02.000 UTC,0x0000000000000000000000000bd7d308f8e1639fab988df18a8011f41eacad730000000000000000000000008f4f723f10fc7bad28742d25c91158c728557c4c00000000000000000000000000000000000000000000000000000000000000000000000000000000000000000000000000000000000000000000000000000000000000000000000000000000000000000000000000000000000000000001ad2200000000000000000000000000000000000000000000000000000000018582d7000000000000000000000000000000000000000000000000002386f26fc10000,0x000000000000000000000000055650555be80649397084cd3f8a09b4350e8612,0x000000000000000000000000b6e60e418e198aad0360be847863e0477420239a,0x0000000000000000000000001f7d7550b1b028f7571e69a784071f0205fd2efa,0x92476c6f12444023711b221057dcffab166f673027479008f959ca37f5f21eb7
9023627,2026-07-13 22:23:21.000 UTC,0x0000000000000000000000000bd7d308f8e1639fab988df18a8011f41eacad730000000000000000000000006494a8c15998049a5dafeb1f3521043cb67b5d7f00000000000000000000000000000000000000000000000000000000000000000000000000000000000000000000000000000000000000000000000000000000000000000000000000000000000000000000000000000000000000000001ad8300000000000000000000000000000000000000000000000000000000018582fb000000000000000000000000000000000000000000000000006053442a7dec00,0x000000000000000000000000bf71e7594725d0b537e151a9de8158b24a44fad3,0x000000000000000000000000dd6572065fb3ff1020c7b8c05b25b9e1de36c6e4,0x0000000000000000000000001f7d7550b1b028f7571e69a784071f0205fd2efa,0x84309a8b3b0f5a6ef18993a4110e8d5ba89ac28c8d6c73215d4b6f4dc5e964e4
9040283,2026-07-13 22:51:11.000 UTC,0x0000000000000000000000000bd7d308f8e1639fab988df18a8011f41eacad73000000000000000000000000633d02823a01077d6154ba195bd5dc7afa4c109100000000000000000000000000000000000000000000000000000000000000000000000000000000000000000000000000000000000000000000000000000000000000000000000000000000000000000000000000000000000000000001ae7a00000000000000000000000000000000000000000000000000000000018583870000000000000000000000000000000000000000000000000000000000000000,0x0000000000000000000000001eff04298c17424c5cb0227576d29e22c250bcb5,0x000000000000000000000000b6e60e418e198aad0360be847863e0477420239a,0x0000000000000000000000001f7d7550b1b028f7571e69a784071f0205fd2efa,0x1e6dae650973725f623eec1bd8e7067f989c8b5281d69f3e662a413ee453fe99
9041961,2026-07-13 22:53:59.000 UTC,0x0000000000000000000000000bd7d308f8e1639fab988df18a8011f41eacad730000000000000000000000006577479de1cec0140dffb85ec5088bc523a3882300000000000000000000000000000000000000000000000000000000000000000000000000000000000000000000000000000000000000000000000000000000000000000000000000000000000000000000000000000000000000000001ae8e00000000000000000000000000000000000000000000000000000000018583950000000000000000000000000000000000000000000000000005543df729c000,0x0000000000000000000000008aa18b00c773c2b751223f45e30e30db387e47e7,0x0000000000000000000000009adf17b7d91731ed74c2502695794ec95b8f2a26,0x0000000000000000000000001f7d7550b1b028f7571e69a784071f0205fd2efa,0x53a396969d21943dbda7c4607296d89d774834f422fe14452f3ffc9e2e012a7c
9043198,2026-07-13 22:56:03.000 UTC,0x0000000000000000000000000bd7d308f8e1639fab988df18a8011f41eacad73000000000000000000000000451e50d5cd63c4d22b38d31e542e23ed281b902c00000000000000000000000000000000000000000000000000000000000000000000000000000000000000000000000000000000000000000000000000000000000000000000000000000000000000000000000000000000000000000001ae9a000000000000000000000000000000000000000000000000000000000185839f00000000000000000000000000000000000000000000000000038d7ea4c68000,0x0000000000000000000000004b1c1725fa83d1a3effe48c992c969788cfac32a,0x0000000000000000000000009adf17b7d91731ed74c2502695794ec95b8f2a26,0x0000000000000000000000001f7d7550b1b028f7571e69a784071f0205fd2efa,0x1db29de4832413b6e03a7d1cfa815b01972feeccc25818f85a063463737dbce7
9045209,2026-07-13 22:59:25.000 UTC,0x0000000000000000000000000bd7d308f8e1639fab988df18a8011f41eacad73000000000000000000000000e72a1e31efb322ffa52c5cf9e8d6edfb58374c7c00000000000000000000000000000000000000000000000000000000000000000000000000000000000000000000000000000000000000000000000000000000000000000000000000000000000000000000000000000000000000000001aeb600000000000000000000000000000000000000000000000000000000018583af0000000000000000000000000000000000000000000000000008e1bc9bf04000,0x000000000000000000000000caec97aaf5b828db4e0acf710138f8b1ec422fde,0x0000000000000000000000009adf17b7d91731ed74c2502695794ec95b8f2a26,0x0000000000000000000000001f7d7550b1b028f7571e69a784071f0205fd2efa,0x8d79535da33dcbb2430e6544d312953a7c5b8e51ae70727084563dfae3c19c96
9045496,2026-07-13 22:59:54.000 UTC,0x0000000000000000000000000bd7d308f8e1639fab988df18a8011f41eacad73000000000000000000000000c246b088646869d57bbe483968b05d6dcdb8eb5900000000000000000000000000000000000000000000000000000000000000000000000000000000000000000000000000000000000000000000000000000000000000000000000000000000000000000000000000000000000000000001aec100000000000000000000000000000000000000000000000000000000018583b10000000000000000000000000000000000000000000000000000000000000000,0x000000000000000000000000d3ca926df830941d22c6d8aa83f7bd0a7031480d,0x000000000000000000000000b6e60e418e198aad0360be847863e0477420239a,0x0000000000000000000000001f7d7550b1b028f7571e69a784071f0205fd2efa,0x83f31bc5782e8edcf25c0723e4b75ce6585389cd31215710a3290f855f2ace82
9046354,2026-07-13 23:01:20.000 UTC,0x0000000000000000000000000bd7d308f8e1639fab988df18a8011f41eacad73000000000000000000000000ec338692290fa3bbf50642464e5e5ddc65079ce000000000000000000000000000000000000000000000000000000000000000000000000000000000000000000000000000000000000000000000000000000000000000000000000000000000000000000000000000000000000000000001aec800000000000000000000000000000000000000000000000000000000018583b90000000000000000000000000000000000000000000000000008e1bc9bf04000,0x0000000000000000000000007a04bedf317fe55a1a7c2f4bbd710d31358d6fdb,0x0000000000000000000000009adf17b7d91731ed74c2502695794ec95b8f2a26,0x0000000000000000000000001f7d7550b1b028f7571e69a784071f0205fd2efa,0x24d34d5df5cd3afe87e6b883b9a4ce517eb9e2f936d22b75dac3bd095da74709
9050939,2026-07-13 23:09:00.000 UTC,0x0000000000000000000000000bd7d308f8e1639fab988df18a8011f41eacad73000000000000000000000000507b2d04f26b7c4de6e349dd932e5862d5cf2ce800000000000000000000000000000000000000000000000000000000000000000000000000000000000000000000000000000000000000000000000000000000000000000000000000000000000000000000000000000000000000000001aee900000000000000000000000000000000000000000000000000000000018583e00000000000000000000000000000000000000000000000000000000000000000,0x000000000000000000000000bac7d2dd5b68cb09d40a853e8948c3369b490040,0x000000000000000000000000f8af8b05323c61c6c48e4df67f49f6ca4cedc066,0x0000000000000000000000001f7d7550b1b028f7571e69a784071f0205fd2efa,0xaf6e1fb5fef0d66f64e322038790aa8e62c0e538a6f0eb7fd3558eb458dd5ac6
9102824,2026-07-14 00:35:45.000 UTC,0x0000000000000000000000000bd7d308f8e1639fab988df18a8011f41eacad73000000000000000000000000078649f7f58e2477386691a894ae52252a7aa49a00000000000000000000000000000000000000000000000000000000000000000000000000000000000000000000000000000000000000000000000000000000000000000000000000000000000000000000000000000000000000000001b0540000000000000000000000000000000000000000000000000000000001858591000000000000000000000000000000000000000000000000002aa1efb94e0000,0x000000000000000000000000a737df5de18e3aa6b0bf8c2e9846ed699f6f2aeb,0x000000000000000000000000c962a101b2abd00e1a2bc68f951ca57ffc46afdc,0x0000000000000000000000001f7d7550b1b028f7571e69a784071f0205fd2efa,0x3f2d97e47983478edeb14209a2e0334fa750c70710862b7d35c765137af56eab
9117447,2026-07-14 01:00:11.000 UTC,0x0000000000000000000000000bd7d308f8e1639fab988df18a8011f41eacad7300000000000000000000000020c5104e7fa9e6a8377b08dab526f4843dd3340100000000000000000000000000000000000000000000000000000000000000000000000000000000000000000000000000000000000000000000000000000000000000000000000000000000000000000000000000000000000000000001b0d1000000000000000000000000000000000000000000000000000000000185860b000000000000000000000000000000000000000000000000000aac1844c41400,0x00000000000000000000000035d2957da3cb2002b66e7ab211e11b0a4851139d,0x000000000000000000000000586eb52cbe6e3a7c6378cb28d822be06d701734d,0x0000000000000000000000001f7d7550b1b028f7571e69a784071f0205fd2efa,0x748a662ec786fdb07cab2d259157f1ac44fad140bd4889e8d088ae12fdd73836
9118174,2026-07-14 01:01:24.000 UTC,0x0000000000000000000000000bd7d308f8e1639fab988df18a8011f41eacad73000000000000000000000000a1d2c35eaa5cd818b669169c46f328f259f5a1e300000000000000000000000000000000000000000000000000000000000000000000000000000000000000000000000000000000000000000000000000000000000000000000000000000000000000000000000000000000000000000001b0db00000000000000000000000000000000000000000000000000000000018586100000000000000000000000000000000000000000000000000000000000000000,0x00000000000000000000000010adfc43ab6a5e65c7dc2f20417b993a50634f74,0x000000000000000000000000a5ab762aee588cb38d00ff162bba990451de71f3,0x0000000000000000000000001f7d7550b1b028f7571e69a784071f0205fd2efa,0xc3c0c6f98460be5fe31ae93f52be8d36009af42f923abd8e96307a31c65c4756
9134901,2026-07-14 01:29:22.000 UTC,0x0000000000000000000000000bd7d308f8e1639fab988df18a8011f41eacad73000000000000000000000000d91c67056723bf41297a3990b04837708184174100000000000000000000000000000000000000000000000000000000000000000000000000000000000000000000000000000000000000000000000000000000000000000000000000000000000000000000000000000000000000000001b178000000000000000000000000000000000000000000000000000000000185869d000000000000000000000000000000000000000000000000000e47c711fff400,0x0000000000000000000000005561e3bd99e94a61b2863921fc9bab54946e67ef,0x000000000000000000000000586eb52cbe6e3a7c6378cb28d822be06d701734d,0x0000000000000000000000001f7d7550b1b028f7571e69a784071f0205fd2efa,0xb9f4c8e804b88c8e98c53b3a2342581a93cdcc808438a4ac6c85046b1384f1fc
9136812,2026-07-14 01:32:34.000 UTC,0x0000000000000000000000000bd7d308f8e1639fab988df18a8011f41eacad7300000000000000000000000061ce95ee9d36d83a4776598e14ced9a4648d1a0300000000000000000000000000000000000000000000000000000000000000000000000000000000000000000000000000000000000000000000000000000000000000000000000000000000000000000000000000000000000000000001b19800000000000000000000000000000000000000000000000000000000018586ac0000000000000000000000000000000000000000000000000000000000000000,0x00000000000000000000000026feef8a105b282377102308d3769bf9c9e60e76,0x000000000000000000000000400bbdaa30d4ae46dcf9bf123e8256fdb4dc36ba,0x0000000000000000000000001f7d7550b1b028f7571e69a784071f0205fd2efa,0xd593e79d2372c29363eb859f6cd9efee2f4dce1efff9b0809e92381cd490a2bd
9138216,2026-07-14 01:34:54.000 UTC,0x0000000000000000000000000bd7d308f8e1639fab988df18a8011f41eacad7300000000000000000000000043217a3b15fb5b1981a8a5e53d3b5aa0dbebc40a00000000000000000000000000000000000000000000000000000000000000000000000000000000000000000000000000000000000000000000000000000000000000000000000000000000000000000000000000000000000000000001b1a800000000000000000000000000000000000000000000000000000000018586b80000000000000000000000000000000000000000000000000000000000000000,0x000000000000000000000000ed8117f71831dd06d4b1537b778241d92b375fff,0x000000000000000000000000d91b253bd292e235d9685c2639f09e9ad31f26b0,0x0000000000000000000000001f7d7550b1b028f7571e69a784071f0205fd2efa,0x67f4d22d3d03532ae5c0f8263f35a7131261b92120c3850e6748d8ccbeb3dea1
9141382,2026-07-14 01:40:12.000 UTC,0x0000000000000000000000000bd7d308f8e1639fab988df18a8011f41eacad730000000000000000000000009870c395bfa68c9f23d7c232fa5a37bf063aae3500000000000000000000000000000000000000000000000000000000000000000000000000000000000000000000000000000000000000000000000000000000000000000000000000000000000000000000000000000000000000000001b1c600000000000000000000000000000000000000000000000000000000018586d3000000000000000000000000000000000000000000000000006053442a7dec00,0x00000000000000000000000045f82ac5d507e988f7406935da8eefe495a360e0,0x000000000000000000000000ebc1188f54b8591eb3322b273391a2f4a714dbd4,0x0000000000000000000000001f7d7550b1b028f7571e69a784071f0205fd2efa,0x5eb08d63d5ee9d9444ab19dcf28c120ff4f82dec164ec2c08dba7af6a1748d9b
9143113,2026-07-14 01:43:06.000 UTC,0x0000000000000000000000000bd7d308f8e1639fab988df18a8011f41eacad73000000000000000000000000847c86e7673ec2f79444c2866b444a6432accc7b00000000000000000000000000000000000000000000000000000000000000000000000000000000000000000000000000000000000000000000000000000000000000000000000000000000000000000000000000000000000000000001b1d800000000000000000000000000000000000000000000000000000000018586e2000000000000000000000000000000000000000000000000006053442a7dec00,0x0000000000000000000000009a405a21c2bd47c65b8db16391250480c10df8f7,0x0000000000000000000000004fba28136c450d1b32ff21bcc1dedca3f31b3591,0x0000000000000000000000001f7d7550b1b028f7571e69a784071f0205fd2efa,0x85c13956e1c02cc266d0902967f2f2d4110af8e29af7c7f875129c7239b1a882
9143175,2026-07-14 01:43:12.000 UTC,0x0000000000000000000000000bd7d308f8e1639fab988df18a8011f41eacad730000000000000000000000006c80f51b59b00f1e72a06c3a381739e09e528ed500000000000000000000000000000000000000000000000000000000000000000000000000000000000000000000000000000000000000000000000000000000000000000000000000000000000000000000000000000000000000000001b1da00000000000000000000000000000000000000000000000000000000018586e2000000000000000000000000000000000000000000000000002386f26fc10000,0x00000000000000000000000071d6a215344b61f36514214d9cbace82643f066d,0x0000000000000000000000002594e5dea22b3be4c6016c318f83f5726144752e,0x0000000000000000000000001f7d7550b1b028f7571e69a784071f0205fd2efa,0x2399d70454fe144f7ec9e63021a90bbb761b625965fe7941d49c18b97f7406ae
9145215,2026-07-14 01:46:36.000 UTC,0x0000000000000000000000000bd7d308f8e1639fab988df18a8011f41eacad730000000000000000000000007da3d775b803eeb44079f1a658b4dea116da134300000000000000000000000000000000000000000000000000000000000000000000000000000000000000000000000000000000000000000000000000000000000000000000000000000000000000000000000000000000000000000001b1e700000000000000000000000000000000000000000000000000000000018586f3000000000000000000000000000000000000000000000000002386f26fc10000,0x000000000000000000000000bad87f35b23b6f4b6105e154e9b44523ec3e3916,0x00000000000000000000000093b0eb3e527fcd5e1cdbf47a381a7900ee61b4e4,0x0000000000000000000000001f7d7550b1b028f7571e69a784071f0205fd2efa,0x9bb966d4b593caf15f936402bc45da58f65637b26a354e2c8b155575537f59ab
9146351,2026-07-14 01:48:31.000 UTC,0x0000000000000000000000000bd7d308f8e1639fab988df18a8011f41eacad73000000000000000000000000e4d1d28a13d899a73b8a1c86b78c752106dbf09800000000000000000000000000000000000000000000000000000000000000000000000000000000000000000000000000000000000000000000000000000000000000000000000000000000000000000000000000000000000000000001b1ee00000000000000000000000000000000000000000000000000000000018586fc000000000000000000000000000000000000000000000000002386f26fc10000,0x00000000000000000000000095bac2e1c6b92245c6cc8b4ff48c9ac71599ac44,0x00000000000000000000000054fe78662c46018f5bd46a6d90da6252faf0c5de,0x0000000000000000000000001f7d7550b1b028f7571e69a784071f0205fd2efa,0xc95cec46f8c13fe6ba204b83b6bd615255b230d1f6dbe5bc89d3d1f95b52201e
9149688,2026-07-14 01:54:05.000 UTC,0x0000000000000000000000000bd7d308f8e1639fab988df18a8011f41eacad73000000000000000000000000969bc9aca074595b56a978a4f7286a9c6cfb480800000000000000000000000000000000000000000000000000000000000000000000000000000000000000000000000000000000000000000000000000000000000000000000000000000000000000000000000000000000000000000001b2090000000000000000000000000000000000000000000000000000000001858717000000000000000000000000000000000000000000000000006053442a7dec00,0x000000000000000000000000e9802970597f9142ceb95aeb0ce543d09c096137,0x000000000000000000000000a5ab762aee588cb38d00ff162bba990451de71f3,0x0000000000000000000000001f7d7550b1b028f7571e69a784071f0205fd2efa,0xf6056c7bdce14e0b66e4140deaa82fbaae3a692cc5fee8e3ca9c60713e794d13
9151500,2026-07-14 01:57:07.000 UTC,0x0000000000000000000000000bd7d308f8e1639fab988df18a8011f41eacad73000000000000000000000000f33234b92f745a86b8e34b01d87cc8b8f3da395400000000000000000000000000000000000000000000000000000000000000000000000000000000000000000000000000000000000000000000000000000000000000000000000000000000000000000000000000000000000000000001b211000000000000000000000000000000000000000000000000000000000185872800000000000000000000000000000000000000000000000000470de4df820000,0x00000000000000000000000046921a0038348918b9da6894ad0c51be2bb0d0c4,0x000000000000000000000000fe062a0ff4e36e4ceab7ee63ee7433c92ea16435,0x0000000000000000000000001f7d7550b1b028f7571e69a784071f0205fd2efa,0x13580d1902515703bd16ef0d536b454026c328a667a3adac1a5ac43ef177b045
9152411,2026-07-14 01:58:39.000 UTC,0x0000000000000000000000000bd7d308f8e1639fab988df18a8011f41eacad73000000000000000000000000043211f796189ebbb07988027b0709d1ca15cfd900000000000000000000000000000000000000000000000000000000000000000000000000000000000000000000000000000000000000000000000000000000000000000000000000000000000000000000000000000000000000000001b217000000000000000000000000000000000000000000000000000000000185872f00000000000000000000000000000000000000000000000000001e9087a71d00,0x0000000000000000000000005b1de02c0d5d4b02783e0e642af8a7ed52b0aab0,0x000000000000000000000000586eb52cbe6e3a7c6378cb28d822be06d701734d,0x0000000000000000000000001f7d7550b1b028f7571e69a784071f0205fd2efa,0x8a37e7476126ff946aa8bcc7e8a744ecfeafa2bdeb236f38e86d0b99f40622d3
9153711,2026-07-14 02:00:49.000 UTC,0x0000000000000000000000000bd7d308f8e1639fab988df18a8011f41eacad730000000000000000000000003699745b6961d5011d12be2d77c467252e2fc58600000000000000000000000000000000000000000000000000000000000000000000000000000000000000000000000000000000000000000000000000000000000000000000000000000000000000000000000000000000000000000001b225000000000000000000000000000000000000000000000000000000000185873800000000000000000000000000000000000000000000000000470de4df820000,0x0000000000000000000000005a2e7b81639a46f4230cef5f9dd1a3dcdd0312c0,0x000000000000000000000000c7fc44de60ddd9db0728d92558346e8ed28d9bb7,0x0000000000000000000000001f7d7550b1b028f7571e69a784071f0205fd2efa,0x2d61f8ca25f7970ef31ef5d0a8903694ffe486690ebc0049fd745a4df4248294
9154178,2026-07-14 02:01:36.000 UTC,0x0000000000000000000000000bd7d308f8e1639fab988df18a8011f41eacad73000000000000000000000000817b53daf114f824d749d02f2de0ac2c0a2786cc00000000000000000000000000000000000000000000000000000000000000000000000000000000000000000000000000000000000000000000000000000000000000000000000000000000000000000000000000000000000000000001b22a000000000000000000000000000000000000000000000000000000000185873c00000000000000000000000000000000000000000000000000038d7ea4c68000,0x00000000000000000000000047f05dd44b12910a317dd51b40347fd249c32654,0x000000000000000000000000d9655eb871a5f657e2e5d2d07f3ca2d18b4cb78a,0x0000000000000000000000001f7d7550b1b028f7571e69a784071f0205fd2efa,0x691769a2780aaa929fdab9ee50cc394bb1b0eb74d815eb3e42bf6df49d78ce35
9154849,2026-07-14 02:02:43.000 UTC,0x0000000000000000000000000bd7d308f8e1639fab988df18a8011f41eacad7300000000000000000000000083a1757207362a75419de7dc7a43eddeda5863e700000000000000000000000000000000000000000000000000000000000000000000000000000000000000000000000000000000000000000000000000000000000000000000000000000000000000000000000000000000000000000001b232000000000000000000000000000000000000000000000000000000000185874200000000000000000000000000000000000000000000000000470de4df820000,0x00000000000000000000000052fc1f15488f43f8c64146d57a7e29fef505eb0e,0x0000000000000000000000006983bb66140d1a029cc89a98dba16daacd6f99c4,0x0000000000000000000000001f7d7550b1b028f7571e69a784071f0205fd2efa,0xd0d994a2ea7a74a0997e086f753fd46454ec0221d5bf8f5a14f4c7a62e5534a4
9154895,2026-07-14 02:02:48.000 UTC,0x0000000000000000000000000bd7d308f8e1639fab988df18a8011f41eacad7300000000000000000000000082ee66da9b07824965948e015bf342a4dcc0028500000000000000000000000000000000000000000000000000000000000000000000000000000000000000000000000000000000000000000000000000000000000000000000000000000000000000000000000000000000000000000001b2330000000000000000000000000000000000000000000000000000000001858742000000000000000000000000000000000000000000000000003c6568f12e8000,0x0000000000000000000000000074e60543f50d5eaad1b8b30ec5215df20bc66a,0x00000000000000000000000006d4e8315d918ea4dd87760ec1d43be41471acd1,0x0000000000000000000000001f7d7550b1b028f7571e69a784071f0205fd2efa,0x4fc480bb581b35164036d36593779c096390b2985698bb4edd5a209a3ba2e443
9156578,2026-07-14 02:05:36.000 UTC,0x0000000000000000000000000bd7d308f8e1639fab988df18a8011f41eacad73000000000000000000000000164bda2b9ca5af92a6bb43af7df3216e28b14f4b00000000000000000000000000000000000000000000000000000000000000000000000000000000000000000000000000000000000000000000000000000000000000000000000000000000000000000000000000000000000000000001b23b0000000000000000000000000000000000000000000000000000000001858750000000000000000000000000000000000000000000000000006053442a7dec00,0x0000000000000000000000006ee8cc773c3acf93ab46ab14ec87805adc5820df,0x00000000000000000000000067862d84ba70e8cc913aeb2ed12019d93c9381f3,0x0000000000000000000000001f7d7550b1b028f7571e69a784071f0205fd2efa,0x97ecba7df50e4e8045f434daacf05cb9ef1b6beb728a198f0bee1791c9251f0e
9157725,2026-07-14 02:07:31.000 UTC,0x0000000000000000000000000bd7d308f8e1639fab988df18a8011f41eacad730000000000000000000000004cd5d025027aa59f7006924541540dde6d3693ef00000000000000000000000000000000000000000000000000000000000000000000000000000000000000000000000000000000000000000000000000000000000000000000000000000000000000000000000000000000000000000001b246000000000000000000000000000000000000000000000000000000000185875a0000000000000000000000000000000000000000000000000011c37937e08000,0x00000000000000000000000000306464634481cb25f529eff2e8e682c5b7837f,0x0000000000000000000000007f7f08b2ace7dff14530effe43851c127bdb7656,0x0000000000000000000000001f7d7550b1b028f7571e69a784071f0205fd2efa,0x1f052671c5fe5ffd3249ac2e1e5965a9aecc54ed66d116263b72480d4728401f
9157911,2026-07-14 02:07:50.000 UTC,0x0000000000000000000000000bd7d308f8e1639fab988df18a8011f41eacad730000000000000000000000003638f0754faee4bf3d18606bfd6db72529b10a8700000000000000000000000000000000000000000000000000000000000000000000000000000000000000000000000000000000000000000000000000000000000000000000000000000000000000000000000000000000000000000001b249000000000000000000000000000000000000000000000000000000000185875b000000000000000000000000000000000000000000000000002386f26fc10000,0x000000000000000000000000fa55571d569b2a4a05f46c2062d8477bea1f5983,0x00000000000000000000000019bd090078635b6f3280db1e84072aed2b7def57,0x0000000000000000000000001f7d7550b1b028f7571e69a784071f0205fd2efa,0xe8f487349f8749ad8c380667a2b1d764c80586d676d79757bf721be3b542c23e
9158846,2026-07-14 02:09:24.000 UTC,0x0000000000000000000000000bd7d308f8e1639fab988df18a8011f41eacad7300000000000000000000000078a4136f0c887effcd990bb0d6205c4c5301d2a300000000000000000000000000000000000000000000000000000000000000000000000000000000000000000000000000000000000000000000000000000000000000000000000000000000000000000000000000000000000000000001b251000000000000000000000000000000000000000000000000000000000185876400000000000000000000000000000000000000000000000000038d7ea4c68000,0x000000000000000000000000674008884877a64884ceb8b325a3fce95182c8ae,0x000000000000000000000000d91b253bd292e235d9685c2639f09e9ad31f26b0,0x0000000000000000000000001f7d7550b1b028f7571e69a784071f0205fd2efa,0x610cfdac97a1879c95e659247334d7226f31e7b5e79eb116c0dcdd0927870330
9159201,2026-07-14 02:10:00.000 UTC,0x0000000000000000000000000bd7d308f8e1639fab988df18a8011f41eacad73000000000000000000000000a325dccd6e5237b306a1378b4b74cc84400943fe00000000000000000000000000000000000000000000000000000000000000000000000000000000000000000000000000000000000000000000000000000000000000000000000000000000000000000000000000000000000000000001b25600000000000000000000000000000000000000000000000000000000018587670000000000000000000000000000000000000000000000000000000000000000,0x000000000000000000000000982c5679baf974ac5e1761436404ce67d9ab7c05,0x00000000000000000000000058b00bf55a9ded74614a5acac1acc403c7e45c4a,0x0000000000000000000000001f7d7550b1b028f7571e69a784071f0205fd2efa,0xa5a1f4ed7f6de3be664f166332390124dae935cfe9491958bd2052e81fa7d5a6
9161251,2026-07-14 02:13:25.000 UTC,0x0000000000000000000000000bd7d308f8e1639fab988df18a8011f41eacad730000000000000000000000004ed2af414bdacf1983cc3da5bda3417c8ada7c7c00000000000000000000000000000000000000000000000000000000000000000000000000000000000000000000000000000000000000000000000000000000000000000000000000000000000000000000000000000000000000000001b26c000000000000000000000000000000000000000000000000000000000185877800000000000000000000000000000000000000000000000000005af3107a4000,0x000000000000000000000000b635ed3ce0afacbaaf193f2e2bb0624dabd14244,0x000000000000000000000000dabedbfe4b6f6fc6f238feb4d2e42ffe6069506a,0x0000000000000000000000001f7d7550b1b028f7571e69a784071f0205fd2efa,0x6eb2977c4561e3eaa990072493390e7049d82ec8a6db4afe5b8787e1aa7e6d89
9161294,2026-07-14 02:13:29.000 UTC,0x0000000000000000000000000bd7d308f8e1639fab988df18a8011f41eacad73000000000000000000000000175d7859488f018ecd429ea67ca0ba0568f3840800000000000000000000000000000000000000000000000000000000000000000000000000000000000000000000000000000000000000000000000000000000000000000000000000000000000000000000000000000000000000000001b26d00000000000000000000000000000000000000000000000000000000018587780000000000000000000000000000000000000000000000000000000000000000,0x0000000000000000000000000d5760a875b737b9a18e0d6cb774a2d54f8fe751,0x00000000000000000000000002ae7bcba08d57c96acb69cc80b84fa6e32d252f,0x0000000000000000000000001f7d7550b1b028f7571e69a784071f0205fd2efa,0xd9a7d4d7a01bae606ce0fccc26f4d6d7052b681b89e5eb272e33d1af1e763fe4
9161572,2026-07-14 02:13:57.000 UTC,0x0000000000000000000000000bd7d308f8e1639fab988df18a8011f41eacad73000000000000000000000000609e21cb381fa9620c0e9fb29c928b17c331eab000000000000000000000000000000000000000000000000000000000000000000000000000000000000000000000000000000000000000000000000000000000000000000000000000000000000000000000000000000000000000000001b26e000000000000000000000000000000000000000000000000000000000185877b000000000000000000000000000000000000000000000000002386f26fc10000,0x00000000000000000000000079ad9a4ceb619676659447949d2a2b52e98c0b00,0x0000000000000000000000000106da22ceb4119094aaf69a9b470ea1ba9a47d6,0x0000000000000000000000001f7d7550b1b028f7571e69a784071f0205fd2efa,0x442587bbe86314874e6ffcc82c3896850425cc505fe68092544944de6dff8388
9161784,2026-07-14 02:14:19.000 UTC,0x0000000000000000000000000bd7d308f8e1639fab988df18a8011f41eacad730000000000000000000000005629e7b2051289164c04f1f511b7bea24847a12e00000000000000000000000000000000000000000000000000000000000000000000000000000000000000000000000000000000000000000000000000000000000000000000000000000000000000000000000000000000000000000001b26f000000000000000000000000000000000000000000000000000000000185877c0000000000000000000000000000000000000000000000000000718113fbf800,0x0000000000000000000000003ba862b19a91140712f5a2637dcb7c5eb07b0727,0x000000000000000000000000586eb52cbe6e3a7c6378cb28d822be06d701734d,0x0000000000000000000000001f7d7550b1b028f7571e69a784071f0205fd2efa,0x77ea42fa00078b1ee6b9a40c5c7b75c7247f4e70691e4ce899fba18f83e6ad62
9162950,2026-07-14 02:16:16.000 UTC,0x0000000000000000000000000bd7d308f8e1639fab988df18a8011f41eacad73000000000000000000000000cf292fa60da3f05a52df7860db0d75f7c6185fd100000000000000000000000000000000000000000000000000000000000000000000000000000000000000000000000000000000000000000000000000000000000000000000000000000000000000000000000000000000000000000001b27b0000000000000000000000000000000000000000000000000000000001858786000000000000000000000000000000000000000000000000001ff973cafa8000,0x0000000000000000000000009d59854227097b717d326eb873e3f73ceba6ed59,0x0000000000000000000000007f7f08b2ace7dff14530effe43851c127bdb7656,0x0000000000000000000000001f7d7550b1b028f7571e69a784071f0205fd2efa,0x99f4ff483ca09a0f572a8608fcd55072be3ceab64e299c7da506a6d648f23e37
9165386,2026-07-14 02:20:20.000 UTC,0x0000000000000000000000000bd7d308f8e1639fab988df18a8011f41eacad73000000000000000000000000f28df20ad59faf8098f76fd9b952087956c194c500000000000000000000000000000000000000000000000000000000000000000000000000000000000000000000000000000000000000000000000000000000000000000000000000000000000000000000000000000000000000000001b288000000000000000000000000000000000000000000000000000000000185879a0000000000000000000000000000000000000000000000000001cf59e653c800,0x000000000000000000000000b7b401eab8af35fde5794dceb9be48abb3d535f2,0x000000000000000000000000586eb52cbe6e3a7c6378cb28d822be06d701734d,0x0000000000000000000000001f7d7550b1b028f7571e69a784071f0205fd2efa,0xb03107fda7cdfc3735f1053a05f41cc9384f5c0f7b071c9a033587cea652b2ce
9165590,2026-07-14 02:20:41.000 UTC,0x0000000000000000000000000bd7d308f8e1639fab988df18a8011f41eacad730000000000000000000000004af8196e824a14bc2ae80f8bc311d6d48f3a618800000000000000000000000000000000000000000000000000000000000000000000000000000000000000000000000000000000000000000000000000000000000000000000000000000000000000000000000000000000000000000001b289000000000000000000000000000000000000000000000000000000000185879c000000000000000000000000000000000000000000000000006053442a7dec00,0x0000000000000000000000006752d759b0b635a9ed1d3c7ff46d2ff882aabcdb,0x00000000000000000000000019bd090078635b6f3280db1e84072aed2b7def57,0x0000000000000000000000001f7d7550b1b028f7571e69a784071f0205fd2efa,0x8a6e6b713fed717a1ef419437afda8e31d5dc469f730a9b83fa32fc144dddd90
9166125,2026-07-14 02:21:34.000 UTC,0x0000000000000000000000000bd7d308f8e1639fab988df18a8011f41eacad73000000000000000000000000c141109096076db12b62ee686f77f0b73e94054700000000000000000000000000000000000000000000000000000000000000000000000000000000000000000000000000000000000000000000000000000000000000000000000000000000000000000000000000000000000000000001b28d00000000000000000000000000000000000000000000000000000000018587a00000000000000000000000000000000000000000000000000000000000000000,0x0000000000000000000000004956d8b0151e2a1227e94e00fd978c3e0f02309d,0x000000000000000000000000d91b253bd292e235d9685c2639f09e9ad31f26b0,0x0000000000000000000000001f7d7550b1b028f7571e69a784071f0205fd2efa,0x51b1d392f39c2d0a47a5ff8d7b7855768945e001e9070b0d547d971be6836138
9166575,2026-07-14 02:22:20.000 UTC,0x0000000000000000000000000bd7d308f8e1639fab988df18a8011f41eacad7300000000000000000000000007228e73d015cda494b4a08eddc7348b6ecb36c000000000000000000000000000000000000000000000000000000000000000000000000000000000000000000000000000000000000000000000000000000000000000000000000000000000000000000000000000000000000000000001b28f00000000000000000000000000000000000000000000000000000000018587a300000000000000000000000000000000000000000000000000038d7ea4c68000,0x0000000000000000000000000060965fb4fb151b749bad2a56ce59ad2d86a80e,0x0000000000000000000000003bb41b0d897e2ad3a81918e2c3b67e323c7f4237,0x0000000000000000000000001f7d7550b1b028f7571e69a784071f0205fd2efa,0xbe02b40d7b07722c2ca3bc95b2385b00c43261760f3f110753f0a1d58e028e03
9166592,2026-07-14 02:22:21.000 UTC,0x0000000000000000000000000bd7d308f8e1639fab988df18a8011f41eacad73000000000000000000000000e07af0ccda5ca45e6d57704dcec53dc2640ca43500000000000000000000000000000000000000000000000000000000000000000000000000000000000000000000000000000000000000000000000000000000000000000000000000000000000000000000000000000000000000000001b29000000000000000000000000000000000000000000000000000000000018587a3000000000000000000000000000000000000000000000000006053442a7dec00,0x00000000000000000000000004385e88e400616d8b954fa5534ba92a7754a356,0x000000000000000000000000af7a6bd4bba7db1ae06fd34b5e1a1c597df427c7,0x0000000000000000000000001f7d7550b1b028f7571e69a784071f0205fd2efa,0x54e2fd21b23665c3dc8fbbc341a7e9a20c431804fa1cba36eaf8a079424c1846
9169235,2026-07-14 02:26:47.000 UTC,0x0000000000000000000000000bd7d308f8e1639fab988df18a8011f41eacad73000000000000000000000000594f71b6f868dabea2c6c1a25d40222e19ae2f7f00000000000000000000000000000000000000000000000000000000000000000000000000000000000000000000000000000000000000000000000000000000000000000000000000000000000000000000000000000000000000000001b2a300000000000000000000000000000000000000000000000000000000018587ba00000000000000000000000000000000000000000000000000005af3107a4000,0x0000000000000000000000005091b6a86c14dded943441f25ab3e849b3f389da,0x0000000000000000000000004e18089655557521763df2cfe1c3e07be78d10c9,0x0000000000000000000000001f7d7550b1b028f7571e69a784071f0205fd2efa,0x1f15b00906c4cf91ec13bcffec9e490f0010130aea6480b267123b0cb2a0d94d
9172497,2026-07-14 02:32:14.000 UTC,0x0000000000000000000000000bd7d308f8e1639fab988df18a8011f41eacad7300000000000000000000000051256fe96a96ffc733ff7daca076a902de5188ca00000000000000000000000000000000000000000000000000000000000000000000000000000000000000000000000000000000000000000000000000000000000000000000000000000000000000000000000000000000000000000001b2b700000000000000000000000000000000000000000000000000000000018587d5000000000000000000000000000000000000000000000000006053442a7dec00,0x000000000000000000000000ed51a80a636c977987e837746725c798b6d26292,0x00000000000000000000000019bd090078635b6f3280db1e84072aed2b7def57,0x0000000000000000000000001f7d7550b1b028f7571e69a784071f0205fd2efa,0x7e632c6a4588abfef60d6f7e8904af7a862a4283052cf9df53d67f6709956771
9173618,2026-07-14 02:34:06.000 UTC,0x0000000000000000000000000bd7d308f8e1639fab988df18a8011f41eacad73000000000000000000000000bc1b52122ea63660f466d4d76cadd118f922419b00000000000000000000000000000000000000000000000000000000000000000000000000000000000000000000000000000000000000000000000000000000000000000000000000000000000000000000000000000000000000000001b2bf00000000000000000000000000000000000000000000000000000000018587dd0000000000000000000000000000000000000000000000000000000000000000,0x000000000000000000000000d5abcd0d17a8dcbe75598de1d34b9e08b579e765,0x000000000000000000000000f8af8b05323c61c6c48e4df67f49f6ca4cedc066,0x0000000000000000000000001f7d7550b1b028f7571e69a784071f0205fd2efa,0x9162a56519097b85521ba7ec139b96e3b0684822d34ed18195b9bd192086ebba
9174004,2026-07-14 02:34:45.000 UTC,0x0000000000000000000000000bd7d308f8e1639fab988df18a8011f41eacad7300000000000000000000000011d048bbdf22c35952bc12305272051e629a8bd300000000000000000000000000000000000000000000000000000000000000000000000000000000000000000000000000000000000000000000000000000000000000000000000000000000000000000000000000000000000000000001b2c100000000000000000000000000000000000000000000000000000000018587e1000000000000000000000000000000000000000000000000006053442a7dec00,0x00000000000000000000000088603659763a08aa2d7953c902d09acec18a6d8c,0x000000000000000000000000ad08b4d701512e69e014a8aaec747fe606fb694c,0x0000000000000000000000001f7d7550b1b028f7571e69a784071f0205fd2efa,0x5e701b1e53175e96f901a926210d7893d1f955f341d3a6be1e6fdfcf73229545
9175695,2026-07-14 02:37:35.000 UTC,0x0000000000000000000000000bd7d308f8e1639fab988df18a8011f41eacad73000000000000000000000000b35471a51eb5e0e80fe443a52b0c559fd2c570c900000000000000000000000000000000000000000000000000000000000000000000000000000000000000000000000000000000000000000000000000000000000000000000000000000000000000000000000000000000000000000001b2cf00000000000000000000000000000000000000000000000000000000018587ee000000000000000000000000000000000000000000000000006053442a7dec00,0x0000000000000000000000004c5c777a22db9fe9f173ce16713e7f679db976cf,0x000000000000000000000000ad08b4d701512e69e014a8aaec747fe606fb694c,0x0000000000000000000000001f7d7550b1b028f7571e69a784071f0205fd2efa,0xaa1cca74e131d070df9a9d33b161c7af3409d77f9d0e6c380c91c5f3e4d3ab74
9178971,2026-07-14 02:43:04.000 UTC,0x0000000000000000000000000bd7d308f8e1639fab988df18a8011f41eacad73000000000000000000000000ec128c43bed63a1daccb07a63e1cb48588037a0300000000000000000000000000000000000000000000000000000000000000000000000000000000000000000000000000000000000000000000000000000000000000000000000000000000000000000000000000000000000000000001b2ec000000000000000000000000000000000000000000000000000000000185880a00000000000000000000000000000000000000000000000000044364c5bb0000,0x000000000000000000000000f5e42e72b182d923f3acab199edf8854e90d0b41,0x0000000000000000000000004e18089655557521763df2cfe1c3e07be78d10c9,0x0000000000000000000000001f7d7550b1b028f7571e69a784071f0205fd2efa,0xab3aa3ebe548bdf43f1fb14bba91560867b4546a6b60d7889195886fb9d4d5c9
9181620,2026-07-14 02:47:29.000 UTC,0x0000000000000000000000000bd7d308f8e1639fab988df18a8011f41eacad7300000000000000000000000027f0041c6ed01ac5c4a49661bc7610a1b77ba86c00000000000000000000000000000000000000000000000000000000000000000000000000000000000000000000000000000000000000000000000000000000000000000000000000000000000000000000000000000000000000000001b3020000000000000000000000000000000000000000000000000000000001858820000000000000000000000000000000000000000000000000000009184e72a000,0x000000000000000000000000b84cd5114ca7f0baaf84fe4101ee65725c86141f,0x00000000000000000000000076f980cfe17d4ff3e3f9ddce2129c17e55a1091d,0x0000000000000000000000001f7d7550b1b028f7571e69a784071f0205fd2efa,0xfef8a187ef2cbec6ca723cd900a4a21b8309d54472765f6b2bdb9a05406e6cad
9182480,2026-07-14 02:48:56.000 UTC,0x0000000000000000000000000bd7d308f8e1639fab988df18a8011f41eacad73000000000000000000000000107208535bf084398c4a14cc9d8dead0682191e500000000000000000000000000000000000000000000000000000000000000000000000000000000000000000000000000000000000000000000000000000000000000000000000000000000000000000000000000000000000000000001b31200000000000000000000000000000000000000000000000000000000018588280000000000000000000000000000000000000000000000000000000000000000,0x000000000000000000000000216a11a314cf5e5695552ce150cb2de5ba8542af,0x000000000000000000000000d91b253bd292e235d9685c2639f09e9ad31f26b0,0x0000000000000000000000001f7d7550b1b028f7571e69a784071f0205fd2efa,0xc6e9f863dd45996027e5f5b6ed3579faa470a868ec7b201d7ef68bc62e88c3ad
9183922,2026-07-14 02:51:20.000 UTC,0x0000000000000000000000000bd7d308f8e1639fab988df18a8011f41eacad73000000000000000000000000f9028defbb41d27674dc2c02eafb47aa8d272f1c00000000000000000000000000000000000000000000000000000000000000000000000000000000000000000000000000000000000000000000000000000000000000000000000000000000000000000000000000000000000000000001b31b0000000000000000000000000000000000000000000000000000000001858833000000000000000000000000000000000000000000000000005fec5b60ef8000,0x000000000000000000000000ec1966cb87c93fbe4262ef93e8560b16e971c413,0x00000000000000000000000056a697440c3bba73d38975dcd2dad284af1bbe46,0x0000000000000000000000001f7d7550b1b028f7571e69a784071f0205fd2efa,0x372f4066e890c35486257b6a075e47fdabf2b856fe9a759a6fe91c0836128999
9188307,2026-07-14 02:58:40.000 UTC,0x0000000000000000000000000bd7d308f8e1639fab988df18a8011f41eacad73000000000000000000000000d3d7e23d2f991cc05afc614e4323e70f12c9e38c00000000000000000000000000000000000000000000000000000000000000000000000000000000000000000000000000000000000000000000000000000000000000000000000000000000000000000000000000000000000000000001b3470000000000000000000000000000000000000000000000000000000001858857000000000000000000000000000000000000000000000000000000e8d4a51000,0x000000000000000000000000593fc5109e3c12320199d817670e382f8ee8d4bb,0x00000000000000000000000076f980cfe17d4ff3e3f9ddce2129c17e55a1091d,0x0000000000000000000000001f7d7550b1b028f7571e69a784071f0205fd2efa,0xc227252cdb76e2c92e8dbe237d2b7b337471e4d11bbb543b2f3d82a3e8fa9ded
9188514,2026-07-14 02:59:00.000 UTC,0x0000000000000000000000000bd7d308f8e1639fab988df18a8011f41eacad73000000000000000000000000fced14ea8f775491f9b9f4b97f43554fc70929a000000000000000000000000000000000000000000000000000000000000000000000000000000000000000000000000000000000000000000000000000000000000000000000000000000000000000000000000000000000000000000001b349000000000000000000000000000000000000000000000000000000000185885a0000000000000000000000000000000000000000000000000000000000000000,0x000000000000000000000000e17c29fc15418e3673d1b8911fad5162e09a2039,0x0000000000000000000000004acacccdd96a43c566a5f01520a7cc2287f1483f,0x0000000000000000000000001f7d7550b1b028f7571e69a784071f0205fd2efa,0x474a30eda5383cc0e78d8c8e9b6197a1594d31e7d81d15cfd477e3b4cd39bbb1
9189745,2026-07-14 03:01:04.000 UTC,0x0000000000000000000000000bd7d308f8e1639fab988df18a8011f41eacad73000000000000000000000000d23435d23d5b74cfd8978a2bb16380f34b16bcd500000000000000000000000000000000000000000000000000000000000000000000000000000000000000000000000000000000000000000000000000000000000000000000000000000000000000000000000000000000000000000001b3540000000000000000000000000000000000000000000000000000000001858864000000000000000000000000000000000000000000000000006053442a7dec00,0x0000000000000000000000005bcaf74b8f1c0eade0dcc52416396a8ac642e507,0x000000000000000000000000446c4c28af39b23cce8c423a5a1c9d9f7e29a4e5,0x0000000000000000000000001f7d7550b1b028f7571e69a784071f0205fd2efa,0xf0b2d571b245b733fe175729710472dc8747e70a1a55c270c7de1c87b7db8fa2
9191305,2026-07-14 03:03:40.000 UTC,0x0000000000000000000000000bd7d308f8e1639fab988df18a8011f41eacad730000000000000000000000008be80cfc8279c0fd3100c0e0baee1b0a64efa2a100000000000000000000000000000000000000000000000000000000000000000000000000000000000000000000000000000000000000000000000000000000000000000000000000000000000000000000000000000000000000000001b35f000000000000000000000000000000000000000000000000000000000185887000000000000000000000000000000000000000000000000000000ab2ed330400,0x0000000000000000000000006dc4f583bcd729993f85efa6fb09093210415976,0x000000000000000000000000586eb52cbe6e3a7c6378cb28d822be06d701734d,0x0000000000000000000000001f7d7550b1b028f7571e69a784071f0205fd2efa,0x84882084cded3ac5c79f54dbec7689fab5edac2465b64d328006247c6dd5abd7
9192441,2026-07-14 03:05:34.000 UTC,0x0000000000000000000000000bd7d308f8e1639fab988df18a8011f41eacad730000000000000000000000001788584646813d42cb84a6451197d9faadb8f2c700000000000000000000000000000000000000000000000000000000000000000000000000000000000000000000000000000000000000000000000000000000000000000000000000000000000000000000000000000000000000000001b369000000000000000000000000000000000000000000000000000000000185887a000000000000000000000000000000000000000000000000006053442a7dec00,0x000000000000000000000000f5490548604de501a4e328c00108c97f85d0fde2,0x000000000000000000000000cb0da339ec73c6fe292e65d8078d6525b901c332,0x0000000000000000000000001f7d7550b1b028f7571e69a784071f0205fd2efa,0xe7e10bebe234c06285e305e07ca48e7e7297e44d28f3142c3a1e791df71c19dc
9203398,2026-07-14 03:23:54.000 UTC,0x0000000000000000000000000bd7d308f8e1639fab988df18a8011f41eacad730000000000000000000000008eb3e2f0a3b4e8280592eab42e5cab6c0ba6073f00000000000000000000000000000000000000000000000000000000000000000000000000000000000000000000000000000000000000000000000000000000000000000000000000000000000000000000000000000000000000000001b3ce00000000000000000000000000000000000000000000000000000000018588d60000000000000000000000000000000000000000000000000000000000000000,0x00000000000000000000000001053f02ea444ca0a57e8e876a3fdccd19626ce7,0x000000000000000000000000b6e60e418e198aad0360be847863e0477420239a,0x0000000000000000000000001f7d7550b1b028f7571e69a784071f0205fd2efa,0x3959944c098d2f5a163b79b041cd0b863662062623dae79857fd3050712ebc3c
9218745,2026-07-14 03:49:34.000 UTC,0x0000000000000000000000000bd7d308f8e1639fab988df18a8011f41eacad730000000000000000000000000a716ed6d88d6cb35ad9a4219fef40c75413e36f00000000000000000000000000000000000000000000000000000000000000000000000000000000000000000000000000000000000000000000000000000000000000000000000000000000000000000000000000000000000000000001b4560000000000000000000000000000000000000000000000000000000001858956000000000000000000000000000000000000000000000000006053442a7dec00,0x00000000000000000000000011b973766da16fd0b6756e0add5125f32ab70904,0x000000000000000000000000451f7b0985c072b165c711de95bb62dff96e9403,0x0000000000000000000000001f7d7550b1b028f7571e69a784071f0205fd2efa,0x461b52b59cea822e85d465908a6ef2e2b2f0566b36de11db8b19aaa6b1634568
9227230,2026-07-14 04:03:45.000 UTC,0x0000000000000000000000000bd7d308f8e1639fab988df18a8011f41eacad730000000000000000000000001a27df1e94433e8d227ccf33e416477d75844bdd00000000000000000000000000000000000000000000000000000000000000000000000000000000000000000000000000000000000000000000000000000000000000000000000000000000000000000000000000000000000000000001b488000000000000000000000000000000000000000000000000000000000185899e000000000000000000000000000000000000000000000000000aa87bee538000,0x000000000000000000000000aca6d7ce0028c5105e4bf7b63c7401eacbdbdca6,0x0000000000000000000000004e18089655557521763df2cfe1c3e07be78d10c9,0x0000000000000000000000001f7d7550b1b028f7571e69a784071f0205fd2efa,0x1d5759be0faff015ed32eb7665a0157425238fdece18ce668c42855456a7abcb
9236014,2026-07-14 04:18:27.000 UTC,0x0000000000000000000000000bd7d308f8e1639fab988df18a8011f41eacad73000000000000000000000000835e4b15d72029866108393f1bbcb34d7bc0439900000000000000000000000000000000000000000000000000000000000000000000000000000000000000000000000000000000000000000000000000000000000000000000000000000000000000000000000000000000000000000001b4d200000000000000000000000000000000000000000000000000000000018589e70000000000000000000000000000000000000000000000000060474e7169c000,0x000000000000000000000000e6864e4630d4d7a0cad2e61f6bc2c0dcad777712,0x000000000000000000000000f753ba7dcc8a6c2685e5b2c6bd6b89612c34acdd,0x0000000000000000000000001f7d7550b1b028f7571e69a784071f0205fd2efa,0xc774440c42139cf83dda7962f8e6eec5c7beef65f51fbdcf1693c8882b7d847d
9256959,2026-07-14 04:53:30.000 UTC,0x0000000000000000000000000bd7d308f8e1639fab988df18a8011f41eacad7300000000000000000000000013d1794266827a1626780caed3a3c85603a0ca8800000000000000000000000000000000000000000000000000000000000000000000000000000000000000000000000000000000000000000000000000000000000000000000000000000000000000000000000000000000000000000001b5620000000000000000000000000000000000000000000000000000000001858a95000000000000000000000000000000000000000000000000003cc05c01a8c000,0x00000000000000000000000055f49b340346fa30f13388dd479544802372aa79,0x000000000000000000000000c5cbef12c11ddc7e9fccd089481b279aaa792899,0x0000000000000000000000001f7d7550b1b028f7571e69a784071f0205fd2efa,0x964b2bb690f52bf20b38af93a1383a2e54b5f1fc76f578c2152a3eadf3d30c66
9264372,2026-07-14 05:05:54.000 UTC,0x0000000000000000000000000bd7d308f8e1639fab988df18a8011f41eacad7300000000000000000000000000845c59eb86808da2b8ed48c301a8619860f13600000000000000000000000000000000000000000000000000000000000000000000000000000000000000000000000000000000000000000000000000000000000000000000000000000000000000000000000000000000000000000001b58f0000000000000000000000000000000000000000000000000000000001858ad3000000000000000000000000000000000000000000000000002386f26fc10000,0x0000000000000000000000003018e4602fa0d3036bba631cfe34a2817e49124b,0x0000000000000000000000000daa058532f1f4633e14cecf147e5c7424e0a623,0x0000000000000000000000001f7d7550b1b028f7571e69a784071f0205fd2efa,0x13dfa2dbe2b6fac99468716eef007fc4259f58098073813570cb95cae459ad7c
9268960,2026-07-14 05:13:35.000 UTC,0x0000000000000000000000000bd7d308f8e1639fab988df18a8011f41eacad7300000000000000000000000081d582a162b81c74adef28ca5a2040942b7dc85500000000000000000000000000000000000000000000000000000000000000000000000000000000000000000000000000000000000000000000000000000000000000000000000000000000000000000000000000000000000000000001b5b10000000000000000000000000000000000000000000000000000000001858afa000000000000000000000000000000000000000000000000006053442a7dec00,0x0000000000000000000000002cbf41572e52fd442f1625e31e925c99e8dec35d,0x000000000000000000000000e9138eefadca815dd94845cf6470221cd8b77d5d,0x0000000000000000000000001f7d7550b1b028f7571e69a784071f0205fd2efa,0xa118f3f794a9212168c1d8f9fe1497d80ed0f11629c65bd960d76c238e5241c2
9271633,2026-07-14 05:18:03.000 UTC,0x0000000000000000000000000bd7d308f8e1639fab988df18a8011f41eacad73000000000000000000000000e902b8b7b0ac20703bc5f2f4ed503c582025320600000000000000000000000000000000000000000000000000000000000000000000000000000000000000000000000000000000000000000000000000000000000000000000000000000000000000000000000000000000000000000001b5ca0000000000000000000000000000000000000000000000000000000001858b0f0000000000000000000000000000000000000000000000000000000000000000,0x000000000000000000000000800aa16147f2606c2a1ca756a3a42deb95c37fb6,0x0000000000000000000000009b10ccc7d5c65e9d485ba9a192f2afbca4a0161b,0x0000000000000000000000001f7d7550b1b028f7571e69a784071f0205fd2efa,0x4fbbc6976e07cbc9ac837587c62b5f67195924c40a0b1254e30eb34e10335fd1
9272124,2026-07-14 05:18:52.000 UTC,0x0000000000000000000000000bd7d308f8e1639fab988df18a8011f41eacad7300000000000000000000000006fea1c736046f181cd550c7b1cc511cd13c51f100000000000000000000000000000000000000000000000000000000000000000000000000000000000000000000000000000000000000000000000000000000000000000000000000000000000000000000000000000000000000000001b5cc0000000000000000000000000000000000000000000000000000000001858b14000000000000000000000000000000000000000000000000006053442a7dec00,0x000000000000000000000000cb1aa8a8b45b2471b89c647c4cb9badf10bcd6bc,0x0000000000000000000000002b2fc95dc81e0811bbda533f7a5f064dc26dcf2b,0x0000000000000000000000001f7d7550b1b028f7571e69a784071f0205fd2efa,0x15714e61598e45aa0531926ef85065757239e38feb570f8c9ca7ef276e7afc88
9273310,2026-07-14 05:20:51.000 UTC,0x0000000000000000000000000bd7d308f8e1639fab988df18a8011f41eacad7300000000000000000000000049a8c151da27e782cae2cced3c31d544d69f360700000000000000000000000000000000000000000000000000000000000000000000000000000000000000000000000000000000000000000000000000000000000000000000000000000000000000000000000000000000000000000001b5d10000000000000000000000000000000000000000000000000000000001858b1e0000000000000000000000000000000000000000000000000000000000000000,0x000000000000000000000000ba8686959e1e06b80f88e750e2182b9ce03945ab,0x0000000000000000000000009b10ccc7d5c65e9d485ba9a192f2afbca4a0161b,0x0000000000000000000000001f7d7550b1b028f7571e69a784071f0205fd2efa,0x7f1acd521794af621f327f3c20c068407e5fb05c1b50662fe0513c077460bfd8
9274410,2026-07-14 05:22:42.000 UTC,0x0000000000000000000000000bd7d308f8e1639fab988df18a8011f41eacad730000000000000000000000001b1e6c12d35a75d0f53ab3cd6afd44ca2311871f00000000000000000000000000000000000000000000000000000000000000000000000000000000000000000000000000000000000000000000000000000000000000000000000000000000000000000000000000000000000000000001b5d50000000000000000000000000000000000000000000000000000000001858b27000000000000000000000000000000000000000000000000005fec5b60ef8000,0x0000000000000000000000003ba255bb8eac1640feeda7d1c0ca7d829299503c,0x000000000000000000000000a2c1044bf7b4654cf856d40a4159554e2ca96c81,0x0000000000000000000000001f7d7550b1b028f7571e69a784071f0205fd2efa,0xbedc214d894496995711305f50c622de70586812de2b1f1a64a1e325ee655667
9275348,2026-07-14 05:24:15.000 UTC,0x0000000000000000000000000bd7d308f8e1639fab988df18a8011f41eacad73000000000000000000000000ea518b5aff7cd847cde50bb6fd1717ab8726084c00000000000000000000000000000000000000000000000000000000000000000000000000000000000000000000000000000000000000000000000000000000000000000000000000000000000000000000000000000000000000000001b5db0000000000000000000000000000000000000000000000000000000001858b2f0000000000000000000000000000000000000000000000000000000000000000,0x0000000000000000000000005557801eed7428032111b24279d15d5d2f8fb048,0x000000000000000000000000bfc49025cce32bb0526f5481d64bada4a11ebe05,0x0000000000000000000000001f7d7550b1b028f7571e69a784071f0205fd2efa,0x1d0e5c153b206fbf221141d332436a1b2021d6cb978b2b79b996a837fbe74c32
9275658,2026-07-14 05:24:47.000 UTC,0x0000000000000000000000000bd7d308f8e1639fab988df18a8011f41eacad7300000000000000000000000093d89c40ef799fcf143bd2123d85d631889f357a00000000000000000000000000000000000000000000000000000000000000000000000000000000000000000000000000000000000000000000000000000000000000000000000000000000000000000000000000000000000000000001b5e20000000000000000000000000000000000000000000000000000000001858b31000000000000000000000000000000000000000000000000006053442a7dec00,0x0000000000000000000000003df00c8f94563a6556b881b1983884b39dced085,0x00000000000000000000000058c0283cb8b1a9fda4dfc48baa4a0daf4778898a,0x0000000000000000000000001f7d7550b1b028f7571e69a784071f0205fd2efa,0x0c75986e7212f1663510b4c79e75f651de97422619ee8cc8d4171619187ab838
9276085,2026-07-14 05:25:30.000 UTC,0x0000000000000000000000000bd7d308f8e1639fab988df18a8011f41eacad730000000000000000000000004da89378566fb78076d07c329c6876b0c8efef3f00000000000000000000000000000000000000000000000000000000000000000000000000000000000000000000000000000000000000000000000000000000000000000000000000000000000000000000000000000000000000000001b5e70000000000000000000000000000000000000000000000000000000001858b350000000000000000000000000000000000000000000000000000000000000000,0x000000000000000000000000db3806471a1425f9e156189b258d2b8bb3ed7eb7,0x0000000000000000000000009b10ccc7d5c65e9d485ba9a192f2afbca4a0161b,0x0000000000000000000000001f7d7550b1b028f7571e69a784071f0205fd2efa,0x7e936a96b3fbe798ba37d91d40370c3e8c66322f29cf8b73704862ecd72f5995
9277336,2026-07-14 05:27:35.000 UTC,0x0000000000000000000000000bd7d308f8e1639fab988df18a8011f41eacad730000000000000000000000002bd7396448cda1f00bb1e787740efaf101287cdf00000000000000000000000000000000000000000000000000000000000000000000000000000000000000000000000000000000000000000000000000000000000000000000000000000000000000000000000000000000000000000001b5ec0000000000000000000000000000000000000000000000000000000001858b400000000000000000000000000000000000000000000000000000000000000000,0x000000000000000000000000b1e429a55fae7daef12d4fb99641e56be393aafb,0x0000000000000000000000003547f9920975567d49f04132a11f77a4d410f1ee,0x0000000000000000000000001f7d7550b1b028f7571e69a784071f0205fd2efa,0x506f99fb77550f2456514932ef857464a524748df683eed0db5e159ae337795d
9277803,2026-07-14 05:28:22.000 UTC,0x0000000000000000000000000bd7d308f8e1639fab988df18a8011f41eacad73000000000000000000000000631537e0ac46428c48f32e7405505c113ec0923500000000000000000000000000000000000000000000000000000000000000000000000000000000000000000000000000000000000000000000000000000000000000000000000000000000000000000000000000000000000000000001b5f30000000000000000000000000000000000000000000000000000000001858b440000000000000000000000000000000000000000000000000000000000000000,0x00000000000000000000000025310b8fbe6f1e09ddb99ab319c835fe00af07fc,0x0000000000000000000000009b10ccc7d5c65e9d485ba9a192f2afbca4a0161b,0x0000000000000000000000001f7d7550b1b028f7571e69a784071f0205fd2efa,0x0cc1fb673f772e45a6d2efc9edd0b0f8a636cba26f90bb54017023f531230505
9281678,2026-07-14 05:34:52.000 UTC,0x0000000000000000000000000bd7d308f8e1639fab988df18a8011f41eacad73000000000000000000000000e4c34e57c469c712aa595f5d3c9235001d8063da00000000000000000000000000000000000000000000000000000000000000000000000000000000000000000000000000000000000000000000000000000000000000000000000000000000000000000000000000000000000000000001b6120000000000000000000000000000000000000000000000000000000001858b650000000000000000000000000000000000000000000000000000000000000000,0x000000000000000000000000c98a23c2eb65ad24b5ff655acb7c45decef7e1d8,0x000000000000000000000000c16fd00091c057b864292bc3922c4d954e4b8996,0x0000000000000000000000001f7d7550b1b028f7571e69a784071f0205fd2efa,0x619ba0f32a3b203cee2b5e21e1e9ff65fc876594ec82096bff4bcb74263d360e
9282975,2026-07-14 05:37:01.000 UTC,0x0000000000000000000000000bd7d308f8e1639fab988df18a8011f41eacad73000000000000000000000000c5da144fd77ee18bfa7d9d7fd8b5b08438a0598e00000000000000000000000000000000000000000000000000000000000000000000000000000000000000000000000000000000000000000000000000000000000000000000000000000000000000000000000000000000000000000001b6190000000000000000000000000000000000000000000000000000000001858b6e0000000000000000000000000000000000000000000000000000000000000000,0x000000000000000000000000400829df45e7bc498faf3c8b8d7f09c0d3813f54,0x000000000000000000000000bfc49025cce32bb0526f5481d64bada4a11ebe05,0x0000000000000000000000001f7d7550b1b028f7571e69a784071f0205fd2efa,0x28f62d9779b43d2d38bf8bc681a40bc1bc4963b0afb94a050cf922ac02e04280
9283965,2026-07-14 05:38:41.000 UTC,0x0000000000000000000000000bd7d308f8e1639fab988df18a8011f41eacad730000000000000000000000000dc07cf3d354756314157642a95dab61cc76691600000000000000000000000000000000000000000000000000000000000000000000000000000000000000000000000000000000000000000000000000000000000000000000000000000000000000000000000000000000000000000001b61f0000000000000000000000000000000000000000000000000000000001858b77000000000000000000000000000000000000000000000000006053442a7dec00,0x000000000000000000000000b13896e409e35c14c29628f0b61804c00c18705e,0x0000000000000000000000006c04158a2ab43301196b641d952b6f51be38f9cf,0x0000000000000000000000001f7d7550b1b028f7571e69a784071f0205fd2efa,0x4d368e456359f9bb54d3952f5bffc28878fc4f2b971e081ad8fe07bfd4656f55
9294278,2026-07-14 05:55:56.000 UTC,0x0000000000000000000000000bd7d308f8e1639fab988df18a8011f41eacad73000000000000000000000000945e759939607ec5085ca38234090ae0dea14f9b00000000000000000000000000000000000000000000000000000000000000000000000000000000000000000000000000000000000000000000000000000000000000000000000000000000000000000000000000000000000000000001b6780000000000000000000000000000000000000000000000000000000001858bcd000000000000000000000000000000000000000000000000001c6bf526340000,0x0000000000000000000000002f36960fce3f0173800e79e6976bf3652a6992a6,0x0000000000000000000000003ffb9565da4db3f1dad134722f1407117889ea8d,0x0000000000000000000000001f7d7550b1b028f7571e69a784071f0205fd2efa,0x8aa43608a45d8ab677caf0c1c085acfe26078a5594d0ef8da63e341273260f23
9296071,2026-07-14 05:58:56.000 UTC,0x0000000000000000000000000bd7d308f8e1639fab988df18a8011f41eacad730000000000000000000000001a183f1c65da8dd3c168d9a1f5dce7988860205c00000000000000000000000000000000000000000000000000000000000000000000000000000000000000000000000000000000000000000000000000000000000000000000000000000000000000000000000000000000000000000001b6840000000000000000000000000000000000000000000000000000000001858bdc000000000000000000000000000000000000000000000000000318222d69e000,0x0000000000000000000000009d4fda1977eaa0def232f92cb943124113e5c112,0x0000000000000000000000005b990b2173839fdcdf3d3b7485aa2b89575c79eb,0x0000000000000000000000001f7d7550b1b028f7571e69a784071f0205fd2efa,0xc11d57b9a731d535e512a62f3ea0c981c385fb905d6b484629145db62895337b
9298944,2026-07-14 06:03:44.000 UTC,0x0000000000000000000000000bd7d308f8e1639fab988df18a8011f41eacad73000000000000000000000000677ac558972e60b93d76b5af8912c489e9b05bc300000000000000000000000000000000000000000000000000000000000000000000000000000000000000000000000000000000000000000000000000000000000000000000000000000000000000000000000000000000000000000001b6930000000000000000000000000000000000000000000000000000000001858bf20000000000000000000000000000000000000000000000000005543df729c000,0x0000000000000000000000008bc87d0489658463ba37bdb96bdac2ec9fabcf91,0x0000000000000000000000004100ed5feb5105745a972e849c50f3db4a3a7921,0x0000000000000000000000001f7d7550b1b028f7571e69a784071f0205fd2efa,0x70b5a7e795fe391778ec7c878982138e8cca1bc2751a27dc0926470719651ff1
9301020,2026-07-14 06:07:13.000 UTC,0x0000000000000000000000000bd7d308f8e1639fab988df18a8011f41eacad730000000000000000000000002f762a58e27bac9c79f01de74bb130c92bce994300000000000000000000000000000000000000000000000000000000000000000000000000000000000000000000000000000000000000000000000000000000000000000000000000000000000000000000000000000000000000000001b6aa0000000000000000000000000000000000000000000000000000000001858c040000000000000000000000000000000000000000000000000060474e7169c000,0x000000000000000000000000b93bbe0af35b5fe541c048e6adfd70f3bd7906b8,0x000000000000000000000000a44db311bf4401469d27f251b35928ddda047bf3,0x0000000000000000000000001f7d7550b1b028f7571e69a784071f0205fd2efa,0xadca90cd5c50fe99b060767220fa46993b76b848fcaf9c1ae9e78dd25a591360
9310711,2026-07-14 06:23:24.000 UTC,0x0000000000000000000000000bd7d308f8e1639fab988df18a8011f41eacad7300000000000000000000000020b35113e7d1594ddfa5598d7cfed1261e7e71b400000000000000000000000000000000000000000000000000000000000000000000000000000000000000000000000000000000000000000000000000000000000000000000000000000000000000000000000000000000000000000001b6de0000000000000000000000000000000000000000000000000000000001858c550000000000000000000000000000000000000000000000000000000000000000,0x0000000000000000000000004f404ae7d8fa23e28a2a92e4a8aa399dd02e21f1,0x000000000000000000000000d00822a92dce72f610932ec7189d9fb22bf6d6b1,0x0000000000000000000000001f7d7550b1b028f7571e69a784071f0205fd2efa,0x649eb8b8aef3df256d1a627beb0f97ebc7fe57a741bbb6144dac2efc0885bdd8
9311091,2026-07-14 06:24:02.000 UTC,0x0000000000000000000000000bd7d308f8e1639fab988df18a8011f41eacad7300000000000000000000000057e134c3bdffc196f91084be07716c4fc57f3ed400000000000000000000000000000000000000000000000000000000000000000000000000000000000000000000000000000000000000000000000000000000000000000000000000000000000000000000000000000000000000000001b6e10000000000000000000000000000000000000000000000000000000001858c58000000000000000000000000000000000000000000000000002aa1efb94e0000,0x000000000000000000000000b38e8d44e7e61ab4ca9bc344771ee2032daced5d,0x000000000000000000000000ccf284a57381566cf8ea6a01032c8e8396c0edee,0x0000000000000000000000001f7d7550b1b028f7571e69a784071f0205fd2efa,0x08b6dec8eba92030a14b4e79e29ba11ebff18dd733c6125ca95069caaf6e14dc
9320292,2026-07-14 06:39:26.000 UTC,0x0000000000000000000000000bd7d308f8e1639fab988df18a8011f41eacad73000000000000000000000000aa19736d27942dbbcbeab9017ed394523f09975d00000000000000000000000000000000000000000000000000000000000000000000000000000000000000000000000000000000000000000000000000000000000000000000000000000000000000000000000000000000000000000001b72b0000000000000000000000000000000000000000000000000000000001858ca50000000000000000000000000000000000000000000000000000000000000000,0x000000000000000000000000b9779c82df8124ea2878ea6537c5569b0c09da53,0x000000000000000000000000fce86e6a615b40a620b1a666ff4b866cd273c476,0x0000000000000000000000001f7d7550b1b028f7571e69a784071f0205fd2efa,0x6046f38752a576c97bf8eec47cdd7fbd0b5756c4dbe6766c6686f0e140daa83c
9321212,2026-07-14 06:40:57.000 UTC,0x0000000000000000000000000bd7d308f8e1639fab988df18a8011f41eacad7300000000000000000000000088c7a9c5b0643a477df9e47a7a1caf663d00a3b800000000000000000000000000000000000000000000000000000000000000000000000000000000000000000000000000000000000000000000000000000000000000000000000000000000000000000000000000000000000000000001b7370000000000000000000000000000000000000000000000000000000001858cad0000000000000000000000000000000000000000000000000007d60494b3d000,0x000000000000000000000000c46158a026a23a735bb0ba897fbdd68d231b80f1,0x0000000000000000000000006b16a08c3962ec11c90fab1669330f9be54532a8,0x0000000000000000000000001f7d7550b1b028f7571e69a784071f0205fd2efa,0xbb3a4806be3a08e0e926bb9599e9e73f91bbc126cffbf6853b9d6657daee85d1
9334942,2026-07-14 07:03:53.000 UTC,0x0000000000000000000000000bd7d308f8e1639fab988df18a8011f41eacad7300000000000000000000000055c9a6caada185df0a72585929154f910b3d459500000000000000000000000000000000000000000000000000000000000000000000000000000000000000000000000000000000000000000000000000000000000000000000000000000000000000000000000000000000000000000001b7e40000000000000000000000000000000000000000000000000000000001858d1e0000000000000000000000000000000000000000000000000000000000000000,0x000000000000000000000000366f49ad066935392da23bdae9976be8c0e06393,0x000000000000000000000000586eb52cbe6e3a7c6378cb28d822be06d701734d,0x0000000000000000000000001f7d7550b1b028f7571e69a784071f0205fd2efa,0x11a31c3dbbca2051c5133c0919c2c5874ef4a6c2969fabf249e6009623794c21
9338488,2026-07-14 07:09:49.000 UTC,0x0000000000000000000000000bd7d308f8e1639fab988df18a8011f41eacad73000000000000000000000000056fff9e221e7ddf05a975237ad5258a0d97d6d900000000000000000000000000000000000000000000000000000000000000000000000000000000000000000000000000000000000000000000000000000000000000000000000000000000000000000000000000000000000000000001b8000000000000000000000000000000000000000000000000000000000001858d3c000000000000000000000000000000000000000000000000002aa1efb94e0000,0x0000000000000000000000000a4c1a31ee28847cc13a36abbabd8c9f70b740c4,0x000000000000000000000000ccf284a57381566cf8ea6a01032c8e8396c0edee,0x0000000000000000000000001f7d7550b1b028f7571e69a784071f0205fd2efa,0x807c389c51303c311f4ff8a21546aa24ce0b2c5d7da5bc453c82434361d52a13
9339659,2026-07-14 07:11:46.000 UTC,0x0000000000000000000000000bd7d308f8e1639fab988df18a8011f41eacad73000000000000000000000000ec5e2c243b5c034696ed308c0ac339fc8679316700000000000000000000000000000000000000000000000000000000000000000000000000000000000000000000000000000000000000000000000000000000000000000000000000000000000000000000000000000000000000000001b80a0000000000000000000000000000000000000000000000000000000001858d4600000000000000000000000000000000000000000000000000002d79883d2000,0x0000000000000000000000009e726a6a4521cd8f7c264447547cf1760732c0e6,0x00000000000000000000000050d68b489ea3c02dda36f357ed58770bec77f7ad,0x0000000000000000000000001f7d7550b1b028f7571e69a784071f0205fd2efa,0x8aae2d0324b201e298b97f619d71833e9d01c73bb68686df551c3f1fb6b20d0a
9340538,2026-07-14 07:13:14.000 UTC,0x0000000000000000000000000bd7d308f8e1639fab988df18a8011f41eacad7300000000000000000000000029d5898da13692bef9cdbbe8f417d8411e5472de00000000000000000000000000000000000000000000000000000000000000000000000000000000000000000000000000000000000000000000000000000000000000000000000000000000000000000000000000000000000000000001b81d0000000000000000000000000000000000000000000000000000000001858d4d0000000000000000000000000000000000000000000000000000000000000000,0x00000000000000000000000003761ccbd939e86c7f6f7c8b1df52122ffaef809,0x0000000000000000000000009b10ccc7d5c65e9d485ba9a192f2afbca4a0161b,0x0000000000000000000000001f7d7550b1b028f7571e69a784071f0205fd2efa,0xa0583ac41947b634fef11cf03e7af1eef76aeacb244f571d82bca1bd6ca6555a
9342657,2026-07-14 07:16:47.000 UTC,0x0000000000000000000000000bd7d308f8e1639fab988df18a8011f41eacad730000000000000000000000007ee69aee7e52f54a5e04eb070065bdc2026b7b8500000000000000000000000000000000000000000000000000000000000000000000000000000000000000000000000000000000000000000000000000000000000000000000000000000000000000000000000000000000000000000001b83f0000000000000000000000000000000000000000000000000000000001858d5f000000000000000000000000000000000000000000000000002386f26fc10000,0x000000000000000000000000fccc5e193d3c5e9bf0ba5a2e7acc1338b2420ae6,0x000000000000000000000000b2ac5803607026d087f89b704dbada25a3dfb8c1,0x0000000000000000000000001f7d7550b1b028f7571e69a784071f0205fd2efa,0xa891acc354c057ef3f57a6ba0ed6aace2fb424268f561540db3a8658d0882819
9343435,2026-07-14 07:18:05.000 UTC,0x0000000000000000000000000bd7d308f8e1639fab988df18a8011f41eacad73000000000000000000000000b5d8a5e6615a8f2b6203b0124d48530dde4410a500000000000000000000000000000000000000000000000000000000000000000000000000000000000000000000000000000000000000000000000000000000000000000000000000000000000000000000000000000000000000000001b8490000000000000000000000000000000000000000000000000000000001858d650000000000000000000000000000000000000000000000000000000000000000,0x0000000000000000000000002d05fc6cf8008369c33abe6babeff8bcffc31c4b,0x0000000000000000000000009b10ccc7d5c65e9d485ba9a192f2afbca4a0161b,0x0000000000000000000000001f7d7550b1b028f7571e69a784071f0205fd2efa,0x2e973cff4c22378ff98fd5768c46e8aa18ae1ac8a616e5c57bac0b1be9a11111
9344234,2026-07-14 07:19:24.000 UTC,0x0000000000000000000000000bd7d308f8e1639fab988df18a8011f41eacad73000000000000000000000000e057c3d2eabf782ab200bab9f71fbe2539f33a0f00000000000000000000000000000000000000000000000000000000000000000000000000000000000000000000000000000000000000000000000000000000000000000000000000000000000000000000000000000000000000000001b8580000000000000000000000000000000000000000000000000000000001858d6b0000000000000000000000000000000000000000000000000000000000000000,0x000000000000000000000000340108da3506b33f039106a4ec249aa313591168,0x000000000000000000000000586eb52cbe6e3a7c6378cb28d822be06d701734d,0x0000000000000000000000001f7d7550b1b028f7571e69a784071f0205fd2efa,0x9ba95064caea1d9d3a9c093d717a7316b27c87c8ba99655a0043b2bc0278c613
9354864,2026-07-14 07:37:10.000 UTC,0x0000000000000000000000000bd7d308f8e1639fab988df18a8011f41eacad73000000000000000000000000da5a46b3e74182c9ffac68f8aa048eea661db4e900000000000000000000000000000000000000000000000000000000000000000000000000000000000000000000000000000000000000000000000000000000000000000000000000000000000000000000000000000000000000000001b8d60000000000000000000000000000000000000000000000000000000001858dc4000000000000000000000000000000000000000000000000006053442a7dec00,0x00000000000000000000000045bc801e765b8373169ebac2c94a8990667c8369,0x0000000000000000000000009ed72d95dd0f0b031c49550e3e5866c2cd20898c,0x0000000000000000000000001f7d7550b1b028f7571e69a784071f0205fd2efa,0xcceb1006bb6b002b1e2cc3d56f1b7f0186825a77f7c954199e436f3227b25fef
9355515,2026-07-14 07:38:15.000 UTC,0x0000000000000000000000000bd7d308f8e1639fab988df18a8011f41eacad73000000000000000000000000f290433e3e297d5852ce22dde0b6ccb6d1806eb600000000000000000000000000000000000000000000000000000000000000000000000000000000000000000000000000000000000000000000000000000000000000000000000000000000000000000000000000000000000000000001b8e30000000000000000000000000000000000000000000000000000000001858dca000000000000000000000000000000000000000000000000002386f26fc10000,0x0000000000000000000000003ea284822cdac506affc9955dfcfaefffce81190,0x0000000000000000000000009b10ccc7d5c65e9d485ba9a192f2afbca4a0161b,0x0000000000000000000000001f7d7550b1b028f7571e69a784071f0205fd2efa,0x4b396d4e2aede6140def301fc18bcbfe85ce42495040f83ff06f207248b7139b
9357378,2026-07-14 07:41:22.000 UTC,0x0000000000000000000000000bd7d308f8e1639fab988df18a8011f41eacad73000000000000000000000000c540aeb5715ee6b915beeeb5ebd9edc0742c7f4f00000000000000000000000000000000000000000000000000000000000000000000000000000000000000000000000000000000000000000000000000000000000000000000000000000000000000000000000000000000000000000001b8f60000000000000000000000000000000000000000000000000000000001858dd90000000000000000000000000000000000000000000000000001c6bf52634000,0x0000000000000000000000009c7118a38a5894beed59dbf5ac99ad985711909d,0x000000000000000000000000e92621a0502b3eddf2240089d0703c398b5b85c7,0x0000000000000000000000001f7d7550b1b028f7571e69a784071f0205fd2efa,0x236622a2c3c608ea1e7a16c25b0b4967364028b842957e506a5f29a4b5adda23
9358067,2026-07-14 07:42:31.000 UTC,0x0000000000000000000000000bd7d308f8e1639fab988df18a8011f41eacad73000000000000000000000000da9a79244de9214dd467ceffead0bb26887743bf00000000000000000000000000000000000000000000000000000000000000000000000000000000000000000000000000000000000000000000000000000000000000000000000000000000000000000000000000000000000000000001b9040000000000000000000000000000000000000000000000000000000001858de0000000000000000000000000000000000000000000000000003ea7627ce3d400,0x00000000000000000000000058ba27cb7555b6e466df115e2e4b23a71fbe00fc,0x000000000000000000000000b0e2ba3d4f127b9d74e4b868dcdc3094e95504c8,0x0000000000000000000000001f7d7550b1b028f7571e69a784071f0205fd2efa,0x3f26368839536073e17103ff424d92928ee97f936509ecce44dc733ca04145cb
9360747,2026-07-14 07:46:59.000 UTC,0x0000000000000000000000000bd7d308f8e1639fab988df18a8011f41eacad730000000000000000000000002176062880acc0da3e298a722621da1d5892c1d100000000000000000000000000000000000000000000000000000000000000000000000000000000000000000000000000000000000000000000000000000000000000000000000000000000000000000000000000000000000000000001b9570000000000000000000000000000000000000000000000000000000001858df6000000000000000000000000000000000000000000000000006053442a7dec00,0x000000000000000000000000cec3262b2bb304522b502a327d9e64793675b57f,0x000000000000000000000000c4a8096c552ecf2d27395f1b414819ce049ba01f,0x0000000000000000000000001f7d7550b1b028f7571e69a784071f0205fd2efa,0x9766d5c4c2785d11de4ef4bb37e5a94f6bb9a3513c3a0b0264ec16172752b852
9360905,2026-07-14 07:47:15.000 UTC,0x0000000000000000000000000bd7d308f8e1639fab988df18a8011f41eacad730000000000000000000000002f46ae26ceec773d4b52e742eae4a93c6e4bcd7400000000000000000000000000000000000000000000000000000000000000000000000000000000000000000000000000000000000000000000000000000000000000000000000000000000000000000000000000000000000000000001b95a0000000000000000000000000000000000000000000000000000000001858df700000000000000000000000000000000000000000000000000038d7ea4c68000,0x000000000000000000000000fff26e64445056db859a03644cafa77f3228aabc,0x000000000000000000000000b50681398bb2201b8f2adce9d6afa35a209711cc,0x0000000000000000000000001f7d7550b1b028f7571e69a784071f0205fd2efa,0x438b7bb4885eb27c9889ff181eafa1f7cb21f6ef45a70e7042de7432174206d5
9368741,2026-07-14 08:00:21.000 UTC,0x0000000000000000000000000bd7d308f8e1639fab988df18a8011f41eacad73000000000000000000000000d5c7b2b05ef83984c05e39073f3ace11292341b500000000000000000000000000000000000000000000000000000000000000000000000000000000000000000000000000000000000000000000000000000000000000000000000000000000000000000000000000000000000000000001b9d90000000000000000000000000000000000000000000000000000000001858e3800000000000000000000000000000000000000000000000000470de4df820000,0x000000000000000000000000fdbfb3a4b21f226e6db47dd91b5da2e21559688c,0x000000000000000000000000ab14a8ee456692bdd0b5969761c6ddebcd009ae2,0x0000000000000000000000001f7d7550b1b028f7571e69a784071f0205fd2efa,0x2f556155a60c5dd1f204c3d5f8c4522ef41f3309ecd12f1bac14ea2baa2ac250
9371814,2026-07-14 08:05:29.000 UTC,0x0000000000000000000000000bd7d308f8e1639fab988df18a8011f41eacad730000000000000000000000004db42c85f0c6670b772c6155ae7b566ec0a2c23800000000000000000000000000000000000000000000000000000000000000000000000000000000000000000000000000000000000000000000000000000000000000000000000000000000000000000000000000000000000000000001ba1c0000000000000000000000000000000000000000000000000000000001858e520000000000000000000000000000000000000000000000000000000000000000,0x000000000000000000000000dfc7c01a43627d22a74083f9ba4743d8cbb90b1c,0x000000000000000000000000f2203807e49f741404906daaf8f8d3c17b0a59b2,0x0000000000000000000000001f7d7550b1b028f7571e69a784071f0205fd2efa,0xd2a19d0a93e400144dc4a79ed288ebd6be6beb9d23c05067b439b420cd1168c3
9382019,2026-07-14 08:22:33.000 UTC,0x0000000000000000000000000bd7d308f8e1639fab988df18a8011f41eacad7300000000000000000000000084d4d53d28ace6a8b9bee5bebda28516903319df00000000000000000000000000000000000000000000000000000000000000000000000000000000000000000000000000000000000000000000000000000000000000000000000000000000000000000000000000000000000000000001ba880000000000000000000000000000000000000000000000000000000001858ea8000000000000000000000000000000000000000000000000006053442a7dec00,0x000000000000000000000000564bb200bf29a909a99a9103a7cc1c05a871a2b9,0x000000000000000000000000138568f6a401dc04769c1f91c4151762cec55b44,0x0000000000000000000000001f7d7550b1b028f7571e69a784071f0205fd2efa,0x720945fac33fbb7169a95766dc219ad147bb610d1f294844b62d365d2e3d5d0f
9442775,2026-07-14 10:04:06.000 UTC,0x0000000000000000000000000bd7d308f8e1639fab988df18a8011f41eacad730000000000000000000000008ac7b4388714debabd9d990962a544fc2979507a00000000000000000000000000000000000000000000000000000000000000000000000000000000000000000000000000000000000000000000000000000000000000000000000000000000000000000000000000000000000000000001bf4100000000000000000000000000000000000000000000000000000000018590a0000000000000000000000000000000000000000000000000006053442a7dec00,0x000000000000000000000000fe71f79ebd9ffd5f8a6a54f3c67ccf66450c4cd1,0x000000000000000000000000a3cd21b9ed39eea8d52ab98cb121fec6beada6bb,0x0000000000000000000000001f7d7550b1b028f7571e69a784071f0205fd2efa,0xe5ecbbcf614ed0cbcab9065990b556fcde773253b7fe5fdd9cc6b5d28bac1b35
9450261,2026-07-14 10:16:37.000 UTC,0x0000000000000000000000000bd7d308f8e1639fab988df18a8011f41eacad73000000000000000000000000c63e4582e97bdb25daec0424cc1a20a003f83dea00000000000000000000000000000000000000000000000000000000000000000000000000000000000000000000000000000000000000000000000000000000000000000000000000000000000000000000000000000000000000000001bfb500000000000000000000000000000000000000000000000000000000018590df000000000000000000000000000000000000000000000000002386f26fc10000,0x000000000000000000000000a28667a9a88561f7d3f9b9ae65559d610ea8efd7,0x000000000000000000000000c5c3f257d02821b3d3db23a04374abe6b3d06280,0x0000000000000000000000001f7d7550b1b028f7571e69a784071f0205fd2efa,0x9dda798b29d858836a052a1d48271f429611873af829c446f05eb9daa7413796
9451855,2026-07-14 10:19:16.000 UTC,0x0000000000000000000000000bd7d308f8e1639fab988df18a8011f41eacad730000000000000000000000008f7e98718d28342d1278bb8bef32284e83ef913000000000000000000000000000000000000000000000000000000000000000000000000000000000000000000000000000000000000000000000000000000000000000000000000000000000000000000000000000000000000000000001bfc500000000000000000000000000000000000000000000000000000000018590ec00000000000000000000000000000000000000000000000000470de4df820000,0x0000000000000000000000008a75c88bf44231ce441354fe5e618f00f8fe15d9,0x000000000000000000000000d9066feadc38eeee4e70bbea47ec649847a51b80,0x0000000000000000000000001f7d7550b1b028f7571e69a784071f0205fd2efa,0x3e8ab4e8a7ffbd3bae6d6fc2935126bab9fa6124c29d8e7b9dbe334b94424b28
9456471,2026-07-14 10:27:00.000 UTC,0x0000000000000000000000000bd7d308f8e1639fab988df18a8011f41eacad73000000000000000000000000f41e652039ed05b249ae664b1c4326a72613fd3500000000000000000000000000000000000000000000000000000000000000000000000000000000000000000000000000000000000000000000000000000000000000000000000000000000000000000000000000000000000000000001c0230000000000000000000000000000000000000000000000000000000001859113000000000000000000000000000000000000000000000000002386f26fc10000,0x0000000000000000000000005ad70538da44c86a4c7b9f0f9d9124a1b062b3df,0x000000000000000000000000c5c3f257d02821b3d3db23a04374abe6b3d06280,0x0000000000000000000000001f7d7550b1b028f7571e69a784071f0205fd2efa,0xc6ae100eddf62d66544e6e39c63df536376ec877734255efd3b508381ac9f7e7
9458343,2026-07-14 10:30:08.000 UTC,0x0000000000000000000000000bd7d308f8e1639fab988df18a8011f41eacad73000000000000000000000000084e3102d9e20fc0a9d13642ea9bfbd6248b072e00000000000000000000000000000000000000000000000000000000000000000000000000000000000000000000000000000000000000000000000000000000000000000000000000000000000000000000000000000000000000000001c03200000000000000000000000000000000000000000000000000000000018591210000000000000000000000000000000000000000000000000000000000000000,0x0000000000000000000000004cbdeb8298b4e9d2f13e088ef11aa1aeda883498,0x0000000000000000000000009be930ddf889055e26d900b937cccc61428edc59,0x0000000000000000000000001f7d7550b1b028f7571e69a784071f0205fd2efa,0x59bd4c1c100db2fe884d86d821893550b162e5ff1a92dcef0117d7a186c9abd8
9513897,2026-07-14 12:03:01.000 UTC,0x0000000000000000000000000bd7d308f8e1639fab988df18a8011f41eacad73000000000000000000000000292eba19810c99252e89fe7048cfbaaf75a273e100000000000000000000000000000000000000000000000000000000000000000000000000000000000000000000000000000000000000000000000000000000000000000000000000000000000000000000000000000000000000000001c39e00000000000000000000000000000000000000000000000000000000018592f20000000000000000000000000000000000000000000000000000000000000000,0x0000000000000000000000007e5fae150062aab5e49d9061e051e435431768de,0x000000000000000000000000d50a1cfefe23c1b13c1174ef9f677e8c78385619,0x0000000000000000000000001f7d7550b1b028f7571e69a784071f0205fd2efa,0x1bbe38dda41d38f0561022db9e0871a6b1dae7dd5f69fc107c517a4cd27c8c3f
9515161,2026-07-14 12:05:08.000 UTC,0x0000000000000000000000000bd7d308f8e1639fab988df18a8011f41eacad73000000000000000000000000279abe9c9ae40cf6e6656b2c9f4aee73ce6b473000000000000000000000000000000000000000000000000000000000000000000000000000000000000000000000000000000000000000000000000000000000000000000000000000000000000000000000000000000000000000000001c3a800000000000000000000000000000000000000000000000000000000018592fc0000000000000000000000000000000000000000000000000000000000000000,0x000000000000000000000000f96e47d7e39db1af4577a57dd21f9796186a1b82,0x000000000000000000000000d50a1cfefe23c1b13c1174ef9f677e8c78385619,0x0000000000000000000000001f7d7550b1b028f7571e69a784071f0205fd2efa,0x06b6a9c4884ff25201e28eaec5129c85144cf10936de65e48ed062a23ca06b20
9525051,2026-07-14 12:21:39.000 UTC,0x0000000000000000000000000bd7d308f8e1639fab988df18a8011f41eacad73000000000000000000000000af1cac081c54ca0d22ec96fc4a757fec279bae0e00000000000000000000000000000000000000000000000000000000000000000000000000000000000000000000000000000000000000000000000000000000000000000000000000000000000000000000000000000000000000000001c46c000000000000000000000000000000000000000000000000000000000185934f00000000000000000000000000000000000000000000000000005af3107a4000,0x000000000000000000000000be1bbdccf74c2e12b7822643c01989da49007728,0x000000000000000000000000fce86e6a615b40a620b1a666ff4b866cd273c476,0x0000000000000000000000001f7d7550b1b028f7571e69a784071f0205fd2efa,0xc15ba97d49e6bcb692be023102d8a3519919a757a35a91350a89b684d714fd55
9530755,2026-07-14 12:31:11.000 UTC,0x0000000000000000000000000bd7d308f8e1639fab988df18a8011f41eacad7300000000000000000000000099146bb733127263b8b3e23e931592453c5cb68700000000000000000000000000000000000000000000000000000000000000000000000000000000000000000000000000000000000000000000000000000000000000000000000000000000000000000000000000000000000000000001c552000000000000000000000000000000000000000000000000000000000185937e000000000000000000000000000000000000000000000000002386f26fc10000,0x000000000000000000000000b0b1028ecfa50b9580686b6c1c5e9acd2e0393f1,0x000000000000000000000000060e8fd2ef98a7b8b1ffd65e4cdc6047dadb4600,0x0000000000000000000000001f7d7550b1b028f7571e69a784071f0205fd2efa,0x78a69db8b243060b990dea2387e753ec50cbf05ef457eb5a922747425945b8d6
9531108,2026-07-14 12:31:47.000 UTC,0x0000000000000000000000000bd7d308f8e1639fab988df18a8011f41eacad730000000000000000000000001a7185ecf0f9986331b5d4d5a6d94b5f343f09d900000000000000000000000000000000000000000000000000000000000000000000000000000000000000000000000000000000000000000000000000000000000000000000000000000000000000000000000000000000000000000001c55d0000000000000000000000000000000000000000000000000000000001859382000000000000000000000000000000000000000000000000002386f26fc10000,0x0000000000000000000000006ec0c483bf3c5e6533b01fb20f68fe10d984f41c,0x000000000000000000000000cdc9ddceca80124f9026d67db61ef3a209557cb9,0x0000000000000000000000001f7d7550b1b028f7571e69a784071f0205fd2efa,0x669ef5f08f7fcbe3b9ff0783e467c7c5620d9e46b9ac2fed9d8a6de58323febd
9540423,2026-07-14 12:47:13.000 UTC,0x0000000000000000000000000bd7d308f8e1639fab988df18a8011f41eacad73000000000000000000000000ea902cf53a24fb8d9a55ccaa310035a85a00c89700000000000000000000000000000000000000000000000000000000000000000000000000000000000000000000000000000000000000000000000000000000000000000000000000000000000000000000000000000000000000000001c67f00000000000000000000000000000000000000000000000000000000018593cd0000000000000000000000000000000000000000000000000058d15e17628000,0x00000000000000000000000008432e9bf79ee38a95d5a01edf298ae15e02f653,0x00000000000000000000000091ec77a235fe01a623d57a721e0a0347e231467d,0x0000000000000000000000001f7d7550b1b028f7571e69a784071f0205fd2efa,0x63305724a976799dfb9491b784f401621b21c25b5bef0e38760f5f62799ff363
9549190,2026-07-14 13:01:51.000 UTC,0x0000000000000000000000000bd7d308f8e1639fab988df18a8011f41eacad73000000000000000000000000afd266dec42f802bd0a0b2399621ba5a30c88b6a00000000000000000000000000000000000000000000000000000000000000000000000000000000000000000000000000000000000000000000000000000000000000000000000000000000000000000000000000000000000000000001c7860000000000000000000000000000000000000000000000000000000001859417000000000000000000000000000000000000000000000000001ff973cafa8000,0x000000000000000000000000448ce6f7afee5568d89997c0d76e1247ba40f231,0x000000000000000000000000755f239407fc8f34c493ea581e03d672fa37639b,0x0000000000000000000000001f7d7550b1b028f7571e69a784071f0205fd2efa,0x529bcf6b1d1aba3af655e3cb50ddc702b6b23d4648ed375c9c522f2621299eb8
9550649,2026-07-14 13:04:18.000 UTC,0x0000000000000000000000000bd7d308f8e1639fab988df18a8011f41eacad730000000000000000000000009d7a85a96ca4386c12ca6ca7af3098f15cfb5ede00000000000000000000000000000000000000000000000000000000000000000000000000000000000000000000000000000000000000000000000000000000000000000000000000000000000000000000000000000000000000000001c7be00000000000000000000000000000000000000000000000000000000018594240000000000000000000000000000000000000000000000000000000000000000,0x000000000000000000000000b5ce003678cec99ca301f4a8f6548415bacfbd75,0x0000000000000000000000009202c70fbe4ef611e2bcab26b6f10c94475e7f6b,0x0000000000000000000000001f7d7550b1b028f7571e69a784071f0205fd2efa,0x2fa51e26464581d76e432ed7be6a7e6dfd602b7695a1b954d9dcb22fe733b7a3
9551370,2026-07-14 13:05:28.000 UTC,0x0000000000000000000000000bd7d308f8e1639fab988df18a8011f41eacad73000000000000000000000000492c5ecf01c9b5ed9f7ab28a39df82eb01b7da3900000000000000000000000000000000000000000000000000000000000000000000000000000000000000000000000000000000000000000000000000000000000000000000000000000000000000000000000000000000000000000001c7c90000000000000000000000000000000000000000000000000000000001859429000000000000000000000000000000000000000000000000006053442a7dec00,0x0000000000000000000000003b8a7aba0a2094683937559cc85a8788a5ebd55a,0x000000000000000000000000a30484b3ff50989415d6d5d2d4edfcf4d09c5fe9,0x0000000000000000000000001f7d7550b1b028f7571e69a784071f0205fd2efa,0xb33d72ca2f7135ede4d44169a97e1bbc31ba640a97fe53a596d0f0af48aab402
9555521,2026-07-14 13:12:24.000 UTC,0x0000000000000000000000000bd7d308f8e1639fab988df18a8011f41eacad73000000000000000000000000d18325e58e50cd2af42681a385a85f6da399700a00000000000000000000000000000000000000000000000000000000000000000000000000000000000000000000000000000000000000000000000000000000000000000000000000000000000000000000000000000000000000000001c816000000000000000000000000000000000000000000000000000000000185944c0000000000000000000000000000000000000000000000000000000000000000,0x000000000000000000000000868dded418b0b4f143a610117b92d992fee24908,0x0000000000000000000000009202c70fbe4ef611e2bcab26b6f10c94475e7f6b,0x0000000000000000000000001f7d7550b1b028f7571e69a784071f0205fd2efa,0x3e575509d830a5bca6c8127de80ee48b709d8cd75f321e4d72d0ba841ceccb08
9556616,2026-07-14 13:14:14.000 UTC,0x0000000000000000000000000bd7d308f8e1639fab988df18a8011f41eacad73000000000000000000000000edc88c0cde5b8179a14ad59a8333027a34b8f18000000000000000000000000000000000000000000000000000000000000000000000000000000000000000000000000000000000000000000000000000000000000000000000000000000000000000000000000000000000000000000001c8210000000000000000000000000000000000000000000000000000000001859455000000000000000000000000000000000000000000000000002386f26fc10000,0x00000000000000000000000013522a83411b3387f343e3953bf63e534986b4d5,0x0000000000000000000000003ee50acd38cdb70e760857053416bc8ac496a482,0x0000000000000000000000001f7d7550b1b028f7571e69a784071f0205fd2efa,0x31d43a53f1143cd1f4dd38a04f13c348ebff1b48ff9e9232f5b4161b857ae06a
9558465,2026-07-14 13:17:20.000 UTC,0x0000000000000000000000000bd7d308f8e1639fab988df18a8011f41eacad73000000000000000000000000861a6af0d45a7039f9625a5db57cb640da4d08c900000000000000000000000000000000000000000000000000000000000000000000000000000000000000000000000000000000000000000000000000000000000000000000000000000000000000000000000000000000000000000001c84e0000000000000000000000000000000000000000000000000000000001859464000000000000000000000000000000000000000000000000006053442a7dec00,0x0000000000000000000000003f33ff413b0e4f61acb79530a6c13cf73a283b0b,0x00000000000000000000000091ec77a235fe01a623d57a721e0a0347e231467d,0x0000000000000000000000001f7d7550b1b028f7571e69a784071f0205fd2efa,0x18fc60c41e08cbfde23f6d09101677cb74d97d26761c8af06eb76af0e1f6d48e
9558466,2026-07-14 13:17:20.000 UTC,0x0000000000000000000000000bd7d308f8e1639fab988df18a8011f41eacad73000000000000000000000000528d9df91da7f85242fb6b142c8e82435bd3a84a00000000000000000000000000000000000000000000000000000000000000000000000000000000000000000000000000000000000000000000000000000000000000000000000000000000000000000000000000000000000000000001c84f0000000000000000000000000000000000000000000000000000000001859464000000000000000000000000000000000000000000000000006053442a7dec00,0x000000000000000000000000cbb804fa4b7af451f253c689726cbad475617fea,0x0000000000000000000000008386b9171e84bc38798a6cc4b98313ac7c374a07,0x0000000000000000000000001f7d7550b1b028f7571e69a784071f0205fd2efa,0x175a54784edd1d1176cf5d7ba96f4f2216d650dff6a80735f92162cf339b567d
9558651,2026-07-14 13:17:37.000 UTC,0x0000000000000000000000000bd7d308f8e1639fab988df18a8011f41eacad7300000000000000000000000064158441a88b4b337dbe9f4d9e5c814ecc0d926100000000000000000000000000000000000000000000000000000000000000000000000000000000000000000000000000000000000000000000000000000000000000000000000000000000000000000000000000000000000000000001c8560000000000000000000000000000000000000000000000000000000001859466000000000000000000000000000000000000000000000000006053442a7dec00,0x000000000000000000000000a91fe91b838431ed121302b6f3110f61ab6361f4,0x000000000000000000000000bc0b6a7daeb1558692a64a3866a029f912f3526b,0x0000000000000000000000001f7d7550b1b028f7571e69a784071f0205fd2efa,0x039779aac98bc9ea81ddb67918f2aa4280947d0138ea449b0133d7f329678b8d
9562084,2026-07-14 13:23:22.000 UTC,0x0000000000000000000000000bd7d308f8e1639fab988df18a8011f41eacad730000000000000000000000002c5a93416102a09a7097530998370fb91dcb454800000000000000000000000000000000000000000000000000000000000000000000000000000000000000000000000000000000000000000000000000000000000000000000000000000000000000000000000000000000000000000001c89a0000000000000000000000000000000000000000000000000000000001859483000000000000000000000000000000000000000000000000006053442a7dec00,0x00000000000000000000000071d02f888f4ef2df8358db105e832718ef59a18c,0x00000000000000000000000091ec77a235fe01a623d57a721e0a0347e231467d,0x0000000000000000000000001f7d7550b1b028f7571e69a784071f0205fd2efa,0x52ea21887802eb045b4fce9ca7203e45f0462fd7f0c37aa7fbcac6c80072069d
9563588,2026-07-14 13:25:52.000 UTC,0x0000000000000000000000000bd7d308f8e1639fab988df18a8011f41eacad73000000000000000000000000846cf048f056cc27b30d3163608e5c327d9fa1d400000000000000000000000000000000000000000000000000000000000000000000000000000000000000000000000000000000000000000000000000000000000000000000000000000000000000000000000000000000000000000001c8b3000000000000000000000000000000000000000000000000000000000185948f0000000000000000000000000000000000000000000000000000000000000000,0x00000000000000000000000028152c309fc4dd903c85bca55929b9c77ddaac72,0x0000000000000000000000003ee50acd38cdb70e760857053416bc8ac496a482,0x0000000000000000000000001f7d7550b1b028f7571e69a784071f0205fd2efa,0xf8f6cd98c0507a63b568f872aeaebbd049c6c8a049ba6c34792c15074388b83a
9568413,2026-07-14 13:33:56.000 UTC,0x0000000000000000000000000bd7d308f8e1639fab988df18a8011f41eacad730000000000000000000000001022688f051398700b519622ebd64726592a79d100000000000000000000000000000000000000000000000000000000000000000000000000000000000000000000000000000000000000000000000000000000000000000000000000000000000000000000000000000000000000000001c91900000000000000000000000000000000000000000000000000000000018594b7000000000000000000000000000000000000000000000000006053442a7dec00,0x00000000000000000000000057aafe25c1eaa757347c10595722e3c4ac09a218,0x00000000000000000000000091ec77a235fe01a623d57a721e0a0347e231467d,0x0000000000000000000000001f7d7550b1b028f7571e69a784071f0205fd2efa,0xa7dd7ccf892d4f57a66bb9758e84fa8b5e85c21470c5f4edebf9f96f6b32e9cc
9581517,2026-07-14 13:55:49.000 UTC,0x0000000000000000000000000bd7d308f8e1639fab988df18a8011f41eacad73000000000000000000000000f3de7c58a0c8d67986a524bd9dd5936c6bae020500000000000000000000000000000000000000000000000000000000000000000000000000000000000000000000000000000000000000000000000000000000000000000000000000000000000000000000000000000000000000000001ca250000000000000000000000000000000000000000000000000000000001859523000000000000000000000000000000000000000000000000005fec5b60ef8000,0x0000000000000000000000000619db2f0424203dcbbc6ccfcb07cd45d1d95aff,0x00000000000000000000000091ec77a235fe01a623d57a721e0a0347e231467d,0x0000000000000000000000001f7d7550b1b028f7571e69a784071f0205fd2efa,0x2e77b9d088ad371578df841a1b36c10d8cf3dd8ef5654d00fbb69373e7e6413c
9591772,2026-07-14 14:12:52.000 UTC,0x0000000000000000000000000bd7d308f8e1639fab988df18a8011f41eacad7300000000000000000000000023aa8cead3266f8e4ae2a64b2903b9f0270666d800000000000000000000000000000000000000000000000000000000000000000000000000000000000000000000000000000000000000000000000000000000000000000000000000000000000000000000000000000000000000000001cbc40000000000000000000000000000000000000000000000000000000001859579000000000000000000000000000000000000000000000000006053442a7dec00,0x000000000000000000000000bdee57970952b4137b3fdb31e3a4f24e153bf53e,0x00000000000000000000000062cee9f2f5c73c96737521f6cacd7ddb0a3a4e56,0x0000000000000000000000001f7d7550b1b028f7571e69a784071f0205fd2efa,0xc70e6ec2e3cbc5069442e82c2200409610b8178d5fafbebda126be2588053b31
9597502,2026-07-14 14:22:04.000 UTC,0x0000000000000000000000000bd7d308f8e1639fab988df18a8011f41eacad730000000000000000000000002a84767ef17481aeb68d968c56305059d914bcf100000000000000000000000000000000000000000000000000000000000000000000000000000000000000000000000000000000000000000000000000000000000000000000000000000000000000000000000000000000000000000001cc2c00000000000000000000000000000000000000000000000000000000018595a6000000000000000000000000000000000000000000000000006053442a7dec00,0x0000000000000000000000007aa17dbf5501f74ad632ceead13508fb521a4a5b,0x00000000000000000000000003161cb3395fb44ab8b9ca918e370a0902e7ba14,0x0000000000000000000000001f7d7550b1b028f7571e69a784071f0205fd2efa,0x1cf4d4cd2ca8c526936149e7a653e5900f65e4a2abf9b4162901498e370df519
9602161,2026-07-14 14:29:49.000 UTC,0x0000000000000000000000000bd7d308f8e1639fab988df18a8011f41eacad730000000000000000000000006cc7d16667ad3534a89d10dd87b5275618334efe00000000000000000000000000000000000000000000000000000000000000000000000000000000000000000000000000000000000000000000000000000000000000000000000000000000000000000000000000000000000000000001cc8300000000000000000000000000000000000000000000000000000000018595cc000000000000000000000000000000000000000000000000006053442a7dec00,0x000000000000000000000000fafc83f505ee7ce4c48038bef1ac08da3c63b5ac,0x00000000000000000000000082461f484f162b0e622bd1c7f27793f7029df15a,0x0000000000000000000000001f7d7550b1b028f7571e69a784071f0205fd2efa,0xd504c76b59bd4d7226df9b0c998f6cf4312183c044370757683fae69ec439707
9604754,2026-07-14 14:34:10.000 UTC,0x0000000000000000000000000bd7d308f8e1639fab988df18a8011f41eacad73000000000000000000000000da3fca813d5867b60881b65cb7c06717269122fe00000000000000000000000000000000000000000000000000000000000000000000000000000000000000000000000000000000000000000000000000000000000000000000000000000000000000000000000000000000000000000001cc9800000000000000000000000000000000000000000000000000000000018595e300000000000000000000000000000000000000000000000000071afd498d0000,0x000000000000000000000000eecf34a724324dccad96c8ee58da71db62c28105,0x000000000000000000000000d7839366b045e4e083e75e806c46940eb0e3d9ff,0x0000000000000000000000001f7d7550b1b028f7571e69a784071f0205fd2efa,0xa679ef4473f13fb0ea3ef771dd79dc9f6d8f1007ec6d939b8c08b1ff81c149e1
9611440,2026-07-14 14:45:14.000 UTC,0x0000000000000000000000000bd7d308f8e1639fab988df18a8011f41eacad7300000000000000000000000069a7990dabe153c82e57f553bb46d519ae4c94df00000000000000000000000000000000000000000000000000000000000000000000000000000000000000000000000000000000000000000000000000000000000000000000000000000000000000000000000000000000000000000001cd13000000000000000000000000000000000000000000000000000000000185961a000000000000000000000000000000000000000000000000000e35fa931a0000,0x000000000000000000000000b787e08ca993f5afac90540603c7a9bb12076778,0x000000000000000000000000060e8fd2ef98a7b8b1ffd65e4cdc6047dadb4600,0x0000000000000000000000001f7d7550b1b028f7571e69a784071f0205fd2efa,0x8b8166da6f8bea68844e853760e2601e2b02bf78e993ff01de92f18d9283f321
9618013,2026-07-14 14:56:12.000 UTC,0x0000000000000000000000000bd7d308f8e1639fab988df18a8011f41eacad7300000000000000000000000000df8aa5e2c3f9a1146749084d67ebce727d7e8900000000000000000000000000000000000000000000000000000000000000000000000000000000000000000000000000000000000000000000000000000000000000000000000000000000000000000000000000000000000000000001cd7d0000000000000000000000000000000000000000000000000000000001859650000000000000000000000000000000000000000000000000000aa87bee538000,0x0000000000000000000000004325d90cc32673d09f4a219e09656dbb9756a75f,0x000000000000000000000000cdc9ddceca80124f9026d67db61ef3a209557cb9,0x0000000000000000000000001f7d7550b1b028f7571e69a784071f0205fd2efa,0x3e047ec94322fb505115d76c3692c415c1bf8364796f262707354268723a6cc0
9631086,2026-07-14 15:18:02.000 UTC,0x0000000000000000000000000bd7d308f8e1639fab988df18a8011f41eacad73000000000000000000000000ff62326c8799290dca782bb007b414aaedcc408f00000000000000000000000000000000000000000000000000000000000000000000000000000000000000000000000000000000000000000000000000000000000000000000000000000000000000000000000000000000000000000001ce6d00000000000000000000000000000000000000000000000000000000018596bc00000000000000000000000000000000000000000000000000470de4df820000,0x00000000000000000000000083238ed9162b4d9e4d56062db171b80a0fe4cc67,0x000000000000000000000000ee9dd3bc97b69d3793fcf1efa0013ba5301e3e79,0x0000000000000000000000001f7d7550b1b028f7571e69a784071f0205fd2efa,0x0772704a0a81034ba576ff400fa63aad6d5494248abe685697943a2e45e3223c
9638935,2026-07-14 15:31:08.000 UTC,0x0000000000000000000000000bd7d308f8e1639fab988df18a8011f41eacad73000000000000000000000000ac9c6364d3a2a07707c9e2c37811ba29bb18d59500000000000000000000000000000000000000000000000000000000000000000000000000000000000000000000000000000000000000000000000000000000000000000000000000000000000000000000000000000000000000000001ced700000000000000000000000000000000000000000000000000000000018596fd0000000000000000000000000000000000000000000000000011c37937e08000,0x000000000000000000000000ef53dbd5557912eeb030c868188a266fe8b86e54,0x000000000000000000000000f1c0684ed3ee7c563804a2d0a95262dc5de2fae0,0x0000000000000000000000001f7d7550b1b028f7571e69a784071f0205fd2efa,0x83effd9af2e7d4b4a87b08eac7bd0f1c4f46634826abf2ff3c5318e9fa43f620
9645201,2026-07-14 15:41:34.000 UTC,0x0000000000000000000000000bd7d308f8e1639fab988df18a8011f41eacad730000000000000000000000007d5ff574653c2bda6b1c378404e37fa640f5b7ba00000000000000000000000000000000000000000000000000000000000000000000000000000000000000000000000000000000000000000000000000000000000000000000000000000000000000000000000000000000000000000001cf8a0000000000000000000000000000000000000000000000000000000001859731000000000000000000000000000000000000000000000000006053442a7dec00,0x000000000000000000000000c99ece9bc3563db0ae9f08771894d9e4c4dd771f,0x000000000000000000000000b55f8775763c2e9cd6a3e6ae5045ae3b1fffad44,0x0000000000000000000000001f7d7550b1b028f7571e69a784071f0205fd2efa,0xc673b1df8e0d4ef8aa0e3eddb81bb4b50052b31582155418af5f1c29fe065ca6
9645911,2026-07-14 15:42:46.000 UTC,0x0000000000000000000000000bd7d308f8e1639fab988df18a8011f41eacad730000000000000000000000007fef8a2b8018ec796548f2dac9631dac0005a4b500000000000000000000000000000000000000000000000000000000000000000000000000000000000000000000000000000000000000000000000000000000000000000000000000000000000000000000000000000000000000000001cfb1000000000000000000000000000000000000000000000000000000000185973800000000000000000000000000000000000000000000000000071afd498d0000,0x00000000000000000000000013d0f64929ed4d05daf430831b75347124c945cc,0x0000000000000000000000009adf17b7d91731ed74c2502695794ec95b8f2a26,0x0000000000000000000000001f7d7550b1b028f7571e69a784071f0205fd2efa,0x8763b3f059392e021b7b9b6c0b47f21f749f0ce8194154ff49d4f07e502d385c
9646396,2026-07-14 15:43:34.000 UTC,0x0000000000000000000000000bd7d308f8e1639fab988df18a8011f41eacad7300000000000000000000000070cea3b31c7f965534d1e86be5cf34b4740e67c400000000000000000000000000000000000000000000000000000000000000000000000000000000000000000000000000000000000000000000000000000000000000000000000000000000000000000000000000000000000000000001cfdd000000000000000000000000000000000000000000000000000000000185973c00000000000000000000000000000000000000000000000000005af3107a4000,0x000000000000000000000000bc80ca5ceb1fd328f63414414e0abbdeb133fc9b,0x000000000000000000000000e0db9d2a76badcc564fa2fbf370faea301a17591,0x0000000000000000000000001f7d7550b1b028f7571e69a784071f0205fd2efa,0x856d931cd863ef6a13c378baabde1d23a41b45e7b25e59843ffb0d47dc091f84
9649077,2026-07-14 15:48:01.000 UTC,0x0000000000000000000000000bd7d308f8e1639fab988df18a8011f41eacad730000000000000000000000005a8ff72e6b6ac2b619193a297e04950d5c2d1ce900000000000000000000000000000000000000000000000000000000000000000000000000000000000000000000000000000000000000000000000000000000000000000000000000000000000000000000000000000000000000000001d0610000000000000000000000000000000000000000000000000000000001859752000000000000000000000000000000000000000000000000006053442a7dec00,0x000000000000000000000000313fb445f5fc82a9d2abb40a7ba58b6fb677776b,0x000000000000000000000000c4256561b31313bde384cd141ccaad392969bd2a,0x0000000000000000000000001f7d7550b1b028f7571e69a784071f0205fd2efa,0x0466b768cb1d5b45f773946851e7aa3307b9baad211b8c0df81b73cae6e8f303
9649475,2026-07-14 15:48:41.000 UTC,0x0000000000000000000000000bd7d308f8e1639fab988df18a8011f41eacad73000000000000000000000000ba5cebbe552e143790d5aaee5bf26c3934f97cc900000000000000000000000000000000000000000000000000000000000000000000000000000000000000000000000000000000000000000000000000000000000000000000000000000000000000000000000000000000000000000001d06a000000000000000000000000000000000000000000000000000000000185975500000000000000000000000000000000000000000000000000038d7ea4c68000,0x00000000000000000000000006e5af0e23e70ed9dfa8ef781cc9c5abe6bc67a6,0x0000000000000000000000001cf319fbac7564e1336282a9197c08156099c109,0x0000000000000000000000001f7d7550b1b028f7571e69a784071f0205fd2efa,0xaa21fe8a69ba5826c00a5b6b71560f4dd417d36f1206b0180b3d9447fc516e00
9651016,2026-07-14 15:51:13.000 UTC,0x0000000000000000000000000bd7d308f8e1639fab988df18a8011f41eacad730000000000000000000000001180a62bf5e3d16078fba95414dbbee5bc5fef3e00000000000000000000000000000000000000000000000000000000000000000000000000000000000000000000000000000000000000000000000000000000000000000000000000000000000000000000000000000000000000000001d0980000000000000000000000000000000000000000000000000000000001859762000000000000000000000000000000000000000000000000002386f26fc10000,0x000000000000000000000000b1b9fefcf8309aa074d35aa7a8656de8ed7a81c2,0x000000000000000000000000d50a1cfefe23c1b13c1174ef9f677e8c78385619,0x0000000000000000000000001f7d7550b1b028f7571e69a784071f0205fd2efa,0xbceb5f0f161859905e196dcfd473a9ca17749f2dec3df012d8ff904d554ceade
9651141,2026-07-14 15:51:26.000 UTC,0x0000000000000000000000000bd7d308f8e1639fab988df18a8011f41eacad73000000000000000000000000e75b177dea0ddca4bf84b02333c2550de455c94300000000000000000000000000000000000000000000000000000000000000000000000000000000000000000000000000000000000000000000000000000000000000000000000000000000000000000000000000000000000000000001d09b0000000000000000000000000000000000000000000000000000000001859762000000000000000000000000000000000000000000000000006053442a7dec00,0x000000000000000000000000bd7db2d9cd7341cd3beb5d819ed27e245c1eec90,0x00000000000000000000000000b2bee86f8826ed3748a1396ea28de67aa51efe,0x0000000000000000000000001f7d7550b1b028f7571e69a784071f0205fd2efa,0x1e6bea130ba616b9266b3db00bb1c7b4f2282e1223b870ed06c274c966f6e9f7
9651294,2026-07-14 15:51:41.000 UTC,0x0000000000000000000000000bd7d308f8e1639fab988df18a8011f41eacad73000000000000000000000000a8e0330a6ff5d4c1174011d5a675126ff801323400000000000000000000000000000000000000000000000000000000000000000000000000000000000000000000000000000000000000000000000000000000000000000000000000000000000000000000000000000000000000000001d09c000000000000000000000000000000000000000000000000000000000185976400000000000000000000000000000000000000000000000000016bcc41e90000,0x000000000000000000000000a7e235ee2101a8ef944f086826213b8805c7e859,0x0000000000000000000000001cf319fbac7564e1336282a9197c08156099c109,0x0000000000000000000000001f7d7550b1b028f7571e69a784071f0205fd2efa,0x02d968423c8de9e96c55efdd2d671d7f207db048ab9b2250244197dc4f728a89
9651583,2026-07-14 15:52:10.000 UTC,0x0000000000000000000000000bd7d308f8e1639fab988df18a8011f41eacad73000000000000000000000000ccfcbd2c69dfa4dcbc71f7faa720c1f648bad67d00000000000000000000000000000000000000000000000000000000000000000000000000000000000000000000000000000000000000000000000000000000000000000000000000000000000000000000000000000000000000000001d0a800000000000000000000000000000000000000000000000000000000018597660000000000000000000000000000000000000000000000000060474e7169c000,0x000000000000000000000000e3128968c44064733cd186d6634b40cd34acdc3e,0x00000000000000000000000004b35d4d13cded591341ea31620626ee4366877a,0x0000000000000000000000001f7d7550b1b028f7571e69a784071f0205fd2efa,0x791367aa7c58855f01a01b8e498bab923e2aa227db93b1c376a5be4673f7c746
9651934,2026-07-14 15:52:46.000 UTC,0x0000000000000000000000000bd7d308f8e1639fab988df18a8011f41eacad73000000000000000000000000f59202a23064a855df6e0678cd5d983934e7f42400000000000000000000000000000000000000000000000000000000000000000000000000000000000000000000000000000000000000000000000000000000000000000000000000000000000000000000000000000000000000000001d0b8000000000000000000000000000000000000000000000000000000000185976a0000000000000000000000000000000000000000000000000000000000000000,0x00000000000000000000000078eb54ea06291ebfda96f2e9efccc7b52a73db69,0x000000000000000000000000b5651bf3019163c39ea906e412cf8f95fa9a243d,0x0000000000000000000000001f7d7550b1b028f7571e69a784071f0205fd2efa,0x8e9b1540169005aba3e17ec2107110540a08538a3b9f058a0187a45bd1c7ca97
9653198,2026-07-14 15:54:53.000 UTC,0x0000000000000000000000000bd7d308f8e1639fab988df18a8011f41eacad73000000000000000000000000f5c32f87e462562602bdcb3790159c05dfa8c90d00000000000000000000000000000000000000000000000000000000000000000000000000000000000000000000000000000000000000000000000000000000000000000000000000000000000000000000000000000000000000000001d0d900000000000000000000000000000000000000000000000000000000018597740000000000000000000000000000000000000000000000000000000000000000,0x000000000000000000000000789fe253e1766d8b63b696d25b674ffc7ce48a79,0x00000000000000000000000054b94c881b99c130707165290fae2e24784feab1,0x0000000000000000000000001f7d7550b1b028f7571e69a784071f0205fd2efa,0x74aabffc91d9debfa27c698c9782e0e03881a3b85021f2927be9fa6c0178299c
9653428,2026-07-14 15:55:16.000 UTC,0x0000000000000000000000000bd7d308f8e1639fab988df18a8011f41eacad73000000000000000000000000e0743ddeddf66679311e8da7b4f6acf21f618e2f00000000000000000000000000000000000000000000000000000000000000000000000000000000000000000000000000000000000000000000000000000000000000000000000000000000000000000000000000000000000000000001d0e00000000000000000000000000000000000000000000000000000000001859776000000000000000000000000000000000000000000000000005fec5b60ef8000,0x000000000000000000000000fa50da8a77fd0027d6a3bdf4ccef45031a5850c5,0x000000000000000000000000d0d4e720abf45e23d1d5a5c32e70da39cb48a811,0x0000000000000000000000001f7d7550b1b028f7571e69a784071f0205fd2efa,0x41008cf4d807a15a14dcfd5ac1654e829529141fd463a6bf868bf0ef16a332ea
9654468,2026-07-14 15:57:00.000 UTC,0x0000000000000000000000000bd7d308f8e1639fab988df18a8011f41eacad730000000000000000000000007beca1dbe0dc8ed3e2d6565a278884d044bd886700000000000000000000000000000000000000000000000000000000000000000000000000000000000000000000000000000000000000000000000000000000000000000000000000000000000000000000000000000000000000000001d0ef000000000000000000000000000000000000000000000000000000000185977f0000000000000000000000000000000000000000000000000011c37937e08000,0x000000000000000000000000e5b780f9892f9dd450935bf7c2c43416805ce156,0x00000000000000000000000054b349ed962979660a597bcde08e23234d72c886,0x0000000000000000000000001f7d7550b1b028f7571e69a784071f0205fd2efa,0x96d50e55b466545572fdbf349d448ebf71264cb23bc15fad9b2769480e1e6957
9654614,2026-07-14 15:57:15.000 UTC,0x0000000000000000000000000bd7d308f8e1639fab988df18a8011f41eacad7300000000000000000000000020a4abb50cb7901fb5287473d72f3be59c04bd7e00000000000000000000000000000000000000000000000000000000000000000000000000000000000000000000000000000000000000000000000000000000000000000000000000000000000000000000000000000000000000000001d0f400000000000000000000000000000000000000000000000000000000018597800000000000000000000000000000000000000000000000000060474e7169c000,0x00000000000000000000000098f3a149cbe03f1b15cf5821f98ab14eee6c45a6,0x0000000000000000000000000e0592bf7bd46402fa4bd59a3bd107674ca167d9,0x0000000000000000000000001f7d7550b1b028f7571e69a784071f0205fd2efa,0x834c7e49211f46fbbc7e5bde53d08b187b7972358b78aa0f8f92edb388eacb8f
9655404,2026-07-14 15:58:31.000 UTC,0x0000000000000000000000000bd7d308f8e1639fab988df18a8011f41eacad730000000000000000000000006e3dea449fe2d26238a297afe6b985030112f49500000000000000000000000000000000000000000000000000000000000000000000000000000000000000000000000000000000000000000000000000000000000000000000000000000000000000000000000000000000000000000001d10800000000000000000000000000000000000000000000000000000000018597860000000000000000000000000000000000000000000000000000000000000000,0x000000000000000000000000140bc81572ea5fe0c417d73a9d23c0f19b1dc1df,0x00000000000000000000000000b2bee86f8826ed3748a1396ea28de67aa51efe,0x0000000000000000000000001f7d7550b1b028f7571e69a784071f0205fd2efa,0xe0ea8ee33f5c13ac7c89029b022d2f7f12b9cf736913b14e500aaf61ad035b9e
9655429,2026-07-14 15:58:34.000 UTC,0x0000000000000000000000000bd7d308f8e1639fab988df18a8011f41eacad730000000000000000000000001bd0134e8333b3c1a9038c0bd7e8dee20a0bd93d00000000000000000000000000000000000000000000000000000000000000000000000000000000000000000000000000000000000000000000000000000000000000000000000000000000000000000000000000000000000000000001d10900000000000000000000000000000000000000000000000000000000018597860000000000000000000000000000000000000000000000000000000000000000,0x000000000000000000000000b455f70507c2d19b9e86cf629c28e2d881b2e4be,0x000000000000000000000000d50a1cfefe23c1b13c1174ef9f677e8c78385619,0x0000000000000000000000001f7d7550b1b028f7571e69a784071f0205fd2efa,0x6722f3d7e7a0d3680d3de15dbe915265bea3fef119ba4ab56e157c067b8d952e
9656003,2026-07-14 15:59:31.000 UTC,0x0000000000000000000000000bd7d308f8e1639fab988df18a8011f41eacad73000000000000000000000000600ad56a04d8d433517c96b88fe2b3e26a71c9af00000000000000000000000000000000000000000000000000000000000000000000000000000000000000000000000000000000000000000000000000000000000000000000000000000000000000000000000000000000000000000001d11b000000000000000000000000000000000000000000000000000000000185978b000000000000000000000000000000000000000000000000006053442a7dec00,0x0000000000000000000000003ec05e7c0449d545cbfeab220b87ae093bd2e8a6,0x000000000000000000000000d2a4b853acd14e64c4158fbaabbb78f388119219,0x0000000000000000000000001f7d7550b1b028f7571e69a784071f0205fd2efa,0xc850fdc463253af512d37e162a929965dac3ccce27d806e882532c5d94a51be8
9655999,2026-07-14 15:59:31.000 UTC,0x0000000000000000000000000bd7d308f8e1639fab988df18a8011f41eacad73000000000000000000000000b6b0c437e1e64c10c7b498a04dfa2b705561b49000000000000000000000000000000000000000000000000000000000000000000000000000000000000000000000000000000000000000000000000000000000000000000000000000000000000000000000000000000000000000000001d11a000000000000000000000000000000000000000000000000000000000185978b0000000000000000000000000000000000000000000000000000000000000000,0x00000000000000000000000051db0db68f44baaf6cf0244478918a85497fc944,0x000000000000000000000000d50a1cfefe23c1b13c1174ef9f677e8c78385619,0x0000000000000000000000001f7d7550b1b028f7571e69a784071f0205fd2efa,0x3b192c6445f12fdbb7d49a52b9fcf1bc3a930592d37c948ea2ded9af8f435d0c
9656318,2026-07-14 16:00:03.000 UTC,0x0000000000000000000000000bd7d308f8e1639fab988df18a8011f41eacad73000000000000000000000000204003c8eeeaa2a9f9e2b77f9250d05e6e78d18b00000000000000000000000000000000000000000000000000000000000000000000000000000000000000000000000000000000000000000000000000000000000000000000000000000000000000000000000000000000000000000001d126000000000000000000000000000000000000000000000000000000000185978d0000000000000000000000000000000000000000000000000060474e7169c000,0x000000000000000000000000479cc4f626fb4ff3740f8c1cae981fe46a0d3614,0x00000000000000000000000077810be1a28584822c52b4cbe62793a6d275a936,0x0000000000000000000000001f7d7550b1b028f7571e69a784071f0205fd2efa,0x72f0396e59f459fac927ffaba2d1d8526bc4d64f30688efb52fb3fe3f1671436
9656775,2026-07-14 16:00:49.000 UTC,0x0000000000000000000000000bd7d308f8e1639fab988df18a8011f41eacad7300000000000000000000000001798a4e9b21f5a9ab26bad8e963067053372ffb00000000000000000000000000000000000000000000000000000000000000000000000000000000000000000000000000000000000000000000000000000000000000000000000000000000000000000000000000000000000000000001d12b000000000000000000000000000000000000000000000000000000000185979100000000000000000000000000000000000000000000000000141a0c60ca1800,0x00000000000000000000000009a379a6df6082d0da843ca4ee96d068ec2beebf,0x000000000000000000000000c9339cca06c46118f647c119a54c18de9d346323,0x0000000000000000000000001f7d7550b1b028f7571e69a784071f0205fd2efa,0xc77cf1689f9f6395808f2d665a935b2de920ecc4c63af45af454907109865a82
9657326,2026-07-14 16:01:44.000 UTC,0x0000000000000000000000000bd7d308f8e1639fab988df18a8011f41eacad730000000000000000000000001c23c61a112edca1e06b789b9d8746b6c44e703e00000000000000000000000000000000000000000000000000000000000000000000000000000000000000000000000000000000000000000000000000000000000000000000000000000000000000000000000000000000000000000001d13f00000000000000000000000000000000000000000000000000000000018597960000000000000000000000000000000000000000000000000000000000000000,0x000000000000000000000000147e5bf58e719cd37cbc380c412cce8175ad34b1,0x000000000000000000000000d50a1cfefe23c1b13c1174ef9f677e8c78385619,0x0000000000000000000000001f7d7550b1b028f7571e69a784071f0205fd2efa,0xec31863b56a6f7d7ce290b5def628f260cb473076ff4c7094e41b4e8e2fa68d8
9658000,2026-07-14 16:02:52.000 UTC,0x0000000000000000000000000bd7d308f8e1639fab988df18a8011f41eacad73000000000000000000000000cc259591a85d3c498bbed4e17cb65d0f4c3d5e9f00000000000000000000000000000000000000000000000000000000000000000000000000000000000000000000000000000000000000000000000000000000000000000000000000000000000000000000000000000000000000000001d151000000000000000000000000000000000000000000000000000000000185979b0000000000000000000000000000000000000000000000000000000000000000,0x000000000000000000000000523ceeb427e67fc2fcb7595f35fc39d1a668097d,0x00000000000000000000000033b791cebc80f4b98eb877e304a562cb3edad5b5,0x0000000000000000000000001f7d7550b1b028f7571e69a784071f0205fd2efa,0x8d80bb4a7192211b63e319f6dcab17adad4ff856fafc71ffdd19a845d9ff5fd1
9658126,2026-07-14 16:03:05.000 UTC,0x0000000000000000000000000bd7d308f8e1639fab988df18a8011f41eacad73000000000000000000000000d30ac807b95bea8ee8d3bb70730fa08e9198d42700000000000000000000000000000000000000000000000000000000000000000000000000000000000000000000000000000000000000000000000000000000000000000000000000000000000000000000000000000000000000000001d154000000000000000000000000000000000000000000000000000000000185979c0000000000000000000000000000000000000000000000000000000000000000,0x00000000000000000000000048dec7f6aa712f5924009abb9d0ba47cd6767ae7,0x0000000000000000000000008e801852b0eeb4083e402ff05a0e46051fbcf199,0x0000000000000000000000001f7d7550b1b028f7571e69a784071f0205fd2efa,0x32a098ca5836352d03d714e5c73d94da440c8a77f598c29ff98123f57735f82c
9658134,2026-07-14 16:03:06.000 UTC,0x0000000000000000000000000bd7d308f8e1639fab988df18a8011f41eacad73000000000000000000000000b76b9b2d2621b4b8ea659622c20019d3f21d878a00000000000000000000000000000000000000000000000000000000000000000000000000000000000000000000000000000000000000000000000000000000000000000000000000000000000000000000000000000000000000000001d155000000000000000000000000000000000000000000000000000000000185979c0000000000000000000000000000000000000000000000000060474e7169c000,0x000000000000000000000000d8a04cd31fd150b09c8e654df0adfbba0deb44dd,0x00000000000000000000000070617bed2204f53ec5c97cdaf8b8a638068d2199,0x0000000000000000000000001f7d7550b1b028f7571e69a784071f0205fd2efa,0x381aba08efaebe2fd00b12a095cbc38dfc6e723dca7d598b4bf7daee16f613ba
9659014,2026-07-14 16:04:31.000 UTC,0x0000000000000000000000000bd7d308f8e1639fab988df18a8011f41eacad7300000000000000000000000080b50a1583ebdfc19d4a618123b6e3d4b71c96e000000000000000000000000000000000000000000000000000000000000000000000000000000000000000000000000000000000000000000000000000000000000000000000000000000000000000000000000000000000000000000001d16600000000000000000000000000000000000000000000000000000000018597a40000000000000000000000000000000000000000000000000000000000000000,0x0000000000000000000000000d57979ebcbbf4ac996ed6935b2549b01f8f26a3,0x00000000000000000000000000b2bee86f8826ed3748a1396ea28de67aa51efe,0x0000000000000000000000001f7d7550b1b028f7571e69a784071f0205fd2efa,0x9a4058bd2ddee93b4fc424d1d502f5f244291bffbffcf070703d2cf9dd257051
9659177,2026-07-14 16:04:47.000 UTC,0x0000000000000000000000000bd7d308f8e1639fab988df18a8011f41eacad73000000000000000000000000d68e8bdf7b6b7559e0b6b54be144a3cc2e4c1d0c00000000000000000000000000000000000000000000000000000000000000000000000000000000000000000000000000000000000000000000000000000000000000000000000000000000000000000000000000000000000000000001d16800000000000000000000000000000000000000000000000000000000018597a50000000000000000000000000000000000000000000000000000000000000000,0x0000000000000000000000006fd13973a7c332dc1fc5e815baefbafc1171529e,0x000000000000000000000000491e9e11a31400ff1085aafbd54e84ed3506cfc4,0x0000000000000000000000001f7d7550b1b028f7571e69a784071f0205fd2efa,0x1f81dad1b91e7985757dad5b1cdbc0ae7953bd6bd8d7c9c21c383c8d4228c37a
9659280,2026-07-14 16:04:57.000 UTC,0x0000000000000000000000000bd7d308f8e1639fab988df18a8011f41eacad7300000000000000000000000031f4b796e52aa056f15c20ad11591125525c596600000000000000000000000000000000000000000000000000000000000000000000000000000000000000000000000000000000000000000000000000000000000000000000000000000000000000000000000000000000000000000001d16b00000000000000000000000000000000000000000000000000000000018597a5000000000000000000000000000000000000000000000000006053442a7dec00,0x000000000000000000000000de74a5523981550ecc00d9ea19e19d96f9c1f3a6,0x000000000000000000000000880ac555eb56a528475359c1fc48c63f0f76fcc0,0x0000000000000000000000001f7d7550b1b028f7571e69a784071f0205fd2efa,0xcf644b69e369fd00cc01fa2945329ff9912b32e8d8758953f2891e5205307ddb
9659285,2026-07-14 16:04:58.000 UTC,0x0000000000000000000000000bd7d308f8e1639fab988df18a8011f41eacad73000000000000000000000000bf9a13f8cad9bcc41f4fd66e764508a1a7fd853f00000000000000000000000000000000000000000000000000000000000000000000000000000000000000000000000000000000000000000000000000000000000000000000000000000000000000000000000000000000000000000001d16c00000000000000000000000000000000000000000000000000000000018597a60000000000000000000000000000000000000000000000000000000000000000,0x0000000000000000000000008ef3f36feaf0a91c9b7085ee442303f3760af158,0x000000000000000000000000d50a1cfefe23c1b13c1174ef9f677e8c78385619,0x0000000000000000000000001f7d7550b1b028f7571e69a784071f0205fd2efa,0xcae538d1b9b3ad876d4a16426428bff5d1a89043649e18a2643395a11ace0229
9659447,2026-07-14 16:05:14.000 UTC,0x0000000000000000000000000bd7d308f8e1639fab988df18a8011f41eacad73000000000000000000000000edfa4c472a477f87d3d4d3ffe19b2b8ebd81521a00000000000000000000000000000000000000000000000000000000000000000000000000000000000000000000000000000000000000000000000000000000000000000000000000000000000000000000000000000000000000000001d16f00000000000000000000000000000000000000000000000000000000018597a7000000000000000000000000000000000000000000000000000aa87bee538000,0x000000000000000000000000bf604ddce446511a32afaffaef9459e2e7c39e86,0x0000000000000000000000009adf17b7d91731ed74c2502695794ec95b8f2a26,0x0000000000000000000000001f7d7550b1b028f7571e69a784071f0205fd2efa,0xf12f3843c10e38491231b9fefa252001e3c27b7e2b001c6a3ab8598b2f39884a
9660416,2026-07-14 16:06:51.000 UTC,0x0000000000000000000000000bd7d308f8e1639fab988df18a8011f41eacad730000000000000000000000008fcc5b5ea98548567de4a6f532eb5c531d56e72d00000000000000000000000000000000000000000000000000000000000000000000000000000000000000000000000000000000000000000000000000000000000000000000000000000000000000000000000000000000000000000001d18200000000000000000000000000000000000000000000000000000000018597af00000000000000000000000000000000000000000000000000038d7ea4c68000,0x000000000000000000000000729a295d4ee95f1eef3ef6eb3d8a2d6707de689f,0x0000000000000000000000009adf17b7d91731ed74c2502695794ec95b8f2a26,0x0000000000000000000000001f7d7550b1b028f7571e69a784071f0205fd2efa,0x0de0204019677a8357d60f056329515e6022a9657599033fb98ad5d56713424f
9661325,2026-07-14 16:08:23.000 UTC,0x0000000000000000000000000bd7d308f8e1639fab988df18a8011f41eacad730000000000000000000000006bf23dac4f5cc3453ad379e6acdae5be8283de5200000000000000000000000000000000000000000000000000000000000000000000000000000000000000000000000000000000000000000000000000000000000000000000000000000000000000000000000000000000000000000001d19200000000000000000000000000000000000000000000000000000000018597b600000000000000000000000000000000000000000000000000038d7ea4c68000,0x000000000000000000000000821a6f030b8b9a1ce60d848126c994bc1961a9eb,0x0000000000000000000000009adf17b7d91731ed74c2502695794ec95b8f2a26,0x0000000000000000000000001f7d7550b1b028f7571e69a784071f0205fd2efa,0x40ebd5c0a7bfd3dc806460560da607ffb2384ff306e78ec177e38a553b9d3317
9661644,2026-07-14 16:08:55.000 UTC,0x0000000000000000000000000bd7d308f8e1639fab988df18a8011f41eacad73000000000000000000000000b0f972a170af73943d429bbc2465a62bef48cc9800000000000000000000000000000000000000000000000000000000000000000000000000000000000000000000000000000000000000000000000000000000000000000000000000000000000000000000000000000000000000000001d19900000000000000000000000000000000000000000000000000000000018597b90000000000000000000000000000000000000000000000000060474e7169c000,0x00000000000000000000000055653fb6196a6e6b35de671a219b406077a298d1,0x000000000000000000000000d50a1cfefe23c1b13c1174ef9f677e8c78385619,0x0000000000000000000000001f7d7550b1b028f7571e69a784071f0205fd2efa,0x7e2a4898cccb036737edb26dd1e5d5a505330c281c6aabc25a930e26780b5f7f
9662164,2026-07-14 16:09:47.000 UTC,0x0000000000000000000000000bd7d308f8e1639fab988df18a8011f41eacad730000000000000000000000000722dc7bb9a858eb519937e4ca79fed65e5bedb200000000000000000000000000000000000000000000000000000000000000000000000000000000000000000000000000000000000000000000000000000000000000000000000000000000000000000000000000000000000000000001d1ae00000000000000000000000000000000000000000000000000000000018597be00000000000000000000000000000000000000000000000000071afd498d0000,0x000000000000000000000000d2267898b403b183891d2fa1e39e981123d9c19f,0x000000000000000000000000ee9dd3bc97b69d3793fcf1efa0013ba5301e3e79,0x0000000000000000000000001f7d7550b1b028f7571e69a784071f0205fd2efa,0xb50a7ef90bcf5f518e79368c906e8a8f018dda4c3a32a00f62c3954de3960259
9663994,2026-07-14 16:12:48.000 UTC,0x0000000000000000000000000bd7d308f8e1639fab988df18a8011f41eacad73000000000000000000000000a54778f69040e33bcd791708ffaad81dd5ac673f00000000000000000000000000000000000000000000000000000000000000000000000000000000000000000000000000000000000000000000000000000000000000000000000000000000000000000000000000000000000000000001d1de00000000000000000000000000000000000000000000000000000000018597cd000000000000000000000000000000000000000000000000002386f26fc10000,0x0000000000000000000000006531b8632b518c9ce187107d977ebff8e3028853,0x000000000000000000000000a091d85f4f21c1d4de0f06c964b668f2bcbd0241,0x0000000000000000000000001f7d7550b1b028f7571e69a784071f0205fd2efa,0xe511f3fb6ee6f0d3cc3c49daa8cd3ddb6278fe340e64d6aa7cd3ca39b5201d57
9664212,2026-07-14 16:13:10.000 UTC,0x0000000000000000000000000bd7d308f8e1639fab988df18a8011f41eacad73000000000000000000000000c7eb842e98c14fe1968c663854e9ee7c1796a53600000000000000000000000000000000000000000000000000000000000000000000000000000000000000000000000000000000000000000000000000000000000000000000000000000000000000000000000000000000000000000001d1e500000000000000000000000000000000000000000000000000000000018597ce00000000000000000000000000000000000000000000000000038d7ea4c68000,0x00000000000000000000000082e9cd4b6cad649cf81a014ef954402cd6d98236,0x0000000000000000000000009adf17b7d91731ed74c2502695794ec95b8f2a26,0x0000000000000000000000001f7d7550b1b028f7571e69a784071f0205fd2efa,0x94e38ce4f2b913e05b5782a58d0ec6ec0299989d490fc6ba481077815447d406
9664247,2026-07-14 16:13:13.000 UTC,0x0000000000000000000000000bd7d308f8e1639fab988df18a8011f41eacad73000000000000000000000000abe210ead5d7a9843a9a86d5ba21fef915b20d1100000000000000000000000000000000000000000000000000000000000000000000000000000000000000000000000000000000000000000000000000000000000000000000000000000000000000000000000000000000000000000001d1e700000000000000000000000000000000000000000000000000000000018597cf0000000000000000000000000000000000000000000000000000000000000000,0x000000000000000000000000e4c6944f7ff230779cb967dcabbb2b344cfc2ba8,0x000000000000000000000000f8af8b05323c61c6c48e4df67f49f6ca4cedc066,0x0000000000000000000000001f7d7550b1b028f7571e69a784071f0205fd2efa,0x3b3ff757e632604ccf1e7dde268b6915e3971efda1a70c987037a71b1be62ed2
9664302,2026-07-14 16:13:19.000 UTC,0x0000000000000000000000000bd7d308f8e1639fab988df18a8011f41eacad73000000000000000000000000e17035f8e635174eccd73c16ea9a42487d5e8db500000000000000000000000000000000000000000000000000000000000000000000000000000000000000000000000000000000000000000000000000000000000000000000000000000000000000000000000000000000000000000001d1e800000000000000000000000000000000000000000000000000000000018597cf000000000000000000000000000000000000000000000000002386f26fc10000,0x0000000000000000000000002638e4f7192ca5ed45513b36e0c429318fb3b010,0x000000000000000000000000c053e4a292303133e0683b1a8b09b8103571a3d9,0x0000000000000000000000001f7d7550b1b028f7571e69a784071f0205fd2efa,0xf25837435c98babeadcee2c24167e9d42e957fc544039c11af3d208b4c5a4077
9664557,2026-07-14 16:13:44.000 UTC,0x0000000000000000000000000bd7d308f8e1639fab988df18a8011f41eacad730000000000000000000000008de95a8412a65ecd6604f6cf4414877a4ad12cc200000000000000000000000000000000000000000000000000000000000000000000000000000000000000000000000000000000000000000000000000000000000000000000000000000000000000000000000000000000000000000001d1eb00000000000000000000000000000000000000000000000000000000018597d2000000000000000000000000000000000000000000000000006053442a7dec00,0x000000000000000000000000fffedc0eb90f79fe3009746368e509a58f094f18,0x000000000000000000000000db8f07eccae007fe5d204a2190c21bf9f011e125,0x0000000000000000000000001f7d7550b1b028f7571e69a784071f0205fd2efa,0x7327614de398c7614d980aa5adbf539e1b848f2b7c69810e5caab9d36eff3a28
9665142,2026-07-14 16:14:43.000 UTC,0x0000000000000000000000000bd7d308f8e1639fab988df18a8011f41eacad7300000000000000000000000012b519c101b94427e8539fa49a126e664dd1d2f700000000000000000000000000000000000000000000000000000000000000000000000000000000000000000000000000000000000000000000000000000000000000000000000000000000000000000000000000000000000000000001d20500000000000000000000000000000000000000000000000000000000018597d7000000000000000000000000000000000000000000000000006053442a7dec00,0x0000000000000000000000009a9b05c744ed35fc9f6de1845d5e4ed5b2bab4bc,0x0000000000000000000000008036e6b756c86ce15337d6ac62ac8a8e090605a8,0x0000000000000000000000001f7d7550b1b028f7571e69a784071f0205fd2efa,0x9478a39efee80890a51262981f468557ad05ed295d1cbcb8aeebb9d67de71d15
9665822,2026-07-14 16:15:52.000 UTC,0x0000000000000000000000000bd7d308f8e1639fab988df18a8011f41eacad730000000000000000000000003d0fcbbc8ab742a1105828fb726b289aaac5404100000000000000000000000000000000000000000000000000000000000000000000000000000000000000000000000000000000000000000000000000000000000000000000000000000000000000000000000000000000000000000001d21800000000000000000000000000000000000000000000000000000000018597dc000000000000000000000000000000000000000000000000002386f26fc10000,0x000000000000000000000000af3f7271fb21f725fbe11538d46be040a73a7a7b,0x0000000000000000000000003b19c7158372efa5a576618d6a26aa3e6c8dd9b2,0x0000000000000000000000001f7d7550b1b028f7571e69a784071f0205fd2efa,0xa57cf800bd78ee91834794260910bae74894e93d3d30eb209b22267b3d085d63
9667016,2026-07-14 16:17:48.000 UTC,0x0000000000000000000000000bd7d308f8e1639fab988df18a8011f41eacad73000000000000000000000000e0301b51f9bb7236950062796f465029d2ab394b00000000000000000000000000000000000000000000000000000000000000000000000000000000000000000000000000000000000000000000000000000000000000000000000000000000000000000000000000000000000000000001d23800000000000000000000000000000000000000000000000000000000018597e60000000000000000000000000000000000000000000000000000000000000000,0x00000000000000000000000014fd45731b8ae363290627a8dbf87c47c24c4109,0x0000000000000000000000007d37928ef954a0ff3393d15b53e5b36571077777,0x0000000000000000000000001f7d7550b1b028f7571e69a784071f0205fd2efa,0x07e6f5ea5082833df764f22a6c10bb56f95279d764e71d06463e33427af5cdff
9668128,2026-07-14 16:19:40.000 UTC,0x0000000000000000000000000bd7d308f8e1639fab988df18a8011f41eacad73000000000000000000000000deb445a22405f94f7a573591cd0f1c3a8f3c379800000000000000000000000000000000000000000000000000000000000000000000000000000000000000000000000000000000000000000000000000000000000000000000000000000000000000000000000000000000000000000001d24b00000000000000000000000000000000000000000000000000000000018597ef0000000000000000000000000000000000000000000000000000000000000000,0x000000000000000000000000dfca62990b4c7bcbf92bdf5bcc27f913888fa393,0x0000000000000000000000007d37928ef954a0ff3393d15b53e5b36571077777,0x0000000000000000000000001f7d7550b1b028f7571e69a784071f0205fd2efa,0xf2852c86eb7af05eafe2a2a09fd98eba3945a093ff6a13e95868d506a9b5e35a
9668453,2026-07-14 16:20:13.000 UTC,0x0000000000000000000000000bd7d308f8e1639fab988df18a8011f41eacad73000000000000000000000000db564ed769540d930a8c6a5bc638b1ca8592969400000000000000000000000000000000000000000000000000000000000000000000000000000000000000000000000000000000000000000000000000000000000000000000000000000000000000000000000000000000000000000001d24f00000000000000000000000000000000000000000000000000000000018597f100000000000000000000000000000000000000000000000000038d7ea4c68000,0x00000000000000000000000015c6276a4506d96a853d0ffb895cfdd085aa9185,0x0000000000000000000000009adf17b7d91731ed74c2502695794ec95b8f2a26,0x0000000000000000000000001f7d7550b1b028f7571e69a784071f0205fd2efa,0x33bf3e031eb9c83b89f06e0e7d32b105e008a84b6ef4f555312d82ce1ce8a283
9669332,2026-07-14 16:21:41.000 UTC,0x0000000000000000000000000bd7d308f8e1639fab988df18a8011f41eacad73000000000000000000000000e6ba42e63faa163a6b4dbcc448fae374e278968700000000000000000000000000000000000000000000000000000000000000000000000000000000000000000000000000000000000000000000000000000000000000000000000000000000000000000000000000000000000000000001d26400000000000000000000000000000000000000000000000000000000018597f90000000000000000000000000000000000000000000000000000000000000000,0x0000000000000000000000008386abc387cf6b7a7a76176ed5ce9f2cf4dd3dd5,0x0000000000000000000000007d37928ef954a0ff3393d15b53e5b36571077777,0x0000000000000000000000001f7d7550b1b028f7571e69a784071f0205fd2efa,0xd81748add94fb24065a418f15541ecbcf40e94d57225df1504806147a1671668
9669438,2026-07-14 16:21:52.000 UTC,0x0000000000000000000000000bd7d308f8e1639fab988df18a8011f41eacad730000000000000000000000001d509f1eab08aecb8ef92ddcdec346042b45590000000000000000000000000000000000000000000000000000000000000000000000000000000000000000000000000000000000000000000000000000000000000000000000000000000000000000000000000000000000000000000001d26700000000000000000000000000000000000000000000000000000000018597fa0000000000000000000000000000000000000000000000000000000000000000,0x000000000000000000000000c085817b30e124105996260fdb48f42dcd179d26,0x000000000000000000000000d50a1cfefe23c1b13c1174ef9f677e8c78385619,0x0000000000000000000000001f7d7550b1b028f7571e69a784071f0205fd2efa,0x4e96da7d0fd4e4f7bc964b1fd36cc697cba7ec7022ca794aee5fcb2ea83c0be5
9669484,2026-07-14 16:21:56.000 UTC,0x0000000000000000000000000bd7d308f8e1639fab988df18a8011f41eacad7300000000000000000000000041cd46866f9218c6588850027b8019ac02a825f700000000000000000000000000000000000000000000000000000000000000000000000000000000000000000000000000000000000000000000000000000000000000000000000000000000000000000000000000000000000000000001d26900000000000000000000000000000000000000000000000000000000018597fa00000000000000000000000000000000000000000000000000005af3107a4000,0x0000000000000000000000005b00776441d715e744ab84a4c9e97901385e86c5,0x0000000000000000000000009adf17b7d91731ed74c2502695794ec95b8f2a26,0x0000000000000000000000001f7d7550b1b028f7571e69a784071f0205fd2efa,0xe179e3d1eecefd23d317e6973a04833540eea0312c5122f487487548f379c18f
9669480,2026-07-14 16:21:56.000 UTC,0x0000000000000000000000000bd7d308f8e1639fab988df18a8011f41eacad7300000000000000000000000093de20ed31743a6f5868d8d8a28a6ca26b3a254d00000000000000000000000000000000000000000000000000000000000000000000000000000000000000000000000000000000000000000000000000000000000000000000000000000000000000000000000000000000000000000001d26800000000000000000000000000000000000000000000000000000000018597fa000000000000000000000000000000000000000000000000006053442a7dec00,0x0000000000000000000000008caeab4d177b2dacd6b316fe3d81b952e8a3d95b,0x00000000000000000000000033904b2f4d43dc50c23ce99f8fd6d4824dca88f0,0x0000000000000000000000001f7d7550b1b028f7571e69a784071f0205fd2efa,0xaa0510bffeac9c39311704ff3015833597fab8c9686725cc4ea7b80bbbb24c07
9670918,2026-07-14 16:24:17.000 UTC,0x0000000000000000000000000bd7d308f8e1639fab988df18a8011f41eacad73000000000000000000000000f264812a9f312a9c2b6cf335e4e5c95456c5b0ce00000000000000000000000000000000000000000000000000000000000000000000000000000000000000000000000000000000000000000000000000000000000000000000000000000000000000000000000000000000000000000001d2ae00000000000000000000000000000000000000000000000000000000018598070000000000000000000000000000000000000000000000000000000000000000,0x000000000000000000000000c298db10861f2c04abc15a3af03028883c63c6f3,0x0000000000000000000000007d37928ef954a0ff3393d15b53e5b36571077777,0x0000000000000000000000001f7d7550b1b028f7571e69a784071f0205fd2efa,0xae7ccaa699fb2ced7b39f40f00241640fcbda53accc1270a702bd5ba52c4355d
9670928,2026-07-14 16:24:18.000 UTC,0x0000000000000000000000000bd7d308f8e1639fab988df18a8011f41eacad73000000000000000000000000273a0268e1ddd5310d6cc8d2526f5dc40f68633800000000000000000000000000000000000000000000000000000000000000000000000000000000000000000000000000000000000000000000000000000000000000000000000000000000000000000000000000000000000000000001d2af000000000000000000000000000000000000000000000000000000000185980700000000000000000000000000000000000000000000000000038d7ea4c68000,0x000000000000000000000000773847e1a7d78dba3ee43f07b7e267eb3f1ba172,0x0000000000000000000000009adf17b7d91731ed74c2502695794ec95b8f2a26,0x0000000000000000000000001f7d7550b1b028f7571e69a784071f0205fd2efa,0x18a0adb2dbf6c2b7e9df41af2771f8ef69209d7a5de3842a9c17c1676df73f41
9672278,2026-07-14 16:26:34.000 UTC,0x0000000000000000000000000bd7d308f8e1639fab988df18a8011f41eacad73000000000000000000000000935cc68843132c488299b503edddd901c4bbef3700000000000000000000000000000000000000000000000000000000000000000000000000000000000000000000000000000000000000000000000000000000000000000000000000000000000000000000000000000000000000000001d2d700000000000000000000000000000000000000000000000000000000018598120000000000000000000000000000000000000000000000000000000000000000,0x000000000000000000000000f95e53a8add1b1bd40b015f603a708943563b80a,0x000000000000000000000000d50a1cfefe23c1b13c1174ef9f677e8c78385619,0x0000000000000000000000001f7d7550b1b028f7571e69a784071f0205fd2efa,0x7f5b10408e0eec056ab77a8ab75f1a1508004ee0a57064d5b4a4a3218a920b55
9673772,2026-07-14 16:29:04.000 UTC,0x0000000000000000000000000bd7d308f8e1639fab988df18a8011f41eacad7300000000000000000000000044e2bc590aa74f1042c2159a88e51ae91a2d4a1400000000000000000000000000000000000000000000000000000000000000000000000000000000000000000000000000000000000000000000000000000000000000000000000000000000000000000000000000000000000000000001d308000000000000000000000000000000000000000000000000000000000185981e0000000000000000000000000000000000000000000000000000000000000000,0x000000000000000000000000535aaa7bee16cfa7653bcdffbac7df61760153b3,0x0000000000000000000000008e801852b0eeb4083e402ff05a0e46051fbcf199,0x0000000000000000000000001f7d7550b1b028f7571e69a784071f0205fd2efa,0x7943a03563f934141d9f8813febc656ecd00fa8eac6f1141063183858f273fad
9674084,2026-07-14 16:29:32.000 UTC,0x0000000000000000000000000bd7d308f8e1639fab988df18a8011f41eacad7300000000000000000000000090e8adf79d5e9bc075ab36efb4756a30607fba8a00000000000000000000000000000000000000000000000000000000000000000000000000000000000000000000000000000000000000000000000000000000000000000000000000000000000000000000000000000000000000000001d31600000000000000000000000000000000000000000000000000000000018598210000000000000000000000000000000000000000000000000000000000000000,0x00000000000000000000000074b80d2bf638a6c55f889d12d18c00d984384fd5,0x0000000000000000000000007d37928ef954a0ff3393d15b53e5b36571077777,0x0000000000000000000000001f7d7550b1b028f7571e69a784071f0205fd2efa,0xb38f54151778136580ab6cc824dd67e18d025fd1406a61737853bb05507d771c
9676423,2026-07-14 16:33:28.000 UTC,0x0000000000000000000000000bd7d308f8e1639fab988df18a8011f41eacad73000000000000000000000000f9a38eea7bcbe47a3932c257fc59200b8ed982cd00000000000000000000000000000000000000000000000000000000000000000000000000000000000000000000000000000000000000000000000000000000000000000000000000000000000000000000000000000000000000000001d34e00000000000000000000000000000000000000000000000000000000018598340000000000000000000000000000000000000000000000000000000000000000,0x0000000000000000000000008ffd06cd59ceb805b073f790e299f79bad825cd5,0x000000000000000000000000d50a1cfefe23c1b13c1174ef9f677e8c78385619,0x0000000000000000000000001f7d7550b1b028f7571e69a784071f0205fd2efa,0x67785bb863ee3ce94d87ffb9aa4618421197a86729c5fbc3a5eaf7dbc5cac78e
9676773,2026-07-14 16:34:03.000 UTC,0x0000000000000000000000000bd7d308f8e1639fab988df18a8011f41eacad73000000000000000000000000fd3b320a8ab800f119b80b6fa41a2f5be7cd2c5500000000000000000000000000000000000000000000000000000000000000000000000000000000000000000000000000000000000000000000000000000000000000000000000000000000000000000000000000000000000000000001d35c00000000000000000000000000000000000000000000000000000000018598370000000000000000000000000000000000000000000000000060474e7169c000,0x000000000000000000000000aa6de51fbe8794789840438c8b2108bfa0b62fd2,0x000000000000000000000000c6d3a1475b1d487bd28ae33c14b0fccf8f082a32,0x0000000000000000000000001f7d7550b1b028f7571e69a784071f0205fd2efa,0xb2dbb6fbc415b52f7343d9593863c85afca3b048944f8b88d5c06ec0f9e38613
9676987,2026-07-14 16:34:25.000 UTC,0x0000000000000000000000000bd7d308f8e1639fab988df18a8011f41eacad7300000000000000000000000075dc5a4007c5d2d7d4870e75c33692d3b2149cd000000000000000000000000000000000000000000000000000000000000000000000000000000000000000000000000000000000000000000000000000000000000000000000000000000000000000000000000000000000000000000001d3600000000000000000000000000000000000000000000000000000000001859838000000000000000000000000000000000000000000000000002386f26fc10000,0x00000000000000000000000093fce9e117b57af6ba4c429e0f3ca863f21d10d3,0x000000000000000000000000905bc780dd5a1e4809a8bc0a877c92772624d8b8,0x0000000000000000000000001f7d7550b1b028f7571e69a784071f0205fd2efa,0xe8a68ff3b519da6b627d23a9bbbbf0a974a1cf72883df4c0db31e33fc6ef8bfa
9678033,2026-07-14 16:36:08.000 UTC,0x0000000000000000000000000bd7d308f8e1639fab988df18a8011f41eacad730000000000000000000000006b1a328d79ddbf2b69bb822457d9ea7ea74b8b4700000000000000000000000000000000000000000000000000000000000000000000000000000000000000000000000000000000000000000000000000000000000000000000000000000000000000000000000000000000000000000001d373000000000000000000000000000000000000000000000000000000000185984100000000000000000000000000000000000000000000000000470de4df820000,0x000000000000000000000000193901b72d96baaa988118fbd59dad9d113a67b4,0x000000000000000000000000b7b31fcb31f0d9bfe479264ad9fb25c62d69c2c0,0x0000000000000000000000001f7d7550b1b028f7571e69a784071f0205fd2efa,0x7e72f8b64c530df84ab0a797efe80f463ad3ac900bddc65f67def3a2a4bbaf95
9678892,2026-07-14 16:37:34.000 UTC,0x0000000000000000000000000bd7d308f8e1639fab988df18a8011f41eacad73000000000000000000000000d2125d7a51a9686c7a98d335a2e49819d5fdd2b300000000000000000000000000000000000000000000000000000000000000000000000000000000000000000000000000000000000000000000000000000000000000000000000000000000000000000000000000000000000000000001d3890000000000000000000000000000000000000000000000000000000001859849000000000000000000000000000000000000000000000000006053442a7dec00,0x000000000000000000000000cab2b225fb5625bdd0eebc590b3aed9e9b5d0eea,0x0000000000000000000000002a9acf701e31185ce57e81816665f14a618d1fbb,0x0000000000000000000000001f7d7550b1b028f7571e69a784071f0205fd2efa,0x4df881b6785861d397fb3cccee457c41c02ae825a42880ccfe250d4f324110c9
9679543,2026-07-14 16:38:39.000 UTC,0x0000000000000000000000000bd7d308f8e1639fab988df18a8011f41eacad73000000000000000000000000a825da73dd8a7d42d4d423d64e2e4bbbf49ef1e800000000000000000000000000000000000000000000000000000000000000000000000000000000000000000000000000000000000000000000000000000000000000000000000000000000000000000000000000000000000000000001d3a0000000000000000000000000000000000000000000000000000000000185984e000000000000000000000000000000000000000000000000006053442a7dec00,0x0000000000000000000000007b3c5969a8c5cfd1a45a29589beeceb720d07ac1,0x000000000000000000000000a78466ccf4577d52fde6b133c80eed3073cc1a41,0x0000000000000000000000001f7d7550b1b028f7571e69a784071f0205fd2efa,0x340e85f3c11f28405b60885c7fb48a2270637b12834d0928738f0db345ace03d
9679695,2026-07-14 16:38:55.000 UTC,0x0000000000000000000000000bd7d308f8e1639fab988df18a8011f41eacad730000000000000000000000000acf0e2008fc4eddaa36455a314fc8325da55a5700000000000000000000000000000000000000000000000000000000000000000000000000000000000000000000000000000000000000000000000000000000000000000000000000000000000000000000000000000000000000000001d3a3000000000000000000000000000000000000000000000000000000000185984f000000000000000000000000000000000000000000000000006053442a7dec00,0x0000000000000000000000007be09105a2eb63daf19a726c24827c1ad7e2db89,0x0000000000000000000000000989fbd3cb899334db22f5d1e5f6619a51ad0222,0x0000000000000000000000001f7d7550b1b028f7571e69a784071f0205fd2efa,0xed868e33b78ab573cb69911d4e02effe5b84d3151bf8b7b5181149f0bb336cef
9681803,2026-07-14 16:42:24.000 UTC,0x0000000000000000000000000bd7d308f8e1639fab988df18a8011f41eacad7300000000000000000000000068eb7699b2597ce50a414180707c417ce0b5708b00000000000000000000000000000000000000000000000000000000000000000000000000000000000000000000000000000000000000000000000000000000000000000000000000000000000000000000000000000000000000000001d42e000000000000000000000000000000000000000000000000000000000185986000000000000000000000000000000000000000000000000000470de4df820000,0x000000000000000000000000f29e5dd81eac8305c933adc9e698ae77eb8de0a4,0x000000000000000000000000ca6b4562c660a4c2e8dd00174aec93df64e50696,0x0000000000000000000000001f7d7550b1b028f7571e69a784071f0205fd2efa,0xe94a7e112d2c325c09f5d1a568189b2b6d58d68120fb7dfb3d268505f90924c3
9682201,2026-07-14 16:43:04.000 UTC,0x0000000000000000000000000bd7d308f8e1639fab988df18a8011f41eacad730000000000000000000000003cbd2fd533a8cf45c93a988dafedd6cb0781a93800000000000000000000000000000000000000000000000000000000000000000000000000000000000000000000000000000000000000000000000000000000000000000000000000000000000000000000000000000000000000000001d433000000000000000000000000000000000000000000000000000000000185986300000000000000000000000000000000000000000000000000038d7ea4c68000,0x0000000000000000000000008dd3f32b0b0be513ac41c9fd37322d908c8234e8,0x0000000000000000000000004b9d2b7d0d5cd539ba03bc9cbe5d7f2a0618d3a8,0x0000000000000000000000001f7d7550b1b028f7571e69a784071f0205fd2efa,0x8be90ae7448859ef11d061ecc2884d69c54c40ba5e8341296105864274dc2ecc
9682474,2026-07-14 16:43:32.000 UTC,0x0000000000000000000000000bd7d308f8e1639fab988df18a8011f41eacad73000000000000000000000000cf1f10ef592467a0ae6035bf0125aa660b1e7b3300000000000000000000000000000000000000000000000000000000000000000000000000000000000000000000000000000000000000000000000000000000000000000000000000000000000000000000000000000000000000000001d4370000000000000000000000000000000000000000000000000000000001859866000000000000000000000000000000000000000000000000006053442a7dec00,0x000000000000000000000000ce96febfaba0a6076577a5596b7e71b5b3a054d5,0x0000000000000000000000000989fbd3cb899334db22f5d1e5f6619a51ad0222,0x0000000000000000000000001f7d7550b1b028f7571e69a784071f0205fd2efa,0x39d4ef71b62bda2fbc7682577e028a699ddc5ed0136b252605e725ccf878d337
9683263,2026-07-14 16:44:51.000 UTC,0x0000000000000000000000000bd7d308f8e1639fab988df18a8011f41eacad73000000000000000000000000f51fb5377c29aec834abfe973626701e6a043ee500000000000000000000000000000000000000000000000000000000000000000000000000000000000000000000000000000000000000000000000000000000000000000000000000000000000000000000000000000000000000000001d44b000000000000000000000000000000000000000000000000000000000185986c0000000000000000000000000000000000000000000000000011c37937e08000,0x000000000000000000000000bd21589e663b9664c63a7df894573036efc2a77b,0x0000000000000000000000008750742684d7500fe0eacd50b1c39caeaca0fce5,0x0000000000000000000000001f7d7550b1b028f7571e69a784071f0205fd2efa,0x9817a19faf13e79f35a7bf77a4d202b80999d47e297b8611cc2b570d8b79bb69
9685523,2026-07-14 16:48:38.000 UTC,0x0000000000000000000000000bd7d308f8e1639fab988df18a8011f41eacad7300000000000000000000000081c0db8c3448911b54ef644ae4b23e203cf44c9500000000000000000000000000000000000000000000000000000000000000000000000000000000000000000000000000000000000000000000000000000000000000000000000000000000000000000000000000000000000000000001d472000000000000000000000000000000000000000000000000000000000185987f00000000000000000000000000000000000000000000000000038d7ea4c68000,0x0000000000000000000000009d10686859f4350434e9227841cc3b442775636e,0x0000000000000000000000009adf17b7d91731ed74c2502695794ec95b8f2a26,0x0000000000000000000000001f7d7550b1b028f7571e69a784071f0205fd2efa,0x26ff88845a877f02cbbe2adf421fcd9d5dc7becbe4e746c448b34def3146e504
9686971,2026-07-14 16:51:02.000 UTC,0x0000000000000000000000000bd7d308f8e1639fab988df18a8011f41eacad73000000000000000000000000a3186190c1fbde9c9938579daf94d2eccfa234f000000000000000000000000000000000000000000000000000000000000000000000000000000000000000000000000000000000000000000000000000000000000000000000000000000000000000000000000000000000000000000001d48b000000000000000000000000000000000000000000000000000000000185988b0000000000000000000000000000000000000000000000000000000000000000,0x000000000000000000000000a78585d4a64f5d02f6b4eeeff3d02800014c5952,0x0000000000000000000000008b3ebe33e24ec4529f9f0bc8df0aabc82ee92554,0x0000000000000000000000001f7d7550b1b028f7571e69a784071f0205fd2efa,0xd07c496c7028fbdb4ca9073408f80e2a040466cbe8f9756dfcca681ecbfeda4e
9687297,2026-07-14 16:51:35.000 UTC,0x0000000000000000000000000bd7d308f8e1639fab988df18a8011f41eacad7300000000000000000000000013ce663a63fed3e87ce5488e67530e9b568b2d4100000000000000000000000000000000000000000000000000000000000000000000000000000000000000000000000000000000000000000000000000000000000000000000000000000000000000000000000000000000000000000001d490000000000000000000000000000000000000000000000000000000000185988e0000000000000000000000000000000000000000000000000000000000000000,0x000000000000000000000000efd834e41dac602c6150dd468011dbaf9de831df,0x000000000000000000000000a96909b1282edf7abc89a039f2d0d9bbcdb62587,0x0000000000000000000000001f7d7550b1b028f7571e69a784071f0205fd2efa,0x630d6ecfd8eeafe89ba53f6a03f92867242f18b9848f44afcb56fe9cbd0ad253
9688854,2026-07-14 16:54:11.000 UTC,0x0000000000000000000000000bd7d308f8e1639fab988df18a8011f41eacad7300000000000000000000000044c8d1b1564bad28989782537a0f9a0c584225ec00000000000000000000000000000000000000000000000000000000000000000000000000000000000000000000000000000000000000000000000000000000000000000000000000000000000000000000000000000000000000000001d4b7000000000000000000000000000000000000000000000000000000000185989a0000000000000000000000000000000000000000000000000000000000000000,0x000000000000000000000000771d4223486aab702481b6287d8e53671d276045,0x000000000000000000000000d50a1cfefe23c1b13c1174ef9f677e8c78385619,0x0000000000000000000000001f7d7550b1b028f7571e69a784071f0205fd2efa,0x8ad0532f880f1901afa22bb6cbece9882cda3ce33f0975da772978896423b8c0
9689687,2026-07-14 16:55:33.000 UTC,0x0000000000000000000000000bd7d308f8e1639fab988df18a8011f41eacad7300000000000000000000000062a755af714babdebff634375768fa856badd65600000000000000000000000000000000000000000000000000000000000000000000000000000000000000000000000000000000000000000000000000000000000000000000000000000000000000000000000000000000000000000001d4c900000000000000000000000000000000000000000000000000000000018598a2000000000000000000000000000000000000000000000000006053442a7dec00,0x0000000000000000000000005e0b46a3bc2329a2f1bb61ed3418f424d8ed5ec8,0x0000000000000000000000002079f3e6f2ad1d3f2d1f44515d50495c4e03bb9c,0x0000000000000000000000001f7d7550b1b028f7571e69a784071f0205fd2efa,0xb08e8fdac8b707ae0da16e8d4dba1675c89892dcb60c5c00f1098e1867f12729
9691862,2026-07-14 16:59:12.000 UTC,0x0000000000000000000000000bd7d308f8e1639fab988df18a8011f41eacad73000000000000000000000000ac02f9886391c78302928786b577dd833a6085c000000000000000000000000000000000000000000000000000000000000000000000000000000000000000000000000000000000000000000000000000000000000000000000000000000000000000000000000000000000000000000001d4ff00000000000000000000000000000000000000000000000000000000018598b4000000000000000000000000000000000000000000000000005fec5b60ef8000,0x000000000000000000000000d7005bf50932d5598184d956cf3b0426d7b5ed13,0x000000000000000000000000d94996ea6a0337fb3cda42aa21f224020ca1a8e5,0x0000000000000000000000001f7d7550b1b028f7571e69a784071f0205fd2efa,0x8dc3d8d5fb606dafdf8e715a01728ddd31ef3d010cdbdf7fd6c2de0d843b693f
9692583,2026-07-14 17:00:24.000 UTC,0x0000000000000000000000000bd7d308f8e1639fab988df18a8011f41eacad7300000000000000000000000020855b2e840cdd33cc3bf63abc1c4e634b72efcf00000000000000000000000000000000000000000000000000000000000000000000000000000000000000000000000000000000000000000000000000000000000000000000000000000000000000000000000000000000000000000001d51100000000000000000000000000000000000000000000000000000000018598ba000000000000000000000000000000000000000000000000006053442a7dec00,0x000000000000000000000000dd92ef90c785f1fe4026577e9fffba738e8ddb7b,0x000000000000000000000000ebc1188f54b8591eb3322b273391a2f4a714dbd4,0x0000000000000000000000001f7d7550b1b028f7571e69a784071f0205fd2efa,0x4082d8ac2431abe7138b94018996da845650d030bd7e6b9c6a056fcef7cccf83
9692887,2026-07-14 17:00:55.000 UTC,0x0000000000000000000000000bd7d308f8e1639fab988df18a8011f41eacad7300000000000000000000000067ec2c3afba041514d0ba5d5b0cb3d33384f28ec00000000000000000000000000000000000000000000000000000000000000000000000000000000000000000000000000000000000000000000000000000000000000000000000000000000000000000000000000000000000000000001d51800000000000000000000000000000000000000000000000000000000018598bc000000000000000000000000000000000000000000000000006053442a7dec00,0x00000000000000000000000052efca1c8511fceebe951b517b8d9be0532d3957,0x000000000000000000000000d2a4b853acd14e64c4158fbaabbb78f388119219,0x0000000000000000000000001f7d7550b1b028f7571e69a784071f0205fd2efa,0x3adc64607d3b986ccc6a0c118ce8d48e44b3929302d60872e8c692e37fd77cfd
9692906,2026-07-14 17:00:57.000 UTC,0x0000000000000000000000000bd7d308f8e1639fab988df18a8011f41eacad730000000000000000000000000b780cd83360b2225ea7ce273ba15fd3ee05a68000000000000000000000000000000000000000000000000000000000000000000000000000000000000000000000000000000000000000000000000000000000000000000000000000000000000000000000000000000000000000000001d51900000000000000000000000000000000000000000000000000000000018598bc000000000000000000000000000000000000000000000000002386f26fc10000,0x000000000000000000000000d7ae13306c4c27139270abaa08638dd8430aa88d,0x000000000000000000000000185068af3125fa2fc82e774eec8e4c383d3076c4,0x0000000000000000000000001f7d7550b1b028f7571e69a784071f0205fd2efa,0x5c02dd36ad7b39c256103f5601d8cb13070c550b788d649bfde2383ca9f055ae
9693273,2026-07-14 17:01:32.000 UTC,0x0000000000000000000000000bd7d308f8e1639fab988df18a8011f41eacad730000000000000000000000002a12ae7774961b7eacd551ef53247d261d29024a00000000000000000000000000000000000000000000000000000000000000000000000000000000000000000000000000000000000000000000000000000000000000000000000000000000000000000000000000000000000000000001d52100000000000000000000000000000000000000000000000000000000018598c0000000000000000000000000000000000000000000000000000aa87bee538000,0x000000000000000000000000bec5603381768a570a8b7d084567534d1b6a1fc0,0x000000000000000000000000cbb432325fe57dbac8440140e9e1d2bc71fd41cf,0x0000000000000000000000001f7d7550b1b028f7571e69a784071f0205fd2efa,0x216ff95664a5cff4a29a17e9e04557d0f3b3a55a223ee75f25731b660d6a97dc
9694626,2026-07-14 17:03:48.000 UTC,0x0000000000000000000000000bd7d308f8e1639fab988df18a8011f41eacad73000000000000000000000000c569a11511dc62a57b3f772077b9898b81bedac500000000000000000000000000000000000000000000000000000000000000000000000000000000000000000000000000000000000000000000000000000000000000000000000000000000000000000000000000000000000000000001d53d00000000000000000000000000000000000000000000000000000000018598cb0000000000000000000000000000000000000000000000000000000000000000,0x0000000000000000000000006e924616f01f8fea9a3d0c8abe4d8ebd0f7d2ec1,0x00000000000000000000000037f467d4de5a46387128e3e90836d40bfcb11882,0x0000000000000000000000001f7d7550b1b028f7571e69a784071f0205fd2efa,0x22536325237c70012d86f9ac4cd0a1d078556dff2b1874e8216623581bfd228d
9696548,2026-07-14 17:07:01.000 UTC,0x0000000000000000000000000bd7d308f8e1639fab988df18a8011f41eacad7300000000000000000000000085328af597b96a3c2513182de334677ec4be240600000000000000000000000000000000000000000000000000000000000000000000000000000000000000000000000000000000000000000000000000000000000000000000000000000000000000000000000000000000000000000001d57800000000000000000000000000000000000000000000000000000000018598da000000000000000000000000000000000000000000000000006053442a7dec00,0x000000000000000000000000700d10dd65d13785a1c8c3a512b24883a3bfd788,0x0000000000000000000000000989fbd3cb899334db22f5d1e5f6619a51ad0222,0x0000000000000000000000001f7d7550b1b028f7571e69a784071f0205fd2efa,0x073708118eb63d6cfc46638d0801c137503dfec43aef1a55015bfe409c4fba73
9697124,2026-07-14 17:07:59.000 UTC,0x0000000000000000000000000bd7d308f8e1639fab988df18a8011f41eacad73000000000000000000000000be200e80d44c9998469bf65f5cb219ed32c95c8c00000000000000000000000000000000000000000000000000000000000000000000000000000000000000000000000000000000000000000000000000000000000000000000000000000000000000000000000000000000000000000001d59000000000000000000000000000000000000000000000000000000000018598df0000000000000000000000000000000000000000000000000000000000000000,0x0000000000000000000000008efe61f535349f55fb49b24f15da8241067120c8,0x000000000000000000000000d50a1cfefe23c1b13c1174ef9f677e8c78385619,0x0000000000000000000000001f7d7550b1b028f7571e69a784071f0205fd2efa,0xcca49e6b0230355eb58d39aa27af93bd19c975303271b1fdca44ab114bc95167
9697916,2026-07-14 17:09:17.000 UTC,0x0000000000000000000000000bd7d308f8e1639fab988df18a8011f41eacad730000000000000000000000008e8bd1332c0ccadb50b9a31f2869446540c1449800000000000000000000000000000000000000000000000000000000000000000000000000000000000000000000000000000000000000000000000000000000000000000000000000000000000000000000000000000000000000000001d5ad00000000000000000000000000000000000000000000000000000000018598e60000000000000000000000000000000000000000000000000058d15e17628000,0x000000000000000000000000acda0f8fb7636ae68b286e32081ca765d0e0979f,0x0000000000000000000000009adf17b7d91731ed74c2502695794ec95b8f2a26,0x0000000000000000000000001f7d7550b1b028f7571e69a784071f0205fd2efa,0x4680de6b5d64600c588fe171ffbe1c31a537445bc31a662bd0ac4145d6a30fea
9699922,2026-07-14 17:12:38.000 UTC,0x0000000000000000000000000bd7d308f8e1639fab988df18a8011f41eacad73000000000000000000000000c1c766a3d7c400f2231b91705cdce67df8659ee400000000000000000000000000000000000000000000000000000000000000000000000000000000000000000000000000000000000000000000000000000000000000000000000000000000000000000000000000000000000000000001d5ef00000000000000000000000000000000000000000000000000000000018598f70000000000000000000000000000000000000000000000000000000000000000,0x000000000000000000000000b2b9477b97cb601fe6f4c036709003b3a7e8d808,0x000000000000000000000000d50a1cfefe23c1b13c1174ef9f677e8c78385619,0x0000000000000000000000001f7d7550b1b028f7571e69a784071f0205fd2efa,0x758b6e3934f97db945eba0fb816de526aace8840293f0b53773a2fe1a68ed6bf
9700845,2026-07-14 17:14:11.000 UTC,0x0000000000000000000000000bd7d308f8e1639fab988df18a8011f41eacad730000000000000000000000003722367f158a09cd527e4f7028e120187a61253d00000000000000000000000000000000000000000000000000000000000000000000000000000000000000000000000000000000000000000000000000000000000000000000000000000000000000000000000000000000000000000001d60500000000000000000000000000000000000000000000000000000000018598fe000000000000000000000000000000000000000000000000006053442a7dec00,0x000000000000000000000000aa89ab7d66ea912b9d793726047103db1110b76a,0x0000000000000000000000004de61652774bef9ba1d925bc1f1fe3c69782197d,0x0000000000000000000000001f7d7550b1b028f7571e69a784071f0205fd2efa,0xa63e9a0222e4701ff346fe63015f587a50013817e3526d5bef4b2d4d14e19518
9701339,2026-07-14 17:14:59.000 UTC,0x0000000000000000000000000bd7d308f8e1639fab988df18a8011f41eacad7300000000000000000000000009c540efb4297d1d2d39ea49f0e7db31c98b957b00000000000000000000000000000000000000000000000000000000000000000000000000000000000000000000000000000000000000000000000000000000000000000000000000000000000000000000000000000000000000000001d60e00000000000000000000000000000000000000000000000000000000018599020000000000000000000000000000000000000000000000000060474e7169c000,0x000000000000000000000000cb350075c21ca293ec774cb7a77a88612d1fb762,0x000000000000000000000000038406554ab8179840b81a7716cde701fecaaa58,0x0000000000000000000000001f7d7550b1b028f7571e69a784071f0205fd2efa,0x31a0c0fc2e828b9d99bf87afc627dbc838e752287d1f7cce4a1e2b1c313d0383
9702603,2026-07-14 17:17:06.000 UTC,0x0000000000000000000000000bd7d308f8e1639fab988df18a8011f41eacad730000000000000000000000006d3631eec1ecef8233bd0253fe70bf300ed4e15c00000000000000000000000000000000000000000000000000000000000000000000000000000000000000000000000000000000000000000000000000000000000000000000000000000000000000000000000000000000000000000001d630000000000000000000000000000000000000000000000000000000000185990e000000000000000000000000000000000000000000000000006053442a7dec00,0x0000000000000000000000000e3dd1a08a31e8e4db0d57ec7cbabb4abf3d8dcf,0x0000000000000000000000002c49ee25826588797fb0fa7b99e72dca0d6ba3a8,0x0000000000000000000000001f7d7550b1b028f7571e69a784071f0205fd2efa,0x77a74c14ec4cde18452637024e9ed36bd3451f2add6b794ae8962ca8361e36a6
9704412,2026-07-14 17:20:08.000 UTC,0x0000000000000000000000000bd7d308f8e1639fab988df18a8011f41eacad7300000000000000000000000097ca8fb2231dbf038c1126cdc53a5733ec29875400000000000000000000000000000000000000000000000000000000000000000000000000000000000000000000000000000000000000000000000000000000000000000000000000000000000000000000000000000000000000000001d651000000000000000000000000000000000000000000000000000000000185991d000000000000000000000000000000000000000000000000000e35fa931a0000,0x00000000000000000000000076bfe47021e9b16d211f400333462d6913cd4ff8,0x000000000000000000000000d3066001840d9324e1b39cbfbe106174ad00bd31,0x0000000000000000000000001f7d7550b1b028f7571e69a784071f0205fd2efa,0xcf063fda709ce9999846d0870ba4f2eec3139bb582575589388d60aca3f48fde
9706384,2026-07-14 17:23:24.000 UTC,0x0000000000000000000000000bd7d308f8e1639fab988df18a8011f41eacad73000000000000000000000000319eaa8cbb13b073f24b1192673bf40fb2c5a16f00000000000000000000000000000000000000000000000000000000000000000000000000000000000000000000000000000000000000000000000000000000000000000000000000000000000000000000000000000000000000000001d682000000000000000000000000000000000000000000000000000000000185992d00000000000000000000000000000000000000000000000000354a6ba7a18000,0x00000000000000000000000059b3fae7eb1e769eada88d6ba7c48fadf84ea4db,0x0000000000000000000000001a8e9c30298ef469ef2a72d8d03007ccf6a88ba8,0x0000000000000000000000001f7d7550b1b028f7571e69a784071f0205fd2efa,0xaf917f2bc8bf026502e98f2bb2e3742c682be97527ca890f7645c55637f5a887
9707533,2026-07-14 17:25:20.000 UTC,0x0000000000000000000000000bd7d308f8e1639fab988df18a8011f41eacad73000000000000000000000000ac85ad62cfbdc3c6e71f510a07a56339cd5e555900000000000000000000000000000000000000000000000000000000000000000000000000000000000000000000000000000000000000000000000000000000000000000000000000000000000000000000000000000000000000000001d6910000000000000000000000000000000000000000000000000000000001859937000000000000000000000000000000000000000000000000006053442a7dec00,0x00000000000000000000000024ecd17cb8d054304c1080299e3f4050ff2801a7,0x000000000000000000000000c053e4a292303133e0683b1a8b09b8103571a3d9,0x0000000000000000000000001f7d7550b1b028f7571e69a784071f0205fd2efa,0x59c81820727398b188faf654392a05737729bbaa1c5988a527a767296259c6d0
9709991,2026-07-14 17:29:25.000 UTC,0x0000000000000000000000000bd7d308f8e1639fab988df18a8011f41eacad7300000000000000000000000045f8b926f0c8b563b4a6dae08f5bd96fc388a16200000000000000000000000000000000000000000000000000000000000000000000000000000000000000000000000000000000000000000000000000000000000000000000000000000000000000000000000000000000000000000001d6b7000000000000000000000000000000000000000000000000000000000185994b000000000000000000000000000000000000000000000000006053442a7dec00,0x000000000000000000000000b136f02b635a96c31182e68b3496c37e96e622d1,0x000000000000000000000000665f31e11e10da91dbf1dfc72d667df565e19f1d,0x0000000000000000000000001f7d7550b1b028f7571e69a784071f0205fd2efa,0x1f58a67b376d8ebfb6621bb10c4071fa7423a894b5648b0e26e4558256d7b7a6
9710264,2026-07-14 17:29:53.000 UTC,0x0000000000000000000000000bd7d308f8e1639fab988df18a8011f41eacad7300000000000000000000000027aca6d815c8502ee795d2e951560a5f7d23474000000000000000000000000000000000000000000000000000000000000000000000000000000000000000000000000000000000000000000000000000000000000000000000000000000000000000000000000000000000000000000001d6c0000000000000000000000000000000000000000000000000000000000185994d0000000000000000000000000000000000000000000000000058d15e17628000,0x000000000000000000000000b5e6489cacc5d0667dc20af27904a57d9ec80992,0x000000000000000000000000f94ebf72c7335fae118c43387c34bc8c783d2e10,0x0000000000000000000000001f7d7550b1b028f7571e69a784071f0205fd2efa,0x6b111cb408eeb411f64183f3104fc195f8ba8ba65ef7300511bb0124055a38df
9711374,2026-07-14 17:31:44.000 UTC,0x0000000000000000000000000bd7d308f8e1639fab988df18a8011f41eacad73000000000000000000000000ddaeccbd65efc37e494e04bb86ece79ee8c301ff00000000000000000000000000000000000000000000000000000000000000000000000000000000000000000000000000000000000000000000000000000000000000000000000000000000000000000000000000000000000000000001d6de0000000000000000000000000000000000000000000000000000000001859956000000000000000000000000000000000000000000000000006053442a7dec00,0x0000000000000000000000005d67248983afcf06410a3fbfbfd7b6c99b8f4a3a,0x0000000000000000000000004e13b39b59d50eac8fef72074e335b39c1050692,0x0000000000000000000000001f7d7550b1b028f7571e69a784071f0205fd2efa,0xc738ddf03f57dabeaff59385c73985addafad64ffe61d8dd109714f5614f5d45
9711552,2026-07-14 17:32:02.000 UTC,0x0000000000000000000000000bd7d308f8e1639fab988df18a8011f41eacad730000000000000000000000008fea9322a8cf0d5644424522b398376c9600538900000000000000000000000000000000000000000000000000000000000000000000000000000000000000000000000000000000000000000000000000000000000000000000000000000000000000000000000000000000000000000001d6e00000000000000000000000000000000000000000000000000000000001859957000000000000000000000000000000000000000000000000006053442a7dec00,0x0000000000000000000000004bec17207601693e3f0e1386a764cd06d8b0d399,0x0000000000000000000000009b49067240f1191834efc9a139dd0187d63923e5,0x0000000000000000000000001f7d7550b1b028f7571e69a784071f0205fd2efa,0xc49c5f079cdfb69e0ac97cce3ff49adf8543558ba2e2a8861bb39f12cf7b9718
9712529,2026-07-14 17:33:38.000 UTC,0x0000000000000000000000000bd7d308f8e1639fab988df18a8011f41eacad73000000000000000000000000fe07e15fd192a665f0a05d0f0ec09f7e4fae77e800000000000000000000000000000000000000000000000000000000000000000000000000000000000000000000000000000000000000000000000000000000000000000000000000000000000000000000000000000000000000000001d6f900000000000000000000000000000000000000000000000000000000018599600000000000000000000000000000000000000000000000000058d15e17628000,0x000000000000000000000000d606c77a16bca5b835ec53b2fcdb343fd650a016,0x000000000000000000000000f94ebf72c7335fae118c43387c34bc8c783d2e10,0x0000000000000000000000001f7d7550b1b028f7571e69a784071f0205fd2efa,0x559d388f2c0faee870d8074e2a7c38d55bd848732537fb2852c792678c800c46
9713686,2026-07-14 17:35:35.000 UTC,0x0000000000000000000000000bd7d308f8e1639fab988df18a8011f41eacad730000000000000000000000002f55256c1ecb31c640937cae1ee1a43696a8ff0800000000000000000000000000000000000000000000000000000000000000000000000000000000000000000000000000000000000000000000000000000000000000000000000000000000000000000000000000000000000000000001d714000000000000000000000000000000000000000000000000000000000185996a000000000000000000000000000000000000000000000000002386f26fc10000,0x0000000000000000000000003b247157f7d28f29cd0ad6a8cec3f54c0456cd03,0x0000000000000000000000007e7d37088e58c68b873563bfdc945c39ec132c68,0x0000000000000000000000001f7d7550b1b028f7571e69a784071f0205fd2efa,0x3e564ab54ae831e6cf5d2c95448449d0d9412d86f01c635fc829df48d9a50123
9713971,2026-07-14 17:36:03.000 UTC,0x0000000000000000000000000bd7d308f8e1639fab988df18a8011f41eacad73000000000000000000000000654445da38577630203a2768fd629152b0e79fa400000000000000000000000000000000000000000000000000000000000000000000000000000000000000000000000000000000000000000000000000000000000000000000000000000000000000000000000000000000000000000001d71a000000000000000000000000000000000000000000000000000000000185996b0000000000000000000000000000000000000000000000000058d15e17628000,0x0000000000000000000000009e0eaba5c2db6cf118838648c0251ce849b01008,0x000000000000000000000000f94ebf72c7335fae118c43387c34bc8c783d2e10,0x0000000000000000000000001f7d7550b1b028f7571e69a784071f0205fd2efa,0x7df99fcef4324a73ee0b470f295add5e83270605ac253ed9e664701404f6549d
9714520,2026-07-14 17:36:59.000 UTC,0x0000000000000000000000000bd7d308f8e1639fab988df18a8011f41eacad73000000000000000000000000c83dcbfa98661f26b6427744d8a04845019afed500000000000000000000000000000000000000000000000000000000000000000000000000000000000000000000000000000000000000000000000000000000000000000000000000000000000000000000000000000000000000000001d7260000000000000000000000000000000000000000000000000000000001859970000000000000000000000000000000000000000000000000006053442a7dec00,0x000000000000000000000000977437df7b5adb5442d619e3f061e3f94a871882,0x000000000000000000000000156841b0541f11522656a8fa6d0542b737754e8e,0x0000000000000000000000001f7d7550b1b028f7571e69a784071f0205fd2efa,0xd9c9dd43ef932cef6c257610829f5fb81605ea20efa0d5a84afb44abea4efe2f
9715146,2026-07-14 17:38:01.000 UTC,0x0000000000000000000000000bd7d308f8e1639fab988df18a8011f41eacad73000000000000000000000000cba1ef71d09ba2aea5d9d159470af653d5b3f45400000000000000000000000000000000000000000000000000000000000000000000000000000000000000000000000000000000000000000000000000000000000000000000000000000000000000000000000000000000000000000001d72e0000000000000000000000000000000000000000000000000000000001859975000000000000000000000000000000000000000000000000006053442a7dec00,0x0000000000000000000000001c8259d76041641a977015d2591ef51a39c771fd,0x000000000000000000000000596792266778dacb5820b90edfad06177be6e521,0x0000000000000000000000001f7d7550b1b028f7571e69a784071f0205fd2efa,0x5159b698bf06f07c4b217280f0516edc0477424c10aa87860792270044ce64b9
9718314,2026-07-14 17:43:18.000 UTC,0x0000000000000000000000000bd7d308f8e1639fab988df18a8011f41eacad730000000000000000000000000c9b37f25cfde285c2e07cb57710271d4d18765600000000000000000000000000000000000000000000000000000000000000000000000000000000000000000000000000000000000000000000000000000000000000000000000000000000000000000000000000000000000000000001d77c000000000000000000000000000000000000000000000000000000000185998f0000000000000000000000000000000000000000000000000060474e7169c000,0x0000000000000000000000000b917539c1f4fc665ac3c8360e78d5d3af2f4171,0x000000000000000000000000d50a1cfefe23c1b13c1174ef9f677e8c78385619,0x0000000000000000000000001f7d7550b1b028f7571e69a784071f0205fd2efa,0xc2c6bc8da40d737b1d4bf5564e379d6c1679c980abf2caea14245d5edb08e819
9721951,2026-07-14 17:49:23.000 UTC,0x0000000000000000000000000bd7d308f8e1639fab988df18a8011f41eacad73000000000000000000000000b1eef3c96802bd5dff111b2bd842360475068c3b00000000000000000000000000000000000000000000000000000000000000000000000000000000000000000000000000000000000000000000000000000000000000000000000000000000000000000000000000000000000000000001d7c700000000000000000000000000000000000000000000000000000000018599ae0000000000000000000000000000000000000000000000000000000000000000,0x0000000000000000000000007b155e5116e2fb04b4609c8db9808a476ca0f157,0x000000000000000000000000a05e1b9428189819efb48605763625b15ba2aed8,0x0000000000000000000000001f7d7550b1b028f7571e69a784071f0205fd2efa,0x924fbfbcd7a23dd5cfdff476738a85c0cd541a723fd2df5deee371bf3b9c904f
9723842,2026-07-14 17:52:33.000 UTC,0x0000000000000000000000000bd7d308f8e1639fab988df18a8011f41eacad73000000000000000000000000f4f5e56bbf970f470193ab18ed14672ceabc700e00000000000000000000000000000000000000000000000000000000000000000000000000000000000000000000000000000000000000000000000000000000000000000000000000000000000000000000000000000000000000000001d7ec00000000000000000000000000000000000000000000000000000000018599bd0000000000000000000000000000000000000000000000000000000000000000,0x000000000000000000000000a8d192c01025e2f1d5eca781d5f41516a4a32fb2,0x000000000000000000000000ec0db54d9144000c3d327399c94540c82e6f3e62,0x0000000000000000000000001f7d7550b1b028f7571e69a784071f0205fd2efa,0xb53362e80150d4ef84968fc9ebfa988864616fa68f6ffc1e6298ad9aec12117a
9724339,2026-07-14 17:53:21.000 UTC,0x0000000000000000000000000bd7d308f8e1639fab988df18a8011f41eacad730000000000000000000000002cc17be55ab36d865b6c75ed5dc83538bedec91e00000000000000000000000000000000000000000000000000000000000000000000000000000000000000000000000000000000000000000000000000000000000000000000000000000000000000000000000000000000000000000001d7fa00000000000000000000000000000000000000000000000000000000018599c2000000000000000000000000000000000000000000000000002386f26fc10000,0x000000000000000000000000ab6b0193dc4eb7d75a7574c5780c423bc02f4189,0x00000000000000000000000060b55f7779eb39691ce2a38e3972d6b9ebea0ee3,0x0000000000000000000000001f7d7550b1b028f7571e69a784071f0205fd2efa,0x5d13751928efc983fd089f6c25154a430608f7aacd91fcffba0cd5ea86c3c6e8
9726671,2026-07-14 17:57:16.000 UTC,0x0000000000000000000000000bd7d308f8e1639fab988df18a8011f41eacad730000000000000000000000005d8e2843ea35ad909a00424721dc12c2429f8f3200000000000000000000000000000000000000000000000000000000000000000000000000000000000000000000000000000000000000000000000000000000000000000000000000000000000000000000000000000000000000000001d82600000000000000000000000000000000000000000000000000000000018599d5000000000000000000000000000000000000000000000000006053442a7dec00,0x000000000000000000000000c54d350ac837726e0ad54e3084618de329f02f8a,0x0000000000000000000000008d28132fdc420e8f039e3278a7f9c01f94942f20,0x0000000000000000000000001f7d7550b1b028f7571e69a784071f0205fd2efa,0xfc7d5ac4a0e3e15a96c9f8be14c3bd9a5775cca66a6fafae51cffb45a7030563
9727077,2026-07-14 17:57:57.000 UTC,0x0000000000000000000000000bd7d308f8e1639fab988df18a8011f41eacad73000000000000000000000000796581747d69b8979e2fef530b1648d171d4793d00000000000000000000000000000000000000000000000000000000000000000000000000000000000000000000000000000000000000000000000000000000000000000000000000000000000000000000000000000000000000000001d83000000000000000000000000000000000000000000000000000000000018599d90000000000000000000000000000000000000000000000000000000000000000,0x00000000000000000000000072cba07ee359d76a84e2420bd0e7226ee3d1773b,0x000000000000000000000000491e9e11a31400ff1085aafbd54e84ed3506cfc4,0x0000000000000000000000001f7d7550b1b028f7571e69a784071f0205fd2efa,0xb603dc0420114990480c1fb426351d4edcd9cc4e227037757f879533adf50357
9729499,2026-07-14 18:01:59.000 UTC,0x0000000000000000000000000bd7d308f8e1639fab988df18a8011f41eacad73000000000000000000000000a5f253e0feb90881fe24e65c5bf679a12638459e00000000000000000000000000000000000000000000000000000000000000000000000000000000000000000000000000000000000000000000000000000000000000000000000000000000000000000000000000000000000000000001d86300000000000000000000000000000000000000000000000000000000018599ed00000000000000000000000000000000000000000000000000038d7ea4c68000,0x0000000000000000000000004aeba586dec870ce307acf8ee016fa1fdad7524c,0x000000000000000000000000a85e02e6e66ca6171ecf0e36a94dd7ea12b418ea,0x0000000000000000000000001f7d7550b1b028f7571e69a784071f0205fd2efa,0x4afca52b4be55e6f89de6c32dd41fafdc92a4f39eef6d41b77870a8796547067
9730867,2026-07-14 18:04:16.000 UTC,0x0000000000000000000000000bd7d308f8e1639fab988df18a8011f41eacad7300000000000000000000000008f67595f6c1cd7585ced937a67c26c49bf2fd3500000000000000000000000000000000000000000000000000000000000000000000000000000000000000000000000000000000000000000000000000000000000000000000000000000000000000000000000000000000000000000001d88b00000000000000000000000000000000000000000000000000000000018599f80000000000000000000000000000000000000000000000000000000000000000,0x00000000000000000000000066571dc94167f39c0ba01506ad55b5e7a04538d2,0x0000000000000000000000002e6bcb24cc531947e96efc45623f0f067c0c3744,0x0000000000000000000000001f7d7550b1b028f7571e69a784071f0205fd2efa,0x74a9a0db2fb0da25d66e476b57a54ac38fae0881c54410dcc8c45398320038ea
9730920,2026-07-14 18:04:22.000 UTC,0x0000000000000000000000000bd7d308f8e1639fab988df18a8011f41eacad73000000000000000000000000cbbad590c140e9dfcadef6613ae1995d9b775a8600000000000000000000000000000000000000000000000000000000000000000000000000000000000000000000000000000000000000000000000000000000000000000000000000000000000000000000000000000000000000000001d88c00000000000000000000000000000000000000000000000000000000018599f900000000000000000000000000000000000000000000000000049cc75e381000,0x000000000000000000000000077dd15e61bb2a76f90e34d75a31cff0c95bbcc6,0x0000000000000000000000008d28132fdc420e8f039e3278a7f9c01f94942f20,0x0000000000000000000000001f7d7550b1b028f7571e69a784071f0205fd2efa,0x75edb6a187b302dace764260cc6ddfb6decb5874be506a1879820d39d3bb9c35
9731434,2026-07-14 18:05:13.000 UTC,0x0000000000000000000000000bd7d308f8e1639fab988df18a8011f41eacad73000000000000000000000000a073db96ade5af3576590b9be68be279f60a7f6f00000000000000000000000000000000000000000000000000000000000000000000000000000000000000000000000000000000000000000000000000000000000000000000000000000000000000000000000000000000000000000001d89300000000000000000000000000000000000000000000000000000000018599fd0000000000000000000000000000000000000000000000000000000000000000,0x00000000000000000000000021a23203e2a38db5e195cd251ca22ab27d01c1a9,0x0000000000000000000000002e6bcb24cc531947e96efc45623f0f067c0c3744,0x0000000000000000000000001f7d7550b1b028f7571e69a784071f0205fd2efa,0x87998e8b6c44adea1f8ea9e3cf0acd7a1e7acc681beb6144e97ba98d0b94b78a
9732372,2026-07-14 18:06:46.000 UTC,0x0000000000000000000000000bd7d308f8e1639fab988df18a8011f41eacad730000000000000000000000008fc8a66dd835c9fc6cbcbac3ae2560aac0810e9100000000000000000000000000000000000000000000000000000000000000000000000000000000000000000000000000000000000000000000000000000000000000000000000000000000000000000000000000000000000000000001d8a80000000000000000000000000000000000000000000000000000000001859a040000000000000000000000000000000000000000000000000000000000000000,0x0000000000000000000000007bbce0c2f98fdf1b7c70ee76247e9d7d3b944e0a,0x0000000000000000000000002e6bcb24cc531947e96efc45623f0f067c0c3744,0x0000000000000000000000001f7d7550b1b028f7571e69a784071f0205fd2efa,0x72cd2c5878f2b0220c598eb5c2e4f208f038f954793612c93e22e2ea8caa8341
9732810,2026-07-14 18:07:30.000 UTC,0x0000000000000000000000000bd7d308f8e1639fab988df18a8011f41eacad73000000000000000000000000be8be21fa1159b5d5fd5e63cef21d23ceecfe34300000000000000000000000000000000000000000000000000000000000000000000000000000000000000000000000000000000000000000000000000000000000000000000000000000000000000000000000000000000000000000001d8ad0000000000000000000000000000000000000000000000000000000001859a080000000000000000000000000000000000000000000000000000000000000000,0x0000000000000000000000002c169e7ea4c2f9a3ddffdbf7f6dc56ef3cc16f50,0x0000000000000000000000002e6bcb24cc531947e96efc45623f0f067c0c3744,0x0000000000000000000000001f7d7550b1b028f7571e69a784071f0205fd2efa,0x69b0e5791ac96dd16495c88cb16909af8ae2a9d662aa4c85ba961ef7743d5fa2
9733424,2026-07-14 18:08:32.000 UTC,0x0000000000000000000000000bd7d308f8e1639fab988df18a8011f41eacad7300000000000000000000000051a535c0179bb1c51b7fc24ce74d706ffaa1926b00000000000000000000000000000000000000000000000000000000000000000000000000000000000000000000000000000000000000000000000000000000000000000000000000000000000000000000000000000000000000000001d8b30000000000000000000000000000000000000000000000000000000001859a0d0000000000000000000000000000000000000000000000000000000000000000,0x000000000000000000000000717cad394a659a8f06490a1959015fa5816ccb7d,0x0000000000000000000000002e6bcb24cc531947e96efc45623f0f067c0c3744,0x0000000000000000000000001f7d7550b1b028f7571e69a784071f0205fd2efa,0xed0ea0e674fc203134fcba4563cfa229bc1647b69ee102478325bbc830bcba26
9734069,2026-07-14 18:09:37.000 UTC,0x0000000000000000000000000bd7d308f8e1639fab988df18a8011f41eacad7300000000000000000000000057d4a2d6241aa2307f6bcd91003dc7890a94886a00000000000000000000000000000000000000000000000000000000000000000000000000000000000000000000000000000000000000000000000000000000000000000000000000000000000000000000000000000000000000000001d8db0000000000000000000000000000000000000000000000000000000001859a130000000000000000000000000000000000000000000000000000000000000000,0x00000000000000000000000052b086435ec49536ada2640bc0c569002848eb13,0x0000000000000000000000002e6bcb24cc531947e96efc45623f0f067c0c3744,0x0000000000000000000000001f7d7550b1b028f7571e69a784071f0205fd2efa,0xd120a45a22cb7d25920e086c752e9e27d0659c1e8fe25a715c78222e26577c70
9735944,2026-07-14 18:12:44.000 UTC,0x0000000000000000000000000bd7d308f8e1639fab988df18a8011f41eacad730000000000000000000000009945fa62ede36f30b4f031887cf51af7b18e226400000000000000000000000000000000000000000000000000000000000000000000000000000000000000000000000000000000000000000000000000000000000000000000000000000000000000000000000000000000000000000001d9130000000000000000000000000000000000000000000000000000000001859a220000000000000000000000000000000000000000000000000000000000000000,0x000000000000000000000000d7cf65646194db732e3210891773c1de3b46192e,0x0000000000000000000000002e6bcb24cc531947e96efc45623f0f067c0c3744,0x0000000000000000000000001f7d7550b1b028f7571e69a784071f0205fd2efa,0x0eab0b759669d52dedaf18f1434f20638d5b35bd413d666cbc37bad95faf240a
9736827,2026-07-14 18:14:13.000 UTC,0x0000000000000000000000000bd7d308f8e1639fab988df18a8011f41eacad73000000000000000000000000ac58945e88e301d1482b8eff59e871741dc0a25700000000000000000000000000000000000000000000000000000000000000000000000000000000000000000000000000000000000000000000000000000000000000000000000000000000000000000000000000000000000000000001d9200000000000000000000000000000000000000000000000000000000001859a2a0000000000000000000000000000000000000000000000000000000000000000,0x000000000000000000000000d4b6ee467349c2dd7d34de911ad1324b4f4d2328,0x000000000000000000000000f8af8b05323c61c6c48e4df67f49f6ca4cedc066,0x0000000000000000000000001f7d7550b1b028f7571e69a784071f0205fd2efa,0x2a832bf5747bd7d34fe1e76b9aa80cb7e781139344a00385bd3df38586aa1050
9737762,2026-07-14 18:15:47.000 UTC,0x0000000000000000000000000bd7d308f8e1639fab988df18a8011f41eacad73000000000000000000000000f965088eba29f7ac7cffab82fa0421a35884e7e300000000000000000000000000000000000000000000000000000000000000000000000000000000000000000000000000000000000000000000000000000000000000000000000000000000000000000000000000000000000000000001d9360000000000000000000000000000000000000000000000000000000001859a310000000000000000000000000000000000000000000000000000000000000000,0x00000000000000000000000002e972c7f740170b230c3d3aa4cf68e0d9167845,0x0000000000000000000000002e6bcb24cc531947e96efc45623f0f067c0c3744,0x0000000000000000000000001f7d7550b1b028f7571e69a784071f0205fd2efa,0x36ba3bc27a0cd679bc2d49d8f54d87c2c743cfbc013868b99609a651dbd9c47a
9740098,2026-07-14 18:19:40.000 UTC,0x0000000000000000000000000bd7d308f8e1639fab988df18a8011f41eacad73000000000000000000000000fc070d89c828deffe15387b6c8f66ca0bb94c19200000000000000000000000000000000000000000000000000000000000000000000000000000000000000000000000000000000000000000000000000000000000000000000000000000000000000000000000000000000000000000001d9580000000000000000000000000000000000000000000000000000000001859a450000000000000000000000000000000000000000000000000011c37937e08000,0x000000000000000000000000311d99333aae6f4b19d3829ba84ded8df0c1e0de,0x0000000000000000000000006f3901f3e87e156c4cd4639373f29cfdb11955ac,0x0000000000000000000000001f7d7550b1b028f7571e69a784071f0205fd2efa,0x54b081101402a054e2363374629475a924d722f00b8458e73167903544dd49c3
9741761,2026-07-14 18:22:27.000 UTC,0x0000000000000000000000000bd7d308f8e1639fab988df18a8011f41eacad730000000000000000000000006c54cb2f45aebd74447a2c6f5eb178464e8eed6600000000000000000000000000000000000000000000000000000000000000000000000000000000000000000000000000000000000000000000000000000000000000000000000000000000000000000000000000000000000000000001d9770000000000000000000000000000000000000000000000000000000001859a530000000000000000000000000000000000000000000000000000000000000000,0x0000000000000000000000001f2effa14dc1d2b51cc3cd938302e362a95a91b3,0x000000000000000000000000d50a1cfefe23c1b13c1174ef9f677e8c78385619,0x0000000000000000000000001f7d7550b1b028f7571e69a784071f0205fd2efa,0x5a9f112244b194c6e8628cbd694e675272f7394707baa3292461bc607e50bf17
9743837,2026-07-14 18:25:54.000 UTC,0x0000000000000000000000000bd7d308f8e1639fab988df18a8011f41eacad730000000000000000000000000cf454fdd1c2bdf3ebba31c64d61dee78c9cfe2400000000000000000000000000000000000000000000000000000000000000000000000000000000000000000000000000000000000000000000000000000000000000000000000000000000000000000000000000000000000000000001d9a10000000000000000000000000000000000000000000000000000000001859a6400000000000000000000000000000000000000000000000000354a6ba7a18000,0x0000000000000000000000002b8228b30182f9a33a7b8d616c47c025fa09babf,0x000000000000000000000000c5cbef12c11ddc7e9fccd089481b279aaa792899,0x0000000000000000000000001f7d7550b1b028f7571e69a784071f0205fd2efa,0xa64bf2ce9b9b123ab14931fd7fc3d7b676ba69e3381abc3e9222c4b73316b236
9750134,2026-07-14 18:36:26.000 UTC,0x0000000000000000000000000bd7d308f8e1639fab988df18a8011f41eacad73000000000000000000000000bea7d30eb71f10ed22a468e135132571b6077d7200000000000000000000000000000000000000000000000000000000000000000000000000000000000000000000000000000000000000000000000000000000000000000000000000000000000000000000000000000000000000000001da8f0000000000000000000000000000000000000000000000000000000001859a950000000000000000000000000000000000000000000000000000000000000000,0x000000000000000000000000ec803e6227129924516a662467ae789a62ccb950,0x0000000000000000000000002e6bcb24cc531947e96efc45623f0f067c0c3744,0x0000000000000000000000001f7d7550b1b028f7571e69a784071f0205fd2efa,0xec6f375848afbd194901a80387e723486b2163ece5dc0949868054391753bc42
9752653,2026-07-14 18:40:37.000 UTC,0x0000000000000000000000000bd7d308f8e1639fab988df18a8011f41eacad730000000000000000000000003a09d8581144ac479479beaf4c47a09cacdf752100000000000000000000000000000000000000000000000000000000000000000000000000000000000000000000000000000000000000000000000000000000000000000000000000000000000000000000000000000000000000000001dabc0000000000000000000000000000000000000000000000000000000001859aa90000000000000000000000000000000000000000000000000000000000000000,0x000000000000000000000000741573de495780745d0889ff44ceda8a7e156751,0x0000000000000000000000009202c70fbe4ef611e2bcab26b6f10c94475e7f6b,0x0000000000000000000000001f7d7550b1b028f7571e69a784071f0205fd2efa,0x7754c210ac9f77871ce800921cacf8dcd2e5196fa9525e0024e0bea44538d758
9753574,2026-07-14 18:42:10.000 UTC,0x0000000000000000000000000bd7d308f8e1639fab988df18a8011f41eacad730000000000000000000000003607491681d35b9368360db77af1c905cb83e1c400000000000000000000000000000000000000000000000000000000000000000000000000000000000000000000000000000000000000000000000000000000000000000000000000000000000000000000000000000000000000000001daec0000000000000000000000000000000000000000000000000000000001859ab2000000000000000000000000000000000000000000000000006053442a7dec00,0x0000000000000000000000007285467e0b07dd60855d7c2de5e4f594f245b47b,0x00000000000000000000000015af36c53cefdcb0b80a57b1056592dc0cb04fdb,0x0000000000000000000000001f7d7550b1b028f7571e69a784071f0205fd2efa,0xef53026940db977e41fc72b4f050c9d6f02bee37ccf75e7f28790251eb0c4459
9754017,2026-07-14 18:42:54.000 UTC,0x0000000000000000000000000bd7d308f8e1639fab988df18a8011f41eacad7300000000000000000000000077282162f09d8a768b4f07dcbb745ac06748ab9f00000000000000000000000000000000000000000000000000000000000000000000000000000000000000000000000000000000000000000000000000000000000000000000000000000000000000000000000000000000000000000001daf90000000000000000000000000000000000000000000000000000000001859ab60000000000000000000000000000000000000000000000000000000000000000,0x0000000000000000000000009d2576e5cf890c62328efdeb34677868a9c36a8d,0x0000000000000000000000009202c70fbe4ef611e2bcab26b6f10c94475e7f6b,0x0000000000000000000000001f7d7550b1b028f7571e69a784071f0205fd2efa,0xa280e5523a31b91feaad560e22f7fbc3b7fd232110b4a89d52f0037e0df3e6bf
9759595,2026-07-14 18:52:11.000 UTC,0x0000000000000000000000000bd7d308f8e1639fab988df18a8011f41eacad73000000000000000000000000dec8f541ff159d2b4abd3c3b041cd739bd7c486f00000000000000000000000000000000000000000000000000000000000000000000000000000000000000000000000000000000000000000000000000000000000000000000000000000000000000000000000000000000000000000001dbb90000000000000000000000000000000000000000000000000000000001859ae400000000000000000000000000000000000000000000000000470de4df820000,0x000000000000000000000000edaee44320107caa714baaec486261a87f27022d,0x000000000000000000000000ef8eabd46ffe0a78e7552a86dc33f152226f1e8d,0x0000000000000000000000001f7d7550b1b028f7571e69a784071f0205fd2efa,0x4c58b8a76441d50e04f4ed40363037879927938c68ada0b51609924cdc6f6116
9765150,2026-07-14 19:01:27.000 UTC,0x0000000000000000000000000bd7d308f8e1639fab988df18a8011f41eacad73000000000000000000000000c604931a0f7a997f3f6c2d3d60f63bffef46d97600000000000000000000000000000000000000000000000000000000000000000000000000000000000000000000000000000000000000000000000000000000000000000000000000000000000000000000000000000000000000000001dbfe0000000000000000000000000000000000000000000000000000000001859b11000000000000000000000000000000000000000000000000006053442a7dec00,0x000000000000000000000000ada1f627e71ca9177bedadc5c86644d3b770cb8a,0x000000000000000000000000451f7b0985c072b165c711de95bb62dff96e9403,0x0000000000000000000000001f7d7550b1b028f7571e69a784071f0205fd2efa,0x2f7c906262e92d7bb96f6a6bd3e693da59fe4aed1a18a12f23329c0494093fcf
9779453,2026-07-14 19:25:18.000 UTC,0x0000000000000000000000000bd7d308f8e1639fab988df18a8011f41eacad73000000000000000000000000988245e38e9fa5c66cafe6121bbef7f4bfbe56d100000000000000000000000000000000000000000000000000000000000000000000000000000000000000000000000000000000000000000000000000000000000000000000000000000000000000000000000000000000000000000001dcbf0000000000000000000000000000000000000000000000000000000001859b88000000000000000000000000000000000000000000000000002386f26fc10000,0x00000000000000000000000044a85dad6ec7eee1fb37a9711729a806560981f6,0x000000000000000000000000949b874c4c0d21687f302a8301fd5a91ce204f23,0x0000000000000000000000001f7d7550b1b028f7571e69a784071f0205fd2efa,0x90152b4721dee697769ba6a94ac83d6b7bc99737c2f1ef8bac8b7c081e4104c1
9779951,2026-07-14 19:26:08.000 UTC,0x0000000000000000000000000bd7d308f8e1639fab988df18a8011f41eacad73000000000000000000000000e4e65be89d209acc903d595d45104f8517cba9b000000000000000000000000000000000000000000000000000000000000000000000000000000000000000000000000000000000000000000000000000000000000000000000000000000000000000000000000000000000000000000001dcc50000000000000000000000000000000000000000000000000000000001859b8c0000000000000000000000000000000000000000000000000060474e7169c000,0x000000000000000000000000bc5ab22674da0c3c74c5452321a168efa1b598f1,0x000000000000000000000000da38cb0d72a1000396e631cda7cbe2506bda07ce,0x0000000000000000000000001f7d7550b1b028f7571e69a784071f0205fd2efa,0x9c91afb210d00f1a6c89dc4e5e21e5d6b88b5ebf917228c7f3ac16e319cd8dec
9794970,2026-07-14 19:51:14.000 UTC,0x0000000000000000000000000bd7d308f8e1639fab988df18a8011f41eacad7300000000000000000000000005cd98c7bce124837d65308e518ebc464ae70d9e00000000000000000000000000000000000000000000000000000000000000000000000000000000000000000000000000000000000000000000000000000000000000000000000000000000000000000000000000000000000000000001dd7b0000000000000000000000000000000000000000000000000000000001859c0800000000000000000000000000000000000000000000000000038d7ea4c68000,0x000000000000000000000000a720d82a0f76b208607b5798202ae113c49b3e28,0x0000000000000000000000009adf17b7d91731ed74c2502695794ec95b8f2a26,0x0000000000000000000000001f7d7550b1b028f7571e69a784071f0205fd2efa,0x13e5b854378c568afbeb6f57c16a50610b0064b0052c1e9cbc4797e461043203
9795434,2026-07-14 19:52:01.000 UTC,0x0000000000000000000000000bd7d308f8e1639fab988df18a8011f41eacad7300000000000000000000000046d9b1cdd881222d0755d4859681b3f4188b202d00000000000000000000000000000000000000000000000000000000000000000000000000000000000000000000000000000000000000000000000000000000000000000000000000000000000000000000000000000000000000000001dd890000000000000000000000000000000000000000000000000000000001859c0c0000000000000000000000000000000000000000000000000005543df729c000,0x000000000000000000000000a8b9863064be7486a1fdeb6dc491219d5f8d7ea8,0x000000000000000000000000c5cbef12c11ddc7e9fccd089481b279aaa792899,0x0000000000000000000000001f7d7550b1b028f7571e69a784071f0205fd2efa,0x742c11bbdbc9578591d04d3bceeb79ef66afca89e6d9e817cd087fa27929c529
9795484,2026-07-14 19:52:06.000 UTC,0x0000000000000000000000000bd7d308f8e1639fab988df18a8011f41eacad730000000000000000000000001a5223d973d31ec66234ca774a2969d29a12119a00000000000000000000000000000000000000000000000000000000000000000000000000000000000000000000000000000000000000000000000000000000000000000000000000000000000000000000000000000000000000000001dd8a0000000000000000000000000000000000000000000000000000000001859c0c00000000000000000000000000000000000000000000000000038d7ea4c68000,0x00000000000000000000000023f80bbb096a440963cad9b7f34565ae8562e2ff,0x0000000000000000000000009adf17b7d91731ed74c2502695794ec95b8f2a26,0x0000000000000000000000001f7d7550b1b028f7571e69a784071f0205fd2efa,0x8608c68e15647bc3b2dac6fc5bd041478b1934b81d363a102046fdd5c7835196
9795645,2026-07-14 19:52:22.000 UTC,0x0000000000000000000000000bd7d308f8e1639fab988df18a8011f41eacad73000000000000000000000000fa454bca69a9c5b75788e940228c78d94f71a73f00000000000000000000000000000000000000000000000000000000000000000000000000000000000000000000000000000000000000000000000000000000000000000000000000000000000000000000000000000000000000000001dd8d0000000000000000000000000000000000000000000000000000000001859c0d000000000000000000000000000000000000000000000000003ff2e795f50000,0x0000000000000000000000006805575c64ead70c94bf984d86ea3b9412e0b37e,0x00000000000000000000000029566e4affd4403b09f43b1b38348e52612bf867,0x0000000000000000000000001f7d7550b1b028f7571e69a784071f0205fd2efa,0xcd9439c209469740789a508c0d629e2bc170be6a752f96f500829a30676b19df
9797052,2026-07-14 19:54:42.000 UTC,0x0000000000000000000000000bd7d308f8e1639fab988df18a8011f41eacad730000000000000000000000005a34efcb3dfb47867590daa93d0b7f71ca6acb2c00000000000000000000000000000000000000000000000000000000000000000000000000000000000000000000000000000000000000000000000000000000000000000000000000000000000000000000000000000000000000000001dd990000000000000000000000000000000000000000000000000000000001859c19000000000000000000000000000000000000000000000000006053442a7dec00,0x0000000000000000000000005126cd9e66e7a3ebed57b6d6e6b1c7fe5b8db3ad,0x000000000000000000000000fc7506d541ee119a64f0d75f907d21408b71a562,0x0000000000000000000000001f7d7550b1b028f7571e69a784071f0205fd2efa,0xe4d1ee64bdb1ad9c16b53f3844d3adc2c3087627319d2fe4393398b8bd0f5bf8
9799241,2026-07-14 19:58:22.000 UTC,0x0000000000000000000000000bd7d308f8e1639fab988df18a8011f41eacad7300000000000000000000000069246383b9b1eb0dc8bf09c7554ebd4c7f16a6a800000000000000000000000000000000000000000000000000000000000000000000000000000000000000000000000000000000000000000000000000000000000000000000000000000000000000000000000000000000000000000001ddad0000000000000000000000000000000000000000000000000000000001859c2b00000000000000000000000000000000000000000000000000038d7ea4c68000,0x00000000000000000000000002342a5d72523f90e7de7a63e09506935c03b7e3,0x0000000000000000000000009adf17b7d91731ed74c2502695794ec95b8f2a26,0x0000000000000000000000001f7d7550b1b028f7571e69a784071f0205fd2efa,0x16ae1556f733b2d93f7a1cb2a52f6a99d04d79e51f315c8fcde80f8240b13c0b
9801017,2026-07-14 20:01:20.000 UTC,0x0000000000000000000000000bd7d308f8e1639fab988df18a8011f41eacad730000000000000000000000002fb65728642c156696d72e1b41224fb8edf1b0a000000000000000000000000000000000000000000000000000000000000000000000000000000000000000000000000000000000000000000000000000000000000000000000000000000000000000000000000000000000000000000001ddc80000000000000000000000000000000000000000000000000000000001859c3a0000000000000000000000000000000000000000000000000000000000000000,0x000000000000000000000000bd5a3dfb06e4de61d5dea0b5702164482e2aa6bc,0x00000000000000000000000086c70c4a3bc775fb4030448c9fdb73dc09dd8444,0x0000000000000000000000001f7d7550b1b028f7571e69a784071f0205fd2efa,0xbd5e261ad5a9ec9da9990746eaf16d4be0f91e6661632dbdbbc1b9b482191238
9802238,2026-07-14 20:03:23.000 UTC,0x0000000000000000000000000bd7d308f8e1639fab988df18a8011f41eacad73000000000000000000000000c5791e5a48af08967fa325521dd9102182e59aa100000000000000000000000000000000000000000000000000000000000000000000000000000000000000000000000000000000000000000000000000000000000000000000000000000000000000000000000000000000000000000001dddc0000000000000000000000000000000000000000000000000000000001859c4400000000000000000000000000000000000000000000000000038d7ea4c68000,0x0000000000000000000000000a6745634f86045ce8c1915292f3ea75e7c6dd2a,0x0000000000000000000000009adf17b7d91731ed74c2502695794ec95b8f2a26,0x0000000000000000000000001f7d7550b1b028f7571e69a784071f0205fd2efa,0xab11a2c22519aa453abeed8ad6bce21ed3a8e1dc0b397855c218e001e1078d4c
9802392,2026-07-14 20:03:38.000 UTC,0x0000000000000000000000000bd7d308f8e1639fab988df18a8011f41eacad73000000000000000000000000726874cf3cb137fa4b7c2619cc7431547a9018c000000000000000000000000000000000000000000000000000000000000000000000000000000000000000000000000000000000000000000000000000000000000000000000000000000000000000000000000000000000000000000001ddde0000000000000000000000000000000000000000000000000000000001859c460000000000000000000000000000000000000000000000000000000000000000,0x0000000000000000000000009192389c3f38fccf0092205c45f5c4db23d4be0f,0x000000000000000000000000d316563ec5e6d5798701d442b491173d312f64c9,0x0000000000000000000000001f7d7550b1b028f7571e69a784071f0205fd2efa,0x219203b827725a7df261655bf5ebbd0ba9ece73972459be2d8bbcc34b1b994de
9802967,2026-07-14 20:04:36.000 UTC,0x0000000000000000000000000bd7d308f8e1639fab988df18a8011f41eacad73000000000000000000000000e1a794a47803a6e3ffdc44368298a9863ba8204700000000000000000000000000000000000000000000000000000000000000000000000000000000000000000000000000000000000000000000000000000000000000000000000000000000000000000000000000000000000000000001ddf30000000000000000000000000000000000000000000000000000000001859c4b00000000000000000000000000000000000000000000000000005af3107a4000,0x0000000000000000000000005ec8f4b92d509c510addb90740cb975bcaee580c,0x00000000000000000000000086a4781dcc5686b8cbd29a31ff4c8f5a5610062f,0x0000000000000000000000001f7d7550b1b028f7571e69a784071f0205fd2efa,0xbdcdb89d8449a75e2f7314046dece93f003560ad2ca45bf31ec52e2c6acd0a55
9803640,2026-07-14 20:05:44.000 UTC,0x0000000000000000000000000bd7d308f8e1639fab988df18a8011f41eacad73000000000000000000000000ced29f9c19d768fac5de9f48f95dd31d8e1626c000000000000000000000000000000000000000000000000000000000000000000000000000000000000000000000000000000000000000000000000000000000000000000000000000000000000000000000000000000000000000000001de070000000000000000000000000000000000000000000000000000000001859c510000000000000000000000000000000000000000000000000000000000000000,0x0000000000000000000000000214280ce05a0bedcf6bee34bc988198b37c7161,0x000000000000000000000000491e9e11a31400ff1085aafbd54e84ed3506cfc4,0x0000000000000000000000001f7d7550b1b028f7571e69a784071f0205fd2efa,0xda1f31f7c97f06c6aeabe47022dd92d2613f5a758f797b0748251f3bcaed3fae
9804007,2026-07-14 20:06:20.000 UTC,0x0000000000000000000000000bd7d308f8e1639fab988df18a8011f41eacad7300000000000000000000000064d5f37106463825a85cc48b5eb88f7ae150a9d400000000000000000000000000000000000000000000000000000000000000000000000000000000000000000000000000000000000000000000000000000000000000000000000000000000000000000000000000000000000000000001de0a0000000000000000000000000000000000000000000000000000000001859c5300000000000000000000000000000000000000000000000000038d7ea4c68000,0x00000000000000000000000082ce3f55cc6c2b8b2e2a154d89e3935d2fc9f025,0x0000000000000000000000009adf17b7d91731ed74c2502695794ec95b8f2a26,0x0000000000000000000000001f7d7550b1b028f7571e69a784071f0205fd2efa,0xaa58d016f1e8a38ad74368e6669e385e6ac80a7b8d560de6b08d302cf2553e82
9806318,2026-07-14 20:10:11.000 UTC,0x0000000000000000000000000bd7d308f8e1639fab988df18a8011f41eacad73000000000000000000000000afc666423dbfd3590749672bf60a7a00c11fa8d600000000000000000000000000000000000000000000000000000000000000000000000000000000000000000000000000000000000000000000000000000000000000000000000000000000000000000000000000000000000000000001de1c0000000000000000000000000000000000000000000000000000000001859c66000000000000000000000000000000000000000000000000006053442a7dec00,0x000000000000000000000000e338216e8096095b5493bb91d3fecfce016231fc,0x0000000000000000000000002457c54c2b31625ef6b80175d06b07bd7caafa38,0x0000000000000000000000001f7d7550b1b028f7571e69a784071f0205fd2efa,0xcdbc0cde1d5b7b66ec279a65c62347eb77e610563685beaa7cf9e90490b3f57c
9810824,2026-07-14 20:17:43.000 UTC,0x0000000000000000000000000bd7d308f8e1639fab988df18a8011f41eacad7300000000000000000000000052c2e8908e2a484fcc8d1d65a3a6bc079c5b237b00000000000000000000000000000000000000000000000000000000000000000000000000000000000000000000000000000000000000000000000000000000000000000000000000000000000000000000000000000000000000000001de4c0000000000000000000000000000000000000000000000000000000001859c8c000000000000000000000000000000000000000000000000003c6568f12e8000,0x000000000000000000000000fb4174ef13baa534e7f0e5c2b2d13ee2fe629a9d,0x0000000000000000000000006983bb66140d1a029cc89a98dba16daacd6f99c4,0x0000000000000000000000001f7d7550b1b028f7571e69a784071f0205fd2efa,0x436db6f74cfc9315b27a81eb27f7e04342987f0bbfaeaeae8deffbae78f3e796
9820443,2026-07-14 20:33:44.000 UTC,0x0000000000000000000000000bd7d308f8e1639fab988df18a8011f41eacad73000000000000000000000000f487702028e8feb8b21d82a07ff25b10a0de13d200000000000000000000000000000000000000000000000000000000000000000000000000000000000000000000000000000000000000000000000000000000000000000000000000000000000000000000000000000000000000000001dec50000000000000000000000000000000000000000000000000000000001859cdb0000000000000000000000000000000000000000000000000011c37937e08000,0x000000000000000000000000db1592c29f0975d4b9c403f8b61f2a7516724768,0x0000000000000000000000000daa058532f1f4633e14cecf147e5c7424e0a623,0x0000000000000000000000001f7d7550b1b028f7571e69a784071f0205fd2efa,0x3681f034dac5a3ebb1675bc4915a1cd396fcb5852a0118cd50a114fd89a753f7
9822567,2026-07-14 20:37:17.000 UTC,0x0000000000000000000000000bd7d308f8e1639fab988df18a8011f41eacad730000000000000000000000008ff88953d36c85ef85987f8ad56098370087603e00000000000000000000000000000000000000000000000000000000000000000000000000000000000000000000000000000000000000000000000000000000000000000000000000000000000000000000000000000000000000000001ded10000000000000000000000000000000000000000000000000000000001859cee0000000000000000000000000000000000000000000000000027147114878000,0x000000000000000000000000f7d294b24236f31166d8792dad055b56fd6c190d,0x000000000000000000000000d48ce6e9f9c90ecc3ba75f7006561c4368778446,0x0000000000000000000000001f7d7550b1b028f7571e69a784071f0205fd2efa,0x9a477d7d0b46f257d9c8487272ee9966eaf37e3500ca523d3ad096907d40a4de
9825447,2026-07-14 20:42:05.000 UTC,0x0000000000000000000000000bd7d308f8e1639fab988df18a8011f41eacad73000000000000000000000000796636a2ee1690f0e53ed6df8d046f649f7a873200000000000000000000000000000000000000000000000000000000000000000000000000000000000000000000000000000000000000000000000000000000000000000000000000000000000000000000000000000000000000000001defc0000000000000000000000000000000000000000000000000000000001859d05000000000000000000000000000000000000000000000000006053442a7dec00,0x000000000000000000000000a5f2f4b48fd1d1d13d239c26aed1891eaa8ca092,0x0000000000000000000000005a0cd63e59eaeb2e40420d9712c85604b763b9bd,0x0000000000000000000000001f7d7550b1b028f7571e69a784071f0205fd2efa,0x9fb63f2cb0a1a57102a75280c3b201d7ef5c1ff31f41a849801fd849a8067cae
9825537,2026-07-14 20:42:14.000 UTC,0x0000000000000000000000000bd7d308f8e1639fab988df18a8011f41eacad730000000000000000000000002bb7a0f3ff8e4bfe522c3782644bf91651db8c0900000000000000000000000000000000000000000000000000000000000000000000000000000000000000000000000000000000000000000000000000000000000000000000000000000000000000000000000000000000000000000001defd0000000000000000000000000000000000000000000000000000000001859d050000000000000000000000000000000000000000000000000009eb094ed1c800,0x0000000000000000000000008a8fb4b26edc34dd7dc8ed14f39a48a4e3cbaa91,0x0000000000000000000000003c16ea242b5b063d7840d99be1c08088a6307028,0x0000000000000000000000001f7d7550b1b028f7571e69a784071f0205fd2efa,0x4c0570177f7c5ce4219a03a448e37895c0ae36a77e4d9ea52dc8f10a1b0e9cc8
9829405,2026-07-14 20:48:42.000 UTC,0x0000000000000000000000000bd7d308f8e1639fab988df18a8011f41eacad73000000000000000000000000b1ebf400f26063f7cadc6d3c64b92f6714548cf500000000000000000000000000000000000000000000000000000000000000000000000000000000000000000000000000000000000000000000000000000000000000000000000000000000000000000000000000000000000000000001df5c0000000000000000000000000000000000000000000000000000000001859d26000000000000000000000000000000000000000000000000000aa87bee538000,0x000000000000000000000000d6973fa7e27c1c965fbb9183ccc4d007b870af6d,0x000000000000000000000000d3066001840d9324e1b39cbfbe106174ad00bd31,0x0000000000000000000000001f7d7550b1b028f7571e69a784071f0205fd2efa,0x9f3df52be910f9890ebcc58de94c767d2c126381e76fe6b1e095d3f0fc9dc900
9833829,2026-07-14 20:56:05.000 UTC,0x0000000000000000000000000bd7d308f8e1639fab988df18a8011f41eacad73000000000000000000000000031f551d09544a64eff3212f4fe0553ea528319800000000000000000000000000000000000000000000000000000000000000000000000000000000000000000000000000000000000000000000000000000000000000000000000000000000000000000000000000000000000000000001df9d0000000000000000000000000000000000000000000000000000000001859d4b0000000000000000000000000000000000000000000000000001c6bf52634000,0x0000000000000000000000005db7bc1b4389b50e8822001d3a522fb7037739e0,0x000000000000000000000000bdb308d3875379f7a96fb796d9d66ca957453327,0x0000000000000000000000001f7d7550b1b028f7571e69a784071f0205fd2efa,0xa31397f3a60cb6f94adefefcb1f954f2e9ee96e523510aa3e0c08817b0e27b4a
9836660,2026-07-14 21:00:48.000 UTC,0x0000000000000000000000000bd7d308f8e1639fab988df18a8011f41eacad730000000000000000000000000226e3f25fdd17bfe38c40af67a22f2652134d4f00000000000000000000000000000000000000000000000000000000000000000000000000000000000000000000000000000000000000000000000000000000000000000000000000000000000000000000000000000000000000000001dfcc0000000000000000000000000000000000000000000000000000000001859d630000000000000000000000000000000000000000000000000058d15e17628000,0x000000000000000000000000fd71ae6358e98f1233c328384c530f7df6ba7e99,0x000000000000000000000000946bb31bbe9eaf39735ea41f33b90e0ee8dd289a,0x0000000000000000000000001f7d7550b1b028f7571e69a784071f0205fd2efa,0x72e33f09843946624f1d66a44a53e61bf99d80e5d5af30f8a62b17a9fc59f54d
9838369,2026-07-14 21:03:40.000 UTC,0x0000000000000000000000000bd7d308f8e1639fab988df18a8011f41eacad730000000000000000000000006beb9ec96a45881e28a2f37759a54fe83f762fc000000000000000000000000000000000000000000000000000000000000000000000000000000000000000000000000000000000000000000000000000000000000000000000000000000000000000000000000000000000000000000001e0030000000000000000000000000000000000000000000000000000000001859d710000000000000000000000000000000000000000000000000000000000000000,0x000000000000000000000000a96e09826dd175393c1b51e566a23eebfa1f99a3,0x000000000000000000000000491e9e11a31400ff1085aafbd54e84ed3506cfc4,0x0000000000000000000000001f7d7550b1b028f7571e69a784071f0205fd2efa,0x6443e42074fac3637ab9dc8fe2298f5f53d4accc5ca15dedb8abba310276f6af
9839885,2026-07-14 21:06:11.000 UTC,0x0000000000000000000000000bd7d308f8e1639fab988df18a8011f41eacad73000000000000000000000000e0796b1e44e9bb438ca49abe2dcc78edabe691cb00000000000000000000000000000000000000000000000000000000000000000000000000000000000000000000000000000000000000000000000000000000000000000000000000000000000000000000000000000000000000000001e0260000000000000000000000000000000000000000000000000000000001859d7d000000000000000000000000000000000000000000000000005fec5b60ef8000,0x000000000000000000000000a1ab394b7aa78b86971b5cd62b3fee5bdb3fdf12,0x0000000000000000000000006fbbae17f100c01abd8e7417bd8ca77af8e4bbeb,0x0000000000000000000000001f7d7550b1b028f7571e69a784071f0205fd2efa,0x2e3e34622262551742fb2d69b33c7792a7d994b135bd2ae2fb3dc9dbd2721e7f
9841096,2026-07-14 21:08:13.000 UTC,0x0000000000000000000000000bd7d308f8e1639fab988df18a8011f41eacad730000000000000000000000008526be49214face50b3f544775a67ff93c6d528d00000000000000000000000000000000000000000000000000000000000000000000000000000000000000000000000000000000000000000000000000000000000000000000000000000000000000000000000000000000000000000001e04a0000000000000000000000000000000000000000000000000000000001859d8700000000000000000000000000000000000000000000000000071afd498d0000,0x0000000000000000000000000589460f4e47ae978195b5253e88b519a57c5ad7,0x0000000000000000000000009adf17b7d91731ed74c2502695794ec95b8f2a26,0x0000000000000000000000001f7d7550b1b028f7571e69a784071f0205fd2efa,0xe184f629a8aeee0606fad3eb6cdc83edeaf228cac045bfcab9bdd71b7e5e3491
9841574,2026-07-14 21:09:01.000 UTC,0x0000000000000000000000000bd7d308f8e1639fab988df18a8011f41eacad73000000000000000000000000b0d8b3736310fa292d11553131400782ea7fdff000000000000000000000000000000000000000000000000000000000000000000000000000000000000000000000000000000000000000000000000000000000000000000000000000000000000000000000000000000000000000000001e0730000000000000000000000000000000000000000000000000000000001859d8a000000000000000000000000000000000000000000000000006053442a7dec00,0x000000000000000000000000ae1cd3c4444d4f3fd1e91c66e743e95657caf878,0x0000000000000000000000000006e1b77a5de4e912fe6e29eea45898bef7594c,0x0000000000000000000000001f7d7550b1b028f7571e69a784071f0205fd2efa,0x21105940f3edfe7f45b85ec8c46706675a7069a760073095bb766c41aa97ba35
9844074,2026-07-14 21:13:11.000 UTC,0x0000000000000000000000000bd7d308f8e1639fab988df18a8011f41eacad730000000000000000000000009860e99c0756a76ab865e7308d47d4e8a93ebc0700000000000000000000000000000000000000000000000000000000000000000000000000000000000000000000000000000000000000000000000000000000000000000000000000000000000000000000000000000000000000000001e0c60000000000000000000000000000000000000000000000000000000001859da0000000000000000000000000000000000000000000000000006053442a7dec00,0x00000000000000000000000071dc289d1136981e563ec97a82e08706e557050c,0x0000000000000000000000000d2b2689b09a0f6b10e7e3d7fd95df0672dcc15b,0x0000000000000000000000001f7d7550b1b028f7571e69a784071f0205fd2efa,0xf53d1bb84bb96112581c3406a702805b9891b361d98c2795ad6d5fa8c806fb25
9845067,2026-07-14 21:14:51.000 UTC,0x0000000000000000000000000bd7d308f8e1639fab988df18a8011f41eacad73000000000000000000000000a93f987c6cda41d95345c28194fccdb037e4154b00000000000000000000000000000000000000000000000000000000000000000000000000000000000000000000000000000000000000000000000000000000000000000000000000000000000000000000000000000000000000000001e0d90000000000000000000000000000000000000000000000000000000001859da8000000000000000000000000000000000000000000000000002386f26fc10000,0x000000000000000000000000213078d51d107fcfad1cd06696a3c5664bd6652d,0x00000000000000000000000011e77ac66ae0be81e94b7365c59c32aa4342fa54,0x0000000000000000000000001f7d7550b1b028f7571e69a784071f0205fd2efa,0x3226ad974e49ea119c3c4e326810a7ea20e006a4b402d10e4ce13c5a4438590c
9845170,2026-07-14 21:15:01.000 UTC,0x0000000000000000000000000bd7d308f8e1639fab988df18a8011f41eacad730000000000000000000000001e563cb2a937bcc46f6d3285c7a8fd3ad60b5d8600000000000000000000000000000000000000000000000000000000000000000000000000000000000000000000000000000000000000000000000000000000000000000000000000000000000000000000000000000000000000000001e0da0000000000000000000000000000000000000000000000000000000001859da8000000000000000000000000000000000000000000000000001550f7dca70000,0x000000000000000000000000db23bf7591e798fdd1bb45cc567710445ad0c3f9,0x000000000000000000000000d3066001840d9324e1b39cbfbe106174ad00bd31,0x0000000000000000000000001f7d7550b1b028f7571e69a784071f0205fd2efa,0xb2704dc2bd5efa202a05dddb8f2ce18af8c4e02f83d1a991a632cdf6b6ed73a5
9845898,2026-07-14 21:16:14.000 UTC,0x0000000000000000000000000bd7d308f8e1639fab988df18a8011f41eacad730000000000000000000000001553ad08d51ec1df42e58728bafaefb3361d1b6e00000000000000000000000000000000000000000000000000000000000000000000000000000000000000000000000000000000000000000000000000000000000000000000000000000000000000000000000000000000000000000001e0ec0000000000000000000000000000000000000000000000000000000001859daf000000000000000000000000000000000000000000000000001c6bf526340000,0x00000000000000000000000020f0a31cdba9d1308f7f7f8ee82f64bc6433b75b,0x00000000000000000000000029566e4affd4403b09f43b1b38348e52612bf867,0x0000000000000000000000001f7d7550b1b028f7571e69a784071f0205fd2efa,0xc94fc9f64387400886461787d92d40767e4981e755e60ab640465454837118a6
9847638,2026-07-14 21:19:07.000 UTC,0x0000000000000000000000000bd7d308f8e1639fab988df18a8011f41eacad73000000000000000000000000315f42c5db3985b50fe3a7ab03c72afa59e7083e00000000000000000000000000000000000000000000000000000000000000000000000000000000000000000000000000000000000000000000000000000000000000000000000000000000000000000000000000000000000000000001e1120000000000000000000000000000000000000000000000000000000001859dbe000000000000000000000000000000000000000000000000002386f26fc10000,0x0000000000000000000000004f2ced81f60e5269d965c0adc664cdc88170f09e,0x000000000000000000000000f2b6ec02180656f5bc41dcbaf67fa08caea7bb17,0x0000000000000000000000001f7d7550b1b028f7571e69a784071f0205fd2efa,0x78c1d02cdc4705fb6a594e7fcf95ab306b0c8f7505ffc1d2139b783325e21dae
9847952,2026-07-14 21:19:39.000 UTC,0x0000000000000000000000000bd7d308f8e1639fab988df18a8011f41eacad730000000000000000000000004461971e3f6c55b69b5037deba74286a19e3f06200000000000000000000000000000000000000000000000000000000000000000000000000000000000000000000000000000000000000000000000000000000000000000000000000000000000000000000000000000000000000000001e1150000000000000000000000000000000000000000000000000000000001859dc0000000000000000000000000000000000000000000000000002386f26fc10000,0x000000000000000000000000d66c7cf093c56f1b77ef7be69ec0100d0b64530e,0x00000000000000000000000079029fab12c21ff595cef80c8c321ffa57621e67,0x0000000000000000000000001f7d7550b1b028f7571e69a784071f0205fd2efa,0xa9baaf46a7d4088dc2540d8219e63924a9f3321acad9243c810c16dbe147b924
9848696,2026-07-14 21:20:54.000 UTC,0x0000000000000000000000000bd7d308f8e1639fab988df18a8011f41eacad7300000000000000000000000056f8668204f57dd26dc3e1d29ad0743456e4434000000000000000000000000000000000000000000000000000000000000000000000000000000000000000000000000000000000000000000000000000000000000000000000000000000000000000000000000000000000000000000001e1270000000000000000000000000000000000000000000000000000000001859dc6000000000000000000000000000000000000000000000000002386f26fc10000,0x0000000000000000000000007ed7dee9e2e224923b8976c66ddf4a10e5f07930,0x000000000000000000000000d37dabe2ccca72166f41c236b91ca36494fe5919,0x0000000000000000000000001f7d7550b1b028f7571e69a784071f0205fd2efa,0xc404ad1b2724d686c6df9fe7af5c43e5aa217cf18b0c798a190be4e6daad5112
9850129,2026-07-14 21:23:18.000 UTC,0x0000000000000000000000000bd7d308f8e1639fab988df18a8011f41eacad7300000000000000000000000013856199415d2f495fb4f11845d4639760d5520f00000000000000000000000000000000000000000000000000000000000000000000000000000000000000000000000000000000000000000000000000000000000000000000000000000000000000000000000000000000000000000001e1390000000000000000000000000000000000000000000000000000000001859dd200000000000000000000000000000000000000000000000000470de4df820000,0x000000000000000000000000df3bc05b4cabeda9746ad274e2f84e34feb7d1f8,0x000000000000000000000000b707b899f58a211aef32c3ae005ade306e3ac615,0x0000000000000000000000001f7d7550b1b028f7571e69a784071f0205fd2efa,0xd6a41f2811464e0418fddd83556eb14129dd82ec0f6bcd568b0929ab13d0d94a
9851914,2026-07-14 21:26:16.000 UTC,0x0000000000000000000000000bd7d308f8e1639fab988df18a8011f41eacad73000000000000000000000000632e41cab20ec0523eda45f1eed723b2607d636100000000000000000000000000000000000000000000000000000000000000000000000000000000000000000000000000000000000000000000000000000000000000000000000000000000000000000000000000000000000000000001e1760000000000000000000000000000000000000000000000000000000001859de10000000000000000000000000000000000000000000000000000000000000000,0x0000000000000000000000004f65f450aa43463511b89d750baee346fc9440ec,0x0000000000000000000000007bb20a03d0a0452a9aaae12489f3f597ed640bd8,0x0000000000000000000000001f7d7550b1b028f7571e69a784071f0205fd2efa,0x0164c260b05c6eafdbeed5e6af41523cd73e595e0dae5503f4e7465dc89e147b
9851973,2026-07-14 21:26:22.000 UTC,0x0000000000000000000000000bd7d308f8e1639fab988df18a8011f41eacad7300000000000000000000000000e07861757d082d5f7ab3a005c71286d94ed42600000000000000000000000000000000000000000000000000000000000000000000000000000000000000000000000000000000000000000000000000000000000000000000000000000000000000000000000000000000000000000001e1780000000000000000000000000000000000000000000000000000000001859de20000000000000000000000000000000000000000000000000000000000000000,0x0000000000000000000000002d2e491348557fbb639ccadc66b46ba420a1011c,0x0000000000000000000000009b1513dfdfc023fa6e576b130066ec05b6f1bfa1,0x0000000000000000000000001f7d7550b1b028f7571e69a784071f0205fd2efa,0x08e84434be70eb91bb488dba3f38f728bfb4abb96cabe24788463fd20c1cbb8f
9852229,2026-07-14 21:26:48.000 UTC,0x0000000000000000000000000bd7d308f8e1639fab988df18a8011f41eacad730000000000000000000000006a15e1a562023eaa8be3d2a8c6e6f09c4dc75e4500000000000000000000000000000000000000000000000000000000000000000000000000000000000000000000000000000000000000000000000000000000000000000000000000000000000000000000000000000000000000000001e17e0000000000000000000000000000000000000000000000000000000001859de300000000000000000000000000000000000000000000000000354a6ba7a18000,0x000000000000000000000000cac087ad7f2c2514dd2d0bc8009f5ca70f529ba4,0x000000000000000000000000961347456ce1c77877c757d6682613d6ec92461c,0x0000000000000000000000001f7d7550b1b028f7571e69a784071f0205fd2efa,0x9ef2fa999573d1b2b747465a012ebb3e30a4019ade3a0bf171f2cadf537ac35c
9852412,2026-07-14 21:27:06.000 UTC,0x0000000000000000000000000bd7d308f8e1639fab988df18a8011f41eacad7300000000000000000000000012a205ffa91977af02482421afbf56d66cd495ff00000000000000000000000000000000000000000000000000000000000000000000000000000000000000000000000000000000000000000000000000000000000000000000000000000000000000000000000000000000000000000001e1840000000000000000000000000000000000000000000000000000000001859de5000000000000000000000000000000000000000000000000005fec5b60ef8000,0x000000000000000000000000286923c5b96ec4d803819891f41e04f6bfbe9a7d,0x000000000000000000000000d2bb88dccf3835b5dc24d08e6bf40578a5889265,0x0000000000000000000000001f7d7550b1b028f7571e69a784071f0205fd2efa,0xad17b1f12d96b2c3503a33c1a7f8a7066b4659e7a64e2aca015d3531605b6d04
9853640,2026-07-14 21:29:10.000 UTC,0x0000000000000000000000000bd7d308f8e1639fab988df18a8011f41eacad730000000000000000000000002325895ba52e737e6c4d082d3dfa30e251c1957c00000000000000000000000000000000000000000000000000000000000000000000000000000000000000000000000000000000000000000000000000000000000000000000000000000000000000000000000000000000000000000001e1a30000000000000000000000000000000000000000000000000000000001859df0000000000000000000000000000000000000000000000000001c6bf526340000,0x0000000000000000000000006f58f47575a641e85e9c3ecd6acde7447655ca34,0x00000000000000000000000053910811ae23a23f713cd2ff7a05dee6f7356156,0x0000000000000000000000001f7d7550b1b028f7571e69a784071f0205fd2efa,0x11262841b39c54fa7d70977e3d2b817f437b64950f1670f89ba4cf7a7dfd7724
9853776,2026-07-14 21:29:23.000 UTC,0x0000000000000000000000000bd7d308f8e1639fab988df18a8011f41eacad730000000000000000000000003eab2dec6d61f8fdbab064bbf91adb7f1bc64a7400000000000000000000000000000000000000000000000000000000000000000000000000000000000000000000000000000000000000000000000000000000000000000000000000000000000000000000000000000000000000000001e1a90000000000000000000000000000000000000000000000000000000001859df10000000000000000000000000000000000000000000000000000000000000000,0x00000000000000000000000019fead2eef53be11a43744fd803bb9151b6d98fc,0x0000000000000000000000009b1513dfdfc023fa6e576b130066ec05b6f1bfa1,0x0000000000000000000000001f7d7550b1b028f7571e69a784071f0205fd2efa,0x3f8186a491f4acd4a5207cbf34037d7058eb79d91e2f1acce2f9f8b89bec4ff8
9853773,2026-07-14 21:29:23.000 UTC,0x0000000000000000000000000bd7d308f8e1639fab988df18a8011f41eacad73000000000000000000000000abcaafdd6ade87b02a41a87c42dd484c5e88da9b00000000000000000000000000000000000000000000000000000000000000000000000000000000000000000000000000000000000000000000000000000000000000000000000000000000000000000000000000000000000000000001e1a70000000000000000000000000000000000000000000000000000000001859df100000000000000000000000000000000000000000000000000038d7ea4c68000,0x000000000000000000000000b90125bdac4126791a34bf86b1ce2472b5eece5e,0x00000000000000000000000094bfc66320325d951c24dc63ff941f3812a45355,0x0000000000000000000000001f7d7550b1b028f7571e69a784071f0205fd2efa,0x1135bdbd943736259b5ed1c9e0b317331716fb927af2beb9ed25057db5e81883
9854064,2026-07-14 21:29:52.000 UTC,0x0000000000000000000000000bd7d308f8e1639fab988df18a8011f41eacad73000000000000000000000000c36d0fdd33020a7001f593a768188bd01eb663d600000000000000000000000000000000000000000000000000000000000000000000000000000000000000000000000000000000000000000000000000000000000000000000000000000000000000000000000000000000000000000001e1b10000000000000000000000000000000000000000000000000000000001859df30000000000000000000000000000000000000000000000000060474e7169c000,0x0000000000000000000000008fd42b428ae6acb49ecf029009c8966703316e73,0x00000000000000000000000078a6fbcfc0c2dab6efe555dabb91df31d9111e26,0x0000000000000000000000001f7d7550b1b028f7571e69a784071f0205fd2efa,0x0b4dfdb52e95e54a1c7b0653ccd974c00792271ef4533d28f55cb45ece0da91f
9854775,2026-07-14 21:31:03.000 UTC,0x0000000000000000000000000bd7d308f8e1639fab988df18a8011f41eacad73000000000000000000000000825f92e693751c4f29e976226eb848bf7bea282200000000000000000000000000000000000000000000000000000000000000000000000000000000000000000000000000000000000000000000000000000000000000000000000000000000000000000000000000000000000000000001e1cd0000000000000000000000000000000000000000000000000000000001859df8000000000000000000000000000000000000000000000000002386f26fc10000,0x00000000000000000000000052ec0ce6899177a02fdec262f510960483ce2e49,0x000000000000000000000000e78c9a2433b5c6bc2ea510af44cde8fb6dacb7ca,0x0000000000000000000000001f7d7550b1b028f7571e69a784071f0205fd2efa,0x10f256610e96972cda9a21b9ef4ea073caff4aa27c038a9c980f1cd874a8061a
9854956,2026-07-14 21:31:21.000 UTC,0x0000000000000000000000000bd7d308f8e1639fab988df18a8011f41eacad730000000000000000000000000265ce09580d1d4976d2038058f5e42aa7c89b3300000000000000000000000000000000000000000000000000000000000000000000000000000000000000000000000000000000000000000000000000000000000000000000000000000000000000000000000000000000000000000001e1ce0000000000000000000000000000000000000000000000000000000001859dfb0000000000000000000000000000000000000000000000000011c37937e08000,0x000000000000000000000000ab24d6e7aad530937f11571f8b260f3523cd6267,0x000000000000000000000000803ef4352fd0ca9ebbf78d50c81da36121f1e0e3,0x0000000000000000000000001f7d7550b1b028f7571e69a784071f0205fd2efa,0xfd42cdc5079d2087933c194f54279bbc07544ed8fd289a75aabdd5f62da23eb6
9854999,2026-07-14 21:31:25.000 UTC,0x0000000000000000000000000bd7d308f8e1639fab988df18a8011f41eacad73000000000000000000000000032b87a8d6ac48095e39eca974967e77e7394a1c00000000000000000000000000000000000000000000000000000000000000000000000000000000000000000000000000000000000000000000000000000000000000000000000000000000000000000000000000000000000000000001e1cf0000000000000000000000000000000000000000000000000000000001859dfb000000000000000000000000000000000000000000000000004e28e2290f0000,0x0000000000000000000000002427e2c3662260c62d1910791d3904c0412da8e9,0x0000000000000000000000008e54ef8a2af8e2c61aa796e165ca66aeccea1a0d,0x0000000000000000000000001f7d7550b1b028f7571e69a784071f0205fd2efa,0x43600fef8a348805fdbd71f406529199536a3db5075f29c90741fdf97282d5bf
9855835,2026-07-14 21:32:49.000 UTC,0x0000000000000000000000000bd7d308f8e1639fab988df18a8011f41eacad730000000000000000000000008cae281afba85b00559a66a0b1e6351beda3c53800000000000000000000000000000000000000000000000000000000000000000000000000000000000000000000000000000000000000000000000000000000000000000000000000000000000000000000000000000000000000000001e1db0000000000000000000000000000000000000000000000000000000001859e02000000000000000000000000000000000000000000000000005fec5b60ef8000,0x0000000000000000000000002182624b4b5623526d2b54cb56050b620eed3ae1,0x000000000000000000000000d2bb88dccf3835b5dc24d08e6bf40578a5889265,0x0000000000000000000000001f7d7550b1b028f7571e69a784071f0205fd2efa,0x8ea98ebddf4af48fe34897415471463365241d39a7b97706da39da970445586f
9855946,2026-07-14 21:33:00.000 UTC,0x0000000000000000000000000bd7d308f8e1639fab988df18a8011f41eacad73000000000000000000000000d2988393ebe0743fb32209dd70477adb5f65ad0100000000000000000000000000000000000000000000000000000000000000000000000000000000000000000000000000000000000000000000000000000000000000000000000000000000000000000000000000000000000000000001e1e00000000000000000000000000000000000000000000000000000000001859e02000000000000000000000000000000000000000000000000006053442a7dec00,0x0000000000000000000000001b0aea1132c24a4d5f78779e0c9d0ec6181e572e,0x000000000000000000000000c271a0acecee8a14f9b369ef9ddb53d67d0db006,0x0000000000000000000000001f7d7550b1b028f7571e69a784071f0205fd2efa,0x4e79f2f92024362a05b40bf8a4283106eef5987538ba702a377699f192a6cb80
9856002,2026-07-14 21:33:06.000 UTC,0x0000000000000000000000000bd7d308f8e1639fab988df18a8011f41eacad7300000000000000000000000005eaf9c44ef4693e8353d42a1a337d80a5367fac00000000000000000000000000000000000000000000000000000000000000000000000000000000000000000000000000000000000000000000000000000000000000000000000000000000000000000000000000000000000000000001e1e10000000000000000000000000000000000000000000000000000000001859e03000000000000000000000000000000000000000000000000002386f26fc10000,0x00000000000000000000000044382335f1629671f7731fcd74c6e6d84e77ce77,0x000000000000000000000000c45f8476e5f7ab7574a2c12d468f41540e53fdab,0x0000000000000000000000001f7d7550b1b028f7571e69a784071f0205fd2efa,0x7f04d8c5d2ae6a2a7d9db4abb4e1c015fe8b7f8a5ee1edb00c97c6d91f764c54
9857051,2026-07-14 21:34:52.000 UTC,0x0000000000000000000000000bd7d308f8e1639fab988df18a8011f41eacad730000000000000000000000002ca6568e95830a35c3a51d76c31b391111fb97e300000000000000000000000000000000000000000000000000000000000000000000000000000000000000000000000000000000000000000000000000000000000000000000000000000000000000000000000000000000000000000001e1f50000000000000000000000000000000000000000000000000000000001859e0c0000000000000000000000000000000000000000000000000000000000000000,0x000000000000000000000000a7b9f7311ddeaa26ab43e0eb01a2a19afe1be27d,0x0000000000000000000000002e6bcb24cc531947e96efc45623f0f067c0c3744,0x0000000000000000000000001f7d7550b1b028f7571e69a784071f0205fd2efa,0xfa41da2b0c57efa8b467dc468ca31af78e382d041925f0b587c144a1decae4bb
9857628,2026-07-14 21:35:50.000 UTC,0x0000000000000000000000000bd7d308f8e1639fab988df18a8011f41eacad73000000000000000000000000fbeed08a7bd7fdc1bc78d70649233220974df54300000000000000000000000000000000000000000000000000000000000000000000000000000000000000000000000000000000000000000000000000000000000000000000000000000000000000000000000000000000000000000001e1fa0000000000000000000000000000000000000000000000000000000001859e11000000000000000000000000000000000000000000000000006053442a7dec00,0x000000000000000000000000e29f314a97a6ff2d93001e36533c2ac7614c425d,0x0000000000000000000000007f77f1fa835e8c163efe34d320e82e30310b3c45,0x0000000000000000000000001f7d7550b1b028f7571e69a784071f0205fd2efa,0x95f35a9f4e5c7a92ddf4fe650b45fba1cef14cb9504979f4387a48b1e61dc703
9857830,2026-07-14 21:36:10.000 UTC,0x0000000000000000000000000bd7d308f8e1639fab988df18a8011f41eacad73000000000000000000000000f10170e4651dd2c5657e11c8fe5d41f6eaa5173300000000000000000000000000000000000000000000000000000000000000000000000000000000000000000000000000000000000000000000000000000000000000000000000000000000000000000000000000000000000000000001e1ff0000000000000000000000000000000000000000000000000000000001859e13000000000000000000000000000000000000000000000000004e28e2290f0000,0x0000000000000000000000005ea51d7c7a0acfe0098b36444f0ddfa8855d3e2e,0x000000000000000000000000730909864c0dc75ad7c45213274315ad8ae33750,0x0000000000000000000000001f7d7550b1b028f7571e69a784071f0205fd2efa,0x76f1bf691600ae08c4cb24296b68ebcb9298412b591945243f65c91760b083e0
9857959,2026-07-14 21:36:23.000 UTC,0x0000000000000000000000000bd7d308f8e1639fab988df18a8011f41eacad7300000000000000000000000014ec5fc02a6fed8857d4621204b5ad4598a36d3b00000000000000000000000000000000000000000000000000000000000000000000000000000000000000000000000000000000000000000000000000000000000000000000000000000000000000000000000000000000000000000001e2000000000000000000000000000000000000000000000000000000000001859e14000000000000000000000000000000000000000000000000005fec5b60ef8000,0x0000000000000000000000008ed1a7691060e53b7dcf2fb0323636af509b8dd1,0x000000000000000000000000a5ae8d37e7cc8dc35e0a5642fc684512ebe96068,0x0000000000000000000000001f7d7550b1b028f7571e69a784071f0205fd2efa,0x043b50ea253e0892ba0d463d1a2c97eb5342697f81f79f176d00b124ba54ed9b
9858305,2026-07-14 21:36:56.000 UTC,0x0000000000000000000000000bd7d308f8e1639fab988df18a8011f41eacad73000000000000000000000000709cda4f0e887db9802cfacf527849316a2b8a4600000000000000000000000000000000000000000000000000000000000000000000000000000000000000000000000000000000000000000000000000000000000000000000000000000000000000000000000000000000000000000001e2050000000000000000000000000000000000000000000000000000000001859e16000000000000000000000000000000000000000000000000002386f26fc10000,0x000000000000000000000000aaa471e01f842c6969d8982116bed44c4a3f7376,0x00000000000000000000000011e77ac66ae0be81e94b7365c59c32aa4342fa54,0x0000000000000000000000001f7d7550b1b028f7571e69a784071f0205fd2efa,0xa9f11f999fdbf54e521f33f79417ec2eccea675ba8bb9ba253ad2c29724ab5b0
9858515,2026-07-14 21:37:17.000 UTC,0x0000000000000000000000000bd7d308f8e1639fab988df18a8011f41eacad730000000000000000000000004cc1f29acbdea57bc84ddaf96b515bca4becf56e00000000000000000000000000000000000000000000000000000000000000000000000000000000000000000000000000000000000000000000000000000000000000000000000000000000000000000000000000000000000000000001e2090000000000000000000000000000000000000000000000000000000001859e180000000000000000000000000000000000000000000000000000000000000000,0x000000000000000000000000034bdb299d192c4924dd16dc3c0e6d55c7381f67,0x0000000000000000000000009b1513dfdfc023fa6e576b130066ec05b6f1bfa1,0x0000000000000000000000001f7d7550b1b028f7571e69a784071f0205fd2efa,0x465e48cbef32943a5a589f4447ee6398004cf03149062d82dd0d8fa2e6759adf
9858851,2026-07-14 21:37:51.000 UTC,0x0000000000000000000000000bd7d308f8e1639fab988df18a8011f41eacad730000000000000000000000006d96e7217d40b8ffd8a6768c4727220b515eb5bf00000000000000000000000000000000000000000000000000000000000000000000000000000000000000000000000000000000000000000000000000000000000000000000000000000000000000000000000000000000000000000001e20c0000000000000000000000000000000000000000000000000000000001859e1b00000000000000000000000000000000000000000000000000470de4df820000,0x0000000000000000000000003c5c38badeeb59e2a04160a806b7abf0f6a56ade,0x0000000000000000000000005410009f5c8e6188791786bb71b90c5d0ddfece7,0x0000000000000000000000001f7d7550b1b028f7571e69a784071f0205fd2efa,0x875b5be1f121aa5bcfa07690b803b7eebb2dc9a29a05447fdf5ce3e0b141a926
9858857,2026-07-14 21:37:52.000 UTC,0x0000000000000000000000000bd7d308f8e1639fab988df18a8011f41eacad73000000000000000000000000a81ba4f2fe41530677bd36b84688ec2ad60e7c5e00000000000000000000000000000000000000000000000000000000000000000000000000000000000000000000000000000000000000000000000000000000000000000000000000000000000000000000000000000000000000000001e20d0000000000000000000000000000000000000000000000000000000001859e1b0000000000000000000000000000000000000000000000000000000000000000,0x000000000000000000000000579e7f5c205d1dd84c998b298a17c59f37bb31b6,0x00000000000000000000000097e6973ba2c3a3bb3a12475b76108cbf7a172a0f,0x0000000000000000000000001f7d7550b1b028f7571e69a784071f0205fd2efa,0x8de584aa16a9dcb9df628e9645cf2dcca5f967d6ccf9963f6d34767e147b1c54
9858925,2026-07-14 21:37:59.000 UTC,0x0000000000000000000000000bd7d308f8e1639fab988df18a8011f41eacad7300000000000000000000000005ff515c078f398330e0c3898001cf2a9e6d13e600000000000000000000000000000000000000000000000000000000000000000000000000000000000000000000000000000000000000000000000000000000000000000000000000000000000000000000000000000000000000000001e20f0000000000000000000000000000000000000000000000000000000001859e1b0000000000000000000000000000000000000000000000000000000000000000,0x000000000000000000000000a914a99f343a67557a95b28a2c00a373dc740235,0x000000000000000000000000d53ef5112248a379532f3e05f1edfac965ea7b5c,0x0000000000000000000000001f7d7550b1b028f7571e69a784071f0205fd2efa,0x6854d85a130082771e91d58362e257032a1a68f5737c718449305d403d74536a
9859287,2026-07-14 21:38:35.000 UTC,0x0000000000000000000000000bd7d308f8e1639fab988df18a8011f41eacad73000000000000000000000000a2473e685801cb8e1ece81b0cb05cde152714b3800000000000000000000000000000000000000000000000000000000000000000000000000000000000000000000000000000000000000000000000000000000000000000000000000000000000000000000000000000000000000000001e2140000000000000000000000000000000000000000000000000000000001859e1f000000000000000000000000000000000000000000000000006053442a7dec00,0x00000000000000000000000060aec0145459055e194666eed2e7c753523ffed2,0x0000000000000000000000001b6f2d626e4d09245e84cd30cbc795ea9a674055,0x0000000000000000000000001f7d7550b1b028f7571e69a784071f0205fd2efa,0xf07e1aa47e0f8519cd3ac0784c174819eafd39bdbb01b0db3ab002a337a442b6
9859439,2026-07-14 21:38:50.000 UTC,0x0000000000000000000000000bd7d308f8e1639fab988df18a8011f41eacad730000000000000000000000000c18cc951722af9e805d9a05ebb8a94a7bdc096100000000000000000000000000000000000000000000000000000000000000000000000000000000000000000000000000000000000000000000000000000000000000000000000000000000000000000000000000000000000000000001e21a0000000000000000000000000000000000000000000000000000000001859e210000000000000000000000000000000000000000000000000060474e7169c000,0x000000000000000000000000c963fa5b3f4b9a9cfada529b736e6e1099f8c413,0x00000000000000000000000078a6fbcfc0c2dab6efe555dabb91df31d9111e26,0x0000000000000000000000001f7d7550b1b028f7571e69a784071f0205fd2efa,0x33ec261bd02d97a9b5de3845b3feb33ebf63df7960198ae5d8b6b72310f0f6b9
9859541,2026-07-14 21:39:01.000 UTC,0x0000000000000000000000000bd7d308f8e1639fab988df18a8011f41eacad730000000000000000000000008375d8ab43add97ac78b8055da97cca8c716cc2200000000000000000000000000000000000000000000000000000000000000000000000000000000000000000000000000000000000000000000000000000000000000000000000000000000000000000000000000000000000000000001e22c0000000000000000000000000000000000000000000000000000000001859e210000000000000000000000000000000000000000000000000000000000000000,0x000000000000000000000000277ef13d70695a93df28c86c1bf8eef1d5e06995,0x000000000000000000000000b08259380ae6c81abac8462c19fa4d2b55f64047,0x0000000000000000000000001f7d7550b1b028f7571e69a784071f0205fd2efa,0x3f0152abb9cddf3248f9b0721d64f6b5b0385f7cfc91cd9ecc017b11127784d8
9860175,2026-07-14 21:40:04.000 UTC,0x0000000000000000000000000bd7d308f8e1639fab988df18a8011f41eacad7300000000000000000000000000b8c5c1275b00dbad2cd9ae5bc76c0fb02f280400000000000000000000000000000000000000000000000000000000000000000000000000000000000000000000000000000000000000000000000000000000000000000000000000000000000000000000000000000000000000000001e2390000000000000000000000000000000000000000000000000000000001859e250000000000000000000000000000000000000000000000000000000000000000,0x0000000000000000000000005d86691d883f8962d38fd62136fb761ad3a629ea,0x000000000000000000000000a6418a8ab79146b659865bede3912423ac52e0df,0x0000000000000000000000001f7d7550b1b028f7571e69a784071f0205fd2efa,0x6c4d78b1af81049f1859c617573c7997f2269cdee87ee05b1711d5358ac3411d
9860395,2026-07-14 21:40:26.000 UTC,0x0000000000000000000000000bd7d308f8e1639fab988df18a8011f41eacad730000000000000000000000005fc74b1176fe3f3fd2e0c19031edf9c971b2b6d600000000000000000000000000000000000000000000000000000000000000000000000000000000000000000000000000000000000000000000000000000000000000000000000000000000000000000000000000000000000000000001e23c0000000000000000000000000000000000000000000000000000000001859e28000000000000000000000000000000000000000000000000000110d9316ec000,0x000000000000000000000000f1dfc569cd36698de844002c5ba3e672f93be4a3,0x000000000000000000000000fce86e6a615b40a620b1a666ff4b866cd273c476,0x0000000000000000000000001f7d7550b1b028f7571e69a784071f0205fd2efa,0xc5ffdf4dfc910f794c407da1fefacb8f433077c102184485b19913446250a3db
9860446,2026-07-14 21:40:31.000 UTC,0x0000000000000000000000000bd7d308f8e1639fab988df18a8011f41eacad73000000000000000000000000f9461bd5de782689c6c9dd82fb69a2b14e8faf5a00000000000000000000000000000000000000000000000000000000000000000000000000000000000000000000000000000000000000000000000000000000000000000000000000000000000000000000000000000000000000000001e23e0000000000000000000000000000000000000000000000000000000001859e280000000000000000000000000000000000000000000000000000000000000000,0x000000000000000000000000951b2b547b49729a5e17af8ec78205d4e6df794e,0x000000000000000000000000b6e60e418e198aad0360be847863e0477420239a,0x0000000000000000000000001f7d7550b1b028f7571e69a784071f0205fd2efa,0xd389588a388d0a00425c5b8b22d48ae6900210c7edfc9c85ba392ce497c2cb31
9860456,2026-07-14 21:40:32.000 UTC,0x0000000000000000000000000bd7d308f8e1639fab988df18a8011f41eacad73000000000000000000000000e5acec3d71499120cf610efd7eeaddb4da165f1000000000000000000000000000000000000000000000000000000000000000000000000000000000000000000000000000000000000000000000000000000000000000000000000000000000000000000000000000000000000000000001e23f0000000000000000000000000000000000000000000000000000000001859e280000000000000000000000000000000000000000000000000000000000000000,0x0000000000000000000000003ad26a083f2a6f0bd742ac91954abf28e85a0dd0,0x0000000000000000000000009b1513dfdfc023fa6e576b130066ec05b6f1bfa1,0x0000000000000000000000001f7d7550b1b028f7571e69a784071f0205fd2efa,0x1420703d0b79a462fdce46b491602120a90d11bbffcb5a15047745e089c372da
9861021,2026-07-14 21:41:29.000 UTC,0x0000000000000000000000000bd7d308f8e1639fab988df18a8011f41eacad73000000000000000000000000735c23de01bf36e50803b7a868cae38db529cace00000000000000000000000000000000000000000000000000000000000000000000000000000000000000000000000000000000000000000000000000000000000000000000000000000000000000000000000000000000000000000001e2470000000000000000000000000000000000000000000000000000000001859e2d000000000000000000000000000000000000000000000000000f163ba05d2400,0x0000000000000000000000003108056a57198fb067dc08ab82c04de7adb3775f,0x000000000000000000000000803ef4352fd0ca9ebbf78d50c81da36121f1e0e3,0x0000000000000000000000001f7d7550b1b028f7571e69a784071f0205fd2efa,0x89ffbb3d40afce4e6f3a3135d39a6d10d43948e72c704b99d84563dee1e77b9a
9861053,2026-07-14 21:41:33.000 UTC,0x0000000000000000000000000bd7d308f8e1639fab988df18a8011f41eacad73000000000000000000000000a6a0d96382212f4ff4ded867c76864673a6b80e100000000000000000000000000000000000000000000000000000000000000000000000000000000000000000000000000000000000000000000000000000000000000000000000000000000000000000000000000000000000000000001e2490000000000000000000000000000000000000000000000000000000001859e2d0000000000000000000000000000000000000000000000000000000000000000,0x000000000000000000000000b74d6533970a8bf1411baf411052a577be2038a9,0x0000000000000000000000002e6bcb24cc531947e96efc45623f0f067c0c3744,0x0000000000000000000000001f7d7550b1b028f7571e69a784071f0205fd2efa,0x7f034c808c15a9aa51a8c7e9bd818ebc7def50adb0e527ef39f191d6ff10be97
9861273,2026-07-14 21:41:55.000 UTC,0x0000000000000000000000000bd7d308f8e1639fab988df18a8011f41eacad7300000000000000000000000053c7a4ec5c817fe3856db8253b0122b20578da3a00000000000000000000000000000000000000000000000000000000000000000000000000000000000000000000000000000000000000000000000000000000000000000000000000000000000000000000000000000000000000000001e24d0000000000000000000000000000000000000000000000000000000001859e2f000000000000000000000000000000000000000000000000006053442a7dec00,0x000000000000000000000000ef0318d21c1fb6f2231f1ef43706b62e5b06332b,0x0000000000000000000000000e8f464c21fa38df5b24a1c29000ab66b053587a,0x0000000000000000000000001f7d7550b1b028f7571e69a784071f0205fd2efa,0x8e61b17d2eaeffabad657ccb815539ce3adbd7724a5e2f9e265b2fd841fbeba7
9861468,2026-07-14 21:42:14.000 UTC,0x0000000000000000000000000bd7d308f8e1639fab988df18a8011f41eacad730000000000000000000000001d626490227e885bae19d74ed8bb73479b9e6fd400000000000000000000000000000000000000000000000000000000000000000000000000000000000000000000000000000000000000000000000000000000000000000000000000000000000000000000000000000000000000000001e2570000000000000000000000000000000000000000000000000000000001859e310000000000000000000000000000000000000000000000000000000000000000,0x0000000000000000000000006af45e32eab33a5e83e12ad610f2ef426039058a,0x0000000000000000000000009b1513dfdfc023fa6e576b130066ec05b6f1bfa1,0x0000000000000000000000001f7d7550b1b028f7571e69a784071f0205fd2efa,0x628681c94365fb6c0af7c5d8b590a38952218573cec1578f87ef1293bcbb2117
9861466,2026-07-14 21:42:14.000 UTC,0x0000000000000000000000000bd7d308f8e1639fab988df18a8011f41eacad7300000000000000000000000019bdeab3297cfd01ce495a0550610c8eb91f314300000000000000000000000000000000000000000000000000000000000000000000000000000000000000000000000000000000000000000000000000000000000000000000000000000000000000000000000000000000000000000001e2560000000000000000000000000000000000000000000000000000000001859e31000000000000000000000000000000000000000000000000006053442a7dec00,0x000000000000000000000000edeff466e91863a3eae8504e8314d5734198f38c,0x00000000000000000000000023a3ef68b8f3ca4b65e93a5beba1feca1847f05c,0x0000000000000000000000001f7d7550b1b028f7571e69a784071f0205fd2efa,0x52109fccfa184908bfaf365cd3b42801d617ead97259d72c0c61cea7d47d884d
9861491,2026-07-14 21:42:17.000 UTC,0x0000000000000000000000000bd7d308f8e1639fab988df18a8011f41eacad7300000000000000000000000086e728ef076126b162f5506ad83ecff9f134c61200000000000000000000000000000000000000000000000000000000000000000000000000000000000000000000000000000000000000000000000000000000000000000000000000000000000000000000000000000000000000000001e2600000000000000000000000000000000000000000000000000000000001859e310000000000000000000000000000000000000000000000000058d15e17628000,0x00000000000000000000000095f29560788f72b12079953cbd615578f2fc565e,0x000000000000000000000000db8f07eccae007fe5d204a2190c21bf9f011e125,0x0000000000000000000000001f7d7550b1b028f7571e69a784071f0205fd2efa,0xf62c17d6e2a55a68ab830af34c36422cde0ea2aff7218c48403bd5ec3abdd4d5
9861573,2026-07-14 21:42:25.000 UTC,0x0000000000000000000000000bd7d308f8e1639fab988df18a8011f41eacad730000000000000000000000001e48ddb849c4608f5fca6770db6e701f8d6d5c0f00000000000000000000000000000000000000000000000000000000000000000000000000000000000000000000000000000000000000000000000000000000000000000000000000000000000000000000000000000000000000000001e2610000000000000000000000000000000000000000000000000000000001859e32000000000000000000000000000000000000000000000000006053442a7dec00,0x0000000000000000000000002af04339f14f17eded10d49e8fb08e354017dab2,0x0000000000000000000000001d0512356ab65bc5f0d60c730e7b369c958fa693,0x0000000000000000000000001f7d7550b1b028f7571e69a784071f0205fd2efa,0x218d9de14e19d360599ddbe35176dc326e303a839604a8365cd7a9406a17fa03
9862008,2026-07-14 21:43:07.000 UTC,0x0000000000000000000000000bd7d308f8e1639fab988df18a8011f41eacad730000000000000000000000000d10cdc92a608997b86b034abb80de0c0b2f9ca500000000000000000000000000000000000000000000000000000000000000000000000000000000000000000000000000000000000000000000000000000000000000000000000000000000000000000000000000000000000000000001e2720000000000000000000000000000000000000000000000000000000001859e3600000000000000000000000000000000000000000000000000005af3107a4000,0x000000000000000000000000317de8a6fd6562343bf218d28cf1fb143321278f,0x000000000000000000000000fce86e6a615b40a620b1a666ff4b866cd273c476,0x0000000000000000000000001f7d7550b1b028f7571e69a784071f0205fd2efa,0xdbd4f3674a857f3f18b6c5d66a8499d6ed3c9bea176f274c016e5f6aba9b91d5
9862203,2026-07-14 21:43:27.000 UTC,0x0000000000000000000000000bd7d308f8e1639fab988df18a8011f41eacad73000000000000000000000000ea26bc365c9edc6ce68c0beb2848c03a5b96e73f00000000000000000000000000000000000000000000000000000000000000000000000000000000000000000000000000000000000000000000000000000000000000000000000000000000000000000000000000000000000000000001e2780000000000000000000000000000000000000000000000000000000001859e370000000000000000000000000000000000000000000000000000000000000000,0x000000000000000000000000cbb68af1a799942fbe76a17ed91dbea82135afd8,0x0000000000000000000000009b1513dfdfc023fa6e576b130066ec05b6f1bfa1,0x0000000000000000000000001f7d7550b1b028f7571e69a784071f0205fd2efa,0xedce4ce45f2aad7f7129676c2ea25ec5f418bae1ab9a3c61a0693ecb30570e07
9862511,2026-07-14 21:43:58.000 UTC,0x0000000000000000000000000bd7d308f8e1639fab988df18a8011f41eacad730000000000000000000000009e5429f7ade332f6f047918f51413e2b4a9c181700000000000000000000000000000000000000000000000000000000000000000000000000000000000000000000000000000000000000000000000000000000000000000000000000000000000000000000000000000000000000000001e2800000000000000000000000000000000000000000000000000000000001859e39000000000000000000000000000000000000000000000000006053442a7dec00,0x0000000000000000000000005e8724816b76fbe04078a6e04435b7f5ad4ced0d,0x000000000000000000000000d2a4b853acd14e64c4158fbaabbb78f388119219,0x0000000000000000000000001f7d7550b1b028f7571e69a784071f0205fd2efa,0x89ad69c8b6530e95044eb88a148c34d6a59aeceddc97a7deb4188e29b57723b9
9862616,2026-07-14 21:44:08.000 UTC,0x0000000000000000000000000bd7d308f8e1639fab988df18a8011f41eacad73000000000000000000000000bf6f7a67c8a0cb1c3991dd3c10dd694e270d750e00000000000000000000000000000000000000000000000000000000000000000000000000000000000000000000000000000000000000000000000000000000000000000000000000000000000000000000000000000000000000000001e2890000000000000000000000000000000000000000000000000000000001859e3b0000000000000000000000000000000000000000000000000000000000000000,0x00000000000000000000000034025e67c67ff2e65cea0debab822f535d32a328,0x0000000000000000000000009b1513dfdfc023fa6e576b130066ec05b6f1bfa1,0x0000000000000000000000001f7d7550b1b028f7571e69a784071f0205fd2efa,0xa83dd62095668b4ebbabc4ff7e2efba43a9fa083f7e6701b7bbeaaabfa968aab
9863807,2026-07-14 21:46:08.000 UTC,0x0000000000000000000000000bd7d308f8e1639fab988df18a8011f41eacad73000000000000000000000000b3652f213c70dabd13e2bf2c8525897d48127faf00000000000000000000000000000000000000000000000000000000000000000000000000000000000000000000000000000000000000000000000000000000000000000000000000000000000000000000000000000000000000000001e2a40000000000000000000000000000000000000000000000000000000001859e450000000000000000000000000000000000000000000000000000000000000000,0x0000000000000000000000006fb651cbf786658e50c2ec5b0b97166134d90f7d,0x0000000000000000000000009b1513dfdfc023fa6e576b130066ec05b6f1bfa1,0x0000000000000000000000001f7d7550b1b028f7571e69a784071f0205fd2efa,0x75d219fba8e32ef5e737c0be395334b5808d1b40bc58cab400cc61274e5e2def
9864269,2026-07-14 21:46:54.000 UTC,0x0000000000000000000000000bd7d308f8e1639fab988df18a8011f41eacad73000000000000000000000000004f9a75998dd415c205c7a175cbf4769c121a7e00000000000000000000000000000000000000000000000000000000000000000000000000000000000000000000000000000000000000000000000000000000000000000000000000000000000000000000000000000000000000000001e2be0000000000000000000000000000000000000000000000000000000001859e480000000000000000000000000000000000000000000000000000000000000000,0x000000000000000000000000d766e7a51a4f894d706f3b363e11471a7330d6af,0x0000000000000000000000002e6bcb24cc531947e96efc45623f0f067c0c3744,0x0000000000000000000000001f7d7550b1b028f7571e69a784071f0205fd2efa,0x0f2a45b802085d0d7d8dc989a7e3a1bdc53828540e1bb3413b05393418044cb5
9865195,2026-07-14 21:48:28.000 UTC,0x0000000000000000000000000bd7d308f8e1639fab988df18a8011f41eacad73000000000000000000000000e52fd7c9d63f7e66af337b162d3f5e6ab525dee200000000000000000000000000000000000000000000000000000000000000000000000000000000000000000000000000000000000000000000000000000000000000000000000000000000000000000000000000000000000000000001e2ca0000000000000000000000000000000000000000000000000000000001859e50000000000000000000000000000000000000000000000000006053442a7dec00,0x0000000000000000000000000bba48f3cc8f64c14a16f0df0a6681e9868c88c9,0x0000000000000000000000008690bd20c160baa1556711e8f3e1b307e88987b9,0x0000000000000000000000001f7d7550b1b028f7571e69a784071f0205fd2efa,0xbeee2bf1cd2b1b0b3820288abedb21fec88ede905ba3f7dac6747b4fc1a006b4
9865216,2026-07-14 21:48:30.000 UTC,0x0000000000000000000000000bd7d308f8e1639fab988df18a8011f41eacad73000000000000000000000000ca50a59a9023a348ca5bd2ed530bed6088e0326d00000000000000000000000000000000000000000000000000000000000000000000000000000000000000000000000000000000000000000000000000000000000000000000000000000000000000000000000000000000000000000001e2cb0000000000000000000000000000000000000000000000000000000001859e50000000000000000000000000000000000000000000000000006053442a7dec00,0x00000000000000000000000036e0a8939787342d34b2b8b6cc1597b3b2703d21,0x0000000000000000000000000886ad33ac26e86e2b7532583a5c1366acacb3c7,0x0000000000000000000000001f7d7550b1b028f7571e69a784071f0205fd2efa,0x16728d35023da9805dca83a7bc2c5113fc37dee92e39f14255f2b8d936d5a3e7
9865565,2026-07-14 21:49:05.000 UTC,0x0000000000000000000000000bd7d308f8e1639fab988df18a8011f41eacad7300000000000000000000000087d41136c958d0441ff78491a4dd6f00cf74f44e00000000000000000000000000000000000000000000000000000000000000000000000000000000000000000000000000000000000000000000000000000000000000000000000000000000000000000000000000000000000000000001e2e10000000000000000000000000000000000000000000000000000000001859e530000000000000000000000000000000000000000000000000011c37937e08000,0x0000000000000000000000007209a6f203952865d79e095754a1766d1062b827,0x000000000000000000000000c45f8476e5f7ab7574a2c12d468f41540e53fdab,0x0000000000000000000000001f7d7550b1b028f7571e69a784071f0205fd2efa,0xffe5ab0d9cc21d541ab607aa1bea389016836ccd4dde1b2255033faeb291ee9f
9866280,2026-07-14 21:50:15.000 UTC,0x0000000000000000000000000bd7d308f8e1639fab988df18a8011f41eacad73000000000000000000000000cbfcbdef848b1a3797a6efb6e2f64113c8ac192500000000000000000000000000000000000000000000000000000000000000000000000000000000000000000000000000000000000000000000000000000000000000000000000000000000000000000000000000000000000000000001e2ec0000000000000000000000000000000000000000000000000000000001859e5900000000000000000000000000000000000000000000000000354a6ba7a18000,0x00000000000000000000000091295a07187655bedd84cc84fe5dfe0783b681db,0x000000000000000000000000d3066001840d9324e1b39cbfbe106174ad00bd31,0x0000000000000000000000001f7d7550b1b028f7571e69a784071f0205fd2efa,0x530dba28b69f7afc51c64ede1acba1b7793b97b1645b7e1de5e4e23b26196c10
9866523,2026-07-14 21:50:40.000 UTC,0x0000000000000000000000000bd7d308f8e1639fab988df18a8011f41eacad73000000000000000000000000625d2c91b066a283aa440beeab469bf4a1c4fcc400000000000000000000000000000000000000000000000000000000000000000000000000000000000000000000000000000000000000000000000000000000000000000000000000000000000000000000000000000000000000000001e2f20000000000000000000000000000000000000000000000000000000001859e5b00000000000000000000000000000000000000000000000000470de4df820000,0x000000000000000000000000ee305e207031ef689c5edf6b2c4c497ba2dd32b7,0x000000000000000000000000c271a0acecee8a14f9b369ef9ddb53d67d0db006,0x0000000000000000000000001f7d7550b1b028f7571e69a784071f0205fd2efa,0x1990174f887a3cc5d55017db87f731252a6b138855f30908a67bcb0e1d1c64ec
9866523,2026-07-14 21:50:40.000 UTC,0x0000000000000000000000000bd7d308f8e1639fab988df18a8011f41eacad73000000000000000000000000838e3c11b5681d58420d1ebfbb88752ca2feb02500000000000000000000000000000000000000000000000000000000000000000000000000000000000000000000000000000000000000000000000000000000000000000000000000000000000000000000000000000000000000000001e2f10000000000000000000000000000000000000000000000000000000001859e5b0000000000000000000000000000000000000000000000000011c37937e08000,0x000000000000000000000000cc8b0af3c0b000e9ef40c6507f99de98d45f4d0d,0x0000000000000000000000008b775cb44d2021990c75c528a811692151899445,0x0000000000000000000000001f7d7550b1b028f7571e69a784071f0205fd2efa,0x63e5506e2fb9cb3373235f424b2346941cfaf8b64a431b833c8624d0e74916a0
9866699,2026-07-14 21:50:57.000 UTC,0x0000000000000000000000000bd7d308f8e1639fab988df18a8011f41eacad73000000000000000000000000432b47948daac093d597e9d450b8a4111223fb7800000000000000000000000000000000000000000000000000000000000000000000000000000000000000000000000000000000000000000000000000000000000000000000000000000000000000000000000000000000000000000001e2f60000000000000000000000000000000000000000000000000000000001859e5d0000000000000000000000000000000000000000000000000000000000000000,0x00000000000000000000000005c28b41779974a5850e8703b73ff637f971140e,0x0000000000000000000000002e6bcb24cc531947e96efc45623f0f067c0c3744,0x0000000000000000000000001f7d7550b1b028f7571e69a784071f0205fd2efa,0x4031197cc243e0690d6f1e552f99ad9ca9f894776fb22283e8e24685cf3c6d58
9866997,2026-07-14 21:51:27.000 UTC,0x0000000000000000000000000bd7d308f8e1639fab988df18a8011f41eacad730000000000000000000000005c3af3db720d2c6b0fd99f1f2e77566738404a6c00000000000000000000000000000000000000000000000000000000000000000000000000000000000000000000000000000000000000000000000000000000000000000000000000000000000000000000000000000000000000000001e2f90000000000000000000000000000000000000000000000000000000001859e5f000000000000000000000000000000000000000000000000001550f7dca70000,0x000000000000000000000000ea9d11795e0da1978bee59942017b5cb66b9c68a,0x0000000000000000000000002e5dd04b5a7cf6f630b7627ff8aa44e92b07835c,0x0000000000000000000000001f7d7550b1b028f7571e69a784071f0205fd2efa,0x19aa1f6a92e9e2d931f810a3eb99acb275022db697764cf37095fd0b13603143
9867008,2026-07-14 21:51:28.000 UTC,0x0000000000000000000000000bd7d308f8e1639fab988df18a8011f41eacad73000000000000000000000000a02a29aaa0863e1cb10e80d907e89b20c6187ce400000000000000000000000000000000000000000000000000000000000000000000000000000000000000000000000000000000000000000000000000000000000000000000000000000000000000000000000000000000000000000001e2fa0000000000000000000000000000000000000000000000000000000001859e5f0000000000000000000000000000000000000000000000000000000000000000,0x000000000000000000000000026c201dc2964149c0224d163b034cf5ba7abf1e,0x0000000000000000000000004a0cb7eef4b4dc31c75eac705e03463cfc3c5cb2,0x0000000000000000000000001f7d7550b1b028f7571e69a784071f0205fd2efa,0x70688705326a2ffc945d8b86bbf4386fed6e80b05cb5dc988aace972283a73de
9867152,2026-07-14 21:51:43.000 UTC,0x0000000000000000000000000bd7d308f8e1639fab988df18a8011f41eacad73000000000000000000000000b6db9fd6fce6b62bd4bb5ff1b960750db8a1711200000000000000000000000000000000000000000000000000000000000000000000000000000000000000000000000000000000000000000000000000000000000000000000000000000000000000000000000000000000000000000001e2ff0000000000000000000000000000000000000000000000000000000001859e600000000000000000000000000000000000000000000000000058d15e17628000,0x000000000000000000000000eaa25ac17cdcf4fbe30fc26be3ce83f27dc8fbcc,0x000000000000000000000000602bfa1ee7acce59692643c5422b4bf34498166f,0x0000000000000000000000001f7d7550b1b028f7571e69a784071f0205fd2efa,0x466a6d1cae3fa14aecc89b9a7ec293a5b4b99434185002d3f8406f1d6371ec98
9867360,2026-07-14 21:52:04.000 UTC,0x0000000000000000000000000bd7d308f8e1639fab988df18a8011f41eacad73000000000000000000000000ed1cd618458020b6c5df5fcf0f398a79430edff200000000000000000000000000000000000000000000000000000000000000000000000000000000000000000000000000000000000000000000000000000000000000000000000000000000000000000000000000000000000000000001e3040000000000000000000000000000000000000000000000000000000001859e62000000000000000000000000000000000000000000000000006053442a7dec00,0x00000000000000000000000002c72e362f7175aab3e7d2d33b2dd2382d5a827a,0x0000000000000000000000000886ad33ac26e86e2b7532583a5c1366acacb3c7,0x0000000000000000000000001f7d7550b1b028f7571e69a784071f0205fd2efa,0xf1779d5b77329838fe0c95fe4a1a437a2d3076a6496f3c94d2e278893075cf10
9867902,2026-07-14 21:52:58.000 UTC,0x0000000000000000000000000bd7d308f8e1639fab988df18a8011f41eacad73000000000000000000000000b0964051a9efad50d1297b1e708d72888174f5b300000000000000000000000000000000000000000000000000000000000000000000000000000000000000000000000000000000000000000000000000000000000000000000000000000000000000000000000000000000000000000001e30d0000000000000000000000000000000000000000000000000000000001859e670000000000000000000000000000000000000000000000000000000000000000,0x00000000000000000000000036f3040dc3b818fd97a5260058e6cb945722a644,0x000000000000000000000000d50a1cfefe23c1b13c1174ef9f677e8c78385619,0x0000000000000000000000001f7d7550b1b028f7571e69a784071f0205fd2efa,0xa6acee17aea3ec68f0ebc151782b2868bf131790c50975f41c097afe7e243705
9867907,2026-07-14 21:52:59.000 UTC,0x0000000000000000000000000bd7d308f8e1639fab988df18a8011f41eacad73000000000000000000000000a7c21b3210f05979259249ceb04748d7fc24970a00000000000000000000000000000000000000000000000000000000000000000000000000000000000000000000000000000000000000000000000000000000000000000000000000000000000000000000000000000000000000000001e30e0000000000000000000000000000000000000000000000000000000001859e6700000000000000000000000000000000000000000000000000470de4df820000,0x00000000000000000000000024902de7382b0299130f15a679e59407baca1427,0x000000000000000000000000cf97994ebf3fd268f9e63353fc82a82af5885667,0x0000000000000000000000001f7d7550b1b028f7571e69a784071f0205fd2efa,0xaa187f9599597861e3425ef3b18a0b1c247d6d4ea58dfa8770f108048838cea7
9867967,2026-07-14 21:53:05.000 UTC,0x0000000000000000000000000bd7d308f8e1639fab988df18a8011f41eacad730000000000000000000000004f4baa1931b0767b4a481bba2d4530bcd3a4e00500000000000000000000000000000000000000000000000000000000000000000000000000000000000000000000000000000000000000000000000000000000000000000000000000000000000000000000000000000000000000000001e3100000000000000000000000000000000000000000000000000000000001859e67000000000000000000000000000000000000000000000000006053442a7dec00,0x000000000000000000000000117b06db56c772158cabb1d69e8a97af18cd317f,0x0000000000000000000000008fdf284ef410dd9e28d941abf5750c3926dccd44,0x0000000000000000000000001f7d7550b1b028f7571e69a784071f0205fd2efa,0x5a843d1fac6aef0b5c48e05c5b8dbb6484085e0cecb4519275e8078613da425d
9868174,2026-07-14 21:53:26.000 UTC,0x0000000000000000000000000bd7d308f8e1639fab988df18a8011f41eacad73000000000000000000000000e87bc675ad3d597c82858301cfcdae1dc613c75a00000000000000000000000000000000000000000000000000000000000000000000000000000000000000000000000000000000000000000000000000000000000000000000000000000000000000000000000000000000000000000001e3130000000000000000000000000000000000000000000000000000000001859e69000000000000000000000000000000000000000000000000006053442a7dec00,0x000000000000000000000000c9e7c34fa156a235e8b8601171a543bc9c84a1b9,0x0000000000000000000000008f119ad8916acef965d6c41fa2414a5db36535a4,0x0000000000000000000000001f7d7550b1b028f7571e69a784071f0205fd2efa,0x48a80ea3f70c47a96384be5d2ad1f29f6dfaa72f76949c955d473b93c232b7e0
9868316,2026-07-14 21:53:40.000 UTC,0x0000000000000000000000000bd7d308f8e1639fab988df18a8011f41eacad73000000000000000000000000479d771ef4fe5c10f44ad58813f4ca5019c79b0700000000000000000000000000000000000000000000000000000000000000000000000000000000000000000000000000000000000000000000000000000000000000000000000000000000000000000000000000000000000000000001e3170000000000000000000000000000000000000000000000000000000001859e6a000000000000000000000000000000000000000000000000005fec5b60ef8000,0x0000000000000000000000002c42d22399c888e4b2f37979930b63933f5dab2a,0x0000000000000000000000004199e2dbf2250f29072d5426823def25a8a4e0b0,0x0000000000000000000000001f7d7550b1b028f7571e69a784071f0205fd2efa,0x56dbf4bdbd68c798505c8588fccc4bd4334dd884e4743b1c6c4720b6148809b4
9868446,2026-07-14 21:53:53.000 UTC,0x0000000000000000000000000bd7d308f8e1639fab988df18a8011f41eacad73000000000000000000000000aedd7b8ce1e3e6db2d1f617532f7e60e3282b0c900000000000000000000000000000000000000000000000000000000000000000000000000000000000000000000000000000000000000000000000000000000000000000000000000000000000000000000000000000000000000000001e3190000000000000000000000000000000000000000000000000000000001859e6c000000000000000000000000000000000000000000000000005fec5b60ef8000,0x000000000000000000000000a2575f81153da4928db95150e10d703e0c312688,0x00000000000000000000000041f1385fff61e2ed6501587ce623fe2f48d0d853,0x0000000000000000000000001f7d7550b1b028f7571e69a784071f0205fd2efa,0xf445311926ca159f9e6f2cedb5c58238404fafbe51639c81d90b984f008f4191
9868446,2026-07-14 21:53:53.000 UTC,0x0000000000000000000000000bd7d308f8e1639fab988df18a8011f41eacad730000000000000000000000001b54e6b4b69ccd835b71633ca239a5ea7f9d518500000000000000000000000000000000000000000000000000000000000000000000000000000000000000000000000000000000000000000000000000000000000000000000000000000000000000000000000000000000000000000001e31a0000000000000000000000000000000000000000000000000000000001859e6c0000000000000000000000000000000000000000000000000000000000000000,0x000000000000000000000000d9667d031560699dc761af803ca2e20c62d3ec9d,0x0000000000000000000000002e6bcb24cc531947e96efc45623f0f067c0c3744,0x0000000000000000000000001f7d7550b1b028f7571e69a784071f0205fd2efa,0x70538ca7951a9bf41deb763dd3bb86f0859b03236b5396f71144b694cba1c9c7
9869075,2026-07-14 21:54:56.000 UTC,0x0000000000000000000000000bd7d308f8e1639fab988df18a8011f41eacad73000000000000000000000000797abf37c4bf606dc554d65042fdc421a8409f1300000000000000000000000000000000000000000000000000000000000000000000000000000000000000000000000000000000000000000000000000000000000000000000000000000000000000000000000000000000000000000001e3200000000000000000000000000000000000000000000000000000000001859e710000000000000000000000000000000000000000000000000060474e7169c000,0x00000000000000000000000062eaa46b9d13d743174b0c8433619c15c3180e62,0x000000000000000000000000bc0f93565b6269efc478b91be3bbbcae1dc50773,0x0000000000000000000000001f7d7550b1b028f7571e69a784071f0205fd2efa,0x2635c5965f450218de328b38d3666b8f8d449ac64ca26954b3602e6d549f99a9
9869221,2026-07-14 21:55:11.000 UTC,0x0000000000000000000000000bd7d308f8e1639fab988df18a8011f41eacad73000000000000000000000000a603bad8e9e9f9bec862c33f3f141d5252a0159900000000000000000000000000000000000000000000000000000000000000000000000000000000000000000000000000000000000000000000000000000000000000000000000000000000000000000000000000000000000000000001e3210000000000000000000000000000000000000000000000000000000001859e72000000000000000000000000000000000000000000000000006053442a7dec00,0x000000000000000000000000f43fe72e5b341f25187dbfc1f1707f026afd7834,0x000000000000000000000000d9066feadc38eeee4e70bbea47ec649847a51b80,0x0000000000000000000000001f7d7550b1b028f7571e69a784071f0205fd2efa,0x1a301d630e87999dffd4df004cda4c477ca8e1a328e9665ea4f93ddf417467e7
9869333,2026-07-14 21:55:22.000 UTC,0x0000000000000000000000000bd7d308f8e1639fab988df18a8011f41eacad73000000000000000000000000d129d960782a0ace883f73f66e718eb9be512fd300000000000000000000000000000000000000000000000000000000000000000000000000000000000000000000000000000000000000000000000000000000000000000000000000000000000000000000000000000000000000000001e3240000000000000000000000000000000000000000000000000000000001859e730000000000000000000000000000000000000000000000000000000000000000,0x000000000000000000000000286281f912aa36bcea5039d44486c10d2a9c707e,0x0000000000000000000000002e6bcb24cc531947e96efc45623f0f067c0c3744,0x0000000000000000000000001f7d7550b1b028f7571e69a784071f0205fd2efa,0xc1183a3cc620859b9ff4719c0502c7cc3fed468ca6ee706bbf169967db526064
9869381,2026-07-14 21:55:27.000 UTC,0x0000000000000000000000000bd7d308f8e1639fab988df18a8011f41eacad73000000000000000000000000ff9a28d711ae70905e2648e0e73885af0faa0d9600000000000000000000000000000000000000000000000000000000000000000000000000000000000000000000000000000000000000000000000000000000000000000000000000000000000000000000000000000000000000000001e3260000000000000000000000000000000000000000000000000000000001859e73000000000000000000000000000000000000000000000000006053442a7dec00,0x000000000000000000000000646fb95b54915d24f6914ba79e24c8ff8d2956ae,0x0000000000000000000000007b76feecab353a68bf59e56558c6e3aef1517363,0x0000000000000000000000001f7d7550b1b028f7571e69a784071f0205fd2efa,0x940d05e84f550127ea5637818806d8002242d74f91104043183376fdd18b0827
9869484,2026-07-14 21:55:37.000 UTC,0x0000000000000000000000000bd7d308f8e1639fab988df18a8011f41eacad73000000000000000000000000b6e2d72cd975d258d379cc7a1ffb1ff1b6fa50a600000000000000000000000000000000000000000000000000000000000000000000000000000000000000000000000000000000000000000000000000000000000000000000000000000000000000000000000000000000000000000001e3280000000000000000000000000000000000000000000000000000000001859e740000000000000000000000000000000000000000000000000000000000000000,0x000000000000000000000000dfd6cbdb006051e925a24bd95f0f87dcbd10ce0d,0x000000000000000000000000d50a1cfefe23c1b13c1174ef9f677e8c78385619,0x0000000000000000000000001f7d7550b1b028f7571e69a784071f0205fd2efa,0x09e973eec299de68a8291435928f116ec0ff3876c2bad01a0a473cb22d2e1eda
9869759,2026-07-14 21:56:03.000 UTC,0x0000000000000000000000000bd7d308f8e1639fab988df18a8011f41eacad73000000000000000000000000015fe38df42f0b6f0b279dfb884bea66b2bf37e300000000000000000000000000000000000000000000000000000000000000000000000000000000000000000000000000000000000000000000000000000000000000000000000000000000000000000000000000000000000000000001e32b0000000000000000000000000000000000000000000000000000000001859e760000000000000000000000000000000000000000000000000000000000000000,0x000000000000000000000000780356efd1563cb0005fc2991f53a0021aae3476,0x000000000000000000000000d50a1cfefe23c1b13c1174ef9f677e8c78385619,0x0000000000000000000000001f7d7550b1b028f7571e69a784071f0205fd2efa,0xa194a9ec2c8477b9ccb814f6a3417a5112a1908c2684a9939743ae829d48b2f2
9869887,2026-07-14 21:56:16.000 UTC,0x0000000000000000000000000bd7d308f8e1639fab988df18a8011f41eacad730000000000000000000000001f922ad3f73acbc4de09e23d5de58ceab45bf5b800000000000000000000000000000000000000000000000000000000000000000000000000000000000000000000000000000000000000000000000000000000000000000000000000000000000000000000000000000000000000000001e32c0000000000000000000000000000000000000000000000000000000001859e770000000000000000000000000000000000000000000000000002e9c920b74000,0x000000000000000000000000ce7b9149094d44f6f50c80e6f1330176a6c19ae2,0x00000000000000000000000068d69e31a88e001c0cf8189878ba7795bd24e7c3,0x0000000000000000000000001f7d7550b1b028f7571e69a784071f0205fd2efa,0x8186e64cf983f2f65a630a47552e60c72b2d7eab6f4602b51b3fb87dcec6fb26
9869890,2026-07-14 21:56:17.000 UTC,0x0000000000000000000000000bd7d308f8e1639fab988df18a8011f41eacad73000000000000000000000000f6e25beeca48f606f5b726e8c18c579ce507701200000000000000000000000000000000000000000000000000000000000000000000000000000000000000000000000000000000000000000000000000000000000000000000000000000000000000000000000000000000000000000001e32d0000000000000000000000000000000000000000000000000000000001859e7700000000000000000000000000000000000000000000000000038d7ea4c68000,0x00000000000000000000000029863168f0569319302d0113a9b31794df3402e3,0x0000000000000000000000007bdefbd9717f5207712372d71ec3f798a40ada46,0x0000000000000000000000001f7d7550b1b028f7571e69a784071f0205fd2efa,0x1d030e708a31138c86e93238e444a174fb052d706a72f8eecc3d5b59b58a6f1e
9870201,2026-07-14 21:56:48.000 UTC,0x0000000000000000000000000bd7d308f8e1639fab988df18a8011f41eacad73000000000000000000000000ad8813588e84c454d3bec0a7b899ccd51b6cb77e00000000000000000000000000000000000000000000000000000000000000000000000000000000000000000000000000000000000000000000000000000000000000000000000000000000000000000000000000000000000000000001e3320000000000000000000000000000000000000000000000000000000001859e790000000000000000000000000000000000000000000000000000000000000000,0x000000000000000000000000ff7b8dfa24846cf67317ead5f27cac4d163aaf8a,0x0000000000000000000000002e6bcb24cc531947e96efc45623f0f067c0c3744,0x0000000000000000000000001f7d7550b1b028f7571e69a784071f0205fd2efa,0x793df11c52eeee25ba974c4bd70dcb875d80f6f198326556cf2b0bb3d075dd34
9870227,2026-07-14 21:56:51.000 UTC,0x0000000000000000000000000bd7d308f8e1639fab988df18a8011f41eacad73000000000000000000000000a8e708cd38d90a29635f3560d61c619bf6b4f9f000000000000000000000000000000000000000000000000000000000000000000000000000000000000000000000000000000000000000000000000000000000000000000000000000000000000000000000000000000000000000000001e3330000000000000000000000000000000000000000000000000000000001859e79000000000000000000000000000000000000000000000000006053442a7dec00,0x000000000000000000000000654305358c8e427ae574fbce355ba49b0d9be0df,0x00000000000000000000000041b2950ae1307e029f26ec7faf9cf1bd3c57fad6,0x0000000000000000000000001f7d7550b1b028f7571e69a784071f0205fd2efa,0xd850773c7cbc6be50b582f4de23f82ddab1d90c23d894076ab5dd5743361c36c
9870261,2026-07-14 21:56:54.000 UTC,0x0000000000000000000000000bd7d308f8e1639fab988df18a8011f41eacad730000000000000000000000009a12281d7c83f982b86eba6e1187555293a06b4000000000000000000000000000000000000000000000000000000000000000000000000000000000000000000000000000000000000000000000000000000000000000000000000000000000000000000000000000000000000000000001e3340000000000000000000000000000000000000000000000000000000001859e7a0000000000000000000000000000000000000000000000000000000000000000,0x0000000000000000000000002b1ceb0a6e596cddb056e1609f7987119ad24de7,0x0000000000000000000000009b1513dfdfc023fa6e576b130066ec05b6f1bfa1,0x0000000000000000000000001f7d7550b1b028f7571e69a784071f0205fd2efa,0x1b851cdb93175e99decbc4461a3d19d309fb29e9819162ee2e6888bbd2281dd9
9870813,2026-07-14 21:57:49.000 UTC,0x0000000000000000000000000bd7d308f8e1639fab988df18a8011f41eacad73000000000000000000000000130e85dab5b10b91fb42c6ecd1c3da0ba54c27db00000000000000000000000000000000000000000000000000000000000000000000000000000000000000000000000000000000000000000000000000000000000000000000000000000000000000000000000000000000000000000001e33f0000000000000000000000000000000000000000000000000000000001859e7e000000000000000000000000000000000000000000000000006053442a7dec00,0x00000000000000000000000021db499caa0f4508d23f3fdb2559a1bffae3e400,0x000000000000000000000000e3ec2b56279396d74e219eb741dff3d8d143b196,0x0000000000000000000000001f7d7550b1b028f7571e69a784071f0205fd2efa,0xdb8575904dfe5cbea9d21541048f1693a44e60629551d8068a009e98a828ebb7
9871616,2026-07-14 21:59:10.000 UTC,0x0000000000000000000000000bd7d308f8e1639fab988df18a8011f41eacad730000000000000000000000008d41d89e67846403250db20f1f1378f51ac5f1ec00000000000000000000000000000000000000000000000000000000000000000000000000000000000000000000000000000000000000000000000000000000000000000000000000000000000000000000000000000000000000000001e3450000000000000000000000000000000000000000000000000000000001859e86000000000000000000000000000000000000000000000000004e28e2290f0000,0x000000000000000000000000b9f1a854d6a511d4b03f4bb42ff00c1d4afc4748,0x00000000000000000000000041f1385fff61e2ed6501587ce623fe2f48d0d853,0x0000000000000000000000001f7d7550b1b028f7571e69a784071f0205fd2efa,0x038478975cf61c3a89125eb58a164c5fa054327c432d98f3f331d63bb3ba1e84
9871803,2026-07-14 21:59:29.000 UTC,0x0000000000000000000000000bd7d308f8e1639fab988df18a8011f41eacad730000000000000000000000005e87f12538875813baa94f70fa4113e71545e6c200000000000000000000000000000000000000000000000000000000000000000000000000000000000000000000000000000000000000000000000000000000000000000000000000000000000000000000000000000000000000000001e3490000000000000000000000000000000000000000000000000000000001859e870000000000000000000000000000000000000000000000000000000000000000,0x000000000000000000000000d26378d5cf2221658806c690d527fc6051dfd2ee,0x000000000000000000000000d50a1cfefe23c1b13c1174ef9f677e8c78385619,0x0000000000000000000000001f7d7550b1b028f7571e69a784071f0205fd2efa,0xec7016bb9310d6f9f2b9bd96614753436152602aff4e41149c9fc038096b4398
9872071,2026-07-14 21:59:56.000 UTC,0x0000000000000000000000000bd7d308f8e1639fab988df18a8011f41eacad730000000000000000000000003fc7f8b45e7d579f0db0c4267b8ccef08742bef300000000000000000000000000000000000000000000000000000000000000000000000000000000000000000000000000000000000000000000000000000000000000000000000000000000000000000000000000000000000000000001e34b0000000000000000000000000000000000000000000000000000000001859e8a0000000000000000000000000000000000000000000000000000000000000000,0x00000000000000000000000095a13864d69c5e75cf2923ae927f6b5b77d3d14d,0x000000000000000000000000747b37f88a3f1689522455249c8d3e85fa9f13d6,0x0000000000000000000000001f7d7550b1b028f7571e69a784071f0205fd2efa,0x1acaaf0ebe36ae90d111a59689489a5e27adccbb04973d59f51b7ed0be3b462d
9872233,2026-07-14 22:00:12.000 UTC,0x0000000000000000000000000bd7d308f8e1639fab988df18a8011f41eacad73000000000000000000000000f8e4682b923720af63625209fb15212436f4999500000000000000000000000000000000000000000000000000000000000000000000000000000000000000000000000000000000000000000000000000000000000000000000000000000000000000000000000000000000000000000001e34d0000000000000000000000000000000000000000000000000000000001859e8b000000000000000000000000000000000000000000000000000aa87bee538000,0x000000000000000000000000e50118244a50ce427f44938a6c6967a366d219dc,0x00000000000000000000000017739c012a9595938ca72a6228d39280372e8bfc,0x0000000000000000000000001f7d7550b1b028f7571e69a784071f0205fd2efa,0x0ffd287fcec47985c0543b8045452c240e03d7f5c2fdfb50a52d36dcfbacccf3
9872570,2026-07-14 22:00:46.000 UTC,0x0000000000000000000000000bd7d308f8e1639fab988df18a8011f41eacad730000000000000000000000000e5f14032975ef63f914e775e5d7d1fe330a805100000000000000000000000000000000000000000000000000000000000000000000000000000000000000000000000000000000000000000000000000000000000000000000000000000000000000000000000000000000000000000001e3510000000000000000000000000000000000000000000000000000000001859e8d00000000000000000000000000000000000000000000000000354a6ba7a18000,0x00000000000000000000000022b586ec71eee5bb576f979487f8fbb51a1e09ce,0x000000000000000000000000d3066001840d9324e1b39cbfbe106174ad00bd31,0x0000000000000000000000001f7d7550b1b028f7571e69a784071f0205fd2efa,0x69edf89c6724cef2b5014e5d45afca6092871bdcf7c3ffeca90b643d8ea6d6b6
9872592,2026-07-14 22:00:48.000 UTC,0x0000000000000000000000000bd7d308f8e1639fab988df18a8011f41eacad73000000000000000000000000ab83157381f4f6f0d4f01fa6ddbecb113d9fa85600000000000000000000000000000000000000000000000000000000000000000000000000000000000000000000000000000000000000000000000000000000000000000000000000000000000000000000000000000000000000000001e3520000000000000000000000000000000000000000000000000000000001859e8d000000000000000000000000000000000000000000000000006053442a7dec00,0x0000000000000000000000007f8c3a0f54d598fdeb4fee2d9e1d552040865471,0x0000000000000000000000000886ad33ac26e86e2b7532583a5c1366acacb3c7,0x0000000000000000000000001f7d7550b1b028f7571e69a784071f0205fd2efa,0x60d3f68f14799a551594bfad8239233c0042010cd883498ae9c01cb4a31f7f00
9872621,2026-07-14 22:00:51.000 UTC,0x0000000000000000000000000bd7d308f8e1639fab988df18a8011f41eacad73000000000000000000000000ce9f55be018c3966a8012a79318bd2ddb9e3056f00000000000000000000000000000000000000000000000000000000000000000000000000000000000000000000000000000000000000000000000000000000000000000000000000000000000000000000000000000000000000000001e3530000000000000000000000000000000000000000000000000000000001859e8e0000000000000000000000000000000000000000000000000058d15e17628000,0x000000000000000000000000f0aa92a266769ac0d3d023c1772540a513b86530,0x0000000000000000000000006724e1ac0e2b6425fc0f4b01b548fb55f07a97be,0x0000000000000000000000001f7d7550b1b028f7571e69a784071f0205fd2efa,0x57931130710b100de2ba178901ad80a2ad352cda51380d343ab1b683a48f2d4e
9872654,2026-07-14 22:00:55.000 UTC,0x0000000000000000000000000bd7d308f8e1639fab988df18a8011f41eacad73000000000000000000000000ad810dbe3827e44f0627d2c6ba60e011dea9869b00000000000000000000000000000000000000000000000000000000000000000000000000000000000000000000000000000000000000000000000000000000000000000000000000000000000000000000000000000000000000000001e3540000000000000000000000000000000000000000000000000000000001859e8e0000000000000000000000000000000000000000000000000000000000000000,0x000000000000000000000000729f4b3515cde3bea43897442e1c3b01fe54e6df,0x0000000000000000000000002e6bcb24cc531947e96efc45623f0f067c0c3744,0x0000000000000000000000001f7d7550b1b028f7571e69a784071f0205fd2efa,0xfc08ead37e0e6cd225a32880a31fafead110507d134bad95f21b1fff91da660d
9873141,2026-07-14 22:01:43.000 UTC,0x0000000000000000000000000bd7d308f8e1639fab988df18a8011f41eacad73000000000000000000000000c5a1d95013a65c98aed497f41d93e435b41da32600000000000000000000000000000000000000000000000000000000000000000000000000000000000000000000000000000000000000000000000000000000000000000000000000000000000000000000000000000000000000000001e35c0000000000000000000000000000000000000000000000000000000001859e92000000000000000000000000000000000000000000000000005c5edcbc290000,0x00000000000000000000000047d544cc64ff83860db336efaf614dc9049f1346,0x00000000000000000000000041f1385fff61e2ed6501587ce623fe2f48d0d853,0x0000000000000000000000001f7d7550b1b028f7571e69a784071f0205fd2efa,0x2cdc95794eb1041e5f7f43807e4e3800560e876b96057f2946e21379a43dbbbb
9874135,2026-07-14 22:03:22.000 UTC,0x0000000000000000000000000bd7d308f8e1639fab988df18a8011f41eacad730000000000000000000000009f90ab3d77fa02519a776372598e4587f2b479ca00000000000000000000000000000000000000000000000000000000000000000000000000000000000000000000000000000000000000000000000000000000000000000000000000000000000000000000000000000000000000000001e36a0000000000000000000000000000000000000000000000000000000001859e9b0000000000000000000000000000000000000000000000000060474e7169c000,0x00000000000000000000000078048c267dc7a11eeefbdee17d97e845213b6475,0x000000000000000000000000bc0f93565b6269efc478b91be3bbbcae1dc50773,0x0000000000000000000000001f7d7550b1b028f7571e69a784071f0205fd2efa,0xd21f6e2e448087e8cd44cd633d065bc5a9d0f4e92f15c285e12b2c11e91b2b61
9874530,2026-07-14 22:04:02.000 UTC,0x0000000000000000000000000bd7d308f8e1639fab988df18a8011f41eacad730000000000000000000000007e33190342c8f833f89ca0e2d5d05a45c95361aa00000000000000000000000000000000000000000000000000000000000000000000000000000000000000000000000000000000000000000000000000000000000000000000000000000000000000000000000000000000000000000001e36d0000000000000000000000000000000000000000000000000000000001859e9e0000000000000000000000000000000000000000000000000000000000000000,0x000000000000000000000000ff76a3d3e402310552876b634db39e315bbcfafe,0x000000000000000000000000d50a1cfefe23c1b13c1174ef9f677e8c78385619,0x0000000000000000000000001f7d7550b1b028f7571e69a784071f0205fd2efa,0x8260534279e408388c660fdb10b001d6e6b1b2d8895358938ab6592422ec3506
9876545,2026-07-14 22:07:25.000 UTC,0x0000000000000000000000000bd7d308f8e1639fab988df18a8011f41eacad7300000000000000000000000000d1ded23561ebaf768daf9fa4d766fdce53d40900000000000000000000000000000000000000000000000000000000000000000000000000000000000000000000000000000000000000000000000000000000000000000000000000000000000000000000000000000000000000000001e3880000000000000000000000000000000000000000000000000000000001859eaf0000000000000000000000000000000000000000000000000000000000000000,0x0000000000000000000000000710260fe92dd93fb2865b4ceed94cbf0b5ff191,0x000000000000000000000000c4d2946210b183de99a3a876768af0d2b798722c,0x0000000000000000000000001f7d7550b1b028f7571e69a784071f0205fd2efa,0x63b503080b914f1498321b9f9a5fd6316a757ea2d49c15f9d2154889345285f1
9876607,2026-07-14 22:07:31.000 UTC,0x0000000000000000000000000bd7d308f8e1639fab988df18a8011f41eacad730000000000000000000000008319fb9aff37d6bda8930c162fd15fdbc112e08800000000000000000000000000000000000000000000000000000000000000000000000000000000000000000000000000000000000000000000000000000000000000000000000000000000000000000000000000000000000000000001e3890000000000000000000000000000000000000000000000000000000001859eaf000000000000000000000000000000000000000000000000006053442a7dec00,0x0000000000000000000000005fa61629634ab8d49473bf2d22068bdbc88a928e,0x0000000000000000000000008a4e76560b086482b87f9f901144b9395a0f41ee,0x0000000000000000000000001f7d7550b1b028f7571e69a784071f0205fd2efa,0x46a369b89f25d609dfebbb79c224fb28d1d57f492b31320bbab6eb1e8297e7f9
9876756,2026-07-14 22:07:46.000 UTC,0x0000000000000000000000000bd7d308f8e1639fab988df18a8011f41eacad730000000000000000000000002e05311d39d21a32f433bc7b27e907fec2d4651a00000000000000000000000000000000000000000000000000000000000000000000000000000000000000000000000000000000000000000000000000000000000000000000000000000000000000000000000000000000000000000001e38b0000000000000000000000000000000000000000000000000000000001859eb000000000000000000000000000000000000000000000000000470de4df820000,0x00000000000000000000000019d24e2a27ade6b2f90d522d5ef877238fdbc14e,0x00000000000000000000000093b0eb3e527fcd5e1cdbf47a381a7900ee61b4e4,0x0000000000000000000000001f7d7550b1b028f7571e69a784071f0205fd2efa,0xad40c7077e41afadb21b615fef914120a40e5c6dd3ff7d359486cee446a70898
9876780,2026-07-14 22:07:48.000 UTC,0x0000000000000000000000000bd7d308f8e1639fab988df18a8011f41eacad7300000000000000000000000027de293e25d53a8abd7461736bdfc9df45d2543a00000000000000000000000000000000000000000000000000000000000000000000000000000000000000000000000000000000000000000000000000000000000000000000000000000000000000000000000000000000000000000001e38c0000000000000000000000000000000000000000000000000000000001859eb00000000000000000000000000000000000000000000000000000000000000000,0x000000000000000000000000864d6191c6f891541eb5efe7d7493b94da9cec22,0x0000000000000000000000002e6bcb24cc531947e96efc45623f0f067c0c3744,0x0000000000000000000000001f7d7550b1b028f7571e69a784071f0205fd2efa,0x061b16eb36eaaf456ee780d37ceac0f64ad1afd8fbff4cc96d869eb82594d74e
9876800,2026-07-14 22:07:50.000 UTC,0x0000000000000000000000000bd7d308f8e1639fab988df18a8011f41eacad730000000000000000000000001033165fd0a03f3493b6c3c2adc555c5edbcb67000000000000000000000000000000000000000000000000000000000000000000000000000000000000000000000000000000000000000000000000000000000000000000000000000000000000000000000000000000000000000000001e38d0000000000000000000000000000000000000000000000000000000001859eb0000000000000000000000000000000000000000000000000006053442a7dec00,0x000000000000000000000000a45155f953509b3cf5b866ebc46f6999886fb2d8,0x000000000000000000000000da804d6b94d5f59310c027851bdfc74080ef742b,0x0000000000000000000000001f7d7550b1b028f7571e69a784071f0205fd2efa,0xeb657069ebe17de1c2cbf9ce018d195e008079af080230c6f22607bd5b76ab21
9877155,2026-07-14 22:08:26.000 UTC,0x0000000000000000000000000bd7d308f8e1639fab988df18a8011f41eacad73000000000000000000000000b1e2ae3a79856ad70e93710b344e580797b79a9c00000000000000000000000000000000000000000000000000000000000000000000000000000000000000000000000000000000000000000000000000000000000000000000000000000000000000000000000000000000000000000001e3910000000000000000000000000000000000000000000000000000000001859eb40000000000000000000000000000000000000000000000000000000000000000,0x000000000000000000000000748f92f113601d5f27fd85d49c8ec99bb1cedb33,0x000000000000000000000000b6e60e418e198aad0360be847863e0477420239a,0x0000000000000000000000001f7d7550b1b028f7571e69a784071f0205fd2efa,0x913b44bd70c90e2a76ddd7d969231783042f50857895989e1c4d28ebd88f794d
9877462,2026-07-14 22:08:55.000 UTC,0x0000000000000000000000000bd7d308f8e1639fab988df18a8011f41eacad7300000000000000000000000045a743b44afd117b5a9d10f05eb567df98c21ad700000000000000000000000000000000000000000000000000000000000000000000000000000000000000000000000000000000000000000000000000000000000000000000000000000000000000000000000000000000000000000001e3930000000000000000000000000000000000000000000000000000000001859eb70000000000000000000000000000000000000000000000000000000000000000,0x000000000000000000000000f1810e3f00d7f71ab7e8568a4357e18e9c691228,0x000000000000000000000000d53ef5112248a379532f3e05f1edfac965ea7b5c,0x0000000000000000000000001f7d7550b1b028f7571e69a784071f0205fd2efa,0x9db57f0f3f331fd29e56f048b8da936eca381d08825e3cdb5700d9f9e52d0d63
9877931,2026-07-14 22:09:42.000 UTC,0x0000000000000000000000000bd7d308f8e1639fab988df18a8011f41eacad73000000000000000000000000fb110733c817dcca87896985313a962f22cc786200000000000000000000000000000000000000000000000000000000000000000000000000000000000000000000000000000000000000000000000000000000000000000000000000000000000000000000000000000000000000000001e3990000000000000000000000000000000000000000000000000000000001859eba0000000000000000000000000000000000000000000000000000000000000000,0x0000000000000000000000000302b20488fa77568b4e5958e8682bc0b3583d20,0x0000000000000000000000002e6bcb24cc531947e96efc45623f0f067c0c3744,0x0000000000000000000000001f7d7550b1b028f7571e69a784071f0205fd2efa,0xf06cca5689ee9a2ddf8ff4235f9e1bfe5a25fc56d64272b6e33a70dbfcf80c53
9877990,2026-07-14 22:09:48.000 UTC,0x0000000000000000000000000bd7d308f8e1639fab988df18a8011f41eacad730000000000000000000000004489ad7e88669b3a9496e14ce65183f1a6251baf00000000000000000000000000000000000000000000000000000000000000000000000000000000000000000000000000000000000000000000000000000000000000000000000000000000000000000000000000000000000000000001e39b0000000000000000000000000000000000000000000000000000000001859eba00000000000000000000000000000000000000000000000000470de4df820000,0x000000000000000000000000db985fa379fd22f86210cec6ecd7e64790cd35d2,0x0000000000000000000000000844cdd06bc05f4bf14c83127237b44846da874c,0x0000000000000000000000001f7d7550b1b028f7571e69a784071f0205fd2efa,0xaf8e3b34878bc35342df29c4a0a4069cd7946c3ff170310daad792f63ca4a185
9878730,2026-07-14 22:11:03.000 UTC,0x0000000000000000000000000bd7d308f8e1639fab988df18a8011f41eacad73000000000000000000000000d5afb78aa0d45ec078bf4fb1d330c9696b2b07e800000000000000000000000000000000000000000000000000000000000000000000000000000000000000000000000000000000000000000000000000000000000000000000000000000000000000000000000000000000000000000001e3a40000000000000000000000000000000000000000000000000000000001859ec1000000000000000000000000000000000000000000000000006053442a7dec00,0x00000000000000000000000095ae87583ffad83096c17a05ac0440e6e0c33a8a,0x000000000000000000000000dda61bf12b9c2f8750d76b0aa9f7774b9bea2325,0x0000000000000000000000001f7d7550b1b028f7571e69a784071f0205fd2efa,0xd98a0c68ffb0b4ce587dee35c746499a7fb2d5346fc8b703c53ed1b6524731c1
9878736,2026-07-14 22:11:03.000 UTC,0x0000000000000000000000000bd7d308f8e1639fab988df18a8011f41eacad73000000000000000000000000ebe77bca02b2e79414e8723c7dcfd91530cf4a7200000000000000000000000000000000000000000000000000000000000000000000000000000000000000000000000000000000000000000000000000000000000000000000000000000000000000000000000000000000000000000001e3a50000000000000000000000000000000000000000000000000000000001859ec10000000000000000000000000000000000000000000000000000000000000000,0x000000000000000000000000809bd6534618718e1657487dca89a1c8409cfa32,0x000000000000000000000000949b874c4c0d21687f302a8301fd5a91ce204f23,0x0000000000000000000000001f7d7550b1b028f7571e69a784071f0205fd2efa,0x16959cfcbdbac1af8c264ef4a9d356406d4960e7ce844e63d7fc9c989d7958b4
9879003,2026-07-14 22:11:30.000 UTC,0x0000000000000000000000000bd7d308f8e1639fab988df18a8011f41eacad73000000000000000000000000b2aa9aea9eafa7a9e51ee05894cb8ac8418000e700000000000000000000000000000000000000000000000000000000000000000000000000000000000000000000000000000000000000000000000000000000000000000000000000000000000000000000000000000000000000000001e3aa0000000000000000000000000000000000000000000000000000000001859ec300000000000000000000000000000000000000000000000000470de4df820000,0x0000000000000000000000009b1e13604e33357071172b4493e5fcc027ed9184,0x0000000000000000000000005410009f5c8e6188791786bb71b90c5d0ddfece7,0x0000000000000000000000001f7d7550b1b028f7571e69a784071f0205fd2efa,0x27909ee404593e9e6c6794f16b981cecead26538dfe688e05fa0f7b2be7e23fa
9880965,2026-07-14 22:14:47.000 UTC,0x0000000000000000000000000bd7d308f8e1639fab988df18a8011f41eacad73000000000000000000000000dd6138bfc9622016e767aa81e5f389d5bdf3426300000000000000000000000000000000000000000000000000000000000000000000000000000000000000000000000000000000000000000000000000000000000000000000000000000000000000000000000000000000000000000001e3ca0000000000000000000000000000000000000000000000000000000001859ed3000000000000000000000000000000000000000000000000005fec5b60ef8000,0x000000000000000000000000fe3643aac2ec0ca39a5e4085ddd61bcfaa0d3180,0x000000000000000000000000ff0d547a2211bb21470a01407e35e27397ea4d67,0x0000000000000000000000001f7d7550b1b028f7571e69a784071f0205fd2efa,0xa91a1cbeff8b67e84f70a91dafc702208bf245e037efe93a8ea7d5d60768a17f
9889725,2026-07-14 22:29:24.000 UTC,0x0000000000000000000000000bd7d308f8e1639fab988df18a8011f41eacad7300000000000000000000000070048ee8b31ad684650918bcb46c4cd701e821e800000000000000000000000000000000000000000000000000000000000000000000000000000000000000000000000000000000000000000000000000000000000000000000000000000000000000000000000000000000000000000001e4740000000000000000000000000000000000000000000000000000000001859f1c000000000000000000000000000000000000000000000000006053442a7dec00,0x0000000000000000000000002844f5bd5949ddc520a523578cef0c798398bbe7,0x0000000000000000000000000837444d2587616f2cda2a7ee361fab711d5b738,0x0000000000000000000000001f7d7550b1b028f7571e69a784071f0205fd2efa,0xfb24890fa9fafe14582e3137a9c670a3710c34a6a5993fa994c7625a0477b1b2
9897192,2026-07-14 22:41:52.000 UTC,0x0000000000000000000000000bd7d308f8e1639fab988df18a8011f41eacad730000000000000000000000007381d7e8129917ffcb250ecac5d461e2cf498f2e00000000000000000000000000000000000000000000000000000000000000000000000000000000000000000000000000000000000000000000000000000000000000000000000000000000000000000000000000000000000000000001e4f10000000000000000000000000000000000000000000000000000000001859f5a000000000000000000000000000000000000000000000000006053442a7dec00,0x000000000000000000000000e83856dc8cb43cca949ae577fbba0038f2137edf,0x0000000000000000000000005b8f446a79b884e03e2d99d3c48ee623d141b182,0x0000000000000000000000001f7d7550b1b028f7571e69a784071f0205fd2efa,0x710e7f877aad17b9383b19bd48898da18f16f70a735deb2b899b56ab108ae8dd
9901620,2026-07-14 22:49:16.000 UTC,0x0000000000000000000000000bd7d308f8e1639fab988df18a8011f41eacad73000000000000000000000000ce01b2b88fab99f15aade47aa69d7e7212bd4a0500000000000000000000000000000000000000000000000000000000000000000000000000000000000000000000000000000000000000000000000000000000000000000000000000000000000000000000000000000000000000000001e5270000000000000000000000000000000000000000000000000000000001859f7f0000000000000000000000000000000000000000000000000000000000000000,0x000000000000000000000000126518e53972e60c647c1873fe2f32c0f3725202,0x000000000000000000000000907c67a0dd4023c85f38e52000d52fd251c9cb50,0x0000000000000000000000001f7d7550b1b028f7571e69a784071f0205fd2efa,0xf683f0a8bfc1d9db35206a46c048e7034ca149ba93c4dd6e5f0154eae2080b02
9901775,2026-07-14 22:49:31.000 UTC,0x0000000000000000000000000bd7d308f8e1639fab988df18a8011f41eacad73000000000000000000000000567787868857dd20cd64277b5367eb61e542679a00000000000000000000000000000000000000000000000000000000000000000000000000000000000000000000000000000000000000000000000000000000000000000000000000000000000000000000000000000000000000000001e52b0000000000000000000000000000000000000000000000000000000001859f80000000000000000000000000000000000000000000000000004e28e2290f0000,0x0000000000000000000000004e007510ccdc6f0c2bf96ec903f88df0b18b0499,0x000000000000000000000000182213fd510a7bb9f6f1c1b1ed4a1bcd655c0df9,0x0000000000000000000000001f7d7550b1b028f7571e69a784071f0205fd2efa,0xb525e5bd52ed6197b985ec7cb02865fc085c4a829bb541c6339442b0983b9409
9902337,2026-07-14 22:50:28.000 UTC,0x0000000000000000000000000bd7d308f8e1639fab988df18a8011f41eacad73000000000000000000000000c34ff0e7bf9cb52e2eabe4f956c3b6287660db2f00000000000000000000000000000000000000000000000000000000000000000000000000000000000000000000000000000000000000000000000000000000000000000000000000000000000000000000000000000000000000000001e5360000000000000000000000000000000000000000000000000000000001859f85000000000000000000000000000000000000000000000000006053442a7dec00,0x0000000000000000000000000b7e365f1aaf90c73c7658924505321e4e617f27,0x00000000000000000000000064b3f6b68299d60fc1b5d65cd9b8b9d4c5c1aa70,0x0000000000000000000000001f7d7550b1b028f7571e69a784071f0205fd2efa,0x9f502972e2c50aac710180a9853a6d5b0b2fba311f3da6686a9d4a4299942f8d
9902580,2026-07-14 22:50:52.000 UTC,0x0000000000000000000000000bd7d308f8e1639fab988df18a8011f41eacad730000000000000000000000000d0466eeb1d710fa3765828435c0b7d460081f4000000000000000000000000000000000000000000000000000000000000000000000000000000000000000000000000000000000000000000000000000000000000000000000000000000000000000000000000000000000000000000001e53c0000000000000000000000000000000000000000000000000000000001859f87000000000000000000000000000000000000000000000000006053442a7dec00,0x000000000000000000000000ca08f6e6d9fa3a53cc1f1a85220df16d670277b9,0x0000000000000000000000002953ac8301f202695ff5c9ea82fc8ec7af4c1357,0x0000000000000000000000001f7d7550b1b028f7571e69a784071f0205fd2efa,0xb7d9dae009252de16187420f39dda6b8c3785cf99846af1a1a7da186fc6620df
9902876,2026-07-14 22:51:22.000 UTC,0x0000000000000000000000000bd7d308f8e1639fab988df18a8011f41eacad73000000000000000000000000dba9e8024d52a794d77206e9aa47d506dc61087100000000000000000000000000000000000000000000000000000000000000000000000000000000000000000000000000000000000000000000000000000000000000000000000000000000000000000000000000000000000000000001e53e0000000000000000000000000000000000000000000000000000000001859f890000000000000000000000000000000000000000000000000000000000000000,0x0000000000000000000000006b4a5b1f2d424038f2454edc9a7947545d93fc81,0x000000000000000000000000949b874c4c0d21687f302a8301fd5a91ce204f23,0x0000000000000000000000001f7d7550b1b028f7571e69a784071f0205fd2efa,0x42284f2ec32c6e58dd7b1668e77b71d251406f5337be42cc90665f89ddc06b31
9903266,2026-07-14 22:52:01.000 UTC,0x0000000000000000000000000bd7d308f8e1639fab988df18a8011f41eacad73000000000000000000000000521664344d62c599dad6bc786de003f4c5d4900800000000000000000000000000000000000000000000000000000000000000000000000000000000000000000000000000000000000000000000000000000000000000000000000000000000000000000000000000000000000000000001e5410000000000000000000000000000000000000000000000000000000001859f8d000000000000000000000000000000000000000000000000006053442a7dec00,0x0000000000000000000000009690a3211134e6947b705a1bec9bfbe2a0a8da22,0x000000000000000000000000f227c97d03014db7c4e5da8a61669742543fdc51,0x0000000000000000000000001f7d7550b1b028f7571e69a784071f0205fd2efa,0x129e033aa1ebdc682d84423e9d1751d358b0c22b3532aaf61606b9778d8042e4
9903440,2026-07-14 22:52:19.000 UTC,0x0000000000000000000000000bd7d308f8e1639fab988df18a8011f41eacad7300000000000000000000000031392d0db037e76ad558aaa99509b0a996a2750d00000000000000000000000000000000000000000000000000000000000000000000000000000000000000000000000000000000000000000000000000000000000000000000000000000000000000000000000000000000000000000001e5420000000000000000000000000000000000000000000000000000000001859f8e000000000000000000000000000000000000000000000000006053442a7dec00,0x00000000000000000000000016973ee8ef808e0d06abb08cbd292ae865ed5237,0x00000000000000000000000064b3f6b68299d60fc1b5d65cd9b8b9d4c5c1aa70,0x0000000000000000000000001f7d7550b1b028f7571e69a784071f0205fd2efa,0x44c83b86a4bf2f5631720607ac6a19d67d44548b2c8ba4f1ea78f1d03530f9a0
9903460,2026-07-14 22:52:21.000 UTC,0x0000000000000000000000000bd7d308f8e1639fab988df18a8011f41eacad730000000000000000000000008280f1d2914983306ed7fcfe411ab24552552af100000000000000000000000000000000000000000000000000000000000000000000000000000000000000000000000000000000000000000000000000000000000000000000000000000000000000000000000000000000000000000001e5430000000000000000000000000000000000000000000000000000000001859f8e00000000000000000000000000000000000000000000000000038d7ea4c68000,0x000000000000000000000000e1c560432e376ea208de5e8c5df10432231ba5ab,0x000000000000000000000000ca98e2f17e6a52209fcbc0e287a0ed1958b6588a,0x0000000000000000000000001f7d7550b1b028f7571e69a784071f0205fd2efa,0xabfcdc5b615cbbce8ef74eded54e1707030cec687b6292e38ca6231b577641d0
9903661,2026-07-14 22:52:41.000 UTC,0x0000000000000000000000000bd7d308f8e1639fab988df18a8011f41eacad73000000000000000000000000839b4a4254579feecc9f495cd674154cb25ca9fd00000000000000000000000000000000000000000000000000000000000000000000000000000000000000000000000000000000000000000000000000000000000000000000000000000000000000000000000000000000000000000001e5450000000000000000000000000000000000000000000000000000000001859f90000000000000000000000000000000000000000000000000006053442a7dec00,0x000000000000000000000000ae2e856a95f8b2fc635ffc16fca9bb8f8282c80a,0x0000000000000000000000004de61652774bef9ba1d925bc1f1fe3c69782197d,0x0000000000000000000000001f7d7550b1b028f7571e69a784071f0205fd2efa,0xf140344419cb119d98ced40876d4fe4e58bb50b2ee9c01bad43cef659682cac3
9903883,2026-07-14 22:53:03.000 UTC,0x0000000000000000000000000bd7d308f8e1639fab988df18a8011f41eacad7300000000000000000000000013d721a45032c43d0cd3a38a4c47ce75179063ce00000000000000000000000000000000000000000000000000000000000000000000000000000000000000000000000000000000000000000000000000000000000000000000000000000000000000000000000000000000000000000001e54c0000000000000000000000000000000000000000000000000000000001859f920000000000000000000000000000000000000000000000000000000000000000,0x000000000000000000000000e5828667841fcdf69a1d759568b8cdb5de534747,0x000000000000000000000000949b874c4c0d21687f302a8301fd5a91ce204f23,0x0000000000000000000000001f7d7550b1b028f7571e69a784071f0205fd2efa,0x6970154cbf72464d97f3825e53ac09c89f36d10b8624cd8ccd28065e32d7ce73
9903907,2026-07-14 22:53:06.000 UTC,0x0000000000000000000000000bd7d308f8e1639fab988df18a8011f41eacad73000000000000000000000000583424653029cf0d2afa6d45011bfe1a5965d89200000000000000000000000000000000000000000000000000000000000000000000000000000000000000000000000000000000000000000000000000000000000000000000000000000000000000000000000000000000000000000001e54d0000000000000000000000000000000000000000000000000000000001859f920000000000000000000000000000000000000000000000000011c37937e08000,0x0000000000000000000000007f0e7b493fa923a1cc502548563d9769f0b6ba42,0x000000000000000000000000cc082a9968d726bd96472133930a5a66eb775469,0x0000000000000000000000001f7d7550b1b028f7571e69a784071f0205fd2efa,0x97e518034c806c326fb55d5f17053df11b530bb33d036894fd63936aa98ecdec
9905225,2026-07-14 22:55:17.000 UTC,0x0000000000000000000000000bd7d308f8e1639fab988df18a8011f41eacad73000000000000000000000000b3a951c60731d044b12e85c8cd13962d93e967e600000000000000000000000000000000000000000000000000000000000000000000000000000000000000000000000000000000000000000000000000000000000000000000000000000000000000000000000000000000000000000001e5560000000000000000000000000000000000000000000000000000000001859f9d0000000000000000000000000000000000000000000000000000000000000000,0x000000000000000000000000e12e7151cbab932ed70d27f72b1e425cecdc41bc,0x000000000000000000000000ce12e8ace3812c016f92a0326a95258c891ebe8f,0x0000000000000000000000001f7d7550b1b028f7571e69a784071f0205fd2efa,0xcaabe4c4636070c962b3b45eaa1ab682e51f641c19be9f3e201404f765a5cd13
9905644,2026-07-14 22:55:59.000 UTC,0x0000000000000000000000000bd7d308f8e1639fab988df18a8011f41eacad73000000000000000000000000c31f186905fd72fd57e2fa178e7446fbd0de171900000000000000000000000000000000000000000000000000000000000000000000000000000000000000000000000000000000000000000000000000000000000000000000000000000000000000000000000000000000000000000001e5610000000000000000000000000000000000000000000000000000000001859fa1000000000000000000000000000000000000000000000000006053442a7dec00,0x0000000000000000000000008a92fcc675125960a305680719e296e7a653eded,0x00000000000000000000000091ec77a235fe01a623d57a721e0a0347e231467d,0x0000000000000000000000001f7d7550b1b028f7571e69a784071f0205fd2efa,0xade62618e4e2ffcb4dc35bfcefc4d541ac980ad6cecf6645445c938dbb9c351a
9905701,2026-07-14 22:56:05.000 UTC,0x0000000000000000000000000bd7d308f8e1639fab988df18a8011f41eacad73000000000000000000000000e56d230b98f4e6673652dabd7fbd421221fe416600000000000000000000000000000000000000000000000000000000000000000000000000000000000000000000000000000000000000000000000000000000000000000000000000000000000000000000000000000000000000000001e5620000000000000000000000000000000000000000000000000000000001859fa10000000000000000000000000000000000000000000000000000000000000000,0x000000000000000000000000558ed55716f03049390a8c83b53bd3bd0c28edd0,0x000000000000000000000000949b874c4c0d21687f302a8301fd5a91ce204f23,0x0000000000000000000000001f7d7550b1b028f7571e69a784071f0205fd2efa,0x0366bc72d6d9d7f685803d5b2688aa9268bacec2f5e5da382b56e1b499244a8f
9906089,2026-07-14 22:56:44.000 UTC,0x0000000000000000000000000bd7d308f8e1639fab988df18a8011f41eacad73000000000000000000000000ba441fe435e2c28ad7761ec8eb49c31be2b8a2da00000000000000000000000000000000000000000000000000000000000000000000000000000000000000000000000000000000000000000000000000000000000000000000000000000000000000000000000000000000000000000001e5650000000000000000000000000000000000000000000000000000000001859fa40000000000000000000000000000000000000000000000000001c6bf52634000,0x000000000000000000000000ebdf6b400b52d6de37bd333f6bc347f9a5b52f9a,0x000000000000000000000000ce12e8ace3812c016f92a0326a95258c891ebe8f,0x0000000000000000000000001f7d7550b1b028f7571e69a784071f0205fd2efa,0x475c1011d5ef55d8a63f290935976ebde524729136471b8d954bce41b60e2169
9906257,2026-07-14 22:57:01.000 UTC,0x0000000000000000000000000bd7d308f8e1639fab988df18a8011f41eacad7300000000000000000000000075026157abe3c5f100a037d2abee83fe059f99c400000000000000000000000000000000000000000000000000000000000000000000000000000000000000000000000000000000000000000000000000000000000000000000000000000000000000000000000000000000000000000001e56a0000000000000000000000000000000000000000000000000000000001859fa600000000000000000000000000000000000000000000000000071afd498d0000,0x000000000000000000000000d80f25b6d0ca2c60829917ba2ef9537b5b6b49bd,0x000000000000000000000000c5cbef12c11ddc7e9fccd089481b279aaa792899,0x0000000000000000000000001f7d7550b1b028f7571e69a784071f0205fd2efa,0xc8c746f4cf7bbae5112029b693abd2e2a14e8bca0d1381d8f2d0e0543b2fbd60
9906430,2026-07-14 22:57:18.000 UTC,0x0000000000000000000000000bd7d308f8e1639fab988df18a8011f41eacad730000000000000000000000005b9510427c302e4ccbaa2a486f387e1d49218d9300000000000000000000000000000000000000000000000000000000000000000000000000000000000000000000000000000000000000000000000000000000000000000000000000000000000000000000000000000000000000000001e56c0000000000000000000000000000000000000000000000000000000001859fa70000000000000000000000000000000000000000000000000000000000000000,0x000000000000000000000000eea43d5b0f59aa97a42b1a118085a452717b731e,0x0000000000000000000000002e6bcb24cc531947e96efc45623f0f067c0c3744,0x0000000000000000000000001f7d7550b1b028f7571e69a784071f0205fd2efa,0xb9aea919680ddf9783885db1a430866d979f2c17632305f35edd7ba2d7426335
9906559,2026-07-14 22:57:31.000 UTC,0x0000000000000000000000000bd7d308f8e1639fab988df18a8011f41eacad730000000000000000000000008e20d22a2cd6bd1b24795244918ab2f9b99ceb1f00000000000000000000000000000000000000000000000000000000000000000000000000000000000000000000000000000000000000000000000000000000000000000000000000000000000000000000000000000000000000000001e56e0000000000000000000000000000000000000000000000000000000001859fa80000000000000000000000000000000000000000000000000038d7ea4c680000,0x0000000000000000000000005fc723090d3e5c5fce3544d2a06deca41bb3d29c,0x000000000000000000000000d3066001840d9324e1b39cbfbe106174ad00bd31,0x0000000000000000000000001f7d7550b1b028f7571e69a784071f0205fd2efa,0xb8f05aded2090aac49a0951dd34ba56df31e7c2417a1e2ce640b9ec4b9ec770a
9906719,2026-07-14 22:57:47.000 UTC,0x0000000000000000000000000bd7d308f8e1639fab988df18a8011f41eacad7300000000000000000000000081ea001ddf047dbb92b2703eb5cda9175814e9d700000000000000000000000000000000000000000000000000000000000000000000000000000000000000000000000000000000000000000000000000000000000000000000000000000000000000000000000000000000000000000001e5700000000000000000000000000000000000000000000000000000000001859fa900000000000000000000000000000000000000000000000000470de4df820000,0x000000000000000000000000ae48512b42bd0f3ca2597d6af20acb658ffbe256,0x0000000000000000000000004c4d29ea9e65262f5741d6cba7364b515cf8a2a7,0x0000000000000000000000001f7d7550b1b028f7571e69a784071f0205fd2efa,0x1f9b89e9329ee1f8dda273a770180badcb84e133918b33dbd48614cb7eccb2c5
9906990,2026-07-14 22:58:14.000 UTC,0x0000000000000000000000000bd7d308f8e1639fab988df18a8011f41eacad730000000000000000000000000d50cb375200bd57a9f455b24464ff1d2215b4e500000000000000000000000000000000000000000000000000000000000000000000000000000000000000000000000000000000000000000000000000000000000000000000000000000000000000000000000000000000000000000001e5710000000000000000000000000000000000000000000000000000000001859fac000000000000000000000000000000000000000000000000005fec5b60ef8000,0x000000000000000000000000bd26badf08a9c689f2de8e7fb4b1b5f62c7776d6,0x000000000000000000000000522d54e83d6a7d8add58eead4d888a23dde15aa2,0x0000000000000000000000001f7d7550b1b028f7571e69a784071f0205fd2efa,0xfbd1837dd75e59ce1486a040879d739ceecaf01bd1c80b582414e9d90a17c640
9907576,2026-07-14 22:59:13.000 UTC,0x0000000000000000000000000bd7d308f8e1639fab988df18a8011f41eacad73000000000000000000000000b4436dc674473af30d411c95a805f371d26bf15b00000000000000000000000000000000000000000000000000000000000000000000000000000000000000000000000000000000000000000000000000000000000000000000000000000000000000000000000000000000000000000001e5790000000000000000000000000000000000000000000000000000000001859fb10000000000000000000000000000000000000000000000000000000000000000,0x0000000000000000000000005449ca6ba16c6e320e9ceb6cd5fcfc5c7890d1ac,0x000000000000000000000000730909864c0dc75ad7c45213274315ad8ae33750,0x0000000000000000000000001f7d7550b1b028f7571e69a784071f0205fd2efa,0x8f694971629cee791e62d54a9b17106c3dd2b6f8e03fe8e1a36cd2e4a5dd837a
9907589,2026-07-14 22:59:15.000 UTC,0x0000000000000000000000000bd7d308f8e1639fab988df18a8011f41eacad73000000000000000000000000975ffd356081e2f4164dc62c202d4ab41021b6a200000000000000000000000000000000000000000000000000000000000000000000000000000000000000000000000000000000000000000000000000000000000000000000000000000000000000000000000000000000000000000001e57a0000000000000000000000000000000000000000000000000000000001859fb10000000000000000000000000000000000000000000000000000000000000000,0x0000000000000000000000007042b150ca3fe778dc5d03b5f19724c3be46a8af,0x0000000000000000000000006aa22a902ebad03cef40454f4afd2423270c11a9,0x0000000000000000000000001f7d7550b1b028f7571e69a784071f0205fd2efa,0x7b7c556d2c962c26a1e48f31b510417264b7d40af3f85cb1bc7f24a45989b157
9908051,2026-07-14 23:00:00.000 UTC,0x0000000000000000000000000bd7d308f8e1639fab988df18a8011f41eacad73000000000000000000000000923f83622d91e19e3dfd28981d4bb3b63012b25200000000000000000000000000000000000000000000000000000000000000000000000000000000000000000000000000000000000000000000000000000000000000000000000000000000000000000000000000000000000000000001e5800000000000000000000000000000000000000000000000000000000001859fb500000000000000000000000000000000000000000000000000038d7ea4c68000,0x00000000000000000000000091dbbab767d4d436351ab3e9efef8c6993ab9934,0x0000000000000000000000009adf17b7d91731ed74c2502695794ec95b8f2a26,0x0000000000000000000000001f7d7550b1b028f7571e69a784071f0205fd2efa,0x63c442faaed771f6ea9a752f72a2c7256e87b0733b2f6bda7356e81a07ce5e6d
9908276,2026-07-14 23:00:22.000 UTC,0x0000000000000000000000000bd7d308f8e1639fab988df18a8011f41eacad73000000000000000000000000f1b0b3438ff9a67a0fbba122082d0f56d80da28800000000000000000000000000000000000000000000000000000000000000000000000000000000000000000000000000000000000000000000000000000000000000000000000000000000000000000000000000000000000000000001e5840000000000000000000000000000000000000000000000000000000001859fb600000000000000000000000000000000000000000000000000038d7ea4c68000,0x000000000000000000000000074857e4c113e4b772c4d7be2e5a25f82d8ff77d,0x000000000000000000000000bed0b8216d1ec537b78d2f694911b99e5fd1790e,0x0000000000000000000000001f7d7550b1b028f7571e69a784071f0205fd2efa,0xd1b1bbcb9924dbd1958cc9377f2a10b3543714f531d28da81cefe8a49640f23b
9908469,2026-07-14 23:00:42.000 UTC,0x0000000000000000000000000bd7d308f8e1639fab988df18a8011f41eacad7300000000000000000000000007a1ed863e6e5277c7c144f656bcc4aa2f2033b000000000000000000000000000000000000000000000000000000000000000000000000000000000000000000000000000000000000000000000000000000000000000000000000000000000000000000000000000000000000000000001e5880000000000000000000000000000000000000000000000000000000001859fb900000000000000000000000000000000000000000000000000470de4df820000,0x000000000000000000000000edeac5701bf1c1e625f3a25b0fe0343dd949c78b,0x000000000000000000000000536292ac2a085eb66f676e4602fbc4a58a1129da,0x0000000000000000000000001f7d7550b1b028f7571e69a784071f0205fd2efa,0xcbc6438319a8279730de4372935f72465775286f70395b26c21a61f6da372414
9908544,2026-07-14 23:00:49.000 UTC,0x0000000000000000000000000bd7d308f8e1639fab988df18a8011f41eacad73000000000000000000000000693e56e52bdfc7eb9218cb47f36bb63eb9efb10900000000000000000000000000000000000000000000000000000000000000000000000000000000000000000000000000000000000000000000000000000000000000000000000000000000000000000000000000000000000000000001e58b0000000000000000000000000000000000000000000000000000000001859fb9000000000000000000000000000000000000000000000000000aa87bee538000,0x000000000000000000000000ba4e4e5e0fee52c49ce85444134af8ed8256c2a4,0x000000000000000000000000949b874c4c0d21687f302a8301fd5a91ce204f23,0x0000000000000000000000001f7d7550b1b028f7571e69a784071f0205fd2efa,0x1b675cc9b58b5daf47b1d05699660f480bd16db329eefb9e2772b5c223457d2d
9909057,2026-07-14 23:01:41.000 UTC,0x0000000000000000000000000bd7d308f8e1639fab988df18a8011f41eacad7300000000000000000000000068e8485ef38dc07bb100d875a99829941686dd4200000000000000000000000000000000000000000000000000000000000000000000000000000000000000000000000000000000000000000000000000000000000000000000000000000000000000000000000000000000000000000001e5960000000000000000000000000000000000000000000000000000000001859fbe00000000000000000000000000000000000000000000000000071afd498d0000,0x0000000000000000000000001ceb3b7eb28dda2e6137e4aef07dbe356ebc003a,0x000000000000000000000000860a6be5f8f2c0d366f3823c8c5fafcd83176c55,0x0000000000000000000000001f7d7550b1b028f7571e69a784071f0205fd2efa,0x88e964e305246c5be218fb839037b382dc61b1517788c3eb9169a8e37bb20380
9910549,2026-07-14 23:04:11.000 UTC,0x0000000000000000000000000bd7d308f8e1639fab988df18a8011f41eacad730000000000000000000000006632eb15ccc94c7536fb98268f763b29799eb59400000000000000000000000000000000000000000000000000000000000000000000000000000000000000000000000000000000000000000000000000000000000000000000000000000000000000000000000000000000000000000001e5b00000000000000000000000000000000000000000000000000000000001859fca000000000000000000000000000000000000000000000000002386f26fc10000,0x000000000000000000000000f35df5713801c32996587918baaf7932b1d116bf,0x00000000000000000000000019bd090078635b6f3280db1e84072aed2b7def57,0x0000000000000000000000001f7d7550b1b028f7571e69a784071f0205fd2efa,0x06219cdce56da244a5f90ce8d662872dee841d54bc9c2f49d5fe72d85ea5146c
9910684,2026-07-14 23:04:25.000 UTC,0x0000000000000000000000000bd7d308f8e1639fab988df18a8011f41eacad73000000000000000000000000355a703c128e087e7c9ef05c0b337d6b3f2e573400000000000000000000000000000000000000000000000000000000000000000000000000000000000000000000000000000000000000000000000000000000000000000000000000000000000000000000000000000000000000000001e5b40000000000000000000000000000000000000000000000000000000001859fca0000000000000000000000000000000000000000000000000000000000000000,0x0000000000000000000000007c1353a3b1e75e013ef2e0ff23b62acbbce0cd50,0x000000000000000000000000ead0575234bdf2fc4f86b6e4f11b4d92587964b0,0x0000000000000000000000001f7d7550b1b028f7571e69a784071f0205fd2efa,0xfe954d2aaa36c3298aae7d0b179392dc860ef3f478104d56385e857c8f932f6f
9911388,2026-07-14 23:05:35.000 UTC,0x0000000000000000000000000bd7d308f8e1639fab988df18a8011f41eacad73000000000000000000000000f532cd9b095626d1fccf8eeaae50eaa4ab2917c400000000000000000000000000000000000000000000000000000000000000000000000000000000000000000000000000000000000000000000000000000000000000000000000000000000000000000000000000000000000000000001e5be0000000000000000000000000000000000000000000000000000000001859fd0000000000000000000000000000000000000000000000000002386f26fc10000,0x00000000000000000000000044161a43e3956464f3d6f962f3c8a35107d8600f,0x000000000000000000000000d91b253bd292e235d9685c2639f09e9ad31f26b0,0x0000000000000000000000001f7d7550b1b028f7571e69a784071f0205fd2efa,0xf3f6e7e655e1c9ccd1b1aac11a9cee86eda587116a0c7179730c1d670cd30b38
9911810,2026-07-14 23:06:17.000 UTC,0x0000000000000000000000000bd7d308f8e1639fab988df18a8011f41eacad7300000000000000000000000019db0dd073bba5b2e4ac855c48fc7f58e8db0f3d00000000000000000000000000000000000000000000000000000000000000000000000000000000000000000000000000000000000000000000000000000000000000000000000000000000000000000000000000000000000000000001e5c50000000000000000000000000000000000000000000000000000000001859fd40000000000000000000000000000000000000000000000000000000000000000,0x000000000000000000000000af6eefb0b4c59779fb697a94ec6106f57308a85e,0x000000000000000000000000949b874c4c0d21687f302a8301fd5a91ce204f23,0x0000000000000000000000001f7d7550b1b028f7571e69a784071f0205fd2efa,0x0a409a33e3afe50f4218278ded1abf51f295374a3625ed1d345a976f43d35760
9912201,2026-07-14 23:06:56.000 UTC,0x0000000000000000000000000bd7d308f8e1639fab988df18a8011f41eacad730000000000000000000000009af655ac8c93537bac970f8f378f87ed18b4be9900000000000000000000000000000000000000000000000000000000000000000000000000000000000000000000000000000000000000000000000000000000000000000000000000000000000000000000000000000000000000000001e5ca0000000000000000000000000000000000000000000000000000000001859fd800000000000000000000000000000000000000000000000000470de4df820000,0x00000000000000000000000022e4b7444de21cc8fae8db88d0a8ea15e1506bf3,0x000000000000000000000000d3066001840d9324e1b39cbfbe106174ad00bd31,0x0000000000000000000000001f7d7550b1b028f7571e69a784071f0205fd2efa,0xfe3dcef1396759655ae2a29c7e9a768557c8366105724cc4fe78b456dd1a33ea
9912331,2026-07-14 23:07:09.000 UTC,0x0000000000000000000000000bd7d308f8e1639fab988df18a8011f41eacad730000000000000000000000004e82d21702c9c3e8ffcc278798e890ff43713fc700000000000000000000000000000000000000000000000000000000000000000000000000000000000000000000000000000000000000000000000000000000000000000000000000000000000000000000000000000000000000000001e5e10000000000000000000000000000000000000000000000000000000001859fd8000000000000000000000000000000000000000000000000002386f26fc10000,0x00000000000000000000000025b6a4da7de3550e63a6c767bfcb770b941f4c6a,0x00000000000000000000000019bd090078635b6f3280db1e84072aed2b7def57,0x0000000000000000000000001f7d7550b1b028f7571e69a784071f0205fd2efa,0x3005d93b35efa4fe2fc5ba5c4b33f2646611b860a5dd59e7abe14be0b7473738
9912411,2026-07-14 23:07:17.000 UTC,0x0000000000000000000000000bd7d308f8e1639fab988df18a8011f41eacad730000000000000000000000004143eab5346d65f98b15756782216806a480fcd500000000000000000000000000000000000000000000000000000000000000000000000000000000000000000000000000000000000000000000000000000000000000000000000000000000000000000000000000000000000000000001e5e30000000000000000000000000000000000000000000000000000000001859fd900000000000000000000000000000000000000000000000000470de4df820000,0x000000000000000000000000c5ba240a2a6314747010760f34971f1121251f04,0x000000000000000000000000ab64fa35f746075044dc4da9083972fd2e02b90b,0x0000000000000000000000001f7d7550b1b028f7571e69a784071f0205fd2efa,0x0bc1036b6932a1ccb6f7d98d366b975eaa86f9d74a32f2fe1a5334f36cb73b47
9912470,2026-07-14 23:07:23.000 UTC,0x0000000000000000000000000bd7d308f8e1639fab988df18a8011f41eacad73000000000000000000000000880fdea8fea1e2c53caf22d05b76c272015fdc2a00000000000000000000000000000000000000000000000000000000000000000000000000000000000000000000000000000000000000000000000000000000000000000000000000000000000000000000000000000000000000000001e5e40000000000000000000000000000000000000000000000000000000001859fd9000000000000000000000000000000000000000000000000006053442a7dec00,0x000000000000000000000000fe14c2c0785779abd9c8017ffdf55d37ac5b4aac,0x00000000000000000000000064b3f6b68299d60fc1b5d65cd9b8b9d4c5c1aa70,0x0000000000000000000000001f7d7550b1b028f7571e69a784071f0205fd2efa,0xea05442b81701b9105f7b581ebc82ca3ad2663556ee05b49ffcc213859eed63a
9912843,2026-07-14 23:08:01.000 UTC,0x0000000000000000000000000bd7d308f8e1639fab988df18a8011f41eacad730000000000000000000000002b4819a19d06db087ad5f429286a32354937a21600000000000000000000000000000000000000000000000000000000000000000000000000000000000000000000000000000000000000000000000000000000000000000000000000000000000000000000000000000000000000000001e5eb0000000000000000000000000000000000000000000000000000000001859fdd00000000000000000000000000000000000000000000000000038d7ea4c68000,0x0000000000000000000000000359c40704c8b4566f5241cc19b16d26bf4eb0b1,0x000000000000000000000000e3ec2b56279396d74e219eb741dff3d8d143b196,0x0000000000000000000000001f7d7550b1b028f7571e69a784071f0205fd2efa,0xc657015fac94848d508c4131c6e80573b207891024bf62d13021e29ce30b2a9e
9915105,2026-07-14 23:11:48.000 UTC,0x0000000000000000000000000bd7d308f8e1639fab988df18a8011f41eacad730000000000000000000000001fea6a7388f708597e69819f31b5701fe0212fdc00000000000000000000000000000000000000000000000000000000000000000000000000000000000000000000000000000000000000000000000000000000000000000000000000000000000000000000000000000000000000000001e6080000000000000000000000000000000000000000000000000000000001859ff00000000000000000000000000000000000000000000000000058d15e17628000,0x00000000000000000000000026bb26f8a0b57f03bda21319f6dfab6e30b43942,0x00000000000000000000000091ec77a235fe01a623d57a721e0a0347e231467d,0x0000000000000000000000001f7d7550b1b028f7571e69a784071f0205fd2efa,0xc1472ffa55115f562fbcf3092fbd9582d6ad4f51f042d1d92138275f5af74e0e
9915194,2026-07-14 23:11:57.000 UTC,0x0000000000000000000000000bd7d308f8e1639fab988df18a8011f41eacad730000000000000000000000004758f5adaa14b85d76b373186e5b9f200fc128f900000000000000000000000000000000000000000000000000000000000000000000000000000000000000000000000000000000000000000000000000000000000000000000000000000000000000000000000000000000000000000001e60a0000000000000000000000000000000000000000000000000000000001859ff1000000000000000000000000000000000000000000000000006053442a7dec00,0x0000000000000000000000002b73ae4d1db7dbfec9af7d6d615992d844fe2f5c,0x000000000000000000000000bc5b04581350818bdad224bb69b37de79e7d4fa3,0x0000000000000000000000001f7d7550b1b028f7571e69a784071f0205fd2efa,0x818cf5afb9ee4b6376becc5c12dbc9a3a254e8d3f3acdfd91e6191b2de3efeea
9915285,2026-07-14 23:12:06.000 UTC,0x0000000000000000000000000bd7d308f8e1639fab988df18a8011f41eacad730000000000000000000000005888d79d1708d02c7f9b583e44ffe31fd7c238d800000000000000000000000000000000000000000000000000000000000000000000000000000000000000000000000000000000000000000000000000000000000000000000000000000000000000000000000000000000000000000001e60b0000000000000000000000000000000000000000000000000000000001859ff100000000000000000000000000000000000000000000000000071afd498d0000,0x000000000000000000000000685efe123e252e1845d680d9d2e6bfbc9028f4a7,0x0000000000000000000000000735832e9f0037ac8ab6b10d7d264f9b38a9d6a7,0x0000000000000000000000001f7d7550b1b028f7571e69a784071f0205fd2efa,0xcf1e552a32b7657cc5c520c35d28a6e106c1b57628019056e799c01ae0e958cd
9916255,2026-07-14 23:13:43.000 UTC,0x0000000000000000000000000bd7d308f8e1639fab988df18a8011f41eacad730000000000000000000000009eff5f1f389a2772fa4908f5e0d9629af61e315a00000000000000000000000000000000000000000000000000000000000000000000000000000000000000000000000000000000000000000000000000000000000000000000000000000000000000000000000000000000000000000001e61c0000000000000000000000000000000000000000000000000000000001859ffa00000000000000000000000000000000000000000000000000005af3107a4000,0x000000000000000000000000eef304df3f75001d62782a75acde5821b4193092,0x000000000000000000000000ac7203e73ebfb9481bf6fa9d1c56de63dd32343a,0x0000000000000000000000001f7d7550b1b028f7571e69a784071f0205fd2efa,0x4bd807c10aab5dfb0de1391f20a0519e33813428b023803fc091992dec29f021
9916421,2026-07-14 23:13:59.000 UTC,0x0000000000000000000000000bd7d308f8e1639fab988df18a8011f41eacad73000000000000000000000000c80a7356abe1327038cf73dd204ca174c65a4f1300000000000000000000000000000000000000000000000000000000000000000000000000000000000000000000000000000000000000000000000000000000000000000000000000000000000000000000000000000000000000000001e61e0000000000000000000000000000000000000000000000000000000001859ffb0000000000000000000000000000000000000000000000000000000000000000,0x000000000000000000000000c58d88bd255b7af0025f2eddb4bef31887d68823,0x0000000000000000000000006aa22a902ebad03cef40454f4afd2423270c11a9,0x0000000000000000000000001f7d7550b1b028f7571e69a784071f0205fd2efa,0xf975ff8cd2485f1528318151bf6897fa778e942fe93013915dfbe4805c034e73
9916931,2026-07-14 23:14:51.000 UTC,0x0000000000000000000000000bd7d308f8e1639fab988df18a8011f41eacad7300000000000000000000000029114c5e4b4d00df1508ab6427293a405b835d2800000000000000000000000000000000000000000000000000000000000000000000000000000000000000000000000000000000000000000000000000000000000000000000000000000000000000000000000000000000000000000001e6230000000000000000000000000000000000000000000000000000000001859fff000000000000000000000000000000000000000000000000004380663abb8000,0x000000000000000000000000b12c4f614e245e387c175e797d32547f069f5a7e,0x000000000000000000000000d3066001840d9324e1b39cbfbe106174ad00bd31,0x0000000000000000000000001f7d7550b1b028f7571e69a784071f0205fd2efa,0x9903e63c73878cb636cb095f5fa597a40c284520798a7065901c69feb8e0f082
9918022,2026-07-14 23:16:40.000 UTC,0x0000000000000000000000000bd7d308f8e1639fab988df18a8011f41eacad7300000000000000000000000047b640d614f7b9f690f1f230880c85021b20261400000000000000000000000000000000000000000000000000000000000000000000000000000000000000000000000000000000000000000000000000000000000000000000000000000000000000000000000000000000000000000001e636000000000000000000000000000000000000000000000000000000000185a0070000000000000000000000000000000000000000000000000000000000000000,0x000000000000000000000000d7cee289455f75e1c8007eab5675705297bacbee,0x0000000000000000000000009e32b49d982ff795335be7c56fda5bed40dbec0e,0x0000000000000000000000001f7d7550b1b028f7571e69a784071f0205fd2efa,0xe406a57c38b524512cee0b6c7c2054aa514b6bb7aab193d76cdc53353c446367
9920448,2026-07-14 23:20:43.000 UTC,0x0000000000000000000000000bd7d308f8e1639fab988df18a8011f41eacad730000000000000000000000002e2d75f62fbb53fed8426a641e3bb5eba8acc17c00000000000000000000000000000000000000000000000000000000000000000000000000000000000000000000000000000000000000000000000000000000000000000000000000000000000000000000000000000000000000000001e651000000000000000000000000000000000000000000000000000000000185a01d00000000000000000000000000000000000000000000000000470de4df820000,0x000000000000000000000000c964c752e32111452879e5d0b403fa8efa2ae0da,0x000000000000000000000000052801d72722bb5387f32e01675020dbb72e9fe7,0x0000000000000000000000001f7d7550b1b028f7571e69a784071f0205fd2efa,0xdc7351bc51588013470d2022f37a5796e2bc6ac885c8b0e4df267f61eefa1344
9921398,2026-07-14 23:22:18.000 UTC,0x0000000000000000000000000bd7d308f8e1639fab988df18a8011f41eacad730000000000000000000000008016121d343fb08018e725d5fff605fa07d096c600000000000000000000000000000000000000000000000000000000000000000000000000000000000000000000000000000000000000000000000000000000000000000000000000000000000000000000000000000000000000000001e65b000000000000000000000000000000000000000000000000000000000185a02400000000000000000000000000000000000000000000000000470de4df820000,0x0000000000000000000000004bacf59a24f9a9ee72a3cb9fa31fb29feff6940f,0x000000000000000000000000536292ac2a085eb66f676e4602fbc4a58a1129da,0x0000000000000000000000001f7d7550b1b028f7571e69a784071f0205fd2efa,0xf41bc556c9b3367d3c9b79abd7803bb4240177a6864fd4ab3a8bd988a6c39646
9922105,2026-07-14 23:23:30.000 UTC,0x0000000000000000000000000bd7d308f8e1639fab988df18a8011f41eacad7300000000000000000000000020e784d5d288cc4436a25ef8fc3d3142ecae83db00000000000000000000000000000000000000000000000000000000000000000000000000000000000000000000000000000000000000000000000000000000000000000000000000000000000000000000000000000000000000000001e66c000000000000000000000000000000000000000000000000000000000185a02b000000000000000000000000000000000000000000000000006053442a7dec00,0x0000000000000000000000002b830cdbd9a0427bc7b8e5b510ed99e4f0f99614,0x000000000000000000000000cc605bcad27ef3a463454510234ca9833a2bcdfe,0x0000000000000000000000001f7d7550b1b028f7571e69a784071f0205fd2efa,0xd9756234943b575dec204e17e92ae2e953803db2c6d2c81d2c416ac2866b4f0a
9922308,2026-07-14 23:23:50.000 UTC,0x0000000000000000000000000bd7d308f8e1639fab988df18a8011f41eacad730000000000000000000000008d565802b8c1c25eb6949d83f2aef44ab097244500000000000000000000000000000000000000000000000000000000000000000000000000000000000000000000000000000000000000000000000000000000000000000000000000000000000000000000000000000000000000000001e671000000000000000000000000000000000000000000000000000000000185a02c000000000000000000000000000000000000000000000000002386f26fc10000,0x000000000000000000000000715138f37d9ddff23da3436d1b266f6fb0a23e57,0x0000000000000000000000006983bb66140d1a029cc89a98dba16daacd6f99c4,0x0000000000000000000000001f7d7550b1b028f7571e69a784071f0205fd2efa,0x7f9b1d607dd9d23ee12bc3576938f6101567e1bf035b72f03f0b618c4569295a
9922852,2026-07-14 23:24:45.000 UTC,0x0000000000000000000000000bd7d308f8e1639fab988df18a8011f41eacad73000000000000000000000000ae9b776b079a507e81f6cbad842da823f5ebe54a00000000000000000000000000000000000000000000000000000000000000000000000000000000000000000000000000000000000000000000000000000000000000000000000000000000000000000000000000000000000000000001e678000000000000000000000000000000000000000000000000000000000185a03100000000000000000000000000000000000000000000000000470de4df820000,0x000000000000000000000000c4ebbc918ab673fca56fff1c8583909d8b9fa37d,0x000000000000000000000000052801d72722bb5387f32e01675020dbb72e9fe7,0x0000000000000000000000001f7d7550b1b028f7571e69a784071f0205fd2efa,0x03fac698303eed42ed10196a386317c22965d9f5fd5c004eac65862fd7a2e626
9926239,2026-07-14 23:30:24.000 UTC,0x0000000000000000000000000bd7d308f8e1639fab988df18a8011f41eacad73000000000000000000000000dd341938860e068521d3fcc65346c0cc75c51bcd00000000000000000000000000000000000000000000000000000000000000000000000000000000000000000000000000000000000000000000000000000000000000000000000000000000000000000000000000000000000000000001e686000000000000000000000000000000000000000000000000000000000185a04c000000000000000000000000000000000000000000000000006053442a7dec00,0x00000000000000000000000008df5e42da248bb1262d4914a28267ba222b7bfc,0x0000000000000000000000008a4e76560b086482b87f9f901144b9395a0f41ee,0x0000000000000000000000001f7d7550b1b028f7571e69a784071f0205fd2efa,0xac3d84be463b7a2df381a0903ed3276fbb008d49ab7f0432e9ea33ff29da9b34
9926756,2026-07-14 23:31:16.000 UTC,0x0000000000000000000000000bd7d308f8e1639fab988df18a8011f41eacad73000000000000000000000000cece52b50dd5a7b796332cda14db2bbc9848997d00000000000000000000000000000000000000000000000000000000000000000000000000000000000000000000000000000000000000000000000000000000000000000000000000000000000000000000000000000000000000000001e68d000000000000000000000000000000000000000000000000000000000185a0510000000000000000000000000000000000000000000000000000000000000000,0x0000000000000000000000002c56d64dcf8b535a6046fb22847085c3059bb648,0x0000000000000000000000009e32b49d982ff795335be7c56fda5bed40dbec0e,0x0000000000000000000000001f7d7550b1b028f7571e69a784071f0205fd2efa,0x2ffde0dbc490eb780edeae5ffef1e85a563e5c042faf053c72f70ec161dc9045
9928009,2026-07-14 23:33:21.000 UTC,0x0000000000000000000000000bd7d308f8e1639fab988df18a8011f41eacad73000000000000000000000000ca6aa177b14482a3e56ae395146461e3aec1de7300000000000000000000000000000000000000000000000000000000000000000000000000000000000000000000000000000000000000000000000000000000000000000000000000000000000000000000000000000000000000000001e6a5000000000000000000000000000000000000000000000000000000000185a05b000000000000000000000000000000000000000000000000006053442a7dec00,0x000000000000000000000000f11168ec379efd20a35006f1d44cc5f9e4e94e67,0x00000000000000000000000085b1ca1c96ab47b092ab81721b4560c323594eb3,0x0000000000000000000000001f7d7550b1b028f7571e69a784071f0205fd2efa,0x175fec8966e3ed30e3609f1d20182776dc8af2c80a54cb005e430eadaa14895a
9928828,2026-07-14 23:34:43.000 UTC,0x0000000000000000000000000bd7d308f8e1639fab988df18a8011f41eacad7300000000000000000000000038646fbbf4bd51ea1e632470e6a74aaf2a4d706e00000000000000000000000000000000000000000000000000000000000000000000000000000000000000000000000000000000000000000000000000000000000000000000000000000000000000000000000000000000000000000001e6c0000000000000000000000000000000000000000000000000000000000185a06300000000000000000000000000000000000000000000000000470de4df820000,0x000000000000000000000000ed3af596abeb4946c5b3ed4408f15ff03434a2c4,0x000000000000000000000000c5cbef12c11ddc7e9fccd089481b279aaa792899,0x0000000000000000000000001f7d7550b1b028f7571e69a784071f0205fd2efa,0x45ac7d6fa288b4f7db8e2cd4f66d1e10b1527b39f855b7b69111c7494aea521b
9933590,2026-07-14 23:42:41.000 UTC,0x0000000000000000000000000bd7d308f8e1639fab988df18a8011f41eacad73000000000000000000000000c4097fb0f4e91c21001fe34c049525d750978b2b00000000000000000000000000000000000000000000000000000000000000000000000000000000000000000000000000000000000000000000000000000000000000000000000000000000000000000000000000000000000000000001e6f9000000000000000000000000000000000000000000000000000000000185a08a000000000000000000000000000000000000000000000000002386f26fc10000,0x000000000000000000000000630c17081045b35f1eec804f8e5aa6179bb6a54e,0x000000000000000000000000a7fa9cdf94d30c34ad3dc8623f1b5d97d9264501,0x0000000000000000000000001f7d7550b1b028f7571e69a784071f0205fd2efa,0x4cf649b5313e5f99f28d615b08db8efb4475290fa2f12f392a8aa6a3bbf1f9d7
9933715,2026-07-14 23:42:53.000 UTC,0x0000000000000000000000000bd7d308f8e1639fab988df18a8011f41eacad73000000000000000000000000b39fdb3a76788aa0a3acd5ad967a3d9b2e6d0ec400000000000000000000000000000000000000000000000000000000000000000000000000000000000000000000000000000000000000000000000000000000000000000000000000000000000000000000000000000000000000000001e6fb000000000000000000000000000000000000000000000000000000000185a08b0000000000000000000000000000000000000000000000000000000000000000,0x000000000000000000000000cf029faebf2bdcfd195ec1828269557cbf6a4517,0x000000000000000000000000761ab4aa6e05578f34476f12698b67f8ba0ac12c,0x0000000000000000000000001f7d7550b1b028f7571e69a784071f0205fd2efa,0xb2aefea48e12ec392391db8c8af252aac2bd7deeb5302d357027d5b4857f6fb0
9934167,2026-07-14 23:43:39.000 UTC,0x0000000000000000000000000bd7d308f8e1639fab988df18a8011f41eacad73000000000000000000000000b568972ec48a2b293b842a7c6b4117881d944d2e00000000000000000000000000000000000000000000000000000000000000000000000000000000000000000000000000000000000000000000000000000000000000000000000000000000000000000000000000000000000000000001e702000000000000000000000000000000000000000000000000000000000185a08f00000000000000000000000000000000000000000000000000470de4df820000,0x0000000000000000000000003c8be03a6e2758b7057fec1f8ef2a192d21a6cfb,0x000000000000000000000000d3066001840d9324e1b39cbfbe106174ad00bd31,0x0000000000000000000000001f7d7550b1b028f7571e69a784071f0205fd2efa,0x22bf49036e3844fc827ed92a5b555e657fc01a81f551cad631baf3c362a00334
9934659,2026-07-14 23:44:28.000 UTC,0x0000000000000000000000000bd7d308f8e1639fab988df18a8011f41eacad73000000000000000000000000a77a199a357e5dee2fc8e5261605d4d01de756b600000000000000000000000000000000000000000000000000000000000000000000000000000000000000000000000000000000000000000000000000000000000000000000000000000000000000000000000000000000000000000001e708000000000000000000000000000000000000000000000000000000000185a09300000000000000000000000000000000000000000000000000005af3107a4000,0x00000000000000000000000045d196eae6114d451a310b73cc5e7646b790093d,0x000000000000000000000000ce12e8ace3812c016f92a0326a95258c891ebe8f,0x0000000000000000000000001f7d7550b1b028f7571e69a784071f0205fd2efa,0x48c282a08f5869da0073b272a28156833f4c6ecb39677ae4b31733a8f924b93b
9935335,2026-07-14 23:45:35.000 UTC,0x0000000000000000000000000bd7d308f8e1639fab988df18a8011f41eacad73000000000000000000000000d62ab232d6ef9d6c07bf75655523b6b66458c07a00000000000000000000000000000000000000000000000000000000000000000000000000000000000000000000000000000000000000000000000000000000000000000000000000000000000000000000000000000000000000000001e70f000000000000000000000000000000000000000000000000000000000185a0980000000000000000000000000000000000000000000000000000000000000000,0x00000000000000000000000004532e8c9319423961c0703dfcc79599f7443b89,0x000000000000000000000000b6e60e418e198aad0360be847863e0477420239a,0x0000000000000000000000001f7d7550b1b028f7571e69a784071f0205fd2efa,0x6da24e394cbc33c2309d9e8924b93de64c6882e833ec8bdcf0c0899d0836f0bd
9935696,2026-07-14 23:46:11.000 UTC,0x0000000000000000000000000bd7d308f8e1639fab988df18a8011f41eacad73000000000000000000000000dfeca2fa9757b5b8d6d5c571c00f4f30693b2e8c00000000000000000000000000000000000000000000000000000000000000000000000000000000000000000000000000000000000000000000000000000000000000000000000000000000000000000000000000000000000000000001e71f000000000000000000000000000000000000000000000000000000000185a09b000000000000000000000000000000000000000000000000002386f26fc10000,0x000000000000000000000000a3f5c5385fe2648dae178799ed2db4515be6cafd,0x0000000000000000000000004a096089e3e8164d02641a71e01a8e206c507a8d,0x0000000000000000000000001f7d7550b1b028f7571e69a784071f0205fd2efa,0x520ec9863bd1e2358a15a16f90010540613efb3e2dae1aea0f695429f57e4fb1
9936169,2026-07-14 23:46:59.000 UTC,0x0000000000000000000000000bd7d308f8e1639fab988df18a8011f41eacad730000000000000000000000007e0d81d3868f821b536e49e77179fe02963e766200000000000000000000000000000000000000000000000000000000000000000000000000000000000000000000000000000000000000000000000000000000000000000000000000000000000000000000000000000000000000000001e724000000000000000000000000000000000000000000000000000000000185a0a0000000000000000000000000000000000000000000000000002386f26fc10000,0x0000000000000000000000007d3e3863e1a3c731ce942bbc53533780dcee709b,0x00000000000000000000000019bd090078635b6f3280db1e84072aed2b7def57,0x0000000000000000000000001f7d7550b1b028f7571e69a784071f0205fd2efa,0xf4009918a5d5075d295f966cef535402ad0e8de889d0fea5cbbab50e66739b34
9938864,2026-07-14 23:51:29.000 UTC,0x0000000000000000000000000bd7d308f8e1639fab988df18a8011f41eacad730000000000000000000000009b957fcb62e7d01a68466cf93b147b633031b77600000000000000000000000000000000000000000000000000000000000000000000000000000000000000000000000000000000000000000000000000000000000000000000000000000000000000000000000000000000000000000001e737000000000000000000000000000000000000000000000000000000000185a0b700000000000000000000000000000000000000000000000000005af3107a4000,0x000000000000000000000000029ce2ea17e41ce50c0c4b0dad33178788b4a0ef,0x000000000000000000000000ce12e8ace3812c016f92a0326a95258c891ebe8f,0x0000000000000000000000001f7d7550b1b028f7571e69a784071f0205fd2efa,0xcc47b7d0e87436b71397e1de1891fdbf581e4037dff5ec4cc1818c83a981f844
9939453,2026-07-14 23:52:28.000 UTC,0x0000000000000000000000000bd7d308f8e1639fab988df18a8011f41eacad73000000000000000000000000f13fb77e790ca89ee31f511b828720e07edab3be00000000000000000000000000000000000000000000000000000000000000000000000000000000000000000000000000000000000000000000000000000000000000000000000000000000000000000000000000000000000000000001e73f000000000000000000000000000000000000000000000000000000000185a0bc00000000000000000000000000000000000000000000000000470de4df820000,0x000000000000000000000000c8144fbcc3cf8e1c2daeddc040df2d1f09f5bb2e,0x000000000000000000000000052801d72722bb5387f32e01675020dbb72e9fe7,0x0000000000000000000000001f7d7550b1b028f7571e69a784071f0205fd2efa,0xf7162c25dd97512d1331ca27d89b7a5caab556ad4f7ae7f182b42fcc9b5cd790
9939722,2026-07-14 23:52:55.000 UTC,0x0000000000000000000000000bd7d308f8e1639fab988df18a8011f41eacad73000000000000000000000000e35e1f334462369d85e901def8a3e8532ab4ed3c00000000000000000000000000000000000000000000000000000000000000000000000000000000000000000000000000000000000000000000000000000000000000000000000000000000000000000000000000000000000000000001e741000000000000000000000000000000000000000000000000000000000185a0bd00000000000000000000000000000000000000000000000000470de4df820000,0x00000000000000000000000045548f51d6639a96aba18bd5038286e2472ef29b,0x000000000000000000000000c5cbef12c11ddc7e9fccd089481b279aaa792899,0x0000000000000000000000001f7d7550b1b028f7571e69a784071f0205fd2efa,0xd3158567520ad6589fdc19223d7e30a5c0f97f9baad6e5c3317679869951d797
9942668,2026-07-14 23:57:50.000 UTC,0x0000000000000000000000000bd7d308f8e1639fab988df18a8011f41eacad7300000000000000000000000056703729c16b88847869598a5421a134922e914100000000000000000000000000000000000000000000000000000000000000000000000000000000000000000000000000000000000000000000000000000000000000000000000000000000000000000000000000000000000000000001e757000000000000000000000000000000000000000000000000000000000185a0d6000000000000000000000000000000000000000000000000002386f26fc10000,0x000000000000000000000000c79cff34fbacd41e6e9291cd10a491452f534363,0x0000000000000000000000006983bb66140d1a029cc89a98dba16daacd6f99c4,0x0000000000000000000000001f7d7550b1b028f7571e69a784071f0205fd2efa,0xd082385648cd42f07dbd7572c89b85ad7227ba0a7c90abececd08d37a9a537de
9942932,2026-07-14 23:58:17.000 UTC,0x0000000000000000000000000bd7d308f8e1639fab988df18a8011f41eacad73000000000000000000000000fd45eea73fc04441908096ddd805be99b9888a7a00000000000000000000000000000000000000000000000000000000000000000000000000000000000000000000000000000000000000000000000000000000000000000000000000000000000000000000000000000000000000000001e765000000000000000000000000000000000000000000000000000000000185a0d800000000000000000000000000000000000000000000000000470de4df820000,0x00000000000000000000000020c948413bbd04e6603decc91b666b583ad09e33,0x000000000000000000000000d3066001840d9324e1b39cbfbe106174ad00bd31,0x0000000000000000000000001f7d7550b1b028f7571e69a784071f0205fd2efa,0x82242b09bc45b4ad04215a3e2bde27399916dc2dca3aab8c138e7a8ab2004c4d
