block_number,block_time,data,topic1,tx_hash
27828161,2026-08-04 18:09:02.000 UTC,0x0000000000000000000000000000000000000000000000000000000000071d4e000000000000000000000000000000000000000000a8cff7796e783639f687c40000000000000000000000000000000000000000000000024150e39800400002,0x000000000000000000000000c9e9ab90654f82893d7fd18b62f694992e8cef29,0x98dfda1126a8b6b66a249db891a221f6fcebd2d17b6e57e2f0c119dba09ad6a3
27904054,2026-08-04 20:16:08.000 UTC,0x0000000000000000000000000000000000000000000000000000000000072154000000000000000000000000000000000000000000a8cff7796e78367e7a6c030000000000000000000000000000000000000000000000003a4965bf58a40053,0x000000000000000000000000c8af2cc77bae2274ff7f8949e01e6c58f7a9c00d,0xbe5894826c258aaea8491d8e8ccbba3bfe6d47feda07a6ebc3b820b8e20ff538
27908828,2026-08-04 20:24:07.000 UTC,0x00000000000000000000000000000000000000000000000000000000000721ca000000000000000000000000000000000000000000a8cff7796e78363d9946f9000000000000000000000000000000000000000000000003e9f9ed77cf34004f,0x0000000000000000000000002648d0e48a31b880c7f004e1778a68f9fb5bc92b,0x026d442fdec2d63146c7d2811043ec757eabf3a96e74645e7be65dcf244a7dc6
27945788,2026-08-04 21:25:58.000 UTC,0x00000000000000000000000000000000000000000000000000000000000723bf000000000000000000000000000000000000000000a8cff7796e78363a15b188000000000000000000000000000000000000000000000003e9f9ed77cf340006,0x000000000000000000000000320d9b0f1b438567d28452b715f8766a7617043e,0x761d7ac2e41561c9016eeb786af1f1e2dc1878090af64db1949fc7bcb8ca7424
28138164,2026-08-05 02:47:22.000 UTC,0x0000000000000000000000000000000000000000000000000000000000072e38000000000000000000000000000000000000000000a8cff7796e78366ec1795e0000000000000000000000000000000000000000000000003a4965bf58a40040,0x0000000000000000000000009d60d91044f1c501fea4d2e95691b84edd8cf4cb,0x35993c612f59405d1eaab65f73473c869a1f4cb941d726e3d03f145ded5621bb
28176481,2026-08-05 03:51:23.000 UTC,0x0000000000000000000000000000000000000000000000000000000000073068000000000000000000000000000000000000000000a8cff7796e783639fbfa8b00000000000000000000000000000000000000000000001400e758f447240014,0x000000000000000000000000df696153121fdf4719c1868c9b16751c778caaad,0x5e539cd44a448a07f8edc3d7d32fb931edbe2b2db4ec47525e96d3c215de954a
28180874,2026-08-05 03:58:44.000 UTC,0x00000000000000000000000000000000000000000000000000000000000730a4000000000000000000000000000000000000000000a8cff7796e78364267a96d0000000000000000000000000000000000000000000000009744943fd3c2001b,0x000000000000000000000000edf530ac305923314302a729464e942a0fedc342,0xa0f681de19b7909730e51c1f23e556e99fbb0f994007efb62c367aba1243586f
28568005,2026-08-05 14:45:56.000 UTC,0x000000000000000000000000000000000000000000000000000000000007443d000000000000000000000000000000000000000000a8cff7796e783652dc0b1b0000000000000000000000000000000000000000000000024150e3980040012c,0x00000000000000000000000047be2c84a30d921bfcac1a1a3fdf8f082e274c41,0x487b3d0150da1b43611712520a0e76c3215b19f606984e320edc694558fd1989
28596845,2026-08-05 15:34:04.000 UTC,0x0000000000000000000000000000000000000000000000000000000000074696000000000000000000000000000000000000000000a8cff7796e7836cebed6fd0000000000000000000000000000000000000000000000003a4965bf58a400b4,0x000000000000000000000000fc5bcfb6c3d698f6e1e466f28a6a32c5675d8b73,0x268edbdff97e9b090af25a5ca3bc3023e5996dc0bc7e5eeba7eaa670d75918d5
28801646,2026-08-05 21:14:58.000 UTC,0x0000000000000000000000000000000000000000000000000000000000077b0e000000000000000000000000000000000000000000a8cff7796e78363b736f0e0000000000000000000000000000000000000000000000003a4965bf58a40002,0x0000000000000000000000009ca1cc0c90d97b4f36c5e2232d4fbd705a73c65d,0x8d10d735256f1a9347778af2a0790a17e558d6303fd7881a77bb63526b52fbaa
29249256,2026-08-06 09:42:23.000 UTC,0x000000000000000000000000000000000000000000000000000000000007cdd8000000000000000000000000000000000000000000a8cff7796e78363deef3af0000000000000000000000000000000000000000000000003a4965bf58a40005,0x0000000000000000000000005173b8ea6923c2d40267890d45c46a3480954773,0x4e6a69906a77044d149298da72e6e850c8ef14a3abfe67dc17a84f581b99c3b2
29422855,2026-08-06 14:32:23.000 UTC,0x000000000000000000000000000000000000000000000000000000000007e6a3000000000000000000000000000000000000000000a8cff7796e7836413e4f300000000000000000000000000000000000000000000000003a4965bf58a40009,0x000000000000000000000000fd4388d021b2977718ea3ff19f66f7d49d307882,0x58ed9bc22d50c64602319590d4715f4d702bf969ff155fe0fd830cf5e0840a2d
29468728,2026-08-06 15:49:06.000 UTC,0x000000000000000000000000000000000000000000000000000000000007eda5000000000000000000000000000000000000000000a8cff7796e78365d60d8f90000000000000000000000000000000000000000000000003a4965bf58a4002b,0x0000000000000000000000000cc8522ca4f423638032d0211a6e823392a1eae1,0x0f4fbbad1931de6711df96d75a50814a76e5649e623897b4466164602ae6fc1f
29490583,2026-08-06 16:25:33.000 UTC,0x000000000000000000000000000000000000000000000000000000000007f08d000000000000000000000000000000000000000000a8cff7796e7836829d9e640000000000000000000000000000000000000000000000003a4965bf58a40058,0x00000000000000000000000003a6ddb5cbcef1deed48b809de3520ebbe39a331,0xf363492c49b2e1991947b9989451d779add11333ce5743d958892496ba6e98c1
29522746,2026-08-06 17:19:12.000 UTC,0x000000000000000000000000000000000000000000000000000000000007f5a2000000000000000000000000000000000000000000a8cff7796e783673b882a00000000000000000000000000000000000000000000000003a4965bf58a40046,0x000000000000000000000000150228e517b1f0ca7feca76f42da070797065ec5,0xd759da876c45d535f11fa73d757945219a30aff41ad5cda3d7ddf9149ccad01e
29830568,2026-08-07 01:52:14.000 UTC,0x0000000000000000000000000000000000000000000000000000000000081932000000000000000000000000000000000000000000a8cff7796e7836ec890e860000000000000000000000000000000000000000000000003a4965bf58a400d8,0x00000000000000000000000020c86dde46f7cb6b1adb52598d2f2da70ecef7d9,0xa603a634aedb12f74ced957c831417a95c1ecd76b35d0eb767df06f43e08a294
30027300,2026-08-07 07:21:09.000 UTC,0x00000000000000000000000000000000000000000000000000000000000827c3000000000000000000000000000000000000000000a8cff7796e78363deef3af0000000000000000000000000000000000000000000000003a4965bf58a40005,0x000000000000000000000000d8df888d3052243ff06a4f6ab12236d2cbad40f0,0x3e43390a096dd16f747b11d9923fb28e6cccf81462eb29698343820e300d5bbf
30297653,2026-08-07 14:53:03.000 UTC,0x0000000000000000000000000000000000000000000000000000000000083a80000000000000000000000000000000000000000000a8cff7796e78367da695230000000000000000000000000000000000000000000000003a4965bf58a40052,0x00000000000000000000000049bac47750f3dcdba49350b5d74fd399e90f97c6,0x53efb6de05364786517e1d201987c58fd87b0e54214166147071be4a44907339
30314364,2026-08-07 15:20:55.000 UTC,0x0000000000000000000000000000000000000000000000000000000000083cc9000000000000000000000000000000000000000000a8cff7796e78368ae403270000000000000000000000000000000000000000000000003a4965bf58a40062,0x000000000000000000000000bbf2c91fdcc488ba736e0c38adc82c9a92597deb,0xd9c070a289d3cc5f09e629f3a8154efa9b59abef434a6eb8a82cebdc1ffdb957
30323607,2026-08-07 15:36:22.000 UTC,0x0000000000000000000000000000000000000000000000000000000000083db1000000000000000000000000000000000000000000a8cff7796e7836b443faf40000000000000000000000000000000000000000000000003a4965bf58a40094,0x000000000000000000000000190743b06c3d3d8d04ea5e34afbd0f6eb638e06f,0xa77bfd862dce658d86797bbe46477dc7b017e4b30222919178ce5f1d902aa8ef
30348446,2026-08-07 16:17:50.000 UTC,0x0000000000000000000000000000000000000000000000000000000000084019000000000000000000000000000000000000000000a8cff7796e7836463558710000000000000000000000000000000000000000000000003a4965bf58a4000f,0x000000000000000000000000d909ee8a68812dcb082128a08ec05be2804825af,0xd2c0fb28febab84fcaa97747e8310f7e1de5a063dc09b99d623bdf8d3bc185ad
30357993,2026-08-07 16:33:47.000 UTC,0x00000000000000000000000000000000000000000000000000000000000840f3000000000000000000000000000000000000000000a8cff7796e7836b443faf40000000000000000000000000000000000000000000000003a4965bf58a40094,0x000000000000000000000000722dad04eade14c4df0f1a8f7bdd0934d78f2795,0x0dd5da09fca0cac759533503a0c6b07f2bb9e5fffffd5c05922bb94380c7bb60
30533886,2026-08-07 21:27:26.000 UTC,0x00000000000000000000000000000000000000000000000000000000000854f7000000000000000000000000000000000000000000a8cff7796e783654469d560000000000000000000000000000000000000000000000003a4965bf58a40020,0x0000000000000000000000006b94ebcc1a39fd332efbd03828c6e8c1d55a10df,0xae3acde6efd24af0702599213a2c8b66a6ed3cf7c2fd03e5433b6a8edfacf833
30568581,2026-08-07 22:25:10.000 UTC,0x0000000000000000000000000000000000000000000000000000000000085a54000000000000000000000000000000000000000000a8cff7796e783689824c840000000000000000000000000000000000000000000000009744943fd3c200fa,0x000000000000000000000000f0f08156d456cc19db192d00f6e4b83631eab18d,0x5bcd91c38f41ef6f3378eed4f428df15b8fe3d948a14e290f70b6a67728fdbff
30587409,2026-08-07 22:56:35.000 UTC,0x0000000000000000000000000000000000000000000000000000000000085bd1000000000000000000000000000000000000000000a8cff7796e78366ba162f80000000000000000000000000000000000000000000000014fd7abc86c74015b,0x000000000000000000000000b2583b748ab5cc410975ed859c5569ee2435bc3d,0x8624aeebbe35b55f3b693298f5ed464bd8b3e6d561c9656b4aa88949771f6866
30598961,2026-08-07 23:15:50.000 UTC,0x0000000000000000000000000000000000000000000000000000000000085d4d000000000000000000000000000000000000000000a8cff7796e78369f30e0f90000000000000000000000000000000000000000000000009744943fd3c2013e,0x000000000000000000000000f3fbe8e262d375d0d13392bc244bd2e903583c74,0xaf08c2847752d4f53cfe929c0240ea839385fcbe7648f57f0bc72999e574b0c6
30616263,2026-08-07 23:44:41.000 UTC,0x0000000000000000000000000000000000000000000000000000000000085f0a000000000000000000000000000000000000000000a8cff7796e78363d19aff30000000000000000000000000000000000000000000000067ff84dbb4c99fa9b,0x00000000000000000000000039643636c4b629732947a24a705fc5f41e4489ce,0xafbe788862b80632b5124048894e6054aef15cf828386155ff0bf0f598036318
30621139,2026-08-07 23:52:48.000 UTC,0x0000000000000000000000000000000000000000000000000000000000085f83000000000000000000000000000000000000000000a8cff7796e78363a1b52f300000000000000000000000000000000000000000000001400e758f447240021,0x00000000000000000000000061c91b626dcb95e093d948f5e5e4f068885b1953,0x0a4010a38f44300315b4a6e7ba6ed8dd2bf7ff89a34bee5a861ca7380834b9c2
30684495,2026-08-08 01:38:30.000 UTC,0x0000000000000000000000000000000000000000000000000000000000086680000000000000000000000000000000000000000000a8cff7796e783650236af40000000000000000000000000000000000000000000000003a4965bf58a4001b,0x000000000000000000000000fdf085fc400504ca734e9ef89c68d2b98e604c2c,0x371ac0aa6db92bf74c5a7f7cd8685fb5c16ad4338a2a4bc0c4d26f825d04ba25
30714076,2026-08-08 02:27:51.000 UTC,0x0000000000000000000000000000000000000000000000000000000000086961000000000000000000000000000000000000000000a8cff7796e78365795f8d70000000000000000000000000000000000000000000000003a4965bf58a40024,0x0000000000000000000000005e568664993bf997acb08f70a182d7236745a649,0xecc10c72c8d38eda549011196246a5f061e0f82200f381ccad5e9fc9c2e487a8
30851286,2026-08-08 06:17:08.000 UTC,0x000000000000000000000000000000000000000000000000000000000008754d000000000000000000000000000000000000000000a8cff7796e78369d187a6d0000000000000000000000000000000000000000000000003a4965bf58a40078,0x000000000000000000000000d928a068d2b90798373a470c9d9ba562322acdef,0xac4d686cf1f09084617ace3a652b00ee8fd34db72d844abda859b346d2a9f63b
30861752,2026-08-08 06:34:35.000 UTC,0x000000000000000000000000000000000000000000000000000000000008764f000000000000000000000000000000000000000000a8cff7796e783695a5ec8a0000000000000000000000000000000000000000000000003a4965bf58a4006f,0x0000000000000000000000003acc80544ee35323f996e2338bfa548e8ffa79de,0xf428150b62eac1ab5f7d385ee2e8dd9ec186899ea3c2d1ef48ebf483b2c22967
30911704,2026-08-08 07:58:06.000 UTC,0x0000000000000000000000000000000000000000000000000000000000087a58000000000000000000000000000000000000000000a8cff7796e78363b736f0e0000000000000000000000000000000000000000000000003a4965bf58a40002,0x0000000000000000000000004436033fcf5a7a849e36738660b47b592792d4a1,0x4b65970c21f9e776f09cd47871ee39646920800777bb1bb0e8f44a10f49ba43a
31061211,2026-08-08 12:08:03.000 UTC,0x000000000000000000000000000000000000000000000000000000000008846b000000000000000000000000000000000000000000a8cff7796e783a339e2ad00000000000000000000000000000000000000000000000003a4965bf58a404ce,0x0000000000000000000000002e84f2e0b88bd3ffb5d6738ae0e3c7c00137083e,0x37deb4100c7b3aabee1910bba6ce6feb2ec9c647539225ae1f7ba9f0a3099d0d
31157144,2026-08-08 14:48:14.000 UTC,0x0000000000000000000000000000000000000000000000000000000000088a7e000000000000000000000000000000000000000000a8cff7796e78365bb92b380000000000000000000000000000000000000000000000003a4965bf58a40029,0x0000000000000000000000007f252feed0bcb6db7c40faf320a02ebd2cd3aee8,0x86a094ec5658a42f08113f746e6999fc349cded3fc7016466e589c92e31317bf
31213749,2026-08-08 16:22:38.000 UTC,0x0000000000000000000000000000000000000000000000000000000000088faf000000000000000000000000000000000000000000a8cff7796e78364b2c61b30000000000000000000000000000000000000000000000003a4965bf58a40015,0x00000000000000000000000080a194e91f04b31bfd51b4923b5fb1766b0b19c3,0x2c153a7a65b885929b47915f0631f89c95fd6ef64719b17d4f8343b66de89303
31237261,2026-08-08 17:01:51.000 UTC,0x0000000000000000000000000000000000000000000000000000000000089195000000000000000000000000000000000000000000a8cff7796e78365372c6750000000000000000000000000000000000000000000000003a4965bf58a4001f,0x0000000000000000000000001453df7c17452ab218ee7a2d3a8c34a200b47634,0x41f81130aeee11392a1e075cf05a2f5b8a37e2d1fb2e27c50c45839fcfa628c7
31248029,2026-08-08 17:19:50.000 UTC,0x00000000000000000000000000000000000000000000000000000000000892a1000000000000000000000000000000000000000000a8cff7796e78370703ea8e0000000000000000000000000000000000000000000000003a4965bf58a400f8,0x000000000000000000000000c5538b6a776996ac8bb3cd44c8d456d98be460c1,0xbec1802f31c39fa30f107f43e574f2ca8595a3ca4fba3ae7ae3e7613306f9717
31263681,2026-08-08 17:45:55.000 UTC,0x0000000000000000000000000000000000000000000000000000000000089427000000000000000000000000000000000000000000a8cff7796e7836c3fced990000000000000000000000000000000000000000000000003a4965bf58a400a7,0x000000000000000000000000b2603a00ec6b2efd4d3f57bf32507bba017a166b,0x187ab1a6e84ce549355ea3352b4c0c208dc5edca03ee8ae3f61e952fc6e88029
31292671,2026-08-08 18:34:16.000 UTC,0x00000000000000000000000000000000000000000000000000000000000896bc000000000000000000000000000000000000000000a8cff7796e7836a48b084f0000000000000000000000000000000000000000000000003a4965bf58a40081,0x00000000000000000000000056eebdd62607378731da8c0af890f104082efd39,0x78e9f80eaf0ef408621cb7d27045f9df778e20a357f50683c17609b086686dad
31380487,2026-08-08 21:00:45.000 UTC,0x0000000000000000000000000000000000000000000000000000000000089dbc000000000000000000000000000000000000000000a8cff7796e7836b25273060000000000000000000000000000000000000000000000009744943fd3c2017a,0x000000000000000000000000451b42a15100c340ca12f7c66de06fac5ea2d751,0xbad3139b340d7e7643504cf0085f9eeb4f67651965a5f6dc1ccabf483fecf77a
31442048,2026-08-08 22:43:28.000 UTC,0x000000000000000000000000000000000000000000000000000000000008a2ac000000000000000000000000000000000000000000a8cff7796e7837193861d40000000000000000000000000000000000000000000000003a4965bf58a4010e,0x000000000000000000000000cf8a50dae636b9aa6885d6eacc9efa5116a3492b,0xf0746319fefcbfb0537264b24477670d82954b1fe1f0cc59e018881e82a6e931
31530409,2026-08-09 01:11:02.000 UTC,0x000000000000000000000000000000000000000000000000000000000008a7f6000000000000000000000000000000000000000000a8cff7796e783654469d560000000000000000000000000000000000000000000000003a4965bf58a40020,0x000000000000000000000000ff23d2eab1e714949afa26851855a0a70e51bff3,0x96cd2dcbec53ccf7b855436811880e2fbdee1258d5d5299712013382495a7bf6
31542257,2026-08-09 01:30:49.000 UTC,0x000000000000000000000000000000000000000000000000000000000008a90a000000000000000000000000000000000000000000a8cff7796e78369ec0282d0000000000000000000000000000000000000000000000003a4965bf58a4007a,0x0000000000000000000000006bf44fd9c00dc9299230b327cfdcafd9761ea6a0,0x58d9f97026c906bc56dada5ddc6fd957c12596b45370f65196f31156ee5ffe78
31891523,2026-08-09 11:14:21.000 UTC,0x000000000000000000000000000000000000000000000000000000000008c1fd000000000000000000000000000000000000000000a8cff7796e7836fde9aeeb0000000000000000000000000000000000000000000000003a4965bf58a400ed,0x00000000000000000000000060f8eae2feccfce0a8852c0b7e083733883d024b,0x589b606f1ed42ad558d2ef867215cf820db8b501c29847353b9f92d2617e9aa9
31958887,2026-08-09 13:06:54.000 UTC,0x000000000000000000000000000000000000000000000000000000000008c69c000000000000000000000000000000000000000000a8cff7796e7836413e4f300000000000000000000000000000000000000000000000003a4965bf58a40009,0x000000000000000000000000aa126e7235f562241b35f6c6177a86f2c2dd3c30,0xc3a1381d0666a802f1680a4ab52de5991372e55c54c501c611e20a4e78ce735c
31974526,2026-08-09 13:33:01.000 UTC,0x000000000000000000000000000000000000000000000000000000000008c7d2000000000000000000000000000000000000000000a8cff7796e78363a98b49300000000000000000000000000000000000000000000001400e758f447240055,0x000000000000000000000000c27dc64d50148fcf51b566ea11e529805a9a0a7f,0x43173ade6a952a45d04c0dbeda3cb48e3ed002272e002b59db6f2a1496f7c653
32027057,2026-08-09 15:00:45.000 UTC,0x000000000000000000000000000000000000000000000000000000000008cc6e000000000000000000000000000000000000000000a8cff7796e78363b736f0e0000000000000000000000000000000000000000000000003a4965bf58a40002,0x00000000000000000000000094b1a570090c8739186b98dd2a4966a8cdde6ac3,0x3671bee1c935e6e84908df7c85a3e0f94dbf1748d0d7ae58a32e7233e11074f9
32030240,2026-08-09 15:06:05.000 UTC,0x000000000000000000000000000000000000000000000000000000000008ccea000000000000000000000000000000000000000000a8cff7796e7836bbb688d70000000000000000000000000000000000000000000000003a4965bf58a4009d,0x0000000000000000000000000ea899725a391ad66920c8869f0d89d60119d0a2,0x94f3342ebbe0257e8c32b24d5b22cc71722b63bc23a321e474e2d564805546d6
32092422,2026-08-09 16:49:47.000 UTC,0x000000000000000000000000000000000000000000000000000000000008d36f000000000000000000000000000000000000000000a8cff7796e78363cfc04500000000000000000000000000000000000000000000000009744943fd3c2000a,0x0000000000000000000000009e722ee888bcc282a20f16b85ec1a48be15d32cf,0x19364ae82ee48079a674ad92583153ba6a14643edb76856119f10801b79aed3a
32135420,2026-08-09 18:01:32.000 UTC,0x000000000000000000000000000000000000000000000000000000000008d7c0000000000000000000000000000000000000000000a8cff7796e78372f900b7b0000000000000000000000000000000000000000000000003a4965bf58a40129,0x000000000000000000000000c9ce55848dc50fff3f9108e045a305334ef6e456,0x01ded8e78776a1df570a5df5740aeb9d6b890a07fa263c5244283a9f2923b21b
32156231,2026-08-09 18:36:17.000 UTC,0x000000000000000000000000000000000000000000000000000000000008d9f5000000000000000000000000000000000000000000a8cff7796e78363b736f0e0000000000000000000000000000000000000000000000003a4965bf58a40002,0x000000000000000000000000a341a0fb42373639a9b4c108de07e151f5ffc8ae,0x859c633c1fc1b5610ccb17d444c433af47ddf861d670ad2fc91a223a1c201d55
32241538,2026-08-09 20:58:31.000 UTC,0x000000000000000000000000000000000000000000000000000000000008e15b000000000000000000000000000000000000000000a8cff7796e78368fdb0c690000000000000000000000000000000000000000000000003a4965bf58a40068,0x000000000000000000000000ddec0170ceb4426ea05f2fbd485dffa4fafa6615,0x469ebc9a15a3229c3e1dcaca5a1af2920f2743274fd4a0aa9240b6c479b457aa
32330955,2026-08-09 23:27:38.000 UTC,0x000000000000000000000000000000000000000000000000000000000008ea2c000000000000000000000000000000000000000000a8cff7796e78363c4745ee0000000000000000000000000000000000000000000000003a4965bf58a40003,0x00000000000000000000000095d3bc5d467d448ac83c5b33ff90f4dcfaf4c1e4,0x3ffd92a3631f8a17059e44b9159a791fa365cdff26b117d0a0cef35d26a4a15b
32463841,2026-08-10 03:09:24.000 UTC,0x000000000000000000000000000000000000000000000000000000000008f5d7000000000000000000000000000000000000000000a8cff7796e7836db286e200000000000000000000000000000000000000000000000003a4965bf58a400c3,0x00000000000000000000000013fa79f9c09e7349b06142a38b8a0198c87def49,0xcfac687d46c344f2067d94ce6007c3b2abe0b06cb151e3181fbbc534946b2d5e
32580219,2026-08-10 06:23:50.000 UTC,0x000000000000000000000000000000000000000000000000000000000008fdf8000000000000000000000000000000000000000000a8cff7796e78363f96a16f0000000000000000000000000000000000000000000000003a4965bf58a40007,0x00000000000000000000000007c75ea54b5297a0f250bf21432de3cd1c84680d,0x2d3f65f4359acb2e2ed41937975ca80b94af503cd246b36c148deb6a6d390e5e
32661537,2026-08-10 08:39:45.000 UTC,0x00000000000000000000000000000000000000000000000000000000000903cc000000000000000000000000000000000000000000a8cff7796e7836f4cf73490000000000000000000000000000000000000000000000003a4965bf58a400e2,0x000000000000000000000000ae01e6ec5b0bb375fa154611e41b6448e7e6e0b5,0xcae8558190ec8d94a2eeb942cf4391922b0db2318c6d5bf751f65b1b5b8464f6
32672516,2026-08-10 08:58:03.000 UTC,0x00000000000000000000000000000000000000000000000000000000000904e7000000000000000000000000000000000000000000a8cff7796e78363b736f0e0000000000000000000000000000000000000000000000003a4965bf58a40002,0x0000000000000000000000000b4a283157749f3f0093b31549afa7b95946d256,0x165d7c8aa038ba1f40257b064a022be5456a88644d17925d4b0e571bc121885e
32828433,2026-08-10 13:18:28.000 UTC,0x0000000000000000000000000000000000000000000000000000000000091117000000000000000000000000000000000000000000a8cff7796e783660b0347a0000000000000000000000000000000000000000000000003a4965bf58a4002f,0x000000000000000000000000715922c4af57438f768aa831ecae8a62e646dcf3,0x6338b9cf7fa17a2155cdb1d22d706f188cb68a4863fc56771634192a53ac9b38
32852097,2026-08-10 13:57:58.000 UTC,0x000000000000000000000000000000000000000000000000000000000009130b000000000000000000000000000000000000000000a8cff7796e7836a632b6100000000000000000000000000000000000000000000000003a4965bf58a40083,0x000000000000000000000000d4dc6b48ad73ec51e71d9b8f65568f88609b92c1,0x42403f1a7a064924beb1dd8bc3909769eb21037d4d241401f7493fd3f170a385
32885037,2026-08-10 14:52:58.000 UTC,0x0000000000000000000000000000000000000000000000000000000000091643000000000000000000000000000000000000000000a8cff7796e7836632bb91a0000000000000000000000000000000000000000000000003a4965bf58a40032,0x000000000000000000000000e6ae45b9359399ce0b9626b528989a897476a7dc,0xe5d1fdf4ff5c0ecb590116d7a917de9862f41f41d844646b4703472c150c3289
32931562,2026-08-10 16:10:36.000 UTC,0x0000000000000000000000000000000000000000000000000000000000091b2d000000000000000000000000000000000000000000a8cff7796e78364f4f94140000000000000000000000000000000000000000000000003a4965bf58a4001a,0x000000000000000000000000aee29417316df308865b7bb304c9ae6ce0ac2050,0xe943a6c91ce0b58799e2460dfdbfdfed3b1b6b21f39a52f8a4dee117d05ae1fd
32946434,2026-08-10 16:35:26.000 UTC,0x0000000000000000000000000000000000000000000000000000000000091d10000000000000000000000000000000000000000000a8cff7796e78363a9f982e0000000000000000000000000000000000000000000000003a4965bf58a40001,0x000000000000000000000000411388ff37390dbf2578bccadb9efec222a26013,0x264a028e32b2f17e4967689bb9fdc2fc10a56fd908182d4059933fbe0419bfaa
32950163,2026-08-10 16:41:39.000 UTC,0x0000000000000000000000000000000000000000000000000000000000091d5b000000000000000000000000000000000000000000a8cff7796e783656c221f70000000000000000000000000000000000000000000000003a4965bf58a40023,0x000000000000000000000000d6f542cadd79f1ec824883a0fdb90cb8c980a7ad,0xae3c19ac0a9f94a5d5cf467d27540e777e38d81e217ea61091f50bbbb6461ba9
32995484,2026-08-10 17:57:13.000 UTC,0x0000000000000000000000000000000000000000000000000000000000092199000000000000000000000000000000000000000000a8cff7796e783655ee4b160000000000000000000000000000000000000000000000003a4965bf58a40022,0x0000000000000000000000009220ee092f0440ca93f41cf2d82bf526f0755c36,0x851ec2749bca426e6dcc515fbdbc62acad9e347809505b6abbaf1c230f216be7
33056727,2026-08-10 19:39:25.000 UTC,0x00000000000000000000000000000000000000000000000000000000000927b9000000000000000000000000000000000000000000a8cff7796e78368bb7da070000000000000000000000000000000000000000000000003a4965bf58a40063,0x0000000000000000000000008e790f0a559a0165433d755d5ff5fd6df91ca4c6,0x425f91bd2431bbcc5032347656dede519ce8c6f23038463ea5eb42cc869dd7f2
33080385,2026-08-10 20:18:55.000 UTC,0x00000000000000000000000000000000000000000000000000000000000929c7000000000000000000000000000000000000000000a8cff7796e783647092f520000000000000000000000000000000000000000000000003a4965bf58a40010,0x0000000000000000000000004da589f88764a477e36d26e10b37f8e00c2098ef,0xee921d480f9067e446ea2517bdb12ca25abb370202015934642040bf0d94135d
33218491,2026-08-11 00:09:08.000 UTC,0x00000000000000000000000000000000000000000000000000000000000933fd000000000000000000000000000000000000000000a8cff7796e78363c4745ee0000000000000000000000000000000000000000000000003a4965bf58a40003,0x00000000000000000000000068f74a1cd31cd08112d971a704c16dba163c054b,0xed7656e4cdf353606b76bdd870053397580f1a3b41c11ee32f0333b9180f4c69
33293594,2026-08-11 02:14:25.000 UTC,0x000000000000000000000000000000000000000000000000000000000009394e000000000000000000000000000000000000000000a8cff7796e7836763407400000000000000000000000000000000000000000000000003a4965bf58a40049,0x0000000000000000000000005ba31b25a1aa4b85d4402894602edd3f9c8e3d7a,0xdb8e5b85472cb22a9a5ecd085e8890685dd8f1115138825b385386d60d533ee8
33483141,2026-08-11 07:30:29.000 UTC,0x0000000000000000000000000000000000000000000000000000000000094550000000000000000000000000000000000000000000a8cff7796e78365bb92b380000000000000000000000000000000000000000000000003a4965bf58a40029,0x0000000000000000000000005af29b5fe51d1e652dbd6d760d6c242aa6f41129,0x4da04991e37f4e03eb442210b44cb4c21c8fa3a8c076a2661361118982d2bd9c
33828027,2026-08-11 17:05:34.000 UTC,0x000000000000000000000000000000000000000000000000000000000009644a000000000000000000000000000000000000000000a8cff7796e78364f2b3230000000000000000000000000000000000000000000000003e9f9ed77cf3401bc,0x000000000000000000000000c6fa87acfcd4ba8435f1cb12ff883b80af0c8b27,0xc90630997f50c76d92c05b873357c5181f566012330003067eada5d56b359b8c
33889412,2026-08-11 18:47:36.000 UTC,0x000000000000000000000000000000000000000000000000000000000009690b000000000000000000000000000000000000000000a8cff7796e78363deef3af0000000000000000000000000000000000000000000000003a4965bf58a40005,0x00000000000000000000000037544376aa77406336d769c8da92a14e02bc18b1,0xa8c8a2e94bd84cf5353e601b31b8f8d5f201f8344df5f108b340883513a0cdfc
33896430,2026-08-11 18:59:16.000 UTC,0x00000000000000000000000000000000000000000000000000000000000969a5000000000000000000000000000000000000000000a8cff7796e7836d2e2095e0000000000000000000000000000000000000000000000003a4965bf58a400b9,0x00000000000000000000000038917d8296861f023400650f8ed8f3782a58c20b,0x7bacc820ca2fa1b25721b6cf95dd2006afe2801a15c0005a451e8ee37d50f35e
33910230,2026-08-11 19:22:16.000 UTC,0x0000000000000000000000000000000000000000000000000000000000096b05000000000000000000000000000000000000000000a8cff7796e78371a0c38b40000000000000000000000000000000000000000000000003a4965bf58a4010f,0x000000000000000000000000250e71a2eeadbf1c83a173ca58cf648fe5c10bc5,0x299811f593fb204ebb7e5307d3bb89e03d09bd8b7147016bdbe6878c4d288a15
33953884,2026-08-11 20:34:51.000 UTC,0x0000000000000000000000000000000000000000000000000000000000096e88000000000000000000000000000000000000000000a8cff7796e7836413e4f300000000000000000000000000000000000000000000000003a4965bf58a40009,0x00000000000000000000000005349ac9a5d65a4fce3ed9c08a6ba23dfcc1ea5d,0x7f7d419ff104366c82405a3ac9f6ec91ca42604b6acc14a630071208224be8a4
34127410,2026-08-12 01:22:30.000 UTC,0x0000000000000000000000000000000000000000000000000000000000097af6000000000000000000000000000000000000000000a8cff7796e7838be6a9dba0000000000000000000000000000000000000000000000003a4965bf58a4030b,0x0000000000000000000000009b08423da6b1d9209419cfbbc46b8147e6eb7955,0x2c55ef3fe87fa5fb9f095f2ca0d0eaea98c5e37f37d2297f513d5d73c5409cd3
34213907,2026-08-12 03:45:56.000 UTC,0x00000000000000000000000000000000000000000000000000000000000982df000000000000000000000000000000000000000000a8cff7796e78365795f8d70000000000000000000000000000000000000000000000003a4965bf58a40024,0x000000000000000000000000740ad50fac84db5c1cf50b19eb808aee1b643bee,0xe05ce07acab35a19b36abf7ee7423687c3c5e365c88849d327e7626b217ce6f3
34218815,2026-08-12 03:54:06.000 UTC,0x0000000000000000000000000000000000000000000000000000000000098326000000000000000000000000000000000000000000a8cff7796e7836667b149c0000000000000000000000000000000000000000000000003a4965bf58a40036,0x0000000000000000000000001ec72a220d35854b4ec348435b37a100c58d6698,0xcd6ab0ef534d606836ed651699b3c3f4957b1979122b79ad5369bfc9b461e050
34277965,2026-08-12 05:32:29.000 UTC,0x0000000000000000000000000000000000000000000000000000000000098639000000000000000000000000000000000000000000a8cff7796e78369ec0282d0000000000000000000000000000000000000000000000003a4965bf58a4007a,0x000000000000000000000000b7ead5209ca970ad6326fa38ea10724fc6b8d3b9,0xba28b00881e27bb7bf146b036e8b35bff3fe64f0b0811941b0bc3d8f3cdf63b7
34444018,2026-08-12 10:08:34.000 UTC,0x0000000000000000000000000000000000000000000000000000000000099078000000000000000000000000000000000000000000a8cff7796e7836748c59800000000000000000000000000000000000000000000000003a4965bf58a40047,0x000000000000000000000000f138023fd122c2f5ac328c7db0997d72d1490584,0x14bc347b6cb7e6e5d9c2dbf6bac06259769c32f5701251e3d83bb4daaed01fc0
34485141,2026-08-12 11:16:37.000 UTC,0x00000000000000000000000000000000000000000000000000000000000993ee000000000000000000000000000000000000000000a8cff7796e78377f009f940000000000000000000000000000000000000000000000003a4965bf58a40189,0x00000000000000000000000095aaf73c974624d3993d6bd76d24bee08ef8fe9e,0x8557e48a9557cbd8e021995908c06b305a5768b60d0e9cc11faabc05accccdc1
34690110,2026-08-12 16:58:12.000 UTC,0x000000000000000000000000000000000000000000000000000000000009a949000000000000000000000000000000000000000000a8cff7796e78367da695230000000000000000000000000000000000000000000000003a4965bf58a40052,0x000000000000000000000000de808689cc5ea276150e033c5088ee1017cfe4b2,0x6ffb3ca1bd08b0c39b18c8b18e4acc0344ceb02219f975834f8ed7519c8b075b
34708571,2026-08-12 17:29:00.000 UTC,0x000000000000000000000000000000000000000000000000000000000009ab4a000000000000000000000000000000000000000000a8cff7796e78368e335ea80000000000000000000000000000000000000000000000003a4965bf58a40066,0x000000000000000000000000ccc1015e5fe3c42d1cdfc45e8f87a210d560fd4c,0x8f3b4997c067f1249aa07a1c631109682ffcd9e172110486a02bebefeaf81fc1
34745805,2026-08-12 18:31:08.000 UTC,0x000000000000000000000000000000000000000000000000000000000009af2c000000000000000000000000000000000000000000a8cff7796e78368794a7a60000000000000000000000000000000000000000000000003a4965bf58a4005e,0x000000000000000000000000e4beae0654a3a2d96ddab886f98ecd0c04899900,0x767851e09689b1a07f06b73a29e2eaeb9040086681ad2b1a7b6de007e4e813e8
34749000,2026-08-12 18:36:30.000 UTC,0x000000000000000000000000000000000000000000000000000000000009af7f000000000000000000000000000000000000000000a8cff7796e78365a117d780000000000000000000000000000000000000000000000003a4965bf58a40027,0x0000000000000000000000001d5aad3c0d6066078ea60f384a2492a550db30b0,0x8f7baad6768dbddf907f67ff95bb99328d755ea20bfb92e07bb95f0241e3d5c3
34814463,2026-08-12 20:25:44.000 UTC,0x000000000000000000000000000000000000000000000000000000000009b9ab000000000000000000000000000000000000000000a8cff7796e783647092f520000000000000000000000000000000000000000000000003a4965bf58a40010,0x0000000000000000000000001bef1e4d1f98d91d99f1f2f384490f3999d7ccd9,0xd1ff3b1bfafca22486a84efacbd82505e68427978d29da1792df5097e9a538c4
34818738,2026-08-12 20:32:51.000 UTC,0x000000000000000000000000000000000000000000000000000000000009ba7e000000000000000000000000000000000000000000a8cff7796e78365a117d780000000000000000000000000000000000000000000000003a4965bf58a40027,0x00000000000000000000000012456543046a525436f205e1ef02a3aaad800778,0xe50f800a4233b29248ffdb1700537f7b1e0e1028d44da06b20a481fb395e9245
34829363,2026-08-12 20:50:36.000 UTC,0x000000000000000000000000000000000000000000000000000000000009bc96000000000000000000000000000000000000000000a8cff7796e78363ec2ca8f0000000000000000000000000000000000000000000000003a4965bf58a40006,0x000000000000000000000000e2222fea0ba5ffa33fdfc3e129c9e7b1b4a791e1,0xbd0cfec6cb53545896d4cec200d80764242e1f9ccd564533fdfe330e1d8732f3
34848419,2026-08-12 21:22:26.000 UTC,0x000000000000000000000000000000000000000000000000000000000009bfd0000000000000000000000000000000000000000000a8cff7796e78363ec2ca8f0000000000000000000000000000000000000000000000003a4965bf58a40006,0x000000000000000000000000b239099d34280a591d5c199e7e2e62c52daff9bc,0xceae7084c17d46e87e9cf281d88ae3ebbf88475ab542a9192571ae61bc7e1e7b
34890142,2026-08-12 22:32:08.000 UTC,0x000000000000000000000000000000000000000000000000000000000009c712000000000000000000000000000000000000000000a8cff7796e78363c4745ee0000000000000000000000000000000000000000000000003a4965bf58a40003,0x0000000000000000000000009708efb3ba2e5d23e973cae1a8599606333cd4ad,0x9fa34053d9f6e5f039e11b3debc9c23b09f7cc0074f8691dc5b7ddfbbb0c71f3
34928930,2026-08-12 23:36:48.000 UTC,0x000000000000000000000000000000000000000000000000000000000009d043000000000000000000000000000000000000000000a8cff7796e78367cd2be430000000000000000000000000000000000000000000000003a4965bf58a40051,0x000000000000000000000000803deff8bd1286927b7ce1970b3f68cccd450072,0xa4e97855d5cda9545e65316a4b3e997e0d0986adbfed04d92b7c73c3d3a2c043
34942697,2026-08-12 23:59:46.000 UTC,0x000000000000000000000000000000000000000000000000000000000009d391000000000000000000000000000000000000000000a8cff7796e78366d19cb9e0000000000000000000000000000000000000000000000003a4965bf58a4003e,0x0000000000000000000000002a836d2b34ecbd8a709832e2f379929c52d87938,0xae7d24b97f9f0f8a013e09cb9557631fd0ccd0f7f1a6b99b8f7b6d3904efab86
35030099,2026-08-13 02:25:40.000 UTC,0x000000000000000000000000000000000000000000000000000000000009e47f000000000000000000000000000000000000000000a8cff7796e78364e7bbd340000000000000000000000000000000000000000000000003a4965bf58a40019,0x000000000000000000000000ee88c9018d4dfad7782e787d3a18fdffb303849f,0x8257a492e9d35e62870ec88e55e89852d8a497c77cb0af0ed406b7a152c32c19
35045922,2026-08-13 02:52:07.000 UTC,0x000000000000000000000000000000000000000000000000000000000009e5ed000000000000000000000000000000000000000000a8cff7796e7836632bb91a0000000000000000000000000000000000000000000000003a4965bf58a40032,0x000000000000000000000000c6cd5be374c8f4e2af14d663a795359bdbb879fd,0xa8483657c2bc1e80903c5efebd03724c63b388e3c94d7bdfda8fd6126a504981
35075309,2026-08-13 03:41:15.000 UTC,0x000000000000000000000000000000000000000000000000000000000009e926000000000000000000000000000000000000000000a8cff7796e7836b6bf7f950000000000000000000000000000000000000000000000003a4965bf58a40097,0x0000000000000000000000004be07b569b5e9e82617e19ef5b1f316abfecdcf5,0xe3cb10481ef55377727f5cfdf8b9794ca312bb59f3c47cf75ddaf6b64492e67d
35141222,2026-08-13 05:31:26.000 UTC,0x000000000000000000000000000000000000000000000000000000000009ee53000000000000000000000000000000000000000000a8cff7796e783684454c250000000000000000000000000000000000000000000000003a4965bf58a4005a,0x0000000000000000000000008e08a4f781bb12abdc350f70bc8033364eee0b32,0x7dc8dbff250c653de67ce50cba2e6b97a78f447aa2f28d371aeada7c2e6ff9ea
35275910,2026-08-13 09:16:48.000 UTC,0x000000000000000000000000000000000000000000000000000000000009f841000000000000000000000000000000000000000000a8cff7796e783738aa471e0000000000000000000000000000000000000000000000003a4965bf58a40134,0x0000000000000000000000002537994410501770819ef31dc50f7ea0d504a5a6,0x89e8234aae7de2929a9728538901b83b4cafcb35dce3ab8aa433e9d91d8f7585
35305428,2026-08-13 10:06:14.000 UTC,0x000000000000000000000000000000000000000000000000000000000009f9bf000000000000000000000000000000000000000000a8cff787bc2d364d9bacb800000000000000000000000000000000000000000000000000000001e2339b0f,0x000000000000000000000000031fcd3580d20ca18381e12aff6f0e3d67cb27c3,0xd739c6222232dbf6fc946bd6523f8e8516ece8908ba7061bade6c36acb0a3cca
35400065,2026-08-13 12:44:31.000 UTC,0x00000000000000000000000000000000000000000000000000000000000a00f4000000000000000000000000000000000000000000a8cff7796e78363ec2ca8f0000000000000000000000000000000000000000000000003a4965bf58a40006,0x000000000000000000000000e4eb5fae9dd7d5c3f6e5b986a679a458f4804d5c,0x7052d84d055965adfd254606db29605d1f82b580926210effa93e12dfc364445
35423082,2026-08-13 13:22:59.000 UTC,0x00000000000000000000000000000000000000000000000000000000000a02bf000000000000000000000000000000000000000000a8cff7796e783796fff6fc0000000000000000000000000000000000000000000000003a4965bf58a401a6,0x00000000000000000000000087cfc1d0d4900d04c86e1f6ee2c63d4202c199fc,0x76b28d823aa3757e184cd81a6d1ae27a28df1d2bd8f383630357a83555ec185f
35445833,2026-08-13 14:00:59.000 UTC,0x00000000000000000000000000000000000000000000000000000000000a06a0000000000000000000000000000000000000000000a8cff7796e783672e4abbf0000000000000000000000000000000000000000000000003a4965bf58a40045,0x0000000000000000000000002201e0d90f9f443bb337f528558e019fbeda1d94,0xf149e6b87bd335934ab5f0e1b449b0d4f3d58b831872287b9f42faee3e6218a3
35448283,2026-08-13 14:05:04.000 UTC,0x00000000000000000000000000000000000000000000000000000000000a0707000000000000000000000000000000000000000000a8cff7796e78372c40affa0000000000000000000000000000000000000000000000003a4965bf58a40125,0x0000000000000000000000006218717b5a624786c6aae7136d6764f595f687a5,0xedb0d9f4fb97fdb322aae977a9daa4e2177ece5d1620309e82c3e6cdf9112baa
35452098,2026-08-13 14:11:27.000 UTC,0x00000000000000000000000000000000000000000000000000000000000a077b000000000000000000000000000000000000000000a8cff7796e78367a5739a20000000000000000000000000000000000000000000000003a4965bf58a4004e,0x0000000000000000000000002653909734abdf967247863a790e9f79807b27a1,0x66eb88b58609b584fb4a31303f2736f2c9294a9e79ded3ceb8890a1eb5f7f077
35517273,2026-08-13 16:00:21.000 UTC,0x00000000000000000000000000000000000000000000000000000000000a105d000000000000000000000000000000000000000000a8cff7796e7836e36ed2e30000000000000000000000000000000000000000000000003a4965bf58a400cd,0x000000000000000000000000604b25dcc514837e5d9b34418a3790f918e53f68,0x20d0bdebec580fc3b80a07d7cc19e27865d37585fa4b9686b2f5e25c8020c015
35533478,2026-08-13 16:27:24.000 UTC,0x00000000000000000000000000000000000000000000000000000000000a1275000000000000000000000000000000000000000000a8cff7796e78363c653d9d00000000000000000000000000000000000000000000001400e758f447240114,0x0000000000000000000000006471102079c2fab7a626eae8b902dfb25b0fcfa7,0x9284eb1c2f0d8cc4e23b1e74d9aaaae902b54dedda3a606d24562e070cc07dd4
35594689,2026-08-13 18:09:37.000 UTC,0x00000000000000000000000000000000000000000000000000000000000a1885000000000000000000000000000000000000000000a8cff7796e783648b0dd120000000000000000000000000000000000000000000000003a4965bf58a40012,0x00000000000000000000000021607690ce1677f49d85600b0e7ccd34431bd0e2,0x8d8f6eb3017430bf8b8d0786eb4360b26d89e1f1f61d1c4c38419291d1730986
35600331,2026-08-13 18:19:01.000 UTC,0x00000000000000000000000000000000000000000000000000000000000a18ff000000000000000000000000000000000000000000a8cff7796e7836448daab10000000000000000000000000000000000000000000000003a4965bf58a4000d,0x000000000000000000000000dab2544d38a780a54523a585588b79ea015b2d27,0xe35ccd04e515e0558fdceba53fcbd3dda03549d9109b1cb2e0073a49ad7e34f0
35608868,2026-08-13 18:33:17.000 UTC,0x00000000000000000000000000000000000000000000000000000000000a1a0c000000000000000000000000000000000000000000a8cff7796e7836418bc4c2000000000000000000000000000000000000000000000003e9f9ed77cf3400a1,0x00000000000000000000000088f34a37a8ef11a5eb82b5fdd57b1cff0fc156e8,0x1bcddcaec24ca45d83044e5a9c07ccfb4acdec78fa552520ac680cab2ffb3b45
35615880,2026-08-13 18:44:59.000 UTC,0x00000000000000000000000000000000000000000000000000000000000a1b1b000000000000000000000000000000000000000000a8cff7796e78363c4745ee0000000000000000000000000000000000000000000000003a4965bf58a40003,0x000000000000000000000000ac078bba1d1aa6c2e88edd5cd5bcf1cde40a2a7a,0xe0e75e267b0bbd142dd13ede55134bb0a79f9d3a65d20d4ac99fc2d702dc8c9d
35620598,2026-08-13 18:52:52.000 UTC,0x00000000000000000000000000000000000000000000000000000000000a1bb5000000000000000000000000000000000000000000a8cff7796e783651cb18b50000000000000000000000000000000000000000000000003a4965bf58a4001d,0x000000000000000000000000fa94473b453baf93df2db8ab8101b9da518a10c0,0x1758600b3d004143a33250a08a96797e9055fb3a19e66320110e99487c245ba8
35625175,2026-08-13 19:00:32.000 UTC,0x00000000000000000000000000000000000000000000000000000000000a1c7e000000000000000000000000000000000000000000a8cff7796e7836a55edf2f0000000000000000000000000000000000000000000000003a4965bf58a40082,0x0000000000000000000000000a1e0cc751f77c2c93760fc957cc8e4e779b2bc8,0x000174d5e34a28fbd6d5fccbf5392a4f0332ac5c7548f63823564eca8c14fd1d
35739983,2026-08-13 22:12:14.000 UTC,0x00000000000000000000000000000000000000000000000000000000000a2c6c000000000000000000000000000000000000000000a8cff7796e783677dbb5010000000000000000000000000000000000000000000000003a4965bf58a4004b,0x0000000000000000000000003a1ebe3883362b83c0314dd8139c53f210171593,0x3d739ad05d9d11a4dc40b9ae2f4a621783c76f6e0bdd14225f78708ef30ae52e
35742595,2026-08-13 22:16:35.000 UTC,0x00000000000000000000000000000000000000000000000000000000000a2cbb000000000000000000000000000000000000000000a8cff7796e78367cd2be430000000000000000000000000000000000000000000000003a4965bf58a40051,0x0000000000000000000000003fb90a74078ce44187b19ee247f651a4b2af9cb3,0x53f8a22ba38b416820db553ecdf4ea520004d71b55122bb8794f35bc07e87d5f
35763350,2026-08-13 22:51:14.000 UTC,0x00000000000000000000000000000000000000000000000000000000000a2feb000000000000000000000000000000000000000000a8cff7796e7837620a3eeb0000000000000000000000000000000000000000000000003a4965bf58a40166,0x00000000000000000000000027038dd6c78d03c0b409257911638d7055bdd2b6,0x6c2807dac0c534afb7f17d1476b3f2b43da260b1b711e29176dc61b517695192
35776485,2026-08-13 23:13:09.000 UTC,0x00000000000000000000000000000000000000000000000000000000000a3171000000000000000000000000000000000000000000a8cff7796e78363c19efe7000000000000000000000000000000000000000000000000bc4ad8b774704aec,0x000000000000000000000000279fa7965da2827f223a0b42a81353373a20cf83,0x1b7a41bb50369f0a4ba870c0f0eb50d18e33fac7c96b8c828b7ca64c092b9d67
35779101,2026-08-13 23:17:32.000 UTC,0x00000000000000000000000000000000000000000000000000000000000a31a3000000000000000000000000000000000000000000a8cff7796e7836551a74360000000000000000000000000000000000000000000000003a4965bf58a40021,0x00000000000000000000000019057832022790a636fbffc0fec6975c465c8205,0xfe962c7830f03bb5107e7b5fc3f59fd059a12d60fbec77089c03564686d75e3a
35805559,2026-08-14 00:01:41.000 UTC,0x00000000000000000000000000000000000000000000000000000000000a3482000000000000000000000000000000000000000000a8cff7796e783652b144a40000000000000000000000000000000000000000000000024150e3980040012a,0x000000000000000000000000d461e73b9cbadff4523cefec512308d89cd8f538,0x054a9f58b574f4d30d0c09214488f31ad5f2ceddc9dbea7c2079082f8a45a547
35847263,2026-08-14 01:11:11.000 UTC,0x00000000000000000000000000000000000000000000000000000000000a388e000000000000000000000000000000000000000000a8cff7796e7836efd86a070000000000000000000000000000000000000000000000003a4965bf58a400dc,0x000000000000000000000000ec45c6c413b498cf5acf5a1a889f1a95ca9b6bb3,0x9d177e91acd65e83e38d175de8480806cf567bcb09110dbe4e54f7897b3cb01a
35848812,2026-08-14 01:13:47.000 UTC,0x00000000000000000000000000000000000000000000000000000000000a38a9000000000000000000000000000000000000000000a8cff7796e78365e34afd90000000000000000000000000000000000000000000000003a4965bf58a4002c,0x000000000000000000000000ef68e34a7317197dbfa6a1136396833f0817ca25,0x1ac8e9300706cc1d808e0aec0fb8e5c895c9b45ca3444452bc70f7dc3483d65f
35915696,2026-08-14 03:05:32.000 UTC,0x00000000000000000000000000000000000000000000000000000000000a3eb9000000000000000000000000000000000000000000a8cff7796e7836ab29bf510000000000000000000000000000000000000000000000003a4965bf58a40089,0x0000000000000000000000009fe4d977d595c0c347711d5d6150f4ebfa5cdc6c,0xb30d37cba58acb1a8db9b465d5f3bffde50b7826b9b897c78603dc7f6f5c0011
35919515,2026-08-14 03:11:55.000 UTC,0x00000000000000000000000000000000000000000000000000000000000a3f12000000000000000000000000000000000000000000a8cff7796e7836632bb91a0000000000000000000000000000000000000000000000003a4965bf58a40032,0x000000000000000000000000e0eba1b76b73be7bfa7716b6ca96f724930e2263,0xf05fae66547e6ab1db547edc36369c8cb4f48334d9ecd9733c896de7155cb0d3
35924234,2026-08-14 03:19:48.000 UTC,0x00000000000000000000000000000000000000000000000000000000000a3f7a000000000000000000000000000000000000000000a8cff7796e78363b736f0e0000000000000000000000000000000000000000000000003a4965bf58a40002,0x00000000000000000000000003a602d39243df9d33d25330bb74741c97211ab2,0xcc72bc52f0022f812480b8490ec8fb9d2c9cf2c66a4baa17af8e89213d54be9d
35937806,2026-08-14 03:42:29.000 UTC,0x00000000000000000000000000000000000000000000000000000000000a40fa000000000000000000000000000000000000000000a8cff7796e78363c4745ee0000000000000000000000000000000000000000000000003a4965bf58a40003,0x0000000000000000000000000c3ea796cdfc9efca5362a6708527a90909004da,0xa3c2ee9c4b0c511ae223a0292d3899cfa1abbfc8cc818dcf00ee63d769058e44
35950918,2026-08-14 04:04:23.000 UTC,0x00000000000000000000000000000000000000000000000000000000000a433f000000000000000000000000000000000000000000a8cff7796e783688687e860000000000000000000000000000000000000000000000003a4965bf58a4005f,0x0000000000000000000000000aeec4139a29eda1109dd06d3f8061299d8b8f47,0x6dd0c560e9431808b8ec2bc522ef5f574999e60510aa11a1bcfcabb150159ae3
35993271,2026-08-14 05:15:07.000 UTC,0x00000000000000000000000000000000000000000000000000000000000a4a93000000000000000000000000000000000000000000a8cff7796e78363a11c9ca00000000000000000000000000000000000000000000003507bb622cab09f0a8,0x000000000000000000000000fed508e349c47f669e57c1a1ba476e5e0e6b918e,0x4e5d502808e92940c6f37fe4d0be0297e1a9f6f5295e454697f869e21b34945d
36005907,2026-08-14 05:36:14.000 UTC,0x00000000000000000000000000000000000000000000000000000000000a4c6b000000000000000000000000000000000000000000a8cff7796e78363e8919350000000000000000000000000000000000000000000000024baf4ec4e8955917,0x00000000000000000000000039f55fe979a4ef256c2df270b6294c3bdcab1d56,0x51554edcc63344f9376348aecbfcffa429ef5a30f6d868ea78583cd66d9e4a8f
36008204,2026-08-14 05:40:04.000 UTC,0x00000000000000000000000000000000000000000000000000000000000a4cf6000000000000000000000000000000000000000000a8cff7796e783644978cf800000000000000000000000000000000000000000000000171b0c39ea3dc2c27,0x00000000000000000000000072b22451c5698a54de5d00a946d75f25a48f4fd9,0x877bb3b07f1ea8d624631c6fecc81843a5ea8edf62b9b28ba3af813e9e79adfb
36019830,2026-08-14 05:59:27.000 UTC,0x00000000000000000000000000000000000000000000000000000000000a51f4000000000000000000000000000000000000000000a8cff7796e7836445cd3f60000000000000000000000000000000000000000000000024baf4ec4e895595e,0x000000000000000000000000ba334dcab2e956c466a6394403c6dd15cd04e838,0xf375351148fbd7082206ce3770b11c93d3bb28a8c81aee6688071689181106c9
36020746,2026-08-14 06:00:59.000 UTC,0x00000000000000000000000000000000000000000000000000000000000a5263000000000000000000000000000000000000000000a8cff7796e78368e51d895000000000000000000000000000000000000000000000000758ced50c4c07124,0x00000000000000000000000098943df150ef0810b904e95a212b347c87ad3c9d,0x19bb4a826d8d955807286b5fba7c3e980ee49e27e6b67cc27c8c72abbe80a815
36027471,2026-08-14 06:12:10.000 UTC,0x00000000000000000000000000000000000000000000000000000000000a545d000000000000000000000000000000000000000000a8cff7796e783649d355f8000000000000000000000000000000000000000000000003e9f9ed77cf34014d,0x00000000000000000000000040edb7a773d6e9c9fd20dd99e57514fdff15e300,0xce55dd49405f6ddc48483fa381867f29491290a91cd394d64270010537fc8fb3
36031146,2026-08-14 06:18:17.000 UTC,0x00000000000000000000000000000000000000000000000000000000000a5595000000000000000000000000000000000000000000a8cff7796e783642258cf10000000000000000000000000000000000000000000000024baf4ec4e8955943,0x0000000000000000000000001830d994adca83b2a495b2cd2dfe49c55b7825f8,0x2c79cdfda47330d44d8567aada0f5256bb6c85edb9bbaa52daf71a63b0e1c35a
36041091,2026-08-14 06:34:50.000 UTC,0x00000000000000000000000000000000000000000000000000000000000a57f9000000000000000000000000000000000000000000a8cff7796e78363e50af1600000000000000000000000000000000000000000000000455f2d90da62a99ac,0x00000000000000000000000025dc37c6ac22ef67d8b5d477e64967ae38248922,0x4a7d57e9c1140380b588eec1f2de3b26718c2c25ba0d51f5e08c8e55057309a7
36152873,2026-08-14 09:41:35.000 UTC,0x00000000000000000000000000000000000000000000000000000000000a662e000000000000000000000000000000000000000000a8cff7796e7836da5497400000000000000000000000000000000000000000000000003a4965bf58a400c2,0x000000000000000000000000685d0a07cf193f05e23b05cedba4bedfccdbf96b,0x18557366cf2288ab44c911b33ea9ce5a6e60f7103183455f0fdf77300fbb8b63
36200513,2026-08-14 11:01:12.000 UTC,0x00000000000000000000000000000000000000000000000000000000000a69f4000000000000000000000000000000000000000000a8cff7796e78368d5f87c80000000000000000000000000000000000000000000000003a4965bf58a40065,0x0000000000000000000000006111326f82c0dc475c6cfc6db1d857bdee9e8f59,0xc20b008a309e1ffe4f2d5468fe9860ec3b4d58c40b6efb4a05070780ef712824
36277855,2026-08-14 13:10:26.000 UTC,0x00000000000000000000000000000000000000000000000000000000000a7408000000000000000000000000000000000000000000a8cff7796e78363c4745ee0000000000000000000000000000000000000000000000003a4965bf58a40003,0x000000000000000000000000c1dba4c70d69296ede3a7e35d613374b806c9676,0x1b2e6dd778edee93a8ca1f96943e5e4bf738355d7c40bc09f5f8750839aec327
36296016,2026-08-14 13:40:45.000 UTC,0x00000000000000000000000000000000000000000000000000000000000a777e000000000000000000000000000000000000000000a8cff7796e78366ec1795e0000000000000000000000000000000000000000000000003a4965bf58a40040,0x000000000000000000000000efe6d5bde607d93f8b15225868a8f1b3d6a1b5db,0x503162daa1a56d003fbff4c01e8d780970333cc634598a5d556ab9e546e4cbe2
36320900,2026-08-14 14:22:17.000 UTC,0x00000000000000000000000000000000000000000000000000000000000a7c17000000000000000000000000000000000000000000a8cff7796e7836ee30bc460000000000000000000000000000000000000000000000003a4965bf58a400da,0x0000000000000000000000003dd43066bf2efb8f3e94fe3635b8433cc9c29735,0xa10bd39d61188dfc79af6f3b6dbb4374714e963345411ff18a29ccac0985f69e
36330045,2026-08-14 14:37:33.000 UTC,0x00000000000000000000000000000000000000000000000000000000000a7d7f000000000000000000000000000000000000000000a8cff7796e783796fff6fc0000000000000000000000000000000000000000000000003a4965bf58a401a6,0x000000000000000000000000aa37fe81caed07bc88075d1db85a2103969c915c,0xfc65f990b4af86004b39bac733fb3fe9c25022c94b717efecc32b02020ddec10
36341180,2026-08-14 14:56:09.000 UTC,0x00000000000000000000000000000000000000000000000000000000000a7f20000000000000000000000000000000000000000000a8cff7796e78364e7bbd340000000000000000000000000000000000000000000000003a4965bf58a40019,0x0000000000000000000000002b32a7dcc8c4e117f9986a4477e834cdb9f6a67e,0x0ae1db041b8149d875537d5e49433ff859c194e5b6ecb84c2974cc76a3b8acf7
36404560,2026-08-14 16:42:04.000 UTC,0x00000000000000000000000000000000000000000000000000000000000a8692000000000000000000000000000000000000000000a8cff7796e78369f93ff0e0000000000000000000000000000000000000000000000003a4965bf58a4007b,0x000000000000000000000000ecf88c0c3f2110481737acf6d191ecd35a72f07a,0x87180bba5031bd6adae8763c9525963b16d579180cd5cad47d4ac925e00e18ca
36410348,2026-08-14 16:51:43.000 UTC,0x00000000000000000000000000000000000000000000000000000000000a870e000000000000000000000000000000000000000000a8cff7796e78366a9e46fd0000000000000000000000000000000000000000000000003a4965bf58a4003b,0x00000000000000000000000020b7f0ca9cd94a44ef518b23a8841968641d653e,0x1406398e63a75ef33ad1b497605022543957a83bd8da13dbcf8fb73f0fb0c491
36433021,2026-08-14 17:29:35.000 UTC,0x00000000000000000000000000000000000000000000000000000000000a88bc000000000000000000000000000000000000000000a8cff7796e78366f95503e0000000000000000000000000000000000000000000000003a4965bf58a40041,0x0000000000000000000000003b6419b71a02d0ab117b8eda476b6c9b623ebafa,0xaaeac7bebb393d7e0b16d3101d7fa0a2fef5ed478e8000cca33d79e23631283d
36454027,2026-08-14 18:04:41.000 UTC,0x00000000000000000000000000000000000000000000000000000000000a8b76000000000000000000000000000000000000000000a8cff7796e7837e6708b150000000000000000000000000000000000000000000000003a4965bf58a40206,0x000000000000000000000000badc012d9c018735f2efc489bdab673acb7bf45e,0xebdd765420d16022c9476edc2a51db2027f1dd0549e4e2a8603e3fabfc6a70d4
36462718,2026-08-14 18:19:11.000 UTC,0x00000000000000000000000000000000000000000000000000000000000a8c8a000000000000000000000000000000000000000000a8cff7796e783639e466b6000000000000000000000000000000000000000000000003e9f9ed77cf340002,0x0000000000000000000000004301da81db03fb4c34ba838de06362543e979f9e,0x5b4f2c6faa663aa334173b30774f8507c66e8efc5c4b726381f539a2c6772d0f
36497138,2026-08-14 19:16:34.000 UTC,0x00000000000000000000000000000000000000000000000000000000000a934a000000000000000000000000000000000000000000a8cff7796e78367b2b10820000000000000000000000000000000000000000000000003a4965bf58a4004f,0x00000000000000000000000042ae076525e94ab3335bee6adc8f8de65c016644,0xeade8824309f2697d8a037bad5ed7c94985f7d36ed21f7061b93d3516a1e7320
36507780,2026-08-14 19:34:19.000 UTC,0x00000000000000000000000000000000000000000000000000000000000a94a0000000000000000000000000000000000000000000a8cff7796e7836a8ae3ab00000000000000000000000000000000000000000000000003a4965bf58a40086,0x000000000000000000000000f07cff26c91525eaaa58a8b9a160335ac8c83250,0x304f7eb7bb558fbfdc3d12998730c0e982033a0bee396bd699cdabf70a40e85c
36525161,2026-08-14 20:03:20.000 UTC,0x00000000000000000000000000000000000000000000000000000000000a978f000000000000000000000000000000000000000000a8cff7796e7837ab79229500000000000000000000000000000000000000000000000ade07a4934dae9733,0x0000000000000000000000001ae2713744793ed2a5e05977ccc6aed3aa86287f,0x984fe90373129c2add58204c2f9576aabb62762fe9e0969db1da574dfbdd4e6a
36545992,2026-08-14 20:38:09.000 UTC,0x00000000000000000000000000000000000000000000000000000000000a9a1f000000000000000000000000000000000000000000a8cff7796e7836b79356750000000000000000000000000000000000000000000000003a4965bf58a40098,0x0000000000000000000000009a64517a73700268f128d1f9bc16a2d9c83e03d1,0xb35019de05313ca3038556c4427ebd7afed7e090c7b3018199296ce26ca189dd
36549663,2026-08-14 20:44:18.000 UTC,0x00000000000000000000000000000000000000000000000000000000000a9a96000000000000000000000000000000000000000000a8cff7796e78367f4e42e30000000000000000000000000000000000000000000000003a4965bf58a40054,0x0000000000000000000000007c4af1d7bf61ca1937021e4b91d47fa9fa63eec7,0xd078808d3d45196c2ada068206c53bd90777055c266908f4cc8a650803a8622d
36572915,2026-08-14 21:23:04.000 UTC,0x00000000000000000000000000000000000000000000000000000000000a9e00000000000000000000000000000000000000000000a8cff7796e78368fdb0c690000000000000000000000000000000000000000000000003a4965bf58a40068,0x00000000000000000000000024309e0fdf5dede3285164854d3e99c95763d632,0x178052096c2a6b157561abf4584baab47cdb98ded9e2a83e4c06060707266619
36576144,2026-08-14 21:28:27.000 UTC,0x00000000000000000000000000000000000000000000000000000000000a9e70000000000000000000000000000000000000000000a8cff7796e7837ab86732e00000000000000000000000000000000000000000000000ade07a4934dae9736,0x0000000000000000000000003cf63e1f00621c09f8c1baea80f59850c24fccfe,0x1d2fe11d4a39d1ec14ccef01c595362831222ba46fc42e5e7c680e933e5c4dbc
36604119,2026-08-14 22:15:04.000 UTC,0x00000000000000000000000000000000000000000000000000000000000aa222000000000000000000000000000000000000000000a8cff7796e7837ac6d3d8500000000000000000000000000000000000000000000000ade07a4934dae976a,0x000000000000000000000000192633a46d8d6b6cb9bca9f32f5621049989e39d,0x41293f58d050df5bd9b7dd6c61f2ee418b24b3abf0a6a4589b63c66b8f1bba25
36649715,2026-08-14 23:31:08.000 UTC,0x00000000000000000000000000000000000000000000000000000000000aa7bd000000000000000000000000000000000000000000a8cff7796e78365bb92b380000000000000000000000000000000000000000000000003a4965bf58a40029,0x00000000000000000000000075e515447e8c9934cc4274260dc2356c0390bc05,0x83028b00fde18fe913324429b1442c0fa14361332ea525ebbca85dd027d76a94
36693463,2026-08-15 00:44:13.000 UTC,0x00000000000000000000000000000000000000000000000000000000000aac5b000000000000000000000000000000000000000000a8cff7796e78367bfee7620000000000000000000000000000000000000000000000003a4965bf58a40050,0x00000000000000000000000065ce2b19f5b0130ac87a67df1608c6c1c493873c,0xcce71d521dd342b5be8432d47d3645a547ab64bc8d328d2501a29b8c07a6efd4
36720567,2026-08-15 01:29:28.000 UTC,0x00000000000000000000000000000000000000000000000000000000000aaf52000000000000000000000000000000000000000000a8cff7796e783686c0d0c60000000000000000000000000000000000000000000000003a4965bf58a4005d,0x000000000000000000000000fb008b0d0a9a3c798005c21424f4d92b434bbe84,0xd4cf0bcf4dbfc67033b8739b3b051421cbe21031c0d312e0f6afdd657b2ae90b
36745669,2026-08-15 02:11:24.000 UTC,0x00000000000000000000000000000000000000000000000000000000000ab13d000000000000000000000000000000000000000000a8cff7796e783685ecf9e50000000000000000000000000000000000000000000000003a4965bf58a4005c,0x00000000000000000000000095e50902e5acdca0f87966c2b570a74321c9f123,0xac6c3147366c9fd2b3b1e3d065a74cc2af7ae4e1b4e588c1798356f182705224
36761056,2026-08-15 02:37:07.000 UTC,0x00000000000000000000000000000000000000000000000000000000000ab275000000000000000000000000000000000000000000a8cff7796e783665a73dbb0000000000000000000000000000000000000000000000003a4965bf58a40035,0x000000000000000000000000d32e4e8d7813fab9e28095fd9f1d7fa223c68bfb,0xbc495ea1ec4a9d38f4bf5803374f6e7596fe79ad1cbca6ec4e39aa53991777c3
36926777,2026-08-15 07:14:15.000 UTC,0x00000000000000000000000000000000000000000000000000000000000ac00b000000000000000000000000000000000000000000a8cff7796e7836763407400000000000000000000000000000000000000000000000003a4965bf58a40049,0x00000000000000000000000056279d6a6a4008b644634713563f8f5e32f6e886,0x1de452a949100ca6500f0067680585eecffc33c0412185163c2ae9ae97aa481e
36949672,2026-08-15 07:52:33.000 UTC,0x00000000000000000000000000000000000000000000000000000000000ac22f000000000000000000000000000000000000000000a8cff7796e783737d6703e0000000000000000000000000000000000000000000000003a4965bf58a40133,0x000000000000000000000000a244d68ab295e37ec5f566ca5ecd32b660c7b126,0xf13e2b967f7c462eca748862667f0f68ac5e13aa9c860630386f088d50ed1c15
37026349,2026-08-15 10:00:51.000 UTC,0x00000000000000000000000000000000000000000000000000000000000ac6d9000000000000000000000000000000000000000000a8cff7796e78379484725b0000000000000000000000000000000000000000000000003a4965bf58a401a3,0x000000000000000000000000948163840bfd4e33223ea6121dd5d8063a59c491,0x496b963b37f300823a33aa0c1ab63603ad989b4f8e11bc1212e862fb288c845a
37074168,2026-08-15 11:20:51.000 UTC,0x00000000000000000000000000000000000000000000000000000000000acad1000000000000000000000000000000000000000000a8cff7796e78376485c38c0000000000000000000000000000000000000000000000003a4965bf58a40169,0x0000000000000000000000008755c1f62cfb0fad7a3dfe6ee00585b594bcc981,0x92eb2fcda63a6ba5c9d59aecbfd381ec489aee98562fc2890f4813c1414e75c8
37094303,2026-08-15 11:54:31.000 UTC,0x00000000000000000000000000000000000000000000000000000000000accb5000000000000000000000000000000000000000000a8cff7796e78372d1486da0000000000000000000000000000000000000000000000003a4965bf58a40126,0x0000000000000000000000008a0d3070a2013347b5cca1c2ac059e69b92a4dfe,0xd56ec118b4146ab10361da57298cd114870523042f399cfba3259b53eef40dc4
37132618,2026-08-15 12:58:35.000 UTC,0x00000000000000000000000000000000000000000000000000000000000acfd3000000000000000000000000000000000000000000a8cff7796e78367707de210000000000000000000000000000000000000000000000003a4965bf58a4004a,0x00000000000000000000000077061b45c5e4d440bd681b5f72bd0f4231a6fc04,0x312586424c7fb53b634ebab43473df126c3e3a8790cb42752063e888c6e24cc9
37138062,2026-08-15 13:07:41.000 UTC,0x00000000000000000000000000000000000000000000000000000000000ad044000000000000000000000000000000000000000000a8cff7796e78372de85dbb0000000000000000000000000000000000000000000000003a4965bf58a40127,0x000000000000000000000000b855f587c5b5a25433652bcd9799e076023530b5,0xb5143602eea8877c0dad26e6266209d375a456fb207afb98e00f561e48e66839
37168380,2026-08-15 13:58:20.000 UTC,0x00000000000000000000000000000000000000000000000000000000000ad2b4000000000000000000000000000000000000000000a8cff7796e7836dba0eef2000000000000000000000000000000000000000000000031b82eb30fbbda4be1,0x00000000000000000000000073114abd7dcf37000d90d8de9fd1de3957b17c04,0x396f6d2e821648665c748100576fc354ba5d1946e3c2fa81fb49c3e62835f98e
37243082,2026-08-15 16:03:08.000 UTC,0x00000000000000000000000000000000000000000000000000000000000ad7c5000000000000000000000000000000000000000000a8cff7796e78369dec514d0000000000000000000000000000000000000000000000003a4965bf58a40079,0x000000000000000000000000f46c6e1144bb34b4d71142a2c6e201742395fcae,0x17409184a167d280f8dad37ea993fe14f6d7be305ac50915297ae85a533f6b77
37355793,2026-08-15 19:11:19.000 UTC,0x00000000000000000000000000000000000000000000000000000000000ae075000000000000000000000000000000000000000000a8cff7796e7837193861d40000000000000000000000000000000000000000000000003a4965bf58a4010e,0x000000000000000000000000d71b7b4e1dc16bd6938d3f235a68aa8ab1cf4f0e,0x5f2d8c7e7da6ecb060f8543605bd28f93c936d18f57f7119612ab3c2dff17604
37355891,2026-08-15 19:11:29.000 UTC,0x00000000000000000000000000000000000000000000000000000000000ae076000000000000000000000000000000000000000000a8cff7796e78364f4f94140000000000000000000000000000000000000000000000003a4965bf58a4001a,0x000000000000000000000000f8247484ca6d354c019de7b552a9df899485359c,0x54c0b34e85f26baeab40d9b101af63d1f59239c364d405c1221d64fddc8fa10f
37389771,2026-08-15 20:08:06.000 UTC,0x00000000000000000000000000000000000000000000000000000000000ae2d8000000000000000000000000000000000000000000a8cff7796e783677dbb5010000000000000000000000000000000000000000000000003a4965bf58a4004b,0x000000000000000000000000ec287d7c5501b54d2d97e26e21750ad587c822fa,0x9619b89b26d0be435018f14e2a204a9c13f5b46f32e055fbd58b0edfe7ab6f67
37399138,2026-08-15 20:23:47.000 UTC,0x00000000000000000000000000000000000000000000000000000000000ae3be000000000000000000000000000000000000000000a8cff7796e78366a9e46fd0000000000000000000000000000000000000000000000003a4965bf58a4003b,0x0000000000000000000000007ea85bd98ce15a8eb3de41933bdffdb8859aadb4,0x23d12d206df6ce107ad3b4d51cab8ee6492e9496f5aca98dc664d54076798973
37434815,2026-08-15 21:23:26.000 UTC,0x00000000000000000000000000000000000000000000000000000000000ae68f000000000000000000000000000000000000000000a8cff7796e783678af8be10000000000000000000000000000000000000000000000003a4965bf58a4004c,0x00000000000000000000000053a8d4898bb531e695749819383cb496abe3837a,0x6f395ebade6105b438d261d2ddc1c3caa44e497957af12c99529b1f311bf606a
37470002,2026-08-15 22:22:15.000 UTC,0x00000000000000000000000000000000000000000000000000000000000ae9ba000000000000000000000000000000000000000000a8cff7796e783656c221f70000000000000000000000000000000000000000000000003a4965bf58a40023,0x0000000000000000000000002085a9bf9c7a5a29cebe70814d1a232689a93a26,0xff3cc50bc52843d54405e27c866dde7c6ccc73cd22ec1a74550df306c7a95843
37497073,2026-08-15 23:07:29.000 UTC,0x00000000000000000000000000000000000000000000000000000000000aec78000000000000000000000000000000000000000000a8cff7796e783668f6993c0000000000000000000000000000000000000000000000003a4965bf58a40039,0x0000000000000000000000000572a616bdb7187fceb118a89222d0e750dcd4fe,0x384778500d190ece1dd36731e22a2fbf2dd25287d6de6dcfa9e313e51e9d6bda
37560094,2026-08-16 00:52:50.000 UTC,0x00000000000000000000000000000000000000000000000000000000000af18c000000000000000000000000000000000000000000a8cff7796e78367bfee7620000000000000000000000000000000000000000000000003a4965bf58a40050,0x000000000000000000000000cc30ea412eb3a3963f28787183252dc7203e6a22,0xf8d565b307caa758545e91fc950246161d280280046ce6808e7fe11669bad51b
37589546,2026-08-16 01:42:05.000 UTC,0x00000000000000000000000000000000000000000000000000000000000af3aa000000000000000000000000000000000000000000a8cff7796e78367cd2be430000000000000000000000000000000000000000000000003a4965bf58a40051,0x000000000000000000000000f0c720e3af2a58bd1733569e0d2ed3f946b1d164,0x7bec7693f0a1f3e5aee7b0564fc3fc99221b58f575ba2e8ebc60013e263fd2db
37860336,2026-08-16 09:15:17.000 UTC,0x00000000000000000000000000000000000000000000000000000000000b0053000000000000000000000000000000000000000000a8cff7796e7836f0ac40e70000000000000000000000000000000000000000000000003a4965bf58a400dd,0x000000000000000000000000df69b4e06206cc64fafc9a0ca691eee9001020be,0xf8bf10f32bc3506f6f3dcf28ad86a2354887b07c905632f63a15778fffbaf863
37894776,2026-08-16 10:12:55.000 UTC,0x00000000000000000000000000000000000000000000000000000000000b01af000000000000000000000000000000000000000000a8cff7796e7837574855880000000000000000000000000000000000000000000000003a4965bf58a40159,0x0000000000000000000000004220946789ccd1bc5fcd108c4e948cdce286460a,0xc72b9a36754a351e2f2e9ad66c76b7162829ca3d1ab8ca2e29fece47bcdaf2d5
38059924,2026-08-16 14:49:21.000 UTC,0x00000000000000000000000000000000000000000000000000000000000b09d0000000000000000000000000000000000000000000a8cff7796e783826282c890000000000000000000000000000000000000000000000003a4965bf58a40253,0x0000000000000000000000001efdd871f052900d88e4dc2d49bcd32bf77e333c,0xe8bab2c867e97de0e402613396b080b0c748310a4b00833676136d5a7f798d1a
38106390,2026-08-16 16:07:04.000 UTC,0x00000000000000000000000000000000000000000000000000000000000b0d29000000000000000000000000000000000000000000a8cff7796e78363b736f0e0000000000000000000000000000000000000000000000003a4965bf58a40002,0x000000000000000000000000617413c598ec4e06a31de2bd145d248f5a67f74f,0x600c5ff6c3ac95a63153d383058a80f19c01b840e0e0921ad057a5d57f1b021f
38193522,2026-08-16 18:32:44.000 UTC,0x00000000000000000000000000000000000000000000000000000000000b12f5000000000000000000000000000000000000000000a8cff7796e7836756030600000000000000000000000000000000000000000000000003a4965bf58a40048,0x000000000000000000000000eef9eabb357099185dd14744f0316f98b7e02aa0,0x5cc8c145a50d8939ed9661d64035f2b8ff0344920cc231bc0b7f75c9ea89dd6a
38443552,2026-08-17 01:30:47.000 UTC,0x00000000000000000000000000000000000000000000000000000000000b21d2000000000000000000000000000000000000000000a8cff7796e78363c4745ee0000000000000000000000000000000000000000000000003a4965bf58a40003,0x000000000000000000000000ebf2cf3d544005f77ebc1e7c3568a9565ab5d99c,0xb1cd4530c3ec837a0c4f28347ec074886c64ec3aa1c3cd6193c7164c8a0a5fa0
38549378,2026-08-17 04:27:51.000 UTC,0x00000000000000000000000000000000000000000000000000000000000b2615000000000000000000000000000000000000000000a8cff7796e78366a9e46fd0000000000000000000000000000000000000000000000003a4965bf58a4003b,0x000000000000000000000000eb7dbef23947f67ae8141cecaed90f8ad29a235c,0x59832d7df6937eba5af85127ee3a1fc1aa0b47d797113552248f62f147858ce6
38578599,2026-08-17 05:16:43.000 UTC,0x00000000000000000000000000000000000000000000000000000000000b2763000000000000000000000000000000000000000000a8cff7796e78363bc7dc75000000000000000000000000000000000000000000000001970a205989f83fc0,0x00000000000000000000000043bf508960cedabb44c9a6d5adb10a64c69f30f4,0x9922d697c813f3bf4a9eb3d4b97a899e7a0d8afb49c4eb81d85ecb8a0574c552
38797018,2026-08-17 11:22:14.000 UTC,0x00000000000000000000000000000000000000000000000000000000000b2ff2000000000000000000000000000000000000000000a8cff7796e78363e7416940000000000000000000000000000000000000000000000024baf4ec4e8955916,0x000000000000000000000000efa324bb80c1dc33aafd156b5623527b6fd2f50c,0xe775d273df44c732e23fab1e78a5eb7d5c32b1ecd772c34ac314de44959be46b
38801910,2026-08-17 11:30:24.000 UTC,0x00000000000000000000000000000000000000000000000000000000000b302f000000000000000000000000000000000000000000a8cff7796e78365b2daf330000000000000000000000000000000000000000000000024baf4ec4e8955a74,0x00000000000000000000000091977308388303ad824be1bec319c1793dedb965,0x199c6cb28efa380a49d51e9be84e10b4c2e785823ca683bdae38ce7d78a489bc
38805894,2026-08-17 11:37:04.000 UTC,0x00000000000000000000000000000000000000000000000000000000000b306b000000000000000000000000000000000000000000a8cff7796e7836552fef2f0000000000000000000000000000000000000000000000024baf4ec4e8955a2b,0x000000000000000000000000f770ea37d674a0be16a2a82e2bce9ae600eb3e8d,0x3c0b9a71f5cbf77bb9151128c77176a50e9b6de5c6c0d1ac4f39481dfc4b2df7
38815507,2026-08-17 11:53:09.000 UTC,0x00000000000000000000000000000000000000000000000000000000000b3137000000000000000000000000000000000000000000a8cff7796e78365ff047c20000000000000000000000000000000000000000000000024baf4ec4e8955aae,0x000000000000000000000000bd24b0de6e84aeda979494a9f842ae7226d31d13,0x6c29ccbc411c89a3b37eea6fc541f5a06fbc7d1c9a8396dbfb17d9af1e1a1a4a
38870098,2026-08-17 13:24:24.000 UTC,0x00000000000000000000000000000000000000000000000000000000000b3633000000000000000000000000000000000000000000a8cff7796e783646940fe70000000000000000000000000000000000000000000000024150e39800400099,0x000000000000000000000000272562423f2f9bee28c5ce9f54394fa99dd59c20,0x64a5cb43c6b73de9fdf7f2b4c914522c62a0ceb1d641e8752e7dd4b1bfc955d6
38880206,2026-08-17 13:41:15.000 UTC,0x00000000000000000000000000000000000000000000000000000000000b3857000000000000000000000000000000000000000000a8cff7796e78363fd9434b0000000000000000000000000000000000000000000000024baf4ec4e8955927,0x000000000000000000000000ca789190d1a5b2a3111e459ce327c4fd1d0a2b42,0x3507ca753830d09bc9ea006e189dda72bd4644153568e0f097407e42c82f3eed
38881760,2026-08-17 13:43:49.000 UTC,0x00000000000000000000000000000000000000000000000000000000000b3892000000000000000000000000000000000000000000a8cff7796e78364b17aba60000000000000000000000000000000000000000000000024baf4ec4e89559b0,0x000000000000000000000000346889aba77300edaa8ae5d1ffbd13fececee954,0xcba9f78a74e86f3064bf2101a9cac90cd715ffd99b3b1e550ebc41a404059ec8
38917221,2026-08-17 14:42:57.000 UTC,0x00000000000000000000000000000000000000000000000000000000000b3c24000000000000000000000000000000000000000000a8cff7796e7836b37024140000000000000000000000000000000000000000000000003a4965bf58a40093,0x0000000000000000000000009962c469c2b9cbaef14d60be50e82df4925fa4ac,0x99bf17bc5eef8b51f27c41de1dede8266c7b2b8324d593077480ed48712ecf03
38955281,2026-08-17 15:46:28.000 UTC,0x00000000000000000000000000000000000000000000000000000000000b3fca000000000000000000000000000000000000000000a8cff7796e78363bd3c2680000000000000000000000000000000000000000000000024baf4ec4e89558f6,0x000000000000000000000000220851f1a0dbf2d37b28417f721087b0b584cc10,0x52a6409d634abbc4431a1f0b4a535c9eb24511380013baf4581289f8f79bfa46
38955905,2026-08-17 15:47:31.000 UTC,0x00000000000000000000000000000000000000000000000000000000000b3fdc000000000000000000000000000000000000000000a8cff7796e78364cd40f730000000000000000000000000000000000000000000000003a4965bf58a40017,0x0000000000000000000000006f82aa888ad961a79fb28f81553e854228ece187,0xe895bfb566eab45b490c306f60f4092a20d3730851409e0b2300cce6414e4148
38957576,2026-08-17 15:50:19.000 UTC,0x00000000000000000000000000000000000000000000000000000000000b4007000000000000000000000000000000000000000000a8cff7796e78364cd0e2e30000000000000000000000000000000000000000000000024baf4ec4e89559c5,0x000000000000000000000000bba4164fad9ba2664dc584b777962e739b64699d,0x628e7f1e8aba691598f1f83edc04cb69269abedb61e588136d63ec45a652bbb1
39104523,2026-08-17 19:55:50.000 UTC,0x00000000000000000000000000000000000000000000000000000000000b4c5f000000000000000000000000000000000000000000a8cff7796e78363a9f982e0000000000000000000000000000000000000000000000003a4965bf58a40001,0x000000000000000000000000873a5ca977fd19e427ecbc0e6037bd7405bddf10,0x0d2aaa4407efbac843d7cbd46fffe52866e2cf1dd52633048e911a2de91f6a0d
39118802,2026-08-17 20:19:46.000 UTC,0x00000000000000000000000000000000000000000000000000000000000b4d43000000000000000000000000000000000000000000a8cff7796e78364cd40f730000000000000000000000000000000000000000000000003a4965bf58a40017,0x00000000000000000000000077689b08943d334e02583c5eb788f0645a45b899,0xa1fa50e1c0b7fdc1d7e33d76301122430280ba6b2c51806e13d981dbb17cd076
39140390,2026-08-17 20:55:50.000 UTC,0x00000000000000000000000000000000000000000000000000000000000b4ed4000000000000000000000000000000000000000000a8cff7796e7836bf05e4580000000000000000000000000000000000000000000000003a4965bf58a400a1,0x0000000000000000000000006165a1fa63ee8485a5cff5904904830cac6351f4,0x0bd2924f7018428e50a89a2ae6888214f638af51456cf46c4f3e68b6c679eba5
39262301,2026-08-18 00:19:28.000 UTC,0x00000000000000000000000000000000000000000000000000000000000b55dd000000000000000000000000000000000000000000a8cff7796e78363b736f0e0000000000000000000000000000000000000000000000003a4965bf58a40002,0x00000000000000000000000081cccaf385830c5b03986474f5cac8ff026bf5af,0xb0f7a74c32151cc5808f94db49f6bbbd241eb946326342841e0dd86fb11a284c
39282965,2026-08-18 00:54:00.000 UTC,0x00000000000000000000000000000000000000000000000000000000000b5703000000000000000000000000000000000000000000a8cff7796e783686c0d0c60000000000000000000000000000000000000000000000003a4965bf58a4005d,0x000000000000000000000000574819c5d7b16facd2c88b8a775f5641c0c4a915,0x14ed20426c972abba66cc29767663c46ef5f5896e55c54926b20fd41e76829ab
39302688,2026-08-18 01:26:58.000 UTC,0x00000000000000000000000000000000000000000000000000000000000b582c000000000000000000000000000000000000000000a8cff7796e78363c4745ee0000000000000000000000000000000000000000000000003a4965bf58a40003,0x000000000000000000000000e1af1353e17f5914fdcdd695a8fe3998159588a4,0x1c25b53afc8ac7d41fd86f8844f2a45bfa3440e7bca53d2ec85b906091b9e316
39390574,2026-08-18 03:53:49.000 UTC,0x00000000000000000000000000000000000000000000000000000000000b5d2d000000000000000000000000000000000000000000a8cff7796e78364739e3ea000000000000000000000000000000000000000000000003e9f9ed77cf340117,0x000000000000000000000000e6e766a51495d8e14f8cd1b3469954b0d5cc238f,0xfdbf282c294622caf7837ba2ba8bf7f253b6d7cdc26911b8185a7f33f2f85a55
39450431,2026-08-18 05:33:58.000 UTC,0x00000000000000000000000000000000000000000000000000000000000b6169000000000000000000000000000000000000000000a8cff7796e783684454c250000000000000000000000000000000000000000000000003a4965bf58a4005a,0x0000000000000000000000001b26ed7d40c84a4d578251dfc4ecd5d42476e9a2,0x50e9ed2f0761929fcdc7c3ea9e837d4121117769f9dc1b97bdbc403ed8893e84
39534908,2026-08-18 07:55:16.000 UTC,0x00000000000000000000000000000000000000000000000000000000000b65b4000000000000000000000000000000000000000000a8cff7796e78365795f8d70000000000000000000000000000000000000000000000003a4965bf58a40024,0x0000000000000000000000001863d8c8478e35df880b9d95401e0e62e3eef14c,0xaa1f204c95572488846fa09171210a9d7cf55d023637a13199d4da812eb61590
39566442,2026-08-18 08:48:00.000 UTC,0x00000000000000000000000000000000000000000000000000000000000b67c6000000000000000000000000000000000000000000a8cff7796e783759c3da290000000000000000000000000000000000000000000000003a4965bf58a4015c,0x000000000000000000000000aa40e79e987517f7462bf79315b8a118799b04e3,0xb7cbf1026a0038493e31042001bbb4e1dfe886e40b36f8cf693a550ba9a71db0
39682645,2026-08-18 12:02:17.000 UTC,0x00000000000000000000000000000000000000000000000000000000000b6eaf000000000000000000000000000000000000000000a8cff7796e7836d7053bbf0000000000000000000000000000000000000000000000003a4965bf58a400be,0x000000000000000000000000ab106f4108226afa8c08ce21d09b51eeccf51dd8,0xeac4745192bb1ddbd73d82cc7558876629a17883978befc4e83241d5e87cd9a5
39697333,2026-08-18 12:26:49.000 UTC,0x00000000000000000000000000000000000000000000000000000000000b7034000000000000000000000000000000000000000000a8cff7796e78370f4a4f510000000000000000000000000000000000000000000000003a4965bf58a40102,0x0000000000000000000000000ce8de1d649e9d70ab276e379418ae5d27d3cc82,0x44f440e1aad57d7e17235ac3d38c9f314af61663c29b3d8e14eef0e0f9ed88a1
39752614,2026-08-18 13:59:15.000 UTC,0x00000000000000000000000000000000000000000000000000000000000b74ff000000000000000000000000000000000000000000a8cff7796e7836593da6970000000000000000000000000000000000000000000000003a4965bf58a40026,0x0000000000000000000000009da8557c82089ec365ff228e658de37700fe3b05,0xff6fffa9ce0251f9704985dd9fe448f20f999d5e1a0cee24e8685c0b41649776
39755860,2026-08-18 14:04:41.000 UTC,0x00000000000000000000000000000000000000000000000000000000000b755a000000000000000000000000000000000000000000a8cff7796e78376a50a3ae0000000000000000000000000000000000000000000000003a4965bf58a40170,0x000000000000000000000000286b4b456bd10fd1745a7b7b33f25a804ddf5f04,0xa5429c2c0d1a908df147b979e451dee23bbd9d883ff0e86aeb013b302fed84a8
39775402,2026-08-18 14:37:20.000 UTC,0x00000000000000000000000000000000000000000000000000000000000b772b000000000000000000000000000000000000000000a8cff7796e783663ff8ffb0000000000000000000000000000000000000000000000003a4965bf58a40033,0x000000000000000000000000d9d3887a18862701e1205b3ed72acd9a5b3131c4,0xa1a15ceeb39c0df3c2b5442c0c7c3e4f59209d4b64c62c2182a00d1bab895d6d
39783363,2026-08-18 14:50:38.000 UTC,0x00000000000000000000000000000000000000000000000000000000000b7833000000000000000000000000000000000000000000a8cff7796e7836593da6970000000000000000000000000000000000000000000000003a4965bf58a40026,0x0000000000000000000000003243a71262d77d5ecd53a0584c960efd42fbdf41,0x5c7146a6f9597553fac38556c443d153c9c12ba33037ea2aa3a7d8ac4d36c879
39874038,2026-08-18 17:22:08.000 UTC,0x00000000000000000000000000000000000000000000000000000000000b8035000000000000000000000000000000000000000000a8cff7796e7838a5976f720000000000000000000000000000000000000000000000003a4965bf58a402ed,0x0000000000000000000000001948b2f613693a2faeac79b3491f60258644d984,0x697e7498794808ce010ae02b5155556249a0abb88d2c992a5b6fd21c5fa593c4
39877220,2026-08-18 17:27:25.000 UTC,0x00000000000000000000000000000000000000000000000000000000000b8084000000000000000000000000000000000000000000a8cff7796e7836ae791ad20000000000000000000000000000000000000000000000003a4965bf58a4008d,0x000000000000000000000000489f3487165a187cb8d2922c5bedc5cdd73ad6e5,0xc50c9e984c92c1a00bbd92c2df8bbb4ab8e0a86ee5fe4cbcf476d65b04db4498
39887476,2026-08-18 17:44:34.000 UTC,0x00000000000000000000000000000000000000000000000000000000000b8168000000000000000000000000000000000000000000a8cff7796e7837d294660f0000000000000000000000000000000000000000000000003a4965bf58a401ee,0x000000000000000000000000f934885ade6b4cf04b7bc8d9692d62cb5c542bdb,0x634d22f43e16729305cac5b19a5745466a441b956bd1c73d8e4e136289c096d1
39986262,2026-08-18 20:29:34.000 UTC,0x00000000000000000000000000000000000000000000000000000000000b8981000000000000000000000000000000000000000000a8cff7796e78365372c6750000000000000000000000000000000000000000000000003a4965bf58a4001f,0x0000000000000000000000008ad25c65587979533fa1ca0d2194a76d5bae305d,0x60fa095038723d21e55a3112eefe024c0b29ccf0ad85d7995b0efa461a6fc8f8
40030975,2026-08-18 21:44:18.000 UTC,0x00000000000000000000000000000000000000000000000000000000000b8e57000000000000000000000000000000000000000000a8cff7796e7836421226100000000000000000000000000000000000000000000000003a4965bf58a4000a,0x0000000000000000000000001f4e60f0f601e5af983487ce11c08d98e620abd9,0x7564e4d4cce919e52b28b170529be89d990255c97678fa02031360d2b500db40
40040469,2026-08-18 22:00:10.000 UTC,0x00000000000000000000000000000000000000000000000000000000000b8f45000000000000000000000000000000000000000000a8cff7796e7836421226100000000000000000000000000000000000000000000000003a4965bf58a4000a,0x000000000000000000000000d6986bcc02b5ef324fc55779ff664dd8eafcc1c6,0x0608734574cbc72ac6af36c1196b08d15b25709ea700f51c717ee6db3ebcb9a1
40046602,2026-08-18 22:10:24.000 UTC,0x00000000000000000000000000000000000000000000000000000000000b9016000000000000000000000000000000000000000000a8cff7796e78363a9f982e0000000000000000000000000000000000000000000000003a4965bf58a40001,0x000000000000000000000000cc387ad9635326297cf0dce6d1d9f4f50b5ab0ef,0xbbef625b82e8dfedafa6005dfd046b47f015aa092b83df784a53411f1f016726
40061137,2026-08-18 22:34:37.000 UTC,0x00000000000000000000000000000000000000000000000000000000000b917d000000000000000000000000000000000000000000a8cff7796e78369dec514d0000000000000000000000000000000000000000000000003a4965bf58a40079,0x0000000000000000000000008da9323e9e0872b77b9a6da6fac278bb5da561dd,0xefc6564c8fa1288393daf6427dff01a50b67f14b2a4361e0a64bf0db56f54779
40070852,2026-08-18 22:50:51.000 UTC,0x00000000000000000000000000000000000000000000000000000000000b924b000000000000000000000000000000000000000000a8cff7796e78364c0038930000000000000000000000000000000000000000000000003a4965bf58a40016,0x000000000000000000000000b39fe606ec7b4c11d212f25c8b7402f26dfc4aea,0xce98e4628eb070889b8ccb9e912e497b080363cbf5ee96d880449c2f6750c04c
40083974,2026-08-18 23:12:45.000 UTC,0x00000000000000000000000000000000000000000000000000000000000b9330000000000000000000000000000000000000000000a8cff7796e78363b736f0e0000000000000000000000000000000000000000000000003a4965bf58a40002,0x0000000000000000000000001474f7767e6b0ad9da2b6bfc68ad58738ad3909e,0x50b17fa7dc1d795a8977c50e79b281b43458c7c593a75c1b254ee359b0c147e3
40101889,2026-08-18 23:42:43.000 UTC,0x00000000000000000000000000000000000000000000000000000000000b94c9000000000000000000000000000000000000000000a8cff7796e78363deef3af0000000000000000000000000000000000000000000000003a4965bf58a40005,0x00000000000000000000000004e508816d00c2621383ba8cb1a8ef72cf0e658a,0x7e6856041a25188b8c525f23324f95c11751da38ad2a136b1c644d0292422af8
40117976,2026-08-19 00:09:37.000 UTC,0x00000000000000000000000000000000000000000000000000000000000b95d5000000000000000000000000000000000000000000a8cff7796e78363b736f0e0000000000000000000000000000000000000000000000003a4965bf58a40002,0x000000000000000000000000ce1824e73d77ead4fe4a51b96d3b832b17f36452,0xa75579b08a68761d894473a7339a35e42473f1b5442b8d050430c5867288757a
40138722,2026-08-19 00:44:17.000 UTC,0x00000000000000000000000000000000000000000000000000000000000b970f000000000000000000000000000000000000000000a8cff7796e78363b736f0e0000000000000000000000000000000000000000000000003a4965bf58a40002,0x00000000000000000000000051250b135174ca09450ec01c4aff73cf69dbb590,0xdd365d3b43b3f43d4d4352ab8a08a1b804e7433cdc40606c8cb37adcf55e1077
40518003,2026-08-19 11:20:10.000 UTC,0x00000000000000000000000000000000000000000000000000000000000baedd000000000000000000000000000000000000000000a8cff7796e78371bb3e6750000000000000000000000000000000000000000000000003a4965bf58a40111,0x000000000000000000000000f780eb2362ceb94aaf983a813853516f99071d09,0x25b89727ef4a4c74a8a7c52f78fc1a0f2941ef1548940f8a87dea1fc4b178474
40643278,2026-08-19 14:49:46.000 UTC,0x00000000000000000000000000000000000000000000000000000000000bc369000000000000000000000000000000000000000000a8cff7796e78368f0735880000000000000000000000000000000000000000000000003a4965bf58a40067,0x0000000000000000000000007306c8fd1de9615254a76a1a81aac5b7221eeb70,0x29f6dfb5b60af75b5ed2749d4a9f75fb9208e381ef2c2f14d90a559442074193
40671270,2026-08-19 15:36:37.000 UTC,0x00000000000000000000000000000000000000000000000000000000000bc6e5000000000000000000000000000000000000000000a8cff7796e7836db9d0d94000000000000000000000000000000000000000000000031b82eb30fbbda4bdd,0x0000000000000000000000001c3aa83b4ef4692edaf5a5517210b052d33b34c5,0xdde0427b79d769b42b5a046d99142cd57acf181736c37a6ac6c0fba82961eab5
40759276,2026-08-19 18:03:37.000 UTC,0x00000000000000000000000000000000000000000000000000000000000bcfa9000000000000000000000000000000000000000000a8cff7796e78363deef3af0000000000000000000000000000000000000000000000003a4965bf58a40005,0x000000000000000000000000c2b2c3488bb7f1fc9e202b3d44f38eb500a41f57,0x853ba84eb5437e9e8b8ac22004a548f650b6849dc00295e02225dc619e682b70
40776117,2026-08-19 18:31:36.000 UTC,0x00000000000000000000000000000000000000000000000000000000000bd0cd000000000000000000000000000000000000000000a8cff7796e78367e7a6c030000000000000000000000000000000000000000000000003a4965bf58a40053,0x000000000000000000000000242b83f166332f2a53c47d40cf8294a10ded5486,0xeaf8fef4dbdabb460c1bd4264fe31d9ad3807b4cd0b703cb4b7af84c3910cc8b
40802644,2026-08-19 19:15:56.000 UTC,0x00000000000000000000000000000000000000000000000000000000000bd31d000000000000000000000000000000000000000000a8cff7796e78363b736f0e0000000000000000000000000000000000000000000000003a4965bf58a40002,0x00000000000000000000000079c8bbcf8d3ebe305e57f7fd4d626b2e0bf21db6,0xcd11d6a0eee566283e6d509f2ced078c8aecfc75627438f234a16f34ec6768d7
40807523,2026-08-19 19:24:05.000 UTC,0x00000000000000000000000000000000000000000000000000000000000bd3b7000000000000000000000000000000000000000000a8cff7796e78363ec2ca8f0000000000000000000000000000000000000000000000003a4965bf58a40006,0x00000000000000000000000046028a6e4d415817b9c538dc91084ccb55f70d08,0xd960a1fe95cf63c01edc4dcc356920473dfb98535a6f686a52b17c24ed65d822
40821220,2026-08-19 19:46:56.000 UTC,0x00000000000000000000000000000000000000000000000000000000000bd4e7000000000000000000000000000000000000000000a8cff7796e78366ec1795e0000000000000000000000000000000000000000000000003a4965bf58a40040,0x000000000000000000000000a5f66b640455df67a0e051bd795a7835dfabc966,0x0d118c40faaee71304b6ed1334f5fe42ce358f63f10cb17136f1710c0d7e0296
40829072,2026-08-19 20:00:03.000 UTC,0x00000000000000000000000000000000000000000000000000000000000bd5b1000000000000000000000000000000000000000000a8cff7796e7836dbb83726000000000000000000000000000000000000000000000031b82eb30fbbda4bf9,0x000000000000000000000000589675af4f5629b2472e6bed567d82cb5a98240e,0xd715799619d3c3944f6c2c0ad90f9a7558b500c32cb47e6f480667c6eb6798f4
40843433,2026-08-19 20:24:01.000 UTC,0x00000000000000000000000000000000000000000000000000000000000bd72c000000000000000000000000000000000000000000a8cff7796e783695a5ec8a0000000000000000000000000000000000000000000000003a4965bf58a4006f,0x00000000000000000000000076a297fae4b35fff67d8ab390deac1164a5e88de,0x6c22515322475da92a66963882f009ec080bef95bea53a0d90c3cf821c8cd127
40867968,2026-08-19 21:05:04.000 UTC,0x00000000000000000000000000000000000000000000000000000000000bd99a000000000000000000000000000000000000000000a8cff7796e78363dffb8b40000000000000000000000000000000000000000000000067ff84dbb4c99faba,0x0000000000000000000000007ecca74ab958900ebbed1b258cab50ae69409550,0xf80962fdedc4d9a19566c1164170de742bb3f77cc7fc7e74bc3f3f2201dc1147
40874948,2026-08-19 21:16:44.000 UTC,0x00000000000000000000000000000000000000000000000000000000000bda4b000000000000000000000000000000000000000000a8cff7796e783642e5fcf00000000000000000000000000000000000000000000000003a4965bf58a4000b,0x000000000000000000000000141d1cfa7b93692e2a959185ce845e4e48fa0074,0xc8180447c607433b8232e370c92ab86356d65eb562d120c736055b59e3ddca91
40964390,2026-08-19 23:45:53.000 UTC,0x00000000000000000000000000000000000000000000000000000000000be2eb000000000000000000000000000000000000000000a8cff7796e7836cf92addd0000000000000000000000000000000000000000000000003a4965bf58a400b5,0x000000000000000000000000f290f69940a128164abde7a017c48fa3591adbf6,0x28e62771af92244ae898f5d3b3e8aaa95276b99177ca51c1af9f81198f23596d
41096919,2026-08-20 03:27:35.000 UTC,0x00000000000000000000000000000000000000000000000000000000000bea9a000000000000000000000000000000000000000000a8cff7796e783708ab984f0000000000000000000000000000000000000000000000003a4965bf58a400fa,0x000000000000000000000000c6bf0afe2c0719368e9458ff27eab981eb4e5eda,0x57f6fcc05f7a6f3f3c814da22cafdb1c1704fe211ff4f54ae66e101bb936ee39
41313486,2026-08-20 09:29:28.000 UTC,0x00000000000000000000000000000000000000000000000000000000000bff33000000000000000000000000000000000000000000a8cff7796e78371c87bd550000000000000000000000000000000000000000000000003a4965bf58a40112,0x0000000000000000000000007f241b9d177826bfc3e8aa9ab87f2d0ac911d164,0x598e8089ebaaee1f6a6d4b76b27c6a13f3ac6c34147bf4d39d33e31d48288ef4
41315397,2026-08-20 09:32:40.000 UTC,0x00000000000000000000000000000000000000000000000000000000000bff66000000000000000000000000000000000000000000a8cff7796e78376485c38c0000000000000000000000000000000000000000000000003a4965bf58a40169,0x00000000000000000000000014641000a501bdc736116abf84e6fcea9b90a713,0x7d78c6a812fcb3c9c9dc856b908b20a27a02d7b620c126e0bffaaf6878e48276
41462688,2026-08-20 13:38:53.000 UTC,0x00000000000000000000000000000000000000000000000000000000000c0bd8000000000000000000000000000000000000000000a8cff7796e783643b9d3d10000000000000000000000000000000000000000000000003a4965bf58a4000c,0x00000000000000000000000054b2b275f96250053da6e6b0db69c5014c9450f0,0xed9bace08103f459e65047bc46e0265096bdb06aa9b92a2cd31e6b8180f81ad4
41574136,2026-08-20 16:45:02.000 UTC,0x00000000000000000000000000000000000000000000000000000000000c1aef000000000000000000000000000000000000000000a8cff7796e7836e51680a40000000000000000000000000000000000000000000000003a4965bf58a400cf,0x0000000000000000000000002c5beae02fccf7385dfa5d97107b5a3779174dfe,0x33f81071eb738e43144e4e6059ef1797d9f83daa30704ff02d31a677c2132f22
41594359,2026-08-20 17:18:49.000 UTC,0x00000000000000000000000000000000000000000000000000000000000c1d77000000000000000000000000000000000000000000a8cff7796e7837bf8c17e90000000000000000000000000000000000000000000000003a4965bf58a401d7,0x000000000000000000000000663492eab45ed21d6bdd7836efdc1a9cd51ae199,0xf4c728353d89e156d159cd9ef9ccfd891a9821a20cd210e89b3756914c57bedc
41647413,2026-08-20 18:47:27.000 UTC,0x00000000000000000000000000000000000000000000000000000000000c2382000000000000000000000000000000000000000000a8cff7796e78371fd718d60000000000000000000000000000000000000000000000003a4965bf58a40116,0x0000000000000000000000003991079ddce68f71fa1cc661c2d562303d0e1f44,0x917f93580d381151a19ffec3ac24fa8871c6473bf43962a39b4902011afa2e10
41673668,2026-08-20 19:31:19.000 UTC,0x00000000000000000000000000000000000000000000000000000000000c2659000000000000000000000000000000000000000000a8cff7796e783656c221f70000000000000000000000000000000000000000000000003a4965bf58a40023,0x000000000000000000000000a8f67ec33e4059f19f1109b8046f2e1655e29aa8,0xe859818feb7119cef9e056f8575e6a4814e63d180de61bb4fa37bfd64bd8e8ff
41674597,2026-08-20 19:32:53.000 UTC,0x00000000000000000000000000000000000000000000000000000000000c2675000000000000000000000000000000000000000000a8cff7796e7836be320d770000000000000000000000000000000000000000000000003a4965bf58a400a0,0x00000000000000000000000015c2027712ce12ea07df7f80deb41d628501cee4,0x04973c0c10e9feda7b14b25e04ee5eca5f72d8693979dd5e0a691143d32e0cf9
41725058,2026-08-20 20:57:19.000 UTC,0x00000000000000000000000000000000000000000000000000000000000c2a7e000000000000000000000000000000000000000000a8cff7796e78363a03365400000000000000000000000000000000000000000000001400e758f447240017,0x00000000000000000000000041f64587a6b7b4f5bd922f395acf1f804eb33746,0xa2b1ec1fb73fb6748513aebaa813143136b861fceea9c4a2d0c737868b1ddcd9
41752419,2026-08-20 21:43:03.000 UTC,0x00000000000000000000000000000000000000000000000000000000000c2d52000000000000000000000000000000000000000000a8cff7796e78363a9f982e0000000000000000000000000000000000000000000000003a4965bf58a40001,0x00000000000000000000000014c5bbe23ed292705e4e750da2bce8363c99b7bf,0x58e505a4a272ccb55b741bb57530d9c0042c26687a2a4c481f087fb13f9aa317
41810338,2026-08-20 23:19:53.000 UTC,0x00000000000000000000000000000000000000000000000000000000000c3287000000000000000000000000000000000000000000a8cff7796e78363c4745ee0000000000000000000000000000000000000000000000003a4965bf58a40003,0x00000000000000000000000017ede0d3d16b0c3a4cf62dfe1b5f7f5bfe932a5a,0x12235ce866de27ce0b3531457f570f0c8f91272836f85affa8fc7f512bfae19c
41827237,2026-08-20 23:48:10.000 UTC,0x00000000000000000000000000000000000000000000000000000000000c33c9000000000000000000000000000000000000000000a8cff7796e78369d187a6d0000000000000000000000000000000000000000000000003a4965bf58a40078,0x0000000000000000000000004d62e2f21bd0597e56f9765c107bc4cce1e19962,0xe083c550eee1710efe42e3534f3bcd25bf927a570430c0b16d499c88d5fe4283
41843712,2026-08-21 00:15:45.000 UTC,0x00000000000000000000000000000000000000000000000000000000000c3561000000000000000000000000000000000000000000a8cff7796e78366257e23a0000000000000000000000000000000000000000000000003a4965bf58a40031,0x000000000000000000000000dfb4b6624e592f3149adbe328b95560fcf0541c6,0x5b94238e44edb2b12d452ee01833901dbb5cca0ba04883a0858749a2581381f3
41844187,2026-08-21 00:16:33.000 UTC,0x00000000000000000000000000000000000000000000000000000000000c3569000000000000000000000000000000000000000000a8cff7796e78363b736f0e0000000000000000000000000000000000000000000000003a4965bf58a40002,0x000000000000000000000000fc861e02605addab95d8e6b8e662100e987cb9aa,0x289f4a71870c27030ef3c7f4f747fa9d527106acb09c8dfe4f839d92b5cc8040
41980643,2026-08-21 04:04:44.000 UTC,0x00000000000000000000000000000000000000000000000000000000000c3f46000000000000000000000000000000000000000000a8cff7796e78367707de210000000000000000000000000000000000000000000000003a4965bf58a4004a,0x00000000000000000000000025fe7e8d6426380bf5fbb3ad6ab8ce5e4ab60e23,0xcabcd92227e271bdebcc584b81acb78d6cf3bbe64a775fddec070bdf510c4725
42251237,2026-08-21 11:37:27.000 UTC,0x00000000000000000000000000000000000000000000000000000000000c5358000000000000000000000000000000000000000000a8cff7796e78377add6d330000000000000000000000000000000000000000000000003a4965bf58a40184,0x00000000000000000000000069e826f373b16a96b54f9fae386a26b6c02a28d6,0x8b016e3b219bf229c39ce93337efeef78b8c06323e7b1087aa8775ca7e39802e
42310928,2026-08-21 13:17:16.000 UTC,0x00000000000000000000000000000000000000000000000000000000000c5830000000000000000000000000000000000000000000a8cff7796e78363deef3af0000000000000000000000000000000000000000000000003a4965bf58a40005,0x0000000000000000000000008217ac844a78e244db302a1540a26a42b20bc918,0xda470cf9837f7862c56d767f2761c24a49e96c0f06a14f567f73953a37c46323
42322291,2026-08-21 13:36:18.000 UTC,0x00000000000000000000000000000000000000000000000000000000000c5a39000000000000000000000000000000000000000000a8cff7796e783669ca701d0000000000000000000000000000000000000000000000003a4965bf58a4003a,0x00000000000000000000000034c6ed2199274b5ff0814ca630fe4ed7f3946289,0x1001d0377bf82b94765ddb4f9af3165731af04a26732620ae9935d9d5d95611c
42418188,2026-08-21 16:16:37.000 UTC,0x00000000000000000000000000000000000000000000000000000000000c666e000000000000000000000000000000000000000000a8cff7796e783639f687c40000000000000000000000000000000000000000000000024150e39800400002,0x000000000000000000000000682e4ffa36204a78d22aa51922918975ab73288b,0x4f4f25eb88d8f479df6e8f50c198f2f8a0eabe73120298fe5c6b0fc3af46b088
42434047,2026-08-21 16:43:08.000 UTC,0x00000000000000000000000000000000000000000000000000000000000c688e000000000000000000000000000000000000000000a8cff7796e78366d19cb9e0000000000000000000000000000000000000000000000003a4965bf58a4003e,0x00000000000000000000000047b757e2e58f272ccbcaa551e366b14f600cde88,0xbda4ee653e9a8858610e26cdd825f092e54b500658367b5d61f3759bad11160f
42471396,2026-08-21 17:45:32.000 UTC,0x00000000000000000000000000000000000000000000000000000000000c6cbd000000000000000000000000000000000000000000a8cff7796e78369182ba290000000000000000000000000000000000000000000000003a4965bf58a4006a,0x000000000000000000000000544ece9cee8c84a5f5a4eb21780e61100da9e987,0x8301df7ea490938c18b075715b550cf90e28bd9c6c85084e83a62db3a98f6cc6
42538718,2026-08-21 19:38:01.000 UTC,0x00000000000000000000000000000000000000000000000000000000000c71bf000000000000000000000000000000000000000000a8cff7796e783643b9d3d10000000000000000000000000000000000000000000000003a4965bf58a4000c,0x000000000000000000000000b5c46b15676c05af50c21f12f3ad33b136b698fa,0xb4b4f923bd72a9b1518d4c9297d3d7a3535b8f1c44f365e751ee110886e4d888
42562709,2026-08-21 20:18:13.000 UTC,0x00000000000000000000000000000000000000000000000000000000000c73cc000000000000000000000000000000000000000000a8cff7796e78363b736f0e0000000000000000000000000000000000000000000000003a4965bf58a40002,0x000000000000000000000000fe242d1da8fd04f6a1f80b6d3d807b02e062ad4e,0xf3b25b799f7f141e1173d3e600bb963e548793208f669bca195a6980bf32d314
42567743,2026-08-21 20:26:36.000 UTC,0x00000000000000000000000000000000000000000000000000000000000c7432000000000000000000000000000000000000000000a8cff7796e783655ee4b160000000000000000000000000000000000000000000000003a4965bf58a40022,0x000000000000000000000000ccfb3e9ae9c0fb9d45bf796086dbb834e043a9de,0xc395ac723313371ce24332f009806476f73431c5a4398716acf6fed59ebf6b5f
42585569,2026-08-21 20:56:24.000 UTC,0x00000000000000000000000000000000000000000000000000000000000c751b000000000000000000000000000000000000000000a8cff7796e78367a5739a20000000000000000000000000000000000000000000000003a4965bf58a4004e,0x0000000000000000000000000977fa2139b773732da455926660b3d22c8cab7f,0xc41911a1705af3f27a7bb19de286fc7e2ab3a6b7d0b2435ba06555f56698c155
42627706,2026-08-21 22:06:47.000 UTC,0x00000000000000000000000000000000000000000000000000000000000c79f9000000000000000000000000000000000000000000a8cff7796e78363c4745ee0000000000000000000000000000000000000000000000003a4965bf58a40003,0x00000000000000000000000016cc562509dbe2c80d613e022c1ab7b6b26aaaa9,0x7d8d620dd6f839dca802322f923886c5d0aa0203f8fe659d5401d3a9547bd6b0
42647285,2026-08-21 22:39:28.000 UTC,0x00000000000000000000000000000000000000000000000000000000000c7ba7000000000000000000000000000000000000000000a8cff7796e78363b736f0e0000000000000000000000000000000000000000000000003a4965bf58a40002,0x000000000000000000000000b2b84b216945e576ab87d21d1be8d935fefa31e4,0x48f8d347a151e893e0d02af521cc0a9ef6ea2856347b835a78e86d8243f68393
42673300,2026-08-21 23:22:57.000 UTC,0x00000000000000000000000000000000000000000000000000000000000c7d57000000000000000000000000000000000000000000a8cff7796e78364e7bbd340000000000000000000000000000000000000000000000003a4965bf58a40019,0x00000000000000000000000097f68328cf8ad42edc771355bdedac657f4949b9,0x9074bf139b654e8f169c1de54bb44573c8b95f0b2f36f15451fdfe2f9e67c36d
42702681,2026-08-22 00:12:04.000 UTC,0x00000000000000000000000000000000000000000000000000000000000c7f73000000000000000000000000000000000000000000a8cff7796e78363c4745ee0000000000000000000000000000000000000000000000003a4965bf58a40003,0x000000000000000000000000db99d819e93b06ed83a17c01fed2b7dca5774bbb,0x26cb220dbacb89008163272d3195f73073940b1ff088a0789b0da8893b86ba15
43219512,2026-08-22 14:36:10.000 UTC,0x00000000000000000000000000000000000000000000000000000000000c9ef0000000000000000000000000000000000000000000a8cff7796e7836dc04da25000000000000000000000000000000000000000000000031b82eb30fbbda4c48,0x000000000000000000000000ba0a0ece3b36fb5480fba0f5b061c503c9782191,0xd11bbd7291738e136c22984cc7cc1ccc8e56603328ce22715d3bb99061639e58
43223614,2026-08-22 14:43:01.000 UTC,0x00000000000000000000000000000000000000000000000000000000000c9f33000000000000000000000000000000000000000000a8cff7796e7836dc9a3ec7000000000000000000000000000000000000000000000031b82eb30fbbda4ce2,0x0000000000000000000000003da87da52f4722ff078719e8c364d7a0eeb33db0,0x0b6aa0650460ccf9da0508ed3eac3c187b5bb4bf88c1685dbc10b404ff77888f
43361360,2026-08-22 18:33:15.000 UTC,0x00000000000000000000000000000000000000000000000000000000000ca839000000000000000000000000000000000000000000a8cff7796e7836db6f7584000000000000000000000000000000000000000000000031b82eb30fbbda4bae,0x000000000000000000000000c5795c3e56c25fbaae744af6b5faa165cc60ee16,0xf3e31c44ef4eb0b55a39c97d2a69f7fa3dd4f23b9872d98d162ab7da3f7faf7f
43374864,2026-08-22 18:55:49.000 UTC,0x00000000000000000000000000000000000000000000000000000000000ca983000000000000000000000000000000000000000000a8cff7796e7837b2379ff500000000000000000000000000000000000000000000000ade07a4934dae98b8,0x000000000000000000000000e57416788122cb80f70429b53ad0f066d2cd519d,0x7ce801cb4306c792e01cab4511c33c65312f2a41e15f9cfb9309a9f5c8658f9d
43378527,2026-08-22 19:01:56.000 UTC,0x00000000000000000000000000000000000000000000000000000000000caa4a000000000000000000000000000000000000000000a8cff7796e78365a117d780000000000000000000000000000000000000000000000003a4965bf58a40027,0x00000000000000000000000005a05fbaadcd3ee7b934c3e3a9540a9d85db9956,0x13e36647a43a03d1aac5ed5659f92bd6f7f38238522c6a5b8e9e4527df70d439
43382640,2026-08-22 19:08:47.000 UTC,0x00000000000000000000000000000000000000000000000000000000000cac63000000000000000000000000000000000000000000a8cff7796e7836ddd29cd4000000000000000000000000000000000000000000000031b82eb30fbbda4e24,0x000000000000000000000000923cb12e5591a90a9329781f105f613f6f40517d,0x17e0bafabd9bde86ab271af99c849f89646e78521065a6d4826c7b6b845e615a
43388897,2026-08-22 19:19:12.000 UTC,0x00000000000000000000000000000000000000000000000000000000000cada0000000000000000000000000000000000000000000a8cff7796e78369a9cf5cc0000000000000000000000000000000000000000000000003a4965bf58a40075,0x0000000000000000000000002976bc9e9466c0998f7b71243303a6163ecfafd0,0x183c1006a0fcc4c786d3f66350ac6fa5d0ffa7c0bbfa9f55ae6d04c078e6e88d
43389309,2026-08-22 19:19:54.000 UTC,0x00000000000000000000000000000000000000000000000000000000000cada9000000000000000000000000000000000000000000a8cff7796e7836db7ff353000000000000000000000000000000000000000000000031b82eb30fbbda4bbf,0x000000000000000000000000eff08923765e4abfeacb11262c3312818d564e6c,0xfc50a04a42d7aea54297e6402b94ecbd52de2869f8acc351218977bb7a72da12
43389380,2026-08-22 19:20:01.000 UTC,0x00000000000000000000000000000000000000000000000000000000000cadab000000000000000000000000000000000000000000a8cff7796e7836db5d0705000000000000000000000000000000000000000000000031b82eb30fbbda4b9b,0x00000000000000000000000069c6e8d71cb4699b9f6bfc76064681ca0e3fcb8a,0x4b7a183e5989b2ad5c1c2684513a267e239660a6b3cf463cb4f1630c83b38d83
43389707,2026-08-22 19:20:34.000 UTC,0x00000000000000000000000000000000000000000000000000000000000cadb6000000000000000000000000000000000000000000a8cff7796e7836db5d0705000000000000000000000000000000000000000000000031b82eb30fbbda4b9b,0x000000000000000000000000dcbd39806e20c5335ac3d4f92fc854d15c060dd2,0x802842aadb67740d139948c9ab0f3a0a80439b6e2166260b2a2231195b2141a7
43448805,2026-08-22 20:59:12.000 UTC,0x00000000000000000000000000000000000000000000000000000000000cb40b000000000000000000000000000000000000000000a8cff7796e783672e4abbf0000000000000000000000000000000000000000000000003a4965bf58a40045,0x000000000000000000000000a7d66c394186e6e6d21920a1f56211f22cc847fe,0x3ff0dfe0b40493703c6a98e7f1fc385a619329344f6ecaf2dbdef5abb4e00d39
43480440,2026-08-22 21:52:06.000 UTC,0x00000000000000000000000000000000000000000000000000000000000cb607000000000000000000000000000000000000000000a8cff7796e7836dbde0c7a000000000000000000000000000000000000000000000031b82eb30fbbda4c20,0x000000000000000000000000574ed43500379749ea053e14370ebc1d7bd2f147,0x0932409df3d87c9403c292f3fe39957099d3e0876310afc10d6e027c9dd8d10a
43538134,2026-08-22 23:28:34.000 UTC,0x00000000000000000000000000000000000000000000000000000000000cb8b8000000000000000000000000000000000000000000a8cff7796e78365372c6750000000000000000000000000000000000000000000000003a4965bf58a4001f,0x000000000000000000000000392cb3a6048856c8f4404c4cfa3fe8bf4ba3cc47,0xcad8f13561bdee5eafd905ef269f3c5c5f719b94cfa776165a9ff9be15c6d380
43578068,2026-08-23 00:35:20.000 UTC,0x00000000000000000000000000000000000000000000000000000000000cba90000000000000000000000000000000000000000000a8cff7796e7836db64c9c1000000000000000000000000000000000000000000000031b82eb30fbbda4ba3,0x00000000000000000000000094c584bad2d47792d9a9383f6d0c05e9e24e6ec7,0x33e5fc0f13e6609ffbedc93224e9f2d45c4e407ec96a4beb1445775dabb1e581
43670155,2026-08-23 03:09:17.000 UTC,0x00000000000000000000000000000000000000000000000000000000000cbef2000000000000000000000000000000000000000000a8cff7796e7836da5497400000000000000000000000000000000000000000000000003a4965bf58a400c2,0x0000000000000000000000004097b143ff4dba02de4fe9f85686f4d579fbef00,0x59a114eefb1bb44d60ffd1787c160123c771eb9d074242608bdd8413cf514a87
43980284,2026-08-23 11:48:04.000 UTC,0x00000000000000000000000000000000000000000000000000000000000ccff5000000000000000000000000000000000000000000a8cff7796e78367cd2be430000000000000000000000000000000000000000000000003a4965bf58a40051,0x000000000000000000000000c6ac7e7464992f277d4c5a267df52c9d607bfcea,0xb429c2941810c3bf2e1868d3035609e86b333821211375c69c549b13bb156e5b
44131507,2026-08-23 16:01:05.000 UTC,0x00000000000000000000000000000000000000000000000000000000000cd8b1000000000000000000000000000000000000000000a8cff7796e7836674eeb7c0000000000000000000000000000000000000000000000003a4965bf58a40037,0x0000000000000000000000008f1868fff32537432874ee412198a13134611900,0x66a56ea18c07c3d8d92db2604b40f6ae574826e8628c950f6606f70a2b333842
44144312,2026-08-23 16:22:30.000 UTC,0x00000000000000000000000000000000000000000000000000000000000cd9b0000000000000000000000000000000000000000000a8cff7796e7836c8201ffa0000000000000000000000000000000000000000000000003a4965bf58a400ac,0x0000000000000000000000000285ee92f0f950060758a8e1416c95e6b7970b8c,0x2ea2bdfae35a137c46c831dac8873379fa9ab2dbd841be3e7b4299e64d132505
44194970,2026-08-23 17:47:12.000 UTC,0x00000000000000000000000000000000000000000000000000000000000cddfc000000000000000000000000000000000000000000a8cff7796e78363e9e8ddc00000000000000000000000000000000000000000000000455f2d90da62a99b3,0x00000000000000000000000098e22c32394f0e15919e9a0f2c2d11d99b6d2a31,0x820c8ee4cb8f0ab3585cc6c091e198c2a96a22c6201a0126fc131c4910971f9a
44225232,2026-08-23 18:37:47.000 UTC,0x00000000000000000000000000000000000000000000000000000000000ce0e6000000000000000000000000000000000000000000a8cff7796e7836cebed6fd0000000000000000000000000000000000000000000000003a4965bf58a400b4,0x000000000000000000000000a2ceac1db81d7f0acc7eaa6018e6f9b4d33849cb,0x196a424d82388a47a51ef127861faaf740731f36ba37507548ab2463706cca24
44335025,2026-08-23 21:41:08.000 UTC,0x00000000000000000000000000000000000000000000000000000000000ced1b000000000000000000000000000000000000000000a8cff7796e7836463558710000000000000000000000000000000000000000000000003a4965bf58a4000f,0x000000000000000000000000c965822c5e5be7f83f388c3fe6d6489ea2c84f7c,0x8a5d40b8503d2b6bda10c99e7087e601aab6dee0037c36566982636c00c70e1f
44335048,2026-08-23 21:41:10.000 UTC,0x00000000000000000000000000000000000000000000000000000000000ced1c000000000000000000000000000000000000000000a8cff7796e78363b736f0e0000000000000000000000000000000000000000000000003a4965bf58a40002,0x00000000000000000000000045429c34ccda64146a64d80a0017ee433913f088,0x781fcd44049561276210b3357df9ab8cefad6691727de2901cb1a1ab26ded0b7
44335216,2026-08-23 21:41:27.000 UTC,0x00000000000000000000000000000000000000000000000000000000000ced24000000000000000000000000000000000000000000a8cff7796e783639e466b6000000000000000000000000000000000000000000000003e9f9ed77cf340002,0x000000000000000000000000133698a17b7b5c2b981555c56c2b00824f517c1b,0x4bcd04b78faf4c6d0b08d5007baba4d2942480e68ee990b7e25f7cb83346e62c
44336448,2026-08-23 21:43:29.000 UTC,0x00000000000000000000000000000000000000000000000000000000000ced46000000000000000000000000000000000000000000a8cff7796e783639fd0c1f000000000000000000000000000000000000000000000003e9f9ed77cf340004,0x000000000000000000000000094bf922cca8022333a64904027b8ff29e12ceeb,0xb0e052fc79b270cc84ce7abaa8b4a17096f9d4a73432bf0d17daf62c1b4c58f5
44338119,2026-08-23 21:46:18.000 UTC,0x00000000000000000000000000000000000000000000000000000000000cedbd000000000000000000000000000000000000000000a8cff7796e78363ace8a1a000000000000000000000000000000000000000000000003e9f9ed77cf340015,0x0000000000000000000000009767277f83f4c44c97af62adfafa6abbe787f592,0x42eebeba14a3309498387bf3798135c181f2ce8dca9a0611f94324a4c0eb104f
44342091,2026-08-23 21:52:55.000 UTC,0x00000000000000000000000000000000000000000000000000000000000cef82000000000000000000000000000000000000000000a8cff7796e78363c58e0a7000000000000000000000000000000000000000000000003e9f9ed77cf340035,0x000000000000000000000000ac77646bcff9d52e99800534192e0290933f4094,0x36d68af978b0423d61b98ff217fcab75f08c08213911640cc092eb10c1dd1b75
44343938,2026-08-23 21:55:58.000 UTC,0x00000000000000000000000000000000000000000000000000000000000cf003000000000000000000000000000000000000000000a8cff7796e78363ae72f83000000000000000000000000000000000000000000000003e9f9ed77cf340017,0x000000000000000000000000b35177abb536e2da393e4dbbdb99109d3defc591,0x26e456a20a3984c860534ba3846abe50ca028810c2185aebab280f26427311ed
44347285,2026-08-23 22:01:34.000 UTC,0x00000000000000000000000000000000000000000000000000000000000cf16f000000000000000000000000000000000000000000a8cff7796e78363dfbdc9c000000000000000000000000000000000000000000000003e9f9ed77cf340057,0x0000000000000000000000006973d01a4b97fc0a1fe81a55d56b01f420be2778,0x30446470f87fa28b1e71be2e14ee6bb1ea44f6707220b1a5300b543a9cddb721
44465050,2026-08-24 01:18:03.000 UTC,0x00000000000000000000000000000000000000000000000000000000000cff4b000000000000000000000000000000000000000000a8cff783557f5e4f33215900000000000000000000000000000000000000000000000000000001e2339ae3,0x000000000000000000000000dd106fa7dc9311a3a7ec7a3abbd1c75f55d872c6,0x2291a3468c960735e6132315986a79f462b3ceb5b02fb0da63e52f1c83e3020d
44466267,2026-08-24 01:20:05.000 UTC,0x00000000000000000000000000000000000000000000000000000000000cff70000000000000000000000000000000000000000000a8cff7796e78367660ba770000000000000000000000000000000000000000000000009744943fd3c200be,0x00000000000000000000000027b00ab649a8eab8d53a59d128eab87fb3cf4f1e,0xee720425d8e2b9d5855977c97b7d39642f918cfd8c6f3ae59678e643d2ee1aca
44496141,2026-08-24 02:10:00.000 UTC,0x00000000000000000000000000000000000000000000000000000000000d023a000000000000000000000000000000000000000000a8cff7796e7836932a67ea0000000000000000000000000000000000000000000000003a4965bf58a4006c,0x000000000000000000000000f7997e4fd821e39d884d86d25e1655017f241a42,0x325e8aba0b377f421f6017c908b42ab0037a0b7c6d0030ff0c85d90219f6bcc8
44544646,2026-08-24 03:31:03.000 UTC,0x00000000000000000000000000000000000000000000000000000000000d099d000000000000000000000000000000000000000000a8cff7796e783648b0dd120000000000000000000000000000000000000000000000003a4965bf58a40012,0x0000000000000000000000001139d423c1706bdead91f03507f521635591ed92,0x239660e071411e86da99eaad2f5bbe1427b40fae6868ce21475ef34f009994a9
44869783,2026-08-24 12:34:28.000 UTC,0x00000000000000000000000000000000000000000000000000000000000d2dfe000000000000000000000000000000000000000000a8cff7796e783653b9dfd700000000000000000000000000000000000000000000000171b0c39ea3dc2c9b,0x0000000000000000000000006a35e4f7f087c268c10dce01598c48d63bc41d8a,0x87933c248bddfc13175543061c25c1537b58d4d88fe254def93556f6b65dedd2
44902480,2026-08-24 13:29:07.000 UTC,0x00000000000000000000000000000000000000000000000000000000000d31a0000000000000000000000000000000000000000000a8cff7796e7836ff915cac0000000000000000000000000000000000000000000000003a4965bf58a400ef,0x000000000000000000000000809ed3ab555dadee697334fd688f2f0e12ac77fe,0xd0bb781eb6f31f5d72eb653fa13f7b09e68d9518beb63bda5929eabe6120df7e
44918409,2026-08-24 13:55:43.000 UTC,0x00000000000000000000000000000000000000000000000000000000000d3595000000000000000000000000000000000000000000a8cff7796e78368bb7da070000000000000000000000000000000000000000000000003a4965bf58a40063,0x000000000000000000000000c570011b7cc845763bccb5c0e572b8babcdb4d86,0xe27b4e5a1359b68f88ee975e3e9bce9d9b4fa697a44e56766533d72275799948
44974743,2026-08-24 15:29:37.000 UTC,0x00000000000000000000000000000000000000000000000000000000000d4519000000000000000000000000000000000000000000a8cff7796e7836f253eea80000000000000000000000000000000000000000000000003a4965bf58a400df,0x000000000000000000000000834dfc6c604ed4b89fc2230bbee47660cd07d0a2,0x74c9c0fd88a9c73cd01979c2a0d89c111db5a4fbf6a62d79c9f71147b7d842e0
45003650,2026-08-24 16:17:49.000 UTC,0x00000000000000000000000000000000000000000000000000000000000d4d2e000000000000000000000000000000000000000000a8cff7796e78363db1ec62000000000000000000000000000000000000000000000003e9f9ed77cf340051,0x0000000000000000000000006b12ec435f15f823ee3c550e9013123e4187429b,0x888236add5f5a384b0ac5b5f4f53922aa3464e9226cc2369fec9535c080374d6
45008375,2026-08-24 16:25:42.000 UTC,0x00000000000000000000000000000000000000000000000000000000000d4e76000000000000000000000000000000000000000000a8cff7796e7836421609200000000000000000000000000000000000000000000000009744943fd3c2001a,0x00000000000000000000000061b523bf750c3188a82c150a560d33d02a1e3ba6,0x7b0cf943dc75d93162752936997c8dc6bfa46c6f2aed37849bbc3bbc214d547c
45009138,2026-08-24 16:26:59.000 UTC,0x00000000000000000000000000000000000000000000000000000000000d4ea4000000000000000000000000000000000000000000a8cff7796e783659ae5f630000000000000000000000000000000000000000000000009744943fd3c20064,0x000000000000000000000000837dff581369575b360103d3f8ff9e842818a83d,0x692e6161dad7477790a7266953021f93495697ca5cdd8fcdfba6a416a52cc68e
45049708,2026-08-24 17:34:40.000 UTC,0x00000000000000000000000000000000000000000000000000000000000d5513000000000000000000000000000000000000000000a8cff7796e7836405753130000000000000000000000000000000000000000000000024baf4ec4e895592d,0x000000000000000000000000ab1093e8ce1a8dae921fa95fefbdc66138a94a8a,0x0e1f85c479e56b70623efc199ab4e94e88a24fbfbc21c43d92ba03d99a147730
45050777,2026-08-24 17:36:28.000 UTC,0x00000000000000000000000000000000000000000000000000000000000d5537000000000000000000000000000000000000000000a8cff7796e7836464010760000000000000000000000000000000000000000000000024baf4ec4e8955975,0x000000000000000000000000778f1a82da2b3a361f82ece0a5e7338b7bf0efe6,0xf147275409f1dc3dfae26ba1935016e4fd5d25cce22037a2ce2445b8ff95f096
45055338,2026-08-24 17:44:05.000 UTC,0x00000000000000000000000000000000000000000000000000000000000d559f000000000000000000000000000000000000000000a8cff7796e7836400dc0ea000000000000000000000000000000000000000000000003e9f9ed77cf340082,0x000000000000000000000000d16e7422336e75fb995eaf14ea9f8f473968105f,0xc51d53d1d94ded097c28791f9854b797f57cef15de5ede74ecccdb192d1be8f8
45056730,2026-08-24 17:46:23.000 UTC,0x00000000000000000000000000000000000000000000000000000000000d55c6000000000000000000000000000000000000000000a8cff7796e7836b517d1d40000000000000000000000000000000000000000000000003a4965bf58a40095,0x000000000000000000000000b245a0e4bcf6f7961b68785d54ccdf51eac906c1,0x845570e2a4c2399e1b530db42017c55ec0139976825d6c5e46f470b7fdfe7ad3
45059325,2026-08-24 17:50:44.000 UTC,0x00000000000000000000000000000000000000000000000000000000000d561a000000000000000000000000000000000000000000a8cff7796e7836b517d1d40000000000000000000000000000000000000000000000003a4965bf58a40095,0x000000000000000000000000211bc31e638148ec2722664cb2ba8fb5d3bf9798,0xdf20ce3c6609ba068b7b27693daf64886c5da3babada4d484f43425f873f0344
45065819,2026-08-24 18:01:35.000 UTC,0x00000000000000000000000000000000000000000000000000000000000d583c000000000000000000000000000000000000000000a8cff7796e78369313158b0000000000000000000000000000000000000000000000009744943fd3c20118,0x000000000000000000000000ca42d8706a3e9fe880a7046cee99872a93b15313,0xff7e3c3cc05e0bae19592a6b74e83f35b244f7c99f419237daea1ac1fedd650b
45095483,2026-08-24 18:51:04.000 UTC,0x00000000000000000000000000000000000000000000000000000000000d5cae000000000000000000000000000000000000000000a8cff7796e78369182ba290000000000000000000000000000000000000000000000003a4965bf58a4006a,0x0000000000000000000000004969ad31fd47e14464d27055b6011b5d02335e18,0xd8d86dea992bb60574d8c8b81a1713c477f6708960df4d570e218d654f4d28e5
45116404,2026-08-24 19:25:59.000 UTC,0x00000000000000000000000000000000000000000000000000000000000d60ce000000000000000000000000000000000000000000a8cff7796e783653f119f90000000000000000000000000000000000000000000000009744943fd3c20052,0x0000000000000000000000009c482f234a3d8ee6b7dc4825a329f62845450c5b,0x2ce6e0f130235d452a368b34c42d78558a60a49ddb9ca3ab3de9bb897cb5f986
45148634,2026-08-24 20:19:47.000 UTC,0x00000000000000000000000000000000000000000000000000000000000d65f3000000000000000000000000000000000000000000a8cff7796e78366c45f4bd0000000000000000000000000000000000000000000000003a4965bf58a4003d,0x000000000000000000000000a0739e158777d7c122cd734606ef8423a539bb19,0x84c703dc4faba1147f0f0096e6b8d35f8f892fb07d5f266e8518880ee7573e40
45157345,2026-08-24 20:34:19.000 UTC,0x00000000000000000000000000000000000000000000000000000000000d66da000000000000000000000000000000000000000000a8cff7796e783701390a6d0000000000000000000000000000000000000000000000003a4965bf58a400f1,0x000000000000000000000000046520b38565664951348ef41bde45c18b93eeb3,0x8e68cee4570fb738f512f0c7a60a18ac1619c190b42b4e3755906e260928f4b6
45160804,2026-08-24 20:40:05.000 UTC,0x00000000000000000000000000000000000000000000000000000000000d6747000000000000000000000000000000000000000000a8cff7796e7836d3b5e03e0000000000000000000000000000000000000000000000003a4965bf58a400ba,0x00000000000000000000000085beef3b242599ad8e06faae28ba01c350f7ca8f,0xe3521b4aad35015a69d71eba418410d61c2847d175c7df1e82ae5c5013733c9b
45168654,2026-08-24 20:53:11.000 UTC,0x00000000000000000000000000000000000000000000000000000000000d6886000000000000000000000000000000000000000000a8cff7796e78363b736f0e0000000000000000000000000000000000000000000000003a4965bf58a40002,0x000000000000000000000000061423ee7e45d26170225c0a6e2c6defeee8ade0,0x012ec1c655dd5954168a41af973cb23560ff9abaf86a8a513d6fb1924f256c5b
45185547,2026-08-24 21:21:22.000 UTC,0x00000000000000000000000000000000000000000000000000000000000d6bc9000000000000000000000000000000000000000000a8cff7796e78364cd40f730000000000000000000000000000000000000000000000003a4965bf58a40017,0x0000000000000000000000005d593aace740ef9e12e46fce8e21cf715de331ba,0x64d4b164de2bf330829f67e1c792323e8a20a64ecccebdd5a8e77b9dde83a384
45193052,2026-08-24 21:33:52.000 UTC,0x00000000000000000000000000000000000000000000000000000000000d6d37000000000000000000000000000000000000000000a8cff7796e783663ff8ffb0000000000000000000000000000000000000000000000003a4965bf58a40033,0x000000000000000000000000ba4239072c969fddcbc352765a80031131bc3edd,0x5aa021d3ef791bd6a70a3749439571998027ee877b8d7ef791824cd49a6f4aed
45205006,2026-08-24 21:53:48.000 UTC,0x00000000000000000000000000000000000000000000000000000000000d6ebf000000000000000000000000000000000000000000a8cff7796e7836c74c491a0000000000000000000000000000000000000000000000003a4965bf58a400ab,0x000000000000000000000000b957908d31cce8e37fb7f7947303291dcf2cac8e,0xf000fa330b412eb1946ea986afedb2735edcc92969692411d9e1ca14c8d9cf9b
45245173,2026-08-24 23:00:50.000 UTC,0x00000000000000000000000000000000000000000000000000000000000d73c7000000000000000000000000000000000000000000a8cff7796e78364b2c61b30000000000000000000000000000000000000000000000003a4965bf58a40015,0x00000000000000000000000033079a27de8ccc494383b2140499496615fae991,0x086765d45d65b49655758e0962ae6719970a148caaa2c435c46a578c10de3741
45254331,2026-08-24 23:16:08.000 UTC,0x00000000000000000000000000000000000000000000000000000000000d7589000000000000000000000000000000000000000000a8cff7796e7836db82dc5a000000000000000000000000000000000000000000000031b82eb30fbbda4bc2,0x000000000000000000000000e6dcd736cf9f72a519eb29bace10d2dbd04365ee,0x85e1ccfc1b3a85de72f23e462f723efafd43391e03db0d46fc29ea32f48d7797
45289554,2026-08-25 00:14:58.000 UTC,0x00000000000000000000000000000000000000000000000000000000000d7a5b000000000000000000000000000000000000000000a8cff7796e783651cb18b50000000000000000000000000000000000000000000000003a4965bf58a4001d,0x000000000000000000000000cabb93c5a6678f43b4ebfe921c246a96b613177e,0x349672a648b92c0bc51fdf11fd70572fddd33b0f3de1d141258da046a65fd6a8
45309232,2026-08-25 00:47:52.000 UTC,0x00000000000000000000000000000000000000000000000000000000000d7d91000000000000000000000000000000000000000000a8cff7796e78367069271f0000000000000000000000000000000000000000000000003a4965bf58a40042,0x00000000000000000000000090b3351254831150d822f4fa3d7afdab535d2c9e,0xf0689fba4849b4c0fcbd0e5b84dd9c123f64f9f4c0a4357ff0c374db9ec7ecba
45337689,2026-08-25 01:35:27.000 UTC,0x00000000000000000000000000000000000000000000000000000000000d80d6000000000000000000000000000000000000000000a8cff7796e783655ee4b160000000000000000000000000000000000000000000000003a4965bf58a40022,0x000000000000000000000000ee5576fa1bcaa380e591d01245f406f3f384eb01,0x1975619ad4179048b8574d0679588c8eb132637a45fc0062c840b2640b7adcbc
45351472,2026-08-25 01:58:30.000 UTC,0x00000000000000000000000000000000000000000000000000000000000d8439000000000000000000000000000000000000000000a8cff7796e7836974d9a4b0000000000000000000000000000000000000000000000003a4965bf58a40071,0x000000000000000000000000123e0f54d353d45ca98ba1170bbfab862a1516e1,0x96729b1b5a193b130312ea116c9aa821b5b75ebc8601671189e60a30ec66fca2
45352281,2026-08-25 01:59:49.000 UTC,0x00000000000000000000000000000000000000000000000000000000000d8454000000000000000000000000000000000000000000a8cff7796e7836a48b084f0000000000000000000000000000000000000000000000003a4965bf58a40081,0x0000000000000000000000002db219a4c16f1bae611361d21421fde06f447f47,0x5737b0bab5ed6b6c64e6f968b5b5781b4ed64b6e40f76cb2bd834ba47b3e8ec5
45358375,2026-08-25 02:10:01.000 UTC,0x00000000000000000000000000000000000000000000000000000000000d85ad000000000000000000000000000000000000000000a8cff7796e783641296d610000000000000000000000000000000000000000000000024baf4ec4e8955937,0x000000000000000000000000995ed71e5022a7f238f236e5d8516c3d5a07c338,0x576a0e52b02e7a88a69d50b6b34b918b2fc06061500caa4ae7b4dff298311347
45416233,2026-08-25 03:46:52.000 UTC,0x00000000000000000000000000000000000000000000000000000000000d90bf000000000000000000000000000000000000000000a8cff7796e7836dbd74215000000000000000000000000000000000000000000000031b82eb30fbbda4c19,0x0000000000000000000000008e8cd796cdda14da6f588a0d62ae25612b2f7b47,0x8ed551c16e66ba761fd7948e58afb2d2c33dfcbc0f710adfa002e545aa4e34ec
45450094,2026-08-25 04:43:30.000 UTC,0x00000000000000000000000000000000000000000000000000000000000d950b000000000000000000000000000000000000000000a8cff7796e78363c606b1700000000000000000000000000000000000000000000001400e758f447240112,0x00000000000000000000000076fdd7c8dfb45294a1d13de698f01daf52f39be3,0x4430f8b081c0c72be21632f9347d2f575c578e77458dedf57ccefae6187c14d1
45485580,2026-08-25 05:42:52.000 UTC,0x00000000000000000000000000000000000000000000000000000000000d9b7e000000000000000000000000000000000000000000a8cff7796e7836632bb91a0000000000000000000000000000000000000000000000003a4965bf58a40032,0x000000000000000000000000c8c80a453f773cee6bb847bc6857ae48b05bd811,0x3e1bdc3c2cddf34dca7a80392d7b7545635df6ae6998f6064519c5cbb3c976c9
45599951,2026-08-25 08:53:59.000 UTC,0x00000000000000000000000000000000000000000000000000000000000dadbb000000000000000000000000000000000000000000a8cff7796e78373a51f4df0000000000000000000000000000000000000000000000003a4965bf58a40136,0x0000000000000000000000009756009487826de15e06a00036db893a3fa20c9d,0xd5da3c05f998625806e465bcbdd9d44d9ffe1c4db7ce5a62ada97c4e675a5b07
45671084,2026-08-25 10:52:56.000 UTC,0x00000000000000000000000000000000000000000000000000000000000dbb68000000000000000000000000000000000000000000a8cff7796e7836ada543f20000000000000000000000000000000000000000000000003a4965bf58a4008c,0x0000000000000000000000009de83d01bc3d0857435529d931679ba5dc31ddf4,0xab5db5c65f37cee0d6b8a72a515b0067cb5409ff221e35184352623db1c02772
45673305,2026-08-25 10:56:38.000 UTC,0x00000000000000000000000000000000000000000000000000000000000dbcb5000000000000000000000000000000000000000000a8cff7796e783896b253ad0000000000000000000000000000000000000000000000003a4965bf58a402db,0x000000000000000000000000294cf9969b8bda18ba91f88a56d569f9c01c10f4,0x2fb796197c6ba5a6b2114c4f7b44ac84331dd5b6ff01ceabbbc9344413618674
45683777,2026-08-25 11:14:09.000 UTC,0x00000000000000000000000000000000000000000000000000000000000dbf54000000000000000000000000000000000000000000a8cff7796e7836c18168f80000000000000000000000000000000000000000000000003a4965bf58a400a4,0x000000000000000000000000dbf8ebd0e485fd176ee98448ec28b011e3d226e3,0xc0e9e88a2e8cfbfb3f0d9e2f0b930b6cd8171fd1af3d74bb1e30db2daebeec31
45718706,2026-08-25 12:12:34.000 UTC,0x00000000000000000000000000000000000000000000000000000000000dc4b3000000000000000000000000000000000000000000a8cff7796e7837a43d65000000000000000000000000000000000000000000000000003a4965bf58a401b6,0x0000000000000000000000006547911e5b8f3cfa9e6bca37ddde3009e83faa2d,0x2ad2f980a8bc63af850e0e440692ffa23619e76469691e70cddd745308e1354a
45753469,2026-08-25 13:10:40.000 UTC,0x00000000000000000000000000000000000000000000000000000000000dca2d000000000000000000000000000000000000000000a8cff7796e78365e34afd90000000000000000000000000000000000000000000000003a4965bf58a4002c,0x0000000000000000000000004b0171f6605905e3c9acbcd8cf21db63c78d0d93,0x7171f84e4d749fc4ccfdca5d5bd000e5f80ae421c21f0ae2700f7cbf413db9f4
45791424,2026-08-25 14:14:06.000 UTC,0x00000000000000000000000000000000000000000000000000000000000dd1ac000000000000000000000000000000000000000000a8cff7796e7836763407400000000000000000000000000000000000000000000000003a4965bf58a40049,0x00000000000000000000000096db3fde2da3e8c4fefaf41ceb3f85934dc7fc20,0x7279124bbd46c9e8d83ae6b3606f32ef51066d78b3e466f19b1a8a6cf0952958
45793941,2026-08-25 14:18:19.000 UTC,0x00000000000000000000000000000000000000000000000000000000000dd233000000000000000000000000000000000000000000a8cff7796e78368e335ea80000000000000000000000000000000000000000000000003a4965bf58a40066,0x0000000000000000000000002ca41249485eb6f71981872461d0fca32058fd78,0x04d0c711bbeaea1a442939dcb335ddfcfacd13388a0a6477787143ebe3b4cbac
45819133,2026-08-25 15:00:24.000 UTC,0x00000000000000000000000000000000000000000000000000000000000dd985000000000000000000000000000000000000000000a8cff7796e78363c4745ee0000000000000000000000000000000000000000000000003a4965bf58a40003,0x00000000000000000000000098af77d765465928062c1abb28dc7a8c0366c13e,0x300605e57fe72f1a9ddfe2249d868b493638dd55220ac8e7bc6bd14985fab3c7
45819341,2026-08-25 15:00:45.000 UTC,0x00000000000000000000000000000000000000000000000000000000000dd989000000000000000000000000000000000000000000a8cff7796e78364984b3f20000000000000000000000000000000000000000000000003a4965bf58a40013,0x000000000000000000000000d3cb4c4ed6cc4b5e9be812071bad504125bc05e2,0x69a1b020ab14ceae579fb60527c3b99f2a03ffc1ac532ebfe53dacd9f98fd412
45822193,2026-08-25 15:05:32.000 UTC,0x00000000000000000000000000000000000000000000000000000000000dda51000000000000000000000000000000000000000000a8cff7796e78368e335ea80000000000000000000000000000000000000000000000003a4965bf58a40066,0x000000000000000000000000646c2077373989a74e7b3d8ff501b600abe0beae,0x59cde700aa60a3fac47d34c8a8f098051e1708dd2bc056f959b1f2b6a62e9b16
45824781,2026-08-25 15:09:51.000 UTC,0x00000000000000000000000000000000000000000000000000000000000ddafd000000000000000000000000000000000000000000a8cff7796e78363a6bf477000000000000000000000000000000000000000000000003e9f9ed77cf34000d,0x0000000000000000000000008c894913e6a82dd98771c9d5407b95b1c1c29e89,0x448d17192a1cc8b54162cb79c22f500be956c965a9dd866108de0e78515a23bf
45829281,2026-08-25 15:17:21.000 UTC,0x00000000000000000000000000000000000000000000000000000000000ddca0000000000000000000000000000000000000000000a8cff7796e78366257e23a0000000000000000000000000000000000000000000000003a4965bf58a40031,0x000000000000000000000000595bfaa15bd498a285c5e7b84cc32d42c613d4db,0x337c363c9d4ac975c25670892e05759582b4f31b889ff531ad5220f40447ef0c
45831059,2026-08-25 15:20:20.000 UTC,0x00000000000000000000000000000000000000000000000000000000000ddd64000000000000000000000000000000000000000000a8cff7796e7836fc42012b0000000000000000000000000000000000000000000000003a4965bf58a400eb,0x0000000000000000000000005571e3b04487438847566a54b59b940e6668a8c6,0x0dc073e6570ff8b46cb7be72335b832aee33ce5e7332e436cfe2016c90dcdc68
45836656,2026-08-25 15:29:40.000 UTC,0x00000000000000000000000000000000000000000000000000000000000de013000000000000000000000000000000000000000000a8cff7796e78368794a7a60000000000000000000000000000000000000000000000003a4965bf58a4005e,0x0000000000000000000000000057766687c4a96a06d041924df2bb5c47b303ae,0xc653aa8a8e26078edc02aa377aa695d6ff0cfd399a3e3099f939f8c46a125373
45838703,2026-08-25 15:33:05.000 UTC,0x00000000000000000000000000000000000000000000000000000000000de0d8000000000000000000000000000000000000000000a8cff7796e783669ca701d0000000000000000000000000000000000000000000000003a4965bf58a4003a,0x0000000000000000000000005c2fb47adc0d5bd107b5fd9c904c46c48a666448,0xd016dbc6a937b04166b0f4489fa335a6f3ed05cb14c4750aca2285f1df9b669c
45843222,2026-08-25 15:40:38.000 UTC,0x00000000000000000000000000000000000000000000000000000000000de378000000000000000000000000000000000000000000a8cff7796e78363d2ff2dc0000000000000000000000000000000000000000000000067ff84dbb4c99fa9e,0x000000000000000000000000543cf5a54853bb2795c39e7a9716e1bff4b87d1f,0xb140debee35daa47bcb3967cf0d9d0b9f2f64581905114a92433233025d93c82
45847803,2026-08-25 15:48:16.000 UTC,0x00000000000000000000000000000000000000000000000000000000000de665000000000000000000000000000000000000000000a8cff7796e7836db973b87000000000000000000000000000000000000000000000031b82eb30fbbda4bd7,0x000000000000000000000000f2ad58e16b9e62c4b1d3fbe076d9c4a17cb21437,0x74cd4ba06a42033d9a4ff1ea06094d0d284899f87c820c99b4c9fdc819a0bea4
45848297,2026-08-25 15:49:05.000 UTC,0x00000000000000000000000000000000000000000000000000000000000de685000000000000000000000000000000000000000000a8cff7796e78363a9f982e0000000000000000000000000000000000000000000000003a4965bf58a40001,0x000000000000000000000000073f2ca9755d30bcb2eaeed07631d28a45082a83,0xa06cd1073fb0d4f6e876d394ca2fcc49059efde7420125d3ff96192b0a16a85e
45853424,2026-08-25 15:57:36.000 UTC,0x00000000000000000000000000000000000000000000000000000000000de90b000000000000000000000000000000000000000000a8cff7796e7836667b149c0000000000000000000000000000000000000000000000003a4965bf58a40036,0x000000000000000000000000bb753349828b103c5bee8897ae2ecf6157c67376,0x08197a7c2327e8da9cdde5d32d166c2aeee1144a90d726c5318c30398a5477b1
45872494,2026-08-25 16:29:21.000 UTC,0x00000000000000000000000000000000000000000000000000000000000dee16000000000000000000000000000000000000000000a8cff7796e783690aee3490000000000000000000000000000000000000000000000003a4965bf58a40069,0x000000000000000000000000f5e54d73527597c238a5436ec20e98acf0138369,0xc30f8ebe4e1bff089e0e1533d9d9ce6afd253aacd821e98407aeab1ac525952e
45873066,2026-08-25 16:30:16.000 UTC,0x00000000000000000000000000000000000000000000000000000000000dee30000000000000000000000000000000000000000000a8cff7796e78366deda27e0000000000000000000000000000000000000000000000003a4965bf58a4003f,0x000000000000000000000000fd5cb0e11477528606a0c891028a1caf7f625a75,0x285175b00d36b35f9adc7dd943489f7e9549e099928e86c40690550ff2067512
45877661,2026-08-25 16:37:55.000 UTC,0x00000000000000000000000000000000000000000000000000000000000def3f000000000000000000000000000000000000000000a8cff7796e783681c9c7840000000000000000000000000000000000000000000000003a4965bf58a40057,0x0000000000000000000000004660ae6cdb326567f8c6ad9291c41c30162c3189,0x4e33157dc4d9f47f3a0ece0a872ff98ec6199a5ed3b08b3f4a509af63808620f
45881365,2026-08-25 16:44:06.000 UTC,0x00000000000000000000000000000000000000000000000000000000000defff000000000000000000000000000000000000000000a8cff7796e7836568019450000000000000000000000000000000000000000000000024baf4ec4e8955a3b,0x0000000000000000000000009b17497e7b9b4f73af3e968c918e8c69bb46c13f,0x433dd723f1b01c0b90f7dfb5a8f2f5d0ae8d0173a7fca91e69219a8c79bd5684
45896389,2026-08-25 17:09:09.000 UTC,0x00000000000000000000000000000000000000000000000000000000000df278000000000000000000000000000000000000000000a8cff7796e783642e5fcf00000000000000000000000000000000000000000000000003a4965bf58a4000b,0x0000000000000000000000006226dab6f19e94d3717ab9cb3adbf7c52e8b7649,0xa6a7416ebed6771875470a7e8759749a46f6490599571d28fed9b2846d87dd55
45897688,2026-08-25 17:11:20.000 UTC,0x00000000000000000000000000000000000000000000000000000000000df2b8000000000000000000000000000000000000000000a8cff7796e7836a067d5ee0000000000000000000000000000000000000000000000003a4965bf58a4007c,0x000000000000000000000000b43301f0c9cbe43d8d5e5b7177e5512461b1be0a,0xc053b437eeb09333f8f456c1b2a099d5361f26d2cbdd2756a22f5b9dd2610aae
45909504,2026-08-25 17:31:04.000 UTC,0x00000000000000000000000000000000000000000000000000000000000df6cf000000000000000000000000000000000000000000a8cff7796e78364b076996000000000000000000000000000000000000000000000003e9f9ed77cf340166,0x000000000000000000000000d6172940c21d60dd37c9ceaea1a231816746b8a4,0xc83d182d28d1e9d11e48da71213b5606c166824183d23dbcae781b561a90dce7
45921809,2026-08-25 17:51:38.000 UTC,0x00000000000000000000000000000000000000000000000000000000000dfb16000000000000000000000000000000000000000000a8cff7796e7836837175450000000000000000000000000000000000000000000000003a4965bf58a40059,0x000000000000000000000000a6083d989b51a5f095e08c244f50f12f90db4291,0x90c9a5bfed611826855d47996f2aea2c00d2df319b433d2a73a302498afedf84
45922256,2026-08-25 17:52:23.000 UTC,0x00000000000000000000000000000000000000000000000000000000000dfb52000000000000000000000000000000000000000000a8cff7796e78365b7de697000000000000000000000000000000000000000000000003e9f9ed77cf3402bc,0x0000000000000000000000005205ad24a960ce4fcf50e8789ee725c8c5cb82b8,0x15807081015a8a2dddc5f6b41af5183429e2307e11fa3fdab603a52a725d6096
45926694,2026-08-25 17:59:44.000 UTC,0x00000000000000000000000000000000000000000000000000000000000dfd13000000000000000000000000000000000000000000a8cff7796e783649d355f8000000000000000000000000000000000000000000000003e9f9ed77cf34014d,0x0000000000000000000000002cc94c509150cc4943a5fdf5c5eabbb0907ce701,0xc4fa43e5008d5aeb6d85352b68abbfe1ccb45e1cb037dd34e337f629e6f35e0e
45934501,2026-08-25 18:12:46.000 UTC,0x00000000000000000000000000000000000000000000000000000000000dffc2000000000000000000000000000000000000000000a8cff7796e78363c4745ee0000000000000000000000000000000000000000000000003a4965bf58a40003,0x00000000000000000000000075eeb81b6af4e9b88579aa2e6e2fdbaaf6d8f837,0xcf167a9479b7b183bc5bda04aab520d7512b1c6fab89f402e50e7e637915b5a0
45963657,2026-08-25 19:01:38.000 UTC,0x00000000000000000000000000000000000000000000000000000000000e04e9000000000000000000000000000000000000000000a8cff7796e78363b736f0e0000000000000000000000000000000000000000000000003a4965bf58a40002,0x000000000000000000000000dc434acf28bc3696148b22cfd48cb04c62e9503d,0xb86b65236138cde662261776554d011171b6b62a436de70785c45bce9324266f
45964336,2026-08-25 19:02:46.000 UTC,0x00000000000000000000000000000000000000000000000000000000000e0505000000000000000000000000000000000000000000a8cff7796e783685ecf9e50000000000000000000000000000000000000000000000003a4965bf58a4005c,0x0000000000000000000000001e0d434b606e48a17fbb84d28c83bedd9e2d436d,0x28c8d210c08e966aa39af5cabb939e58472032e65be840bc79462cccf271b53e
45966000,2026-08-25 19:05:34.000 UTC,0x00000000000000000000000000000000000000000000000000000000000e054a000000000000000000000000000000000000000000a8cff7796e78376f47acef0000000000000000000000000000000000000000000000003a4965bf58a40176,0x000000000000000000000000059ba292f5dd26f835fdaa79dc90d9991bf4f52d,0x55bd8d2233614c63cb5e75113ebf4ebf8b2068de43da8faf0c23c379ced0a1d8
45969591,2026-08-25 19:11:35.000 UTC,0x00000000000000000000000000000000000000000000000000000000000e0629000000000000000000000000000000000000000000a8cff7796e78363d9946f9000000000000000000000000000000000000000000000003e9f9ed77cf34004f,0x000000000000000000000000ce366442dc4c219ef20b0c15c444624fceea5293,0xa59a6ec19c0c4ca1f1e06791dbc6e6a9a4f3d351e4fbffee0225bc8de763e657
45982720,2026-08-25 19:33:39.000 UTC,0x00000000000000000000000000000000000000000000000000000000000e095b000000000000000000000000000000000000000000a8cff7796e783642f12332000000000000000000000000000000000000000000000003e9f9ed77cf3400be,0x000000000000000000000000d16e3d92c7401a2659d054b48081c4db2d0bc92a,0x1295abccb4c3bb8ab7f090b0b9b1cd6b3df6a127e9c5eac4b25d7b3abda6459f
45983079,2026-08-25 19:34:15.000 UTC,0x00000000000000000000000000000000000000000000000000000000000e0967000000000000000000000000000000000000000000a8cff7796e78372d1486da0000000000000000000000000000000000000000000000003a4965bf58a40126,0x00000000000000000000000077f94769019e9c33aa5a643733dc68726d0f498e,0xae82e53bc89bfeb3c11ae9c5435e6292edb259d2f3e6e4af34aae9468a11fd3a
46002657,2026-08-25 20:07:07.000 UTC,0x00000000000000000000000000000000000000000000000000000000000e0da0000000000000000000000000000000000000000000a8cff7796e7836a8ae3ab00000000000000000000000000000000000000000000000003a4965bf58a40086,0x000000000000000000000000776650808dda2ae08653dc70cdac45a9ce39e025,0xf4723d9f0276a363f0f1465ec2572d900e80df8992d8f87296abe2bb742d0b41
46010644,2026-08-25 20:20:29.000 UTC,0x00000000000000000000000000000000000000000000000000000000000e0ee0000000000000000000000000000000000000000000a8cff7796e78363b736f0e0000000000000000000000000000000000000000000000003a4965bf58a40002,0x00000000000000000000000043b78c5823126771b0ddb2051f8cc9f8c8596750,0xc812c5b3341b989b308d0aa73c09079e26013c872169f5b86b2675b80a949863
46013108,2026-08-25 20:24:38.000 UTC,0x00000000000000000000000000000000000000000000000000000000000e0f48000000000000000000000000000000000000000000a8cff7796e78363b736f0e0000000000000000000000000000000000000000000000003a4965bf58a40002,0x000000000000000000000000d26ddd027318004b38f8c6e925c481f4b747e20e,0x034524408b2afa0b730bc7b1e49048c1f011c1bbe03e40a30368f9be99b87ec7
46016053,2026-08-25 20:29:35.000 UTC,0x00000000000000000000000000000000000000000000000000000000000e0fab000000000000000000000000000000000000000000a8cff7796e7836fde9aeeb0000000000000000000000000000000000000000000000003a4965bf58a400ed,0x000000000000000000000000b1e9b822b81bbbdab375f7f4d86e44fa04d12b07,0x41130d3c6c25e6bb0355ed1e0542d8690a03e67b52d5a42cbbf2efd9c8ff06fa
46029063,2026-08-25 20:51:27.000 UTC,0x00000000000000000000000000000000000000000000000000000000000e11c9000000000000000000000000000000000000000000a8cff7796e78370da2a1900000000000000000000000000000000000000000000000003a4965bf58a40100,0x0000000000000000000000009d950ad3178b56c4d4630a4a41ff9a64264bcfb9,0x6c41260435601fe84e9e462e9affa542e6b939a9b5442567691bc71ac1ce014e
46033236,2026-08-25 20:58:27.000 UTC,0x00000000000000000000000000000000000000000000000000000000000e1291000000000000000000000000000000000000000000a8cff7796e7836456181910000000000000000000000000000000000000000000000003a4965bf58a4000e,0x0000000000000000000000000c44242ade604ba3b29730990008959383d2cb9b,0x9fb819f8c9a208412ea743ad9a5684f7bc2ce3e47a4aadbf63e334e26fd62d26
46042225,2026-08-25 21:13:32.000 UTC,0x00000000000000000000000000000000000000000000000000000000000e137f000000000000000000000000000000000000000000a8cff7796e7836c8f3f6db0000000000000000000000000000000000000000000000003a4965bf58a400ad,0x0000000000000000000000008724fde06d739853bff2bf4222bf38959b1f083c,0x4d7d4718257fd792ddd8b234004ad0f8bbc1e8e991d86b48cf3d633640ee6d33
46073456,2026-08-25 22:05:52.000 UTC,0x00000000000000000000000000000000000000000000000000000000000e178f000000000000000000000000000000000000000000a8cff7796e7836b29c4d340000000000000000000000000000000000000000000000003a4965bf58a40092,0x00000000000000000000000098f68baa7b5483cfb6ac19491adaaba7d1f84243,0x01d42adf12513b7bb1527482015042d94b8187c4a36a49e264807beaf4264516
46073904,2026-08-25 22:06:37.000 UTC,0x00000000000000000000000000000000000000000000000000000000000e179e000000000000000000000000000000000000000000a8cff7796e7836756030600000000000000000000000000000000000000000000000003a4965bf58a40048,0x000000000000000000000000b54b6c55f61f5d695c7dbb71dd1cb2c5a03f2b14,0x17a3304926bcc029f4e9689db7369d103f7e1cf886baab5c9779c3739da78a7b
46121722,2026-08-25 23:26:56.000 UTC,0x00000000000000000000000000000000000000000000000000000000000e1dab000000000000000000000000000000000000000000a8cff7796e7837097f6f2f0000000000000000000000000000000000000000000000003a4965bf58a400fb,0x0000000000000000000000002ad522452ea0a85774a6c6a8ae0e9f4fec3b2ce1,0x7b5907301a66868dee52681cbb0a77c66d1270fd14df0a53c9098fcb52fc58d8
46157326,2026-08-26 00:26:43.000 UTC,0x00000000000000000000000000000000000000000000000000000000000e22e9000000000000000000000000000000000000000000a8cff7796e783645f97d97000000000000000000000000000000000000000000000003e9f9ed77cf3400fd,0x0000000000000000000000002eeb5f7989b42e7d52d103bca75de29dd30059a3,0xb4bc61cafa9cf9f3919c6e6fbe43fe33763dd1085b6b55b2fd7e095a994d7dda
46165328,2026-08-26 00:40:09.000 UTC,0x00000000000000000000000000000000000000000000000000000000000e242d000000000000000000000000000000000000000000a8cff7796e78365688a002000000000000000000000000000000000000000000000003e9f9ed77cf340255,0x000000000000000000000000cdfc3ba95d80198468b493c4d3869395cd20dfd2,0x11b8d65454d61c96845f213a0781bd19a36fd86ca352f40cf3435e589deebf74
46214332,2026-08-26 02:02:27.000 UTC,0x00000000000000000000000000000000000000000000000000000000000e2b23000000000000000000000000000000000000000000a8cff7796e7837d0ecb84e0000000000000000000000000000000000000000000000003a4965bf58a401ec,0x00000000000000000000000080c8571aaa74e5a940492e81e941bf6667b4ecd8,0x7858785b83525eebf90dcf521e7d7a3d7c59d6e8bea885b084814a2b444d418c
46220300,2026-08-26 02:12:27.000 UTC,0x00000000000000000000000000000000000000000000000000000000000e2bea000000000000000000000000000000000000000000a8cff7796e7836c4d0c4790000000000000000000000000000000000000000000000003a4965bf58a400a8,0x000000000000000000000000961adf099e1425fc80830509f041a286acfb0545,0x55a110e7d28aa9da44f23bb53a9bc1ccecc394ac5cd87fed1dbdc3a7f22a1596
46222647,2026-08-26 02:16:25.000 UTC,0x00000000000000000000000000000000000000000000000000000000000e2c2d000000000000000000000000000000000000000000a8cff7796e7836798362c20000000000000000000000000000000000000000000000003a4965bf58a4004d,0x0000000000000000000000001dc11e2b27ac57ff91ef0a00724b665f7b8839be,0x293c8921390db06c60e78890d5f71c5b8f2870f35058fa4e6ae6631652a71a45
46259857,2026-08-26 03:18:54.000 UTC,0x00000000000000000000000000000000000000000000000000000000000e336b000000000000000000000000000000000000000000a8cff7796e7836ebb537a60000000000000000000000000000000000000000000000003a4965bf58a400d7,0x0000000000000000000000001441799e0a34b32c9fbb5791dc80eeac25a24519,0x23d908e808ec1a2a4701c39edc93cbd7a71a0d08cf520bce2534acc690ea12e8
46263332,2026-08-26 03:24:44.000 UTC,0x00000000000000000000000000000000000000000000000000000000000e344c000000000000000000000000000000000000000000a8cff7796e78366d19cb9e0000000000000000000000000000000000000000000000003a4965bf58a4003e,0x0000000000000000000000003d8f968dc03c09c56d96e71d9bf6ccfdc0ba1f15,0x2fd24b3456ae71067f2d7e52641ab78aa48425c23f7c195b72f1be11f3698ce4
46266632,2026-08-26 03:30:16.000 UTC,0x00000000000000000000000000000000000000000000000000000000000e3519000000000000000000000000000000000000000000a8cff7796e783720aaefb60000000000000000000000000000000000000000000000003a4965bf58a40117,0x000000000000000000000000594d9c6a9352fe304ba00ec18146252601b1cb07,0x7aff32783c8516803e388686ef5c51b0a5632b6d2f41fab6c5dd74d1fc8b25e0
46294063,2026-08-26 04:16:19.000 UTC,0x00000000000000000000000000000000000000000000000000000000000e3a61000000000000000000000000000000000000000000a8cff7796e7837f6fd549a0000000000000000000000000000000000000000000000003a4965bf58a4021a,0x000000000000000000000000b6ce51925c2e397ebf1a443b343d19267b3d4225,0x82b7d0771002e7b6ed257445dd4f34f051408165ed8e64762c8980af397611ef
46331365,2026-08-26 05:18:57.000 UTC,0x00000000000000000000000000000000000000000000000000000000000e418f000000000000000000000000000000000000000000a8cff7796e7836a55edf2f0000000000000000000000000000000000000000000000003a4965bf58a40082,0x00000000000000000000000033f036fa1811ca81be13ccc7c311f00d3428e584,0xd742bace98071bb93d4dd06f48e496aabbe5706099f628171f44b326cbd92893
46331870,2026-08-26 05:19:48.000 UTC,0x00000000000000000000000000000000000000000000000000000000000e419e000000000000000000000000000000000000000000a8cff7796e783783f7a8d60000000000000000000000000000000000000000000000003a4965bf58a4018f,0x00000000000000000000000035607c1a3f68650562054fef71d151bfbaa23e4c,0xaf989fb0992355079d60434a80ca833117333847aa2fefece2c9c16fe994c24d
46344769,2026-08-26 05:41:29.000 UTC,0x00000000000000000000000000000000000000000000000000000000000e43a8000000000000000000000000000000000000000000a8cff7796e7836447d5f160000000000000000000000000000000000000000000000024150e39800400080,0x000000000000000000000000b5edeff92356c86be0ed8f7e345e254eeac26dc0,0x3a7ce7779097379a70f971d05744e5c5a702d4a663256ce900d94925bef8a84b
46349382,2026-08-26 05:49:13.000 UTC,0x00000000000000000000000000000000000000000000000000000000000e447e000000000000000000000000000000000000000000a8cff7796e78368d5f87c80000000000000000000000000000000000000000000000003a4965bf58a40065,0x00000000000000000000000012fab537934911c60bef7f146d9df94dfba73108,0x2d96bcda9de2f5cce14cd105a7ac06ce340869a64b4e9db6c70fd0d889604459
46357422,2026-08-26 06:02:42.000 UTC,0x00000000000000000000000000000000000000000000000000000000000e4681000000000000000000000000000000000000000000a8cff7796e7836dda3f2c10000000000000000000000000000000000000000000000003a4965bf58a400c6,0x0000000000000000000000007c017eba1dcc8f355a2efaa246868292c10969c0,0x8660ee704f8fc973d0dff39074ee82c88d7ee71cab7f6bce8cbabdf6b98baf03
46378584,2026-08-26 06:38:16.000 UTC,0x00000000000000000000000000000000000000000000000000000000000e4ac6000000000000000000000000000000000000000000a8cff7796e7836763407400000000000000000000000000000000000000000000000003a4965bf58a40049,0x000000000000000000000000f2bc01ed47006fbd7dc5c9efd60037e8f516b560,0x6e7320646a1acb831bdcefb8aafa09b8c60709c35ba7d0d5993a3f947e0d3f68
46387374,2026-08-26 06:53:02.000 UTC,0x00000000000000000000000000000000000000000000000000000000000e4c3f000000000000000000000000000000000000000000a8cff7796e7836e0f34e420000000000000000000000000000000000000000000000003a4965bf58a400ca,0x0000000000000000000000007b893bf41da1ab142cbaed7b5aada2583672b163,0x38122c1c3bbdc8ad2291c5b1ac8e382f9d6b87fba08fda12c2ac37c7a282d486
46409338,2026-08-26 07:29:53.000 UTC,0x00000000000000000000000000000000000000000000000000000000000e5044000000000000000000000000000000000000000000a8cff7796e78369dec514d0000000000000000000000000000000000000000000000003a4965bf58a40079,0x000000000000000000000000a9e00a9c48ad74f7a99c31b6df132f82728bb4bf,0x260c78a37d0f22ebc805f04c5fc04c6ee1ce19cf57904bb47b6dd9f4d45d6c88
46433736,2026-08-26 08:10:50.000 UTC,0x00000000000000000000000000000000000000000000000000000000000e55be000000000000000000000000000000000000000000a8cff7796e78363a9b1dd600000000000000000000000000000000000000000000001400e758f447240056,0x000000000000000000000000c98cbd8a936b979b66db58a4858c96308f40f784,0xb0dc03049633e83236144abbe562a1b3860c6505e90938b8abd9f5202d7f0266
46448379,2026-08-26 08:35:27.000 UTC,0x00000000000000000000000000000000000000000000000000000000000e58ca000000000000000000000000000000000000000000a8cff7796e7836467eacab0000000000000000000000000000000000000000000000024150e39800400098,0x000000000000000000000000d93c86d3e04cefe9de66d8021881d2ecb6d8692e,0xabe981071514cc39bb4662297bfddf840430603c0b0fd215ff510291dff245eb
46513269,2026-08-26 10:24:21.000 UTC,0x00000000000000000000000000000000000000000000000000000000000e64cc000000000000000000000000000000000000000000a8cff7796e78364bbf71940000000000000000000000000000000000000000000000014fd7abc86c74007d,0x0000000000000000000000006c09e8e72da0141897f1d0a2122f883443b9cbb8,0x72d3c5871f9ccb946e8cb88d1701edb9b9c365a438469fd3a59fa541dc6da09d
46523252,2026-08-26 10:41:07.000 UTC,0x00000000000000000000000000000000000000000000000000000000000e665e000000000000000000000000000000000000000000a8cff7796e78363b736f0e0000000000000000000000000000000000000000000000003a4965bf58a40002,0x000000000000000000000000df3756d5f948cddc7bc0190558909e17a499d671,0xc0dfc8010b6ac543da7c8bdc1e1815318129268572ebfac660c00e95bf95b01d
46574314,2026-08-26 12:06:50.000 UTC,0x00000000000000000000000000000000000000000000000000000000000e72ed000000000000000000000000000000000000000000a8cff7796e7836dbfc45010000000000000000000000000000000000000000000000003a4965bf58a400c4,0x00000000000000000000000096a0242915bece0119b3760d22b8b65f9545bdbc,0x66ddb78faaf3b9095846485ff08f4e8634b283c2981f76baaebb11a189067deb
46578161,2026-08-26 12:13:18.000 UTC,0x00000000000000000000000000000000000000000000000000000000000e738a000000000000000000000000000000000000000000a8cff7796e7836f67721090000000000000000000000000000000000000000000000003a4965bf58a400e4,0x0000000000000000000000005adf246e7da68921bb59976e13b19cd306d4e7da,0x17c0e2ac5e8421832dda190395a81e2d81fb8b6fb440c14717e764fd2d051484
46605400,2026-08-26 12:59:03.000 UTC,0x00000000000000000000000000000000000000000000000000000000000e7a54000000000000000000000000000000000000000000a8cff7796e783661840b5a0000000000000000000000000000000000000000000000003a4965bf58a40030,0x0000000000000000000000003f6a33df13763c0f9b3386e904ca180a2839dfa3,0x215d746c53befbf4f4052d5bac1f6809c743ae0eb470ba4ef4d08754284af081
46625994,2026-08-26 13:33:50.000 UTC,0x00000000000000000000000000000000000000000000000000000000000e7ee4000000000000000000000000000000000000000000a8cff7796e78368794a7a60000000000000000000000000000000000000000000000003a4965bf58a4005e,0x0000000000000000000000007652af5e0a75f998f7b18d7400339f100dcf1d76,0x9a1fd852e8c366d35fa5bce184b49aae9e2a0e2d541bfcabc5fbad37d3158e96
46627667,2026-08-26 13:36:41.000 UTC,0x00000000000000000000000000000000000000000000000000000000000e7f79000000000000000000000000000000000000000000a8cff7796e7836f327c5880000000000000000000000000000000000000000000000003a4965bf58a400e0,0x00000000000000000000000089fda10f921686ce6544ea8f2c830f5f6abc4748,0x5d57c1b1e3b4226f11ec267bc5db7e1f38947e98798915992bfd5951b5cd9c0b
46654242,2026-08-26 14:21:22.000 UTC,0x00000000000000000000000000000000000000000000000000000000000e85b3000000000000000000000000000000000000000000a8cff7796e7837486339c30000000000000000000000000000000000000000000000003a4965bf58a40147,0x0000000000000000000000003305ecb5f199ae848713e1b6ffe842ccadf1ca19,0x4e835c3ef3c9710e0add82afba1b0e73e8bb9058205db81a846256c6f503a30c
46667426,2026-08-26 14:43:35.000 UTC,0x00000000000000000000000000000000000000000000000000000000000e8881000000000000000000000000000000000000000000a8cff7796e78363b736f0e0000000000000000000000000000000000000000000000003a4965bf58a40002,0x0000000000000000000000008bfc85ef1f0e658034261142655b84bf2b3f7b0d,0x60354c0df7aabca07fb6b088e5011fca83f4efa356a67df5e9acc056581c3c5d
46675036,2026-08-26 14:56:26.000 UTC,0x00000000000000000000000000000000000000000000000000000000000e8a82000000000000000000000000000000000000000000a8cff7796e783688687e860000000000000000000000000000000000000000000000003a4965bf58a4005f,0x0000000000000000000000004aad6d0dcf0b327c1a03d8949b1cd9abda58c4e8,0x257ecb9cc98e693cbc6fb0602c6fd6b94e675542327b3687df71c381f58a3bcd
46675337,2026-08-26 14:56:57.000 UTC,0x00000000000000000000000000000000000000000000000000000000000e8a98000000000000000000000000000000000000000000a8cff7796e7836406a784f0000000000000000000000000000000000000000000000003a4965bf58a40008,0x0000000000000000000000005cb2124dc77fdb2b4ff3f3de6f4fbf1748811794,0xd89c6d736b89d1cbe014f9c0547f254141758155578146d2a5e279de05984088
46675406,2026-08-26 14:57:04.000 UTC,0x00000000000000000000000000000000000000000000000000000000000e8aa5000000000000000000000000000000000000000000a8cff7796e7836851923050000000000000000000000000000000000000000000000003a4965bf58a4005b,0x000000000000000000000000353de8c2fe9d912bc9a18d539db9a094ab00a421,0x576dd0d774aa5cc75e9348afca458cb65e27fb87cc192032f823d7d6672163f2
46675727,2026-08-26 14:57:36.000 UTC,0x00000000000000000000000000000000000000000000000000000000000e8abb000000000000000000000000000000000000000000a8cff7796e78364306c23100000000000000000000000000000000000000000000000171b0c39ea3dc2c1b,0x000000000000000000000000b146b5f864be179a48c14bacbc3c6b2d33b0f69b,0x26c80db4460270920e5bc629c3a897ef20c180cc00347170615fdf741a32205e
46681174,2026-08-26 15:06:45.000 UTC,0x00000000000000000000000000000000000000000000000000000000000e8c4b000000000000000000000000000000000000000000a8cff7796e78363c4745ee0000000000000000000000000000000000000000000000003a4965bf58a40003,0x00000000000000000000000033316e5930c659fedf2d3c4cca7079461f05e3a1,0x5a140cde3743d5d75e9e5afd458968aadb5c622fd0bb3dc68509c7ba6643528a
46684769,2026-08-26 15:12:47.000 UTC,0x00000000000000000000000000000000000000000000000000000000000e8d5f000000000000000000000000000000000000000000a8cff7796e7836e51680a40000000000000000000000000000000000000000000000003a4965bf58a400cf,0x000000000000000000000000a8fb36136cd439f3ddec90bb713954416b826e8d,0x8898025afa6c805b984cea12b38ad82d251d3bb1c2c0c71a6d3b127a8890fe48
46696284,2026-08-26 15:32:14.000 UTC,0x00000000000000000000000000000000000000000000000000000000000e8fdd000000000000000000000000000000000000000000a8cff7796e78366257e23a0000000000000000000000000000000000000000000000003a4965bf58a40031,0x000000000000000000000000f269c9945972fc3d16237d78b085536a59ae3cc4,0x4c7adeb70ca80f56cc7d74db6781ab275290e33437f4f475b3f8f2cd056a3061
46704038,2026-08-26 15:45:21.000 UTC,0x00000000000000000000000000000000000000000000000000000000000e9203000000000000000000000000000000000000000000a8cff7796e7836481d553900000000000000000000000000000000000000000000000171b0c39ea3dc2c42,0x00000000000000000000000050291a017916d6b4ef376c8a5bf71af6d8b09351,0x08ce6f2d205e2901004e8a78e8c0ac040d0e4312e65f069f5a59c865d7b0518d
46712440,2026-08-26 15:59:29.000 UTC,0x00000000000000000000000000000000000000000000000000000000000e94a3000000000000000000000000000000000000000000a8cff7796e7836cc43525c0000000000000000000000000000000000000000000000003a4965bf58a400b1,0x000000000000000000000000630f9f0c19da644cf7d98472b03fd162f0a1fb89,0x94f7e4c2b3069b8b6e79a750c7c13fd76bf334e428228f8c3903a9c89b2bb3f1
46716006,2026-08-26 16:05:30.000 UTC,0x00000000000000000000000000000000000000000000000000000000000e9595000000000000000000000000000000000000000000a8cff7796e783668f6993c0000000000000000000000000000000000000000000000003a4965bf58a40039,0x0000000000000000000000003d4ed33e98f65ccb638f67569fbad571cdae6fae,0x0c4a883e82a34da6707bda125c4fad8b8e1e07af2ab5b2ac828f9b806361461b
46726426,2026-08-26 16:23:03.000 UTC,0x00000000000000000000000000000000000000000000000000000000000e978c000000000000000000000000000000000000000000a8cff7796e7836413e4f300000000000000000000000000000000000000000000000003a4965bf58a40009,0x000000000000000000000000f965ba4dfa03890169119cbce009ec0b88df8fba,0x50a5c82a7b5fd86a5d1230164349c1a532e8fbac1b21648fb7f324b34c7a90cb
46732362,2026-08-26 16:33:02.000 UTC,0x00000000000000000000000000000000000000000000000000000000000e9887000000000000000000000000000000000000000000a8cff7796e7836bbb688d70000000000000000000000000000000000000000000000003a4965bf58a4009d,0x000000000000000000000000de63a0596362be3a87fa5841aea3f8daa464e1da,0x91908574389e22fa772639d1c683e7268708d3efea2386f4568050dfbb6f664b
46740935,2026-08-26 16:47:34.000 UTC,0x00000000000000000000000000000000000000000000000000000000000e9b6c000000000000000000000000000000000000000000a8cff7796e7838c28dd01b0000000000000000000000000000000000000000000000003a4965bf58a40310,0x0000000000000000000000009588c5a8810b9d3ba89904c7fb9c5f0a8cb3efdb,0xdf28f2187e3d0dbd4efd308c0bafe4d4f14403297409ccff9e5d7d6af0379c87
46748954,2026-08-26 17:01:04.000 UTC,0x00000000000000000000000000000000000000000000000000000000000e9c8b000000000000000000000000000000000000000000a8cff7796e78363b736f0e0000000000000000000000000000000000000000000000003a4965bf58a40002,0x0000000000000000000000007cd7073a71eaf5f6e4febfa98460ee66cd97deb1,0xc8eaa8943be20c69d74f1ac93f6a2f8851d39f3ad2368357b9a94b69c810c2e4
46754633,2026-08-26 17:10:39.000 UTC,0x00000000000000000000000000000000000000000000000000000000000e9ddc000000000000000000000000000000000000000000a8cff7796e78363b736f0e0000000000000000000000000000000000000000000000003a4965bf58a40002,0x000000000000000000000000a0de3c52d52ad5eb079ebe125a25a14d8422f717,0x0dd1fcb787319071331dcbf7835ace1369e5af3175ef9800bd82c34590ec0fe4
46757047,2026-08-26 17:14:42.000 UTC,0x00000000000000000000000000000000000000000000000000000000000e9eca000000000000000000000000000000000000000000a8cff7796e78364f36c01d000000000000000000000000000000000000000000000001970a205989f84064,0x000000000000000000000000ca8cca84ba6991458a18c8915e9c5c4d76223c0f,0x64bfbd2bb6c2071125ce17926a68b057aad92afe6e678cf50901ba0fdfe7b150
46763694,2026-08-26 17:25:54.000 UTC,0x00000000000000000000000000000000000000000000000000000000000ea0f3000000000000000000000000000000000000000000a8cff7796e7836e6be2e640000000000000000000000000000000000000000000000003a4965bf58a400d1,0x000000000000000000000000eab40f243719b92ebbcb3801efd0548948d0dd7e,0x223de1ce34ba5e2696d6dcfc0073efce898857c4da951abd6dfb4e3dd69302fa
46765966,2026-08-26 17:29:44.000 UTC,0x00000000000000000000000000000000000000000000000000000000000ea284000000000000000000000000000000000000000000a8cff7796e783648b0dd120000000000000000000000000000000000000000000000003a4965bf58a40012,0x00000000000000000000000028173a4a8f7fd40c0c2a00043082f4fb0e2ae876,0xb3ee81998c5f1f5ed6a94dd04c362b743519d1046bed3dd2115514e8d7d6794c
46778579,2026-08-26 17:51:05.000 UTC,0x00000000000000000000000000000000000000000000000000000000000eaccd000000000000000000000000000000000000000000a8cff7796e7836893c55670000000000000000000000000000000000000000000000003a4965bf58a40060,0x000000000000000000000000b0af6a7c1a3b6c1569de38e16c85d87190bc9fdc,0x413a1e184237962d0f72cd57e2c2681810b092110947ec9c9cd2c3d439c35cfe
46781563,2026-08-26 17:56:06.000 UTC,0x00000000000000000000000000000000000000000000000000000000000eaee3000000000000000000000000000000000000000000a8cff7796e78376136680b0000000000000000000000000000000000000000000000003a4965bf58a40165,0x000000000000000000000000ebaf52038c6252bbb3398f9b2bee68397538beb1,0x97af89374db1fd17356653a3f2acf39d7c8e3979f697c3e7fa06a0bac47b6309
46788190,2026-08-26 18:07:16.000 UTC,0x00000000000000000000000000000000000000000000000000000000000eb451000000000000000000000000000000000000000000a8cff7796e78363cfc04500000000000000000000000000000000000000000000000009744943fd3c2000a,0x0000000000000000000000005ff2ad6fc8b03702213c3413f2fb0022c6478a8f,0x4cc6745133c307c7560bf77f9724330d93aeb7058980714f79db0435811c2730
46791235,2026-08-26 18:12:23.000 UTC,0x00000000000000000000000000000000000000000000000000000000000eb5d1000000000000000000000000000000000000000000a8cff7796e7837ce7133ae0000000000000000000000000000000000000000000000003a4965bf58a401e9,0x000000000000000000000000267dda9873b03252b519e3f9e8ca54460ef426a2,0x3375ec5ee29c58ce3de5d98cbf5690de250d22874b3adf467cca3dc67ef16483
46809330,2026-08-26 18:42:54.000 UTC,0x00000000000000000000000000000000000000000000000000000000000ebc86000000000000000000000000000000000000000000a8cff7796e78363b736f0e0000000000000000000000000000000000000000000000003a4965bf58a40002,0x0000000000000000000000008cd619960a6c2f4f64eb5e487d26d8744ba076b4,0xf8ea1e7bced6fb2c3b81e0a9d329c135b6e7e9134a3d51d5b89459f0948c27db
46811630,2026-08-26 18:46:44.000 UTC,0x00000000000000000000000000000000000000000000000000000000000ebd33000000000000000000000000000000000000000000a8cff7796e78365c8d02180000000000000000000000000000000000000000000000003a4965bf58a4002a,0x0000000000000000000000004d6723b39bdcaddd003b005cee17c667ba3a5adc,0x8f5a2bfb7414a7ee7aabc6a1755fc2078545ac08ff12953b68108e9c58cc1bc3
46819577,2026-08-26 19:00:05.000 UTC,0x00000000000000000000000000000000000000000000000000000000000ebf8c000000000000000000000000000000000000000000a8cff7796e783661c3989d00000000000000000000000000000000000000000000000168d28e3f0028012b,0x000000000000000000000000c3c6fb734a81157b7084c178f6c1d6f775a02536,0x49fe2310a4fd273841db004eedcc3db1426a6cb88b3c2bd1fa6c86a358d571f9
46820714,2026-08-26 19:02:00.000 UTC,0x00000000000000000000000000000000000000000000000000000000000ebfd8000000000000000000000000000000000000000000a8cff7796e783765599a6c0000000000000000000000000000000000000000000000003a4965bf58a4016a,0x000000000000000000000000a18c41404f1f17ea9baec0ef7da0f3f137446ac3,0xf9666b1a1466b13efa483def4fe3585818dd4a311d918797fc25275993494816
46823656,2026-08-26 19:06:57.000 UTC,0x00000000000000000000000000000000000000000000000000000000000ec083000000000000000000000000000000000000000000a8cff7796e78366deda27e0000000000000000000000000000000000000000000000003a4965bf58a4003f,0x000000000000000000000000397de4ed08b189039ba732774e677cbf549ac63b,0xdb5dc26db5cc7a79f0623505ce07c088780bab16c18ca28d0f680ed54c0d8983
46829791,2026-08-26 19:17:15.000 UTC,0x00000000000000000000000000000000000000000000000000000000000ec214000000000000000000000000000000000000000000a8cff7796e7836b8672d550000000000000000000000000000000000000000000000003a4965bf58a40099,0x000000000000000000000000e6a421d733e5116742f847123c6eabccdbebece5,0x3ec016c86bfed27c5ad67295b84b490772946e3b7ff8d5323067b22e9fdff387
46830900,2026-08-26 19:19:07.000 UTC,0x00000000000000000000000000000000000000000000000000000000000ec24a000000000000000000000000000000000000000000a8cff7796e78366a9e46fd0000000000000000000000000000000000000000000000003a4965bf58a4003b,0x0000000000000000000000009178d9a72aaf1bb9ef824a31ecc9243ae6426b7d,0x982ec30b80caaedfdfa5e69b68073d5032a609e5782f39a5b8e9b27b6c38156c
46833788,2026-08-26 19:23:59.000 UTC,0x00000000000000000000000000000000000000000000000000000000000ec2ca000000000000000000000000000000000000000000a8cff7796e783641438fc10000000000000000000000000000000000000000000000014fd7abc86c740034,0x000000000000000000000000081948d7faa1ddcbb572f8bd4e77841a0a1fbd1c,0xdddf9952713150e627625bc62b8c4acaff3eef950e17fceed69480ac4f963e8a
46835080,2026-08-26 19:26:10.000 UTC,0x00000000000000000000000000000000000000000000000000000000000ec321000000000000000000000000000000000000000000a8cff7796e7836af4cf1b30000000000000000000000000000000000000000000000003a4965bf58a4008e,0x000000000000000000000000043a3f363778f0345b236f4c385783415eb12f49,0xc8029a199726f8f9172a693b8ee2cf8d934eb21611d91bf9f6e37b927ab59f7f
46842796,2026-08-26 19:39:10.000 UTC,0x00000000000000000000000000000000000000000000000000000000000ec522000000000000000000000000000000000000000000a8cff7796e7836efd86a070000000000000000000000000000000000000000000000003a4965bf58a400dc,0x00000000000000000000000027708674c1dcad87b6d5d8534b1bd648f0f53e80,0x0203f4771d66ce7436398b1f47fbdea38acb34908b9c63b01c85a250bf5f8f1f
46848673,2026-08-26 19:49:02.000 UTC,0x00000000000000000000000000000000000000000000000000000000000ec73b000000000000000000000000000000000000000000a8cff7796e78363ec2ca8f0000000000000000000000000000000000000000000000003a4965bf58a40006,0x0000000000000000000000004901151cda8ea374254220d19f42e3097b6e22a4,0x16ad71506a33c3529b72fff3218a03deffd10c988cdd7bbc28b1ef98cf2fd4b4
46849643,2026-08-26 19:50:40.000 UTC,0x00000000000000000000000000000000000000000000000000000000000ec786000000000000000000000000000000000000000000a8cff7796e783671abccea00000000000000000000000000000000000000000000000168d28e3f002801a2,0x0000000000000000000000005c1bf2e9a1e55a3abe5a6c81713f769c85eac047,0xe54002fb02a3f256698d3d79ff48f6bdaa3d0f2dbe2b1d59ae97feb47eacb45e
46859282,2026-08-26 20:06:55.000 UTC,0x00000000000000000000000000000000000000000000000000000000000ecaa1000000000000000000000000000000000000000000a8cff7796e78365fa012a800000000000000000000000000000000000000000000000168d28e3f0028011b,0x00000000000000000000000051e43478ae0edcced92c057bdcaf6eca8ea7e059,0x009a45d5e0657f20c5be96b6223253bc762ac621d52617ff686eefe1bdb4c902
46860361,2026-08-26 20:08:42.000 UTC,0x00000000000000000000000000000000000000000000000000000000000ecaf2000000000000000000000000000000000000000000a8cff7796e78367838972800000000000000000000000000000000000000000000000168d28e3f002801d3,0x0000000000000000000000004709de093c67f9245861d2c8f9e7a9330039239e,0xbbeeec8808df7b34e71472884ef1a47a53d0d27613f629498a614f5f131cb841
46865590,2026-08-26 20:17:30.000 UTC,0x00000000000000000000000000000000000000000000000000000000000ecbef000000000000000000000000000000000000000000a8cff7796e7836837175450000000000000000000000000000000000000000000000003a4965bf58a40059,0x00000000000000000000000087b6e1ca31f47b0e90e5a0799228023003a1532f,0xc43fbf85db94aa1d377a50f067dfd2fb4d3dc248ac0160f0eea55375403895cb
46866818,2026-08-26 20:19:34.000 UTC,0x00000000000000000000000000000000000000000000000000000000000ecc3f000000000000000000000000000000000000000000a8cff7796e78366ec1795e0000000000000000000000000000000000000000000000003a4965bf58a40040,0x000000000000000000000000b456424d0695b63a4be88aafdae7c77243856a14,0x22aac05c809ee81d763a35436d3865d1844f21b38b8002298ebe802d5e2663fd
46879169,2026-08-26 20:40:26.000 UTC,0x00000000000000000000000000000000000000000000000000000000000ecf5c000000000000000000000000000000000000000000a8cff7796e7836700034720000000000000000000000000000000000000000000000009744943fd3c200aa,0x0000000000000000000000001f95b4a6b52f9dec6d034d5e4c7043caf4582d1b,0x653d1baa9d1d53ce33f30452031eacedbe180c0b9a1922e6519412d28a753cfe
46888763,2026-08-26 20:56:36.000 UTC,0x00000000000000000000000000000000000000000000000000000000000ed0ca000000000000000000000000000000000000000000a8cff7796e78367e7a6c030000000000000000000000000000000000000000000000003a4965bf58a40053,0x000000000000000000000000eaa04b1fda0702e21f08dcf7bd1137548f43b4d2,0x46e57a8c1643505e93052dabb4b08e72de9be5cffd87a4359a97eadc16032b76
46898772,2026-08-26 21:13:27.000 UTC,0x00000000000000000000000000000000000000000000000000000000000ed311000000000000000000000000000000000000000000a8cff7796e783653feea4500000000000000000000000000000000000000000000000168d28e3f002800c4,0x00000000000000000000000047ff4a218c98e5b28bbe34306effb840a9caa238,0x4c26f16a81c0d0a56ef5738504be17d5754c33e9b7771f8db6d94e4334aa3bb2
46909572,2026-08-26 21:31:36.000 UTC,0x00000000000000000000000000000000000000000000000000000000000ed551000000000000000000000000000000000000000000a8cff7796e78363c4745ee0000000000000000000000000000000000000000000000003a4965bf58a40003,0x0000000000000000000000001de3d1db9aa96ba4e7524153432b9db34b02a592,0xfc9926b2f0eaae0587101430e705c5a20914586921b5606b01161542844dd442
46909962,2026-08-26 21:32:16.000 UTC,0x00000000000000000000000000000000000000000000000000000000000ed56b000000000000000000000000000000000000000000a8cff7796e78363d899c1d0000000000000000000000000000000000000000000000009ab03bd7c5190623,0x000000000000000000000000625372affaef6c10257e8a5c72143e6c0143784c,0x5f2fd8974a21bb91763525e9a153b86002eded22538bd913903c089134ce1957
46910118,2026-08-26 21:32:32.000 UTC,0x00000000000000000000000000000000000000000000000000000000000ed571000000000000000000000000000000000000000000a8cff7796e783648768f240000000000000000000000000000000000000000000000009744943fd3c2002e,0x0000000000000000000000008c48eb15bb1ab7531438a406fd7f5ba9b5afc5b1,0x29a756a7cefc420e03ad86aec72d4b1c8e6534b1d397d7ab1be52495cdc5dbae
46915864,2026-08-26 21:42:14.000 UTC,0x00000000000000000000000000000000000000000000000000000000000ed714000000000000000000000000000000000000000000a8cff7796e78364a588ad30000000000000000000000000000000000000000000000003a4965bf58a40014,0x000000000000000000000000311fd4b3182938b448700ea5015eec171dc7b0f7,0x1d1d9af6fdce1dd68aec022ce02ea567d79070019dce53c920ab28b50193de06
46917107,2026-08-26 21:44:18.000 UTC,0x00000000000000000000000000000000000000000000000000000000000ed747000000000000000000000000000000000000000000a8cff7796e7836713cfdff0000000000000000000000000000000000000000000000003a4965bf58a40043,0x000000000000000000000000d553aba1761540f535d2800408c69b3506cacca6,0x7d7702e803b8e1a2c1bc108087c8ca4adb249f55955753ae29ec8b5c4d8f391a
46927739,2026-08-26 22:02:12.000 UTC,0x00000000000000000000000000000000000000000000000000000000000ed95f000000000000000000000000000000000000000000a8cff7796e78364613bc810000000000000000000000000000000000000000000000024150e39800400093,0x000000000000000000000000e7dfd6fccf92ce405e984a4b70b225b649f8430c,0x6473b892b50c552f4c794700f5fc1872b30fc294c2692e4694271ba8bdafe9b6
46928608,2026-08-26 22:03:42.000 UTC,0x00000000000000000000000000000000000000000000000000000000000ed9a0000000000000000000000000000000000000000000a8cff7796e78368794a7a60000000000000000000000000000000000000000000000003a4965bf58a4005e,0x000000000000000000000000b714a6be88a08d6042a3e47440eb7bc4190ab4e2,0xa8479ddd8f92f44513c53487ec43c5a3215098c0f39cdc9f96fcc75699ae54cb
46947348,2026-08-26 22:35:13.000 UTC,0x00000000000000000000000000000000000000000000000000000000000edd91000000000000000000000000000000000000000000a8cff7796e78363d1b1cce0000000000000000000000000000000000000000000000003a4965bf58a40004,0x00000000000000000000000017e92b4ceaecefc797abfa02a12244a4ab1444a0,0x07a1276ba1e164181564bc23d8a9c321badd0f94cdc897c8dc65594fb3b0181a
46948811,2026-08-26 22:37:41.000 UTC,0x00000000000000000000000000000000000000000000000000000000000eddd6000000000000000000000000000000000000000000a8cff7796e78366257e23a0000000000000000000000000000000000000000000000003a4965bf58a40031,0x000000000000000000000000cebc0cfbc5dd0893a9e3b9d0f75b211ddf5934a0,0xe23f900c2144a17c6bda468d24ddde41cac6429722b517bb19580dfa54b376af
46952993,2026-08-26 22:44:45.000 UTC,0x00000000000000000000000000000000000000000000000000000000000edefb000000000000000000000000000000000000000000a8cff7796e783681c9c7840000000000000000000000000000000000000000000000003a4965bf58a40057,0x0000000000000000000000009e510fe78b3aa364d238d81bd0391f0e54a234ab,0x0a3eb614302957479fa0663d49f083ce517ed60a7fc0aed1c1602f04dd49cc7b
46968584,2026-08-26 23:11:00.000 UTC,0x00000000000000000000000000000000000000000000000000000000000ee27d000000000000000000000000000000000000000000a8cff7796e7836a13bacce0000000000000000000000000000000000000000000000003a4965bf58a4007d,0x000000000000000000000000803b83332fe71adcfe5a9e7d93d11f51caa04134,0xdf370eb056bdcb84842422e56863c41e338f7ff9ffa31e751d523a7fb673ad3e
46972808,2026-08-26 23:18:05.000 UTC,0x00000000000000000000000000000000000000000000000000000000000ee374000000000000000000000000000000000000000000a8cff7796e78363d78cf8a0000000000000000000000000000000000000000000000024150e3980040002c,0x0000000000000000000000007c591c160b8d902963dbfca003d218ec36a42c2f,0x4e151bdddc1e9fae4f9f8e45cfc86819d6474b31bccadf80a3f04e967aae0ef0
46974024,2026-08-26 23:20:08.000 UTC,0x00000000000000000000000000000000000000000000000000000000000ee3f6000000000000000000000000000000000000000000a8cff782089d75a7ed4d9f00000000000000000000000000000000000000000000000000000001e2339ad6,0x000000000000000000000000e71ec2161a486f89fd972c35b26b7d04a8a1844f,0x83a48eb0aa331830974b75297eb74a8b2e7173a9b9d5be41d23337c65a8c4371
46998562,2026-08-27 00:01:29.000 UTC,0x00000000000000000000000000000000000000000000000000000000000eebcf000000000000000000000000000000000000000000a8cff7796e7836456181910000000000000000000000000000000000000000000000003a4965bf58a4000e,0x0000000000000000000000003a3c4096a6d930ec7f9755ada06a1d414c35998b,0xa50dc329119fc557311b6822b311f1443770835db59fde19cb6134cb00e89b56
47020135,2026-08-27 00:37:48.000 UTC,0x00000000000000000000000000000000000000000000000000000000000ef002000000000000000000000000000000000000000000a8cff7796e78363e23e9670000000000000000000000000000000000000000000000024150e39800400034,0x00000000000000000000000096c62260d17e92c5fe9496750c634c4d4380048b,0xdc6001807931f3e6971346f0c2e7813dce11b6d574b26df2c408235f4ee33309
47021195,2026-08-27 00:39:36.000 UTC,0x00000000000000000000000000000000000000000000000000000000000ef04b000000000000000000000000000000000000000000a8cff7796e78364b9751dd0000000000000000000000000000000000000000000000024150e398004000d5,0x000000000000000000000000fc4c0481900b05b5a43450560e6e12b887caa736,0xa9d6cc04bd835e59f02dcc1c853eabbe608c039584b9ae0f66a05b4789df0a98
47030069,2026-08-27 00:54:33.000 UTC,0x00000000000000000000000000000000000000000000000000000000000ef28d000000000000000000000000000000000000000000a8cff7796e78365795f8d70000000000000000000000000000000000000000000000003a4965bf58a40024,0x00000000000000000000000065ec40f99cde6d4c16c5e159477e782286caa20c,0x07f93b3228f660f37023ba24d540ac3d619eaf0097c16b52ca7a918bd55b47b0
47120747,2026-08-27 03:26:54.000 UTC,0x00000000000000000000000000000000000000000000000000000000000f06a3000000000000000000000000000000000000000000a8cff7796e78376bf8516e0000000000000000000000000000000000000000000000003a4965bf58a40172,0x0000000000000000000000008ad18d2fc5108d0dcc7c9b14f88083abdc4a666c,0x8cac04d4208825cce6a3c4336b49fd8c07c7f23e6c09ba9927689ca91b67d1e5
47121287,2026-08-27 03:27:48.000 UTC,0x00000000000000000000000000000000000000000000000000000000000f06b0000000000000000000000000000000000000000000a8cff7796e78364002a938000000000000000000000000000000000000000000000000df22cd5cb331eee6,0x0000000000000000000000004adb43daad04439eff802768682798654444acf6,0x902d9c63e56e37f5bf5a4b979845631c477d1b714a42e164cb29158d2ebb70ff
47131730,2026-08-27 03:45:22.000 UTC,0x00000000000000000000000000000000000000000000000000000000000f0910000000000000000000000000000000000000000000a8cff7796e78364f7a55c30000000000000000000000000000000000000000000000009744943fd3c20044,0x0000000000000000000000004d3e09736d50ddc72b7919e81cf5a889207747df,0x13cc9dea146a673957ccfbb793d3e5608587ad5b16fce06bd2c45affb2ea2e30
47201012,2026-08-27 05:41:55.000 UTC,0x00000000000000000000000000000000000000000000000000000000000f1795000000000000000000000000000000000000000000a8cff7796e78374adebe640000000000000000000000000000000000000000000000003a4965bf58a4014a,0x000000000000000000000000fc1086b6aa258c9e67d2284498a632f206659247,0xb54a0a4ed90f4ef1f1f1c8940695b412dedb3339c455aa4e2aded2130d904ba6
47201481,2026-08-27 05:42:42.000 UTC,0x00000000000000000000000000000000000000000000000000000000000f17a2000000000000000000000000000000000000000000a8cff7796e783645e8f60a0000000000000000000000000000000000000000000000024150e39800400091,0x000000000000000000000000ed258b768e9ae58ed3806792ec3fb96f967ce1b2,0x3549ab727625bd712d4f60d5e1505f496dc2420e78fe9ec72a6c7a27938411f9
47230187,2026-08-27 06:30:53.000 UTC,0x00000000000000000000000000000000000000000000000000000000000f1f24000000000000000000000000000000000000000000a8cff7796e78363b736f0e0000000000000000000000000000000000000000000000003a4965bf58a40002,0x0000000000000000000000007422eeae636c8697c9a2db8fe6439ea3f8d60d70,0x156f4a263fd81b92d0a061f34d132d1992efcce0977fed9ba0fa81665623af4a
47258769,2026-08-27 07:18:56.000 UTC,0x00000000000000000000000000000000000000000000000000000000000f254b000000000000000000000000000000000000000000a8cff7796e78371bb3e6750000000000000000000000000000000000000000000000003a4965bf58a40111,0x0000000000000000000000008615543e541c71ee3050f729bc6ab55cde054f91,0x709693ad2a39ba351027d86740fc80bed0ad525fab6d161c5cd8d79f2b02d6da
47302692,2026-08-27 08:32:50.000 UTC,0x00000000000000000000000000000000000000000000000000000000000f2f11000000000000000000000000000000000000000000a8cff7796e78368c662291000000000000000000000000000000000000000000000003e9f9ed77cf3406b4,0x0000000000000000000000006f086c5bd71de7d80625a21b6973ae411acf64a7,0x9ebf0d93fc852de1957fd7598785b6b6c69237acb991516add39b360a49a0eec
47326653,2026-08-27 09:13:08.000 UTC,0x00000000000000000000000000000000000000000000000000000000000f338c000000000000000000000000000000000000000000a8cff7796e783664fd28980000000000000000000000000000000000000000000000024150e39800400205,0x0000000000000000000000003b1b1728f5c4d96fdcfe77ded2bf4a98517d3eb1,0x1cc5d24c3d3cf8fc7d87d8388fa0ae4319ebb16d70db08edd1092bcc63c4e073
47343346,2026-08-27 09:41:12.000 UTC,0x00000000000000000000000000000000000000000000000000000000000f371c000000000000000000000000000000000000000000a8cff7796e7837a5113be00000000000000000000000000000000000000000000000003a4965bf58a401b7,0x000000000000000000000000b89974bded1b1d57f32331cc63e11a805d73d23a,0x0ed2e652bc7106d10b72e7d97c61e7e26b114580d6041d9c8d9bd88037541cce
47367600,2026-08-27 10:22:01.000 UTC,0x00000000000000000000000000000000000000000000000000000000000f3b4b000000000000000000000000000000000000000000a8cff7796e7836c0ad92180000000000000000000000000000000000000000000000003a4965bf58a400a3,0x00000000000000000000000091fad9dade3fc557a74d46cf85e936f057ddebed,0xfa4db28d921238825c8e504fc22637f2a24878fe1bc433e60b7ca4291525e3cd
47392782,2026-08-27 11:04:22.000 UTC,0x00000000000000000000000000000000000000000000000000000000000f3f9f000000000000000000000000000000000000000000a8cff7796e783662ed881d0000000000000000000000000000000000000000000000009744943fd3c20081,0x00000000000000000000000092663c3b9f7a27d736a67fd10df5416c5dd5625a,0xc85b31712ed1754b2ad16097cee7daa297c1cef6abf8a6ba759861643d508a9d
47395837,2026-08-27 11:09:32.000 UTC,0x00000000000000000000000000000000000000000000000000000000000f4028000000000000000000000000000000000000000000a8cff7796e7836e442a9c30000000000000000000000000000000000000000000000003a4965bf58a400ce,0x000000000000000000000000cf3477158c28b3b327422bdedaff90a1abc7718e,0x22bbe986fdf00ae2df07e922ee2ff119a840794e20ed76530fd796da5d9c0ae7
47411186,2026-08-27 11:35:17.000 UTC,0x00000000000000000000000000000000000000000000000000000000000f41f1000000000000000000000000000000000000000000a8cff7796e78364aec38000000000000000000000000000000000000000000000000024150e398004000cd,0x000000000000000000000000673231873848ada8491449789854acb33fb7d777,0xebd598debdcccdead00f1d8f0d87af73ec434c2e12249cc0293ab7e1a69d1a12
47416781,2026-08-27 11:44:42.000 UTC,0x00000000000000000000000000000000000000000000000000000000000f4283000000000000000000000000000000000000000000a8cff7796e7837f7d12b7b0000000000000000000000000000000000000000000000003a4965bf58a4021b,0x0000000000000000000000007b8a56480792b54c3422ae05fea6ff29ea7ff961,0xa997da420fb7b10318d320927bbe44d50c03f00aabb778f728b788af68c1e985
47417611,2026-08-27 11:46:06.000 UTC,0x00000000000000000000000000000000000000000000000000000000000f4298000000000000000000000000000000000000000000a8cff7796e78371d5b94350000000000000000000000000000000000000000000000003a4965bf58a40113,0x000000000000000000000000c47d9636692d2fa04029902c2d4f0717958b39d7,0xbf19a23d46ddb49fa785b1b31ba57d77f63dc469019b96c506fb3965cc801f9e
47419181,2026-08-27 11:48:43.000 UTC,0x00000000000000000000000000000000000000000000000000000000000f42e1000000000000000000000000000000000000000000a8cff7796e783646a973220000000000000000000000000000000000000000000000024150e3980040009a,0x000000000000000000000000d5f1afea47b1a9eab414d2ee740cf1d6d039e725,0xa14ee0984c11949d0d1760cc9d92dab3d8e2a953e88dc4662b4d04aca46162df
47427009,2026-08-27 12:01:55.000 UTC,0x00000000000000000000000000000000000000000000000000000000000f449c000000000000000000000000000000000000000000a8cff7796e78366668bf8d0000000000000000000000000000000000000000000000024150e39800400216,0x000000000000000000000000050c883fcdb02bdf99eb18722d10c935c62546c9,0x6ab37aefeb6c620c1d54c300907249c853cac29bf0e7538cdd1e0ed17b286bb2
47434357,2026-08-27 12:14:15.000 UTC,0x00000000000000000000000000000000000000000000000000000000000f45f2000000000000000000000000000000000000000000a8cff7796e78376f47acef0000000000000000000000000000000000000000000000003a4965bf58a40176,0x0000000000000000000000004f3b422051a7d183a017898179961c9e9d50ac7c,0xbdb8a7342be2cd01bd87f8fce2b1a1fb4e78e3661af4bd8de41dc73f8de9b93c
47441653,2026-08-27 12:26:32.000 UTC,0x00000000000000000000000000000000000000000000000000000000000f4753000000000000000000000000000000000000000000a8cff7796e783642a745f2000000000000000000000000000000000000000000000001970a205989f83ffa,0x00000000000000000000000049b86bdb28188c801dbb2cf122a2eb5dbf68e915,0x1a971d25d4349deaa23e7eaa3ddd12b40f5679afa98926772be43d637b753dde
47445387,2026-08-27 12:32:49.000 UTC,0x00000000000000000000000000000000000000000000000000000000000f4825000000000000000000000000000000000000000000a8cff7796e7836551a74360000000000000000000000000000000000000000000000003a4965bf58a40021,0x000000000000000000000000014aa4ea00adff7d679aabfbfd777d0c4f8ee424,0xc006ca34765e096f7606c5c528fd91abed8ffecab3e54f4e11718b2590ad6ea6
47452486,2026-08-27 12:44:47.000 UTC,0x00000000000000000000000000000000000000000000000000000000000f4a4a000000000000000000000000000000000000000000a8cff7796e78365ca20fac000000000000000000000000000000000000000000000000bc4ad8b774704b6b,0x00000000000000000000000099f91e5a8ef56aad09c2bbfd42dc5cf0478b084e,0x429cb9055d0c04c4897f1e733f788dc4cde660d089a94afa901210fef61ce4ce
47456413,2026-08-27 12:51:23.000 UTC,0x00000000000000000000000000000000000000000000000000000000000f4b61000000000000000000000000000000000000000000a8cff7796e78366257e23a0000000000000000000000000000000000000000000000003a4965bf58a40031,0x000000000000000000000000a12514d8e5e690c2ba52e4d43944c93517a56845,0xcb3d445c46c2bbec73879969bba9725a8736375d4437ed5454f003872c0afb86
47465434,2026-08-27 13:06:35.000 UTC,0x00000000000000000000000000000000000000000000000000000000000f4d67000000000000000000000000000000000000000000a8cff7796e7836fb6e2a4b0000000000000000000000000000000000000000000000003a4965bf58a400ea,0x000000000000000000000000b561b7f7900b613012519fa718b54c8e9bc809e7,0x4a825f426b52841e47e0e49a100788b5c87f448557cee8475260429e8e3695d9
47468898,2026-08-27 13:12:24.000 UTC,0x00000000000000000000000000000000000000000000000000000000000f4e89000000000000000000000000000000000000000000a8cff7796e7836e51680a40000000000000000000000000000000000000000000000003a4965bf58a400cf,0x000000000000000000000000fbcdecbbe8f4d5ae1f8b6de41854689a143f5952,0xc32d5621b62b74c5491a05521e8334ec0224852a0bfbfff382abf8d2f0dc2614
47497223,2026-08-27 14:00:11.000 UTC,0x00000000000000000000000000000000000000000000000000000000000f5862000000000000000000000000000000000000000000a8cff7796e7836fc42012b0000000000000000000000000000000000000000000000003a4965bf58a400eb,0x000000000000000000000000cba6c974da70d264e3fac81c94441fecdc44bfa0,0xfeb6743337a98ecc764910aece4857dd1719b58b07405b67962315a6dadb756d
47498695,2026-08-27 14:02:37.000 UTC,0x00000000000000000000000000000000000000000000000000000000000f594e000000000000000000000000000000000000000000a8cff7796e783644bd88c80000000000000000000000000000000000000000000000024150e39800400083,0x000000000000000000000000c4af8805543ad90f101e841db0f30bf97300a36d,0x5d231b8875ddfbdde96bc32dfba2e19c83179ff021dd22323443699ffc0f4c8e
47506796,2026-08-27 14:16:14.000 UTC,0x00000000000000000000000000000000000000000000000000000000000f5d29000000000000000000000000000000000000000000a8cff7796e78373137b93c0000000000000000000000000000000000000000000000003a4965bf58a4012b,0x0000000000000000000000008cf33e3026604bd85677e7bc6e04d256571b6653,0x1f9494ae62ea4f73f204218a1a2f832823a0fe653579e9ac871c2110c35a44bf
47512117,2026-08-27 14:25:11.000 UTC,0x00000000000000000000000000000000000000000000000000000000000f6030000000000000000000000000000000000000000000a8cff7796e7836bd5e36970000000000000000000000000000000000000000000000003a4965bf58a4009f,0x00000000000000000000000076af8d3b40a0d7b5197935d0e84c14f7a3782e87,0x33490db892d774a794c3f98f622ee1c079df4352b24f7a6a17001a5da53c5c8a
47518165,2026-08-27 14:35:20.000 UTC,0x00000000000000000000000000000000000000000000000000000000000f61ae000000000000000000000000000000000000000000a8cff7796e7836a7da63d00000000000000000000000000000000000000000000000003a4965bf58a40085,0x000000000000000000000000e0ab410e8d4a609299a0b4a21726b085914179d5,0x8ef4f99592173cf00d3e4b0f0695a3d0756f5d5cbd4ebab758b1a0bb87219b73
47521161,2026-08-27 14:40:23.000 UTC,0x00000000000000000000000000000000000000000000000000000000000f62d4000000000000000000000000000000000000000000a8cff7796e7836420790d40000000000000000000000000000000000000000000000028d28ea10ba7ad57d,0x000000000000000000000000d5aef276d0511cad8c4663c4bdab8dd241e9acd4,0x94e738adb83310a1f0f6908f9b6f6351092a2c33f318355fae93b3a876d4e301
47525722,2026-08-27 14:48:02.000 UTC,0x00000000000000000000000000000000000000000000000000000000000f64a2000000000000000000000000000000000000000000a8cff7796e783649c0cabe0000000000000000000000000000000000000000000000024150e398004000bf,0x000000000000000000000000922aabefeea4a2dd407c06a080c2cf57edc2f9ed,0xdf4518d3ef47a581780d4f79ffef8312106c2582d2931906861fe74838e68741
47530102,2026-08-27 14:55:24.000 UTC,0x00000000000000000000000000000000000000000000000000000000000f66d0000000000000000000000000000000000000000000a8cff7796e7837493710a30000000000000000000000000000000000000000000000003a4965bf58a40148,0x0000000000000000000000003a1db41deba4c364cac47773ea62e914e38a81f3,0xaa77049302a963dc18c92044c29406de2314c660eff090050a4dbac133039b3f
47530525,2026-08-27 14:56:07.000 UTC,0x00000000000000000000000000000000000000000000000000000000000f66fc000000000000000000000000000000000000000000a8cff7796e7836cf92addd0000000000000000000000000000000000000000000000003a4965bf58a400b5,0x000000000000000000000000f1df99dc5a8ece7c4991e70ecf32bd153e043342,0xc678de6b549dbd02e7b30272a8665f5f2b923fa6bb1e7eaa41dcca9b952736bb
47531527,2026-08-27 14:57:48.000 UTC,0x00000000000000000000000000000000000000000000000000000000000f673f000000000000000000000000000000000000000000a8cff7796e783647092f520000000000000000000000000000000000000000000000003a4965bf58a40010,0x0000000000000000000000001af9ce5ef38b4e0947ee0e948a492a167f554727,0x1b2663365b1a8b0744a73cb4176d87c6f8ac9be34ce8cadfc7d5232a54f89839
47532506,2026-08-27 14:59:27.000 UTC,0x00000000000000000000000000000000000000000000000000000000000f6793000000000000000000000000000000000000000000a8cff7796e783690aee3490000000000000000000000000000000000000000000000003a4965bf58a40069,0x0000000000000000000000002f656364394686c32ef896a6bf6739f706ad7334,0xeb0a4504d7f2515df145797c93d83892a73066bff956086bc69e392da2d95b36
47538136,2026-08-27 15:08:51.000 UTC,0x00000000000000000000000000000000000000000000000000000000000f6942000000000000000000000000000000000000000000a8cff7796e7836467eacab0000000000000000000000000000000000000000000000024150e39800400098,0x0000000000000000000000004f8cb80df2c4609838a2e0889f0926c5c4a63035,0x795b5be4f4e644a2d8217c15007cca8381279e38726282ff5864499901c7ece0
47539356,2026-08-27 15:10:54.000 UTC,0x00000000000000000000000000000000000000000000000000000000000f699f000000000000000000000000000000000000000000a8cff7796e7836893c55670000000000000000000000000000000000000000000000003a4965bf58a40060,0x00000000000000000000000062a32de39b4dbef0ccb4ff05e1f5350370058d1c,0xf2acc624b18864befcddf15151da26cf962d7e476e56183adb556e6de58f90b0
47547055,2026-08-27 15:23:53.000 UTC,0x00000000000000000000000000000000000000000000000000000000000f6cd9000000000000000000000000000000000000000000a8cff7796e7836b93b04360000000000000000000000000000000000000000000000003a4965bf58a4009a,0x000000000000000000000000ace5bc3ddabd6e7a8f7c434a7fd4b786aceb421b,0x50df44715f14940b8af9a95e5c8cbfab008283b82edf7459e06a1c9c950be494
47548104,2026-08-27 15:25:34.000 UTC,0x00000000000000000000000000000000000000000000000000000000000f6d47000000000000000000000000000000000000000000a8cff7796e78368e335ea80000000000000000000000000000000000000000000000003a4965bf58a40066,0x000000000000000000000000307ab1b16cf66cab1cc0bbd804c3c7546121e88f,0xaf81cc9c3a10d06a874a8b16f7384755c32e92202887260d2843075241637d16
47552651,2026-08-27 15:33:13.000 UTC,0x00000000000000000000000000000000000000000000000000000000000f6ee0000000000000000000000000000000000000000000a8cff7796e7836dc3b2d49000000000000000000000000000000000000000000000031b82eb30fbbda4c80,0x00000000000000000000000018b0145bdea46fbd6aa4336b227f65706d8b764b,0x72191b7bbc176fbea1b09d45fa59c306360ecd39d7815d676ddf168dfba90584
47554164,2026-08-27 15:35:46.000 UTC,0x00000000000000000000000000000000000000000000000000000000000f6f68000000000000000000000000000000000000000000a8cff7796e78363be2721e0000000000000000000000000000000000000000000000024150e39800400019,0x000000000000000000000000cd262918cadb4a0fa68e230231e35e90b2ae42bf,0x7637bd3545557bc3ec8ae84f5d4f42feae157b2e85ea8c9514a538c5baed0d6c
47554323,2026-08-27 15:36:02.000 UTC,0x00000000000000000000000000000000000000000000000000000000000f6f81000000000000000000000000000000000000000000a8cff7796e78363fcfaa0e0000000000000000000000000000000000000000000000024150e39800400048,0x0000000000000000000000004f1aedb9942947937db0b080dbc71059638aee9e,0x25c1aca071d92db50c34266c70fe76043c39b599db835100bd9a772fd87b227e
47554611,2026-08-27 15:36:33.000 UTC,0x00000000000000000000000000000000000000000000000000000000000f6f9e000000000000000000000000000000000000000000a8cff7796e78363a76db2a0000000000000000000000000000000000000000000000024150e39800400008,0x0000000000000000000000008442e2ab14cf7cf98cd8852b2d4607556e036412,0x997f79cec6fa4e8acfde07a1223659bcea9449954e1843f9c08100b6b276b1a2
47560044,2026-08-27 15:45:41.000 UTC,0x00000000000000000000000000000000000000000000000000000000000f723b000000000000000000000000000000000000000000a8cff7796e78364427d2270000000000000000000000000000000000000000000000024150e3980040007c,0x00000000000000000000000069a007be2863cc42b11feb8ff32d18bd87123df2,0xc2ee43c52972a5c080c558dd8e11aa57927b9458949d7698c7b151702a4342e8
47560638,2026-08-27 15:46:43.000 UTC,0x00000000000000000000000000000000000000000000000000000000000f728a000000000000000000000000000000000000000000a8cff7796e7836477f53760000000000000000000000000000000000000000000000024150e398004000a4,0x000000000000000000000000d1db07ceb43a35f6b7abc29578c3ac99b5d1a258,0x16daf29d909d7742b6d372c8efcd95565f30621bf550053b8650c67ffdbdb319
47568492,2026-08-27 15:59:56.000 UTC,0x00000000000000000000000000000000000000000000000000000000000f75c0000000000000000000000000000000000000000000a8cff7796e7836db286e200000000000000000000000000000000000000000000000003a4965bf58a400c3,0x0000000000000000000000005b5977f93bcbaf50caf093525266ca7ae002ed15,0xf98ad44b374054287a777b5f8f0d3bae90b5f45d448dc89a0bc30e559be99a37
47573793,2026-08-27 16:08:51.000 UTC,0x00000000000000000000000000000000000000000000000000000000000f770a000000000000000000000000000000000000000000a8cff7796e78369679c36b0000000000000000000000000000000000000000000000003a4965bf58a40070,0x000000000000000000000000fc451d1685457859e4fd2e62ab89b69044563f21,0xd5a3f807fa8e5cbab4a783bfd076419d4bdc048201e74cfaf9863a337d46605f
47584670,2026-08-27 16:27:07.000 UTC,0x00000000000000000000000000000000000000000000000000000000000f7b01000000000000000000000000000000000000000000a8cff7796e78365963c785000000000000000000000000000000000000000000000000758ced50c4c070a3,0x000000000000000000000000d683f3afa8231727e9d268d5f5ef3d7271ce1ac4,0x98013446fb9b34c30a43745b26085b3593721b691e8d6f913b5d96a56f96cad8
47586326,2026-08-27 16:29:53.000 UTC,0x00000000000000000000000000000000000000000000000000000000000f7b60000000000000000000000000000000000000000000a8cff7796e78430507f09b0000000000000000000000000000000000000000000000003a4965bf58a40f76,0x000000000000000000000000799b3ed6facae06be0016796ce34ee07b38ac695,0xd10818126fe8949ee90cf6a6086ec3c51493d1169604afd6c1f54073d8905d04
47589535,2026-08-27 16:35:17.000 UTC,0x00000000000000000000000000000000000000000000000000000000000f7c48000000000000000000000000000000000000000000a8cff7796e7836a7da63d00000000000000000000000000000000000000000000000003a4965bf58a40085,0x000000000000000000000000a2b34ceb92ca22ffde389e0effc64ec0a96fe2c0,0x45ba022a1bf261ce7c1f75382df7e559f35b655ec113f3ff46331ea3d9fb0877
47591423,2026-08-27 16:38:29.000 UTC,0x00000000000000000000000000000000000000000000000000000000000f7cb6000000000000000000000000000000000000000000a8cff7796e7837a1c1e05f0000000000000000000000000000000000000000000000003a4965bf58a401b3,0x000000000000000000000000ccdf111cd05897fe52d211da7d17b3dd423c2867,0xdb99ffcccb9172eaa0363c19dc1813088da46349b61f58e20a1661c4bbe0c4e2
47591601,2026-08-27 16:38:47.000 UTC,0x00000000000000000000000000000000000000000000000000000000000f7cbd000000000000000000000000000000000000000000a8cff7796e7836661bff37000000000000000000000000000000000000000000000000758ced50c4c070c2,0x00000000000000000000000099a66d49abe9a8b918360d34b3932e9bd7a4c3f3,0x857781bd5b3d0a4a8111956aca07bab81e500f2ae818316737f83be42eafbcb7
47593707,2026-08-27 16:42:20.000 UTC,0x00000000000000000000000000000000000000000000000000000000000f7d86000000000000000000000000000000000000000000a8cff7796e7836f4cf73490000000000000000000000000000000000000000000000003a4965bf58a400e2,0x0000000000000000000000005baf810271cf08fcdfbbc4cbfc67bab97897805a,0x8d1476fbf8adba89a8312b046cf1be0599a251f333af98828a1ac7d4b5a159b5
47594131,2026-08-27 16:43:01.000 UTC,0x00000000000000000000000000000000000000000000000000000000000f7d9f000000000000000000000000000000000000000000a8cff7796e7837a1c1e05f0000000000000000000000000000000000000000000000003a4965bf58a401b3,0x000000000000000000000000cba1d01286ab8ef485966cdffcacf230d769d9d5,0x8666fe0cfb49e8a6265c4f04aff1e150ccaa439a9e0c822a94390b4e5c82dc9e
47595428,2026-08-27 16:45:13.000 UTC,0x00000000000000000000000000000000000000000000000000000000000f7de0000000000000000000000000000000000000000000a8cff7796e78363deef3af0000000000000000000000000000000000000000000000003a4965bf58a40005,0x000000000000000000000000c4f36c7c1d00dcaab1d01159466afa189bfc7161,0xcd6e5a933cb8fc6ece8d6164e356ac9dbcd7020620e7bbf1f0a49d6679e4f427
47596952,2026-08-27 16:47:47.000 UTC,0x00000000000000000000000000000000000000000000000000000000000f7e53000000000000000000000000000000000000000000a8cff7796e7836456181910000000000000000000000000000000000000000000000003a4965bf58a4000e,0x00000000000000000000000045603e50c0f59210bdbeda29eadad4d8dcb15aac,0xddaaccd5e4a5c94a23a2083290cf1a2fc741cccd08663138c449234da9b24990
47610131,2026-08-27 17:09:58.000 UTC,0x00000000000000000000000000000000000000000000000000000000000f81ea000000000000000000000000000000000000000000a8cff7796e78364c0242070000000000000000000000000000000000000000000000024150e398004000da,0x000000000000000000000000211431dedbf1a2c38a6a38cd32f094c1d86408c3,0x451ec77fee825a68575f2df382049ac790c7a3fb3e6075836f092ef8c641a209
47618005,2026-08-27 17:23:10.000 UTC,0x00000000000000000000000000000000000000000000000000000000000f8369000000000000000000000000000000000000000000a8cff7796e78369a70516200000000000000000000000000000000000000000000000171b0c39ea3dc2eb9,0x0000000000000000000000002b03f8944d72a7e7aa627733a55985c6f9a8b647,0x635c641b7a7eeb11cbb3863283a502f53fb92c9b88303143afa9fe37293ae967
47619042,2026-08-27 17:24:55.000 UTC,0x00000000000000000000000000000000000000000000000000000000000f83aa000000000000000000000000000000000000000000a8cff7796e7836529eef950000000000000000000000000000000000000000000000003a4965bf58a4001e,0x0000000000000000000000007b73f6c73a8ab793100b75b2692c36a55410438f,0xeece7a03a05e8e324f019170e3c8de038d1d77703f20c548aefb72c7d11dfca1
47619830,2026-08-27 17:26:14.000 UTC,0x00000000000000000000000000000000000000000000000000000000000f83db000000000000000000000000000000000000000000a8cff7796e7836ba0edb160000000000000000000000000000000000000000000000003a4965bf58a4009b,0x00000000000000000000000053f4a23a1b1c794a74e34c97756c6c96c53ed885,0x89563e4f8aca2d5730066ba3edff261e34cffaad28d0c394ca9b7284379bdf93
47621780,2026-08-27 17:29:31.000 UTC,0x00000000000000000000000000000000000000000000000000000000000f8436000000000000000000000000000000000000000000a8cff789090f1ebcaae58a00000000000000000000000000000000000000000000000000000001e2339b1c,0x000000000000000000000000d29c4ea8a729eb60820f703744ac1fb35baf11cd,0x51d837e4ad155e6f030b978f2ec59a8ee366b9efb5c71e47c21654ab38ca0cec
47622601,2026-08-27 17:30:55.000 UTC,0x00000000000000000000000000000000000000000000000000000000000f846a000000000000000000000000000000000000000000a8cff7796e7839c80b0cee0000000000000000000000000000000000000000000000003a4965bf58a4044c,0x00000000000000000000000056384b22e988dc25260671f2b98dacca3f009a60,0xadc8479c0792470b2e14da0acf1f7c8598265c63d133da68cfa9eb794bc77734
47632580,2026-08-27 17:47:43.000 UTC,0x00000000000000000000000000000000000000000000000000000000000f8668000000000000000000000000000000000000000000a8cff7796e7837913516da0000000000000000000000000000000000000000000000003a4965bf58a4019f,0x00000000000000000000000004be13ec374174de8a8dbe7a0c480ce75659d104,0xc29fb7f0e54fbb9427b262a49a3ebbbd156ccb885a401bf005244c03d1132887
47638922,2026-08-27 17:58:25.000 UTC,0x00000000000000000000000000000000000000000000000000000000000f87bf000000000000000000000000000000000000000000a8cff7796e78363ec2ca8f0000000000000000000000000000000000000000000000003a4965bf58a40006,0x000000000000000000000000201ebd16f690025705e88d8bbd33b04955f49835,0x9a4ce1def3365dcac26857f995e6d6f266160b5ac017e3cd5365643f2878dab6
47649116,2026-08-27 18:15:35.000 UTC,0x00000000000000000000000000000000000000000000000000000000000f8aa7000000000000000000000000000000000000000000a8cff780554ea7cd88870d00000000000000000000000000000000000000000000000000000001e2339ac5,0x0000000000000000000000006f62ac12309c656af64f7cfba536534699ebde22,0x8d7846b0cc167d25a625f04da92de804961dd1e40a90fa47657d10434c3b4387
47651259,2026-08-27 18:19:09.000 UTC,0x00000000000000000000000000000000000000000000000000000000000f8b26000000000000000000000000000000000000000000a8cff7796e7836632bb91a0000000000000000000000000000000000000000000000003a4965bf58a40032,0x000000000000000000000000a7c7369aba7f8d831a822b2820547806e6535c39,0x659f86008eeda0962d34419410762d022d0272ff9a3164dc362bc411dc983e07
47653486,2026-08-27 18:22:56.000 UTC,0x00000000000000000000000000000000000000000000000000000000000f8c66000000000000000000000000000000000000000000a8cff7796e78365d60d8f90000000000000000000000000000000000000000000000003a4965bf58a4002b,0x000000000000000000000000cbb777556b6f32bbd6759a0a46f21ad4024e94aa,0x364ed3f139900ba34abbda29e26e1ba3e12c44f7a0163167f9bd4eb75164bb5b
47655345,2026-08-27 18:26:03.000 UTC,0x00000000000000000000000000000000000000000000000000000000000f8d26000000000000000000000000000000000000000000a8cff7796e783643b9d3d10000000000000000000000000000000000000000000000003a4965bf58a4000c,0x0000000000000000000000007ba36be14dd06ba492f08be6c1b2979c1d0b652c,0xaf183f9e09eeb1a585976fe38b65265d799029f3dc3b72d2848f7ecf4ea28ccd
47657472,2026-08-27 18:29:38.000 UTC,0x00000000000000000000000000000000000000000000000000000000000f8e0b000000000000000000000000000000000000000000a8cff7796e7836829d9e640000000000000000000000000000000000000000000000003a4965bf58a40058,0x0000000000000000000000007eba7cfbd2b42a217e5f0d82ea270f46e6aea077,0x9ea059b594e2f5bc46af2c773b63b34f8a28a629bf9e55a25f7be079ff6cd4e9
47662377,2026-08-27 18:37:53.000 UTC,0x00000000000000000000000000000000000000000000000000000000000f9232000000000000000000000000000000000000000000a8cff7796e78363b736f0e0000000000000000000000000000000000000000000000003a4965bf58a40002,0x00000000000000000000000080bced7cc2bbb44a41f5ba30c7090a7ba1bec605,0x25dd921246117e37085cb2e4563ce6930590204ce5f7f4a8f5190b87ef3c7218
47667824,2026-08-27 18:47:04.000 UTC,0x00000000000000000000000000000000000000000000000000000000000f9444000000000000000000000000000000000000000000a8cff7796e78368fdb0c690000000000000000000000000000000000000000000000003a4965bf58a40068,0x00000000000000000000000019fe13ea2475fa723defb31791db1ce8fadbbb33,0x96de5daf86f214ac2af671891f63002a09ff73a8ce743bcb2c01d98ddfe4ac22
47670103,2026-08-27 18:50:51.000 UTC,0x00000000000000000000000000000000000000000000000000000000000f9526000000000000000000000000000000000000000000a8cff7796e78367cd2be430000000000000000000000000000000000000000000000003a4965bf58a40051,0x00000000000000000000000048dca2206189013fa50b9b2c38233b9363d72bd9,0xfe1f02e7fd0ea1f30cfdf8cf302ab7155a6685038c7f5d20e2aa590e5023f696
47674767,2026-08-27 18:58:43.000 UTC,0x00000000000000000000000000000000000000000000000000000000000f963f000000000000000000000000000000000000000000a8cff7796e78363b7598c200000000000000000000000000000000000000000000000171b0c39ea3dc2be1,0x000000000000000000000000193ca9d55e7aa84358ce14cff7796fc1ebbe4255,0x75b874272e84cede5162bd9f2c15b3a0a37db93afcef5de4868da1387ae55571
47676126,2026-08-27 19:01:01.000 UTC,0x00000000000000000000000000000000000000000000000000000000000f969b000000000000000000000000000000000000000000a8cff7796e783659133f5600000000000000000000000000000000000000000000000171b0c39ea3dc2cc4,0x0000000000000000000000005440306723ab9f8afee833565eb9436f59f61c78,0x0c7b140ebf6d2a7a9dc070de21ae084c9b129cb18f4617279835674df7295935
47677497,2026-08-27 19:03:19.000 UTC,0x00000000000000000000000000000000000000000000000000000000000f96fc000000000000000000000000000000000000000000a8cff7796e78363f5f93b500000000000000000000000000000000000000000000000171b0c39ea3dc2bff,0x0000000000000000000000003e30c2ea5a524a3857f587c81a6a043a710a554a,0x84158ba5d2b49b9257c2c85b95e88089165a5d3708843df2988e281d2e10c1cb
47677515,2026-08-27 19:03:21.000 UTC,0x00000000000000000000000000000000000000000000000000000000000f96fe000000000000000000000000000000000000000000a8cff7796e78363dcec8ed00000000000000000000000000000000000000000000000171b0c39ea3dc2bf3,0x000000000000000000000000a3f97c7cfcf820ee0ee3a1ef102ae1308e6f5ee4,0xb7baff7acc1c68691a193719228a7af388a3c4aa5163ce834b62485cca0fd718
47677692,2026-08-27 19:03:39.000 UTC,0x00000000000000000000000000000000000000000000000000000000000f970c000000000000000000000000000000000000000000a8cff7796e78363c1c97ea00000000000000000000000000000000000000000000000171b0c39ea3dc2be6,0x000000000000000000000000738d788a5c6e7bd13968a030888f659b879844bb,0x911b32f430fee7d17d055552703e82b854f09f2d5f49af867c8da08c64151dc9
47680122,2026-08-27 19:07:45.000 UTC,0x00000000000000000000000000000000000000000000000000000000000f9768000000000000000000000000000000000000000000a8cff7796e7836664094bb00000000000000000000000000000000000000000000000171b0c39ea3dc2d29,0x00000000000000000000000063182aec7ef76f1ea13b213fd7209c2590477493,0xad4a3b2b7f91c840ef384abcfa1554702df0ad942b96c68c489008042edd1c05
47683291,2026-08-27 19:13:05.000 UTC,0x00000000000000000000000000000000000000000000000000000000000f97f4000000000000000000000000000000000000000000a8cff7796e783640495f5400000000000000000000000000000000000000000000000171b0c39ea3dc2c06,0x0000000000000000000000008b64f27788582f3445d8ecebe74f63fdff5d6bfe,0xac57d8096d714244d074bda1eb5fdf42c17dc55aa8104b95ab78ede1723ef1a6
47683449,2026-08-27 19:13:21.000 UTC,0x00000000000000000000000000000000000000000000000000000000000f97fc000000000000000000000000000000000000000000a8cff7796e783678c749a000000000000000000000000000000000000000000000000171b0c39ea3dc2db7,0x0000000000000000000000000efc7c4b937c67e22e1249e5a5f0d607c66edd27,0x069abc54070bbf77f5ecd907d99127e5aff3dbb3b8f801df6e4e435f3923ceaf
47683605,2026-08-27 19:13:37.000 UTC,0x00000000000000000000000000000000000000000000000000000000000f9803000000000000000000000000000000000000000000a8cff7796e78364c4a1ca300000000000000000000000000000000000000000000000171b0c39ea3dc2c62,0x0000000000000000000000001cf372a296840cd9c107fdcd1abb55f9ba36f272,0x03fcb20dce4a2ae503d9afe42a97b2a526d010d0984411aed1610c66735e81f5
47683614,2026-08-27 19:13:38.000 UTC,0x00000000000000000000000000000000000000000000000000000000000f9804000000000000000000000000000000000000000000a8cff7796e78363f5f93b500000000000000000000000000000000000000000000000171b0c39ea3dc2bff,0x000000000000000000000000b303685f71dcd26db5ca41edc770c0e31775fd8a,0x250e18d37abee8e26d34f8aea6eca04108333a50ee44e935b133a0af3aebc797
47691728,2026-08-27 19:27:16.000 UTC,0x00000000000000000000000000000000000000000000000000000000000f99a1000000000000000000000000000000000000000000a8cff7796e7836713cfdff0000000000000000000000000000000000000000000000003a4965bf58a40043,0x000000000000000000000000d15932f0e7204982e5b51b6bb61e71440697124a,0x4c4d7b05050ba43feb8b2ad8e5c9ee98e10be4522fa14373bdff3956dc3c353e
47704439,2026-08-27 19:48:37.000 UTC,0x00000000000000000000000000000000000000000000000000000000000f9de2000000000000000000000000000000000000000000a8cff7796e78363d06638900000000000000000000000000000000000000000000000171b0c39ea3dc2bed,0x0000000000000000000000009ba0e5302332821b6fde97a4c25a064474adfec1,0x2942ffe2bea7790c90f823b730be8b1dfa63bd713a9932badb58852bcf3d4fe9
47711976,2026-08-27 20:01:17.000 UTC,0x00000000000000000000000000000000000000000000000000000000000f9f90000000000000000000000000000000000000000000a8cff7796e78363a10320c00000000000000000000000000000000000000000000000168d28e3f00280002,0x0000000000000000000000000dbaf73e647e00c6fdfdcdbcecf25ade4e1c7b85,0xffb535ab05716ff5abeba6cb9a8f36af7aec11a5c254803a310d5c5ffc59d47e
47712436,2026-08-27 20:02:04.000 UTC,0x00000000000000000000000000000000000000000000000000000000000f9fa0000000000000000000000000000000000000000000a8cff7796e78363b6665c500000000000000000000000000000000000000000000000168d28e3f0028000c,0x0000000000000000000000007d27e1751315697e3c335634fd94272fa437fdf6,0x4252572f9c1cd141eb88e7858bb8fea00ec839f5d34d195c24d8517a02021678
47712595,2026-08-27 20:02:20.000 UTC,0x00000000000000000000000000000000000000000000000000000000000f9fab000000000000000000000000000000000000000000a8cff7796e78364416b5f800000000000000000000000000000000000000000000000168d28e3f0028004d,0x000000000000000000000000499368d95e47708aaf9a8ec2a281ec4ea29b3be1,0x4e7f13a6796c228442e3ff82cf99c5d3efbef80c4f3adeff78d0cdd615d5ab20
47721099,2026-08-27 20:16:39.000 UTC,0x00000000000000000000000000000000000000000000000000000000000fa0ea000000000000000000000000000000000000000000a8cff7796e7836cb6f7b7b0000000000000000000000000000000000000000000000003a4965bf58a400b0,0x000000000000000000000000e6ecfaf966970a77716bae80574652175cdc9c81,0x35345dd57a08e84966a8528dce66bed4efb3ce190bbe1d7dae6a2a9eeddbae2a
47721970,2026-08-27 20:18:06.000 UTC,0x00000000000000000000000000000000000000000000000000000000000fa110000000000000000000000000000000000000000000a8cff7796e78363a36b1770000000000000000000000000000000000000000000000024150e39800400005,0x00000000000000000000000055b18432284715e3ffc32ee83433e9308820c15c,0x2dff8aa386dfa6e28173bdedd98313848d7acc64c9e95fa0e4ee414b10eb710d
47722337,2026-08-27 20:18:44.000 UTC,0x00000000000000000000000000000000000000000000000000000000000fa127000000000000000000000000000000000000000000a8cff7796e78366b721ddd0000000000000000000000000000000000000000000000003a4965bf58a4003c,0x000000000000000000000000a51c741afed6109aefa8c491f1b2ee9ea9577863,0x7ce5c00fef93473833c26f17aeb708b154044ac30dc54c281cbd7bc4f509816f
47734166,2026-08-27 20:38:39.000 UTC,0x00000000000000000000000000000000000000000000000000000000000fa264000000000000000000000000000000000000000000a8cff7796e783677dbb5010000000000000000000000000000000000000000000000003a4965bf58a4004b,0x000000000000000000000000404f8d6168ad19b1a7fcb15bf8d271cd4389ecb0,0x59d8e689f51d5c4cc816be23503b6cd3288b324bbc5866e31c654614ad7db563
47736292,2026-08-27 20:42:13.000 UTC,0x00000000000000000000000000000000000000000000000000000000000fa2a1000000000000000000000000000000000000000000a8cff7796e783647092f520000000000000000000000000000000000000000000000003a4965bf58a40010,0x00000000000000000000000026fe0f73fb5ea558a2a67fd94198abbc078fc03e,0xfa662e3eb29658d9403283fa4dc0b52c5a6940fc071e8796d8fd605d86dc683a
47736434,2026-08-27 20:42:27.000 UTC,0x00000000000000000000000000000000000000000000000000000000000fa2a8000000000000000000000000000000000000000000a8cff7796e78363d1b1cce0000000000000000000000000000000000000000000000003a4965bf58a40004,0x00000000000000000000000073dec2699b6f70715b332c61826f23d1f82abc99,0x934ef2f58672d3619a79688118b3f61d2923ca97506a954cb6e751c710cf63c3
47738856,2026-08-27 20:46:32.000 UTC,0x00000000000000000000000000000000000000000000000000000000000fa2ec000000000000000000000000000000000000000000a8cff7796e7836551a74360000000000000000000000000000000000000000000000003a4965bf58a40021,0x0000000000000000000000009ecb1cb29353de3e28cdc26650e2bb6e5574816f,0x58d1592da1e24138e54ff99e380c01c5b165bc19fcaf6ff7bd1056b8d1b2cd71
47748135,2026-08-27 21:02:08.000 UTC,0x00000000000000000000000000000000000000000000000000000000000fa3f1000000000000000000000000000000000000000000a8cff7796e783715e906530000000000000000000000000000000000000000000000003a4965bf58a4010a,0x000000000000000000000000513e7a4375dd34d4c0a609b7003a1674056c863e,0xa3ec0db4311ab859d6cd5efebd450584ef6d4a4c0d4b8f234ce7106c9733c025
47752423,2026-08-27 21:09:21.000 UTC,0x00000000000000000000000000000000000000000000000000000000000fa46a000000000000000000000000000000000000000000a8cff7796e7836fb6e2a4b0000000000000000000000000000000000000000000000003a4965bf58a400ea,0x000000000000000000000000f4bf7fc81f3e772db03190a828e9398730f5e568,0xc5ace3a3388022fc1698b7cadf489cd0eb40bbe461729d345ec0c4dd5d94e382
47762136,2026-08-27 21:25:39.000 UTC,0x00000000000000000000000000000000000000000000000000000000000fa5c9000000000000000000000000000000000000000000a8cff7796e7836d8ace9800000000000000000000000000000000000000000000000003a4965bf58a400c0,0x000000000000000000000000927160ecc6d3aa3e229554116f6fcc4e31153470,0x4ce9c7789e0b5de49a409dbfd1683efb258cfb96c5ff6fae690333ac886c7fe7
47762936,2026-08-27 21:27:01.000 UTC,0x00000000000000000000000000000000000000000000000000000000000fa5ed000000000000000000000000000000000000000000a8cff7796e78364e7bbd340000000000000000000000000000000000000000000000003a4965bf58a40019,0x0000000000000000000000003653c1abbce11b9be82a9d5ec1c6d7a77aa1c038,0x2345f2fa1ef0de49b4246d880aabe4efa486895504216997c4799b3d69c5fbdd
47782948,2026-08-27 22:00:39.000 UTC,0x00000000000000000000000000000000000000000000000000000000000fa8f1000000000000000000000000000000000000000000a8cff7796e78363b736f0e0000000000000000000000000000000000000000000000003a4965bf58a40002,0x000000000000000000000000a0e67be79118704a35e7d4b20c3ec4df36ef6e10,0xa77fcc7ba21cb74023e966067825f729f20b718d6854adcd05b99401bafa3101
47790572,2026-08-27 22:13:28.000 UTC,0x00000000000000000000000000000000000000000000000000000000000fa9d8000000000000000000000000000000000000000000a8cff7796e7836748c59800000000000000000000000000000000000000000000000003a4965bf58a40047,0x000000000000000000000000c1592fbfe8ed7bf943c327145ae93d087057d56a,0x4511da127bc8ac16660baada127bb8ba451182d604b5d6f158babd2764e11e5e
47815728,2026-08-27 22:55:42.000 UTC,0x00000000000000000000000000000000000000000000000000000000000facee000000000000000000000000000000000000000000a8cff7796e78368bb7da070000000000000000000000000000000000000000000000003a4965bf58a40063,0x00000000000000000000000011387d2beaa3377c4659aa58a33efe0df74c295c,0x16203c2a8400c60ffdac4233412e27bae0c02819f4b4b16f72981215a76a6035
47827837,2026-08-27 23:16:03.000 UTC,0x00000000000000000000000000000000000000000000000000000000000faec5000000000000000000000000000000000000000000a8cff7796e783647548cff0000000000000000000000000000000000000000000000024150e398004000a2,0x000000000000000000000000fcfa02286be2e22d3bb3739bfa3312592376d882,0x487a255bbe9978a394231a6fa905029f887287423a0999826af529cba51816e7
47838961,2026-08-27 23:34:44.000 UTC,0x00000000000000000000000000000000000000000000000000000000000fb030000000000000000000000000000000000000000000a8cff7796e7836554962f9000000000000000000000000000000000000000000000000758ced50c4c07099,0x000000000000000000000000de3549041c1252675ed83e14ee489b4c1fc9f310,0xc8e51745713ecbc7a1d86c343678e67d980bdd18ea184c42fe11280ce8838e5b
47882509,2026-08-28 00:47:56.000 UTC,0x00000000000000000000000000000000000000000000000000000000000fb7f4000000000000000000000000000000000000000000a8cff7796e783649b5986c0000000000000000000000000000000000000000000000028d28ea10ba7ad5e5,0x000000000000000000000000a184617d98afa5f5b6d298e957a376f1dd79fa7a,0xc9d59ab94f6b034a41015facad26e6ef5cc7776483ba9dfbaf3a3f7b62aa646f
47887773,2026-08-28 00:56:46.000 UTC,0x00000000000000000000000000000000000000000000000000000000000fb9b1000000000000000000000000000000000000000000a8cff7796e78363c0d38960000000000000000000000000000000000000000000000024150e3980040001b,0x0000000000000000000000001c338e6b0e02a8212544f962d3cc619b53fbbd6d,0x9f935d4203814628dc5e942a5058c1a2cf5da4f75bcf388d2b2fcd0d7d917b6c
47889344,2026-08-28 00:59:25.000 UTC,0x00000000000000000000000000000000000000000000000000000000000fb9fe000000000000000000000000000000000000000000a8cff7796e7836657a8a850000000000000000000000000000000000000000000000009744943fd3c20089,0x00000000000000000000000068cfab089d3607f44ab845742012db1b07e810a5,0x857d2056461dfae11c77f5e1490ef0235688382d5a2091fffb128167f340a9bc
47902148,2026-08-28 01:20:55.000 UTC,0x00000000000000000000000000000000000000000000000000000000000fbba2000000000000000000000000000000000000000000a8cff7796e783660b226020000000000000000000000000000000000000000000000009744943fd3c2007a,0x000000000000000000000000238239d8fbec75ebc08aca988447bc1926f615e0,0xeece838992febbf47b5dcb273f85aa7aa06f035102197fa70aff7a0a967ec029
47917900,2026-08-28 01:47:31.000 UTC,0x00000000000000000000000000000000000000000000000000000000000fc028000000000000000000000000000000000000000000a8cff7796e783680f5f0a40000000000000000000000000000000000000000000000003a4965bf58a40056,0x000000000000000000000000af0172ddea4ce60db3ebab05748a00b14fc8e433,0xc43e9a4f065e15c491d404a036198ffcd13acdfa37ded807147f5572b1af99dd
47935314,2026-08-28 02:16:49.000 UTC,0x00000000000000000000000000000000000000000000000000000000000fc4ac000000000000000000000000000000000000000000a8cff7796e78376d9fff2f0000000000000000000000000000000000000000000000003a4965bf58a40174,0x00000000000000000000000092b42765361d8acb474ef288141df61e9b766aa1,0x8ada0324f54f51c9234528ecc6c84d8d161bb9e89b765154fdf1c4dee29686e4
47937223,2026-08-28 02:20:00.000 UTC,0x00000000000000000000000000000000000000000000000000000000000fc504000000000000000000000000000000000000000000a8cff7796e7836466a15b80000000000000000000000000000000000000000000000024baf4ec4e8955977,0x000000000000000000000000bc540ed3695a2b49e822afa4216554c5bd742708,0x1ce4d449eec48c2838c31b6b5e6af44fbafb0d94d7d1c9f5f1b01356884e5ca2
47941892,2026-08-28 02:27:53.000 UTC,0x00000000000000000000000000000000000000000000000000000000000fc5ee000000000000000000000000000000000000000000a8cff7796e783740f0abe10000000000000000000000000000000000000000000000003a4965bf58a4013e,0x000000000000000000000000cb5566e73bee5390c75df834d4727dcecc65fc87,0xeaeb503378fd32df11ff6ec619e984773624f9895a51dc3257cab0e63ebbbe3f
47942953,2026-08-28 02:29:40.000 UTC,0x00000000000000000000000000000000000000000000000000000000000fc623000000000000000000000000000000000000000000a8cff7796e78364c1287100000000000000000000000000000000000000000000000028d28ea10ba7ad605,0x0000000000000000000000009d07db5c2394d8e3ec59c3eedc9735b2be4fd523,0x3a8daded62b67e27bf76c104fec1abb15cbc543359dbc0c6f192b183685f2be9
47943774,2026-08-28 02:31:03.000 UTC,0x00000000000000000000000000000000000000000000000000000000000fc645000000000000000000000000000000000000000000a8cff7796e7836cb6f7b7b0000000000000000000000000000000000000000000000003a4965bf58a400b0,0x0000000000000000000000009456fc999294832b8c7c0ee94275be4930e01c64,0x24db3f11b0eef27a25c5a9c38a59fe00770d072870a09c2ddbc9c7b301c8caab
47954719,2026-08-28 02:49:26.000 UTC,0x00000000000000000000000000000000000000000000000000000000000fc7cf000000000000000000000000000000000000000000a8cff7796e7836f5a34a290000000000000000000000000000000000000000000000003a4965bf58a400e3,0x0000000000000000000000001d184db1a23fcd64f984808bdc0dcf15d8f6cbd2,0xdc89ad67e8a2bb286aa0d77b3f4f2d7fa35771e73e310bc07098db7e67462171
47976535,2026-08-28 03:26:24.000 UTC,0x00000000000000000000000000000000000000000000000000000000000fcefc000000000000000000000000000000000000000000a8cff7796e7836af4cf1b30000000000000000000000000000000000000000000000003a4965bf58a4008e,0x0000000000000000000000008ea510381d51d46c41d9edeff97164a21bfedede,0x971c11fbccf826719c04e5be1c7bdc1e67e5def528ae6567705da8b7d1a50cd3
47977421,2026-08-28 03:27:54.000 UTC,0x00000000000000000000000000000000000000000000000000000000000fcf62000000000000000000000000000000000000000000a8cff7796e78364984b3f20000000000000000000000000000000000000000000000003a4965bf58a40013,0x00000000000000000000000003a7207fb1da505667e1109c4e34f59c1e7f4bad,0x30457f9a5eaf1a83b2bc52516936c7ea7919ecbba99fd9208c156001543aa480
47982902,2026-08-28 03:37:05.000 UTC,0x00000000000000000000000000000000000000000000000000000000000fd0e5000000000000000000000000000000000000000000a8cff7796e78369d187a6d0000000000000000000000000000000000000000000000003a4965bf58a40078,0x000000000000000000000000e704bd5d545bb153ceb9c27e00331b4aaaeeec56,0x917340c876cf0d0f0d0c5d661a7d1772770debfae44be9a3c199af4206f8b721
48085047,2026-08-28 06:28:48.000 UTC,0x00000000000000000000000000000000000000000000000000000000000fe7b0000000000000000000000000000000000000000000a8cff7796e783685ecf9e50000000000000000000000000000000000000000000000003a4965bf58a4005c,0x000000000000000000000000bccc7ad3051ea3221166ceda4529fe15048aba37,0x0fd3fb7357aba52f8167c8ea46206dd7d4812f0b7753aad509cafc3fbc9ccca1
48088813,2026-08-28 06:35:08.000 UTC,0x00000000000000000000000000000000000000000000000000000000000fe86b000000000000000000000000000000000000000000a8cff7796e78363b736f0e0000000000000000000000000000000000000000000000003a4965bf58a40002,0x000000000000000000000000e299373174b443b7214cfa114853d5362dbc104f,0x10d064a1d08f74f4d272dd3355707340d87668a7b3e64ca130f41ed15e4bcb8d
48104297,2026-08-28 07:01:10.000 UTC,0x00000000000000000000000000000000000000000000000000000000000feac9000000000000000000000000000000000000000000a8cff7796e7836674eeb7c0000000000000000000000000000000000000000000000003a4965bf58a40037,0x0000000000000000000000009fd712d156141ac0e63824c959affc0e6eb813a3,0x1b471d113361995beb161c624312d0ea14810dbc4d0f0ae819f0d06fcac78b39
48111097,2026-08-28 07:12:39.000 UTC,0x00000000000000000000000000000000000000000000000000000000000feba7000000000000000000000000000000000000000000a8cff7796e78363d4e09130000000000000000000000000000000000000000000000024150e3980040002a,0x00000000000000000000000028bff607409535285a5392f0b79516673b6072ac,0xbd0211eeedd0878edec745565e5bb73de7ae40dcc69c3948f3222623553f8ce6
48120278,2026-08-28 07:28:03.000 UTC,0x00000000000000000000000000000000000000000000000000000000000fed3f000000000000000000000000000000000000000000a8cff7796e78363e23e9670000000000000000000000000000000000000000000000024150e39800400034,0x00000000000000000000000059ff0a308dd0b71b143a5b95a21207ff541a0bd0,0xd37d67e76480af2dd773b1d3069c1675685656e336aa56252b5ad18919ca3e9a
48177536,2026-08-28 09:04:14.000 UTC,0x00000000000000000000000000000000000000000000000000000000000ffd92000000000000000000000000000000000000000000a8cff7796e783661840b5a0000000000000000000000000000000000000000000000003a4965bf58a40030,0x000000000000000000000000b48d34dd8b53324cb8525461c8e548522db885ec,0x961a32c768eec214b2ae00b42a7dbe9e6ea88363edd8539d4fd6e4154afe0b23
48208192,2026-08-28 09:55:45.000 UTC,0x000000000000000000000000000000000000000000000000000000000010022f000000000000000000000000000000000000000000a8cff7796e783663ff8ffb0000000000000000000000000000000000000000000000003a4965bf58a40033,0x000000000000000000000000d5ae5b7eff73f295a999febc96ffeca5e1834d7d,0x025c7fbb0215a81d40c5d2679acd0e6f0e9b1b9625d4100a1c37c731dae3f606
48248288,2026-08-28 11:03:07.000 UTC,0x0000000000000000000000000000000000000000000000000000000000100d69000000000000000000000000000000000000000000a8cff7796e78363ec2ca8f0000000000000000000000000000000000000000000000003a4965bf58a40006,0x0000000000000000000000006ebebfbf4586ecedcb3a97306df2f196c28e9dd5,0x6aedfbd043c8f06dea2fb6aadffe665d76798385fedb8a9731611e7cd1be46f5
48290208,2026-08-28 12:13:30.000 UTC,0x0000000000000000000000000000000000000000000000000000000000101623000000000000000000000000000000000000000000a8cff7796e7836c2553fd90000000000000000000000000000000000000000000000003a4965bf58a400a5,0x000000000000000000000000d5f1dd001bd473be32c6cfa6260a9c438d397011,0xc91d285891897a14ddb33a2ab76a37d971c646107b9bb0a07cd26192b171992e
48300332,2026-08-28 12:30:29.000 UTC,0x0000000000000000000000000000000000000000000000000000000000101779000000000000000000000000000000000000000000a8cff7796e7836b443faf40000000000000000000000000000000000000000000000003a4965bf58a40094,0x000000000000000000000000d8ed36fd63d1879e4c8019ad7441d1d95cd1c3c1,0xd97c4f6dddd5cc7799fafa58849897e0f0e889d06ca0ead8006875bdcf0e0eb5
48302755,2026-08-28 12:34:32.000 UTC,0x00000000000000000000000000000000000000000000000000000000001017fb000000000000000000000000000000000000000000a8cff7796e78365d60d8f90000000000000000000000000000000000000000000000003a4965bf58a4002b,0x00000000000000000000000027701719d7e7cb1573aad8034b1a39117be60dc0,0x1b90ad05f8d5342b6e89c0a77532246a94a83304bf79c93d8b7c9803fcb37b36
48312098,2026-08-28 12:50:15.000 UTC,0x00000000000000000000000000000000000000000000000000000000001019da000000000000000000000000000000000000000000a8cff7796e78364066ea02000000000000000000000000000000000000000000000001970a205989f83fe7,0x000000000000000000000000ae3ea7cc7e2f2d604f5686e49195f78dc846d6fe,0x74f2c1426ca22ad533fa1e5e3480c4dafefecf030e78277b5a178d23cfd53a6d
48316764,2026-08-28 12:58:08.000 UTC,0x0000000000000000000000000000000000000000000000000000000000101ade000000000000000000000000000000000000000000a8cff7796e78364e3075130000000000000000000000000000000000000000000000014fd7abc86c74008e,0x000000000000000000000000fa8184e38968f7520863abd2a76aa31991fb115d,0x601102f8918a4767ba9c880bb514c23bd8f91b7672c44ab7dfd31091d25119b2
48323850,2026-08-28 13:10:03.000 UTC,0x0000000000000000000000000000000000000000000000000000000000101c29000000000000000000000000000000000000000000a8cff7796e78363f4895a3000000000000000000000000000000000000000000000003e9f9ed77cf340072,0x000000000000000000000000a80ea539a8521a7ba12dd374798159f81a67e5de,0xd1b020606f15dbd32923241629d1ce0ad243af14643554957562ce210ef8af89
48330613,2026-08-28 13:21:26.000 UTC,0x0000000000000000000000000000000000000000000000000000000000101db3000000000000000000000000000000000000000000a8cff7796e7836429174bc0000000000000000000000000000000000000000000000024150e39800400069,0x0000000000000000000000006f447c1e9ff46913b53e3638ba8bbdecc247b738,0xd43aae115a86b9c1e85870fc152e084d80d769b50c42ded0dbad67819e37af0a
48330769,2026-08-28 13:21:42.000 UTC,0x0000000000000000000000000000000000000000000000000000000000101dc5000000000000000000000000000000000000000000a8cff7796e7836409027260000000000000000000000000000000000000000000000024150e39800400051,0x00000000000000000000000070f3a6a1ecddefe558e2e5adb35b09c69bdc03fb,0xa2aa74b40111f7ad9276fa39bb5e38d02c4d057f22ed05b1a071729e3bf51fed
48335281,2026-08-28 13:29:19.000 UTC,0x0000000000000000000000000000000000000000000000000000000000101ea4000000000000000000000000000000000000000000a8cff7796e7836e939b3050000000000000000000000000000000000000000000000003a4965bf58a400d4,0x000000000000000000000000e1017651f047a13dcf3b196e38665e5450c6294d,0x504d8badf24281300e8bc0d00573019799cda1210131ba55a8d1b776bfb90eac
48340363,2026-08-28 13:37:54.000 UTC,0x000000000000000000000000000000000000000000000000000000000010208f000000000000000000000000000000000000000000a8cff7796e783673b882a00000000000000000000000000000000000000000000000003a4965bf58a40046,0x000000000000000000000000eb6b562cc9c5e2424cc379ef03b859a11418dc72,0xf94b60258fa119c7bda2745033e120fcd889f622251d1c7ad17a69c7a195aec6
48347347,2026-08-28 13:49:38.000 UTC,0x0000000000000000000000000000000000000000000000000000000000102329000000000000000000000000000000000000000000a8cff7796e7836511277440000000000000000000000000000000000000000000000009744943fd3c20049,0x000000000000000000000000640d9f39b3a4f91150bb7af38fec700affe98f0c,0xc5de74b471d37a6cc85cb87ecdbf537c7842993fcbc70abc1b012fde7790b825
48349008,2026-08-28 13:52:27.000 UTC,0x00000000000000000000000000000000000000000000000000000000001023d7000000000000000000000000000000000000000000a8cff7796e78364edbbf12000000000000000000000000000000000000000000000001970a205989f84061,0x00000000000000000000000036ffc5bbf635bf7ea290cd52d1d948c1461a43eb,0x0ba2e5a436bc9c74c72a6238e1ac1626b6effcf08d2ef9c4cd9c7f0695846b92
48352222,2026-08-28 13:57:52.000 UTC,0x00000000000000000000000000000000000000000000000000000000001024b9000000000000000000000000000000000000000000a8cff7796e78363bb7aba70000000000000000000000000000000000000000000000024150e39800400017,0x0000000000000000000000009c1cba48d144807b97394cbd5afeeb660be010de,0xf4a5afb14df985aa26252e836971eab1a422ee766347e4671cd15df862c219d7
48354842,2026-08-28 14:02:18.000 UTC,0x00000000000000000000000000000000000000000000000000000000001025a5000000000000000000000000000000000000000000a8cff7796e7836802219c40000000000000000000000000000000000000000000000003a4965bf58a40055,0x000000000000000000000000ce845443428867d271929bd739148b85524b536a,0xce7d22efa13fc650f226ae2525ae4b8bd658dbad007777147aafd3fc5e8f783f
48358221,2026-08-28 14:08:01.000 UTC,0x0000000000000000000000000000000000000000000000000000000000102673000000000000000000000000000000000000000000a8cff7796e78363f96a16f0000000000000000000000000000000000000000000000003a4965bf58a40007,0x000000000000000000000000ac25e76e280c826977d71857a28fb244295bc8f5,0x152b4ebf6e72b9d11411aa1d2212a77e21a2757441bf9f90c8d6d698505f4810
48361075,2026-08-28 14:12:50.000 UTC,0x0000000000000000000000000000000000000000000000000000000000102746000000000000000000000000000000000000000000a8cff7796e78364e7bbd340000000000000000000000000000000000000000000000003a4965bf58a40019,0x00000000000000000000000047d71de3f265c68e08cb26f28f05664f272af840,0xb8b1409334f9b9a750322d51a238adf826258258fb165a5c36096b642a4d0b63
48367941,2026-08-28 14:24:25.000 UTC,0x00000000000000000000000000000000000000000000000000000000001028f6000000000000000000000000000000000000000000a8cff7796e78364a2b05e80000000000000000000000000000000000000000000000014fd7abc86c740072,0x000000000000000000000000f36995443bcf4af19c432e004d15c3909465d8f1,0xfd29520b902c70fa1f4b06855644c3ebefe5eaa640a3848ea5ca741fe40816c9
48372346,2026-08-28 14:31:48.000 UTC,0x00000000000000000000000000000000000000000000000000000000001029cf000000000000000000000000000000000000000000a8cff7796e783643cf279500000000000000000000000000000000000000000000000171b0c39ea3dc2c21,0x00000000000000000000000046926405f01ced2398966c6969dceee330ba4ec4,0x9ba598a459ec965ccceb08eddd66b5350cd730d66233bcf8ca4981147bbdd7b8
48399218,2026-08-28 15:17:15.000 UTC,0x000000000000000000000000000000000000000000000000000000000010337b000000000000000000000000000000000000000000a8cff7796e7836dba0eef2000000000000000000000000000000000000000000000031b82eb30fbbda4be1,0x000000000000000000000000060572f0b470c1e973421fa892bed33ab0a55ea7,0x00d7c9f095939077bd65a87a9c4ae2da77bdaa583493cb2eab18282fb5edb769
48402087,2026-08-28 15:22:04.000 UTC,0x0000000000000000000000000000000000000000000000000000000000103531000000000000000000000000000000000000000000a8cff7796e7836dbff0819000000000000000000000000000000000000000000000031b82eb30fbbda4c42,0x000000000000000000000000c0bcebc5decbee6f7b379e02d191de1183c58fa3,0xbb5da679f48a820b49b6e4deef76a1480229e533ccd35d40d189794bfc84122f
48407419,2026-08-28 15:31:07.000 UTC,0x00000000000000000000000000000000000000000000000000000000001037fe000000000000000000000000000000000000000000a8cff7796e78365795f8d70000000000000000000000000000000000000000000000003a4965bf58a40024,0x00000000000000000000000078dc008e07d5e29514e589764866f8dcbe6bf60b,0x9bad2fcccea8c92c0da292896249f2408fc237f1bc46ac7a2abd4b76106895a5
48411731,2026-08-28 15:38:21.000 UTC,0x0000000000000000000000000000000000000000000000000000000000103a87000000000000000000000000000000000000000000a8cff7796e783715152f730000000000000000000000000000000000000000000000003a4965bf58a40109,0x00000000000000000000000037fdb730b029c0eef2b8044320f0f52e145261bb,0xa0ffcca9e140bae9900464a31538d88055374ebb68df79dc61f122a6ac3bd874
48418524,2026-08-28 15:49:52.000 UTC,0x0000000000000000000000000000000000000000000000000000000000103fc6000000000000000000000000000000000000000000a8cff7796e783663ff8ffb0000000000000000000000000000000000000000000000003a4965bf58a40033,0x00000000000000000000000027b9060445ec544e802b1906c74ab69d8a54cb6d,0x0115abaa7d28e9edde3ed9b83ce9e04bc97719516fefb7f155ebacd56e0acebf
48420389,2026-08-28 15:53:01.000 UTC,0x00000000000000000000000000000000000000000000000000000000001040fd000000000000000000000000000000000000000000a8cff7796e78364fe9a4b70000000000000000000000000000000000000000000000014fd7abc86c74009a,0x000000000000000000000000207ce752bb8b49375450c01beb468844857bb1ac,0xa64ac88dffc5ac748154547d24a8c49785d2478eee003482c24210c66119d285
48427308,2026-08-28 16:04:42.000 UTC,0x00000000000000000000000000000000000000000000000000000000001044ee000000000000000000000000000000000000000000a8cff7796e7836438fcf470000000000000000000000000000000000000000000000014fd7abc86c740044,0x0000000000000000000000008fc22b7b9172f6c9bec45cddc6037f17b60713ec,0x1a9d27c3265de57e441e58ae45b35603e58eb586be73c6901d6a7804ef338856
48427301,2026-08-28 16:04:42.000 UTC,0x00000000000000000000000000000000000000000000000000000000001044ec000000000000000000000000000000000000000000a8cff7796e78363af1e1100000000000000000000000000000000000000000000000014fd7abc86c740008,0x000000000000000000000000d9175fea45c6a5a8a87671fac2227bea5075ae09,0xee658172b0a4ce4673fbff8348ec27d1dbb47f35f1b445e8d887406a2c67759b
48428086,2026-08-28 16:06:02.000 UTC,0x0000000000000000000000000000000000000000000000000000000000104580000000000000000000000000000000000000000000a8cff7796e7836e4efebb8000000000000000000000000000000000000000000000000df22cd5cb331f1e1,0x0000000000000000000000006d0eae9ab25222ff9a15798f6afe237d26cd7a1b,0x4268e21905ed599404d81fed5a6ad037bd803374356b47e076d6a8163cab0455
48429703,2026-08-28 16:08:49.000 UTC,0x00000000000000000000000000000000000000000000000000000000001046a9000000000000000000000000000000000000000000a8cff7796e7836400fd3c10000000000000000000000000000000000000000000000024150e3980040004b,0x000000000000000000000000390c44dc21db35a0d94eca67028d5a6d2d96a881,0x624d459dc0519272317489e9226c2c0bee25f710a24e6b89d9c049e10bc61591
48430990,2026-08-28 16:10:58.000 UTC,0x0000000000000000000000000000000000000000000000000000000000104760000000000000000000000000000000000000000000a8cff7796e78364c0038930000000000000000000000000000000000000000000000003a4965bf58a40016,0x0000000000000000000000005c9a6a0353f1edc67b22f2cdcfe9294f5a889b60,0xafa16c4e2b1acfc81d815ee9daf1cfa37882b092f75bbdd7383863b94fb67730
48432159,2026-08-28 16:12:57.000 UTC,0x00000000000000000000000000000000000000000000000000000000001047ec000000000000000000000000000000000000000000a8cff7796e78366257e23a0000000000000000000000000000000000000000000000003a4965bf58a40031,0x0000000000000000000000003cde30ccb74f2319a4009867d7412629bba94b39,0xd06102626ba36b6fdf715aaee51d05e311fe9879e2c57152dd33291cef44dcae
48433326,2026-08-28 16:14:55.000 UTC,0x0000000000000000000000000000000000000000000000000000000000104853000000000000000000000000000000000000000000a8cff7796e783655d7952b000000000000000000000000000000000000000000000000df22cd5cb331ef4b,0x0000000000000000000000006326c17342148c224249a4ba233ae2b1eaab4aa0,0x8fc40becf3c8a65e7e3f2b575d4904972da22afa9f5f4fb0c364f7971089397c
48436820,2026-08-28 16:20:49.000 UTC,0x000000000000000000000000000000000000000000000000000000000010496a000000000000000000000000000000000000000000a8cff7796e78363ec2ca8f0000000000000000000000000000000000000000000000003a4965bf58a40006,0x000000000000000000000000248564ef99b111e91f984ad72658ec6f21098d9b,0xdd7cb23d6009112e240811452d804a55ad22fe0a61584579347c0842c409f31c
48443250,2026-08-28 16:31:40.000 UTC,0x0000000000000000000000000000000000000000000000000000000000104af9000000000000000000000000000000000000000000a8cff7796e78363a534f0e000000000000000000000000000000000000000000000003e9f9ed77cf34000b,0x00000000000000000000000028acb52e46d410d5093edb9dcfaf2434ac24aa9d,0xc07ce90e4f82dbc7d14fe3929f2c5545311fd849ceadbfe9e80981b0697b5f0c
48452765,2026-08-28 16:47:41.000 UTC,0x0000000000000000000000000000000000000000000000000000000000104d50000000000000000000000000000000000000000000a8cff7796e7836c74c491a0000000000000000000000000000000000000000000000003a4965bf58a400ab,0x000000000000000000000000a8f2f9b2285114b4ac2014dae550e9d0818bdef9,0x447043fc91f2ecfff84e6783a531d53c73f55ec9803710b418ed97d59d072d9b
48453026,2026-08-28 16:48:07.000 UTC,0x0000000000000000000000000000000000000000000000000000000000104d62000000000000000000000000000000000000000000a8cff7796e783663e469d9000000000000000000000000000000000000000000000000df22cd5cb331ef8c,0x000000000000000000000000eb462a9215e3fabba3d06062f9b5e9fbf53d5207,0x381f0c82b85bff756b1333f4dea0ae650e2da8c9acb8f9c2711da0e4b8c5ab98
48465210,2026-08-28 17:08:35.000 UTC,0x000000000000000000000000000000000000000000000000000000000010503f000000000000000000000000000000000000000000a8cff7796e78365e34afd90000000000000000000000000000000000000000000000003a4965bf58a4002c,0x00000000000000000000000085311df04fa3b841619edb5d4bf80098ecd594e9,0x39373ce2342b28fdec8f4923c308a2eb389752c9e3a37b8af183f47907bfcaa4
48481427,2026-08-28 17:35:54.000 UTC,0x00000000000000000000000000000000000000000000000000000000001053c7000000000000000000000000000000000000000000a8cff7796e78363faf24150000000000000000000000000000000000000000000000014fd7abc86c740029,0x0000000000000000000000008398d96d0ef3d12cedd5a62f4164dc6be97db628,0x3952f2b9fa1522e3849da6bb5b225fa060bbb99f152fe0f850a864844c999107
48485901,2026-08-28 17:43:27.000 UTC,0x00000000000000000000000000000000000000000000000000000000001054d8000000000000000000000000000000000000000000a8cff7796e7836463558710000000000000000000000000000000000000000000000003a4965bf58a4000f,0x00000000000000000000000027e9d5067596132936427ee311f05b339a50eba6,0xc94ff22f8a96031a2b16d217f3b48f0594013886b58c68c23889b9f237b0bde1
48486548,2026-08-28 17:44:32.000 UTC,0x00000000000000000000000000000000000000000000000000000000001054f5000000000000000000000000000000000000000000a8cff7796e7836ea0d89e50000000000000000000000000000000000000000000000003a4965bf58a400d5,0x000000000000000000000000d83de980db4e1118bf6b14da77b6fc4c15d7d6ba,0x64c3ab4dc5f405a663ce5e8912a248a275df15059456925d938c1d98cf3d8ea8
48486850,2026-08-28 17:45:03.000 UTC,0x0000000000000000000000000000000000000000000000000000000000105510000000000000000000000000000000000000000000a8cff7796e78363cf56f09000000000000000000000000000000000000000000000002d82d47811bcf0fcf,0x000000000000000000000000e45cdddf1ac5715f7e596912e184af0ec93a0fce,0x65ae4d762991ee4b0d6204a48376492584942e728f965a49e2cc32bb88869aba
48491497,2026-08-28 17:52:51.000 UTC,0x0000000000000000000000000000000000000000000000000000000000105695000000000000000000000000000000000000000000a8cff7796e78363deef3af0000000000000000000000000000000000000000000000003a4965bf58a40005,0x000000000000000000000000c038379b15649686a9292cd6560a580908581209,0x3a99ff3300174e4520553060307cf3c22647f9303a4bef2e52e81015c5775faf
48507251,2026-08-28 18:19:21.000 UTC,0x0000000000000000000000000000000000000000000000000000000000105a2a000000000000000000000000000000000000000000a8cff7796e78363c4745ee0000000000000000000000000000000000000000000000003a4965bf58a40003,0x000000000000000000000000835262f61032d30ca4213774d72ef3343c58764a,0x2dcf4387c06439766cf76a2c6fb1e98c5bf4c9531e4470897a812db43faf5c7d
48514297,2026-08-28 18:31:12.000 UTC,0x0000000000000000000000000000000000000000000000000000000000105c09000000000000000000000000000000000000000000a8cff7796e78363f9bb2d4000000000000000000000000000000000000000000000002d82d47811bcf0ff7,0x00000000000000000000000014c09f6cd952c73dd0df474ee886a7aa04692c42,0xe0c05449f33ec4178aae2fd237c88ec444747579192b1b10d82a0cc246de1458
48514407,2026-08-28 18:31:23.000 UTC,0x0000000000000000000000000000000000000000000000000000000000105c19000000000000000000000000000000000000000000a8cff7796e7836e6be2e640000000000000000000000000000000000000000000000003a4965bf58a400d1,0x0000000000000000000000006e47de3ee49e99819df21ff1a3a382ce13fe5ade,0x4fc537de99c6f310dabff0a9749e9de2fd18030284bf6142c0c75ea955325435
48514904,2026-08-28 18:32:14.000 UTC,0x0000000000000000000000000000000000000000000000000000000000105c39000000000000000000000000000000000000000000a8cff7796e7836dc6ca6b7000000000000000000000000000000000000000000000031b82eb30fbbda4cb3,0x000000000000000000000000240e0aec123ac9247bb4068beb491e4ad07a6e37,0xa977ef1678fb33eba4de8f72258376f90b6e87f7d688ef9d3a3c3df63a56ae48
48526239,2026-08-28 18:51:14.000 UTC,0x000000000000000000000000000000000000000000000000000000000010609f000000000000000000000000000000000000000000a8cffb120a264dafe413940000000000000000000000000000000000000000000000000000000000c92f02,0x0000000000000000000000007365bcb248d8d1e6016aaee6b2994ab7ff20949e,0x30c5bb21fd95695b792624dad58618d84f3ef5ae123c5542e5d623c1a539635e
48530011,2026-08-28 18:57:35.000 UTC,0x00000000000000000000000000000000000000000000000000000000001061fb000000000000000000000000000000000000000000a8cfff2564d09353e00ef50000000000000000000000000000000000000000000000000000000000c92f13,0x000000000000000000000000d3e1e6d62d9a640db967621b99fd3aafec662233,0xcffa05f4f24b448c06d1236e81e654176643933c73ee5b87e7d145735962afce
48531059,2026-08-28 18:59:21.000 UTC,0x000000000000000000000000000000000000000000000000000000000010623f000000000000000000000000000000000000000000a8cff7796e783729c52b590000000000000000000000000000000000000000000000003a4965bf58a40122,0x000000000000000000000000202eadc406bf5a228387057c01139a1a2f6e01ff,0x1b1218227d22abe7787cdfae3c7e8b72cdc5b30529098d129f5aed2764fe594a
48531557,2026-08-28 19:00:11.000 UTC,0x000000000000000000000000000000000000000000000000000000000010625a000000000000000000000000000000000000000000a8cff7796e7837fcc834bc0000000000000000000000000000000000000000000000003a4965bf58a40221,0x000000000000000000000000fe54eb048d38d3f2af223139d5e8ee5a275cc292,0x105aaebc9e870016e4a886eab4def6e8e5fd403ea5052a6110f15f6a5e1a195b
48536180,2026-08-28 19:08:00.000 UTC,0x000000000000000000000000000000000000000000000000000000000010640a000000000000000000000000000000000000000000a8cffa59eb0a3d78eb57350000000000000000000000000000000000000000000000000000000000c92eff,0x000000000000000000000000d9530cee35e360245e96612890e6b61cf8a57fd9,0x0bb3baded44af87102b7655ff134ce2eaa49357d327452f69dd050bad39e094c
48539489,2026-08-28 19:13:35.000 UTC,0x00000000000000000000000000000000000000000000000000000000001065ed000000000000000000000000000000000000000000a8d00d87ce0da7496f7e300000000000000000000000000000000000000000000000000000000000c92f4f,0x000000000000000000000000c50e44d48a232243c0e186fb2ee204594346c21c,0x1663cf6538428c8585ce67ab15c362b4470238a291c70bb42a631f347004f931
48541325,2026-08-28 19:16:38.000 UTC,0x000000000000000000000000000000000000000000000000000000000010668a000000000000000000000000000000000000000000a8cff7796e78363b626a8f000000000000000000000000000000000000000000000003e9f9ed77cf340021,0x00000000000000000000000020f24b8d2bcad7cd252fc60ee5f2db27c2f2f261,0x298d0a82b5854e985ddd4e41a92a3e4dec679a50ceb91ed6ec3d2f56545c5309
48544035,2026-08-28 19:21:12.000 UTC,0x000000000000000000000000000000000000000000000000000000000010674d000000000000000000000000000000000000000000a8cff7796e783658f0d82a0000000000000000000000000000000000000000000000015a1eccc8e17ead43,0x0000000000000000000000002ecfdc99a7d20e141a433e61b10550829ce8989c,0xd0b2698d484166bdb696684517d2f69a34367c665fe16a89103ec0577728b4c4
48545794,2026-08-28 19:24:09.000 UTC,0x0000000000000000000000000000000000000000000000000000000000106806000000000000000000000000000000000000000000a8cff7796e7837055c3cce0000000000000000000000000000000000000000000000003a4965bf58a400f6,0x000000000000000000000000c07b15ca2680ab00af24d735553cc54be6767814,0xa13b4e515ee7e7fc045b7b560d93689f21e3f20f754ad2af25939ac84cc59375
48551129,2026-08-28 19:33:08.000 UTC,0x000000000000000000000000000000000000000000000000000000000010697a000000000000000000000000000000000000000000a8cff7796e78368ae403270000000000000000000000000000000000000000000000003a4965bf58a40062,0x0000000000000000000000007b7faa885c237faba733e7006e80149ba9224643,0xa8293e652e1a07da999897d1a3d514efc1c39583daafbadef09c8d6e2bb61601
48553849,2026-08-28 19:37:41.000 UTC,0x0000000000000000000000000000000000000000000000000000000000106a57000000000000000000000000000000000000000000a8cff7796e78363a2f8dcc0000000000000000000000000000000000000000000000024baf4ec4e89558e2,0x000000000000000000000000ac31edfcf377bec5ed8c8853b5acef2f723cbce7,0xf3d40584da5d920d1aa27513cb0e4b96817a019805b562ee3334af1cf840f79b
48555529,2026-08-28 19:40:31.000 UTC,0x0000000000000000000000000000000000000000000000000000000000106ada000000000000000000000000000000000000000000a8cff7796e78363e8ed9910000000000000000000000000000000000000000000000024150e39800400039,0x000000000000000000000000cf3dd32fd08b19dfc496f78aa4e27eb4c36e1778,0xbce6f0a9c0925c1ae454b42497e1af181c29052cc3dd57fdf4ee9685b2abb394
48555736,2026-08-28 19:40:52.000 UTC,0x0000000000000000000000000000000000000000000000000000000000106ae1000000000000000000000000000000000000000000a8cff7796e78363a0beb000000000000000000000000000000000000000000000000024150e39800400003,0x0000000000000000000000003d92dcbdb5b62ad7e5bdc28c649c72f8cb615983,0x1eafd05d0f8111fe4afbf0c9928d659ff21329b6641b68afe8f20130d4a3e563
48556016,2026-08-28 19:41:21.000 UTC,0x0000000000000000000000000000000000000000000000000000000000106af7000000000000000000000000000000000000000000a8cff7796e78363b621eb90000000000000000000000000000000000000000000000024150e39800400013,0x00000000000000000000000058c4c86469abebfb89221cd2694957e9ef964615,0x9fd6d70f2141edbf05de0c233347b18217ce1ff9292cbd5e722e2421ddbc6985
48558670,2026-08-28 19:45:49.000 UTC,0x0000000000000000000000000000000000000000000000000000000000106bee000000000000000000000000000000000000000000a8cff7796e78363e350eaf0000000000000000000000000000000000000000000000024baf4ec4e8955913,0x000000000000000000000000eba896438aac1c2c81bfb99f056f5a94a10bfcbe,0x8a4f198b6824e2bba825b02a15d0c8e94d39d22e99cf798ef0f5a4db96a441d8
48559128,2026-08-28 19:46:35.000 UTC,0x0000000000000000000000000000000000000000000000000000000000106c22000000000000000000000000000000000000000000a8cff7796e78364336af230000000000000000000000000000000000000000000000024baf4ec4e8955950,0x000000000000000000000000b25396c9399d1ef20bbd2c229b45e9a6b71f9d9e,0xf2bac2a04994be010b4d6a7fb13e12536e4e0e67d4d6510fc991d528e4097846
48559289,2026-08-28 19:46:51.000 UTC,0x0000000000000000000000000000000000000000000000000000000000106c29000000000000000000000000000000000000000000a8cff7796e78363e7416940000000000000000000000000000000000000000000000024baf4ec4e8955916,0x0000000000000000000000003c1fd98b50b775820a29baa76c34a0fe4d39f4dc,0xb24411c4fa83ea20183ad46c5f5ca4034540ae123b40a36f08cf1463fd28281e
48569698,2026-08-28 20:04:21.000 UTC,0x0000000000000000000000000000000000000000000000000000000000106ee1000000000000000000000000000000000000000000a8cff7796e783655dadbc70000000000000000000000000000000000000000000000009744943fd3c20058,0x0000000000000000000000001cb1f7a77606bf047a3936b6804d6e39e4e71f5f,0x7d9bff812e974f0e0e21073f577b77f8b288e62d69ab090096c8c01a9acd47cf
48574675,2026-08-28 20:12:44.000 UTC,0x0000000000000000000000000000000000000000000000000000000000106feb000000000000000000000000000000000000000000a8cff7796e7836db64c9c1000000000000000000000000000000000000000000000031b82eb30fbbda4ba3,0x0000000000000000000000005b760513a16e087f0be1b4a97cc5dd7bf880f9e4,0x9399773b445c7ff4d4a6e26a823b5c0d05a24f922373e57f4efbfdd09047f073
48585001,2026-08-28 20:30:08.000 UTC,0x00000000000000000000000000000000000000000000000000000000001073c5000000000000000000000000000000000000000000a8cff7796e78363deef3af0000000000000000000000000000000000000000000000003a4965bf58a40005,0x0000000000000000000000002768076f421c74729bad394ae58d4af76f748e4f,0xf8013258feeb2fb05d54f75420b1d48b16da4200ad5674b3ee7c7e9d52ea9d3d
48585382,2026-08-28 20:30:47.000 UTC,0x00000000000000000000000000000000000000000000000000000000001073d7000000000000000000000000000000000000000000a8cff7796e783647092f520000000000000000000000000000000000000000000000003a4965bf58a40010,0x0000000000000000000000006ef53a0a4cfaee2a18f06d532d182bc36e9709dd,0x01c926e933b09b9b2a30e19f36aaa9d3e066aa064e1ba23714605c3e33582d64
48586883,2026-08-28 20:33:16.000 UTC,0x0000000000000000000000000000000000000000000000000000000000107440000000000000000000000000000000000000000000a8d00b5f71dbb550ccf59c0000000000000000000000000000000000000000000000000000000000c92f46,0x000000000000000000000000a7cea978cc9ee80770105585650d774e42a12337,0x88a9a562a22e093411f3bec688a9a8fa58d3e09d34d5eb696dfaf71d685dec55
48591578,2026-08-28 20:41:10.000 UTC,0x000000000000000000000000000000000000000000000000000000000010755c000000000000000000000000000000000000000000a8cff7796e7836932a67ea0000000000000000000000000000000000000000000000003a4965bf58a4006c,0x000000000000000000000000c46fb5b84a2be703caaefdecc4f7e8fab7c80a36,0x911709aa2fc0fbfb9c7721ebdaab11a9cbfb95d1d9347872b3732c13911b6efc
48593606,2026-08-28 20:44:36.000 UTC,0x00000000000000000000000000000000000000000000000000000000001075f3000000000000000000000000000000000000000000a8cff7796e7836593da6970000000000000000000000000000000000000000000000003a4965bf58a40026,0x000000000000000000000000085e73090720f68f49994944ff3e5e1aa82f46bc,0x395bf1f6b82395a10bebf0a6362da133ba166e1df3922d8945c31c6802ddfe82
48598720,2026-08-28 20:53:10.000 UTC,0x000000000000000000000000000000000000000000000000000000000010772a000000000000000000000000000000000000000000a8cff7796e78369f93ff0e0000000000000000000000000000000000000000000000003a4965bf58a4007b,0x0000000000000000000000003b455b4017cc763fe3bda4a7ed72fb47a379c17d,0x491bd82868ce80cce54e424410b084cf5e87957c540fb7b3c6314d70aa3fa9a2
48604836,2026-08-28 21:03:27.000 UTC,0x000000000000000000000000000000000000000000000000000000000010784d000000000000000000000000000000000000000000a8cff7796e78368f0735880000000000000000000000000000000000000000000000003a4965bf58a40067,0x000000000000000000000000a4f05ce45b8387dd0db985acc03f69c310ded82e,0x3eaf0f9c65a704e02df199282d14ee95639910f7a66e1c3bc1388794675e5b4f
48614958,2026-08-28 21:20:28.000 UTC,0x0000000000000000000000000000000000000000000000000000000000107add000000000000000000000000000000000000000000a8cff7796e7836406a784f0000000000000000000000000000000000000000000000003a4965bf58a40008,0x0000000000000000000000004356857ddd532fb34acbcfaa9d42e9f67f7d6045,0x91026247c99bf3866001cceda6260b0bf396358e9dd860b79a094f6d3c2a3012
48615729,2026-08-28 21:21:46.000 UTC,0x0000000000000000000000000000000000000000000000000000000000107b36000000000000000000000000000000000000000000a8cff7796e78365869cfb70000000000000000000000000000000000000000000000003a4965bf58a40025,0x000000000000000000000000f978c920c4daee349934ffb7a68171859e900ca7,0x5e24b20a22089af2bd5ea3e034362a4fdf9893a3d9b8e67a5f46c3ebd1eb5bab
48619809,2026-08-28 21:28:38.000 UTC,0x0000000000000000000000000000000000000000000000000000000000107c05000000000000000000000000000000000000000000a8cff7796e78363db8f93d0000000000000000000000000000000000000000000000024150e3980040002f,0x000000000000000000000000dae8102ef66cf0814c968bec5d5cedada8721fc0,0xff618a4e9bfffb1bab4305a268bbc1f1fb465fb90ec81875ff827c6353d40d84
48633359,2026-08-28 21:51:24.000 UTC,0x0000000000000000000000000000000000000000000000000000000000108004000000000000000000000000000000000000000000a8cff7796e783643bce1fe0000000000000000000000000000000000000000000000024150e39800400077,0x000000000000000000000000cdf042de8e2b243f7532d6dacfd814e531dfa36a,0x306fc10635fa30e29f0b3477ebcfcb442c47cc81c0fa01eafb1f6fa33c657ece
48633595,2026-08-28 21:51:48.000 UTC,0x000000000000000000000000000000000000000000000000000000000010801b000000000000000000000000000000000000000000a8cff7796e78365ae6fac7000000000000000000000000000000000000000000000000e747c420bac11253,0x00000000000000000000000050d0d0da00ffd195d2d1d2448617ad039855ad2b,0xa77509d5c44ab1965ff0bcf4e6546e9e27436f23d422fce54361a73228e703e8
48634073,2026-08-28 21:52:36.000 UTC,0x0000000000000000000000000000000000000000000000000000000000108032000000000000000000000000000000000000000000a8cff7796e7836406a784f0000000000000000000000000000000000000000000000003a4965bf58a40008,0x00000000000000000000000025f9be0e3fe071a172490002ee65c2c71814cae5,0x542b7259ee125600d6df7f3e8748c53208680d67a3c47d4bb50c441bcafa5bf3
48642173,2026-08-28 22:06:22.000 UTC,0x0000000000000000000000000000000000000000000000000000000000108295000000000000000000000000000000000000000000a8cff7796e7836b8672d550000000000000000000000000000000000000000000000003a4965bf58a40099,0x000000000000000000000000e14dff1b3869dfb53142a2527426d4cab970b23a,0x92fd5d59907c10eca19251ad0b31b499569b24935a522c3edbb9562f27b1e98e
48672696,2026-08-28 22:57:46.000 UTC,0x0000000000000000000000000000000000000000000000000000000000108a1d000000000000000000000000000000000000000000a8cff7796e78365fdc5d990000000000000000000000000000000000000000000000003a4965bf58a4002e,0x00000000000000000000000025de4c66586b90de3541c86e9dfec3cf5c357065,0x4e764d62e2f510f3127e731e9015ad53e2dcd4636a36e3a9a78f4a5d83886868
48681650,2026-08-28 23:12:49.000 UTC,0x0000000000000000000000000000000000000000000000000000000000108c8a000000000000000000000000000000000000000000a8cff7796e7836ab4eac680000000000000000000000000000000000000000000000009744943fd3c20164,0x0000000000000000000000009edf5f2333d2e9557025bfc661171933669335ae,0x4a34da0f208f4e32b239e2948bd4c18cbfda3e506543db45a47924769f1e22be
48683448,2026-08-28 23:15:51.000 UTC,0x0000000000000000000000000000000000000000000000000000000000108d4f000000000000000000000000000000000000000000a8cff7796e78363ec2ca8f0000000000000000000000000000000000000000000000003a4965bf58a40006,0x000000000000000000000000613f1ce0a989dcbbbdea61a45bde96cee2f7ca36,0x1cb850426fcad02835f22a96e7ba2caf9e3cc204dcc2a7da1510423e4f9a471b
48702084,2026-08-28 23:47:12.000 UTC,0x00000000000000000000000000000000000000000000000000000000001094bb000000000000000000000000000000000000000000a8cff7796e78363a2ea5db00000000000000000000000000000000000000000000004447ed1aa6a30ec81e,0x000000000000000000000000402de848c5722361f604974399e2f5e953509aa1,0x3b438d067b11b6aba2bfabe8b33a10860343fb65246cf45e4cb49d46f39207dc
48705086,2026-08-28 23:52:15.000 UTC,0x00000000000000000000000000000000000000000000000000000000001095b2000000000000000000000000000000000000000000a8cff7796e7836667b149c0000000000000000000000000000000000000000000000003a4965bf58a40036,0x000000000000000000000000b99f2342891c9bfef35840f8f9cff53c5417cde9,0x42dcd25f674fd9f5bc8b05d849b33a468fc6be37da5032ff31308690798e0b7a
48711766,2026-08-29 00:03:30.000 UTC,0x0000000000000000000000000000000000000000000000000000000000109738000000000000000000000000000000000000000000a8cff7796e78363b736f0e0000000000000000000000000000000000000000000000003a4965bf58a40002,0x0000000000000000000000002a04969561317ed836ed3ced17dcda1c8abb745d,0x3be207d0d1de41e4ccfe9767f962e46802b8939aebbc4a71d41030b1fa319a3e
48713945,2026-08-29 00:07:09.000 UTC,0x00000000000000000000000000000000000000000000000000000000001097ad000000000000000000000000000000000000000000a8cff7796e78365ae554580000000000000000000000000000000000000000000000003a4965bf58a40028,0x0000000000000000000000004bedacb61bc957781cb233d447755924f5485e81,0x3f36a47694de34fdae065aa391ce8969007d0e822f91a0a9011cac8df03b5b4a
48716143,2026-08-29 00:10:51.000 UTC,0x000000000000000000000000000000000000000000000000000000000010984b000000000000000000000000000000000000000000a8cff7796e783643c26e210000000000000000000000000000000000000000000000015a1eccc8e17eacab,0x000000000000000000000000cacb0e9caccee63ec4d82952e561a291c68bcb68,0x295b22b3cca3b44000a700f4a8b32fb62a9cb62a3f9fda7d5b53663310601c1c
48721215,2026-08-29 00:19:23.000 UTC,0x0000000000000000000000000000000000000000000000000000000000109aa5000000000000000000000000000000000000000000a8cff7796e78367707de210000000000000000000000000000000000000000000000003a4965bf58a4004a,0x0000000000000000000000003d0ef79957d2f7114a7c5fc0ca9f13f19c342764,0x4ccbb74284d6ebd291acbab71e70586ace2a37def2111a391d4a520c0475f50a
48735882,2026-08-29 00:44:03.000 UTC,0x0000000000000000000000000000000000000000000000000000000000109eaf000000000000000000000000000000000000000000a8cff7796e78365a117d780000000000000000000000000000000000000000000000003a4965bf58a40027,0x0000000000000000000000002fb3525ae925ed4185360184b5727e4e5a77aebc,0x9d2b17f525b77e226bf2d248b4db92bcce110353cc8a86114cc420b9b38a9c0c
48736667,2026-08-29 00:45:23.000 UTC,0x0000000000000000000000000000000000000000000000000000000000109ed6000000000000000000000000000000000000000000a8cff7796e783658163de20000000000000000000000000000000000000000000000009744943fd3c2005f,0x000000000000000000000000b44c8594c84b237356fc9f83fb40a8e0f2a1126d,0x9765bb4a33fde795b28b80db31477e662ec1b71277692677d5bc5720c1057a39
48738782,2026-08-29 00:48:54.000 UTC,0x0000000000000000000000000000000000000000000000000000000000109f2a000000000000000000000000000000000000000000a8cff7796e783672e4abbf0000000000000000000000000000000000000000000000003a4965bf58a40045,0x0000000000000000000000001c3426560d42936f9183ac3c4ab22c4fb7da7793,0x03026d755a5d05f2055ce2b83b2b17998aee34b3ef6f5dfe22ca8ebfb3ca8646
48742262,2026-08-29 00:54:47.000 UTC,0x0000000000000000000000000000000000000000000000000000000000109fcc000000000000000000000000000000000000000000a8cff7796e7836457e05e00000000000000000000000000000000000000000000000024150e3980040008c,0x000000000000000000000000be8c3f764c8788250129b19210026f4a96f78e5e,0xd54ee372d7084331de4da3db10daa9a05383f95e8a072c769ec3926096be7ffb
48750375,2026-08-29 01:08:23.000 UTC,0x000000000000000000000000000000000000000000000000000000000010a13c000000000000000000000000000000000000000000a8cff7796e7838043ac29f0000000000000000000000000000000000000000000000003a4965bf58a4022a,0x000000000000000000000000faf26f5359bd021193b0296a04adc5549ede8fd3,0x4e55a3b35ca746df56a0862b8a2498395c2a89e3560a79ba466815a1c85e7275
48778172,2026-08-29 01:55:08.000 UTC,0x000000000000000000000000000000000000000000000000000000000010a836000000000000000000000000000000000000000000a8cff7796e78363f1cc73e00000000000000000000000000000000000000000000000171b0c39ea3dc2bfd,0x000000000000000000000000891ee34f64bf257470d3ebc4b0722dee8f49d39b,0x011ee5e3ba50bdfd668dc149fb90d08a619d5fee8b901f6914ad5dd0b159936c
48779232,2026-08-29 01:56:55.000 UTC,0x000000000000000000000000000000000000000000000000000000000010a880000000000000000000000000000000000000000000a8cff7796e78363b0e5c3900000000000000000000000000000000000000000000000455f2d90da62a9961,0x0000000000000000000000005cf335344e245cc0adda5b72e946051017c46f88,0xb41e01b075ce82e75ae4d856e0260de2eaa69a691e73055a717722b12836baff
48780374,2026-08-29 01:58:51.000 UTC,0x000000000000000000000000000000000000000000000000000000000010a8d4000000000000000000000000000000000000000000a8cff7796e7836a632b6100000000000000000000000000000000000000000000000003a4965bf58a40083,0x000000000000000000000000a845ab9de80e00159373f1e94913c8b768c55a12,0x2e3cbc517cde2a4a3563337c60d2e87603b437e7b76ecef7732ab5973362319b
48787377,2026-08-29 02:10:36.000 UTC,0x000000000000000000000000000000000000000000000000000000000010aa75000000000000000000000000000000000000000000a8cff7796e7836682e71990000000000000000000000000000000000000000000000007f60706a2656125c,0x0000000000000000000000003952c1258f9ca30411065698e397ae39617c10d5,0xb270a80e57f528e35e71d165f94565c4ac53acd7de4b953fc9da6bfeec5c941a
48789316,2026-08-29 02:13:52.000 UTC,0x000000000000000000000000000000000000000000000000000000000010aadb000000000000000000000000000000000000000000a8cff7796e7836cd17293c0000000000000000000000000000000000000000000000003a4965bf58a400b2,0x0000000000000000000000000273ff6825c203a6c9b4b3689c25313745253ab8,0xfa6da766e6ce7c9033a8378f6ca61a27c22d072753b8b64343b7887ad40b1861
48809351,2026-08-29 02:47:39.000 UTC,0x000000000000000000000000000000000000000000000000000000000010b075000000000000000000000000000000000000000000a8cff7796e7836ec890e860000000000000000000000000000000000000000000000003a4965bf58a400d8,0x000000000000000000000000d733ff293d0d7f8b1c20bf8840ae58164128e4a3,0xaabc33c3fd36ed42eff6e35be6b34d519628b918340edbbd19157ae855558688
48818704,2026-08-29 03:03:21.000 UTC,0x000000000000000000000000000000000000000000000000000000000010b2d9000000000000000000000000000000000000000000a8cff7796e78365ac09a7f0000000000000000000000000000000000000000000000015a1eccc8e17ead50,0x000000000000000000000000cfa1f53bb4b54d821d8f7ad28df3c9876cec9c3a,0x5ebe312277ecfbbeebba74bdb2c7eb9c8344773eb25cc3e2a14f83ce7423378f
48829099,2026-08-29 03:20:51.000 UTC,0x000000000000000000000000000000000000000000000000000000000010b566000000000000000000000000000000000000000000a8cff7796e783656325d13000000000000000000000000000000000000000000000003e9f9ed77cf34024e,0x0000000000000000000000009b962520304711b97c666abc85166900b7ad627b,0x5484b5486bb909e0c476e9d4d22821881c62afe806963183464cad68d937f4d5
48851826,2026-08-29 03:59:08.000 UTC,0x000000000000000000000000000000000000000000000000000000000010bd2f000000000000000000000000000000000000000000a8cff7796e78364022e9770000000000000000000000000000000000000000000000015a1eccc8e17eac91,0x000000000000000000000000be60e463620ae8bc244a53b4ab970af663d44c06,0x411d09c708dcd3f65b91bba702c8c77a442a589d67f00c28f4d92913b1f2c3f8
48862708,2026-08-29 04:17:26.000 UTC,0x000000000000000000000000000000000000000000000000000000000010c1bb000000000000000000000000000000000000000000a8cff7796e783681c9c7840000000000000000000000000000000000000000000000003a4965bf58a40057,0x00000000000000000000000083744931bd66404bdb7f25493adc1eb5450cb554,0x33eff43ed433114dbc06e04de929f55507a5e6c466fe1a2c940e3ca212d8cb46
48870600,2026-08-29 04:30:45.000 UTC,0x000000000000000000000000000000000000000000000000000000000010c4bb000000000000000000000000000000000000000000a8cff7796e78363b736f0e0000000000000000000000000000000000000000000000003a4965bf58a40002,0x000000000000000000000000e076cbd5344347dacbd0964e3f4dd1e8553004bd,0x2ac6aec63d5f616f84413af860994f59fa8d57c84194708954579f28c2fcf7ed
48873465,2026-08-29 04:35:33.000 UTC,0x000000000000000000000000000000000000000000000000000000000010c6c9000000000000000000000000000000000000000000a8cff7796e7836b020c8930000000000000000000000000000000000000000000000003a4965bf58a4008f,0x0000000000000000000000005648a4a6145f20d58993da03b7acc2df2e6f4198,0xe17e28138262290885c800c50bbdd97d9377673ad93d6656862f60753042a2af
48875213,2026-08-29 04:38:32.000 UTC,0x000000000000000000000000000000000000000000000000000000000010c76e000000000000000000000000000000000000000000a8cff7796e78363deef3af0000000000000000000000000000000000000000000000003a4965bf58a40005,0x0000000000000000000000001ab8efcba2b493f89d8f14e146a949fd920f7960,0x877bf7f7506353319c6f5dd9df535bd7d24aa908ba3d938a4cfdaa26acfb93fa
48882218,2026-08-29 04:50:19.000 UTC,0x000000000000000000000000000000000000000000000000000000000010ca26000000000000000000000000000000000000000000a8cff7796e783649e413900000000000000000000000000000000000000000000000015a1eccc8e17eacd7,0x0000000000000000000000003336cd6fa0e6038f3063d5154381f30a01899242,0x56106863e5273ff0edd892285ff05d70fe83c28cdea387839a6883aac54997bf
48888815,2026-08-29 05:01:24.000 UTC,0x000000000000000000000000000000000000000000000000000000000010cc04000000000000000000000000000000000000000000a8cff7796e78368fdb0c690000000000000000000000000000000000000000000000003a4965bf58a40068,0x0000000000000000000000004c1d893c5223e7fc01b11b5211fc5366da458bc8,0x82c11081c1af238edcba05d01a5d87c0b4cb2c7cd65585491382930e3eb4e31e
48903343,2026-08-29 05:25:52.000 UTC,0x000000000000000000000000000000000000000000000000000000000010cfed000000000000000000000000000000000000000000a8cff7796e78376485c38c0000000000000000000000000000000000000000000000003a4965bf58a40169,0x000000000000000000000000dee52f2ab639b6942b0d0f0565400b93b7a0fbe5,0x13611dc63c346df1bb4552f0fc7c7be300d8d2cebe3515711664cf4d38fee193
48924035,2026-08-29 06:00:47.000 UTC,0x000000000000000000000000000000000000000000000000000000000010d55f000000000000000000000000000000000000000000a8cff7796e7836f74af7e90000000000000000000000000000000000000000000000003a4965bf58a400e5,0x0000000000000000000000000057d5824de503e1f1bc55748edf2a77a9522dd7,0x23ca667bccedaa2d7ba2d4a73035eaa6a04716750fb2be7a5ee9d4dee7b46745
48945494,2026-08-29 06:36:51.000 UTC,0x000000000000000000000000000000000000000000000000000000000010dad1000000000000000000000000000000000000000000a8cff7796e783640141acd00000000000000000000000000000000000000000000000168d28e3f0028002f,0x0000000000000000000000000ff9072a1ead154d92c2d2fef16afba6028ce2b2,0x9c2cc01e0096fa8177d918f6042a988ef7a99372a304ab0f6ed6ea51c52da290
48955760,2026-08-29 06:54:05.000 UTC,0x000000000000000000000000000000000000000000000000000000000010dee7000000000000000000000000000000000000000000a8cff7796e783643bce1fe0000000000000000000000000000000000000000000000024150e39800400077,0x0000000000000000000000009bff94cb78f0d08640a03e9cc97dfa7d7514f119,0x8777931b8b66d44dfc860ed68b102a46b1c835fb8da6e20d24a068d68d459e9d
48983449,2026-08-29 07:40:42.000 UTC,0x000000000000000000000000000000000000000000000000000000000010e551000000000000000000000000000000000000000000a8cff7796e7837478f62e30000000000000000000000000000000000000000000000003a4965bf58a40146,0x000000000000000000000000f054f28446042d85af287371be2e0eceee98179a,0xdb861c032b6330301c620aa6e7eec7e7f0437e208979fa1915c56b405190b234
48998606,2026-08-29 08:06:11.000 UTC,0x000000000000000000000000000000000000000000000000000000000010e98a000000000000000000000000000000000000000000a8cff7796e78364a748dd90000000000000000000000000000000000000000000000014fd7abc86c740074,0x0000000000000000000000002c307aabc861a2107b5a8f287e8f08ba41a54375,0x3e85936c47bc9ed44a6e475f8fa73173a1e5e2ad2ff3b373518af0672b2cfcd0
49011901,2026-08-29 08:28:33.000 UTC,0x000000000000000000000000000000000000000000000000000000000010ed28000000000000000000000000000000000000000000a8cff7796e783771c331900000000000000000000000000000000000000000000000003a4965bf58a40179,0x000000000000000000000000b38a563309ebc7496c072b257b0b350cbd75c760,0x478908c680ad1477d46558eb18d6216f9f3fe5273fbe243a276c1b7bd0d0be3c
49028740,2026-08-29 08:56:52.000 UTC,0x000000000000000000000000000000000000000000000000000000000010f27a000000000000000000000000000000000000000000a8cff7796e78363f5ca748000000000000000000000000000000000000000000000000df22cd5cb331eee3,0x000000000000000000000000352f851bf2e6af31d81a40df23aebf1b8bc7628b,0x34bbfabb421e0eddd7317eb075241fa4bed007d33877eb174dc7c847c1647a03
49028746,2026-08-29 08:56:53.000 UTC,0x000000000000000000000000000000000000000000000000000000000010f27b000000000000000000000000000000000000000000a8cff7796e7836429ab0fa000000000000000000000000000000000000000000000000df22cd5cb331eef2,0x00000000000000000000000052fde070bbf99e54fc893becdf5098f8e6376b4b,0xea6b8cfe9265e1acbfd9efbd7ec196ee7d75008717f7a4c67edba31250c1123d
49034465,2026-08-29 09:06:31.000 UTC,0x000000000000000000000000000000000000000000000000000000000010f3ee000000000000000000000000000000000000000000a8cff7796e78363ef9c9ba0000000000000000000000000000000000000000000000024150e3980040003e,0x0000000000000000000000001f8ec2fb771b55ea71766b0ee77b96813680a396,0x453c23437e5dcd01794a6d18ee13ba4c765bfbe77b3206c728b5c21ad95a8fcd
49041409,2026-08-29 09:18:11.000 UTC,0x000000000000000000000000000000000000000000000000000000000010f5d2000000000000000000000000000000000000000000a8cff7796e78366c1b2d13000000000000000000000000000000000000000000000000df22cd5cb331efb2,0x000000000000000000000000da6e3afeacb1dca3e0c627c97ca1d6ca7de75f14,0x0ec2cc1b0c9cbfad62c84b88ad7246411bd2a1dc637a568835267d5af5daaf6f
49045341,2026-08-29 09:24:46.000 UTC,0x000000000000000000000000000000000000000000000000000000000010f6c6000000000000000000000000000000000000000000a8cff78788f6c3c53af2b800000000000000000000000000000000000000000000000000000001e2339b0d,0x000000000000000000000000c7af0cbd74651c4dbc85e8ac7b37e916dfbf4173,0xeb31d3fc259d265686ed266b37398fde35d3fa103cc649609aa14817ab66fe02
49051691,2026-08-29 09:35:26.000 UTC,0x000000000000000000000000000000000000000000000000000000000010f882000000000000000000000000000000000000000000a8cff7796e78363ec2ca8f0000000000000000000000000000000000000000000000003a4965bf58a40006,0x0000000000000000000000005317c0d077d2eeb639448939b930d49c4984b63b,0xbdcb18e0bc9b6bf29e620ef9603818e889534af6ef9e35ee01eed05e7efba1f6
49063921,2026-08-29 09:55:59.000 UTC,0x000000000000000000000000000000000000000000000000000000000010fb0f000000000000000000000000000000000000000000a8cff7796e78363af6bdca00000000000000000000000000000000000000000000001400e758f44724007c,0x000000000000000000000000f453e72eb8b0689ebf5e06dbc4e8a81039e72cdd,0x47bd461a1bb24e3f38a3c4554e287bfa006f0a67b93040e2ff04c927e2694c58
49066248,2026-08-29 09:59:54.000 UTC,0x000000000000000000000000000000000000000000000000000000000010fbb4000000000000000000000000000000000000000000a8cff7796e7836b0f49f730000000000000000000000000000000000000000000000003a4965bf58a40090,0x000000000000000000000000b33a20420e19c42d7f122f314d0c5f9cf03caea8,0xddbc7e0def1184f2f629a3d4d52241c0971f2df2a150526777ddce46a5609bc6
49077785,2026-08-29 10:19:18.000 UTC,0x000000000000000000000000000000000000000000000000000000000010fedc000000000000000000000000000000000000000000a8cff7796e78367707de210000000000000000000000000000000000000000000000003a4965bf58a4004a,0x00000000000000000000000096b6a97d4e321586a5b0c27ee3bdfd895b11114c,0xeb072ea9d07950bfe691f0d316d98cd8d7c29b786d647d89002ed8bf3446c3eb
49081553,2026-08-29 10:25:39.000 UTC,0x000000000000000000000000000000000000000000000000000000000011002e000000000000000000000000000000000000000000a8cff7796e7836541cd2c70000000000000000000000000000000000000000000000007f60706a26561227,0x00000000000000000000000054e595a3544e8e08f39835f744e356bda6308184,0x2cdb9b39c129107d6ee18b399471f2ad83836da43694277f2828adb9e6ee22d1
49093016,2026-08-29 10:44:55.000 UTC,0x0000000000000000000000000000000000000000000000000000000000110452000000000000000000000000000000000000000000a8cff7796e78364c82956c0000000000000000000000000000000000000000000000024150e398004000e0,0x00000000000000000000000043ffd16adf3cede980cd4b53f8cd42faaa62908e,0xf7e7751b15870032b90b71a69205c6d35b7c6839e0e692b511e19b337dbb9183
49093918,2026-08-29 10:46:26.000 UTC,0x00000000000000000000000000000000000000000000000000000000001104c3000000000000000000000000000000000000000000a8cff7796e783707d7c16f0000000000000000000000000000000000000000000000003a4965bf58a400f9,0x000000000000000000000000a65c93d8efeabaea079fb0ee4db446d56a3ad916,0xfc392da827e11c150c9e955be2857d4ae7deeb7e9c7690da1ff5509827385193
49103252,2026-08-29 11:02:10.000 UTC,0x00000000000000000000000000000000000000000000000000000000001107d1000000000000000000000000000000000000000000a8cff7796e7836453ddc2e0000000000000000000000000000000000000000000000024150e39800400089,0x000000000000000000000000cac17f2cd682f6986552e303a1cbc5c893c2bf5f,0x15d67c34171b0f0f73a5eeea6d02fc6f9b32dc0ce541429bd5fdb4cfa7763d6d
49107646,2026-08-29 11:09:32.000 UTC,0x0000000000000000000000000000000000000000000000000000000000110953000000000000000000000000000000000000000000a8cff7796e7836427c11800000000000000000000000000000000000000000000000024150e39800400068,0x00000000000000000000000051cdf29134a7fa3c3e5c85a730ac5b7321e5b885,0x7efbed7a1155ac49378c273338aee811fea1963792e37fb9f556f9254ae33060
49111413,2026-08-29 11:15:53.000 UTC,0x0000000000000000000000000000000000000000000000000000000000110aa3000000000000000000000000000000000000000000a8cff7796e783650236af40000000000000000000000000000000000000000000000003a4965bf58a4001b,0x0000000000000000000000000527cd5eaf048724d70477d99dd2b359d72a1228,0x4977d6d7bd33d118d478e8b2bf055f14b0c3868738e815622aee1d83b1d9f7f4
49119492,2026-08-29 11:29:26.000 UTC,0x0000000000000000000000000000000000000000000000000000000000110dc7000000000000000000000000000000000000000000a8cff7796e78363c41332e000000000000000000000000000000000000000000000001970a205989f83fc4,0x000000000000000000000000cf4b1cf16eacd79315c2c12bb39f5f2d6a439048,0x9fa0c7f2677250901a3665eaef2c60d30818870199a3065af6edc5fb2ced662c
49140233,2026-08-29 12:04:22.000 UTC,0x0000000000000000000000000000000000000000000000000000000000111d9e000000000000000000000000000000000000000000a8cff7796e7836529eef950000000000000000000000000000000000000000000000003a4965bf58a4001e,0x000000000000000000000000d2961c8d8e4e7b67298d7965a93dfbc794cb50ff,0xa6bb43669fd94ba6a3c1d32e202aa8af48f307943ef03f67aa77cb71eec664ff
49141045,2026-08-29 12:05:45.000 UTC,0x0000000000000000000000000000000000000000000000000000000000111e65000000000000000000000000000000000000000000a8cff7796e783655ee4b160000000000000000000000000000000000000000000000003a4965bf58a40022,0x000000000000000000000000c47953e609e82d4112c24fae06baa7b470e50028,0x86c471d42ae6ebe9e501606d5fd135ced0e7805ff07b62095a1542c7f444e740
49148464,2026-08-29 12:18:12.000 UTC,0x000000000000000000000000000000000000000000000000000000000011260e000000000000000000000000000000000000000000a8cff7796e783644d2ec040000000000000000000000000000000000000000000000024150e39800400084,0x000000000000000000000000703dd54b609d2f9ad7d432e1227596d136926ad0,0x17c829cc372b3f24a44299c1b3262735f668fd62d5bad1b0585edc62052adb4c
49149422,2026-08-29 12:19:49.000 UTC,0x00000000000000000000000000000000000000000000000000000000001126d0000000000000000000000000000000000000000000a8cff7796e78363a76f2e800000000000000000000000000000000000000000000001400e758f447240047,0x0000000000000000000000001c9e6698b0613dfee5d87092897ceb61b8b96ca9,0x8815b28ae52a55692669dea89d2bc600a54ba5bf7deee4547b9c766e895d4a2f
49161755,2026-08-29 12:40:32.000 UTC,0x0000000000000000000000000000000000000000000000000000000000112f3f000000000000000000000000000000000000000000a8cff7796e78381b6643260000000000000000000000000000000000000000000000003a4965bf58a40246,0x000000000000000000000000ff6b6958577a66c36deeb37041b33a47755986b4,0xd800eea0491bd0cab791effca0a98d02d6bd1f4ad67e40863dc6e8f8deb75725
49162030,2026-08-29 12:41:00.000 UTC,0x0000000000000000000000000000000000000000000000000000000000112f73000000000000000000000000000000000000000000a8cff7796e7836ebb537a60000000000000000000000000000000000000000000000003a4965bf58a400d7,0x000000000000000000000000fd8c1b8e3f8273e912050dcd6ebdccf372033805,0x3e940036aca144dc18b32609b52bffc2fe879ca4f532ee2783e051671a3fb747
49166851,2026-08-29 12:49:08.000 UTC,0x0000000000000000000000000000000000000000000000000000000000113213000000000000000000000000000000000000000000a8cff7796e7836667b149c0000000000000000000000000000000000000000000000003a4965bf58a40036,0x000000000000000000000000654be3adbfebbcd1003917f0e22dba02cf017ebd,0x631675a2f28aa0166a0f6c495234fd5a818d42c363bdb62eaa5a0c0c34254002
49167138,2026-08-29 12:49:37.000 UTC,0x0000000000000000000000000000000000000000000000000000000000113251000000000000000000000000000000000000000000a8cff7796e78364984b3f20000000000000000000000000000000000000000000000003a4965bf58a40013,0x000000000000000000000000030fa758dad53f0d6e23cfd3a8fe7bc7b54e5ac9,0xcead07fbcadebd0bf639b5cf47caccd776eb9a10be6a0cfab2349e2738820a6f
49170246,2026-08-29 12:54:51.000 UTC,0x00000000000000000000000000000000000000000000000000000000001133c9000000000000000000000000000000000000000000a8cff7796e78363b736f0e0000000000000000000000000000000000000000000000003a4965bf58a40002,0x0000000000000000000000000faf37a31cba9052f1d44346943812b52a2c496f,0xa6fad0cd13035b8d87493e252c6dd86eab836ab57ce0b1b153127d78522fdcbe
49177476,2026-08-29 13:07:00.000 UTC,0x0000000000000000000000000000000000000000000000000000000000113695000000000000000000000000000000000000000000a8cff7796e78367b2b10820000000000000000000000000000000000000000000000003a4965bf58a4004f,0x000000000000000000000000d1a10195a2a3c4b25daec68b707e266d4bcc4f0e,0xeb8b9c151622ec471977388344b4a1e3b5a4c8fea72144dbf2fbd30a321b5eb6
49180916,2026-08-29 13:12:47.000 UTC,0x00000000000000000000000000000000000000000000000000000000001137c6000000000000000000000000000000000000000000a8cff7796e7836699fae6e0000000000000000000000000000000000000000000000009744943fd3c20096,0x000000000000000000000000e4fac26d6cbd68d237f66ae254ea09a49e162d3d,0x9f8655efa448f0f6fe48f908b80f8435755b55bc1e668cb32e1da356013232df
49189830,2026-08-29 13:27:50.000 UTC,0x0000000000000000000000000000000000000000000000000000000000113cc1000000000000000000000000000000000000000000a8cff7796e78363b736f0e0000000000000000000000000000000000000000000000003a4965bf58a40002,0x0000000000000000000000002809463ae3cf754c05ab585fc3e9df8cd4c70e5a,0xe4c688042e6c05591a807aeff13ac26a04c88114de9811e70f6c9f246c3ed606
49191495,2026-08-29 13:30:35.000 UTC,0x0000000000000000000000000000000000000000000000000000000000113d99000000000000000000000000000000000000000000a8cff7796e783690aee3490000000000000000000000000000000000000000000000003a4965bf58a40069,0x00000000000000000000000063a7c4eb1653678fa274a8a1333cc2af2a631f5a,0x7247c0bb147f764b17dacdd43f572cebe1d27aa08a86f715089a922b1655ba51
49194106,2026-08-29 13:35:01.000 UTC,0x0000000000000000000000000000000000000000000000000000000000113fc1000000000000000000000000000000000000000000a8cff7796e78364984b3f20000000000000000000000000000000000000000000000003a4965bf58a40013,0x000000000000000000000000f6236b7f7b06d87cd130283eb1c811aa23a938e2,0xd22ca7d824933d18472660085b7e3552f9a5a6a585c421bc9d5e49ae67405a86
49195941,2026-08-29 13:38:05.000 UTC,0x0000000000000000000000000000000000000000000000000000000000114144000000000000000000000000000000000000000000a8cff7796e78363b8b3118000000000000000000000000000000000000000000000001970a205989f83fbe,0x000000000000000000000000b18dbefc5ed5f4ee1bf3de251977fb7240130144,0xbd1465e98f7f0221bfdef5b09b844f850504deb0cc8ce7a486e1efb29c23966c
49196126,2026-08-29 13:38:24.000 UTC,0x000000000000000000000000000000000000000000000000000000000011417f000000000000000000000000000000000000000000a8cff7796e7836ada543f20000000000000000000000000000000000000000000000003a4965bf58a4008c,0x0000000000000000000000007b0f3a2955229c4c1c2131c3066a953575950704,0x1e4166d7e4e36b18a9ece7a27cc58663435e5f720e7559e898878066d0228322
49197418,2026-08-29 13:40:35.000 UTC,0x000000000000000000000000000000000000000000000000000000000011428b000000000000000000000000000000000000000000a8cff7796e783686c0d0c60000000000000000000000000000000000000000000000003a4965bf58a4005d,0x0000000000000000000000007f234be78884b49df78ee19c8f483ac363ee03ea,0x73b6090328c44515cffc281a3771d6440b4bd3026a9fc7aa4377b1fdd7664792
49202414,2026-08-29 13:49:00.000 UTC,0x00000000000000000000000000000000000000000000000000000000001147f8000000000000000000000000000000000000000000a8cff7796e78363a4c14b30000000000000000000000000000000000000000000000024150e39800400006,0x00000000000000000000000060999f7220ed4c4ecac19c31302648042a4f4956,0x2807615231eab85599dd7877fee0837f556dbe6de7a79c57f8e887a2ea9bf877
49202582,2026-08-29 13:49:18.000 UTC,0x000000000000000000000000000000000000000000000000000000000011481d000000000000000000000000000000000000000000a8cff7796e78363b736f0e0000000000000000000000000000000000000000000000003a4965bf58a40002,0x000000000000000000000000b52afe07dcaf75f0d82cf6fa68510982b0f88d95,0x49c1d4e1c3a2447c3cc245a1cf1e8530be2b8751daca3bc0544b6a49a111b1ca
49202723,2026-08-29 13:49:32.000 UTC,0x0000000000000000000000000000000000000000000000000000000000114830000000000000000000000000000000000000000000a8cff7796e7837055c3cce0000000000000000000000000000000000000000000000003a4965bf58a400f6,0x0000000000000000000000005ffd31094d3bddcdb61904bb769a9dce53e536ea,0xe5c85fdb5c7ebb7b8a1c06370488644c06db72b0bb4a39a0edaceb6bb0fbe807
49202977,2026-08-29 13:49:55.000 UTC,0x0000000000000000000000000000000000000000000000000000000000114852000000000000000000000000000000000000000000a8cff7796e7836802219c40000000000000000000000000000000000000000000000003a4965bf58a40055,0x0000000000000000000000006b44a7374dd829d983f0c149efc3eb0ceb7a67f8,0xe420b99dfa2e235becc5ed0f5c41ae89f71e49236d42b30af740ac523d0e1c46
49205017,2026-08-29 13:53:24.000 UTC,0x0000000000000000000000000000000000000000000000000000000000114a1e000000000000000000000000000000000000000000a8cff7796e78363f92923e000000000000000000000000000000000000000000000001970a205989f83fe0,0x000000000000000000000000bb6ee7aa6d56266ccef3b1c0706bccce2f9a0cdd,0x1db50ab04da4fb79dde7e69d2d3f5a11f4571b2bed55be7c28c4c69fb5536dd0
49205657,2026-08-29 13:54:28.000 UTC,0x0000000000000000000000000000000000000000000000000000000000114a69000000000000000000000000000000000000000000a8cff7796e78363bc50032000000000000000000000000000000000000000000000003e9f9ed77cf340029,0x0000000000000000000000008f16d90fb2568363adc02762161c56cc2d0e2887,0x6cad55968c22a1c0c87f0227306d694128ddb2b3f246b73b6b6533d4fa88170a
49207940,2026-08-29 13:58:17.000 UTC,0x0000000000000000000000000000000000000000000000000000000000114cbd000000000000000000000000000000000000000000a8cff7796e783663ff8ffb0000000000000000000000000000000000000000000000003a4965bf58a40033,0x000000000000000000000000311f094b8e61a52c0566f6e40becf14ec7a2b8e0,0x9e5c2c99dfde9813d8a4081f1caee37a72cfee9b08ecca5c2f36ab044c9794b2
49208957,2026-08-29 14:00:00.000 UTC,0x0000000000000000000000000000000000000000000000000000000000114dd9000000000000000000000000000000000000000000a8cff7796e7836cebed6fd0000000000000000000000000000000000000000000000003a4965bf58a400b4,0x0000000000000000000000009d183fcbb59e92b2a983a20a8a35130c10f0d42e,0x7efca0a77b412ce7de7cf6c878b9a8417352d7b40735156f9914bdfe3bc1fa16
49210441,2026-08-29 14:02:27.000 UTC,0x0000000000000000000000000000000000000000000000000000000000114f34000000000000000000000000000000000000000000a8cff7796e78369dec514d0000000000000000000000000000000000000000000000003a4965bf58a40079,0x0000000000000000000000009bd6412fc1ec8006c5645596e5fa611fba5a6a03,0x3b2f1ef6b26ed87f3fa69b1599644a228e2a5ab6e86f5b6d290f524fc8eafe96
49214222,2026-08-29 14:08:48.000 UTC,0x00000000000000000000000000000000000000000000000000000000001150dd000000000000000000000000000000000000000000a8cff7796e78363f8f805b0000000000000000000000000000000000000000000000024150e39800400045,0x000000000000000000000000f6e4f7945bba125c36f4f42ae904dd6cc129cf2a,0xe30aa040b4389f5a91be74929681a86da35d23b3479b08830e2f8547ea87e8cd
49217226,2026-08-29 14:13:54.000 UTC,0x00000000000000000000000000000000000000000000000000000000001151f1000000000000000000000000000000000000000000a8cff7796e78369a9cf5cc0000000000000000000000000000000000000000000000003a4965bf58a40075,0x000000000000000000000000323cce212e4d7e58c853ae874fe9259b4ab24b92,0xf874ffbcd0af09439838e149ecc2c90b719daddb5d2f2212640dd73ca0d36c01
49218895,2026-08-29 14:16:40.000 UTC,0x0000000000000000000000000000000000000000000000000000000000115297000000000000000000000000000000000000000000a8cff7796e7836dbfc45010000000000000000000000000000000000000000000000003a4965bf58a400c4,0x000000000000000000000000cb1677be37b6f66ab1930917ceae607e67ac2279,0xaf18dd173e90b62ceda94140f96799c0745395ec6326eb70cd3f39ca82f09ccb
49219777,2026-08-29 14:18:10.000 UTC,0x0000000000000000000000000000000000000000000000000000000000115300000000000000000000000000000000000000000000a8cff7796e7836a067d5ee0000000000000000000000000000000000000000000000003a4965bf58a4007c,0x000000000000000000000000f8c48b2c2af75cb215dfef18c452df3e250f08c2,0x0f747d9974b28d8c878df69e17c1e7246032df0b9445fd0ac318c9f936d7ca87
49224335,2026-08-29 14:25:50.000 UTC,0x00000000000000000000000000000000000000000000000000000000001154b7000000000000000000000000000000000000000000a8cff7796e7836febd85cc0000000000000000000000000000000000000000000000003a4965bf58a400ee,0x000000000000000000000000774f8f44891d6ed3516fe3fa18525c94f8f47b60,0xa7ff548926fd37ea6a0ac14ad9c14381f1e9884280c616ea1d5c801e37b271fd
49229269,2026-08-29 14:34:09.000 UTC,0x0000000000000000000000000000000000000000000000000000000000115742000000000000000000000000000000000000000000a8cff7796e78363b736f0e0000000000000000000000000000000000000000000000003a4965bf58a40002,0x00000000000000000000000063c9f761ead0fb0ab8b80d4832e0d6c4c12f7ff1,0x0705bc3cc30dd15a8c1edaeb83792933ed731938fbb8367d1839a823f2c863d7
49232305,2026-08-29 14:39:17.000 UTC,0x000000000000000000000000000000000000000000000000000000000011585c000000000000000000000000000000000000000000a8cff7796e7836477d8953000000000000000000000000000000000000000000000002d82d47811bcf106e,0x000000000000000000000000b97e82da4bbcb275859dc8a1f0a930701ef5918d,0x6ee6fbd5aefafea145249a3bea23867adb63ff72079a1fd82e5bcdd85e5c6627
49237080,2026-08-29 14:47:18.000 UTC,0x0000000000000000000000000000000000000000000000000000000000115ad0000000000000000000000000000000000000000000a8cff7796e7836518ef15a000000000000000000000000000000000000000000000002d82d47811bcf1106,0x000000000000000000000000c19b982b971642aa6cc5346f5a15cd0ccf4626cc,0x76b6a62d9189e9062f642ac3e8634023d2fa81d466d9a17d9d862115c6ee1dd1
49239531,2026-08-29 14:51:26.000 UTC,0x0000000000000000000000000000000000000000000000000000000000115bcb000000000000000000000000000000000000000000a8cff7796e7836db7d0a4d000000000000000000000000000000000000000000000031b82eb30fbbda4bbc,0x000000000000000000000000aeceda21a8fe3c3a8480743ab05bf906d420a3c1,0xdd2eed7bdcea439c882adad71e391ddf06ef7945fa702a8772352a8ce07a3f74
49241234,2026-08-29 14:54:16.000 UTC,0x0000000000000000000000000000000000000000000000000000000000115cfe000000000000000000000000000000000000000000a8cff7796e78363c4745ee0000000000000000000000000000000000000000000000003a4965bf58a40003,0x00000000000000000000000041b7e5277148b346250a788e4935fb541ef10599,0xb18fbcb635c3ec63df28e63f8a7b2949051dfc4823a1315f3c6d3c287074a443
49244485,2026-08-29 14:59:49.000 UTC,0x0000000000000000000000000000000000000000000000000000000000115e76000000000000000000000000000000000000000000a8cff7796e7836413e4f300000000000000000000000000000000000000000000000003a4965bf58a40009,0x00000000000000000000000055867b37bf9083963d551919e549681782acf192,0x6110ca49d34feadbefdbebf98c14efbb47681a61105351b0c02397c4c613738d
49246883,2026-08-29 15:03:50.000 UTC,0x0000000000000000000000000000000000000000000000000000000000115ff7000000000000000000000000000000000000000000a8cff7796e7837f05e9d980000000000000000000000000000000000000000000000003a4965bf58a40212,0x000000000000000000000000f3734609cab98cb4c23ce7ff6d3f9bf7aeb23ce9,0x00ffb52818875591d91296d423965bcbb61747ed66b9f621736f76ac0fd714a1
49248928,2026-08-29 15:07:17.000 UTC,0x00000000000000000000000000000000000000000000000000000000001160ec000000000000000000000000000000000000000000a8cff7796e7836418904730000000000000000000000000000000000000000000000067ff84dbb4c99fb34,0x000000000000000000000000c93842cfbbc4b9a3dded3389f448f6f3c6c34884,0x1a47d9c12f8be49b7d73042af1bb67133186b51f2d87fbf6e693ca21ac339cd5
49250453,2026-08-29 15:09:52.000 UTC,0x0000000000000000000000000000000000000000000000000000000000116174000000000000000000000000000000000000000000a8cff7796e7836837175450000000000000000000000000000000000000000000000003a4965bf58a40059,0x0000000000000000000000002be0bf7c242231a34f821e7b8d8c2d1bcf8d56dc,0x4b5547861a1f2be728bee3cb905b0773a6382d6758dbff84aaffb36c596cea0c
49254684,2026-08-29 15:17:01.000 UTC,0x0000000000000000000000000000000000000000000000000000000000116395000000000000000000000000000000000000000000a8cff7796e78363f89017a0000000000000000000000000000000000000000000000067ff84dbb4c99faef,0x0000000000000000000000004b23f6c983a7225c12206200f955e0af62cd8fc3,0xa6bd88d4482e0aaef30724ee876afff052ce4bc66ae211be945ba4a4e6370f79
49256990,2026-08-29 15:20:55.000 UTC,0x0000000000000000000000000000000000000000000000000000000000116524000000000000000000000000000000000000000000a8cff7796e783650f741d50000000000000000000000000000000000000000000000003a4965bf58a4001c,0x0000000000000000000000006eb0f9b7c43f0e6984e86934b134944a59bbc3dc,0xaa2aa6df82ce9c154643ac44e9decd7fbc3d6a60c51251eef363cb9dbc380c52
49258397,2026-08-29 15:23:18.000 UTC,0x0000000000000000000000000000000000000000000000000000000000116618000000000000000000000000000000000000000000a8cff781a2309085924a1d00000000000000000000000000000000000000000000000000000001e2339ad2,0x000000000000000000000000cf6c7754d607896dbe5188bf733851d33b57cb30,0x53401e7c50f4c1adb9226a33d7095c9ccb79fe18e3d97fa9239a9d88fa08f5d2
49258694,2026-08-29 15:23:48.000 UTC,0x0000000000000000000000000000000000000000000000000000000000116667000000000000000000000000000000000000000000a8cff7796e7836802219c40000000000000000000000000000000000000000000000003a4965bf58a40055,0x00000000000000000000000009099714fe05cad489c660be8cf60d6a8b14b851,0xd87592e54105a457ccc32d76beec56d9db0c882db62175f3997929887acc015e
49260345,2026-08-29 15:26:35.000 UTC,0x0000000000000000000000000000000000000000000000000000000000116755000000000000000000000000000000000000000000a8cff7796e78363c4745ee0000000000000000000000000000000000000000000000003a4965bf58a40003,0x0000000000000000000000008ac2852cd683ecfd736cc83b4f556e178863ba4b,0x542fe14605b780c103f1b86adf35e1cc1332a4886abe4dc29c585604b9566291
49261694,2026-08-29 15:28:52.000 UTC,0x0000000000000000000000000000000000000000000000000000000000116800000000000000000000000000000000000000000000a8cff7796e78365a519ffd0000000000000000000000000000000000000000000000009744943fd3c20066,0x00000000000000000000000044fc3e8c530a7db9f5b7ed372c7e835c4698c6a5,0x36c83c03133125bd034aaa29071de155f2eee48685396e6c4faded48587d748e
49262023,2026-08-29 15:29:26.000 UTC,0x0000000000000000000000000000000000000000000000000000000000116824000000000000000000000000000000000000000000a8cff7a03dbafb9884519600000000000000000000000000000000000000000000000000000001e2339c04,0x0000000000000000000000006c84a2a53a15b19e82c7f5ca11ec079648a4fe86,0xecf327ab6f3bff9b00b603bab39ba2112a5170fc28344620d7c208b370c5293d
49263288,2026-08-29 15:31:34.000 UTC,0x000000000000000000000000000000000000000000000000000000000011689c000000000000000000000000000000000000000000a8cff7796e78368bb7da070000000000000000000000000000000000000000000000003a4965bf58a40063,0x0000000000000000000000003d6cadbdfe1688f42fe45d1ffd94fb7a92a15627,0x7d30c09c539dae337af7ffce41f054f9dce7acd2e78776fc2e8b7fd917bfad30
49265233,2026-08-29 15:34:50.000 UTC,0x0000000000000000000000000000000000000000000000000000000000116935000000000000000000000000000000000000000000a8cff781bbcbc9ce462c7800000000000000000000000000000000000000000000000000000001e2339ad3,0x000000000000000000000000c014332bc82611259aee06ea773f2999b1272694,0xfc2b9f733818e0739f2c041557af36142665eb548cc97f82767a2600b390cd91
49265300,2026-08-29 15:34:57.000 UTC,0x000000000000000000000000000000000000000000000000000000000011693c000000000000000000000000000000000000000000a8cff7796e78383291c3ad0000000000000000000000000000000000000000000000003a4965bf58a40262,0x00000000000000000000000036bf54d2a70d77dbf54f81f72045141e11ebcd2c,0x409814e5c2e57a5e01404e132b6c427658a60f0a5a3917655cee2bfa40607a2b
49266690,2026-08-29 15:37:23.000 UTC,0x00000000000000000000000000000000000000000000000000000000001169c6000000000000000000000000000000000000000000a8cff7796e783655ee4b160000000000000000000000000000000000000000000000003a4965bf58a40022,0x000000000000000000000000aa5e9acfec9b49ca3b414157d9f11da8d33cc94e,0x81cdec7381a7023895b3d6b037f87edea572caed301153a680ae63c8fc82a22e
49266955,2026-08-29 15:37:50.000 UTC,0x00000000000000000000000000000000000000000000000000000000001169e1000000000000000000000000000000000000000000a8cff77a6e88734b9d800e00000000000000000000000000000000000000000000000000000001e2339a8a,0x000000000000000000000000df8c0ac06f6d2775c883a020cb5ff07b597360b7,0xa4cfaab3e40100ebcdf13f982ac9830bb280f6be83d9de65aad5db8e3610274e
49267503,2026-08-29 15:38:45.000 UTC,0x0000000000000000000000000000000000000000000000000000000000116a06000000000000000000000000000000000000000000a8cff7796e78364de234420000000000000000000000000000000000000000000000009744943fd3c2003f,0x000000000000000000000000d0252fef05a27b812ac253d78e9a70ab616e3544,0x13d70bf6d3dda3881f730d8066d78b57f207e73313bfc87d0e8f61350013c84f
49269346,2026-08-29 15:41:55.000 UTC,0x0000000000000000000000000000000000000000000000000000000000116ac1000000000000000000000000000000000000000000a8cff7796e783693fe3eca0000000000000000000000000000000000000000000000003a4965bf58a4006d,0x0000000000000000000000007434e9483164b6c16f28af91e2d97748783ce46e,0x063f0c2ba5fc44f868e3f2ea6e2ff2106bce394d149e1bd609e277c84482b2d1
49271464,2026-08-29 15:45:30.000 UTC,0x0000000000000000000000000000000000000000000000000000000000116bfb000000000000000000000000000000000000000000a8cff7796e783639f687c40000000000000000000000000000000000000000000000024150e39800400002,0x00000000000000000000000077f585ac5e2bbee08a050edcdd0aae7feb9b20de,0xc4603cd3e7de89fcce685ef62ac5df9895e948f9a5c503e4be2148f2c71699cf
49271627,2026-08-29 15:45:47.000 UTC,0x0000000000000000000000000000000000000000000000000000000000116c16000000000000000000000000000000000000000000a8cff7796e7836d980c0600000000000000000000000000000000000000000000000003a4965bf58a400c1,0x000000000000000000000000b298ece8ea283e056f5d4aa950c8cb53c9cc4c34,0xc5d321f807c7bded26e52b8783abf7a87357b077b027199f9737eae8eb95d3c1
49273318,2026-08-29 15:48:41.000 UTC,0x0000000000000000000000000000000000000000000000000000000000116ce0000000000000000000000000000000000000000000a8cff7796e7836b8672d550000000000000000000000000000000000000000000000003a4965bf58a40099,0x000000000000000000000000dc10ac9dc75a52ba08ba643889d280419fc26f72,0xddc3c3f0467a3594b10648e140cdca0278520e8f14fc6fbb94739cbbe9e59bd1
49276155,2026-08-29 15:53:27.000 UTC,0x0000000000000000000000000000000000000000000000000000000000116e2b000000000000000000000000000000000000000000a8cff7796e7836d55d8dff0000000000000000000000000000000000000000000000003a4965bf58a400bc,0x0000000000000000000000004be59ade3c090de91b37e9ac4f2d564102e7eec4,0xa9fc9a7d4c72d38988867d999669a17635aaed627f343afa1a7a4c468508630f
49276369,2026-08-29 15:53:49.000 UTC,0x0000000000000000000000000000000000000000000000000000000000116e41000000000000000000000000000000000000000000a8cff7796e78364c9bb30d0000000000000000000000000000000000000000000000009744943fd3c2003b,0x00000000000000000000000044256fd96f8e958b70471d30d1c88af8c3da22cf,0xb13850c5b612ab027c1abdba32e1e5dba5301de9c0337e35fc725f37121f7deb
49277098,2026-08-29 15:55:03.000 UTC,0x0000000000000000000000000000000000000000000000000000000000116e70000000000000000000000000000000000000000000a8cff7796e783658163de20000000000000000000000000000000000000000000000009744943fd3c2005f,0x000000000000000000000000e0b609478712181a3d6b0f646bf21f0593e676a1,0xa957838a34dfc101bcc0aa9a51e33d26dee9e2b54293a48512b6df20d49d2f7e
49278392,2026-08-29 15:57:17.000 UTC,0x0000000000000000000000000000000000000000000000000000000000116eaa000000000000000000000000000000000000000000a8cff7796e7836421226100000000000000000000000000000000000000000000000003a4965bf58a4000a,0x000000000000000000000000843dcb098f1cde9a5d01da2b7c18c725d1b0a671,0x7fe02a120002088d643caafe2560efa22a41466c169a1a5974142a799242e2ad
49285577,2026-08-29 16:09:22.000 UTC,0x0000000000000000000000000000000000000000000000000000000000117085000000000000000000000000000000000000000000a8cff7796e783678af8be10000000000000000000000000000000000000000000000003a4965bf58a4004c,0x0000000000000000000000006b5e27b1323095bef9732b3d59a20a9dedac5fc5,0x3c63ef0e6a51cc60e58dc9655542fed38ac977b577b59b66172c9641d28f5674
49287553,2026-08-29 16:12:39.000 UTC,0x0000000000000000000000000000000000000000000000000000000000117145000000000000000000000000000000000000000000a8cff7796e783647707a790000000000000000000000000000000000000000000000014fd7abc86c74005f,0x000000000000000000000000468594b2b41b1387d38dab1768c3ce550f23b06b,0x5cd2f6bd02fe1a8651ffea8eb93985ada82f7967454f0fa366e3ff7af4465531
49290705,2026-08-29 16:17:57.000 UTC,0x0000000000000000000000000000000000000000000000000000000000117219000000000000000000000000000000000000000000a8cff7796e783681c9c7840000000000000000000000000000000000000000000000003a4965bf58a40057,0x000000000000000000000000095e1056519980fb54a60bb72b942461bed6fefa,0x5ddeed2e9294b9e375947e809578497130de9441bf87e25c64f9dc9510f32f86
49291032,2026-08-29 16:18:30.000 UTC,0x0000000000000000000000000000000000000000000000000000000000117236000000000000000000000000000000000000000000a8cff7796e7836bd5e36970000000000000000000000000000000000000000000000003a4965bf58a4009f,0x00000000000000000000000077c60a4199e7416e9559fa2287304ecb15da4a63,0xf27a08723b658071cb4cf6f910e8ceb4a5b2e48f0b9cc2525185b7cc39149b23
49293119,2026-08-29 16:22:01.000 UTC,0x00000000000000000000000000000000000000000000000000000000001172ca000000000000000000000000000000000000000000a8cff7796e7836851923050000000000000000000000000000000000000000000000003a4965bf58a4005b,0x00000000000000000000000032d4e884dbfc3fcece651e6345a98ce1db8ddb29,0xd99e2e84001565c476c326466b15d07bf1c43880d7a2a7e80af2423e6ddf6efe
49294236,2026-08-29 16:23:51.000 UTC,0x000000000000000000000000000000000000000000000000000000000011730d000000000000000000000000000000000000000000a8cff7796e78363f379133000000000000000000000000000000000000000000000001970a205989f83fdd,0x000000000000000000000000f9e6d90cde065a1fc4a74d7603bb3ce88e870cf9,0x9365129be0d36b011bb40ead54c9788575dee02b1fece99d964a7f7c0101af4f
49297560,2026-08-29 16:29:29.000 UTC,0x00000000000000000000000000000000000000000000000000000000001173ef000000000000000000000000000000000000000000a8cff79b3d69cf8d56e3dd00000000000000000000000000000000000000000000000000000001e2339bd2,0x000000000000000000000000f2ba256f668d31e091f32aa9bc3cb854499b05d9,0x657e7553fe26980f3e96f9466b0516e81b71fe656962cfbb087783de7f3a5634
49302250,2026-08-29 16:37:19.000 UTC,0x0000000000000000000000000000000000000000000000000000000000117567000000000000000000000000000000000000000000a8cff7796e78368e335ea80000000000000000000000000000000000000000000000003a4965bf58a40066,0x0000000000000000000000008be3be8e2c0f7f6bd13a18dac41b4703a98ae526,0x43612d3a005a0169cfc3ab511a35f2d43236ab68ef98cee2a5ba55261fdcc067
49303531,2026-08-29 16:39:30.000 UTC,0x0000000000000000000000000000000000000000000000000000000000117605000000000000000000000000000000000000000000a8cff7796e7837532523260000000000000000000000000000000000000000000000003a4965bf58a40154,0x000000000000000000000000b033d26ae452496e4a6f19615a19a262b31bc198,0x95e2fe54c74675d2102d02b33de2ec265c90b1afa5f1fe29540a7dc86d60bc56
49303965,2026-08-29 16:40:15.000 UTC,0x000000000000000000000000000000000000000000000000000000000011763a000000000000000000000000000000000000000000a8cff7796e78365d60d8f90000000000000000000000000000000000000000000000003a4965bf58a4002b,0x000000000000000000000000693f3d7e3d1ebac11470c3bcf8ad1cb00a90ba66,0x33f3929d52fde6ae86193498a2231fd367703599ff225df232c3c50e44f5cfb1
49307321,2026-08-29 16:45:53.000 UTC,0x000000000000000000000000000000000000000000000000000000000011773d000000000000000000000000000000000000000000a8cff7796e78366e1672a40000000000000000000000000000000000000000000000009744943fd3c200a4,0x000000000000000000000000c9a29e2731773dba14930ae75c471c17b5705e9b,0xf7376a0b668f885e9894d2b48900d5b9b5d9e8b26efa97305a25033db57ee486
49308111,2026-08-29 16:47:13.000 UTC,0x00000000000000000000000000000000000000000000000000000000001177b8000000000000000000000000000000000000000000a8cff7796e7836494e6e160000000000000000000000000000000000000000000000014fd7abc86c74006c,0x000000000000000000000000428a0e60ce265c228f142b05c782cdc8f937575d,0x4b17effa10fd461650067825c1667e59b7bfa10a9fffe664dbb8db1e343ab382
49308430,2026-08-29 16:47:45.000 UTC,0x0000000000000000000000000000000000000000000000000000000000117819000000000000000000000000000000000000000000a8cff7796e7837436c30810000000000000000000000000000000000000000000000003a4965bf58a40141,0x00000000000000000000000009ffbdd15db8ea7cc35fd08cc4cf766acf3d651d,0x948e6c4af660734d031a3ac4f0703f720204e17568fd714d92b664d8d54003eb
49309095,2026-08-29 16:48:52.000 UTC,0x000000000000000000000000000000000000000000000000000000000011784a000000000000000000000000000000000000000000a8cff7796e7837fcc834bc0000000000000000000000000000000000000000000000003a4965bf58a40221,0x00000000000000000000000015157a4380a357fc307ee39a4a476be5ec8d2e74,0xd9134e30dcae77e02998c0d24325a0174cc9c32a275c76f1b29be231945f2a39
49310530,2026-08-29 16:51:18.000 UTC,0x00000000000000000000000000000000000000000000000000000000001178c5000000000000000000000000000000000000000000a8cff7796e78368d55d0200000000000000000000000000000000000000000000000009744943fd3c20106,0x000000000000000000000000300ce224663fa31bf360d2e39ceb4a2fbf471ebf,0xc52325efb2d060351e9e57bf485f92eed14e50d661dae1cc9f95dd4f71310aca
49310987,2026-08-29 16:52:05.000 UTC,0x00000000000000000000000000000000000000000000000000000000001178df000000000000000000000000000000000000000000a8cff7893c459142c501f300000000000000000000000000000000000000000000000000000001e2339b1e,0x000000000000000000000000d90d3a61604d4022da9f1d33cecf0a871bd477e0,0x93572675bc9dea3b2364a34787ed052ee4fb32aa00aae3d0ffce25f7c15f50b1
49312536,2026-08-29 16:54:42.000 UTC,0x000000000000000000000000000000000000000000000000000000000011799c000000000000000000000000000000000000000000a8cff7796e7836a48b084f0000000000000000000000000000000000000000000000003a4965bf58a40081,0x0000000000000000000000002363e82b2b1d0c4fb4615948ab2b63f7bde7fdcf,0xe5fba26eb514f4612051f6484343fee9f97f2f99b9e5d331b24711a166bbce4c
49316142,2026-08-29 17:00:47.000 UTC,0x0000000000000000000000000000000000000000000000000000000000117afa000000000000000000000000000000000000000000a8cff7796e7836a632b6100000000000000000000000000000000000000000000000003a4965bf58a40083,0x000000000000000000000000b19d5eaf21574f55fa9060e6201b574f5a098cfb,0x3fcc6eabf50156f1fc49c230e0ac528fc2ae078df95bbdbba1c974a12bfd457c
49319388,2026-08-29 17:06:14.000 UTC,0x0000000000000000000000000000000000000000000000000000000000117c11000000000000000000000000000000000000000000a8cff7796e78376bf8516e0000000000000000000000000000000000000000000000003a4965bf58a40172,0x0000000000000000000000004c988196a8299fdb293569413addbea055e40a22,0x842254ac33dd2bc5e5da6ede504bc0ea9c189b7cd96ea66707a1d34fcb693580
49319860,2026-08-29 17:07:02.000 UTC,0x0000000000000000000000000000000000000000000000000000000000117c48000000000000000000000000000000000000000000a8cff7796e78363c4745ee0000000000000000000000000000000000000000000000003a4965bf58a40003,0x0000000000000000000000006e61b73146f8ce2559e79535e8d3b99da35e4163,0x9f76a6ea02a51a991c2492eead7a65c625f2df9073115796fa22572749cc20c2
49323656,2026-08-29 17:13:26.000 UTC,0x0000000000000000000000000000000000000000000000000000000000117dcb000000000000000000000000000000000000000000a8cff7796e7836409027260000000000000000000000000000000000000000000000024150e39800400051,0x000000000000000000000000f2fa3c161ba1e0b3152aaf1c0750784c5ef99d5c,0xd5b8a71a5c91f31b49a9e5eaf7ee86b60312551779ffd4c634345a9da2234087
49326974,2026-08-29 17:19:00.000 UTC,0x0000000000000000000000000000000000000000000000000000000000117ee5000000000000000000000000000000000000000000a8cff7796e783665128bd40000000000000000000000000000000000000000000000024150e39800400206,0x0000000000000000000000004b516cf6e96f9ac43207462ea389d820bcfd4dc9,0xba6cde13800031921ac3b8e81a6a3cc1a45427af461e249ae036fdade2cb0956
49327912,2026-08-29 17:20:34.000 UTC,0x0000000000000000000000000000000000000000000000000000000000117f22000000000000000000000000000000000000000000a8cff77ebb9b132831b8af00000000000000000000000000000000000000000000000000000001e2339ab5,0x0000000000000000000000007b312ac0c23dfd7b9f9027c57d3e4f1a3b2a3c19,0x88207362fee10b01370973c5fdfd9612b96478d7fff2421beafb7852e262d04d
49330520,2026-08-29 17:24:58.000 UTC,0x0000000000000000000000000000000000000000000000000000000000117feb000000000000000000000000000000000000000000a8cff782a240cd592f354900000000000000000000000000000000000000000000000000000001e2339adc,0x000000000000000000000000d0a59a61f37041fe450e55527dc58cf296491409,0xf5d2289ee18cabdd818f004ec8cb525baf80d6af2fb4113249c0ed8ff39d3fe6
49330831,2026-08-29 17:25:30.000 UTC,0x000000000000000000000000000000000000000000000000000000000011800c000000000000000000000000000000000000000000a8cff77e085c8219c0645200000000000000000000000000000000000000000000000000000001e2339aae,0x000000000000000000000000e646f78bbd4ffb656ef8800a2c77b1b658babdaf,0xb64be1c3861f71d7467f68b49c807d7386ae405133ca5e16329b0d6058a0b4a2
49330839,2026-08-29 17:25:31.000 UTC,0x000000000000000000000000000000000000000000000000000000000011800f000000000000000000000000000000000000000000a8cff7796e78367f4e42e30000000000000000000000000000000000000000000000003a4965bf58a40054,0x000000000000000000000000df3f4931e261f335c0d287494a6e2fbc7df2999b,0x75447f4e2806d0385391629516677cd4b05cba98e21c1d81ecdbd053ed141625
49331869,2026-08-29 17:27:12.000 UTC,0x0000000000000000000000000000000000000000000000000000000000118072000000000000000000000000000000000000000000a8d0078978483378dd800d0000000000000000000000000000000000000000000000000000000000c92f36,0x0000000000000000000000004165103bcf4dca4bbb7b1d873d575ef62eaffb76,0x3b036c6b5c7be73d25d51c61ae822d923c5dd7073fc7f5053815507b90349191
49332158,2026-08-29 17:27:41.000 UTC,0x000000000000000000000000000000000000000000000000000000000011807e000000000000000000000000000000000000000000a8cff7796e78364b2c61b30000000000000000000000000000000000000000000000003a4965bf58a40015,0x000000000000000000000000f6d2554c73ef6d4109050f31ed7723c69daa12c7,0x037bdd2028ae7506e3fd8b097b106cd491e6c665a96f18612201e8b28c306dc3
49333407,2026-08-29 17:29:49.000 UTC,0x00000000000000000000000000000000000000000000000000000000001180e6000000000000000000000000000000000000000000a8cff7796e7836551a74360000000000000000000000000000000000000000000000003a4965bf58a40021,0x000000000000000000000000d23a67fd3193c3f5d8c04ed254868dcbd5c3050d,0x02883b30550d28f38a06ac34a7b7dcf0cf8fc78a0e07c1899de26f91066314bf
49334168,2026-08-29 17:31:08.000 UTC,0x000000000000000000000000000000000000000000000000000000000011812d000000000000000000000000000000000000000000a8cff7796e78379a4f527d0000000000000000000000000000000000000000000000003a4965bf58a401aa,0x000000000000000000000000bdd625ab1a25552938249d6282ec1330e763c8e4,0x8a174b6ce121f5eac9741a8738dfde7663c484f03dbf906c54bd08507aafcd0e
49336238,2026-08-29 17:34:36.000 UTC,0x00000000000000000000000000000000000000000000000000000000001181cc000000000000000000000000000000000000000000a8cff7796e78363d1b1cce0000000000000000000000000000000000000000000000003a4965bf58a40004,0x00000000000000000000000060e799ad5799c32f1f385933fd83b735321d3f6e,0xe65ead24c3b119d4ea93ad926f201afe108d3ca142c231f69e98766a6306fa43
49336663,2026-08-29 17:35:19.000 UTC,0x00000000000000000000000000000000000000000000000000000000001181eb000000000000000000000000000000000000000000a8cff7796e783654469d560000000000000000000000000000000000000000000000003a4965bf58a40020,0x000000000000000000000000c3a3c93d046a07902f4d9e1bbcf1a698a320e720,0xdf8875406702f8c1c89c97453c0d85b797061c635b88aea599e7fcf7753b52a8
49337196,2026-08-29 17:36:13.000 UTC,0x0000000000000000000000000000000000000000000000000000000000118215000000000000000000000000000000000000000000a8cff793701e60679a3b7f00000000000000000000000000000000000000000000000000000001e2339b84,0x000000000000000000000000fc1b49d99223f062bd512550f0d69812b2bcecd1,0x6a99aa342ecf5ef5f73f795bf19462aa16d6349ad62fea933c3d2fe948709228
49340121,2026-08-29 17:41:08.000 UTC,0x00000000000000000000000000000000000000000000000000000000001182c3000000000000000000000000000000000000000000a8cff7796e78364e7bbd340000000000000000000000000000000000000000000000003a4965bf58a40019,0x000000000000000000000000dd35c31897b5193305dd673c75b890cb49d76aeb,0xc7f30d5ab29125660a1a5db48b17242b1afa9f90756adc604f29df70878cbd98
49340596,2026-08-29 17:41:56.000 UTC,0x00000000000000000000000000000000000000000000000000000000001182e1000000000000000000000000000000000000000000a8cff7796e78363a52c7f900000000000000000000000000000000000000000000001400e758f447240038,0x00000000000000000000000007e0b6ebb36ead90a1a81249b9df153d5e39abbe,0xd6aef650cc14ef0ebd5883e728c0dbbc2baaa1eed126f4f16e15949ce98ef122
49340909,2026-08-29 17:42:28.000 UTC,0x00000000000000000000000000000000000000000000000000000000001182f1000000000000000000000000000000000000000000a8cff7796e7837ec3b6b370000000000000000000000000000000000000000000000003a4965bf58a4020d,0x000000000000000000000000d521143bb1c7a0233b35ceb01b59118ae90b8f95,0x5beaf9515e8539eac045a1b4ade1eea643df19b5443a56cbd13933d2f1bae5c5
49341146,2026-08-29 17:42:52.000 UTC,0x000000000000000000000000000000000000000000000000000000000011830e000000000000000000000000000000000000000000a8cff7796e783655ee4b160000000000000000000000000000000000000000000000003a4965bf58a40022,0x00000000000000000000000015ed9ae7f55b832988df1b6745afe209f380b5ff,0xdef60d1a551f1b2cb8142fd21a0bf54a927f9c18375a5d9677e8e1bd871b3768
49343409,2026-08-29 17:46:39.000 UTC,0x00000000000000000000000000000000000000000000000000000000001183ae000000000000000000000000000000000000000000a8cff7796e78368c8bb0e80000000000000000000000000000000000000000000000003a4965bf58a40064,0x000000000000000000000000f72eb8752579155e15e9c9c8216c7b47e7b28ccd,0x1aec76a782126f188327ce62df51ebb75e758e0130f5d39ae0ad5d127a318da1
49345374,2026-08-29 17:49:58.000 UTC,0x0000000000000000000000000000000000000000000000000000000000118472000000000000000000000000000000000000000000a8cff7796e7836ef0493270000000000000000000000000000000000000000000000003a4965bf58a400db,0x000000000000000000000000a2f1aecc19197cd3066edcfd0092d9c948075807,0xe26f8f9db689ba56f693f3ff7104bfb55d1f0133fe2ac22462753fd97348ff61
49351123,2026-08-29 17:59:38.000 UTC,0x00000000000000000000000000000000000000000000000000000000001185e6000000000000000000000000000000000000000000a8cff7796e78363c4745ee0000000000000000000000000000000000000000000000003a4965bf58a40003,0x000000000000000000000000797098fafdfb36310d5d93ac00274a8ebdfb38bc,0x3318fa6c676af0a43b941598d6c18f8923471df1179c16476614921970aed045
49352058,2026-08-29 18:01:14.000 UTC,0x0000000000000000000000000000000000000000000000000000000000118640000000000000000000000000000000000000000000a8cff7796e78363e9c0fc6000000000000000000000000000000000000000000000003e9f9ed77cf340064,0x000000000000000000000000c25d571e2dccecb5b30245bc89c7b94fdd69a870,0x0c5ed464d12d45f57981097361f222984aeebdf99c28c2fdac5d3688455ee081
49352622,2026-08-29 18:02:11.000 UTC,0x0000000000000000000000000000000000000000000000000000000000118664000000000000000000000000000000000000000000a8cff7796e78364f8ad634000000000000000000000000000000000000000000000000758ced50c4c0708b,0x0000000000000000000000006f87c239d025f0ff258583473ba9501619568708,0x4c92112ffd65c5a12f4093e026d95cb6d8fb49551aadb139caedf445b80f6d9a
49356307,2026-08-29 18:08:21.000 UTC,0x000000000000000000000000000000000000000000000000000000000011875f000000000000000000000000000000000000000000a8cff7796e783710f1fd120000000000000000000000000000000000000000000000003a4965bf58a40104,0x000000000000000000000000f7000e6a623b1d61b34b12061b729cde4aff5664,0xecdfd87a244bcd58c84f0ae192b4688307578495a51dac91cd82b822d153136d
49359047,2026-08-29 18:12:58.000 UTC,0x000000000000000000000000000000000000000000000000000000000011882a000000000000000000000000000000000000000000a8cff7796e78363fa2602b00000000000000000000000000000000000000000000000171b0c39ea3dc2c01,0x00000000000000000000000002f6611f6e0ec7282c69b2c60b8e9f6f1ae20eea,0x61e97bdc99f430120d098e262dbf0846b99a234b0a2e05eee4665edb7c8a06cf
49361066,2026-08-29 18:16:22.000 UTC,0x00000000000000000000000000000000000000000000000000000000001188d1000000000000000000000000000000000000000000a8cff7796e783642bc3b330000000000000000000000000000000000000000000000024150e3980040006b,0x00000000000000000000000055a754ffb8ff44872021290c5eb8ce8bff28b26f,0x452754bf0e8eacaf012a1aea12627b8d8718ba5bb1c9d471e9d69b456a5b5241
49361091,2026-08-29 18:16:25.000 UTC,0x00000000000000000000000000000000000000000000000000000000001188d3000000000000000000000000000000000000000000a8cff7796e78363ee4667f0000000000000000000000000000000000000000000000024150e3980040003d,0x000000000000000000000000b467f9f8ec2cb3cf5f72bb5a45187e417f084a5e,0x013c0edd301fa51be9a59aea903ee84750aee1f8fa46241fab18c1b73048aac5
49364545,2026-08-29 18:22:14.000 UTC,0x0000000000000000000000000000000000000000000000000000000000118996000000000000000000000000000000000000000000a8cff7796e7837355aeb9d0000000000000000000000000000000000000000000000003a4965bf58a40130,0x00000000000000000000000064cd85b86605992826dba09a5de9a70be9ae43d2,0x7f716ba3e0b35f6b49e1c4465359a2940098b0a5ee0c64fbcd39466e354594b3
49369418,2026-08-29 18:30:25.000 UTC,0x0000000000000000000000000000000000000000000000000000000000118a7e000000000000000000000000000000000000000000a8cff77ba1cf22f095af8800000000000000000000000000000000000000000000000000000001e2339a96,0x0000000000000000000000007bed63692bb0be3f63973c270b102f4910ec8681,0x2441857db571fc5d1c3e8b4d7b3043d2cc1baa2a49aa7600823eb1f08b923ace
49372147,2026-08-29 18:35:02.000 UTC,0x0000000000000000000000000000000000000000000000000000000000118b47000000000000000000000000000000000000000000a8cff7796e7836974d9a4b0000000000000000000000000000000000000000000000003a4965bf58a40071,0x000000000000000000000000cb21374777cdb4243221dd26765650dab1f89d92,0x0e2a79806da53de1d3b514cb752add46fab642e2b225262d69b41e21dfc41f66
49374871,2026-08-29 18:39:43.000 UTC,0x0000000000000000000000000000000000000000000000000000000000118c63000000000000000000000000000000000000000000a8cff7796e78363b736f0e0000000000000000000000000000000000000000000000003a4965bf58a40002,0x000000000000000000000000ba8b0cc6da8d71337f7190d3f400865e19b514ec,0x6d8a9629c4e307e6247cac5bafd772d12c207a2442f4d1a119be5d11edc77fd7
49378521,2026-08-29 18:45:56.000 UTC,0x0000000000000000000000000000000000000000000000000000000000118e5f000000000000000000000000000000000000000000a8cff7796e7836b020c8930000000000000000000000000000000000000000000000003a4965bf58a4008f,0x00000000000000000000000075f8ed0e9cbdc644fa5b9bb9b428cc18358a55c4,0xa9eb5b9a9873b5e4c5eacfad2300551475e0b1c570baf7f88006a2315ab8a3ab
49379196,2026-08-29 18:47:04.000 UTC,0x0000000000000000000000000000000000000000000000000000000000118ebf000000000000000000000000000000000000000000a8cff7796e78363a05888a0000000000000000000000000000000000000000000000024baf4ec4e89558e0,0x0000000000000000000000001e9412559db6c3f3eaff4aa9e34c5cd80bde8022,0xac25920886328587c704e91d5add57b0643d9247a4afe34e79e3b438421c3e97
49379292,2026-08-29 18:47:14.000 UTC,0x0000000000000000000000000000000000000000000000000000000000118ece000000000000000000000000000000000000000000a8cff7796e7836db5d0705000000000000000000000000000000000000000000000031b82eb30fbbda4b9b,0x000000000000000000000000999a7fa88a272663a0f4ac017886cbfbbd4bb389,0xd664bc1565f78de23bcc223859844887b2505ea0d9b4c358866ccf14fc35742c
49379616,2026-08-29 18:47:47.000 UTC,0x0000000000000000000000000000000000000000000000000000000000118ee7000000000000000000000000000000000000000000a8cff7796e78363b6ab5410000000000000000000000000000000000000000000000024baf4ec4e89558f1,0x00000000000000000000000034eb0c855abf70278f1cf6d16abe6a3c2db52e0c,0x5a56577fa2c531cd2f791e9d3f7b06cf57cd9094b4f5a4aa2b9a42263c19c492
49381903,2026-08-29 18:51:38.000 UTC,0x0000000000000000000000000000000000000000000000000000000000118ff5000000000000000000000000000000000000000000a8cff7796e7836529eef950000000000000000000000000000000000000000000000003a4965bf58a4001e,0x00000000000000000000000064a64533c09e01880988addf526e8a47a29aac04,0x26693010c8ca22ca4a999db21983f4d1676971348b04ca91654e8e32de10700b
49386022,2026-08-29 18:58:35.000 UTC,0x0000000000000000000000000000000000000000000000000000000000119177000000000000000000000000000000000000000000a8cff7796e7836421226100000000000000000000000000000000000000000000000003a4965bf58a4000a,0x0000000000000000000000005a9c3f9b6b584ff08c4da7b82c416a9cc5278585,0x908b911997760df24cc2eb0cfa8a521e785698b13b758923e893d13be26b2b81
49386746,2026-08-29 18:59:48.000 UTC,0x00000000000000000000000000000000000000000000000000000000001191bf000000000000000000000000000000000000000000a8cff7796e7836d55d8dff0000000000000000000000000000000000000000000000003a4965bf58a400bc,0x000000000000000000000000d6af4536bab5ea74bcf872ca181619cc3157683e,0xfda90523b134f9498b52dc54d4daeb85625095323d6bb9ecfaaf18f86b8e8647
49387353,2026-08-29 19:00:49.000 UTC,0x00000000000000000000000000000000000000000000000000000000001191f6000000000000000000000000000000000000000000a8cff7796e783640ea657d0000000000000000000000000000000000000000000000024baf4ec4e8955934,0x000000000000000000000000eab58b46c3e937e6d298f88e8637cb1d30049ff5,0x0373996d666076878b455378823e11cc7784ecc5f73a0ab71c2f9e061ce3b180
49388880,2026-08-29 19:03:23.000 UTC,0x00000000000000000000000000000000000000000000000000000000001192c8000000000000000000000000000000000000000000a8cff7796e78363f96a16f0000000000000000000000000000000000000000000000003a4965bf58a40007,0x000000000000000000000000763b6fccff818c1aa650d1065cdf3b3c3212b9b5,0x64945643e97d5ad36083d7b07c2d3bad6b0eadd808a34917aeeb9b2740fafb52
49396915,2026-08-29 19:16:55.000 UTC,0x0000000000000000000000000000000000000000000000000000000000119733000000000000000000000000000000000000000000a8cff7796e78363a7e2eb100000000000000000000000000000000000000000000001400e758f44724004a,0x0000000000000000000000002dc481267f89215343b51f257cdc728b39057610,0x3cfc38f1e46c3f6f1bb9324d56605e9df4742722cf95352407f6343fb8bcce20
49398193,2026-08-29 19:19:04.000 UTC,0x00000000000000000000000000000000000000000000000000000000001197ba000000000000000000000000000000000000000000a8cff7796e78369b70ccac0000000000000000000000000000000000000000000000003a4965bf58a40076,0x000000000000000000000000a8056390383f77b730d0f217a5002e082dab61e9,0xf68ccd573ac381e23abb2e1273292d4ff6b63b84575500eb56a1aa8b3f335d9e
49401841,2026-08-29 19:25:12.000 UTC,0x000000000000000000000000000000000000000000000000000000000011995a000000000000000000000000000000000000000000a8cff7796e78363c6188c40000000000000000000000000000000000000000000000014fd7abc86c740012,0x0000000000000000000000007c6c20670fbded6dcc22430328c7c789a5b7f8f1,0x5a0e6004381957225fcab67819215cb4d383a239b500c76382549ee8c953ee3e
49402896,2026-08-29 19:27:00.000 UTC,0x00000000000000000000000000000000000000000000000000000000001199ca000000000000000000000000000000000000000000a8cff7796e78371790b4140000000000000000000000000000000000000000000000003a4965bf58a4010c,0x000000000000000000000000e5661e2b2161ba993e4b02764e8be056498ae9fe,0xd037821bb0ca8731ff065516329467707ae492c88de21e2f8cab0b9cd1e5313c
49407657,2026-08-29 19:35:06.000 UTC,0x0000000000000000000000000000000000000000000000000000000000119d1e000000000000000000000000000000000000000000a8cff782d5773fe8ff254900000000000000000000000000000000000000000000000000000001e2339ade,0x0000000000000000000000003207d891ddd0db2981a6976b58b22e27c0699b4b,0x21db9d2e16b54c6b72769d22034e5c72b91fcada349baa6e6ae4bd0983758c22
49412915,2026-08-29 19:44:00.000 UTC,0x000000000000000000000000000000000000000000000000000000000011a102000000000000000000000000000000000000000000a8cff7796e783722529d770000000000000000000000000000000000000000000000003a4965bf58a40119,0x000000000000000000000000c988a0a8ccc3755152b5f08e035d8e8a83d79ba3,0xbdeabb07d89d94ae1a55256c5a1587718f0648ae7414da20b9080aaf31b29196
49419461,2026-08-29 19:54:59.000 UTC,0x000000000000000000000000000000000000000000000000000000000011a37c000000000000000000000000000000000000000000a8cff7796e78363f96a16f0000000000000000000000000000000000000000000000003a4965bf58a40007,0x00000000000000000000000049d541961df3993e5455af6da13bb296ca2445ec,0x610e9167d676f7a447d79e7dcd2cf6dfc83d740559febd5ca13899cebe52d048
49424751,2026-08-29 20:03:51.000 UTC,0x000000000000000000000000000000000000000000000000000000000011a4eb000000000000000000000000000000000000000000a8cff7796e783656c221f70000000000000000000000000000000000000000000000003a4965bf58a40023,0x000000000000000000000000d6ee23748287d7ef4aaaee7ad155f2978cff9664,0xc48d4817ae070ec3ea76b7b2ea25a0eedad4598f6b9f299a4b90914a0696bf3e
49426884,2026-08-29 20:07:26.000 UTC,0x000000000000000000000000000000000000000000000000000000000011a548000000000000000000000000000000000000000000a8cff7796e78367e7a6c030000000000000000000000000000000000000000000000003a4965bf58a40053,0x000000000000000000000000cba6792e8c23e018773ec77687f4d7592975ad83,0x7ab41393598b366c2dc800f8df45262fad92213e805010ecbce54ab276c40f1f
49436678,2026-08-29 20:23:52.000 UTC,0x000000000000000000000000000000000000000000000000000000000011a707000000000000000000000000000000000000000000a8cff7796e78363b736f0e0000000000000000000000000000000000000000000000003a4965bf58a40002,0x000000000000000000000000b0bb214ec6c6c600d224c781339309a95f8e4811,0x8e91632fa4c20f0ca8db4e4886df3dc805aaa77da16e397f073a7fdcf10bd185
49449702,2026-08-29 20:45:47.000 UTC,0x000000000000000000000000000000000000000000000000000000000011ad4c000000000000000000000000000000000000000000a8cff7796e783660b0347a0000000000000000000000000000000000000000000000003a4965bf58a4002f,0x000000000000000000000000b399a164639cd1a40d1d94a43a43a2b746f13290,0xb42f69b0c3f8e185fe85573a23ae7e00148a0b5bd1a9bd1f66e7b78c1697af87
49450449,2026-08-29 20:47:03.000 UTC,0x000000000000000000000000000000000000000000000000000000000011ad7c000000000000000000000000000000000000000000a8cff7796e78376485c38c0000000000000000000000000000000000000000000000003a4965bf58a40169,0x0000000000000000000000009d4d480f00abeef36b6504ec5835acb0d0325fe4,0x242dcaa2633e1e66d3ff5b72aab497b51be85bb57b6f866a6fc0a8214e5886c7
49451432,2026-08-29 20:48:42.000 UTC,0x000000000000000000000000000000000000000000000000000000000011ae01000000000000000000000000000000000000000000a8cff77b6e98b055d9317c00000000000000000000000000000000000000000000000000000001e2339a94,0x0000000000000000000000004efdc10915acc46ed080f5d1fa144be62851a4f8,0x2b8a5311820efed68c1e85bef79351a0bc75cd3fcbeb2a8767cd41b3d60278b9
49458563,2026-08-29 21:00:41.000 UTC,0x000000000000000000000000000000000000000000000000000000000011b039000000000000000000000000000000000000000000a8cff7796e783645e98cbc0000000000000000000000000000000000000000000000009744943fd3c20026,0x00000000000000000000000086339b5c60a92856e19b05718087620f68fa9c33,0x902d3e5fab6a9859c3b2bb079f03642b64ad7d29a8eeb121eec1d0d74d7c0cfe
49459387,2026-08-29 21:02:05.000 UTC,0x000000000000000000000000000000000000000000000000000000000011b075000000000000000000000000000000000000000000a8cff7796e783655379b2d0000000000000000000000000000000000000000000000009744943fd3c20056,0x00000000000000000000000034c365c74adf4615f8d518cb5794db8aa970e37c,0x5d5ab00c2190bef1c3071757ac8caf9bd5336a550d998e4b6fbda979c2a9a1b5
49464572,2026-08-29 21:10:48.000 UTC,0x000000000000000000000000000000000000000000000000000000000011b2c7000000000000000000000000000000000000000000a8cff7796e78363c4745ee0000000000000000000000000000000000000000000000003a4965bf58a40003,0x000000000000000000000000b0fda17d0f227ce1b774b2220ad519a76a6c983c,0x071cc689a340c36e1c326ef0fdc5979a91818fbcddf13ea03509740d7e87cacd
49464613,2026-08-29 21:10:52.000 UTC,0x000000000000000000000000000000000000000000000000000000000011b2cb000000000000000000000000000000000000000000a8cff78688e68716ca158c00000000000000000000000000000000000000000000000000000001e2339b03,0x00000000000000000000000041978e009341ed9b83a48e0501af1b80b23f5408,0x8c001ee870b01d39c5ef42515a0ef3a26faf94f90d5948f6b9ab9a1562bfc7e3
49469890,2026-08-29 21:19:45.000 UTC,0x000000000000000000000000000000000000000000000000000000000011b4e0000000000000000000000000000000000000000000a8cff78655b0148c9743e000000000000000000000000000000000000000000000000000000001e2339b01,0x00000000000000000000000093d1586bb535a7217096fcc60b1e641585e8da52,0x51f2238dbac7e9bdcd3c82bf67d201b7d0112930f6ef6a2a383605ec50f00ab9
49474134,2026-08-29 21:26:53.000 UTC,0x000000000000000000000000000000000000000000000000000000000011b6de000000000000000000000000000000000000000000a8cff7796e7836c9c7cdbb0000000000000000000000000000000000000000000000003a4965bf58a400ae,0x000000000000000000000000cebcb811134c1f42a09eef35ff8b0d2493cb1da6,0x808bf3c54b569bbfe30fb634a413ed949080a464bfad74490303b104dc5812af
49477584,2026-08-29 21:32:38.000 UTC,0x000000000000000000000000000000000000000000000000000000000011b84d000000000000000000000000000000000000000000a8cff7796e78363e1ab8690000000000000000000000000000000000000000000000014fd7abc86c74001e,0x00000000000000000000000034c3b6d9518a7541957a35741987c5f9791f9b3d,0x4e07adf671876e2a8f0f1c0e89418db523bcb382ece5b819feebdb697f893c57
49483562,2026-08-29 21:42:45.000 UTC,0x000000000000000000000000000000000000000000000000000000000011bbef000000000000000000000000000000000000000000a8cff783a2510a2536132600000000000000000000000000000000000000000000000000000001e2339ae6,0x0000000000000000000000002033564a94bcd28c7563705411398dc729f2d1ae,0x5626c6dbe18c4b3a4da5ef12b89a72d1d5dee95017b1febb4ca5529aec217e66
49486934,2026-08-29 21:48:28.000 UTC,0x000000000000000000000000000000000000000000000000000000000011bdb9000000000000000000000000000000000000000000a8cff7796e783668f6993c0000000000000000000000000000000000000000000000003a4965bf58a40039,0x000000000000000000000000aec630d3d84c9abc14826e5638b7f2077eb412a8,0xa2aedf522fd828210af333770c1995108d496a52a07891aca383fdb9ef5bfb67
49491918,2026-08-29 21:56:49.000 UTC,0x000000000000000000000000000000000000000000000000000000000011c030000000000000000000000000000000000000000000a8cff7796e7836448daab10000000000000000000000000000000000000000000000003a4965bf58a4000d,0x000000000000000000000000f1c66c8d49744067333dbf2ca2ad01aa92b12777,0x2aae61ee33c4b630bfd421fe4d99d9c953c2d5ca8c5a2c317fb7f8ea19ca26dc
49492897,2026-08-29 21:58:30.000 UTC,0x000000000000000000000000000000000000000000000000000000000011c0b4000000000000000000000000000000000000000000a8cff7796e78364e7bbd340000000000000000000000000000000000000000000000003a4965bf58a40019,0x000000000000000000000000b40debb377bbe49ad13cde6a4d535cf853a59c64,0xf5b80b69f9f17adc10d414389ea77c0341f34d6d305c8f7cf83a64da629d0b8a
49497098,2026-08-29 22:05:34.000 UTC,0x000000000000000000000000000000000000000000000000000000000011c269000000000000000000000000000000000000000000a8cff7796e78363d1b1cce0000000000000000000000000000000000000000000000003a4965bf58a40004,0x000000000000000000000000cbfa7446f050cb1c1cbd6e5ee8dbcac4e1cbf1b6,0xa2642599f082558a16983bc832190aa54c0fe5b00b588b93f9c52f3c63bfe691
49498531,2026-08-29 22:08:00.000 UTC,0x000000000000000000000000000000000000000000000000000000000011c304000000000000000000000000000000000000000000a8cff7796e78363deef3af0000000000000000000000000000000000000000000000003a4965bf58a40005,0x00000000000000000000000055441641756be6da5c44fc5eb15d27dd5e348f00,0x637a7c777d9debdae3defbacfea94cc8dbf44e10b267592bb2a93289eda3df93
49499761,2026-08-29 22:10:02.000 UTC,0x000000000000000000000000000000000000000000000000000000000011c371000000000000000000000000000000000000000000a8cff7796e783672e4abbf0000000000000000000000000000000000000000000000003a4965bf58a40045,0x0000000000000000000000000c33f69bbab21ae93cd97ba1e5ada833e709a3d2,0xac42b89b4d5f9647ed98dacb1259f86336bbef5b283ac26c8e426f75e0b32ead
49500837,2026-08-29 22:11:51.000 UTC,0x000000000000000000000000000000000000000000000000000000000011c3bb000000000000000000000000000000000000000000a8cff7796e78363c4745ee0000000000000000000000000000000000000000000000003a4965bf58a40003,0x000000000000000000000000cbd447e7a5135b0e356c62f5556987ec9f18a3db,0xa9beb24629d018ecac390f71cd271a99dc938abb65ac0ebe5fd76f41e2d2c303
49502078,2026-08-29 22:13:57.000 UTC,0x000000000000000000000000000000000000000000000000000000000011c41a000000000000000000000000000000000000000000a8cff7796e78363cc95f560000000000000000000000000000000000000000000000028d28ea10ba7ad536,0x000000000000000000000000c37d4a9a3797e1b3ad3fbf3880e4aed64135523a,0x74f18152a35c8cdc10f101f1961b2e678c3f9ff2bf60c17a7fe17dee79e764d7
49502914,2026-08-29 22:15:20.000 UTC,0x000000000000000000000000000000000000000000000000000000000011c448000000000000000000000000000000000000000000a8cff7856f3b111af1438800000000000000000000000000000000000000000000000000000001e2339af8,0x00000000000000000000000067ecf512d2440b4a50aa88bebe90df8500dcbb67,0x31338907dcfa4d13fd02e746bae838570bb99f69dab5ffbb5755bf2bc34bdfd4
49507057,2026-08-29 22:22:20.000 UTC,0x000000000000000000000000000000000000000000000000000000000011c5c6000000000000000000000000000000000000000000a8cff7796e78363b736f0e0000000000000000000000000000000000000000000000003a4965bf58a40002,0x000000000000000000000000d7a6a061dc0859b969c25656b96053c61e55bab4,0xd7196209edf3d292c967f3b74fcc27c15c8f466081f179de7a9447e288151e50
49508054,2026-08-29 22:24:00.000 UTC,0x000000000000000000000000000000000000000000000000000000000011c629000000000000000000000000000000000000000000a8cff7796e7836529eef950000000000000000000000000000000000000000000000003a4965bf58a4001e,0x0000000000000000000000004ccc674e004fd6695e0e7394dec70448b6b9c2b2,0x7ccd2f410de634c00a07a19fa5e8fcd27114898f6b7d37820607eee83938f182
49509395,2026-08-29 22:26:16.000 UTC,0x000000000000000000000000000000000000000000000000000000000011c6b9000000000000000000000000000000000000000000a8cff7796e78365258f8780000000000000000000000000000000000000000000000009744943fd3c2004d,0x000000000000000000000000a45ebf82fa0810eac49e6a54b29bfccdface4797,0x3db89692ac6f76b03b8318bedafb1b062fbbd75310940b4855ced3708d23e82b
49510069,2026-08-29 22:27:24.000 UTC,0x000000000000000000000000000000000000000000000000000000000011c7c4000000000000000000000000000000000000000000a8cff7796e78363a66121200000000000000000000000000000000000000000000001400e758f447240040,0x0000000000000000000000002a7a31907142c134e7c0b42a87cbb65f86e316fa,0xf9745d4aa8c0e1bf0a524cad72ce8f0ed660a7bd87e6938a03984dc528d7204f
49513490,2026-08-29 22:33:08.000 UTC,0x000000000000000000000000000000000000000000000000000000000011c939000000000000000000000000000000000000000000a8cff7796e783650ebd9b500000000000000000000000000000000000000000000000168d28e3f002800ad,0x0000000000000000000000002a8a6879cd136f5a6632b0ff786b88a717b54e67,0xf30902989a01ba2d963476adb60618f0fce4a5c320cf16e396bf39f03aa3d987
49514027,2026-08-29 22:34:02.000 UTC,0x000000000000000000000000000000000000000000000000000000000011c954000000000000000000000000000000000000000000a8cff7796e78363d1b1cce0000000000000000000000000000000000000000000000003a4965bf58a40004,0x0000000000000000000000005b4619dae9c1143d7c5c0972f6623bc282a0d401,0x79a38bd454d14d269b63567c3855b88de5fcb011dcdc4274ea02dd1c988d9587
49518276,2026-08-29 22:41:11.000 UTC,0x000000000000000000000000000000000000000000000000000000000011ca76000000000000000000000000000000000000000000a8cff77dbb8ad636fecccc00000000000000000000000000000000000000000000000000000001e2339aab,0x000000000000000000000000625e6a4d99f88a737a41046ce4e2a4b32729ea12,0x3eb0148fc9101e708bf982db579fa383b6ec871ac497b4112d49f9caff2f9ba3
49521684,2026-08-29 22:46:57.000 UTC,0x000000000000000000000000000000000000000000000000000000000011cb24000000000000000000000000000000000000000000a8cff7796e78363a8ca64300000000000000000000000000000000000000000000001400e758f447240050,0x00000000000000000000000049491f2441f03aefa0dd3f6f4fdc5a2ec7859a49,0x0fc9c5e2ba904e7cd3dbcc0239788c8db29670437b2b5e13a33d504b01698ae7
49525684,2026-08-29 22:53:38.000 UTC,0x000000000000000000000000000000000000000000000000000000000011cc9f000000000000000000000000000000000000000000a8cff7796e78363b2bc98e00000000000000000000000000000000000000000000001400e758f447240092,0x000000000000000000000000ff89d5ca203f5665002e44b34e36299ca343c49b,0xec87dbe584d026daa1b73b60319960b446b8e6fba94a3f354e89458f3ad21dbd
49526493,2026-08-29 22:55:00.000 UTC,0x000000000000000000000000000000000000000000000000000000000011ccc2000000000000000000000000000000000000000000a8cff7796e78369f93ff0e0000000000000000000000000000000000000000000000003a4965bf58a4007b,0x00000000000000000000000087bcc746c0288af928fba0cd852c874ce792c4ba,0xadaa453db174ee4ec52024e62694a6726107f694f602a519fc992325d010e936
49526691,2026-08-29 22:55:20.000 UTC,0x000000000000000000000000000000000000000000000000000000000011cccb000000000000000000000000000000000000000000a8cff7796e78371299aad20000000000000000000000000000000000000000000000003a4965bf58a40106,0x0000000000000000000000004c2453c25312a9e9e105461a3aa7423a8cc45993,0x9a3f6d7a10ff4996461e1a2a84e54b417e3c0efeb0b8fed2acb7d559acbd5566
49529201,2026-08-29 22:59:36.000 UTC,0x000000000000000000000000000000000000000000000000000000000011cd43000000000000000000000000000000000000000000a8cff7796e783698f5480c0000000000000000000000000000000000000000000000003a4965bf58a40073,0x000000000000000000000000a4fb5b5d102ae6df4e18076e1d17498c4df4de28,0xf08b0afb289cae9cc636bb13502d85514ec55b753071f82d178f478d8032e995
49529462,2026-08-29 23:00:00.000 UTC,0x000000000000000000000000000000000000000000000000000000000011cd57000000000000000000000000000000000000000000a8cff7796e78363a87d3bd00000000000000000000000000000000000000000000001400e758f44724004e,0x00000000000000000000000012fe070b3aa42df51bb6ec06acdb189a1ba53705,0x343d717a9054ce9074e51fa6958ffe960b3115c4f5683b68e1a3af8a7b8336d8
49531560,2026-08-29 23:03:33.000 UTC,0x000000000000000000000000000000000000000000000000000000000011cde9000000000000000000000000000000000000000000a8cff7816efa1df3f0427100000000000000000000000000000000000000000000000000000001e2339ad0,0x0000000000000000000000005b985b22f5a41ace44fc26f93f108ea63f6c2136,0xfa3f8e671c6ac6e0705996d512107730f0f41b410bd880ffa91090ac9511dcb2
49531701,2026-08-29 23:03:47.000 UTC,0x000000000000000000000000000000000000000000000000000000000011cdfc000000000000000000000000000000000000000000a8cff781555ee4ab021d2100000000000000000000000000000000000000000000000000000001e2339acf,0x00000000000000000000000042a897af3925518a30164306c25458488de0cf24,0x3c48465d1718cc5d6281d71ee8ce3b9dd965b0652328dbd6506454bdc5106311
49542769,2026-08-29 23:22:25.000 UTC,0x000000000000000000000000000000000000000000000000000000000011d1f0000000000000000000000000000000000000000000a8cff7796e783670f5155a0000000000000000000000000000000000000000000000009744943fd3c200ad,0x0000000000000000000000000bbf83c945da2c161e1ea10cd67ef450df347694,0xf2aa0f53b1b6339c1696684c97fcea252b71beadf33d5f10a6aa4198fe7260ef
49543377,2026-08-29 23:23:27.000 UTC,0x000000000000000000000000000000000000000000000000000000000011d230000000000000000000000000000000000000000000a8cff77c083c0825259fca00000000000000000000000000000000000000000000000000000001e2339a9a,0x0000000000000000000000006170f76bcf8e15da5acd13852570095e3ed228f0,0x3c89d64ead19c755295af70ceff21a3827c3e0c270f8bb01d126653c18369aa8
49544937,2026-08-29 23:26:02.000 UTC,0x000000000000000000000000000000000000000000000000000000000011d2a7000000000000000000000000000000000000000000a8cff7796e783668f6993c0000000000000000000000000000000000000000000000003a4965bf58a40039,0x00000000000000000000000027720292f23a7e711da70d06ebc9aa7f7b4ff62f,0xd578ad2cf15d9c5f105fa3523dfae569b01dc4696744321680c218bcebceac02
49547084,2026-08-29 23:29:40.000 UTC,0x000000000000000000000000000000000000000000000000000000000011d381000000000000000000000000000000000000000000a8cff7796e7836ada543f20000000000000000000000000000000000000000000000003a4965bf58a4008c,0x000000000000000000000000034b1ba7e54fd0635cd5a3e1062e58dfb11412a3,0x5005e2c84c056a309d0297e93cfc1705da7de5a7ab7c41d8f576c5993a131f44
49549821,2026-08-29 23:34:16.000 UTC,0x000000000000000000000000000000000000000000000000000000000011d45f000000000000000000000000000000000000000000a8cff78588d64a60c32b1200000000000000000000000000000000000000000000000000000001e2339af9,0x0000000000000000000000002affbb255e69ed72a61f5741bc66c3eee97aaf9b,0xc58abeee571c2bf9a0f6573131f344752b6d346b0792872928b2e59c306c1f7c
49550313,2026-08-29 23:35:06.000 UTC,0x000000000000000000000000000000000000000000000000000000000011d4a3000000000000000000000000000000000000000000a8cff7796e7836b29c4d340000000000000000000000000000000000000000000000003a4965bf58a40092,0x00000000000000000000000087bba240451646eeaa2ce13c560147769cf1fd88,0x890a05b9bc31459ab3f378a9a5a23d0596632fece92970e4f5f87026a8264515
49554416,2026-08-29 23:42:01.000 UTC,0x000000000000000000000000000000000000000000000000000000000011d5e5000000000000000000000000000000000000000000a8cff7a25776ac97db528000000000000000000000000000000000000000000000000000000001e2339c19,0x000000000000000000000000a5bfefd3add153761cb2953004e81822720fa625,0x2fa06ac7bb00eabfe40df891e234324c7bc74a55c6d1775cfa02b39c85f365f5
49556916,2026-08-29 23:46:13.000 UTC,0x000000000000000000000000000000000000000000000000000000000011d695000000000000000000000000000000000000000000a8cff7796e78363b9ee4b9000000000000000000000000000000000000000000000000e747c420bac111bd,0x0000000000000000000000005fbc0e0cc7dcc7759c2c152b9aeb070a5d9be17b,0xe2c47f252169316b090e78a7d29bbdb08aad5dd6c14b197a9a07b1f2462b440b
49561589,2026-08-29 23:54:05.000 UTC,0x000000000000000000000000000000000000000000000000000000000011d82a000000000000000000000000000000000000000000a8cff7796e78363c4745ee0000000000000000000000000000000000000000000000003a4965bf58a40003,0x0000000000000000000000006c988920d26531fd27464d48da7203cb5473302e,0x058cb6af1e522fef8f23578a35bab36b9c666397ce389405518817a3f12248bd
49562486,2026-08-29 23:55:36.000 UTC,0x000000000000000000000000000000000000000000000000000000000011d897000000000000000000000000000000000000000000a8cff7856f3b111af1438800000000000000000000000000000000000000000000000000000001e2339af8,0x000000000000000000000000161e7eee5190fd1a7fa78b1c55eb77a36972262f,0x95fb7378d2ab1baaf100f77b006c0bd744521895323b5d0b5bf63deaee673b2b
49563636,2026-08-29 23:57:31.000 UTC,0x000000000000000000000000000000000000000000000000000000000011d904000000000000000000000000000000000000000000a8cff7796e783646160b330000000000000000000000000000000000000000000000024baf4ec4e8955973,0x000000000000000000000000a33a5536cb1da0549aba4f0ad9676372e35b6604,0x0711882760fd9d8b2dbc25dd216ebf5a51a096489acc7115ece1e5ab26453853
49566170,2026-08-30 00:01:50.000 UTC,0x000000000000000000000000000000000000000000000000000000000011da3a000000000000000000000000000000000000000000a8cff7796e78364781ae3d0000000000000000000000000000000000000000000000009744943fd3c2002b,0x000000000000000000000000447096437c7476413e752df0b1db3e2c9169e341,0x684cef362d8a30c71b4d47923dae07a21dfd88ec8466eb52a09f8b9987619439
49567764,2026-08-30 00:04:30.000 UTC,0x000000000000000000000000000000000000000000000000000000000011daa8000000000000000000000000000000000000000000a8cff77d084c45233e08b700000000000000000000000000000000000000000000000000000001e2339aa4,0x0000000000000000000000009a1cd1822ef2db154fbe3901d97c8b137cb8fba9,0xf60cc256e2057d1f01ab32d0d8b077f7eee07a6324578d4c3bded5ac4af18900
49569224,2026-08-30 00:06:59.000 UTC,0x000000000000000000000000000000000000000000000000000000000011db63000000000000000000000000000000000000000000a8cff7796e78363b736f0e0000000000000000000000000000000000000000000000003a4965bf58a40002,0x0000000000000000000000009f7c90d63944ea689f2068e581c453f8b72fe35a,0x2621c11f1eaf379178453c26e64c005089333c4c0f7641fd182da4896e961aef
49569657,2026-08-30 00:07:42.000 UTC,0x000000000000000000000000000000000000000000000000000000000011dbac000000000000000000000000000000000000000000a8cff784ef32f2bcb46f0a00000000000000000000000000000000000000000000000000000001e2339af3,0x0000000000000000000000009b1fff4321e4556081b056660e14f104906391fb,0x4009cfc8f57971e95029972dd56c5facba62d4bef4ea03c3ea04dedd220a3e43
49570739,2026-08-30 00:09:32.000 UTC,0x000000000000000000000000000000000000000000000000000000000011dc25000000000000000000000000000000000000000000a8cff7796e78365f0886b90000000000000000000000000000000000000000000000003a4965bf58a4002d,0x000000000000000000000000133e72a95a10b6d8328cb365b360ca84b9fdf134,0xc4af72560b2fd420d57d6fdaf0601420bb40e0115f6ffe6e83c86f507e3ad428
49572861,2026-08-30 00:13:05.000 UTC,0x000000000000000000000000000000000000000000000000000000000011dca2000000000000000000000000000000000000000000a8cff7796e783642d29e82000000000000000000000000000000000000000000000000758ced50c4c0706c,0x0000000000000000000000009c05cbec6c6f8ce87926fec6a491314030d4215c,0xc2b101d3a5960cb630f1e98480e7835633a5930f548358ef3685e75f8d7aceee
49574867,2026-08-30 00:16:28.000 UTC,0x000000000000000000000000000000000000000000000000000000000011dd88000000000000000000000000000000000000000000a8cff77d551df1079774f400000000000000000000000000000000000000000000000000000001e2339aa7,0x000000000000000000000000224b6c792a9e4a4885cd8babaf0936d2f797ef82,0xa45e353428a7da42223914831b66dbec24cee6967815bf8a7d8cb2120eeb5eaa
49575255,2026-08-30 00:17:05.000 UTC,0x000000000000000000000000000000000000000000000000000000000011ddb3000000000000000000000000000000000000000000a8cff7796e783660b0347a0000000000000000000000000000000000000000000000003a4965bf58a4002f,0x0000000000000000000000009988628ecdc40baebc076686df551f91b2ef2c66,0xdc3a0e616a8c9858e889751369525b193ffe6f8365c8477323ef153a7bfef9b6
49577404,2026-08-30 00:20:45.000 UTC,0x000000000000000000000000000000000000000000000000000000000011de4e000000000000000000000000000000000000000000a8cff7796e7836a3b7316f0000000000000000000000000000000000000000000000003a4965bf58a40080,0x0000000000000000000000002deff95b296d148c13dce9117ffa2c38a4b40c6a,0x42e75be9aa77e659c5190e77fc2531058227018e0f70c7a0368429bf003c437d
49577416,2026-08-30 00:20:46.000 UTC,0x000000000000000000000000000000000000000000000000000000000011de51000000000000000000000000000000000000000000a8cff7796e7836cebed6fd0000000000000000000000000000000000000000000000003a4965bf58a400b4,0x0000000000000000000000004c4137e26c92e7a901dd6a153721504e46936216,0x7fa0153ed38fe4af54b4f4e849856a77e5b36c779fbbf7cc276c481f1599758d
49579325,2026-08-30 00:23:58.000 UTC,0x000000000000000000000000000000000000000000000000000000000011df28000000000000000000000000000000000000000000a8cff7796e7836456181910000000000000000000000000000000000000000000000003a4965bf58a4000e,0x0000000000000000000000004e7fa57ba27d7fed98d5dc13f5406dfebf93568e,0xe8e3ea7ba63209a15be250b78d88a96ff59cabc648edb720bc8bb70073be3b7d
49583698,2026-08-30 00:31:19.000 UTC,0x000000000000000000000000000000000000000000000000000000000011e092000000000000000000000000000000000000000000a8cff78defc5143acfe32300000000000000000000000000000000000000000000000000000001e2339b4d,0x0000000000000000000000009b5399a7d22df56c5a0ccfbc26bea3a3a12755fc,0xcd11db4b9769c63ce5a444a03638218dbe386c190f3ba041ef2d5f9a6bdfedd8
49584252,2026-08-30 00:32:17.000 UTC,0x000000000000000000000000000000000000000000000000000000000011e0a5000000000000000000000000000000000000000000a8cff7796e783648c46aff00000000000000000000000000000000000000000000000168d28e3f00280070,0x0000000000000000000000006c3f7ea83e115eccb23faf5f108bf694a1deea11,0xe1ef83599c90e29ae6eb1ce0f64ba6f36dc59198710ca6516786858a0c0486ec
49586308,2026-08-30 00:35:45.000 UTC,0x000000000000000000000000000000000000000000000000000000000011e179000000000000000000000000000000000000000000a8cff7796e7836db9a248d000000000000000000000000000000000000000000000031b82eb30fbbda4bda,0x0000000000000000000000000fa944e5c053952a7bb50ed47c31e064d30ec19a,0xb0caa237e7954f953233bea96ea2c03ad1f84ea0e328c5509bafd5c9c61683d0
49586734,2026-08-30 00:36:26.000 UTC,0x000000000000000000000000000000000000000000000000000000000011e1aa000000000000000000000000000000000000000000a8cff7796e78363b736f0e0000000000000000000000000000000000000000000000003a4965bf58a40002,0x0000000000000000000000001abeea171ec0e04eded2286515d16eaa999a0872,0xd08c0388185322f9b57dbaa45e518747ee3eccfc167fffd8127a12b7a7dfc44e
49589593,2026-08-30 00:41:14.000 UTC,0x000000000000000000000000000000000000000000000000000000000011e244000000000000000000000000000000000000000000a8cff7796e78363c4745ee0000000000000000000000000000000000000000000000003a4965bf58a40003,0x00000000000000000000000073cab12066bc2937d0c4010f0c3f91d801decc59,0xbb13e1175873a7536422f5d5e6dfe73d8828cf707d4af3ff9101c4c037687de0
49596316,2026-08-30 00:52:34.000 UTC,0x000000000000000000000000000000000000000000000000000000000011e3f5000000000000000000000000000000000000000000a8cff7796e7836e01f77620000000000000000000000000000000000000000000000003a4965bf58a400c9,0x000000000000000000000000e4d7c9fc56fa0dea5099734bbdf657193c6ec384,0x797754b444eb6e9dd3a6ce0d24876822e6c0d3f5fc46c128cc7ef19f0619b203
49599674,2026-08-30 00:58:12.000 UTC,0x000000000000000000000000000000000000000000000000000000000011e4c7000000000000000000000000000000000000000000a8cff783bbec436c658c7200000000000000000000000000000000000000000000000000000001e2339ae7,0x00000000000000000000000024dd1df14fda7d40ebf2d66a330951b8625d8f18,0x5d96387c24d033d9eaf57d24dcbba997faa10732a6d13ae3a75e4c91d1592952
49606069,2026-08-30 01:08:56.000 UTC,0x000000000000000000000000000000000000000000000000000000000011e5f4000000000000000000000000000000000000000000a8cff77feee1c2a604eb2300000000000000000000000000000000000000000000000000000001e2339ac1,0x000000000000000000000000a05f84c0e6f3b6073536e797a82fce01c1df4c0a,0xbe1fc003c6494e566d843ee1ea97d944c3e6dc337ba54ba50002e72dac35d713
49607347,2026-08-30 01:11:06.000 UTC,0x000000000000000000000000000000000000000000000000000000000011e651000000000000000000000000000000000000000000a8cff7796e78363b736f0e0000000000000000000000000000000000000000000000003a4965bf58a40002,0x00000000000000000000000015d8b45ab86cd566b3a77dad43016a07862c1918,0x9f17971a20cbeaf6a1c7cc0b061d5dfe10102543df6530012b50ce6cb3998252
49622379,2026-08-30 01:36:25.000 UTC,0x000000000000000000000000000000000000000000000000000000000011e9ad000000000000000000000000000000000000000000a8cff7796e78363a31064e00000000000000000000000000000000000000000000001400e758f44724002a,0x000000000000000000000000af309e85afbffa54a82b99468b23f490054a0420,0x6ade6bc81dc2a0850c8bca1a915a18ab3ee6346728a01e52a7787bb3c49bf4ce
49624958,2026-08-30 01:40:45.000 UTC,0x000000000000000000000000000000000000000000000000000000000011ea1c000000000000000000000000000000000000000000a8cffb8cc98c2aaa6fcb710000000000000000000000000000000000000000000000000000000000c92f04,0x00000000000000000000000034644c6338f7a90662cd694e5420b83c696e961d,0x45b3f317006891d68974dfbc3047d6142a01d87a5fa23a8ebcd02da29d83f51d
49628347,2026-08-30 01:46:27.000 UTC,0x000000000000000000000000000000000000000000000000000000000011eac7000000000000000000000000000000000000000000a8cff7796e78365ec864330000000000000000000000000000000000000000000000009744943fd3c20074,0x00000000000000000000000037be1647e12e25a7011f5e08299f44a50bce8ac4,0x58cc2df5f4e1f97fb99a912327414dfd7dbdba95483b2e6dbd1032278694acd4
49634702,2026-08-30 01:57:10.000 UTC,0x000000000000000000000000000000000000000000000000000000000011ec53000000000000000000000000000000000000000000a8cff7796e7836a8ae3ab00000000000000000000000000000000000000000000000003a4965bf58a40086,0x000000000000000000000000852bcb2d1e3fec297da6744dbe0b23b328994480,0x9484b9e382459f9c739b2303fea28ebc8726e9409b258e8b549dd14d8898f537
49640800,2026-08-30 02:07:24.000 UTC,0x000000000000000000000000000000000000000000000000000000000011eda5000000000000000000000000000000000000000000a8cff7796e78363c4745ee0000000000000000000000000000000000000000000000003a4965bf58a40003,0x0000000000000000000000007ad45a152e5bf1c4769f6254fc309434a8ae3cfc,0x39215b162e2bc4027c9ca977de1284b6f6fbc7ac3b0e1841ff99f491c6d1fd93
49644988,2026-08-30 02:14:26.000 UTC,0x000000000000000000000000000000000000000000000000000000000011ee78000000000000000000000000000000000000000000a8cff7796e7837136d81b20000000000000000000000000000000000000000000000003a4965bf58a40107,0x0000000000000000000000000eacab9485af589d9ac07f4b0bdc6d4a0a95ce84,0xb7c022a0ceb83997479344c31e0bb4b6721b9c9d1b3abe8b39228901624358ca
49648881,2026-08-30 02:20:59.000 UTC,0x000000000000000000000000000000000000000000000000000000000011ef2a000000000000000000000000000000000000000000a8cff7796e78367a5739a20000000000000000000000000000000000000000000000003a4965bf58a4004e,0x0000000000000000000000000ef59a46d368755b71c42f20bac562c2a122e957,0x06e5d5963b36ff4093906f803b98b9a012224700fbcd6554779237d70166a5e2
49654594,2026-08-30 02:30:37.000 UTC,0x000000000000000000000000000000000000000000000000000000000011f051000000000000000000000000000000000000000000a8cff7796e783642b949ba0000000000000000000000000000000000000000000000009744943fd3c2001c,0x000000000000000000000000ab6115265727ce2d28d74f4cae7f13ffde4fe1f6,0xd9743c6317a76fb84892b07ff206958646747f37a58f6634b191635f4d31b584
49668568,2026-08-30 02:54:05.000 UTC,0x000000000000000000000000000000000000000000000000000000000011f380000000000000000000000000000000000000000000a8cff79d0a53d540cfb6b600000000000000000000000000000000000000000000000000000001e2339be4,0x000000000000000000000000ea874d93be9e795a3f15b4c1d613cea6ee4f2d48,0x3d905aad1c9d5a444268cdc3515ac29048852084bf81beeed19e343bc3aa6af2
49670768,2026-08-30 02:57:47.000 UTC,0x000000000000000000000000000000000000000000000000000000000011f422000000000000000000000000000000000000000000a8cff7896f7c03c8916fbe00000000000000000000000000000000000000000000000000000001e2339b20,0x000000000000000000000000db5ba77de30c68916e24e9663184a0425eca7288,0xc74586100abccd1ac16494753e083cc4281bfe08b89934d32d5cbb17e43cc468
49678438,2026-08-30 03:10:41.000 UTC,0x000000000000000000000000000000000000000000000000000000000011f64c000000000000000000000000000000000000000000a8cff7796e7836db5c0eae000000000000000000000000000000000000000000000031b82eb30fbbda4b9a,0x0000000000000000000000003abcc13eb62a86ca7195f2ef77c1f74491ed1834,0x11539d4939d9d234b09a875d22d0e6cb440acc81b92bacd7bf782b073e1b7954
49683357,2026-08-30 03:18:59.000 UTC,0x000000000000000000000000000000000000000000000000000000000011f7c2000000000000000000000000000000000000000000a8cff77ed5364c7318ccfb00000000000000000000000000000000000000000000000000000001e2339ab6,0x000000000000000000000000231c2b5ac16253404b7457b96b46510142db5e72,0xa087be15abafe4627eebc269544410261f3c4fc96225114c5cbc5f97d33c2e70
49683392,2026-08-30 03:19:02.000 UTC,0x000000000000000000000000000000000000000000000000000000000011f7c5000000000000000000000000000000000000000000a8cff7796e78368d5f87c80000000000000000000000000000000000000000000000003a4965bf58a40065,0x0000000000000000000000007a7ed21898ba3c211a3387f598955a2cb8ed3bad,0xaedf9bd52fea7d400d90dbf0156560545ca90f6c977a8d3dcc341c304008ae24
49689292,2026-08-30 03:29:00.000 UTC,0x000000000000000000000000000000000000000000000000000000000011fa98000000000000000000000000000000000000000000a8cff7796e7836db5d0705000000000000000000000000000000000000000000000031b82eb30fbbda4b9b,0x0000000000000000000000008c39794d13b1eb2b4bbea8f74c0ff1c84b544f40,0x136d377611eac6eae1f8dd1e384f8ec86f9fca8c98ac1e8b7d0f40a37ec1ac08
49691772,2026-08-30 03:33:14.000 UTC,0x000000000000000000000000000000000000000000000000000000000011fcdb000000000000000000000000000000000000000000a8cff780bbbb8cf3d5688500000000000000000000000000000000000000000000000000000001e2339ac9,0x0000000000000000000000006bd7bcdb14da652cad864c13bb549af54df8c329,0x52611dbd7372a0fddbdfefb4e97534f6eab03ae90218c7ddddf892953c40d5d5
49694237,2026-08-30 03:37:24.000 UTC,0x000000000000000000000000000000000000000000000000000000000011fecd000000000000000000000000000000000000000000a8cff7796e7836db69a377000000000000000000000000000000000000000000000031b82eb30fbbda4ba8,0x0000000000000000000000001f584a72e9d89695cdbdc828a35adbf57e7efc90,0x205f41471b8d55880e4169923512f39128bf1be8bb43b53871b0a74a893d9a7c
49696964,2026-08-30 03:41:59.000 UTC,0x000000000000000000000000000000000000000000000000000000000012011e000000000000000000000000000000000000000000a8cff7796e7836db754791000000000000000000000000000000000000000000000031b82eb30fbbda4bb4,0x0000000000000000000000003d2b57f05e1d137cbb75bbc6003a09aa8ed294de,0xdc4bf4e9270854b32619e6ca215e90d42421bdb9787cd2961220e8d1647a247a
49699522,2026-08-30 03:46:20.000 UTC,0x00000000000000000000000000000000000000000000000000000000001202da000000000000000000000000000000000000000000a8cff7796e7838459a11d30000000000000000000000000000000000000000000000003a4965bf58a40279,0x000000000000000000000000e9202e91a664fcfc2ee911f617c12b8f64b12f2f,0xf281816ce0b1b911207c50e33a4af534f689cf786682bcbc2d0205c57cc29e4c
49702302,2026-08-30 03:51:02.000 UTC,0x0000000000000000000000000000000000000000000000000000000000120504000000000000000000000000000000000000000000a8cff7796e7836421226100000000000000000000000000000000000000000000000003a4965bf58a4000a,0x00000000000000000000000054cd9576430af8b5a5d45bfa3e4ee83bd1055289,0x22a7329686df325834c9d2c64fd4b2495a210bd94fe7e17b495c31e01a20feb7
49706290,2026-08-30 03:57:45.000 UTC,0x00000000000000000000000000000000000000000000000000000000001206d0000000000000000000000000000000000000000000a8cff7796e7836db69a377000000000000000000000000000000000000000000000031b82eb30fbbda4ba8,0x000000000000000000000000a82a164aa18261c1ca8d10bde4b03cffe534a272,0x03cdda4b2817fdb30c6a1ccab0ebd532661224f93e08e9b14353a07edef7279f
49706785,2026-08-30 03:58:35.000 UTC,0x0000000000000000000000000000000000000000000000000000000000120713000000000000000000000000000000000000000000a8cff7796e783642e5fcf00000000000000000000000000000000000000000000000003a4965bf58a4000b,0x00000000000000000000000014bd2d7fb406d609bb4ddf5bbe4c1c891d868853,0x3a505e636a678c9ed5caafe6309378ff66fa31e6f65ebcd48ad8686264c5b4ec
49715467,2026-08-30 04:13:14.000 UTC,0x0000000000000000000000000000000000000000000000000000000000120ac8000000000000000000000000000000000000000000a8cff7796e78366e6812f10000000000000000000000000000000000000000000000009744943fd3c200a5,0x000000000000000000000000374e462f88f321292eacb661df9280b7adfb251b,0x995f2dbe19d47a8642c79a57b40ae47cb3b32e3dde30171efe550b5454c85d52
49716583,2026-08-30 04:15:04.000 UTC,0x0000000000000000000000000000000000000000000000000000000000120b45000000000000000000000000000000000000000000a8cff7796e78363f5fdd21000000000000000000000000000000000000000000000000e747c420bac111cf,0x00000000000000000000000027956daee2f9ff8dfd1cbaabf8120bd449c300d5,0x2ffd01de13b75d466bf71dc76f4f3bc8c4a82222beaf41059d71033edcb651d2
49724425,2026-08-30 04:28:17.000 UTC,0x0000000000000000000000000000000000000000000000000000000000120df3000000000000000000000000000000000000000000a8cff7796e7837bd1093480000000000000000000000000000000000000000000000003a4965bf58a401d4,0x0000000000000000000000009969caa63792cb58dae5f251d300f5262f6c3fa4,0xe6311ca501f44514ff7b9347aee6a62f1423f382cc75f0c9a257d1e3a90f9df8
49727212,2026-08-30 04:32:59.000 UTC,0x0000000000000000000000000000000000000000000000000000000000120ecc000000000000000000000000000000000000000000a8cff7796e78363c4745ee0000000000000000000000000000000000000000000000003a4965bf58a40003,0x000000000000000000000000386646b4108c76830929e93c20d59753fa7bc52f,0xb83af5e61c17ac23042dcc460f8cefa2abff23bb2a47728960eef199039a03ae
49730136,2026-08-30 04:37:55.000 UTC,0x0000000000000000000000000000000000000000000000000000000000120f87000000000000000000000000000000000000000000a8cff785d5a7f631c45bc500000000000000000000000000000000000000000000000000000001e2339afc,0x0000000000000000000000004e63a67c47abbb8dd693d1349cf68f6cbb3aac47,0xfc0a2c83b14f4abfa8b0066b960a3e25132f4c3dc163b0015fc7559c3dca8a06
49734528,2026-08-30 04:45:19.000 UTC,0x00000000000000000000000000000000000000000000000000000000001210fc000000000000000000000000000000000000000000a8cff7796e783668fc6dd40000000000000000000000000000000000000000000000009744943fd3c20094,0x000000000000000000000000fa4f2ceac90069037018f24b80a8b902315eca4b,0x9ccd5546bf56bd2592b64159a12b66f763591a9b367a49d935114a4561193f72
49736808,2026-08-30 04:49:09.000 UTC,0x00000000000000000000000000000000000000000000000000000000001211b3000000000000000000000000000000000000000000a8cff786bc1cf9a0af389b00000000000000000000000000000000000000000000000000000001e2339b05,0x000000000000000000000000311153956778d2def410eb743906294a5422e840,0x39154dcfe80273bca84c0ac34bf4872d8335bff4f8770b7cade0e5e011c4c089
49738760,2026-08-30 04:52:28.000 UTC,0x0000000000000000000000000000000000000000000000000000000000121243000000000000000000000000000000000000000000a8cff7886f6bc7288a78a500000000000000000000000000000000000000000000000000000001e2339b16,0x000000000000000000000000a0831d3f20d602150e852948bb87925faa898450,0x74d11103290d8d85c58e1072b898dda63eaa8fb122a6c76f4189a3658a8ed450
49741771,2026-08-30 04:57:33.000 UTC,0x000000000000000000000000000000000000000000000000000000000012135d000000000000000000000000000000000000000000a8cff7796e78363a76db2a0000000000000000000000000000000000000000000000024150e39800400008,0x0000000000000000000000000e125c8821035f0f7f7e5a99663b122fd9bbf679,0x80f29864eff3cde723945709227e6e96ef1aa1aaa6ea692ae07b338f4fc635a6
49742850,2026-08-30 04:59:20.000 UTC,0x00000000000000000000000000000000000000000000000000000000001213ee000000000000000000000000000000000000000000a8cff799d6ecae9b6c7f6f00000000000000000000000000000000000000000000000000000001e2339bc4,0x00000000000000000000000056f1ea2d327456c5402cf541f602ececb482c312,0xbbaf5f6178d7899964f0d65896eb3024f652e964577921233d9efa03d592904e
49744648,2026-08-30 05:02:24.000 UTC,0x000000000000000000000000000000000000000000000000000000000012147e000000000000000000000000000000000000000000a8cff7796e78369dec514d0000000000000000000000000000000000000000000000003a4965bf58a40079,0x000000000000000000000000062109024ab7ba15affb466ac293e2c73aa4b364,0x238d13d7a485d1e735bcfa3abdd77853f9b0f34d16bce39db3f5387776d9ae82
49744957,2026-08-30 05:02:55.000 UTC,0x00000000000000000000000000000000000000000000000000000000001214a1000000000000000000000000000000000000000000a8cff78088851a60d5cf1800000000000000000000000000000000000000000000000000000001e2339ac7,0x000000000000000000000000db2e7ba563631228220241186860fe17a155273c,0x37f470435ed1c7af06b04218078876878100ac49ad403a28a7ad89b16337b90e
49746639,2026-08-30 05:05:44.000 UTC,0x000000000000000000000000000000000000000000000000000000000012154d000000000000000000000000000000000000000000a8cff77f086cbf08acb29d00000000000000000000000000000000000000000000000000000001e2339ab8,0x000000000000000000000000b50446175bfdf78681fa7406f7422062ae322ec5,0x8b8d033abe1ab5a50581c469c066c847598d588d1be5b95feeb74f2a62bf973c
49748596,2026-08-30 05:09:02.000 UTC,0x00000000000000000000000000000000000000000000000000000000001215e6000000000000000000000000000000000000000000a8cff7796e7836ada543f20000000000000000000000000000000000000000000000003a4965bf58a4008c,0x0000000000000000000000003c337f7e211a5c502bb71e1bd2e32f5b090d8810,0x2d4ecf4dd4f55bea9dbe32a1f2719c51f2831b18b0667fdb78f38987ab48857d
49752267,2026-08-30 05:15:13.000 UTC,0x0000000000000000000000000000000000000000000000000000000000121772000000000000000000000000000000000000000000a8cff78808fee2199b1c5200000000000000000000000000000000000000000000000000000001e2339b12,0x0000000000000000000000002e12228ef240ac868c86c2bd460f8b3a8a09b5dc,0x7098e95179bfcb5b9c557c57c8ab4ceafba5c08ba42279477a3a061b3cbfe7a7
49758916,2026-08-30 05:26:23.000 UTC,0x0000000000000000000000000000000000000000000000000000000000121ae6000000000000000000000000000000000000000000a8cff7796e783661a706e90000000000000000000000000000000000000000000000009744943fd3c2007d,0x0000000000000000000000003648d6f381c561d780c5d521a7fd981f5634f20c,0xcc88f3c515bb8d82f4d83214c4aa2c842c4ff357b2024c137e30725e622ddd68
49759079,2026-08-30 05:26:40.000 UTC,0x0000000000000000000000000000000000000000000000000000000000121afd000000000000000000000000000000000000000000a8cff781555ee4ab021d2100000000000000000000000000000000000000000000000000000001e2339acf,0x000000000000000000000000b446da3555086dde3fc803ba99d1f4dc9b530e65,0x3f9101584e89d6c8585dcc316c9393f6e212792841ca44834b03212d990ad956
49760888,2026-08-30 05:29:43.000 UTC,0x0000000000000000000000000000000000000000000000000000000000121b95000000000000000000000000000000000000000000a8cff7803bb36e83c4c18e00000000000000000000000000000000000000000000000000000001e2339ac4,0x0000000000000000000000000344e9c53454f2ad9b5f260df37d11518a760a3e,0x8dbc796144d8d8199eaca045acfdb0ca1c509a224287ab077bed07146fc8d899
49761357,2026-08-30 05:30:30.000 UTC,0x0000000000000000000000000000000000000000000000000000000000121bd4000000000000000000000000000000000000000000a8cff793234cb4b58c9d3400000000000000000000000000000000000000000000000000000001e2339b81,0x0000000000000000000000005e516c8c9c3ea4c91dd19ba6c99d979231b52617,0x2729643bd47b46af4eed2f710f608bd5ab72d4b4aa07c6c74ec39194e94007ae
49767100,2026-08-30 05:40:09.000 UTC,0x0000000000000000000000000000000000000000000000000000000000121d83000000000000000000000000000000000000000000a8cff78ad5f92568a9572f00000000000000000000000000000000000000000000000000000001e2339b2e,0x000000000000000000000000186efb6d540ffd424811df88d1455384117970fe,0x0c877cb65252d934049233a78bf81112bd68a94b41af32a74fe0aeb2bd1ad821
49768594,2026-08-30 05:42:42.000 UTC,0x0000000000000000000000000000000000000000000000000000000000121dd3000000000000000000000000000000000000000000a8cff78388b5d0ddf32e3400000000000000000000000000000000000000000000000000000001e2339ae5,0x000000000000000000000000d7da0459ca30226bc33437434c6fe6c5e6e28d55,0x183f18858fcd1eb60d0ab75075887e7fe21f9d500755ee5fb4461e9824264109
49768765,2026-08-30 05:42:59.000 UTC,0x0000000000000000000000000000000000000000000000000000000000121dd8000000000000000000000000000000000000000000a8cff783557f5e4f33215900000000000000000000000000000000000000000000000000000001e2339ae3,0x0000000000000000000000008d6e3ed465e123f26bed6fd81c8297010142fa8f,0xa878c6b234aba62b0453481ab6412f3e1e54ace9f0fa0eca374143e83b6de198
49770656,2026-08-30 05:46:09.000 UTC,0x0000000000000000000000000000000000000000000000000000000000121e4e000000000000000000000000000000000000000000a8cff7a7a4998319ceb1f200000000000000000000000000000000000000000000000000000001e2339c4e,0x000000000000000000000000e6c5c0a9ff668e2e68f6b612905655cf91e67482,0x5aa5927d8abb045b076b761f51a1c697495b6ba06406f5a94e8a217ec2f2a05c
49772560,2026-08-30 05:49:22.000 UTC,0x0000000000000000000000000000000000000000000000000000000000121ee9000000000000000000000000000000000000000000a8cff7796e7836510e121400000000000000000000000000000000000000000000000168d28e3f002800ae,0x000000000000000000000000d1ae43be878a59284ab006e044a21a5312c74b63,0xafd769f52e9ea51cb31351ba1c272af1e5d8d2dd6bc89495442029591bdebb9c
49777128,2026-08-30 05:57:03.000 UTC,0x000000000000000000000000000000000000000000000000000000000012207d000000000000000000000000000000000000000000a8cff7796e783650f741d50000000000000000000000000000000000000000000000003a4965bf58a4001c,0x000000000000000000000000300edaf3886b5404ac5e78b8489b6aa8d235372d,0x8dfdf2e16ad47de8856343142b0036b2346ba4cc617ddc1135c85f42efee0627
49780106,2026-08-30 06:02:05.000 UTC,0x00000000000000000000000000000000000000000000000000000000001221a1000000000000000000000000000000000000000000a8cff7796e78364b41be6c0000000000000000000000000000000000000000000000009ab03bd7c519064f,0x000000000000000000000000f7d0031925ea43a1ed38c9c0d9bfa81cecd07b28,0x30c4a76487a0d58fd8be33a6ebdb15e7b57cee2cc26d2e376835f43e7928ede3
49784520,2026-08-30 06:09:29.000 UTC,0x000000000000000000000000000000000000000000000000000000000012231a000000000000000000000000000000000000000000a8cff7796e78364a33b8ee00000000000000000000000000000000000000000000000171b0c39ea3dc2c52,0x000000000000000000000000ea3309625b11a15b26ad93d15df933db58a91e53,0xb275261694ccfde7dfe9a6dac6b18c4b7ab9964485821d0c22fd27e69c2fb423
49784532,2026-08-30 06:09:30.000 UTC,0x000000000000000000000000000000000000000000000000000000000012231b000000000000000000000000000000000000000000a8cff7796e7836af2230040000000000000000000000000000000000000000000000009744943fd3c20170,0x000000000000000000000000e640e6cc95ec05b4fa864d6d7e634d337e479457,0x804e889b5553405dc3d58fffcd4a3c1e78f7cef3314462ee9f8611167e9ed008
49786478,2026-08-30 06:12:48.000 UTC,0x00000000000000000000000000000000000000000000000000000000001223b5000000000000000000000000000000000000000000a8cff7796e78364d33e84200000000000000000000000000000000000000000000000171b0c39ea3dc2c69,0x0000000000000000000000003e87b3f3d0ae0576cb6a40936d42b343a1f19d39,0xa374458b10c7501a40c26f8812f10b003581551aa396493760a0eab2b2e5b192
49787782,2026-08-30 06:14:58.000 UTC,0x0000000000000000000000000000000000000000000000000000000000122443000000000000000000000000000000000000000000a8cff7796e78363c4745ee0000000000000000000000000000000000000000000000003a4965bf58a40003,0x0000000000000000000000000c05f9d64b998747432289110f0e5296e99bee62,0xd78005d05652220435776065c2adfef3ad8899a06627ae5f36fceb81e52e168d
49790401,2026-08-30 06:19:23.000 UTC,0x000000000000000000000000000000000000000000000000000000000012255e000000000000000000000000000000000000000000a8cff7796e783b091cb8d30000000000000000000000000000000000000000000000003a4965bf58a405d0,0x000000000000000000000000d523a627030509021cc39b6d7c8543417d3e50d8,0xed6f1bab1efc4eb202e93d4b2847874e18d812bfb7076530d234368d287316c2
49792806,2026-08-30 06:23:27.000 UTC,0x000000000000000000000000000000000000000000000000000000000012260a000000000000000000000000000000000000000000a8cff7796e78363b736f0e0000000000000000000000000000000000000000000000003a4965bf58a40002,0x0000000000000000000000003d07c81b65ea0414efb533b4d196de0fa9a9c211,0x733948ea5972c1e523f8323078beddc14a5e018b551c4786e61da5715750c183
49795642,2026-08-30 06:28:12.000 UTC,0x0000000000000000000000000000000000000000000000000000000000122714000000000000000000000000000000000000000000a8cff79056527216cbabc600000000000000000000000000000000000000000000000000000001e2339b65,0x00000000000000000000000017aad2056e1edfd1f09d0838487b485052b46c68,0x7657593c4a13aebdccaa5235b9bc57147c464f5ed87e22ff0ab08fe84c5c9697
49799161,2026-08-30 06:34:09.000 UTC,0x000000000000000000000000000000000000000000000000000000000012282e000000000000000000000000000000000000000000a8cff7796e7838512fd2170000000000000000000000000000000000000000000000003a4965bf58a40287,0x000000000000000000000000e79b662689f79cb7f7d44f4fd7b36db6db6de950,0x6e9711d744f827a8578ffbd3f1e3293a59c0d1c541eee943f05242256411fbdb
49801148,2026-08-30 06:37:29.000 UTC,0x000000000000000000000000000000000000000000000000000000000012290a000000000000000000000000000000000000000000a8cff73c0eb8a44f4a93420000000000000000000000000000000000000000000000000000000000c92ef2,0x000000000000000000000000dd052c2aac0b84454a30a27adfee29f3b66e1785,0xf46c602f03f37c9d62ed17065f17eb7ab3528a65c20436f5a507ce6d5575c2d1
49803736,2026-08-30 06:41:49.000 UTC,0x00000000000000000000000000000000000000000000000000000000001229f3000000000000000000000000000000000000000000a8cff7796e783642f7a73f0000000000000000000000000000000000000000000000024baf4ec4e895594d,0x0000000000000000000000003f3d422253ff77c69e8706b7d60eaa159ff97bfc,0x94bac4e3763de2ec99068df453adc2ecf659f3f3dc08b9a33be9e4b46156dbc7
49804334,2026-08-30 06:42:51.000 UTC,0x0000000000000000000000000000000000000000000000000000000000122a23000000000000000000000000000000000000000000a8cff7796e7836529eef950000000000000000000000000000000000000000000000003a4965bf58a4001e,0x000000000000000000000000508e975a690b15adc5c08a1c58c379740bed3f95,0xa5052ac43fef0722d91e909b14f086a7bb12e8cfebd7928f5e8ed47f41bc17e3
49806066,2026-08-30 06:45:47.000 UTC,0x0000000000000000000000000000000000000000000000000000000000122a9b000000000000000000000000000000000000000000a8cff7796e78363c58c3b60000000000000000000000000000000000000000000000009744943fd3c20008,0x000000000000000000000000decfb040e38385326ae9f47133ad03c410e41725,0xa1abbca8d3b00c943ad1b7c2a96de9d6b1c7a16cfe9a15d0c7124a56f100978c
49811710,2026-08-30 06:55:17.000 UTC,0x0000000000000000000000000000000000000000000000000000000000122d90000000000000000000000000000000000000000000a8cff7796e78363a505eb600000000000000000000000000000000000000000000001400e758f447240037,0x0000000000000000000000004e228a648be09750c36a3f19153b2e7f45c30eec,0x5cbd72bd7723ea2c324dcc6738c60fbd6cc1e008a599a3ed65fad907776cceba
49814425,2026-08-30 06:59:52.000 UTC,0x0000000000000000000000000000000000000000000000000000000000122ed1000000000000000000000000000000000000000000a8cff7796e78379f465bbf0000000000000000000000000000000000000000000000003a4965bf58a401b0,0x0000000000000000000000008c69c5035fd2921b25cddd560670719fa5a7b099,0x8244dd6dfb0e6572c55fc233b11b5eae983e99fba699abdf9f00ee6c5daa0d7e
49817473,2026-08-30 07:05:00.000 UTC,0x0000000000000000000000000000000000000000000000000000000000122fd7000000000000000000000000000000000000000000a8cff7796e78376136680b0000000000000000000000000000000000000000000000003a4965bf58a40165,0x000000000000000000000000fbe7264ac60a6ca9ab2f1dd1b80055c0bf876a4d,0xeb2b16b675e3cab53126c501c64d9cf6e727feec4ef02d1d40710cd8f4b2d719
49817523,2026-08-30 07:05:05.000 UTC,0x0000000000000000000000000000000000000000000000000000000000122fdf000000000000000000000000000000000000000000a8cff782bbdc06a120e31c00000000000000000000000000000000000000000000000000000001e2339add,0x00000000000000000000000086f074abef1253d59cb1da9b46c5d93a19bee509,0x398a4e5b23bcef3a224371a43614d2e7e341b988a7dea9965b357da5b21cd1e7
49818255,2026-08-30 07:06:17.000 UTC,0x0000000000000000000000000000000000000000000000000000000000123015000000000000000000000000000000000000000000a8cff7796e7837d0ecb84e0000000000000000000000000000000000000000000000003a4965bf58a401ec,0x000000000000000000000000f9686720327c031a876080fcfdd5e1a42e01c2e2,0x1b42ac6880f576e17acf29420c1e39d1221380ec24e6ec21059b64b031a3b969
49821640,2026-08-30 07:11:59.000 UTC,0x00000000000000000000000000000000000000000000000000000000001231c0000000000000000000000000000000000000000000a8cff7a93e4d15ceb5a00600000000000000000000000000000000000000000000000000000001e2339c5e,0x00000000000000000000000034c21f10ea7ec052ed878d157f40fb4160730b24,0x46a3bb7fcaed077276eb2c271e62ffaf6c550f3e4014fbcb318364cd1bc3fa8d
49823988,2026-08-30 07:15:56.000 UTC,0x00000000000000000000000000000000000000000000000000000000001232f1000000000000000000000000000000000000000000a8cff7796e7837e6708b150000000000000000000000000000000000000000000000003a4965bf58a40206,0x000000000000000000000000d4b43f5ae281a69b015479a8f3c4ee281ac4eba5,0x9f4254b95f778d8f0ad6eb6714f62c9e08fe0c93091c27c03bcd6d2c343d680a
49827026,2026-08-30 07:21:02.000 UTC,0x000000000000000000000000000000000000000000000000000000000012344c000000000000000000000000000000000000000000a8cff7796e78371299aad20000000000000000000000000000000000000000000000003a4965bf58a40106,0x0000000000000000000000003e62f84767a37589ea95989b4d11dd330222606e,0x1c98fea03cb5438b9b552ed15501773a5265f97ee7b4968664c2525332556c44
49827182,2026-08-30 07:21:18.000 UTC,0x000000000000000000000000000000000000000000000000000000000012348e000000000000000000000000000000000000000000a8cff7796e78369f93ff0e0000000000000000000000000000000000000000000000003a4965bf58a4007b,0x000000000000000000000000649fd8bf26abf0b305ddddcc1ca18150ae3c7a32,0xcfe384d590cd038a642e1f3b148f91272eb9ea8239f3432e5898e9aaaacc99a6
49827644,2026-08-30 07:22:04.000 UTC,0x00000000000000000000000000000000000000000000000000000000001234c9000000000000000000000000000000000000000000a8cff7796e78363a63a8cf00000000000000000000000000000000000000000000001400e758f44724003f,0x000000000000000000000000d0a60fbcdd1a98a38a8a07b82cac95331fc70d3e,0x2af98770ed6a1f278687b2ba75f4f1651246577b1b45c70cba3a59ee645e6435
49828131,2026-08-30 07:22:54.000 UTC,0x0000000000000000000000000000000000000000000000000000000000123516000000000000000000000000000000000000000000a8cff77ceeb10bd6f962a900000000000000000000000000000000000000000000000000000001e2339aa3,0x0000000000000000000000000866281c8d31b68916fb132a5a6afeffb7578dce,0x31d0a0fde6186d1ef0be80c95f96cfcca50d22f7580977b93e9fed0368aea421
49829760,2026-08-30 07:25:38.000 UTC,0x00000000000000000000000000000000000000000000000000000000001235e2000000000000000000000000000000000000000000a8cff7796e78370a53460f0000000000000000000000000000000000000000000000003a4965bf58a400fc,0x0000000000000000000000006254056ead0863d58aa27a0983ad146be9482d26,0x40921f81b433d16100753b0de3b0cdb8d4349fdcc81a0493c3c009e9d7a71c95
49832770,2026-08-30 07:30:44.000 UTC,0x000000000000000000000000000000000000000000000000000000000012386b000000000000000000000000000000000000000000a8cff7796e783642d19e6e0000000000000000000000000000000000000000000000024150e3980040006c,0x000000000000000000000000bcf01898fc7d5de44883c5cbd8963c268073dbde,0x9770284ecb9945d23683d6fa61e9410f501e879ae35a43b69425c89283e9863d
49836022,2026-08-30 07:36:14.000 UTC,0x0000000000000000000000000000000000000000000000000000000000123a7a000000000000000000000000000000000000000000a8cff7796e78364367550f0000000000000000000000000000000000000000000000024150e39800400073,0x0000000000000000000000001db7e92a6fffda837f186f9f33d65e30b7486eab,0x14be757228ce7121da3aa7d7e6e7c32c9a97820a6553faf3aea2d00a4e031216
49840007,2026-08-30 07:42:57.000 UTC,0x0000000000000000000000000000000000000000000000000000000000123c5c000000000000000000000000000000000000000000a8cff7796e7838cef7673f0000000000000000000000000000000000000000000000003a4965bf58a4031f,0x0000000000000000000000006e8d12e3136694d77a002e6e6e6149956fb5e0db,0xb17657943f9174cf5b8eddf49047f39d4a55d914b0e2cc0b21135f9046899156
49843373,2026-08-30 07:48:37.000 UTC,0x0000000000000000000000000000000000000000000000000000000000123dcc000000000000000000000000000000000000000000a8cff78da2f3687c3de21d00000000000000000000000000000000000000000000000000000001e2339b4a,0x0000000000000000000000003156e4c2ccb190b6d30be68049160f53de162f47,0xa85a139903840f0a3dc09c114833fb03d51ba0b3d1b5550ab38d5a7638a76e12
49847735,2026-08-30 07:55:59.000 UTC,0x000000000000000000000000000000000000000000000000000000000012401e000000000000000000000000000000000000000000a8cff7796e78363b0c91cb0000000000000000000000000000000000000000000000024150e3980040000f,0x0000000000000000000000004d1002713e129c3fbe3de3aadbca27ef81ba0fd1,0x9d2c4f8e731c44811264efc49a01f59e09fa4617243c04f520e15a8ce7aafd6d
49849229,2026-08-30 07:58:28.000 UTC,0x0000000000000000000000000000000000000000000000000000000000124082000000000000000000000000000000000000000000a8cff7796e783642a39cb90000000000000000000000000000000000000000000000024baf4ec4e8955949,0x0000000000000000000000007d3e94b7c8c6b45f36f64639a1512a31f423c689,0xa2861e32a118da04bfe504e4d1dfb41e10cdd75ddb871ca953faefa1106927b8
49849384,2026-08-30 07:58:44.000 UTC,0x000000000000000000000000000000000000000000000000000000000012408e000000000000000000000000000000000000000000a8cff7796e7836cb6f7b7b0000000000000000000000000000000000000000000000003a4965bf58a400b0,0x000000000000000000000000563d3f92774f31639e118da80912773ccd8871f4,0x3af31badf6c8f3319e2523c80abf94f8abcb3385d12cca38b1763284e8f029a3
49851512,2026-08-30 08:02:19.000 UTC,0x00000000000000000000000000000000000000000000000000000000001241f5000000000000000000000000000000000000000000a8cff7796e783813f3b5440000000000000000000000000000000000000000000000003a4965bf58a4023d,0x000000000000000000000000ba94c931288fb97215dd53bfa8cb1e98fcde8eed,0x829f191782719282a85ae5947c5d205edabb32b8b00aa7ac11e56e5d46606723
49853588,2026-08-30 08:05:50.000 UTC,0x0000000000000000000000000000000000000000000000000000000000124343000000000000000000000000000000000000000000a8cff7796e7837824ffb150000000000000000000000000000000000000000000000003a4965bf58a4018d,0x000000000000000000000000a6df4daa08417671f650a736931108aa73aa3ae7,0x0cb9f4ccd41bb7aec30113d01210ba5579972c21ea1bccef58b985ce9f23577e
49856653,2026-08-30 08:10:59.000 UTC,0x000000000000000000000000000000000000000000000000000000000012447a000000000000000000000000000000000000000000a8cff7796e7836674eeb7c0000000000000000000000000000000000000000000000003a4965bf58a40037,0x0000000000000000000000007a83dc73131dacbb4ef129b0e0f61abde70c7f3d,0xa8a2a73ee98284dc9e3e9d03fe75fb53591af466a39605785b90dde3ec6e33df
49859724,2026-08-30 08:16:11.000 UTC,0x00000000000000000000000000000000000000000000000000000000001245a8000000000000000000000000000000000000000000a8cff7796e78363d1b1cce0000000000000000000000000000000000000000000000003a4965bf58a40004,0x000000000000000000000000772987bf253b22b6e8f57d8180f1b393cf3cb54b,0x7ba20fd25582788cebc58c68535fd65d69b3829e534d5a9ce8c95111d9cd8140
49860530,2026-08-30 08:17:31.000 UTC,0x00000000000000000000000000000000000000000000000000000000001245de000000000000000000000000000000000000000000a8cff7796e783641981777000000000000000000000000000000000000000000000003e9f9ed77cf3400a2,0x00000000000000000000000016e3bb5343b7af84657bd410bb2f279272667eae,0x33e1ed637e6e8a67fc9fb5f3ca47f99c54040a668fada6135fe28b171be16798
49866053,2026-08-30 08:26:50.000 UTC,0x000000000000000000000000000000000000000000000000000000000012482a000000000000000000000000000000000000000000a8cff7893c459142c501f300000000000000000000000000000000000000000000000000000001e2339b1e,0x000000000000000000000000fc610bdc5811b58cde9c4df784166e0108252826,0xa6b22069450d692854a05700155a76e429f741f57313ea2b99284c7de0512413
