entry_n,entry_vwap,exit_n_120,exit_n_14400,exit_n_1800,exit_n_30,exit_n_300,exit_n_3600,exit_n_43200,exit_n_60,exit_n_86400,exit_n_900,exit_vwap_120,exit_vwap_14400,exit_vwap_1800,exit_vwap_30,exit_vwap_300,exit_vwap_3600,exit_vwap_43200,exit_vwap_60,exit_vwap_86400,exit_vwap_900,n_buys_pre,t0,token,vol_usd_pre
61,1.3581783635046934e-05,10,2,41,37,5,16,16,24,2,18,1.755037856843329e-05,5.781779339071197e-06,1.623757403126927e-05,1.3058047835355215e-05,2.1072473685372706e-05,8.98662573198645e-06,5.191073926063041e-06,1.4515218147459065e-05,2.6048365991830793e-06,3.5828702142032684e-05,3,2026-08-04 20:16:08,0xc8af2cc77bae2274ff7f8949e01e6c58f7a9c00d,29.518647769425854
0,,0,0,0,0,0,1,0,0,0,0,,1.336780569627307e-05,,,,1.7061751678132598e-05,1.336780569627307e-05,,4.8956908431232e-05,,0,2026-08-05 14:45:56,0x47be2c84a30d921bfcac1a1a3fdf8f082e274c41,0.0
4,3.7519702238291915e-05,1,3,5,3,3,8,11,1,0,1,2.9428613636469004e-05,1.0885038497165488e-05,3.173448261275416e-05,3.7522708277017607e-05,3.3707219793961366e-05,2.3969869132494585e-05,6.687497540384053e-06,3.694408735976803e-05,2.4210706634086396e-06,2.6708096174479936e-05,2,2026-08-08 02:27:51,0x5e568664993bf997acb08f70a182d7236745a649,284.7109694870496
21,4.2176518676018006e-05,5,0,10,9,18,16,0,12,0,25,4.599163580240757e-05,2.2077134721366906e-06,3.0138467179287628e-05,3.99927560292781e-05,5.631830006347166e-05,3.0297576759048617e-06,2.1628604560007176e-06,4.5563077114207364e-05,2.14547514351929e-06,4.00958490264912e-05,4,2026-08-09 13:06:54,0xaa126e7235f562241b35f6c6177a86f2c2dd3c30,31.131411223367575
0,,0,0,32,0,0,3,272,0,296,4,,0.0031122930736099323,0.0027244084335133695,,,0.0031960428725902575,0.05343478121527309,,0.05444522037664361,0.0018038592783404918,0,2026-08-09 23:27:38,0x95d3bc5d467d448ac83c5b33ff90f4dcfaf4c1e4,0.0
15,4.104179547482201e-05,10,15,35,12,12,30,19,3,17,23,3.880747408820073e-05,3.108791766285243e-05,6.705962302234644e-05,4.204819363352611e-05,3.882481283776272e-05,4.704899073620868e-05,3.379518499927286e-05,3.915228443317829e-05,1.1463668968010749e-05,5.775330103382822e-05,20,2026-08-12 18:31:08,0xe4beae0654a3a2d96ddab886f98ecd0c04899900,2546.58689044518
879,8.040804813509048e-05,377,5,83,383,326,11,2,496,2,97,0.00016234275224629496,4.329082433333325e-06,8.777709089314736e-06,7.62404205453504e-05,3.3973116587348054e-05,6.2376300095682085e-06,3.243508350818964e-06,8.490016758746619e-05,2.655457947556028e-06,1.1970827864151093e-05,70,2026-08-13 22:16:35,0x3fb90a74078ce44187b19ee247f651a4b2af9cb3,9658.627172299772
123,1.0816181277400708e-05,3,0,0,46,3,0,0,77,0,1,2.907576450048333e-06,1.969106962300673e-06,2.051055199570788e-06,2.2519190753840463e-05,2.6775636384248175e-06,2.1942404616425425e-06,1.969106962300673e-06,8.451990272612864e-06,1.969106962300673e-06,2.1015129663184187e-06,12,2026-08-14 13:40:45,0xefe6d5bde607d93f8b15225868a8f1b3d6a1b5db,507.71752876405293
222,1.4480641802509416e-05,88,0,0,43,9,0,0,179,0,1,1.127306928892982e-05,2.432428006677693e-06,2.5752574365068746e-06,4.669531605018856e-06,6.452328010757244e-06,2.4831950969836816e-06,2.4095227486195655e-06,1.845070226241251e-05,2.3740395360814065e-06,2.594680681181143e-06,67,2026-08-17 15:47:31,0x6f82aa888ad961a79fb28f81553e854228ece187,10686.517744916348
47,3.3390410802745984e-06,1,1,0,43,0,0,0,4,0,0,2.2097387767095534e-06,4.4426403804735476e-05,1.9854137592068795e-06,3.3928887533734953e-06,2.2683004764990426e-06,1.9766265748252433e-06,1.911705708897513e-06,2.2192102715623e-06,1.911705708897513e-06,2.2009861534147317e-06,73,2026-08-18 21:44:18,0x1f4e60f0f601e5af983487ce11c08d98e620abd9,13489.34685489123
1135,7.736367967815292e-05,249,60,3,601,45,1,3,534,8,6,1.6888555923879066e-05,6.432565628111692e-06,4.570177214401298e-06,0.00015474852061249684,1.1447095941700279e-05,4.531554948328935e-06,3.846497104879982e-06,5.3409757471153465e-05,3.1549077328945004e-06,4.288045921398448e-06,609,2026-08-19 19:15:56,0x79c8bbcf8d3ebe305e57f7fd4d626b2e0bf21db6,71716.48512556091
0,,0,0,3,0,0,0,0,0,0,0,,0.00010376779518387815,1.262717099717747e-05,,,1.0333256594852387e-05,1.7204422212052615e-06,,1.2656841811750168e-06,,0,2026-08-20 20:57:19,0x41f64587a6b7b4f5bd922f395acf1f804eb33746,0.0
50,0.00046795534006895324,59,0,12,28,5,2,0,22,1,47,0.0008196429693672241,2.56879882834057e-06,0.00018228046809053367,0.0004580076565885213,0.0005808190145656935,2.461333245391881e-06,3.705866285567774e-06,0.00048375627573741387,2.604182412690512e-06,0.0003791553435477363,57,2026-08-20 21:43:03,0x14c5bbe23ed292705e4e750da2bce8363c99b7bf,13039.402630894847
5,5.4065620961553036e-05,7,31,20,0,3,31,22,5,112,11,5.2113627695057126e-05,5.934098814420903e-05,6.009647271973163e-05,5.665221132938204e-05,5.161201803140581e-05,7.276281997238557e-05,5.626553677427982e-05,5.4065620961553036e-05,1.8906906010308425e-05,6.111260385197356e-05,11,2026-08-21 13:36:18,0x34c6ed2199274b5ff0814ca630fe4ed7f3946289,570.6235244989317
0,,0,0,0,0,0,0,1,0,0,0,1.1851393492888437e-05,1.6872569071844406e-06,3.49971296703502e-06,1.1851393492888437e-05,3.3007079068098974e-06,2.722471276792875e-06,1.2998575810772634e-06,1.1851393492888437e-05,1.1191764643034377e-06,3.3007079068098974e-06,4,2026-08-22 18:55:49,0xe57416788122cb80f70429b53ad0f066d2cd519d,9.282534200798999
1,4.248753202653281e-05,2,0,0,0,0,0,3,1,0,0,4.7874673482185666e-05,0.00011655220383623175,4.929455512314944e-05,2.1655289038915844e-05,4.9256331379433175e-05,5.0545207030508756e-05,4.8881335798033404e-05,4.248753202653281e-05,1.4385659981707313e-05,4.929455512314944e-05,1,2026-08-23 22:01:34,0x6973d01a4b97fc0a1fe81a55d56b01f420be2778,1.1094453826241717
93,1.7112018368437408e-05,19,4,1,24,19,15,7,69,21,8,1.382382035259605e-05,1.571946248710473e-05,9.873204637751448e-06,2.4178410421283565e-05,5.235024141435235e-06,2.0748715314296885e-05,1.8486720173098954e-05,1.563358477555411e-05,7.794258443409253e-06,7.07867115814436e-06,27,2026-08-24 01:18:03,0xdd106fa7dc9311a3a7ec7a3abbd1c75f55d872c6,693.8663644424411
82,3.5195801556317466e-05,66,1,3,45,46,3,3,37,2,9,3.739543322431852e-05,3.0440948560302863e-06,2.874744413481811e-06,3.592986247988073e-05,4.954341104037804e-05,2.9652577221789577e-06,2.9787380933892595e-06,3.425477957069013e-05,2.8632107513151514e-06,2.963592478698865e-06,35,2026-08-25 00:14:58,0xcabb93c5a6678f43b4ebfe921c246a96b613177e,1941.1743182256166
14,4.385830493434617e-05,2,20,10,3,2,61,56,11,43,12,4.495844645665266e-05,4.4502078226327714e-05,5.760918093360284e-05,4.689064150601416e-05,4.685302640199523e-05,7.584319011559682e-05,4.399630402917264e-05,4.314594582708948e-05,5.563781538278599e-05,4.9951681437125135e-05,5,2026-08-25 08:53:59,0x9756009487826de15e06a00036db893a3fa20c9d,46.43483296624697
84,4.6173263928413995e-05,27,363,79,40,30,334,105,44,224,23,3.9172611760373706e-05,0.00019226289694635555,5.5144434445992655e-05,4.867590579980873e-05,6.414369308274246e-05,0.00017686606424785855,0.00010887707133966786,4.410969910803285e-05,0.00011724557573455795,7.486526939154157e-05,24,2026-08-25 10:52:56,0x9de83d01bc3d0857435529d931679ba5dc31ddf4,1541.3351104944818
115,6.266772410927715e-05,95,27,23,52,152,23,85,63,90,53,8.837407891528374e-05,3.189699780257321e-05,3.604728736161731e-05,6.367070197643634e-05,0.0001670328211942902,3.8537730593841705e-05,5.992792220946371e-05,6.165165219282265e-05,9.965954433479458e-05,3.42654050269875e-05,14,2026-08-25 15:20:20,0x5571e3b04487438847566a54b59b940e6668a8c6,765.0490869125673
381,0.00010017990667668966,145,68,96,150,144,57,30,231,3,159,7.503624519649716e-05,1.2031192025891426e-05,4.986698996213396e-05,9.425500105629253e-05,4.5174396469072665e-05,4.543050160150217e-05,5.243492126397931e-06,0.00010411000245248855,3.6817948024262795e-06,0.00012107406999754312,52,2026-08-26 02:12:27,0x961adf099e1425fc80830509f041a286acfb0545,12217.715425056882
53,3.7666821954256626e-05,90,4,1,24,14,3,0,29,2,10,1.4162026499545753e-05,2.822162714020227e-06,3.2216409438739264e-06,3.949276282580663e-05,7.753634550608429e-06,3.133031219750179e-06,2.5723835691150073e-06,3.63781338202945e-05,2.6397475014142713e-06,3.7516525657846297e-06,4,2026-08-26 03:18:54,0x1441799e0a34b32c9fbb5791dc80eeac25a24519,84.77791740865791
77,4.774779039991604e-05,33,9,279,35,52,15,21,42,13,824,4.875681304156795e-05,5.903429067289455e-06,1.919617238749523e-05,5.0917732170807355e-05,6.125691859781905e-05,9.333622805834034e-06,5.356912687502454e-06,4.539714124167073e-05,4.590875119976771e-06,0.0003105494101323191,13,2026-08-26 12:59:03,0x3f6a33df13763c0f9b3386e904ca180a2839dfa3,737.8916649658039
79,6.790859525367579e-05,48,35,62,47,52,59,145,32,119,49,7.185958142509233e-05,7.148681433020986e-05,4.789719448251867e-05,6.19503803748142e-05,0.00010346501732508909,6.44724395420539e-05,0.00019399588723774766,8.37026204748772e-05,4.519633300297934e-05,8.084142186194821e-05,15,2026-08-26 21:42:14,0x311fd4b3182938b448700ea5015eec171dc7b0f7,1926.695569078463
292,5.5306635289330394e-05,246,422,479,182,85,2257,1082,110,1616,114,0.00017940930050448846,0.0010743001461009938,0.0005201990770983087,5.6379951516082794e-05,0.00014468750351847353,0.000915361899917791,0.002418834599807138,5.3834126634948296e-05,0.0025285832799861446,0.00024790710946540794,89,2026-08-26 22:37:41,0xcebc0cfbc5dd0893a9e3b9d0f75b211ddf5934a0,13259.950135266035
55,5.891577754338286e-05,13,26,29,27,88,38,31,28,8,23,5.1232181123163085e-05,2.5571468945374668e-05,4.6879689855509214e-05,6.256713443524373e-05,8.829622344138063e-05,4.8914882732711606e-05,1.9943159028724253e-05,5.5655326222764576e-05,5.333858602565693e-06,5.658135928511902e-05,31,2026-08-27 03:26:54,0x8ad18d2fc5108d0dcc7c9b14f88083abdc4a666c,3437.5264997032205
125,6.707455481673219e-05,150,0,1,68,68,2,0,57,2,5,8.521698487648511e-05,2.6306869992215483e-06,3.117617490736008e-06,6.612549602467023e-05,3.8298993174345775e-05,2.6749067332525227e-06,2.608179021612461e-06,6.776282985772528e-05,2.6508193159550965e-06,3.1157774191054643e-06,30,2026-08-27 12:32:49,0x014aa4ea00adff7d679aabfbfd777d0c4f8ee424,1692.6533402959622
1032,0.00011775640551905273,262,4,1,522,537,7,2,510,1,5,0.00013605573644867526,3.7191108165169907e-06,6.047704849837469e-06,0.0001050299582264328,0.00026747128247111635,4.127044439618971e-06,3.303705562220623e-06,0.0001318797548619432,3.188472378699926e-06,5.4853633686435775e-06,105,2026-08-27 14:59:27,0x2f656364394686c32ef896a6bf6739f706ad7334,11713.873761943758
523,3.626888250423416e-05,148,32,142,329,95,89,25,194,261,67,5.296622401596717e-05,2.0955487608430394e-05,0.00010205398751462021,3.850511411596717e-05,4.880505988251827e-05,6.523600947747155e-05,1.2748958908877606e-05,3.289648472426676e-05,5.145281197262738e-05,7.959917840446658e-05,336,2026-08-27 16:08:51,0xfc451d1685457859e4fd2e62ab89b69044563f21,99993.18945164321
69,7.59372236015905e-05,28,0,0,4,1,1,0,65,0,6,5.0008354386848534e-05,2.6846174165331638e-06,2.7449926919545966e-06,6.155390289322794e-05,3.2803392408964695e-05,2.692337811560521e-06,2.6846174165331638e-06,7.610573247506651e-05,2.6115874788169787e-06,7.381705743324275e-06,19,2026-08-27 18:22:56,0xcbb777556b6f32bbd6759a0a46f21ad4024e94aa,1127.373808109939
0,,0,0,0,0,0,0,0,0,0,0,,,,,,,,,,,0,2026-08-27 18:58:43,0x193ca9d55e7aa84358ce14cff7796fc1ebbe4255,0.0
0,,0,0,0,0,0,0,1,0,0,0,,2.0037040060291647e-05,3.7439940309652853e-06,,,1.134805074208729e-05,9.59626059993518e-06,,8.085524969183843e-06,3.7439940309652853e-06,0,2026-08-27 20:02:20,0x499368d95e47708aaf9a8ec2a281ec4ea29b3be1,0.0
64,6.069944191095806e-05,38,55,62,41,94,59,23,23,35,59,8.234842080611214e-05,6.238249384360814e-05,1.6522785775614534e-05,5.7597011343673475e-05,0.00011713501599411129,3.026518957077662e-05,5.3140788632304943e-05,7.110631429955559e-05,2.5939431401699594e-05,2.6445235570759017e-05,31,2026-08-27 20:46:32,0x9ecb1cb29353de3e28cdc26650e2bb6e5574816f,1973.7098019970922
62,5.005442273126903e-05,16,11,30,41,19,5,10,21,13,10,5.296446300322675e-05,3.730829173374113e-05,1.8778855850183064e-05,5.217011992441717e-05,6.069872995171557e-05,1.3361678267200901e-05,8.355642928933119e-06,4.647107365093404e-05,7.0218945585395265e-06,3.196512946594489e-05,44,2026-08-28 03:26:24,0x8ea510381d51d46c41d9edeff97164a21bfedede,4451.070592401649
66,4.7552202481324406e-05,30,0,2,38,123,1,0,28,0,5,5.528756912871947e-05,3.1984029059684683e-06,3.857610254187889e-06,4.588249968066893e-05,9.196041825807228e-05,3.211786769849597e-06,3.0701065004811345e-06,4.97617004352058e-05,3.0122354040859927e-06,4.10499940371488e-06,33,2026-08-28 09:55:45,0xd5ae5b7eff73f295a999febc96ffeca5e1834d7d,2387.7777580292145
45,7.222388569182914e-05,72,53,60,2,71,186,10,43,917,62,0.00010584025199124101,6.422220831366139e-05,0.0001311249354137882,6.158686181578734e-05,0.00012791652830345908,0.00017917054430254423,2.891098774608226e-05,7.244230896457705e-05,5.528948551687589e-05,5.1710775104335876e-05,12,2026-08-28 11:03:07,0x6ebebfbf4586ecedcb3a97306df2f196c28e9dd5,484.2084746783198
261,5.740743432327505e-05,39,2,12,128,89,8,1,133,1,13,5.7799510057593526e-05,3.198478866595758e-06,8.534822678422845e-06,4.895987824304267e-05,1.0680672087661714e-05,5.620222731053247e-06,2.8327077792709586e-06,6.855185147085028e-05,2.6561483354455334e-06,1.0879357592466079e-05,102,2026-08-28 13:29:19,0xe1017651f047a13dcf3b196e38665e5450c6294d,10280.904544934607
1,5.3176832684826236e-05,0,0,0,0,0,1,0,1,0,0,6.686610588278247e-05,7.87356969681114e-06,0.00012412352151538702,4.2039156418061746e-05,0.00010788962787057905,7.87356969681114e-06,4.456512622751367e-06,5.3176832684826236e-05,4.456512622751367e-06,0.00012412352151538702,1,2026-08-28 18:32:14,0x240e0aec123ac9247bb4068beb491e4ad07a6e37,1.0082061889055487
47,4.4565051240669576e-05,10,2,6,26,44,0,1,21,5,29,4.200885682542963e-05,2.0279048628488948e-05,2.4256377361233532e-05,4.041339715266603e-05,7.401868522090531e-05,2.2233250902608964e-05,1.5775748129530393e-05,5.0288134716445556e-05,2.154485713933286e-05,2.9048357543476932e-05,17,2026-08-28 18:59:21,0x202eadc406bf5a228387057c01139a1a2f6e01ff,895.3172957636576
1,5.492573829093454e-06,0,0,0,0,0,0,0,1,0,0,3.314110774609924e-06,2.088106226044983e-06,2.088106226044983e-06,,3.314110774609924e-06,2.088106226044983e-06,2.088106226044983e-06,5.492573829093454e-06,2.088106226044983e-06,2.088106226044983e-06,0,2026-08-28 19:45:49,0xeba896438aac1c2c81bfb99f056f5a94a10bfcbe,0.0
4,4.821148460733618e-12,0,0,0,0,0,0,0,4,0,0,1.4367018230622868e-09,1.4367018230622868e-09,1.4367018230622868e-09,,1.4367018230622868e-09,1.4367018230622868e-09,2.5397127572415632e-06,4.821148460733618e-12,2.8805590344521995e-05,1.4367018230622868e-09,0,2026-08-28 21:28:38,0xdae8102ef66cf0814c968bec5d5cedada8721fc0,0.0
101,3.383899732120623e-05,31,10,4,45,27,13,10,56,23,58,3.4617071351302434e-05,1.3373931477778316e-05,4.659231070956155e-06,3.389266674943932e-05,2.767256716991053e-05,7.477399463916358e-06,8.498151719253665e-06,3.3778958230993374e-05,9.24041059599964e-06,1.1240266468123814e-05,24,2026-08-29 01:58:51,0xa845ab9de80e00159373f1e94913c8b768c55a12,1706.8848593922119
96,5.5679569344042696e-05,174,12,269,44,38,2924,5,52,14,311,7.310949956363163e-05,7.200214225314073e-06,8.117081954135992e-05,6.29064009519738e-05,3.796805216005015e-05,0.000410601307818569,5.416150985045423e-06,5.16855427324501e-05,5.642971956925233e-06,0.0001707454233103977,65,2026-08-29 12:04:22,0xd2961c8d8e4e7b67298d7965a93dfbc794cb50ff,2975.8581204496168
0,,0,0,0,0,0,0,0,0,0,0,,,,,,,,,,,0,2026-08-29 12:19:49,0x1c9e6698b0613dfee5d87092897ceb61b8b96ca9,0.0
636,6.840973585827299e-05,439,1383,311,355,194,148,451,281,587,294,0.00012210849659738214,0.0006863989050676526,0.0001566230397191116,6.952812809820345e-05,0.00016564076528313568,0.00016317360202718555,0.0004515766788579793,6.705952638931717e-05,0.0003526488377213702,0.0002456118819965316,205,2026-08-29 12:49:37,0x030fa758dad53f0d6e23cfd3a8fe7bc7b54e5ac9,31551.206646470426
8,3.6811766748217364e-05,5,1,23,7,211,19,0,1,0,54,3.966357635441943e-05,3.2364006666600785e-06,1.9541770125849277e-05,3.678866387380685e-05,0.00010101994172608237,2.0718939105158157e-05,3.099393458836912e-06,3.746794772260192e-05,3.2550222449849816e-06,1.9758100856128366e-05,5,2026-08-29 16:40:15,0x693f3d7e3d1ebac11470c3bcf8ad1cb00a90ba66,461.09107259804136
0,,0,12,0,0,0,6,0,0,0,0,,0.0003082158920569102,,,,6.550461404956513e-05,1.3359549665238161e-05,,9.899707789718382e-06,,0,2026-08-29 17:27:12,0x4165103bcf4dca4bbb7b1d873d575ef62eaffb76,0.0
0,,1,0,0,0,0,0,0,0,0,0,1.0469864355208173e-05,1.0469864355208173e-05,1.0469864355208173e-05,,1.0469864355208173e-05,1.0469864355208173e-05,1.0469864355208173e-05,,1.0469864355208173e-05,1.0469864355208173e-05,0,2026-08-29 18:16:22,0x55a754ffb8ff44872021290c5eb8ce8bff28b26f,0.0
156,6.272999356552185e-05,32,56,22,95,43,48,30,61,50,12,4.2972646812782243e-05,4.9839915721854215e-05,2.262513469216088e-05,6.523990333251695e-05,7.265475714164942e-05,4.23300613204409e-05,3.01052763259834e-05,5.653520857560403e-05,3.188185713979978e-05,5.964185178385989e-05,87,2026-08-29 18:22:14,0x64cd85b86605992826dba09a5de9a70be9ae43d2,5850.831610323604
0,,0,0,0,0,0,0,0,0,0,0,,,,,,,,,,,0,2026-08-29 18:47:14,0x999a7fa88a272663a0f4ac017886cbfbbd4bb389,0.0
0,,0,0,0,0,0,0,0,0,0,0,,,,,,,,,,,0,2026-08-29 18:47:47,0x34eb0c855abf70278f1cf6d16abe6a3c2db52e0c,0.0
135,3.2850874205520804e-05,61,0,2,55,3,1,0,80,1,1,1.9834521164567943e-05,2.9251704119335827e-06,3.1847530594535307e-06,4.313144478398167e-05,3.887740395238118e-06,3.0772433459633716e-06,2.859313625884193e-06,2.744314725540005e-05,2.809117931018595e-06,3.3346738297949187e-06,76,2026-08-29 19:19:04,0xa8056390383f77b730d0f217a5002e082dab61e9,6558.235085879031
18,3.371655365687065e-05,0,1,0,6,1,0,0,12,0,0,2.602707917021218e-05,2.6805651814990003e-06,2.7764012929070357e-06,4.085028883115128e-05,2.571502980336934e-05,2.74957277575422e-06,3.6597655840221048e-06,3.226891645928353e-05,3.6531275912612674e-06,2.7310176651584682e-06,11,2026-08-29 21:10:48,0xb0fda17d0f227ce1b774b2220ad519a76a6c983c,439.1212903157922
199,4.762693656734117e-05,77,2279,117,157,372,194,537,42,406,153,4.7727877282426255e-05,0.0007063929307429101,0.00013844028284862547,4.4958440705516946e-05,0.00016516567804135767,0.00018114733414781634,0.00018449804345572565,5.679573731392131e-05,0.00023187996083899397,9.794254829914176e-05,119,2026-08-29 21:56:49,0xf1c66c8d49744067333dbf2ca2ad01aa92b12777,10202.764886509685
0,,0,0,6,0,1,1,0,0,0,4,,4.262132039986276e-06,5.779719264933711e-06,,0.00013813162171308173,8.036211681855737e-06,3.855464691111662e-06,,2.429883187487358e-06,0.00011111805199501364,0,2026-08-29 22:46:57,0x49491f2441f03aefa0dd3f6f4fdc5a2ec7859a49,0.0
206,5.602989659325835e-05,46,0,1,114,142,0,0,92,0,239,6.486479566081726e-05,2.739988792304666e-06,3.492510420487222e-06,5.130366397719961e-05,7.137030601715286e-05,3.97768342798215e-06,2.6354743307001327e-06,6.228345076355714e-05,2.6354743307001327e-06,7.618304564298386e-05,53,2026-08-29 22:59:36,0xa4fb5b5d102ae6df4e18076e1d17498c4df4de28,3358.5943781875653
54,6.0632350425583385e-05,29,8,162,33,50,36,5,21,1,94,6.148971538251926e-05,7.730573584010582e-06,8.658328513347332e-05,6.380073487898623e-05,8.416860026175854e-05,1.8029716182939623e-05,4.945716533056853e-06,5.5094019668266085e-05,4.838411362043844e-06,0.00010848783283276145,26,2026-08-29 23:26:02,0x27720292f23a7e711da70d06ebc9aa7f7b4ff62f,2939.921771319037
105,3.8497637318703367e-05,42,72,297,60,34,165,134,45,85,65,2.8767403299406838e-05,6.09001860517619e-05,7.312994098094929e-05,4.287813305618888e-05,2.8669379918946227e-05,0.00010006439800147022,3.732650446570889e-05,3.402042278110752e-05,1.5830788773591397e-05,5.424252539432206e-05,29,2026-08-10 08:39:45,0xae01e6ec5b0bb375fa154611e41b6448e7e6e0b5,2222.8363903725867
14,4.813292567283314e-05,14,5,11,8,26,8,18,6,2,8,6.144859532784576e-05,4.316737549973071e-05,9.088615071996267e-05,4.601572227641933e-05,0.00010165344023842908,0.00010637284151308124,4.3637359311484716e-05,5.523416950469867e-05,1.912246161933195e-05,7.939825664621664e-05,2,2026-08-12 21:22:26,0xb239099d34280a591d5c199e7e2e62c52daff9bc,94.62301363373506
212,0.00019782369191022258,98,932,186,89,55,704,551,123,573,49,0.0002563243797596655,0.0003208942830603329,0.00034205448812815823,0.0002224085819895868,0.0003614874376338479,0.0003796360635772393,0.000442888372133629,0.00018118842399429482,0.0002692642353520657,0.00033992951018044275,186,2026-08-12 22:32:08,0x9708efb3ba2e5d23e973cae1a8599606333cd4ad,21168.587991248296
0,,1,0,0,0,0,1,4,0,1,1,3.681832175911858e-05,2.4985116038382633e-05,3.0566246503662146e-05,5.2605423380234593e-05,3.681832175911858e-05,0.00040313374470558655,1.3301410467027608e-05,5.2605423380234593e-05,6.30573617402599e-06,7.32777377978385e-05,1,2026-08-13 18:33:17,0x88f34a37a8ef11a5eb82b5fdd57b1cff0fc156e8,37.26637812198
0,,0,0,0,0,0,0,0,0,0,0,,,,,,,0.0003220825620648135,,0.0003220825620648135,,0,2026-08-14 06:18:17,0x1830d994adca83b2a495b2cd2dfe49c55b7825f8,0.0
0,,0,4,0,0,0,0,40,0,46,0,,5.583138374554469e-05,,,,1.3549999043948629e-06,6.819148494250816e-05,,4.644487570028125e-05,,0,2026-08-17 11:30:24,0x91977308388303ad824be1bec319c1793dedb965,0.0
0,,0,0,0,0,0,1,0,0,0,0,4.6295762968021976e-05,4.436431754067518e-06,4.566053969685053e-06,4.6295762968021976e-05,4.6295762968021976e-05,6.010256522533229e-06,2.4481529524804592e-06,4.6295762968021976e-05,2.4481529524804592e-06,2.309519432562888e-05,2,2026-08-17 15:50:19,0xbba4164fad9ba2664dc584b777962e739b64699d,1.84663092039
217,7.776487581209668e-06,25,1,3,136,19,15,0,81,1,14,7.408512076679742e-06,3.0072414354085433e-06,4.358463461235197e-06,8.511969398577782e-06,8.384569017429812e-06,4.0925740475742485e-06,2.7372081274338424e-06,6.763459431659803e-06,3.581188882479623e-06,5.518808610941234e-06,254,2026-08-18 17:27:25,0x489f3487165a187cb8d2922c5bedc5cdd73ad6e5,14627.370567430224
168,0.0003833088719857058,47,79,26,75,74,38,17,93,353,139,0.00027982789359837695,9.439858012126529e-05,0.0001378252339733518,0.0003169503633561947,0.00013871367663640709,9.736155278697564e-05,2.9046122505559295e-05,0.0004066922166891385,2.0271896152024908e-05,0.00015323243051073394,62,2026-08-18 22:10:24,0xcc387ad9635326297cf0dce6d1d9f4f50b5ab0ef,25661.20408535785
18,4.9684397643294e-05,53,5,41,14,36,91,1,4,5,54,5.726109718319399e-05,4.318833639014596e-06,6.665078922803341e-05,5.017143088022673e-05,5.2023215386700425e-05,2.3194319012435624e-05,3.856388420612952e-06,4.7750643170381586e-05,3.875761672905279e-06,6.745549951668333e-05,9,2026-08-20 16:45:02,0x2c5beae02fccf7385dfa5d97107b5a3779174dfe,431.62088617300435
0,,0,0,2,0,0,0,0,0,0,0,5.154357955886317e-05,2.4963852504122535e-06,4.927441717026178e-05,5.154357955886317e-05,5.157977690632275e-05,2.4518693805833377e-06,2.4963852504122535e-06,5.154357955886317e-05,2.4963852504122535e-06,5.157977690632275e-05,3,2026-08-21 13:17:16,0x8217ac844a78e244db302a1540a26a42b20bc918,9.710907225147679
0,,0,0,0,0,0,0,0,0,0,0,,,,,,,,,,,0,2026-08-23 17:47:12,0x98e22c32394f0e15919e9a0f2c2d11d99b6d2a31,0.0
24,3.5896875943538836e-05,17,33,125,7,37,46,8,17,20,46,4.166551348312847e-05,1.1897561277739728e-05,8.843500327738896e-05,3.417894198093011e-05,4.7143511574697696e-05,6.442606912229405e-05,7.073731084717946e-06,3.735225165164865e-05,9.48286031299962e-06,3.562288073754962e-05,65,2026-08-24 13:29:07,0x809ed3ab555dadee697334fd688f2f0e12ac77fe,3443.9097713827123
662,7.720921357964292e-05,60,2,39,410,34,22,6,252,10,52,5.618299126608139e-05,4.904661708039595e-06,3.640727074771715e-05,8.785193256918898e-05,3.907488778200335e-05,1.0624114104810478e-05,4.733017279548696e-06,6.0292997307501256e-05,4.133610605297033e-06,6.739399123906908e-05,186,2026-08-25 17:51:38,0xa6083d989b51a5f095e08c244f50f12f90db4291,22605.28897668851
0,,0,0,0,0,0,0,0,0,0,0,,,,,,,,,,,0,2026-08-25 19:33:39,0xd16e3d92c7401a2659d054b48081c4db2d0bc92a,0.0
30,7.323023338811399e-06,0,0,0,30,0,0,0,0,0,2,5.552343854475256e-06,2.4611133116891927e-06,2.4473667818839345e-06,7.323023338811399e-06,5.695114505263694e-06,2.4473667818839345e-06,2.463174679561314e-06,5.552343854475256e-06,2.463174679561314e-06,2.551267195471783e-06,119,2026-08-25 20:58:27,0x0c44242ade604ba3b29730990008959383d2cb9b,18240.684240632694
117,5.6447682216604094e-05,186,0,3,58,21,5,1,59,0,18,2.3637274703107088e-05,3.7099298039520935e-06,6.566970980009964e-06,5.679979383968648e-05,1.498275557786723e-05,4.189735877930322e-06,2.8678605701679446e-06,5.596430731137108e-05,2.8027364530968238e-06,1.1255360749035036e-05,52,2026-08-26 19:17:15,0xe6a421d733e5116742f847123c6eabccdbebece5,5278.922641171998
469,2.3539291616333572e-05,46,2,20,311,25,23,1,158,1,13,2.04332117113032e-05,4.291682411703361e-06,7.891145792142915e-06,3.0579717538787935e-05,2.9220763476790003e-05,1.1028828388444473e-05,3.646758418525435e-06,1.661573421498379e-05,2.8704568073410976e-06,7.037404409458263e-06,195,2026-08-26 19:19:07,0x9178d9a72aaf1bb9ef824a31ecc9243ae6426b7d,14400.142430356264
93,7.60335476055459e-06,0,0,3,43,0,3,0,50,0,0,2.718104760780826e-06,2.5636406675506508e-06,2.572353804264913e-06,1.0868068728733316e-05,2.7458502271467927e-06,2.7418659255108772e-06,2.540952141353772e-06,5.862761667584867e-06,2.5451446399241297e-06,2.5928781509460874e-06,54,2026-08-26 20:19:34,0xb456424d0695b63a4be88aafdae7c77243856a14,6736.170642240241
110,5.8181876524300364e-05,119,1,3,46,30,8,0,64,1,6,6.953083401812754e-05,3.2579727043218603e-06,5.001189435679505e-06,4.75503806140743e-05,1.180893775782353e-05,3.825745529345685e-06,2.811882857971786e-06,6.891028364806385e-05,2.719803555325661e-06,5.313415227457873e-06,82,2026-08-27 06:30:53,0x7422eeae636c8697c9a2db8fe6439ea3f8d60d70,7423.845426418266
0,,0,0,0,0,0,0,0,0,0,0,2.3657345499284117e-05,2.3657345499284117e-05,2.3657345499284117e-05,2.3657345499284117e-05,2.3657345499284117e-05,2.3657345499284117e-05,2.3657345499284117e-05,2.3657345499284117e-05,2.3657345499284117e-05,2.3657345499284117e-05,1,2026-08-27 19:13:21,0x0efc7c4b937c67e22e1249e5a5f0d607c66edd27,1.2141847456643047
98,0.0002459626811453617,66,221,8,54,11,11,145,44,713,24,0.00042496665548678576,0.001384348125944037,0.0004200571300716556,0.00020097598553622597,0.0003652176688449256,0.00036928943730445027,0.00124250390014059,0.0003042760758187064,0.0016046944682248988,0.0004374612061165235,36,2026-08-27 22:00:39,0xa0e67be79118704a35e7d4b20c3ec4df36ef6e10,9517.442499684863
56,3.8253806503947096e-05,12,3,31,20,45,47,3,36,6,44,2.941100682770677e-05,1.261711831145567e-05,2.628520331465252e-05,4.826897436534443e-05,3.0366470308130125e-05,2.0147877817113976e-05,1.5997789047941358e-05,3.431013792502417e-05,1.1017394972466037e-05,3.464508224173336e-05,23,2026-08-28 01:47:31,0xaf0172ddea4ce60db3ebab05748a00b14fc8e433,1813.0618818602122
106,3.573648651326629e-05,42,1,33,14,67,16,5,92,4,15,6.8853021381427e-05,3.6878827287540913e-06,2.005826035475831e-05,4.306456565614393e-05,4.2666331832831884e-05,6.339291842783579e-06,3.7791824596531583e-06,3.503488141719319e-05,3.584431500109413e-06,1.3973125428609029e-05,32,2026-08-28 03:27:54,0x03a7207fb1da505667e1109c4e34f59c1e7f4bad,2517.828062923219
288,7.127435760916446e-05,235,0,7,113,102,4,1,175,1,13,6.633984060756747e-05,3.7375312403215384e-06,4.926431407672919e-06,5.929861627871671e-05,0.00010051481049168691,4.739441542498479e-06,3.4328702504733877e-06,7.700523311682172e-05,3.095712964900378e-06,5.122939994414812e-06,72,2026-08-28 03:37:05,0xe704bd5d545bb153ceb9c27e00331b4aaaeeec56,8872.807794561988
0,,0,0,0,0,0,0,0,0,0,0,,4.773914237095979e-07,4.773914237095979e-07,,,4.773914237095979e-07,3.428248221730889e-05,,2.7547666703913875e-06,,0,2026-08-28 13:57:52,0x9c1cba48d144807b97394cbd5afeeb660be010de,0.0
0,,0,0,1,0,0,1,0,0,0,0,,2.7250674195457853e-06,4.123700136372803e-05,,,3.3235556045250797e-06,2.4506324267127384e-06,,5.448306573591972e-05,,0,2026-08-28 16:14:55,0x6326c17342148c224249a4ba233ae2b1eaab4aa0,0.0
0,,0,0,5,0,1,0,0,0,0,1,7.281550010088903e-08,7.904916767522822e-06,0.00018959593024690875,7.281550010088903e-08,0.00010689329107465535,9.673436121422917e-05,7.904916767522822e-06,7.281550010088903e-08,7.904916767522822e-06,3.844065475780977e-05,1,2026-08-28 20:33:16,0xa7cea978cc9ee80770105585650d774e42a12337,4.992082552826
0,,0,0,0,0,0,0,40,0,11,0,8.645218482819301e-05,0.0002230514069882449,0.0002947794011357313,8.645218482819301e-05,0.0001368956950010423,0.0002947794011357313,0.0002612450364199691,8.645218482819301e-05,0.00022061088638650038,0.0001368956950010423,5,2026-08-28 23:47:12,0x402de848c5722361f604974399e2f5e953509aa1,6.386897635648849
0,,0,3,31,0,0,379,11,0,8,0,,5.199162479150454e-05,0.00018870445713100686,,5.950452997842909e-05,0.0005898454338379442,5.399717736492761e-05,,4.230127365499095e-05,4.9098605062167866e-05,0,2026-08-29 00:54:47,0xbe8c3f764c8788250129b19210026f4a96f78e5e,0.0
14,6.756945400607017e-06,6,0,2,5,5,1,0,9,1,0,2.4960708310149992e-05,2.6221853159287727e-06,2.6571382551155407e-06,5.904819162456217e-06,8.082123608579694e-06,2.64486933245473e-06,2.581150405598815e-06,1.2947928342649339e-05,2.5359471286193268e-06,2.9510295496803866e-06,11,2026-08-29 04:38:32,0x1ab8efcba2b493f89d8f14e146a949fd920f7960,227.80378170998654
0,,0,0,7,0,0,3,0,0,0,0,6.423652448168051e-05,3.165272461508018e-05,5.4465038585716566e-05,,8.784382334991684e-05,2.9973345143686508e-05,0.00020514594522279487,,0.00020514594522279487,8.784382334991684e-05,0,2026-08-29 11:09:32,0x51cdf29134a7fa3c3e5c85a730ac5b7321e5b885,0.0
67,3.157427427055264e-05,25,0,3,44,7,0,1,23,1,4,3.6142110146362904e-05,2.619260466364315e-06,2.650502793669948e-06,3.21309278821284e-05,2.826555414188621e-05,2.61231535270785e-06,2.5658234032991415e-06,2.9457972465479467e-05,2.575350965420129e-06,1.919946518642747e-05,136,2026-08-29 13:35:01,0xf6236b7f7b06d87cd130283eb1c811aa23a938e2,18535.72945252004
39,5.89307396921749e-05,19,53,184,8,16,84,17,31,77,25,7.124767003629021e-05,0.00011809798807830444,0.0001861174968856286,6.535165795378858e-05,8.270692268974303e-05,0.00020342997027139118,6.257481427573613e-05,5.860476396154014e-05,7.394660816911529e-05,0.00012543693403350477,18,2026-08-29 13:49:32,0x5ffd31094d3bddcdb61904bb769a9dce53e536ea,1313.2963457296405
297,1.173433440060231e-05,16,1,1,189,16,2,0,108,0,2,7.695347771369699e-06,3.034976567767092e-06,3.1413304379596723e-06,1.3743013769034646e-05,8.027234032084139e-06,3.2288555919340915e-06,3.1245145324528934e-06,8.901064945686185e-06,3.114149954121844e-06,3.402545006241665e-06,270,2026-08-29 13:49:55,0x6b44a7374dd829d983f0c149efc3eb0ceb7a67f8,20545.934523691816
165,4.525820371041524e-05,55,28,450,91,43,142,19,74,152,364,3.87284238856591e-05,1.8391339365349198e-05,0.0002228647744595405,4.546050156686517e-05,5.34937497240847e-05,0.00019131028385831046,1.0014249841063607e-05,4.512292276577041e-05,1.5197852394838462e-05,7.981760609814487e-05,88,2026-08-29 14:25:50,0x774f8f44891d6ed3516fe3fa18525c94f8f47b60,6468.917585988337
1,5.240779557164902e-05,0,0,1,0,5,0,0,1,0,0,5.240779557164902e-05,3.907237193015223e-06,9.123743949962986e-06,,0.00040317067373331946,0.000719369285647246,2.979140510206233e-06,5.240779557164902e-05,2.979140510206233e-06,1.1674922600818582e-05,0,2026-08-29 14:47:18,0xc19b982b971642aa6cc5346f5a15cd0ccf4626cc,0.0
339,2.07432057518403e-05,53,1,0,191,49,0,0,148,0,0,1.8965603129773588e-05,2.223606825255216e-06,2.469829256655815e-06,3.4246471953126994e-05,2.6000587685366383e-05,2.3153339339793923e-06,2.229198004303086e-06,1.0926337747898485e-05,2.221991827277973e-06,3.041317725037913e-06,166,2026-08-29 15:37:50,0xdf8c0ac06f6d2775c883a020cb5ff07b597360b7,23432.40659229682
32,4.504990355014653e-05,22,7,13,15,33,8,0,17,1,32,4.8090331144494884e-05,4.088238185573079e-06,1.169398711505008e-05,4.2489803096039004e-05,2.1415549954630332e-05,6.686231172114177e-06,3.3250163115847622e-06,4.6534869227308294e-05,3.623651493269316e-06,9.057163525683701e-06,15,2026-08-29 16:37:19,0x8be3be8e2c0f7f6bd13a18dac41b4703a98ae526,560.8429184940123
140,4.3431962934954814e-05,73,28,11,88,9,6,10,52,54,53,2.4934605222347945e-05,2.1408589002309666e-05,1.5123634268934379e-05,4.2966387717812535e-05,4.651681844561182e-05,2.000328306629759e-05,3.142666511476685e-05,4.425097000924267e-05,2.0511768124429047e-05,3.161004166183361e-05,47,2026-08-29 17:06:14,0x4c988196a8299fdb293569413addbea055e40a22,3434.627352906616
64,3.3218889503277465e-05,23,0,3,22,20,11,1,42,2,6,4.021047409760691e-05,2.9732941716742765e-06,3.3082987507248896e-06,2.339551874070296e-05,4.1382934765425984e-05,3.748448988147584e-06,3.4172212238407235e-06,3.9479548638469676e-05,3.490013113076635e-06,1.8585366531491643e-05,36,2026-08-29 18:39:43,0xba8b0cc6da8d71337f7190d3f400865e19b514ec,3519.671010647303
30,4.893421074902917e-05,7,1,159,13,28,5,0,17,2,23,6.383864039747369e-05,2.5858574640149137e-06,1.7184511298382397e-05,4.743243978455091e-05,7.578671705598906e-05,2.81040929774258e-06,2.532875126470293e-06,5.0206461165598934e-05,2.595992826613056e-06,0.0001151817207138661,12,2026-08-29 20:45:47,0xb399a164639cd1a40d1d94a43a43a2b746f13290,1385.2650811216245
1051,0.00016313177083605501,326,607,547,649,139,624,330,402,995,108,0.000236335066646441,0.0013037200910951787,0.0009084384237656325,0.00017263054268798787,0.0003049198324308221,0.0012727392025472478,0.0007391073737121874,0.00013953528766055584,0.0005363030234646536,0.0004230999966923646,483,2026-08-29 22:34:02,0x5b4619dae9c1143d7c5c0972f6623bc282a0d401,88966.58002368658
288,4.1560288439732746e-05,70,0,3,170,32,0,0,118,1,16,3.59949407739973e-05,2.423848869652255e-06,3.4157437996644126e-06,4.3672750205183814e-05,1.5096957026453268e-05,3.3553752491520377e-06,2.3364318868065728e-06,3.8228008899199805e-05,2.217637897488512e-06,3.0480910565004836e-06,160,2026-08-29 23:23:27,0x6170f76bcf8e15da5acd13852570095e3ed228f0,19789.767681304198
0,,0,0,1,0,0,0,0,0,0,0,,5.0397889385282545e-06,5.669516898118214e-06,,,5.0397889385282545e-06,5.0397889385282545e-06,,3.848804643752059e-06,,0,2026-08-04 18:09:02,0xc9e9ab90654f82893d7fd18b62f694992e8cef29,0.0
124,7.05098110526161e-05,20,8,7,93,9,10,11,31,34,4,4.771241623195617e-05,3.859252086683461e-05,4.218656955290901e-05,7.275235863133417e-05,4.685575160870145e-05,4.270055539733427e-05,2.880139035739945e-05,6.503652192706756e-05,5.251957835490127e-05,3.273274762245282e-05,87,2026-08-06 15:49:06,0x0cc8522ca4f423638032d0211a6e823392a1eae1,10762.537487110398
17,3.652577948224829e-05,18,77,80,13,10,66,67,4,120,15,3.3263106688316835e-05,2.137120234745885e-05,7.649872438307026e-05,3.654462821702174e-05,3.551699988577009e-05,7.533028789940321e-05,1.8843111613232527e-05,3.477432449530375e-05,1.9675645879759246e-05,3.7603717327454996e-05,13,2026-08-09 11:14:21,0x60f8eae2feccfce0a8852c0b7e083733883d024b,1463.1763819500002
116,0.00011562773239635755,43,34,11,82,26,27,129,34,2,69,0.00011055590778996696,6.941058382157656e-05,0.00010000914409439707,0.00011754305755033792,0.00011431796647529562,9.086781119834492e-05,3.158132477721205e-06,0.00010949922946953889,2.4439519722243478e-06,0.00010725682028107666,8,2026-08-10 16:35:26,0x411388ff37390dbf2578bccadb9efec222a26013,558.1173905999999
0,,1,6,8,0,2,33,22,0,17,10,4.590665393081452e-05,6.303736240436573e-05,6.750223205885811e-05,4.6285924851505257e-05,5.8989900174466435e-05,4.9852955105906944e-05,5.368782218406903e-05,4.6285924851505257e-05,5.020068000231354e-05,5.404495474489432e-05,14,2026-08-11 00:09:08,0x68f74a1cd31cd08112d971a704c16dba163c054b,1875.1616197013077
1,4.0243962161487955e-05,0,0,0,1,0,0,3,0,1,0,4.0243962161487955e-05,4.0933595022843486e-05,4.0548855350001506e-05,4.0243962161487955e-05,4.0243962161487955e-05,4.0548855350001506e-05,4.063293003409364e-05,4.0243962161487955e-05,8.70656268622011e-06,4.068270380691049e-05,1,2026-08-11 18:47:36,0x37544376aa77406336d769c8da92a14e02bc18b1,20.000751928158632
16,3.211307760168272e-05,13,7,18,6,32,42,2,10,6,13,3.205051740835789e-05,3.610765453765879e-06,2.4491247860450155e-05,3.051721150114024e-05,1.9177886588343058e-05,2.6922394825935554e-05,2.116937361843473e-06,3.334781342947329e-05,2.078119252624527e-06,2.2713666199867896e-05,30,2026-08-11 18:59:16,0x38917d8296861f023400650f8ed8f3782a58c20b,2162.2317334499553
0,,0,0,0,0,0,0,0,0,0,0,,3.1490687052555837e-06,,,,,3.8381189093689705e-06,,3.8381189093689705e-06,,0,2026-08-13 23:13:09,0x279fa7965da2827f223a0b42a81353373a20cf83,0.0
5,6.468928417725638e-05,8,0,2,2,2,0,0,3,2,1,6.829201811470767e-05,2.3252685527489176e-06,2.3430872090519987e-06,6.352721154598603e-05,2.099963726159592e-06,2.247424241501938e-06,2.1919938209836974e-06,6.473873823115367e-05,2.02550974870456e-06,2.388426486568293e-06,11,2026-08-14 03:19:48,0x03a602d39243df9d33d25330bb74741c97211ab2,2020.2387811713918
19,2.064451624525101e-05,2,102,29,4,5,22,24,15,57,12,1.8746203536896077e-05,1.458611909241397e-05,1.6862127706207224e-05,2.2983605249982914e-05,2.028108885498209e-05,1.6773634396790447e-05,1.4651181659239538e-05,2.0281672367705106e-05,5.691055371006891e-06,1.9565178423801504e-05,19,2026-08-14 16:51:43,0x20b7f0ca9cd94a44ef518b23a8841968641d653e,1256.511068145294
62,4.227178489559213e-05,44,0,2,16,13,0,1,46,0,14,5.571224798533904e-05,2.9546105427999455e-06,3.3520383391731154e-06,3.1694557037731864e-05,5.37338341458987e-05,2.837182664155382e-06,2.448927395859932e-06,4.6148532383527426e-05,2.448927395859932e-06,9.854174344933636e-06,11,2026-08-14 19:34:19,0xf07cff26c91525eaaa58a8b9a160335ac8c83250,597.5081523075378
28,4.152221540115573e-05,50,42,56,14,10,38,26,14,57,19,3.9658771848427334e-05,1.420469242532991e-05,3.960582267993376e-05,3.809895336683914e-05,3.6407284819009e-05,2.9887345698265326e-05,1.7970403875486866e-05,4.5579058147796106e-05,1.6400253906743153e-05,3.108506136780881e-05,7,2026-08-16 14:49:21,0x1efdd871f052900d88e4dc2d49bcd32bf77e333c,66.57451462087224
4,4.204793083941447e-05,0,0,0,4,1,0,0,0,0,0,4.2017966782905394e-05,1.9338121623158678e-06,3.988019788733429e-05,4.204793083941447e-05,4.1991558673771224e-05,4.003929906887281e-05,1.99233673717069e-06,4.2017966782905394e-05,1.99233673717069e-06,3.988019788733429e-05,3,2026-08-18 13:59:15,0x9da8557c82089ec365ff228e658de37700fe3b05,62.85955720627604
451,6.542379301268614e-05,163,2,4,291,112,0,0,160,1,12,8.835196699123083e-05,2.8495124420956987e-06,3.305460000927247e-06,7.464189527520172e-05,3.0449473443676915e-05,3.108577702164976e-06,2.818674687035293e-06,5.514004355075064e-05,3.2917138503701862e-06,4.7801693802820415e-06,66,2026-08-22 23:28:34,0x392cb3a6048856c8f4404c4cfa3fe8bf4ba3cc47,12141.936384642153
155,8.028185555443776e-05,52,3,9,101,22,16,9,54,16,59,5.5775799033289966e-05,5.795267804441345e-06,1.8224279477325008e-05,7.734068567276217e-05,5.5010973216684626e-05,1.2556288794990209e-05,6.679517672431678e-06,8.502863541241972e-05,4.773466875269258e-06,2.1356916784140276e-05,93,2026-08-23 03:09:17,0x4097b143ff4dba02de4fe9f85686f4d579fbef00,11925.239101327732
3,4.9008644013584434e-05,1,23,11,2,2,6,32,1,40,5,4.7891952691736656e-05,0.00011164055043357836,5.088990501820473e-05,4.8998399800768684e-05,3.746341619803052e-05,5.302010311810246e-05,0.00012790330777774666,4.9052670449631695e-05,0.000110465882256948,3.852061680190284e-05,7,2026-08-23 11:48:04,0xc6ac7e7464992f277d4c5a267df52c9d607bfcea,54.52937994637955
0,,0,0,0,0,0,0,0,0,0,0,,,,,,,,,,,0,2026-08-23 21:43:29,0x094bf922cca8022333a64904027b8ff29e12ceeb,0.0
0,,0,0,0,0,0,2,9,0,0,0,2.661656178896637e-05,2.16940890457358e-05,2.661656178896637e-05,3.2849534062697444e-05,2.661656178896637e-05,3.8942370115407256e-05,0.0010946778404369894,3.2849534062697444e-05,3.192098112932645e-06,2.661656178896637e-05,0,2026-08-24 17:44:05,0xd16e7422336e75fb995eaf14ea9f8f473968105f,0.0
187,1.7594073055484572e-05,40,0,0,128,12,2,1,59,2,2,1.559090561511507e-05,3.2318122816181287e-06,3.3352162457131046e-06,2.1415692245221463e-05,1.7755828130302297e-05,3.2227728654597386e-06,3.263915605520424e-06,1.259359967713319e-05,2.984625538856913e-06,4.449841430559203e-06,129,2026-08-24 21:21:22,0x5d593aace740ef9e12e46fce8e21cf715de331ba,10911.471214289835
4,8.65994551947703e-05,0,0,0,1,0,0,0,3,0,0,0.00011019153065927701,2.9698306166798124e-05,2.9698306166798124e-05,5.0272732087935584e-05,0.00011019153065927701,2.9698306166798124e-05,2.9698306166798124e-05,9.302419710033591e-05,3.166549353397871e-05,2.9698306166798124e-05,0,2026-08-25 16:44:06,0x9b17497e7b9b4f73af3e968c918e8c69bb46c13f,0.0
5,5.0443699095825234e-05,2,2,4,4,0,2,10,1,28,4,5.0049395175337225e-05,5.909691923056206e-05,4.876576119283769e-05,5.0452804561445784e-05,5.1869011440645104e-05,4.663276703101092e-05,4.926426603367871e-05,4.901695241298897e-05,6.071990139437984e-05,5.086701806752344e-05,3,2026-08-25 17:09:09,0x6226dab6f19e94d3717ab9cb3adbf7c52e8b7649,51.017950985922525
0,,0,0,0,0,0,0,0,0,1,0,,1.960225530396824e-05,3.394261012114813e-05,,0.00028706119441836977,2.9349692378886747e-05,3.6618547223361243e-05,,9.812175646259348e-06,0.00028706119441836977,0,2026-08-25 17:52:23,0x5205ad24a960ce4fcf50e8789ee725c8c5cb82b8,0.0
126,5.572849966451962e-05,27,392,211,102,43,138,124,24,318,40,5.420442458247642e-05,0.00016360741065925304,0.0001677286434810483,5.575912074839072e-05,7.461955201203284e-05,2.5480137395438153e-05,0.00011105813002120006,5.558058949883382e-05,0.00018683184699637157,9.242839932072861e-05,61,2026-08-25 23:26:56,0x2ad522452ea0a85774a6c6a8ae0e9f4fec3b2ce1,9795.069377314805
37,5.272553641300041e-05,20,52,52,19,38,42,306,18,365,30,5.973177392605028e-05,7.397747088695367e-05,5.868304983555674e-05,5.4500220059088895e-05,0.0001248796511113394,6.0744519928017665e-05,0.00011005898026414371,4.9145101587820666e-05,0.00017314893444058345,0.00010156832534258554,16,2026-08-26 05:19:48,0x35607c1a3f68650562054fef71d151bfbaa23e4c,2213.063555514004
1069,0.00026809074384427753,290,1506,3980,593,729,3716,887,476,6546,1105,0.00027556809272392686,0.00510908250789803,0.00616515553742717,0.0002570195603657178,0.0010385907245788488,0.011002465343140295,0.005874894156730479,0.00028939358678205175,0.0026823311065528235,0.0022081152590327107,196,2026-08-26 17:01:04,0x7cd7073a71eaf5f6e4febfa98460ee66cd97deb1,48120.00570616639
76,3.858250487173651e-05,4,214,167,47,245,33,302,29,82,46,3.061989032287164e-05,9.263310978267487e-05,2.353033976033933e-05,4.5347942744438495e-05,0.000268677939520612,1.0600585851099619e-05,0.00012263430762634241,3.2781352878218044e-05,4.384796984790875e-05,3.929131440532831e-05,62,2026-08-26 19:49:02,0x4901151cda8ea374254220d19f42e3097b6e22a4,5973.766459399571
90,8.657789266534606e-05,22,1,0,47,30,0,0,43,0,1,5.863468773108644e-05,2.666375676047081e-06,2.648095715093077e-06,7.965651892039972e-05,9.82144089497163e-05,2.6463064730539073e-06,2.8312801463227815e-06,9.399438510244579e-05,2.71260052448713e-06,2.6692793084505088e-06,47,2026-08-26 22:35:13,0x17e92b4ceaecefc797abfa02a12244a4ab1444a0,6093.162320150855
270,3.963273097985177e-05,105,4,57,130,12,0,1,140,0,7,1.5165300282480645e-05,3.4802927859746977e-06,9.009244172286886e-06,5.231568657838783e-05,8.481087386711439e-06,4.623266670792973e-06,2.740894310534907e-06,3.214173769725597e-05,2.820393343691301e-06,8.431745932734122e-06,104,2026-08-27 14:00:11,0xcba6c974da70d264e3fac81c94441fecdc44bfa0,6731.128239811157
14,5.274411039117345e-05,8,94,53,5,16,43,144,9,364,14,5.837678295068353e-05,0.00023901053283838583,0.00014166177993885835,5.2615100795463586e-05,6.433615157792857e-05,9.082178948475053e-05,0.0002619756893842145,5.277521108948214e-05,0.00037695511653558673,7.680769026586916e-05,5,2026-08-27 14:25:11,0x76af8d3b40a0d7b5197935d0e84c14f7a3782e87,114.34766651758015
106,3.930808287367878e-05,29,11,12,39,25,15,11,67,9,15,4.1363078936360646e-05,1.9694636860042402e-05,2.824226445581186e-05,3.7708837471620906e-05,5.8417234364524546e-05,2.730124988951427e-05,8.945325143540665e-06,4.0270570411900635e-05,3.2878258511435716e-06,2.5463450060476083e-05,21,2026-08-27 16:42:20,0x5baf810271cf08fcdfbbc4cbfc67bab97897805a,1881.2947373941977
43,3.586633401026405e-05,36,7,16,19,6,29,99,24,121,32,3.1967895778312137e-05,3.631799091711435e-05,4.7963160871703696e-05,3.44581095467626e-05,3.6344875189465193e-05,5.36925082629952e-05,8.146209966807338e-05,3.92263813467421e-05,0.00010163543039051262,4.4207016433691686e-05,19,2026-08-27 18:50:51,0x48dca2206189013fa50b9b2c38233b9363d72bd9,1062.0961703585474
0,,0,0,0,0,0,0,0,0,0,0,,,,,,,,,,,0,2026-08-27 20:02:04,0x7d27e1751315697e3c335634fd94272fa437fdf6,0.0
7,6.503361249701742e-05,25,13,225,6,104,2,3,1,74,269,5.9470515731710496e-05,5.053745658861171e-06,9.974474501843087e-05,6.503371554014414e-05,5.159252067412951e-05,3.7836100009973063e-06,4.394146337610243e-06,5.760003587108741e-05,5.649673610301354e-06,0.00010343080915912389,13,2026-08-28 06:35:08,0xe299373174b443b7214cfa114853d5362dbc104f,2181.3529552994096
0,,0,0,0,0,0,0,0,0,2,0,,0.00041361385162175615,,,,,0.0006212002144896162,,0.0012200349846193418,,0,2026-08-28 13:10:03,0xa80ea539a8521a7ba12dd374798159f81a67e5de,0.0
0,,0,1,0,0,0,4,0,0,1,0,,5.860952802573295e-06,,,,8.695461889219388e-06,4.6501356830370955e-06,,3.7351621768207015e-06,,0,2026-08-28 14:31:48,0x46926405f01ced2398966c6969dceee330ba4ec4,0.0
10,5.1193476787225867e-05,10,31,131,0,7,74,150,10,1097,60,5.117309698528329e-05,3.9741757949254505e-05,8.596353092440104e-05,5.721963404924572e-05,3.5640739118173096e-05,0.0001305545150436483,4.631188712925407e-05,5.1193476787225867e-05,0.0005030697826551259,8.959504171926301e-05,10,2026-08-28 17:44:32,0xd83de980db4e1118bf6b14da77b6fc4c15d7d6ba,1621.8106247810147
62,7.688725343522716e-05,32,16,28,16,34,39,176,46,215,73,6.791827204929535e-05,4.769581656764292e-05,8.311941353344897e-05,7.107787315745926e-05,9.438495581687633e-05,6.502278719527503e-05,0.00015943086282005023,7.976865478779006e-05,0.00014000536096341588,0.00010202259726222056,9,2026-08-28 19:33:08,0x7b7faa885c237faba733e7006e80149ba9224643,1111.1475386458642
183,6.595238255261815e-05,106,1,0,55,53,1,2,128,0,0,5.3270202581787184e-05,2.585907916542442e-06,2.6019537328110105e-06,5.196450387324415e-05,4.877075424892997e-05,2.574751465571363e-06,2.5639704752031766e-06,7.281699450565617e-05,2.5621121839951407e-06,2.6701505030391782e-06,115,2026-08-28 21:20:28,0x4356857ddd532fb34acbcfaa9d42e9f67f7d6045,44459.743251079126
0,,0,0,0,0,0,1,0,0,0,0,,5.0824012440880276e-06,6.852192987915687e-05,,6.980818587149308e-05,1.6638061325834783e-05,4.025788122712079e-06,,4.025788122712079e-06,3.859849466354254e-05,0,2026-08-28 23:12:49,0x9edf5f2333d2e9557025bfc661171933669335ae,0.0
2,9.836565061763401e-05,0,0,10,0,0,7,30,2,1,18,0.00010804165317503824,4.933439459053531e-05,4.179701160522685e-05,,0.0001988509882410967,0.00010553370846025408,0.00013993981663823891,9.836565061763401e-05,9.466201279794358e-05,9.021387512522517e-05,0,2026-08-29 01:56:55,0x5cf335344e245cc0adda5b72e946051017c46f88,0.0
2,7.822389405666097e-05,0,0,0,2,0,0,0,0,0,0,7.69583813275e-05,7.69583813275e-05,7.69583813275e-05,7.822389405666097e-05,7.69583813275e-05,7.69583813275e-05,7.69583813275e-05,7.69583813275e-05,7.69583813275e-05,7.69583813275e-05,1,2026-08-29 02:10:36,0x3952c1258f9ca30411065698e397ae39617c10d5,0.7522837054425255
0,,0,0,7,0,0,2,20,0,22,0,3.422121535120438e-05,6.096498055157108e-05,5.6896651985199e-05,3.422121535120438e-05,3.422121535120438e-05,4.250133144785852e-05,3.0764426406098865e-05,3.422121535120438e-05,8.333334382124438e-05,3.822095236523563e-05,1,2026-08-29 08:06:11,0x2c307aabc861a2107b5a8f287e8f08ba41a54375,1.5144536607380001
0,,0,0,4,0,0,1,0,0,0,0,4.067117905761693e-05,4.123913400291844e-05,5.605298720372346e-05,,6.189662190469333e-05,5.830720580045772e-05,0.00010678414685287154,,0.00010678414685287154,6.189662190469333e-05,0,2026-08-29 09:06:31,0x1f8ec2fb771b55ea71766b0ee77b96813680a396,0.0
0,,0,0,0,0,0,2,0,0,0,0,,3.4451330280650905e-06,9.328457405420736e-05,,,3.497776681078098e-06,1.1053203311373202e-05,,1.1053203311373202e-05,9.328457405420736e-05,0,2026-08-29 13:12:47,0xe4fac26d6cbd68d237f66ae254ea09a49e162d3d,0.0
49,5.705865733796768e-06,1,0,0,48,0,0,0,1,0,0,2.5057430757822824e-06,2.4593218672210567e-06,2.4593218672210567e-06,5.706955269320197e-06,2.4767152839008937e-06,2.4593218672210567e-06,2.4593218672210567e-06,4.669182659882783e-06,2.4593218672210567e-06,2.4767152839008937e-06,33,2026-08-29 13:49:18,0xb52afe07dcaf75f0d82cf6fa68510982b0f88d95,5258.223540809606
7,0.0001357887469145545,0,0,0,3,0,0,0,4,0,0,7.135732019309994e-05,5.331281713735603e-05,1.1513627237018731e-05,7.885650965041249e-10,7.135732019309994e-05,5.331281713735603e-05,5.331281713735603e-05,0.00015582198462370296,4.482604094236773e-06,0.00011472456296347566,0,2026-08-29 15:07:17,0xc93842cfbbc4b9a3dded3389f448f6f3c6c34884,0.0
653,0.00012182369588489017,95,96,118,259,135,89,74,394,385,46,0.00012201544561273663,5.057869931894207e-05,0.00011750702370342533,7.872144386134897e-05,6.193122520431676e-05,6.760360621760583e-05,7.567657907724159e-05,0.0001535817584203052,0.0003138272720459402,6.371172502032195e-05,88,2026-08-29 15:20:55,0x6eb0f9b7c43f0e6984e86934b134944a59bbc3dc,13831.647363877288
0,,0,0,0,0,0,0,0,0,0,0,,3.123794679618261e-06,6.041117079358149e-06,,,6.041117079358149e-06,3.123794679618261e-06,,3.123794679618261e-06,,0,2026-08-29 15:38:45,0xd0252fef05a27b812ac253d78e9a70ab616e3544,0.0
343,7.011957470452091e-05,96,5,404,204,57,2,1,139,1,244,7.307694313063673e-05,4.82672682820016e-06,3.141270598217406e-05,7.837673652848818e-05,9.257063283438245e-05,5.023453872063171e-06,4.216622290278574e-06,5.882904703170523e-05,3.2798425330875425e-06,0.0001649488238597976,174,2026-08-29 15:57:17,0x843dcb098f1cde9a5d01da2b7c18c725d1b0a671,18344.498237278793
18,4.8101234325155985e-05,7,12,7,14,13,11,3,4,1,9,4.868996857889129e-05,8.399255621510941e-06,3.098291249479927e-05,4.8532932958257736e-05,4.0116213108041e-05,2.3244881938277586e-05,8.00795218275795e-06,4.681435259376636e-05,3.1843648047608094e-06,3.856052446187608e-05,3,2026-08-29 17:31:08,0xbdd625ab1a25552938249d6282ec1330e763c8e4,48.61660476660452
450,6.354493887336748e-05,135,3,1,220,21,1,1,230,4,19,4.423293814422203e-05,2.9195585112177035e-06,3.675661582315591e-06,8.4450264923805e-05,2.4751935237877777e-05,3.6662468018097796e-06,2.706682004751821e-06,4.277670909941958e-05,2.886338403806518e-06,5.388509150653959e-06,128,2026-08-29 19:54:59,0x49d541961df3993e5455af6da13bb296ca2445ec,29894.461931260095
91,4.164988778218915e-05,77,0,1,47,196,1,0,44,2,1,5.962851068439094e-05,2.72310166387699e-06,2.777591425380519e-06,3.875406647394704e-05,6.279458893236846e-05,2.7686798343958322e-06,2.6936390430491243e-06,4.530602799481781e-05,2.7005182089890476e-06,2.8528403172735193e-06,11,2026-08-29 21:26:53,0xcebcb811134c1f42a09eef35ff8b0d2493cb1da6,222.6535615693257
427,6.121591714509173e-05,164,3,24,293,99,47,8,134,2,94,8.609679184800325e-05,4.801674705968262e-06,1.0241604985185372e-05,6.196659239552114e-05,8.530340441237908e-05,9.114134068144877e-06,4.153607706718489e-06,5.959934482536648e-05,3.6730875167062223e-06,3.452650432385282e-05,301,2026-08-29 21:42:45,0x2033564a94bcd28c7563705411398dc729f2d1ae,39271.988174680206
143,6.879540617425235e-05,57,0,0,65,33,0,0,78,0,126,9.052702449679098e-05,2.6282979174020512e-06,2.5105559387529337e-06,6.302227372130045e-05,6.185896968404968e-05,2.5725333125971757e-06,2.642772604375083e-06,7.375155727950517e-05,2.62891145849644e-06,0.0001432692287191053,44,2026-08-29 22:55:00,0x87bcc746c0288af928fba0cd852c874ce792c4ba,3375.9351390249226
35,3.2011865038475044e-05,16,0,23,15,53,6,2,20,3,8,2.5628288597108914e-05,4.5005190494800105e-06,4.738555708435616e-05,3.41507849119906e-05,7.296879825191725e-05,1.5205559565012043e-05,3.5942378191161044e-06,2.925494517947691e-05,2.815763159329745e-06,6.227495864251266e-05,6,2026-08-29 23:35:06,0x87bba240451646eeaa2ce13c560147769cf1fd88,84.53478932803593
0,,0,0,0,0,0,0,0,0,0,0,,,,,,,,,,,0,2026-08-07 22:56:35,0xb2583b748ab5cc410975ed859c5569ee2435bc3d,0.0
95,3.866682106555005e-05,22,1,10,40,12,17,1,55,0,10,3.739134300224044e-05,2.2479887422552334e-06,1.5613610083964465e-05,4.927223590436625e-05,1.880424756500132e-05,1.6950751614730712e-05,2.173769342674505e-06,3.3596629776955054e-05,2.1480148691564763e-06,1.615849675117656e-05,54,2026-08-08 17:01:51,0x1453df7c17452ab218ee7a2d3a8c34a200b47634,4845.895154898907
0,,0,0,0,0,0,0,0,0,0,0,3.201292294832383e-05,3.935492706322096e-05,3.935492706322096e-05,3.201292294832383e-05,3.741128876377978e-05,3.935492706322096e-05,3.935492706322096e-05,3.201292294832383e-05,3.935492706322096e-05,3.935492706322096e-05,3,2026-08-09 13:33:01,0xc27dc64d50148fcf51b566ea11e529805a9a0a7f,2.4779442966464367
1,4.372178551180585e-05,0,11,2,0,0,9,2,1,0,1,4.372178551180585e-05,0.0001117521499190369,3.17439154284787e-05,4.7761279611867154e-05,4.372178551180585e-05,0.00012680366767560495,6.77805979596227e-05,4.372178551180585e-05,6.245276453677951e-05,3.7331751519475345e-05,8,2026-08-09 18:36:17,0xa341a0fb42373639a9b4c108de07e151f5ffc8ae,893.873871
7,3.2599255618833586e-05,5,713,878,1,15,437,1015,6,827,37,4.0055778553259576e-05,0.00047271351093415586,9.202511759248207e-05,3.048837128850959e-05,4.746429562161469e-05,0.00010566323210367644,0.0002205810012967499,3.351475543786092e-05,0.0002086163230560037,2.4362461155131214e-05,0,2026-08-09 20:58:31,0xddec0170ceb4426ea05f2fbd485dffa4fafa6615,0.0
16,3.681937550193689e-05,8,18,42,8,8,37,368,8,67,35,2.0483748535220173e-05,9.449451263666084e-06,4.4269353178871144e-05,3.887188366725701e-05,2.8850484767832345e-05,2.6646196856271435e-05,5.125165663224283e-05,3.515421688163232e-05,1.799717284882088e-05,4.9090438344199445e-05,5,2026-08-13 22:12:14,0x3a1ebe3883362b83c0314dd8139c53f210171593,179.05037712426483
156,1.841216131187376e-05,35,92,98,96,13,81,520,60,176,16,2.740534599125723e-05,3.606697617814108e-05,2.896454650216911e-05,2.0189289105105408e-05,1.8671385882639635e-05,4.0548077794167e-05,6.668481090496415e-05,1.5824042836751808e-05,7.70324627574203e-05,1.622374202803497e-05,35,2026-08-14 01:13:47,0xef68e34a7317197dbfa6a1136396833f0817ca25,2686.9534616295155
59,3.9709999614419826e-05,17,3,25,48,5,4,1,11,1,6,4.000140811548019e-05,2.246169358775439e-06,4.4608304807362276e-05,3.9586447984678776e-05,4.262627872276557e-05,3.1561128456188415e-06,2.11670142064179e-06,4.094441065103672e-05,2.476356730678528e-06,4.862764787168356e-05,75,2026-08-14 14:56:09,0x2b32a7dcc8c4e117f9986a4477e834cdb9f6a67e,4722.717855660199
0,,0,68,7,0,0,11,44,0,2,0,,0.0002902429236676527,2.230533774435614e-05,,,0.00012534891986417038,0.0001618454843550044,,2.459975102410584e-05,,0,2026-08-14 21:28:27,0x3cf63e1f00621c09f8c1baea80f59850c24fccfe,0.0
16,4.522246844454466e-05,3,36,12,5,8,11,10,11,22,13,5.156213758056081e-05,1.552656301120387e-05,3.9149315344100354e-05,4.1591857648940875e-05,3.899425097523947e-05,1.6692552625506783e-05,1.1345276216929887e-05,4.6427992870329784e-05,1.3941665490368168e-05,3.598128440567789e-05,10,2026-08-15 07:52:33,0xa244d68ab295e37ec5f566ca5ecd32b660c7b126,482.61174563439045
14,3.149067920106038e-05,14,56,13,5,12,30,19,9,84,11,2.866336049596471e-05,3.0772420407397665e-05,3.4525758181914284e-05,3.618461881704666e-05,2.6717311879526367e-05,3.874301627663605e-05,2.0304431799109842e-05,3.0778417850215646e-05,1.2077995516441248e-05,3.0787110659125765e-05,7,2026-08-15 13:07:41,0xb855f587c5b5a25433652bcd9799e076023530b5,286.3623596889913
0,,0,0,0,0,0,0,0,0,0,0,1.1790417494466201e-05,3.101953333004258e-06,1.1790417494466201e-05,,1.1790417494466201e-05,3.101953333004258e-06,2.2673139778753735e-06,,2.2673139778753735e-06,1.1790417494466201e-05,0,2026-08-17 13:41:15,0xca789190d1a5b2a3111e459ce327c4fd1d0a2b42,0.0
3,5.046977267981624e-05,0,0,0,3,0,0,1,0,1,0,4.4381940903580154e-05,4.4381940903580154e-05,4.4381940903580154e-05,5.046977267981624e-05,4.4381940903580154e-05,4.4381940903580154e-05,3.286741744800868e-06,4.4381940903580154e-05,2.920036373962797e-06,4.4381940903580154e-05,2,2026-08-19 20:00:03,0x589675af4f5629b2472e6bed567d82cb5a98240e,1.3002631847748651
131,6.462254047349141e-05,36,4,17,85,14,14,96,46,1,17,4.901389684631224e-05,1.2497459755595603e-05,2.8709613914115913e-05,6.611768188090503e-05,3.54322761700523e-05,2.361744077119807e-05,5.063163217033984e-06,5.925872884398456e-05,2.6573170851291204e-06,4.064352947202636e-05,131,2026-08-21 19:38:01,0xb5c46b15676c05af50c21f12f3ad33b136b698fa,14297.88193591551
497,4.368807189469532e-05,47,0,0,355,24,1,0,142,1,5,1.0095444068440432e-05,3.546130228255784e-06,7.278890384305996e-06,4.543051314724856e-05,2.50114807091139e-05,4.91015678327309e-06,3.0172528699476485e-06,3.856431918523244e-05,3.083425595966306e-06,1.3374144794689723e-05,350,2026-08-23 21:41:10,0x45429c34ccda64146a64d80a0017ee433913f088,96970.59276075612
45,5.1312824551015986e-05,24,28,176,25,48,186,227,20,57,65,6.193351759841841e-05,1.5865776390500465e-05,0.0001392680616683742,5.103363371994529e-05,8.172567224082021e-05,7.63716073708524e-05,3.643204018547807e-05,5.179605322441532e-05,3.7316990120566915e-05,8.360767795036039e-05,14,2026-08-24 15:29:37,0x834dfc6c604ed4b89fc2230bbee47660cd07d0a2,1169.777886161969
140,2.304653988670934e-05,46,0,10,95,43,1,0,45,1,5,1.2482963845899381e-05,3.750155763390435e-06,4.662189363824372e-06,2.348632971353836e-05,7.625181494991223e-06,3.719036516427987e-06,2.7413045469593437e-06,2.1465596892400346e-05,2.547152581334665e-06,4.74331926344539e-06,36,2026-08-24 17:50:44,0x211bc31e638148ec2722664cb2ba8fb5d3bf9798,3860.287605432124
127,6.919747381530516e-06,12,0,0,88,2,1,0,39,3,7,4.328746717822216e-06,3.0858769223286038e-06,3.392442075491779e-06,7.562702286569512e-06,5.841248475316833e-06,3.0779432946912445e-06,3.1043088063046507e-06,5.769932278343423e-06,2.9113795741468645e-06,3.696428986149879e-06,65,2026-08-25 00:47:52,0x90b3351254831150d822f4fa3d7afdab535d2c9e,11851.356942803655
0,,0,0,0,0,0,0,0,0,0,0,,,,,,,,,,,0,2026-08-25 02:10:01,0x995ed71e5022a7f238f236e5d8516c3d5a07c338,0.0
0,,0,0,0,0,0,1,0,0,0,0,0.00019807059434899537,7.113345499426704e-06,7.745727872292744e-06,0.00019807059434899537,3.063477296465764e-05,7.5513804077107005e-06,6.260045007727903e-06,0.00019807059434899537,6.260045007727903e-06,2.9390189569639386e-05,1,2026-08-25 03:46:52,0x8e8cd796cdda14da6f588a0d62ae25612b2f7b47,1.337472124848
18,2.973502738283218e-06,4,0,0,14,0,2,0,4,0,0,3.3691367583401974e-06,2.787766550203943e-06,2.9058189502470106e-06,2.9677657197208945e-06,3.1347472024431665e-06,2.8464566615863226e-06,2.6364829112578525e-06,3.1655243137867496e-06,2.6364829112578525e-06,3.0740048261980097e-06,42,2026-08-25 16:37:55,0x4660ae6cdb326567f8c6ad9291c41c30162c3189,4038.0324616163307
11,6.130239778400297e-05,6,14,8,6,2,0,8,5,54,11,6.0330955575316025e-05,4.011557385604594e-05,4.4378969559676815e-05,6.08786389784193e-05,5.566701165610856e-05,4.499174452791795e-05,3.752954599792954e-05,6.161014364339505e-05,7.411260562335207e-05,3.830244415698173e-05,12,2026-08-26 06:02:42,0x7c017eba1dcc8f355a2efaa246868292c10969c0,1202.4807579838912
273,4.278460483337065e-05,66,1,11,111,34,10,2,162,0,41,2.0122750521522675e-05,3.444472211464227e-06,1.1196526289300505e-05,4.829622879228646e-05,1.5334848461229615e-05,5.6965423112070795e-06,3.4682836688498755e-06,3.914638622407815e-05,3.347829440225687e-06,1.4061481518676899e-05,128,2026-08-26 14:56:57,0x5cb2124dc77fdb2b4ff3f3de6f4fbf1748811794,14605.223912199013
0,,0,0,0,0,0,0,0,0,0,0,,0.0002634192832964484,0.0002634192832964484,,0.0006695151314536887,0.0002634192832964484,0.0002634192832964484,,0.0002634192832964484,0.0002634192832964484,0,2026-08-26 17:14:42,0xca8cca84ba6991458a18c8915e9c5c4d76223c0f,0.0
12,8.326552916825682e-05,0,0,0,12,0,0,0,0,1,0,9.912638029054798e-05,9.912638029054798e-05,9.912638029054798e-05,8.326552916825682e-05,9.912638029054798e-05,9.912638029054798e-05,9.912638029054798e-05,9.912638029054798e-05,0.00010559282171342632,9.912638029054798e-05,2,2026-08-26 19:50:40,0x5c1bf2e9a1e55a3abe5a6c81713f769c85eac047,2.4883765544860044
6,5.397868871297493e-05,0,0,0,3,0,0,0,3,1,0,5.9730030163995256e-05,8.877130856048045e-05,5.9730030163995256e-05,5.113015783270363e-05,5.9730030163995256e-05,5.9730030163995256e-05,4.8323028393123666e-05,5.7058343353117797e-05,2.1977190563149526e-05,5.9730030163995256e-05,2,2026-08-27 05:42:42,0xed258b768e9ae58ed3806792ec3fb96f967ce1b2,2.3628075469585124
0,,0,324,1,0,0,131,1301,0,1351,35,,0.001077268411023011,0.0003181228074730035,,0.0001363704941907452,0.0007830809788872056,0.002790118890561031,,0.004120509942402249,0.00022974288034584674,0,2026-08-27 11:48:43,0xd5f1afea47b1a9eab414d2ee740cf1d6d039e725,0.0
303,7.706707197773668e-05,38,0,0,205,34,1,0,98,1,2,7.78099415051856e-05,3.430443366557036e-06,2.9521348371086334e-06,8.213108453496246e-05,3.3025688653858544e-05,3.0868235949519114e-06,3.2396574787512634e-06,6.781876808348571e-05,3.2108164432312483e-06,2.9760836709730376e-06,187,2026-08-27 14:57:48,0x1af9ce5ef38b4e0947ee0e948a492a167f554727,44553.83390247111
0,,0,0,0,0,0,0,0,0,0,0,,,,,,,,,,,0,2026-08-27 19:01:01,0x5440306723ab9f8afee833565eb9436f59f61c78,0.0
171,9.05235918945067e-06,39,1,1,107,10,0,0,64,1,0,1.7421784489198017e-05,2.700592231862054e-06,2.992511916526033e-06,9.75073892983884e-06,1.028118146497014e-05,2.8747514231067004e-06,2.63643807485956e-06,8.044749369354153e-06,2.511324509626125e-06,3.5725643954933188e-06,272,2026-08-27 20:18:44,0xa51c741afed6109aefa8c491f1b2ee9ea9577863,35260.22226426377
0,,0,225,379,0,0,312,48,0,50,6,,0.0002736098844715085,0.0006484073853509245,,,0.00016548019403397717,9.879128987930873e-05,,0.00016907770693328018,0.00020990600935681788,0,2026-08-28 15:22:04,0xc0bcebc5decbee6f7b379e02d191de1183c58fa3,0.0
86,5.024555242633221e-05,9,18,38,58,27,11,2,28,11,23,4.5269872028037016e-05,8.847797579476163e-06,1.444534790577743e-05,4.930707533120741e-05,3.9595467262228946e-05,9.4871318119926e-06,7.601668952274905e-06,5.317173863198404e-05,4.116957435023627e-06,3.286726045167997e-05,33,2026-08-28 15:38:21,0x37fdb730b029c0eef2b8044320f0f52e145261bb,3819.9071891872773
0,,0,1,12,0,0,2,53,0,16,7,0.00033954763370624703,6.071703201893445e-05,0.00024994497979287036,8.702862343579835e-05,0.00033954763370624703,0.0002624348727315257,0.0004364733952050976,8.702862343579835e-05,0.0003046962434401314,0.00021321600422311756,4,2026-08-28 17:45:03,0xe45cdddf1ac5715f7e596912e184af0ec93a0fce,0.02104686618618
52,4.3108371709817556e-05,5,1,2,40,16,3,1,12,1,11,3.776268755417406e-05,2.514248003781393e-06,4.506231980283146e-05,4.6530406233568706e-05,5.6850884360498155e-05,2.5540584499269096e-06,2.5520030430868632e-06,3.842532201562711e-05,2.604653959803249e-06,4.440165801667528e-05,85,2026-08-28 17:52:51,0xc038379b15649686a9292cd6560a580908581209,35455.1847910899
0,,0,0,0,0,0,1,0,0,0,2,,9.557560165058197e-06,2.248587905694411e-05,,0.000977837182719451,9.557560165058197e-06,6.02047262069602e-06,,6.02047262069602e-06,4.1730165163690404e-05,0,2026-08-28 18:51:14,0x7365bcb248d8d1e6016aaee6b2994ab7ff20949e,0.0
1,4.653031778258821e-05,0,0,0,1,0,0,0,0,0,0,4.653031778258821e-05,4.653031778258821e-05,4.653031778258821e-05,4.653031778258821e-05,4.653031778258821e-05,4.653031778258821e-05,4.653031778258821e-05,4.653031778258821e-05,4.653031778258821e-05,4.653031778258821e-05,0,2026-08-28 19:21:12,0x2ecfdc99a7d20e141a433e61b10550829ce8989c,0.0
753,5.276976541734574e-05,100,2,12,502,47,5,0,251,22,35,9.47796475092503e-06,4.793071445016095e-06,1.629005669977206e-05,7.252543599267508e-05,1.0849950122074522e-05,7.936661471281258e-06,4.901064264721274e-06,3.5079723957830026e-05,7.411856192990147e-06,2.340209367500135e-05,193,2026-08-28 22:57:46,0x25de4c66586b90de3541c86e9dfec3cf5c357065,37994.78461254458
11,3.2548330172704736e-05,2,0,8,7,4,0,2,4,1,2,3.313373158186485e-05,2.1147756675376005e-05,2.134378533883137e-05,3.2971894209296073e-05,2.702417139329891e-05,2.2710116400487625e-05,1.8507220396134164e-05,3.212588521921101e-05,2.2283519143847065e-05,2.0861875131915748e-05,6,2026-08-29 00:44:03,0x2fb3525ae925ed4185360184b5727e4e5a77aebc,1531.8099974675488
0,,0,0,1,0,0,0,0,0,4,0,3.258489740419142e-05,2.3376236622438184e-05,8.28476614268638e-05,5.3750444689692965e-05,3.258489740419142e-05,0.0001372537103718671,2.3376236622438184e-05,5.3750444689692965e-05,1.1777748429932762e-05,2.9156664471342044e-05,0,2026-08-29 00:45:23,0xb44c8594c84b237356fc9f83fb40a8e0f2a1126d,0.0
2,7.767608279021229e-09,0,0,4,2,0,2,0,0,4,3,1.222395003202403e-12,2.9623743959508552e-06,4.7613825825712005e-06,7.767608279021229e-09,4.8840676128707465e-05,4.0394549954945355e-06,2.3894880178207578e-06,1.222395003202403e-12,1.908834687278271e-06,2.3463050454900985e-05,0,2026-08-29 01:55:08,0x891ee34f64bf257470d3ebc4b0722dee8f49d39b,0.0
29,6.399664682035389e-05,18,38,41,10,19,26,73,19,348,35,7.092891728443508e-05,5.351059783689585e-05,8.068076086981609e-05,5.7700806942408537e-05,7.13938327171604e-05,9.21382967057663e-05,6.078826186195374e-05,6.776279091864978e-05,0.00013137552124603888,7.515693268450798e-05,15,2026-08-29 08:28:33,0xb38a563309ebc7496c072b257b0b350cbd75c760,2894.531859868822
68,3.9611806932640625e-05,24,19,40,47,14,24,13,21,9,110,3.992352720806543e-05,4.2971139394248544e-05,3.6292772907664165e-05,3.9061881256458694e-05,4.162434823870878e-05,3.654574128781168e-05,3.470554256013632e-05,4.092159200770676e-05,1.9629093139914507e-05,3.9246296389197416e-05,34,2026-08-29 12:05:45,0xc47953e609e82d4112c24fae06baa7b470e50028,2068.6828737388437
196,2.3564978537805835e-05,66,9,14,110,27,19,1,86,1,18,1.0236711517472307e-05,3.302798811272253e-06,1.007861509829926e-05,2.8324528460931006e-05,1.4856859809591466e-05,3.847018524559027e-06,2.751179029579776e-06,1.9572754524905075e-05,2.7068199731237714e-06,1.5146308052257965e-05,80,2026-08-29 14:18:10,0xf8c48b2c2af75cb215dfef18c452df3e250f08c2,8053.084975166065
82,3.564775370450514e-05,17,9,22,51,6,12,6,31,41,15,2.8473655173338105e-05,5.714713003649008e-05,5.3787291265319486e-05,3.651051300766287e-05,2.212853963765397e-05,4.4830789522842967e-05,6.7278993912464e-05,3.4674276112951236e-05,8.316962857050903e-05,3.89586933766487e-05,55,2026-08-29 14:59:49,0x55867b37bf9083963d551919e549681782acf192,5614.0730024402
38,5.384555609068345e-05,49,1,2,15,9,2,2,23,3,0,7.109652292609789e-05,4.555662602572475e-06,4.3131082417688425e-06,5.3370656894008974e-05,1.156523942791549e-05,4.772451737514181e-06,4.062467221305851e-06,5.43721784036854e-05,3.2541546338282332e-06,5.524250222867192e-06,18,2026-08-29 15:48:41,0xdc10ac9dc75a52ba08ba643889d280419fc26f72,596.4938937129797
544,0.00016170292915283936,105,6,23,157,96,64,32,387,214,43,0.00016260601489426633,3.48015042743933e-05,3.654174948704556e-05,0.00014415111625887088,0.00020432278351677324,3.355615955303391e-05,7.424966807948015e-05,0.00017455238704229867,0.0001408408109997269,7.411885011084561e-05,78,2026-08-29 16:09:22,0x6b5e27b1323095bef9732b3d59a20a9dedac5fc5,10161.231713258761
40,4.088010133766954e-05,10,0,8,26,13,4,2,14,2,6,4.46830983897503e-05,8.65138840167004e-06,1.5717218703799898e-05,3.910294250317876e-05,4.8572109645547235e-05,7.446634611955459e-06,6.576080345040918e-06,4.452708892254397e-05,7.991802299113904e-06,1.0992167037766571e-05,16,2026-08-29 16:18:30,0x77c60a4199e7416e9559fa2287304ecb15da4a63,1321.8985326632433
443,5.8414197373299494e-05,202,22,60,250,120,18,6,193,2,90,2.9571814392016455e-05,6.414498575180844e-06,2.7455714559295706e-05,5.5298890304665926e-05,7.432162985738842e-05,3.47585437652402e-05,4.097429852424429e-06,6.235055502637318e-05,3.829629427870854e-06,2.4069817586414083e-05,230,2026-08-29 16:54:42,0x2363e82b2b1d0c4fb4615948ab2b63f7bde7fdcf,16913.632822651936
246,3.8516807712101794e-05,30,4,54,132,24,33,7,114,10,21,2.7156852447369094e-05,4.632349923820797e-06,2.786719612041907e-05,4.3375612830698274e-05,3.167348165348948e-05,2.4237472320012307e-05,5.812391661187626e-06,3.302000690665454e-05,1.0554208151549141e-05,1.635330729611497e-05,134,2026-08-29 17:27:41,0xf6d2554c73ef6d4109050f31ed7723c69daa12c7,17908.19428991699
52,3.328618310877512e-05,17,55,11,19,15,89,9,33,5,9,3.550522250208613e-05,6.69265411103812e-05,1.6779618003960303e-05,2.904059067062858e-05,2.2765102202282993e-05,9.690215193710292e-05,1.062498161271194e-05,3.797145769305931e-05,8.901264721790189e-06,7.96795379488962e-06,8,2026-08-29 17:36:13,0xfc1b49d99223f062bd512550f0d69812b2bcecd1,937.8363043898113
0,,0,0,0,0,0,0,0,0,0,0,,1.4136231510210277e-05,1.4136231510210277e-05,,,1.4136231510210277e-05,1.4136231510210277e-05,,1.4136231510210277e-05,1.4136231510210277e-05,0,2026-08-29 18:01:14,0xc25d571e2dccecb5b30245bc89c7b94fdd69a870,0.0
44,4.1582101625309956e-05,26,0,14,10,43,11,10,34,20,20,3.2397390196457524e-05,6.5729420173696075e-06,1.7561495607012756e-05,4.705857311868195e-05,2.253027031852981e-05,5.54069653803093e-06,6.7734294357573715e-06,4.03926660105533e-05,1.457507085347944e-05,4.516998847585408e-05,30,2026-08-29 18:51:38,0x64a64533c09e01880988addf526e8a47a29aac04,3869.9716733334512
140,5.3751540457662436e-05,69,41,397,69,68,885,5,71,3,155,4.691378360863538e-05,4.062570723895129e-06,8.06630519117583e-05,5.297409010601477e-05,5.0035516494738144e-05,0.00012538293583818613,4.803161760820596e-06,5.484219837247708e-05,3.98616485182863e-06,0.0001070511399034699,27,2026-08-29 20:23:52,0xb0bb214ec6c6c600d224c781339309a95f8e4811,3509.8084551550055
0,,0,0,0,0,0,0,0,0,0,0,,3.025463799375935e-06,3.025463799375935e-06,,,3.025463799375935e-06,2.275006306558705e-06,,2.275006306558705e-06,3.025463799375935e-06,0,2026-08-29 22:13:57,0xc37d4a9a3797e1b3ad3fbf3880e4aed64135523a,0.0
27,4.986034921301621e-05,22,0,17,16,7,3,0,11,0,29,4.529824001691509e-05,2.6684956250690222e-06,1.3104762552345982e-05,5.0258356047412974e-05,3.279118240012618e-05,2.891934058906364e-06,2.6115070758621104e-06,4.8892512065394677e-05,2.6310791003001805e-06,3.720292886266947e-05,14,2026-08-29 22:24:00,0x4ccc674e004fd6695e0e7394dec70448b6b9c2b2,597.0812130828574
15,4.551914192857349e-05,5,106,45,5,10,237,34,10,108,172,4.902467487167972e-05,0.00017131644167227438,0.00014078947824275342,4.355997677654534e-05,6.968604778208308e-05,0.00037722237650154763,0.0001496526495141598,4.645045675632104e-05,0.00010514769221597873,0.0002105211107287776,1,2026-08-29 23:03:47,0x42a897af3925518a30164306c25458488de0cf24,19.484942938492
99,2.9580412753405942e-05,30,12,43,33,9,25,3,66,14,19,2.839680479062313e-05,5.36238313507275e-06,2.502548221527807e-05,3.394085250954942e-05,2.7201295426236394e-05,1.9718838239761782e-05,3.204448315843763e-06,2.7540665992569057e-05,6.849941066275163e-06,2.237933703499579e-05,44,2026-08-08 18:34:16,0x56eebdd62607378731da8c0af890f104082efd39,4635.191371144381
14,4.205630050721808e-05,5,12,38,9,12,24,59,5,793,5,3.747371025331938e-05,1.8556770525714407e-05,3.892996087194468e-05,4.238229447131865e-05,3.671396234791022e-05,3.313583996026201e-05,1.3408729408168833e-05,4.1334091874371013e-05,3.8503447311203276e-05,2.6416048646371856e-05,4,2026-08-09 01:11:02,0xff23d2eab1e714949afa26851855a0a70e51bff3,284.2685347404375
74,4.116180609522253e-05,27,1,12,37,24,7,2,37,0,50,3.516499131539757e-05,2.8662995641982554e-06,8.50520456908558e-06,3.882356772715463e-05,4.66669796565445e-05,3.4224070500805295e-06,2.6710965097707327e-06,4.895600706271706e-05,2.5472144513934595e-06,8.328863395592646e-06,10,2026-08-10 03:09:24,0x13fa79f9c09e7349b06142a38b8a0198c87def49,408.9040064999999
34,2.648660744288191e-05,19,43,97,17,16,215,6,17,1,55,2.685904845710424e-05,0.00014233266145543416,3.298276635292016e-05,2.676915288023295e-05,1.9881106715468803e-05,4.245434571382937e-05,5.40154259255584e-06,2.6187151299179848e-05,2.2501007525531668e-06,2.719237110332327e-05,11,2026-08-11 19:22:16,0x250e71a2eeadbf1c83a173ca58cf648fe5c10bc5,20.75087248304631
48,4.671845426216884e-05,10,51,18,30,3,45,76,18,56,4,5.500966408255091e-05,6.353503924575773e-05,5.316293253233999e-05,4.936066014270732e-05,3.576548164332885e-05,6.38660166084945e-05,5.597481206783473e-05,4.2912016158476844e-05,6.478937620838766e-05,3.226937788325362e-05,21,2026-08-12 03:45:56,0x740ad50fac84db5c1cf50b19eb808aee1b643bee,2975.324962500001
2,3.867238191955083e-05,2,0,21,0,0,0,0,2,0,0,3.9466595733301846e-05,1.9675016110815826e-06,1.9395392381534295e-06,3.923259036693641e-05,3.87564910567596e-05,1.9002204912940142e-06,1.9675016110815826e-06,3.867238191955083e-05,1.9675016110815826e-06,3.9202778378568816e-05,1,2026-08-13 03:41:15,0x4be07b569b5e9e82617e19ef5b1f316abfecdcf5,20.000584340213493
60,4.538369895869987e-05,2,0,20,34,21,2,3,26,2,18,3.685399358112264e-05,2.2568674383713822e-06,2.0268368802988193e-05,4.6292594186655326e-05,4.600223300332226e-05,2.524276292914558e-06,2.0230673142398755e-06,4.397673206289849e-05,1.932579386764966e-06,2.333673015516956e-05,16,2026-08-13 14:05:04,0x6218717b5a624786c6aae7136d6764f595f687a5,743.1951151630525
0,,5,0,0,0,0,0,3,0,0,4,0.00013738178969923808,3.496950576989796e-06,9.323042136612578e-06,7.516378011271813e-05,0.00021911658719987425,4.293084521428436e-06,2.7487535311085582e-06,7.516378011271813e-05,2.8155184821023215e-06,2.0888154218381836e-05,4,2026-08-13 16:27:24,0x6471102079c2fab7a626eae8b902dfb25b0fcfa7,7.793631205574895
302,7.467267258065396e-05,210,5,123,169,59,573,6,133,5,92,0.00011771064975368083,6.678463409747758e-06,0.00013383183290896855,6.89140578263874e-05,4.9758456745634065e-05,0.0002475960958150065,3.879020687031833e-06,8.085667434259546e-05,3.4223952062315053e-06,7.009957723896958e-05,69,2026-08-13 23:17:32,0x19057832022790a636fbffc0fec6975c465c8205,6273.54249484226
4,3.9379932186015706e-05,2,2,0,1,0,0,13,3,3,2,3.091209200079415e-05,2.397083939452319e-05,2.5532616701510716e-05,3.911659981899603e-05,3.1109831384393455e-05,2.564650292623904e-05,2.145634390923667e-05,3.941217861805407e-05,2.6120201343494495e-06,3.390272815478238e-05,7,2026-08-14 04:04:23,0x0aeec4139a29eda1109dd06d3f8061299d8b8f47,97.14975739477565
457,0.0002168021674211048,122,268,137,281,102,192,1215,176,298,67,0.00023776227956677018,0.0002818184248533716,0.00015619716541747966,0.00021567040222744403,0.00016123991247671287,8.614006807782971e-05,0.0004376153892400155,0.00021804847887411786,0.00020706343790771915,0.0001721610921913717,143,2026-08-15 00:44:13,0x65ce2b19f5b0130ac87a67df1608c6c1c493873c,17958.736010630066
269,3.574845197323623e-05,139,3,9,79,2,3,8,190,3,19,2.4537138634990138e-05,8.053584790924089e-06,9.178703916792591e-06,2.6736663860173643e-05,2.0457940073920513e-05,7.643954323933269e-06,7.980076350876213e-06,4.13477153973144e-05,6.097933105808741e-06,1.3830669338279e-05,38,2026-08-15 02:11:24,0x95e50902e5acdca0f87966c2b570a74321c9f123,2407.6240252699886
48,3.9010500503969745e-05,32,0,49,7,10,16,0,41,0,45,3.1941539455008494e-05,3.0783493616259324e-06,5.97302104235943e-06,4.007393751591068e-05,3.113089491305182e-05,5.201145325611548e-06,2.6606262418769296e-06,3.895722969653905e-05,2.4008436368056137e-06,3.952922681616904e-05,9,2026-08-15 11:54:31,0x8a0d3070a2013347b5cca1c2ac059e69b92a4dfe,428.6483961085197
8,5.748966712447187e-05,5,1,0,5,1,0,0,3,0,0,6.507214009422785e-05,1.978142812032381e-06,1.964033204477306e-06,5.767492109417032e-05,6.899018881491309e-05,1.968462228099423e-06,1.928820094186654e-06,5.6898355182309836e-05,1.935641752857679e-06,1.964033204477306e-06,4,2026-08-17 19:55:50,0x873a5ca977fd19e427ecbc0e6037bd7405bddf10,76.99869086799876
1,0.00026925626895087475,0,9,98,0,0,34,26,1,2,14,0.00026925626895087475,9.081846760676463e-05,0.00029106735873042763,,0.00026925626895087475,0.00023638944310851618,5.5254180833284344e-05,0.00026925626895087475,1.9553678198480276e-05,0.00018459526794987482,0,2026-08-18 03:53:49,0xe6e766a51495d8e14f8cd1b3469954b0d5cc238f,0.0
142,2.9726164357089743e-05,61,16,30,80,18,21,7,62,12,50,3.470059754290068e-05,1.0694929745342907e-05,3.379033785679671e-05,3.111128788774126e-05,2.829742968345637e-05,1.880148627277368e-05,1.2781756178538126e-05,2.7459353888027416e-05,1.3901692560242991e-05,3.589996516726921e-05,102,2026-08-18 14:37:20,0xd9d3887a18862701e1205b3ed72acd9a5b3131c4,10343.688440781783
6,2.163879928663141e-06,0,0,2,6,0,0,0,0,1,1,2.1260172297061745e-06,2.030032852070555e-06,1.9715067314966714e-06,2.163879928663141e-06,2.0079838258095693e-06,1.9696270541927155e-06,2.030032852070555e-06,2.2414381613932974e-06,2.285899202037513e-06,1.9745745039586186e-06,99,2026-08-18 22:00:10,0xd6986bcc02b5ef324fc55779ff664dd8eafcc1c6,11240.420930870348
11,2.498848676431636e-05,3,28,17,9,2,24,19,2,151,5,2.369811591030511e-05,2.421852588206267e-05,2.451454654534702e-05,2.4914350142147775e-05,2.6523756775805223e-05,3.0839997145594536e-05,6.995263859078378e-06,2.5635133494086442e-05,1.0160714643456604e-05,2.1360936876909343e-05,13,2026-08-20 13:38:53,0x54b2b275f96250053da6e6b0db69c5014c9450f0,720.2913615936279
0,,0,0,0,0,0,0,0,0,0,0,,,,,,,,,,,0,2026-08-23 00:35:20,0x94c584bad2d47792d9a9383f6d0c05e9e24e6ec7,0.0
150,4.578065106858328e-05,79,334,276,77,114,287,418,73,495,942,7.099763486628653e-05,7.679038564767441e-05,0.0002129672604747314,4.5921798759717334e-05,0.00013221800909494295,0.0003586793083461016,0.0003171540526652079,4.562768212719057e-05,0.000205288019697906,0.00028130153599594914,19,2026-08-24 17:46:23,0xb245a0e4bcf6f7961b68785d54ccdf51eac906c1,1486.5726312771433
0,,0,0,0,0,0,2,0,0,0,0,,1.4599002681894815e-05,8.418897862357116e-05,,8.418897862357116e-05,0.0002808206975603073,0.0001967201362114539,,0.0001540545787038207,8.418897862357116e-05,0,2026-08-24 19:25:59,0x9c482f234a3d8ee6b7dc4825a329f62845450c5b,0.0
5,5.6846752353585116e-05,1,3,2,1,3,3,3,4,9,2,5.479142968799571e-05,6.089076787240124e-05,5.421182314501473e-05,5.6345986376660814e-05,5.724615822571125e-05,5.924012656569904e-05,6.362604864238433e-05,5.685145666295693e-05,6.766654765853161e-05,5.10497717224443e-05,4,2026-08-24 20:19:47,0xa0739e158777d7c122cd734606ef8423a539bb19,173.2854763148547
8,4.5879947089930514e-05,0,66,4,4,4,6,30,4,30,4,4.387053289676952e-05,9.140661614577834e-05,3.696600772657405e-05,4.703777465045143e-05,5.602395534151855e-05,4.849714558263074e-05,0.00011730227422302017,4.5343788445135924e-05,8.090029691154106e-05,4.543903581322508e-05,4,2026-08-25 05:42:52,0xc8c80a453f773cee6bb847bc6857ae48b05bd811,320.93366772
52,6.30750549403988e-05,33,80,32,24,21,15,10,28,8,21,5.620987235878308e-05,1.7036257469424972e-05,2.9521419703455903e-05,6.0863796290626214e-05,7.006640427897495e-05,3.573391566745192e-05,5.132155577388085e-06,6.516072171500821e-05,4.243516394461493e-06,6.075875352991704e-05,26,2026-08-25 10:56:38,0x294cf9969b8bda18ba91f88a56d569f9c01c10f4,2711.354455507075
60,3.4221124424971137e-05,41,3,47,31,54,19,2,29,0,45,4.6470918626370624e-05,5.1690383689487415e-06,2.0031750984501136e-05,3.326041663012273e-05,6.406447908736509e-05,4.633298901714285e-06,4.984769483778845e-06,3.610663198733004e-05,4.640594430059783e-06,6.47463779145484e-05,43,2026-08-25 13:10:40,0x4b0171f6605905e3c9acbcd8cf21db63c78d0d93,4586.097587035012
0,,0,0,0,0,0,1,0,0,0,0,4.199571517358617e-05,0.00011417055912952671,8.718900035043646e-05,2.9383348587193212e-05,6.37146238123437e-05,0.15328751271939536,6.272858958343036e-06,2.9383348587193212e-05,6.272858958343036e-06,1.543749372343485e-05,1,2026-08-26 10:24:21,0x6c09e8e72da0141897f1d0a2122f883443b9cbb8,0.693838783230041
15,4.5742173746884925e-05,2,0,7,10,3,1,1,5,6,1,4.0576982060593503e-05,9.708109466410121e-06,1.3790828687050748e-05,4.619598681904983e-05,1.927612483706327e-05,1.3639506200116664e-05,9.576394879705368e-06,4.487323216442904e-05,7.459725591196369e-06,1.3485976637836467e-05,9,2026-08-26 14:56:26,0x4aad6d0dcf0b327c1a03d8949b1cd9abda58c4e8,592.8932095195327
5,5.993882678345442e-05,1,0,7,3,2,13,0,2,0,8,5.475244330337245e-05,3.977696571837639e-06,4.931100236346201e-06,5.9893958047928185e-05,5.651230955137838e-05,6.02754149164237e-06,3.9608827868175965e-06,5.994436956112932e-05,3.7746038463376646e-06,6.142990834573421e-05,7,2026-08-26 16:05:30,0x3d4ed33e98f65ccb638f67569fbad571cdae6fae,433.2274565001322
6,5.5610795650227e-05,0,0,1,3,0,0,0,3,0,0,5.7232850143904164e-05,2.524344977824258e-06,2.499925724131614e-06,5.6136248074577766e-05,2.536820526052333e-06,2.499925724131614e-06,2.524344977824258e-06,5.511594477123551e-05,2.547176026763776e-06,2.536820526052333e-06,8,2026-08-26 17:10:39,0xa0de3c52d52ad5eb079ebe125a25a14d8422f717,214.6835405371139
33,9.088328512266441e-05,20,2,7,23,5,18,2,10,93,2,0.00011061772483821167,0.00021162813706370856,6.162920435161803e-05,8.99945507285839e-05,8.173249263855576e-05,6.316817705058231e-05,0.00021842678732103557,9.71777026610935e-05,1.9421741265116816e-05,5.190423729700682e-05,10,2026-08-26 22:03:42,0xb714a6be88a08d6042a3e47440eb7bc4190ab4e2,878.2723089542626
0,,0,0,0,0,0,0,0,0,0,0,,2.896391277787822e-06,2.896391277787822e-06,,,2.896391277787822e-06,2.896391277787822e-06,,2.896391277787822e-06,4.0834378021614075e-06,0,2026-08-27 12:44:47,0x99f91e5a8ef56aad09c2bbfd42dc5cf0478b084e,0.0
25,4.411747076724888e-05,21,14,23,15,14,60,9,10,25,16,5.97253662500769e-05,8.372207230263081e-06,4.6304822847507636e-05,4.255591608838784e-05,6.105202784056969e-05,3.3184305741654785e-05,8.039174627023237e-06,4.6110372882263536e-05,1.4265634653216758e-05,3.586601509597006e-05,14,2026-08-27 14:56:07,0xf1df99dc5a8ece7c4991e70ecf32bd153e043342,762.2941850074549
0,,0,0,5,0,0,0,0,0,1,0,,5.05448569548389e-06,9.764304516375677e-06,,3.453587305303605e-05,6.6568640933588614e-06,2.7466291614762846e-05,,4.61751408649424e-06,3.453587305303605e-05,0,2026-08-27 15:08:51,0x4f8cb80df2c4609838a2e0889f0926c5c4a63035,0.0
0,,1,1,16,0,2,4,3,0,2,34,0.00014531348959209296,1.4370005005234179e-05,8.870046116846201e-05,,0.0002817304557682383,7.568765356913247e-05,1.2074903697147913e-05,,7.359842923331498e-06,4.373519103859071e-05,0,2026-08-27 15:46:43,0xd1db07ceb43a35f6b7abc29578c3ac99b5d1a258,0.0
49,5.292403510322405e-05,50,1,43,25,16,13,0,24,0,19,5.404407683543994e-05,6.499807052170899e-06,3.192445049309821e-05,5.1669473617627e-05,6.9847014754516e-05,1.8832317886705317e-05,4.853063822027982e-06,5.459326274514701e-05,4.208318859450152e-06,4.048469475502112e-05,20,2026-08-27 16:38:29,0xccdf111cd05897fe52d211da7d17b3dd423c2867,1760.5558620048528
167,6.670811002312498e-05,242,0,1,98,52,1,0,69,0,19,0.0001800196805230306,3.012235331976176e-06,3.2284706327430506e-06,6.69644710943555e-05,2.5996307355418423e-05,3.0726094001735404e-06,3.012235331976176e-06,6.609713299772629e-05,3.056641010551053e-06,3.367328357231286e-06,55,2026-08-27 17:24:55,0x7b73f6c73a8ab793100b75b2692c36a55410438f,4839.978838472085
849,0.0001045651968183241,172,17,48,425,72,41,9,424,38,72,0.00010913778899108061,7.804308804540349e-05,5.613213965588728e-05,0.00012030662517061995,0.0001386497922516394,3.102342051242394e-05,6.768896722190084e-05,8.945239756282036e-05,0.00012537089935119836,0.00010046727107999485,46,2026-08-27 18:26:03,0x7ba36be14dd06ba492f08be6c1b2979c1d0b652c,5589.583748457357
44,6.004631544485392e-05,14,30,75,23,6,11,80,21,15,51,5.4769001969481006e-05,1.6923321054547846e-05,2.1090666562672608e-05,5.803946082006053e-05,5.881097399302648e-05,1.9596973092152324e-05,1.1403584303280487e-05,6.21366665732857e-05,7.956874170371396e-06,0.0001198528015299221,22,2026-08-28 02:16:49,0x92b42765361d8acb474ef288141df61e9b766aa1,2316.998913637871
0,,0,0,0,0,0,0,0,0,0,0,,,,,,,,,,,0,2026-08-28 02:20:00,0xbc540ed3695a2b49e822afa4216554c5bd742708,0.0
199,5.948301732253361e-05,75,6,11,107,16,2,1,92,3,42,3.075630441487491e-05,3.2880102834685916e-06,7.4267452514133e-06,5.940119923678868e-05,3.587766153803714e-05,4.676166057287764e-06,2.94691673017452e-06,5.960759342652093e-05,2.8313339503769144e-06,2.238881218501282e-05,54,2026-08-28 02:49:26,0x1d184db1a23fcd64f984808bdc0dcf15d8f6cbd2,6162.244426132417
2,0.00013977671973665592,0,0,0,0,0,0,0,2,0,0,7.624742626439245e-08,7.761714561798894e-06,7.624742626439245e-08,,7.624742626439245e-08,7.761714561798894e-06,0.0009050150264676364,0.00013977671973665592,6.231004943919983e-06,7.624742626439245e-08,0,2026-08-28 12:58:08,0xfa8184e38968f7520863abd2a76aa31991fb115d,0.0
0,,1,0,0,0,3,1,1,0,0,0,0.000139925859037919,7.6227984860808085e-06,1.3933316657506372e-05,,0.00030829919902065266,3.6385516368320016e-07,5.5014748847897775e-06,,4.165807057724909e-06,0.00032289398497423524,0,2026-08-28 13:49:38,0x640d9f39b3a4f91150bb7af38fec700affe98f0c,0.0
7,8.590727562106035e-06,0,0,0,5,0,0,1,2,2,0,5.4631615766453675e-05,1.0305429931064246e-05,1.8709060604144157e-05,7.717594896698047e-06,9.29818245995868e-05,1.8709060604144157e-05,7.886413917408399e-06,5.4737579118906416e-05,5.379442217900296e-06,0.00022388228634746547,0,2026-08-28 16:06:02,0x6d0eae9ab25222ff9a15798f6afe237d26cd7a1b,0.0
0,,0,0,0,0,0,1,0,0,0,0,,3.3057388202951145e-06,0.0003634533618656575,,0.0003634533618656575,4.360429995871413e-06,3.3057388202951145e-06,,2.8997767351783624e-06,0.0003634533618656575,0,2026-08-28 17:35:54,0x8398d96d0ef3d12cedd5a62f4164dc6be97db628,0.0
220,4.7829095462613826e-05,105,1,0,165,46,1,2,55,1,2,3.3086130247945684e-05,3.002496472722882e-06,3.294376190248909e-06,4.6570091804773835e-05,1.589312865396494e-05,3.289349029398002e-06,2.848374904435966e-06,5.1508188949511936e-05,2.8321581013936146e-06,3.669816672088327e-06,195,2026-08-28 20:41:10,0xc46fb5b84a2be703caaefdecc4f7e8fab7c80a36,22790.693492300536
200,7.704088491875003e-05,56,18,34,108,40,62,614,92,30,42,7.299758593726455e-05,2.5824129934507088e-05,2.578752385992336e-05,7.664713078336717e-05,3.2875579704272026e-05,4.051858319999981e-05,5.6802133396661314e-05,7.806521574595832e-05,2.8899730081662568e-05,2.72882345577298e-05,37,2026-08-28 20:53:10,0x3b455b4017cc763fe3bda4a7ed72fb47a379c17d,5674.609658328462
2,3.556352805596717e-05,0,0,0,1,0,0,21,1,7,0,3.5797390585956274e-05,1.676820325960316e-05,2.6307801143492933e-05,3.5475391438480725e-05,3.5797390585956274e-05,2.6307801143492933e-05,0.00025991826489263814,3.5797390585956274e-05,4.0972240258886455e-05,2.6307801143492933e-05,0,2026-08-28 21:51:48,0x50d0d0da00ffd195d2d1d2448617ad039855ad2b,0.0
78,6.003609880503488e-05,79,3,23,43,10,39,5,35,1,51,7.210133801841967e-05,4.253615797496592e-06,2.3946927749046844e-05,6.019332246714388e-05,4.356820020012363e-05,6.936921732820896e-06,3.851326636003224e-06,5.965771820947874e-05,3.550034746457432e-06,1.945220483909067e-05,49,2026-08-29 02:13:52,0x0273ff6825c203a6c9b4b3689c25313745253ab8,2951.765361742877
225,6.53468244972387e-05,101,298,270,144,128,320,142,81,132,110,8.489776785187639e-05,0.00016536207852908098,0.00019443343691604857,6.577497156102748e-05,0.0001154802609909099,0.00034767458354263855,0.00010026538041484751,6.447922088795149e-05,6.932617743029426e-05,0.00011409817485800707,97,2026-08-29 10:19:18,0x96b6a97d4e321586a5b0c27ee3bdfd895b11114c,10698.941157258036
39,3.7976541601134285e-05,18,0,0,21,51,1,0,18,0,7,4.4534084336028305e-05,2.9774055287786585e-06,2.9518722743264762e-06,3.655864772364461e-05,3.644329229055045e-05,2.982297262548866e-06,2.907584186633788e-06,4.017910268332817e-05,2.903755653003732e-06,3.1425131827149874e-06,7,2026-08-29 14:00:00,0x9d183fcbb59e92b2a983a20a8a35130c10f0d42e,388.48348177321645
0,,0,0,0,0,0,0,0,0,0,0,5.957477732171938e-10,0.0003440589387624607,0.0003440589387624607,5.957477732171938e-10,0.00010604504285710719,0.0003440589387624607,0.00046493599449514154,5.957477732171938e-10,0.00046493599449514154,0.00013135201784842857,4,2026-08-29 15:28:52,0x44fc3e8c530a7db9f5b7ed372c7e835c4698c6a5,3.105940074750623
259,5.607516083341533e-05,49,10,40,167,35,49,3,92,4,36,6.175597292390806e-05,6.3141612300989426e-06,1.8905221772650045e-05,5.733452923450765e-05,5.111137190588017e-05,2.134169003118642e-05,4.112244559935307e-06,5.2975611584902533e-05,4.442303484639379e-06,3.799674834513481e-05,112,2026-08-29 15:34:57,0x36bf54d2a70d77dbf54f81f72045141e11ebcd2c,15018.657784465126
183,8.262142478632483e-05,4,0,1,143,4,0,0,40,0,4,5.437684360642166e-05,2.6037742915685454e-06,2.754612808286567e-06,8.794613873495958e-05,5.1557451622395224e-05,2.7344107150222643e-06,2.5869950721430095e-06,6.868506410021405e-05,2.547038590579808e-06,2.946532355678313e-06,87,2026-08-29 17:35:19,0xc3a3c93d046a07902f4d9e1bbcf1a698a320e720,14069.882007822205
0,,0,4,0,0,0,0,0,0,0,0,,1.6356463166858222e-07,8.097057091733543e-06,,,8.097057091733543e-06,2.9390964663367274e-06,,2.9390964663367274e-06,8.097057091733543e-06,0,2026-08-29 17:41:56,0x07e0b6ebb36ead90a1a81249b9df153d5e39abbe,0.0
161,2.1285471281672403e-05,43,1,3,67,6,1,0,94,0,11,7.346847265666958e-06,3.0075053400135863e-06,3.53912649635508e-06,3.200659006426286e-05,1.1278987904204454e-05,3.19044788914168e-06,2.824115682244709e-06,1.5814968298152825e-05,2.8406646569454483e-06,1.1957605776555133e-05,80,2026-08-29 18:35:02,0xcb21374777cdb4243221dd26765650dab1f89d92,3126.886578496097
0,,0,0,0,0,0,0,0,0,0,0,,,,,,,,,,,0,2026-08-29 18:47:04,0x1e9412559db6c3f3eaff4aa9e34c5cd80bde8022,0.0
5,7.350614352852684e-05,0,0,0,0,0,0,0,5,1,0,6.982826539554648e-05,6.982826539554648e-05,6.982826539554648e-05,3.053723169996199e-05,6.982826539554648e-05,6.982826539554648e-05,6.982826539554648e-05,7.350614352852684e-05,0.000314458458080359,6.982826539554648e-05,2,2026-08-29 23:22:25,0x0bbf83c945da2c161e1ea10cd67ef450df347694,4.511661125201639
103,2.8931250624693705e-05,28,0,12,49,10,11,2,54,2,17,3.357409283752525e-05,3.4052239545563443e-06,9.802975912257929e-06,2.6468003094142128e-05,3.743891692319615e-05,4.137006234792942e-06,4.760683347344452e-06,3.278186625073771e-05,4.536186219726362e-06,3.426173212803354e-05,34,2026-08-29 23:55:36,0x161e7eee5190fd1a7fa78b1c55eb77a36972262f,2497.904392624711
11,4.350403333211421e-05,1,0,8,3,1,3,2,8,2,1,3.850329914580929e-05,1.561853996769604e-05,3.041690360797929e-05,4.379005361751473e-05,4.1775825870670204e-05,2.672171973260256e-05,1.2272078943629617e-05,4.310751556905977e-05,2.168580352090472e-06,3.704588059227821e-05,1,2026-08-06 17:19:12,0x150228e517b1f0ca7feca76f42da070797065ec5,37.886112000000004
0,,0,0,0,0,0,0,0,0,0,0,,,,,,,,,,,0,2026-08-07 22:25:10,0xf0f08156d456cc19db192d00f6e4b83631eab18d,0.0
24,3.933236878709599e-05,34,15,23,9,7,7,7,15,2,6,3.1521267982505786e-05,1.711777188920692e-05,2.2370232169685933e-05,3.979899431372817e-05,3.203087702328651e-05,1.9310240069980557e-05,1.7822916257731613e-05,3.8845080151470115e-05,2.532180637262711e-06,2.6845090508145054e-05,15,2026-08-10 20:18:55,0x4da589f88764a477e36d26e10b37f8e00c2098ef,2162.2012847383608
27,3.639395855873842e-05,4,5,5,24,3,36,49,3,13,5,3.027282116480215e-05,3.50993630023425e-05,3.0456944423900105e-05,3.719898097782489e-05,3.506345374756759e-05,4.565794744437278e-05,2.9433358577346524e-05,2.963661798145258e-05,1.9138762574809436e-05,2.9653007219720094e-05,1,2026-08-12 01:22:30,0x9b08423da6b1d9209419cfbbc46b8147e6eb7955,20.008880121024884
328,3.613245421034819e-05,112,8,26,224,82,15,3,104,1,31,4.934305454320356e-05,3.518770068526296e-06,7.729539480828647e-06,3.411279765221723e-05,2.5823529219435307e-05,3.0484165047729917e-06,3.081272101441495e-06,3.956439629952935e-05,2.4695577934952904e-06,1.0577765809930932e-05,67,2026-08-13 02:25:40,0xee88c9018d4dfad7782e787d3a18fdffb303849f,5059.183090172415
7,4.0010057792365306e-05,4,32,7,1,5,14,15,6,3,0,4.2039409284188906e-05,8.897431679255908e-05,5.777089550916007e-05,3.776618508496829e-05,5.9022722959814314e-05,9.211565857605904e-05,9.06411973948319e-05,4.001127888410611e-05,2.5947538980165892e-05,4.396322289705956e-05,2,2026-08-13 18:09:37,0x21607690ce1677f49d85600b0e7ccd34431bd0e2,20.949459728452027
15,3.957034153957082e-05,5,13,24,10,16,47,8,5,36,47,3.8854130455944215e-05,1.6065501559071422e-05,5.250865855306236e-05,4.085529212742451e-05,4.1686316821019615e-05,3.5449363246913985e-05,2.1141099720912232e-05,3.841713852122967e-05,6.581811734591786e-06,5.9563990348437107e-05,3,2026-08-14 03:05:32,0x9fe4d977d595c0c347711d5d6150f4ebfa5cdc6c,21.731821486302284
5,3.574331512886537e-05,0,137,901,5,4,482,206,0,12,127,3.1215513048808134e-05,0.000795247121308908,0.0015739686759213408,3.574331512886537e-05,3.5876861793372673e-05,0.0007520808619988684,0.0002972555979912596,3.1215513048808134e-05,8.801163672744037e-05,0.000207960119830261,1,2026-08-14 05:15:07,0xfed508e349c47f669e57c1a1ba476e5e0e6b918e,0.002999037
0,,0,1,5,0,0,0,0,0,0,0,,1.341246107588313e-08,2.4659303366231955e-06,,0.00013446903237870263,9.348694910185599e-05,1.341246107588313e-08,,1.341246107588313e-08,0.00013446903237870263,0,2026-08-14 05:36:14,0x39f55fe979a4ef256c2df270b6294c3bdcab1d56,0.0
0,,0,0,0,0,0,2,0,0,0,0,,5.870656278647607e-05,4.452586897907151e-06,,,2.8774955497366696e-05,2.6846051827384633e-06,,2.413327619398549e-06,0.0006127364344889439,0,2026-08-14 06:34:50,0x25dc37c6ac22ef67d8b5d477e64967ae38248922,0.0
92,3.731007167366511e-05,68,0,2,52,39,2,0,40,0,82,4.505269597251071e-05,2.1697277652900202e-06,2.5409251398588477e-06,3.249570896478269e-05,2.597951364455703e-05,2.2413997965887285e-06,2.106591141651126e-06,4.070400339039895e-05,2.0413839515527394e-06,1.0335023128260373e-05,22,2026-08-14 16:42:04,0xecf88c0c3f2110481737acf6d191ecd35a72f07a,1888.0535406261245
3,4.160796234685695e-05,4,10,8,1,0,24,8,2,20,2,4.5027032070001095e-05,2.905636684694522e-05,5.2581565755975295e-05,4.150564435361796e-05,4.411345970398849e-05,4.954635931047884e-05,1.7604365744294395e-05,4.170003099914498e-05,1.8509212502046516e-05,4.635260124299736e-05,3,2026-08-15 20:23:47,0x7ea85bd98ce15a8eb3de41933bdffdb8859aadb4,62.61580151143403
96,0.00018232460357923337,49,6,446,26,107,51,5,70,4,125,0.00017595476930265267,5.310764569470006e-06,3.17979151441215e-05,0.00016922278346035002,0.0003349515135132906,6.039565863849057e-06,5.213229506834555e-06,0.00018904806695196666,3.325462503092053e-06,0.00014052876096091796,101,2026-08-16 16:07:04,0x617413c598ec4e06a31de2bd145d248f5a67f74f,125865.922327854
9,3.629993416421722e-05,11,39,63,7,14,32,18,2,61,24,3.68688951466723e-05,3.1420504231162575e-05,3.328370625273237e-05,3.633126107049899e-05,3.131868001315756e-05,4.664750223477437e-05,1.8562731395923443e-05,3.604335220062354e-05,1.4485158339335244e-05,3.459281158153194e-05,7,2026-08-17 14:42:57,0x9962c469c2b9cbaef14d60be50e82df4925fa4ac,253.97899662301143
1,1.391296739498793e-05,0,0,0,1,0,0,0,0,0,0,1.391296739498793e-05,3.5786407664273495e-06,4.6146240047495785e-06,1.391296739498793e-05,5.121146634114914e-06,3.5786407664273495e-06,2.391315102582089e-06,1.391296739498793e-05,0.00018681660214624993,4.6146240047495785e-06,0,2026-08-19 15:36:37,0x1c3aa83b4ef4692edaf5a5517210b052d33b34c5,0.0
4,3.609698213087975e-05,7,13,6,1,9,23,14,3,18,5,5.045694143780516e-05,1.913516566202588e-05,3.6532041174462286e-05,3.864026628972453e-05,4.503556462312939e-05,1.56623896144562e-05,9.163246498518893e-06,3.531378921162563e-05,2.099356750979636e-05,3.626038131140029e-05,18,2026-08-19 21:16:44,0x141d1cfa7b93692e2a959185ce845e4e48fa0074,962.8720916792697
378,5.565246968890315e-05,73,2,34,256,51,68,4,122,12,13,7.305117604615735e-06,4.5056726205028234e-06,2.7613863264371192e-05,6.187858914037176e-05,2.3922082852964465e-05,2.4079140487469424e-05,4.102893718834269e-06,4.1988108967877865e-05,3.2660611649100942e-06,2.6463870352866547e-05,102,2026-08-20 19:31:19,0xa8f67ec33e4059f19f1109b8046f2e1655e29aa8,15582.188643203408
10,3.422700590477137e-05,9,0,0,7,0,0,0,3,0,0,3.7526043553930766e-05,2.4416262284802676e-06,2.4440358809845203e-06,3.530663025721458e-05,2.4595738541770015e-06,2.4440358809845203e-06,2.4416262284802676e-06,3.3218981192663956e-05,2.4416262284802676e-06,2.4408071519138984e-06,3,2026-08-21 16:43:08,0x47b757e2e58f272ccbcaa551e366b14f600cde88,565.0298713200054
3,5.381906340693004e-05,9,10,19,1,2,5,452,2,5,23,7.434226017938726e-05,0.0003590030661643157,0.00020315516083073483,5.35964821950066e-05,8.629712719052477e-05,0.0003283090418032483,0.00044759008929922507,6.661533873426291e-05,0.0003981819172396842,0.0001876843570233082,3,2026-08-21 23:22:57,0x97f68328cf8ad42edc771355bdedac657f4949b9,70.6311684
89,5.210837207192967e-05,45,0,22,42,26,2,11,47,5,30,3.924638353643895e-05,3.979006889277831e-06,1.513374629321931e-05,5.026672086673406e-05,3.564610352690569e-05,4.621938319279612e-06,3.843326186632787e-06,5.393378467692913e-05,3.174116203676586e-06,2.7009205278541576e-05,20,2026-08-24 20:40:05,0x85beef3b242599ad8e06faae28ba01c350f7ca8f,2561.1292015310555
57,5.074779119353444e-05,32,885,1206,20,165,564,2966,37,1962,935,6.364744667902314e-05,0.0019081851849567122,0.0003427002389289786,6.129586278176369e-05,0.000215863612690985,0.0007668094588052681,0.004245971703987499,4.7503263682637244e-05,0.006198798673138484,0.0012104980693706058,21,2026-08-25 01:35:27,0xee5576fa1bcaa380e591d01245f406f3f384eb01,2158.9954277432976
50,5.1656053254908744e-05,9,53,16,26,7,12,67,24,36,3,2.527281308981756e-05,5.85769676555203e-05,4.540769728285202e-05,5.667727583160695e-05,3.261634327725297e-05,4.184299517436123e-05,4.6845009444099545e-05,4.549686264615281e-05,4.351216178314666e-05,3.519921459411217e-05,13,2026-08-25 01:59:49,0x2db219a4c16f1bae611361d21421fde06f447f47,1373.19081304725
18,5.523090233664861e-05,11,62,127,8,9,94,168,10,243,17,6.515506694535016e-05,0.00011329654589852519,6.177947784628906e-05,5.538423783359075e-05,5.304271389597484e-05,9.785278374525894e-05,0.00010102545069300417,5.519709276456465e-05,9.751150256234696e-05,6.394762503894592e-05,5,2026-08-25 12:12:34,0x6547911e5b8f3cfa9e6bca37ddde3009e83faa2d,465.8788581343353
0,,0,0,0,0,0,0,0,0,0,0,0.00012615639129126617,0.00012428464057252607,0.00012615639129126617,0.00012615639129126617,0.00012615639129126617,0.00012615639129126617,0.00012428464057252607,0.00012615639129126617,0.00012428464057252607,0.00012615639129126617,2,2026-08-25 17:31:04,0xd6172940c21d60dd37c9ceaea1a231816746b8a4,0.6875196665591241
14,3.8266725019709046e-05,13,2,16,8,16,38,2,6,4,31,4.4110347598493354e-05,3.878103179589833e-06,2.1354448593694478e-05,3.671796203092857e-05,4.6752943803703257e-05,3.791768966653413e-05,3.2799543539456427e-06,3.9444296010047126e-05,2.82316804089976e-06,1.592571322472324e-05,15,2026-08-25 19:05:34,0x059ba292f5dd26f835fdaa79dc90d9991bf4f52d,1169.9152192314882
0,,0,0,0,0,0,1,0,0,0,0,,2.8761911360183895e-05,,,,2.8761911360183895e-05,2.8761911360183895e-05,,2.8761911360183895e-05,,0,2026-08-25 19:11:35,0xce366442dc4c219ef20b0c15c444624fceea5293,0.0
0,,2,0,0,0,1,0,1,0,0,0,6.163610741966999e-05,3.072353987580031e-05,3.072353987580031e-05,4.364422575405415e-05,3.072353987580031e-05,3.072353987580031e-05,9.11108105936486e-06,4.364422575405415e-05,1.3340754416160623e-05,3.072353987580031e-05,1,2026-08-26 00:26:43,0x2eeb5f7989b42e7d52d103bca75de29dd30059a3,0.5889418454444104
1,4.6235080916499406e-05,0,0,0,0,0,0,0,1,3,0,4.6235080916499406e-05,6.913672921684528e-06,4.6235080916499406e-05,3.6088068779294865e-05,4.6235080916499406e-05,6.913672921684528e-06,6.839439629773831e-06,4.6235080916499406e-05,2.8852987266973036e-05,4.6235080916499406e-05,1,2026-08-26 15:45:21,0x50291a017916d6b4ef376c8a5bf71af6d8b09351,0.699125438276
182,9.990345293242145e-06,34,0,3,130,14,1,0,52,3,3,1.0861296073758882e-05,3.559813780380743e-06,4.797699539559946e-06,1.1559993323193463e-05,4.250406054188873e-06,4.209108807492085e-06,3.391249854982016e-06,7.348958049768835e-06,2.871988063685862e-06,3.1766020583742194e-06,233,2026-08-26 17:29:44,0x28173a4a8f7fd40c0c2a00043082f4fb0e2ae876,21319.603975238708
57,7.244046859166455e-05,18,8,6,19,15,14,15,38,24,15,4.38605518843071e-05,6.460320111797555e-05,4.0537662559231e-05,8.823984504131468e-05,0.00010391877901081434,4.3930570743774055e-05,9.953707587690086e-05,6.537587587467638e-05,6.518443388388184e-05,5.9817283206676216e-05,40,2026-08-26 19:06:57,0x397de4ed08b189039ba732774e677cbf549ac63b,7215.781845009625
1,5.4943426731916566e-05,0,0,0,0,0,5,2,1,0,9,5.4943426731916566e-05,1.5640407803956927e-05,0.00017882976938229174,,7.137718984667274e-05,0.0004998296962381568,8.043403999709685e-06,5.4943426731916566e-05,5.574286375618399e-06,0.0004139802514385904,0,2026-08-26 20:40:26,0x1f95b4a6b52f9dec6d034d5e4c7043caf4582d1b,0.0
439,2.8392284246843516e-05,195,0,10,269,60,19,2,170,1,31,4.1497716507370734e-05,6.049014598694562e-06,1.4669660569425344e-05,4.09470155414316e-05,2.1056028595182418e-05,8.22217969362768e-06,6.340454746733925e-06,1.8249990168116378e-05,4.282257182152101e-06,1.1031104951150369e-05,133,2026-08-26 21:44:18,0xd553aba1761540f535d2800408c69b3506cacca6,15372.64484624423
0,,0,0,0,0,0,0,0,0,0,0,,8.890356642048184e-06,0.00017450672107221105,,,0.00017495805700805535,7.3658497172305265e-06,,5.0964428971176166e-06,9.585626507683861e-05,0,2026-08-27 09:13:08,0x3b1b1728f5c4d96fdcfe77ded2bf4a98517d3eb1,0.0
0,,0,0,0,0,0,0,0,0,0,0,,3.497952991663724e-06,9.226779424658448e-05,,,9.226779424658448e-05,0.00022915425645229285,,0.00022915425645229285,9.226779424658448e-05,0,2026-08-27 12:01:55,0x050c883fcdb02bdf99eb18722d10c935c62546c9,0.0
327,0.0001275300349108577,98,14,19,207,31,21,515,120,143,12,0.0001198548811416288,3.271459715406733e-05,4.264896257419516e-05,0.00012546847206938377,0.0001246824761972634,2.521739016683737e-05,0.00012259015546991085,0.00013102005143331564,8.055525556609328e-05,4.059859671638589e-05,108,2026-08-27 16:45:13,0xc4f36c7c1d00dcaab1d01159466afa189bfc7161,15784.051877118873
232,3.942751522836219e-05,84,28,220,150,69,84,68,82,165,115,5.670355570335061e-05,4.279479975131185e-05,0.00020809910023684985,3.9655930914013585e-05,6.190975406103847e-05,6.161917210605756e-05,4.6881721141625074e-05,3.906989461622481e-05,0.0001001572459333392,6.97392734422604e-05,197,2026-08-27 16:47:47,0x45603e50c0f59210bdbeda29eadad4d8dcb15aac,22127.787128480526
0,,1,0,0,0,0,0,1,0,1,0,3.538059437907276e-05,2.8572597287734726e-06,2.8899851472819513e-06,,0.00016808802438492574,2.5656186867258876e-06,2.1232016133187026e-06,,1.995017354971779e-06,6.173668099781517e-06,0,2026-08-27 19:03:39,0x738d788a5c6e7bd13968a030888f659b879844bb,0.0
0,,0,3,1,0,0,0,2,0,32,0,,0.00010761235235058286,0.00015806239735505285,,0.00014095025169859617,6.126030455940608e-05,9.553472257872686e-05,,0.0006206581343415356,0.00022495322220388844,0,2026-08-28 02:29:40,0x9d07db5c2394d8e3ec59c3eedc9735b2be4fd523,0.0
57,6.441503889638504e-05,53,1064,109,34,30,117,188,23,118,232,6.704948912856109e-05,0.0001913138945505983,0.00017128063080832918,6.27501716955788e-05,0.00010570858858361641,0.00012063444441681448,0.00014009991079150087,6.772213628717977e-05,5.817325819632619e-05,0.00016611641825268385,33,2026-08-28 12:13:30,0xd5f1dd001bd473be32c6cfa6260a9c438d397011,3097.2440833603905
96,4.874937298072774e-05,67,15,166,33,31,120,8,63,3,92,5.589370436868335e-05,4.067971714282402e-06,0.00012278894294895064,4.452566592321722e-05,2.7677931574983738e-05,7.360930169668324e-05,3.5728680885368444e-06,5.006879980854618e-05,3.3766179124513667e-06,6.153485447133518e-05,36,2026-08-28 12:30:29,0xd8ed36fd63d1879e4c8019ad7441d1d95cd1c3c1,3316.126037337921
0,,0,57,23,0,0,67,9,0,7,0,,0.00018285620308093376,0.00011137327996876526,,,0.0002534473293214271,2.7469175547241176e-05,,0.0001608583550089168,,0,2026-08-28 12:50:15,0xae3ea7cc7e2f2d604f5686e49195f78dc846d6fe,0.0
0,,0,0,0,0,0,0,0,0,0,0,,,,,,,9.620115965933773e-05,,9.620115965933773e-05,,0,2026-08-28 13:52:27,0x36ffc5bbf635bf7ea290cd52d1d948c1461a43eb,0.0
0,,0,3,0,0,0,1,0,0,2,0,,4.925813572369127e-05,0.00011534650886724315,,7.050559904122497e-06,2.0926903123767437e-05,1.3299328854802724e-05,,2.100250920603234e-05,4.825319030982802e-05,0,2026-08-28 19:41:21,0x58c4c86469abebfb89221cd2694957e9ef964615,0.0
0,,0,0,0,0,0,0,0,0,0,0,,,,,,,,,,,0,2026-08-28 20:12:44,0x5b760513a16e087f0be1b4a97cc5dd7bf880f9e4,0.0
9,6.231357589224073e-05,5,5,1,2,3,8,0,7,0,1,8.005556178761905e-05,9.62767812809383e-05,0.00011779986898018562,6.031807095971495e-05,8.37641503317067e-05,9.851239569939946e-05,8.087612428027603e-05,6.512362220472553e-05,7.583232648059847e-05,0.00011838908998455223,6,2026-08-28 20:30:08,0x2768076f421c74729bad394ae58d4af76f748e4f,85.87425975673804
142,6.396135755442135e-05,102,11,399,84,73,247,23,58,22,324,8.773154420771872e-05,1.472244822055059e-05,0.000373130015386356,6.779721793139057e-05,6.900147865446101e-05,3.0601443429085816e-05,7.133502120326337e-06,5.8457577196211406e-05,5.332810627571273e-06,0.00022018977097537778,58,2026-08-28 23:52:15,0xb99f2342891c9bfef35840f8f9cff53c5417cde9,6195.23695371949
0,,0,168,11,0,0,36,1670,0,1535,0,,0.0009806984455276333,0.00012867948120268415,,,0.0002698185731453475,0.0022212228221770063,,0.007866996235284722,0.000110146970626154,0,2026-08-29 00:10:51,0xcacb0e9caccee63ec4d82952e561a291c68bcb68,0.0
88,5.279074582944118e-05,15,5,28,58,18,14,33,30,112,31,7.244810256563874e-05,4.427510194383175e-05,4.3592578608704825e-05,5.159444477649486e-05,6.754415019448642e-05,4.424155254596775e-05,7.822130845118508e-05,5.489698685283296e-05,0.00020332616012984679,5.578311798661022e-05,53,2026-08-29 05:01:24,0x4c1d893c5223e7fc01b11b5211fc5366da458bc8,4312.241547049214
28,4.5016212893307825e-05,12,69,59,19,8,88,99,9,265,45,5.160013286606486e-05,0.00013948824283979886,0.00013480448693319183,4.489743911148822e-05,5.672100995113679e-05,0.00010613773177323098,8.313052509246548e-05,4.531940994120296e-05,0.0001312529536641403,9.058081282579155e-05,17,2026-08-29 05:25:52,0xdee52f2ab639b6942b0d0f0565400b93b7a0fbe5,682.5259642100394
0,,0,3,0,0,0,0,0,0,2,0,,1.3837670075175808e-05,1.4972284192931732e-05,,5.881130698303436e-06,1.4972284192931732e-05,6.187412551841085e-06,,3.5109167846997822e-06,5.881130698303436e-06,0,2026-08-29 12:18:12,0x703dd54b609d2f9ad7d432e1227596d136926ad0,0.0
151,4.5766783933017576e-05,70,10,522,75,65,14,0,76,4,198,4.261266955087794e-05,3.5230438424588356e-06,7.932274090024381e-05,4.969961951342023e-05,4.5863084262844984e-05,3.3401690446363383e-06,3.2135877312773725e-06,4.2319282674235316e-05,3.2035616900515287e-06,5.9875279805005315e-05,14,2026-08-29 13:27:50,0x2809463ae3cf754c05ab585fc3e9df8cd4c70e5a,1567.3229775702814
97,4.626988223764118e-05,34,0,1,44,0,0,0,53,0,0,4.926382604827353e-05,2.562216159300596e-06,2.599929264585621e-06,4.74088233939319e-05,3.06772546751046e-06,2.562216159300596e-06,2.5783194450307393e-06,4.540797201948046e-05,2.574011250477527e-06,2.642056319834493e-06,25,2026-08-29 15:09:52,0x2be0bf7c242231a34f821e7b8d8c2d1bcf8d56dc,4382.828832869511
182,6.0764315951208335e-05,111,5,332,122,20,96,16,60,3,65,9.455567082567449e-05,1.9008901463315306e-05,0.00011755346776297762,6.565112902747569e-05,6.397773225336557e-05,9.806107473600643e-05,8.133249715708833e-06,5.0697988129522886e-05,5.852738118852694e-06,6.79916451990857e-05,73,2026-08-29 15:23:48,0x09099714fe05cad489c660be8cf60d6a8b14b851,6977.087959962125
0,,0,9,11,0,0,0,4,0,49,5,,6.534121043286121e-05,8.230728910891591e-05,,0.0001150429364908014,0.0018816750490661077,3.226890139029012e-05,,1.902263044919655e-05,0.0018301640976595074,0,2026-08-29 16:12:39,0x468594b2b41b1387d38dab1768c3ce550f23b06b,0.0
61,3.076020049649475e-05,12,0,6,46,10,3,0,15,3,5,2.7524419460239122e-05,5.666243754635902e-06,5.545158278079965e-06,3.108328046942503e-05,2.0324712102240182e-05,6.763037687843231e-06,3.628851954585793e-06,2.9489451805082735e-05,3.735391689286638e-06,7.992012323539918e-06,33,2026-08-29 17:49:58,0xa2f1aecc19197cd3066edcfd0092d9c948075807,3628.12081649015
0,,0,0,0,0,0,0,0,0,0,0,,,,,,,,,,,0,2026-08-29 18:12:58,0x02f6611f6e0ec7282c69b2c60b8e9f6f1ae20eea,0.0
5,2.6386551216051563e-06,1,0,1,3,0,0,0,2,0,0,2.5863461622435716e-06,2.6371732493499743e-06,2.514488290182373e-06,2.7851308566071866e-06,2.6417400952480946e-06,2.6371732493499743e-06,2.552710880983581e-06,2.6207382400398232e-06,2.5398314048934086e-06,2.6417400952480946e-06,22,2026-08-29 20:03:51,0xd6ee23748287d7ef4aaaee7ad155f2978cff9664,2001.9353475006387
0,,0,0,1,0,0,4,1,0,3,1,,8.42317984860218e-06,0.0002459974755255933,,0.00010985964480216432,3.294990078741149e-05,3.92311863965435e-06,,7.466748952298701e-06,0.000555859085529685,0,2026-08-29 22:27:24,0x2a7a31907142c134e7c0b42a87cbb65f86e316fa,0.0
0,,0,1,0,0,0,0,2,0,0,0,,5.292037185804056e-05,2.6983338769872603e-05,,,3.5198195396653526e-05,2.899967696259923e-06,,2.9937927501967033e-06,,0,2026-08-29 23:46:13,0x5fbc0e0cc7dcc7759c2c152b9aeb070a5d9be17b,0.0
1,4.196737483219697e-05,0,1,1,1,0,0,0,0,0,2,4.2547245049696976e-05,3.3604355480617055e-05,3.672792398029072e-05,4.196737483219697e-05,4.2547245049696976e-05,3.672792398029072e-05,3.404510724283865e-05,4.196737483219697e-05,3.3422697965372326e-05,4.140883075443534e-05,1,2026-08-07 16:17:50,0xd909ee8a68812dcb082128a08ec05be2804825af,190.32750000000001
0,,0,0,0,0,0,0,0,0,0,0,,6.778348386079721e-06,4.5112139378832665e-05,,,4.5112139378832665e-05,6.778348386079721e-06,,6.778348386079721e-06,4.5112139378832665e-05,0,2026-08-07 23:15:50,0xf3fbe8e262d375d0d13392bc244bd2e903583c74,0.0
0,,0,0,0,0,0,0,0,0,0,0,,,,,,,,,,,0,2026-08-07 23:52:48,0x61c91b626dcb95e093d948f5e5e4f068885b1953,0.0
11,4.336440253356439e-05,13,6,24,2,13,37,29,9,55,12,4.406794761466511e-05,5.321989420725642e-05,7.643167329966853e-05,3.8985327649151734e-05,6.0295695994023866e-05,6.549153209721499e-05,4.1569351438028006e-05,4.426058602407259e-05,2.6650692754809372e-05,7.473989464881818e-05,7,2026-08-10 13:57:58,0xd4dc6b48ad73ec51e71d9b8f65568f88609b92c1,489.4500897
0,,3,145,0,0,1,4,226,0,107,1,3.860201430291219e-05,6.780753091508384e-05,3.9223836418079634e-05,3.649538798565914e-05,3.9608654062509636e-05,4.5492586173006283e-05,7.29717063069637e-05,3.649538798565914e-05,2.3013959336698088e-05,3.99784866219447e-05,1,2026-08-12 03:54:06,0x1ec72a220d35854b4ec348435b37a100c58d6698,136.221723
314,5.3746836997361045e-05,51,1,1,170,31,2,143,144,63,17,3.9509983594396826e-05,7.964837634708257e-06,8.900404166451657e-06,5.309307691963423e-05,3.5171121237281064e-05,8.516867826784758e-06,3.396814785007939e-05,5.5140047406476155e-05,2.8718276397968957e-05,2.465028456074528e-05,41,2026-08-13 18:52:52,0xfa94473b453baf93df2db8ab8101b9da518a10c0,6725.715541324335
0,,0,1,0,0,0,0,0,0,0,0,0.05197711151204175,6.652416387803751e-05,0.00012008494975937963,0.05197711151204175,0.05197711151204175,0.00021750984585437643,8.266009251264912e-05,0.05197711151204175,7.17651752411659e-05,0.05197711151204175,1,2026-08-14 05:40:04,0x72b22451c5698a54de5d00a946d75f25a48f4fd9,729.326295979424
2,8.348006879814637e-05,0,3,9,2,1,5,0,0,0,0,0.0001369037500617104,0.0001353780630297078,6.327913014349257e-05,8.348006879814637e-05,0.00017258403691823774,8.290142216370085e-05,0.0005553190444041437,0.0001369037500617104,6.02925824954916e-05,4.67130851473459e-05,0,2026-08-14 05:59:27,0xba334dcab2e956c466a6394403c6dd15cd04e838,0.0
11,4.514034113121591e-05,6,3,11,5,11,6,5,6,2,10,5.0779843042635894e-05,4.8636926135517736e-05,8.065156678811104e-05,4.228905513073754e-05,5.9764978692714414e-05,6.680484634498783e-05,5.5400400068134354e-05,4.7312315982111675e-05,5.431593117401323e-05,6.613433092460074e-05,5,2026-08-14 13:10:26,0xc1dba4c70d69296ede3a7e35d613374b806c9676,46.03878336483634
68,2.6670505029010423e-05,9,4,14,48,3,12,3,20,4,16,2.5344648310676455e-05,3.533427708586066e-06,1.4629659539896713e-05,2.6811674163334026e-05,1.4857443518992256e-05,3.3030933765319294e-06,3.0564308933255938e-06,2.641436092487186e-05,2.7560774629345907e-06,1.1186358689642749e-05,20,2026-08-15 19:11:29,0xf8247484ca6d354c019de7b552a9df899485359c,973.1185005974392
7,3.823900770110524e-05,4,3,8,1,2,3,4,6,0,0,2.9337397793308002e-05,1.2137919828774628e-05,2.2608322165488895e-05,4.2149355993750055e-05,2.5253873053844544e-05,2.1296049293174103e-05,8.271809372188285e-06,3.819836940625696e-05,8.35738004574057e-06,2.596336360075291e-05,3,2026-08-18 12:02:17,0xab106f4108226afa8c08ce21d09b51eeccf51dd8,63.06183762988965
257,7.064429149755875e-05,37,30,124,166,23,415,9,91,3,135,4.83929990767245e-05,1.8152771376977266e-05,6.586863926177199e-05,8.129804570557843e-05,4.754482595114089e-05,2.167124205169333e-05,4.475048754151264e-06,5.567938563574694e-05,3.4975143126536204e-06,0.00013759265127177245,71,2026-08-18 14:50:38,0x3243a71262d77d5ecd53a0584c960efd42fbdf41,7755.729606366504
9,3.614639261187911e-05,5,5,9,3,2,22,19,6,31,45,3.626868906404604e-05,1.72828450638651e-05,2.7991058901124728e-05,3.591251204586131e-05,4.574036778868465e-05,2.1625106601938743e-05,1.3297787406299712e-05,3.6555411350245734e-05,6.503641790429711e-06,2.500949074049263e-05,5,2026-08-18 17:22:08,0x1948b2f613693a2faeac79b3491f60258644d984,231.34327294989575
92,5.177659237641605e-05,23,40,15,48,23,23,7,44,147,12,3.861191381664067e-05,5.301382538924728e-05,5.178977518247061e-05,5.277747647534904e-05,5.063776380356713e-05,8.536256981357522e-05,5.739599849047302e-05,5.0409545192259256e-05,4.1315841072822845e-05,3.482295789037093e-05,36,2026-08-18 22:50:51,0xb39fe606ec7b4c11d212f25c8b7402f26dfc4aea,1675.227620354441
1,4.2322971385652964e-05,0,0,0,1,0,11,0,0,33,2,4.269617955022181e-05,1.9663135865279633e-06,2.1749549580039448e-05,4.2322971385652964e-05,3.9574281188703565e-05,1.1124273213343866e-05,2.2319603220797315e-06,4.2322971385652964e-05,6.0680616589260825e-05,3.160722251991771e-05,4,2026-08-19 00:44:17,0x51250b135174ca09450ec01c4aff73cf69dbb590,195.5508743740572
53,6.611263110860677e-06,8,0,0,32,1,0,0,21,0,0,2.962590281969998e-06,3.8145356530295595e-06,3.5460658920735497e-06,7.658976816789324e-06,2.1716620124346682e-06,3.5548256224524306e-06,3.652723286405029e-06,5.227255596624832e-06,3.356061052564174e-06,3.210259627907258e-06,181,2026-08-19 19:24:05,0x46028a6e4d415817b9c538dc91084ccb55f70d08,24151.721254462755
0,,0,0,0,0,0,0,0,0,0,0,4.4819745329408176e-05,0.00016916763808185603,0.00012390755453301256,,0.0001072452431623762,0.00016916763808185603,0.00025739837316328976,,0.0002584188149103719,0.00012390755453301256,0,2026-08-19 21:05:04,0x7ecca74ab958900ebbed1b258cab50ae69409550,0.0
0,,0,20,2080,0,0,187,1,0,8,42,,1.5328878041565738e-05,0.0008819335161271957,,,8.438244778265772e-05,1.7842762402566453e-05,,1.2375476202745853e-05,0.0003328512377911494,0,2026-08-22 18:33:15,0xc5795c3e56c25fbaae744af6b5faa165cc60ee16,0.0
0,,0,0,0,0,0,0,0,0,0,0,,,,,,,,,,,0,2026-08-22 19:19:54,0xeff08923765e4abfeacb11262c3312818d564e6c,0.0
0,,8,87,208,0,214,72,60,0,42,384,0.0008061885228074949,0.0003942299015192919,0.0007991520260934913,,0.001012793447440156,0.00076777500246181,0.0005199961367642212,,0.0002169820475438454,0.0007824759218539504,0,2026-08-23 21:41:27,0x133698a17b7b5c2b981555c56c2b00824f517c1b,0.0
0,,0,0,0,0,0,9,0,0,1,0,,0.0002485918318677489,,,,0.0001514195242097384,0.00037985167935653,,0.0004252924840277183,,0,2026-08-24 16:17:49,0x6b12ec435f15f823ee3c550e9013123e4187429b,0.0
0,,0,1,0,0,0,0,0,0,0,0,,0.0003768057879798276,,,,,0.0004971503144348028,,0.0006060923657129801,,0,2026-08-25 15:09:51,0x8c894913e6a82dd98771c9d5407b95b1c1c29e89,0.0
46,5.981405570109629e-05,19,19,8,12,5,6,16,34,10,11,6.0499757690300426e-05,2.7558424169904763e-05,4.773132994105563e-05,4.946918735549105e-05,5.9302017462756226e-05,3.964336406479502e-05,9.437519221627515e-06,6.595664762528787e-05,6.775123276797621e-06,5.782743679980467e-05,11,2026-08-25 15:33:05,0x5c2fb47adc0d5bd107b5fd9c904c46c48a666448,1603.2900015340529
140,0.0002027510016557621,121,45,63,18,39,161,26,122,286,69,0.0007874768131833148,0.0007855050003297599,0.0007249728766028409,6.0429412695717505e-05,0.0006551824373827635,0.0006155749356647922,0.0007128462963892966,0.00022967348283263735,0.00042244346018103195,0.0006207912275861047,27,2026-08-25 18:12:46,0x75eeb81b6af4e9b88579aa2e6e2fdbaaf6d8f837,3625.5327321679497
59,4.824742278850622e-05,19,3,12,32,55,4,0,27,1,11,3.962103482908841e-05,4.529849917273642e-06,7.021794235062035e-06,5.210230887985977e-05,9.210061159098927e-05,6.489843674695178e-06,4.595940430531664e-06,4.1639538751959005e-05,3.826298608117041e-06,1.175728438590704e-05,76,2026-08-25 19:02:46,0x1e0d434b606e48a17fbb84d28c83bedd9e2d436d,7536.401478876196
26,3.41654193861224e-05,21,25,10,9,24,10,11,17,6,8,2.81392192298463e-05,7.752756906307933e-06,5.849975264676831e-06,3.627335976747447e-05,3.3217652688949095e-05,1.1797106980979233e-05,5.879885933744455e-06,3.3376779916019916e-05,4.160458326508916e-06,1.210815959672138e-05,14,2026-08-25 20:51:27,0x9d950ad3178b56c4d4630a4a41ff9a64264bcfb9,2155.5123823598833
76,0.0001889427123656274,61,1,237,38,25,2,3,38,9,95,0.00028166826088172454,3.3074313994978203e-06,2.4073586502991303e-05,0.00016895457948319694,0.0003657808798621415,3.177444945006772e-06,3.7899488129515458e-06,0.00023221576793863876,4.457767202959524e-06,0.0003437861197986916,87,2026-08-26 14:43:35,0x8bfc85ef1f0e658034261142655b84bf2b3f7b0d,166756.45161892896
28,3.6548889805475236e-05,19,0,2,5,1,3,0,23,0,1,2.5963936338428642e-05,2.8795825220061633e-06,3.7566505349064967e-06,4.9056605389495755e-05,2.3054003263402887e-05,3.0314288711134873e-06,2.637267521527593e-06,3.609524287933421e-05,2.637267521527593e-06,1.3770072825525475e-05,15,2026-08-26 14:57:04,0x353de8c2fe9d912bc9a18d539db9a094ab00a421,671.4930561804763
540,2.271828289558072e-05,33,0,1,452,7,0,0,88,0,0,5.730541161414433e-06,3.3009560626945343e-06,3.462100479938447e-06,2.8468867762475157e-05,5.450764104929326e-06,3.3908040694966028e-06,3.2897749575534106e-06,1.278020757179524e-05,3.169658146544925e-06,4.125431357109486e-06,334,2026-08-26 21:31:36,0x1de3d1db9aa96ba4e7524153432b9db34b02a592,61274.12564429987
48,4.796517501309938e-05,22,17,24,28,11,5,79,20,50,28,3.366317898252196e-05,3.076238116326126e-05,3.0247197824170423e-05,4.7928458162100604e-05,6.33421230093492e-05,1.966060246817425e-05,0.00012470392506256704,4.801480546164995e-05,0.00010494775973175056,7.450712398950615e-05,42,2026-08-26 22:44:45,0x9e510fe78b3aa364d238d81bd0391f0e54a234ab,5726.4825663565025
17,4.7981854183510606e-05,7,19,10,10,6,45,7,7,3,31,4.7900686620313177e-05,3.133877471319068e-05,4.6029268561592116e-05,4.818174226178032e-05,4.948568688973922e-05,5.437948264679558e-05,5.636529296264185e-06,4.665193133887209e-05,3.697696265330975e-06,5.9802087170663626e-05,8,2026-08-27 07:18:56,0x8615543e541c71ee3050f729bc6ab55cde054f91,278.03290787829764
0,,0,0,0,0,0,0,0,0,0,0,0.00011260559965920613,0.00011260559965920613,0.00011260559965920613,0.00011260559965920613,0.00011260559965920613,0.00011260559965920613,0.00011260559965920613,0.00011260559965920613,0.00040357093643575713,0.00011260559965920613,4,2026-08-27 08:32:50,0x6f086c5bd71de7d80625a21b6973ae411acf64a7,7.518391044896109
0,,0,1,12,0,2,3,0,0,3,482,,5.941564521676812e-06,2.355452094252217e-05,,0.00012135122327840333,1.574156299829617e-05,1.1650917102048453e-07,,5.6124711003360305e-06,0.0004205372531685947,0,2026-08-27 11:35:17,0x673231873848ada8491449789854acb33fb7d777,0.0
20,4.270173859266918e-05,18,145,30,13,16,84,25,7,12,19,5.43067272783676e-05,4.561130070865806e-05,2.5460628800786048e-05,4.411580202069041e-05,5.243576833456098e-05,4.550871574862049e-05,9.136293271941197e-06,4.163084879652584e-05,6.511830129200749e-06,4.2138833280995e-05,14,2026-08-27 11:44:42,0x7b8a56480792b54c3422ae05fea6ff29ea7ff961,696.2859277318726
370,2.7905421206386184e-05,63,8,21,143,22,10,0,227,1,115,2.3445895704622645e-05,3.4402911497128624e-06,1.2796665490207523e-05,4.880006505410311e-05,2.595331382153726e-05,8.478037059267096e-06,3.2604678108643203e-06,2.0827702303125823e-05,3.1935956484388915e-06,1.5147549856770585e-05,110,2026-08-27 12:51:23,0xa12514d8e5e690c2ba52e4d43944c93517a56845,11674.318797906948
567,4.295348689464423e-05,69,0,0,374,33,1,0,193,1,1,5.874513070892344e-06,2.660155613085448e-06,3.2378290851044736e-06,5.69838892142675e-05,4.507343866584603e-06,2.829608623650525e-06,7.628674938376757e-05,2.5562507849654833e-05,2.543168590394164e-06,3.3437284915360664e-06,219,2026-08-27 16:35:17,0xa2b34ceb92ca22ffde389e0effc64ec0a96fe2c0,26739.21317850098
0,,0,0,0,0,0,0,0,0,0,0,,0.00014483661002544026,6.01697760770922e-05,,,0.00014483661002544026,0.00014483661002544026,,0.0001494225823453286,6.01697760770922e-05,0,2026-08-27 17:09:58,0x211431dedbf1a2c38a6a38cd32f094c1d86408c3,0.0
109,5.744980754470483e-05,180,7,32,47,74,52,1,62,3,54,0.00010189481856125511,1.1492086644335095e-05,3.2095516046139465e-05,5.039987009943813e-05,7.480403126537206e-05,9.519105298143334e-05,5.825040183489355e-06,6.322488494518042e-05,5.1419072078974935e-06,3.935888124847322e-05,39,2026-08-27 17:47:43,0x04be13ec374174de8a8dbe7a0c480ce75659d104,2058.321632369922
0,,0,0,0,0,0,0,0,0,0,0,,,,,,,,,,,0,2026-08-27 19:13:38,0xb303685f71dcd26db5ca41edc770c0e31775fd8a,0.0
76,7.875567162952486e-05,25,50,73,41,8,36,74,35,104,39,9.218470655409295e-05,0.0001275878727894381,0.00022075875862834893,7.017501995607307e-05,9.508928802679592e-05,0.00022568867733553915,0.00023717669988906193,9.882431546542954e-05,0.0001868770350789475,0.00013134235446622534,41,2026-08-27 20:38:39,0x404f8d6168ad19b1a7fcb15bf8d271cd4389ecb0,5296.331343554688
30,4.655621666979027e-05,18,13,19,14,10,24,20,16,67,21,4.913905303303974e-05,3.781161463463008e-05,2.975002225520935e-05,4.420856972117689e-05,4.1212923979313774e-05,2.6457440706474123e-05,4.586499340023305e-05,5.144550711057442e-05,6.201905299070073e-05,4.095465112074065e-05,22,2026-08-27 21:02:08,0x513e7a4375dd34d4c0a609b7003a1674056c863e,1847.3078211371371
31,4.303931398481161e-05,12,33,56,7,21,104,55,24,81,39,3.461868323533139e-05,0.00013311861157846628,0.0001569168918503532,5.180901965968774e-05,8.140356748530795e-05,8.776008901181585e-05,0.00022295250867175606,4.100022998153952e-05,8.473965118148546e-05,0.00010598359646407411,7,2026-08-27 22:55:42,0x11387d2beaa3377c4659aa58a33efe0df74c295c,451.36899574152477
0,,0,0,0,0,0,0,0,0,0,0,6.227034177881827e-10,6.227034177881827e-10,6.227034177881827e-10,6.227034177881827e-10,6.227034177881827e-10,6.227034177881827e-10,6.227034177881827e-10,6.227034177881827e-10,6.227034177881827e-10,6.227034177881827e-10,1,2026-08-28 16:04:42,0x8fc22b7b9172f6c9bec45cddc6037f17b60713ec,2.107695402137248e-05
107,2.386038410062214e-05,1,0,0,55,0,0,1,52,0,0,2.660134458138583e-06,2.584727164704261e-06,2.5637024657093398e-06,0.00011114923526059233,2.660134458138583e-06,2.5637024657093398e-06,2.4967142405415837e-06,1.7924566836614806e-05,2.4967142405415837e-06,2.6473567118799305e-06,18,2026-08-28 18:19:21,0x835262f61032d30ca4213774d72ef3343c58764a,2913.5720144678007
350,5.184035382193804e-05,171,1,1,146,62,2,0,204,0,4,5.4123510711457835e-05,3.8970339188462585e-06,4.4333893838915275e-06,3.9041762720939054e-05,8.914014771385453e-06,4.4088352402012635e-06,4.3654083556066345e-06,6.211799209120895e-05,3.560729925196838e-06,4.3745016936329465e-06,124,2026-08-28 20:44:36,0x085e73090720f68f49994944ff3e5e1aa82f46bc,9732.92826718931
252,5.643606676575388e-05,147,0,12,51,9,1,1,201,0,4,2.637490280565391e-05,3.143593934536727e-06,4.047128552075867e-06,3.3523999475764e-05,7.543053710650013e-06,3.372214145243053e-06,2.923610197494681e-06,6.505759612838642e-05,2.7816749880454856e-06,5.470538338140872e-06,66,2026-08-28 21:52:36,0x25f9be0e3fe071a172490002ee65c2c71814cae5,7002.08576405795
121,5.737854784309524e-05,67,33,486,51,62,1235,1,70,3,244,5.19192468306789e-05,4.1950309213132255e-06,0.00010007205836660202,5.578986026764498e-05,5.8535268849334086e-05,0.00017109711065280858,4.348246066559698e-06,5.902146984408746e-05,4.413654046090378e-06,9.696627977016804e-05,11,2026-08-29 04:30:45,0xe076cbd5344347dacbd0964e3f4dd1e8553004bd,2030.8302805054968
1,3.975340771412327e-05,0,6,1,1,1,2,1,0,0,3,3.975340771412327e-05,2.0230069200751223e-05,1.9852558678398766e-05,3.975340771412327e-05,3.121956825671808e-05,3.509609429973589e-05,7.794058376860006e-06,3.975340771412327e-05,9.449952926620122e-06,1.009214914132415e-05,3,2026-08-29 06:54:05,0x9bff94cb78f0d08640a03e9cc97dfa7d7514f119,6.768948269580001
127,4.778610860150409e-05,112,1,1,48,3,0,2,79,0,1,2.66974097829044e-05,2.9002709269886795e-06,3.2786905783673908e-06,3.9600660980758544e-05,2.697601633162657e-06,3.0169120573381642e-06,2.40410043862939e-06,5.3364753415890256e-05,2.5791414750144756e-06,4.087537005454119e-06,50,2026-08-29 09:24:46,0xc7af0cbd74651c4dbc85e8ac7b37e916dfbf4173,4082.232107271391
0,,0,1794,44,0,0,192,221,0,200,17,,0.0007122856368566815,9.80855834297027e-05,,,0.0003201291651671872,0.0004374443440040855,,0.00046634309157023206,7.260887675503445e-05,0,2026-08-29 10:25:39,0x54e595a3544e8e08f39835f744e356bda6308184,0.0
181,3.010497732697761e-05,111,0,1,90,6,1,0,91,0,2,1.1607247989936389e-05,3.271620506560763e-06,3.3701902625241457e-06,3.3397277323302254e-05,4.0354175024674314e-06,3.2548958878149024e-06,2.931372614057319e-06,2.7727292698639984e-05,2.9095163936169906e-06,3.0550452290662096e-06,52,2026-08-29 13:30:35,0x63a7c4eb1653678fa274a8a1333cc2af2a631f5a,2952.4322740615244
304,4.554185301015189e-05,93,2,4,152,33,3,3,152,3,13,5.503418628382001e-05,3.950027691241803e-06,5.0715379309284606e-06,3.8964752782779656e-05,2.9719729475743758e-05,5.1837694663596724e-06,3.901870697551716e-06,5.756415891148258e-05,4.1745790250026456e-06,1.3991168823690718e-05,49,2026-08-29 14:16:40,0xcb1677be37b6f66ab1930917ceae607e67ac2279,3235.411781308229
235,4.7340093472548716e-05,107,2,23,159,87,6,1,76,1,24,8.939992784834903e-05,3.5198938846685917e-06,2.261495492816824e-05,4.421919273280513e-05,5.9734004820785475e-05,3.0274358979807928e-05,3.02912849536151e-06,5.9298829629298413e-05,2.987304007220947e-06,2.1290274598964635e-05,202,2026-08-29 15:26:35,0x8ac2852cd683ecfd736cc83b4f556e178863ba4b,19537.747550838852
173,5.802019071597447e-05,27,0,6,72,26,1,59,101,0,32,5.635978943344075e-05,2.8302801979225873e-06,4.271183919513148e-06,7.109421683128289e-05,5.630506595912067e-05,4.457961184506627e-06,4.566525498052308e-06,5.134487962978956e-05,2.1760058159924524e-06,3.6020062449073567e-06,99,2026-08-29 16:52:05,0xd90d3a61604d4022da9f1d33cecf0a871bd477e0,11113.594802936075
425,5.12877345862119e-05,85,80,21,136,100,112,251,289,191,22,4.1379129969480814e-05,6.0151114834471305e-05,2.7733789011076133e-05,5.79935831336634e-05,1.607982272385523e-05,9.648983107351393e-05,0.0001863457600861141,4.76783320383434e-05,0.00010414449727813185,2.3909075016708903e-05,197,2026-08-29 18:58:35,0x5a9c3f9b6b584ff08c4da7b82c416a9cc5278585,23742.060264807646
87,4.858672608556302e-05,33,7,113,53,50,27,15,34,6,121,4.118378254618073e-05,5.545820189691628e-06,5.2516743720065496e-05,5.152379679361175e-05,6.49274101157275e-05,1.1154703086078974e-05,6.439665782198164e-06,4.372428623038381e-05,4.348720471093156e-06,2.7726578531906336e-05,20,2026-08-29 20:47:03,0x9d4d480f00abeef36b6504ec5835acb0d0325fe4,1954.061955451139
3,4.2896115503929985e-05,0,11,3,0,2,8,6,3,7,3,4.299268042841205e-05,2.141940443158756e-05,1.864487434886597e-05,3.6639624142436945e-05,4.860779011925627e-05,2.7847345816048702e-05,1.8038460861839555e-05,4.2896115503929985e-05,1.927961766809463e-05,2.9927647443656542e-05,1,2026-08-05 02:47:22,0x9d60d91044f1c501fea4d2e95691b84edd8cf4cb,1.8548540999999998
89,8.158594795430734e-05,34,5,0,63,5,0,0,26,1,3,7.300893438966699e-05,2.5342593592479703e-06,2.2111038241956043e-06,7.751507026333528e-05,8.956657875037181e-05,2.0190747648036596e-06,2.0236543398782383e-06,8.76215088447353e-05,1.9991036515912085e-06,2.341669488020427e-06,47,2026-08-06 14:32:23,0xfd4388d021b2977718ea3ff19f66f7d49d307882,7792.740321251587
5,3.5934584912723865e-05,4,8,7,3,3,68,3,2,1,13,3.8966822769167093e-05,4.7155111936871e-06,3.894444492814878e-05,3.6854819596585e-05,4.310421474953242e-05,9.518825355772448e-06,5.779983749437258e-06,3.5146980541283014e-05,4.471281605578469e-06,3.446229967968975e-05,2,2026-08-07 01:52:14,0x20c86dde46f7cb6b1adb52598d2f2da70ecef7d9,302.151311154
93,2.5862131837726707e-05,5,36,9,46,13,21,7,47,13,57,2.5069059197782906e-05,1.3387900959552637e-05,2.3729863445012286e-05,2.8544561174755282e-05,2.0524273047466234e-05,1.910062616261513e-05,6.562598656362053e-06,2.3650408492423575e-05,4.237565933406529e-06,2.1690388739020382e-05,22,2026-08-07 15:36:22,0x190743b06c3d3d8d04ea5e34afbd0f6eb638e06f,3012.4298929958263
7,3.150261145930379e-05,7,5,17,4,6,4,3,3,16,11,3.896038150769327e-05,4.626672402996269e-05,5.297959598049616e-05,3.151195576809268e-05,4.982136502220754e-05,2.7381429870677666e-05,2.114434341925417e-05,3.143108263151825e-05,3.571125525360013e-05,3.9974565545359574e-05,1,2026-08-10 16:41:39,0xd6f542cadd79f1ec824883a0fdb90cb8c980a7ad,37.115892
0,,0,0,0,0,0,0,5,0,0,8,,8.330088905627514e-06,2.7491205765531812e-05,,,1.5746176084837386e-05,1.0140851453787313e-05,,6.668389389378861e-06,0.00012680469848615924,0,2026-08-11 17:05:34,0xc6fa87acfcd4ba8435f1cb12ff883b80af0c8b27,0.0
248,3.702253788848706e-05,130,2,95,166,96,40,1,82,1,49,7.360406395517714e-05,4.489560277575211e-06,1.5013472420199716e-05,3.685852725637209e-05,2.310576243608478e-05,2.2247364418512343e-05,4.432701425203441e-06,3.734731989525147e-05,3.5403054577270944e-06,3.9541423625846336e-05,136,2026-08-12 23:36:48,0x803deff8bd1286927b7ce1970b3f68cccd450072,11510.498954596524
5,3.6848775265223434e-05,5,20,91,2,5,129,8,3,5,30,3.612484693989519e-05,1.3000111929658061e-05,9.94661189859137e-05,3.676685523119582e-05,2.8714918753377146e-05,4.454310415475403e-05,1.4726085098539e-05,3.736274256555678e-05,6.1678858125161375e-06,4.221502878063458e-05,3,2026-08-13 14:00:59,0x2201e0d90f9f443bb337f528558e019fbeda1d94,20.93724198752706
121,3.370003362162014e-05,41,3,63,72,60,47,3,49,14,62,4.17839917435096e-05,3.471549033223283e-06,2.5982039183136712e-05,3.273321285661122e-05,4.905362673898013e-05,3.391980987562575e-05,2.7534379328917408e-06,3.646486454164711e-05,2.5425570009875044e-06,1.9854552047919734e-05,35,2026-08-14 14:22:17,0x3dd43066bf2efb8f3e94fe3635b8433cc9c29735,1342.4709099089498
44,3.469888773647516e-05,6,585,50,23,7,14,116,21,148,17,3.2473148247052816e-05,5.360609299842272e-05,3.082234015232483e-05,3.720263968127074e-05,2.7770225544164898e-05,2.3039496238423594e-05,3.504937719345172e-05,3.114579449279376e-05,2.627190420528128e-05,1.7576542114489207e-05,12,2026-08-14 19:16:34,0x42ae076525e94ab3335bee6adc8f8de65c016644,337.63497389063605
0,,2,3,2,0,0,16,0,0,0,2,6.532456749782614e-05,5.110940641293742e-05,5.658729909708769e-05,,5.9378765012496764e-05,0.00014986525032238183,4.1204143037637386e-05,,4.179682029698877e-05,0.0001062265006690545,0,2026-08-15 13:58:20,0x73114abd7dcf37000d90d8de9fd1de3957b17c04,0.0
45,3.331948469988265e-05,9,4,14,31,4,22,1,14,67,56,3.647110694185673e-05,1.871765070854364e-05,5.423303508086192e-05,3.4267628189786636e-05,1.4407467736575121e-05,5.007924954062388e-05,1.3355774140783062e-05,3.05618056292992e-05,0.00010510913843711416,3.307482978197126e-05,28,2026-08-16 01:42:05,0xf0c720e3af2a58bd1733569e0d2ed3f946b1d164,1065.2766818655944
15,4.858816944594071e-05,8,56,16,10,0,22,29,5,189,14,5.698608966747824e-05,3.4199523999797094e-05,7.46815630649836e-05,4.788014613595787e-05,4.8786604181836346e-05,5.4767892237783046e-05,3.054045524300205e-05,5.260166473532176e-05,2.8833057445063663e-05,7.769847910027524e-05,4,2026-08-16 10:12:55,0x4220946789ccd1bc5fcd108c4e948cdce286460a,569.6102562160944
0,,0,0,0,0,0,0,0,0,0,0,,4.0827916202568336e-05,4.0827916202568336e-05,,4.0827916202568336e-05,4.0827916202568336e-05,4.0827916202568336e-05,,4.0827916202568336e-05,4.0827916202568336e-05,0,2026-08-17 11:37:04,0xf770ea37d674a0be16a2a82e2bce9ae600eb3e8d,0.0
32,0.00011038695235511553,9,0,0,21,1,1,0,11,0,2,0.00010318561236707927,1.9653690147537915e-06,1.98106036102861e-06,0.00010807584747979551,2.142316085173509e-06,1.969442831505757e-06,1.9569026584488186e-06,0.0001210364195161389,1.9642597041379003e-06,2.005461309156146e-06,79,2026-08-18 01:26:58,0xe1af1353e17f5914fdcdd695a8fe3998159588a4,92119.63844970525
127,3.1487247997520284e-05,31,106,52,67,22,61,43,60,133,15,3.146745108799923e-05,3.4487773007389324e-05,1.6243650209948034e-05,3.108968372392353e-05,3.2264082018588456e-05,3.127205038688246e-05,1.3922180881205076e-05,3.212563132521427e-05,1.562334294038954e-05,2.396894539706409e-05,68,2026-08-18 12:26:49,0x0ce8de1d649e9d70ab276e379418ae5d27d3cc82,4898.001132240504
76,4.532094282526596e-05,41,55,78,45,41,59,64,31,180,287,6.225195455483792e-05,6.182611299258273e-05,8.277454686101878e-05,4.50307251503178e-05,7.399298676915545e-05,7.744749377143336e-05,9.279490502801376e-05,4.5778484931841964e-05,0.00019685868391019348,0.00013612203765477158,10,2026-08-18 20:29:34,0x8ad25c65587979533fa1ca0d2194a76d5bae305d,620.66650352
1,4.634861660418291e-05,5,0,0,0,3,12,12,1,0,1,3.4679641526061174e-05,3.294822867788284e-05,3.388544790146541e-05,5.139481535938476e-05,3.938362979470296e-05,4.707597559510472e-05,1.4426082933230786e-05,4.634861660418291e-05,7.908708381474504e-06,4.2872223464422326e-05,3,2026-08-20 03:27:35,0xc6bf0afe2c0719368e9458ff27eab981eb4e5eda,33.87811842
15,2.7639335996383386e-05,5,53,5,10,6,17,16,5,12,4,2.4547842976525336e-05,3.1577878839841666e-05,2.4475933278162392e-05,2.9665647311259273e-05,2.2559344933669493e-05,3.057171057442914e-05,2.009266387474238e-05,2.5214651746434473e-05,4.261965227078516e-06,2.7531081416056362e-05,11,2026-08-20 09:29:28,0x7f241b9d177826bfc3e8aa9ab87f2d0ac911d164,554.5214027648143
268,3.4894085196015534e-05,59,608,645,145,92,444,178,123,431,178,2.0812691130227585e-05,0.0005316817804824774,0.00038838679912863474,3.9562263294198176e-05,8.893069650873203e-05,0.00017346438906649548,0.0003352496203923882,2.926488889770304e-05,0.00010548104689354635,0.0001787953475071351,154,2026-08-21 20:56:24,0x0977fa2139b773732da455926660b3d22c8cab7f,29618.7071038153
66,5.9650640486311394e-05,9,18,28,39,16,53,108,27,60,13,6.448905127409776e-05,4.79176119378988e-05,5.010164552154379e-05,5.7946926136535664e-05,3.9740969403519604e-05,6.373786631246975e-05,7.713214418623903e-05,6.646997729910146e-05,2.6822679810469275e-05,4.1236492549146695e-05,32,2026-08-24 02:10:00,0xf7997e4fd821e39d884d86d25e1655017f241a42,5723.2858039210105
0,,0,0,0,0,0,0,0,0,0,0,,3.06625275150705e-06,4.337339891438741e-06,,4.337339891438741e-06,3.881493223492034e-06,3.06625275150705e-06,,3.06625275150705e-06,4.337339891438741e-06,0,2026-08-25 15:40:38,0x543cf5a54853bb2795c39e7a9716e1bff4b87d1f,0.0
30,0.0004000175038039581,7,61,17,15,3,13,213,15,870,124,0.000355050247643027,0.00014550758790637407,0.00016399873775969424,0.00044270674771791266,0.00030980329118919866,0.0001529990198909208,4.7737876848922376e-05,0.0003954541458281731,1.9893314294303772e-05,0.00025528421760147486,10,2026-08-25 15:49:05,0x073f2ca9755d30bcb2eaeed07631d28a45082a83,1581.7359460567127
256,4.034474800749686e-05,44,37,82,127,107,73,66,129,21,186,4.06411040569373e-05,2.8571903837573068e-05,4.2499760007445894e-05,4.037779322767529e-05,7.581666774068801e-05,1.748080269674045e-05,2.2552064614938512e-05,4.0321598849479177e-05,1.3079523983308702e-05,8.739005310468265e-05,100,2026-08-25 16:30:16,0xfd5cb0e11477528606a0c891028a1caf7f625a75,19360.345900775268
184,5.785408256970725e-05,78,116,35,55,34,67,47,129,77,54,4.688225159667258e-05,7.232891401204529e-05,3.6254137823126374e-05,5.00250874062673e-05,6.248673117707022e-05,7.875761313290466e-05,2.2068998265405278e-05,6.191262345418133e-05,4.4938597632250595e-05,2.8772409226871047e-05,62,2026-08-26 07:29:53,0xa9e00a9c48ad74f7a99c31b6df132f82728bb4bf,4927.2872267827715
416,9.962798903576664e-05,130,84,15,232,23,8,3,184,5,17,3.8923040692156716e-05,1.446695675177569e-05,3.368362473977326e-05,0.0001291100042039189,4.640841303561733e-05,3.286789094186886e-05,8.32928993047958e-06,7.777729210444775e-05,9.88267486999647e-06,3.681592050042788e-05,116,2026-08-26 12:13:18,0x5adf246e7da68921bb59976e13b19cd306d4e7da,13046.065412988652
124,6.26540718229067e-05,17,31,483,78,20,136,304,46,158,53,5.4161897669472845e-05,1.7837660680786086e-05,0.00020070104170633702,6.642711464652123e-05,5.313757611167906e-05,0.00015553564933167048,2.917649152439987e-05,5.586225452107763e-05,4.830618143043531e-05,7.918974480755513e-05,26,2026-08-26 14:21:22,0x3305ecb5f199ae848713e1b6ffe842ccadf1ca19,3961.7355520573333
366,6.850328677611536e-05,147,56,70,275,35,57,11,91,20,51,3.155603063904813e-05,2.031096931465277e-05,6.636461247623729e-05,6.964617570492189e-05,3.639124510898552e-05,1.7642033690782225e-05,9.258417800909624e-06,6.499912591375667e-05,1.0151437746174812e-05,4.370077315952976e-05,88,2026-08-26 15:12:47,0xa8fb36136cd439f3ddec90bb713954416b826e8d,9772.115004938587
353,2.285007709292044e-05,80,1,0,222,9,0,2,131,1,0,1.3152549210908712e-05,3.666025970168444e-06,4.2827898197947764e-06,2.361081909812731e-05,1.5935267116767184e-05,3.948974809338256e-06,3.2004140844424076e-06,2.0723099652043146e-05,2.982569642215881e-06,9.14309261502171e-06,260,2026-08-26 18:42:54,0x8cd619960a6c2f4f64eb5e487d26d8744ba076b4,42357.266531718655
0,,0,0,0,0,0,0,0,0,1,1,,5.052433786823463e-06,9.394582844096186e-05,,7.24599865701811e-05,5.242840227594662e-06,4.695797056841135e-06,,3.1583528607966555e-06,9.394582844096186e-05,0,2026-08-26 21:13:27,0x47ff4a218c98e5b28bbe34306effb840a9caa238,0.0
154,4.948136970173801e-05,47,3,6,34,33,6,5,120,3,37,3.613547963791315e-05,4.203234524852186e-06,2.1301089774096924e-05,3.5608266726796285e-05,4.9332932624556346e-05,2.0531476404411963e-05,3.913132598275571e-06,5.6807277446307655e-05,3.5158109034424122e-06,3.624241971285915e-05,71,2026-08-26 23:11:00,0x803b83332fe71adcfe5a9e7d93d11f51caa04134,4488.074156531008
21,6.078653541252719e-05,5,9,15,7,22,7,3,14,1,9,5.7840318498976415e-05,4.444356425778546e-05,5.582173307415842e-05,5.9696093458328044e-05,6.5452627669397e-05,6.229620692408628e-05,3.925721218859534e-06,6.164057270087091e-05,4.008124826057238e-06,6.144438854042481e-05,7,2026-08-27 09:41:12,0xb89974bded1b1d57f32331cc63e11a805d73d23a,338.5036254503267
1,5.2089032212333634e-06,0,0,0,1,0,0,0,0,0,0,5.2089032212333634e-06,4.0093764126553906e-06,4.0093764126553906e-06,5.2089032212333634e-06,5.2089032212333634e-06,4.0093764126553906e-06,4.0093764126553906e-06,5.2089032212333634e-06,4.0093764126553906e-06,4.0093764126553906e-06,1,2026-08-27 14:48:02,0x922aabefeea4a2dd407c06a080c2cf57edc2f9ed,5.0269537600000005
613,5.834086254987206e-05,87,2,4,300,1,0,0,313,3,0,1.5350927237642343e-05,2.7204331080780313e-06,3.096203930595112e-06,9.186656501620435e-05,3.952054356662298e-06,2.816726239490377e-06,2.703755530481034e-06,4.044405634188473e-05,2.7542732336987037e-06,2.9463457430380975e-06,128,2026-08-27 15:10:54,0x62a32de39b4dbef0ccb4ff05e1f5350370058d1c,19132.725084909405
516,2.4053722639268755e-05,12,0,1,367,26,0,0,149,0,2,5.3956739216927175e-06,2.6594004257493112e-06,2.9836049057093685e-06,3.171131618056274e-05,6.7081352977313475e-06,2.653469174087416e-06,2.615599966809862e-06,1.2893557892553134e-05,2.586917031922019e-06,2.9167070912743895e-06,181,2026-08-27 15:23:53,0xace5bc3ddabd6e7a8f7c434a7fd4b786aceb421b,20470.988354316156
41,6.297597196457312e-05,12,4,27,26,10,10,0,15,11,46,4.208787686039815e-05,6.251597876501926e-06,1.1928141693943395e-05,6.175841715498677e-05,5.3831507707631646e-05,6.1027099453005154e-06,5.466829094081991e-06,6.544432583965252e-05,3.667158083600512e-06,6.694685664486836e-05,21,2026-08-27 16:43:01,0xcba1d01286ab8ef485966cdffcacf230d769d9d5,2239.465697882099
1228,0.0008670026932244539,553,11,46,520,198,29,16,708,31,257,0.0012773371161034876,0.00038834300950614455,0.0004810020676506917,0.0006857569207316702,0.0006638308458834483,0.0004755658250619078,0.00034185825767040417,0.0010753495067213042,0.00033874350857352164,0.0004725105306012213,134,2026-08-27 18:37:53,0x80bced7cc2bbb44a41f5ba30c7090a7ba1bec605,37205.26197591839
0,,0,0,0,0,0,0,0,0,0,0,,,,,,,,,,,0,2026-08-27 19:13:37,0x1cf372a296840cd9c107fdcd1abb55f9ba36f272,0.0
105,1.0227886335382286e-05,2,0,1,85,0,0,2,20,0,0,2.7604393764769303e-06,2.5507200906450353e-06,2.5524394790217447e-06,1.3202729857208944e-05,2.6707492350796356e-06,2.5524394790217447e-06,2.53108114157668e-06,4.432650544257269e-06,2.5288985383937844e-06,2.6370056027239947e-06,29,2026-08-27 19:27:16,0xd15932f0e7204982e5b51b6bb61e71440697124a,2841.602066423926
0,,0,0,0,0,0,0,0,0,0,0,,,,,,,,,,,0,2026-08-27 19:48:37,0x9ba0e5302332821b6fde97a4c25a064474adfec1,0.0
98,6.580155209668864e-05,60,112,208,61,128,117,36,37,5,184,8.201063290197602e-05,2.5773421825676736e-05,7.59275597275808e-05,6.681520233324971e-05,0.00015658667949420928,9.102608548567491e-05,9.556335522870456e-06,6.428684585639227e-05,4.316396742423784e-06,0.0002197234048556071,39,2026-08-27 21:09:21,0xf4bf7fc81f3e772db03190a828e9398730f5e568,4469.971359708653
0,,0,26,1,0,0,29,19,0,47,0,,7.560556210832639e-05,3.9715949886861606e-05,,,0.00023422393348881333,0.0001343608996357602,,0.0003204177422206303,5.478610892559137e-05,0,2026-08-27 23:16:03,0xfcfa02286be2e22d3bb3739bfa3312592376d882,0.0
28,3.1347781364422894e-05,18,7,14,11,35,16,0,17,2,19,3.88770267238393e-05,6.600433404569321e-06,9.537636341599084e-06,3.137240279278588e-05,3.0822998150316494e-05,1.1199466888147034e-05,5.02532025221042e-06,3.133475692816323e-05,3.5927503130217148e-06,1.1447137562326544e-05,34,2026-08-28 07:01:10,0x9fd712d156141ac0e63824c959affc0e6eb813a3,2977.5889126027328
92,4.442410459459126e-05,111,1,2,58,8,1,0,34,0,3,6.406526066197987e-05,2.66714012977957e-06,2.910348268828804e-06,4.415992017864409e-05,8.132936738917499e-06,2.7559367299339397e-06,2.6066209721640627e-06,4.502820934156609e-05,2.6486902285117242e-06,3.256965300726646e-06,92,2026-08-28 12:34:32,0x27701719d7e7cb1573aad8034b1a39117be60dc0,6455.826200734154
0,,0,0,0,0,0,0,0,0,0,0,,,,,,,,,,,0,2026-08-28 16:04:42,0xd9175fea45c6a5a8a87671fac2227bea5075ae09,0.0
0,,0,0,0,0,0,0,0,0,0,0,,,,,,,,,,,0,2026-08-28 16:08:49,0x390c44dc21db35a0d94eca67028d5a6d2d96a881,0.0
0,,0,0,0,0,0,0,0,0,0,0,7.277223170977333e-10,3.4887092207808646e-06,9.334790794789645e-05,7.277223170977333e-10,7.277223170977333e-10,6.993777141575114e-06,4.125851441786035e-06,7.277223170977333e-10,5.219875320896117e-06,7.277223170977333e-10,1,2026-08-28 18:31:12,0x14c09f6cd952c73dd0df474ee886a7aa04692c42,0.00012726619004773673
7,6.142980975038515e-05,1,0,8,4,1,14,0,3,0,1,5.517056032050048e-05,2.6096848604327634e-06,3.7858586550210375e-05,6.248087947220799e-05,6.039175603801859e-05,1.3926133961174168e-05,2.454076393272349e-06,5.99687857597422e-05,2.454076393272349e-06,3.685740712059374e-05,5,2026-08-28 20:30:47,0x6ef53a0a4cfaee2a18f06d532d182bc36e9709dd,92.3002763906605
40,3.942019104767908e-05,5,0,60,27,58,1,0,13,0,33,4.6671604707682346e-05,2.8056715279599694e-06,2.035837894714533e-05,3.877237938868269e-05,3.998404569989973e-05,2.9531977269554866e-06,3.373317986610427e-06,4.186557012902393e-05,2.6418015864703768e-06,4.034010844306515e-05,21,2026-08-28 21:03:27,0xa4f05ce45b8387dd0db985acc03f69c310ded82e,1274.9244956102714
19,5.761868126803401e-05,6,16,430,7,6,79,218,12,91,10,6.517277593245981e-05,0.00018545712333097535,0.00027448337178962514,5.575932187384432e-05,6.334432868547647e-05,0.00010873026666787352,0.0003833396521252672,6.209648162290614e-05,0.000378443668619204,8.57913850197522e-05,10,2026-08-29 00:48:54,0x1c3426560d42936f9183ac3c4ab22c4fb7da7793,72.94011433428541
41,4.854036239581926e-05,18,15,31,25,38,35,58,16,6,27,4.9045587128666197e-05,2.412958833854074e-05,5.3646292564360305e-05,5.097620185034649e-05,6.574737918363282e-05,3.8306496310335923e-05,1.6038480777124256e-05,4.5878452138972e-05,4.777150618015005e-06,6.390087838256946e-05,22,2026-08-29 02:47:39,0xd733ff293d0d7f8b1c20bf8840ae58164128e4a3,1783.9813579695708
1,4.780648897993272e-05,0,0,0,1,0,0,0,0,0,0,4.780648897993272e-05,7.626413447650604e-05,7.626413447650604e-05,4.780648897993272e-05,7.626413447650604e-05,7.626413447650604e-05,7.626413447650604e-05,4.780648897993272e-05,0.0001088397402171729,7.626413447650604e-05,0,2026-08-29 03:20:51,0x9b962520304711b97c666abc85166900b7ad627b,0.0
0,,0,0,0,0,0,0,0,0,0,0,,4.220134692962276e-05,4.220134692962276e-05,,,4.220134692962276e-05,4.220134692962276e-05,,4.220134692962276e-05,,0,2026-08-29 11:02:10,0xcac17f2cd682f6986552e303a1cbc5c893c2bf5f,0.0
529,9.948717396536954e-05,386,1,1,331,63,1,0,198,0,5,8.444402432693361e-05,2.8362616145947337e-06,4.264807970866161e-06,9.409580485742773e-05,1.7233771379051697e-05,4.032325217560495e-06,2.8187654624672025e-06,0.00010980194197655705,3.094208908237049e-06,5.4979378203085215e-06,150,2026-08-29 13:38:24,0x7b0f3a2955229c4c1c2131c3066a953575950704,19581.151965143177
653,3.9763343814207687e-05,137,1,2,281,25,5,1,372,4,1,4.6365629296920835e-05,3.2529566066663743e-06,3.271314613314073e-06,3.2912938168634446e-05,7.530696916895112e-06,4.043454120839967e-06,2.5023805720437207e-06,4.527733883760924e-05,2.4177639134706414e-06,3.709839151147421e-06,338,2026-08-29 15:34:50,0xc014332bc82611259aee06ea773f2999b1272694,25822.051501284222
2,1.047452293999526e-09,0,0,0,2,0,0,0,0,0,0,1.0474521442898289e-07,3.95139804164129e-06,3.95139804164129e-06,1.047452293999526e-09,6.3475373332036915e-06,3.95139804164129e-06,3.95139804164129e-06,1.0474521442898289e-07,3.95139804164129e-06,3.95139804164129e-06,0,2026-08-29 15:53:49,0x44256fd96f8e958b70471d30d1c88af8c3da22cf,0.0
589,5.3665456678702946e-05,122,3,6,387,44,6,105,202,9,15,4.4849670400266744e-05,4.747994563773386e-06,7.1566923093697455e-06,5.9754904864758044e-05,4.530005427402673e-05,5.562654277001449e-06,7.138090453572108e-06,4.206471101354703e-05,5.017152480383287e-06,1.220754396883737e-05,336,2026-08-29 16:22:01,0x32d4e884dbfc3fcece651e6345a98ce1db8ddb29,40593.66708693944
25,5.004010755635643e-05,10,107,158,9,11,40,61,16,170,26,5.0582251633798445e-05,0.00010424277826908238,8.227672897381993e-05,4.857030196327271e-05,4.2290350388902385e-05,7.931576797866113e-05,0.00010166096629651107,5.073342288217174e-05,0.00022745263633994062,6.291897176865789e-05,5,2026-08-29 16:48:52,0x15157a4380a357fc307ee39a4a476be5ec8d2e74,197.27899189186644
557,5.897630709716759e-05,56,4,199,302,112,13,3,255,0,160,3.862095380565999e-05,5.471497832524834e-06,2.9656459648249176e-05,7.43199577584745e-05,7.00705824795124e-05,1.2477201526888999e-05,4.016293272536745e-06,4.730779274548163e-05,3.6328406445668753e-06,8.057884804086998e-05,255,2026-08-29 17:46:39,0xf72eb8752579155e15e9c9c8216c7b47e7b28ccd,35270.55457854843
52,4.415090849414513e-05,19,2,86,29,30,7,2,23,2,135,3.998335131442869e-05,3.648398589338031e-06,1.5719661256596513e-05,4.872004516552022e-05,4.240417833322201e-05,3.898009155589126e-06,3.6015044975150725e-06,3.958158358811923e-05,3.576340814194147e-06,7.806822625010792e-05,40,2026-08-29 18:08:21,0xf7000e6a623b1d61b34b12061b729cde4aff5664,3122.237298484825
104,7.01236963357109e-05,202,24,82,47,35,95,157,57,585,30,0.00010316715303272288,1.7253002329321288e-05,6.721083174033295e-05,6.475085537094305e-05,2.7174170609201484e-05,2.6099099054979048e-05,4.854079129520297e-05,7.71557133304702e-05,0.00016625636959756527,3.0695431623172604e-05,24,2026-08-29 20:07:26,0xcba6792e8c23e018773ec77687f4d7592975ad83,2283.621004571941
167,4.466819900381915e-05,119,6,67,74,8,9,1,93,0,10,2.4797217916394124e-05,3.2538544936866454e-06,2.7657801023111498e-05,4.688302215137225e-05,3.0161881119096747e-05,4.053782186423555e-06,2.5818313905868542e-06,4.339351941344073e-05,2.5448984708266027e-06,1.915524782034285e-05,73,2026-08-29 22:15:20,0x67ecf512d2440b4a50aa88bebe90df8500dcbb67,14470.757876332027
28,5.500463934045948e-05,6,0,0,16,1,0,1,12,0,0,4.781238549331407e-05,2.389733488135067e-06,2.389733488135067e-06,5.836533334170202e-05,2.7019802622950045e-06,2.389733488135067e-06,2.3844805577573943e-06,5.257276468114033e-05,2.388995848209378e-06,2.7019802622950045e-06,35,2026-08-29 22:22:20,0xd7a6a061dc0859b969c25656b96053c61e55bab4,4501.344194953853
1,1.3902211560433718e-06,0,0,0,0,0,0,0,1,0,0,1.3902211560433718e-06,1.783556522228072e-05,1.3902211560433718e-06,,1.3902211560433718e-06,1.3902211560433718e-06,8.415075100950884e-06,1.3902211560433718e-06,4.598660630424408e-06,1.3902211560433718e-06,0,2026-08-29 23:00:00,0x12fe070b3aa42df51bb6ec06acdb189a1ba53705,0.0
82,3.1149677245755586e-05,19,2,0,60,28,4,0,22,0,11,4.5587149174774356e-05,4.437262348221112e-06,5.724619948312883e-06,3.095277779147342e-05,2.8786689677546262e-05,4.903803852531277e-06,5.37418221734213e-06,3.224406108620153e-05,2.584919162241198e-06,8.905457269424779e-06,34,2026-08-29 23:42:01,0xa5bfefd3add153761cb2953004e81822720fa625,2716.6591966038695
0,,0,0,0,0,0,0,25,0,14,2,,0.001316609010497187,7.247931124323463e-05,,,7.247931124323463e-05,7.326485339280145e-05,,8.549161148213698e-05,5.628626299853417e-05,0,2026-08-05 03:58:44,0xedf530ac305923314302a729464e942a0fedc342,0.0
203,7.690567480076379e-05,55,43,60,59,27,91,164,144,153,16,6.362549689421669e-05,0.00013008419950894746,8.148002541448535e-05,6.372762673763506e-05,7.544598723814156e-05,0.00011835106641046473,0.0003982079307698013,8.894861506023038e-05,0.0002499492879427098,5.661216349054859e-05,23,2026-08-07 15:20:55,0xbbf2c91fdcc488ba736e0c38adc82c9a92597deb,1890.301463313348
2,3.9191918113630306e-05,0,0,3,2,0,1,0,0,0,2,3.888849474726428e-05,6.127013635721706e-06,3.085101212972662e-05,3.9191918113630306e-05,3.888849474726428e-05,1.6844649669890255e-05,6.683874522793608e-06,3.918734579010544e-05,6.0094171690069596e-06,3.440724055961951e-05,1,2026-08-09 15:00:45,0x94b1a570090c8739186b98dd2a4966a8cdde6ac3,0.9522958499999999
82,7.28803889485289e-05,28,15,159,32,97,36,210,50,184,52,7.567175021118666e-05,6.125131356536626e-05,3.6431607026803115e-05,6.67491085350945e-05,0.00021310115492558407,4.340957230399957e-05,0.0001688990352310353,7.487911749651104e-05,0.00011217826801925292,0.00030209360501777353,32,2026-08-10 14:52:58,0xe6ae45b9359399ce0b9626b528989a897476a7dc,3424.3190259017515
10,3.137913877746039e-05,56,1,0,4,2,2,2,6,2,6,8.362807252808909e-06,2.62185537579863e-06,2.567380281702286e-06,3.135354979713088e-05,4.0102916598700425e-06,2.8836204143632153e-06,2.4049202710858913e-06,3.139704207011621e-05,2.3320479323634984e-06,4.4317195069999585e-06,3,2026-08-14 20:44:18,0x7c4af1d7bf61ca1937021e4b91d47fa9fa63eec7,152.39235206558874
111,4.450351060705517e-05,139,7,43,50,11,85,9,61,9,98,1.3540782885280935e-05,3.6963387399860833e-06,1.5168091372961992e-05,4.227195953457406e-05,9.979935682203927e-06,2.0184114648288945e-05,2.817747066345315e-06,4.614134298716423e-05,2.910833640581592e-06,1.7861136347177442e-05,35,2026-08-15 12:58:35,0x77061b45c5e4d440bd681b5f72bd0f4231a6fc04,2191.83214758335
30,3.8336504124820644e-05,33,101,33,18,12,22,139,12,203,16,3.359626879001628e-05,8.067476922549566e-05,2.9181828128015517e-05,4.123357776040617e-05,2.1479073302720785e-05,2.9075265471170053e-05,8.130845925475864e-05,3.7678976215390305e-05,7.470956953759306e-05,1.615839220491177e-05,9,2026-08-16 18:32:44,0xeef9eabb357099185dd14744f0316f98b7e02aa0,139.80595298361266
0,,0,0,0,0,0,0,0,0,0,0,,2.7604635109097804e-06,2.7604635109097804e-06,,,2.7604635109097804e-06,2.7604635109097804e-06,,2.7604635109097804e-06,,0,2026-08-17 05:16:43,0x43bf508960cedabb44c9a6d5adb10a64c69f30f4,0.0
0,,2,1,2,0,1,6,0,0,11,7,0.0001397336827280844,3.049592212485357e-05,3.636642035970236e-05,3.407847889693187e-05,8.027414792516277e-05,5.648309022512369e-05,2.2712248661875327e-05,3.407847889693187e-05,7.649381801302902e-06,1.4866975021735833e-05,2,2026-08-17 15:46:28,0x220851f1a0dbf2d37b28417f721087b0b584cc10,5.13276451668
4,4.30189231711398e-05,13,24,5,2,0,2,13,2,7,0,4.163104647515118e-05,2.161369695618865e-05,2.6287083324708554e-05,4.152193258690801e-05,3.257083269765459e-05,9.480186801846167e-06,1.3982556121367616e-05,4.313144069906236e-05,2.7255553002203622e-06,4.2294860821467295e-05,8,2026-08-19 20:24:01,0x76a297fae4b35fff67d8ab390deac1164a5e88de,847.20290564
64,8.726441107656771e-05,17,0,0,47,0,0,1,17,0,0,8.727558750378418e-05,2.5049045429092514e-06,2.506879998553189e-06,8.947530440134761e-05,2.5437369615761417e-06,2.515624528404468e-06,2.4159177625627487e-06,7.994680045915292e-05,2.4159177625627487e-06,2.5108086903350377e-06,118,2026-08-21 22:39:28,0xb2b84b216945e576ab87d21d1be8d935fefa31e4,78083.89630053613
41,6.56500958658384e-05,11,27,26,23,13,18,28,18,38,88,5.845363702923459e-05,4.939998621204137e-05,6.150715648736958e-05,7.022898234595682e-05,8.483007440504536e-05,4.4557224200514084e-05,4.962492829050212e-05,6.060983491781419e-05,5.003185569517534e-05,7.303247716843687e-05,24,2026-08-22 20:59:12,0xa7d66c394186e6e6d21920a1f56211f22cc847fe,2692.8558081140873
6,4.030559773015456e-05,2,28,4,4,2,1,37,2,65,8,4.0873389062584036e-05,3.633003726654242e-05,4.188147299883039e-05,3.97161334656646e-05,4.083504780579277e-05,3.379530476920776e-05,2.4840994588255273e-05,4.037276289303716e-05,2.0772615087775066e-05,4.147527595007327e-05,8,2026-08-23 16:01:05,0x8f1868fff32537432874ee412198a13134611900,359.2317576857458
0,,0,0,1,0,0,1,0,0,0,0,4.932786473565041e-05,6.566849911437445e-06,2.5731535754368073e-05,4.932786473565041e-05,4.932786473565041e-05,2.0535404390590627e-05,2.745800736791676e-06,4.932786473565041e-05,2.745800736791676e-06,4.932786473565041e-05,2,2026-08-24 12:34:28,0x6a35e4f7f087c268c10dce01598c48d63bc41d8a,2.824334386222222
26,6.583204939873425e-05,16,2,3,13,12,0,0,13,15,9,7.18358450230157e-05,3.4587854524024143e-06,3.324510293881464e-06,6.212590385096635e-05,7.544320870600742e-05,3.0625889664972817e-06,2.6797619189246714e-06,6.711088366145549e-05,3.0122901623912776e-06,6.128208072960539e-05,8,2026-08-24 13:55:43,0xc570011b7cc845763bccb5c0e572b8babcdb4d86,551.714565685759
99,3.1314273904772106e-05,16,1,21,43,14,7,1,56,2,8,2.2739776109648882e-05,3.6074510029192066e-06,1.3381059959574018e-05,3.3222654026654525e-05,1.929776347929862e-05,7.230107314118084e-06,3.5054758638679783e-06,2.836757537178319e-05,3.036370414663237e-06,1.650517490303257e-05,32,2026-08-24 18:51:04,0x4969ad31fd47e14464d27055b6011b5d02335e18,2657.7346906415046
7,5.3154047082332546e-05,1,2,0,5,0,0,0,2,0,5,5.383572037378271e-05,5.031766633160922e-05,4.9336577419005794e-05,5.339705857183481e-05,5.405121600822876e-05,5.047983347708907e-05,3.066488379923505e-05,5.291179696053851e-05,2.576081874623831e-06,4.961347159866934e-05,7,2026-08-25 15:57:36,0xbb753349828b103c5bee8897ae2ecf6157c67376,148.55901949272481
9,6.3829712410047e-05,8,117,44,2,36,79,129,7,180,46,5.932144037026278e-05,0.0001289687897720902,0.00017030199808886997,5.9037159512914986e-05,8.9259909973752e-05,0.0001690817562321161,0.00015459396367579768,6.420999359248526e-05,8.550548220386041e-05,0.00015204511755776608,6,2026-08-26 04:16:19,0xb6ce51925c2e397ebf1a443b343d19267b3d4225,649.02603568602
0,,0,0,0,0,0,0,0,0,0,4,,2.8641348337108682e-05,2.4447742009532822e-05,,,2.8641348337108682e-05,2.8641348337108682e-05,,2.8641348337108682e-05,3.0722391680815286e-05,0,2026-08-26 14:57:36,0xb146b5f864be179a48c14bacbc3c6b2d33b0f69b,0.0
28,5.504363241263633e-05,245,129,642,9,185,144,72,19,174,1009,0.0002014239633356002,5.393211728988721e-05,0.00015949594198510895,4.399118470211694e-05,0.0002164334763785428,3.831968248365449e-05,3.432233297214886e-05,6.311581972284574e-05,4.092268667974811e-05,0.001108781675494902,54,2026-08-26 16:23:03,0xf965ba4dfa03890169119cbce009ec0b88df8fba,7038.585344270123
0,,0,0,2,0,0,0,0,0,1,0,,0.00010731040668799249,9.809147138398303e-06,,5.5110875656391445e-05,0.00010731040668799249,0.00010731040668799249,,0.00018804173457323195,5.5110875656391445e-05,0,2026-08-26 19:00:05,0xc3c6fb734a81157b7084c178f6c1d6f775a02536,0.0
0,,0,0,0,0,0,0,0,0,0,0,,,,,,,1.0254677872236157e-05,,1.0254677872236157e-05,,0,2026-08-26 21:32:16,0x625372affaef6c10257e8a5c72143e6c0143784c,0.0
1,9.970269109132893e-05,0,16,55,1,0,301,7,0,7,2,9.970269109132893e-05,9.86173269026645e-05,0.0006628920349274089,9.970269109132893e-05,9.970269109132893e-05,0.00027344398960301136,3.682193945583768e-05,9.970269109132893e-05,2.62960793347468e-05,5.696399372957411e-05,3,2026-08-27 03:45:22,0x4d3e09736d50ddc72b7919e81cf5a889207747df,3.219019604032
17,6.734853095806866e-05,10,14,24,12,4,3,15,5,44,23,6.962265272423288e-05,4.410822413437167e-05,3.926917126243687e-05,6.855840602526307e-05,8.109004214779548e-05,3.468588066956677e-05,4.140139146778567e-05,6.604434441775649e-05,2.5769621775302595e-05,7.649893823842806e-05,9,2026-08-27 11:09:32,0xcf3477158c28b3b327422bdedaff90a1abc7718e,1727.358133610373
35,3.8065830310084226e-05,24,9,25,11,18,9,0,24,1,18,3.8376347578787624e-05,1.315816771321534e-05,2.4035700976674102e-05,4.533193223261321e-05,3.918055159766653e-05,1.5839769317281045e-05,4.427233926333746e-06,3.5497726611034405e-05,3.160607978659767e-06,4.032723913228845e-05,19,2026-08-27 14:35:20,0xe0ab410e8d4a609299a0b4a21726b085914179d5,1004.6172009449649
28,3.966404853219184e-05,12,5,9,14,2,6,3,14,30,31,4.143457432255295e-05,5.1029348546430815e-05,6.89118460948711e-05,4.138738305277181e-05,5.918699427125071e-05,5.6349164689223154e-05,6.688664114168321e-05,3.8325778490223366e-05,4.346427089019027e-05,6.745857043821612e-05,10,2026-08-27 20:42:13,0x26fe0f73fb5ea558a2a67fd94198abbc078fc03e,364.4902813174586
0,,0,3,0,0,0,0,0,0,5,0,,0.00029349828547564725,,,,,0.00021331584270297595,,7.747950697050832e-05,,0,2026-08-28 00:59:25,0x68cfab089d3607f44ab845742012db1b07e810a5,0.0
97,1.4576230545806852e-05,10,4,3,79,1,5,3,18,0,2,1.362629446507296e-05,3.7158977063658854e-06,4.013225936870974e-06,1.4635474593424603e-05,5.445076267891178e-06,3.5519791740844815e-06,3.877652605430127e-06,1.3940464932375674e-05,3.329580831609108e-06,4.953506308856564e-06,17,2026-08-28 02:31:03,0x9456fc999294832b8c7c0ee94275be4930e01c64,1112.619848993894
245,0.00011155153442066442,91,290,435,120,80,171,33,125,37,182,0.0001718062549014574,5.763948676687875e-05,8.008323708560167e-05,8.285362564897672e-05,1.66948349811807e-05,7.391207692870658e-05,1.898077384467531e-05,0.0001785637600374572,2.997069573344564e-05,7.625205641855424e-05,40,2026-08-28 06:28:48,0xbccc7ad3051ea3221166ceda4529fe15048aba37,8504.138680146254
36,7.70714128232237e-05,16,287,60,18,44,86,92,18,222,35,8.395496270176407e-05,9.521706182512299e-05,0.0001655577824494511,7.92001910843857e-05,0.00010527175206068241,0.00019201048766549406,0.00017360266721537645,7.486723037330224e-05,0.00016110954322517943,0.00014426631659521282,30,2026-08-28 09:04:14,0xb48d34dd8b53324cb8525461c8e548522db885ec,2955.8743573060515
0,,0,0,0,0,0,0,0,0,0,0,,,,,,,,,,,0,2026-08-28 13:21:26,0x6f447c1e9ff46913b53e3638ba8bbdecc247b738,0.0
51,5.227353088889408e-05,47,19,49,35,41,18,4,16,3,18,4.5733643832589026e-05,3.516228556544316e-05,3.696051431812863e-05,5.236103596003849e-05,3.4413203924235744e-05,4.160534652733985e-05,3.4170290185372917e-06,5.206258897707029e-05,3.003992052196311e-06,4.0297827891223814e-05,28,2026-08-28 13:37:54,0xeb6b562cc9c5e2424cc379ef03b859a11418dc72,1927.5770333944731
0,,0,0,1,0,2,0,0,0,0,1,,1.4365815448727986e-05,9.85242560625538e-06,,3.4411089567215953e-06,6.636567054462393e-06,5.595063583458328e-06,,5.595063583458328e-06,3.2742812189768225e-05,0,2026-08-28 18:57:35,0xd3e1e6d62d9a640db967621b99fd3aafec662233,0.0
2,7.398761419455209e-05,2,0,8,2,0,0,0,0,0,5,0.00012878537013201425,1.19895464730936e-05,7.827735007589352e-05,7.398761419455209e-05,0.00013889159188666973,1.93952114947794e-05,1.19895464730936e-05,7.641369384487485e-05,1.19895464730936e-05,0.00029534442451045983,2,2026-08-28 19:13:35,0xc50e44d48a232243c0e186fb2ee204594346c21c,76.67100997130399
0,,0,0,0,0,0,0,0,0,0,0,,,,,,,,,,,0,2026-08-28 19:40:52,0x3d92dcbdb5b62ad7e5bdc28c649c72f8cb615983,0.0
0,,0,1,0,0,5,0,0,0,0,0,1.3065152514048314e-06,1.3998975341941603e-05,5.562234109033248e-06,1.3065152514048314e-06,2.8044557690364766e-05,3.465631376543837e-06,5.880292626840645e-06,1.3065152514048314e-06,5.880292626840645e-06,7.0420149116040176e-06,2,2026-08-28 19:46:35,0xb25396c9399d1ef20bbd2c229b45e9a6b71f9d9e,0.0009995715628412297
0,,0,3,7,0,0,15,9,0,52,4,,0.00048173934076499404,0.00042596498895424464,,,0.0007065457941171367,0.0004715077183994504,,4.8528365756637475e-05,0.0003838229233673809,0,2026-08-29 06:36:51,0x0ff9072a1ead154d92c2d2fef16afba6028ce2b2,0.0
15,4.4906723915772955e-05,7,114,17,8,12,18,58,7,178,3,4.759817138239504e-05,5.398949784277725e-05,3.5028567848781564e-05,4.474547270917609e-05,5.281312195808678e-05,5.135924874501453e-05,6.449718875430936e-05,4.531904001453135e-05,7.037686005989878e-05,4.349980352841908e-05,14,2026-08-29 07:40:42,0xf054f28446042d85af287371be2e0eceee98179a,458.9322272383173
423,7.292668601945923e-05,148,8,19,227,516,7,2,196,0,24,9.541980922219457e-05,5.909087191157288e-06,3.67522507778162e-06,6.819471370366715e-05,8.897206522306027e-05,3.4813525524850997e-06,3.899452621951706e-06,7.785217970215024e-05,4.7416637546131674e-06,6.115443978004149e-06,76,2026-08-29 12:41:00,0xfd8c1b8e3f8273e912050dcd6ebdccf372033805,6131.756869221614
0,,0,0,0,0,0,1,0,0,0,0,,1.7474983791708105e-06,,,,1.7474983791708105e-06,1.7474983791708105e-06,,1.7474983791708105e-06,,0,2026-08-29 13:54:28,0x8f16d90fb2568363adc02762161c56cc2d0e2887,0.0
0,,0,0,0,0,0,0,0,0,0,0,,,,,,,,,,,0,2026-08-29 15:45:30,0x77f585ac5e2bbee08a050edcdd0aae7feb9b20de,0.0
0,,0,0,0,0,0,0,0,0,0,0,,1.386485683059362e-05,0.00011535950630647749,,,0.0002607116054614002,0.00045597474872200973,,0.00033033453465589193,0.00011535950630647749,0,2026-08-29 16:23:51,0xf9e6d90cde065a1fc4a74d7603bb3ce88e870cf9,0.0
0,,1,0,0,0,0,0,0,0,0,0,9.25221398554289e-05,2.6422795566613227e-06,2.6422795566613227e-06,,0.00010587108809377516,2.6422795566613227e-06,2.6422795566613227e-06,,2.6422795566613227e-06,2.6422795566613227e-06,0,2026-08-29 22:33:08,0x2a8a6879cd136f5a6632b0ff786b88a717b54e67,0.0
155,2.646919515273176e-05,35,3,28,57,21,8,2,98,3,23,3.4680127856550136e-05,8.489720248286821e-06,1.6340706911333096e-05,3.610967082871565e-05,1.9712711785986363e-05,9.364037223325998e-06,9.38410686247954e-06,2.2691230686059278e-05,7.187758984410053e-06,1.6164524364377883e-05,48,2026-08-29 23:29:40,0x034b1ba7e54fd0635cd5a3e1062e58dfb11412a3,2553.2249660943794
201,0.0006907135377870675,231,76,26,119,27,24,10,82,410,52,0.0014574378350689504,0.0014521504708238683,0.0012902517251464247,0.0006740538107378027,0.0011040928945607322,0.0013290376323637995,0.001141240634487239,0.0007142507728297706,0.0014779957640391782,0.0009580682220459192,66,2026-08-05 21:14:58,0x9ca1cc0c90d97b4f36c5e2232d4fbd705a73c65d,21815.872376639392
10,3.122857298167709e-05,6,149,25,1,2,18,36,9,90,2,3.551253299373891e-05,7.560438105019987e-05,7.483273925778725e-06,2.9528866765883994e-05,3.419769560523993e-05,1.4750378765379049e-05,6.4108140148621e-05,3.1548068757238296e-05,0.0001037358772555501,2.4902512849879385e-05,3,2026-08-08 01:38:30,0xfdf085fc400504ca734e9ef89c68d2b98e604c2c,66.32460450000002
0,,0,0,0,0,0,0,0,0,0,2,,1.945285622018885e-06,1.945285622018885e-06,,,1.945285622018885e-06,1.945285622018885e-06,,1.945285622018885e-06,8.711289019983692e-06,0,2026-08-08 07:58:06,0x4436033fcf5a7a849e36738660b47b592792d4a1,0.0
11,4.147273380959793e-05,1,1,0,0,0,0,0,11,0,7,4.052626053939078e-05,1.994672592455724e-06,1.9883647579712485e-06,4.009036315666667e-05,3.991760905521169e-05,1.9883647579712485e-06,1.9234763133919927e-06,4.147273380959793e-05,1.9234763133919927e-06,3.937345456284201e-06,1,2026-08-10 08:58:03,0x0b4a283157749f3f0093b31549afa7b95946d256,19.047699
3,3.312671003017439e-05,2,62,12,2,5,50,22,1,255,8,3.179497887653806e-05,0.0002902608127437182,6.0066730386196975e-05,3.3136053767480515e-05,4.147216468071961e-05,0.00011646736162946316,0.0001957906456953534,3.164259914827506e-05,0.00021194241895552057,4.4604687300122856e-05,1,2026-08-10 13:18:28,0x715922c4af57438f768aa831ecae8a62e646dcf3,94.422735
29,4.427059130039943e-05,12,115,69,16,12,147,39,13,123,14,3.93738133540821e-05,3.7490562433778555e-05,5.0661197675076816e-05,4.489081321276589e-05,3.7796541460621784e-05,6.381018416012309e-05,1.6467774637882397e-05,4.084853420052801e-05,2.1661321739013617e-05,3.194626176416253e-05,18,2026-08-12 11:16:37,0x95aaf73c974624d3993d6bd76d24bee08ef8fe9e,1275.3319870724852
48,4.830794700365152e-05,15,79,35,32,78,40,646,16,1415,103,5.160421550169118e-05,0.00012683748803570848,2.7565720405363772e-05,4.737821672793995e-05,8.340175498129476e-05,6.0502290609814246e-05,0.000471307472683614,4.9365262264866175e-05,0.0010914450405674174,5.016104410830671e-05,74,2026-08-12 18:36:30,0x1d5aad3c0d6066078ea60f384a2492a550db30b0,8568.182717905
2,3.855108437963878e-05,0,20,11,1,3,22,35,1,49,9,3.8684696383704565e-05,1.683045057797673e-05,4.54546019067445e-05,3.868746888188545e-05,4.0131027218570035e-05,2.6650537818150465e-05,1.3204402790069623e-05,3.843624180300714e-05,8.948412533626173e-06,3.397500890259084e-05,2,2026-08-13 02:52:07,0xc6cd5be374c8f4e2af14d663a795359bdbb879fd,59.9152233090159
22,3.0868266574818206e-05,7,10,48,11,9,55,4,11,3,6,3.3566850470438584e-05,4.745771764927475e-06,3.324559796856192e-05,2.9289283438202305e-05,3.378496148337266e-05,3.7457559542278014e-05,3.3140182415354162e-06,3.135300522957624e-05,2.8794100333063093e-06,2.9174861225936993e-05,8,2026-08-14 14:37:33,0xaa37fe81caed07bc88075d1db85a2103969c915c,319.49192751326086
24,4.2550147723919507e-05,21,46,41,15,18,92,42,9,17,1,4.646519527657672e-05,2.1351551265690678e-05,4.7869489936832984e-05,4.0447947368254e-05,4.677496661626715e-05,8.315443396259792e-05,1.9185024254060654e-05,4.325117288002836e-05,1.6480738094358505e-05,4.1445222639104974e-05,8,2026-08-14 21:23:04,0x24309e0fdf5dede3285164854d3e99c95763d632,530.1908574342385
17,3.4945036614286125e-05,31,6,1,9,12,5,3,8,4,1,3.076563663638085e-05,1.3738656581512246e-05,2.694305151858814e-05,3.509449128920378e-05,2.1717062887074795e-05,1.0809562539368617e-05,8.641755616358336e-06,3.4622142483807496e-05,3.5634604250573833e-06,2.0133230795964224e-05,15,2026-08-14 23:31:08,0x75e515447e8c9934cc4274260dc2356c0390bc05,1039.307253432106
132,2.844374603994919e-05,29,70,106,68,20,28,97,64,16,49,3.070360818485795e-05,1.767336335180195e-05,3.747590815883808e-05,3.300894669168852e-05,3.343954969644587e-05,4.481900717982448e-05,2.0463640975174878e-05,2.486523284934518e-05,7.989902769606672e-06,9.225470133921347e-05,69,2026-08-15 21:23:26,0x53a8d4898bb531e695749819383cb496abe3837a,3668.0359336699826
27,3.96927722319463e-05,16,1,201,11,43,15,4,16,3,73,5.052402338227808e-05,3.226417661903016e-06,0.00014460895157828333,3.757974829563849e-05,9.517458877315762e-05,4.028670541120041e-06,3.214409359717264e-06,4.143703117252524e-05,3.08755688963607e-06,8.912324506428308e-05,7,2026-08-15 22:22:15,0x2085a9bf9c7a5a29cebe70814d1a232689a93a26,329.32678684478344
0,,2,0,0,0,0,0,0,0,0,0,1.7331198274409495e-05,3.195581504026125e-05,3.195581504026125e-05,,3.195581504026125e-05,3.195581504026125e-05,3.195581504026125e-05,,3.195581504026125e-05,3.195581504026125e-05,0,2026-08-17 11:22:14,0xefa324bb80c1dc33aafd156b5623527b6fd2f50c,0.0
0,,0,0,0,0,1,0,2,0,0,2,4.358694608483867e-05,2.9951339777776133e-06,3.4481600645828208e-06,4.358694608483867e-05,7.999636519269764e-05,3.481237867905618e-05,2.6534508596868995e-06,4.358694608483867e-05,2.694778947332481e-06,3.939004216001534e-06,1,2026-08-17 13:24:24,0x272562423f2f9bee28c5ce9f54394fa99dd59c20,0.3277666300070239
200,3.883606357091679e-05,62,9,13,150,16,20,2,50,0,16,3.57075533714269e-05,4.165082064908682e-06,1.7321333869876335e-05,3.841227945789274e-05,1.561099149458343e-05,1.3719610499288743e-05,3.232205024611811e-06,3.970839558042688e-05,2.397450505691094e-06,1.263494437542268e-05,118,2026-08-17 20:55:50,0x6165a1fa63ee8485a5cff5904904830cac6351f4,9208.017935845734
8,6.0868803463350973e-05,0,0,0,3,4,0,0,5,0,1,6.844933321849716e-05,2.032211693697907e-06,2.0298656827611735e-06,5.666421124352918e-05,4.452226664852838e-05,2.0848514736530922e-06,2.032211693697907e-06,6.109434835160583e-05,2.032211693697907e-06,2.0298656827611735e-06,24,2026-08-18 23:12:45,0x1474f7767e6b0ad9da2b6bfc68ad58738ad3909e,1642.4575631532496
0,,0,9,4,0,0,2,59,0,40,0,4.7898975463290994e-05,4.3257337909923434e-05,4.00335729474807e-05,4.819716124098842e-05,4.201935481845773e-05,4.049827756737502e-05,4.232937290149872e-05,4.819716124098842e-05,1.9843785921443088e-05,4.159122134931617e-05,2,2026-08-19 18:03:37,0xc2b2c3488bb7f1fc9e202b3d44f38eb500a41f57,68.20141152
82,4.351084950312577e-05,33,66,23,74,11,17,44,8,52,51,5.120525315931319e-05,3.283004458947779e-05,4.345456122210731e-05,4.239323409503375e-05,4.2552712425928725e-05,2.6187966621458107e-05,7.198755191423422e-06,5.326414209508098e-05,1.3344762735022172e-05,5.9485773737689916e-05,20,2026-08-21 17:45:32,0x544ece9cee8c84a5f5a4eb21780e61100da9e987,1652.0686037247322
101,0.00016916720608336805,45,85,29,12,29,182,124,89,394,19,0.00018413720339919624,0.0002740606807491948,0.00026012509765390335,0.00011906862756235573,0.00021162084950156475,0.0003260130860129814,0.00032421448419518305,0.00017535638953719085,0.00031106888230208936,0.00018809071567196822,96,2026-08-21 20:18:13,0xfe242d1da8fd04f6a1f80b6d3d807b02e062ad4e,82392.49931664093
3,6.949323911492314e-05,1,0,0,2,4,1,1,1,0,14,6.502579750051298e-05,6.834809193029248e-06,1.1828400820607635e-05,6.2966414677945e-05,8.895551302191917e-05,6.834809193029248e-06,4.351776453694559e-06,0.00020118872683658445,3.8069168635274904e-06,1.8310765886654176e-05,0,2026-08-22 19:20:01,0x69c6e8d71cb4699b9f6bfc76064681ca0e3fcb8a,0.0
43,3.510063276340723e-05,21,1,2,42,38,0,0,1,73,0,3.7492565500496744e-05,2.0183973947673087e-05,3.1146926337590276e-05,3.510065194594528e-05,2.952785163895343e-05,3.156301745362697e-05,1.605588719434933e-05,2.9277312534411966e-05,6.567697037346315e-06,3.094706567889468e-05,6,2026-08-23 16:22:30,0x0285ee92f0f950060758a8e1416c95e6b7970b8c,483.69332691308404
213,1.3059072834211122e-05,27,4,2,179,1,2,1,34,1,1,1.205095595763698e-05,3.591009171213802e-06,4.804035833720913e-06,1.4043627749563844e-05,8.942826079898439e-06,3.6061584737227752e-06,3.989289955009054e-06,8.555319865605987e-06,3.664524944222393e-06,6.4902086916911e-06,334,2026-08-23 21:41:08,0xc965822c5e5be7f83f388c3fe6d6489ea2c84f7c,67590.60293422724
0,,0,81,0,0,0,0,690,0,575,0,,0.0004767762678655683,0.0003034066261482863,,,0.00019798678653551747,0.0015421026585309958,,0.0014231884720953113,6.525343453168104e-05,0,2026-08-23 21:52:55,0xac77646bcff9d52e99800534192e0290933f4094,0.0
0,,0,0,0,0,0,0,0,0,0,0,,,,,,,,,,,0,2026-08-23 21:55:58,0xb35177abb536e2da393e4dbbdb99109d3defc591,0.0
134,3.7720142897406444e-05,56,1,20,88,52,16,34,46,21,11,4.138608432781133e-05,1.425970602339098e-05,3.8106473870540346e-05,3.874738644854241e-05,4.176156162777205e-05,3.0189155144743496e-05,3.713563299297994e-05,3.6257972032198644e-05,1.990991437935745e-05,2.9245998751430336e-05,51,2026-08-25 01:58:30,0x123e0f54d353d45ca98ba1170bbfab862a1516e1,6151.651493540345
5,4.118047049041698e-05,0,0,0,0,0,0,0,5,0,0,0.00010048490695396666,8.71234281942385e-05,8.71234281942385e-05,,0.00010048490695396666,8.71234281942385e-05,1.2200925008280974e-05,4.118047049041698e-05,1.2200925008280974e-05,8.71234281942385e-05,0,2026-08-25 04:43:30,0x76fdd7c8dfb45294a1d13de698f01daf52f39be3,0.0
434,8.484466869619139e-05,249,62,236,263,205,51,99,171,230,10,0.00012981034409171558,4.963333203240366e-05,7.28518222100758e-05,9.023922706548264e-05,4.921086099313423e-05,7.852105813648913e-05,0.00021163432092538098,7.683203240360663e-05,9.711607752389377e-05,3.589503315184922e-05,120,2026-08-25 16:29:21,0xf5e54d73527597c238a5436ec20e98acf0138369,16803.1526320697
418,0.00025444990206240206,719,5,11,113,698,14,8,305,22,27,0.0005050784339881523,7.795466056920269e-06,8.684158153115341e-06,0.00017463121312641426,0.00039660778144170084,9.406226228776183e-06,1.0692114286859294e-05,0.00031192770556544427,8.172278619841516e-06,1.1525380143777395e-05,56,2026-08-25 19:01:38,0xdc434acf28bc3696148b22cfd48cb04c62e9503d,10788.564754901254
377,0.00011408858148124828,121,2,28,165,21,6,3,212,5,67,0.00011729951796889876,5.0379420166094195e-06,1.1746207559173927e-05,0.00011368156291594302,4.0494733525279724e-05,5.711871957189887e-06,3.952542354202283e-06,0.00011466370190105892,3.843884256937297e-06,0.00013158592567914188,33,2026-08-25 20:24:38,0xd26ddd027318004b38f8c6e925c481f4b747e20e,6447.551539408246
93,3.543513410759193e-05,42,7,26,64,16,0,4,29,0,54,4.027542609615359e-05,6.034283368240417e-06,1.5814997405648763e-05,3.387055958743494e-05,3.5841997372559194e-05,1.8520816293347738e-05,3.304992981373974e-06,4.1944397956388224e-05,3.0282471891620103e-06,1.5765650447777022e-05,30,2026-08-26 03:24:44,0x3d8f968dc03c09c56d96e71d9bf6ccfdc0ba1f15,2498.2608759596997
11,4.7802862030645495e-05,1,87,14,6,3,4,30,5,16,1,4.540344853357882e-05,3.0016864406281395e-05,4.4397013723205456e-05,4.803304048094046e-05,4.823567175254343e-05,3.915309552764539e-05,2.505041269937104e-05,4.7299157857904905e-05,2.1131631851624704e-05,4.6403613517005e-05,5,2026-08-26 05:49:13,0x12fab537934911c60bef7f146d9df94dfba73108,105.34177900325818
32,5.2922515061020065e-05,18,33,68,21,36,9,100,11,8,22,5.861568109770704e-05,7.83025916683789e-05,5.199306986216047e-05,5.316083088431527e-05,7.860986797721997e-05,4.7276819946136656e-05,8.497503548562844e-06,5.231511748732302e-05,4.056055222414508e-06,5.736926211459199e-05,26,2026-08-26 06:38:16,0xf2bc01ed47006fbd7dc5c9efd60037e8f516b560,1831.5882841089813
16,2.4792946976866236e-05,4,0,2,12,3,0,0,4,0,0,2.7433007215127943e-05,2.4661957006180146e-06,2.49427069928697e-06,2.4530494004891434e-05,4.134856361772214e-06,2.4969357445286555e-06,2.5203303110802472e-06,2.58840502793695e-05,2.622015792433661e-06,2.537930329175266e-06,10,2026-08-26 13:33:50,0x7652af5e0a75f998f7b18d7400339f100dcf1d76,848.404270030518
0,,0,0,0,0,0,1,0,0,0,0,,7.0774697020896525e-06,0.00014704634035856977,,,0.0003536927388717204,1.354510725810016e-05,,8.513095372469255e-06,,0,2026-08-26 18:07:16,0x5ff2ad6fc8b03702213c3413f2fb0022c6478a8f,0.0
0,,0,0,0,0,0,4,0,0,0,0,6.538837664678737e-05,2.045038178220149e-05,7.40900341705007e-05,6.538837664678737e-05,6.538837664678737e-05,4.3445685633048995e-05,3.527425529005326e-05,6.538837664678737e-05,1.1448981380887384e-05,6.538837664678737e-05,3,2026-08-26 23:18:05,0x7c591c160b8d902963dbfca003d218ec36a42c2f,2.517828399552331
1,8.455082777601091e-05,0,0,0,0,0,2,1,1,1,2,8.455082777601091e-05,2.1587578396044603e-05,2.2407225277632883e-05,,8.455082777601091e-05,4.866244130723951e-05,2.8398628555760552e-05,8.455082777601091e-05,2.1574311090016486e-05,2.252035457806564e-05,0,2026-08-27 00:37:48,0x96c62260d17e92c5fe9496750c634c4d4380048b,0.0
160,1.6888160952450144e-05,12,1,4,87,1,2,0,73,1,0,4.946833778771076e-06,2.9133462286234845e-06,2.9611322171333753e-06,2.395668933206521e-05,3.4921404489979833e-06,3.0445359996689985e-06,2.8158236314714717e-06,7.854237497383177e-06,2.6834465502916776e-06,3.090587921093081e-06,12,2026-08-27 05:41:55,0xfc1086b6aa258c9e67d2284498a632f206659247,674.1189679790505
0,,0,0,0,0,0,0,0,0,1,0,,0.0005076873942788715,0.0005076873942788715,,,0.0005076873942788715,0.0005076873942788715,,6.474501963310023e-05,0.0005076873942788715,0,2026-08-27 14:02:37,0xc4af8805543ad90f101e841db0f30bf97300a36d,0.0
152,1.663239610480365e-05,34,7,33,92,23,26,1,60,1,17,1.3977968461869227e-05,3.3053489691057893e-06,1.4730416921341975e-05,1.9981005330244578e-05,1.8228483337032106e-05,1.2270720189736817e-05,2.717397440521572e-06,1.2443470410068365e-05,2.6617127068035204e-06,3.0249031863840184e-05,109,2026-08-27 15:25:34,0x307ab1b16cf66cab1cc0bbd804c3c7546121e88f,10235.330954542513
34,7.532069515387709e-05,36,0,5,19,41,1,0,15,1,27,0.0001455266193303036,2.7519268813775593e-06,5.383574016713279e-06,7.062037991561069e-05,0.0001450439329890632,5.315345196220761e-06,2.5434600236095755e-06,8.958275025751296e-05,3.239520455452474e-06,0.0002715389561194868,3,2026-08-27 18:29:38,0x7eba7cfbd2b42a217e5f0d82ea270f46e6aea077,101.28152449589622
0,,0,0,0,0,0,0,2,0,0,0,,2.85143745505043e-06,4.9702077230357715e-06,,,5.189873854142199e-06,2.5786053532064656e-06,,2.500834292140476e-06,4.9702077230357715e-06,0,2026-08-28 00:47:56,0xa184617d98afa5f5b6d298e957a376f1dd79fa7a,0.0
0,,0,0,0,0,15,1,0,0,0,4,,8.193096055012044e-06,2.3297339508587382e-05,,8.124081764141123e-05,1.142351034412364e-05,8.193096055012044e-06,,8.193096055012044e-06,1.8996391087788018e-05,0,2026-08-28 13:21:42,0x70f3a6a1ecddefe558e2e5adb35b09c69bdc03fb,0.0
0,,0,0,0,0,0,0,0,0,0,0,,,,,,,,,,,0,2026-08-28 14:24:25,0xf36995443bcf4af19c432e004d15c3909465d8f1,0.0
341,3.387670284098904e-05,72,0,3,215,8,1,0,126,0,6,5.014542371709697e-05,2.845531020952973e-06,3.4357210496395654e-06,2.7190849570403833e-05,9.48835225320864e-06,3.053162621770963e-06,2.755538552849203e-06,4.840268792737186e-05,2.7120770734648686e-06,3.984283891662266e-06,90,2026-08-28 15:31:07,0x78dc008e07d5e29514e589764866f8dcbe6bf60b,7533.455117994615
32,5.9927452184381516e-05,2,7,1,14,3,12,6,18,49,14,5.45686382696454e-05,4.673052878507179e-05,7.664738742831271e-05,5.295330077898133e-05,6.257843955226341e-05,5.488907024689153e-05,4.923989103435897e-05,6.35927244945791e-05,7.376838856122203e-05,6.934595005552687e-05,24,2026-08-28 16:20:49,0x248564ef99b111e91f984ad72658ec6f21098d9b,1489.9256116685508
24,5.490966493076668e-05,17,65,32,11,3,28,31,13,26,47,5.669831610505547e-05,6.194765698216968e-05,3.3665267343096964e-05,5.194918588595052e-05,4.6789844161508235e-05,3.776391277366299e-05,2.3662630322596897e-05,5.958266781992814e-05,2.497493035115426e-05,5.1386290370094016e-05,3,2026-08-29 12:40:32,0xff6b6958577a66c36deeb37041b33a47755986b4,51.45369392710171
2,3.650643615935527e-05,0,0,2,0,0,0,0,2,0,66,4.572459798181094e-05,4.598304955046417e-06,2.0635039049524517e-05,,0.00011113347342517788,7.792630445762008e-06,4.598304955046417e-06,3.650643615935527e-05,4.598304955046417e-06,8.30974137275751e-05,0,2026-08-29 13:38:05,0xb18dbefc5ed5f4ee1bf3de251977fb7240130144,0.0
970,0.00011650570225069878,262,21,117,618,265,89,53,352,150,267,0.00013564013927796933,3.4194751179622294e-05,0.00018073526208966614,0.00011093198139436172,0.0002947599047567409,0.00013344850046514802,6.10850996362339e-05,0.00012730482833170473,0.0001232209603886316,0.0002616775031936887,237,2026-08-29 13:40:35,0x7f234be78884b49df78ee19c8f483ac363ee03ea,29354.35637414226
62,7.571293633509555e-05,8,39,14,40,12,7,6,22,8,13,6.834865351347272e-05,5.975537383054609e-05,5.3864496757231695e-05,7.64927988403043e-05,7.217726070203786e-05,3.4809761035712976e-05,3.2226489015777294e-05,7.31611663090806e-05,2.072916689457684e-05,6.729123044124577e-05,20,2026-08-29 14:13:54,0x323cce212e4d7e58c853ae874fe9259b4ab24b92,1584.6561564790668
4,5.510137028929286e-05,14,2,435,1,83,812,3,3,2,209,5.692088473480113e-05,3.8079438984516572e-06,0.0001313949572839069,5.50130695965655e-05,5.897098974674305e-05,0.0001250475526427082,4.301622329013899e-06,5.5492747774237574e-05,3.629358182528953e-06,9.44500279609793e-05,6,2026-08-29 14:34:09,0x63c9f761ead0fb0ab8b80d4832e0d6c4c12f7ff1,406.6994278907784
183,5.301167750785422e-05,144,1,11,65,40,1,4,118,0,85,8.452110346943506e-05,3.410049569314559e-06,6.418621613216557e-06,4.592778438249011e-05,9.241814394180017e-05,9.282014971815217e-06,3.792932139488608e-06,6.161098533726874e-05,4.154042025111385e-06,1.671632386496955e-05,55,2026-08-29 15:29:26,0x6c84a2a53a15b19e82c7f5ca11ec079648a4fe86,4864.420832896232
334,5.296091791736013e-05,231,73,99,212,180,33,35,122,87,89,0.00010157328958502138,6.952382272245065e-05,7.631481406905193e-05,4.9600912736384634e-05,0.00019444456486629005,6.804198088695447e-05,7.874488166872622e-05,6.22731352626105e-05,0.00012377946198708937,0.00016561178095815562,140,2026-08-29 16:39:30,0xb033d26ae452496e4a6f19615a19a262b31bc198,19114.51246454453
0,,0,4,172,0,0,22,61,0,0,44,0.00014454250082074178,2.4253489898941353e-05,0.00015192634555971093,,0.0004124958800962047,7.595799576101748e-05,0.00010930843964964769,,4.929404038737847e-05,0.0003233652184350791,0,2026-08-29 16:47:13,0x428a0e60ce265c228f142b05c782cdc8f937575d,0.0
123,5.193334805791546e-05,14,0,0,61,3,0,2,62,0,1,4.260028167931796e-06,2.6399269320100642e-06,2.6585043781532143e-06,5.391038588134286e-05,2.9907236365042643e-06,2.658730043197582e-06,2.589547942085668e-06,4.8566746363032666e-05,2.535238496959965e-06,2.6923783753838083e-06,135,2026-08-29 17:59:38,0x797098fafdfb36310d5d93ac00274a8ebdfb38bc,44918.235190119405
1,6.969048816598732e-05,0,9,18,1,5,4,7,0,3,0,6.969048816598732e-05,4.0416950040460405e-05,0.00014011954729870472,6.969048816598732e-05,8.059977152667136e-05,9.02774825413246e-05,1.462884452478008e-05,6.969048816598732e-05,2.082027318171098e-05,0.0002354655131610202,3,2026-08-29 19:00:49,0xeab58b46c3e937e6d298f88e8637cb1d30049ff5,4.677682268376385
0,,0,0,1,0,1,2,0,0,1,0,,9.71979891403711e-06,9.65259091935636e-05,,0.0001388415396960613,9.544813846613431e-05,8.536414825353195e-06,,5.5256819242816626e-06,0.0001388415396960613,0,2026-08-29 19:25:12,0x7c6c20670fbded6dcc22430328c7c789a5b7f8f1,0.0
162,2.466173109216913e-05,115,6,68,104,128,46,1,58,0,53,4.0165186950842244e-05,6.365325497364964e-06,3.974631189932102e-05,2.197941658335744e-05,6.515635335868935e-05,6.141847948413556e-05,4.175648763054992e-06,3.100180878963722e-05,3.7628513747098907e-06,3.841929482534362e-05,75,2026-08-29 21:19:45,0x93d1586bb535a7217096fcc60b1e641585e8da52,5152.52493621416
0,,0,52,61,0,0,104,28,0,50,52,,0.00021072531265633755,0.00018864324597230177,,0.00024111329604300664,0.0006702078678189668,0.000291417857947973,,0.00010952870727922848,0.0002575636438110828,0,2026-08-29 21:32:38,0x34c3b6d9518a7541957a35741987c5f9791f9b3d,0.0
40,8.207468362444607e-05,3,0,10,15,0,1,0,25,0,3,0.00010240050301331268,2.4420642268836988e-05,0.00014301333745081972,6.410765778620333e-05,0.00010198598999302263,2.4371051544452643e-05,2.450242374165679e-05,0.0001069932393881675,2.396981797689815e-05,0.00013498222976391017,10,2026-08-29 22:11:51,0xcbd447e7a5135b0e356c62f5556987ec9f18a3db,2037.5043592639645
3,3.661736830873544e-08,0,0,0,3,2,0,0,0,0,1,3.7028897925108964e-06,3.3871265562121804e-06,4.627865190421104e-06,3.661736830873544e-08,7.605615019922808e-06,4.627865190421104e-06,3.3871265562121804e-06,3.7028897925108964e-06,3.3871265562121804e-06,7.450018054951514e-06,0,2026-08-29 22:26:16,0xa45ebf82fa0810eac49e6a54b29bfccdface4797,0.0
47,4.65497037160179e-05,20,2,21,24,33,1,0,23,0,18,4.775566127527902e-05,3.1006881778855996e-06,6.1828177008246075e-06,4.873234864147556e-05,6.554498988732666e-05,3.953452314232256e-06,3.0708509448831217e-06,4.485503866670039e-05,3.0791849960734004e-06,4.169081144938233e-05,20,2026-08-29 22:55:20,0x4c2453c25312a9e9e105461a3aa7423a8cc45993,1133.441091233461
137,5.675443225003132e-05,47,4,45,100,17,44,25,37,23,86,3.619079233519184e-05,8.549822794180821e-06,3.507155442972568e-05,5.7684876929936705e-05,7.07672143079051e-05,2.4414460662381525e-05,1.4360551279923507e-05,5.454271634894357e-05,4.2244853395883985e-06,0.00011680558624498943,98,2026-08-29 23:03:33,0x5b985b22f5a41ace44fc26f93f108ea63f6c2136,10735.209886543893
0,,0,0,0,0,0,0,0,0,0,0,6.486508760286592e-05,9.529889176133777e-05,9.529889176133777e-05,6.486508760286592e-05,6.486508760286592e-05,9.529889176133777e-05,0.0002504691801568037,6.486508760286592e-05,0.0002504691801568037,9.529889176133777e-05,5,2026-08-04 21:25:58,0x320d9b0f1b438567d28452b715f8766a7617043e,7.331587373772001
150,0.00040325928408379576,6,0,2,110,0,0,1,40,0,0,4.807395518093426e-06,2.447309904550277e-06,2.4136195333478545e-06,0.0004357619496776851,3.0622106312308044e-06,2.4133983217950075e-06,2.5225760424508857e-06,0.00034349629606709244,2.8591479887953253e-06,2.336889876057019e-06,245,2026-08-07 07:21:09,0xd8df888d3052243ff06a4f6ab12236d2cbad40f0,39315.343768729545
52,5.5664912587903914e-05,16,20,19,35,6,34,38,17,35,29,3.402759858320045e-05,4.7733543340761196e-05,4.6590420987388545e-05,5.94486454777067e-05,4.82395543908103e-05,3.975525771036971e-05,4.308845117411583e-05,5.07799954356138e-05,1.983563213861342e-05,3.363918380413262e-05,18,2026-08-09 18:01:32,0xc9ce55848dc50fff3f9108e045a305334ef6e456,2425.3943954763467
6,4.0558580829737375e-05,0,0,0,6,0,1,0,0,6,1,4.2172437819049565e-05,4.352528369608143e-05,3.957043131507367e-05,4.0558580829737375e-05,4.557835971556598e-05,3.839460263504179e-05,5.123271949704922e-05,4.218208507959936e-05,5.1597821427293204e-05,3.8920005764810145e-05,6,2026-08-10 17:57:13,0x9220ee092f0440ca93f41cf2d82bf526f0755c36,26.215073737585747
17,3.335065194884901e-05,10,5,12,14,10,20,1,3,6,6,3.711312239044689e-05,3.31738262760972e-06,3.161412976303716e-05,3.255603422339343e-05,3.29558354013463e-05,2.9564055714701658e-05,2.3368134868220207e-06,3.4028369594033126e-05,2.3547405366791533e-06,3.0361928735020617e-05,3,2026-08-11 07:30:29,0x5af29b5fe51d1e652dbd6d760d6c242aa6f41129,149.56570919415717
42,2.9740567908092673e-05,8,170,49,26,18,401,57,16,84,24,3.301686803157371e-05,6.35780902417725e-05,6.0395069977333966e-05,2.6595649500220268e-05,3.949586009097604e-05,0.00019905523754794682,2.082168775737373e-05,3.5136721720584876e-05,1.645646326600094e-05,3.0872422351591883e-05,14,2026-08-12 05:32:29,0xb7ead5209ca970ad6326fa38ea10724fc6b8d3b9,514.161833268592
57,5.557842723979079e-05,37,45,21,21,98,46,133,36,108,38,5.3161126052020596e-05,1.4892165822325359e-05,1.8038195983894816e-05,5.143771350685843e-05,2.8791022759336312e-05,3.348055814521805e-05,6.832856106677353e-05,5.9945165184509317e-05,4.4557257328913576e-05,2.511887692681732e-05,21,2026-08-12 16:58:12,0xde808689cc5ea276150e033c5088ee1017cfe4b2,1109.5896206135487
312,6.015080941631502e-05,72,3,37,172,21,146,7,140,45,51,3.541969911389621e-05,2.0474468620798075e-05,7.671967741667048e-05,6.414173302836303e-05,5.052966933449301e-05,6.684656641464871e-05,2.0044357880308145e-05,5.3176729758557606e-05,2.053643485370553e-05,0.00011659549350924538,146,2026-08-12 20:50:36,0xe2222fea0ba5ffa33fdfc3e129c9e7b1b4a791e1,20057.338515795873
33,2.1235449128123217e-05,5,49,16,30,8,8,74,3,135,27,2.243043558645493e-05,2.591234020243018e-05,1.7610559395727737e-05,2.1557362208088698e-05,1.7454348367500055e-05,1.9963004923045165e-05,1.3680749821871634e-05,1.9835767678125867e-05,9.538914748249142e-06,1.8367886523682096e-05,31,2026-08-13 14:11:27,0x2653909734abdf967247863a790e9f79807b27a1,1302.5282631156813
9,3.710541209708755e-05,10,0,13,4,4,36,32,5,63,9,4.114988671715857e-05,3.627237905549361e-06,3.487079960727075e-05,3.501762563824087e-05,4.0277195243348e-05,4.9420751879719446e-05,1.2595738179522497e-05,3.783757988977015e-05,9.501531300813887e-06,4.38039021048794e-05,6,2026-08-14 11:01:12,0x6111326f82c0dc475c6cfc6db1d857bdee9e8f59,101.76866202229175
221,4.306051811958556e-05,69,90,71,142,18,243,49,79,78,78,5.017297918258207e-05,2.9463527364632397e-05,2.916048477328037e-05,4.25218861086255e-05,4.15416795643291e-05,4.678190536149945e-05,2.8059021115861365e-05,4.392110901003724e-05,6.06469598718198e-06,4.469676929330392e-05,130,2026-08-14 17:29:35,0x3b6419b71a02d0ab117b8eda476b6c9b623ebafa,7940.6096157467555
21,4.7035357016976454e-05,36,13,13,7,10,8,4,14,9,8,6.105413917061747e-05,1.237531927681877e-05,2.0799185670749726e-05,4.2168994013980176e-05,5.322772646535521e-05,1.7462427568849165e-05,8.755830088691235e-06,4.88184045828338e-05,1.0997348299816168e-05,4.7350683933225144e-05,10,2026-08-14 18:04:41,0xbadc012d9c018735f2efc489bdab673acb7bf45e,821.6102705426747
250,6.549277392801915e-05,72,1,42,168,33,1,0,82,6,32,5.015083272679166e-05,3.1944132322886735e-06,5.438964736942876e-06,6.696950085956491e-05,3.597520644842463e-05,3.4172956357826943e-06,3.210032591535365e-06,6.241327367600409e-05,3.1443263304621375e-06,2.147086396388776e-05,74,2026-08-14 20:38:09,0x9a64517a73700268f128d1f9bc16a2d9c83e03d1,5340.562262366636
0,,0,69,0,0,0,65,4,0,11,0,,9.659750302659772e-06,,,,6.0256691557638e-05,6.3691104044134975e-06,,7.192995857827128e-06,,0,2026-08-14 22:15:04,0x192633a46d8d6b6cb9bca9f32f5621049989e39d,0.0
34,4.5351241436083636e-05,27,58,20,16,23,126,36,18,62,36,5.2263711323277635e-05,5.1357996462793115e-05,7.620389253779901e-05,4.266099203074451e-05,6.958767115012159e-05,6.265135554856804e-05,8.444679488241877e-05,4.840184701717147e-05,6.417513767986098e-05,7.098585929652125e-05,29,2026-08-15 19:11:19,0xd71b7b4e1dc16bd6938d3f235a68aa8ab1cf4f0e,2192.2841487334913
20,4.3817079323895885e-05,2,7,75,8,5,76,3,12,4,13,4.07699484293014e-05,4.466311734853719e-06,2.7463787249420365e-05,4.43109526935541e-05,5.6489610947646024e-05,5.9220407704429725e-06,4.441464980653599e-06,4.28441793264391e-05,4.444005300228244e-06,6.715836232100552e-05,17,2026-08-16 00:52:50,0xcc30ea412eb3a3963f28787183252dc7203e6a22,1016.5998192488914
14,3.4535499570762654e-05,4,0,7,7,3,0,5,7,0,7,3.086603286512699e-05,2.3790988101974298e-06,2.602138683364359e-06,3.752508174408621e-05,3.337794360018786e-05,2.386660620499312e-06,2.178551546072357e-06,3.234844457485577e-05,2.274432198381979e-06,3.2942679746984172e-06,5,2026-08-18 00:54:00,0x574819c5d7b16facd2c88b8a775f5641c0c4a915,66.18230310043663
4,2.129309693176282e-05,14,26,25,0,1,22,81,4,153,1,2.2510395347102118e-05,2.8766344891576705e-05,3.8191260122148445e-05,2.0602474688778035e-05,2.6506615120251295e-05,3.678915618590857e-05,3.99711834454067e-05,2.129309693176282e-05,2.4350737705209466e-05,3.0348061741513545e-05,6,2026-08-19 14:49:46,0x7306c8fd1de9615254a76a1a81aac5b7221eeb70,81.87369702006923
75,0.000287245618169253,16,1072,132,25,7,199,812,50,153,36,0.00034071273612963724,0.0007058415307999368,0.0005157987903764191,0.0002596783439934472,0.00035827103831694213,0.0004882574680210026,0.0005721929094802893,0.0003014525177775409,1.621055302222725e-05,0.0003680263717273763,126,2026-08-21 00:16:33,0xfc861e02605addab95d8e6b8e662100e987cb9aa,268640.6625770388
0,,2,0,49,0,0,26,6,0,9,0,0.053735554975606115,7.735472644327312e-05,0.00048284870577294944,,0.10684178206621682,0.00024363123778457066,7.514982415692055e-05,,6.535210901668302e-05,0.00021292668256282923,0,2026-08-21 16:16:37,0x682e4ffa36204a78d22aa51922918975ab73288b,0.0
21,5.038687924915041e-05,7,275,32,12,14,25,107,9,73,22,5.1520244452946385e-05,0.00018729947343367075,0.00011208573335900661,5.095410656774428e-05,8.009025137592912e-05,0.00011586773593418381,0.00020935667516224998,4.9840494006956846e-05,0.00015746319752484025,0.00011019154656165809,6,2026-08-24 03:31:03,0x1139d423c1706bdead91f03507f521635591ed92,120.20431845835927
17,5.467337029791147e-05,17,18,9,12,12,33,5,5,14,14,6.457342246131789e-05,2.9623964237367662e-05,4.375600022133824e-05,5.4668278594229994e-05,4.801718490370233e-05,3.382774615346659e-05,2.3170754977760447e-05,5.4802247717052086e-05,2.0187430970460594e-05,3.893887386056468e-05,10,2026-08-25 11:14:09,0xdbf8ebd0e485fd176ee98448ec28b011e3d226e3,1169.0229659250926
141,6.570384121993172e-05,80,0,7,91,24,6,0,50,1,21,8.340078125514124e-05,2.82453871591895e-06,2.9475521393755077e-05,6.942075011292125e-05,2.9974259909698332e-05,4.185439784777221e-05,2.649903420743433e-06,5.886446401003622e-05,2.623338446853132e-06,2.3346739052191868e-05,45,2026-08-25 22:06:37,0xb54b6c55f61f5d695c7dbb71dd1cb2c5a03f2b14,6523.387444118457
32,5.0098644948681945e-05,23,6,30,12,32,20,14,20,6,8,5.2470133786565645e-05,1.3483731246885583e-05,2.0299295722711706e-05,5.177226866461943e-05,3.4570627400566696e-05,1.5959242074975145e-05,1.1519605793127441e-05,4.963515492348983e-05,7.205595570312868e-06,2.6077962773839464e-05,12,2026-08-26 02:02:27,0x80c8571aaa74e5a940492e81e941bf6667b4ecd8,275.7114461525661
21,4.671747325341333e-05,13,7,111,11,6,17,4,10,6,142,4.123671397561048e-05,7.031059488556629e-06,2.35893901503941e-05,4.7237448331569544e-05,4.9345233785275884e-05,1.2548599486517157e-05,5.700313342954887e-06,4.597923939164358e-05,3.93650320298287e-06,0.00010026108600979535,9,2026-08-26 06:53:02,0x7b893bf41da1ab142cbaed7b5aada2583672b163,523.3907251623241
0,,0,0,0,0,0,0,0,0,1,0,,7.4031439810673185e-06,1.2663042989686178e-05,,0.0005845503832809997,1.2663042989686178e-05,7.4031439810673185e-06,,0.00038532323283990054,0.0005845503832809997,0,2026-08-26 08:10:50,0xc98cbd8a936b979b66db58a4858c96308f40f784,0.0
60,4.256999040157935e-05,40,215,57,31,53,155,82,29,252,40,4.1758335940675935e-05,0.00011506516713423684,5.7998575331140655e-05,4.258897481539169e-05,2.704036283641005e-05,0.00010742705217134691,0.00012903184011826892,4.253906953872564e-05,0.00010855910741847525,5.582148542545704e-05,23,2026-08-26 15:32:14,0xf269c9945972fc3d16237d78b085536a59ae3cc4,2591.7541520228833
633,0.000153951920624057,300,6,52,315,82,89,29,318,36,61,9.264504284029279e-05,1.7534897231722453e-05,3.788171237610731e-05,0.00014563619540964415,9.447328494375036e-05,3.282500109207396e-05,1.60281618323974e-05,0.00016191820196460063,1.426676677661814e-05,5.601579477071116e-05,145,2026-08-26 15:59:29,0x630f9f0c19da644cf7d98472b03fd162f0a1fb89,18147.80373341751
327,9.243220270375118e-05,99,2,19,187,48,4,2,140,1,8,6.268719186063605e-05,3.8016273191410905e-06,9.18117186231595e-06,9.413416575113607e-05,2.0431346947829988e-05,6.7018430823454354e-06,3.4837201722149783e-06,8.97544746026194e-05,3.409973220584975e-06,1.198677994818579e-05,103,2026-08-26 18:46:44,0x4d6723b39bdcaddd003b005cee17c667ba3a5adc,15430.804702521094
105,5.01610731680676e-05,15,0,0,84,14,0,0,21,2,4,4.0802145339206456e-05,2.0748567393523303e-06,2.0842575636547234e-06,5.040354216944282e-05,4.5916505269966456e-05,2.403843588698127e-06,2.0748567393523303e-06,4.898907481600997e-05,2.0594905403891726e-06,2.1891099944741533e-06,8,2026-08-26 23:20:08,0xe71ec2161a486f89fd972c35b26b7d04a8a1844f,585.523227469523
0,,0,11,10,0,0,21,7,0,1,4,,0.00011320359040376309,0.00025672919457553426,,,7.947890827928948e-05,4.085724770387866e-05,,1.397339578530318e-05,0.00017367519143417164,0,2026-08-27 03:27:48,0x4adb43daad04439eff802768682798654444acf6,0.0
188,6.411660393544065e-05,121,123,74,121,41,46,58,67,324,56,0.0001000053429137404,0.00017328138331634853,9.920361481598989e-05,6.49305941756831e-05,0.0001003868870315329,9.421894673073914e-05,4.155094239860009e-05,6.21210483947663e-05,0.00011095850994889797,6.969992364892357e-05,64,2026-08-27 12:14:15,0x4f3b422051a7d183a017898179961c9e9d50ac7c,10462.076527381738
0,,0,0,0,0,0,0,0,0,0,2,,4.215097791620761e-06,4.215097791620761e-06,,5.790896809067594e-06,4.215097791620761e-06,4.215097791620761e-06,,4.215097791620761e-06,4.1092145108477376e-06,0,2026-08-27 15:45:41,0x69a007be2863cc42b11feb8ff32d18bd87123df2,0.0
113,1.3452432218955257e-05,30,0,0,82,1,0,0,31,0,0,5.833143277078013e-06,2.134421239770041e-06,2.366822607248087e-06,1.5500509847231617e-05,7.58203209518298e-06,2.2075170403670156e-06,2.0359846857282005e-06,9.651836102932767e-06,2.1404848801182952e-06,3.6854506252114097e-06,47,2026-08-27 18:15:35,0x6f62ac12309c656af64f7cfba536534699ebde22,4603.676144071951
186,5.915300590397211e-05,56,0,5,103,49,3,1,83,2,138,7.481234215929128e-05,4.240178493302563e-06,5.14775589722165e-06,5.6184145724762216e-05,5.705518645790045e-05,4.61779432024519e-06,3.975949312385071e-06,6.335536522049528e-05,2.707270805271962e-06,8.291738779359158e-06,114,2026-08-27 18:19:09,0xa7c7369aba7f8d831a822b2820547806e6535c39,13606.83657680132
193,2.8864442907530987e-05,18,23,71,145,7,24,18,48,26,11,2.2654331531293233e-05,1.9349390815594737e-05,4.7817536561607434e-05,3.3373751903474786e-05,2.857093992402113e-05,3.2416070818624066e-05,3.34761231700386e-05,2.206151176862154e-05,4.765150303447636e-06,2.9462308752560218e-05,160,2026-08-27 21:27:01,0x3653c1abbce11b9be82a9d5ec1c6d7a77aa1c038,21489.160711405457
325,7.086352954424819e-05,155,38,66,181,52,60,185,144,572,60,8.086449944963084e-05,5.796046440650839e-05,7.500156975832603e-05,6.63818273252443e-05,5.584460915997584e-05,5.179270411812632e-05,7.628270365063132e-05,8.01908981191389e-05,0.0006343488362962895,6.831762235210016e-05,91,2026-08-28 02:27:53,0xcb5566e73bee5390c75df834d4727dcecc65fc87,15772.73309817927
0,,0,0,0,0,0,1,0,0,1,0,,4.614597447921842e-06,1.5065568250008594e-05,,0.00015958794984878024,3.1237961070925117e-06,3.3982880990763806e-06,,3.043961650196961e-06,1.5065568250008594e-05,0,2026-08-28 07:28:03,0x59ff0a308dd0b71b143a5b95a21207ff541a0bd0,0.0
202,2.413021906869144e-05,28,9,99,133,6,34,45,69,350,24,2.9408576469736652e-05,1.3563803881359664e-05,1.716037619905496e-05,2.355422201572841e-05,1.2794182229510092e-05,2.7708641193940438e-05,4.9357531425153776e-05,2.5910386901609418e-05,5.0301245649347995e-05,2.4821914154320474e-05,191,2026-08-28 14:12:50,0x47d71de3f265c68e08cb26f28f05664f272af840,15538.567524466776
775,0.00014274658552658137,252,124,83,430,218,38,266,345,1001,131,0.00015282734746067654,0.00011559234702202361,0.00016449811799787702,0.0001356264181917173,0.0002041539863145447,0.00012473778734139855,0.0006920799020316772,0.00015324081750533192,0.002034901828231208,0.00020097187856657746,207,2026-08-28 16:10:58,0x5c9a6a0353f1edc67b22f2cdcfe9294f5a889b60,45361.21572282927
67,5.48178180702616e-05,59,50,71,46,20,121,23,21,210,78,6.385747771657837e-05,5.600866146132369e-05,6.264162506232738e-05,5.54069801706238e-05,5.557781643786826e-05,6.406330919799106e-05,2.2142310094683003e-05,5.3098794443557494e-05,8.138880636151082e-05,4.596391386196029e-05,15,2026-08-28 16:47:41,0xa8f2f9b2285114b4ac2014dae550e9d0818bdef9,1016.4386282290035
138,2.8481818947553476e-05,40,1,4,93,14,1,0,45,0,4,3.0132382411076183e-05,3.0978723679510548e-06,3.2194011739373414e-06,3.311812245244222e-05,1.7098733401878376e-05,3.1215523011221853e-06,3.0213499205872196e-06,2.035004621986675e-05,3.117936672197426e-06,3.613950722897875e-06,40,2026-08-29 00:07:09,0x4bedacb61bc957781cb233d447755924f5485e81,8167.67771062345
0,,0,0,1,0,0,1,1,0,0,2,,0.015181471990992325,2.9698139867322157e-05,,,0.000121177165579952,0.00010828389574750145,,5.9454211923842594e-05,0.00013019304900421322,0,2026-08-29 03:59:08,0xbe60e463620ae8bc244a53b4ab970af663d44c06,0.0
82,5.8055616215870837e-05,38,1,107,39,17,34,2,43,0,38,6.011858096633581e-05,6.320967041960238e-06,1.5641811593639182e-05,6.811113256915507e-05,5.982199603199224e-05,6.087705966213016e-06,3.4423567506611946e-06,5.1100512894177936e-05,3.540143381625636e-06,7.27426104875914e-05,36,2026-08-29 04:35:33,0x5648a4a6145f20d58993da03b7acc2df2e6f4198,3425.903392846156
0,,0,0,0,0,0,0,0,0,0,0,5.085342975832334e-05,5.085342975832334e-05,5.085342975832334e-05,5.085342975832334e-05,5.085342975832334e-05,5.085342975832334e-05,5.085342975832334e-05,5.085342975832334e-05,5.085342975832334e-05,5.085342975832334e-05,1,2026-08-29 08:56:53,0x52fde070bbf99e54fc893becdf5098f8e6376b4b,2.472206070212
120,1.948857006473928e-05,173,0,1,57,0,0,0,63,0,0,1.1044338897587644e-05,2.494994125438052e-06,2.525026104602168e-06,1.7080470204470265e-05,2.9690086506671694e-06,2.525026104602168e-06,2.493925803882639e-06,2.1137215428396186e-05,2.4990813323306897e-06,2.69308636470448e-06,51,2026-08-29 15:31:34,0x3d6cadbdfe1688f42fe45d1ffd94fb7a92a15627,4277.00404827232
2,2.433452009732595e-12,0,0,0,2,0,0,0,0,0,0,1.8784012735254737e-07,9.236969325906739e-05,1.7817789880453287e-05,2.433452009732595e-12,0.00015541386746716852,1.7817789880453287e-05,4.350195890365121e-06,1.2228402088210641e-12,4.350195890365121e-06,4.8737810591923815e-05,0,2026-08-29 15:55:03,0xe0b609478712181a3d6b0f646bf21f0593e676a1,0.0
886,6.428529093941403e-05,97,3,2,510,71,20,2,376,4,25,3.5088123302311605e-05,6.161346742812121e-06,1.728840104136437e-05,0.00010101181906001056,4.2397380308747006e-05,1.2036514847100328e-05,6.972919855970982e-06,4.32104113208404e-05,8.117350218063807e-06,1.2939739668369573e-05,415,2026-08-29 16:17:57,0x095e1056519980fb54a60bb72b942461bed6fefa,38507.64576774575
0,,0,0,0,0,0,0,0,0,0,0,,0.000233550100860483,,,,0.000233550100860483,0.000233550100860483,,0.000233550100860483,,0,2026-08-29 16:45:53,0xc9a29e2731773dba14930ae75c471c17b5705e9b,0.0
40,4.3165355781461994e-05,8,48,196,28,8,90,30,12,217,83,3.781323749918715e-05,2.5711494150633188e-05,0.0002113906330699927,4.5306194826553216e-05,4.473069688318508e-05,3.8456921346392455e-05,2.0225828395997737e-05,3.9435186266869283e-05,2.939881802611567e-05,0.00010519812097404356,21,2026-08-29 16:47:45,0x09ffbdd15db8ea7cc35fd08cc4cf766acf3d651d,1325.8619996730908
222,3.075433575754429e-05,155,0,68,159,23,7,0,63,0,9,1.7079809349737834e-05,3.086736169488022e-06,1.1317639112207373e-05,3.143209004435407e-05,2.2072752090870442e-05,3.764866409080432e-06,2.9460831098554877e-06,2.9120813505620966e-05,2.905891451612217e-06,7.696730021032737e-06,139,2026-08-29 17:00:47,0xb19d5eaf21574f55fa9060e6201b574f5a098cfb,14287.200576585788
0,,0,0,0,0,0,0,0,0,0,0,,,,,,,,,,,0,2026-08-29 19:16:55,0x2dc481267f89215343b51f257cdc728b39057610,0.0
77,3.731477374526816e-05,28,898,627,42,18,4960,1085,35,1806,67,3.517608109274201e-05,0.0011790836766754223,0.0001617927333088071,4.185620203768139e-05,3.0011076714002082e-05,0.0013565443845960413,0.001042004637116015,3.5154348938542885e-05,0.0009200722094121464,1.8749734784200742e-05,21,2026-08-29 19:35:06,0x3207d891ddd0db2981a6976b58b22e27c0699b4b,4978.9377470272375
4,4.558262241506007e-05,2,4,6,1,0,15,0,3,6,8,4.363619377963016e-05,2.869323022774916e-06,5.0560544934854006e-05,4.5427756275831955e-05,4.414601495718467e-05,1.646357384735939e-05,2.5551704953598305e-06,4.6127402807557086e-05,3.6326172261933566e-06,5.8606115007054127e-05,4,2026-08-29 21:10:52,0x41978e009341ed9b83a48e0501af1b80b23f5408,99.78431442577201
5,5.4454334700697215e-05,1,3,12,0,0,5,7,5,25,0,5.5813577815245855e-05,9.826945325553715e-05,7.160069568780228e-05,5.691527548862548e-05,5.9446264851019445e-05,8.827483304216506e-05,0.00010146273835678915,5.4454334700697215e-05,9.873556816709286e-05,5.5121197853608723e-05,4,2026-08-29 21:48:28,0xaec630d3d84c9abc14826e5638b7f2077eb412a8,51.58231196535706
22,7.366386983191983e-05,19,0,4,7,6,1,0,15,1,3,6.188894433158506e-05,2.6825391826498905e-06,7.227726747293696e-05,6.574802049294247e-05,6.835987275143862e-05,6.605447120358677e-05,2.4450116491096384e-06,7.610599809126052e-05,2.6089183335422333e-06,6.098523105999359e-05,19,2026-08-29 21:58:30,0xb40debb377bbe49ad13cde6a4d535cf853a59c64,1150.7839177320386
2,2.8150287533120484e-06,0,4,1,2,0,0,0,0,0,0,2.900497505249321e-06,2.5567639286536484e-06,2.6849219866692063e-06,2.8150287533120484e-06,2.7964212108159063e-06,2.6849219866692063e-06,2.490220214589695e-06,2.8043072880829696e-06,2.490220214589695e-06,2.7964212108159063e-06,20,2026-08-29 22:05:34,0xcbfa7446f050cb1c1cbd6e5ee8dbcac4e1cbf1b6,1004.4322631709992
25,1.3766352503250285e-05,0,0,0,24,0,0,0,1,0,0,2.604590581226176e-06,2.5340906671033212e-06,2.5550643236950093e-06,1.3767544591318436e-05,2.579137720962035e-06,2.553499122755122e-06,2.5340906671033212e-06,2.4863613786075106e-06,2.5340906671033212e-06,2.565547461245432e-06,13,2026-08-29 22:08:00,0x55441641756be6da5c44fc5eb15d27dd5e348f00,1408.7526102000513
239,2.7764010123603863e-05,83,3,12,130,12,3,0,109,3,32,1.3413260771425417e-05,3.0862190278695885e-06,1.6074202341436604e-05,3.7082664930869265e-05,1.259958237622855e-05,1.0458028021572942e-05,2.628921906945827e-06,2.170731988697199e-05,3.354851308471861e-06,1.1641030024100135e-05,138,2026-08-29 22:41:11,0x625e6a4d99f88a737a41046ce4e2a4b32729ea12,15731.662095891594
0,,0,0,0,0,0,0,2,0,5,0,4.8602500026421215e-05,4.6180016156867444e-05,1.749362204183194e-05,4.8602500026421215e-05,8.3374882147871e-05,0.00013927874436119617,0.00010704942468829055,4.8602500026421215e-05,4.519943628208018e-06,0.00023040843817312352,2,2026-08-04 20:24:07,0x2648d0e48a31b880c7f004e1778a68f9fb5bc92b,1.220828302859
0,,2,0,0,0,0,0,0,0,144,0,4.208618069991602e-05,3.7988051506840306e-05,3.9074730941236966e-05,,3.92114191523067e-05,3.9074730941236966e-05,3.7988051506840306e-05,,3.067386085201703e-05,3.9074730941236966e-05,0,2026-08-06 09:42:23,0x5173b8ea6923c2d40267890d45c46a3480954773,0.0
0,,0,0,1,0,0,0,0,0,0,2,5.777298636345364e-05,2.11845019156e-06,4.567762153720857e-06,3.556941283097987e-05,0.00011754834825230073,2.11845019156e-06,2.11845019156e-06,3.556941283097987e-05,2.11845019156e-06,9.402327947768536e-06,2,2026-08-07 23:44:41,0x39643636c4b629732947a24a705fc5f41e4489ce,1.4865205997239999
20,3.007680715573763e-05,14,73,283,5,8,41,271,15,209,26,3.099767219993278e-05,0.00010038737913076082,0.00017603245401592805,3.0078929649029208e-05,3.903896326489883e-05,3.670666329643834e-05,0.0001312348713952803,3.007436370167466e-05,0.0001091940246428088,5.3885777568974984e-05,7,2026-08-08 06:17:08,0xd928a068d2b90798373a470c9d9ba562322acdef,872.7331140000001
81,5.565125750197364e-05,29,103,173,42,17,55,70,39,234,52,6.095496458080847e-05,5.52855739360068e-05,0.00010065875083843517,4.983784013230068e-05,4.2380442599131354e-05,6.23289734166999e-05,3.9141649845960304e-05,6.806170745767306e-05,3.874010824546194e-05,3.1373634086643997e-05,20,2026-08-08 14:48:14,0x7f252feed0bcb6db7c40faf320a02ebd2cd3aee8,2105.1267880910177
1,5.4957095781966996e-05,0,0,0,0,0,0,29,1,18,1,5.4957095781966996e-05,2.9256409259909425e-05,4.4013759960423794e-05,3.716552518043572e-05,3.496767853340632e-05,4.4013759960423794e-05,0.00017817342620701508,5.4957095781966996e-05,0.00016424400768922824,4.217104173328992e-05,2,2026-08-08 21:00:45,0x451b42a15100c340ca12f7c66de06fac5ea2d751,0.9491086780425868
117,5.786206327023073e-05,35,2,19,64,28,51,11,53,0,38,4.760303598553013e-05,5.6116690935884935e-06,1.5896903437736797e-05,5.767765423145295e-05,4.8494847034043024e-05,1.435756392639395e-05,3.7309679410017356e-06,5.8183208557450235e-05,3.3751692027682633e-06,2.3216686944897005e-05,25,2026-08-09 01:30:49,0x6bf44fd9c00dc9299230b327cfdcafd9761ea6a0,5637.492160636075
0,,0,0,1,0,0,0,0,0,0,0,,0.00025440066774241285,0.001912129492967448,,,0.001998096013465877,3.0442044922263013e-05,,0.0004285467486917307,,0,2026-08-09 16:49:47,0x9e722ee888bcc282a20f16b85ec1a48be15d32cf,0.0
63,2.346172019579565e-05,10,13,5,19,4,27,23,44,3,8,2.2791612076388565e-05,1.9667623715357302e-05,4.825482324001858e-05,2.9497274643375996e-05,2.5453739856906803e-05,2.8107379707729916e-05,7.5397680306975135e-06,2.157873172913929e-05,4.3644389947901995e-06,3.800075623888356e-05,10,2026-08-10 16:10:36,0xaee29417316df308865b7bb304c9ae6ce0ac2050,2207.1165633
109,2.383204422190491e-05,66,34,79,61,20,80,13,48,8,37,1.8979282459330603e-05,7.157187389788363e-06,4.021621680891505e-05,2.21837945674654e-05,1.4404786792533717e-05,1.17316717170588e-05,5.118686771676674e-06,2.83394372575199e-05,3.7911605030452805e-06,2.982501843963363e-05,25,2026-08-10 19:39:25,0x8e790f0a559a0165433d755d5ff5fd6df91ca4c6,2427.5996814513214
16,5.3765649386474205e-05,1,36,114,12,10,31,13,4,40,54,5.102889675175647e-05,7.664480121994002e-05,0.0001682900231571507,5.406897353962591e-05,7.565958297992666e-05,0.0001714574256102632,1.572809084203854e-05,5.1711544049736834e-05,3.656282098226176e-05,9.839567270897684e-05,17,2026-08-12 10:08:34,0xf138023fd122c2f5ac328c7db0997d72d1490584,1793.746957944976
37,4.751980882021092e-05,18,3,28,33,22,543,5,4,9,32,4.439224726493778e-05,4.630160367091627e-06,0.00010118866811715045,4.767290241333394e-05,6.279620170103954e-05,0.00016652126827574647,4.833941700506654e-06,4.3379180292319444e-05,3.2793565804118117e-06,7.810621246171179e-05,13,2026-08-12 17:29:00,0xccc1015e5fe3c42d1cdfc45e8f87a210d560fd4c,1671.6649699953434
492,5.395004223973065e-05,52,4,25,275,44,37,24,217,15,26,5.584821431142656e-05,1.6818253623780334e-05,3.203292156620019e-05,5.1521249417345545e-05,5.3745435999510626e-05,4.8651075331722e-05,2.439674163608249e-05,5.773510879866779e-05,3.817436675758554e-06,4.172880814873542e-05,122,2026-08-12 20:25:44,0x1bef1e4d1f98d91d99f1f2f384490f3999d7ccd9,17023.668086501213
1,4.092659518535702e-05,2,47,53,0,13,2,32,1,78,14,4.2287999882921546e-05,4.522950361280287e-05,4.900537614442717e-05,4.049226412911013e-05,4.3995550391918356e-05,5.809034304404445e-05,7.028067856769482e-05,4.092659518535702e-05,0.00018593010470226197,4.5592190286526865e-05,4,2026-08-13 05:31:26,0x8e08a4f781bb12abdc350f70bc8033364eee0b32,451.7821029492441
23,5.011134883670267e-05,4,28,32,17,2,21,170,6,73,14,5.003797497992197e-05,0.00010364235909556076,7.144135727516111e-05,5.083046239854931e-05,5.369958514031869e-05,8.175074821102506e-05,7.003728304883088e-05,4.644898303956231e-05,5.033777996150364e-06,5.851508219395806e-05,14,2026-08-13 12:44:31,0xe4eb5fae9dd7d5c3f6e5b986a679a458f4804d5c,1099.4292731646747
523,9.703585506492408e-05,306,2,19,327,453,3,2,196,7,93,0.00024221751809731137,5.043932061372037e-06,7.746938368076176e-06,8.756536728528642e-05,0.00016256382089933793,6.1065822563019225e-06,3.5317432663312077e-06,0.00010935941940902366,3.024786375406647e-06,2.3590591871440825e-05,335,2026-08-13 18:19:01,0xdab2544d38a780a54523a585588b79ea015b2d27,19271.07237906233
32,4.729952621659572e-05,12,3,25,19,8,127,1,13,1,24,5.473756717342978e-05,3.7305011925002413e-06,3.099110135744345e-05,4.675461725102722e-05,5.959552165727953e-05,5.5838284290313306e-05,3.3838605700403266e-06,4.79050017951735e-05,2.9947358150647293e-06,3.2238222350695566e-05,15,2026-08-17 04:27:51,0xeb7dbef23947f67ae8141cecaed90f8ad29a235c,446.19750767423585
5,4.0698524134162235e-05,3,10,5,4,2,28,27,1,33,12,4.133754480935404e-05,3.933770858464913e-05,4.8251959003425855e-05,4.0918021294761056e-05,4.13149178340627e-05,4.652932906022134e-05,1.5427054553155657e-05,4.010523070787428e-05,1.536920348344502e-05,3.470516665949907e-05,4,2026-08-18 08:48:00,0xaa40e79e987517f7462bf79315b8a118799b04e3,63.7492666888581
15,3.6387261300568445e-05,13,55,20,6,4,37,20,9,27,31,3.71890178552355e-05,2.6936803081006935e-05,2.192548032518312e-05,3.570899846436545e-05,3.098163138859732e-05,1.9493618637214533e-05,2.085698088999146e-05,3.6973216897784536e-05,1.4734223373475129e-05,2.9313312251171705e-05,19,2026-08-19 11:20:10,0xf780eb2362ceb94aaf983a813853516f99071d09,2270.6982694275
76,4.28533499710573e-05,19,39,26,18,18,31,16,58,7,34,3.9167621494661405e-05,1.3738027688047118e-05,9.808551908729554e-06,4.091548404794991e-05,3.340039551971948e-05,1.153174448602434e-05,9.4419987507171e-06,4.363312633760925e-05,3.932583128665893e-06,1.4339094572292003e-05,12,2026-08-19 23:45:53,0xf290f69940a128164abde7a017c48fa3591adbf6,757.7190019349389
127,0.0001588274978330552,27,0,0,88,0,0,0,39,0,0,0.0001333580068194719,2.5070038113031953e-06,2.4499070986875046e-06,0.00016176399984796065,5.0172307508659285e-06,2.4614922738146995e-06,2.4243109921211226e-06,0.0001427814414526726,2.6913519510711275e-06,2.376248832196008e-06,161,2026-08-20 23:19:53,0x17ede0d3d16b0c3a4cf62dfe1b5f7f5bfe932a5a,148860.45399319186
32,4.0606021712677965e-05,42,12,31,16,34,9,17,16,7,36,6.205188257948757e-05,2.8486128002940937e-05,4.406883057509337e-05,3.750136266224984e-05,8.47171381720739e-05,3.3118797543518474e-05,2.56214343143387e-05,4.285858889669045e-05,6.682458465875067e-06,8.317153342708436e-05,12,2026-08-21 20:26:36,0xccfb3e9ae9c0fb9d45bf796086dbb834e043a9de,1920.7226824009467
13,3.71290289845245e-05,3,1,4,5,2,13,46,8,84,16,3.9502180131266506e-05,2.817749200760925e-05,2.6353102187253183e-05,3.424607210343508e-05,4.105782232965027e-05,3.062768484683247e-05,3.1266919297953125e-05,3.768864922569169e-05,6.136692125190299e-05,3.127985621267534e-05,8,2026-08-23 18:37:47,0xa2ceac1db81d7f0acc7eaa6018e6f9b4d33849cb,597.0662138869012
0,,0,0,0,0,0,0,0,0,0,0,,4.0309633013970075e-06,4.0309633013970075e-06,,,4.0309633013970075e-06,3.2489629127381476e-06,,3.2489629127381476e-06,4.0309633013970075e-06,0,2026-08-24 01:20:05,0x27b00ab649a8eab8d53a59d128eab87fb3cf4f1e,0.0
19,6.672953695466109e-05,6,0,17,15,12,7,0,4,2,1,7.159358001522505e-05,2.5938237809026486e-06,9.273113486368098e-05,6.63652230988749e-05,6.082693294272459e-05,5.466325596624966e-05,2.6774551472873257e-06,6.739437821761036e-05,2.543692856292145e-06,5.736072028316262e-05,9,2026-08-25 15:00:45,0xd3cb4c4ed6cc4b5e9be812071bad504125bc05e2,736.7518697385581
567,9.396724548871203e-05,126,324,1141,342,425,545,61,225,68,513,0.00010104362784712119,0.0006177128681509607,0.0005634259346454881,8.345766140911888e-05,0.00035084251872510966,0.0006481343725377281,2.0882234343662332e-05,0.00011142102010819295,1.3258750476845213e-05,0.00026206301061686154,72,2026-08-25 15:05:32,0x646c2077373989a74e7b3d8ff501b600abe0beae,5527.262718145484
16,3.0409547638731378e-06,2,0,1,9,0,0,0,7,0,1,2.5432541486482826e-06,2.5016198122795723e-06,2.4996148836003148e-06,3.3384738088064797e-06,2.5200037126181493e-06,2.6089164039926045e-06,2.4903128425318354e-06,2.9197504517050087e-06,2.4858413224432944e-06,2.5042730652548687e-06,50,2026-08-25 15:17:21,0x595bfaa15bd498a285c5e7b84cc32d42c613d4db,4753.102823600577
106,4.471190166794494e-05,98,0,0,47,13,0,0,59,2,1,1.7446949246373517e-05,2.7799612637965263e-06,2.8773064302817e-06,5.155233657418836e-05,8.947919612999888e-06,2.82125867046543e-06,2.8436010623664815e-06,3.942640528089197e-05,2.7063138957166512e-06,3.0590811619762214e-06,54,2026-08-25 19:34:15,0x77f94769019e9c33aa5a643733dc68726d0f498e,5708.598488942647
86,6.640784875227846e-05,46,277,248,26,36,250,1370,60,1210,174,4.797597586066391e-05,0.0001864934474008245,0.00015487856237060874,6.191078974560601e-05,5.7561546940786566e-05,0.00011439643036931569,0.0005985333134406659,6.756878775797954e-05,0.0006373276750443287,5.065636885040742e-05,18,2026-08-25 20:29:35,0xb1e9b822b81bbbdab375f7f4d86e44fa04d12b07,2823.757436217975
0,,0,0,13,0,0,0,0,0,0,0,7.30224493859729e-05,5.848555034642464e-05,0.00010342990063508515,7.30224493859729e-05,7.30224493859729e-05,3.6051600354060855e-05,5.848555034642464e-05,7.30224493859729e-05,0.00014125789891155592,7.30224493859729e-05,2,2026-08-26 00:40:09,0xcdfc3ba95d80198468b493c4d3869395cd20dfd2,2.3642693100621877
43,7.42599226841297e-05,22,27,22,30,19,21,9,13,55,50,6.572140806164525e-05,6.499379718823779e-05,8.53695227099488e-05,7.269510738216876e-05,6.234618680595966e-05,5.2544736141021875e-05,4.9498736100981404e-05,7.682644939526525e-05,9.742269102589704e-05,0.00010558162065281785,14,2026-08-26 13:36:41,0x89fda10f921686ce6544ea8f2c830f5f6abc4748,1630.09872999019
132,7.382352790210411e-05,50,2,41,65,43,31,8,67,3,43,4.592979099528154e-05,7.700190652486041e-06,2.6522102848300258e-05,7.814239507530019e-05,4.6675283837706834e-05,5.278728503635057e-05,3.852231692642539e-06,7.072496275721623e-05,3.7356939215517153e-06,3.2599128446034866e-05,73,2026-08-26 19:02:00,0xa18c41404f1f17ea9baec0ef7da0f3f137446ac3,8543.243536194312
293,2.2480533268230455e-05,126,0,3,131,34,5,2,162,0,31,1.137813315867633e-05,3.0453325930097195e-06,3.391700282982299e-06,1.6936307505247206e-05,7.581038363419562e-06,2.876868059636701e-06,2.545358959451954e-06,2.6893078960595686e-05,2.5933906870232733e-06,7.340632271839877e-06,117,2026-08-26 19:26:10,0x043a3f363778f0345b236f4c385783415eb12f49,12781.108773873952
31,5.5586205470622165e-05,36,1,12,22,31,1,1,9,1,4,6.821589497894291e-05,2.915032990787131e-06,3.2278298501065977e-06,5.5254647428756626e-05,6.169923588528077e-05,3.029326521116798e-06,3.83630537339385e-06,5.597920449333589e-05,2.951120647952323e-06,6.825136292137154e-06,15,2026-08-26 19:39:10,0x27708674c1dcad87b6d5d8534b1bd648f0f53e80,1715.6654298368885
0,,0,0,0,0,0,0,0,0,0,0,0.00011943615271092426,0.00011943615271092426,0.00011943615271092426,0.00011943615271092426,0.00011943615271092426,0.00011943615271092426,4.2373670590019875e-06,0.00011943615271092426,4.2373670590019875e-06,0.00011943615271092426,1,2026-08-26 20:08:42,0x4709de093c67f9245861d2c8f9e7a9330039239e,2.297119596504
0,,0,0,0,0,0,0,0,0,0,0,,4.781337109975244e-06,5.817019563031122e-06,,,4.781337109975244e-06,0.0002261199273401694,,0.0002261199273401694,5.817019563031122e-06,0,2026-08-26 21:32:32,0x8c48eb15bb1ab7531438a406fd7f5ba9b5afc5b1,0.0
0,,0,0,0,0,0,0,0,0,0,0,,,,,,,,,,,0,2026-08-27 00:39:36,0xfc4c0481900b05b5a43450560e6e12b887caa736,0.0
0,,0,0,0,0,0,0,0,0,0,0,9.796944684422896e-05,9.796944684422896e-05,9.796944684422896e-05,9.796944684422896e-05,9.796944684422896e-05,9.796944684422896e-05,9.796944684422896e-05,9.796944684422896e-05,2.558929170751105e-06,9.796944684422896e-05,1,2026-08-27 15:33:13,0x18b0145bdea46fbd6aa4336b227f65706d8b764b,0.96118326144
0,,0,0,0,0,0,0,0,0,0,0,,,,,,,,,,,0,2026-08-27 15:35:46,0xcd262918cadb4a0fa68e230231e35e90b2ae42bf,0.0
0,,0,0,4,0,0,0,0,0,3,0,,1.1771618633020099e-05,6.094041131468318e-05,,,2.5109616656883332e-05,6.603712763055842e-06,,4.959953519108566e-06,1.2711246671444093e-05,0,2026-08-27 15:36:33,0x8442e2ab14cf7cf98cd8852b2d4607556e036412,0.0
0,,0,0,0,0,1,3,0,0,0,0,,4.1321091030010625e-06,2.1759366474811096e-05,,5.110910241614299e-05,6.309329696591336e-06,4.1321091030010625e-06,,4.1321091030010625e-06,9.515636917765207e-06,0,2026-08-27 20:01:17,0x0dbaf73e647e00c6fdfdcdbcecf25ade4e1c7b85,0.0
61,2.917839619424594e-05,20,0,0,47,9,1,3,14,3,7,8.129625522577101e-06,3.9029381612402924e-06,4.167667942496205e-06,2.9716274384370877e-05,1.5812880722710456e-05,4.142814776590357e-06,3.695205682225895e-06,2.729924691240817e-05,2.964416128075299e-06,8.067541013279887e-06,14,2026-08-27 20:16:39,0xe6ecfaf966970a77716bae80574652175cdc9c81,941.119724391712
0,,0,0,0,0,0,10,0,0,1,0,0.0001268352911236775,1.6164693196473035e-05,7.378505402021013e-05,0.0001268352911236775,0.0001268352911236775,0.00017646392727482677,3.544272786114828e-05,0.0001268352911236775,9.177474719062234e-06,0.00021217130508798034,2,2026-08-28 00:56:46,0x1c338e6b0e02a8212544f962d3cc619b53fbbd6d,1.7352997779239998
58,5.098361474301126e-05,23,2,0,29,9,9,13,29,7,8,4.8238684293444514e-05,2.42573666585778e-05,3.4838819690604855e-05,4.753920275879415e-05,7.516872531868128e-05,1.8359142635577528e-05,2.203468112585782e-05,5.500426961669821e-05,1.3233776097623137e-05,3.4361868068772766e-05,35,2026-08-28 19:00:11,0xfe54eb048d38d3f2af223139d5e8ee5a275cc292,4197.959724401256
0,,0,0,0,0,0,0,0,0,0,0,,,,,,,,,,,0,2026-08-28 19:08:00,0xd9530cee35e360245e96612890e6b61cf8a57fd9,0.0
0,,3,0,0,0,0,0,0,0,0,0,0.0009450393592474583,4.390579518564387e-06,2.8387615583967764e-06,,0.00033998477726274726,2.8387615583967764e-06,4.390579518564387e-06,,4.390579518564387e-06,6.740615169269556e-06,0,2026-08-28 19:37:41,0xac31edfcf377bec5ed8c8853b5acef2f723cbce7,0.0
12,3.8481311861951424e-05,6,35,89,7,21,265,10,5,2,102,3.762515287856657e-05,3.954121093471064e-05,8.673251271553006e-05,4.0865184785233416e-05,3.96652170468808e-05,9.000669222567778e-05,7.49024845078723e-06,3.6508229397816386e-05,4.395196067994204e-06,7.040911554466376e-05,14,2026-08-28 22:06:22,0xe14dff1b3869dfb53142a2527426d4cab970b23a,1060.4725117267553
0,,0,2,0,0,0,11,1,0,0,0,,5.592267744624056e-05,6.165991459225206e-05,,,3.9395515943537945e-06,4.500346236374593e-05,,4.500346236374593e-05,8.388457756279552e-05,0,2026-08-29 03:03:21,0xcfa1f53bb4b54d821d8f7ad28df3c9876cec9c3a,0.0
23,4.369223675598623e-05,22,5,20,11,5,18,9,12,4,13,4.696873440551624e-05,7.813126631361687e-06,1.904099606381837e-05,4.994406149248623e-05,4.764908572014279e-05,9.76886513785235e-06,6.491008535072774e-06,4.149759502665628e-05,5.1121449727560496e-06,3.6739023194155725e-05,14,2026-08-29 06:00:47,0x0057d5824de503e1f1bc55748edf2a77a9522dd7,698.8777098379214
0,,0,0,6,0,0,0,0,0,0,3,,5.809593595252088e-05,2.7237279304877326e-05,,,5.780198462897493e-05,5.809593595252088e-05,,5.809593595252088e-05,5.882498349426965e-05,0,2026-08-29 09:55:59,0xf453e72eb8b0689ebf5e06dbc4e8a81039e72cdd,0.0
37,5.517430976597676e-05,3,33,9,24,9,63,58,13,28,35,5.244892174819293e-05,0.00017066051098038723,9.225197070323202e-05,5.5877212991833806e-05,2.8983916789291063e-05,0.00014602200056194957,0.00013276252242237814,5.3349850138553915e-05,0.00011957817837242951,8.690692212748011e-05,20,2026-08-29 11:15:53,0x0527cd5eaf048724d70477d99dd2b359d72a1228,1744.2714846102954
401,0.00011622383744240923,124,1,0,196,0,0,0,205,0,1,4.841077646712814e-06,3.1653745744627465e-06,3.048339627355602e-06,0.00014573447877047285,3.2186649290677664e-06,3.0368783814488406e-06,2.8732336335327014e-06,9.848731141933895e-05,2.6422110576911777e-06,3.2222283920502925e-06,145,2026-08-29 12:54:51,0x0faf37a31cba9052f1d44346943812b52a2c496f,25426.061951133383
226,4.196358706188117e-05,48,343,40,144,40,95,12,82,36,19,4.473420435355982e-05,5.154956405634699e-05,1.832112651119455e-05,4.434082943185517e-05,9.171840867115075e-06,2.4633611392675022e-05,1.821574298436202e-05,3.90176994298877e-05,1.765466003014368e-05,1.7982502760395952e-05,66,2026-08-29 13:07:00,0xd1a10195a2a3c4b25daec68b707e266d4bcc4f0e,5318.017267776411
3,2.7200913330502547e-06,0,0,0,2,0,0,0,1,0,0,2.605053405342328e-06,2.520107036455526e-06,2.527320056737054e-06,2.775798761697198e-06,2.6401608578805534e-06,2.527320056737054e-06,2.5022657695276867e-06,2.6334229049986257e-06,2.5022657695276867e-06,2.587303445343374e-06,10,2026-08-29 13:58:17,0x311f094b8e61a52c0566f6e40becf14ec7a2b8e0,711.8102888456356
18,4.607960836394267e-05,8,15,42,11,8,56,6,7,61,16,4.526900560917289e-05,1.6924959866764152e-05,5.861168134263807e-05,4.596661706816687e-05,4.8188997720873564e-05,6.0234562350448e-05,1.018259904053637e-05,4.629669247540164e-05,1.9769447754524714e-05,3.1824971710785084e-05,9,2026-08-29 14:02:27,0x9bd6412fc1ec8006c5645596e5fa611fba5a6a03,258.1852842404354
437,3.128970621836261e-05,22,0,1,251,1,0,0,186,0,1,4.8094321667502044e-06,2.6277138011938467e-06,2.6314565378013795e-06,6.416342854619804e-05,2.7928782431333144e-06,2.6277138011938467e-06,2.5411796576294324e-06,1.4899726987521818e-05,2.563238283480727e-06,2.6849130508961655e-06,150,2026-08-29 17:25:31,0xdf3f4931e261f335c0d287494a6e2fbc7df2999b,21483.632758877397
36,6.244249839545743e-05,33,0,0,18,0,0,0,18,0,0,5.9577414348756e-05,2.626199894985709e-06,2.497000264823518e-06,5.825593361479177e-05,2.5064020629628604e-06,2.497000264823518e-06,2.5739323109530143e-06,6.438033858750396e-05,0.0,2.6118372478200336e-06,84,2026-08-29 17:34:36,0x60e799ad5799c32f1f385933fd83b735321d3f6e,37652.747319079885
193,6.655438484531185e-05,348,86,78,93,126,40,240,100,713,59,0.0001210725622087527,0.00014849160081528776,0.00019929613859655116,7.26230948985254e-05,0.00014288675891736802,0.00016819126833150013,0.000884963607995678,6.282547459078247e-05,0.0003355194338065511,0.000120812741840835,181,2026-08-29 17:41:08,0xdd35c31897b5193305dd673c75b890cb49d76aeb,34135.12459937757
49,4.559473526080538e-05,10,77,98,27,25,56,38,22,628,128,4.216877366540117e-05,4.323668750540596e-05,0.0001268488104862175,4.488214390874584e-05,6.713205102579269e-05,0.00010645094839868052,2.1626339061594986e-05,4.690920930215919e-05,4.627303725657352e-05,0.0001864006171082015,28,2026-08-29 18:45:56,0x75f8ed0e9cbdc644fa5b9bb9b428cc18358a55c4,1373.791689342321
88,0.00016355809991996307,21,0,1,24,27,3,2,64,2,53,0.00019347653042511146,8.097898571412627e-05,8.049083044047894e-05,0.00013977865763315308,0.00015348802504020726,0.00011069817112823912,8.391063255174743e-05,0.00018594550232852095,7.627341548859843e-05,8.681832575844367e-05,7,2026-08-11 20:34:51,0x05349ac9a5d65a4fce3ed9c08a6ba23dfcc1ea5d,1816.2525418684977
39,3.8171599917145614e-05,51,94,95,18,37,160,17,21,18,25,4.658187745373311e-05,3.0975163498520726e-05,5.8614954918346306e-05,3.5463300667237875e-05,5.849757182705052e-05,4.421233068900274e-05,2.0806717923148194e-05,4.030870526850525e-05,5.988954300545991e-06,5.1382083312152984e-05,23,2026-08-13 10:06:14,0x031fcd3580d20ca18381e12aff6f0e3d67cb27c3,981.1656763970602
15,3.331805645076922e-05,24,18,167,7,14,48,16,8,14,21,3.5499043303118924e-05,1.3726267630204699e-05,8.39145127000925e-05,3.5046260053325224e-05,4.2081887966622844e-05,7.106889316258998e-05,1.3610000685813416e-05,3.221142070816151e-05,1.2293980706765914e-05,4.748918274404892e-05,14,2026-08-13 19:00:32,0x0a1e0cc751f77c2c93760fc957cc8e4e779b2bc8,269.8176956826949
0,,0,3,0,0,0,1,4,0,22,0,,0.00014426119848764276,9.014304248021065e-05,,,9.856975953967623e-05,0.00012750968382957352,,2.7164714283078597e-05,5.1529832852198795e-05,0,2026-08-14 00:01:41,0xd461e73b9cbadff4523cefec512308d89cd8f538,0.0
86,0.0004200002189663821,47,74,112,46,32,52,11,40,5,103,0.0009036993227442464,0.0003721885495054621,0.0015173677546436054,0.0003465366005110017,0.0015315941300489922,0.0006960897601526418,0.0005632763616082504,0.0006059015066171386,0.0003628592578412209,0.002041231941160283,51,2026-08-14 03:42:29,0x0c3ea796cdfc9efca5362a6708527a90909004da,12858.127598556195
0,,0,0,0,0,0,0,1,0,0,1,3.161302148445537e-05,0.0003153590034143204,0.0003153590034143204,3.161302148445537e-05,3.161302148445537e-05,0.0003153590034143204,4.480988008075037e-06,3.161302148445537e-05,4.380383455663277e-06,0.0003153590034143204,1,2026-08-14 06:12:10,0x40edb7a773d6e9c9fd20dd99e57514fdff15e300,0.578089109099
47,2.791029230342061e-05,35,7,80,25,12,43,6,22,7,74,1.3296829415297571e-05,6.515302793105546e-06,4.1217958307879254e-05,2.755340351500494e-05,2.4937850568478838e-05,3.396300096180626e-05,4.089553403080428e-06,2.9107542276517928e-05,3.493031225342938e-06,2.9581695276860045e-05,22,2026-08-15 02:37:07,0xd32e4e8d7813fab9e28095fd9f1d7fa223c68bfb,1773.9049248004962
221,8.726430549590963e-05,40,2,185,153,30,28,0,68,9,17,0.00013322293874118134,2.1552686458118792e-05,6.888769400549429e-05,8.515539060105209e-05,7.079538185299753e-05,2.614515620025112e-05,8.30874235373618e-06,9.450889432210138e-05,6.399831393283168e-06,2.8290326923946172e-05,8,2026-08-15 20:08:06,0xec287d7c5501b54d2d97e26e21750ad587c822fa,278.96904550522834
1,4.0570448224652855e-05,1,0,0,0,0,0,0,1,0,1,7.454923114272952e-05,4.307028078055406e-05,3.8199384035758426e-05,2.4381047599653188e-05,9.987472393273281e-06,3.8199384035758426e-05,4.307028078055406e-05,4.0570448224652855e-05,4.3426270623106986e-05,3.10132196257245e-05,1,2026-08-17 13:43:49,0x346889aba77300edaa8ae5d1ffbd13fececee954,0.8299871252458294
10,2.8377283874957374e-05,3,49,10,6,3,1,56,4,15,4,3.3232201693028926e-05,2.7601658127044123e-05,2.5097597811329702e-05,2.7952742566059978e-05,3.276820905613069e-05,2.4647631824265158e-05,1.5936056055297497e-05,3.0438376382630245e-05,7.5839762770327784e-06,2.8381030595196798e-05,4,2026-08-18 14:04:41,0x286b4b456bd10fd1745a7b7b33f25a804ddf5f04,63.186158031943314
3,4.290326011987491e-05,5,0,0,2,0,0,0,1,0,2,3.7164527731025416e-05,1.9798694809702743e-06,1.950440664305402e-06,4.288933872301905e-05,2.3702739644113485e-05,1.9798694809702743e-06,2.0101608032676735e-06,4.3554313671802525e-05,2.0101608032676735e-06,3.995896803036645e-06,4,2026-08-19 00:09:37,0xce1824e73d77ead4fe4a51b96d3b832b17f36452,62.76871642208413
37,4.149598053234066e-05,44,3,18,23,42,6,3,14,3,17,4.8452114267221346e-05,6.299406931306729e-06,1.694284858606013e-05,4.394745045440213e-05,5.434453756879236e-05,1.2845955800585483e-05,5.341696416435325e-06,3.943965354089895e-05,5.007207453832419e-06,1.4069020858091128e-05,31,2026-08-20 18:47:27,0x3991079ddce68f71fa1cc661c2d562303d0e1f44,1280.9709722349708
108,2.718087019570888e-05,73,0,1,62,29,1,0,46,1,4,1.649354033631711e-05,2.805096449453738e-06,3.2364695799750418e-06,2.66855357307871e-05,1.0752108142387243e-05,3.0173022248604795e-06,2.849209042336409e-06,2.841371951329483e-05,2.918878212335286e-06,4.775944325513825e-06,75,2026-08-20 23:48:10,0x4d62e2f21bd0597e56f9765c107bc4cce1e19962,10629.475481722971
0,,9,13,9,0,7,14,9,0,12,9,5.022059655259865e-05,3.0239164139277548e-05,3.2874753642293094e-05,5.0541952070406036e-05,4.2330055311726854e-05,2.819767688153555e-05,2.3259856877582285e-05,5.0541952070406036e-05,1.7480255472482557e-05,4.775157245697337e-05,2,2026-08-21 11:37:27,0x69e826f373b16a96b54f9fae386a26b6c02a28d6,28.615909319400004
53,9.911971435413397e-06,0,0,1,52,0,0,0,1,0,0,2.6681002213041845e-06,2.55812178873018e-06,2.55492153765007e-06,9.991406529603132e-06,2.5869428711650227e-06,2.55492153765007e-06,2.55812178873018e-06,2.6681002213041845e-06,2.424570356126843e-06,2.680034252373955e-06,54,2026-08-21 22:06:47,0x16cc562509dbe2c80d613e022c1ab7b6b26aaaa9,33655.316530419586
0,,0,0,2,0,0,1,0,0,6,1,,1.101959713651105e-05,8.444118692159418e-05,,,2.7169794573071476e-05,9.078011146065408e-06,,1.1047793203992829e-05,9.362304432159341e-05,0,2026-08-23 21:46:18,0x9767277f83f4c44c97af62adfafa6abbe787f592,0.0
3,0.0002108746876205627,0,0,0,1,0,0,0,2,0,0,0.00011648620466216548,2.4981117307039435e-06,2.9538663301751934e-06,0.00034876336820472965,0.00012313108506190813,2.9538663301751934e-06,2.4981117307039435e-06,9.371091461029852e-05,7.520815394938834e-05,8.977413988630761e-06,2,2026-08-24 17:34:40,0xab1093e8ce1a8dae921fa95fefbdc66138a94a8a,3.1683727984699996
0,,0,0,0,0,1,0,0,0,0,0,,2.9523336834022322e-06,3.0172928544912816e-05,,3.0172928544912816e-05,3.0172928544912816e-05,2.9523336834022322e-06,,2.9523336834022322e-06,3.0172928544912816e-05,0,2026-08-24 17:36:28,0x778f1a82da2b3a361f82ece0a5e7338b7bf0efe6,0.0
92,0.00014601389018019544,147,21,26,7,48,23,6,85,441,26,0.00021874027648470482,6.85371751851555e-05,0.00012708302869725573,0.00012051813870194826,0.00013840703292892763,8.11250593010742e-05,0.00018354306174666373,0.00014822176944294849,0.00019442864028446668,0.00022953294492287154,46,2026-08-24 20:53:11,0x061423ee7e45d26170225c0a6e2c6defeee8ade0,9553.78986044723
126,5.153464536310407e-05,92,2,58,69,63,10,2,57,2,58,3.422564626174359e-05,4.402221430843123e-06,1.5091165017805323e-05,4.8320607215480606e-05,4.43584607547235e-05,8.962276573857268e-06,3.1656646287740548e-06,5.6756376528230493e-05,2.8351764589625262e-06,1.018978845428746e-05,30,2026-08-24 21:53:48,0xb957908d31cce8e37fb7f7947303291dcf2cac8e,1859.4282946025646
778,0.0001572367914721637,342,6,22,418,82,8,1,360,0,89,8.387394480658223e-05,3.67272016628173e-06,6.569277696946177e-06,0.00016008341676271529,8.446373265789618e-05,4.501396344227298e-06,3.6750259550259728e-06,0.000154383438602134,3.6153561390871406e-06,0.00012821337720713222,228,2026-08-25 15:29:40,0x0057766687c4a96a06d041924df2bb5c47b303ae,31389.508954164936
22,5.857866302024691e-05,4,29,12,7,4,170,11,15,398,8,5.750558800631906e-05,3.99909559040004e-05,4.7622891902118586e-05,5.884274614931978e-05,5.660488208855974e-05,0.00012629154406587832,4.312603531427159e-05,5.80744754031275e-05,0.0001964746987941846,6.118135559217305e-05,4,2026-08-25 20:07:07,0x776650808dda2ae08653dc70cdac45a9ce39e025,46.92052925951209
31,5.865992972799537e-05,5,0,0,20,1,4,0,11,1,0,5.768152069071469e-05,2.4865241588075337e-06,2.5473713642917913e-06,5.513724121559634e-05,2.5097750787012053e-06,2.5096767284524115e-06,2.5378055264371855e-06,7.055021733464798e-05,2.5890420051361977e-06,2.503110118288559e-06,60,2026-08-25 20:20:29,0x43b78c5823126771b0ddb2051f8cc9f8c8596750,6407.066175291361
33,6.648436014792881e-05,91,49,29,17,13,44,10,16,45,32,0.0001337778381907587,0.00019239859722839574,0.00017481431659036503,6.742262655092654e-05,0.00014445126705207474,0.00024235101361004524,0.00023533262038120446,6.44330854241236e-05,0.000311732854610211,0.00015274315137355456,53,2026-08-26 15:06:45,0x33316e5930c659fedf2d3c4cca7079461f05e3a1,6742.969013742055
8,4.6580444513388105e-05,4,19,15,5,0,15,7,3,6,7,5.027810807873617e-05,3.4034767527453276e-05,4.708320888281033e-05,4.714299784373596e-05,3.94365489805848e-05,4.206495289833714e-05,1.1136632435184155e-05,4.5136666773392124e-05,3.2967342684683316e-06,3.9286842053367954e-05,7,2026-08-27 11:46:06,0xc47d9636692d2fa04029902c2d4f0717958b39d7,217.03160344743475
111,7.294981357881724e-05,54,103,274,71,74,410,99,40,182,195,4.5121796544383306e-05,0.00014037181575908325,0.00020273198536773388,7.490910566717374e-05,8.837701529747899e-05,0.0004405281967502592,0.00010038085213787868,6.846690864900285e-05,0.00012427888642258447,0.00022523575185018455,63,2026-08-27 13:12:24,0xfbcdecbbe8f4d5ae1f8b6de41854689a143f5952,5976.995831352784
0,,0,0,0,0,0,0,0,0,0,0,6.636870644110623e-06,2.9422049830060376e-06,2.9422049830060376e-06,,6.636870644110623e-06,2.9422049830060376e-06,2.9422049830060376e-06,,2.9422049830060376e-06,2.9422049830060376e-06,0,2026-08-27 15:36:02,0x4f1aedb9942947937db0b080dbc71059638aee9e,0.0
1,4.0171684703120094e-05,0,14,14,1,0,10,12,0,12,0,4.0171684703120094e-05,0.00019434980312842278,0.00019021869159830643,4.0171684703120094e-05,6.266349813500442e-05,0.0001164026865730905,8.675275795018487e-05,4.0171684703120094e-05,0.00014588362046661805,0.00014338380360350188,0,2026-08-27 16:38:47,0x99a66d49abe9a8b918360d34b3932e9bd7a4c3f3,0.0
0,,0,0,0,0,0,0,0,0,0,0,5.984751649451908e-05,7.279804761079922e-06,5.984751649451908e-05,5.984751649451908e-05,5.984751649451908e-05,5.984751649451908e-05,6.232364337987872e-06,5.984751649451908e-05,6.232364337987872e-06,5.984751649451908e-05,2,2026-08-27 17:23:10,0x2b03f8944d72a7e7aa627733a55985c6f9a8b647,3.3884061554000002
0,,0,0,2,0,0,0,0,0,1,1,,5.497866451902711e-05,4.394630437762419e-05,,,4.996738623134734e-05,2.2998197756453712e-05,,2.3953527891197907e-05,8.09873738602123e-05,0,2026-08-27 20:18:06,0x55b18432284715e3ffc32ee83433e9308820c15c,0.0
147,5.722001125517915e-05,50,2,1,59,24,4,0,88,2,19,6.499258738339137e-05,3.0825455039140906e-06,6.141344908554332e-06,6.672571582014098e-05,2.1464770605599903e-05,3.4796949627644765e-06,2.950543140236134e-06,5.098317554630848e-05,2.7313454119653894e-06,1.2091313868229157e-05,67,2026-08-27 22:13:28,0xc1592fbfe8ed7bf943c327145ae93d087057d56a,10942.053173014152
27,5.792513515227419e-05,14,31,27,15,16,66,20,12,143,59,6.103805931947974e-05,0.00013610452600322978,0.00012091081564130758,5.7359837135675475e-05,8.15179368755862e-05,0.00015136464350705957,9.499824475641085e-05,5.938030148799616e-05,9.184301278146138e-05,0.00010673857723515284,19,2026-08-28 14:02:18,0xce845443428867d271929bd739148b85524b536a,1538.9840943218564
0,,4,0,1,0,0,62,0,0,0,4,0.00010166514700437072,1.615023501413541e-05,0.000204514836452035,6.364548691590021e-05,0.00010917571304181933,6.868271743055322e-05,1.231277821672069e-05,6.364548691590021e-05,9.986625012948303e-06,0.00011267087481488686,4,2026-08-28 21:51:24,0xcdf042de8e2b243f7532d6dacfd814e531dfa36a,7.305516259052668
17,6.344400096939612e-05,1,4,2,7,8,4,5,10,5,6,5.5268328703876035e-05,4.289306745328017e-05,4.532248017640305e-05,6.450319160585477e-05,5.962193607795828e-05,5.069109335734349e-05,4.178180550719814e-06,6.205640846824869e-05,4.249844942387576e-06,7.870023891198406e-05,17,2026-08-28 23:15:51,0x613f1ce0a989dcbbbdea61a45bde96cee2f7ca36,1023.5724770359116
520,0.00010621553466115751,386,2510,283,126,98,80,106,394,38,55,0.0001823651433328965,0.002346166464604314,8.100635669341745e-05,7.837620121545873e-05,8.185489110952481e-05,7.056202137403827e-05,1.3632184963839593e-05,0.00011954649803753935,1.2354206439312367e-05,0.00012430103553054392,27,2026-08-29 00:19:23,0x3d0ef79957d2f7114a7c5fc0ca9f13f19c342764,2197.8748301029855
79,9.138671621556152e-05,112,4620,28,28,23,14,243,51,619,26,0.00024066307389608859,0.01371961396399021,0.0002945099058420073,6.587038984403594e-05,0.0001616728269254328,0.00033223191858552166,0.012725414591637242,0.0001260088737638342,0.014663372548807842,0.0001400374313430609,21,2026-08-29 09:35:26,0x5317c0d077d2eeb639448939b930d49c4984b63b,4658.0378422877275
115,4.493189260922701e-05,34,145,42,65,32,14,59,50,80,61,3.814284281940804e-05,4.859593967593753e-05,1.5281538296702956e-05,4.079099518461522e-05,5.102109395015406e-05,2.1180183878177743e-05,2.8833231245589876e-05,5.147402852063965e-05,2.124182358877268e-05,4.12252189841629e-05,37,2026-08-29 09:59:54,0xb33a20420e19c42d7f122f314d0c5f9cf03caea8,2607.883970562917
0,,3,2,6,0,1,2,0,0,1,2,4.454302407176568e-05,5.066691822150091e-05,7.068019294519757e-05,,4.2299493532041125e-05,3.418178121505109e-05,0.0006684111465947998,,2.959102829488178e-05,3.3610861633582746e-05,0,2026-08-29 11:29:26,0xcf4b1cf16eacd79315c2c12bb39f5f2d6a439048,0.0
51,4.8928525143536624e-05,27,24,115,38,32,124,168,13,90,269,5.7471160540564464e-05,2.6310626448884117e-05,7.712822661294837e-05,4.900011379039469e-05,6.629922453196688e-05,5.1362175040724876e-05,4.982143919407032e-05,4.868062683632764e-05,7.554579313301925e-05,0.00013140182097954068,31,2026-08-29 15:03:50,0xf3734609cab98cb4c23ce7ff6d3f9bf7aeb23ce9,3799.5554450125446
2,0.00014447131363772204,0,0,14,2,0,0,0,0,3,7,6.452811861376034e-05,1.3214723540001851e-05,6.540722076781271e-05,0.00014447131363772204,0.00015005117723624088,4.107272089725811e-05,5.966482805982669e-06,6.452811861376034e-05,5.570368799999703e-06,7.256251260820556e-05,1,2026-08-29 15:17:01,0x4b23f6c983a7225c12206200f955e0af62cd8fc3,2.420336254302
423,2.622183447641807e-05,57,0,0,212,29,1,0,211,0,2,1.8688850618203463e-05,2.0029588230127376e-06,2.134624808991683e-06,4.2337047743204814e-05,7.94623025460356e-06,2.1993478274951846e-06,2.092884032854221e-06,1.9346267649317027e-05,2.017322542250654e-06,2.2497556201107974e-06,106,2026-08-29 15:23:18,0xcf6c7754d607896dbe5188bf733851d33b57cb30,9459.362843040726
323,0.00010872283115424196,153,68,204,128,93,493,45,195,45,72,9.706779146986668e-05,4.2028715193181714e-05,0.00019043658175075233,8.78306351070982e-05,0.00016456191173615486,0.00032886403987667076,4.237749253362311e-05,0.000129613702740308,4.004296823654379e-05,0.00010182434993676147,70,2026-08-29 15:45:47,0xb298ece8ea283e056f5d4aa950c8cb53c9cc4c34,8347.078926495336
0,,0,0,0,0,0,0,0,0,0,0,,,,,,,,,,,0,2026-08-29 16:51:18,0x300ce224663fa31bf360d2e39ceb4a2fbf471ebf,0.0
0,,0,0,0,0,0,0,0,0,0,0,,,,,,,,,,,0,2026-08-29 17:13:26,0xf2fa3c161ba1e0b3152aaf1c0750784c5ef99d5c,0.0
538,5.550997791424144e-05,280,3,58,274,111,20,4,264,1,337,5.334695198802186e-05,4.680795151119994e-06,7.755670740717075e-05,4.126050564399994e-05,7.54962626608562e-05,6.078584657570278e-06,4.066423260981373e-06,7.98705522922223e-05,2.8581302533103484e-06,7.551509126900449e-05,174,2026-08-29 17:20:34,0x7b312ac0c23dfd7b9f9027c57d3e4f1a3b2a3c19,18705.646220430597
1,1.3484646986654715e-05,0,0,0,0,0,0,0,1,0,0,1.3484646986654715e-05,0.00019424348980016362,0.00019424348980016362,,1.3484646986654715e-05,0.00019424348980016362,9.385122468181405e-06,1.3484646986654715e-05,9.385122468181405e-06,0.00019424348980016362,0,2026-08-29 18:16:25,0xb467f9f8ec2cb3cf5f72bb5a45187e417f084a5e,0.0
250,9.015048961093965e-05,20,4,15,143,2,2,3,107,20,4,7.790503465095109e-05,4.124972956183474e-05,6.401853292784683e-05,0.00010190889485334369,7.934095042489008e-05,4.4912396494513924e-05,4.831010597117202e-05,7.138666100219483e-05,0.00012580034331278515,0.00010608504731252096,10,2026-08-29 18:59:48,0xd6af4536bab5ea74bcf872ca181619cc3157683e,1472.4537382076612
182,3.5062289228100506e-05,93,2,48,127,37,106,1,55,2,159,4.235339690906294e-05,4.078931258374344e-06,2.5036854110000372e-05,3.636234085452148e-05,3.672173391298136e-05,5.605840568095438e-05,3.564400208999785e-06,3.1502655690216204e-05,3.4406990057001096e-06,4.288510290166397e-05,60,2026-08-29 19:44:00,0xc988a0a8ccc3755152b5f08e035d8e8a83d79ba3,4544.837902806199
0,,0,2,0,0,0,0,7,0,0,0,,3.4322964072612595e-05,0.0003384924157586828,,,0.0003384924157586828,9.50370377684281e-06,,0.0002580060489325653,0.00025994251473266305,0,2026-08-29 21:00:41,0x86339b5c60a92856e19b05718087620f68fa9c33,0.0
364,0.00018607495261307254,217,1,0,196,1,0,0,168,0,0,2.4697659879382027e-05,3.5038708726649025e-06,3.4313000522248265e-06,0.0001859979283732385,3.813200966679188e-06,3.6251023120392885e-06,3.4364975505638942e-06,0.00018620776011983605,3.45181356146934e-06,3.441932688157036e-06,59,2026-08-29 23:54:05,0x6c988920d26531fd27464d48da7203cb5473302e,29078.980046245826
31,3.593224790787662e-05,40,9,39,13,21,27,4,18,11,77,5.73466248577428e-05,5.074415780457885e-06,3.5284469631565376e-05,3.616206386474705e-05,4.8582102576975475e-05,4.134032205251987e-05,4.046526392756871e-06,3.582840170458941e-05,3.7841366466659607e-06,8.586219924333644e-05,24,2026-08-05 15:34:04,0xfc5bcfb6c3d698f6e1e466f28a6a32c5675d8b73,2113.183842957927
16,3.333142871750594e-05,17,111,269,10,26,143,14,6,42,113,3.031978810439687e-05,2.333788691444846e-05,0.00010628558877543218,3.3278725517303e-05,5.309815210359972e-05,6.410154901485115e-05,7.150773781137172e-06,3.3577708710448746e-05,6.643647430454112e-06,8.191512718131124e-05,13,2026-08-07 16:33:47,0x722dad04eade14c4df0f1a8f7bdd0934d78f2795,849.14601552
6,2.3308041030387642e-05,0,150,30,5,0,31,129,1,346,0,2.482526110049692e-05,0.00011677431779726526,3.4175309977713064e-05,2.3266101483505763e-05,2.5591743939119556e-05,3.661613435503339e-05,9.143157557772676e-05,2.4588178260226115e-05,0.00011433662238190485,2.56431095619289e-05,2,2026-08-08 12:08:03,0x2e84f2e0b88bd3ffb5d6738ae0e3c7c00137083e,267.721425
68,4.336043425781651e-05,12,9,30,35,72,87,6,33,9,58,4.5310557862760894e-05,4.939032947159894e-06,6.91142540388731e-05,4.549141774457118e-05,9.120970822456938e-05,8.858327012921506e-05,3.740712397589942e-06,4.1975263161422325e-05,3.053963526644187e-06,6.50975798564381e-05,5,2026-08-08 17:19:50,0xc5538b6a776996ac8bb3cd44c8d456d98be460c1,593.513514
2,3.93467150886498e-05,8,43,39,2,10,19,18,0,5,18,4.595678917600977e-05,3.196631339850413e-05,6.697619323793721e-05,3.93467150886498e-05,5.5327418341317006e-05,7.088900655602232e-05,4.31706477017781e-06,3.919033082050837e-05,2.6037812348229216e-06,3.864390659090712e-05,2,2026-08-08 22:43:28,0xcf8a50dae636b9aa6885d6eacc9efa5116a3492b,260.1491904
106,6.719063974851539e-05,32,69,76,64,23,43,133,42,108,48,8.364812998720996e-05,0.00013722055387525034,0.0001154972879225229,6.115128841194042e-05,9.301195274800779e-05,0.00014212735728504603,0.0001398529395912334,7.417508717997671e-05,0.00013617581484234742,0.00012635859696384717,6,2026-08-12 23:59:46,0x2a836d2b34ecbd8a709832e2f379929c52d87938,1162.88429835208
4,3.583210835039423e-05,9,49,7,1,11,33,100,3,45,12,3.9473844461891323e-05,1.4766043809917019e-05,3.933533821418424e-05,3.6539276491490866e-05,4.0593361137471946e-05,2.697500433878234e-05,2.6976099300012326e-05,3.5623203101268484e-05,2.252821408951301e-05,4.0338514322048965e-05,5,2026-08-13 09:16:48,0x2537994410501770819ef31dc50f7ea0d504a5a6,67.55439262808204
92,3.942740867049941e-05,113,70,66,39,154,37,45,53,44,248,4.4460093273534503e-05,1.8527923073051258e-05,3.4865651290702724e-05,3.081502105480857e-05,0.00010752601259948401,1.6826331374274372e-05,1.9911480769942506e-05,4.303189309745382e-05,9.781974858073569e-06,5.5207043502463935e-05,25,2026-08-13 16:00:21,0x604b25dcc514837e5d9b34418a3790f918e53f68,2111.786893456647
5,3.73383571379378e-05,5,7,6,1,0,2,15,4,429,7,3.999164040329115e-05,2.4351909794511495e-05,1.8399487544988967e-05,3.815595327243547e-05,3.87971615608584e-05,1.96794892016251e-05,1.846598618182199e-05,3.620101018439112e-05,0.00010822539921251544,3.385949932715225e-05,2,2026-08-13 22:51:14,0x27038dd6c78d03c0b409257911638d7055bdd2b6,20.93801421019884
46,3.69487285417245e-05,11,23,30,35,8,52,148,11,77,5,3.088692371937075e-05,2.7369626073665938e-05,3.538261746015345e-05,3.8417090839613556e-05,2.967744877188782e-05,4.133568324562293e-05,4.031401984397379e-05,3.532610517237526e-05,1.8586581986591658e-05,2.1287040307697394e-05,6,2026-08-14 01:11:11,0xec45c6c413b498cf5acf5a1a889f1a95ca9b6bb3,42.97397135794448
1,4.802926961338294e-05,0,1,12,0,0,20,0,1,0,7,4.802926961338294e-05,0.00021474594867226484,0.00018571575481003574,2.9994739421577486e-05,0.00010109655612180698,0.00019449277637875945,2.712457470229236e-05,4.802926961338294e-05,1.0963430050687137e-05,0.00035804238833962054,1,2026-08-14 06:00:59,0x98943df150ef0810b904e95a212b347c87ad3c9d,0.4481441566612487
320,2.027260029476587e-05,34,2,5,94,10,1,0,226,0,5,7.673699481184257e-06,2.427590587552994e-06,2.838605447122619e-06,4.501715191812341e-05,4.874873257023933e-06,2.163571344017399e-06,2.2551812733936854e-06,1.4326670026242474e-05,2.1688857099710875e-06,2.9422025319792234e-06,41,2026-08-14 09:41:35,0x685d0a07cf193f05e23b05cedba4bedfccdbf96b,3685.7743333376866
0,,0,0,0,0,0,0,0,0,0,0,,,,,,,,,,,0,2026-08-14 20:03:20,0x1ae2713744793ed2a5e05977ccc6aed3aa86287f,0.0
54,4.4388683255996766e-05,60,97,107,26,63,38,120,28,173,25,5.564403446568678e-05,8.910659890993182e-05,0.00011849210981453862,4.464040334038708e-05,4.107513914094849e-05,6.651267973432921e-05,7.64407312712029e-05,4.404892823153686e-05,5.995370111443261e-05,7.682468989907425e-05,34,2026-08-15 16:03:08,0xf46c6e1144bb34b4d71142a2c6e201742395fcae,2249.562478626553
85,4.0883721763052565e-05,32,96,67,55,51,131,51,30,121,45,4.1260010299444364e-05,7.176106105817535e-05,6.589659527610397e-05,4.0022680503545784e-05,7.772210985666661e-05,8.238977652104813e-05,1.7657931010610982e-05,4.378918071457926e-05,2.7334958583037057e-05,7.606869764123081e-05,39,2026-08-16 09:15:17,0xdf69b4e06206cc64fafc9a0ca691eee9001020be,2932.492271710176
182,2.176360612542558e-05,30,1,3,130,2,2,0,52,0,1,1.6154682574881394e-05,2.097668341413216e-06,2.320160555771687e-06,2.3258435975039002e-05,3.007569580296627e-06,2.272481360398363e-06,2.0419337594745973e-06,1.8489780079859776e-05,2.0580365366889715e-06,2.384033429687044e-06,86,2026-08-17 20:19:46,0x77689b08943d334e02583c5eb788f0645a45b899,8868.607588218507
27,4.416095303789709e-05,17,42,40,12,10,48,267,15,263,31,3.959878903448144e-05,4.426088491066977e-05,4.526155057438659e-05,4.455292302271316e-05,4.306349532827447e-05,4.243740170752188e-05,8.716171315408494e-05,4.376317667764042e-05,5.537903796808472e-05,3.538061367847091e-05,17,2026-08-18 05:33:58,0x1b26ed7d40c84a4d578251dfc4ecd5d42476e9a2,851.3233441602296
3,3.8572533072532225e-05,0,5,21,1,3,18,16,2,3,108,3.956825272036142e-05,3.7066978322098158e-06,5.370917414811365e-05,3.849382751332487e-05,4.082185397375611e-05,3.107447980989425e-05,3.125938094523706e-06,3.9793059145725816e-05,4.941323376926536e-06,8.042796318286214e-05,3,2026-08-18 07:55:16,0x1863d8c8478e35df880b9d95401e0e62e3eef14c,62.951495382097804
58,5.061287509029961e-05,37,2,12,32,21,7,2,26,0,28,5.2266682929729204e-05,2.7444375181451097e-06,2.290526666419715e-05,4.904299877406687e-05,4.9960397418171176e-05,1.2062804571412458e-05,2.58692769694199e-06,5.354655087405034e-05,2.678892242869776e-06,1.5990360629793942e-05,20,2026-08-19 19:46:56,0xa5f66b640455df67a0e051bd795a7835dfabc966,1020.1219779003051
0,,0,0,0,0,0,2,0,0,0,0,,3.7408864626086366e-06,,,,3.996602797614903e-06,3.7408864626086366e-06,,6.379101319076663e-05,,0,2026-08-24 16:26:59,0x837dff581369575b360103d3f8ff9e842818a83d,0.0
123,4.02174849323945e-05,53,0,57,89,20,3,0,34,1,61,5.823027965959189e-05,3.095609055279557e-06,3.521222258862766e-06,4.011439934077632e-05,3.546469161740671e-05,3.4468352007865103e-06,3.5413528726268758e-06,4.061879916032616e-05,3.1473122868542605e-06,2.1426089978391204e-05,71,2026-08-24 21:33:52,0xba4239072c969fddcbc352765a80031131bc3edd,10643.609198281727
0,,0,0,0,0,0,0,0,0,0,0,,,,,,,,,,,0,2026-08-24 23:16:08,0xe6dcd736cf9f72a519eb29bace10d2dbd04365ee,0.0
50,5.6159542050021956e-05,11,21,72,26,8,46,57,24,272,43,4.146433823253062e-05,3.810547503241558e-05,5.424632152479409e-05,5.264394791029628e-05,4.829605760332075e-05,5.103921273240023e-05,2.748444889371167e-05,6.029047107369846e-05,4.1212760829279045e-05,7.004608286962571e-05,10,2026-08-25 14:18:19,0x2ca41249485eb6f71981872461d0fca32058fd78,690.2145177709734
165,0.00040108046426642045,85,10,93,112,93,82,13,53,27,284,0.0008509845442634121,0.0009606370938065991,0.0009722182718965586,0.00039383522468275156,0.001172966281941626,0.0009732245263131712,0.0006519861087187231,0.00047278241729618344,0.0008253067567731787,0.001066151560905098,109,2026-08-25 15:00:24,0x98af77d765465928062c1abb28dc7a8c0366c13e,240291.69974706628
0,,0,6,50,0,31,0,1,0,1,106,,2.5505191483077042e-05,6.795154338833968e-05,,0.0003479535992311916,1.1066070581339305e-05,2.477638299258997e-05,,9.534006822196552e-06,0.00015134767583194583,0,2026-08-25 15:48:16,0xf2ad58e16b9e62c4b1d3fbe076d9c4a17cb21437,0.0
399,3.764474808955463e-05,67,4,0,283,24,0,220,116,3,17,2.588425919463161e-05,3.839465558253272e-06,4.1085214263315805e-06,3.9736152512140145e-05,1.6067744417299966e-05,3.68656017583518e-06,7.414507360629501e-06,3.2436766030189475e-05,3.3418642665537396e-06,5.512446554041511e-06,145,2026-08-25 22:05:52,0x98f68baa7b5483cfb6ac19491adaaba7d1f84243,21654.795612593698
4,5.6962767342151653e-05,4,2,14,1,1,15,1,3,0,1,5.120729227259987e-05,3.4194810732796643e-06,3.9755851576754325e-05,5.545845295757547e-05,5.759134465721945e-05,3.374665191070021e-05,3.3065136254444113e-06,5.7027016107295864e-05,3.1669860535011958e-06,4.8335763720575256e-05,7,2026-08-26 05:18:57,0x33f036fa1811ca81be13ccc7c311f00d3428e584,119.20455955385872
53,0.00020783623534181419,12,180,57,47,2,166,6,6,5,20,0.0002381509237952036,8.0398042032951e-05,0.00032496285099869153,0.00020740731472846606,0.00022392542934642973,0.00020833589940816698,2.8676819705574815e-05,0.00022786477755205517,2.604628930083587e-05,0.00036199667709913404,27,2026-08-26 10:41:07,0xdf3756d5f948cddc7bc0190558909e17a499d671,3537.81462356893
20,4.7238390669537035e-05,16,4,15,8,6,7,7,12,5,6,1.7938050188759222e-05,9.706505154811524e-06,1.5684249258225033e-05,5.371536219952827e-05,1.5923760713675513e-05,1.0958616664829126e-05,9.583822546987888e-06,4.5218279957908316e-05,2.79238949125537e-06,1.6741436385319744e-05,9,2026-08-26 16:33:02,0xde63a0596362be3a87fa5841aea3f8daa464e1da,802.3375901625463
972,0.0006681213064937422,524,0,1,517,32,8,0,455,2,22,0.00019715984497539128,3.990820761049023e-06,4.1092953476761855e-06,0.0005373621616067288,1.0311196124504099e-05,4.062125508840217e-06,4.394065139932485e-06,0.0008643992814041595,4.250892763195105e-06,4.629915469851683e-06,122,2026-08-27 00:01:29,0x3a3c4096a6d930ec7f9755ada06a1d414c35998b,48228.40225690061
5,5.0022492340502104e-05,6,22,17,1,7,11,16,4,63,17,4.9085341172524736e-05,4.4281866825334214e-05,5.596391506257906e-05,5.2373261245846626e-05,5.675384918533672e-05,6.08217100451934e-05,2.4562328665378614e-05,4.99964342412246e-05,5.366191766762138e-05,4.97515035513243e-05,6,2026-08-27 10:22:01,0x91fad9dade3fc557a74d46cf85e936f057ddebed,212.4772602215726
0,,0,3,0,0,0,0,0,0,0,0,,2.3269479709768482e-06,3.9009634378707954e-06,,,3.7128953811019177e-06,2.0380981771722015e-06,,2.0380981771722015e-06,,0,2026-08-27 12:26:32,0x49b86bdb28188c801dbb2cf122a2eb5dbf68e915,0.0
0,,0,0,0,0,0,0,0,0,0,0,,2.786222094235389e-06,,,,,2.786222094235389e-06,,2.786222094235389e-06,,0,2026-08-27 16:27:07,0xd683f3afa8231727e9d268d5f5ef3d7271ce1ac4,0.0
491,9.580839482762359e-05,90,65,24,343,11,21,134,148,36,12,4.2456609398380196e-05,3.18233920849628e-05,3.4447932297874064e-05,0.0001112145827981808,3.289436029571793e-05,3.6842773688297176e-05,2.4583832503417773e-05,7.340398113780705e-05,2.0438351631145367e-05,3.676904451770368e-05,54,2026-08-27 16:29:53,0x799b3ed6facae06be0016796ce34ee07b38ac695,5450.838484133443
348,8.931918515188374e-05,63,92,85,168,22,34,17,180,102,100,9.501140258255094e-05,0.00014756402356954376,0.00027612922297440946,7.625918641715743e-05,5.088677133066701e-05,0.0001950323164355516,0.0002115706481102566,0.00010815869371828041,0.00017505663954490267,0.00014380540275566847,34,2026-08-27 17:29:31,0xd29c4ea8a729eb60820f703744ac1fb35baf11cd,6364.6207187020045
621,0.000195756986382486,318,5,116,249,168,619,6,372,15,765,0.00010973939987923777,4.628682487128523e-06,0.00012817230860204376,0.00014383553765354447,0.000379470277800869,0.00043252085588426357,5.411401226933008e-06,0.00025196704474363194,1.0886043347247812e-05,0.00017714756337743553,135,2026-08-27 17:58:25,0x201ebd16f690025705e88d8bbd33b04955f49835,74370.30159665339
489,0.00022490385052352166,354,0,2,202,29,1,0,287,1,9,0.00027074383661738924,2.954822835673394e-06,2.9730307169414557e-06,0.00019754425082469906,9.195998081943749e-05,3.191513659760076e-06,2.9341662965111386e-06,0.00024852360741047506,2.85690303123253e-06,2.859911108226977e-05,106,2026-08-27 20:42:27,0x73dec2699b6f70715b332c61826f23d1f82abc99,51042.7562002694
58,5.538848593480376e-05,40,1,18,34,11,15,16,24,5,24,4.044820313942033e-05,6.920538328046371e-06,2.1023850826215703e-05,5.732831763600042e-05,4.4140590740826916e-05,1.6550078556909034e-05,9.345333553403738e-06,5.3391432721969636e-05,9.324333906243473e-06,2.163578058330058e-05,36,2026-08-27 21:25:39,0x927160ecc6d3aa3e229554116f6fcc4e31153470,3794.9467763662383
7,7.65003173301679e-05,0,0,0,1,0,0,2,6,0,0,0.00010768347984375026,0.0004809441735419758,0.00013288900806150076,5.2722587976034175e-05,0.00013288900806150076,0.0003116240921798711,0.0005938652806943654,7.780489469454744e-05,0.0002527260671266484,0.00013288900806150076,0,2026-08-28 01:20:55,0x238239d8fbec75ebc08aca988447bc1926f615e0,0.0
233,5.756291474150408e-05,68,6,6,136,27,2,0,97,2,95,5.748025369931095e-05,3.2761528872802133e-06,3.321337044119606e-06,6.132152513292631e-05,5.949705745499153e-05,3.278177917426033e-06,3.0819435696719593e-06,5.3270758766120135e-05,3.113612908183433e-06,6.444826427745664e-05,100,2026-08-28 16:12:57,0x3cde30ccb74f2319a4009867d7412629bba94b39,13937.78714028132
0,,0,0,1,0,0,0,0,0,0,0,,4.678409271691576e-06,5.608438691833928e-06,,1.7216319098693486e-05,5.608438691833928e-06,4.678409271691576e-06,,4.678409271691576e-06,8.786511271103628e-06,0,2026-08-28 16:31:40,0x28acb52e46d410d5093edb9dcfaf2434ac24aa9d,0.0
82,4.6420034266151744e-05,34,5,123,44,29,10,3,38,0,199,3.9858085730825945e-05,4.046814392038832e-06,1.6128909796992716e-05,4.074516849022604e-05,5.150308525468358e-05,9.445866868624126e-06,3.8093408331149533e-06,5.244820565928099e-05,3.7072067333848143e-06,0.0001255354800702067,36,2026-08-28 18:31:23,0x6e47de3ee49e99819df21ff1a3a382ce13fe5ade,3841.5473743261323
0,,0,0,0,0,0,0,0,0,0,0,,,,,,,,,,,0,2026-08-28 19:46:51,0x3c1fd98b50b775820a29baa76c34a0fe4d39f4dc,0.0
117,5.1691621024195024e-05,66,8,521,50,84,528,39,67,2,298,5.6773984044833656e-05,4.461135610711273e-06,0.0001348557097642621,6.0957507602775716e-05,7.056092508347159e-05,0.0001479755628431543,4.230759138705856e-06,4.519051907671052e-05,4.117561500888164e-06,0.00011296255726880538,17,2026-08-29 00:03:30,0x2a04969561317ed836ed3ced17dcda1c8abb745d,2300.47150169097
13,4.1782439745023565e-05,21,21,40,6,22,75,33,7,23,18,6.337651039835898e-05,3.204429064032298e-05,8.569857098785191e-05,4.6476920623871984e-05,8.102679356404752e-05,4.3780414608435337e-05,1.683411423310602e-05,4.126701319910783e-05,8.450468225994234e-06,5.0730573047238626e-05,6,2026-08-29 01:08:23,0xfaf26f5359bd021193b0296a04adc5549ede8fd3,45.83791997275265
0,,0,0,0,0,0,0,0,0,0,0,4.3486833133086015e-05,6.098244006469288e-05,6.098244006469288e-05,4.3486833133086015e-05,6.098244006469288e-05,6.098244006469288e-05,5.445060532519547e-06,4.3486833133086015e-05,3.736515162459058e-06,6.098244006469288e-05,1,2026-08-29 09:18:11,0xda6e3afeacb1dca3e0c627c97ca1d6ca7de75f14,2.6220316124109075
28,4.951788701560618e-05,5,14,8,14,10,2,118,14,295,30,5.1365160578927475e-05,1.5294345419340645e-05,3.129622762205803e-05,4.728742124691702e-05,3.4341370194203405e-05,3.7853400206353434e-05,1.6158717845103625e-05,5.066141270870398e-05,9.507376884871609e-05,2.9941818268882072e-05,13,2026-08-29 10:46:26,0xa65c93d8efeabaea079fb0ee4db446d56a3ad916,983.0331873646915
0,,0,0,0,0,0,0,0,0,0,0,,,,,,,,,2.497656672257602e-06,,0,2026-08-29 13:49:00,0x60999f7220ed4c4ecac19c31302648042a4f4956,0.0
1,6.225711677564686e-05,0,0,0,1,4,2,1,0,2,1,6.225711677564686e-05,7.873664576492371e-05,0.0009648089298717483,6.225711677564686e-05,0.0002144323300057459,9.63468071800356e-05,0.0001446327936824419,6.225711677564686e-05,0.0002860912380301444,0.00018141918041980718,0,2026-08-29 13:53:24,0xbb6ee7aa6d56266ccef3b1c0706bccce2f9a0cdd,0.0
1,0.0001266493593765824,0,0,0,1,0,0,1,0,0,0,0.0001266493593765824,5.538578940713537e-06,5.538578940713537e-06,0.0001266493593765824,0.0001266493593765824,5.538578940713537e-06,4.964403219097579e-06,0.0001266493593765824,0.00011335567698650249,7.6613497405438e-06,0,2026-08-29 14:39:17,0xb97e82da4bbcb275859dc8a1f0a930701ef5918d,0.0
0,,0,0,0,0,0,0,0,0,0,0,,0.0002008326102784342,0.0002008326102784342,,,0.0002008326102784342,0.0002008326102784342,,6.471743685375277e-05,0.00019892715509834706,0,2026-08-29 14:51:26,0xaeceda21a8fe3c3a8480743ab05bf906d420a3c1,0.0
261,1.267833522411334e-05,30,0,4,153,5,0,0,108,0,0,1.383901274527848e-05,2.657935387723038e-06,3.1129006257545e-06,1.3411997254477859e-05,3.5415610120207118e-06,3.049183289569042e-06,2.627153686336167e-06,1.1717211318274075e-05,2.623100198970207e-06,3.258898212494842e-06,150,2026-08-29 15:53:27,0x4be59ade3c090de91b37e9ac4f2d564102e7eec4,13912.898946382607
253,8.26438677285125e-06,92,2,156,201,33,20,3,52,2,173,2.1582834619082475e-05,3.1645016347382825e-06,4.815698348382568e-05,8.177282076374079e-06,2.9124431558907758e-05,2.9624216438898125e-05,3.5503501719964416e-06,8.608543310062014e-06,3.2757652124867785e-06,3.080382406530256e-05,145,2026-08-29 18:30:25,0x7bed63692bb0be3f63973c270b102f4910ec8681,18511.655922672067
105,5.085176971984725e-05,103,2,70,57,53,11,0,48,7,51,8.907294580282101e-05,4.783396436209057e-06,5.368177029942793e-05,4.6136049648773354e-05,7.757863523650467e-05,8.495228862001039e-06,4.050906022369275e-06,5.701353235493909e-05,3.894412755135786e-06,7.023978758291627e-05,79,2026-08-29 19:03:23,0x763b6fccff818c1aa650d1065cdf3b3c3212b9b5,10500.540354427845
124,2.863017800288566e-05,64,2,95,77,24,11,2,47,4,44,1.5382460835521855e-05,6.638214938105314e-06,4.3236197729154716e-05,5.2497174480880904e-05,1.7117685416386163e-05,2.2061655431836478e-05,3.6008161646818324e-06,1.8721782917870887e-05,3.277639161404718e-06,1.8815625091747144e-05,16,2026-08-29 20:48:42,0x4efdc10915acc46ed080f5d1fa144be62851a4f8,2877.05183124477
35,3.52442179489655e-05,10,1,57,17,20,134,20,18,3,13,2.9263583475898776e-05,8.450592483379233e-06,1.685627128700367e-05,3.635056018875768e-05,3.670009315659289e-05,6.333534595270351e-05,5.6179136217955005e-06,3.454320151446737e-05,3.964895694310042e-06,2.1733946642402613e-05,26,2026-08-29 23:34:16,0x2affbb255e69ed72a61f5741bc66c3eee97aaf9b,1689.258437207328
0,,0,0,0,0,0,0,0,0,0,9,9.642356242544532e-05,1.88100593443986e-05,1.88100593443986e-05,9.642356242544532e-05,9.642356242544532e-05,1.88100593443986e-05,1.88100593443986e-05,9.642356242544532e-05,1.88100593443986e-05,3.5406620716381383e-05,3,2026-08-29 23:57:31,0xa33a5536cb1da0549aba4f0ad9676372e35b6604,29.18552654332516
0,,1,0,0,0,0,0,0,0,0,0,4.865426934313393e-05,1.957380454225506e-06,4.865426934313393e-05,3.759631631074065e-05,4.865426934313393e-05,4.865426934313393e-05,1.957380454225506e-06,3.759631631074065e-05,1.957380454225506e-06,4.865426934313393e-05,1,2026-08-05 03:51:23,0xdf696153121fdf4719c1868c9b16751c778caaad,0.36876442022800004
3,3.99966354757482e-05,44,25,141,2,2,189,8118,1,3570,11,5.54730841299035e-05,0.0012672952071182454,0.0001446509628500955,3.965087179366957e-05,4.342827466589206e-05,0.0006123377754147607,0.006168124072851401,4.039114381534958e-05,0.00746778441502331,4.170970562053248e-05,3,2026-08-07 14:53:03,0x49bac47750f3dcdba49350b5d74fd399e90f97c6,189.80379000000002
653,7.754699263054366e-05,41,21,69,430,65,22,9,223,21,27,6.193941225717636e-05,1.4108995599434925e-05,4.4125056532223606e-05,8.576672585552256e-05,4.204758028856828e-05,1.593250883255406e-05,1.2674677825242626e-05,6.056539028850627e-05,1.154158985471621e-05,2.829712045333731e-05,88,2026-08-07 21:27:26,0x6b94ebcc1a39fd332efbd03828c6e8c1d55a10df,12967.624293708071
5,3.2988608851519924e-05,7,65,88,1,3,46,54,4,126,14,3.561453536144612e-05,3.598267301146018e-05,5.206230868261544e-05,3.435293090489556e-05,2.9813786953293164e-05,5.331245040463713e-05,3.411698651947401e-05,3.2963872478991705e-05,1.992307638173031e-05,3.511100672349157e-05,5,2026-08-08 06:34:35,0x3acc80544ee35323f996e2338bfa548e8ffa79de,322.403301
52,2.5291318123521807e-05,16,0,0,25,2,0,0,27,3,0,1.8490174863362543e-05,2.4499940976685215e-06,2.6155867911781294e-06,2.8198335799275827e-05,1.531811376759347e-05,2.4768807397230558e-06,2.4497965766096898e-06,2.3704218965300056e-05,2.396298812146364e-06,3.649471411392399e-06,4,2026-08-08 17:45:55,0xb2603a00ec6b2efd4d3f57bf32507bba017a166b,110.46057660000001
1,3.8768783977607915e-05,2,0,0,0,1,0,0,1,0,0,4.2655956295415465e-05,2.0047034323109752e-06,1.922588848841679e-06,,5.813537844652506e-05,1.922588848841679e-06,1.9726051006348074e-06,3.8768783977607915e-05,1.9308617558709835e-06,1.922588848841679e-06,0,2026-08-09 15:06:05,0x0ea899725a391ad66920c8869f0d89d60119d0a2,0.0
0,,1,0,0,0,0,1,0,0,1,0,3.836055652421945e-05,3.77504796435578e-05,3.836055652421945e-05,,3.836055652421945e-05,3.7605853604500624e-05,1.9404025278707364e-06,,1.9724488552141056e-06,3.836055652421945e-05,0,2026-08-10 06:23:50,0x07c75ea54b5297a0f250bf21432de3cd1c84680d,0.0
109,1.47951671316437e-05,0,0,5,34,0,0,1,75,0,0,1.9534811559245538e-06,3.2952596181894722e-06,3.660327848359883e-06,4.286219336397095e-05,1.9485765765964247e-06,3.430376834452467e-06,2.9688811185053153e-06,1.3306402903079119e-05,2.465812223809262e-06,2.644503253937803e-06,45,2026-08-13 18:44:59,0xac078bba1d1aa6c2e88edd5cd5bcf1cde40a2a7a,4132.741948036367
17,3.128961890520118e-05,5,1887,1808,13,46,1697,1456,4,784,207,3.057597334119668e-05,0.002780658010287384,0.0013101480312160602,3.158321949850229e-05,9.637847368409983e-05,0.0016670311405698717,0.0017749731035083711,2.9876362078495272e-05,0.001768010022748158,0.00026771973125067376,12,2026-08-14 03:11:55,0xe0eba1b76b73be7bfa7716b6ca96f724930e2263,1594.4992482604512
0,,0,0,0,0,0,0,0,0,0,0,,6.72232431575212e-06,6.72232431575212e-06,,,6.72232431575212e-06,3.878002935111174e-06,,3.878002935111174e-06,6.72232431575212e-06,0,2026-08-14 18:19:11,0x4301da81db03fb4c34ba838de06362543e979f9e,0.0
116,3.548577078070615e-05,24,23,43,44,9,31,13,72,8,76,2.658800499648442e-05,8.58293032310136e-06,3.108106955644318e-05,4.42750273475713e-05,2.6777068717718254e-05,1.6787482272789867e-05,2.861981039720702e-06,3.0642613597755114e-05,2.475040543630856e-06,1.9715491820267956e-05,37,2026-08-15 01:29:28,0xfb008b0d0a9a3c798005c21424f4d92b434bbe84,3834.079841355611
8,4.606977994230255e-05,3,4,6,1,0,1,5,7,0,1,5.055054814020055e-05,5.8658705983401594e-05,5.803812284236623e-05,4.181146162668603e-05,5.159289012839333e-05,5.0136915675948926e-05,2.421118305552278e-05,4.608477912663323e-05,2.296928887091267e-05,5.239156436487096e-05,4,2026-08-15 07:14:15,0x56279d6a6a4008b644634713563f8f5e32f6e886,193.72718052347759
11,3.57073779859562e-05,4,4,19,5,4,7,22,6,45,9,3.944119687378366e-05,1.98012173421438e-05,1.6636865256696568e-05,3.543217266861282e-05,3.334072817254955e-05,1.876384671025577e-05,2.1336187231148507e-05,3.611245584902333e-05,2.6149817126176608e-05,2.373920574900276e-05,6,2026-08-15 11:20:51,0x8755c1f62cfb0fad7a3dfe6ee00585b594bcc981,89.32352756954116
22,7.281163055960311e-05,45,73,46,10,28,70,90,12,4,151,7.427420618299327e-05,0.00010658298425573726,9.451294980785657e-05,7.152931239367518e-05,7.370508933487809e-05,5.9121894356243624e-05,8.569667411102191e-06,7.49288300166382e-05,2.472102732006485e-06,0.0001422497973530348,131,2026-08-17 01:30:47,0xebf2cf3d544005f77ebc1e7c3568a9565ab5d99c,44899.40038627887
79,0.0002419048414229893,102,1,11,46,374,1,0,33,3,18,0.0002287062854177017,2.4057822212262036e-06,2.9017873712871615e-06,0.0002431200091661175,0.0004996874568105673,2.5457332642217964e-06,2.36097387369515e-06,0.00023991013879212956,2.3030520648401307e-06,3.287023376888453e-06,200,2026-08-18 00:19:28,0x81cccaf385830c5b03986474f5cac8ff026bf5af,151666.36700166922
159,3.671622693829817e-05,673,53,140,74,76,121,26,85,38,131,0.00010399522522127424,1.2032849463591114e-05,6.684057239572049e-05,3.930590591604529e-05,7.412459617226234e-05,5.317838398662913e-05,1.0073640079273453e-05,3.441741877995607e-05,1.2751701737218229e-05,3.7363241961600266e-05,39,2026-08-18 17:44:34,0xf934885ade6b4cf04b7bc8d9692d62cb5c542bdb,4925.264341760893
2,4.556510808098883e-05,0,0,0,1,0,0,0,1,0,0,4.576427691546179e-05,1.972171494121812e-06,1.9523470448002538e-06,4.538880590887325e-05,4.994340340754356e-05,1.9523470448002538e-06,1.9475667109165014e-06,4.623673894494433e-05,1.9475667109165014e-06,1.962617255693833e-06,4,2026-08-18 23:42:43,0x04e508816d00c2621383ba8cb1a8ef72cf0e658a,62.90607371842389
12,4.781167802628116e-05,4,7,2,12,1,5,11,0,241,8,4.519848570663586e-05,5.9098949419999374e-05,4.378293856338476e-05,4.781167802628116e-05,5.3375033977383905e-05,4.270127642566612e-05,5.481023251694071e-05,4.780676210895326e-05,0.00015291885514367447,5.65819337469659e-05,11,2026-08-20 17:18:49,0x663492eab45ed21d6bdd7836efdc1a9cd51ae199,1397.815076810324
387,2.384381235982493e-05,68,14,30,169,22,35,21,218,96,17,1.8458045137612837e-05,1.928511636430289e-05,1.4530705985987428e-05,4.924325971930141e-05,7.505602773311558e-06,4.0714258014448094e-05,1.8897525533338034e-05,1.5712549005141466e-05,3.824859167503617e-05,1.992304693970097e-05,189,2026-08-20 19:32:53,0x15c2027712ce12ea07df7f80deb41d628501cee4,22168.92362369118
37,0.0003103611549178522,30,1149,79,16,43,190,1263,21,490,85,0.00028506753603150045,0.0006173042340815878,0.00039067518892610344,0.0003225971168767055,0.00028330965731265405,0.0004953216857802969,0.0006048535659802404,0.00030018956674144747,0.00015518694365410484,0.00027261577365814864,127,2026-08-22 00:12:04,0xdb99d819e93b06ed83a17c01fed2b7dca5774bbb,211823.7459937033
0,,0,0,0,0,0,0,0,0,0,0,,,,,,,,,,,0,2026-08-22 14:36:10,0xba0a0ece3b36fb5480fba0f5b061c503c9782191,0.0
0,,0,7,0,0,0,16,1,0,0,0,0.0004321920250641125,4.930760314875072e-06,0.00012632537948704215,0.0004321920250641125,0.0004321920250641125,3.019249041004564e-05,8.952770062515597e-06,0.0004321920250641125,5.490505853896982e-08,0.00012632537948704215,1,2026-08-22 14:43:01,0x3da87da52f4722ff078719e8c364d7a0eeb33db0,0.9007501421196457
0,,0,0,0,0,0,0,0,0,0,0,,,,,,,,,,,0,2026-08-22 19:20:34,0xdcbd39806e20c5335ac3d4f92fc854d15c060dd2,0.0
0,,0,0,0,0,0,0,0,0,0,0,,5.711079941997552e-05,1.0552892782938576e-05,,,0.00020058954664480737,5.142131506057668e-06,,3.970341863585063e-06,1.0552892782938576e-05,0,2026-08-22 21:52:06,0x574ed43500379749ea053e14370ebc1d7bd2f147,0.0
0,,0,0,0,0,0,0,0,0,0,0,3.4542438918021457e-06,3.4542438918021457e-06,3.4542438918021457e-06,3.4542438918021457e-06,3.4542438918021457e-06,3.4542438918021457e-06,3.4542438918021457e-06,3.4542438918021457e-06,3.4542438918021457e-06,3.4542438918021457e-06,0,2026-08-24 18:01:35,0xca42d8706a3e9fe880a7046cee99872a93b15313,0.0
31,6.784866847033356e-05,27,1,44,17,7,12,13,14,8,46,7.189371731941102e-05,9.578429355687812e-06,6.514279599675165e-05,6.930502624386864e-05,6.919053097954826e-05,1.7453198238027485e-05,3.052753740634916e-05,6.517474762561124e-05,1.1812055263577534e-05,7.507989305162023e-05,16,2026-08-24 23:00:50,0x33079a27de8ccc494383b2140499496615fae991,2067.798234303937
311,0.00012685583355500246,135,27,29,110,19,351,20,201,96,32,6.855686566191716e-05,3.547885627410319e-05,4.618766008694111e-05,0.00014841855558609367,5.714330770686717e-05,0.00015429922380606444,3.971135731635877e-05,0.00011875094646535157,2.4020009671791556e-05,6.0870927265076854e-05,300,2026-08-25 14:14:06,0x96db3fde2da3e8c4fefaf41ceb3f85934dc7fc20,39403.19957547934
237,1.4305061028832108e-05,14,0,0,98,0,0,0,139,0,2,4.437697886060925e-06,2.5633861994414824e-06,2.6065210188028243e-06,2.3064398333310965e-05,3.4245474950882422e-06,2.6057336644157124e-06,2.5633861994414824e-06,1.039314775098017e-05,2.569050851651348e-06,2.655108143939733e-06,66,2026-08-25 17:11:20,0xb43301f0c9cbe43d8d5e5b7177e5512461b1be0a,5049.4723872358645
12,4.1829651058911924e-05,2,0,13,7,6,49,4,5,1,11,4.016786565458321e-05,3.9753909609278665e-06,1.3959632049027402e-05,4.2746901456672235e-05,4.167689649231492e-05,1.2760235438095133e-05,2.964317243951704e-06,4.086907180142424e-05,2.704898200977587e-06,1.8513527109053217e-05,3,2026-08-26 02:16:25,0x1dc11e2b27ac57ff91ef0a00724b665f7b8839be,51.06938423277698
1,6.169319638505059e-05,2,0,0,0,3,0,0,1,0,18,0.00012103655141185574,6.407728795842119e-05,5.8778469161993216e-05,4.93175628070395e-05,0.00010851966996247906,5.8778469161993216e-05,1.5214169691712432e-05,6.169319638505059e-05,8.515895433402018e-06,5.204361855049604e-05,2,2026-08-26 05:41:29,0xb5edeff92356c86be0ed8f7e345e254eeac26dc0,1.0387251800444348
0,,0,2,0,0,0,0,0,0,0,0,,1.751557038081811e-05,0.00041446789228584283,,4.961956451438544e-05,9.368110044445359e-05,5.556193963561178e-06,,4.9919220406640195e-06,8.19241343933896e-05,0,2026-08-26 08:35:27,0xd93c86d3e04cefe9de66d8021881d2ecb6d8692e,0.0
15,4.1453642593966744e-05,10,146,38,4,8,16,52,11,45,26,3.622482095006586e-05,8.394180798133322e-05,2.6596353894359446e-05,4.532136882620251e-05,1.5617623481379684e-05,2.492532027818073e-05,5.8969837481149355e-05,3.9011858980618774e-05,3.0476323190588713e-05,2.558298687706268e-05,12,2026-08-26 17:25:54,0xeab40f243719b92ebbcb3801efd0548948d0dd7e,548.3547390555161
91,3.2754100046288106e-05,24,49,27,63,35,2,3,28,14,8,3.5834477012029665e-05,1.1141888665296743e-05,2.5902483786870367e-05,2.9570533793594256e-05,5.600470331703702e-05,9.23068486122628e-06,8.189821058690406e-06,3.899424819467151e-05,4.036392032646978e-06,2.833884285303298e-05,28,2026-08-26 17:51:05,0xb0af6a7c1a3b6c1569de38e16c85d87190bc9fdc,2632.164345305342
197,6.998798515888499e-05,69,33,132,72,69,52,27,125,28,73,6.977097435192143e-05,2.1880891467039264e-05,6.218454545484892e-05,5.8308714548699566e-05,3.2732503076426916e-05,2.821579415421884e-05,1.595553125880423e-05,7.832690387401308e-05,9.001560565428539e-06,3.619486241550786e-05,16,2026-08-26 17:56:06,0xebaf52038c6252bbb3398f9b2bee68397538beb1,2422.1801018999995
0,,0,0,0,0,1,0,0,0,0,0,,4.300237411216154e-06,0.00028773208000274164,,7.501994766279898e-05,1.5905679569384053e-05,4.300237411216154e-06,,0.00010248855915748558,0.00028773208000274164,0,2026-08-26 22:02:12,0xe7dfd6fccf92ce405e984a4b70b225b649f8430c,0.0
87,6.39777429428082e-05,86,635,686,36,50,727,253,51,4818,198,0.00010178398006014587,0.0003169686086805312,0.0006931595069017368,6.113466908934552e-05,0.00013160423418677098,0.00043693952919699646,0.00024086372340884106,6.531699381925135e-05,0.0012624523391155656,0.00021454428846654793,17,2026-08-27 14:16:14,0x8cf33e3026604bd85677e7bc6e04d256571b6653,1197.7189677469578
1,0.0001387641177368151,0,0,0,1,1,1,0,0,0,0,0.0001387641177368151,5.265586994919706e-06,3.5753510523003456e-06,0.0001387641177368151,1.2543783005592198e-05,5.265586994919706e-06,3.4653104844235868e-06,0.0001387641177368151,0.0002308395351386239,3.5753510523003456e-06,0,2026-08-27 14:40:23,0xd5aef276d0511cad8c4663c4bdab8dd241e9acd4,0.0
238,1.4655849202536427e-05,37,10,47,183,63,43,5,55,5,49,1.86076225325857e-05,6.523713235483106e-06,3.0272054774526458e-05,1.558914796173197e-05,2.7546127836892914e-05,2.45023552105667e-05,4.974671124984258e-06,1.1519507348102335e-05,3.879821783214328e-06,2.225052404698516e-05,127,2026-08-27 15:59:56,0x5b5977f93bcbaf50caf093525266ca7ae002ed15,11505.029651217785
6,6.075254959717126e-05,0,0,1,3,0,3,4,3,2,0,5.919725821733112e-05,3.156606788121812e-05,4.004326281778306e-05,6.051323253842882e-05,5.944979220442026e-05,4.281943151365266e-05,3.069593227113022e-05,6.109596986538092e-05,3.615056572034145e-05,5.9713273078762716e-05,8,2026-08-27 18:47:04,0x19fe13ea2475fa723defb31791db1ce8fadbbb33,165.3064157932604
0,,0,0,0,0,0,0,0,0,0,0,,,,,,,,,,,0,2026-08-27 19:03:19,0x3e30c2ea5a524a3857f587c81a6a043a710a554a,0.0
1,0.00013694234062556007,7,0,0,1,0,0,0,0,0,0,0.0001674187935777479,5.18573260170954e-06,1.5832954657608472e-05,0.00013694234062556007,0.00021986726955202485,3.07669529472816e-05,5.6949516631783904e-06,0.00013694234062556007,5.6949516631783904e-06,6.55351791511525e-05,6,2026-08-27 19:07:45,0x63182aec7ef76f1ea13b213fd7209c2590477493,13.981780290310512
0,,0,6,268,0,0,7,0,0,0,155,,9.839408986621075e-06,0.00011328469100192119,,,2.317526524860509e-05,5.769970368670491e-06,,8.586386978758385e-06,0.00015435755860862576,0,2026-08-27 19:13:05,0x8b64f27788582f3445d8ecebe74f63fdff5d6bfe,0.0
0,,0,0,0,0,0,13,6,0,17,0,,0.00010771438991228407,3.685517595051466e-05,,,0.00013333027215081921,0.0002605966386048945,,0.0004933195358110046,,0,2026-08-27 23:34:44,0xde3549041c1252675ed83e14ee489b4c1fc9f310,0.0
0,,0,10,19,0,0,22,3,0,157,25,,0.00012740978906848166,0.00025591379421159436,,,0.00018564348522416598,0.00012641052558630083,,0.0004684083833770976,0.00012367177159598288,0,2026-08-28 07:12:39,0x28bff607409535285a5392f0b79516673b6072ac,0.0
191,4.3481342268931465e-05,144,4,38,96,159,10,0,95,0,72,4.76039628514439e-05,4.7225578795098745e-06,6.985230952038452e-06,5.1267507712130003e-05,3.2789233522705493e-05,7.018790933853917e-06,3.3085315707324655e-06,3.567522666942701e-05,3.6224011480220324e-06,1.2357846024199104e-05,203,2026-08-28 15:49:52,0x27b9060445ec544e802b1906c74ab69d8a54cb6d,21330.012985278066
0,,0,0,0,0,0,0,0,0,3,0,3.439425053566078e-05,2.5646219734374057e-06,9.137052013549032e-05,3.439425053566078e-05,5.795040834511314e-05,9.137052013549032e-05,2.5646219734374057e-06,3.439425053566078e-05,3.246206486612306e-05,9.137052013549032e-05,1,2026-08-28 15:53:01,0x207ce752bb8b49375450c01beb468844857bb1ac,1.9491350735884057
0,,0,0,38,0,0,12,0,0,0,0,,1.841519422099674e-05,0.00022822057250759928,,,7.513615865442062e-05,3.0134942050034612e-05,,5.300773882857779e-05,,0,2026-08-28 16:48:07,0xeb462a9215e3fabba3d06062f9b5e9fbf53d5207,0.0
0,,0,61,3,0,5,5,0,0,7,4,,0.00130177733476132,9.278692058953047e-05,,0.000509004408797803,0.0002130431905432972,0.0005698421278600733,,0.0011221732264796694,8.858912993292584e-05,0,2026-08-28 19:16:38,0x20f24b8d2bcad7cd252fc60ee5f2db27c2f2f261,0.0
19,5.4368586367442406e-05,5,0,14,8,4,2,1,11,0,4,5.131223009796809e-05,8.690528797411142e-06,1.3216498493865303e-05,4.714507484921667e-05,6.32100584276058e-05,1.1618661205647063e-05,7.435504096138115e-06,5.5513791313870646e-05,7.23697988716856e-06,3.074125924774883e-05,6,2026-08-28 21:21:46,0xf978c920c4daee349934ffb7a68171859e900ca7,84.90520681428104
14,4.9214381452935326e-05,9,9,43,3,19,8,8,11,36,12,5.2278794019653565e-05,4.684072118337256e-05,8.850953250851205e-05,4.1334596497478027e-05,6.52285912166461e-05,6.578449023841091e-05,2.7226922932813013e-05,4.986607020567483e-05,7.077551162245495e-05,3.169297606019424e-05,13,2026-08-29 12:49:08,0x654be3adbfebbcd1003917f0e22dba02cf017ebd,1018.0150283986192
571,0.00030284070939956087,280,6,7,353,360,3,6,218,4,61,0.00043885198313677547,3.2170984154450196e-06,4.473424759703247e-06,0.0003157364144760869,0.0005117297694409605,3.499771868596391e-06,3.285047679853779e-06,0.0002793427799059818,3.0437898110401705e-06,7.594278132143567e-06,93,2026-08-29 14:54:16,0x41b7e5277148b346250a788e4935fb541ef10599,20676.9992130084
4,2.754669662056954e-06,2,0,0,1,0,0,0,3,0,0,2.631935601932961e-06,2.5316030381957436e-06,2.5316030381957436e-06,0.00010999848158489891,2.620257809189169e-06,2.5316030381957436e-06,2.5316030381957436e-06,2.6869221298438292e-06,2.509291876113157e-06,2.5788165760286507e-06,17,2026-08-29 15:41:55,0x7434e9483164b6c16f28af91e2d97748783ce46e,765.8678414159784
155,5.448997568294074e-05,35,1,5,111,73,0,2,44,0,45,7.928835148216505e-05,3.3616032034613094e-06,4.358068084309246e-06,5.506036533441495e-05,5.103354564123436e-05,3.611503484323001e-06,3.1985417864705303e-06,5.3014787701181406e-05,3.2105837541747653e-06,1.101082312271267e-05,113,2026-08-29 16:29:29,0xf2ba256f668d31e091f32aa9bc3cb854499b05d9,14444.313363568834
69,1.8950569767596727e-05,2,0,0,40,0,0,0,29,0,0,5.095221909177684e-06,2.427227267962363e-06,2.4231334930298333e-06,6.41959721248517e-05,2.4313735939540085e-06,2.4231334930298333e-06,2.420795016379105e-06,1.332849219092408e-05,2.428223273165809e-06,2.4307264197912835e-06,47,2026-08-29 17:07:02,0x6e61b73146f8ce2559e79535e8d3b99da35e4163,7224.731817473829
3,5.656132411877763e-05,0,0,0,3,0,0,0,0,0,0,5.5628905978626664e-05,7.553998796406807e-05,7.553998796406807e-05,5.656132411877763e-05,7.553998796406807e-05,7.553998796406807e-05,7.553998796406807e-05,5.5628905978626664e-05,7.553998796406807e-05,7.553998796406807e-05,0,2026-08-29 17:19:00,0x4b516cf6e96f9ac43207462ea389d820bcfd4dc9,0.0
289,9.097632361034399e-06,76,0,0,186,2,0,0,103,0,0,7.850076387387414e-06,2.03511235150231e-06,2.140867002040558e-06,8.356935423570643e-06,2.19263176850729e-06,2.10085916629393e-06,2.2236212681156575e-06,1.0927749572115066e-05,2.0631995687076026e-06,2.1696878216238088e-06,265,2026-08-29 17:24:58,0xd0a59a61f37041fe450e55527dc58cf296491409,25769.176851850258
35,4.599741910478894e-05,34,12,39,21,23,35,1,14,1,45,2.4282061271038064e-05,1.0284037084635662e-05,5.059556608969323e-05,4.244063130527716e-05,1.9800252027153453e-05,3.634230363113853e-05,3.396635655481754e-06,5.0152777450161016e-05,2.802263157779561e-06,6.898515668175235e-05,9,2026-08-29 17:42:28,0xd521143bb1c7a0233b35ceb01b59118ae90b8f95,1232.0747244168026
0,,0,0,0,0,0,0,0,0,0,0,,4.6924094187858876e-06,4.6924094187858876e-06,,,4.6924094187858876e-06,4.6924094187858876e-06,,4.6924094187858876e-06,4.6924094187858876e-06,0,2026-08-29 18:02:11,0x6f87c239d025f0ff258583473ba9501619568708,0.0
2,5.5820416834309464e-05,0,0,0,0,0,0,0,2,1,0,6.87431841119907e-05,0.0003408377871788473,8.090870060693269e-05,,8.090870060693269e-05,8.090870060693269e-05,4.921501274278032e-05,5.5820416834309464e-05,2.1810348277557215e-05,8.090870060693269e-05,0,2026-08-29 22:53:38,0xff89d5ca203f5665002e44b34e36299ca343c49b,0.0
2,3.4411816086028e-05,5,55,3,2,5,2,24,0,538,9,3.288961019783328e-05,6.677608126653401e-05,3.586136269164382e-05,3.4411816086028e-05,4.2076833451286124e-05,1.1714029032152841e-05,1.996423065302633e-05,3.387450269706916e-05,6.19917137336193e-05,4.79875159796441e-05,24,2026-08-06 16:25:33,0x03a6ddb5cbcef1deed48b809de3520ebbe39a331,1762.70488416
1,3.875427391494351e-05,0,1,37,1,0,341,1,0,1,0,3.724159977163595e-05,2.132816529210014e-06,5.606432842872687e-05,3.875427391494351e-05,3.724159977163595e-05,7.049985520151277e-05,3.331467713702766e-06,3.875427391494351e-05,2.5213109370543165e-06,3.681104846212581e-05,0,2026-08-08 16:22:38,0x80a194e91f04b31bfd51b4923b5fb1766b0b19c3,0.0
11,2.70340527646562e-05,4,1534,7,9,3,26,46,2,615,9,2.7347704959227093e-05,5.687417586089757e-05,4.4422109051553496e-05,2.7039403966779783e-05,3.909335879360509e-05,4.8198282110333956e-05,3.058948433701158e-05,2.6924869129325924e-05,0.00027496737188242593,3.664715189814071e-05,2,2026-08-11 02:14:25,0x5ba31b25a1aa4b85d4402894602edd3f9c8e3d7a,66.46896446840898
42,4.8272488422129674e-05,5,1,1,2,12,13,0,40,0,0,3.458705169794791e-05,1.9834607144753457e-06,7.0857832689830875e-06,3.832892811099435e-05,1.4506263429147073e-05,3.136988627555894e-06,1.9946184279374346e-06,5.016775090702264e-05,1.9735639139087112e-06,8.294942884862678e-06,3,2026-08-12 20:32:51,0x12456543046a525436f205e1ef02a3aaad800778,21.351026354871237
11,3.759438334928726e-05,3,2,19,7,3,27,0,4,36,7,3.6523652253163016e-05,2.4409782188341268e-05,5.4697707137049445e-05,3.8872760653371565e-05,4.5092793414676835e-05,3.070480747999745e-05,1.54404727057694e-05,3.6375500886103376e-05,1.2672876836688369e-05,5.6299306097720444e-05,2,2026-08-13 13:22:59,0x87cfc1d0d4900d04c86e1f6ee2c63d4202c199fc,20.938253299529073
47,4.499296604203785e-05,25,7,34,18,63,71,1,29,1,25,4.4812797271140916e-05,3.8857587156975346e-06,3.4681972813907983e-05,4.0390994081108884e-05,3.144481404342467e-05,2.2431424246349628e-05,2.777855318000469e-06,4.687327121654118e-05,2.411862060769827e-06,1.9191763515516683e-05,7,2026-08-15 10:00:51,0x948163840bfd4e33223ea6121dd5d8063a59c491,530.815255753608
163,5.8172705602605056e-05,30,3,71,87,29,11,3,76,11,29,8.104303278716716e-05,1.2597762128861758e-05,2.0785997997595434e-05,5.363882136058634e-05,8.880567042966987e-05,1.3551112955900882e-05,8.523310415942174e-06,6.691108444887138e-05,7.863204308589031e-06,5.7480168765844134e-06,160,2026-08-15 23:07:29,0x0572a616bdb7187fceb118a89222d0e750dcd4fe,16299.546585446586
0,,0,0,0,0,1,0,0,0,0,0,1.3233800979390993e-05,5.600786231633223e-05,5.600786231633223e-05,1.3233800979390993e-05,5.600786231633223e-05,5.600786231633223e-05,5.600786231633223e-05,1.3233800979390993e-05,5.600786231633223e-05,5.600786231633223e-05,1,2026-08-17 11:53:09,0xbd24b0de6e84aeda979494a9f842ae7226d31d13,0.5557610963618115
117,2.8400648796786457e-05,171,0,7,35,172,4,2,82,1,61,4.7076292334926395e-05,3.5221910263131656e-06,3.908172186330109e-06,2.4997182960514975e-05,9.378890422007977e-05,3.828986568058084e-06,2.4815103120256062e-06,3.0147064689193358e-05,2.6913645810666225e-06,8.376931750952388e-06,42,2026-08-18 22:34:37,0x8da9323e9e0872b77b9a6da6fac278bb5da561dd,2389.8651733490847
70,4.8329367560639366e-05,20,29,64,35,29,75,13,35,11,174,3.7665189574050494e-05,1.2352163339864608e-05,5.0248573733793626e-05,5.556079428000577e-05,2.628640503778289e-05,2.3687901349779955e-05,5.835110559467802e-06,4.123380343542084e-05,4.694373042128611e-06,8.714780417771918e-05,22,2026-08-19 18:31:36,0x242b83f166332f2a53c47d40cf8294a10ded5486,2359.4368606200796
35,3.961909532975557e-05,5,42,20,14,3,12,42,21,88,10,3.8443425892994615e-05,3.5246989731394986e-05,2.859314379856493e-05,4.089047904870025e-05,3.629456507143814e-05,2.7616338102205132e-05,1.8101726118020713e-05,3.917656016861242e-05,3.100650156131871e-05,3.1564588075602556e-05,18,2026-08-20 09:32:40,0x14641000a501bdc736116abf84e6fcea9b90a713,1554.6353991733279
0,,0,0,0,0,0,0,0,0,0,22,2.657714070847679e-06,2.468288126558264e-06,2.396627109793542e-06,2.657714070847679e-06,2.5311143609432404e-06,2.396627109793542e-06,2.468288126558264e-06,2.657714070847679e-06,2.468288126558264e-06,7.2141504479754624e-06,3,2026-08-21 00:15:45,0xdfb4b6624e592f3149adbe328b95560fcf0541c6,72.79230021867238
28,6.380774858583211e-05,6,0,10,17,21,10,6,11,0,9,4.57239044428484e-05,1.5823050769857662e-05,2.9799983698698924e-05,7.025196743133987e-05,2.241888235275584e-05,3.1040051880281925e-05,1.1239918759023798e-05,5.796326457624597e-05,9.128693428931193e-06,2.572596758678942e-05,18,2026-08-21 04:04:44,0x25fe7e8d6426380bf5fbb3ad6ab8ce5e4ab60e23,4104.970544465705
44,1.9412225329994646e-05,10,26,32,18,10,87,271,26,130,7,2.3908872199698972e-05,5.982260086341215e-05,3.7888775292151876e-05,1.974191980519409e-05,2.9834915180511614e-05,4.9309652046946817e-05,0.0001303042862802746,1.9052448864072914e-05,7.676055863666032e-05,2.2031745549150553e-05,31,2026-08-22 19:01:56,0x05a05fbaadcd3ee7b934c3e3a9540a9d85db9956,3298.2400937867487
2,7.341304294499874e-05,0,0,0,2,0,0,0,0,0,0,7.616325944014227e-05,4.844273658385919e-06,0.00016928471223337833,7.341304294499874e-05,7.616325944014227e-05,0.00016928471223337833,5.259749291992282e-06,7.616325944014227e-05,2.559157038176693e-06,3.157004478489528e-06,0,2026-08-22 19:08:47,0x923cb12e5591a90a9329781f105f613f6f40517d,0.0
944,5.0375431290394414e-05,87,0,5,632,27,0,1,312,0,9,2.0505329550837124e-05,3.0959848455312502e-06,4.210643439391754e-06,9.997624673645247e-05,1.0770450745997856e-05,3.4603469479420348e-06,2.9296938013213477e-06,1.7855503613820098e-05,3.0023294532886325e-06,6.731977266374422e-06,451,2026-08-22 19:19:12,0x2976bc9e9466c0998f7b71243303a6163ecfafd0,85852.03518748339
0,,0,0,0,0,0,0,0,0,0,0,,3.1306411287967398e-06,6.0553209566766326e-05,,1.4211028234252979e-05,1.315876077591685e-05,3.1306411287967398e-06,,3.1306411287967398e-06,1.4211028234252979e-05,0,2026-08-24 16:25:42,0x61b523bf750c3188a82c150a560d33d02a1e3ba6,0.0
160,5.471175637089179e-05,88,186,481,59,100,100,31,101,136,901,6.674537959497039e-05,0.0001509806125753839,0.00025277416989781206,5.3840393113185734e-05,0.0001292998560006269,0.00011450703909772891,2.9656708039527343e-05,5.5395418801286017e-05,3.0678273718851424e-05,0.00042594551249775057,81,2026-08-24 20:34:19,0x046520b38565664951348ef41bde45c18b93eeb3,9487.069433498027
0,,2,2,0,0,1,0,0,0,0,0,2.5905366661478293e-05,2.0054833793510216e-05,9.430414122896632e-05,,2.390378997716267e-05,9.430414122896632e-05,1.842397094069689e-05,,9.048289248742122e-06,2.390378997716267e-05,0,2026-08-25 17:59:44,0x2cc94c509150cc4943a5fdf5c5eabbb0907ce701,0.0
154,5.9727263290211586e-05,59,4,48,99,46,49,2,55,5,95,6.642413369494399e-05,4.9056083713790964e-06,3.183044171903299e-05,5.647119865689473e-05,9.420802135425988e-05,3.114042120985261e-05,3.5699434660659934e-06,6.692254415284788e-05,2.979984031744654e-06,1.3836695205697945e-05,27,2026-08-25 21:13:32,0x8724fde06d739853bff2bf4222bf38959b1f083c,2371.1590470789333
568,9.917367466532897e-05,155,83,246,231,170,108,98,337,65,224,0.00013041512975651732,9.16033470924436e-05,0.00014478761626741466,9.064867517409916e-05,0.0001744072595259074,0.00013551526160619166,5.268685716507762e-05,0.00010827253594703626,3.3764707188133415e-05,0.00010311068296743569,182,2026-08-26 03:30:16,0x594d9c6a9352fe304ba00ec18146252601b1cb07,19610.71652834186
274,7.528276286590357e-05,124,65,771,126,81,203,86,148,132,98,0.00011032980911945516,0.0001214653468325059,0.0003238095339481218,6.683796414701433e-05,6.948711749533747e-05,0.00014436585261172239,6.05026789129364e-05,8.317912297334602e-05,5.5901534271329264e-05,0.00012138853821952876,53,2026-08-26 12:06:50,0x96a0242915bece0119b3760d22b8b65f9545bdbc,8051.986624624991
7,4.751369767724723e-05,11,235,12,4,70,27,277,3,273,31,5.1988417403333554e-05,0.0001927437426126788,3.7363720988222176e-05,4.5567282921475757e-05,8.67221236627017e-05,9.338406062043269e-05,0.0005432966148057396,4.88918578142853e-05,0.00020445170677239695,6.692763617225076e-05,6,2026-08-26 16:47:34,0x9588c5a8810b9d3ba89904c7fb9c5f0a8cb3efdb,187.25133685695334
61,5.352743541817925e-05,27,35,27,31,14,42,32,30,20,41,4.1449269714493e-05,1.044304202918075e-05,5.5159600675676427e-05,5.242560280046604e-05,4.395121663842122e-05,5.3064704525216065e-05,9.31333428905362e-06,5.429616743210987e-05,6.013057957620027e-06,3.762725146439122e-05,25,2026-08-26 18:12:23,0x267dda9873b03252b519e3f9e8ca54460ef426a2,3069.7908299401815
0,,0,0,0,0,0,0,0,0,0,0,,,,,,,,,,,0,2026-08-26 19:23:59,0x081948d7faa1ddcbb572f8bd4e77841a0a1fbd1c,0.0
0,,0,0,0,0,0,0,0,0,0,0,6.043111219779499e-05,1.5575785999981307e-05,0.00015559506354627956,6.043111219779499e-05,7.895506931803487e-06,0.00011643661443777565,0.00018878699317443013,6.043111219779499e-05,0.0003787549591925595,6.896697465190768e-06,2,2026-08-26 20:06:55,0x51e43478ae0edcced92c057bdcaf6eca8ea7e059,8.110273129452509
119,1.6145223044266408e-05,38,0,4,79,11,1,0,40,0,9,1.4327268237146138e-05,3.069052761765296e-06,3.3578212241672367e-06,1.5995597462373048e-05,1.8020616350727712e-05,3.1550911071953577e-06,3.1579334054066413e-06,1.6635596251832886e-05,3.1467472561268823e-06,1.6367187832231442e-05,71,2026-08-26 20:17:30,0x87b6e1ca31f47b0e90e5a0799228023003a1532f,4911.182449625457
7,5.614081283279036e-05,18,8,18,5,15,4,12,2,123,5,6.107713090365032e-05,3.801646247852613e-05,3.951486005021324e-05,5.741368636227458e-05,7.613264433342385e-05,3.552588883315217e-05,5.174683820681979e-05,5.452268870103096e-05,6.417298117442793e-05,4.22325761530568e-05,15,2026-08-26 20:56:36,0xeaa04b1fda0702e21f08dcf7bd1137548f43b4d2,1531.8601937029462
120,4.890151490340701e-05,62,96,53,49,56,146,315,71,76,23,3.794727079931957e-05,4.502409605096843e-05,4.4402696042529765e-05,4.899625569882999e-05,3.1059497234177323e-05,7.188009568479515e-05,8.196072119947656e-05,4.881534819630878e-05,5.1845913983883276e-05,3.5881607771626034e-05,66,2026-08-27 00:54:33,0x65ec40f99cde6d4c16c5e159477e782286caa20c,7491.460921233316
3,4.937920275109337e-05,7,0,13,0,0,11,0,3,0,2,0.0005187923397997402,0.00020047417341690726,0.00011427866170002453,,0.0005017497778254092,0.0001541952584578282,0.00572931374019825,4.937920275109337e-05,0.00572931374019825,0.00010726661103163795,0,2026-08-27 11:04:22,0x92663c3b9f7a27d736a67fd10df5416c5dd5625a,0.0
281,6.047084992698381e-05,52,2,3,193,51,2,0,88,1,3,3.6803569108792894e-05,2.8887952586289407e-06,2.9073757657828206e-06,6.170236336781701e-05,2.8975689296233484e-05,3.100458464993236e-06,2.818650120122724e-06,5.6933419664960164e-05,2.9860318207498627e-06,3.999074247643347e-06,52,2026-08-27 13:06:35,0xb561b7f7900b613012519fa718b54c8e9bc809e7,7275.752920703336
71,4.816411796371613e-05,33,1,21,33,26,11,1,38,1,111,3.3109119856408345e-05,4.2249015161210046e-06,1.7440666843173026e-05,4.9112075847375066e-05,1.6585077500269953e-05,6.7914719917834375e-06,3.9234161817119055e-06,4.742388582645747e-05,3.4381123808725276e-06,2.95293893675707e-05,24,2026-08-27 14:55:24,0x3a1db41deba4c364cac47773ea62e914e38a81f3,1253.7123458079889
132,4.61503870835965e-05,86,2,70,68,12,50,0,64,2,21,1.981744883779824e-05,4.220907420230815e-06,4.3457397876192626e-05,5.574514680491497e-05,1.915446566505062e-05,1.4510377635353816e-05,4.143447085235517e-06,3.915954038493473e-05,3.5629418279016115e-06,2.8273906925317108e-05,43,2026-08-27 17:26:14,0x53f4a23a1b1c794a74e34c97756c6c96c53ed885,4617.524996714401
18,6.507323663842284e-05,14,32,90,9,14,23,21,9,24,24,5.717921988294712e-05,7.995523781869685e-05,0.00010737839673963489,6.268618911987101e-05,5.566020168411877e-05,9.16124506562291e-05,5.843878272030279e-05,6.861159716167212e-05,2.3327377557871268e-05,8.766212280305278e-05,6,2026-08-27 17:30:55,0x56384b22e988dc25260671f2b98dacca3f009a60,231.74992462159364
1,2.0746597208481243e-05,0,0,0,0,0,0,0,1,0,0,1.4264960101686758e-05,2.6643260575123063e-06,2.7702357918606906e-06,,1.4264960101686758e-05,2.6643260575123063e-06,2.6643260575123063e-06,2.0746597208481243e-05,2.6643260575123063e-06,4.8079627349274605e-06,0,2026-08-27 19:03:21,0xa3f97c7cfcf820ee0ee3a1ef102ae1308e6f5ee4,0.0
417,0.00022408380441350282,73,0,0,208,67,1,0,209,1,271,0.00027900516000459034,3.0187363578534696e-06,2.8877661814383016e-06,0.00019486341000365904,0.0002545767649513214,3.4139267443267435e-06,2.593148439832549e-06,0.00028168477241847183,2.570908400865544e-06,0.0001086203565491864,122,2026-08-28 14:08:01,0xac25e76e280c826977d71857a28fb244295bc8f5,28943.902468631528
0,,0,0,0,0,0,0,0,0,0,0,,3.0982399657828745e-05,5.72696053977886e-06,,2.4574849223770493e-05,5.72696053977886e-06,3.0982399657828745e-05,,3.0982399657828745e-05,4.991543769342221e-06,0,2026-08-28 15:17:15,0x060572f0b470c1e973421fa892bed33ab0a55ea7,0.0
147,6.670088866174057e-05,51,1,29,80,10,1,3,67,1,18,4.061944031202596e-05,3.4441292878627672e-06,2.158473417634529e-05,6.582240086010917e-05,3.25942232508514e-05,3.399642850434384e-06,3.0741932688546256e-06,6.756845778358732e-05,2.9047309922114907e-06,3.3108270832812064e-05,82,2026-08-28 17:08:35,0x85311df04fa3b841619edb5d4bf80098ecd594e9,9288.701134266194
111,3.0271855155627702e-05,25,876,69,63,29,551,2242,48,1074,146,3.0055503749116344e-05,0.0009490270797789427,6.156728998637584e-05,2.9357838400449472e-05,5.972426580502738e-05,0.00011020275544112186,0.0021790012976897824,3.197771852224541e-05,0.0005697104814646884,5.672134393965935e-05,43,2026-08-28 17:43:27,0x27e9d5067596132936427ee311f05b339a50eba6,4359.564899644935
130,5.876232002926169e-05,50,1,2,74,165,0,0,56,2,4,5.100813143696852e-05,2.8017698385070272e-06,2.9562787854095523e-06,5.763675362690225e-05,3.880317796433309e-05,2.8916386226472705e-06,2.8800471933682128e-06,6.0702300891442434e-05,2.5523420892673352e-06,4.103103434773011e-06,65,2026-08-28 19:24:09,0xc07b15ca2680ab00af24d735553cc54be6767814,5641.5085175612585
0,,0,0,0,0,0,0,0,0,0,0,,,,,,,,,,,0,2026-08-28 19:40:31,0xcf3dd32fd08b19dfc496f78aa4e27eb4c36e1778,0.0
0,,0,0,0,0,0,0,0,0,0,0,,7.648319610992947e-06,0.0001642764382138525,,4.679769101826781e-05,0.0001642764382138525,7.987018022647551e-06,,4.642936506527936e-06,5.262945881218424e-05,0,2026-08-28 20:04:21,0x1cb1f7a77606bf047a3936b6804d6e39e4e71f5f,0.0
254,2.7667134828244528e-05,42,1,4,141,37,0,0,113,0,8,1.7911524912468084e-05,2.9485066846381774e-06,3.2319156772990326e-06,3.138961780544403e-05,6.8803932627116175e-06,3.853457488126921e-06,2.908146945011258e-06,2.2849315899254683e-05,2.77030389930201e-06,3.619653759769807e-06,68,2026-08-29 04:17:26,0x83744931bd66404bdb7f25493adc1eb5450cb554,9416.638574426686
1,9.561156072900075e-05,0,0,11,1,2,2,1,0,1,0,9.561156072900075e-05,5.954811534578462e-06,3.3813690560903866e-05,9.561156072900075e-05,0.0001404667089462827,9.842312578235151e-06,6.88944144421279e-06,9.561156072900075e-05,1.1080498279059932e-05,0.0002744713113606754,0,2026-08-29 04:50:19,0x3336cd6fa0e6038f3063d5154381f30a01899242,0.0
1,5.040583306125669e-05,1,5,7,0,0,11,8,1,0,125,0.00017184949897849336,5.149165495889634e-05,0.00010750661918374151,0.00014993271812012432,0.0002452838960798061,0.00014881019873646406,3.6812412884673336e-05,5.040583306125669e-05,1.9994251290511713e-05,0.00022163977329633092,2,2026-08-29 08:56:52,0x352f851bf2e6af31d81a40df23aebf1b8bc7628b,9.742467397403
0,,0,0,0,0,0,0,0,0,0,0,,,,,,,,,,,0,2026-08-29 10:44:55,0x43ffd16adf3cede980cd4b53f8cd42faaa62908e,0.0
0,,0,0,0,0,0,0,0,0,0,0,,,,,,,,,,,0,2026-08-29 14:08:48,0xf6e4f7945bba125c36f4f42ae904dd6cc129cf2a,0.0
2574,0.00022529989031947557,572,18,113,984,371,54,11,1590,65,269,0.0003345709151570696,2.7158506064192735e-05,0.0001242495783943836,0.0001571429497111514,0.0002366957521120394,8.201287308689343e-05,2.398857539581329e-05,0.0002926989718693245,2.289566613270949e-05,0.00040023745895885146,348,2026-08-29 15:37:23,0xaa5e9acfec9b49ca3b414157d9f11da8d33cc94e,42377.43157276857
968,3.89820559447573e-05,235,0,0,407,15,0,0,561,0,1,1.0508909801974262e-05,2.5553346550562815e-06,3.315472053197478e-06,2.9214660383280654e-05,3.7716409483792487e-06,2.6270778068728484e-06,2.2285676163512552e-06,5.12429737626204e-05,2.216105395979611e-06,2.8212168460601555e-06,247,2026-08-29 17:25:30,0xe646f78bbd4ffb656ef8800a2c77b1b658babdaf,31808.29501901905
496,3.341362906397281e-05,38,0,14,385,51,10,0,111,1,66,3.470703756201528e-05,4.3673245307250335e-06,2.7174946144079358e-05,3.553686809010892e-05,6.912282511827734e-05,5.69906687955388e-06,4.141930911036933e-06,2.8136132941652244e-05,4.220686155377183e-06,5.078570255722105e-05,149,2026-08-29 17:29:49,0xd23a67fd3193c3f5d8c04ed254868dcbd5c3050d,14913.087214689886
10,5.7259202286342166e-05,5,34,2,8,3,16,42,2,105,4,6.426524279648662e-05,9.599404389594419e-05,8.483891521855238e-05,5.689296649788716e-05,5.663178705619941e-05,9.030039993053503e-05,8.994090104796098e-05,5.79587243585967e-05,0.00017326247659814418,7.072756358696554e-05,5,2026-08-29 17:42:52,0x15ed9ae7f55b832988df1b6745afe209f380b5ff,567.0156833052387
81,6.338728653644715e-05,44,29,16,56,21,12,301,25,90,14,5.69681655265423e-05,4.4997907703501606e-05,3.736873681845039e-05,6.281686892756272e-05,4.730039944457707e-05,2.017623278521005e-05,0.0002214825371771017,6.518021362813521e-05,0.00014964683096109623,3.5730981015849926e-05,22,2026-08-29 19:27:00,0xe5661e2b2161ba993e4b02764e8be056498ae9fe,1729.456411812443
0,,0,0,4,0,1,10,0,0,2,2,,6.372463154192699e-06,3.3849979475407635e-05,,4.9268746420641546e-05,1.1895371208150034e-05,3.833766883178322e-06,,1.1392477935520884e-05,0.00010909872374092448,0,2026-08-29 21:02:05,0x34c365c74adf4615f8d518cb5794db8aa970e37c,0.0
308,7.281068231035862e-05,98,14,22,215,41,5,2,93,0,7,9.30655494527095e-05,1.0728127159445918e-05,1.370998159153679e-05,7.06846629127107e-05,3.790870472421217e-05,1.5649234787314816e-05,4.2334417054702566e-06,7.932418116642453e-05,3.6298272331956553e-06,8.438246785657947e-06,208,2026-08-29 22:10:02,0x0c33f69bbab21ae93cd97ba1e5ada833e709a3d2,27080.5716341551
